# Blender 4.5.1 LTS
# www.blender.org
mtllib acMetanoico.mtl
o acMetanoico
v -0.419200 0.355731 -0.237090
v -0.419200 0.291690 -0.301131
v -0.419200 0.175400 -0.370832
v -0.419200 0.132712 -0.386106
v -0.419200 0.088732 -0.397123
v -0.419200 0.043884 -0.403775
v -0.419200 -0.046684 -0.403775
v -0.419200 -0.091532 -0.397123
v -0.419200 -0.219185 -0.351448
v -0.419200 -0.258073 -0.328139
v -0.419200 -0.294490 -0.301131
v -0.419200 -0.358531 -0.237090
v -0.419200 -0.385539 -0.200673
v -0.419200 -0.408848 -0.161785
v -0.419200 -0.454523 -0.034132
v -0.419200 -0.461175 0.010716
v -0.410366 0.458375 0.011586
v -0.401616 0.451723 -0.032400
v -0.393036 0.440706 -0.075535
v -0.384708 0.425432 -0.117403
v -0.376712 0.406048 -0.157601
v -0.369126 0.382739 -0.195742
v -0.362021 0.355731 -0.231458
v -0.355467 0.325283 -0.264406
v -0.349527 0.291690 -0.294269
v -0.344258 0.255273 -0.320758
v -0.339711 0.216385 -0.343619
v -0.335929 0.175400 -0.362631
v -0.332949 0.132712 -0.377611
v -0.330800 0.088732 -0.388416
v -0.329502 0.043884 -0.394941
v -0.329068 -0.001400 -0.397123
v -0.329502 -0.046684 -0.394941
v -0.330800 -0.091532 -0.388416
v -0.332949 -0.135512 -0.377611
v -0.335929 -0.178200 -0.362631
v -0.339711 -0.219185 -0.343619
v -0.344258 -0.258073 -0.320758
v -0.349527 -0.294490 -0.294269
v -0.355467 -0.328083 -0.264406
v -0.362021 -0.358531 -0.231458
v -0.369126 -0.385539 -0.195742
v -0.376712 -0.408848 -0.157601
v -0.384708 -0.428232 -0.117403
v -0.393036 -0.443506 -0.075535
v -0.401616 -0.454523 -0.032400
v -0.410366 -0.461175 0.011586
v -0.401871 0.458375 0.014163
v -0.384708 0.451723 -0.027271
v -0.367878 0.440706 -0.067903
v -0.351542 0.425432 -0.107342
v -0.335857 0.406048 -0.145207
v -0.320975 0.382739 -0.181135
v -0.307039 0.355731 -0.214780
v -0.294184 0.325283 -0.245816
v -0.282532 0.291690 -0.273946
v -0.272196 0.255273 -0.298898
v -0.263277 0.216385 -0.320432
v -0.255858 0.175400 -0.338342
v -0.250013 0.132712 -0.352453
v -0.245797 0.088732 -0.362631
v -0.243252 0.043884 -0.368777
v -0.242400 -0.001400 -0.370832
v -0.243252 -0.046684 -0.368777
v -0.245797 -0.091532 -0.362631
v -0.250013 -0.135512 -0.352453
v -0.255858 -0.178200 -0.338342
v -0.263277 -0.219185 -0.320432
v -0.272196 -0.258073 -0.298898
v -0.282532 -0.294490 -0.273946
v -0.294184 -0.328083 -0.245816
v -0.307039 -0.358531 -0.214780
v -0.320975 -0.385539 -0.181135
v -0.335857 -0.408848 -0.145207
v -0.351542 -0.428232 -0.107342
v -0.367878 -0.443506 -0.067903
v -0.384708 -0.454523 -0.027271
v -0.401871 -0.461175 0.014163
v -0.394042 0.458375 0.018348
v -0.369126 0.451723 -0.018942
v -0.344692 0.440706 -0.055510
v -0.320975 0.425432 -0.091004
v -0.298205 0.406048 -0.125082
v -0.276600 0.382739 -0.157416
v -0.256368 0.355731 -0.187695
v -0.237704 0.325283 -0.215627
v -0.220789 0.291690 -0.240943
v -0.205784 0.255273 -0.263400
v -0.192834 0.216385 -0.282780
v -0.182065 0.175400 -0.298898
v -0.173579 0.132712 -0.311598
v -0.167458 0.088732 -0.320758
v -0.163763 0.043884 -0.326289
v -0.162527 -0.001400 -0.328139
v -0.163763 -0.046684 -0.326289
v -0.167458 -0.091532 -0.320758
v -0.173579 -0.135512 -0.311598
v -0.182065 -0.178200 -0.298898
v -0.192834 -0.219185 -0.282780
v -0.205784 -0.258073 -0.263400
v -0.220789 -0.294490 -0.240943
v -0.237704 -0.328083 -0.215627
v -0.256368 -0.358531 -0.187695
v -0.276600 -0.385539 -0.157416
v -0.298205 -0.408848 -0.125082
v -0.320975 -0.428232 -0.091004
v -0.344692 -0.443506 -0.055510
v -0.369126 -0.454523 -0.018942
v -0.394042 -0.461175 0.018348
v -0.387179 0.458375 0.023979
v -0.355467 0.451723 -0.007733
v -0.324369 0.440706 -0.038831
v -0.294184 0.425432 -0.069016
v -0.265203 0.406048 -0.097997
v -0.237705 0.382739 -0.125495
v -0.211954 0.355731 -0.151246
v -0.188200 0.325283 -0.175000
v -0.166670 0.291690 -0.196530
v -0.147573 0.255273 -0.215627
v -0.131091 0.216385 -0.232109
v -0.117384 0.175400 -0.245816
v -0.106584 0.132712 -0.256616
v -0.098794 0.088732 -0.264406
v -0.094090 0.043884 -0.269110
v -0.092517 -0.001400 -0.270683
v -0.094090 -0.046684 -0.269110
v -0.098794 -0.091532 -0.264406
v -0.106584 -0.135512 -0.256616
v -0.117384 -0.178200 -0.245816
v -0.131091 -0.219185 -0.232109
v -0.147573 -0.258073 -0.215627
v -0.166670 -0.294490 -0.196530
v -0.188200 -0.328083 -0.175000
v -0.211954 -0.358531 -0.151246
v -0.237705 -0.385539 -0.125495
v -0.265203 -0.408848 -0.097997
v -0.294184 -0.428232 -0.069016
v -0.324369 -0.443506 -0.038831
v -0.355467 -0.454523 -0.007733
v -0.387179 -0.461175 0.023979
v -0.381548 0.458375 0.030842
v -0.344258 0.451723 0.005926
v -0.307690 0.440706 -0.018508
v -0.272196 0.425432 -0.042225
v -0.238118 0.406048 -0.064995
v -0.205784 0.382739 -0.086600
v -0.175505 0.355731 -0.106832
v -0.147573 0.325283 -0.125496
v -0.122257 0.291690 -0.142411
v -0.099800 0.255273 -0.157416
v -0.080420 0.216385 -0.170366
v -0.064302 0.175400 -0.181135
v -0.051602 0.132712 -0.189621
v -0.042442 0.088732 -0.195741
v -0.036911 0.043884 -0.199437
v -0.035061 -0.001400 -0.200673
v -0.036911 -0.046684 -0.199437
v -0.042442 -0.091532 -0.195741
v -0.051602 -0.135512 -0.189621
v -0.064302 -0.178200 -0.181135
v -0.080420 -0.219185 -0.170366
v -0.099800 -0.258073 -0.157416
v -0.122257 -0.294490 -0.142411
v -0.147573 -0.328083 -0.125496
v -0.175505 -0.358531 -0.106832
v -0.205784 -0.385539 -0.086600
v -0.238118 -0.408848 -0.064995
v -0.272196 -0.428232 -0.042225
v -0.307690 -0.443506 -0.018508
v -0.344258 -0.454523 0.005926
v -0.381548 -0.461175 0.030842
v -0.377363 0.458375 0.038671
v -0.335929 0.451723 0.021508
v -0.295297 0.440706 0.004678
v -0.255858 0.425432 -0.011658
v -0.217993 0.406048 -0.027343
v -0.182065 0.382739 -0.042225
v -0.148420 0.355731 -0.056161
v -0.117384 0.325283 -0.069016
v -0.089254 0.291690 -0.080668
v -0.064302 0.255273 -0.091004
v -0.042768 0.216385 -0.099923
v -0.024858 0.175400 -0.107342
v -0.010747 0.132712 -0.113187
v -0.000569 0.088732 -0.117403
v 0.005577 0.043884 -0.119948
v 0.007632 -0.001400 -0.120800
v 0.005577 -0.046684 -0.119948
v -0.000569 -0.091532 -0.117403
v -0.010747 -0.135512 -0.113187
v -0.024858 -0.178200 -0.107342
v -0.042768 -0.219185 -0.099923
v -0.064302 -0.258073 -0.091004
v -0.089254 -0.294490 -0.080668
v -0.117384 -0.328083 -0.069016
v -0.148420 -0.358531 -0.056161
v -0.182065 -0.385539 -0.042225
v -0.217993 -0.408848 -0.027343
v -0.255858 -0.428232 -0.011658
v -0.295297 -0.443506 0.004678
v -0.335929 -0.454523 0.021508
v -0.377363 -0.461175 0.038671
v -0.374786 0.458375 0.047166
v -0.330800 0.451723 0.038416
v -0.287665 0.440706 0.029836
v -0.245797 0.425432 0.021508
v -0.205599 0.406048 0.013512
v -0.167459 0.382739 0.005926
v -0.131742 0.355731 -0.001179
v -0.098794 0.325283 -0.007733
v -0.068931 0.291690 -0.013673
v -0.042442 0.255273 -0.018942
v -0.019581 0.216385 -0.023489
v -0.000569 0.175400 -0.027271
v 0.014411 0.132712 -0.030251
v 0.025216 0.088732 -0.032400
v 0.031741 0.043884 -0.033698
v 0.033923 -0.001400 -0.034132
v 0.031741 -0.046684 -0.033698
v 0.025216 -0.091532 -0.032400
v 0.014411 -0.135512 -0.030251
v -0.000569 -0.178200 -0.027271
v -0.019581 -0.219185 -0.023489
v -0.042442 -0.258073 -0.018942
v -0.068931 -0.294490 -0.013673
v -0.098794 -0.328083 -0.007733
v -0.131742 -0.358531 -0.001179
v -0.167459 -0.385539 0.005926
v -0.205599 -0.408848 0.013512
v -0.245797 -0.428232 0.021508
v -0.287665 -0.443506 0.029836
v -0.330800 -0.454523 0.038416
v -0.374786 -0.461175 0.047166
v -0.373916 0.458375 0.056000
v -0.329068 0.451723 0.056000
v -0.285089 0.440706 0.056000
v -0.242400 0.425432 0.056000
v -0.201415 0.406048 0.056000
v -0.162527 0.382739 0.056000
v -0.126110 0.355731 0.056000
v -0.092517 0.325283 0.056000
v -0.062069 0.291690 0.056000
v -0.035061 0.255273 0.056000
v -0.011752 0.216385 0.056000
v 0.007632 0.175400 0.056000
v 0.022906 0.132712 0.056000
v 0.033923 0.088732 0.056000
v 0.040575 0.043884 0.056000
v 0.042800 -0.001400 0.056000
v 0.040575 -0.046684 0.056000
v 0.033923 -0.091532 0.056000
v 0.022906 -0.135512 0.056000
v 0.007632 -0.178200 0.056000
v -0.011752 -0.219185 0.056000
v -0.035061 -0.258073 0.056000
v -0.062069 -0.294490 0.056000
v -0.092517 -0.328083 0.056000
v -0.126110 -0.358531 0.056000
v -0.162527 -0.385539 0.056000
v -0.201415 -0.408848 0.056000
v -0.242400 -0.428232 0.056000
v -0.285089 -0.443506 0.056000
v -0.329068 -0.454523 0.056000
v -0.373916 -0.461175 0.056000
v -0.374786 0.458375 0.064834
v -0.330800 0.451723 0.073584
v -0.287665 0.440706 0.082164
v -0.245797 0.425432 0.090492
v -0.205599 0.406048 0.098488
v -0.167459 0.382739 0.106075
v -0.131742 0.355731 0.113179
v -0.098794 0.325283 0.119733
v -0.068931 0.291690 0.125673
v -0.042442 0.255273 0.130942
v -0.019581 0.216385 0.135489
v -0.000569 0.175400 0.139271
v 0.014411 0.132712 0.142251
v 0.025216 0.088732 0.144400
v 0.031741 0.043884 0.145698
v 0.033923 -0.001400 0.146132
v 0.031741 -0.046684 0.145698
v 0.025216 -0.091532 0.144400
v 0.014411 -0.135512 0.142251
v -0.000569 -0.178200 0.139271
v -0.019581 -0.219185 0.135489
v -0.042442 -0.258073 0.130942
v -0.068931 -0.294490 0.125673
v -0.098794 -0.328083 0.119733
v -0.131742 -0.358531 0.113179
v -0.167459 -0.385539 0.106075
v -0.205599 -0.408848 0.098488
v -0.245797 -0.428232 0.090492
v -0.287665 -0.443506 0.082164
v -0.330800 -0.454523 0.073584
v -0.374786 -0.461175 0.064834
v -0.377363 0.458375 0.073329
v -0.335929 0.451723 0.090492
v -0.295297 0.440706 0.107322
v -0.255858 0.425432 0.123658
v -0.217993 0.406048 0.139343
v -0.182065 0.382739 0.154225
v -0.148421 0.355731 0.168161
v -0.117384 0.325283 0.181016
v -0.089254 0.291690 0.192668
v -0.064302 0.255273 0.203004
v -0.042768 0.216385 0.211923
v -0.024858 0.175400 0.219342
v -0.010747 0.132712 0.225187
v -0.000569 0.088732 0.229403
v 0.005577 0.043884 0.231948
v 0.007632 -0.001400 0.232800
v 0.005577 -0.046684 0.231948
v -0.000569 -0.091532 0.229403
v -0.010747 -0.135512 0.225187
v -0.024858 -0.178200 0.219342
v -0.042768 -0.219185 0.211923
v -0.064302 -0.258073 0.203004
v -0.089254 -0.294490 0.192668
v -0.117384 -0.328083 0.181016
v -0.148421 -0.358531 0.168161
v -0.182065 -0.385539 0.154225
v -0.217993 -0.408848 0.139343
v -0.255858 -0.428232 0.123658
v -0.295297 -0.443506 0.107322
v -0.335929 -0.454523 0.090492
v -0.377363 -0.461175 0.073329
v -0.381548 0.458375 0.081158
v -0.344258 0.451723 0.106075
v -0.307690 0.440706 0.130508
v -0.272196 0.425432 0.154225
v -0.238118 0.406048 0.176995
v -0.205784 0.382739 0.198600
v -0.175505 0.355731 0.218832
v -0.147573 0.325283 0.237496
v -0.122257 0.291690 0.254411
v -0.099800 0.255273 0.269416
v -0.080420 0.216385 0.282366
v -0.064302 0.175400 0.293135
v -0.051602 0.132712 0.301621
v -0.042442 0.088732 0.307742
v -0.036911 0.043884 0.311437
v -0.035061 -0.001400 0.312673
v -0.036911 -0.046684 0.311437
v -0.042442 -0.091532 0.307742
v -0.051602 -0.135512 0.301621
v -0.064302 -0.178200 0.293135
v -0.080420 -0.219185 0.282366
v -0.099800 -0.258073 0.269416
v -0.122257 -0.294490 0.254411
v -0.147573 -0.328083 0.237496
v -0.175505 -0.358531 0.218832
v -0.205784 -0.385539 0.198600
v -0.238118 -0.408848 0.176995
v -0.272196 -0.428232 0.154225
v -0.307690 -0.443506 0.130508
v -0.344258 -0.454523 0.106075
v -0.381548 -0.461175 0.081158
v -0.387179 0.458375 0.088021
v -0.355467 0.451723 0.119733
v -0.324369 0.440706 0.150831
v -0.294184 0.425432 0.181016
v -0.265203 0.406048 0.209997
v -0.237705 0.382739 0.237496
v -0.211954 0.355731 0.263246
v -0.188200 0.325283 0.287000
v -0.166670 0.291690 0.308530
v -0.147573 0.255273 0.327627
v -0.131091 0.216385 0.344109
v -0.117384 0.175400 0.357816
v -0.106584 0.132712 0.368616
v -0.098794 0.088732 0.376406
v -0.094090 0.043884 0.381110
v -0.092517 -0.001400 0.382683
v -0.094090 -0.046684 0.381110
v -0.098794 -0.091532 0.376406
v -0.106584 -0.135512 0.368616
v -0.117384 -0.178200 0.357816
v -0.131091 -0.219185 0.344109
v -0.147573 -0.258073 0.327627
v -0.166670 -0.294490 0.308530
v -0.188200 -0.328083 0.287000
v -0.211954 -0.358531 0.263246
v -0.237705 -0.385539 0.237496
v -0.265203 -0.408848 0.209997
v -0.294184 -0.428232 0.181016
v -0.324369 -0.443506 0.150831
v -0.355467 -0.454523 0.119733
v -0.387179 -0.461175 0.088021
v -0.394042 0.458375 0.093652
v -0.369126 0.451723 0.130942
v -0.344692 0.440706 0.167510
v -0.320975 0.425432 0.203004
v -0.298205 0.406048 0.237082
v -0.276600 0.382739 0.269416
v -0.256368 0.355731 0.299695
v -0.237705 0.325283 0.327627
v -0.220789 0.291690 0.352943
v -0.205784 0.255273 0.375400
v -0.192834 0.216385 0.394780
v -0.182065 0.175400 0.410898
v -0.173579 0.132712 0.423598
v -0.167459 0.088732 0.432758
v -0.163763 0.043884 0.438289
v -0.162527 -0.001400 0.440139
v -0.163763 -0.046684 0.438289
v -0.167459 -0.091532 0.432758
v -0.173579 -0.135512 0.423598
v -0.182065 -0.178200 0.410898
v -0.192834 -0.219185 0.394780
v -0.205784 -0.258073 0.375400
v -0.220789 -0.294490 0.352943
v -0.237705 -0.328083 0.327627
v -0.256368 -0.358531 0.299695
v -0.276600 -0.385539 0.269416
v -0.298205 -0.408848 0.237082
v -0.320975 -0.428232 0.203004
v -0.344692 -0.443506 0.167510
v -0.369126 -0.454523 0.130942
v -0.394042 -0.461175 0.093652
v -0.401871 0.458375 0.097837
v -0.384708 0.451723 0.139271
v -0.367878 0.440706 0.179903
v -0.351542 0.425432 0.219342
v -0.335857 0.406048 0.257207
v -0.320975 0.382739 0.293135
v -0.307040 0.355731 0.326780
v -0.294184 0.325283 0.357816
v -0.282532 0.291690 0.385946
v -0.272197 0.255273 0.410898
v -0.263277 0.216385 0.432432
v -0.255858 0.175400 0.450342
v -0.250013 0.132712 0.464453
v -0.245798 0.088732 0.474631
v -0.243252 0.043884 0.480777
v -0.242401 -0.001400 0.482832
v -0.243252 -0.046684 0.480777
v -0.245798 -0.091532 0.474631
v -0.250013 -0.135512 0.464453
v -0.255858 -0.178200 0.450342
v -0.263277 -0.219185 0.432432
v -0.272197 -0.258073 0.410898
v -0.282532 -0.294490 0.385946
v -0.294184 -0.328083 0.357816
v -0.307040 -0.358531 0.326780
v -0.320975 -0.385539 0.293135
v -0.335857 -0.408848 0.257207
v -0.351542 -0.428232 0.219342
v -0.367878 -0.443506 0.179903
v -0.384708 -0.454523 0.139271
v -0.401871 -0.461175 0.097837
v -0.410366 0.458375 0.100414
v -0.401616 0.451723 0.144400
v -0.393036 0.440706 0.187535
v -0.384708 0.425432 0.229403
v -0.376712 0.406048 0.269601
v -0.369126 0.382739 0.307741
v -0.362021 0.355731 0.343458
v -0.355467 0.325283 0.376406
v -0.349527 0.291690 0.406269
v -0.344258 0.255273 0.432758
v -0.339711 0.216385 0.455619
v -0.335929 0.175400 0.474631
v -0.332949 0.132712 0.489611
v -0.330800 0.088732 0.500416
v -0.329502 0.043884 0.506941
v -0.329068 -0.001400 0.509123
v -0.329502 -0.046684 0.506941
v -0.330800 -0.091532 0.500416
v -0.332949 -0.135512 0.489611
v -0.335929 -0.178200 0.474631
v -0.339711 -0.219185 0.455619
v -0.344258 -0.258073 0.432758
v -0.349527 -0.294490 0.406269
v -0.355467 -0.328083 0.376406
v -0.362021 -0.358531 0.343458
v -0.369126 -0.385539 0.307741
v -0.376712 -0.408848 0.269601
v -0.384708 -0.428232 0.229403
v -0.393036 -0.443506 0.187535
v -0.401616 -0.454523 0.144400
v -0.410366 -0.461175 0.100414
v -0.419200 0.458375 0.101284
v -0.419200 0.451723 0.146132
v -0.419200 0.440706 0.190111
v -0.419200 0.425432 0.232800
v -0.419200 0.406048 0.273785
v -0.419200 0.382739 0.312673
v -0.419200 0.355731 0.349090
v -0.419200 0.325283 0.382683
v -0.419200 0.291690 0.413131
v -0.419200 0.255273 0.440139
v -0.419200 0.216385 0.463447
v -0.419200 0.175400 0.482832
v -0.419200 0.132712 0.498106
v -0.419200 0.088732 0.509123
v -0.419200 0.043884 0.515775
v -0.419200 -0.001400 0.518000
v -0.419200 -0.046684 0.515775
v -0.419200 -0.091532 0.509123
v -0.419200 -0.135512 0.498106
v -0.419200 -0.178200 0.482832
v -0.419200 -0.219185 0.463447
v -0.419200 -0.258073 0.440139
v -0.419200 -0.294490 0.413131
v -0.419200 -0.328083 0.382683
v -0.419200 -0.358531 0.349090
v -0.419200 -0.385539 0.312673
v -0.419200 -0.408848 0.273785
v -0.419200 -0.428232 0.232800
v -0.419200 -0.443506 0.190111
v -0.419200 -0.454523 0.146132
v -0.419200 -0.461175 0.101284
v -0.419200 -0.463400 0.056000
v -0.419200 0.460600 0.056000
v -0.428034 0.458375 0.100414
v -0.436784 0.451723 0.144400
v -0.445364 0.440706 0.187535
v -0.453692 0.425432 0.229403
v -0.461688 0.406048 0.269601
v -0.469275 0.382739 0.307741
v -0.476379 0.355731 0.343458
v -0.482933 0.325283 0.376406
v -0.488873 0.291690 0.406269
v -0.494142 0.255273 0.432758
v -0.498689 0.216385 0.455618
v -0.502471 0.175400 0.474631
v -0.505451 0.132712 0.489611
v -0.507600 0.088732 0.500416
v -0.508898 0.043884 0.506941
v -0.509332 -0.001400 0.509122
v -0.508898 -0.046684 0.506941
v -0.507600 -0.091532 0.500416
v -0.505451 -0.135512 0.489611
v -0.502471 -0.178200 0.474631
v -0.498689 -0.219185 0.455618
v -0.494142 -0.258073 0.432758
v -0.488873 -0.294490 0.406269
v -0.482933 -0.328083 0.376406
v -0.476379 -0.358531 0.343458
v -0.469275 -0.385539 0.307741
v -0.461688 -0.408848 0.269601
v -0.453692 -0.428232 0.229403
v -0.445364 -0.443506 0.187535
v -0.436784 -0.454523 0.144400
v -0.428034 -0.461175 0.100414
v -0.436529 0.458375 0.097837
v -0.453692 0.451723 0.139271
v -0.470522 0.440706 0.179903
v -0.486858 0.425432 0.219342
v -0.502543 0.406048 0.257207
v -0.517425 0.382739 0.293135
v -0.531361 0.355731 0.326779
v -0.544216 0.325283 0.357816
v -0.555868 0.291690 0.385946
v -0.566204 0.255273 0.410898
v -0.575123 0.216385 0.432432
v -0.582542 0.175400 0.450342
v -0.588387 0.132712 0.464453
v -0.592603 0.088732 0.474631
v -0.595148 0.043884 0.480777
v -0.596000 -0.001400 0.482832
v -0.595148 -0.046684 0.480777
v -0.592603 -0.091532 0.474631
v -0.588387 -0.135512 0.464453
v -0.582542 -0.178200 0.450342
v -0.575123 -0.219185 0.432432
v -0.566204 -0.258073 0.410898
v -0.555868 -0.294490 0.385946
v -0.544216 -0.328083 0.357816
v -0.531361 -0.358531 0.326779
v -0.517425 -0.385539 0.293135
v -0.502543 -0.408848 0.257207
v -0.486858 -0.428232 0.219342
v -0.470522 -0.443506 0.179903
v -0.453692 -0.454523 0.139271
v -0.436529 -0.461175 0.097837
v -0.444358 0.458375 0.093652
v -0.469275 0.451723 0.130942
v -0.493708 0.440706 0.167510
v -0.517425 0.425432 0.203004
v -0.540195 0.406048 0.237082
v -0.561800 0.382739 0.269416
v -0.582032 0.355731 0.299695
v -0.600696 0.325283 0.327627
v -0.617611 0.291690 0.352943
v -0.632616 0.255273 0.375400
v -0.645566 0.216385 0.394780
v -0.656335 0.175400 0.410898
v -0.664821 0.132712 0.423598
v -0.670942 0.088732 0.432758
v -0.674637 0.043884 0.438289
v -0.675873 -0.001400 0.440139
v -0.674637 -0.046684 0.438289
v -0.670942 -0.091532 0.432758
v -0.664821 -0.135512 0.423598
v -0.656335 -0.178200 0.410898
v -0.645566 -0.219185 0.394780
v -0.632616 -0.258073 0.375400
v -0.617611 -0.294490 0.352943
v -0.600696 -0.328083 0.327627
v -0.582032 -0.358531 0.299695
v -0.561800 -0.385539 0.269416
v -0.540195 -0.408848 0.237082
v -0.517425 -0.428232 0.203004
v -0.493708 -0.443506 0.167510
v -0.469275 -0.454523 0.130942
v -0.444358 -0.461175 0.093652
v -0.451221 0.458375 0.088021
v -0.482933 0.451723 0.119733
v -0.514031 0.440706 0.150831
v -0.544216 0.425432 0.181016
v -0.573197 0.406048 0.209997
v -0.600695 0.382739 0.237495
v -0.626446 0.355731 0.263246
v -0.650200 0.325283 0.287000
v -0.671730 0.291690 0.308530
v -0.690827 0.255273 0.327627
v -0.707309 0.216385 0.344109
v -0.721016 0.175400 0.357816
v -0.731816 0.132712 0.368616
v -0.739606 0.088732 0.376406
v -0.744310 0.043884 0.381110
v -0.745883 -0.001400 0.382683
v -0.744310 -0.046684 0.381110
v -0.739606 -0.091532 0.376406
v -0.731816 -0.135512 0.368616
v -0.721016 -0.178200 0.357816
v -0.707309 -0.219185 0.344109
v -0.690827 -0.258073 0.327627
v -0.671730 -0.294490 0.308530
v -0.650200 -0.328083 0.287000
v -0.626446 -0.358531 0.263246
v -0.600695 -0.385539 0.237495
v -0.573197 -0.408848 0.209997
v -0.544216 -0.428232 0.181016
v -0.514031 -0.443506 0.150831
v -0.482933 -0.454523 0.119733
v -0.451221 -0.461175 0.088021
v -0.456852 0.458375 0.081158
v -0.494142 0.451723 0.106074
v -0.530710 0.440706 0.130508
v -0.566204 0.425432 0.154225
v -0.600282 0.406048 0.176995
v -0.632616 0.382739 0.198600
v -0.662895 0.355731 0.218832
v -0.690827 0.325283 0.237496
v -0.716143 0.291690 0.254411
v -0.738600 0.255273 0.269416
v -0.757980 0.216385 0.282366
v -0.774098 0.175400 0.293135
v -0.786798 0.132712 0.301621
v -0.795958 0.088732 0.307741
v -0.801489 0.043884 0.311437
v -0.803339 -0.001400 0.312673
v -0.801489 -0.046684 0.311437
v -0.795958 -0.091532 0.307741
v -0.786798 -0.135512 0.301621
v -0.774098 -0.178200 0.293135
v -0.757980 -0.219185 0.282366
v -0.738600 -0.258073 0.269416
v -0.716143 -0.294490 0.254411
v -0.690827 -0.328083 0.237496
v -0.662895 -0.358531 0.218832
v -0.632616 -0.385539 0.198600
v -0.600282 -0.408848 0.176995
v -0.566204 -0.428232 0.154225
v -0.530710 -0.443506 0.130508
v -0.494142 -0.454523 0.106074
v -0.456852 -0.461175 0.081158
v -0.461037 0.458375 0.073329
v -0.502471 0.451723 0.090492
v -0.543103 0.440706 0.107322
v -0.582542 0.425432 0.123658
v -0.620407 0.406048 0.139343
v -0.656335 0.382739 0.154225
v -0.689979 0.355731 0.168160
v -0.721016 0.325283 0.181016
v -0.749146 0.291690 0.192668
v -0.774098 0.255273 0.203003
v -0.795632 0.216385 0.211923
v -0.813542 0.175400 0.219342
v -0.827653 0.132712 0.225187
v -0.837831 0.088732 0.229402
v -0.843977 0.043884 0.231948
v -0.846032 -0.001400 0.232799
v -0.843977 -0.046684 0.231948
v -0.837831 -0.091532 0.229402
v -0.827653 -0.135512 0.225187
v -0.813542 -0.178200 0.219342
v -0.795632 -0.219185 0.211923
v -0.774098 -0.258073 0.203003
v -0.749146 -0.294490 0.192668
v -0.721016 -0.328083 0.181016
v -0.689979 -0.358531 0.168160
v -0.656335 -0.385539 0.154225
v -0.620407 -0.408848 0.139343
v -0.582542 -0.428232 0.123658
v -0.543103 -0.443506 0.107322
v -0.502471 -0.454523 0.090492
v -0.461037 -0.461175 0.073329
v -0.463614 0.458375 0.064834
v -0.507600 0.451723 0.073584
v -0.550735 0.440706 0.082164
v -0.592603 0.425432 0.090492
v -0.632801 0.406048 0.098488
v -0.670941 0.382739 0.106074
v -0.706658 0.355731 0.113179
v -0.739606 0.325283 0.119733
v -0.769469 0.291690 0.125673
v -0.795958 0.255273 0.130942
v -0.818818 0.216385 0.135489
v -0.837831 0.175400 0.139271
v -0.852811 0.132712 0.142251
v -0.863616 0.088732 0.144400
v -0.870141 0.043884 0.145698
v -0.872322 -0.001400 0.146131
v -0.870141 -0.046684 0.145698
v -0.863616 -0.091532 0.144400
v -0.852811 -0.135512 0.142251
v -0.837831 -0.178200 0.139271
v -0.818818 -0.219185 0.135489
v -0.795958 -0.258073 0.130942
v -0.769469 -0.294490 0.125673
v -0.739606 -0.328083 0.119733
v -0.706658 -0.358531 0.113179
v -0.670941 -0.385539 0.106074
v -0.632801 -0.408848 0.098488
v -0.592603 -0.428232 0.090492
v -0.550735 -0.443506 0.082164
v -0.507600 -0.454523 0.073584
v -0.463614 -0.461175 0.064834
v -0.464484 0.458375 0.056000
v -0.509332 0.451723 0.056000
v -0.553311 0.440706 0.056000
v -0.596000 0.425432 0.056000
v -0.636985 0.406048 0.056000
v -0.675873 0.382739 0.056000
v -0.712290 0.355731 0.056000
v -0.745883 0.325283 0.056000
v -0.776331 0.291690 0.056000
v -0.803339 0.255273 0.056000
v -0.826647 0.216385 0.056000
v -0.846032 0.175400 0.056000
v -0.861306 0.132712 0.056000
v -0.872323 0.088732 0.056000
v -0.878975 0.043884 0.056000
v -0.881200 -0.001400 0.056000
v -0.878975 -0.046684 0.056000
v -0.872323 -0.091532 0.056000
v -0.861306 -0.135512 0.056000
v -0.846032 -0.178200 0.056000
v -0.826647 -0.219185 0.056000
v -0.803339 -0.258073 0.056000
v -0.776331 -0.294490 0.056000
v -0.745883 -0.328083 0.056000
v -0.712290 -0.358531 0.056000
v -0.675873 -0.385539 0.056000
v -0.636985 -0.408848 0.056000
v -0.596000 -0.428232 0.056000
v -0.553311 -0.443506 0.056000
v -0.509332 -0.454523 0.056000
v -0.464484 -0.461175 0.056000
v -0.463614 0.458375 0.047166
v -0.507600 0.451723 0.038416
v -0.550735 0.440706 0.029836
v -0.592603 0.425432 0.021508
v -0.632800 0.406048 0.013512
v -0.670941 0.382739 0.005925
v -0.706658 0.355731 -0.001179
v -0.739606 0.325283 -0.007733
v -0.769469 0.291690 -0.013673
v -0.795958 0.255273 -0.018942
v -0.818818 0.216385 -0.023489
v -0.837831 0.175400 -0.027271
v -0.852811 0.132712 -0.030251
v -0.863616 0.088732 -0.032400
v -0.870140 0.043884 -0.033698
v -0.872322 -0.001400 -0.034132
v -0.870140 -0.046684 -0.033698
v -0.863616 -0.091532 -0.032400
v -0.852811 -0.135512 -0.030251
v -0.837831 -0.178200 -0.027271
v -0.818818 -0.219185 -0.023489
v -0.795958 -0.258073 -0.018942
v -0.769469 -0.294490 -0.013673
v -0.739606 -0.328083 -0.007733
v -0.706658 -0.358531 -0.001179
v -0.670941 -0.385539 0.005925
v -0.632800 -0.408848 0.013512
v -0.592603 -0.428232 0.021508
v -0.550735 -0.443506 0.029836
v -0.507600 -0.454523 0.038416
v -0.463614 -0.461175 0.047166
v -0.461037 0.458375 0.038671
v -0.502471 0.451723 0.021508
v -0.543103 0.440706 0.004678
v -0.582542 0.425432 -0.011658
v -0.620407 0.406048 -0.027343
v -0.656335 0.382739 -0.042225
v -0.689979 0.355731 -0.056161
v -0.721016 0.325283 -0.069016
v -0.749146 0.291690 -0.080668
v -0.774098 0.255273 -0.091004
v -0.795632 0.216385 -0.099923
v -0.813542 0.175400 -0.107342
v -0.827653 0.132712 -0.113187
v -0.837831 0.088732 -0.117403
v -0.843977 0.043884 -0.119948
v -0.846032 -0.001400 -0.120800
v -0.843977 -0.046684 -0.119948
v -0.837831 -0.091532 -0.117403
v -0.827653 -0.135512 -0.113187
v -0.813542 -0.178200 -0.107342
v -0.795632 -0.219185 -0.099923
v -0.774098 -0.258073 -0.091004
v -0.749146 -0.294490 -0.080668
v -0.721016 -0.328083 -0.069016
v -0.689979 -0.358531 -0.056161
v -0.656335 -0.385539 -0.042225
v -0.620407 -0.408848 -0.027343
v -0.582542 -0.428232 -0.011658
v -0.543103 -0.443506 0.004678
v -0.502471 -0.454523 0.021508
v -0.461037 -0.461175 0.038671
v -0.456852 0.458375 0.030842
v -0.494142 0.451723 0.005926
v -0.530710 0.440706 -0.018508
v -0.566204 0.425432 -0.042225
v -0.600282 0.406048 -0.064995
v -0.632616 0.382739 -0.086600
v -0.662895 0.355731 -0.106832
v -0.690827 0.325283 -0.125495
v -0.716143 0.291690 -0.142411
v -0.738600 0.255273 -0.157416
v -0.757980 0.216385 -0.170366
v -0.774098 0.175400 -0.181135
v -0.786798 0.132712 -0.189621
v -0.795958 0.088732 -0.195742
v -0.801489 0.043884 -0.199437
v -0.803338 -0.001400 -0.200673
v -0.801489 -0.046684 -0.199437
v -0.795958 -0.091532 -0.195742
v -0.786798 -0.135512 -0.189621
v -0.774098 -0.178200 -0.181135
v -0.757980 -0.219185 -0.170366
v -0.738600 -0.258073 -0.157416
v -0.716143 -0.294490 -0.142411
v -0.690827 -0.328083 -0.125495
v -0.662895 -0.358531 -0.106832
v -0.632616 -0.385539 -0.086600
v -0.600282 -0.408848 -0.064995
v -0.566204 -0.428232 -0.042225
v -0.530710 -0.443506 -0.018508
v -0.494142 -0.454523 0.005926
v -0.456852 -0.461175 0.030842
v -0.451221 0.458375 0.023979
v -0.482933 0.451723 -0.007733
v -0.514031 0.440706 -0.038831
v -0.544216 0.425432 -0.069016
v -0.573197 0.406048 -0.097997
v -0.600695 0.382739 -0.125495
v -0.626446 0.355731 -0.151246
v -0.650200 0.325283 -0.175000
v -0.671730 0.291690 -0.196530
v -0.690827 0.255273 -0.215627
v -0.707309 0.216385 -0.232109
v -0.721016 0.175400 -0.245816
v -0.731816 0.132712 -0.256616
v -0.739606 0.088732 -0.264406
v -0.744310 0.043884 -0.269110
v -0.745883 -0.001400 -0.270683
v -0.744310 -0.046684 -0.269110
v -0.739606 -0.091532 -0.264406
v -0.731816 -0.135512 -0.256616
v -0.721016 -0.178200 -0.245816
v -0.707309 -0.219185 -0.232109
v -0.690827 -0.258073 -0.215627
v -0.671730 -0.294490 -0.196530
v -0.650200 -0.328083 -0.175000
v -0.626446 -0.358531 -0.151246
v -0.600695 -0.385539 -0.125495
v -0.573197 -0.408848 -0.097997
v -0.544216 -0.428232 -0.069016
v -0.514031 -0.443506 -0.038831
v -0.482933 -0.454523 -0.007733
v -0.451221 -0.461175 0.023979
v -0.444358 0.458375 0.018348
v -0.469274 0.451723 -0.018942
v -0.493708 0.440706 -0.055510
v -0.517425 0.425432 -0.091004
v -0.540195 0.406048 -0.125082
v -0.561800 0.382739 -0.157416
v -0.582032 0.355731 -0.187695
v -0.600695 0.325283 -0.215627
v -0.617611 0.291690 -0.240943
v -0.632616 0.255273 -0.263400
v -0.645566 0.216385 -0.282780
v -0.656335 0.175400 -0.298898
v -0.664821 0.132712 -0.311598
v -0.670941 0.088732 -0.320758
v -0.674637 0.043884 -0.326289
v -0.675873 -0.001400 -0.328139
v -0.674637 -0.046684 -0.326289
v -0.670941 -0.091532 -0.320758
v -0.664821 -0.135512 -0.311598
v -0.656335 -0.178200 -0.298898
v -0.645566 -0.219185 -0.282780
v -0.632616 -0.258073 -0.263400
v -0.617611 -0.294490 -0.240943
v -0.600695 -0.328083 -0.215627
v -0.582032 -0.358531 -0.187695
v -0.561800 -0.385539 -0.157416
v -0.540195 -0.408848 -0.125082
v -0.517425 -0.428232 -0.091004
v -0.493708 -0.443506 -0.055510
v -0.469274 -0.454523 -0.018942
v -0.444358 -0.461175 0.018348
v -0.436529 0.458375 0.014163
v -0.453692 0.451723 -0.027271
v -0.470522 0.440706 -0.067903
v -0.486858 0.425432 -0.107342
v -0.502543 0.406048 -0.145207
v -0.517425 0.382739 -0.181135
v -0.531360 0.355731 -0.214779
v -0.544216 0.325283 -0.245816
v -0.555868 0.291690 -0.273946
v -0.566203 0.255273 -0.298898
v -0.575123 0.216385 -0.320432
v -0.582542 0.175400 -0.338341
v -0.588387 0.132712 -0.352453
v -0.592602 0.088732 -0.362631
v -0.595148 0.043884 -0.368777
v -0.595999 -0.001400 -0.370832
v -0.595148 -0.046684 -0.368777
v -0.592602 -0.091532 -0.362631
v -0.588387 -0.135512 -0.352453
v -0.582542 -0.178200 -0.338341
v -0.575123 -0.219185 -0.320432
v -0.566203 -0.258073 -0.298898
v -0.555868 -0.294490 -0.273946
v -0.544216 -0.328083 -0.245816
v -0.531360 -0.358531 -0.214779
v -0.517425 -0.385539 -0.181135
v -0.502543 -0.408848 -0.145207
v -0.486858 -0.428232 -0.107342
v -0.470522 -0.443506 -0.067903
v -0.453692 -0.454523 -0.027271
v -0.436529 -0.461175 0.014163
v -0.428034 0.458375 0.011586
v -0.436784 0.451723 -0.032400
v -0.445364 0.440706 -0.075535
v -0.453692 0.425432 -0.117402
v -0.461688 0.406048 -0.157600
v -0.469274 0.382739 -0.195741
v -0.476379 0.355731 -0.231458
v -0.482933 0.325283 -0.264406
v -0.488873 0.291690 -0.294268
v -0.494142 0.255273 -0.320758
v -0.498689 0.216385 -0.343618
v -0.502471 0.175400 -0.362631
v -0.505451 0.132712 -0.377611
v -0.507600 0.088732 -0.388416
v -0.508898 0.043884 -0.394940
v -0.509331 -0.001400 -0.397122
v -0.508898 -0.046684 -0.394940
v -0.507600 -0.091532 -0.388416
v -0.505451 -0.135512 -0.377611
v -0.502471 -0.178200 -0.362631
v -0.498689 -0.219185 -0.343618
v -0.494142 -0.258073 -0.320758
v -0.488873 -0.294490 -0.294268
v -0.482933 -0.328083 -0.264406
v -0.476379 -0.358531 -0.231458
v -0.469274 -0.385539 -0.195741
v -0.461688 -0.408848 -0.157600
v -0.453692 -0.428232 -0.117402
v -0.445364 -0.443506 -0.075535
v -0.436784 -0.454523 -0.032400
v -0.428034 -0.461175 0.011586
v -0.419200 0.458375 0.010716
v -0.419200 0.451723 -0.034132
v -0.419200 0.440706 -0.078111
v -0.419200 0.425432 -0.120800
v -0.419200 0.406048 -0.161785
v -0.419200 0.382739 -0.200673
v -0.419200 0.325283 -0.270683
v -0.419200 0.255273 -0.328139
v -0.419200 0.216385 -0.351447
v -0.419200 -0.001400 -0.405999
v -0.419200 -0.135512 -0.386106
v -0.419200 -0.178200 -0.370832
v -0.419200 -0.328083 -0.270683
v -0.419200 -0.428232 -0.120800
v -0.419200 -0.443506 -0.078111
v -0.411826 0.104826 0.044178
v -0.426888 0.064640 0.068599
v -0.434304 0.017314 0.080579
v -0.433269 -0.032022 0.078819
v -0.423896 -0.078022 0.063511
v -0.407201 -0.115702 0.036313
v -0.384992 -0.140978 0.000173
v -0.359677 -0.151111 -0.040994
v -0.333999 -0.145003 -0.082726
v -0.310740 -0.123316 -0.120500
v -0.292421 -0.088400 -0.150224
v -0.281027 -0.044039 -0.168677
v -0.277793 0.004960 -0.173858
v -0.283068 0.053288 -0.165206
v -0.296283 0.095706 -0.143659
v -0.316004 0.127619 -0.111552
v -0.340094 0.145568 -0.072364
v -0.365943 0.147609 -0.030341
v -0.390750 0.133519 0.009962
v -0.469475 0.064681 0.042400
v -0.475856 -0.031981 0.052621
v -0.466483 -0.077981 0.037313
v -0.449788 -0.115661 0.010115
v -0.427579 -0.140937 -0.026026
v -0.376586 -0.144962 -0.108924
v -0.325655 0.053329 -0.191404
v -0.338870 0.095747 -0.169857
v -0.358590 0.127660 -0.137750
v -0.454414 0.104868 0.017980
v -0.476891 0.017356 0.054381
v -0.402264 -0.151070 -0.067192
v -0.353327 -0.123275 -0.146698
v -0.335008 -0.088359 -0.176422
v -0.323614 -0.043998 -0.194875
v -0.320380 0.005002 -0.200056
v -0.382681 0.145610 -0.098562
v -0.408530 0.147650 -0.056539
v -0.433337 0.133561 -0.016236
v -0.497001 0.104909 -0.008219
v -0.512063 0.064722 0.016202
v -0.509070 -0.077940 0.011115
v -0.492375 -0.115620 -0.016083
v -0.419173 -0.144921 -0.135122
v -0.395914 -0.123234 -0.172897
v -0.368242 0.053370 -0.217602
v -0.401178 0.127702 -0.163948
v -0.475924 0.133602 -0.042435
v -0.519478 0.017397 0.028183
v -0.518443 -0.031939 0.026423
v -0.470167 -0.140895 -0.052223
v -0.444852 -0.151028 -0.093390
v -0.377595 -0.088317 -0.202620
v -0.366201 -0.043956 -0.221072
v -0.362967 0.005043 -0.226253
v -0.381457 0.095789 -0.196055
v -0.425268 0.145651 -0.124760
v -0.451117 0.147692 -0.082737
v -0.539588 0.104950 -0.034417
v -0.554650 0.064764 -0.009996
v -0.551657 -0.077899 -0.015083
v -0.534962 -0.115578 -0.042281
v -0.487439 -0.150987 -0.119588
v -0.420182 -0.088276 -0.228819
v -0.408788 -0.043915 -0.247271
v -0.410830 0.053411 -0.243800
v -0.424044 0.095830 -0.222253
v -0.443765 0.127743 -0.190146
v -0.467855 0.145692 -0.150958
v -0.562065 0.017438 0.001985
v -0.561030 -0.031898 0.000226
v -0.512754 -0.140854 -0.078421
v -0.461761 -0.144879 -0.161320
v -0.438502 -0.123192 -0.199094
v -0.405554 0.005084 -0.252452
v -0.493705 0.147733 -0.108935
v -0.518511 0.133643 -0.068632
v -0.582175 0.104992 -0.060615
v -0.604652 0.017479 -0.024213
v -0.603617 -0.031857 -0.025973
v -0.555341 -0.140813 -0.104620
v -0.530026 -0.150946 -0.145786
v -0.481089 -0.123151 -0.225293
v -0.451375 -0.043874 -0.273469
v -0.448141 0.005125 -0.278650
v -0.453417 0.053453 -0.269998
v -0.466631 0.095871 -0.248451
v -0.486352 0.127784 -0.216344
v -0.536291 0.147774 -0.135134
v -0.561098 0.133684 -0.094831
v -0.597236 0.064805 -0.036192
v -0.594243 -0.077857 -0.041280
v -0.577548 -0.115537 -0.068478
v -0.504348 -0.144838 -0.187518
v -0.462771 -0.088235 -0.255017
v -0.510443 0.145734 -0.177156
v -0.624761 0.105033 -0.086812
v -0.639823 0.064846 -0.062390
v -0.646203 -0.031816 -0.052170
v -0.636830 -0.077816 -0.067478
v -0.620135 -0.115496 -0.094676
v -0.597927 -0.140771 -0.130817
v -0.572613 -0.150904 -0.171984
v -0.493964 -0.043832 -0.299668
v -0.528940 0.127826 -0.242542
v -0.578879 0.147815 -0.161331
v -0.647239 0.017521 -0.050411
v -0.546937 -0.144797 -0.213716
v -0.523678 -0.123110 -0.251491
v -0.505358 -0.088194 -0.281215
v -0.490728 0.005166 -0.304847
v -0.496003 0.053493 -0.296195
v -0.509217 0.095912 -0.274648
v -0.553027 0.145775 -0.203353
v -0.603684 0.133726 -0.121028
v -0.551804 0.095954 -0.300847
v -0.571524 0.127867 -0.268739
v -0.667348 0.105075 -0.113010
v -0.682410 0.064888 -0.088589
v -0.689827 0.017563 -0.076609
v -0.688793 -0.031773 -0.078369
v -0.679421 -0.077774 -0.093677
v -0.662726 -0.115454 -0.120875
v -0.640518 -0.140730 -0.157016
v -0.615203 -0.150863 -0.198182
v -0.589525 -0.144755 -0.239914
v -0.566265 -0.123069 -0.277689
v -0.547945 -0.088153 -0.307412
v -0.536551 -0.043792 -0.325864
v -0.533315 0.005207 -0.331045
v -0.538590 0.053535 -0.322393
v -0.595614 0.145816 -0.229551
v -0.621463 0.147857 -0.187528
v -0.646271 0.133767 -0.147225
v -0.709935 0.105117 -0.139208
v -0.724997 0.064930 -0.114787
v -0.731380 -0.031732 -0.104567
v -0.705313 -0.115412 -0.147074
v -0.683105 -0.140688 -0.183214
v -0.581177 0.053577 -0.348592
v -0.688858 0.133809 -0.173424
v -0.732412 0.017604 -0.102806
v -0.722006 -0.077733 -0.119874
v -0.657790 -0.150822 -0.224380
v -0.632112 -0.144714 -0.266113
v -0.608853 -0.123027 -0.303887
v -0.590534 -0.088112 -0.333611
v -0.579139 -0.043750 -0.352063
v -0.575904 0.005249 -0.357244
v -0.594392 0.095995 -0.327045
v -0.614112 0.127908 -0.294937
v -0.638201 0.145858 -0.255749
v -0.664050 0.147898 -0.213726
v -0.774999 0.017646 -0.129004
v -0.764594 -0.077691 -0.146072
v -0.700377 -0.150780 -0.250579
v -0.651440 -0.122985 -0.330085
v -0.618491 0.005291 -0.383442
v -0.680789 0.145900 -0.281947
v -0.706637 0.147940 -0.239924
v -0.752522 0.105158 -0.165405
v -0.767585 0.064971 -0.140984
v -0.773967 -0.031691 -0.130764
v -0.747901 -0.115371 -0.173271
v -0.725693 -0.140647 -0.209412
v -0.674699 -0.144673 -0.292310
v -0.633120 -0.088070 -0.359808
v -0.621725 -0.043709 -0.378260
v -0.623764 0.053617 -0.374789
v -0.636978 0.096036 -0.353242
v -0.656698 0.127949 -0.321134
v -0.731445 0.133850 -0.199621
v -0.790487 -0.115329 -0.199470
v -0.768279 -0.140605 -0.235610
v -0.795109 0.105199 -0.191603
v -0.810172 0.065012 -0.167183
v -0.817588 0.017687 -0.155203
v -0.816554 -0.031649 -0.156962
v -0.807182 -0.077650 -0.172271
v -0.742965 -0.150739 -0.276776
v -0.717286 -0.144631 -0.318508
v -0.694027 -0.122944 -0.356282
v -0.675707 -0.088029 -0.386006
v -0.664312 -0.043668 -0.404458
v -0.661077 0.005331 -0.409639
v -0.666352 0.053659 -0.400987
v -0.679565 0.096078 -0.379440
v -0.699286 0.127991 -0.347333
v -0.723376 0.145940 -0.308144
v -0.749225 0.147981 -0.266122
v -0.774032 0.133892 -0.225819
v -0.837696 0.105240 -0.217801
v -0.852759 0.065054 -0.193380
v -0.860175 0.017728 -0.181401
v -0.859141 -0.031608 -0.183160
v -0.849769 -0.077608 -0.198469
v -0.833075 -0.115288 -0.225667
v -0.810867 -0.140564 -0.261807
v -0.785552 -0.150698 -0.302974
v -0.759873 -0.144590 -0.344706
v -0.736614 -0.122903 -0.382480
v -0.718294 -0.087987 -0.412204
v -0.706899 -0.043626 -0.430656
v -0.703664 0.005373 -0.435837
v -0.708939 0.053700 -0.427185
v -0.722152 0.096119 -0.405638
v -0.741873 0.128032 -0.373530
v -0.765963 0.145982 -0.334342
v -0.791812 0.148022 -0.292320
v -0.816619 0.133933 -0.252017
v -0.902762 0.017770 -0.207599
v -0.901728 -0.031566 -0.209359
v -0.853453 -0.140522 -0.288006
v -0.779201 -0.122861 -0.408679
v -0.760881 -0.087945 -0.438403
v -0.749486 -0.043584 -0.456855
v -0.746251 0.005415 -0.462035
v -0.751526 0.053742 -0.453383
v -0.784460 0.128074 -0.399729
v -0.880281 0.105281 -0.243998
v -0.895343 0.065095 -0.219577
v -0.892353 -0.077568 -0.224666
v -0.875659 -0.115247 -0.251864
v -0.828138 -0.150656 -0.329173
v -0.802461 -0.144548 -0.370906
v -0.764742 0.096161 -0.431838
v -0.808551 0.146023 -0.360541
v -0.834399 0.148064 -0.318518
v -0.859205 0.133974 -0.278214
v -0.944312 -0.031525 -0.235554
v -0.896039 -0.140481 -0.314203
v -0.845048 -0.144506 -0.397103
v -0.876986 0.148106 -0.344715
v -0.922873 0.105323 -0.270198
v -0.937936 0.065136 -0.245777
v -0.945352 0.017810 -0.233797
v -0.934946 -0.077526 -0.250866
v -0.918250 -0.115206 -0.278064
v -0.870726 -0.150615 -0.355370
v -0.821787 -0.122820 -0.434876
v -0.803467 -0.087904 -0.464599
v -0.792072 -0.043543 -0.483051
v -0.788836 0.005456 -0.488231
v -0.794112 0.053784 -0.479579
v -0.807326 0.096202 -0.458032
v -0.827047 0.128115 -0.425925
v -0.851137 0.146065 -0.386737
v -0.901795 0.134015 -0.304413
v -0.960837 -0.115164 -0.304263
v -0.846053 -0.087862 -0.490798
v -0.836698 0.053826 -0.505778
v -0.537577 0.104505 0.248596
v -0.552639 0.064318 0.273017
v -0.560054 0.016993 0.284997
v -0.559020 -0.032343 0.283237
v -0.549647 -0.078344 0.267929
v -0.532951 -0.116023 0.240731
v -0.510743 -0.141299 0.204591
v -0.485428 -0.151432 0.163424
v -0.459749 -0.145324 0.121692
v -0.436490 -0.123637 0.083918
v -0.418171 -0.088721 0.054194
v -0.406777 -0.044360 0.035742
v -0.403543 0.004639 0.030561
v -0.408818 0.052966 0.039212
v -0.422033 0.095385 0.060759
v -0.441754 0.127298 0.092867
v -0.465844 0.145247 0.132055
v -0.491693 0.147288 0.174077
v -0.516500 0.133198 0.214380
v -0.595226 0.064359 0.246818
v -0.601606 -0.032302 0.257039
v -0.575538 -0.115982 0.214533
v -0.553330 -0.141258 0.178392
v -0.479077 -0.123596 0.057719
v -0.449364 -0.044319 0.009543
v -0.464620 0.095426 0.034561
v -0.484340 0.127339 0.066668
v -0.534280 0.147329 0.147878
v -0.580164 0.104546 0.222398
v -0.602642 0.017034 0.258799
v -0.592234 -0.078302 0.241731
v -0.528015 -0.151391 0.137226
v -0.502337 -0.145283 0.095494
v -0.460758 -0.088680 0.027996
v -0.446130 0.004680 0.004363
v -0.451406 0.053008 0.013015
v -0.508431 0.145289 0.105857
v -0.559087 0.133239 0.188182
v -0.622751 0.104588 0.196199
v -0.637813 0.064401 0.220620
v -0.645228 0.017075 0.232600
v -0.634821 -0.078261 0.215533
v -0.595917 -0.141217 0.152194
v -0.521664 -0.123555 0.031521
v -0.503345 -0.088639 0.001797
v -0.493992 0.053049 -0.013184
v -0.507207 0.095467 0.008363
v -0.576867 0.147370 0.121681
v -0.601674 0.133280 0.161983
v -0.644193 -0.032260 0.230842
v -0.618127 -0.115941 0.188335
v -0.570604 -0.151350 0.111027
v -0.544926 -0.145242 0.069295
v -0.491953 -0.044279 -0.016656
v -0.488718 0.004720 -0.021836
v -0.526926 0.127380 0.040470
v -0.551016 0.145329 0.079659
v -0.587514 -0.145200 0.043097
v -0.536580 0.053090 -0.039382
v -0.569513 0.127422 0.014272
v -0.619452 0.147412 0.095483
v -0.644259 0.133322 0.135787
v -0.665335 0.104629 0.170003
v -0.680398 0.064443 0.194424
v -0.687814 0.017117 0.206404
v -0.686780 -0.032219 0.204644
v -0.677408 -0.078219 0.189336
v -0.660714 -0.115899 0.162137
v -0.638506 -0.141175 0.125996
v -0.613192 -0.151309 0.084829
v -0.564255 -0.123514 0.005323
v -0.545935 -0.088598 -0.024401
v -0.534541 -0.044237 -0.042854
v -0.531305 0.004762 -0.048034
v -0.549793 0.095508 -0.017835
v -0.593603 0.145371 0.053461
v -0.707922 0.104671 0.143805
v -0.730401 0.017159 0.180206
v -0.729367 -0.032177 0.178446
v -0.681093 -0.141133 0.099798
v -0.630101 -0.145159 0.016899
v -0.573892 0.004804 -0.074232
v -0.592381 0.095550 -0.044033
v -0.662039 0.147453 0.069286
v -0.722985 0.064484 0.168226
v -0.719995 -0.078178 0.163138
v -0.703301 -0.115858 0.135939
v -0.655779 -0.151267 0.058631
v -0.606842 -0.123473 -0.020875
v -0.588523 -0.088557 -0.050599
v -0.577128 -0.044196 -0.069052
v -0.579168 0.053131 -0.065580
v -0.612101 0.127463 -0.011926
v -0.636190 0.145412 0.027263
v -0.686846 0.133363 0.109589
v -0.765572 0.064526 0.142028
v -0.771954 -0.032136 0.152248
v -0.672688 -0.145118 -0.009299
v -0.649429 -0.123431 -0.047073
v -0.750511 0.104712 0.117606
v -0.772990 0.017200 0.154007
v -0.762583 -0.078137 0.136939
v -0.745889 -0.115816 0.109741
v -0.723681 -0.141093 0.073601
v -0.698366 -0.151226 0.032434
v -0.631109 -0.088516 -0.076796
v -0.619714 -0.044155 -0.095248
v -0.616479 0.004845 -0.100429
v -0.621754 0.053172 -0.091777
v -0.634967 0.095591 -0.070230
v -0.654688 0.127504 -0.038123
v -0.678778 0.145454 0.001065
v -0.704627 0.147494 0.043088
v -0.729434 0.133405 0.083391
v -0.793098 0.104754 0.091409
v -0.808161 0.064567 0.115829
v -0.815577 0.017241 0.127809
v -0.814543 -0.032095 0.126050
v -0.805171 -0.078095 0.110741
v -0.788476 -0.115775 0.083543
v -0.766268 -0.141051 0.047403
v -0.740953 -0.151184 0.006236
v -0.715275 -0.145077 -0.035496
v -0.692015 -0.123390 -0.073270
v -0.673696 -0.088474 -0.102994
v -0.662301 -0.044113 -0.121446
v -0.659066 0.004886 -0.126627
v -0.664341 0.053214 -0.117975
v -0.677554 0.095632 -0.096428
v -0.697275 0.127545 -0.064321
v -0.721365 0.145495 -0.025132
v -0.747214 0.147536 0.016890
v -0.772021 0.133446 0.057193
v -0.850748 0.064609 0.089631
v -0.831063 -0.115733 0.057345
v -0.704888 -0.044071 -0.147645
v -0.701653 0.004928 -0.152825
v -0.739861 0.127587 -0.090519
v -0.763952 0.145537 -0.051331
v -0.835688 0.104795 0.065210
v -0.858167 0.017283 0.101610
v -0.857133 -0.032053 0.099851
v -0.847761 -0.078054 0.084542
v -0.808857 -0.141010 0.021205
v -0.783541 -0.151143 -0.019962
v -0.757861 -0.145035 -0.061693
v -0.734601 -0.123349 -0.099467
v -0.716281 -0.088433 -0.129190
v -0.706926 0.053255 -0.144171
v -0.720140 0.095674 -0.122624
v -0.789802 0.147577 -0.009308
v -0.814610 0.133488 0.030994
v -0.900753 0.017325 0.075411
v -0.873652 -0.115692 0.031145
v -0.878272 0.104836 0.039013
v -0.893335 0.064650 0.063434
v -0.899717 -0.032012 0.073654
v -0.890345 -0.078012 0.058345
v -0.851442 -0.140968 -0.004993
v -0.826128 -0.151102 -0.046160
v -0.800449 -0.144994 -0.087892
v -0.777190 -0.123307 -0.125666
v -0.758870 -0.088391 -0.155390
v -0.747475 -0.044030 -0.173842
v -0.744240 0.004969 -0.179023
v -0.749515 0.053296 -0.170371
v -0.762729 0.095715 -0.148824
v -0.782449 0.127628 -0.116717
v -0.806539 0.145578 -0.077528
v -0.832388 0.147618 -0.035506
v -0.857195 0.133529 0.004797
v -0.935922 0.064692 0.037235
v -0.942304 -0.031970 0.047455
v -0.894029 -0.140927 -0.031192
v -0.868714 -0.151060 -0.072359
v -0.819777 -0.123265 -0.151865
v -0.790062 -0.043989 -0.200041
v -0.849126 0.145620 -0.103727
v -0.920857 0.104878 0.012815
v -0.943335 0.017366 0.049217
v -0.932930 -0.077971 0.032149
v -0.916235 -0.115651 0.004950
v -0.843037 -0.144953 -0.114091
v -0.801459 -0.088350 -0.181590
v -0.786830 0.005010 -0.205223
v -0.792105 0.053338 -0.196571
v -0.805318 0.095756 -0.175024
v -0.825037 0.127670 -0.142916
v -0.874975 0.147660 -0.061704
v -0.899781 0.133570 -0.021401
v -0.963445 0.104920 -0.013382
v -0.985923 0.017407 0.023019
v -0.958823 -0.115609 -0.021247
v -0.832652 -0.043947 -0.226240
v -0.829417 0.005052 -0.231421
v -0.891714 0.145661 -0.129925
v -0.978510 0.064733 0.011038
v -0.984892 -0.031929 0.021258
v -0.975519 -0.077930 0.005950
v -0.936617 -0.140886 -0.057389
v -0.911302 -0.151019 -0.098556
v -0.885623 -0.144911 -0.140288
v -0.862364 -0.123224 -0.178062
v -0.844044 -0.088309 -0.207786
v -0.834689 0.053379 -0.222767
v -0.847903 0.095798 -0.201220
v -0.867623 0.127711 -0.169112
v -0.917563 0.147701 -0.087902
v -0.942370 0.133612 -0.047599
v -1.021096 0.064774 -0.015161
v -1.028512 0.017449 -0.003181
v -1.018106 -0.077888 -0.020249
v -0.979204 -0.140844 -0.083588
v -0.904951 -0.123183 -0.204261
v -0.875236 -0.043906 -0.252436
v -1.006032 0.104961 -0.039580
v -1.027476 -0.031888 -0.004939
v -1.001410 -0.115568 -0.047446
v -0.953889 -0.150977 -0.124754
v -0.928211 -0.144870 -0.166487
v -0.886634 -0.088267 -0.233986
v -0.872004 0.005093 -0.257619
v -0.877279 0.053420 -0.248967
v -0.890492 0.095839 -0.227420
v -0.910212 0.127752 -0.195312
v -0.934301 0.145702 -0.156123
v -0.960149 0.147743 -0.114100
v -0.984955 0.133653 -0.073797
v -1.048619 0.105002 -0.065778
v -1.063681 0.064816 -0.041356
v -1.070063 -0.031846 -0.031136
v -1.043997 -0.115526 -0.073643
v -1.021790 -0.140802 -0.109784
v -0.970799 -0.144828 -0.192684
v -0.947540 -0.123141 -0.230459
v -0.929221 -0.088225 -0.260183
v -0.914592 0.005135 -0.283817
v -0.933080 0.095881 -0.253617
v -0.952799 0.127794 -0.221509
v -1.027543 0.133695 -0.099994
v -1.071097 0.017490 -0.029377
v -1.060691 -0.077847 -0.046445
v -0.996476 -0.150936 -0.150952
v -0.917826 -0.043865 -0.278636
v -0.919866 0.053462 -0.275165
v -0.976888 0.145743 -0.182321
v -1.002736 0.147784 -0.140298
v -1.013386 -0.144787 -0.218882
v -0.960414 -0.043823 -0.304834
v -0.957179 0.005176 -0.310014
v -0.975667 0.095922 -0.279815
v -0.995386 0.127836 -0.247707
v -0.368685 -0.107466 0.149264
v -0.355065 -0.067279 0.174518
v -0.348394 -0.019954 0.186929
v -0.349397 0.029382 0.185151
v -0.357964 0.075383 0.169378
v -0.373167 0.113063 0.141319
v -0.393358 0.138339 0.104014
v -0.416350 0.148472 0.061506
v -0.439650 0.142364 0.018401
v -0.460734 0.120677 -0.020629
v -0.477318 0.085762 -0.051355
v -0.487603 0.041401 -0.070448
v -0.490476 -0.007599 -0.075838
v -0.485625 -0.055926 -0.066941
v -0.473576 -0.098345 -0.044722
v -0.455635 -0.130258 -0.011588
v -0.433745 -0.148207 0.028870
v -0.410279 -0.150248 0.072268
v -0.387779 -0.136159 0.113904
v -0.304412 -0.019917 0.163148
v -0.305414 0.029419 0.161371
v -0.313981 0.075420 0.145598
v -0.349375 0.138376 0.080233
v -0.372367 0.148509 0.037725
v -0.395667 0.142401 -0.005379
v -0.416752 0.120715 -0.044410
v -0.433335 0.085799 -0.075136
v -0.411652 -0.130221 -0.035369
v -0.389762 -0.148170 0.005090
v -0.366296 -0.150211 0.048488
v -0.343796 -0.136121 0.090123
v -0.324702 -0.107429 0.125484
v -0.311082 -0.067242 0.150737
v -0.329184 0.113100 0.117538
v -0.443621 0.041438 -0.094229
v -0.446494 -0.007561 -0.099619
v -0.441643 -0.055889 -0.090722
v -0.429593 -0.098307 -0.068503
v -0.280719 -0.107392 0.101703
v -0.267099 -0.067205 0.126957
v -0.260429 -0.019880 0.139368
v -0.261432 0.029457 0.137590
v -0.269998 0.075457 0.121817
v -0.285201 0.113137 0.093758
v -0.305392 0.138413 0.056453
v -0.328384 0.148546 0.013945
v -0.367669 -0.130184 -0.059149
v -0.345779 -0.148133 -0.018691
v -0.322313 -0.150174 0.024707
v -0.299814 -0.136084 0.066343
v -0.351685 0.142439 -0.029160
v -0.372770 0.120752 -0.068190
v -0.389353 0.085836 -0.098916
v -0.399639 0.041475 -0.118008
v -0.402512 -0.007524 -0.123398
v -0.397661 -0.055852 -0.114501
v -0.385612 -0.098270 -0.092282
v -0.241218 0.113174 0.069976
v -0.261409 0.138450 0.032671
v -0.345371 0.085873 -0.122697
v -0.358530 -0.007487 -0.147179
v -0.353679 -0.055815 -0.138282
v -0.341629 -0.098233 -0.116063
v -0.323687 -0.130146 -0.082929
v -0.301797 -0.148096 -0.042471
v -0.278330 -0.150136 0.000927
v -0.255830 -0.136047 0.042562
v -0.236735 -0.107354 0.077922
v -0.223115 -0.067168 0.103176
v -0.216445 -0.019842 0.115587
v -0.217448 0.029494 0.113809
v -0.226015 0.075495 0.098036
v -0.284402 0.148584 -0.009836
v -0.307703 0.142476 -0.052940
v -0.328787 0.120789 -0.091970
v -0.355656 0.041512 -0.141789
v -0.182033 0.075532 0.074256
v -0.263720 0.142513 -0.076721
v -0.284804 0.120826 -0.115751
v -0.301388 0.085911 -0.146477
v -0.311673 0.041549 -0.165570
v -0.309695 -0.055777 -0.162063
v -0.279703 -0.130109 -0.106710
v -0.257813 -0.148058 -0.066252
v -0.192754 -0.107317 0.054142
v -0.179134 -0.067130 0.079396
v -0.172464 -0.019805 0.091807
v -0.173467 0.029532 0.090029
v -0.197236 0.113212 0.046197
v -0.217428 0.138488 0.008892
v -0.240419 0.148621 -0.033616
v -0.314545 -0.007450 -0.170960
v -0.297644 -0.098196 -0.139845
v -0.234347 -0.150099 -0.022854
v -0.211848 -0.136009 0.018782
v -0.148771 -0.107279 0.030362
v -0.128481 -0.019767 0.068026
v -0.129484 0.029569 0.066249
v -0.196436 0.148658 -0.057397
v -0.219737 0.142550 -0.100501
v -0.240821 0.120864 -0.139532
v -0.257404 0.085948 -0.170258
v -0.270562 -0.007413 -0.194741
v -0.265711 -0.055740 -0.185844
v -0.253661 -0.098159 -0.163625
v -0.213830 -0.148021 -0.090032
v -0.135151 -0.067093 0.055615
v -0.138051 0.075569 0.050476
v -0.153254 0.113249 0.022416
v -0.173445 0.138525 -0.014889
v -0.267689 0.041587 -0.189351
v -0.235720 -0.130072 -0.130491
v -0.190364 -0.150062 -0.046634
v -0.167865 -0.135972 -0.004999
v -0.104788 -0.107242 0.006581
v -0.091168 -0.067056 0.031835
v -0.084498 -0.019730 0.044246
v -0.085501 0.029606 0.042468
v -0.094068 0.075606 0.026695
v -0.109271 0.113286 -0.001364
v -0.129462 0.138562 -0.038669
v -0.152453 0.148695 -0.081177
v -0.223706 0.041624 -0.213131
v -0.226579 -0.007375 -0.218521
v -0.123882 -0.135935 -0.028779
v -0.175754 0.142588 -0.124282
v -0.196838 0.120901 -0.163312
v -0.213421 0.085985 -0.194039
v -0.221728 -0.055703 -0.209625
v -0.209679 -0.098121 -0.187406
v -0.191737 -0.130034 -0.154272
v -0.169847 -0.147984 -0.113813
v -0.146381 -0.150024 -0.070415
v -0.060805 -0.107205 -0.017199
v -0.047185 -0.067019 0.008055
v -0.041518 0.029643 0.018688
v -0.050085 0.075644 0.002915
v -0.065288 0.113324 -0.025145
v -0.085479 0.138600 -0.062450
v -0.152855 0.120938 -0.187093
v -0.147754 -0.129997 -0.178052
v -0.102398 -0.149987 -0.094195
v -0.079899 -0.135898 -0.052560
v -0.040515 -0.019693 0.020465
v -0.108471 0.148733 -0.104958
v -0.131771 0.142625 -0.148062
v -0.169439 0.086022 -0.217819
v -0.179724 0.041661 -0.236911
v -0.182597 -0.007338 -0.242302
v -0.177746 -0.055665 -0.233405
v -0.165696 -0.098084 -0.211186
v -0.125865 -0.147947 -0.137594
v 0.003468 -0.019656 -0.003316
v 0.002465 0.029680 -0.005093
v -0.006102 0.075681 -0.020866
v -0.021305 0.113361 -0.048925
v -0.041496 0.138637 -0.086230
v -0.064488 0.148770 -0.128738
v -0.087788 0.142662 -0.171843
v -0.108873 0.120976 -0.210873
v -0.081882 -0.147909 -0.161374
v -0.058416 -0.149950 -0.117976
v -0.016822 -0.107168 -0.040980
v -0.003202 -0.066981 -0.015726
v -0.125456 0.086060 -0.241599
v -0.135741 0.041699 -0.260692
v -0.138614 -0.007301 -0.266082
v -0.133763 -0.055628 -0.257185
v -0.121714 -0.098047 -0.234966
v -0.103772 -0.129960 -0.201832
v -0.035917 -0.135860 -0.076340
v 0.040781 -0.066944 -0.039507
v 0.046448 0.029718 -0.028874
v 0.037881 0.075718 -0.044647
v 0.022678 0.113398 -0.072706
v -0.020505 0.148807 -0.152519
v -0.043805 0.142699 -0.195624
v -0.064890 0.121013 -0.234654
v -0.081473 0.086097 -0.265380
v -0.091759 0.041736 -0.284473
v -0.094632 -0.007263 -0.289863
v -0.089781 -0.055591 -0.280966
v -0.077731 -0.098010 -0.258747
v -0.059790 -0.129923 -0.225613
v -0.037899 -0.147872 -0.185154
v -0.014433 -0.149913 -0.141756
v 0.008066 -0.135823 -0.100121
v 0.027160 -0.107130 -0.064760
v 0.047450 -0.019618 -0.027096
v 0.002487 0.138674 -0.110011
v 0.084763 -0.066907 -0.063287
v 0.090430 0.029755 -0.052654
v 0.081863 0.075755 -0.068427
v 0.066661 0.113435 -0.096486
v 0.046470 0.138711 -0.133791
v 0.023478 0.148845 -0.176300
v 0.000178 0.142737 -0.219404
v -0.020906 0.121050 -0.258434
v -0.037490 0.086134 -0.289161
v -0.047775 0.041773 -0.308253
v -0.050648 -0.007226 -0.313643
v -0.045797 -0.055554 -0.304747
v -0.033748 -0.097972 -0.282527
v -0.015806 -0.129885 -0.249393
v 0.006084 -0.147835 -0.208935
v 0.029550 -0.149875 -0.165537
v 0.052049 -0.135786 -0.123901
v 0.071143 -0.107093 -0.088541
v 0.091433 -0.019581 -0.050876
v 0.115126 -0.107056 -0.112321
v 0.128746 -0.066869 -0.087067
v 0.134413 0.029792 -0.076434
v 0.125846 0.075793 -0.092207
v 0.090452 0.138749 -0.157572
v -0.006665 -0.007189 -0.337424
v 0.028177 -0.129848 -0.273174
v 0.050067 -0.147798 -0.232715
v 0.096032 -0.135749 -0.147682
v 0.135418 -0.019544 -0.074658
v 0.110645 0.113473 -0.120267
v 0.067461 0.148882 -0.200079
v 0.044160 0.142774 -0.243184
v 0.023075 0.121087 -0.282214
v 0.006491 0.086172 -0.312940
v -0.003795 0.041810 -0.332032
v -0.001816 -0.055516 -0.328526
v 0.010234 -0.097935 -0.306307
v 0.073533 -0.149838 -0.189318
v 0.159110 -0.107019 -0.136103
v 0.172731 -0.066832 -0.110850
v 0.169831 0.075830 -0.115989
v 0.134435 0.138786 -0.181353
v 0.179402 -0.019507 -0.098439
v 0.178399 0.029829 -0.100216
v 0.154628 0.113510 -0.144048
v 0.111443 0.148919 -0.223860
v 0.088142 0.142811 -0.266964
v 0.067057 0.121125 -0.305994
v 0.050473 0.086209 -0.336720
v 0.040188 0.041848 -0.355813
v 0.037315 -0.007151 -0.361203
v 0.042166 -0.055479 -0.352306
v 0.054216 -0.097898 -0.330087
v 0.072159 -0.129811 -0.296954
v 0.094050 -0.147760 -0.256496
v 0.117516 -0.149801 -0.213098
v 0.140016 -0.135711 -0.171463
v 0.111040 0.121162 -0.329775
v 0.084170 0.041885 -0.379594
v 0.098199 -0.097860 -0.353869
v 0.116141 -0.129773 -0.320735
v 0.203093 -0.106982 -0.159883
v 0.216713 -0.066795 -0.134629
v 0.223384 -0.019469 -0.122219
v 0.222381 0.029867 -0.123996
v 0.213813 0.075867 -0.139769
v 0.198610 0.113547 -0.167828
v 0.178418 0.138823 -0.205133
v 0.155426 0.148956 -0.247641
v 0.132125 0.142849 -0.290745
v 0.094457 0.086246 -0.360501
v 0.081299 -0.007114 -0.384984
v 0.086150 -0.055442 -0.376087
v 0.138032 -0.147723 -0.280277
v 0.161499 -0.149764 -0.236879
v 0.183998 -0.135674 -0.195244
v 0.199409 0.148994 -0.271422
v 0.176108 0.142886 -0.314526
v 0.155023 0.121199 -0.353556
v 0.128154 0.041922 -0.403375
v 0.125281 -0.007077 -0.408765
v 0.130132 -0.055404 -0.399868
v 0.142182 -0.097823 -0.377649
v 0.160124 -0.129736 -0.344515
v 0.182015 -0.147686 -0.304058
v -0.525233 -0.107466 0.053349
v -0.553910 -0.067279 0.052377
v -0.567989 -0.019954 0.051798
v -0.565944 0.029382 0.051674
v -0.547997 0.075382 0.052019
v -0.516093 0.113062 0.052795
v -0.473689 0.138338 0.053919
v -0.425381 0.148471 0.055268
v -0.376402 0.142363 0.056696
v -0.332062 0.120677 0.058049
v -0.297164 0.085761 0.059180
v -0.275491 0.041401 0.059966
v -0.269391 -0.007598 0.060323
v -0.279525 -0.055925 0.060211
v -0.304795 -0.098344 0.059642
v -0.342462 -0.130257 0.058679
v -0.388446 -0.148206 0.057426
v -0.437762 -0.150247 0.056018
v -0.485066 -0.136158 0.054608
v -0.377837 0.142548 0.106675
v -0.298598 0.085946 0.109159
v -0.526668 -0.107281 0.103330
v -0.555345 -0.067095 0.102357
v -0.569423 -0.019769 0.101778
v -0.567379 0.029567 0.101653
v -0.549432 0.075567 0.101997
v -0.517528 0.113246 0.102773
v -0.475124 0.138522 0.103896
v -0.426815 0.148656 0.105245
v -0.333496 0.120862 0.108027
v -0.276925 0.041585 0.109945
v -0.270825 -0.007413 0.110302
v -0.280959 -0.055741 0.110190
v -0.306229 -0.098159 0.109623
v -0.343897 -0.130072 0.108660
v -0.389880 -0.148022 0.107407
v -0.439196 -0.150062 0.105999
v -0.486501 -0.135973 0.104589
v -0.282394 -0.055555 0.160170
v -0.345331 -0.129887 0.158639
v -0.528103 -0.107095 0.153307
v -0.556779 -0.066909 0.152335
v -0.570858 -0.019584 0.151756
v -0.568813 0.029752 0.151633
v -0.550866 0.075752 0.151978
v -0.518962 0.113432 0.152754
v -0.476559 0.138708 0.153878
v -0.428250 0.148841 0.155227
v -0.379272 0.142734 0.156655
v -0.334931 0.121047 0.158008
v -0.300033 0.086132 0.159139
v -0.278360 0.041771 0.159925
v -0.272260 -0.007228 0.160281
v -0.307664 -0.097973 0.159600
v -0.391315 -0.147836 0.157383
v -0.440631 -0.149877 0.155975
v -0.487936 -0.135787 0.154566
v -0.529537 -0.106911 0.203286
v -0.570248 0.029937 0.201612
v -0.552301 0.075937 0.201957
v -0.520397 0.113617 0.202733
v -0.477993 0.138893 0.203857
v -0.380706 0.142918 0.206634
v -0.336365 0.121232 0.207987
v -0.301468 0.086316 0.209118
v -0.279794 0.041956 0.209904
v -0.309098 -0.097789 0.209579
v -0.442065 -0.149692 0.205954
v -0.558214 -0.066724 0.202315
v -0.572293 -0.019399 0.201735
v -0.429684 0.149026 0.205205
v -0.273694 -0.007043 0.210260
v -0.283828 -0.055370 0.210148
v -0.346766 -0.129702 0.208617
v -0.392749 -0.147651 0.207363
v -0.489370 -0.135603 0.204546
v -0.530972 -0.106725 0.253266
v -0.571682 0.030122 0.251591
v -0.553735 0.076122 0.251935
v -0.479428 0.139078 0.253835
v -0.431119 0.149211 0.255184
v -0.302902 0.086502 0.259096
v -0.281229 0.042141 0.259883
v -0.275129 -0.006858 0.260239
v -0.285263 -0.055185 0.260127
v -0.310533 -0.097604 0.259559
v -0.348201 -0.129517 0.258596
v -0.394184 -0.147466 0.257342
v -0.559648 -0.066539 0.252294
v -0.573727 -0.019214 0.251715
v -0.521832 0.113802 0.252712
v -0.382141 0.143104 0.256613
v -0.337800 0.121417 0.257966
v -0.443500 -0.149507 0.255934
v -0.490805 -0.135417 0.254525
v -0.561083 -0.066354 0.302273
v -0.575162 -0.019029 0.301694
v -0.523266 0.113987 0.302691
v -0.480862 0.139263 0.303814
v -0.432554 0.149396 0.305163
v -0.383575 0.143289 0.306592
v -0.339235 0.121602 0.307945
v -0.304337 0.086687 0.309075
v -0.282663 0.042326 0.309862
v -0.276563 -0.006673 0.310218
v -0.311967 -0.097418 0.309538
v -0.349635 -0.129332 0.308575
v -0.444935 -0.149322 0.305914
v -0.492239 -0.135232 0.304504
v -0.532406 -0.106540 0.303245
v -0.573117 0.030307 0.301570
v -0.555170 0.076307 0.301915
v -0.286697 -0.055000 0.310106
v -0.395619 -0.147281 0.307321
v -0.533841 -0.106355 0.353224
v -0.482297 0.139448 0.353793
v -0.277998 -0.006488 0.360197
v -0.288132 -0.054815 0.360085
v -0.313402 -0.097233 0.359517
v -0.351070 -0.129146 0.358554
v -0.397053 -0.147096 0.357301
v -0.446369 -0.149137 0.355893
v -0.493674 -0.135047 0.354483
v -0.562518 -0.066168 0.352251
v -0.576596 -0.018843 0.351672
v -0.574552 0.030493 0.351549
v -0.556605 0.076493 0.351895
v -0.524701 0.114173 0.352671
v -0.433988 0.149582 0.355144
v -0.385010 0.143474 0.356573
v -0.340669 0.121788 0.357925
v -0.305771 0.086872 0.359056
v -0.284098 0.042512 0.359841
v -0.526135 0.114357 0.402650
v -0.435423 0.149766 0.405123
v -0.386444 0.143659 0.406552
v -0.342104 0.121972 0.407904
v -0.535276 -0.106170 0.403206
v -0.563952 -0.065984 0.402233
v -0.578031 -0.018659 0.401652
v -0.575986 0.030677 0.401527
v -0.558039 0.076677 0.401871
v -0.483731 0.139633 0.403769
v -0.307206 0.087056 0.409031
v -0.285533 0.042696 0.409819
v -0.279433 -0.006303 0.410176
v -0.289567 -0.054630 0.410066
v -0.314837 -0.097049 0.409498
v -0.352504 -0.128962 0.408536
v -0.398488 -0.146911 0.407283
v -0.447804 -0.148952 0.405876
v -0.495109 -0.134863 0.404465
v -0.565387 -0.065798 0.452212
v -0.579465 -0.018473 0.451631
v -0.577421 0.030863 0.451506
v -0.559474 0.076863 0.451850
v -0.485166 0.139819 0.453748
v -0.536710 -0.105985 0.453185
v -0.527570 0.114542 0.452625
v -0.436857 0.149951 0.455097
v -0.387879 0.143844 0.456525
v -0.343538 0.122157 0.457879
v -0.308641 0.087242 0.459010
v -0.286967 0.042881 0.459798
v -0.280867 -0.006118 0.460156
v -0.291001 -0.054445 0.460045
v -0.316271 -0.096864 0.459478
v -0.353939 -0.128777 0.458515
v -0.399922 -0.146726 0.457262
v -0.449238 -0.148767 0.455855
v -0.496543 -0.134678 0.454444
v -0.486600 0.140004 0.503727
v -0.438292 0.150137 0.505076
v -0.344973 0.122343 0.507858
v -0.538145 -0.105801 0.503165
v -0.566821 -0.065614 0.502192
v -0.580900 -0.018289 0.501611
v -0.578855 0.031047 0.501485
v -0.560908 0.077047 0.501828
v -0.529004 0.114727 0.502603
v -0.389313 0.144028 0.506502
v -0.310075 0.087426 0.508988
v -0.288402 0.043066 0.509776
v -0.282302 -0.005933 0.510135
v -0.292436 -0.054260 0.510025
v -0.317706 -0.096679 0.509458
v -0.355374 -0.128592 0.508496
v -0.401357 -0.146541 0.507244
v -0.450673 -0.148582 0.505836
v -0.497978 -0.134493 0.504425
v -0.283736 -0.005746 0.560114
v -0.499412 -0.134306 0.554404
v -0.539579 -0.105615 0.553143
v -0.568256 -0.065429 0.552170
v -0.582335 -0.018104 0.551590
v -0.580290 0.031232 0.551464
v -0.562343 0.077232 0.551808
v -0.530439 0.114912 0.552583
v -0.488035 0.140188 0.553706
v -0.439727 0.150321 0.555055
v -0.390748 0.144214 0.556483
v -0.346408 0.122527 0.557837
v -0.311510 0.087612 0.558969
v -0.289836 0.043251 0.559756
v -0.293870 -0.054075 0.560003
v -0.319141 -0.096493 0.559436
v -0.356808 -0.128407 0.558474
v -0.402792 -0.146356 0.557221
v -0.452108 -0.148397 0.555813
v -0.541014 -0.105429 0.603122
v -0.583769 -0.017917 0.601569
v -0.563777 0.077419 0.601787
v -0.347842 0.122713 0.607816
v -0.312944 0.087798 0.608948
v -0.295305 -0.053889 0.609982
v -0.320575 -0.096307 0.609415
v -0.358243 -0.128220 0.608453
v -0.404226 -0.146170 0.607200
v -0.453542 -0.148210 0.605792
v -0.500847 -0.134121 0.604382
v -1.448200 0.338179 -0.854864
v -1.448200 0.277464 -0.915579
v -1.448200 0.167215 -0.981659
v -1.448200 0.126745 -0.996140
v -1.448200 0.085050 -1.006584
v -1.448200 0.042532 -1.012891
v -1.448200 -0.043332 -1.012891
v -1.448200 -0.085850 -1.006584
v -1.448200 -0.206872 -0.963282
v -1.448200 -0.243740 -0.941184
v -1.448200 -0.278264 -0.915579
v -1.448200 -0.338979 -0.854864
v -1.448200 -0.364584 -0.820340
v -1.448200 -0.386682 -0.783472
v -1.448200 -0.429984 -0.662450
v -1.448200 -0.436291 -0.619932
v -1.439825 0.435491 -0.619107
v -1.431530 0.429184 -0.660808
v -1.423396 0.418740 -0.701702
v -1.415500 0.404259 -0.741395
v -1.407920 0.385882 -0.779505
v -1.400727 0.363784 -0.815664
v -1.393991 0.338179 -0.849525
v -1.387778 0.309313 -0.880762
v -1.382147 0.277464 -0.909073
v -1.377151 0.242940 -0.934186
v -1.372840 0.206072 -0.955859
v -1.369255 0.167215 -0.973884
v -1.366430 0.126745 -0.988086
v -1.364393 0.085050 -0.998330
v -1.363162 0.042532 -1.004516
v -1.362751 -0.000400 -1.006584
v -1.363162 -0.043332 -1.004516
v -1.364393 -0.085850 -0.998330
v -1.366430 -0.127545 -0.988086
v -1.369255 -0.168015 -0.973884
v -1.372840 -0.206872 -0.955859
v -1.377151 -0.243740 -0.934186
v -1.382147 -0.278264 -0.909073
v -1.387778 -0.310113 -0.880762
v -1.393991 -0.338979 -0.849525
v -1.400727 -0.364584 -0.815664
v -1.407920 -0.386682 -0.779505
v -1.415500 -0.405059 -0.741395
v -1.423396 -0.419540 -0.701702
v -1.431530 -0.429984 -0.660808
v -1.439825 -0.436291 -0.619107
v -1.431771 0.435491 -0.616664
v -1.415500 0.429184 -0.655945
v -1.399544 0.418740 -0.694466
v -1.384057 0.404259 -0.731857
v -1.369187 0.385882 -0.767755
v -1.355078 0.363784 -0.801817
v -1.341866 0.338179 -0.833713
v -1.329678 0.309313 -0.863137
v -1.318632 0.277464 -0.889806
v -1.308833 0.242940 -0.913462
v -1.300377 0.206072 -0.933878
v -1.293344 0.167215 -0.950857
v -1.287802 0.126745 -0.964235
v -1.283805 0.085050 -0.973884
v -1.281392 0.042532 -0.979711
v -1.280585 -0.000400 -0.981659
v -1.281392 -0.043332 -0.979711
v -1.283805 -0.085850 -0.973884
v -1.287802 -0.127545 -0.964235
v -1.293344 -0.168015 -0.950857
v -1.300377 -0.206872 -0.933878
v -1.308833 -0.243740 -0.913462
v -1.318632 -0.278264 -0.889806
v -1.329678 -0.310113 -0.863137
v -1.341866 -0.338979 -0.833713
v -1.355078 -0.364584 -0.801817
v -1.369187 -0.386682 -0.767755
v -1.384057 -0.405059 -0.731857
v -1.399544 -0.419540 -0.694466
v -1.415500 -0.429984 -0.655945
v -1.431771 -0.436291 -0.616664
v -1.424349 0.435491 -0.612696
v -1.400727 0.429184 -0.648049
v -1.377562 0.418740 -0.682717
v -1.355078 0.404259 -0.716367
v -1.333491 0.385882 -0.748675
v -1.313008 0.363784 -0.779330
v -1.293827 0.338179 -0.808036
v -1.276133 0.309313 -0.834517
v -1.260096 0.277464 -0.858518
v -1.245871 0.242940 -0.879808
v -1.233594 0.206072 -0.898181
v -1.223384 0.167215 -0.913462
v -1.215339 0.126745 -0.925502
v -1.209536 0.085050 -0.934186
v -1.206032 0.042532 -0.939430
v -1.204860 -0.000400 -0.941184
v -1.206032 -0.043332 -0.939430
v -1.209536 -0.085850 -0.934186
v -1.215339 -0.127545 -0.925502
v -1.223384 -0.168015 -0.913462
v -1.233594 -0.206872 -0.898181
v -1.245871 -0.243740 -0.879808
v -1.260096 -0.278264 -0.858518
v -1.276133 -0.310113 -0.834517
v -1.293827 -0.338979 -0.808036
v -1.313008 -0.364584 -0.779330
v -1.333491 -0.386682 -0.748675
v -1.355078 -0.405059 -0.716367
v -1.377562 -0.419540 -0.682717
v -1.400727 -0.429984 -0.648049
v -1.424349 -0.436291 -0.612696
v -1.417843 0.435491 -0.607357
v -1.387778 0.429184 -0.637422
v -1.358295 0.418740 -0.666905
v -1.329678 0.404259 -0.695522
v -1.302203 0.385882 -0.722998
v -1.276133 0.363784 -0.749067
v -1.251720 0.338179 -0.773480
v -1.229200 0.309313 -0.796000
v -1.208789 0.277464 -0.816411
v -1.190683 0.242940 -0.834517
v -1.175058 0.206072 -0.850142
v -1.162063 0.167215 -0.863137
v -1.151824 0.126745 -0.873377
v -1.144438 0.085050 -0.880762
v -1.139979 0.042532 -0.885222
v -1.138487 -0.000400 -0.886713
v -1.139979 -0.043332 -0.885222
v -1.144438 -0.085850 -0.880762
v -1.151824 -0.127545 -0.873377
v -1.162063 -0.168015 -0.863137
v -1.175058 -0.206872 -0.850142
v -1.190683 -0.243740 -0.834517
v -1.208789 -0.278264 -0.816411
v -1.229200 -0.310113 -0.796000
v -1.251720 -0.338979 -0.773480
v -1.276133 -0.364584 -0.749067
v -1.302203 -0.386682 -0.722998
v -1.329678 -0.405059 -0.695522
v -1.358295 -0.419540 -0.666905
v -1.387778 -0.429984 -0.637422
v -1.417843 -0.436291 -0.607357
v -1.412504 0.435491 -0.600852
v -1.377151 0.429184 -0.624473
v -1.342483 0.418740 -0.647638
v -1.308833 0.404259 -0.670122
v -1.276525 0.385882 -0.691710
v -1.245870 0.363784 -0.712192
v -1.217165 0.338179 -0.731373
v -1.190683 0.309313 -0.749067
v -1.166682 0.277464 -0.765104
v -1.145392 0.242940 -0.779330
v -1.127019 0.206072 -0.791607
v -1.111738 0.167215 -0.801817
v -1.099698 0.126745 -0.809862
v -1.091014 0.085050 -0.815664
v -1.085770 0.042532 -0.819168
v -1.084016 -0.000400 -0.820340
v -1.085770 -0.043332 -0.819168
v -1.091014 -0.085850 -0.815664
v -1.099698 -0.127545 -0.809862
v -1.111738 -0.168015 -0.801817
v -1.127019 -0.206872 -0.791607
v -1.145392 -0.243740 -0.779330
v -1.166682 -0.278264 -0.765104
v -1.190683 -0.310113 -0.749067
v -1.217165 -0.338979 -0.731373
v -1.245870 -0.364584 -0.712192
v -1.276525 -0.386682 -0.691710
v -1.308833 -0.405059 -0.670122
v -1.342483 -0.419540 -0.647638
v -1.377151 -0.429984 -0.624473
v -1.412504 -0.436291 -0.600852
v -1.408537 0.435491 -0.593429
v -1.369255 0.429184 -0.609700
v -1.330734 0.418740 -0.625656
v -1.293344 0.404259 -0.641144
v -1.257445 0.385882 -0.656013
v -1.223384 0.363784 -0.670122
v -1.191487 0.338179 -0.683334
v -1.162063 0.309313 -0.695522
v -1.135394 0.277464 -0.706568
v -1.111738 0.242940 -0.716367
v -1.091323 0.206072 -0.724824
v -1.074344 0.167215 -0.731857
v -1.060965 0.126745 -0.737398
v -1.051316 0.085050 -0.741395
v -1.045490 0.042532 -0.743808
v -1.043541 -0.000400 -0.744615
v -1.045490 -0.043332 -0.743808
v -1.051316 -0.085850 -0.741395
v -1.060965 -0.127545 -0.737398
v -1.074344 -0.168015 -0.731857
v -1.091323 -0.206872 -0.724824
v -1.111738 -0.243740 -0.716367
v -1.135394 -0.278264 -0.706568
v -1.162063 -0.310113 -0.695522
v -1.191487 -0.338979 -0.683334
v -1.223384 -0.364584 -0.670122
v -1.257445 -0.386682 -0.656013
v -1.293344 -0.405059 -0.641144
v -1.330734 -0.419540 -0.625656
v -1.369255 -0.429984 -0.609700
v -1.408537 -0.436291 -0.593429
v -1.406094 0.435491 -0.585376
v -1.364393 0.429184 -0.593670
v -1.323499 0.418740 -0.601805
v -1.283805 0.404259 -0.609700
v -1.245696 0.385882 -0.617281
v -1.209536 0.363784 -0.624473
v -1.175675 0.338179 -0.631209
v -1.144438 0.309313 -0.637422
v -1.116127 0.277464 -0.643054
v -1.091014 0.242940 -0.648049
v -1.069341 0.206072 -0.652360
v -1.051316 0.167215 -0.655945
v -1.037114 0.126745 -0.658770
v -1.026870 0.085050 -0.660808
v -1.020685 0.042532 -0.662038
v -1.018616 -0.000400 -0.662450
v -1.020685 -0.043332 -0.662038
v -1.026870 -0.085850 -0.660808
v -1.037114 -0.127545 -0.658770
v -1.051316 -0.168015 -0.655945
v -1.069341 -0.206872 -0.652360
v -1.091014 -0.243740 -0.648049
v -1.116127 -0.278264 -0.643054
v -1.144438 -0.310113 -0.637422
v -1.175675 -0.338979 -0.631209
v -1.209536 -0.364584 -0.624473
v -1.245696 -0.386682 -0.617281
v -1.283805 -0.405059 -0.609700
v -1.323499 -0.419540 -0.601805
v -1.364393 -0.429984 -0.593670
v -1.406094 -0.436291 -0.585376
v -1.405269 0.435491 -0.577000
v -1.362751 0.429184 -0.577000
v -1.321056 0.418740 -0.577000
v -1.280585 0.404259 -0.577000
v -1.241728 0.385882 -0.577000
v -1.204860 0.363784 -0.577000
v -1.170336 0.338179 -0.577000
v -1.138487 0.309313 -0.577000
v -1.109622 0.277464 -0.577000
v -1.084017 0.242940 -0.577000
v -1.061919 0.206072 -0.577000
v -1.043541 0.167215 -0.577000
v -1.029060 0.126745 -0.577000
v -1.018616 0.085050 -0.577000
v -1.012309 0.042532 -0.577000
v -1.010200 -0.000400 -0.577000
v -1.012309 -0.043332 -0.577000
v -1.018616 -0.085850 -0.577000
v -1.029060 -0.127545 -0.577000
v -1.043541 -0.168015 -0.577000
v -1.061919 -0.206872 -0.577000
v -1.084017 -0.243740 -0.577000
v -1.109622 -0.278264 -0.577000
v -1.138487 -0.310113 -0.577000
v -1.170336 -0.338979 -0.577000
v -1.204860 -0.364584 -0.577000
v -1.241728 -0.386682 -0.577000
v -1.280585 -0.405059 -0.577000
v -1.321056 -0.419540 -0.577000
v -1.362751 -0.429984 -0.577000
v -1.405269 -0.436291 -0.577000
v -1.406094 0.435491 -0.568625
v -1.364393 0.429184 -0.560330
v -1.323499 0.418740 -0.552195
v -1.283805 0.404259 -0.544300
v -1.245696 0.385882 -0.536720
v -1.209536 0.363784 -0.529527
v -1.175675 0.338179 -0.522791
v -1.144439 0.309313 -0.516578
v -1.116127 0.277464 -0.510947
v -1.091014 0.242940 -0.505951
v -1.069341 0.206072 -0.501640
v -1.051316 0.167215 -0.498055
v -1.037114 0.126745 -0.495230
v -1.026871 0.085050 -0.493192
v -1.020685 0.042532 -0.491962
v -1.018616 -0.000400 -0.491550
v -1.020685 -0.043332 -0.491962
v -1.026871 -0.085850 -0.493192
v -1.037114 -0.127545 -0.495230
v -1.051316 -0.168015 -0.498055
v -1.069341 -0.206872 -0.501640
v -1.091014 -0.243740 -0.505951
v -1.116127 -0.278264 -0.510947
v -1.144439 -0.310113 -0.516578
v -1.175675 -0.338979 -0.522791
v -1.209536 -0.364584 -0.529527
v -1.245696 -0.386682 -0.536720
v -1.283805 -0.405059 -0.544300
v -1.323499 -0.419540 -0.552195
v -1.364393 -0.429984 -0.560330
v -1.406094 -0.436291 -0.568625
v -1.408537 0.435491 -0.560571
v -1.369255 0.429184 -0.544300
v -1.330734 0.418740 -0.528344
v -1.293344 0.404259 -0.512856
v -1.257445 0.385882 -0.497987
v -1.223384 0.363784 -0.483878
v -1.191487 0.338179 -0.470666
v -1.162063 0.309313 -0.458478
v -1.135394 0.277464 -0.447432
v -1.111738 0.242940 -0.437633
v -1.091323 0.206072 -0.429177
v -1.074344 0.167215 -0.422144
v -1.060965 0.126745 -0.416602
v -1.051316 0.085050 -0.412605
v -1.045490 0.042532 -0.410192
v -1.043541 -0.000400 -0.409385
v -1.045490 -0.043332 -0.410192
v -1.051316 -0.085850 -0.412605
v -1.060965 -0.127545 -0.416602
v -1.074344 -0.168015 -0.422144
v -1.091323 -0.206872 -0.429177
v -1.111738 -0.243740 -0.437633
v -1.135394 -0.278264 -0.447432
v -1.162063 -0.310113 -0.458478
v -1.191487 -0.338979 -0.470666
v -1.223384 -0.364584 -0.483878
v -1.257445 -0.386682 -0.497987
v -1.293344 -0.405059 -0.512856
v -1.330734 -0.419540 -0.528344
v -1.369255 -0.429984 -0.544300
v -1.408537 -0.436291 -0.560571
v -1.412504 0.435491 -0.553149
v -1.377151 0.429184 -0.529527
v -1.342483 0.418740 -0.506362
v -1.308833 0.404259 -0.483878
v -1.276525 0.385882 -0.462290
v -1.245871 0.363784 -0.441808
v -1.217165 0.338179 -0.422627
v -1.190683 0.309313 -0.404933
v -1.166682 0.277464 -0.388896
v -1.145393 0.242940 -0.374670
v -1.127019 0.206072 -0.362394
v -1.111738 0.167215 -0.352183
v -1.099698 0.126745 -0.344138
v -1.091014 0.085050 -0.338336
v -1.085770 0.042532 -0.334832
v -1.084017 -0.000400 -0.333660
v -1.085770 -0.043332 -0.334832
v -1.091014 -0.085850 -0.338336
v -1.099698 -0.127545 -0.344138
v -1.111738 -0.168015 -0.352183
v -1.127019 -0.206872 -0.362394
v -1.145393 -0.243740 -0.374670
v -1.166682 -0.278264 -0.388896
v -1.190683 -0.310113 -0.404933
v -1.217165 -0.338979 -0.422627
v -1.245871 -0.364584 -0.441808
v -1.276525 -0.386682 -0.462290
v -1.308833 -0.405059 -0.483878
v -1.342483 -0.419540 -0.506362
v -1.377151 -0.429984 -0.529527
v -1.412504 -0.436291 -0.553149
v -1.417843 0.435491 -0.546643
v -1.387778 0.429184 -0.516578
v -1.358295 0.418740 -0.487095
v -1.329678 0.404259 -0.458478
v -1.302203 0.385882 -0.431003
v -1.276133 0.363784 -0.404933
v -1.251721 0.338179 -0.380520
v -1.229200 0.309313 -0.358000
v -1.208789 0.277464 -0.337589
v -1.190683 0.242940 -0.319483
v -1.175058 0.206072 -0.303858
v -1.162063 0.167215 -0.290863
v -1.151824 0.126745 -0.280623
v -1.144439 0.085050 -0.273238
v -1.139979 0.042532 -0.268779
v -1.138488 -0.000400 -0.267287
v -1.139979 -0.043332 -0.268779
v -1.144439 -0.085850 -0.273238
v -1.151824 -0.127545 -0.280623
v -1.162063 -0.168015 -0.290863
v -1.175058 -0.206872 -0.303858
v -1.190683 -0.243740 -0.319483
v -1.208789 -0.278264 -0.337589
v -1.229200 -0.310113 -0.358000
v -1.251721 -0.338979 -0.380520
v -1.276133 -0.364584 -0.404933
v -1.302203 -0.386682 -0.431003
v -1.329678 -0.405059 -0.458478
v -1.358295 -0.419540 -0.487095
v -1.387778 -0.429984 -0.516578
v -1.417843 -0.436291 -0.546643
v -1.424349 0.435491 -0.541304
v -1.400727 0.429184 -0.505951
v -1.377562 0.418740 -0.471283
v -1.355078 0.404259 -0.437633
v -1.333491 0.385882 -0.405325
v -1.313008 0.363784 -0.374670
v -1.293827 0.338179 -0.345964
v -1.276133 0.309313 -0.319483
v -1.260096 0.277464 -0.295482
v -1.245871 0.242940 -0.274192
v -1.233594 0.206072 -0.255819
v -1.223384 0.167215 -0.240538
v -1.215339 0.126745 -0.228498
v -1.209536 0.085050 -0.219814
v -1.206032 0.042532 -0.214570
v -1.204861 -0.000400 -0.212816
v -1.206032 -0.043332 -0.214570
v -1.209536 -0.085850 -0.219814
v -1.215339 -0.127545 -0.228498
v -1.223384 -0.168015 -0.240538
v -1.233594 -0.206872 -0.255819
v -1.245871 -0.243740 -0.274192
v -1.260096 -0.278264 -0.295482
v -1.276133 -0.310113 -0.319483
v -1.293827 -0.338979 -0.345964
v -1.313008 -0.364584 -0.374670
v -1.333491 -0.386682 -0.405325
v -1.355078 -0.405059 -0.437633
v -1.377562 -0.419540 -0.471283
v -1.400727 -0.429984 -0.505951
v -1.424349 -0.436291 -0.541304
v -1.431771 0.435491 -0.537337
v -1.415500 0.429184 -0.498055
v -1.399544 0.418740 -0.459534
v -1.384057 0.404259 -0.422144
v -1.369187 0.385882 -0.386245
v -1.355078 0.363784 -0.352183
v -1.341866 0.338179 -0.320287
v -1.329678 0.309313 -0.290863
v -1.318632 0.277464 -0.264194
v -1.308833 0.242940 -0.240538
v -1.300377 0.206072 -0.220123
v -1.293344 0.167215 -0.203144
v -1.287802 0.126745 -0.189765
v -1.283806 0.085050 -0.180116
v -1.281392 0.042532 -0.174289
v -1.280585 -0.000400 -0.172341
v -1.281392 -0.043332 -0.174289
v -1.283806 -0.085850 -0.180116
v -1.287802 -0.127545 -0.189765
v -1.293344 -0.168015 -0.203144
v -1.300377 -0.206872 -0.220123
v -1.308833 -0.243740 -0.240538
v -1.318632 -0.278264 -0.264194
v -1.329678 -0.310113 -0.290863
v -1.341866 -0.338979 -0.320287
v -1.355078 -0.364584 -0.352183
v -1.369187 -0.386682 -0.386245
v -1.384057 -0.405059 -0.422144
v -1.399544 -0.419540 -0.459534
v -1.415500 -0.429984 -0.498055
v -1.431771 -0.436291 -0.537337
v -1.439825 0.435491 -0.534894
v -1.431530 0.429184 -0.493192
v -1.423396 0.418740 -0.452298
v -1.415500 0.404259 -0.412605
v -1.407920 0.385882 -0.374496
v -1.400727 0.363784 -0.338336
v -1.393992 0.338179 -0.304475
v -1.387778 0.309313 -0.273238
v -1.382147 0.277464 -0.244927
v -1.377151 0.242940 -0.219814
v -1.372840 0.206072 -0.198141
v -1.369255 0.167215 -0.180116
v -1.366430 0.126745 -0.165914
v -1.364393 0.085050 -0.155671
v -1.363162 0.042532 -0.149485
v -1.362751 -0.000400 -0.147416
v -1.363162 -0.043332 -0.149485
v -1.364393 -0.085850 -0.155671
v -1.366430 -0.127545 -0.165914
v -1.369255 -0.168015 -0.180116
v -1.372840 -0.206872 -0.198141
v -1.377151 -0.243740 -0.219814
v -1.382147 -0.278264 -0.244927
v -1.387778 -0.310113 -0.273238
v -1.393992 -0.338979 -0.304475
v -1.400727 -0.364584 -0.338336
v -1.407920 -0.386682 -0.374496
v -1.415500 -0.405059 -0.412605
v -1.423396 -0.419540 -0.452298
v -1.431530 -0.429984 -0.493192
v -1.439825 -0.436291 -0.534894
v -1.448200 0.435491 -0.534069
v -1.448200 0.429184 -0.491551
v -1.448200 0.418740 -0.449855
v -1.448200 0.404259 -0.409385
v -1.448200 0.385882 -0.370528
v -1.448200 0.363784 -0.333660
v -1.448200 0.338179 -0.299136
v -1.448200 0.309313 -0.267287
v -1.448200 0.277464 -0.238422
v -1.448200 0.242940 -0.212816
v -1.448200 0.206072 -0.190719
v -1.448200 0.167215 -0.172341
v -1.448200 0.126745 -0.157860
v -1.448200 0.085050 -0.147416
v -1.448200 0.042532 -0.141109
v -1.448200 -0.000400 -0.139000
v -1.448200 -0.043332 -0.141109
v -1.448200 -0.085850 -0.147416
v -1.448200 -0.127545 -0.157860
v -1.448200 -0.168015 -0.172341
v -1.448200 -0.206872 -0.190719
v -1.448200 -0.243740 -0.212816
v -1.448200 -0.278264 -0.238422
v -1.448200 -0.310113 -0.267287
v -1.448200 -0.338979 -0.299136
v -1.448200 -0.364584 -0.333660
v -1.448200 -0.386682 -0.370528
v -1.448200 -0.405059 -0.409385
v -1.448200 -0.419540 -0.449855
v -1.448200 -0.429984 -0.491551
v -1.448200 -0.436291 -0.534069
v -1.448200 -0.438400 -0.577000
v -1.448200 0.437600 -0.577000
v -1.456576 0.435491 -0.534894
v -1.464871 0.429184 -0.493192
v -1.473005 0.418740 -0.452298
v -1.480900 0.404259 -0.412605
v -1.488481 0.385882 -0.374496
v -1.495674 0.363784 -0.338336
v -1.502409 0.338179 -0.304475
v -1.508622 0.309313 -0.273238
v -1.514254 0.277464 -0.244927
v -1.519249 0.242940 -0.219814
v -1.523560 0.206072 -0.198141
v -1.527145 0.167215 -0.180116
v -1.529970 0.126745 -0.165914
v -1.532008 0.085050 -0.155671
v -1.533238 0.042532 -0.149485
v -1.533650 -0.000400 -0.147416
v -1.533238 -0.043332 -0.149485
v -1.532008 -0.085850 -0.155671
v -1.529970 -0.127545 -0.165914
v -1.527145 -0.168015 -0.180116
v -1.523560 -0.206872 -0.198141
v -1.519249 -0.243740 -0.219814
v -1.514254 -0.278264 -0.244927
v -1.508622 -0.310113 -0.273238
v -1.502409 -0.338979 -0.304475
v -1.495674 -0.364584 -0.338336
v -1.488481 -0.386682 -0.374496
v -1.480900 -0.405059 -0.412605
v -1.473005 -0.419540 -0.452298
v -1.464871 -0.429984 -0.493192
v -1.456576 -0.436291 -0.534894
v -1.464629 0.435491 -0.537337
v -1.480900 0.429184 -0.498055
v -1.496856 0.418740 -0.459534
v -1.512344 0.404259 -0.422144
v -1.527214 0.385882 -0.386245
v -1.541322 0.363784 -0.352184
v -1.554534 0.338179 -0.320287
v -1.566722 0.309313 -0.290863
v -1.577769 0.277464 -0.264194
v -1.587567 0.242940 -0.240538
v -1.596024 0.206072 -0.220123
v -1.603057 0.167215 -0.203144
v -1.608598 0.126745 -0.189765
v -1.612595 0.085050 -0.180116
v -1.615008 0.042532 -0.174290
v -1.615816 -0.000400 -0.172341
v -1.615008 -0.043332 -0.174290
v -1.612595 -0.085850 -0.180116
v -1.608598 -0.127545 -0.189765
v -1.603057 -0.168015 -0.203144
v -1.596024 -0.206872 -0.220123
v -1.587567 -0.243740 -0.240538
v -1.577769 -0.278264 -0.264194
v -1.566722 -0.310113 -0.290863
v -1.554534 -0.338979 -0.320287
v -1.541322 -0.364584 -0.352184
v -1.527214 -0.386682 -0.386245
v -1.512344 -0.405059 -0.422144
v -1.496856 -0.419540 -0.459534
v -1.480900 -0.429984 -0.498055
v -1.464629 -0.436291 -0.537337
v -1.472052 0.435491 -0.541304
v -1.495673 0.429184 -0.505951
v -1.518838 0.418740 -0.471283
v -1.541322 0.404259 -0.437633
v -1.562910 0.385882 -0.405325
v -1.583393 0.363784 -0.374671
v -1.602573 0.338179 -0.345965
v -1.620267 0.309313 -0.319483
v -1.636304 0.277464 -0.295482
v -1.650530 0.242940 -0.274193
v -1.662807 0.206072 -0.255819
v -1.673017 0.167215 -0.240538
v -1.681062 0.126745 -0.228498
v -1.686864 0.085050 -0.219814
v -1.690368 0.042532 -0.214570
v -1.691540 -0.000400 -0.212817
v -1.690368 -0.043332 -0.214570
v -1.686864 -0.085850 -0.219814
v -1.681062 -0.127545 -0.228498
v -1.673017 -0.168015 -0.240538
v -1.662807 -0.206872 -0.255819
v -1.650530 -0.243740 -0.274193
v -1.636304 -0.278264 -0.295482
v -1.620267 -0.310113 -0.319483
v -1.602573 -0.338979 -0.345965
v -1.583393 -0.364584 -0.374671
v -1.562910 -0.386682 -0.405325
v -1.541322 -0.405059 -0.437633
v -1.518838 -0.419540 -0.471283
v -1.495673 -0.429984 -0.505951
v -1.472052 -0.436291 -0.541304
v -1.478557 0.435491 -0.546643
v -1.508622 0.429184 -0.516578
v -1.538105 0.418740 -0.487095
v -1.566722 0.404259 -0.458478
v -1.594198 0.385882 -0.431003
v -1.620267 0.363784 -0.404933
v -1.644680 0.338179 -0.380520
v -1.667200 0.309313 -0.358000
v -1.687611 0.277464 -0.337589
v -1.705717 0.242940 -0.319483
v -1.721342 0.206072 -0.303858
v -1.734337 0.167215 -0.290863
v -1.744577 0.126745 -0.280624
v -1.751962 0.085050 -0.273238
v -1.756421 0.042532 -0.268779
v -1.757913 -0.000400 -0.267288
v -1.756421 -0.043332 -0.268779
v -1.751962 -0.085850 -0.273238
v -1.744577 -0.127545 -0.280624
v -1.734337 -0.168015 -0.290863
v -1.721342 -0.206872 -0.303858
v -1.705717 -0.243740 -0.319483
v -1.687611 -0.278264 -0.337589
v -1.667200 -0.310113 -0.358000
v -1.644680 -0.338979 -0.380520
v -1.620267 -0.364584 -0.404933
v -1.594198 -0.386682 -0.431003
v -1.566722 -0.405059 -0.458478
v -1.538105 -0.419540 -0.487095
v -1.508622 -0.429984 -0.516578
v -1.478557 -0.436291 -0.546643
v -1.483896 0.435491 -0.553149
v -1.519249 0.429184 -0.529527
v -1.553917 0.418740 -0.506362
v -1.587567 0.404259 -0.483878
v -1.619875 0.385882 -0.462291
v -1.650530 0.363784 -0.441808
v -1.679236 0.338179 -0.422627
v -1.705717 0.309313 -0.404933
v -1.729718 0.277464 -0.388896
v -1.751008 0.242940 -0.374671
v -1.769381 0.206072 -0.362394
v -1.784662 0.167215 -0.352183
v -1.796702 0.126745 -0.344139
v -1.805386 0.085050 -0.338336
v -1.810630 0.042532 -0.334832
v -1.812384 -0.000400 -0.333661
v -1.810630 -0.043332 -0.334832
v -1.805386 -0.085850 -0.338336
v -1.796702 -0.127545 -0.344139
v -1.784662 -0.168015 -0.352183
v -1.769381 -0.206872 -0.362394
v -1.751008 -0.243740 -0.374671
v -1.729718 -0.278264 -0.388896
v -1.705717 -0.310113 -0.404933
v -1.679236 -0.338979 -0.422627
v -1.650530 -0.364584 -0.441808
v -1.619875 -0.386682 -0.462291
v -1.587567 -0.405059 -0.483878
v -1.553917 -0.419540 -0.506362
v -1.519249 -0.429984 -0.529527
v -1.483896 -0.436291 -0.553149
v -1.487864 0.435491 -0.560571
v -1.527145 0.429184 -0.544300
v -1.565666 0.418740 -0.528344
v -1.603057 0.404259 -0.512857
v -1.638955 0.385882 -0.497987
v -1.673017 0.363784 -0.483878
v -1.704913 0.338179 -0.470666
v -1.734337 0.309313 -0.458478
v -1.761006 0.277464 -0.447432
v -1.784662 0.242940 -0.437633
v -1.805078 0.206072 -0.429177
v -1.822057 0.167215 -0.422144
v -1.835435 0.126745 -0.416602
v -1.845084 0.085050 -0.412606
v -1.850911 0.042532 -0.410192
v -1.852859 -0.000400 -0.409385
v -1.850911 -0.043332 -0.410192
v -1.845084 -0.085850 -0.412606
v -1.835435 -0.127545 -0.416602
v -1.822057 -0.168015 -0.422144
v -1.805078 -0.206872 -0.429177
v -1.784662 -0.243740 -0.437633
v -1.761006 -0.278264 -0.447432
v -1.734337 -0.310113 -0.458478
v -1.704913 -0.338979 -0.470666
v -1.673017 -0.364584 -0.483878
v -1.638955 -0.386682 -0.497987
v -1.603057 -0.405059 -0.512857
v -1.565666 -0.419540 -0.528344
v -1.527145 -0.429984 -0.544300
v -1.487864 -0.436291 -0.560571
v -1.490307 0.435491 -0.568625
v -1.532008 0.429184 -0.560330
v -1.572902 0.418740 -0.552195
v -1.612595 0.404259 -0.544300
v -1.650705 0.385882 -0.536720
v -1.686864 0.363784 -0.529527
v -1.720725 0.338179 -0.522792
v -1.751962 0.309313 -0.516578
v -1.780273 0.277464 -0.510947
v -1.805386 0.242940 -0.505952
v -1.827059 0.206072 -0.501640
v -1.845084 0.167215 -0.498055
v -1.859286 0.126745 -0.495230
v -1.869530 0.085050 -0.493193
v -1.875715 0.042532 -0.491962
v -1.877784 -0.000400 -0.491551
v -1.875715 -0.043332 -0.491962
v -1.869530 -0.085850 -0.493193
v -1.859286 -0.127545 -0.495230
v -1.845084 -0.168015 -0.498055
v -1.827059 -0.206872 -0.501640
v -1.805386 -0.243740 -0.505952
v -1.780273 -0.278264 -0.510947
v -1.751962 -0.310113 -0.516578
v -1.720725 -0.338979 -0.522792
v -1.686864 -0.364584 -0.529527
v -1.650705 -0.386682 -0.536720
v -1.612595 -0.405059 -0.544300
v -1.572902 -0.419540 -0.552195
v -1.532008 -0.429984 -0.560330
v -1.490307 -0.436291 -0.568625
v -1.491132 0.435491 -0.577000
v -1.533650 0.429184 -0.577000
v -1.575345 0.418740 -0.577000
v -1.615816 0.404259 -0.577000
v -1.654672 0.385882 -0.577000
v -1.691540 0.363784 -0.577000
v -1.726064 0.338179 -0.577000
v -1.757913 0.309313 -0.577000
v -1.786779 0.277464 -0.577000
v -1.812384 0.242940 -0.577000
v -1.834482 0.206072 -0.577000
v -1.852859 0.167215 -0.577000
v -1.867340 0.126745 -0.577000
v -1.877784 0.085050 -0.577000
v -1.884091 0.042532 -0.577000
v -1.886200 -0.000400 -0.577000
v -1.884091 -0.043332 -0.577000
v -1.877784 -0.085850 -0.577000
v -1.867340 -0.127545 -0.577000
v -1.852859 -0.168015 -0.577000
v -1.834482 -0.206872 -0.577000
v -1.812384 -0.243740 -0.577000
v -1.786779 -0.278264 -0.577000
v -1.757913 -0.310113 -0.577000
v -1.726064 -0.338979 -0.577000
v -1.691540 -0.364584 -0.577000
v -1.654672 -0.386682 -0.577000
v -1.615816 -0.405059 -0.577000
v -1.575345 -0.419540 -0.577000
v -1.533650 -0.429984 -0.577000
v -1.491132 -0.436291 -0.577000
v -1.490307 0.435491 -0.585376
v -1.532008 0.429184 -0.593670
v -1.572902 0.418740 -0.601805
v -1.612595 0.404259 -0.609700
v -1.650705 0.385882 -0.617281
v -1.686864 0.363784 -0.624473
v -1.720725 0.338179 -0.631209
v -1.751962 0.309313 -0.637422
v -1.780273 0.277464 -0.643054
v -1.805386 0.242940 -0.648049
v -1.827059 0.206072 -0.652360
v -1.845084 0.167215 -0.655945
v -1.859286 0.126745 -0.658770
v -1.869530 0.085050 -0.660808
v -1.875715 0.042532 -0.662038
v -1.877784 -0.000400 -0.662450
v -1.875715 -0.043332 -0.662038
v -1.869530 -0.085850 -0.660808
v -1.859286 -0.127545 -0.658770
v -1.845084 -0.168015 -0.655945
v -1.827059 -0.206872 -0.652360
v -1.805386 -0.243740 -0.648049
v -1.780273 -0.278264 -0.643054
v -1.751962 -0.310113 -0.637422
v -1.720725 -0.338979 -0.631209
v -1.686864 -0.364584 -0.624473
v -1.650705 -0.386682 -0.617281
v -1.612595 -0.405059 -0.609700
v -1.572902 -0.419540 -0.601805
v -1.532008 -0.429984 -0.593670
v -1.490307 -0.436291 -0.585376
v -1.487864 0.435491 -0.593429
v -1.527145 0.429184 -0.609700
v -1.565666 0.418740 -0.625656
v -1.603057 0.404259 -0.641144
v -1.638955 0.385882 -0.656013
v -1.673017 0.363784 -0.670122
v -1.704913 0.338179 -0.683334
v -1.734337 0.309313 -0.695522
v -1.761006 0.277464 -0.706569
v -1.784662 0.242940 -0.716367
v -1.805078 0.206072 -0.724824
v -1.822057 0.167215 -0.731856
v -1.835435 0.126745 -0.737398
v -1.845084 0.085050 -0.741395
v -1.850911 0.042532 -0.743808
v -1.852859 -0.000400 -0.744616
v -1.850911 -0.043332 -0.743808
v -1.845084 -0.085850 -0.741395
v -1.835435 -0.127545 -0.737398
v -1.822057 -0.168015 -0.731856
v -1.805078 -0.206872 -0.724824
v -1.784662 -0.243740 -0.716367
v -1.761006 -0.278264 -0.706569
v -1.734337 -0.310113 -0.695522
v -1.704913 -0.338979 -0.683334
v -1.673017 -0.364584 -0.670122
v -1.638955 -0.386682 -0.656013
v -1.603057 -0.405059 -0.641144
v -1.565666 -0.419540 -0.625656
v -1.527145 -0.429984 -0.609700
v -1.487864 -0.436291 -0.593429
v -1.483896 0.435491 -0.600852
v -1.519249 0.429184 -0.624473
v -1.553917 0.418740 -0.647638
v -1.587567 0.404259 -0.670122
v -1.619875 0.385882 -0.691710
v -1.650530 0.363784 -0.712192
v -1.679236 0.338179 -0.731373
v -1.705717 0.309313 -0.749067
v -1.729718 0.277464 -0.765104
v -1.751008 0.242940 -0.779330
v -1.769381 0.206072 -0.791607
v -1.784662 0.167215 -0.801817
v -1.796702 0.126745 -0.809862
v -1.805386 0.085050 -0.815664
v -1.810630 0.042532 -0.819168
v -1.812384 -0.000400 -0.820340
v -1.810630 -0.043332 -0.819168
v -1.805386 -0.085850 -0.815664
v -1.796702 -0.127545 -0.809862
v -1.784662 -0.168015 -0.801817
v -1.769381 -0.206872 -0.791607
v -1.751008 -0.243740 -0.779330
v -1.729718 -0.278264 -0.765104
v -1.705717 -0.310113 -0.749067
v -1.679236 -0.338979 -0.731373
v -1.650530 -0.364584 -0.712192
v -1.619875 -0.386682 -0.691710
v -1.587567 -0.405059 -0.670122
v -1.553917 -0.419540 -0.647638
v -1.519249 -0.429984 -0.624473
v -1.483896 -0.436291 -0.600852
v -1.478557 0.435491 -0.607357
v -1.508622 0.429184 -0.637422
v -1.538105 0.418740 -0.666905
v -1.566722 0.404259 -0.695522
v -1.594198 0.385882 -0.722998
v -1.620267 0.363784 -0.749067
v -1.644680 0.338179 -0.773480
v -1.667200 0.309313 -0.796000
v -1.687611 0.277464 -0.816411
v -1.705717 0.242940 -0.834517
v -1.721342 0.206072 -0.850142
v -1.734337 0.167215 -0.863137
v -1.744577 0.126745 -0.873377
v -1.751962 0.085050 -0.880762
v -1.756421 0.042532 -0.885221
v -1.757913 -0.000400 -0.886713
v -1.756421 -0.043332 -0.885221
v -1.751962 -0.085850 -0.880762
v -1.744577 -0.127545 -0.873377
v -1.734337 -0.168015 -0.863137
v -1.721342 -0.206872 -0.850142
v -1.705717 -0.243740 -0.834517
v -1.687611 -0.278264 -0.816411
v -1.667200 -0.310113 -0.796000
v -1.644680 -0.338979 -0.773480
v -1.620267 -0.364584 -0.749067
v -1.594198 -0.386682 -0.722998
v -1.566722 -0.405059 -0.695522
v -1.538105 -0.419540 -0.666905
v -1.508622 -0.429984 -0.637422
v -1.478557 -0.436291 -0.607357
v -1.472052 0.435491 -0.612696
v -1.495673 0.429184 -0.648049
v -1.518838 0.418740 -0.682717
v -1.541322 0.404259 -0.716367
v -1.562910 0.385882 -0.748675
v -1.583392 0.363784 -0.779330
v -1.602573 0.338179 -0.808036
v -1.620267 0.309313 -0.834517
v -1.636304 0.277464 -0.858518
v -1.650530 0.242940 -0.879808
v -1.662807 0.206072 -0.898181
v -1.673017 0.167215 -0.913462
v -1.681062 0.126745 -0.925502
v -1.686864 0.085050 -0.934186
v -1.690368 0.042532 -0.939430
v -1.691540 -0.000400 -0.941184
v -1.690368 -0.043332 -0.939430
v -1.686864 -0.085850 -0.934186
v -1.681062 -0.127545 -0.925502
v -1.673017 -0.168015 -0.913462
v -1.662807 -0.206872 -0.898181
v -1.650530 -0.243740 -0.879808
v -1.636304 -0.278264 -0.858518
v -1.620267 -0.310113 -0.834517
v -1.602573 -0.338979 -0.808036
v -1.583392 -0.364584 -0.779330
v -1.562910 -0.386682 -0.748675
v -1.541322 -0.405059 -0.716367
v -1.518838 -0.419540 -0.682717
v -1.495673 -0.429984 -0.648049
v -1.472052 -0.436291 -0.612696
v -1.464629 0.435491 -0.616664
v -1.480900 0.429184 -0.655945
v -1.496856 0.418740 -0.694466
v -1.512344 0.404259 -0.731856
v -1.527213 0.385882 -0.767755
v -1.541322 0.363784 -0.801817
v -1.554534 0.338179 -0.833713
v -1.566722 0.309313 -0.863137
v -1.577768 0.277464 -0.889806
v -1.587567 0.242940 -0.913462
v -1.596024 0.206072 -0.933878
v -1.603057 0.167215 -0.950856
v -1.608598 0.126745 -0.964235
v -1.612595 0.085050 -0.973884
v -1.615008 0.042532 -0.979710
v -1.615815 -0.000400 -0.981659
v -1.615008 -0.043332 -0.979710
v -1.612595 -0.085850 -0.973884
v -1.608598 -0.127545 -0.964235
v -1.603057 -0.168015 -0.950856
v -1.596024 -0.206872 -0.933878
v -1.587567 -0.243740 -0.913462
v -1.577768 -0.278264 -0.889806
v -1.566722 -0.310113 -0.863137
v -1.554534 -0.338979 -0.833713
v -1.541322 -0.364584 -0.801817
v -1.527213 -0.386682 -0.767755
v -1.512344 -0.405059 -0.731856
v -1.496856 -0.419540 -0.694466
v -1.480900 -0.429984 -0.655945
v -1.464629 -0.436291 -0.616664
v -1.456576 0.435491 -0.619107
v -1.464871 0.429184 -0.660808
v -1.473005 0.418740 -0.701702
v -1.480900 0.404259 -0.741395
v -1.488481 0.385882 -0.779504
v -1.495673 0.363784 -0.815664
v -1.502409 0.338179 -0.849525
v -1.508622 0.309313 -0.880762
v -1.514253 0.277464 -0.909073
v -1.519249 0.242940 -0.934186
v -1.523560 0.206072 -0.955859
v -1.527145 0.167215 -0.973884
v -1.529970 0.126745 -0.988086
v -1.532008 0.085050 -0.998330
v -1.533238 0.042532 -1.004515
v -1.533649 -0.000400 -1.006584
v -1.533238 -0.043332 -1.004515
v -1.532008 -0.085850 -0.998330
v -1.529970 -0.127545 -0.988086
v -1.527145 -0.168015 -0.973884
v -1.523560 -0.206872 -0.955859
v -1.519249 -0.243740 -0.934186
v -1.514253 -0.278264 -0.909073
v -1.508622 -0.310113 -0.880762
v -1.502409 -0.338979 -0.849525
v -1.495673 -0.364584 -0.815664
v -1.488481 -0.386682 -0.779504
v -1.480900 -0.405059 -0.741395
v -1.473005 -0.419540 -0.701702
v -1.464871 -0.429984 -0.660808
v -1.456576 -0.436291 -0.619107
v -1.448200 0.435491 -0.619932
v -1.448200 0.429184 -0.662450
v -1.448200 0.418740 -0.704145
v -1.448200 0.404259 -0.744615
v -1.448200 0.385882 -0.783472
v -1.448200 0.363784 -0.820340
v -1.448200 0.309313 -0.886713
v -1.448200 0.242940 -0.941184
v -1.448200 0.206072 -0.963281
v -1.448200 -0.000400 -1.015000
v -1.448200 -0.127545 -0.996140
v -1.448200 -0.168015 -0.981659
v -1.448200 -0.310113 -0.886713
v -1.448200 -0.405059 -0.744615
v -1.448200 -0.419540 -0.704145
v 0.760800 0.338179 -0.859864
v 0.760800 0.277464 -0.920579
v 0.760800 0.167215 -0.986659
v 0.760800 0.126745 -1.001140
v 0.760800 0.085050 -1.011584
v 0.760800 0.042532 -1.017891
v 0.760800 -0.043332 -1.017891
v 0.760800 -0.085850 -1.011584
v 0.760800 -0.206872 -0.968282
v 0.760800 -0.243740 -0.946184
v 0.760800 -0.278264 -0.920579
v 0.760800 -0.338979 -0.859864
v 0.760800 -0.364584 -0.825340
v 0.760800 -0.386682 -0.788472
v 0.760800 -0.429984 -0.667450
v 0.760800 -0.436291 -0.624932
v 0.769176 0.435491 -0.624107
v 0.777470 0.429184 -0.665808
v 0.785605 0.418740 -0.706702
v 0.793500 0.404259 -0.746395
v 0.801081 0.385882 -0.784505
v 0.808273 0.363784 -0.820664
v 0.815009 0.338179 -0.854525
v 0.821222 0.309313 -0.885762
v 0.826854 0.277464 -0.914073
v 0.831849 0.242940 -0.939186
v 0.836160 0.206072 -0.960859
v 0.839745 0.167215 -0.978884
v 0.842570 0.126745 -0.993086
v 0.844608 0.085050 -1.003330
v 0.845838 0.042532 -1.009516
v 0.846250 -0.000400 -1.011584
v 0.845838 -0.043332 -1.009516
v 0.844608 -0.085850 -1.003330
v 0.842570 -0.127545 -0.993086
v 0.839745 -0.168015 -0.978884
v 0.836160 -0.206872 -0.960859
v 0.831849 -0.243740 -0.939186
v 0.826854 -0.278264 -0.914073
v 0.821222 -0.310113 -0.885762
v 0.815009 -0.338979 -0.854525
v 0.808273 -0.364584 -0.820664
v 0.801081 -0.386682 -0.784505
v 0.793500 -0.405059 -0.746395
v 0.785605 -0.419540 -0.706702
v 0.777470 -0.429984 -0.665808
v 0.769176 -0.436291 -0.624107
v 0.777229 0.435491 -0.621664
v 0.793500 0.429184 -0.660945
v 0.809456 0.418740 -0.699467
v 0.824944 0.404259 -0.736857
v 0.839813 0.385882 -0.772755
v 0.853922 0.363784 -0.806817
v 0.867134 0.338179 -0.838713
v 0.879322 0.309313 -0.868137
v 0.890369 0.277464 -0.894806
v 0.900167 0.242940 -0.918462
v 0.908624 0.206072 -0.938878
v 0.915657 0.167215 -0.955857
v 0.921198 0.126745 -0.969235
v 0.925195 0.085050 -0.978884
v 0.927608 0.042532 -0.984711
v 0.928416 -0.000400 -0.986659
v 0.927608 -0.043332 -0.984711
v 0.925195 -0.085850 -0.978884
v 0.921198 -0.127545 -0.969235
v 0.915657 -0.168015 -0.955857
v 0.908624 -0.206872 -0.938878
v 0.900167 -0.243740 -0.918462
v 0.890369 -0.278264 -0.894806
v 0.879322 -0.310113 -0.868137
v 0.867134 -0.338979 -0.838713
v 0.853922 -0.364584 -0.806817
v 0.839813 -0.386682 -0.772755
v 0.824944 -0.405059 -0.736857
v 0.809456 -0.419540 -0.699467
v 0.793500 -0.429984 -0.660945
v 0.777229 -0.436291 -0.621664
v 0.784652 0.435491 -0.617696
v 0.808273 0.429184 -0.653049
v 0.831438 0.418740 -0.687717
v 0.853922 0.404259 -0.721367
v 0.875510 0.385882 -0.753675
v 0.895992 0.363784 -0.784330
v 0.915173 0.338179 -0.813036
v 0.932867 0.309313 -0.839517
v 0.948904 0.277464 -0.863518
v 0.963130 0.242940 -0.884808
v 0.975407 0.206072 -0.903182
v 0.985617 0.167215 -0.918462
v 0.993662 0.126745 -0.930502
v 0.999464 0.085050 -0.939186
v 1.002968 0.042532 -0.944430
v 1.004140 -0.000400 -0.946184
v 1.002968 -0.043332 -0.944430
v 0.999464 -0.085850 -0.939186
v 0.993662 -0.127545 -0.930502
v 0.985617 -0.168015 -0.918462
v 0.975407 -0.206872 -0.903182
v 0.963130 -0.243740 -0.884808
v 0.948904 -0.278264 -0.863518
v 0.932867 -0.310113 -0.839517
v 0.915173 -0.338979 -0.813036
v 0.895992 -0.364584 -0.784330
v 0.875510 -0.386682 -0.753675
v 0.853922 -0.405059 -0.721367
v 0.831438 -0.419540 -0.687717
v 0.808273 -0.429984 -0.653049
v 0.784652 -0.436291 -0.617696
v 0.791157 0.435491 -0.612357
v 0.821222 0.429184 -0.642422
v 0.850705 0.418740 -0.671905
v 0.879322 0.404259 -0.700522
v 0.906798 0.385882 -0.727998
v 0.932867 0.363784 -0.754067
v 0.957280 0.338179 -0.778480
v 0.979800 0.309313 -0.801000
v 1.000211 0.277464 -0.821411
v 1.018317 0.242940 -0.839517
v 1.033942 0.206072 -0.855142
v 1.046937 0.167215 -0.868137
v 1.057177 0.126745 -0.878377
v 1.064562 0.085050 -0.885762
v 1.069022 0.042532 -0.890222
v 1.070513 -0.000400 -0.891713
v 1.069022 -0.043332 -0.890222
v 1.064562 -0.085850 -0.885762
v 1.057177 -0.127545 -0.878377
v 1.046937 -0.168015 -0.868137
v 1.033942 -0.206872 -0.855142
v 1.018317 -0.243740 -0.839517
v 1.000211 -0.278264 -0.821411
v 0.979800 -0.310113 -0.801000
v 0.957280 -0.338979 -0.778480
v 0.932867 -0.364584 -0.754067
v 0.906798 -0.386682 -0.727998
v 0.879322 -0.405059 -0.700522
v 0.850705 -0.419540 -0.671905
v 0.821222 -0.429984 -0.642422
v 0.791157 -0.436291 -0.612357
v 0.796496 0.435491 -0.605852
v 0.831849 0.429184 -0.629473
v 0.866517 0.418740 -0.652638
v 0.900167 0.404259 -0.675122
v 0.932475 0.385882 -0.696710
v 0.963130 0.363784 -0.717192
v 0.991836 0.338179 -0.736373
v 1.018317 0.309313 -0.754067
v 1.042318 0.277464 -0.770104
v 1.063608 0.242940 -0.784330
v 1.081981 0.206072 -0.796607
v 1.097262 0.167215 -0.806817
v 1.109302 0.126745 -0.814862
v 1.117986 0.085050 -0.820664
v 1.123230 0.042532 -0.824168
v 1.124984 -0.000400 -0.825340
v 1.123230 -0.043332 -0.824168
v 1.117986 -0.085850 -0.820664
v 1.109302 -0.127545 -0.814862
v 1.097262 -0.168015 -0.806817
v 1.081981 -0.206872 -0.796607
v 1.063608 -0.243740 -0.784330
v 1.042318 -0.278264 -0.770104
v 1.018317 -0.310113 -0.754067
v 0.991836 -0.338979 -0.736373
v 0.963130 -0.364584 -0.717192
v 0.932475 -0.386682 -0.696710
v 0.900167 -0.405059 -0.675122
v 0.866517 -0.419540 -0.652638
v 0.831849 -0.429984 -0.629473
v 0.796496 -0.436291 -0.605852
v 0.800464 0.435491 -0.598429
v 0.839745 0.429184 -0.614700
v 0.878267 0.418740 -0.630656
v 0.915657 0.404259 -0.646144
v 0.951555 0.385882 -0.661013
v 0.985617 0.363784 -0.675122
v 1.017513 0.338179 -0.688334
v 1.046937 0.309313 -0.700522
v 1.073606 0.277464 -0.711569
v 1.097262 0.242940 -0.721367
v 1.117678 0.206072 -0.729824
v 1.134657 0.167215 -0.736857
v 1.148035 0.126745 -0.742398
v 1.157684 0.085050 -0.746395
v 1.163511 0.042532 -0.748808
v 1.165459 -0.000400 -0.749615
v 1.163511 -0.043332 -0.748808
v 1.157684 -0.085850 -0.746395
v 1.148035 -0.127545 -0.742398
v 1.134657 -0.168015 -0.736857
v 1.117678 -0.206872 -0.729824
v 1.097262 -0.243740 -0.721367
v 1.073606 -0.278264 -0.711569
v 1.046937 -0.310113 -0.700522
v 1.017513 -0.338979 -0.688334
v 0.985617 -0.364584 -0.675122
v 0.951555 -0.386682 -0.661013
v 0.915657 -0.405059 -0.646144
v 0.878267 -0.419540 -0.630656
v 0.839745 -0.429984 -0.614700
v 0.800464 -0.436291 -0.598429
v 0.802907 0.435491 -0.590376
v 0.844608 0.429184 -0.598671
v 0.885502 0.418740 -0.606805
v 0.925195 0.404259 -0.614700
v 0.963305 0.385882 -0.622281
v 0.999464 0.363784 -0.629473
v 1.033325 0.338179 -0.636209
v 1.064562 0.309313 -0.642422
v 1.092873 0.277464 -0.648054
v 1.117986 0.242940 -0.653049
v 1.139659 0.206072 -0.657360
v 1.157684 0.167215 -0.660945
v 1.171886 0.126745 -0.663770
v 1.182130 0.085050 -0.665808
v 1.188316 0.042532 -0.667038
v 1.190384 -0.000400 -0.667450
v 1.188316 -0.043332 -0.667038
v 1.182130 -0.085850 -0.665808
v 1.171886 -0.127545 -0.663770
v 1.157684 -0.168015 -0.660945
v 1.139659 -0.206872 -0.657360
v 1.117986 -0.243740 -0.653049
v 1.092873 -0.278264 -0.648054
v 1.064562 -0.310113 -0.642422
v 1.033325 -0.338979 -0.636209
v 0.999464 -0.364584 -0.629473
v 0.963305 -0.386682 -0.622281
v 0.925195 -0.405059 -0.614700
v 0.885502 -0.419540 -0.606805
v 0.844608 -0.429984 -0.598671
v 0.802907 -0.436291 -0.590376
v 0.803732 0.435491 -0.582000
v 0.846250 0.429184 -0.582000
v 0.887945 0.418740 -0.582000
v 0.928415 0.404259 -0.582000
v 0.967272 0.385882 -0.582000
v 1.004140 0.363784 -0.582000
v 1.038664 0.338179 -0.582000
v 1.070513 0.309313 -0.582000
v 1.099379 0.277464 -0.582000
v 1.124984 0.242940 -0.582000
v 1.147082 0.206072 -0.582000
v 1.165460 0.167215 -0.582000
v 1.179940 0.126745 -0.582000
v 1.190384 0.085050 -0.582000
v 1.196691 0.042532 -0.582000
v 1.198800 -0.000400 -0.582000
v 1.196691 -0.043332 -0.582000
v 1.190384 -0.085850 -0.582000
v 1.179940 -0.127545 -0.582000
v 1.165460 -0.168015 -0.582000
v 1.147082 -0.206872 -0.582000
v 1.124984 -0.243740 -0.582000
v 1.099379 -0.278264 -0.582000
v 1.070513 -0.310113 -0.582000
v 1.038664 -0.338979 -0.582000
v 1.004140 -0.364584 -0.582000
v 0.967272 -0.386682 -0.582000
v 0.928415 -0.405059 -0.582000
v 0.887945 -0.419540 -0.582000
v 0.846250 -0.429984 -0.582000
v 0.803732 -0.436291 -0.582000
v 0.802907 0.435491 -0.573625
v 0.844608 0.429184 -0.565330
v 0.885502 0.418740 -0.557195
v 0.925195 0.404259 -0.549300
v 0.963305 0.385882 -0.541719
v 0.999464 0.363784 -0.534527
v 1.033325 0.338179 -0.527792
v 1.064562 0.309313 -0.521578
v 1.092873 0.277464 -0.515947
v 1.117986 0.242940 -0.510951
v 1.139659 0.206072 -0.506640
v 1.157684 0.167215 -0.503055
v 1.171886 0.126745 -0.500230
v 1.182130 0.085050 -0.498192
v 1.188316 0.042532 -0.496962
v 1.190384 -0.000400 -0.496550
v 1.188316 -0.043332 -0.496962
v 1.182130 -0.085850 -0.498192
v 1.171886 -0.127545 -0.500230
v 1.157684 -0.168015 -0.503055
v 1.139659 -0.206872 -0.506640
v 1.117986 -0.243740 -0.510951
v 1.092873 -0.278264 -0.515947
v 1.064562 -0.310113 -0.521578
v 1.033325 -0.338979 -0.527792
v 0.999464 -0.364584 -0.534527
v 0.963305 -0.386682 -0.541719
v 0.925195 -0.405059 -0.549300
v 0.885502 -0.419540 -0.557195
v 0.844608 -0.429984 -0.565330
v 0.802907 -0.436291 -0.573625
v 0.800464 0.435491 -0.565571
v 0.839745 0.429184 -0.549300
v 0.878267 0.418740 -0.533344
v 0.915657 0.404259 -0.517856
v 0.951555 0.385882 -0.502987
v 0.985617 0.363784 -0.488878
v 1.017513 0.338179 -0.475666
v 1.046937 0.309313 -0.463478
v 1.073606 0.277464 -0.452432
v 1.097262 0.242940 -0.442633
v 1.117678 0.206072 -0.434177
v 1.134657 0.167215 -0.427144
v 1.148035 0.126745 -0.421602
v 1.157684 0.085050 -0.417605
v 1.163511 0.042532 -0.415192
v 1.165459 -0.000400 -0.414385
v 1.163511 -0.043332 -0.415192
v 1.157684 -0.085850 -0.417605
v 1.148035 -0.127545 -0.421602
v 1.134657 -0.168015 -0.427144
v 1.117678 -0.206872 -0.434177
v 1.097262 -0.243740 -0.442633
v 1.073606 -0.278264 -0.452432
v 1.046937 -0.310113 -0.463478
v 1.017513 -0.338979 -0.475666
v 0.985617 -0.364584 -0.488878
v 0.951555 -0.386682 -0.502987
v 0.915657 -0.405059 -0.517856
v 0.878267 -0.419540 -0.533344
v 0.839745 -0.429984 -0.549300
v 0.800464 -0.436291 -0.565571
v 0.796496 0.435491 -0.558149
v 0.831849 0.429184 -0.534527
v 0.866517 0.418740 -0.511362
v 0.900167 0.404259 -0.488878
v 0.932475 0.385882 -0.467291
v 0.963130 0.363784 -0.446808
v 0.991836 0.338179 -0.427627
v 1.018317 0.309313 -0.409933
v 1.042318 0.277464 -0.393896
v 1.063608 0.242940 -0.379670
v 1.081981 0.206072 -0.367394
v 1.097262 0.167215 -0.357183
v 1.109302 0.126745 -0.349138
v 1.117986 0.085050 -0.343336
v 1.123230 0.042532 -0.339832
v 1.124984 -0.000400 -0.338660
v 1.123230 -0.043332 -0.339832
v 1.117986 -0.085850 -0.343336
v 1.109302 -0.127545 -0.349138
v 1.097262 -0.168015 -0.357183
v 1.081981 -0.206872 -0.367394
v 1.063608 -0.243740 -0.379670
v 1.042318 -0.278264 -0.393896
v 1.018317 -0.310113 -0.409933
v 0.991836 -0.338979 -0.427627
v 0.963130 -0.364584 -0.446808
v 0.932475 -0.386682 -0.467291
v 0.900167 -0.405059 -0.488878
v 0.866517 -0.419540 -0.511362
v 0.831849 -0.429984 -0.534527
v 0.796496 -0.436291 -0.558149
v 0.791157 0.435491 -0.551643
v 0.821222 0.429184 -0.521578
v 0.850705 0.418740 -0.492095
v 0.879322 0.404259 -0.463478
v 0.906798 0.385882 -0.436003
v 0.932867 0.363784 -0.409933
v 0.957280 0.338179 -0.385520
v 0.979800 0.309313 -0.363000
v 1.000211 0.277464 -0.342589
v 1.018317 0.242940 -0.324483
v 1.033942 0.206072 -0.308858
v 1.046937 0.167215 -0.295863
v 1.057177 0.126745 -0.285623
v 1.064562 0.085050 -0.278238
v 1.069021 0.042532 -0.273779
v 1.070513 -0.000400 -0.272287
v 1.069021 -0.043332 -0.273779
v 1.064562 -0.085850 -0.278238
v 1.057177 -0.127545 -0.285623
v 1.046937 -0.168015 -0.295863
v 1.033942 -0.206872 -0.308858
v 1.018317 -0.243740 -0.324483
v 1.000211 -0.278264 -0.342589
v 0.979800 -0.310113 -0.363000
v 0.957280 -0.338979 -0.385520
v 0.932867 -0.364584 -0.409933
v 0.906798 -0.386682 -0.436003
v 0.879322 -0.405059 -0.463478
v 0.850705 -0.419540 -0.492095
v 0.821222 -0.429984 -0.521578
v 0.791157 -0.436291 -0.551643
v 0.784652 0.435491 -0.546304
v 0.808273 0.429184 -0.510951
v 0.831438 0.418740 -0.476283
v 0.853922 0.404259 -0.442633
v 0.875510 0.385882 -0.410325
v 0.895992 0.363784 -0.379670
v 0.915173 0.338179 -0.350964
v 0.932867 0.309313 -0.324483
v 0.948904 0.277464 -0.300482
v 0.963130 0.242940 -0.279192
v 0.975407 0.206072 -0.260819
v 0.985617 0.167215 -0.245538
v 0.993662 0.126745 -0.233498
v 0.999464 0.085050 -0.224814
v 1.002968 0.042532 -0.219570
v 1.004140 -0.000400 -0.217816
v 1.002968 -0.043332 -0.219570
v 0.999464 -0.085850 -0.224814
v 0.993662 -0.127545 -0.233498
v 0.985617 -0.168015 -0.245538
v 0.975407 -0.206872 -0.260819
v 0.963130 -0.243740 -0.279192
v 0.948904 -0.278264 -0.300482
v 0.932867 -0.310113 -0.324483
v 0.915173 -0.338979 -0.350964
v 0.895992 -0.364584 -0.379670
v 0.875510 -0.386682 -0.410325
v 0.853922 -0.405059 -0.442633
v 0.831438 -0.419540 -0.476283
v 0.808273 -0.429984 -0.510951
v 0.784652 -0.436291 -0.546304
v 0.777229 0.435491 -0.542337
v 0.793500 0.429184 -0.503055
v 0.809456 0.418740 -0.464534
v 0.824944 0.404259 -0.427144
v 0.839813 0.385882 -0.391245
v 0.853922 0.363784 -0.357183
v 0.867134 0.338179 -0.325287
v 0.879322 0.309313 -0.295863
v 0.890369 0.277464 -0.269194
v 0.900167 0.242940 -0.245538
v 0.908624 0.206072 -0.225123
v 0.915657 0.167215 -0.208144
v 0.921198 0.126745 -0.194765
v 0.925195 0.085050 -0.185116
v 0.927608 0.042532 -0.179290
v 0.928415 -0.000400 -0.177341
v 0.927608 -0.043332 -0.179290
v 0.925195 -0.085850 -0.185116
v 0.921198 -0.127545 -0.194765
v 0.915657 -0.168015 -0.208144
v 0.908624 -0.206872 -0.225123
v 0.900167 -0.243740 -0.245538
v 0.890369 -0.278264 -0.269194
v 0.879322 -0.310113 -0.295863
v 0.867134 -0.338979 -0.325287
v 0.853922 -0.364584 -0.357183
v 0.839813 -0.386682 -0.391245
v 0.824944 -0.405059 -0.427144
v 0.809456 -0.419540 -0.464534
v 0.793500 -0.429984 -0.503055
v 0.777229 -0.436291 -0.542337
v 0.769176 0.435491 -0.539894
v 0.777470 0.429184 -0.498192
v 0.785605 0.418740 -0.457298
v 0.793500 0.404259 -0.417605
v 0.801081 0.385882 -0.379496
v 0.808273 0.363784 -0.343336
v 0.815009 0.338179 -0.309475
v 0.821222 0.309313 -0.278238
v 0.826854 0.277464 -0.249927
v 0.831849 0.242940 -0.224814
v 0.836160 0.206072 -0.203141
v 0.839745 0.167215 -0.185116
v 0.842570 0.126745 -0.170914
v 0.844608 0.085050 -0.160671
v 0.845838 0.042532 -0.154485
v 0.846249 -0.000400 -0.152416
v 0.845838 -0.043332 -0.154485
v 0.844608 -0.085850 -0.160671
v 0.842570 -0.127545 -0.170914
v 0.839745 -0.168015 -0.185116
v 0.836160 -0.206872 -0.203141
v 0.831849 -0.243740 -0.224814
v 0.826854 -0.278264 -0.249927
v 0.821222 -0.310113 -0.278238
v 0.815009 -0.338979 -0.309475
v 0.808273 -0.364584 -0.343336
v 0.801081 -0.386682 -0.379496
v 0.793500 -0.405059 -0.417605
v 0.785605 -0.419540 -0.457298
v 0.777470 -0.429984 -0.498192
v 0.769176 -0.436291 -0.539894
v 0.760800 0.435491 -0.539069
v 0.760800 0.429184 -0.496551
v 0.760800 0.418740 -0.454855
v 0.760800 0.404259 -0.414385
v 0.760800 0.385882 -0.375528
v 0.760800 0.363784 -0.338660
v 0.760800 0.338179 -0.304136
v 0.760800 0.309313 -0.272287
v 0.760800 0.277464 -0.243422
v 0.760800 0.242940 -0.217816
v 0.760800 0.206072 -0.195719
v 0.760800 0.167215 -0.177341
v 0.760800 0.126745 -0.162860
v 0.760800 0.085050 -0.152416
v 0.760800 0.042532 -0.146109
v 0.760800 -0.000400 -0.144000
v 0.760800 -0.043332 -0.146109
v 0.760800 -0.085850 -0.152416
v 0.760800 -0.127545 -0.162860
v 0.760800 -0.168015 -0.177341
v 0.760800 -0.206872 -0.195719
v 0.760800 -0.243740 -0.217816
v 0.760800 -0.278264 -0.243422
v 0.760800 -0.310113 -0.272287
v 0.760800 -0.338979 -0.304136
v 0.760800 -0.364584 -0.338660
v 0.760800 -0.386682 -0.375528
v 0.760800 -0.405059 -0.414385
v 0.760800 -0.419540 -0.454855
v 0.760800 -0.429984 -0.496551
v 0.760800 -0.436291 -0.539069
v 0.760800 -0.438400 -0.582000
v 0.760800 0.437600 -0.582000
v 0.752425 0.435491 -0.539894
v 0.744130 0.429184 -0.498193
v 0.735996 0.418740 -0.457298
v 0.728100 0.404259 -0.417605
v 0.720520 0.385882 -0.379496
v 0.713327 0.363784 -0.343336
v 0.706591 0.338179 -0.309475
v 0.700378 0.309313 -0.278238
v 0.694747 0.277464 -0.249927
v 0.689751 0.242940 -0.224814
v 0.685440 0.206072 -0.203141
v 0.681855 0.167215 -0.185116
v 0.679030 0.126745 -0.170914
v 0.676992 0.085050 -0.160671
v 0.675762 0.042532 -0.154485
v 0.675350 -0.000400 -0.152416
v 0.675762 -0.043332 -0.154485
v 0.676992 -0.085850 -0.160671
v 0.679030 -0.127545 -0.170914
v 0.681855 -0.168015 -0.185116
v 0.685440 -0.206872 -0.203141
v 0.689751 -0.243740 -0.224814
v 0.694747 -0.278264 -0.249927
v 0.700378 -0.310113 -0.278238
v 0.706591 -0.338979 -0.309475
v 0.713327 -0.364584 -0.343336
v 0.720520 -0.386682 -0.379496
v 0.728100 -0.405059 -0.417605
v 0.735996 -0.419540 -0.457298
v 0.744130 -0.429984 -0.498193
v 0.752425 -0.436291 -0.539894
v 0.744371 0.435491 -0.542337
v 0.728100 0.429184 -0.503055
v 0.712144 0.418740 -0.464534
v 0.696656 0.404259 -0.427144
v 0.681787 0.385882 -0.391245
v 0.667678 0.363784 -0.357184
v 0.654466 0.338179 -0.325287
v 0.642278 0.309313 -0.295863
v 0.631232 0.277464 -0.269194
v 0.621433 0.242940 -0.245538
v 0.612977 0.206072 -0.225123
v 0.605944 0.167215 -0.208144
v 0.600402 0.126745 -0.194765
v 0.596406 0.085050 -0.185116
v 0.593992 0.042532 -0.179290
v 0.593185 -0.000400 -0.177341
v 0.593992 -0.043332 -0.179290
v 0.596406 -0.085850 -0.185116
v 0.600402 -0.127545 -0.194765
v 0.605944 -0.168015 -0.208144
v 0.612977 -0.206872 -0.225123
v 0.621433 -0.243740 -0.245538
v 0.631232 -0.278264 -0.269194
v 0.642278 -0.310113 -0.295863
v 0.654466 -0.338979 -0.325287
v 0.667678 -0.364584 -0.357184
v 0.681787 -0.386682 -0.391245
v 0.696656 -0.405059 -0.427144
v 0.712144 -0.419540 -0.464534
v 0.728100 -0.429984 -0.503055
v 0.744371 -0.436291 -0.542337
v 0.736949 0.435491 -0.546304
v 0.713327 0.429184 -0.510951
v 0.690162 0.418740 -0.476283
v 0.667678 0.404259 -0.442633
v 0.646091 0.385882 -0.410325
v 0.625608 0.363784 -0.379671
v 0.606427 0.338179 -0.350965
v 0.588733 0.309313 -0.324483
v 0.572696 0.277464 -0.300482
v 0.558471 0.242940 -0.279193
v 0.546194 0.206072 -0.260819
v 0.535984 0.167215 -0.245538
v 0.527938 0.126745 -0.233498
v 0.522136 0.085050 -0.224814
v 0.518632 0.042532 -0.219570
v 0.517460 -0.000400 -0.217817
v 0.518632 -0.043332 -0.219570
v 0.522136 -0.085850 -0.224814
v 0.527938 -0.127545 -0.233498
v 0.535984 -0.168015 -0.245538
v 0.546194 -0.206872 -0.260819
v 0.558471 -0.243740 -0.279193
v 0.572696 -0.278264 -0.300482
v 0.588733 -0.310113 -0.324483
v 0.606427 -0.338979 -0.350965
v 0.625608 -0.364584 -0.379671
v 0.646091 -0.386682 -0.410325
v 0.667678 -0.405059 -0.442633
v 0.690162 -0.419540 -0.476283
v 0.713327 -0.429984 -0.510951
v 0.736949 -0.436291 -0.546304
v 0.730443 0.435491 -0.551643
v 0.700378 0.429184 -0.521578
v 0.670895 0.418740 -0.492095
v 0.642278 0.404259 -0.463478
v 0.614803 0.385882 -0.436003
v 0.588733 0.363784 -0.409933
v 0.564321 0.338179 -0.385521
v 0.541800 0.309313 -0.363000
v 0.521389 0.277464 -0.342589
v 0.503284 0.242940 -0.324483
v 0.487658 0.206072 -0.308858
v 0.474663 0.167215 -0.295863
v 0.464424 0.126745 -0.285624
v 0.457038 0.085050 -0.278238
v 0.452579 0.042532 -0.273779
v 0.451087 -0.000400 -0.272288
v 0.452579 -0.043332 -0.273779
v 0.457038 -0.085850 -0.278238
v 0.464424 -0.127545 -0.285624
v 0.474663 -0.168015 -0.295863
v 0.487658 -0.206872 -0.308858
v 0.503284 -0.243740 -0.324483
v 0.521389 -0.278264 -0.342589
v 0.541800 -0.310113 -0.363000
v 0.564321 -0.338979 -0.385521
v 0.588733 -0.364584 -0.409933
v 0.614803 -0.386682 -0.436003
v 0.642278 -0.405059 -0.463478
v 0.670895 -0.419540 -0.492095
v 0.700378 -0.429984 -0.521578
v 0.730443 -0.436291 -0.551643
v 0.725104 0.435491 -0.558149
v 0.689752 0.429184 -0.534527
v 0.655083 0.418740 -0.511362
v 0.621433 0.404259 -0.488878
v 0.589125 0.385882 -0.467291
v 0.558471 0.363784 -0.446808
v 0.529764 0.338179 -0.427627
v 0.503284 0.309313 -0.409933
v 0.479282 0.277464 -0.393896
v 0.457993 0.242940 -0.379671
v 0.439619 0.206072 -0.367394
v 0.424338 0.167215 -0.357183
v 0.412298 0.126745 -0.349139
v 0.403614 0.085050 -0.343336
v 0.398370 0.042532 -0.339832
v 0.396617 -0.000400 -0.338661
v 0.398370 -0.043332 -0.339832
v 0.403614 -0.085850 -0.343336
v 0.412298 -0.127545 -0.349139
v 0.424338 -0.168015 -0.357183
v 0.439619 -0.206872 -0.367394
v 0.457993 -0.243740 -0.379671
v 0.479282 -0.278264 -0.393896
v 0.503284 -0.310113 -0.409933
v 0.529764 -0.338979 -0.427627
v 0.558471 -0.364584 -0.446808
v 0.589125 -0.386682 -0.467291
v 0.621433 -0.405059 -0.488878
v 0.655083 -0.419540 -0.511362
v 0.689752 -0.429984 -0.534527
v 0.725104 -0.436291 -0.558149
v 0.721137 0.435491 -0.565571
v 0.681855 0.429184 -0.549300
v 0.643334 0.418740 -0.533344
v 0.605944 0.404259 -0.517857
v 0.570045 0.385882 -0.502987
v 0.535984 0.363784 -0.488878
v 0.504087 0.338179 -0.475666
v 0.474663 0.309313 -0.463478
v 0.447994 0.277464 -0.452432
v 0.424338 0.242940 -0.442633
v 0.403923 0.206072 -0.434177
v 0.386944 0.167215 -0.427144
v 0.373565 0.126745 -0.421602
v 0.363916 0.085050 -0.417606
v 0.358090 0.042532 -0.415192
v 0.356141 -0.000400 -0.414385
v 0.358090 -0.043332 -0.415192
v 0.363916 -0.085850 -0.417606
v 0.373565 -0.127545 -0.421602
v 0.386944 -0.168015 -0.427144
v 0.403923 -0.206872 -0.434177
v 0.424338 -0.243740 -0.442633
v 0.447994 -0.278264 -0.452432
v 0.474663 -0.310113 -0.463478
v 0.504087 -0.338979 -0.475666
v 0.535984 -0.364584 -0.488878
v 0.570045 -0.386682 -0.502987
v 0.605944 -0.405059 -0.517857
v 0.643334 -0.419540 -0.533344
v 0.681855 -0.429984 -0.549300
v 0.721137 -0.436291 -0.565571
v 0.718693 0.435491 -0.573625
v 0.676993 0.429184 -0.565330
v 0.636099 0.418740 -0.557195
v 0.596406 0.404259 -0.549300
v 0.558296 0.385882 -0.541720
v 0.522136 0.363784 -0.534527
v 0.488275 0.338179 -0.527792
v 0.457038 0.309313 -0.521578
v 0.428727 0.277464 -0.515947
v 0.403614 0.242940 -0.510952
v 0.381941 0.206072 -0.506640
v 0.363916 0.167215 -0.503055
v 0.349714 0.126745 -0.500230
v 0.339471 0.085050 -0.498193
v 0.333285 0.042532 -0.496962
v 0.331216 -0.000400 -0.496551
v 0.333285 -0.043332 -0.496962
v 0.339471 -0.085850 -0.498193
v 0.349714 -0.127545 -0.500230
v 0.363916 -0.168015 -0.503055
v 0.381941 -0.206872 -0.506640
v 0.403614 -0.243740 -0.510952
v 0.428727 -0.278264 -0.515947
v 0.457038 -0.310113 -0.521578
v 0.488275 -0.338979 -0.527792
v 0.522136 -0.364584 -0.534527
v 0.558296 -0.386682 -0.541720
v 0.596406 -0.405059 -0.549300
v 0.636099 -0.419540 -0.557195
v 0.676993 -0.429984 -0.565330
v 0.718693 -0.436291 -0.573625
v 0.717869 0.435491 -0.582000
v 0.675351 0.429184 -0.582000
v 0.633655 0.418740 -0.582000
v 0.593185 0.404259 -0.582000
v 0.554328 0.385882 -0.582000
v 0.517461 0.363784 -0.582000
v 0.482936 0.338179 -0.582000
v 0.451087 0.309313 -0.582000
v 0.422222 0.277464 -0.582000
v 0.396617 0.242940 -0.582000
v 0.374519 0.206072 -0.582000
v 0.356141 0.167215 -0.582000
v 0.341660 0.126745 -0.582000
v 0.331216 0.085050 -0.582000
v 0.324910 0.042532 -0.582000
v 0.322800 -0.000400 -0.582000
v 0.324910 -0.043332 -0.582000
v 0.331216 -0.085850 -0.582000
v 0.341660 -0.127545 -0.582000
v 0.356141 -0.168015 -0.582000
v 0.374519 -0.206872 -0.582000
v 0.396617 -0.243740 -0.582000
v 0.422222 -0.278264 -0.582000
v 0.451087 -0.310113 -0.582000
v 0.482936 -0.338979 -0.582000
v 0.517461 -0.364584 -0.582000
v 0.554328 -0.386682 -0.582000
v 0.593185 -0.405059 -0.582000
v 0.633655 -0.419540 -0.582000
v 0.675351 -0.429984 -0.582000
v 0.717869 -0.436291 -0.582000
v 0.718693 0.435491 -0.590376
v 0.676993 0.429184 -0.598671
v 0.636099 0.418740 -0.606805
v 0.596406 0.404259 -0.614700
v 0.558296 0.385882 -0.622281
v 0.522136 0.363784 -0.629473
v 0.488275 0.338179 -0.636209
v 0.457038 0.309313 -0.642422
v 0.428727 0.277464 -0.648054
v 0.403614 0.242940 -0.653049
v 0.381941 0.206072 -0.657360
v 0.363916 0.167215 -0.660945
v 0.349714 0.126745 -0.663770
v 0.339471 0.085050 -0.665808
v 0.333285 0.042532 -0.667038
v 0.331217 -0.000400 -0.667450
v 0.333285 -0.043332 -0.667038
v 0.339471 -0.085850 -0.665808
v 0.349714 -0.127545 -0.663770
v 0.363916 -0.168015 -0.660945
v 0.381941 -0.206872 -0.657360
v 0.403614 -0.243740 -0.653049
v 0.428727 -0.278264 -0.648054
v 0.457038 -0.310113 -0.642422
v 0.488275 -0.338979 -0.636209
v 0.522136 -0.364584 -0.629473
v 0.558296 -0.386682 -0.622281
v 0.596406 -0.405059 -0.614700
v 0.636099 -0.419540 -0.606805
v 0.676993 -0.429984 -0.598671
v 0.718693 -0.436291 -0.590376
v 0.721137 0.435491 -0.598429
v 0.681855 0.429184 -0.614700
v 0.643334 0.418740 -0.630656
v 0.605944 0.404259 -0.646144
v 0.570045 0.385882 -0.661013
v 0.535984 0.363784 -0.675122
v 0.504087 0.338179 -0.688334
v 0.474663 0.309313 -0.700522
v 0.447994 0.277464 -0.711569
v 0.424338 0.242940 -0.721367
v 0.403923 0.206072 -0.729824
v 0.386944 0.167215 -0.736857
v 0.373566 0.126745 -0.742398
v 0.363916 0.085050 -0.746395
v 0.358090 0.042532 -0.748808
v 0.356141 -0.000400 -0.749616
v 0.358090 -0.043332 -0.748808
v 0.363916 -0.085850 -0.746395
v 0.373566 -0.127545 -0.742398
v 0.386944 -0.168015 -0.736857
v 0.403923 -0.206872 -0.729824
v 0.424338 -0.243740 -0.721367
v 0.447994 -0.278264 -0.711569
v 0.474663 -0.310113 -0.700522
v 0.504087 -0.338979 -0.688334
v 0.535984 -0.364584 -0.675122
v 0.570045 -0.386682 -0.661013
v 0.605944 -0.405059 -0.646144
v 0.643334 -0.419540 -0.630656
v 0.681855 -0.429984 -0.614700
v 0.721137 -0.436291 -0.598429
v 0.725104 0.435491 -0.605852
v 0.689752 0.429184 -0.629473
v 0.655083 0.418740 -0.652638
v 0.621433 0.404259 -0.675122
v 0.589125 0.385882 -0.696710
v 0.558471 0.363784 -0.717192
v 0.529765 0.338179 -0.736373
v 0.503284 0.309313 -0.754067
v 0.479282 0.277464 -0.770104
v 0.457993 0.242940 -0.784330
v 0.439619 0.206072 -0.796607
v 0.424338 0.167215 -0.806817
v 0.412298 0.126745 -0.814862
v 0.403614 0.085050 -0.820664
v 0.398370 0.042532 -0.824168
v 0.396617 -0.000400 -0.825340
v 0.398370 -0.043332 -0.824168
v 0.403614 -0.085850 -0.820664
v 0.412298 -0.127545 -0.814862
v 0.424338 -0.168015 -0.806817
v 0.439619 -0.206872 -0.796607
v 0.457993 -0.243740 -0.784330
v 0.479282 -0.278264 -0.770104
v 0.503284 -0.310113 -0.754067
v 0.529765 -0.338979 -0.736373
v 0.558471 -0.364584 -0.717192
v 0.589125 -0.386682 -0.696710
v 0.621433 -0.405059 -0.675122
v 0.655083 -0.419540 -0.652638
v 0.689752 -0.429984 -0.629473
v 0.725104 -0.436291 -0.605852
v 0.730443 0.435491 -0.612357
v 0.700378 0.429184 -0.642422
v 0.670895 0.418740 -0.671905
v 0.642278 0.404259 -0.700522
v 0.614803 0.385882 -0.727998
v 0.588733 0.363784 -0.754067
v 0.564321 0.338179 -0.778480
v 0.541800 0.309313 -0.801000
v 0.521389 0.277464 -0.821411
v 0.503284 0.242940 -0.839517
v 0.487658 0.206072 -0.855142
v 0.474663 0.167215 -0.868137
v 0.464424 0.126745 -0.878377
v 0.457039 0.085050 -0.885762
v 0.452579 0.042532 -0.890221
v 0.451088 -0.000400 -0.891713
v 0.452579 -0.043332 -0.890221
v 0.457039 -0.085850 -0.885762
v 0.464424 -0.127545 -0.878377
v 0.474663 -0.168015 -0.868137
v 0.487658 -0.206872 -0.855142
v 0.503284 -0.243740 -0.839517
v 0.521389 -0.278264 -0.821411
v 0.541800 -0.310113 -0.801000
v 0.564321 -0.338979 -0.778480
v 0.588733 -0.364584 -0.754067
v 0.614803 -0.386682 -0.727998
v 0.642278 -0.405059 -0.700522
v 0.670895 -0.419540 -0.671905
v 0.700378 -0.429984 -0.642422
v 0.730443 -0.436291 -0.612357
v 0.736949 0.435491 -0.617696
v 0.713327 0.429184 -0.653049
v 0.690162 0.418740 -0.687717
v 0.667678 0.404259 -0.721367
v 0.646091 0.385882 -0.753675
v 0.625608 0.363784 -0.784330
v 0.606427 0.338179 -0.813036
v 0.588733 0.309313 -0.839517
v 0.572696 0.277464 -0.863518
v 0.558471 0.242940 -0.884808
v 0.546194 0.206072 -0.903181
v 0.535984 0.167215 -0.918462
v 0.527939 0.126745 -0.930502
v 0.522136 0.085050 -0.939186
v 0.518632 0.042532 -0.944430
v 0.517461 -0.000400 -0.946184
v 0.518632 -0.043332 -0.944430
v 0.522136 -0.085850 -0.939186
v 0.527939 -0.127545 -0.930502
v 0.535984 -0.168015 -0.918462
v 0.546194 -0.206872 -0.903181
v 0.558471 -0.243740 -0.884808
v 0.572696 -0.278264 -0.863518
v 0.588733 -0.310113 -0.839517
v 0.606427 -0.338979 -0.813036
v 0.625608 -0.364584 -0.784330
v 0.646091 -0.386682 -0.753675
v 0.667678 -0.405059 -0.721367
v 0.690162 -0.419540 -0.687717
v 0.713327 -0.429984 -0.653049
v 0.736949 -0.436291 -0.617696
v 0.744371 0.435491 -0.621664
v 0.728100 0.429184 -0.660945
v 0.712144 0.418740 -0.699466
v 0.696656 0.404259 -0.736857
v 0.681787 0.385882 -0.772755
v 0.667678 0.363784 -0.806817
v 0.654466 0.338179 -0.838713
v 0.642278 0.309313 -0.868137
v 0.631232 0.277464 -0.894806
v 0.621433 0.242940 -0.918462
v 0.612977 0.206072 -0.938877
v 0.605944 0.167215 -0.955856
v 0.600402 0.126745 -0.969235
v 0.596406 0.085050 -0.978884
v 0.593992 0.042532 -0.984710
v 0.593185 -0.000400 -0.986659
v 0.593992 -0.043332 -0.984710
v 0.596406 -0.085850 -0.978884
v 0.600402 -0.127545 -0.969235
v 0.605944 -0.168015 -0.955856
v 0.612977 -0.206872 -0.938877
v 0.621433 -0.243740 -0.918462
v 0.631232 -0.278264 -0.894806
v 0.642278 -0.310113 -0.868137
v 0.654466 -0.338979 -0.838713
v 0.667678 -0.364584 -0.806817
v 0.681787 -0.386682 -0.772755
v 0.696656 -0.405059 -0.736857
v 0.712144 -0.419540 -0.699466
v 0.728100 -0.429984 -0.660945
v 0.744371 -0.436291 -0.621664
v 0.752425 0.435491 -0.624107
v 0.744130 0.429184 -0.665808
v 0.735996 0.418740 -0.706702
v 0.728100 0.404259 -0.746395
v 0.720520 0.385882 -0.784504
v 0.713327 0.363784 -0.820664
v 0.706592 0.338179 -0.854525
v 0.700378 0.309313 -0.885762
v 0.694747 0.277464 -0.914073
v 0.689752 0.242940 -0.939186
v 0.685440 0.206072 -0.960859
v 0.681855 0.167215 -0.978884
v 0.679030 0.126745 -0.993086
v 0.676993 0.085050 -1.003330
v 0.675762 0.042532 -1.009515
v 0.675351 -0.000400 -1.011584
v 0.675762 -0.043332 -1.009515
v 0.676993 -0.085850 -1.003330
v 0.679030 -0.127545 -0.993086
v 0.681855 -0.168015 -0.978884
v 0.685440 -0.206872 -0.960859
v 0.689752 -0.243740 -0.939186
v 0.694747 -0.278264 -0.914073
v 0.700378 -0.310113 -0.885762
v 0.706592 -0.338979 -0.854525
v 0.713327 -0.364584 -0.820664
v 0.720520 -0.386682 -0.784504
v 0.728100 -0.405059 -0.746395
v 0.735996 -0.419540 -0.706702
v 0.744130 -0.429984 -0.665808
v 0.752425 -0.436291 -0.624107
v 0.760800 0.435491 -0.624932
v 0.760800 0.429184 -0.667450
v 0.760800 0.418740 -0.709145
v 0.760800 0.404259 -0.749615
v 0.760800 0.385882 -0.788472
v 0.760800 0.363784 -0.825340
v 0.760800 0.309313 -0.891713
v 0.760800 0.242940 -0.946184
v 0.760800 0.206072 -0.968281
v 0.760800 -0.000400 -1.020000
v 0.760800 -0.127545 -1.001140
v 0.760800 -0.168015 -0.986659
v 0.760800 -0.310113 -0.891713
v 0.760800 -0.405059 -0.749615
v 0.760800 -0.419540 -0.709145
v -0.965456 0.105364 -0.296394
v -0.980518 0.065178 -0.271973
v -0.987933 0.017852 -0.259993
v -0.986899 -0.031484 -0.261753
v -0.977527 -0.077485 -0.277061
v -0.938626 -0.140440 -0.340401
v -0.913312 -0.150573 -0.381569
v -0.887635 -0.144465 -0.423301
v -0.864376 -0.122779 -0.461076
v -0.834664 -0.043501 -0.509253
v -0.831429 0.005498 -0.514433
v -0.849917 0.096244 -0.484234
v -0.869636 0.128157 -0.452126
v -0.893726 0.146106 -0.412937
v -0.919574 0.148147 -0.370914
v -0.944380 0.134057 -0.330610
v -1.008043 0.105406 -0.322591
v -0.930222 -0.144424 -0.449499
v -0.906964 -0.122737 -0.487274
v -0.888645 -0.087821 -0.516998
v -0.892504 0.096285 -0.510431
v -0.912224 0.128199 -0.478323
v -1.023107 0.065219 -0.298172
v -1.030523 0.017893 -0.286192
v -1.029490 -0.031443 -0.287952
v -1.020118 -0.077443 -0.303261
v -1.003423 -0.115123 -0.330459
v -0.981215 -0.140399 -0.366600
v -0.955900 -0.150532 -0.407767
v -0.877249 -0.043460 -0.535449
v -0.874013 0.005539 -0.540629
v -0.879288 0.053866 -0.531977
v -0.936312 0.146147 -0.439133
v -0.962161 0.148188 -0.397111
v -0.986968 0.134098 -0.356808
v -1.065694 0.065261 -0.324370
v -1.073110 0.017935 -0.312390
v -1.072076 -0.031401 -0.314150
v -1.046010 -0.115081 -0.356657
v -0.998487 -0.150490 -0.433965
v -0.972809 -0.144382 -0.475697
v -1.004748 0.148230 -0.423309
v -1.029555 0.134140 -0.383006
v -1.050629 0.105447 -0.348790
v -1.062702 -0.077402 -0.329457
v -1.023801 -0.140358 -0.392798
v -0.949551 -0.122696 -0.513473
v -0.931232 -0.087780 -0.543197
v -0.919838 -0.043419 -0.561649
v -0.916603 0.005580 -0.566829
v -0.921878 0.053908 -0.558177
v -0.935091 0.096326 -0.536629
v -0.954810 0.128239 -0.504521
v -0.978899 0.146189 -0.465332
v -1.108279 0.065302 -0.350566
v -1.115695 0.017977 -0.338586
v -1.088596 -0.115040 -0.382854
v -1.066388 -0.140316 -0.418995
v -0.992139 -0.122654 -0.539670
v -0.973820 -0.087738 -0.569394
v -0.962426 -0.043377 -0.587846
v -0.959190 0.005622 -0.593027
v -0.997398 0.128282 -0.530719
v -1.021487 0.146231 -0.491530
v -1.047335 0.148271 -0.449507
v -1.093217 0.105488 -0.374988
v -1.114661 -0.031360 -0.340346
v -1.105289 -0.077361 -0.355655
v -1.041074 -0.150449 -0.460163
v -1.015396 -0.144341 -0.501895
v -0.964465 0.053949 -0.584375
v -0.977678 0.096368 -0.562827
v -1.072141 0.134181 -0.409204
v -1.150867 0.065343 -0.376764
v -1.016407 -0.087697 -0.595592
v -1.001778 0.005664 -0.619225
v -1.007053 0.053991 -0.610572
v -1.039986 0.128323 -0.556917
v -1.135804 0.105530 -0.401185
v -1.158282 0.018017 -0.364785
v -1.157248 -0.031319 -0.366544
v -1.147876 -0.077319 -0.381853
v -1.131182 -0.114999 -0.409052
v -1.108975 -0.140275 -0.445193
v -1.083662 -0.150408 -0.486361
v -1.057984 -0.144300 -0.528093
v -1.034726 -0.122613 -0.565868
v -1.005012 -0.043336 -0.614045
v -1.020265 0.096409 -0.589025
v -1.064073 0.146272 -0.517728
v -1.089921 0.148312 -0.475705
v -1.114728 0.134222 -0.435402
v -1.126249 -0.150366 -0.512558
v -1.058994 -0.087655 -0.621790
v -1.044365 0.005705 -0.645422
v -1.049640 0.054033 -0.636770
v -1.062853 0.096451 -0.615222
v -1.178393 0.105571 -0.427384
v -1.193456 0.065384 -0.402963
v -1.200872 0.018059 -0.390984
v -1.199838 -0.031278 -0.392744
v -1.190466 -0.077278 -0.408052
v -1.173772 -0.114958 -0.435251
v -1.151564 -0.140234 -0.471392
v -1.100571 -0.144259 -0.554290
v -1.077312 -0.122572 -0.592065
v -1.047597 -0.043295 -0.640240
v -1.082570 0.128364 -0.583113
v -1.106660 0.146313 -0.543925
v -1.132509 0.148353 -0.501903
v -1.157316 0.134264 -0.461600
v -1.220980 0.105613 -0.453582
v -1.233053 -0.077236 -0.434251
v -1.216359 -0.114916 -0.461449
v -1.194151 -0.140191 -0.497590
v -1.236043 0.065426 -0.429161
v -1.243459 0.018100 -0.417182
v -1.242425 -0.031236 -0.418941
v -1.168835 -0.150325 -0.538756
v -1.143157 -0.144217 -0.580488
v -1.119898 -0.122530 -0.618262
v -1.101579 -0.087614 -0.647986
v -1.090184 -0.043253 -0.666438
v -1.086949 0.005746 -0.671619
v -1.092224 0.054073 -0.662967
v -1.105438 0.096492 -0.641419
v -1.125158 0.128405 -0.609312
v -1.149248 0.146354 -0.570124
v -1.175097 0.148395 -0.528101
v -1.199904 0.134305 -0.487798
v -1.263568 0.105654 -0.479780
v -1.278631 0.065467 -0.455359
v -1.286047 0.018142 -0.443380
v -1.285012 -0.031195 -0.445139
v -1.275640 -0.077195 -0.460448
v -1.258945 -0.114875 -0.487646
v -1.236737 -0.140151 -0.523787
v -1.211423 -0.150284 -0.564954
v -1.185744 -0.144176 -0.606686
v -1.162485 -0.122489 -0.644460
v -1.144166 -0.087573 -0.674184
v -1.132771 -0.043212 -0.692636
v -1.129536 0.005787 -0.697817
v -1.134811 0.054115 -0.689165
v -1.148025 0.096533 -0.667617
v -1.167745 0.128447 -0.635510
v -1.191835 0.146396 -0.596322
v -1.217685 0.148436 -0.554299
v -1.242491 0.134347 -0.513996
v -1.177398 0.054157 -0.715363
v -1.190612 0.096575 -0.693816
v -1.210332 0.128488 -0.661708
v -1.306155 0.105695 -0.505978
v -1.321217 0.065508 -0.481557
v -1.328634 0.018183 -0.469578
v -1.327600 -0.031153 -0.471337
v -1.318228 -0.077154 -0.486646
v -1.301533 -0.114833 -0.513845
v -1.279325 -0.140109 -0.549985
v -1.254011 -0.150242 -0.591152
v -1.228332 -0.144135 -0.632884
v -1.205073 -0.122448 -0.670659
v -1.186754 -0.087532 -0.700382
v -1.175359 -0.043171 -0.718834
v -1.172123 0.005829 -0.724015
v -1.234422 0.146437 -0.622519
v -1.260271 0.148477 -0.580497
v -1.285078 0.134388 -0.540194
v -1.348742 0.105736 -0.532176
v -1.363805 0.065550 -0.507755
v -1.371221 0.018224 -0.495776
v -1.370187 -0.031112 -0.497535
v -1.360815 -0.077112 -0.512844
v -1.344120 -0.114792 -0.540043
v -1.321913 -0.140068 -0.576183
v -1.296598 -0.150201 -0.617350
v -1.270919 -0.144093 -0.659082
v -1.247660 -0.122406 -0.696856
v -1.229341 -0.087490 -0.726580
v -1.217946 -0.043129 -0.745032
v -1.214710 0.005870 -0.750213
v -1.219985 0.054197 -0.741560
v -1.233199 0.096616 -0.720013
v -1.252919 0.128529 -0.687905
v -1.277009 0.146478 -0.648717
v -1.302858 0.148519 -0.606695
v -1.327665 0.134429 -0.566392
v -1.391329 0.105778 -0.558374
v -1.406392 0.065591 -0.533953
v -1.413808 0.018266 -0.521973
v -1.412774 -0.031071 -0.523733
v -1.403402 -0.077071 -0.539042
v -1.386708 -0.114751 -0.566240
v -1.364500 -0.140027 -0.602381
v -1.339185 -0.150160 -0.643548
v -1.313507 -0.144052 -0.685280
v -1.290247 -0.122365 -0.723055
v -1.271928 -0.087449 -0.752778
v -1.260533 -0.043088 -0.771230
v -1.257298 0.005911 -0.776411
v -1.262573 0.054239 -0.767758
v -1.275786 0.096657 -0.746211
v -1.295506 0.128571 -0.714103
v -1.319596 0.146520 -0.674915
v -1.345445 0.148560 -0.632892
v -1.370252 0.134471 -0.592590
v -1.433916 0.105820 -0.584572
v -1.429294 -0.114709 -0.592439
v -1.314515 -0.087407 -0.778976
v -1.305160 0.054281 -0.793957
v -1.448985 0.065633 -0.560153
v -1.456401 0.018307 -0.548174
v -1.455367 -0.031029 -0.549934
v -1.445994 -0.077029 -0.565242
v -1.407089 -0.139985 -0.628579
v -1.381772 -0.150118 -0.669745
v -1.356092 -0.144010 -0.711476
v -1.332831 -0.122323 -0.749249
v -1.303115 -0.043046 -0.797424
v -1.299880 0.005953 -0.802604
v -1.318370 0.096699 -0.772406
v -1.338092 0.128612 -0.740299
v -1.362183 0.146561 -0.701112
v -1.388034 0.148602 -0.659090
v -1.412843 0.134512 -0.618789
v -1.491571 0.065675 -0.586354
v -1.498987 0.018349 -0.574374
v -1.449674 -0.139943 -0.654779
v -1.424358 -0.150076 -0.695945
v -1.342466 0.005995 -0.828804
v -1.476505 0.105861 -0.610770
v -1.497948 -0.030987 -0.576129
v -1.488575 -0.076988 -0.591437
v -1.471881 -0.114668 -0.618636
v -1.398679 -0.143969 -0.737675
v -1.375421 -0.122282 -0.775450
v -1.357101 -0.087366 -0.805174
v -1.345707 -0.043005 -0.823626
v -1.347748 0.054322 -0.820155
v -1.360962 0.096741 -0.798607
v -1.380682 0.128654 -0.766500
v -1.404772 0.146603 -0.727312
v -1.430621 0.148643 -0.685289
v -1.455428 0.134554 -0.644986
v -1.519092 0.105902 -0.636969
v -1.534154 0.065716 -0.612548
v -1.541569 0.018390 -0.600568
v -1.540535 -0.030946 -0.602327
v -1.531163 -0.076946 -0.617636
v -1.514467 -0.114626 -0.644834
v -1.492259 -0.139902 -0.680975
v -1.466945 -0.150035 -0.722141
v -1.441266 -0.143927 -0.763873
v -1.418007 -0.122240 -0.801648
v -1.399688 -0.087324 -0.831372
v -1.388294 -0.042963 -0.849824
v -1.385059 0.006036 -0.855005
v -1.390334 0.054363 -0.846353
v -1.403548 0.096782 -0.824806
v -1.423269 0.128695 -0.792698
v -1.447359 0.146644 -0.753510
v -1.473208 0.148685 -0.711488
v -1.498015 0.134595 -0.671185
v -1.091210 0.105043 -0.091978
v -1.106274 0.064857 -0.067557
v -1.113690 0.017531 -0.055577
v -1.112656 -0.031805 -0.057337
v -1.103284 -0.077805 -0.072645
v -1.086588 -0.115485 -0.099843
v -1.064380 -0.140761 -0.135983
v -1.039064 -0.150895 -0.177149
v -0.990124 -0.123100 -0.256655
v -0.971804 -0.088185 -0.286378
v -0.962449 0.053503 -0.301359
v -1.019475 0.145785 -0.208517
v -1.045325 0.147825 -0.166495
v -1.070133 0.133736 -0.126193
v -1.148860 0.064899 -0.093756
v -1.156276 0.017573 -0.081777
v -1.155242 -0.031763 -0.083536
v -1.106966 -0.140720 -0.162183
v -1.014390 -0.088143 -0.312577
v -1.002995 -0.043782 -0.331029
v -1.005035 0.053545 -0.327558
v -1.133795 0.105085 -0.118175
v -1.145868 -0.077764 -0.098842
v -1.129174 -0.115444 -0.126040
v -1.081651 -0.150853 -0.203348
v -1.055972 -0.144746 -0.245079
v -1.032713 -0.123059 -0.282854
v -0.999763 0.005217 -0.336210
v -1.018252 0.095963 -0.306011
v -1.037972 0.127877 -0.273904
v -1.062062 0.145826 -0.234716
v -1.087911 0.147867 -0.192694
v -1.112718 0.133777 -0.152391
v -1.191445 0.064940 -0.119953
v -1.198861 0.017614 -0.107973
v -1.197827 -0.031722 -0.109732
v -1.171761 -0.115402 -0.152239
v -1.056980 -0.088101 -0.338776
v -1.130498 0.147909 -0.218892
v -1.155305 0.133819 -0.178589
v -1.176380 0.105126 -0.144372
v -1.188453 -0.077723 -0.125039
v -1.149552 -0.140679 -0.188379
v -1.124238 -0.150812 -0.229546
v -1.098560 -0.144704 -0.271279
v -1.075302 -0.123018 -0.309054
v -1.045588 -0.043741 -0.357230
v -1.042353 0.005258 -0.362411
v -1.047627 0.053586 -0.353758
v -1.060840 0.096005 -0.332211
v -1.080560 0.127918 -0.300103
v -1.104649 0.145867 -0.260914
v -1.234030 0.064981 -0.146148
v -1.088175 -0.043699 -0.383427
v -1.084940 0.005300 -0.388608
v -1.173085 0.147950 -0.245089
v -1.218972 0.105167 -0.170572
v -1.241452 0.017655 -0.134171
v -1.240418 -0.031681 -0.135931
v -1.231045 -0.077681 -0.151239
v -1.214350 -0.115361 -0.178437
v -1.192141 -0.140637 -0.214577
v -1.166825 -0.150771 -0.255743
v -1.141146 -0.144663 -0.297474
v -1.117886 -0.122976 -0.335248
v -1.099565 -0.088060 -0.364972
v -1.090210 0.053627 -0.379952
v -1.103424 0.096046 -0.358405
v -1.123145 0.127959 -0.326299
v -1.147236 0.145909 -0.287111
v -1.197894 0.133860 -0.204787
v -1.284038 0.017697 -0.160371
v -1.283004 -0.031639 -0.162130
v -1.234728 -0.140595 -0.240776
v -1.130756 -0.043657 -0.409623
v -1.132796 0.053669 -0.406152
v -1.146010 0.096088 -0.384605
v -1.261557 0.105209 -0.196769
v -1.276620 0.065022 -0.172348
v -1.273630 -0.077640 -0.177436
v -1.256935 -0.115320 -0.204634
v -1.209412 -0.150729 -0.281942
v -1.183734 -0.144621 -0.323673
v -1.160474 -0.122935 -0.361448
v -1.142155 -0.088019 -0.391172
v -1.127524 0.005341 -0.414804
v -1.165733 0.128001 -0.352498
v -1.189823 0.145950 -0.313310
v -1.215673 0.147991 -0.271287
v -1.240480 0.133901 -0.230985
v -1.226321 -0.144580 -0.349872
v -1.184741 -0.087977 -0.417370
v -1.173347 -0.043616 -0.435822
v -1.170111 0.005383 -0.441003
v -1.188600 0.096129 -0.410804
v -1.208320 0.128043 -0.378696
v -1.304146 0.105250 -0.222967
v -1.319209 0.065063 -0.198546
v -1.326626 0.017737 -0.186567
v -1.325591 -0.031599 -0.188327
v -1.316219 -0.077599 -0.203635
v -1.299524 -0.115279 -0.230833
v -1.277315 -0.140555 -0.266973
v -1.251999 -0.150688 -0.308140
v -1.203060 -0.122893 -0.387645
v -1.175385 0.053711 -0.432348
v -1.232411 0.145992 -0.339507
v -1.258261 0.148032 -0.297485
v -1.283069 0.133942 -0.257182
v -1.368178 -0.031557 -0.214526
v -1.358805 -0.077557 -0.229834
v -1.342110 -0.115237 -0.257032
v -1.319901 -0.140513 -0.293173
v -1.245647 -0.122851 -0.413844
v -1.227326 -0.087935 -0.443568
v -1.231185 0.096171 -0.437001
v -1.346731 0.105291 -0.249164
v -1.361794 0.065104 -0.224743
v -1.369210 0.017779 -0.212764
v -1.294586 -0.150646 -0.334338
v -1.268908 -0.144539 -0.376070
v -1.215934 -0.043575 -0.462020
v -1.212699 0.005425 -0.467201
v -1.217974 0.053752 -0.458548
v -1.250908 0.128084 -0.404894
v -1.274998 0.146033 -0.365705
v -1.300847 0.148073 -0.323683
v -1.325654 0.133984 -0.283380
v -1.389318 0.105333 -0.275362
v -1.411797 0.017821 -0.238962
v -1.362488 -0.140472 -0.319369
v -1.337173 -0.150605 -0.360536
v -1.288236 -0.122810 -0.440043
v -1.258521 -0.043533 -0.488218
v -1.255286 0.005467 -0.493399
v -1.404378 0.065146 -0.250940
v -1.410760 -0.031516 -0.240720
v -1.401388 -0.077516 -0.256029
v -1.384694 -0.115196 -0.283228
v -1.311496 -0.144497 -0.402269
v -1.269918 -0.087894 -0.469768
v -1.260564 0.053793 -0.484749
v -1.273777 0.096212 -0.463201
v -1.293497 0.128125 -0.431093
v -1.317586 0.146074 -0.391904
v -1.343434 0.148115 -0.349881
v -1.368240 0.134025 -0.309578
v -1.446966 0.065188 -0.277137
v -1.427281 -0.115154 -0.309425
v -1.354083 -0.144455 -0.428466
v -1.330825 -0.122768 -0.466241
v -1.336084 0.128167 -0.457290
v -1.410827 0.134067 -0.335775
v -1.431915 0.105374 -0.301563
v -1.454396 0.017862 -0.265165
v -1.453362 -0.031474 -0.266924
v -1.443988 -0.077475 -0.282232
v -1.405080 -0.140431 -0.345567
v -1.379762 -0.150564 -0.386732
v -1.312495 -0.087853 -0.495956
v -1.301099 -0.043492 -0.514407
v -1.297864 0.005508 -0.519588
v -1.303140 0.053835 -0.510936
v -1.316355 0.096254 -0.489390
v -1.360172 0.146116 -0.418098
v -1.386024 0.148156 -0.376078
v -1.496981 0.017903 -0.291367
v -1.358940 0.096295 -0.515592
v -1.402756 0.146158 -0.444300
v -1.453420 0.134108 -0.361979
v -1.474488 0.105415 -0.327756
v -1.489549 0.065229 -0.303335
v -1.495931 -0.031433 -0.293115
v -1.486560 -0.077434 -0.308424
v -1.469867 -0.115113 -0.335623
v -1.447660 -0.140389 -0.371765
v -1.422347 -0.150522 -0.412933
v -1.396671 -0.144414 -0.454666
v -1.373413 -0.122727 -0.492441
v -1.355095 -0.087812 -0.522166
v -1.343701 -0.043450 -0.540618
v -1.340466 0.005549 -0.545799
v -1.345740 0.053876 -0.537146
v -1.378672 0.128208 -0.483490
v -1.428607 0.148198 -0.402277
v -1.538519 -0.031391 -0.319311
v -1.464935 -0.150480 -0.439129
v -1.388328 0.053918 -0.563343
v -1.401541 0.096337 -0.541795
v -1.471195 0.148240 -0.428473
v -1.517079 0.105457 -0.353956
v -1.532142 0.065270 -0.329535
v -1.539558 0.017944 -0.317555
v -1.529152 -0.077392 -0.334624
v -1.512458 -0.115072 -0.361822
v -1.490250 -0.140348 -0.397963
v -1.439257 -0.144373 -0.480862
v -1.415998 -0.122686 -0.518636
v -1.397678 -0.087770 -0.548360
v -1.386283 -0.043409 -0.566812
v -1.383048 0.005590 -0.571992
v -1.421257 0.128249 -0.509685
v -1.445346 0.146199 -0.470497
v -1.496003 0.134149 -0.388171
v -1.581111 -0.031350 -0.345514
v -1.532837 -0.140306 -0.424161
v -1.481844 -0.144331 -0.507060
v -1.513783 0.148281 -0.454673
v -1.559662 0.105498 -0.380152
v -1.574724 0.065311 -0.355731
v -1.582139 0.017986 -0.343751
v -1.571734 -0.077351 -0.360820
v -1.555041 -0.115031 -0.388019
v -1.507522 -0.150440 -0.465329
v -1.458588 -0.122645 -0.544837
v -1.440269 -0.087729 -0.574562
v -1.428875 -0.043368 -0.593014
v -1.425640 0.005632 -0.598195
v -1.430915 0.053959 -0.589542
v -1.444127 0.096378 -0.567994
v -1.463846 0.128291 -0.535886
v -1.487934 0.146240 -0.496696
v -1.538587 0.134191 -0.414369
v -1.602250 0.105540 -0.406348
v -1.501176 -0.122603 -0.571034
v -1.468228 0.005674 -0.624391
v -1.486715 0.096420 -0.594191
v -1.617317 0.065353 -0.381931
v -1.624733 0.018027 -0.369951
v -1.623699 -0.031309 -0.371711
v -1.614326 -0.077309 -0.387019
v -1.597632 -0.114989 -0.414218
v -1.575424 -0.140265 -0.450359
v -1.550109 -0.150398 -0.491525
v -1.524431 -0.144290 -0.533257
v -1.482852 -0.087687 -0.600756
v -1.471457 -0.043326 -0.619208
v -1.473498 0.054001 -0.615736
v -1.506432 0.128332 -0.562081
v -1.530522 0.146281 -0.522893
v -1.556371 0.148322 -0.480871
v -1.581178 0.134232 -0.440568
v -1.644841 0.105581 -0.432550
v -1.659904 0.065395 -0.408129
v -1.667320 0.018069 -0.396149
v -1.666286 -0.031267 -0.397909
v -1.656913 -0.077268 -0.413218
v -1.640219 -0.114947 -0.440416
v -1.618011 -0.140223 -0.476557
v -1.592696 -0.150356 -0.517724
v -1.567018 -0.144248 -0.559456
v -1.543758 -0.122561 -0.597230
v -1.525439 -0.087646 -0.626954
v -1.514044 -0.043284 -0.645406
v -1.510809 0.005715 -0.650587
v -1.516085 0.054042 -0.641934
v -1.529298 0.096461 -0.620387
v -1.549019 0.128374 -0.588280
v -1.573109 0.146323 -0.549091
v -1.598958 0.148364 -0.507069
v -1.623765 0.134274 -0.466766
v 0.247075 -0.106945 -0.183664
v 0.260695 -0.066758 -0.158410
v 0.267366 -0.019433 -0.145999
v 0.266363 0.029904 -0.147776
v 0.257796 0.075904 -0.163549
v 0.242592 0.113584 -0.191608
v 0.222401 0.138860 -0.228913
v 0.138440 0.086284 -0.384282
v 0.205481 -0.149726 -0.260660
v 0.227981 -0.135637 -0.219024
v 0.311348 -0.019395 -0.169780
v 0.301778 0.075942 -0.187330
v 0.266384 0.138898 -0.252694
v 0.243392 0.149031 -0.295202
v 0.220091 0.142923 -0.338306
v 0.199007 0.121237 -0.377336
v 0.182423 0.086321 -0.408063
v 0.172138 0.041960 -0.427155
v 0.174116 -0.055367 -0.423649
v 0.291057 -0.106907 -0.207444
v 0.304677 -0.066721 -0.182190
v 0.310345 0.029941 -0.171557
v 0.286575 0.113621 -0.215389
v 0.169265 -0.007039 -0.432546
v 0.186166 -0.097785 -0.401430
v 0.204107 -0.129699 -0.368296
v 0.225997 -0.147648 -0.327838
v 0.249463 -0.149689 -0.284440
v 0.271963 -0.135600 -0.242805
v 0.335040 -0.106870 -0.231224
v 0.348660 -0.066684 -0.205970
v 0.355330 -0.019358 -0.193560
v 0.354328 0.029978 -0.195337
v 0.345761 0.075979 -0.211110
v 0.330558 0.113659 -0.239169
v 0.310367 0.138935 -0.276474
v 0.248090 -0.129662 -0.392077
v 0.269980 -0.147611 -0.351619
v 0.293446 -0.149652 -0.308220
v 0.287374 0.149068 -0.318983
v 0.264074 0.142960 -0.362087
v 0.242989 0.121273 -0.401117
v 0.226406 0.086358 -0.431843
v 0.216120 0.041997 -0.450936
v 0.213247 -0.007003 -0.456326
v 0.218099 -0.055330 -0.447429
v 0.230148 -0.097749 -0.425210
v 0.315947 -0.135562 -0.266585
v 0.308056 0.142998 -0.385868
v 0.286972 0.121311 -0.424898
v 0.270388 0.086395 -0.455624
v 0.260103 0.042034 -0.474717
v 0.257230 -0.006965 -0.480107
v 0.262081 -0.055293 -0.471210
v 0.274131 -0.097711 -0.448991
v 0.292073 -0.129625 -0.415857
v 0.313963 -0.147574 -0.375399
v 0.337430 -0.149614 -0.332001
v 0.379023 -0.106832 -0.255005
v 0.392643 -0.066646 -0.229751
v 0.399313 -0.019320 -0.217340
v 0.398309 0.030016 -0.219118
v 0.389742 0.076016 -0.234891
v 0.374539 0.113696 -0.262950
v 0.354348 0.138972 -0.300255
v 0.331357 0.149105 -0.342763
v 0.359929 -0.135525 -0.290366
v 0.352039 0.143035 -0.409648
v 0.330955 0.121348 -0.448678
v 0.304087 0.042071 -0.498498
v 0.336057 -0.129587 -0.439638
v 0.423005 -0.106795 -0.278785
v 0.436624 -0.066608 -0.253531
v 0.443294 -0.019283 -0.241120
v 0.442291 0.030053 -0.242898
v 0.433724 0.076054 -0.258671
v 0.418521 0.113734 -0.286730
v 0.398330 0.139010 -0.324035
v 0.375339 0.149143 -0.366544
v 0.314373 0.086432 -0.479406
v 0.301216 -0.006928 -0.503889
v 0.306067 -0.055256 -0.494992
v 0.318116 -0.097674 -0.472773
v 0.357947 -0.147537 -0.399180
v 0.381413 -0.149577 -0.355782
v 0.403911 -0.135488 -0.314146
v 0.466988 -0.106758 -0.302565
v 0.480607 -0.066571 -0.277311
v 0.487277 -0.019245 -0.264900
v 0.486274 0.030091 -0.266677
v 0.442313 0.139047 -0.347815
v 0.380041 -0.129550 -0.463419
v 0.447894 -0.135450 -0.337926
v 0.477707 0.076091 -0.282451
v 0.462503 0.113771 -0.310511
v 0.419320 0.149180 -0.390324
v 0.396019 0.143072 -0.433428
v 0.374936 0.121384 -0.472459
v 0.358353 0.086468 -0.503185
v 0.348069 0.042107 -0.522278
v 0.345197 -0.006892 -0.527669
v 0.350049 -0.055219 -0.518772
v 0.362100 -0.097638 -0.496553
v 0.401932 -0.147500 -0.422961
v 0.425398 -0.149540 -0.379563
v 0.524593 -0.066533 -0.301092
v 0.521690 0.076130 -0.306232
v 0.486294 0.139085 -0.371596
v 0.440002 0.143110 -0.457209
v 0.418919 0.121423 -0.496239
v 0.402336 0.086507 -0.526966
v 0.389180 -0.006854 -0.551449
v 0.424025 -0.129513 -0.487199
v 0.510973 -0.106720 -0.326347
v 0.531261 -0.019208 -0.288682
v 0.530257 0.030128 -0.290459
v 0.506486 0.113808 -0.334291
v 0.463303 0.149217 -0.414104
v 0.392052 0.042145 -0.546059
v 0.394032 -0.055182 -0.542553
v 0.406082 -0.097601 -0.520333
v 0.445914 -0.147463 -0.446741
v 0.469380 -0.149503 -0.403343
v 0.491879 -0.135413 -0.361707
v 0.550469 0.113846 -0.358071
v 0.530277 0.139122 -0.395376
v 0.446319 0.086544 -0.550746
v 0.436035 0.042183 -0.569839
v 0.433163 -0.006816 -0.575229
v 0.438015 -0.055144 -0.566333
v 0.468007 -0.129475 -0.510980
v 0.554954 -0.106683 -0.350127
v 0.568573 -0.066496 -0.324873
v 0.575242 -0.019171 -0.312462
v 0.574239 0.030166 -0.314239
v 0.565671 0.076166 -0.330012
v 0.507285 0.149254 -0.437885
v 0.483986 0.143146 -0.480990
v 0.462903 0.121459 -0.520021
v 0.450066 -0.097563 -0.544115
v 0.489898 -0.147425 -0.470522
v 0.513363 -0.149466 -0.427123
v 0.535861 -0.135376 -0.385488
v 0.598938 -0.106645 -0.373907
v 0.619226 -0.019133 -0.336241
v 0.618222 0.030204 -0.338019
v 0.609654 0.076204 -0.353792
v 0.551269 0.149292 -0.461665
v 0.557346 -0.149427 -0.450903
v 0.612561 -0.066459 -0.348655
v 0.594454 0.113883 -0.381853
v 0.574262 0.139159 -0.419157
v 0.527968 0.143183 -0.504769
v 0.506883 0.121496 -0.543799
v 0.490300 0.086580 -0.574525
v 0.480015 0.042219 -0.593618
v 0.477143 -0.006780 -0.599008
v 0.481995 -0.055108 -0.590112
v 0.494046 -0.097526 -0.567893
v 0.511989 -0.129439 -0.534759
v 0.533880 -0.147388 -0.494301
v 0.579847 -0.135339 -0.409269
v 0.571950 0.143222 -0.528550
v 0.550866 0.121534 -0.567580
v 0.523997 0.042257 -0.617399
v 0.521125 -0.006742 -0.622789
v 0.538028 -0.097488 -0.591674
v 0.577862 -0.147350 -0.518082
v 0.642921 -0.106609 -0.397688
v 0.656539 -0.066422 -0.372434
v 0.663208 -0.019096 -0.360023
v 0.662204 0.030240 -0.361800
v 0.653636 0.076240 -0.377573
v 0.638433 0.113920 -0.405632
v 0.618241 0.139196 -0.442937
v 0.595250 0.149329 -0.485446
v 0.534285 0.086617 -0.598308
v 0.525982 -0.055070 -0.613895
v 0.555974 -0.129402 -0.558542
v 0.601329 -0.149391 -0.474685
v 0.623828 -0.135302 -0.433049
v 0.686904 -0.106570 -0.421468
v 0.707191 -0.019058 -0.383802
v 0.706187 0.030278 -0.385580
v 0.682416 0.113958 -0.429412
v 0.662225 0.139234 -0.466717
v 0.639233 0.149367 -0.509225
v 0.700524 -0.066384 -0.396215
v 0.697623 0.076278 -0.401355
v 0.615934 0.143258 -0.552331
v 0.594850 0.121571 -0.591361
v 0.578267 0.086655 -0.622087
v 0.567982 0.042294 -0.641180
v 0.565110 -0.006705 -0.646570
v 0.569962 -0.055033 -0.637673
v 0.582012 -0.097451 -0.615454
v 0.599954 -0.129364 -0.582320
v 0.621845 -0.147313 -0.541862
v 0.645311 -0.149354 -0.498464
v 0.667810 -0.135264 -0.456829
v 0.744507 -0.066347 -0.419996
v 0.625994 -0.097413 -0.639235
v 0.643937 -0.129326 -0.606101
v 0.665827 -0.147276 -0.565643
v 0.689294 -0.149316 -0.522245
v 0.730888 -0.106534 -0.445250
v 0.751177 -0.019022 -0.407585
v 0.750173 0.030314 -0.409362
v 0.741604 0.076315 -0.425135
v 0.726400 0.113994 -0.453194
v 0.706208 0.139270 -0.490498
v 0.683216 0.149403 -0.533006
v 0.659916 0.143295 -0.576111
v 0.638831 0.121608 -0.615141
v 0.622249 0.086692 -0.645867
v 0.611964 0.042331 -0.664960
v 0.609093 -0.006668 -0.670351
v 0.613945 -0.054996 -0.661454
v 0.711795 -0.135227 -0.480610
v 0.682814 0.121646 -0.638922
v 0.666231 0.086730 -0.669648
v 0.655947 0.042369 -0.688741
v 0.653075 -0.006630 -0.694131
v 0.657928 -0.054957 -0.685235
v 0.669978 -0.097376 -0.663016
v 0.687921 -0.129289 -0.629882
v 0.774869 -0.106498 -0.469031
v 0.788489 -0.066311 -0.443776
v 0.795158 -0.018986 -0.431365
v 0.794154 0.030350 -0.433142
v 0.785586 0.076351 -0.448914
v 0.770382 0.114031 -0.476973
v 0.750191 0.139307 -0.514278
v 0.727199 0.149440 -0.556786
v 0.703899 0.143333 -0.599891
v 0.709811 -0.147239 -0.589426
v 0.733277 -0.149280 -0.546028
v 0.755776 -0.135190 -0.504392
v 0.794174 0.139346 -0.538058
v 0.747882 0.143371 -0.623671
v 0.726799 0.121685 -0.662701
v 0.701912 -0.054919 -0.709017
v 0.713962 -0.097338 -0.686798
v 0.818849 -0.106460 -0.492810
v 0.832468 -0.066274 -0.467555
v 0.839137 -0.018948 -0.455144
v 0.838134 0.030388 -0.456921
v 0.829567 0.076389 -0.472694
v 0.814364 0.114068 -0.500754
v 0.771183 0.149478 -0.580568
v 0.710219 0.086768 -0.693431
v 0.699935 0.042407 -0.712524
v 0.697062 -0.006592 -0.717915
v 0.731904 -0.129252 -0.653665
v 0.753793 -0.147201 -0.613206
v 0.777258 -0.149242 -0.569807
v 0.799756 -0.135153 -0.528171
v 0.862832 -0.106422 -0.516589
v 0.876451 -0.066236 -0.491335
v 0.883120 -0.018910 -0.478923
v 0.882117 0.030426 -0.480701
v 0.873550 0.076426 -0.496474
v 0.858348 0.114106 -0.524533
v 0.838157 0.139382 -0.561838
v 0.815167 0.149516 -0.604347
v 0.791868 0.143408 -0.647452
v 0.770785 0.121721 -0.686483
v 0.754203 0.086806 -0.717210
v 0.743918 0.042445 -0.736304
v 0.741046 -0.006554 -0.741694
v 0.745897 -0.054882 -0.732798
v 0.757946 -0.097301 -0.710579
v 0.775887 -0.129214 -0.677444
v 0.797776 -0.147163 -0.636985
v 0.821241 -0.149204 -0.593587
v 0.843739 -0.135115 -0.551951
v 0.700581 -0.106466 -0.494686
v 0.684291 -0.066279 -0.471066
v 0.676292 -0.018954 -0.459468
v 0.677450 0.030382 -0.461147
v 0.687641 0.076383 -0.475924
v 0.705760 0.114063 -0.502195
v 0.729843 0.139339 -0.537114
v 0.757281 0.149472 -0.576897
v 0.785100 0.143364 -0.617233
v 0.810286 0.121677 -0.653752
v 0.830109 0.086761 -0.682494
v 0.842422 0.042400 -0.700347
v 0.845889 -0.006599 -0.705375
v 0.840136 -0.054926 -0.697033
v 0.825786 -0.097345 -0.676226
v 0.804393 -0.129258 -0.645208
v 0.778276 -0.147208 -0.607340
v 0.750266 -0.149248 -0.566726
v 0.723397 -0.135159 -0.527768
v 0.798441 0.149472 -0.548510
v 0.845553 -0.129258 -0.616820
v 0.741741 -0.106466 -0.466298
v 0.725451 -0.066279 -0.442678
v 0.717452 -0.018954 -0.431080
v 0.718610 0.030382 -0.432760
v 0.728801 0.076383 -0.447536
v 0.746920 0.114063 -0.473807
v 0.771003 0.139339 -0.508726
v 0.826259 0.143364 -0.588846
v 0.851445 0.121677 -0.625364
v 0.871269 0.086761 -0.654106
v 0.883581 0.042400 -0.671959
v 0.887049 -0.006599 -0.676987
v 0.881296 -0.054926 -0.668645
v 0.866946 -0.097345 -0.647838
v 0.819436 -0.147208 -0.578952
v 0.791426 -0.149248 -0.538338
v 0.764557 -0.135159 -0.499380
v 0.766611 -0.066279 -0.414291
v 0.867420 0.143364 -0.560458
v 0.892606 0.121677 -0.596976
v 0.912429 0.086761 -0.625719
v 0.908106 -0.097345 -0.619451
v 0.886713 -0.129258 -0.588432
v 0.805717 -0.135159 -0.470992
v 0.782901 -0.106466 -0.437910
v 0.758611 -0.018954 -0.402692
v 0.759770 0.030382 -0.404372
v 0.769961 0.076383 -0.419148
v 0.788079 0.114063 -0.445419
v 0.812163 0.139339 -0.480338
v 0.839600 0.149472 -0.520121
v 0.924741 0.042400 -0.643571
v 0.928209 -0.006599 -0.648599
v 0.922456 -0.054926 -0.640257
v 0.860596 -0.147208 -0.550564
v 0.832586 -0.149248 -0.509950
v 0.824061 -0.106466 -0.409523
v 0.811121 0.076383 -0.390760
v 0.953589 0.086761 -0.597331
v 0.949265 -0.097345 -0.591063
v 0.901756 -0.147208 -0.522177
v 0.846877 -0.135159 -0.442604
v 0.807766 -0.066279 -0.385907
v 0.799767 -0.018954 -0.374308
v 0.800925 0.030382 -0.375988
v 0.829237 0.114063 -0.417034
v 0.853321 0.139339 -0.451952
v 0.880761 0.149472 -0.491735
v 0.908581 0.143364 -0.532070
v 0.933769 0.121677 -0.568587
v 0.965907 0.042400 -0.615181
v 0.969375 -0.006599 -0.620209
v 0.963621 -0.054926 -0.611867
v 0.927876 -0.129258 -0.560043
v 0.873745 -0.149248 -0.481564
v 0.865217 -0.106466 -0.381137
v 0.848925 -0.066279 -0.357517
v 0.894480 0.139339 -0.423563
v 0.921919 0.149472 -0.463345
v 0.949740 0.143364 -0.503681
v 0.974928 0.121677 -0.540198
v 0.840931 -0.018954 -0.345916
v 0.842090 0.030382 -0.347596
v 0.852280 0.076383 -0.362372
v 0.870399 0.114063 -0.388643
v 0.994748 0.086761 -0.568943
v 1.007061 0.042400 -0.586796
v 1.010528 -0.006599 -0.591823
v 1.004775 -0.054926 -0.583482
v 0.990425 -0.097345 -0.562674
v 0.969032 -0.129258 -0.531656
v 0.942916 -0.147208 -0.493789
v 0.914905 -0.149248 -0.453175
v 0.888036 -0.135159 -0.414216
v 0.890090 -0.066279 -0.329127
v 0.990899 0.143364 -0.475295
v 0.984076 -0.147208 -0.465401
v 0.906380 -0.106466 -0.352747
v 0.882091 -0.018954 -0.317528
v 0.883250 0.030382 -0.319208
v 0.893440 0.076383 -0.333984
v 0.911559 0.114063 -0.360255
v 0.935642 0.139339 -0.395174
v 0.963080 0.149472 -0.434958
v 1.016085 0.121677 -0.511812
v 1.035908 0.086761 -0.540555
v 1.048221 0.042400 -0.558408
v 1.051688 -0.006599 -0.563436
v 1.045935 -0.054926 -0.555094
v 1.031585 -0.097345 -0.534286
v 1.010192 -0.129258 -0.503268
v 0.956065 -0.149248 -0.424787
v 0.929196 -0.135159 -0.385828
v 0.947540 -0.106466 -0.324359
v 0.934600 0.076383 -0.305597
v 1.032059 0.143364 -0.446907
v 1.077068 0.086761 -0.512168
v 1.025236 -0.147208 -0.437013
v 0.970356 -0.135159 -0.357441
v 0.931250 -0.066279 -0.300739
v 0.923251 -0.018954 -0.289140
v 0.924409 0.030382 -0.290820
v 0.952719 0.114063 -0.331867
v 0.976802 0.139339 -0.366787
v 1.004239 0.149472 -0.406570
v 1.057244 0.121677 -0.483424
v 1.089380 0.042400 -0.530020
v 1.092848 -0.006599 -0.535048
v 1.087095 -0.054926 -0.526706
v 1.072744 -0.097345 -0.505899
v 1.051352 -0.129258 -0.474880
v 0.997225 -0.149248 -0.396399
v 1.045400 0.149472 -0.378183
v 1.113905 -0.097345 -0.477511
v 1.011516 -0.135159 -0.329053
v 0.988700 -0.106466 -0.295971
v 0.972410 -0.066279 -0.272351
v 0.964411 -0.018954 -0.260753
v 0.965569 0.030382 -0.262432
v 0.975760 0.076383 -0.277209
v 0.993878 0.114063 -0.303480
v 1.017962 0.139339 -0.338399
v 1.073218 0.143364 -0.418518
v 1.098404 0.121677 -0.455037
v 1.118228 0.086761 -0.483779
v 1.130540 0.042400 -0.501632
v 1.134008 -0.006599 -0.506660
v 1.128255 -0.054926 -0.498318
v 1.092512 -0.129258 -0.446493
v 1.066395 -0.147208 -0.408625
v 1.038385 -0.149248 -0.368011
v 1.029860 -0.106466 -0.267584
v 1.013569 -0.066279 -0.243963
v 1.005570 -0.018954 -0.232365
v 1.006729 0.030382 -0.234045
v 1.016919 0.076383 -0.248821
v 1.035038 0.114063 -0.275092
v 1.059121 0.139339 -0.310011
v 1.086559 0.149472 -0.349794
v 1.114378 0.143364 -0.390131
v 1.139564 0.121677 -0.426649
v 1.159387 0.086761 -0.455391
v 1.171700 0.042400 -0.473244
v 1.175168 -0.006599 -0.478272
v 1.169415 -0.054926 -0.469930
v 1.155064 -0.097345 -0.449123
v 1.133671 -0.129258 -0.418105
v 1.107555 -0.147208 -0.380237
v 1.079544 -0.149248 -0.339623
v 1.052675 -0.135159 -0.300665
v 1.058080 0.076383 -0.220433
v 1.200548 0.086761 -0.427004
v 1.196224 -0.097345 -0.420736
v 1.174832 -0.129258 -0.389717
v 1.148715 -0.147208 -0.351850
v 1.071019 -0.106466 -0.239195
v 1.054729 -0.066279 -0.215575
v 1.046730 -0.018954 -0.203977
v 1.047889 0.030382 -0.205657
v 1.076198 0.114063 -0.246704
v 1.100281 0.139339 -0.281623
v 1.127719 0.149472 -0.321406
v 1.155538 0.143364 -0.361743
v 1.180724 0.121677 -0.398261
v 1.212860 0.042400 -0.444856
v 1.216328 -0.006599 -0.449884
v 1.210574 -0.054926 -0.441542
v 1.120704 -0.149248 -0.311235
v 1.093835 -0.135159 -0.272277
v 1.099239 0.076383 -0.192045
v 1.168879 0.149472 -0.293019
v 1.241707 0.086761 -0.398616
v -0.450200 0.151018 1.014197
v -0.450200 0.124404 0.987582
v -0.450200 0.076075 0.958615
v -0.450200 0.058335 0.952268
v -0.450200 0.040057 0.947689
v -0.450200 0.021419 0.944925
v -0.450200 -0.016219 0.944925
v -0.450200 -0.034857 0.947689
v -0.450200 -0.087908 0.966671
v -0.450200 -0.104070 0.976358
v -0.450200 -0.119204 0.987582
v -0.450200 -0.145818 1.014197
v -0.450200 -0.157042 1.029331
v -0.450200 -0.166729 1.045492
v -0.450200 -0.185711 1.098543
v -0.450200 -0.188475 1.117181
v -0.446529 0.193676 1.117543
v -0.442893 0.190911 1.099263
v -0.439327 0.186333 1.081336
v -0.435866 0.179985 1.063937
v -0.432543 0.171929 1.047231
v -0.429390 0.162242 1.031380
v -0.426437 0.151018 1.016537
v -0.423714 0.138365 1.002844
v -0.421245 0.124404 0.990434
v -0.419055 0.109270 0.979425
v -0.417166 0.093108 0.969925
v -0.415594 0.076075 0.962024
v -0.414356 0.058335 0.955798
v -0.413462 0.040057 0.951308
v -0.412923 0.021419 0.948596
v -0.412743 0.002600 0.947689
v -0.412923 -0.016219 0.948596
v -0.413462 -0.034857 0.951308
v -0.414356 -0.053135 0.955798
v -0.415594 -0.070875 0.962024
v -0.417166 -0.087908 0.969925
v -0.419055 -0.104070 0.979425
v -0.421245 -0.119204 0.990434
v -0.423714 -0.133165 1.002844
v -0.426437 -0.145818 1.016537
v -0.429390 -0.157042 1.031380
v -0.432543 -0.166729 1.047231
v -0.435866 -0.174785 1.063937
v -0.439327 -0.181133 1.081336
v -0.442893 -0.185711 1.099263
v -0.446529 -0.188475 1.117543
v -0.442998 0.193676 1.118613
v -0.435866 0.190911 1.101394
v -0.428871 0.186333 1.084508
v -0.422082 0.179985 1.068118
v -0.415564 0.171929 1.052382
v -0.409379 0.162242 1.037450
v -0.403588 0.151018 1.023468
v -0.398245 0.138365 1.010570
v -0.393403 0.124404 0.998880
v -0.389108 0.109270 0.988510
v -0.385401 0.093108 0.979561
v -0.382318 0.076075 0.972118
v -0.379889 0.058335 0.966253
v -0.378137 0.040057 0.962024
v -0.377079 0.021419 0.959469
v -0.376725 0.002600 0.958615
v -0.377079 -0.016219 0.959469
v -0.378137 -0.034857 0.962024
v -0.379889 -0.053135 0.966253
v -0.382318 -0.070875 0.972118
v -0.385401 -0.087908 0.979561
v -0.389108 -0.104070 0.988510
v -0.393403 -0.119204 0.998880
v -0.398245 -0.133165 1.010570
v -0.403588 -0.145818 1.023468
v -0.409379 -0.157042 1.037450
v -0.415564 -0.166729 1.052382
v -0.422082 -0.174785 1.068118
v -0.428871 -0.181133 1.084508
v -0.435866 -0.185711 1.101394
v -0.442998 -0.188475 1.118613
v -0.439745 0.193676 1.120353
v -0.429390 0.190911 1.104856
v -0.419236 0.186333 1.089658
v -0.409379 0.179985 1.074908
v -0.399916 0.171929 1.060745
v -0.390938 0.162242 1.047308
v -0.382530 0.151018 1.034724
v -0.374773 0.138365 1.023116
v -0.367743 0.124404 1.012595
v -0.361508 0.109270 1.003263
v -0.356126 0.093108 0.995208
v -0.351650 0.076075 0.988510
v -0.348124 0.058335 0.983232
v -0.345580 0.040057 0.979425
v -0.344044 0.021419 0.977127
v -0.343531 0.002600 0.976358
v -0.344044 -0.016219 0.977127
v -0.345580 -0.034857 0.979425
v -0.348124 -0.053135 0.983232
v -0.351650 -0.070875 0.988510
v -0.356126 -0.087908 0.995208
v -0.361508 -0.104070 1.003263
v -0.367743 -0.119204 1.012595
v -0.374773 -0.133165 1.023116
v -0.382530 -0.145818 1.034724
v -0.390938 -0.157042 1.047308
v -0.399916 -0.166729 1.060745
v -0.409379 -0.174785 1.074908
v -0.419236 -0.181133 1.089658
v -0.429390 -0.185711 1.104856
v -0.439745 -0.188475 1.120353
v -0.436893 0.193676 1.122693
v -0.423714 0.190911 1.109514
v -0.410790 0.186333 1.096590
v -0.398245 0.179985 1.084045
v -0.386201 0.171929 1.072001
v -0.374773 0.162242 1.060574
v -0.364072 0.151018 1.049872
v -0.354200 0.138365 1.040000
v -0.345253 0.124404 1.031053
v -0.337316 0.109270 1.023116
v -0.330466 0.093108 1.016267
v -0.324770 0.076075 1.010570
v -0.320282 0.058335 1.006082
v -0.317044 0.040057 1.002844
v -0.315089 0.021419 1.000889
v -0.314436 0.002600 1.000236
v -0.315089 -0.016219 1.000889
v -0.317044 -0.034857 1.002844
v -0.320282 -0.053135 1.006082
v -0.324770 -0.070875 1.010570
v -0.330466 -0.087908 1.016267
v -0.337316 -0.104070 1.023116
v -0.345253 -0.119204 1.031053
v -0.354200 -0.133165 1.040000
v -0.364072 -0.145818 1.049872
v -0.374773 -0.157042 1.060574
v -0.386201 -0.166729 1.072001
v -0.398245 -0.174785 1.084045
v -0.410790 -0.181133 1.096590
v -0.423714 -0.185711 1.109514
v -0.436893 -0.188475 1.122693
v -0.434552 0.193676 1.125545
v -0.419055 0.190911 1.115190
v -0.403858 0.186333 1.105036
v -0.389108 0.179985 1.095179
v -0.374945 0.171929 1.085717
v -0.361508 0.162242 1.076738
v -0.348924 0.151018 1.068330
v -0.337316 0.138365 1.060573
v -0.326795 0.124404 1.053544
v -0.317462 0.109270 1.047308
v -0.309408 0.093108 1.041926
v -0.302710 0.076075 1.037450
v -0.297432 0.058335 1.033924
v -0.293625 0.040057 1.031380
v -0.291327 0.021419 1.029844
v -0.290558 0.002600 1.029331
v -0.291327 -0.016219 1.029844
v -0.293625 -0.034857 1.031380
v -0.297432 -0.053135 1.033924
v -0.302710 -0.070875 1.037450
v -0.309408 -0.087908 1.041926
v -0.317462 -0.104070 1.047308
v -0.326795 -0.119204 1.053544
v -0.337316 -0.133165 1.060573
v -0.348924 -0.145818 1.068330
v -0.361508 -0.157042 1.076738
v -0.374945 -0.166729 1.085717
v -0.389108 -0.174785 1.095179
v -0.403858 -0.181133 1.105036
v -0.419055 -0.185711 1.115190
v -0.434552 -0.188475 1.125545
v -0.432813 0.193676 1.128798
v -0.415594 0.190911 1.121666
v -0.398708 0.186333 1.114671
v -0.382318 0.179985 1.107882
v -0.366581 0.171929 1.101364
v -0.351650 0.162242 1.095180
v -0.337668 0.151018 1.089388
v -0.324770 0.138365 1.084045
v -0.313080 0.124404 1.079203
v -0.302710 0.109270 1.074908
v -0.293761 0.093108 1.071201
v -0.286318 0.076075 1.068118
v -0.280453 0.058335 1.065689
v -0.276224 0.040057 1.063937
v -0.273669 0.021419 1.062879
v -0.272815 0.002600 1.062525
v -0.273669 -0.016219 1.062879
v -0.276224 -0.034857 1.063937
v -0.280453 -0.053135 1.065689
v -0.286318 -0.070875 1.068118
v -0.293761 -0.087908 1.071201
v -0.302710 -0.104070 1.074908
v -0.313080 -0.119204 1.079203
v -0.324770 -0.133165 1.084045
v -0.337668 -0.145818 1.089388
v -0.351650 -0.157042 1.095180
v -0.366581 -0.166729 1.101364
v -0.382318 -0.174785 1.107882
v -0.398708 -0.181133 1.114671
v -0.415594 -0.185711 1.121666
v -0.432813 -0.188475 1.128798
v -0.431742 0.193676 1.132329
v -0.413462 0.190911 1.128693
v -0.395536 0.186333 1.125127
v -0.378137 0.179985 1.121666
v -0.361431 0.171929 1.118343
v -0.345580 0.162242 1.115190
v -0.330737 0.151018 1.112238
v -0.317044 0.138365 1.109514
v -0.304634 0.124404 1.107045
v -0.293625 0.109270 1.104856
v -0.284125 0.093108 1.102966
v -0.276224 0.076075 1.101394
v -0.269998 0.058335 1.100156
v -0.265508 0.040057 1.099263
v -0.262796 0.021419 1.098723
v -0.261889 0.002600 1.098543
v -0.262796 -0.016219 1.098723
v -0.265508 -0.034857 1.099263
v -0.269998 -0.053135 1.100156
v -0.276224 -0.070875 1.101394
v -0.284125 -0.087908 1.102966
v -0.293625 -0.104070 1.104856
v -0.304634 -0.119204 1.107045
v -0.317044 -0.133165 1.109514
v -0.330737 -0.145818 1.112238
v -0.345580 -0.157042 1.115190
v -0.361431 -0.166729 1.118343
v -0.378137 -0.174785 1.121666
v -0.395536 -0.181133 1.125127
v -0.413462 -0.185711 1.128693
v -0.431742 -0.188475 1.132329
v -0.431381 0.193676 1.136000
v -0.412743 0.190911 1.136000
v -0.394465 0.186333 1.136000
v -0.376725 0.179985 1.136000
v -0.359692 0.171929 1.136000
v -0.343531 0.162242 1.136000
v -0.328397 0.151018 1.136000
v -0.314436 0.138365 1.136000
v -0.301782 0.124404 1.136000
v -0.290558 0.109270 1.136000
v -0.280871 0.093108 1.136000
v -0.272815 0.076075 1.136000
v -0.266468 0.058335 1.136000
v -0.261889 0.040057 1.136000
v -0.259125 0.021419 1.136000
v -0.258200 0.002600 1.136000
v -0.259125 -0.016219 1.136000
v -0.261889 -0.034857 1.136000
v -0.266468 -0.053135 1.136000
v -0.272815 -0.070875 1.136000
v -0.280871 -0.087908 1.136000
v -0.290558 -0.104070 1.136000
v -0.301782 -0.119204 1.136000
v -0.314436 -0.133165 1.136000
v -0.328397 -0.145818 1.136000
v -0.343531 -0.157042 1.136000
v -0.359692 -0.166729 1.136000
v -0.376725 -0.174785 1.136000
v -0.394465 -0.181133 1.136000
v -0.412743 -0.185711 1.136000
v -0.431381 -0.188475 1.136000
v -0.431742 0.193676 1.139672
v -0.413462 0.190911 1.143308
v -0.395536 0.186333 1.146873
v -0.378137 0.179985 1.150334
v -0.361431 0.171929 1.153657
v -0.345580 0.162242 1.156810
v -0.330737 0.151018 1.159763
v -0.317044 0.138365 1.162486
v -0.304634 0.124404 1.164955
v -0.293625 0.109270 1.167145
v -0.284125 0.093108 1.169035
v -0.276224 0.076075 1.170606
v -0.269998 0.058335 1.171845
v -0.265508 0.040057 1.172738
v -0.262796 0.021419 1.173277
v -0.261889 0.002600 1.173458
v -0.262796 -0.016219 1.173277
v -0.265508 -0.034857 1.172738
v -0.269998 -0.053135 1.171845
v -0.276224 -0.070875 1.170606
v -0.284125 -0.087908 1.169035
v -0.293625 -0.104070 1.167145
v -0.304634 -0.119204 1.164955
v -0.317044 -0.133165 1.162486
v -0.330737 -0.145818 1.159763
v -0.345580 -0.157042 1.156810
v -0.361431 -0.166729 1.153657
v -0.378137 -0.174785 1.150334
v -0.395536 -0.181133 1.146873
v -0.413462 -0.185711 1.143308
v -0.431742 -0.188475 1.139672
v -0.432813 0.193676 1.143202
v -0.415594 0.190911 1.150334
v -0.398708 0.186333 1.157329
v -0.382318 0.179985 1.164118
v -0.366581 0.171929 1.170636
v -0.351650 0.162242 1.176821
v -0.337668 0.151018 1.182612
v -0.324770 0.138365 1.187955
v -0.313080 0.124404 1.192797
v -0.302710 0.109270 1.197093
v -0.293761 0.093108 1.200800
v -0.286318 0.076075 1.203882
v -0.280453 0.058335 1.206312
v -0.276224 0.040057 1.208064
v -0.273669 0.021419 1.209122
v -0.272815 0.002600 1.209475
v -0.273669 -0.016219 1.209122
v -0.276224 -0.034857 1.208064
v -0.280453 -0.053135 1.206312
v -0.286318 -0.070875 1.203882
v -0.293761 -0.087908 1.200800
v -0.302710 -0.104070 1.197093
v -0.313080 -0.119204 1.192797
v -0.324770 -0.133165 1.187955
v -0.337668 -0.145818 1.182612
v -0.351650 -0.157042 1.176821
v -0.366581 -0.166729 1.170636
v -0.382318 -0.174785 1.164118
v -0.398708 -0.181133 1.157329
v -0.415594 -0.185711 1.150334
v -0.432813 -0.188475 1.143202
v -0.434552 0.193676 1.146456
v -0.419055 0.190911 1.156810
v -0.403858 0.186333 1.166965
v -0.389108 0.179985 1.176821
v -0.374945 0.171929 1.186284
v -0.361508 0.162242 1.195263
v -0.348924 0.151018 1.203671
v -0.337316 0.138365 1.211427
v -0.326795 0.124404 1.218457
v -0.317463 0.109270 1.224693
v -0.309408 0.093108 1.230074
v -0.302710 0.076075 1.234550
v -0.297432 0.058335 1.238076
v -0.293625 0.040057 1.240620
v -0.291327 0.021419 1.242156
v -0.290558 0.002600 1.242670
v -0.291327 -0.016219 1.242156
v -0.293625 -0.034857 1.240620
v -0.297432 -0.053135 1.238076
v -0.302710 -0.070875 1.234550
v -0.309408 -0.087908 1.230074
v -0.317463 -0.104070 1.224693
v -0.326795 -0.119204 1.218457
v -0.337316 -0.133165 1.211427
v -0.348924 -0.145818 1.203671
v -0.361508 -0.157042 1.195263
v -0.374945 -0.166729 1.186284
v -0.389108 -0.174785 1.176821
v -0.403858 -0.181133 1.166965
v -0.419055 -0.185711 1.156810
v -0.434552 -0.188475 1.146456
v -0.436893 0.193676 1.149307
v -0.423714 0.190911 1.162486
v -0.410790 0.186333 1.175411
v -0.398245 0.179985 1.187955
v -0.386201 0.171929 1.199999
v -0.374773 0.162242 1.211427
v -0.364072 0.151018 1.222128
v -0.354200 0.138365 1.232000
v -0.345253 0.124404 1.240948
v -0.337316 0.109270 1.248884
v -0.330467 0.093108 1.255734
v -0.324770 0.076075 1.261430
v -0.320282 0.058335 1.265919
v -0.317044 0.040057 1.269156
v -0.315089 0.021419 1.271111
v -0.314436 0.002600 1.271765
v -0.315089 -0.016219 1.271111
v -0.317044 -0.034857 1.269156
v -0.320282 -0.053135 1.265919
v -0.324770 -0.070875 1.261430
v -0.330467 -0.087908 1.255734
v -0.337316 -0.104070 1.248884
v -0.345253 -0.119204 1.240948
v -0.354200 -0.133165 1.232000
v -0.364072 -0.145818 1.222128
v -0.374773 -0.157042 1.211427
v -0.386201 -0.166729 1.199999
v -0.398245 -0.174785 1.187955
v -0.410790 -0.181133 1.175411
v -0.423714 -0.185711 1.162486
v -0.436893 -0.188475 1.149307
v -0.439745 0.193676 1.151648
v -0.429390 0.190911 1.167145
v -0.419236 0.186333 1.182342
v -0.409379 0.179985 1.197093
v -0.399916 0.171929 1.211255
v -0.390938 0.162242 1.224693
v -0.382530 0.151018 1.237276
v -0.374773 0.138365 1.248884
v -0.367743 0.124404 1.259405
v -0.361508 0.109270 1.268738
v -0.356126 0.093108 1.276792
v -0.351650 0.076075 1.283490
v -0.348124 0.058335 1.288768
v -0.345580 0.040057 1.292575
v -0.344044 0.021419 1.294874
v -0.343531 0.002600 1.295642
v -0.344044 -0.016219 1.294874
v -0.345580 -0.034857 1.292575
v -0.348124 -0.053135 1.288768
v -0.351650 -0.070875 1.283490
v -0.356126 -0.087908 1.276792
v -0.361508 -0.104070 1.268738
v -0.367743 -0.119204 1.259405
v -0.374773 -0.133165 1.248884
v -0.382530 -0.145818 1.237276
v -0.390938 -0.157042 1.224693
v -0.399916 -0.166729 1.211255
v -0.409379 -0.174785 1.197093
v -0.419236 -0.181133 1.182342
v -0.429390 -0.185711 1.167145
v -0.439745 -0.188475 1.151648
v -0.442998 0.193676 1.153387
v -0.435866 0.190911 1.170606
v -0.428871 0.186333 1.187492
v -0.422082 0.179985 1.203882
v -0.415564 0.171929 1.219619
v -0.409379 0.162242 1.234550
v -0.403588 0.151018 1.248532
v -0.398245 0.138365 1.261430
v -0.393403 0.124404 1.273121
v -0.389108 0.109270 1.283490
v -0.385401 0.093108 1.292440
v -0.382318 0.076075 1.299882
v -0.379889 0.058335 1.305747
v -0.378137 0.040057 1.309977
v -0.377079 0.021419 1.312531
v -0.376725 0.002600 1.313385
v -0.377079 -0.016219 1.312531
v -0.378137 -0.034857 1.309977
v -0.379889 -0.053135 1.305747
v -0.382318 -0.070875 1.299882
v -0.385401 -0.087908 1.292440
v -0.389108 -0.104070 1.283490
v -0.393403 -0.119204 1.273121
v -0.398245 -0.133165 1.261430
v -0.403588 -0.145818 1.248532
v -0.409379 -0.157042 1.234550
v -0.415564 -0.166729 1.219619
v -0.422082 -0.174785 1.203882
v -0.428871 -0.181133 1.187492
v -0.435866 -0.185711 1.170606
v -0.442998 -0.188475 1.153387
v -0.446529 0.193676 1.154458
v -0.442893 0.190911 1.172738
v -0.439327 0.186333 1.190664
v -0.435866 0.179985 1.208064
v -0.432543 0.171929 1.224769
v -0.429390 0.162242 1.240620
v -0.426437 0.151018 1.255463
v -0.423714 0.138365 1.269156
v -0.421245 0.124404 1.281566
v -0.419055 0.109270 1.292575
v -0.417166 0.093108 1.302075
v -0.415594 0.076075 1.309977
v -0.414356 0.058335 1.316202
v -0.413463 0.040057 1.320693
v -0.412923 0.021419 1.323404
v -0.412743 0.002600 1.324311
v -0.412923 -0.016219 1.323404
v -0.413463 -0.034857 1.320693
v -0.414356 -0.053135 1.316202
v -0.415594 -0.070875 1.309977
v -0.417166 -0.087908 1.302075
v -0.419055 -0.104070 1.292575
v -0.421245 -0.119204 1.281566
v -0.423714 -0.133165 1.269156
v -0.426437 -0.145818 1.255463
v -0.429390 -0.157042 1.240620
v -0.432543 -0.166729 1.224769
v -0.435866 -0.174785 1.208064
v -0.439327 -0.181133 1.190664
v -0.442893 -0.185711 1.172738
v -0.446529 -0.188475 1.154458
v -0.450200 0.193676 1.154819
v -0.450200 0.190911 1.173458
v -0.450200 0.186333 1.191735
v -0.450200 0.179985 1.209475
v -0.450200 0.171929 1.226508
v -0.450200 0.162242 1.242670
v -0.450200 0.151018 1.257804
v -0.450200 0.138365 1.271765
v -0.450200 0.124404 1.284418
v -0.450200 0.109270 1.295642
v -0.450200 0.093108 1.305329
v -0.450200 0.076075 1.313385
v -0.450200 0.058335 1.319733
v -0.450200 0.040057 1.324311
v -0.450200 0.021419 1.327076
v -0.450200 0.002600 1.328000
v -0.450200 -0.016219 1.327076
v -0.450200 -0.034857 1.324311
v -0.450200 -0.053135 1.319733
v -0.450200 -0.070875 1.313385
v -0.450200 -0.087908 1.305329
v -0.450200 -0.104070 1.295642
v -0.450200 -0.119204 1.284418
v -0.450200 -0.133165 1.271765
v -0.450200 -0.145818 1.257804
v -0.450200 -0.157042 1.242670
v -0.450200 -0.166729 1.226508
v -0.450200 -0.174785 1.209475
v -0.450200 -0.181133 1.191735
v -0.450200 -0.185711 1.173458
v -0.450200 -0.188475 1.154819
v -0.450200 -0.189400 1.136000
v -0.450200 0.194600 1.136000
v -0.453872 0.193676 1.154458
v -0.457508 0.190911 1.172738
v -0.461073 0.186333 1.190664
v -0.464534 0.179985 1.208064
v -0.467857 0.171929 1.224769
v -0.471010 0.162242 1.240620
v -0.473963 0.151018 1.255463
v -0.476686 0.138365 1.269156
v -0.479155 0.124404 1.281566
v -0.481345 0.109270 1.292575
v -0.483235 0.093108 1.302075
v -0.484806 0.076075 1.309977
v -0.486045 0.058335 1.316202
v -0.486938 0.040057 1.320693
v -0.487477 0.021419 1.323404
v -0.487657 0.002600 1.324311
v -0.487477 -0.016219 1.323404
v -0.486938 -0.034857 1.320693
v -0.486045 -0.053135 1.316202
v -0.484806 -0.070875 1.309977
v -0.483235 -0.087908 1.302075
v -0.481345 -0.104070 1.292575
v -0.479155 -0.119204 1.281566
v -0.476686 -0.133165 1.269156
v -0.473963 -0.145818 1.255463
v -0.471010 -0.157042 1.240620
v -0.467857 -0.166729 1.224769
v -0.464534 -0.174785 1.208064
v -0.461073 -0.181133 1.190664
v -0.457508 -0.185711 1.172738
v -0.453872 -0.188475 1.154458
v -0.457402 0.193676 1.153387
v -0.464534 0.190911 1.170606
v -0.471529 0.186333 1.187492
v -0.478318 0.179985 1.203882
v -0.484836 0.171929 1.219619
v -0.491021 0.162242 1.234550
v -0.496812 0.151018 1.248532
v -0.502155 0.138365 1.261430
v -0.506997 0.124404 1.273121
v -0.511293 0.109270 1.283490
v -0.514999 0.093108 1.292440
v -0.518082 0.076075 1.299882
v -0.520512 0.058335 1.305747
v -0.522264 0.040057 1.309977
v -0.523322 0.021419 1.312531
v -0.523675 0.002600 1.313385
v -0.523322 -0.016219 1.312531
v -0.522264 -0.034857 1.309977
v -0.520512 -0.053135 1.305747
v -0.518082 -0.070875 1.299882
v -0.514999 -0.087908 1.292440
v -0.511293 -0.104070 1.283490
v -0.506997 -0.119204 1.273121
v -0.502155 -0.133165 1.261430
v -0.496812 -0.145818 1.248532
v -0.491021 -0.157042 1.234550
v -0.484836 -0.166729 1.219619
v -0.478318 -0.174785 1.203882
v -0.471529 -0.181133 1.187492
v -0.464534 -0.185711 1.170606
v -0.457402 -0.188475 1.153387
v -0.460656 0.193676 1.151648
v -0.471010 0.190911 1.167145
v -0.481165 0.186333 1.182342
v -0.491021 0.179985 1.197093
v -0.500484 0.171929 1.211255
v -0.509462 0.162242 1.224693
v -0.517870 0.151018 1.237276
v -0.525627 0.138365 1.248884
v -0.532657 0.124404 1.259405
v -0.538893 0.109270 1.268738
v -0.544274 0.093108 1.276792
v -0.548750 0.076075 1.283490
v -0.552276 0.058335 1.288768
v -0.554820 0.040057 1.292575
v -0.556356 0.021419 1.294873
v -0.556870 0.002600 1.295642
v -0.556356 -0.016219 1.294873
v -0.554820 -0.034857 1.292575
v -0.552276 -0.053135 1.288768
v -0.548750 -0.070875 1.283490
v -0.544274 -0.087908 1.276792
v -0.538893 -0.104070 1.268738
v -0.532657 -0.119204 1.259405
v -0.525627 -0.133165 1.248884
v -0.517870 -0.145818 1.237276
v -0.509462 -0.157042 1.224693
v -0.500484 -0.166729 1.211255
v -0.491021 -0.174785 1.197093
v -0.481165 -0.181133 1.182342
v -0.471010 -0.185711 1.167145
v -0.460656 -0.188475 1.151648
v -0.463507 0.193676 1.149307
v -0.476686 0.190911 1.162486
v -0.489610 0.186333 1.175411
v -0.502155 0.179985 1.187955
v -0.514199 0.171929 1.199999
v -0.525627 0.162242 1.211427
v -0.536328 0.151018 1.222128
v -0.546200 0.138365 1.232000
v -0.555147 0.124404 1.240948
v -0.563084 0.109270 1.248884
v -0.569934 0.093108 1.255734
v -0.575630 0.076075 1.261430
v -0.580119 0.058335 1.265919
v -0.583356 0.040057 1.269156
v -0.585311 0.021419 1.271111
v -0.585965 0.002600 1.271765
v -0.585311 -0.016219 1.271111
v -0.583356 -0.034857 1.269156
v -0.580119 -0.053135 1.265919
v -0.575630 -0.070875 1.261430
v -0.569934 -0.087908 1.255734
v -0.563084 -0.104070 1.248884
v -0.555147 -0.119204 1.240948
v -0.546200 -0.133165 1.232000
v -0.536328 -0.145818 1.222128
v -0.525627 -0.157042 1.211427
v -0.514199 -0.166729 1.199999
v -0.502155 -0.174785 1.187955
v -0.489610 -0.181133 1.175411
v -0.476686 -0.185711 1.162486
v -0.463507 -0.188475 1.149307
v -0.465848 0.193676 1.146456
v -0.481345 0.190911 1.156810
v -0.496542 0.186333 1.166965
v -0.511293 0.179985 1.176821
v -0.525455 0.171929 1.186284
v -0.538893 0.162242 1.195263
v -0.551476 0.151018 1.203671
v -0.563084 0.138365 1.211427
v -0.573605 0.124404 1.218457
v -0.582938 0.109270 1.224693
v -0.590992 0.093108 1.230074
v -0.597690 0.076075 1.234550
v -0.602968 0.058335 1.238076
v -0.606775 0.040057 1.240620
v -0.609073 0.021419 1.242156
v -0.609842 0.002600 1.242669
v -0.609073 -0.016219 1.242156
v -0.606775 -0.034857 1.240620
v -0.602968 -0.053135 1.238076
v -0.597690 -0.070875 1.234550
v -0.590992 -0.087908 1.230074
v -0.582938 -0.104070 1.224693
v -0.573605 -0.119204 1.218457
v -0.563084 -0.133165 1.211427
v -0.551476 -0.145818 1.203671
v -0.538893 -0.157042 1.195263
v -0.525455 -0.166729 1.186284
v -0.511293 -0.174785 1.176821
v -0.496542 -0.181133 1.166965
v -0.481345 -0.185711 1.156810
v -0.465848 -0.188475 1.146456
v -0.467587 0.193676 1.143202
v -0.484806 0.190911 1.150334
v -0.501692 0.186333 1.157329
v -0.518082 0.179985 1.164118
v -0.533819 0.171929 1.170636
v -0.548750 0.162242 1.176821
v -0.562732 0.151018 1.182612
v -0.575630 0.138365 1.187955
v -0.587320 0.124404 1.192797
v -0.597690 0.109270 1.197093
v -0.606640 0.093108 1.200800
v -0.614082 0.076075 1.203882
v -0.619947 0.058335 1.206311
v -0.624177 0.040057 1.208064
v -0.626731 0.021419 1.209122
v -0.627585 0.002600 1.209475
v -0.626731 -0.016219 1.209122
v -0.624177 -0.034857 1.208064
v -0.619947 -0.053135 1.206311
v -0.614082 -0.070875 1.203882
v -0.606640 -0.087908 1.200800
v -0.597690 -0.104070 1.197093
v -0.587320 -0.119204 1.192797
v -0.575630 -0.133165 1.187955
v -0.562732 -0.145818 1.182612
v -0.548750 -0.157042 1.176821
v -0.533819 -0.166729 1.170636
v -0.518082 -0.174785 1.164118
v -0.501692 -0.181133 1.157329
v -0.484806 -0.185711 1.150334
v -0.467587 -0.188475 1.143202
v -0.468658 0.193676 1.139672
v -0.486938 0.190911 1.143308
v -0.504864 0.186333 1.146873
v -0.522263 0.179985 1.150334
v -0.538969 0.171929 1.153657
v -0.554820 0.162242 1.156810
v -0.569663 0.151018 1.159763
v -0.583356 0.138365 1.162486
v -0.595766 0.124404 1.164955
v -0.606775 0.109270 1.167145
v -0.616275 0.093108 1.169035
v -0.624177 0.076075 1.170606
v -0.630402 0.058335 1.171845
v -0.634892 0.040057 1.172738
v -0.637604 0.021419 1.173277
v -0.638511 0.002600 1.173457
v -0.637604 -0.016219 1.173277
v -0.634892 -0.034857 1.172738
v -0.630402 -0.053135 1.171845
v -0.624177 -0.070875 1.170606
v -0.616275 -0.087908 1.169035
v -0.606775 -0.104070 1.167145
v -0.595766 -0.119204 1.164955
v -0.583356 -0.133165 1.162486
v -0.569663 -0.145818 1.159763
v -0.554820 -0.157042 1.156810
v -0.538969 -0.166729 1.153657
v -0.522263 -0.174785 1.150334
v -0.504864 -0.181133 1.146873
v -0.486938 -0.185711 1.143308
v -0.468658 -0.188475 1.139672
v -0.469019 0.193676 1.136000
v -0.487657 0.190911 1.136000
v -0.505935 0.186333 1.136000
v -0.523675 0.179985 1.136000
v -0.540708 0.171929 1.136000
v -0.556870 0.162242 1.136000
v -0.572004 0.151018 1.136000
v -0.585965 0.138365 1.136000
v -0.598618 0.124404 1.136000
v -0.609842 0.109270 1.136000
v -0.619529 0.093108 1.136000
v -0.627585 0.076075 1.136000
v -0.633933 0.058335 1.136000
v -0.638511 0.040057 1.136000
v -0.641275 0.021419 1.136000
v -0.642200 0.002600 1.136000
v -0.641275 -0.016219 1.136000
v -0.638511 -0.034857 1.136000
v -0.633933 -0.053135 1.136000
v -0.627585 -0.070875 1.136000
v -0.619529 -0.087908 1.136000
v -0.609842 -0.104070 1.136000
v -0.598618 -0.119204 1.136000
v -0.585965 -0.133165 1.136000
v -0.572004 -0.145818 1.136000
v -0.556870 -0.157042 1.136000
v -0.540708 -0.166729 1.136000
v -0.523675 -0.174785 1.136000
v -0.505935 -0.181133 1.136000
v -0.487657 -0.185711 1.136000
v -0.469019 -0.188475 1.136000
v -0.468658 0.193676 1.132329
v -0.486938 0.190911 1.128693
v -0.504864 0.186333 1.125127
v -0.522263 0.179985 1.121666
v -0.538969 0.171929 1.118343
v -0.554820 0.162242 1.115190
v -0.569663 0.151018 1.112237
v -0.583356 0.138365 1.109514
v -0.595766 0.124404 1.107045
v -0.606775 0.109270 1.104856
v -0.616275 0.093108 1.102966
v -0.624177 0.076075 1.101394
v -0.630402 0.058335 1.100156
v -0.634892 0.040057 1.099262
v -0.637604 0.021419 1.098723
v -0.638511 0.002600 1.098543
v -0.637604 -0.016219 1.098723
v -0.634892 -0.034857 1.099262
v -0.630402 -0.053135 1.100156
v -0.624177 -0.070875 1.101394
v -0.616275 -0.087908 1.102966
v -0.606775 -0.104070 1.104856
v -0.595766 -0.119204 1.107045
v -0.583356 -0.133165 1.109514
v -0.569663 -0.145818 1.112237
v -0.554820 -0.157042 1.115190
v -0.538969 -0.166729 1.118343
v -0.522263 -0.174785 1.121666
v -0.504864 -0.181133 1.125127
v -0.486938 -0.185711 1.128693
v -0.468658 -0.188475 1.132329
v -0.467587 0.193676 1.128798
v -0.484806 0.190911 1.121666
v -0.501692 0.186333 1.114671
v -0.518082 0.179985 1.107882
v -0.533819 0.171929 1.101364
v -0.548750 0.162242 1.095180
v -0.562732 0.151018 1.089388
v -0.575630 0.138365 1.084045
v -0.587320 0.124404 1.079203
v -0.597690 0.109270 1.074908
v -0.606640 0.093108 1.071201
v -0.614082 0.076075 1.068118
v -0.619947 0.058335 1.065689
v -0.624177 0.040057 1.063937
v -0.626731 0.021419 1.062879
v -0.627585 0.002600 1.062525
v -0.626731 -0.016219 1.062879
v -0.624177 -0.034857 1.063937
v -0.619947 -0.053135 1.065689
v -0.614082 -0.070875 1.068118
v -0.606640 -0.087908 1.071201
v -0.597690 -0.104070 1.074908
v -0.587320 -0.119204 1.079203
v -0.575630 -0.133165 1.084045
v -0.562732 -0.145818 1.089388
v -0.548750 -0.157042 1.095180
v -0.533819 -0.166729 1.101364
v -0.518082 -0.174785 1.107882
v -0.501692 -0.181133 1.114671
v -0.484806 -0.185711 1.121666
v -0.467587 -0.188475 1.128798
v -0.465848 0.193676 1.125545
v -0.481345 0.190911 1.115190
v -0.496542 0.186333 1.105036
v -0.511292 0.179985 1.095180
v -0.525455 0.171929 1.085717
v -0.538892 0.162242 1.076738
v -0.551476 0.151018 1.068330
v -0.563084 0.138365 1.060574
v -0.573605 0.124404 1.053544
v -0.582938 0.109270 1.047308
v -0.590992 0.093108 1.041926
v -0.597690 0.076075 1.037450
v -0.602968 0.058335 1.033924
v -0.606775 0.040057 1.031380
v -0.609073 0.021419 1.029844
v -0.609842 0.002600 1.029331
v -0.609073 -0.016219 1.029844
v -0.606775 -0.034857 1.031380
v -0.602968 -0.053135 1.033924
v -0.597690 -0.070875 1.037450
v -0.590992 -0.087908 1.041926
v -0.582938 -0.104070 1.047308
v -0.573605 -0.119204 1.053544
v -0.563084 -0.133165 1.060574
v -0.551476 -0.145818 1.068330
v -0.538892 -0.157042 1.076738
v -0.525455 -0.166729 1.085717
v -0.511292 -0.174785 1.095180
v -0.496542 -0.181133 1.105036
v -0.481345 -0.185711 1.115190
v -0.465848 -0.188475 1.125545
v -0.463507 0.193676 1.122693
v -0.476686 0.190911 1.109514
v -0.489610 0.186333 1.096590
v -0.502155 0.179985 1.084045
v -0.514199 0.171929 1.072001
v -0.525627 0.162242 1.060574
v -0.536328 0.151018 1.049872
v -0.546200 0.138365 1.040000
v -0.555147 0.124404 1.031053
v -0.563084 0.109270 1.023116
v -0.569934 0.093108 1.016267
v -0.575630 0.076075 1.010570
v -0.580119 0.058335 1.006082
v -0.583356 0.040057 1.002844
v -0.585311 0.021419 1.000890
v -0.585964 0.002600 1.000236
v -0.585311 -0.016219 1.000890
v -0.583356 -0.034857 1.002844
v -0.580119 -0.053135 1.006082
v -0.575630 -0.070875 1.010570
v -0.569934 -0.087908 1.016267
v -0.563084 -0.104070 1.023116
v -0.555147 -0.119204 1.031053
v -0.546200 -0.133165 1.040000
v -0.536328 -0.145818 1.049872
v -0.525627 -0.157042 1.060574
v -0.514199 -0.166729 1.072001
v -0.502155 -0.174785 1.084045
v -0.489610 -0.181133 1.096590
v -0.476686 -0.185711 1.109514
v -0.463507 -0.188475 1.122693
v -0.460656 0.193676 1.120353
v -0.471010 0.190911 1.104856
v -0.481165 0.186333 1.089659
v -0.491021 0.179985 1.074908
v -0.500484 0.171929 1.060745
v -0.509462 0.162242 1.047308
v -0.517870 0.151018 1.034724
v -0.525627 0.138365 1.023116
v -0.532657 0.124404 1.012595
v -0.538892 0.109270 1.003263
v -0.544274 0.093108 0.995208
v -0.548750 0.076075 0.988510
v -0.552276 0.058335 0.983232
v -0.554820 0.040057 0.979426
v -0.556356 0.021419 0.977127
v -0.556869 0.002600 0.976358
v -0.556356 -0.016219 0.977127
v -0.554820 -0.034857 0.979426
v -0.552276 -0.053135 0.983232
v -0.548750 -0.070875 0.988510
v -0.544274 -0.087908 0.995208
v -0.538892 -0.104070 1.003263
v -0.532657 -0.119204 1.012595
v -0.525627 -0.133165 1.023116
v -0.517870 -0.145818 1.034724
v -0.509462 -0.157042 1.047308
v -0.500484 -0.166729 1.060745
v -0.491021 -0.174785 1.074908
v -0.481165 -0.181133 1.089659
v -0.471010 -0.185711 1.104856
v -0.460656 -0.188475 1.120353
v -0.457402 0.193676 1.118613
v -0.464534 0.190911 1.101394
v -0.471529 0.186333 1.084508
v -0.478318 0.179985 1.068118
v -0.484836 0.171929 1.052382
v -0.491021 0.162242 1.037451
v -0.496812 0.151018 1.023468
v -0.502155 0.138365 1.010570
v -0.506997 0.124404 0.998880
v -0.511292 0.109270 0.988510
v -0.514999 0.093108 0.979561
v -0.518082 0.076075 0.972118
v -0.520511 0.058335 0.966253
v -0.522263 0.040057 0.962024
v -0.523321 0.021419 0.959470
v -0.523675 0.002600 0.958615
v -0.523321 -0.016219 0.959470
v -0.522263 -0.034857 0.962024
v -0.520511 -0.053135 0.966253
v -0.518082 -0.070875 0.972118
v -0.514999 -0.087908 0.979561
v -0.511292 -0.104070 0.988510
v -0.506997 -0.119204 0.998880
v -0.502155 -0.133165 1.010570
v -0.496812 -0.145818 1.023468
v -0.491021 -0.157042 1.037451
v -0.484836 -0.166729 1.052382
v -0.478318 -0.174785 1.068118
v -0.471529 -0.181133 1.084508
v -0.464534 -0.185711 1.101394
v -0.457402 -0.188475 1.118613
v -0.453872 0.193676 1.117543
v -0.457508 0.190911 1.099263
v -0.461073 0.186333 1.081336
v -0.464534 0.179985 1.063937
v -0.467857 0.171929 1.047231
v -0.471010 0.162242 1.031380
v -0.473963 0.151018 1.016537
v -0.476686 0.138365 1.002844
v -0.479155 0.124404 0.990434
v -0.481345 0.109270 0.979426
v -0.483234 0.093108 0.969925
v -0.484806 0.076075 0.962024
v -0.486044 0.058335 0.955798
v -0.486938 0.040057 0.951308
v -0.487477 0.021419 0.948596
v -0.487657 0.002600 0.947690
v -0.487477 -0.016219 0.948596
v -0.486938 -0.034857 0.951308
v -0.486044 -0.053135 0.955798
v -0.484806 -0.070875 0.962024
v -0.483234 -0.087908 0.969925
v -0.481345 -0.104070 0.979426
v -0.479155 -0.119204 0.990434
v -0.476686 -0.133165 1.002844
v -0.473963 -0.145818 1.016537
v -0.471010 -0.157042 1.031380
v -0.467857 -0.166729 1.047231
v -0.464534 -0.174785 1.063937
v -0.461073 -0.181133 1.081336
v -0.457508 -0.185711 1.099263
v -0.453872 -0.188475 1.117543
v -0.450200 0.193676 1.117181
v -0.450200 0.190911 1.098543
v -0.450200 0.186333 1.080266
v -0.450200 0.179985 1.062525
v -0.450200 0.171929 1.045492
v -0.450200 0.162242 1.029331
v -0.450200 0.138365 1.000236
v -0.450200 0.109270 0.976358
v -0.450200 0.093108 0.966671
v -0.450200 0.002600 0.944000
v -0.450200 -0.053135 0.952268
v -0.450200 -0.070875 0.958615
v -0.450200 -0.133165 1.000236
v -0.450200 -0.174785 1.062525
v -0.450200 -0.181133 1.080266
v 1.556800 0.148018 -0.154804
v 1.556800 0.121404 -0.181418
v 1.556800 0.073075 -0.210385
v 1.556800 0.055335 -0.216733
v 1.556800 0.037057 -0.221311
v 1.556800 0.018419 -0.224075
v 1.556800 -0.019219 -0.224075
v 1.556800 -0.037857 -0.221311
v 1.556800 -0.090908 -0.202329
v 1.556800 -0.107070 -0.192642
v 1.556800 -0.122204 -0.181418
v 1.556800 -0.148818 -0.154804
v 1.556800 -0.160042 -0.139670
v 1.556800 -0.169729 -0.123508
v 1.556800 -0.188711 -0.070457
v 1.556800 -0.191475 -0.051819
v 1.560472 0.190676 -0.051458
v 1.564108 0.187911 -0.069738
v 1.567674 0.183333 -0.087664
v 1.571135 0.176985 -0.105063
v 1.574458 0.168929 -0.121769
v 1.577610 0.159242 -0.137620
v 1.580563 0.148018 -0.152463
v 1.583287 0.135365 -0.166156
v 1.585755 0.121404 -0.178566
v 1.587945 0.106270 -0.189575
v 1.589835 0.090108 -0.199075
v 1.591406 0.073075 -0.206976
v 1.592645 0.055335 -0.213202
v 1.593538 0.037057 -0.217692
v 1.594077 0.018419 -0.220404
v 1.594258 -0.000400 -0.221311
v 1.594077 -0.019219 -0.220404
v 1.593538 -0.037857 -0.217692
v 1.592645 -0.056135 -0.213202
v 1.591406 -0.073875 -0.206976
v 1.589835 -0.090908 -0.199075
v 1.587945 -0.107070 -0.189575
v 1.585755 -0.122204 -0.178566
v 1.583287 -0.136165 -0.166156
v 1.580563 -0.148818 -0.152463
v 1.577610 -0.160042 -0.137620
v 1.574458 -0.169729 -0.121769
v 1.571135 -0.177785 -0.105063
v 1.567674 -0.184133 -0.087664
v 1.564108 -0.188711 -0.069738
v 1.560472 -0.191475 -0.051458
v 1.564002 0.190676 -0.050387
v 1.571135 0.187911 -0.067606
v 1.578129 0.183333 -0.084492
v 1.584918 0.176985 -0.100882
v 1.591437 0.168929 -0.116619
v 1.597621 0.159242 -0.131550
v 1.603413 0.148018 -0.145532
v 1.608755 0.135365 -0.158430
v 1.613598 0.121404 -0.170120
v 1.617893 0.106270 -0.180490
v 1.621600 0.090108 -0.189440
v 1.624683 0.073075 -0.196882
v 1.627112 0.055335 -0.202747
v 1.628864 0.037057 -0.206976
v 1.629922 0.018419 -0.209531
v 1.630276 -0.000400 -0.210385
v 1.629922 -0.019219 -0.209531
v 1.628864 -0.037857 -0.206976
v 1.627112 -0.056135 -0.202747
v 1.624683 -0.073875 -0.196882
v 1.621600 -0.090908 -0.189440
v 1.617893 -0.107070 -0.180490
v 1.613598 -0.122204 -0.170120
v 1.608755 -0.136165 -0.158430
v 1.603413 -0.148818 -0.145532
v 1.597621 -0.160042 -0.131550
v 1.591437 -0.169729 -0.116619
v 1.584918 -0.177785 -0.100882
v 1.578129 -0.184133 -0.084492
v 1.571135 -0.188711 -0.067606
v 1.564002 -0.191475 -0.050387
v 1.567256 0.190676 -0.048648
v 1.577610 0.187911 -0.064145
v 1.587765 0.183333 -0.079342
v 1.597621 0.176985 -0.094092
v 1.607084 0.168929 -0.108255
v 1.616063 0.159242 -0.121692
v 1.624471 0.148018 -0.134276
v 1.632227 0.135365 -0.145884
v 1.639257 0.121404 -0.156405
v 1.645493 0.106270 -0.165738
v 1.650874 0.090108 -0.173792
v 1.655350 0.073075 -0.180490
v 1.658877 0.055335 -0.185768
v 1.661420 0.037057 -0.189575
v 1.662956 0.018419 -0.191873
v 1.663470 -0.000400 -0.192642
v 1.662956 -0.019219 -0.191873
v 1.661420 -0.037857 -0.189575
v 1.658877 -0.056135 -0.185768
v 1.655350 -0.073875 -0.180490
v 1.650874 -0.090908 -0.173792
v 1.645493 -0.107070 -0.165738
v 1.639257 -0.122204 -0.156405
v 1.632227 -0.136165 -0.145884
v 1.624471 -0.148818 -0.134276
v 1.616063 -0.160042 -0.121692
v 1.607084 -0.169729 -0.108255
v 1.597621 -0.177785 -0.094092
v 1.587765 -0.184133 -0.079342
v 1.577610 -0.188711 -0.064145
v 1.567256 -0.191475 -0.048648
v 1.570108 0.190676 -0.046307
v 1.583287 0.187911 -0.059486
v 1.596211 0.183333 -0.072410
v 1.608755 0.176985 -0.084955
v 1.620799 0.168929 -0.096999
v 1.632227 0.159242 -0.108427
v 1.642928 0.148018 -0.119128
v 1.652800 0.135365 -0.129000
v 1.661748 0.121404 -0.137947
v 1.669684 0.106270 -0.145884
v 1.676534 0.090108 -0.152734
v 1.682230 0.073075 -0.158430
v 1.686719 0.055335 -0.162919
v 1.689956 0.037057 -0.166156
v 1.691911 0.018419 -0.168111
v 1.692565 -0.000400 -0.168765
v 1.691911 -0.019219 -0.168111
v 1.689956 -0.037857 -0.166156
v 1.686719 -0.056135 -0.162919
v 1.682230 -0.073875 -0.158430
v 1.676534 -0.090908 -0.152734
v 1.669684 -0.107070 -0.145884
v 1.661748 -0.122204 -0.137947
v 1.652800 -0.136165 -0.129000
v 1.642928 -0.148818 -0.119128
v 1.632227 -0.160042 -0.108427
v 1.620799 -0.169729 -0.096999
v 1.608755 -0.177785 -0.084955
v 1.596211 -0.184133 -0.072410
v 1.583287 -0.188711 -0.059486
v 1.570108 -0.191475 -0.046307
v 1.572448 0.190676 -0.043455
v 1.587945 0.187911 -0.053810
v 1.603142 0.183333 -0.063965
v 1.617893 0.176985 -0.073821
v 1.632055 0.168929 -0.083284
v 1.645493 0.159242 -0.092262
v 1.658076 0.148018 -0.100670
v 1.669685 0.135365 -0.108427
v 1.680205 0.121404 -0.115457
v 1.689538 0.106270 -0.121692
v 1.697592 0.090108 -0.127074
v 1.704291 0.073075 -0.131550
v 1.709568 0.055335 -0.135076
v 1.713375 0.037057 -0.137620
v 1.715674 0.018419 -0.139156
v 1.716442 -0.000400 -0.139669
v 1.715674 -0.019219 -0.139156
v 1.713375 -0.037857 -0.137620
v 1.709568 -0.056135 -0.135076
v 1.704291 -0.073875 -0.131550
v 1.697592 -0.090908 -0.127074
v 1.689538 -0.107070 -0.121692
v 1.680205 -0.122204 -0.115457
v 1.669685 -0.136165 -0.108427
v 1.658076 -0.148818 -0.100670
v 1.645493 -0.160042 -0.092262
v 1.632055 -0.169729 -0.083284
v 1.617893 -0.177785 -0.073821
v 1.603142 -0.184133 -0.063965
v 1.587945 -0.188711 -0.053810
v 1.572448 -0.191475 -0.043455
v 1.574187 0.190676 -0.040202
v 1.591406 0.187911 -0.047334
v 1.608293 0.183333 -0.054329
v 1.624683 0.176985 -0.061118
v 1.640419 0.168929 -0.067636
v 1.655350 0.159242 -0.073821
v 1.669332 0.148018 -0.079612
v 1.682230 0.135365 -0.084955
v 1.693921 0.121404 -0.089797
v 1.704291 0.106270 -0.094092
v 1.713240 0.090108 -0.097799
v 1.720683 0.073075 -0.100882
v 1.726547 0.055335 -0.103311
v 1.730777 0.037057 -0.105063
v 1.733331 0.018419 -0.106121
v 1.734185 -0.000400 -0.106475
v 1.733331 -0.019219 -0.106121
v 1.730777 -0.037857 -0.105063
v 1.726547 -0.056135 -0.103311
v 1.720683 -0.073875 -0.100882
v 1.713240 -0.090908 -0.097799
v 1.704291 -0.107070 -0.094092
v 1.693921 -0.122204 -0.089797
v 1.682230 -0.136165 -0.084955
v 1.669332 -0.148818 -0.079612
v 1.655350 -0.160042 -0.073821
v 1.640419 -0.169729 -0.067636
v 1.624683 -0.177785 -0.061118
v 1.608293 -0.184133 -0.054329
v 1.591406 -0.188711 -0.047334
v 1.574187 -0.191475 -0.040202
v 1.575258 0.190676 -0.036671
v 1.593538 0.187911 -0.040308
v 1.611464 0.183333 -0.043873
v 1.628864 0.176985 -0.047334
v 1.645570 0.168929 -0.050657
v 1.661420 0.159242 -0.053810
v 1.676264 0.148018 -0.056763
v 1.689956 0.135365 -0.059486
v 1.702366 0.121404 -0.061955
v 1.713375 0.106270 -0.064145
v 1.722876 0.090108 -0.066034
v 1.730777 0.073075 -0.067606
v 1.737002 0.055335 -0.068844
v 1.741493 0.037057 -0.069738
v 1.744204 0.018419 -0.070277
v 1.745111 -0.000400 -0.070457
v 1.744204 -0.019219 -0.070277
v 1.741493 -0.037857 -0.069738
v 1.737002 -0.056135 -0.068844
v 1.730777 -0.073875 -0.067606
v 1.722876 -0.090908 -0.066034
v 1.713375 -0.107070 -0.064145
v 1.702366 -0.122204 -0.061955
v 1.689956 -0.136165 -0.059486
v 1.676264 -0.148818 -0.056763
v 1.661420 -0.160042 -0.053810
v 1.645570 -0.169729 -0.050657
v 1.628864 -0.177785 -0.047334
v 1.611464 -0.184133 -0.043873
v 1.593538 -0.188711 -0.040308
v 1.575258 -0.191475 -0.036671
v 1.575620 0.190676 -0.033000
v 1.594258 0.187911 -0.033000
v 1.612535 0.183333 -0.033000
v 1.630276 0.176985 -0.033000
v 1.647309 0.168929 -0.033000
v 1.663470 0.159242 -0.033000
v 1.678604 0.148018 -0.033000
v 1.692565 0.135365 -0.033000
v 1.705218 0.121404 -0.033000
v 1.716442 0.106270 -0.033000
v 1.726129 0.090108 -0.033000
v 1.734185 0.073075 -0.033000
v 1.740533 0.055335 -0.033000
v 1.745111 0.037057 -0.033000
v 1.747876 0.018419 -0.033000
v 1.748800 -0.000400 -0.033000
v 1.747876 -0.019219 -0.033000
v 1.745111 -0.037857 -0.033000
v 1.740533 -0.056135 -0.033000
v 1.734185 -0.073875 -0.033000
v 1.726129 -0.090908 -0.033000
v 1.716442 -0.107070 -0.033000
v 1.705218 -0.122204 -0.033000
v 1.692565 -0.136165 -0.033000
v 1.678604 -0.148818 -0.033000
v 1.663470 -0.160042 -0.033000
v 1.647309 -0.169729 -0.033000
v 1.630276 -0.177785 -0.033000
v 1.612535 -0.184133 -0.033000
v 1.594258 -0.188711 -0.033000
v 1.575620 -0.191475 -0.033000
v 1.575258 0.190676 -0.029329
v 1.593538 0.187911 -0.025692
v 1.611464 0.183333 -0.022127
v 1.628864 0.176985 -0.018666
v 1.645570 0.168929 -0.015343
v 1.661420 0.159242 -0.012190
v 1.676264 0.148018 -0.009237
v 1.689956 0.135365 -0.006514
v 1.702366 0.121404 -0.004045
v 1.713375 0.106270 -0.001855
v 1.722876 0.090108 0.000034
v 1.730777 0.073075 0.001606
v 1.737002 0.055335 0.002844
v 1.741493 0.037057 0.003738
v 1.744204 0.018419 0.004277
v 1.745111 -0.000400 0.004457
v 1.744204 -0.019219 0.004277
v 1.741493 -0.037857 0.003738
v 1.737002 -0.056135 0.002844
v 1.730777 -0.073875 0.001606
v 1.722876 -0.090908 0.000034
v 1.713375 -0.107070 -0.001855
v 1.702366 -0.122204 -0.004045
v 1.689956 -0.136165 -0.006514
v 1.676264 -0.148818 -0.009237
v 1.661420 -0.160042 -0.012190
v 1.645570 -0.169729 -0.015343
v 1.628864 -0.177785 -0.018666
v 1.611464 -0.184133 -0.022127
v 1.593538 -0.188711 -0.025692
v 1.575258 -0.191475 -0.029329
v 1.574187 0.190676 -0.025798
v 1.591406 0.187911 -0.018666
v 1.608293 0.183333 -0.011671
v 1.624683 0.176985 -0.004882
v 1.640419 0.168929 0.001636
v 1.655350 0.159242 0.007821
v 1.669332 0.148018 0.013612
v 1.682230 0.135365 0.018955
v 1.693921 0.121404 0.023797
v 1.704291 0.106270 0.028092
v 1.713240 0.090108 0.031799
v 1.720683 0.073075 0.034882
v 1.726547 0.055335 0.037311
v 1.730777 0.037057 0.039063
v 1.733331 0.018419 0.040121
v 1.734185 -0.000400 0.040475
v 1.733331 -0.019219 0.040121
v 1.730777 -0.037857 0.039063
v 1.726547 -0.056135 0.037311
v 1.720683 -0.073875 0.034882
v 1.713240 -0.090908 0.031799
v 1.704291 -0.107070 0.028092
v 1.693921 -0.122204 0.023797
v 1.682230 -0.136165 0.018955
v 1.669332 -0.148818 0.013612
v 1.655350 -0.160042 0.007821
v 1.640419 -0.169729 0.001636
v 1.624683 -0.177785 -0.004882
v 1.608293 -0.184133 -0.011671
v 1.591406 -0.188711 -0.018666
v 1.574187 -0.191475 -0.025798
v 1.572448 0.190676 -0.022545
v 1.587945 0.187911 -0.012190
v 1.603142 0.183333 -0.002035
v 1.617893 0.176985 0.007821
v 1.632055 0.168929 0.017284
v 1.645493 0.159242 0.026262
v 1.658076 0.148018 0.034670
v 1.669684 0.135365 0.042427
v 1.680205 0.121404 0.049457
v 1.689538 0.106270 0.055692
v 1.697592 0.090108 0.061074
v 1.704291 0.073075 0.065550
v 1.709568 0.055335 0.069076
v 1.713375 0.037057 0.071620
v 1.715674 0.018419 0.073156
v 1.716442 -0.000400 0.073669
v 1.715674 -0.019219 0.073156
v 1.713375 -0.037857 0.071620
v 1.709568 -0.056135 0.069076
v 1.704291 -0.073875 0.065550
v 1.697592 -0.090908 0.061074
v 1.689538 -0.107070 0.055692
v 1.680205 -0.122204 0.049457
v 1.669684 -0.136165 0.042427
v 1.658076 -0.148818 0.034670
v 1.645493 -0.160042 0.026262
v 1.632055 -0.169729 0.017284
v 1.617893 -0.177785 0.007821
v 1.603142 -0.184133 -0.002035
v 1.587945 -0.188711 -0.012190
v 1.572448 -0.191475 -0.022545
v 1.570108 0.190676 -0.019693
v 1.583287 0.187911 -0.006514
v 1.596211 0.183333 0.006410
v 1.608755 0.176985 0.018955
v 1.620799 0.168929 0.030999
v 1.632227 0.159242 0.042427
v 1.642928 0.148018 0.053128
v 1.652800 0.135365 0.063000
v 1.661748 0.121404 0.071947
v 1.669684 0.106270 0.079884
v 1.676534 0.090108 0.086734
v 1.682230 0.073075 0.092430
v 1.686719 0.055335 0.096919
v 1.689956 0.037057 0.100156
v 1.691911 0.018419 0.102111
v 1.692565 -0.000400 0.102765
v 1.691911 -0.019219 0.102111
v 1.689956 -0.037857 0.100156
v 1.686719 -0.056135 0.096919
v 1.682230 -0.073875 0.092430
v 1.676534 -0.090908 0.086734
v 1.669684 -0.107070 0.079884
v 1.661748 -0.122204 0.071947
v 1.652800 -0.136165 0.063000
v 1.642928 -0.148818 0.053128
v 1.632227 -0.160042 0.042427
v 1.620799 -0.169729 0.030999
v 1.608755 -0.177785 0.018955
v 1.596211 -0.184133 0.006410
v 1.583287 -0.188711 -0.006514
v 1.570108 -0.191475 -0.019693
v 1.567256 0.190676 -0.017352
v 1.577610 0.187911 -0.001855
v 1.587765 0.183333 0.013342
v 1.597621 0.176985 0.028092
v 1.607084 0.168929 0.042255
v 1.616063 0.159242 0.055692
v 1.624471 0.148018 0.068276
v 1.632227 0.135365 0.079884
v 1.639257 0.121404 0.090405
v 1.645493 0.106270 0.099738
v 1.650874 0.090108 0.107792
v 1.655350 0.073075 0.114490
v 1.658877 0.055335 0.119768
v 1.661420 0.037057 0.123575
v 1.662956 0.018419 0.125873
v 1.663470 -0.000400 0.126642
v 1.662956 -0.019219 0.125873
v 1.661420 -0.037857 0.123575
v 1.658877 -0.056135 0.119768
v 1.655350 -0.073875 0.114490
v 1.650874 -0.090908 0.107792
v 1.645493 -0.107070 0.099738
v 1.639257 -0.122204 0.090405
v 1.632227 -0.136165 0.079884
v 1.624471 -0.148818 0.068276
v 1.616063 -0.160042 0.055692
v 1.607084 -0.169729 0.042255
v 1.597621 -0.177785 0.028092
v 1.587765 -0.184133 0.013342
v 1.577610 -0.188711 -0.001855
v 1.567256 -0.191475 -0.017352
v 1.564002 0.190676 -0.015613
v 1.571135 0.187911 0.001606
v 1.578129 0.183333 0.018492
v 1.584918 0.176985 0.034882
v 1.591437 0.168929 0.050619
v 1.597621 0.159242 0.065550
v 1.603413 0.148018 0.079532
v 1.608755 0.135365 0.092430
v 1.613597 0.121404 0.104120
v 1.617893 0.106270 0.114490
v 1.621600 0.090108 0.123439
v 1.624683 0.073075 0.130882
v 1.627112 0.055335 0.136747
v 1.628864 0.037057 0.140976
v 1.629922 0.018419 0.143531
v 1.630276 -0.000400 0.144385
v 1.629922 -0.019219 0.143531
v 1.628864 -0.037857 0.140976
v 1.627112 -0.056135 0.136747
v 1.624683 -0.073875 0.130882
v 1.621600 -0.090908 0.123439
v 1.617893 -0.107070 0.114490
v 1.613597 -0.122204 0.104120
v 1.608755 -0.136165 0.092430
v 1.603413 -0.148818 0.079532
v 1.597621 -0.160042 0.065550
v 1.591437 -0.169729 0.050619
v 1.584918 -0.177785 0.034882
v 1.578129 -0.184133 0.018492
v 1.571135 -0.188711 0.001606
v 1.564002 -0.191475 -0.015613
v 1.560472 0.190676 -0.014542
v 1.564108 0.187911 0.003738
v 1.567674 0.183333 0.021664
v 1.571135 0.176985 0.039063
v 1.574458 0.168929 0.055769
v 1.577610 0.159242 0.071620
v 1.580563 0.148018 0.086463
v 1.583287 0.135365 0.100156
v 1.585755 0.121404 0.112566
v 1.587945 0.106270 0.123575
v 1.589835 0.090108 0.133075
v 1.591406 0.073075 0.140976
v 1.592645 0.055335 0.147202
v 1.593538 0.037057 0.151692
v 1.594077 0.018419 0.154404
v 1.594257 -0.000400 0.155311
v 1.594077 -0.019219 0.154404
v 1.593538 -0.037857 0.151692
v 1.592645 -0.056135 0.147202
v 1.591406 -0.073875 0.140976
v 1.589835 -0.090908 0.133075
v 1.587945 -0.107070 0.123575
v 1.585755 -0.122204 0.112566
v 1.583287 -0.136165 0.100156
v 1.580563 -0.148818 0.086463
v 1.577610 -0.160042 0.071620
v 1.574458 -0.169729 0.055769
v 1.571135 -0.177785 0.039063
v 1.567674 -0.184133 0.021664
v 1.564108 -0.188711 0.003738
v 1.560472 -0.191475 -0.014542
v 1.556800 0.190676 -0.014181
v 1.556800 0.187911 0.004457
v 1.556800 0.183333 0.022735
v 1.556800 0.176985 0.040475
v 1.556800 0.168929 0.057508
v 1.556800 0.159242 0.073669
v 1.556800 0.148018 0.088803
v 1.556800 0.135365 0.102765
v 1.556800 0.121404 0.115418
v 1.556800 0.106270 0.126642
v 1.556800 0.090108 0.136329
v 1.556800 0.073075 0.144385
v 1.556800 0.055335 0.150733
v 1.556800 0.037057 0.155311
v 1.556800 0.018419 0.158075
v 1.556800 -0.000400 0.159000
v 1.556800 -0.019219 0.158075
v 1.556800 -0.037857 0.155311
v 1.556800 -0.056135 0.150733
v 1.556800 -0.073875 0.144385
v 1.556800 -0.090908 0.136329
v 1.556800 -0.107070 0.126642
v 1.556800 -0.122204 0.115418
v 1.556800 -0.136165 0.102765
v 1.556800 -0.148818 0.088803
v 1.556800 -0.160042 0.073669
v 1.556800 -0.169729 0.057508
v 1.556800 -0.177785 0.040475
v 1.556800 -0.184133 0.022735
v 1.556800 -0.188711 0.004457
v 1.556800 -0.191475 -0.014181
v 1.556800 -0.192400 -0.033000
v 1.556800 0.191600 -0.033000
v 1.553129 0.190676 -0.014542
v 1.549493 0.187911 0.003738
v 1.545927 0.183333 0.021664
v 1.542466 0.176985 0.039063
v 1.539143 0.168929 0.055769
v 1.535990 0.159242 0.071620
v 1.533038 0.148018 0.086463
v 1.530314 0.135365 0.100156
v 1.527845 0.121404 0.112566
v 1.525656 0.106270 0.123575
v 1.523766 0.090108 0.133075
v 1.522194 0.073075 0.140976
v 1.520956 0.055335 0.147202
v 1.520063 0.037057 0.151692
v 1.519523 0.018419 0.154404
v 1.519343 -0.000400 0.155311
v 1.519523 -0.019219 0.154404
v 1.520063 -0.037857 0.151692
v 1.520956 -0.056135 0.147202
v 1.522194 -0.073875 0.140976
v 1.523766 -0.090908 0.133075
v 1.525656 -0.107070 0.123575
v 1.527845 -0.122204 0.112566
v 1.530314 -0.136165 0.100156
v 1.533038 -0.148818 0.086463
v 1.535990 -0.160042 0.071620
v 1.539143 -0.169729 0.055769
v 1.542466 -0.177785 0.039063
v 1.545927 -0.184133 0.021664
v 1.549493 -0.188711 0.003738
v 1.553129 -0.191475 -0.014542
v 1.549599 0.190676 -0.015613
v 1.542466 0.187911 0.001606
v 1.535472 0.183333 0.018492
v 1.528683 0.176985 0.034882
v 1.522164 0.168929 0.050619
v 1.515980 0.159242 0.065550
v 1.510188 0.148018 0.079532
v 1.504846 0.135365 0.092430
v 1.500003 0.121404 0.104120
v 1.495708 0.106270 0.114490
v 1.492001 0.090108 0.123439
v 1.488918 0.073075 0.130882
v 1.486489 0.055335 0.136747
v 1.484737 0.037057 0.140976
v 1.483679 0.018419 0.143531
v 1.483325 -0.000400 0.144385
v 1.483679 -0.019219 0.143531
v 1.484737 -0.037857 0.140976
v 1.486489 -0.056135 0.136747
v 1.488918 -0.073875 0.130882
v 1.492001 -0.090908 0.123439
v 1.495708 -0.107070 0.114490
v 1.500003 -0.122204 0.104120
v 1.504846 -0.136165 0.092430
v 1.510188 -0.148818 0.079532
v 1.515980 -0.160042 0.065550
v 1.522164 -0.169729 0.050619
v 1.528683 -0.177785 0.034882
v 1.535472 -0.184133 0.018492
v 1.542466 -0.188711 0.001606
v 1.549599 -0.191475 -0.015613
v 1.546345 0.190676 -0.017352
v 1.535990 0.187911 -0.001855
v 1.525836 0.183333 0.013342
v 1.515980 0.176985 0.028092
v 1.506517 0.168929 0.042255
v 1.497538 0.159242 0.055692
v 1.489130 0.148018 0.068276
v 1.481374 0.135365 0.079884
v 1.474344 0.121404 0.090405
v 1.468108 0.106270 0.099738
v 1.462726 0.090108 0.107792
v 1.458251 0.073075 0.114490
v 1.454724 0.055335 0.119768
v 1.452181 0.037057 0.123575
v 1.450645 0.018419 0.125873
v 1.450131 -0.000400 0.126642
v 1.450645 -0.019219 0.125873
v 1.452181 -0.037857 0.123575
v 1.454724 -0.056135 0.119768
v 1.458251 -0.073875 0.114490
v 1.462726 -0.090908 0.107792
v 1.468108 -0.107070 0.099738
v 1.474344 -0.122204 0.090405
v 1.481374 -0.136165 0.079884
v 1.489130 -0.148818 0.068276
v 1.497538 -0.160042 0.055692
v 1.506517 -0.169729 0.042255
v 1.515980 -0.177785 0.028092
v 1.525836 -0.184133 0.013342
v 1.535990 -0.188711 -0.001855
v 1.546345 -0.191475 -0.017352
v 1.543493 0.190676 -0.019693
v 1.530314 0.187911 -0.006514
v 1.517390 0.183333 0.006410
v 1.504846 0.176985 0.018955
v 1.492801 0.168929 0.030999
v 1.481374 0.159242 0.042427
v 1.470672 0.148018 0.053128
v 1.460800 0.135365 0.063000
v 1.451853 0.121404 0.071947
v 1.443916 0.106270 0.079884
v 1.437067 0.090108 0.086734
v 1.431370 0.073075 0.092430
v 1.426882 0.055335 0.096918
v 1.423645 0.037057 0.100156
v 1.421690 0.018419 0.102111
v 1.421036 -0.000400 0.102764
v 1.421690 -0.019219 0.102111
v 1.423645 -0.037857 0.100156
v 1.426882 -0.056135 0.096918
v 1.431370 -0.073875 0.092430
v 1.437067 -0.090908 0.086734
v 1.443916 -0.107070 0.079884
v 1.451853 -0.122204 0.071947
v 1.460800 -0.136165 0.063000
v 1.470672 -0.148818 0.053128
v 1.481374 -0.160042 0.042427
v 1.492801 -0.169729 0.030999
v 1.504846 -0.177785 0.018955
v 1.517390 -0.184133 0.006410
v 1.530314 -0.188711 -0.006514
v 1.543493 -0.191475 -0.019693
v 1.541153 0.190676 -0.022545
v 1.525656 0.187911 -0.012190
v 1.510459 0.183333 -0.002036
v 1.495708 0.176985 0.007821
v 1.481546 0.168929 0.017284
v 1.468108 0.159242 0.026262
v 1.455524 0.148018 0.034670
v 1.443916 0.135365 0.042427
v 1.433395 0.121404 0.049457
v 1.424063 0.106270 0.055692
v 1.416009 0.090108 0.061074
v 1.409310 0.073075 0.065550
v 1.404032 0.055335 0.069076
v 1.400226 0.037057 0.071620
v 1.397927 0.018419 0.073156
v 1.397158 -0.000400 0.073669
v 1.397927 -0.019219 0.073156
v 1.400226 -0.037857 0.071620
v 1.404032 -0.056135 0.069076
v 1.409310 -0.073875 0.065550
v 1.416009 -0.090908 0.061074
v 1.424063 -0.107070 0.055692
v 1.433395 -0.122204 0.049457
v 1.443916 -0.136165 0.042427
v 1.455524 -0.148818 0.034670
v 1.468108 -0.160042 0.026262
v 1.481546 -0.169729 0.017284
v 1.495708 -0.177785 0.007821
v 1.510459 -0.184133 -0.002036
v 1.525656 -0.188711 -0.012190
v 1.541153 -0.191475 -0.022545
v 1.539414 0.190676 -0.025798
v 1.522194 0.187911 -0.018666
v 1.505308 0.183333 -0.011671
v 1.488918 0.176985 -0.004882
v 1.473182 0.168929 0.001636
v 1.458251 0.159242 0.007821
v 1.444269 0.148018 0.013612
v 1.431370 0.135365 0.018955
v 1.419680 0.121404 0.023797
v 1.409310 0.106270 0.028092
v 1.400361 0.090108 0.031799
v 1.392918 0.073075 0.034882
v 1.387054 0.055335 0.037311
v 1.382824 0.037057 0.039063
v 1.380270 0.018419 0.040121
v 1.379416 -0.000400 0.040475
v 1.380270 -0.019219 0.040121
v 1.382824 -0.037857 0.039063
v 1.387054 -0.056135 0.037311
v 1.392918 -0.073875 0.034882
v 1.400361 -0.090908 0.031799
v 1.409310 -0.107070 0.028092
v 1.419680 -0.122204 0.023797
v 1.431370 -0.136165 0.018955
v 1.444269 -0.148818 0.013612
v 1.458251 -0.160042 0.007821
v 1.473182 -0.169729 0.001636
v 1.488918 -0.177785 -0.004882
v 1.505308 -0.184133 -0.011671
v 1.522194 -0.188711 -0.018666
v 1.539414 -0.191475 -0.025798
v 1.538343 0.190676 -0.029329
v 1.520063 0.187911 -0.025692
v 1.502137 0.183333 -0.022127
v 1.484737 0.176985 -0.018666
v 1.468031 0.168929 -0.015343
v 1.452181 0.159242 -0.012190
v 1.437337 0.148018 -0.009237
v 1.423645 0.135365 -0.006514
v 1.411234 0.121404 -0.004045
v 1.400226 0.106270 -0.001855
v 1.390725 0.090108 0.000034
v 1.382824 0.073075 0.001606
v 1.376598 0.055335 0.002844
v 1.372108 0.037057 0.003738
v 1.369397 0.018419 0.004277
v 1.368490 -0.000400 0.004457
v 1.369397 -0.019219 0.004277
v 1.372108 -0.037857 0.003738
v 1.376598 -0.056135 0.002844
v 1.382824 -0.073875 0.001606
v 1.390725 -0.090908 0.000034
v 1.400226 -0.107070 -0.001855
v 1.411234 -0.122204 -0.004045
v 1.423645 -0.136165 -0.006514
v 1.437337 -0.148818 -0.009237
v 1.452181 -0.160042 -0.012190
v 1.468031 -0.169729 -0.015343
v 1.484737 -0.177785 -0.018666
v 1.502137 -0.184133 -0.022127
v 1.520063 -0.188711 -0.025692
v 1.538343 -0.191475 -0.029329
v 1.537981 0.190676 -0.033000
v 1.519343 0.187911 -0.033000
v 1.501066 0.183333 -0.033000
v 1.483325 0.176985 -0.033000
v 1.466292 0.168929 -0.033000
v 1.450131 0.159242 -0.033000
v 1.434997 0.148018 -0.033000
v 1.421036 0.135365 -0.033000
v 1.408383 0.121404 -0.033000
v 1.397158 0.106270 -0.033000
v 1.387472 0.090108 -0.033000
v 1.379416 0.073075 -0.033000
v 1.373068 0.055335 -0.033000
v 1.368490 0.037057 -0.033000
v 1.365725 0.018419 -0.033000
v 1.364801 -0.000400 -0.033000
v 1.365725 -0.019219 -0.033000
v 1.368490 -0.037857 -0.033000
v 1.373068 -0.056135 -0.033000
v 1.379416 -0.073875 -0.033000
v 1.387472 -0.090908 -0.033000
v 1.397158 -0.107070 -0.033000
v 1.408383 -0.122204 -0.033000
v 1.421036 -0.136165 -0.033000
v 1.434997 -0.148818 -0.033000
v 1.450131 -0.160042 -0.033000
v 1.466292 -0.169729 -0.033000
v 1.483325 -0.177785 -0.033000
v 1.501066 -0.184133 -0.033000
v 1.519343 -0.188711 -0.033000
v 1.537981 -0.191475 -0.033000
v 1.538343 0.190676 -0.036671
v 1.520063 0.187911 -0.040308
v 1.502137 0.183333 -0.043873
v 1.484737 0.176985 -0.047334
v 1.468031 0.168929 -0.050657
v 1.452181 0.159242 -0.053810
v 1.437337 0.148018 -0.056763
v 1.423645 0.135365 -0.059486
v 1.411234 0.121404 -0.061955
v 1.400226 0.106270 -0.064145
v 1.390725 0.090108 -0.066034
v 1.382824 0.073075 -0.067606
v 1.376598 0.055335 -0.068844
v 1.372108 0.037057 -0.069738
v 1.369397 0.018419 -0.070277
v 1.368490 -0.000400 -0.070457
v 1.369397 -0.019219 -0.070277
v 1.372108 -0.037857 -0.069738
v 1.376598 -0.056135 -0.068844
v 1.382824 -0.073875 -0.067606
v 1.390725 -0.090908 -0.066034
v 1.400226 -0.107070 -0.064145
v 1.411234 -0.122204 -0.061955
v 1.423645 -0.136165 -0.059486
v 1.437337 -0.148818 -0.056763
v 1.452181 -0.160042 -0.053810
v 1.468031 -0.169729 -0.050657
v 1.484737 -0.177785 -0.047334
v 1.502137 -0.184133 -0.043873
v 1.520063 -0.188711 -0.040308
v 1.538343 -0.191475 -0.036671
v 1.539414 0.190676 -0.040202
v 1.522194 0.187911 -0.047334
v 1.505308 0.183333 -0.054329
v 1.488918 0.176985 -0.061118
v 1.473182 0.168929 -0.067636
v 1.458251 0.159242 -0.073821
v 1.444269 0.148018 -0.079612
v 1.431370 0.135365 -0.084955
v 1.419680 0.121404 -0.089797
v 1.409310 0.106270 -0.094092
v 1.400361 0.090108 -0.097799
v 1.392918 0.073075 -0.100882
v 1.387054 0.055335 -0.103311
v 1.382824 0.037057 -0.105063
v 1.380270 0.018419 -0.106121
v 1.379416 -0.000400 -0.106475
v 1.380270 -0.019219 -0.106121
v 1.382824 -0.037857 -0.105063
v 1.387054 -0.056135 -0.103311
v 1.392918 -0.073875 -0.100882
v 1.400361 -0.090908 -0.097799
v 1.409310 -0.107070 -0.094092
v 1.419680 -0.122204 -0.089797
v 1.431370 -0.136165 -0.084955
v 1.444269 -0.148818 -0.079612
v 1.458251 -0.160042 -0.073821
v 1.473182 -0.169729 -0.067636
v 1.488918 -0.177785 -0.061118
v 1.505308 -0.184133 -0.054329
v 1.522194 -0.188711 -0.047334
v 1.539414 -0.191475 -0.040202
v 1.541153 0.190676 -0.043455
v 1.525656 0.187911 -0.053810
v 1.510459 0.183333 -0.063965
v 1.495708 0.176985 -0.073821
v 1.481546 0.168929 -0.083284
v 1.468108 0.159242 -0.092262
v 1.455525 0.148018 -0.100670
v 1.443916 0.135365 -0.108427
v 1.433395 0.121404 -0.115457
v 1.424063 0.106270 -0.121692
v 1.416009 0.090108 -0.127074
v 1.409310 0.073075 -0.131550
v 1.404032 0.055335 -0.135076
v 1.400226 0.037057 -0.137620
v 1.397927 0.018419 -0.139156
v 1.397159 -0.000400 -0.139669
v 1.397927 -0.019219 -0.139156
v 1.400226 -0.037857 -0.137620
v 1.404032 -0.056135 -0.135076
v 1.409310 -0.073875 -0.131550
v 1.416009 -0.090908 -0.127074
v 1.424063 -0.107070 -0.121692
v 1.433395 -0.122204 -0.115457
v 1.443916 -0.136165 -0.108427
v 1.455525 -0.148818 -0.100670
v 1.468108 -0.160042 -0.092262
v 1.481546 -0.169729 -0.083284
v 1.495708 -0.177785 -0.073821
v 1.510459 -0.184133 -0.063965
v 1.525656 -0.188711 -0.053810
v 1.541153 -0.191475 -0.043455
v 1.543493 0.190676 -0.046307
v 1.530314 0.187911 -0.059486
v 1.517390 0.183333 -0.072410
v 1.504846 0.176985 -0.084955
v 1.492801 0.168929 -0.096999
v 1.481374 0.159242 -0.108427
v 1.470672 0.148018 -0.119128
v 1.460800 0.135365 -0.129000
v 1.451853 0.121404 -0.137947
v 1.443916 0.106270 -0.145884
v 1.437067 0.090108 -0.152734
v 1.431370 0.073075 -0.158430
v 1.426882 0.055335 -0.162919
v 1.423645 0.037057 -0.166156
v 1.421690 0.018419 -0.168111
v 1.421036 -0.000400 -0.168764
v 1.421690 -0.019219 -0.168111
v 1.423645 -0.037857 -0.166156
v 1.426882 -0.056135 -0.162919
v 1.431370 -0.073875 -0.158430
v 1.437067 -0.090908 -0.152734
v 1.443916 -0.107070 -0.145884
v 1.451853 -0.122204 -0.137947
v 1.460800 -0.136165 -0.129000
v 1.470672 -0.148818 -0.119128
v 1.481374 -0.160042 -0.108427
v 1.492801 -0.169729 -0.096999
v 1.504846 -0.177785 -0.084955
v 1.517390 -0.184133 -0.072410
v 1.530314 -0.188711 -0.059486
v 1.543493 -0.191475 -0.046307
v 1.546345 0.190676 -0.048648
v 1.535990 0.187911 -0.064145
v 1.525836 0.183333 -0.079342
v 1.515980 0.176985 -0.094092
v 1.506517 0.168929 -0.108255
v 1.497538 0.159242 -0.121692
v 1.489130 0.148018 -0.134276
v 1.481374 0.135365 -0.145884
v 1.474344 0.121404 -0.156405
v 1.468108 0.106270 -0.165738
v 1.462726 0.090108 -0.173792
v 1.458251 0.073075 -0.180490
v 1.454724 0.055335 -0.185768
v 1.452181 0.037057 -0.189575
v 1.450645 0.018419 -0.191873
v 1.450131 -0.000400 -0.192642
v 1.450645 -0.019219 -0.191873
v 1.452181 -0.037857 -0.189575
v 1.454724 -0.056135 -0.185768
v 1.458251 -0.073875 -0.180490
v 1.462726 -0.090908 -0.173792
v 1.468108 -0.107070 -0.165738
v 1.474344 -0.122204 -0.156405
v 1.481374 -0.136165 -0.145884
v 1.489130 -0.148818 -0.134276
v 1.497538 -0.160042 -0.121692
v 1.506517 -0.169729 -0.108255
v 1.515980 -0.177785 -0.094092
v 1.525836 -0.184133 -0.079342
v 1.535990 -0.188711 -0.064145
v 1.546345 -0.191475 -0.048648
v 1.549599 0.190676 -0.050387
v 1.542466 0.187911 -0.067606
v 1.535472 0.183333 -0.084492
v 1.528683 0.176985 -0.100882
v 1.522164 0.168929 -0.116619
v 1.515980 0.159242 -0.131550
v 1.510188 0.148018 -0.145532
v 1.504846 0.135365 -0.158430
v 1.500003 0.121404 -0.170120
v 1.495708 0.106270 -0.180490
v 1.492001 0.090108 -0.189439
v 1.488918 0.073075 -0.196882
v 1.486489 0.055335 -0.202747
v 1.484737 0.037057 -0.206976
v 1.483679 0.018419 -0.209531
v 1.483325 -0.000400 -0.210385
v 1.483679 -0.019219 -0.209531
v 1.484737 -0.037857 -0.206976
v 1.486489 -0.056135 -0.202747
v 1.488918 -0.073875 -0.196882
v 1.492001 -0.090908 -0.189439
v 1.495708 -0.107070 -0.180490
v 1.500003 -0.122204 -0.170120
v 1.504846 -0.136165 -0.158430
v 1.510188 -0.148818 -0.145532
v 1.515980 -0.160042 -0.131550
v 1.522164 -0.169729 -0.116619
v 1.528683 -0.177785 -0.100882
v 1.535472 -0.184133 -0.084492
v 1.542466 -0.188711 -0.067606
v 1.549599 -0.191475 -0.050387
v 1.553129 0.190676 -0.051458
v 1.549493 0.187911 -0.069738
v 1.545927 0.183333 -0.087664
v 1.542466 0.176985 -0.105063
v 1.539143 0.168929 -0.121769
v 1.535990 0.159242 -0.137620
v 1.533038 0.148018 -0.152463
v 1.530314 0.135365 -0.166156
v 1.527845 0.121404 -0.178566
v 1.525656 0.106270 -0.189575
v 1.523766 0.090108 -0.199075
v 1.522194 0.073075 -0.206976
v 1.520956 0.055335 -0.213202
v 1.520063 0.037057 -0.217692
v 1.519523 0.018419 -0.220404
v 1.519343 -0.000400 -0.221311
v 1.519523 -0.019219 -0.220404
v 1.520063 -0.037857 -0.217692
v 1.520956 -0.056135 -0.213202
v 1.522194 -0.073875 -0.206976
v 1.523766 -0.090908 -0.199075
v 1.525656 -0.107070 -0.189575
v 1.527845 -0.122204 -0.178566
v 1.530314 -0.136165 -0.166156
v 1.533038 -0.148818 -0.152463
v 1.535990 -0.160042 -0.137620
v 1.539143 -0.169729 -0.121769
v 1.542466 -0.177785 -0.105063
v 1.545927 -0.184133 -0.087664
v 1.549493 -0.188711 -0.069738
v 1.553129 -0.191475 -0.051458
v 1.556800 0.190676 -0.051819
v 1.556800 0.187911 -0.070457
v 1.556800 0.183333 -0.088735
v 1.556800 0.176985 -0.106475
v 1.556800 0.168929 -0.123508
v 1.556800 0.159242 -0.139669
v 1.556800 0.135365 -0.168765
v 1.556800 0.106270 -0.192642
v 1.556800 0.090108 -0.202329
v 1.556800 -0.000400 -0.225000
v 1.556800 -0.056135 -0.216732
v 1.556800 -0.073875 -0.210385
v 1.556800 -0.136165 -0.168765
v 1.556800 -0.177785 -0.106475
v 1.556800 -0.184133 -0.088735
v -0.569690 -0.065243 0.602146
v -0.581724 0.031419 0.601445
v -0.531874 0.115098 0.602568
v -0.489470 0.140375 0.603692
v -0.441161 0.150508 0.605042
v -0.392183 0.144400 0.606470
v -0.291271 0.043437 0.609737
v -0.285171 -0.005561 0.610092
v -0.542448 -0.105245 0.653095
v -0.571125 -0.065059 0.652125
v -0.533308 0.115282 0.652547
v -0.490904 0.140558 0.653671
v -0.393617 0.144584 0.656449
v -0.292706 0.043621 0.659716
v -0.286605 -0.005378 0.660071
v -0.296739 -0.053705 0.659958
v -0.322009 -0.096123 0.659389
v -0.359677 -0.128036 0.658425
v -0.405660 -0.145986 0.657171
v -0.502281 -0.133937 0.654354
v -0.585204 -0.017731 0.651546
v -0.583159 0.031604 0.651425
v -0.565212 0.077605 0.651772
v -0.442596 0.150694 0.655025
v -0.349277 0.122899 0.657804
v -0.314379 0.087984 0.658933
v -0.454977 -0.148024 0.655759
v -0.586638 -0.017549 0.701525
v -0.584594 0.031787 0.701404
v -0.566647 0.077787 0.701751
v -0.534743 0.115467 0.702529
v -0.492339 0.140743 0.703654
v -0.444030 0.150876 0.705004
v -0.395052 0.144768 0.706432
v -0.350711 0.123082 0.707783
v -0.315814 0.088166 0.708912
v -0.294140 0.043806 0.709696
v -0.298174 -0.053520 0.709936
v -0.456411 -0.147842 0.705738
v -0.543883 -0.105060 0.703080
v -0.572560 -0.064874 0.702107
v -0.288040 -0.005192 0.710051
v -0.323444 -0.095938 0.709373
v -0.361112 -0.127851 0.708411
v -0.407095 -0.145801 0.707158
v -0.503716 -0.133752 0.704340
v -0.536177 0.115654 0.752500
v -0.352146 0.123269 0.757753
v -0.545318 -0.104875 0.753062
v -0.573994 -0.064689 0.752088
v -0.588073 -0.017364 0.751506
v -0.586028 0.031972 0.751380
v -0.568081 0.077972 0.751722
v -0.493773 0.140928 0.753619
v -0.445465 0.151061 0.754967
v -0.396486 0.144954 0.756396
v -0.317248 0.088352 0.758883
v -0.295575 0.043991 0.759671
v -0.289475 -0.005008 0.760030
v -0.299609 -0.053335 0.759921
v -0.324879 -0.095754 0.759355
v -0.362547 -0.127667 0.758393
v -0.408530 -0.145616 0.757141
v -0.457846 -0.147657 0.755733
v -0.505151 -0.133568 0.754322
v -0.546752 -0.104688 0.803041
v -0.575429 -0.064502 0.802067
v -0.326313 -0.095566 0.809334
v -0.363981 -0.127479 0.808372
v -0.409965 -0.145429 0.807120
v -0.506585 -0.133380 0.804301
v -0.589508 -0.017178 0.801485
v -0.587463 0.032158 0.801360
v -0.569516 0.078158 0.801703
v -0.537612 0.115838 0.802479
v -0.495208 0.141114 0.803602
v -0.446899 0.151247 0.804950
v -0.397921 0.145139 0.806379
v -0.353581 0.123453 0.807732
v -0.318683 0.088537 0.808864
v -0.297009 0.044177 0.809651
v -0.290909 -0.004822 0.810009
v -0.301043 -0.053149 0.809898
v -0.459281 -0.147471 0.805708
v -0.570950 0.078344 0.851682
v -0.539046 0.116024 0.852458
v -0.496643 0.141300 0.853581
v -0.448334 0.151433 0.854929
v -0.320117 0.088724 0.858843
v -0.548187 -0.104505 0.853020
v -0.576864 -0.064319 0.852046
v -0.590942 -0.016994 0.851464
v -0.588897 0.032342 0.851338
v -0.399355 0.145324 0.856354
v -0.355015 0.123637 0.857708
v -0.298444 0.044361 0.859630
v -0.292344 -0.004638 0.859988
v -0.302478 -0.052965 0.859879
v -0.327748 -0.095383 0.859313
v -0.365416 -0.127297 0.858351
v -0.411399 -0.145246 0.857099
v -0.460715 -0.147287 0.855691
v -0.508020 -0.133197 0.854281
v -0.400790 0.145511 0.906333
v -0.303912 -0.052777 0.909858
v -0.329183 -0.095196 0.909292
v -0.549622 -0.104320 0.902999
v -0.578298 -0.064134 0.902025
v -0.592377 -0.016809 0.901444
v -0.590332 0.032527 0.901317
v -0.572385 0.078527 0.901660
v -0.540481 0.116207 0.902434
v -0.498077 0.141483 0.903556
v -0.449769 0.151616 0.904905
v -0.356450 0.123822 0.907687
v -0.321552 0.088907 0.908820
v -0.299879 0.044546 0.909609
v -0.293778 -0.004453 0.909968
v -0.366850 -0.127111 0.908331
v -0.412834 -0.145061 0.907078
v -0.462150 -0.147102 0.905670
v -0.509454 -0.133012 0.904260
v -0.551056 -0.104132 0.952978
v -0.593811 -0.016621 0.951423
v -0.368285 -0.126924 0.958310
v -0.463584 -0.146914 0.955649
v -0.579733 -0.063948 0.952003
v -0.591767 0.032713 0.951297
v -0.573820 0.078713 0.951641
v -0.541916 0.116393 0.952416
v -0.499512 0.141669 0.953539
v -0.451203 0.151802 0.954888
v -0.402225 0.145695 0.956316
v -0.357884 0.124008 0.957669
v -0.322987 0.089093 0.958801
v -0.301313 0.044732 0.959589
v -0.295213 -0.004267 0.959946
v -0.305347 -0.052594 0.959836
v -0.330617 -0.095012 0.959268
v -0.414268 -0.144875 0.957053
v -0.510889 -0.132827 0.954235
v -0.500946 0.141855 1.003518
v -0.452638 0.151988 1.004867
v -0.296648 -0.004081 1.009925
v -0.465019 -0.146730 1.005625
v -0.552491 -0.103949 1.002954
v -0.581167 -0.063763 1.001982
v -0.595246 -0.016438 1.001401
v -0.593201 0.032898 1.001276
v -0.575254 0.078898 1.001620
v -0.543350 0.116578 1.002395
v -0.403659 0.145880 1.006295
v -0.359319 0.124193 1.007649
v -0.324421 0.089278 1.008780
v -0.302748 0.044917 1.009568
v -0.306782 -0.052409 1.009815
v -0.332052 -0.094827 1.009247
v -0.369719 -0.126740 1.008285
v -0.415703 -0.144690 1.007032
v -0.512323 -0.132641 1.004214
v -0.553925 -0.103763 1.052933
v -0.582602 -0.063577 1.051961
v -0.596680 -0.016252 1.051380
v -0.298082 -0.003895 1.059904
v -0.466453 -0.146544 1.055604
v -0.594636 0.033084 1.051256
v -0.576689 0.079084 1.051601
v -0.544785 0.116764 1.052377
v -0.502381 0.142040 1.053501
v -0.454073 0.152173 1.054850
v -0.405094 0.146066 1.056278
v -0.360754 0.124379 1.057631
v -0.325856 0.089464 1.058762
v -0.304182 0.045103 1.059548
v -0.308216 -0.052223 1.059792
v -0.333486 -0.094642 1.059224
v -0.371154 -0.126555 1.058261
v -0.417137 -0.144504 1.057008
v -0.513758 -0.132456 1.054190
v -0.555359 -0.103578 1.102910
v -0.584036 -0.063392 1.101938
v -0.598115 -0.016067 1.101359
v -0.546219 0.116949 1.102356
v -0.455507 0.152358 1.104829
v -0.406529 0.146251 1.106257
v -0.327290 0.089649 1.108741
v -0.305617 0.045288 1.109527
v -0.299517 -0.003711 1.109883
v -0.334921 -0.094457 1.109203
v -0.372588 -0.126370 1.108240
v -0.467888 -0.146360 1.105579
v -0.515192 -0.132271 1.104169
v -0.596070 0.033269 1.101235
v -0.578124 0.079269 1.101580
v -0.503816 0.142225 1.103480
v -0.362188 0.124564 1.107610
v -0.309651 -0.052038 1.109771
v -0.418572 -0.144319 1.106987
v -0.556794 -0.103393 1.152889
v -0.585471 -0.063207 1.151917
v -0.599550 -0.015882 1.151338
v -0.597505 0.033454 1.151214
v -0.579558 0.079454 1.151559
v -0.547654 0.117134 1.152335
v -0.505250 0.142410 1.153459
v -0.456942 0.152543 1.154808
v -0.407963 0.146436 1.156236
v -0.363623 0.124749 1.157589
v -0.328725 0.089834 1.158720
v -0.307051 0.045473 1.159506
v -0.300951 -0.003526 1.159862
v -0.311085 -0.051853 1.159750
v -0.336355 -0.094272 1.159182
v -0.374023 -0.126185 1.158219
v -0.420006 -0.144134 1.156966
v -0.469322 -0.146175 1.155558
v -0.516627 -0.132086 1.154148
v 1.112179 -0.106466 -0.210807
v 1.095889 -0.066279 -0.187187
v 1.087890 -0.018954 -0.175589
v 1.089049 0.030382 -0.177269
v 1.117358 0.114063 -0.218316
v 1.141441 0.139339 -0.253235
v 1.196698 0.143364 -0.333355
v 1.221884 0.121677 -0.369873
v 1.254020 0.042400 -0.416468
v 1.257488 -0.006599 -0.421496
v 1.251734 -0.054926 -0.413155
v 1.237384 -0.097345 -0.392347
v 1.215991 -0.129258 -0.361329
v 1.189875 -0.147208 -0.323461
v 1.161864 -0.149248 -0.282848
v 1.134995 -0.135159 -0.243889
v 1.137049 -0.066279 -0.158800
v 1.158518 0.114063 -0.189929
v 1.182601 0.139339 -0.224848
v 1.210039 0.149472 -0.264631
v 1.278544 -0.097345 -0.363960
v 1.231035 -0.147208 -0.295074
v 1.153339 -0.106466 -0.182419
v 1.129050 -0.018954 -0.147201
v 1.130208 0.030382 -0.148881
v 1.140399 0.076383 -0.163657
v 1.237858 0.143364 -0.304967
v 1.263044 0.121677 -0.341485
v 1.282867 0.086761 -0.370228
v 1.295179 0.042400 -0.388081
v 1.298647 -0.006599 -0.393108
v 1.292894 -0.054926 -0.384767
v 1.257151 -0.129258 -0.332941
v 1.203024 -0.149248 -0.254460
v 1.176155 -0.135159 -0.215501
v 1.181559 0.076383 -0.135270
v 1.223761 0.139339 -0.196460
v 1.304204 0.121677 -0.313098
v 1.324027 0.086761 -0.341841
v 1.336340 0.042400 -0.359693
v 1.334054 -0.054926 -0.356379
v 1.319704 -0.097345 -0.335572
v 1.194502 -0.106466 -0.154028
v 1.178213 -0.066279 -0.130408
v 1.170214 -0.018954 -0.118809
v 1.171373 0.030382 -0.120489
v 1.199680 0.114063 -0.161537
v 1.251198 0.149472 -0.236242
v 1.279015 0.143364 -0.276579
v 1.339801 -0.006599 -0.364723
v 1.298308 -0.129258 -0.304554
v 1.272193 -0.147208 -0.266685
v 1.244184 -0.149248 -0.226070
v 1.217317 -0.135159 -0.187111
v 1.235664 -0.106466 -0.125643
v 1.211376 -0.018954 -0.090423
v 1.212534 0.030382 -0.092103
v 1.222724 0.076383 -0.106880
v 1.240842 0.114063 -0.133151
v 1.360860 -0.097345 -0.307188
v 1.313354 -0.147208 -0.238300
v 1.258478 -0.135159 -0.158725
v 1.219364 -0.066279 -0.102028
v 1.264919 0.139339 -0.168074
v 1.292359 0.149472 -0.207856
v 1.320179 0.143364 -0.248191
v 1.345367 0.121677 -0.284708
v 1.365192 0.086761 -0.313450
v 1.377505 0.042400 -0.331302
v 1.380973 -0.006599 -0.336330
v 1.375219 -0.054926 -0.327988
v 1.339474 -0.129258 -0.276164
v 1.285343 -0.149248 -0.197685
v 1.276814 -0.106466 -0.097258
v 1.253682 0.030382 -0.063721
v 1.333517 0.149472 -0.179467
v 1.361338 0.143364 -0.219802
v 1.386526 0.121677 -0.256319
v 1.406350 0.086761 -0.285061
v 1.418664 0.042400 -0.302913
v 1.422132 -0.006599 -0.307941
v 1.416378 -0.054926 -0.299599
v 1.354515 -0.147208 -0.209909
v 1.260532 -0.066280 -0.073632
v 1.252534 -0.018954 -0.062033
v 1.263882 0.076383 -0.078490
v 1.282000 0.114063 -0.104761
v 1.306081 0.139339 -0.139681
v 1.402019 -0.097345 -0.278798
v 1.380628 -0.129258 -0.247779
v 1.326504 -0.149248 -0.169295
v 1.299636 -0.135159 -0.130335
v 1.317983 -0.106466 -0.068867
v 1.301694 -0.066280 -0.045247
v 1.402496 0.143364 -0.191418
v 1.459815 0.042401 -0.274534
v 1.463282 -0.006599 -0.279562
v 1.457530 -0.054926 -0.271220
v 1.395674 -0.147207 -0.181524
v 1.367665 -0.149248 -0.140909
v 1.293684 -0.018954 -0.033655
v 1.294843 0.030382 -0.035334
v 1.305034 0.076383 -0.050110
v 1.323154 0.114062 -0.076380
v 1.347238 0.139339 -0.111298
v 1.374678 0.149472 -0.151080
v 1.427687 0.121677 -0.227932
v 1.447511 0.086762 -0.256674
v 1.443188 -0.097345 -0.250406
v 1.421794 -0.129258 -0.219389
v 1.340792 -0.135159 -0.101953
v 1.359134 -0.106466 -0.040483
v 1.342843 -0.066280 -0.016864
v 1.334843 -0.018954 -0.005265
v 1.336001 0.030382 -0.006945
v 1.346193 0.076383 -0.021721
v 1.364313 0.114062 -0.047991
v 1.388397 0.139339 -0.082909
v 1.468845 0.121677 -0.199543
v 1.488670 0.086762 -0.228285
v 1.408822 -0.149248 -0.112521
v 1.415837 0.149472 -0.122690
v 1.443655 0.143364 -0.163028
v 1.500973 0.042400 -0.246144
v 1.504441 -0.006599 -0.251172
v 1.498688 -0.054926 -0.242830
v 1.484338 -0.097345 -0.222022
v 1.462947 -0.129258 -0.191003
v 1.436832 -0.147208 -0.153134
v 1.381956 -0.135159 -0.073560
v 1.510001 0.121677 -0.171161
v 1.529823 0.086762 -0.199905
v 1.542135 0.042400 -0.217758
v 1.545602 -0.006599 -0.222786
v 1.539849 -0.054926 -0.214444
v 1.525500 -0.097345 -0.193636
v 1.477993 -0.147208 -0.124748
v 1.400295 -0.106466 -0.012096
v 1.384004 -0.066280 0.011523
v 1.376004 -0.018954 0.023121
v 1.377162 0.030382 0.021442
v 1.387354 0.076383 0.006666
v 1.405474 0.114063 -0.019604
v 1.429558 0.139339 -0.054522
v 1.456998 0.149472 -0.094304
v 1.484819 0.143364 -0.134639
v 1.504114 -0.129258 -0.162613
v 1.449983 -0.149248 -0.084134
v 1.423112 -0.135159 -0.045177
v 1.417163 -0.018954 0.051510
v 1.418321 0.030382 0.049831
v 1.428513 0.076383 0.035055
v 1.446633 0.114063 0.008785
v 1.470717 0.139339 -0.026133
v 1.498157 0.149472 -0.065915
v 1.525978 0.143364 -0.106250
v 1.551165 0.121677 -0.142767
v 1.441461 -0.106466 0.016299
v 1.425172 -0.066280 0.039919
v 1.570981 0.086762 -0.171515
v 1.583293 0.042401 -0.189368
v 1.586760 -0.006599 -0.194396
v 1.581008 -0.054926 -0.186054
v 1.566658 -0.097345 -0.165246
v 1.545267 -0.129258 -0.134227
v 1.519152 -0.147208 -0.096358
v 1.491143 -0.149248 -0.055744
v 1.464275 -0.135159 -0.016784
v 1.466333 -0.066280 0.068305
v 1.458334 -0.018954 0.079904
v 1.469683 0.076383 0.063448
v 1.487800 0.114063 0.037176
v 1.567136 0.143364 -0.077866
v 1.624454 0.042401 -0.160982
v 1.627922 -0.006599 -0.166010
v 1.622169 -0.054926 -0.157668
v 1.586428 -0.129258 -0.105842
v 1.560313 -0.147208 -0.067973
v 1.532304 -0.149248 -0.027358
v 1.505437 -0.135159 0.011602
v 1.482615 -0.106466 0.044680
v 1.459482 0.030382 0.078217
v 1.511878 0.139339 0.002253
v 1.539317 0.149472 -0.037529
v 1.592326 0.121677 -0.114381
v 1.612151 0.086762 -0.143123
v 1.607827 -0.097345 -0.136855
v 1.523773 -0.106466 0.073069
v 1.507482 -0.066280 0.096688
v 1.499482 -0.018954 0.108286
v 1.500641 0.030382 0.106606
v 1.510832 0.076383 0.091831
v 1.528952 0.114063 0.065561
v 1.553037 0.139339 0.030643
v 1.580476 0.149472 -0.009140
v 1.608297 0.143364 -0.049475
v 1.633485 0.121677 -0.085992
v 1.653309 0.086762 -0.114734
v 1.665623 0.042400 -0.132586
v 1.669091 -0.006599 -0.137614
v 1.663337 -0.054926 -0.129272
v 1.648986 -0.097345 -0.108465
v 1.627592 -0.129258 -0.077448
v 1.601474 -0.147208 -0.039582
v 1.573461 -0.149248 0.001031
v 1.546591 -0.135159 0.039988
vn 0.0887 -0.4259 -0.9004
vn 0.0660 0.7393 -0.6701
vn 0.0842 -0.5123 -0.8547
vn 0.0728 0.6698 -0.7390
vn 0.0789 -0.5938 -0.8007
vn 0.0789 0.5938 -0.8007
vn 0.0728 -0.6698 -0.7390
vn 0.0842 0.5123 -0.8547
vn 0.0660 -0.7393 -0.6701
vn 0.0887 0.4259 -0.9004
vn 0.0586 -0.8018 -0.5947
vn 0.0923 0.3354 -0.9375
vn 0.0506 -0.8566 -0.5135
vn 0.0951 0.2419 -0.9656
vn -0.0000 0.9988 -0.0491
vn 0.0048 0.9988 -0.0491
vn 0.0421 -0.9032 -0.4272
vn 0.0970 0.1460 -0.9845
vn 0.0144 0.9891 -0.1467
vn 0.0332 -0.9410 -0.3367
vn 0.0979 0.0488 -0.9940
vn 0.0239 0.9698 -0.2429
vn 0.0239 -0.9698 -0.2429
vn 0.0979 -0.0488 -0.9940
vn 0.0332 0.9410 -0.3367
vn 0.0144 -0.9891 -0.1467
vn 0.0970 -0.1460 -0.9845
vn 0.0421 0.9032 -0.4272
vn 0.0096 -0.9988 -0.0481
vn 0.0048 -0.9988 -0.0491
vn 0.0951 -0.2419 -0.9656
vn 0.0506 0.8566 -0.5135
vn 0.0923 -0.3354 -0.9375
vn 0.0586 0.8018 -0.5947
vn 0.0428 0.9891 -0.1411
vn 0.0982 -0.9410 -0.3238
vn 0.2899 0.0488 -0.9558
vn 0.0709 0.9698 -0.2336
vn 0.0709 -0.9698 -0.2336
vn 0.2899 -0.0488 -0.9558
vn 0.0982 0.9410 -0.3238
vn 0.0428 -0.9891 -0.1411
vn 0.2872 -0.1460 -0.9467
vn 0.1246 0.9032 -0.4107
vn 0.0143 -0.9988 -0.0472
vn 0.2817 -0.2419 -0.9285
vn 0.1498 0.8566 -0.4937
vn 0.2735 -0.3354 -0.9015
vn 0.1735 0.8018 -0.5718
vn 0.2626 -0.4259 -0.8658
vn 0.1955 0.7393 -0.6444
vn 0.2493 -0.5123 -0.8218
vn 0.2156 0.6698 -0.7106
vn 0.2336 -0.5938 -0.7699
vn 0.2336 0.5938 -0.7699
vn 0.2156 -0.6698 -0.7106
vn 0.2493 0.5123 -0.8218
vn 0.1955 -0.7393 -0.6444
vn 0.2626 0.4259 -0.8658
vn 0.1735 -0.8018 -0.5718
vn 0.2735 0.3354 -0.9015
vn 0.1498 -0.8566 -0.4937
vn 0.2817 0.2419 -0.9285
vn 0.0143 0.9988 -0.0472
vn 0.0188 0.9988 -0.0453
vn 0.1246 -0.9032 -0.4107
vn 0.2872 0.1460 -0.9467
vn 0.1595 0.9410 -0.2984
vn 0.0695 -0.9891 -0.1300
vn 0.4663 -0.1460 -0.8725
vn 0.2023 0.9032 -0.3786
vn 0.0273 -0.9988 -0.0408
vn 0.0232 -0.9988 -0.0435
vn 0.4574 -0.2419 -0.8557
vn 0.2432 0.8566 -0.4550
vn 0.4441 -0.3354 -0.8308
vn 0.2817 0.8018 -0.5270
vn 0.4265 -0.4259 -0.7979
vn 0.3174 0.7393 -0.5938
vn 0.4048 -0.5123 -0.7574
vn 0.3500 0.6698 -0.6549
vn 0.3793 -0.5938 -0.7096
vn 0.3793 0.5938 -0.7096
vn 0.3500 -0.6698 -0.6549
vn 0.4048 0.5123 -0.7574
vn 0.3174 -0.7393 -0.5938
vn 0.4265 0.4259 -0.7979
vn 0.2817 -0.8018 -0.5270
vn 0.4441 0.3354 -0.8308
vn 0.2432 -0.8566 -0.4550
vn 0.4574 0.2419 -0.8557
vn 0.0232 0.9988 -0.0435
vn 0.2023 -0.9032 -0.3786
vn 0.4663 0.1460 -0.8725
vn 0.0695 0.9891 -0.1300
vn 0.1595 -0.9410 -0.2984
vn 0.4708 0.0488 -0.8809
vn 0.1151 0.9698 -0.2153
vn 0.1151 -0.9698 -0.2153
vn 0.4708 -0.0488 -0.8809
vn 0.3273 0.8566 -0.3988
vn 0.5976 -0.3354 -0.7282
vn 0.3791 0.8018 -0.4619
vn 0.5740 -0.4259 -0.6994
vn 0.4272 0.7393 -0.5205
vn 0.5448 -0.5123 -0.6639
vn 0.4711 0.6698 -0.5740
vn 0.5104 -0.5938 -0.6220
vn 0.5104 0.5938 -0.6220
vn 0.4711 -0.6698 -0.5740
vn 0.5448 0.5123 -0.6639
vn 0.4272 -0.7393 -0.5205
vn 0.5740 0.4259 -0.6994
vn 0.3791 -0.8018 -0.4619
vn 0.5976 0.3354 -0.7282
vn 0.3273 -0.8566 -0.3988
vn 0.6156 0.2419 -0.7501
vn 0.0313 0.9988 -0.0381
vn 0.0347 0.9988 -0.0347
vn 0.2723 -0.9032 -0.3318
vn 0.6276 0.1460 -0.7647
vn 0.0935 0.9891 -0.1140
vn 0.2146 -0.9410 -0.2615
vn 0.6336 0.0488 -0.7721
vn 0.1549 0.9697 -0.1887
vn 0.1549 -0.9698 -0.1887
vn 0.6336 -0.0488 -0.7721
vn 0.2146 0.9410 -0.2615
vn 0.0935 -0.9891 -0.1140
vn 0.6276 -0.1460 -0.7647
vn 0.2723 0.9032 -0.3318
vn 0.0313 -0.9988 -0.0381
vn 0.6156 -0.2419 -0.7501
vn 0.5205 0.7393 -0.4272
vn 0.6639 -0.5123 -0.5448
vn 0.5740 0.6698 -0.4711
vn 0.6220 -0.5938 -0.5104
vn 0.6220 0.5938 -0.5104
vn 0.5740 -0.6698 -0.4711
vn 0.6639 0.5123 -0.5448
vn 0.5205 -0.7393 -0.4272
vn 0.6994 0.4259 -0.5740
vn 0.4619 -0.8018 -0.3791
vn 0.7282 0.3354 -0.5976
vn 0.3988 -0.8566 -0.3273
vn 0.7501 0.2419 -0.6156
vn 0.0381 0.9988 -0.0313
vn 0.3318 -0.9032 -0.2723
vn 0.7647 0.1460 -0.6276
vn 0.1140 0.9891 -0.0935
vn 0.2615 -0.9410 -0.2146
vn 0.7721 0.0488 -0.6336
vn 0.1887 0.9697 -0.1549
vn 0.1887 -0.9698 -0.1549
vn 0.7721 -0.0488 -0.6336
vn 0.2615 0.9410 -0.2146
vn 0.1140 -0.9891 -0.0935
vn 0.7647 -0.1460 -0.6276
vn 0.3318 0.9032 -0.2723
vn 0.0408 -0.9988 -0.0273
vn 0.0381 -0.9988 -0.0313
vn 0.7501 -0.2419 -0.6156
vn 0.3988 0.8566 -0.3273
vn 0.7282 -0.3354 -0.5976
vn 0.4619 0.8018 -0.3791
vn 0.6994 -0.4259 -0.5740
vn 0.7096 0.5938 -0.3793
vn 0.6549 -0.6698 -0.3500
vn 0.7574 0.5123 -0.4048
vn 0.5938 -0.7393 -0.3174
vn 0.7979 0.4259 -0.4265
vn 0.5270 -0.8018 -0.2817
vn 0.8308 0.3354 -0.4441
vn 0.4550 -0.8566 -0.2432
vn 0.8557 0.2419 -0.4574
vn 0.0435 0.9988 -0.0233
vn 0.0453 0.9988 -0.0188
vn 0.3786 -0.9032 -0.2023
vn 0.8725 0.1460 -0.4663
vn 0.1300 0.9891 -0.0695
vn 0.2984 -0.9410 -0.1595
vn 0.8809 0.0488 -0.4708
vn 0.2153 0.9698 -0.1151
vn 0.2153 -0.9698 -0.1151
vn 0.8809 -0.0488 -0.4708
vn 0.2984 0.9410 -0.1595
vn 0.1300 -0.9891 -0.0695
vn 0.8725 -0.1460 -0.4663
vn 0.3786 0.9032 -0.2023
vn 0.0435 -0.9988 -0.0232
vn 0.8557 -0.2419 -0.4574
vn 0.4550 0.8566 -0.2432
vn 0.8308 -0.3354 -0.4441
vn 0.5270 0.8018 -0.2817
vn 0.7979 -0.4259 -0.4265
vn 0.5938 0.7393 -0.3174
vn 0.7574 -0.5123 -0.4048
vn 0.6549 0.6698 -0.3500
vn 0.7096 -0.5938 -0.3793
vn 0.8658 0.4259 -0.2626
vn 0.5718 -0.8018 -0.1735
vn 0.9015 0.3354 -0.2735
vn 0.4937 -0.8566 -0.1498
vn 0.9285 0.2419 -0.2817
vn 0.0472 0.9988 -0.0143
vn 0.4107 -0.9032 -0.1246
vn 0.9467 0.1460 -0.2872
vn 0.1411 0.9891 -0.0428
vn 0.3238 -0.9410 -0.0982
vn 0.9558 0.0488 -0.2899
vn 0.2336 0.9698 -0.0709
vn 0.2336 -0.9698 -0.0709
vn 0.9558 -0.0488 -0.2899
vn 0.3238 0.9410 -0.0982
vn 0.1411 -0.9891 -0.0428
vn 0.9467 -0.1460 -0.2872
vn 0.4107 0.9032 -0.1246
vn 0.0481 -0.9988 -0.0096
vn 0.0472 -0.9988 -0.0143
vn 0.9285 -0.2419 -0.2817
vn 0.4937 0.8566 -0.1498
vn 0.9015 -0.3354 -0.2735
vn 0.5718 0.8018 -0.1735
vn 0.8658 -0.4259 -0.2626
vn 0.6444 0.7393 -0.1955
vn 0.8218 -0.5123 -0.2493
vn 0.7106 0.6698 -0.2156
vn 0.7699 -0.5938 -0.2336
vn 0.7699 0.5938 -0.2336
vn 0.7106 -0.6698 -0.2156
vn 0.8218 0.5123 -0.2493
vn 0.6444 -0.7393 -0.1955
vn 0.9656 0.2419 -0.0951
vn 0.0491 0.9988 -0.0048
vn 0.0491 0.9988 -0.0000
vn 0.4272 -0.9032 -0.0421
vn 0.9845 0.1460 -0.0970
vn 0.1467 0.9891 -0.0145
vn 0.3367 -0.9410 -0.0332
vn 0.9940 0.0488 -0.0979
vn 0.2429 0.9697 -0.0239
vn 0.2429 -0.9698 -0.0239
vn 0.9940 -0.0488 -0.0979
vn 0.3367 0.9410 -0.0332
vn 0.1467 -0.9891 -0.0145
vn 0.9845 -0.1460 -0.0970
vn 0.4272 0.9032 -0.0421
vn 0.0491 -0.9988 -0.0048
vn 0.9656 -0.2419 -0.0951
vn 0.5135 0.8566 -0.0506
vn 0.9375 -0.3354 -0.0923
vn 0.5947 0.8018 -0.0586
vn 0.9004 -0.4259 -0.0887
vn 0.6701 0.7393 -0.0660
vn 0.8547 -0.5123 -0.0842
vn 0.7390 0.6698 -0.0728
vn 0.8007 -0.5938 -0.0789
vn 0.8007 0.5938 -0.0789
vn 0.7390 -0.6698 -0.0728
vn 0.8547 0.5123 -0.0842
vn 0.6701 -0.7393 -0.0660
vn 0.9004 0.4259 -0.0887
vn 0.5947 -0.8018 -0.0586
vn 0.9375 0.3354 -0.0923
vn 0.5135 -0.8566 -0.0506
vn 0.9940 0.0488 0.0979
vn 0.2429 0.9697 0.0239
vn 0.2429 -0.9698 0.0239
vn 0.9940 -0.0488 0.0979
vn 0.3367 0.9410 0.0332
vn 0.1467 -0.9891 0.0145
vn 0.9845 -0.1460 0.0970
vn 0.4272 0.9032 0.0421
vn 0.0481 -0.9988 0.0096
vn 0.0491 -0.9988 0.0048
vn 0.9656 -0.2419 0.0951
vn 0.5135 0.8566 0.0506
vn 0.9375 -0.3354 0.0923
vn 0.5947 0.8018 0.0586
vn 0.9004 -0.4259 0.0887
vn 0.6701 0.7393 0.0660
vn 0.8547 -0.5123 0.0842
vn 0.7390 0.6698 0.0728
vn 0.8007 -0.5938 0.0789
vn 0.8007 0.5938 0.0789
vn 0.7390 -0.6698 0.0728
vn 0.8547 0.5123 0.0842
vn 0.6701 -0.7393 0.0660
vn 0.9004 0.4259 0.0887
vn 0.5947 -0.8018 0.0586
vn 0.9375 0.3354 0.0923
vn 0.5135 -0.8566 0.0506
vn 0.9656 0.2419 0.0951
vn 0.0491 0.9988 0.0048
vn 0.4272 -0.9032 0.0421
vn 0.9845 0.1460 0.0970
vn 0.1467 0.9891 0.0145
vn 0.3367 -0.9410 0.0332
vn 0.9467 -0.1460 0.2872
vn 0.4107 0.9032 0.1246
vn 0.0472 -0.9988 0.0143
vn 0.9285 -0.2419 0.2817
vn 0.4937 0.8566 0.1498
vn 0.9015 -0.3354 0.2735
vn 0.5718 0.8018 0.1735
vn 0.8658 -0.4259 0.2626
vn 0.6443 0.7393 0.1955
vn 0.8218 -0.5123 0.2493
vn 0.7106 0.6698 0.2156
vn 0.7699 -0.5938 0.2336
vn 0.7699 0.5938 0.2336
vn 0.7106 -0.6698 0.2156
vn 0.8218 0.5123 0.2493
vn 0.6443 -0.7393 0.1955
vn 0.8658 0.4259 0.2626
vn 0.5718 -0.8018 0.1735
vn 0.9015 0.3354 0.2735
vn 0.4937 -0.8566 0.1498
vn 0.9285 0.2419 0.2817
vn 0.0472 0.9988 0.0143
vn 0.0453 0.9988 0.0188
vn 0.4107 -0.9032 0.1246
vn 0.9467 0.1460 0.2872
vn 0.1411 0.9891 0.0428
vn 0.3238 -0.9410 0.0982
vn 0.9558 0.0488 0.2899
vn 0.2336 0.9698 0.0709
vn 0.2336 -0.9698 0.0709
vn 0.9558 -0.0488 0.2899
vn 0.3238 0.9410 0.0982
vn 0.1411 -0.9891 0.0428
vn 0.8308 -0.3354 0.4441
vn 0.5270 0.8018 0.2817
vn 0.7979 -0.4259 0.4265
vn 0.5938 0.7393 0.3174
vn 0.7574 -0.5123 0.4048
vn 0.6549 0.6698 0.3500
vn 0.7096 -0.5938 0.3793
vn 0.7096 0.5938 0.3793
vn 0.6549 -0.6698 0.3500
vn 0.7574 0.5123 0.4048
vn 0.5938 -0.7393 0.3174
vn 0.7979 0.4259 0.4265
vn 0.5270 -0.8018 0.2817
vn 0.8308 0.3354 0.4441
vn 0.4550 -0.8566 0.2432
vn 0.8557 0.2419 0.4574
vn 0.0435 0.9988 0.0233
vn 0.3786 -0.9032 0.2023
vn 0.8725 0.1460 0.4663
vn 0.1300 0.9891 0.0695
vn 0.2984 -0.9410 0.1595
vn 0.8809 0.0488 0.4708
vn 0.2153 0.9697 0.1151
vn 0.2153 -0.9697 0.1151
vn 0.8809 -0.0488 0.4708
vn 0.2984 0.9410 0.1595
vn 0.1300 -0.9891 0.0695
vn 0.8725 -0.1460 0.4663
vn 0.3786 0.9032 0.2023
vn 0.0408 -0.9988 0.0273
vn 0.0435 -0.9988 0.0232
vn 0.8557 -0.2419 0.4574
vn 0.4550 0.8566 0.2432
vn 0.6639 -0.5123 0.5448
vn 0.5740 0.6698 0.4711
vn 0.6220 -0.5938 0.5104
vn 0.6220 0.5938 0.5104
vn 0.5740 -0.6698 0.4711
vn 0.6639 0.5123 0.5448
vn 0.5205 -0.7393 0.4272
vn 0.6994 0.4259 0.5740
vn 0.4619 -0.8018 0.3791
vn 0.7282 0.3354 0.5976
vn 0.3988 -0.8566 0.3273
vn 0.7501 0.2419 0.6156
vn 0.0381 0.9988 0.0313
vn 0.0347 0.9988 0.0347
vn 0.3318 -0.9032 0.2723
vn 0.7647 0.1460 0.6276
vn 0.1140 0.9891 0.0935
vn 0.2615 -0.9410 0.2146
vn 0.7721 0.0488 0.6336
vn 0.1887 0.9697 0.1549
vn 0.1887 -0.9697 0.1549
vn 0.7721 -0.0488 0.6336
vn 0.2615 0.9410 0.2146
vn 0.1140 -0.9891 0.0935
vn 0.7647 -0.1460 0.6276
vn 0.3318 0.9032 0.2723
vn 0.0381 -0.9988 0.0313
vn 0.7501 -0.2419 0.6156
vn 0.3988 0.8566 0.3273
vn 0.7282 -0.3354 0.5976
vn 0.4619 0.8018 0.3791
vn 0.6994 -0.4259 0.5740
vn 0.5205 0.7393 0.4272
vn 0.4711 -0.6698 0.5740
vn 0.5448 0.5123 0.6639
vn 0.4272 -0.7393 0.5205
vn 0.5740 0.4259 0.6994
vn 0.3791 -0.8018 0.4619
vn 0.5976 0.3354 0.7282
vn 0.3273 -0.8566 0.3988
vn 0.6156 0.2419 0.7501
vn 0.0313 0.9988 0.0381
vn 0.2723 -0.9032 0.3318
vn 0.6276 0.1460 0.7647
vn 0.0935 0.9891 0.1140
vn 0.2146 -0.9410 0.2615
vn 0.6336 0.0488 0.7721
vn 0.1549 0.9697 0.1887
vn 0.1549 -0.9697 0.1887
vn 0.6336 -0.0488 0.7721
vn 0.2146 0.9410 0.2615
vn 0.0935 -0.9891 0.1140
vn 0.6276 -0.1460 0.7647
vn 0.2723 0.9032 0.3318
vn 0.0273 -0.9988 0.0408
vn 0.0313 -0.9988 0.0381
vn 0.6156 -0.2419 0.7501
vn 0.3273 0.8566 0.3988
vn 0.5976 -0.3354 0.7282
vn 0.3791 0.8018 0.4619
vn 0.5740 -0.4259 0.6994
vn 0.4272 0.7393 0.5205
vn 0.5448 -0.5123 0.6639
vn 0.4711 0.6698 0.5740
vn 0.5104 -0.5938 0.6220
vn 0.5104 0.5938 0.6220
vn 0.2817 -0.8018 0.5270
vn 0.4441 0.3354 0.8308
vn 0.2432 -0.8566 0.4550
vn 0.4574 0.2419 0.8557
vn 0.0232 0.9988 0.0435
vn 0.0188 0.9988 0.0453
vn 0.2023 -0.9032 0.3786
vn 0.4663 0.1460 0.8725
vn 0.0695 0.9891 0.1300
vn 0.1595 -0.9410 0.2984
vn 0.4708 0.0488 0.8809
vn 0.1151 0.9698 0.2153
vn 0.1151 -0.9698 0.2153
vn 0.4708 -0.0488 0.8809
vn 0.1595 0.9410 0.2984
vn 0.0695 -0.9891 0.1300
vn 0.4663 -0.1460 0.8725
vn 0.2023 0.9032 0.3786
vn 0.0232 -0.9988 0.0435
vn 0.4574 -0.2419 0.8557
vn 0.2432 0.8566 0.4550
vn 0.4441 -0.3354 0.8308
vn 0.2817 0.8018 0.5270
vn 0.4265 -0.4259 0.7979
vn 0.3174 0.7393 0.5938
vn 0.4048 -0.5123 0.7574
vn 0.3500 0.6698 0.6549
vn 0.3793 -0.5938 0.7096
vn 0.3793 0.5938 0.7096
vn 0.3500 -0.6698 0.6549
vn 0.4048 0.5123 0.7574
vn 0.3174 -0.7393 0.5938
vn 0.4265 0.4259 0.7979
vn 0.1246 -0.9032 0.4107
vn 0.2872 0.1460 0.9467
vn 0.0428 0.9891 0.1411
vn 0.0982 -0.9410 0.3238
vn 0.2899 0.0488 0.9558
vn 0.0709 0.9698 0.2336
vn 0.0709 -0.9698 0.2336
vn 0.2899 -0.0488 0.9558
vn 0.0982 0.9410 0.3238
vn 0.0428 -0.9891 0.1411
vn 0.2872 -0.1460 0.9467
vn 0.1246 0.9032 0.4107
vn 0.0096 -0.9988 0.0481
vn 0.0143 -0.9988 0.0472
vn 0.2817 -0.2419 0.9285
vn 0.1498 0.8566 0.4937
vn 0.2735 -0.3354 0.9015
vn 0.1735 0.8018 0.5718
vn 0.2626 -0.4259 0.8658
vn 0.1955 0.7393 0.6444
vn 0.2493 -0.5123 0.8218
vn 0.2156 0.6698 0.7106
vn 0.2336 -0.5938 0.7699
vn 0.2336 0.5938 0.7699
vn 0.2156 -0.6698 0.7106
vn 0.2493 0.5123 0.8218
vn 0.1955 -0.7393 0.6444
vn 0.2626 0.4259 0.8658
vn 0.1735 -0.8018 0.5718
vn 0.2735 0.3354 0.9015
vn 0.1498 -0.8566 0.4937
vn 0.2817 0.2419 0.9285
vn 0.0143 0.9988 0.0472
vn 0.0239 -0.9697 0.2429
vn 0.0979 -0.0488 0.9940
vn 0.0332 0.9410 0.3367
vn 0.0144 -0.9891 0.1467
vn 0.0970 -0.1460 0.9845
vn 0.0421 0.9032 0.4272
vn 0.0048 -0.9988 0.0491
vn 0.0951 -0.2419 0.9656
vn 0.0506 0.8566 0.5135
vn 0.0923 -0.3354 0.9375
vn 0.0586 0.8018 0.5947
vn 0.0887 -0.4259 0.9004
vn 0.0660 0.7393 0.6701
vn 0.0842 -0.5123 0.8547
vn 0.0728 0.6698 0.7390
vn 0.0789 -0.5938 0.8007
vn 0.0789 0.5938 0.8007
vn 0.0728 -0.6698 0.7390
vn 0.0842 0.5123 0.8547
vn 0.0660 -0.7393 0.6701
vn 0.0887 0.4259 0.9004
vn 0.0586 -0.8018 0.5947
vn 0.0923 0.3354 0.9375
vn 0.0506 -0.8566 0.5135
vn 0.0951 0.2419 0.9656
vn 0.0048 0.9988 0.0491
vn -0.0000 0.9988 0.0491
vn 0.0421 -0.9032 0.4272
vn 0.0970 0.1460 0.9845
vn 0.0144 0.9891 0.1467
vn 0.0332 -0.9410 0.3367
vn 0.0979 0.0488 0.9940
vn 0.0239 0.9698 0.2429
vn -0.0096 -0.9988 0.0481
vn -0.0048 -0.9988 0.0491
vn -0.0951 -0.2419 0.9656
vn -0.0506 0.8566 0.5135
vn -0.0923 -0.3354 0.9375
vn -0.0586 0.8018 0.5947
vn -0.0887 -0.4259 0.9004
vn -0.0660 0.7393 0.6701
vn -0.0842 -0.5123 0.8547
vn -0.0728 0.6698 0.7390
vn -0.0789 -0.5938 0.8007
vn -0.0789 0.5938 0.8007
vn -0.0728 -0.6698 0.7390
vn -0.0842 0.5123 0.8547
vn -0.0660 -0.7393 0.6701
vn -0.0887 0.4259 0.9004
vn -0.0586 -0.8018 0.5947
vn -0.0923 0.3354 0.9375
vn -0.0506 -0.8566 0.5135
vn -0.0951 0.2419 0.9656
vn -0.0048 0.9988 0.0491
vn -0.0421 -0.9032 0.4272
vn -0.0970 0.1460 0.9845
vn -0.0144 0.9891 0.1467
vn -0.0332 -0.9410 0.3367
vn -0.0979 0.0488 0.9940
vn -0.0239 0.9698 0.2429
vn -0.0239 -0.9698 0.2429
vn -0.0979 -0.0488 0.9940
vn -0.0332 0.9410 0.3367
vn -0.0144 -0.9891 0.1467
vn -0.0970 -0.1460 0.9845
vn -0.0421 0.9032 0.4272
vn -0.2626 -0.4259 0.8658
vn -0.1955 0.7393 0.6443
vn -0.2493 -0.5123 0.8218
vn -0.2156 0.6698 0.7106
vn -0.2336 -0.5938 0.7699
vn -0.2336 0.5938 0.7699
vn -0.2156 -0.6698 0.7106
vn -0.2493 0.5123 0.8218
vn -0.1955 -0.7393 0.6443
vn -0.2626 0.4259 0.8658
vn -0.1735 -0.8018 0.5718
vn -0.2735 0.3354 0.9015
vn -0.1498 -0.8566 0.4937
vn -0.2817 0.2419 0.9285
vn -0.0143 0.9988 0.0472
vn -0.0188 0.9988 0.0453
vn -0.1246 -0.9032 0.4107
vn -0.2872 0.1460 0.9467
vn -0.0428 0.9891 0.1411
vn -0.0982 -0.9410 0.3238
vn -0.2899 0.0488 0.9558
vn -0.0709 0.9698 0.2336
vn -0.0709 -0.9698 0.2336
vn -0.2899 -0.0488 0.9558
vn -0.0982 0.9410 0.3238
vn -0.0428 -0.9891 0.1411
vn -0.2872 -0.1460 0.9467
vn -0.1246 0.9032 0.4107
vn -0.0143 -0.9988 0.0472
vn -0.2817 -0.2419 0.9285
vn -0.1498 0.8566 0.4937
vn -0.2735 -0.3354 0.9015
vn -0.1735 0.8018 0.5718
vn -0.3793 -0.5938 0.7096
vn -0.3793 0.5938 0.7096
vn -0.3500 -0.6698 0.6549
vn -0.4048 0.5123 0.7574
vn -0.3174 -0.7393 0.5938
vn -0.4265 0.4259 0.7979
vn -0.2817 -0.8018 0.5270
vn -0.4441 0.3354 0.8308
vn -0.2432 -0.8566 0.4550
vn -0.4574 0.2419 0.8557
vn -0.0232 0.9988 0.0435
vn -0.2023 -0.9032 0.3786
vn -0.4663 0.1460 0.8725
vn -0.0695 0.9891 0.1300
vn -0.1595 -0.9410 0.2984
vn -0.4708 0.0488 0.8809
vn -0.1151 0.9697 0.2153
vn -0.1151 -0.9697 0.2153
vn -0.4708 -0.0488 0.8809
vn -0.1595 0.9410 0.2984
vn -0.0695 -0.9891 0.1300
vn -0.4663 -0.1460 0.8725
vn -0.2023 0.9032 0.3786
vn -0.0273 -0.9988 0.0408
vn -0.0232 -0.9988 0.0435
vn -0.4574 -0.2419 0.8557
vn -0.2432 0.8566 0.4550
vn -0.4441 -0.3354 0.8308
vn -0.2817 0.8018 0.5270
vn -0.4265 -0.4259 0.7979
vn -0.3174 0.7393 0.5938
vn -0.4048 -0.5123 0.7574
vn -0.3500 0.6698 0.6549
vn -0.4272 -0.7393 0.5205
vn -0.5740 0.4259 0.6994
vn -0.3791 -0.8018 0.4619
vn -0.5976 0.3354 0.7282
vn -0.3273 -0.8566 0.3988
vn -0.6156 0.2419 0.7501
vn -0.0313 0.9988 0.0381
vn -0.0347 0.9988 0.0347
vn -0.2723 -0.9032 0.3318
vn -0.6276 0.1460 0.7647
vn -0.0935 0.9891 0.1140
vn -0.2146 -0.9410 0.2615
vn -0.6336 0.0488 0.7721
vn -0.1549 0.9697 0.1887
vn -0.1549 -0.9697 0.1887
vn -0.6336 -0.0488 0.7721
vn -0.2146 0.9410 0.2615
vn -0.0935 -0.9891 0.1140
vn -0.6276 -0.1460 0.7647
vn -0.2723 0.9032 0.3318
vn -0.0313 -0.9988 0.0381
vn -0.6156 -0.2419 0.7501
vn -0.3273 0.8566 0.3988
vn -0.5976 -0.3354 0.7282
vn -0.3791 0.8018 0.4619
vn -0.5740 -0.4259 0.6994
vn -0.4272 0.7393 0.5205
vn -0.5448 -0.5123 0.6639
vn -0.4711 0.6698 0.5740
vn -0.5104 -0.5938 0.6220
vn -0.5104 0.5938 0.6220
vn -0.4711 -0.6698 0.5740
vn -0.5448 0.5123 0.6639
vn -0.3988 -0.8566 0.3273
vn -0.7501 0.2419 0.6156
vn -0.0381 0.9988 0.0313
vn -0.3318 -0.9032 0.2723
vn -0.7647 0.1460 0.6276
vn -0.1140 0.9891 0.0935
vn -0.2615 -0.9410 0.2146
vn -0.7721 0.0488 0.6336
vn -0.1887 0.9697 0.1549
vn -0.1887 -0.9698 0.1549
vn -0.7721 -0.0488 0.6336
vn -0.2615 0.9410 0.2146
vn -0.1140 -0.9891 0.0935
vn -0.7647 -0.1460 0.6276
vn -0.3318 0.9032 0.2723
vn -0.0408 -0.9988 0.0273
vn -0.0381 -0.9988 0.0313
vn -0.7501 -0.2419 0.6156
vn -0.3988 0.8566 0.3273
vn -0.7282 -0.3354 0.5976
vn -0.4619 0.8018 0.3791
vn -0.6994 -0.4259 0.5740
vn -0.5205 0.7393 0.4272
vn -0.6639 -0.5123 0.5448
vn -0.5740 0.6698 0.4711
vn -0.6220 -0.5938 0.5104
vn -0.6220 0.5938 0.5104
vn -0.5740 -0.6698 0.4711
vn -0.6639 0.5123 0.5448
vn -0.5205 -0.7393 0.4272
vn -0.6994 0.4259 0.5740
vn -0.4619 -0.8018 0.3791
vn -0.7282 0.3354 0.5976
vn -0.1300 0.9891 0.0695
vn -0.2984 -0.9410 0.1595
vn -0.8809 0.0488 0.4708
vn -0.2153 0.9698 0.1151
vn -0.2153 -0.9698 0.1151
vn -0.8809 -0.0488 0.4708
vn -0.2984 0.9410 0.1595
vn -0.1300 -0.9891 0.0695
vn -0.8725 -0.1460 0.4663
vn -0.3786 0.9032 0.2023
vn -0.0435 -0.9988 0.0232
vn -0.8557 -0.2419 0.4574
vn -0.4550 0.8566 0.2432
vn -0.8308 -0.3354 0.4441
vn -0.5270 0.8018 0.2817
vn -0.7979 -0.4259 0.4265
vn -0.5938 0.7393 0.3174
vn -0.7574 -0.5123 0.4048
vn -0.6549 0.6698 0.3500
vn -0.7096 -0.5938 0.3793
vn -0.7096 0.5938 0.3793
vn -0.6549 -0.6698 0.3500
vn -0.7574 0.5123 0.4048
vn -0.5938 -0.7393 0.3174
vn -0.7979 0.4259 0.4265
vn -0.5270 -0.8018 0.2817
vn -0.8308 0.3354 0.4441
vn -0.4550 -0.8566 0.2432
vn -0.8557 0.2419 0.4574
vn -0.0435 0.9988 0.0233
vn -0.0453 0.9988 0.0188
vn -0.3786 -0.9032 0.2023
vn -0.8725 0.1460 0.4663
vn -0.3238 0.9410 0.0982
vn -0.1411 -0.9891 0.0428
vn -0.9467 -0.1460 0.2872
vn -0.4107 0.9032 0.1246
vn -0.0481 -0.9988 0.0096
vn -0.0472 -0.9988 0.0143
vn -0.9285 -0.2419 0.2817
vn -0.4937 0.8566 0.1498
vn -0.9015 -0.3354 0.2735
vn -0.5718 0.8018 0.1735
vn -0.8658 -0.4259 0.2626
vn -0.6443 0.7393 0.1955
vn -0.8218 -0.5123 0.2493
vn -0.7106 0.6698 0.2156
vn -0.7699 -0.5938 0.2336
vn -0.7699 0.5938 0.2336
vn -0.7106 -0.6698 0.2156
vn -0.8218 0.5123 0.2493
vn -0.6443 -0.7393 0.1955
vn -0.8658 0.4259 0.2626
vn -0.5718 -0.8018 0.1735
vn -0.9015 0.3354 0.2735
vn -0.4937 -0.8566 0.1498
vn -0.9285 0.2419 0.2817
vn -0.0472 0.9988 0.0143
vn -0.4107 -0.9032 0.1246
vn -0.9467 0.1460 0.2872
vn -0.1411 0.9891 0.0428
vn -0.3238 -0.9410 0.0982
vn -0.9558 0.0488 0.2899
vn -0.2336 0.9698 0.0709
vn -0.2336 -0.9698 0.0709
vn -0.9558 -0.0488 0.2899
vn -0.5135 0.8566 0.0506
vn -0.9375 -0.3354 0.0923
vn -0.5947 0.8018 0.0586
vn -0.9004 -0.4259 0.0887
vn -0.6701 0.7393 0.0660
vn -0.8547 -0.5123 0.0842
vn -0.7390 0.6698 0.0728
vn -0.8007 -0.5938 0.0789
vn -0.8007 0.5938 0.0789
vn -0.7390 -0.6698 0.0728
vn -0.8547 0.5123 0.0842
vn -0.6701 -0.7393 0.0660
vn -0.9004 0.4259 0.0887
vn -0.5947 -0.8018 0.0586
vn -0.9375 0.3354 0.0923
vn -0.5135 -0.8566 0.0506
vn -0.9656 0.2419 0.0951
vn -0.0491 0.9988 0.0048
vn -0.0491 0.9988 -0.0000
vn -0.4272 -0.9032 0.0421
vn -0.9845 0.1460 0.0970
vn -0.1467 0.9891 0.0144
vn -0.3367 -0.9410 0.0332
vn -0.9940 0.0488 0.0979
vn -0.2429 0.9697 0.0239
vn -0.2429 -0.9698 0.0239
vn -0.9940 -0.0488 0.0979
vn -0.3367 0.9410 0.0332
vn -0.1467 -0.9891 0.0144
vn -0.9845 -0.1460 0.0970
vn -0.4272 0.9032 0.0421
vn -0.0491 -0.9988 0.0048
vn -0.9656 -0.2419 0.0951
vn -0.6701 0.7393 -0.0660
vn -0.8547 -0.5123 -0.0842
vn -0.7390 0.6698 -0.0728
vn -0.8007 -0.5938 -0.0789
vn -0.8007 0.5938 -0.0789
vn -0.7390 -0.6698 -0.0728
vn -0.8547 0.5123 -0.0842
vn -0.6701 -0.7393 -0.0660
vn -0.9004 0.4259 -0.0887
vn -0.5947 -0.8018 -0.0586
vn -0.9375 0.3354 -0.0923
vn -0.5135 -0.8566 -0.0506
vn -0.9656 0.2419 -0.0951
vn -0.0491 0.9988 -0.0048
vn -0.4272 -0.9032 -0.0421
vn -0.9845 0.1460 -0.0970
vn -0.1467 0.9891 -0.0144
vn -0.3367 -0.9410 -0.0332
vn -0.9940 0.0488 -0.0979
vn -0.2429 0.9697 -0.0239
vn -0.2429 -0.9697 -0.0239
vn -0.9940 -0.0488 -0.0979
vn -0.3367 0.9410 -0.0332
vn -0.1467 -0.9891 -0.0144
vn -0.9845 -0.1460 -0.0970
vn -0.4272 0.9032 -0.0421
vn -0.0481 -0.9988 -0.0096
vn -0.0491 -0.9988 -0.0048
vn -0.9656 -0.2419 -0.0951
vn -0.5135 0.8566 -0.0506
vn -0.9375 -0.3354 -0.0923
vn -0.5947 0.8018 -0.0586
vn -0.9004 -0.4259 -0.0887
vn -0.7699 0.5938 -0.2336
vn -0.7106 -0.6698 -0.2156
vn -0.8218 0.5123 -0.2493
vn -0.6443 -0.7393 -0.1955
vn -0.8658 0.4259 -0.2626
vn -0.5718 -0.8018 -0.1735
vn -0.9015 0.3354 -0.2735
vn -0.4937 -0.8566 -0.1498
vn -0.9285 0.2419 -0.2817
vn -0.0472 0.9988 -0.0143
vn -0.0453 0.9988 -0.0188
vn -0.4108 -0.9032 -0.1246
vn -0.9467 0.1460 -0.2872
vn -0.1411 0.9891 -0.0428
vn -0.3238 -0.9410 -0.0982
vn -0.9558 0.0488 -0.2899
vn -0.2336 0.9698 -0.0709
vn -0.2336 -0.9698 -0.0709
vn -0.9558 -0.0488 -0.2899
vn -0.3238 0.9410 -0.0982
vn -0.1411 -0.9891 -0.0428
vn -0.9467 -0.1460 -0.2872
vn -0.4108 0.9032 -0.1246
vn -0.0472 -0.9988 -0.0143
vn -0.9285 -0.2419 -0.2817
vn -0.4937 0.8566 -0.1498
vn -0.9015 -0.3354 -0.2735
vn -0.5718 0.8018 -0.1735
vn -0.8658 -0.4259 -0.2626
vn -0.6443 0.7393 -0.1955
vn -0.8218 -0.5123 -0.2493
vn -0.7106 0.6698 -0.2156
vn -0.7699 -0.5938 -0.2336
vn -0.7979 -0.4259 -0.4265
vn -0.5938 0.7393 -0.3174
vn -0.7574 -0.5123 -0.4048
vn -0.6549 0.6698 -0.3500
vn -0.7096 -0.5938 -0.3793
vn -0.7096 0.5938 -0.3793
vn -0.6549 -0.6698 -0.3500
vn -0.7574 0.5123 -0.4048
vn -0.5938 -0.7393 -0.3174
vn -0.7979 0.4259 -0.4265
vn -0.5270 -0.8018 -0.2817
vn -0.8308 0.3354 -0.4441
vn -0.4550 -0.8566 -0.2432
vn -0.8557 0.2419 -0.4574
vn -0.0435 0.9988 -0.0233
vn -0.3786 -0.9032 -0.2023
vn -0.8725 0.1460 -0.4663
vn -0.1300 0.9891 -0.0695
vn -0.2984 -0.9410 -0.1595
vn -0.8809 0.0488 -0.4708
vn -0.2153 0.9698 -0.1151
vn -0.2153 -0.9698 -0.1151
vn -0.8809 -0.0488 -0.4708
vn -0.2984 0.9410 -0.1595
vn -0.1300 -0.9891 -0.0695
vn -0.8725 -0.1460 -0.4663
vn -0.3786 0.9032 -0.2023
vn -0.0408 -0.9988 -0.0273
vn -0.0435 -0.9988 -0.0232
vn -0.8557 -0.2419 -0.4574
vn -0.4550 0.8566 -0.2432
vn -0.8308 -0.3354 -0.4441
vn -0.5270 0.8018 -0.2817
vn -0.6220 -0.5938 -0.5104
vn -0.6220 0.5938 -0.5104
vn -0.5740 -0.6698 -0.4711
vn -0.6639 0.5123 -0.5448
vn -0.5205 -0.7393 -0.4272
vn -0.6994 0.4259 -0.5740
vn -0.4619 -0.8018 -0.3791
vn -0.7282 0.3354 -0.5976
vn -0.3988 -0.8566 -0.3273
vn -0.7501 0.2419 -0.6156
vn -0.0381 0.9988 -0.0313
vn -0.0347 0.9988 -0.0347
vn -0.3318 -0.9032 -0.2723
vn -0.7647 0.1460 -0.6276
vn -0.1140 0.9891 -0.0935
vn -0.2615 -0.9410 -0.2146
vn -0.7721 0.0488 -0.6336
vn -0.1887 0.9697 -0.1549
vn -0.1887 -0.9697 -0.1549
vn -0.7721 -0.0488 -0.6336
vn -0.2615 0.9410 -0.2146
vn -0.1140 -0.9891 -0.0935
vn -0.7647 -0.1460 -0.6276
vn -0.3318 0.9032 -0.2723
vn -0.0381 -0.9988 -0.0313
vn -0.7501 -0.2419 -0.6156
vn -0.3988 0.8566 -0.3273
vn -0.7282 -0.3354 -0.5976
vn -0.4619 0.8018 -0.3791
vn -0.6994 -0.4259 -0.5740
vn -0.5205 0.7393 -0.4272
vn -0.6639 -0.5123 -0.5448
vn -0.5740 0.6698 -0.4711
vn -0.4272 -0.7393 -0.5205
vn -0.5740 0.4259 -0.6994
vn -0.3791 -0.8018 -0.4619
vn -0.5976 0.3354 -0.7282
vn -0.3273 -0.8566 -0.3988
vn -0.6156 0.2419 -0.7501
vn -0.0313 0.9988 -0.0381
vn -0.2723 -0.9032 -0.3318
vn -0.6276 0.1460 -0.7647
vn -0.0935 0.9891 -0.1140
vn -0.2146 -0.9410 -0.2615
vn -0.6336 0.0488 -0.7721
vn -0.1549 0.9697 -0.1887
vn -0.1549 -0.9698 -0.1887
vn -0.6336 -0.0488 -0.7721
vn -0.2146 0.9410 -0.2615
vn -0.0935 -0.9891 -0.1140
vn -0.6276 -0.1460 -0.7647
vn -0.2723 0.9032 -0.3318
vn -0.0273 -0.9988 -0.0408
vn -0.0313 -0.9988 -0.0381
vn -0.6156 -0.2419 -0.7501
vn -0.3273 0.8566 -0.3988
vn -0.5976 -0.3354 -0.7282
vn -0.3791 0.8018 -0.4619
vn -0.5740 -0.4259 -0.6994
vn -0.4272 0.7393 -0.5205
vn -0.5448 -0.5123 -0.6639
vn -0.4711 0.6698 -0.5740
vn -0.5104 -0.5938 -0.6220
vn -0.5104 0.5938 -0.6220
vn -0.4711 -0.6698 -0.5740
vn -0.5448 0.5123 -0.6639
vn -0.2432 -0.8566 -0.4550
vn -0.4574 0.2419 -0.8557
vn -0.0232 0.9988 -0.0435
vn -0.0188 0.9988 -0.0453
vn -0.2023 -0.9032 -0.3786
vn -0.4663 0.1460 -0.8725
vn -0.0695 0.9891 -0.1300
vn -0.1595 -0.9410 -0.2984
vn -0.4708 0.0488 -0.8809
vn -0.1151 0.9698 -0.2153
vn -0.1151 -0.9698 -0.2153
vn -0.4708 -0.0488 -0.8809
vn -0.1595 0.9410 -0.2984
vn -0.0695 -0.9891 -0.1300
vn -0.4663 -0.1460 -0.8725
vn -0.2023 0.9032 -0.3786
vn -0.0232 -0.9988 -0.0435
vn -0.4574 -0.2419 -0.8557
vn -0.2432 0.8566 -0.4550
vn -0.4441 -0.3355 -0.8308
vn -0.2817 0.8018 -0.5270
vn -0.4265 -0.4259 -0.7979
vn -0.3174 0.7393 -0.5938
vn -0.4048 -0.5123 -0.7574
vn -0.3500 0.6698 -0.6549
vn -0.3793 -0.5938 -0.7096
vn -0.3793 0.5938 -0.7096
vn -0.3500 -0.6698 -0.6549
vn -0.4048 0.5123 -0.7574
vn -0.3174 -0.7393 -0.5938
vn -0.4265 0.4259 -0.7979
vn -0.2817 -0.8018 -0.5270
vn -0.4441 0.3355 -0.8308
vn -0.0982 -0.9410 -0.3238
vn -0.2899 0.0488 -0.9558
vn -0.0709 0.9698 -0.2336
vn -0.0709 -0.9698 -0.2336
vn -0.2899 -0.0488 -0.9558
vn -0.0982 0.9410 -0.3238
vn -0.0428 -0.9891 -0.1411
vn -0.2872 -0.1460 -0.9467
vn -0.1246 0.9032 -0.4108
vn -0.0096 -0.9988 -0.0481
vn -0.0143 -0.9988 -0.0472
vn -0.2817 -0.2419 -0.9285
vn -0.1498 0.8566 -0.4937
vn -0.2735 -0.3355 -0.9015
vn -0.1735 0.8018 -0.5718
vn -0.2626 -0.4259 -0.8658
vn -0.1955 0.7393 -0.6443
vn -0.2493 -0.5123 -0.8218
vn -0.2155 0.6698 -0.7106
vn -0.2336 -0.5938 -0.7699
vn -0.2336 0.5938 -0.7699
vn -0.2155 -0.6698 -0.7106
vn -0.2493 0.5123 -0.8218
vn -0.1955 -0.7393 -0.6443
vn -0.2626 0.4259 -0.8658
vn -0.1735 -0.8018 -0.5718
vn -0.2735 0.3355 -0.9015
vn -0.1498 -0.8566 -0.4937
vn -0.2817 0.2419 -0.9285
vn -0.0143 0.9988 -0.0472
vn -0.1246 -0.9032 -0.4108
vn -0.2872 0.1460 -0.9467
vn -0.0428 0.9891 -0.1411
vn -0.0144 -0.9891 -0.1467
vn -0.0970 -0.1460 -0.9845
vn -0.0421 0.9032 -0.4272
vn -0.0048 -0.9988 -0.0491
vn -0.0951 -0.2419 -0.9656
vn -0.0506 0.8566 -0.5135
vn -0.0923 -0.3354 -0.9375
vn -0.0586 0.8018 -0.5947
vn -0.0887 -0.4259 -0.9004
vn -0.0660 0.7393 -0.6701
vn -0.0842 -0.5123 -0.8547
vn -0.0728 0.6698 -0.7390
vn -0.0789 -0.5938 -0.8007
vn -0.0789 0.5938 -0.8007
vn -0.0728 -0.6698 -0.7390
vn -0.0842 0.5123 -0.8547
vn -0.0660 -0.7393 -0.6701
vn -0.0887 0.4259 -0.9004
vn -0.0586 -0.8018 -0.5947
vn -0.0923 0.3354 -0.9375
vn -0.0506 -0.8566 -0.5135
vn -0.0951 0.2419 -0.9656
vn -0.0048 0.9988 -0.0491
vn -0.0421 -0.9032 -0.4272
vn -0.0970 0.1460 -0.9845
vn -0.0144 0.9891 -0.1467
vn -0.0332 -0.9410 -0.3367
vn -0.0979 0.0488 -0.9940
vn -0.0239 0.9697 -0.2429
vn -0.0239 -0.9697 -0.2429
vn -0.0979 -0.0488 -0.9940
vn -0.0332 0.9410 -0.3367
vn -0.3700 0.7071 0.6026
vn -0.4704 0.4392 0.7654
vn -0.5199 0.1237 0.8453
vn -0.5130 -0.2052 0.8335
vn -0.4505 -0.5119 0.7315
vn -0.3392 -0.7631 0.5501
vn -0.1911 -0.9316 0.3092
vn -0.0224 -0.9991 0.0348
vn -0.0223 -0.9991 0.0348
vn 0.1488 -0.9584 -0.2434
vn 0.1488 -0.9584 -0.2435
vn 0.3039 -0.8138 -0.4953
vn 0.4260 -0.5811 -0.6934
vn 0.5020 -0.2853 -0.8165
vn 0.5235 0.0413 -0.8510
vn 0.4884 0.3635 -0.7933
vn 0.4003 0.6463 -0.6497
vn 0.2688 0.8591 -0.4356
vn 0.1082 0.9787 -0.1744
vn -0.0641 0.9923 0.1058
vn -0.2295 0.8984 0.3745
vn -0.5198 0.1237 0.8453
vn -0.5129 -0.2052 0.8335
vn 0.3039 -0.8139 -0.4953
vn -0.3392 -0.7631 0.5502
vn 0.2688 0.8590 -0.4356
vn 0.3368 -0.7071 0.6218
vn 0.4276 -0.4392 0.7901
vn 0.4720 -0.1237 0.8729
vn 0.4654 0.2052 0.8610
vn 0.4082 0.5119 0.7559
vn 0.3069 0.7631 0.5688
vn 0.1723 0.9316 0.3201
vn 0.0190 0.9991 0.0367
vn -0.1363 0.9584 -0.2507
vn -0.2769 0.8138 -0.5109
vn -0.2769 0.8139 -0.5109
vn -0.3875 0.5811 -0.7157
vn -0.4560 0.2853 -0.8430
vn -0.4752 -0.0413 -0.8789
vn -0.4428 -0.3635 -0.8196
vn -0.3625 -0.6463 -0.6715
vn -0.2429 -0.8591 -0.4506
vn -0.0970 -0.9787 -0.1809
vn 0.0595 -0.9923 0.1085
vn 0.0595 -0.9923 0.1084
vn 0.2095 -0.8984 0.3860
vn 0.4653 0.2052 0.8610
vn -0.7069 -0.7071 -0.0177
vn -0.8981 -0.4392 -0.0242
vn -0.9919 -0.1237 -0.0280
vn -0.9783 0.2052 -0.0288
vn -0.8586 0.5119 -0.0265
vn -0.6460 0.7631 -0.0214
vn -0.3633 0.9316 -0.0139
vn -0.0412 0.9991 -0.0049
vn 0.2853 0.9584 0.0046
vn 0.5809 0.8138 0.0137
vn 0.8136 0.5811 0.0212
vn 0.9581 0.2853 0.0264
vn 0.9987 -0.0413 0.0288
vn 0.9312 -0.3635 0.0281
vn 0.7627 -0.6463 0.0243
vn 0.5116 -0.8590 0.0179
vn 0.2050 -0.9787 0.0095
vn -0.1237 -0.9923 0.0001
vn -0.4391 -0.8984 -0.0093
vn -0.8981 -0.4392 -0.0241
vn -0.8586 0.5119 -0.0266
vn -0.1238 -0.9923 0.0001
vn 0.9581 0.2853 0.0265
vn 0.5809 0.8138 0.0136
vn 0.0145 -0.9891 -0.1467
vn 0.0923 -0.3355 -0.9375
vn 0.0923 0.3355 -0.9375
vn 0.0145 0.9891 -0.1467
vn 0.1955 0.7393 -0.6443
vn 0.1955 -0.7393 -0.6443
vn 0.2023 -0.9032 -0.3785
vn 0.2023 0.9032 -0.3785
vn 0.4441 -0.3355 -0.8308
vn 0.4441 0.3355 -0.8308
vn 0.1548 0.9698 -0.1887
vn 0.1548 -0.9698 -0.1887
vn 0.5976 -0.3355 -0.7282
vn 0.5104 -0.5939 -0.6219
vn 0.5104 0.5939 -0.6219
vn 0.5976 0.3355 -0.7282
vn 0.7282 -0.3355 -0.5976
vn 0.6219 -0.5939 -0.5104
vn 0.6219 0.5939 -0.5104
vn 0.7282 0.3355 -0.5976
vn 0.1887 0.9698 -0.1548
vn 0.1887 -0.9698 -0.1548
vn 0.8308 -0.3355 -0.4441
vn 0.7096 -0.5939 -0.3793
vn 0.7096 0.5939 -0.3793
vn 0.8308 0.3355 -0.4441
vn 0.0435 0.9988 -0.0232
vn 0.3785 -0.9032 -0.2023
vn 0.3785 0.9032 -0.2023
vn 0.6443 -0.7393 -0.1955
vn 0.9015 0.3355 -0.2735
vn 0.2336 0.9698 -0.0708
vn 0.2336 -0.9698 -0.0708
vn 0.9015 -0.3355 -0.2735
vn 0.6443 0.7393 -0.1955
vn 0.9375 0.3355 -0.0923
vn 0.5134 -0.8566 -0.0506
vn 0.1467 0.9891 -0.0144
vn 0.2429 0.9698 -0.0239
vn 0.5134 0.8566 -0.0506
vn 0.9375 -0.3355 -0.0923
vn 0.9375 0.3355 0.0923
vn 0.5134 -0.8566 0.0506
vn 0.1467 0.9891 0.0144
vn 0.2429 0.9698 0.0239
vn 0.5134 0.8566 0.0506
vn 0.9375 -0.3355 0.0923
vn 0.4108 -0.9032 0.1246
vn 0.2336 0.9698 0.0708
vn 0.4108 0.9032 0.1246
vn 0.9015 -0.3355 0.2735
vn 0.8658 -0.4259 0.2627
vn 0.6444 0.7393 0.1955
vn 0.7699 -0.5939 0.2336
vn 0.7699 0.5939 0.2336
vn 0.6444 -0.7393 0.1955
vn 0.8658 0.4259 0.2627
vn 0.9015 0.3355 0.2735
vn 0.2153 -0.9698 0.1151
vn 0.3785 0.9032 0.2023
vn 0.8308 -0.3355 0.4441
vn 0.8308 0.3355 0.4441
vn 0.0435 0.9988 0.0232
vn 0.3785 -0.9032 0.2023
vn 0.2153 0.9698 0.1151
vn 0.7282 -0.3355 0.5976
vn 0.6219 -0.5939 0.5104
vn 0.6219 0.5939 0.5104
vn 0.7282 0.3355 0.5976
vn 0.1887 0.9698 0.1548
vn 0.1887 -0.9698 0.1548
vn 0.5104 -0.5939 0.6219
vn 0.5104 0.5939 0.6219
vn 0.5976 0.3355 0.7282
vn 0.1548 0.9698 0.1887
vn 0.1548 -0.9698 0.1887
vn 0.5976 -0.3355 0.7282
vn 0.3793 -0.5939 0.7096
vn 0.3793 0.5939 0.7096
vn 0.4265 0.4259 0.7980
vn 0.4441 0.3355 0.8308
vn 0.2023 -0.9032 0.3785
vn 0.2023 0.9032 0.3785
vn 0.4441 -0.3355 0.8308
vn 0.4265 -0.4259 0.7980
vn 0.1955 -0.7393 0.6443
vn 0.2627 0.4259 0.8658
vn 0.2735 0.3355 0.9015
vn 0.2735 -0.3355 0.9015
vn 0.2627 -0.4259 0.8658
vn 0.1955 0.7393 0.6443
vn 0.2336 -0.5939 0.7699
vn 0.2336 0.5939 0.7699
vn 0.0506 -0.8566 0.5134
vn 0.0239 -0.9698 0.2429
vn 0.0506 0.8566 0.5134
vn 0.0923 -0.3355 0.9375
vn 0.0789 -0.5939 0.8007
vn 0.0789 0.5939 0.8007
vn 0.0923 0.3355 0.9375
vn -0.0506 0.8566 0.5134
vn -0.0923 -0.3355 0.9375
vn -0.0789 -0.5939 0.8007
vn -0.0789 0.5939 0.8007
vn -0.0923 0.3355 0.9375
vn -0.0506 -0.8566 0.5134
vn -0.2735 -0.3355 0.9015
vn -0.2735 0.3355 0.9015
vn -0.4441 -0.3355 0.8308
vn -0.4441 0.3355 0.8308
vn -0.2023 -0.9032 0.3785
vn -0.1151 0.9698 0.2153
vn -0.1151 -0.9698 0.2153
vn -0.2023 0.9032 0.3785
vn -0.5104 -0.5939 0.6219
vn -0.5104 0.5939 0.6219
vn -0.5976 0.3355 0.7282
vn -0.1548 0.9698 0.1887
vn -0.1548 -0.9698 0.1887
vn -0.5976 -0.3355 0.7282
vn -0.6219 0.5939 0.5104
vn -0.7282 0.3355 0.5976
vn -0.1887 0.9698 0.1548
vn -0.1887 -0.9698 0.1548
vn -0.7282 -0.3355 0.5976
vn -0.6219 -0.5939 0.5104
vn -0.8308 0.3355 0.4441
vn -0.0435 0.9988 0.0232
vn -0.3785 -0.9032 0.2023
vn -0.3785 0.9032 0.2023
vn -0.8308 -0.3355 0.4441
vn -0.7574 -0.5123 0.4049
vn -0.7096 -0.5939 0.3793
vn -0.2429 0.9698 0.0239
vn -0.1467 -0.9891 0.0145
vn -0.5134 0.8566 0.0506
vn -0.9375 -0.3355 0.0923
vn -0.9375 0.3355 0.0923
vn -0.5134 -0.8566 0.0506
vn -0.1467 0.9891 0.0145
vn -0.9375 -0.3355 -0.0923
vn -0.8007 -0.5939 -0.0789
vn -0.9375 0.3355 -0.0923
vn -0.1467 0.9891 -0.0145
vn -0.2429 0.9698 -0.0239
vn -0.2429 -0.9698 -0.0239
vn -0.1467 -0.9891 -0.0145
vn -0.9015 -0.3355 -0.2735
vn -0.9015 0.3355 -0.2735
vn -0.4107 -0.9032 -0.1246
vn -0.4107 0.9032 -0.1246
vn -0.0435 0.9988 -0.0232
vn -0.3785 -0.9032 -0.2023
vn -0.3785 0.9032 -0.2023
vn -0.8308 -0.3355 -0.4441
vn -0.7096 0.5939 -0.3793
vn -0.8308 0.3355 -0.4441
vn -0.1887 0.9698 -0.1548
vn -0.1887 -0.9698 -0.1548
vn -0.7282 -0.3355 -0.5976
vn -0.6219 -0.5939 -0.5104
vn -0.6219 0.5939 -0.5104
vn -0.7282 0.3355 -0.5976
vn -0.5976 -0.3355 -0.7282
vn -0.5104 -0.5939 -0.6219
vn -0.5104 0.5939 -0.6219
vn -0.5976 0.3355 -0.7282
vn -0.1548 0.9698 -0.1887
vn -0.1548 -0.9698 -0.1887
vn -0.4265 -0.4259 -0.7980
vn -0.3793 -0.5939 -0.7096
vn -0.3793 0.5939 -0.7096
vn -0.4265 0.4259 -0.7980
vn -0.2023 -0.9032 -0.3785
vn -0.2023 0.9032 -0.3785
vn -0.2156 0.6698 -0.7106
vn -0.2336 -0.5939 -0.7699
vn -0.2336 0.5939 -0.7699
vn -0.2156 -0.6698 -0.7106
vn -0.1246 -0.9032 -0.4107
vn -0.1246 0.9032 -0.4107
vn -0.0923 0.3355 -0.9375
vn -0.0506 -0.8566 -0.5134
vn -0.0145 0.9891 -0.1467
vn -0.0239 0.9698 -0.2429
vn -0.0239 -0.9698 -0.2429
vn -0.0145 -0.9891 -0.1467
vn -0.0506 0.8566 -0.5134
vn -0.0923 -0.3355 -0.9375
vn 0.4265 -0.4259 -0.7980
vn 0.3793 -0.5939 -0.7096
vn 0.3793 0.5939 -0.7096
vn 0.4265 0.4259 -0.7980
vn 0.7096 -0.5939 0.3793
vn 0.7096 0.5939 0.3793
vn -0.0145 0.9891 0.1467
vn -0.0145 -0.9891 0.1467
vn -0.1246 0.9032 0.4108
vn -0.2627 -0.4259 0.8658
vn -0.2336 -0.5939 0.7699
vn -0.2336 0.5939 0.7699
vn -0.2627 0.4259 0.8658
vn -0.1246 -0.9032 0.4108
vn -0.4049 -0.5123 0.7574
vn -0.2336 -0.9698 0.0708
vn -0.9015 -0.3355 0.2735
vn -0.8658 -0.4259 0.2627
vn -0.8658 0.4259 0.2627
vn -0.9015 0.3355 0.2735
vn -0.7980 -0.4259 -0.4265
vn -0.7980 0.4259 -0.4265
vn -0.6219 -0.5938 -0.5104
vn -0.6219 0.5938 -0.5104
vn -0.5104 -0.5938 -0.6219
vn -0.5104 0.5938 -0.6219
vn -0.2627 0.4259 -0.8658
vn -0.2627 -0.4259 -0.8658
vn -0.5199 0.1237 0.8452
vn 0.5236 0.0413 -0.8510
vn -0.4504 -0.5119 0.7315
vn 0.4260 -0.5811 -0.6935
vn 0.1082 0.9787 -0.1743
vn 0.5020 -0.2853 -0.8164
vn -0.3874 0.5811 -0.7157
vn 0.4082 0.5119 0.7558
vn -0.1363 0.9584 -0.2506
vn -0.0969 -0.9787 -0.1809
vn -0.4015 -0.7071 0.5821
vn -0.5101 -0.4392 0.7396
vn -0.5634 -0.1237 0.8169
vn -0.5557 0.2052 0.8057
vn -0.4877 0.5119 0.7072
vn -0.3669 0.7631 0.5320
vn -0.2064 0.9316 0.2992
vn -0.0235 0.9991 0.0340
vn 0.1620 0.9584 -0.2349
vn 0.3299 0.8138 -0.4783
vn 0.4621 0.5811 -0.6700
vn 0.5442 0.2853 -0.7890
vn 0.5673 -0.0413 -0.8225
vn 0.5289 -0.3635 -0.7669
vn 0.4332 -0.6463 -0.6282
vn 0.2906 -0.8591 -0.4214
vn 0.1165 -0.9787 -0.1689
vn -0.0702 -0.9923 0.1018
vn -0.2494 -0.8984 0.3615
vn 0.5441 0.2853 -0.7890
vn -0.5101 -0.4392 0.7395
vn 0.4333 -0.6463 -0.6282
vn 0.0789 -0.5939 -0.8007
vn 0.0789 0.5939 -0.8007
vn 0.0660 -0.7394 -0.6701
vn -0.0000 0.9988 -0.0490
vn 0.0048 0.9988 -0.0490
vn 0.0979 0.0489 -0.9940
vn 0.0979 -0.0489 -0.9940
vn 0.0096 -0.9988 -0.0482
vn 0.0660 0.7394 -0.6701
vn 0.0428 -0.9891 -0.1410
vn 0.2872 -0.1461 -0.9467
vn 0.1246 0.9032 -0.4108
vn 0.2735 -0.3355 -0.9015
vn 0.2493 -0.5122 -0.8219
vn 0.2336 -0.5939 -0.7699
vn 0.2336 0.5939 -0.7699
vn 0.2493 0.5122 -0.8219
vn 0.2735 0.3355 -0.9015
vn 0.1246 -0.9032 -0.4108
vn 0.2872 0.1461 -0.9467
vn 0.0708 0.9698 -0.2336
vn 0.0708 -0.9698 -0.2336
vn 0.3174 0.7394 -0.5938
vn 0.3174 -0.7394 -0.5938
vn 0.1151 0.9698 -0.2152
vn 0.1151 -0.9698 -0.2152
vn 0.0233 -0.9988 -0.0435
vn 0.4271 0.7394 -0.5205
vn 0.4271 -0.7394 -0.5205
vn 0.6156 0.2419 -0.7500
vn 0.0935 -0.9891 -0.1139
vn 0.6156 -0.2419 -0.7500
vn 0.5205 -0.7394 -0.4271
vn 0.7500 0.2419 -0.6156
vn 0.1887 0.9698 -0.1549
vn 0.1139 -0.9891 -0.0935
vn 0.7500 -0.2419 -0.6156
vn 0.5205 0.7394 -0.4271
vn 0.7980 0.4259 -0.4265
vn 0.0435 -0.9988 -0.0233
vn 0.7980 -0.4259 -0.4265
vn 0.9285 0.2418 -0.2817
vn 0.4108 -0.9032 -0.1246
vn 0.9467 0.1461 -0.2872
vn 0.1410 -0.9891 -0.0428
vn 0.9467 -0.1461 -0.2872
vn 0.4108 0.9032 -0.1246
vn 0.9285 -0.2418 -0.2817
vn 0.6443 0.7394 -0.1954
vn 0.8219 -0.5122 -0.2493
vn 0.7699 -0.5939 -0.2336
vn 0.7699 0.5939 -0.2336
vn 0.8219 0.5122 -0.2493
vn 0.6443 -0.7394 -0.1954
vn 0.9940 0.0489 -0.0979
vn 0.9940 -0.0489 -0.0979
vn 0.1467 -0.9891 -0.0144
vn 0.6701 0.7394 -0.0660
vn 0.8007 -0.5939 -0.0789
vn 0.8007 0.5939 -0.0789
vn 0.6701 -0.7394 -0.0660
vn 0.0490 0.9988 -0.0048
vn 0.0490 0.9988 -0.0000
vn 0.0482 -0.9988 0.0096
vn 0.6701 0.7394 0.0660
vn 0.8007 -0.5939 0.0789
vn 0.8007 0.5939 0.0789
vn 0.6701 -0.7394 0.0660
vn 0.0490 0.9988 0.0048
vn 0.9940 0.0489 0.0979
vn 0.9940 -0.0489 0.0979
vn 0.1467 -0.9891 0.0144
vn 0.8219 -0.5122 0.2493
vn 0.8219 0.5122 0.2493
vn 0.9285 0.2418 0.2817
vn 0.9467 0.1461 0.2872
vn 0.1410 -0.9891 0.0428
vn 0.9467 -0.1461 0.2872
vn 0.9285 -0.2418 0.2817
vn 0.7574 -0.5123 0.4049
vn 0.7574 0.5123 0.4049
vn 0.7980 0.4259 0.4265
vn 0.2153 0.9698 0.1150
vn 0.2153 -0.9698 0.1150
vn 0.0435 -0.9988 0.0233
vn 0.7980 -0.4259 0.4265
vn 0.1140 0.9891 0.0936
vn 0.2616 -0.9410 0.2146
vn 0.2616 0.9410 0.2147
vn 0.1139 -0.9891 0.0935
vn 0.0935 -0.9891 0.1139
vn 0.4271 0.7394 0.5205
vn 0.4271 -0.7394 0.5205
vn 0.1150 0.9698 0.2153
vn 0.1150 -0.9698 0.2153
vn 0.0233 -0.9988 0.0435
vn 0.3174 0.7394 0.5938
vn 0.3174 -0.7394 0.5938
vn 0.0428 -0.9891 0.1410
vn 0.1246 0.9032 0.4108
vn 0.0096 -0.9988 0.0482
vn 0.2155 0.6698 0.7106
vn 0.2155 -0.6698 0.7106
vn 0.1246 -0.9032 0.4108
vn 0.0660 0.7394 0.6701
vn 0.0660 -0.7394 0.6701
vn 0.0048 0.9988 0.0490
vn -0.0000 0.9988 0.0490
vn -0.0660 0.7394 0.6701
vn -0.0660 -0.7394 0.6701
vn -0.0048 0.9988 0.0490
vn -0.2155 0.6698 0.7106
vn -0.2155 -0.6698 0.7106
vn -0.0428 -0.9891 0.1410
vn -0.3174 -0.7394 0.5938
vn -0.4265 0.4259 0.7980
vn -0.4664 0.1460 0.8725
vn -0.1150 0.9698 0.2153
vn -0.1150 -0.9698 0.2153
vn -0.4664 -0.1460 0.8725
vn -0.4265 -0.4259 0.7980
vn -0.3174 0.7394 0.5938
vn -0.0936 0.9891 0.1140
vn -0.2147 -0.9410 0.2615
vn -0.6336 0.0489 0.7721
vn -0.6336 -0.0489 0.7721
vn -0.2147 0.9410 0.2615
vn -0.0935 -0.9891 0.1139
vn -0.4271 0.7394 0.5205
vn -0.5104 -0.5938 0.6219
vn -0.5104 0.5938 0.6219
vn -0.4271 -0.7394 0.5205
vn -0.1140 0.9891 0.0936
vn -0.2615 -0.9410 0.2147
vn -0.2615 0.9410 0.2147
vn -0.1139 -0.9891 0.0935
vn -0.7501 -0.2419 0.6155
vn -0.7501 0.2419 0.6155
vn -0.8725 -0.1460 0.4664
vn -0.0435 -0.9988 0.0233
vn -0.7980 -0.4258 0.4265
vn -0.7096 0.5939 0.3793
vn -0.7980 0.4258 0.4265
vn -0.8725 0.1460 0.4664
vn -0.2153 0.9698 0.1150
vn -0.2153 -0.9698 0.1150
vn -0.6443 0.7394 0.1955
vn -0.7699 -0.5939 0.2336
vn -0.7699 0.5939 0.2336
vn -0.6443 -0.7394 0.1955
vn -0.4108 -0.9032 0.1246
vn -0.1410 -0.9891 0.0428
vn -0.4108 0.9032 0.1246
vn -0.0482 -0.9988 0.0096
vn -0.6701 0.7394 0.0660
vn -0.8007 -0.5939 0.0789
vn -0.8007 0.5939 0.0789
vn -0.6701 -0.7394 0.0660
vn -0.0490 0.9988 0.0048
vn -0.0490 0.9988 -0.0000
vn -0.9940 0.0489 0.0979
vn -0.9940 -0.0489 0.0979
vn -0.8007 0.5939 -0.0789
vn -0.6701 -0.7394 -0.0660
vn -0.5134 -0.8566 -0.0506
vn -0.0490 0.9988 -0.0048
vn -0.9940 0.0489 -0.0979
vn -0.9940 -0.0489 -0.0979
vn -0.5134 0.8566 -0.0506
vn -0.6701 0.7394 -0.0660
vn -0.1410 -0.9891 -0.0428
vn -0.7096 -0.5939 -0.3793
vn -0.3785 -0.9032 -0.2024
vn -0.3785 0.9032 -0.2024
vn -0.0435 -0.9988 -0.0233
vn -0.5205 -0.7393 -0.4271
vn -0.2616 -0.9410 -0.2146
vn -0.1887 0.9698 -0.1549
vn -0.1887 -0.9698 -0.1549
vn -0.2616 0.9410 -0.2146
vn -0.1139 -0.9891 -0.0935
vn -0.5205 0.7393 -0.4271
vn -0.6155 0.2419 -0.7501
vn -0.0935 -0.9891 -0.1139
vn -0.6155 -0.2419 -0.7501
vn -0.4271 0.7394 -0.5205
vn -0.4271 -0.7394 -0.5205
vn -0.4708 0.0489 -0.8809
vn -0.1151 0.9698 -0.2152
vn -0.1151 -0.9698 -0.2152
vn -0.4708 -0.0489 -0.8809
vn -0.0233 -0.9988 -0.0435
vn -0.4574 -0.2418 -0.8557
vn -0.3174 0.7394 -0.5938
vn -0.3174 -0.7394 -0.5938
vn -0.4574 0.2418 -0.8557
vn -0.0428 -0.9891 -0.1410
vn -0.0096 -0.9988 -0.0482
vn -0.2493 -0.5123 -0.8219
vn -0.2493 0.5123 -0.8219
vn -0.0708 0.9698 -0.2336
vn -0.0708 -0.9698 -0.2336
vn -0.0660 0.7394 -0.6701
vn -0.0660 -0.7394 -0.6701
vn -0.0048 0.9988 -0.0490
vn 0.0924 0.3355 -0.9375
vn 0.0506 -0.8566 -0.5134
vn 0.2817 -0.2418 -0.9285
vn 0.1734 0.8018 -0.5718
vn 0.2626 -0.4258 -0.8658
vn 0.2626 0.4258 -0.8658
vn 0.1734 -0.8018 -0.5718
vn 0.2817 0.2418 -0.9285
vn 0.6336 0.0489 -0.7721
vn 0.6336 -0.0489 -0.7721
vn 0.5205 -0.7394 -0.4272
vn 0.7647 0.1461 -0.6276
vn 0.2615 -0.9410 -0.2147
vn 0.2615 0.9410 -0.2147
vn 0.7647 -0.1461 -0.6276
vn 0.5205 0.7394 -0.4272
vn 0.2152 0.9698 -0.1151
vn 0.2152 -0.9698 -0.1151
vn 0.3786 0.9032 -0.2024
vn 0.5938 0.7394 -0.3174
vn 0.7574 -0.5123 -0.4049
vn 0.7574 0.5123 -0.4049
vn 0.5938 -0.7394 -0.3174
vn 0.7106 0.6698 -0.2155
vn 0.7699 -0.5939 -0.2335
vn 0.7699 0.5939 -0.2335
vn 0.7106 -0.6698 -0.2155
vn 0.8219 -0.5123 0.2493
vn 0.7106 0.6698 0.2155
vn 0.7699 -0.5939 0.2335
vn 0.7699 0.5939 0.2335
vn 0.7106 -0.6698 0.2155
vn 0.8219 0.5123 0.2493
vn 0.2336 -0.9698 0.0708
vn 0.5938 -0.7394 0.3174
vn 0.2152 0.9698 0.1151
vn 0.2152 -0.9698 0.1151
vn 0.3786 0.9032 0.2024
vn 0.5938 0.7394 0.3174
vn 0.5205 -0.7394 0.4272
vn 0.7501 0.2419 0.6155
vn 0.7647 0.1461 0.6276
vn 0.2615 -0.9410 0.2147
vn 0.2615 0.9410 0.2147
vn 0.7647 -0.1461 0.6276
vn 0.7501 -0.2419 0.6155
vn 0.5205 0.7394 0.4271
vn 0.6336 0.0489 0.7721
vn 0.6336 -0.0489 0.7721
vn 0.2146 0.9410 0.2616
vn 0.4272 -0.7394 0.5205
vn 0.4048 -0.5122 0.7574
vn 0.4048 0.5122 0.7574
vn 0.2872 -0.1461 0.9467
vn 0.2817 -0.2418 0.9285
vn 0.2493 -0.5122 0.8219
vn 0.2493 0.5122 0.8219
vn 0.2817 0.2418 0.9285
vn 0.2872 0.1461 0.9467
vn 0.0924 -0.3355 0.9375
vn 0.0924 0.3355 0.9375
vn -0.0924 0.3355 0.9375
vn -0.0979 0.0489 0.9940
vn -0.0924 -0.3355 0.9375
vn -0.2493 0.5122 0.8219
vn -0.2817 0.2418 0.9285
vn -0.2872 0.1461 0.9467
vn -0.2872 -0.1461 0.9467
vn -0.2817 -0.2418 0.9285
vn -0.2493 -0.5122 0.8219
vn -0.0233 -0.9988 0.0435
vn -0.3793 -0.5939 0.7096
vn -0.3793 0.5939 0.7096
vn -0.1549 0.9698 0.1887
vn -0.1549 -0.9698 0.1887
vn -0.2146 0.9410 0.2616
vn -0.4271 0.7393 0.5205
vn -0.4271 -0.7393 0.5205
vn -0.7647 0.1461 0.6276
vn -0.7647 -0.1461 0.6276
vn -0.5205 0.7394 0.4271
vn -0.5205 -0.7394 0.4271
vn -0.3786 0.9032 0.2024
vn -0.5938 0.7394 0.3174
vn -0.7574 0.5123 0.4049
vn -0.5938 -0.7394 0.3174
vn -0.3786 -0.9032 0.2024
vn -0.2152 0.9698 0.1151
vn -0.2152 -0.9698 0.1151
vn -0.7106 0.6698 0.2155
vn -0.7106 -0.6698 0.2155
vn -0.2336 0.9698 0.0708
vn -0.8547 -0.5122 0.0842
vn -0.8547 0.5122 0.0842
vn -0.2336 0.9698 -0.0708
vn -0.2336 -0.9698 -0.0708
vn -0.6443 0.7394 -0.1955
vn -0.8219 -0.5123 -0.2493
vn -0.7106 0.6698 -0.2155
vn -0.7106 -0.6698 -0.2155
vn -0.8219 0.5123 -0.2493
vn -0.7574 0.5123 -0.4049
vn -0.5938 -0.7394 -0.3174
vn -0.3786 -0.9032 -0.2024
vn -0.2152 0.9698 -0.1151
vn -0.2152 -0.9698 -0.1151
vn -0.3786 0.9032 -0.2024
vn -0.5938 0.7394 -0.3174
vn -0.7574 -0.5123 -0.4049
vn -0.5205 -0.7394 -0.4271
vn -0.2615 -0.9410 -0.2147
vn -0.2615 0.9410 -0.2147
vn -0.5205 0.7394 -0.4271
vn -0.2147 -0.9410 -0.2615
vn -0.1549 0.9698 -0.1887
vn -0.2147 0.9410 -0.2616
vn -0.4271 0.7393 -0.5205
vn -0.4271 -0.7393 -0.5205
vn -0.1150 0.9698 -0.2153
vn -0.1150 -0.9698 -0.2153
vn -0.2872 -0.1461 -0.9467
vn -0.2817 -0.2418 -0.9285
vn -0.2493 -0.5122 -0.8219
vn -0.2493 0.5122 -0.8219
vn -0.2817 0.2418 -0.9285
vn -0.2872 0.1461 -0.9467
vn -0.0924 0.3355 -0.9375
vn -0.0979 0.0489 -0.9940
vn -0.0979 -0.0489 -0.9940
vn -0.6459 0.7631 -0.0214
vn 0.2853 0.9584 0.0047
vn 0.5809 0.8139 0.0137
vn -0.8587 0.5119 -0.0265
vn -0.2494 -0.8984 0.3616
vn 0.3299 0.8139 -0.4783
vn 0.2906 -0.8590 -0.4214
vn -0.4878 0.5119 0.7072
vn -0.3670 0.7631 0.5320
vn 0.4621 0.5811 -0.6699
vn 0.4333 -0.6463 -0.6281
vt 0.750000 0.343750
vt 0.750000 0.375000
vt 0.718750 0.375000
vt 0.718750 0.343750
vt 0.750000 0.750000
vt 0.750000 0.781250
vt 0.718750 0.781250
vt 0.718750 0.750000
vt 0.750000 0.312500
vt 0.718750 0.312500
vt 0.750000 0.718750
vt 0.718750 0.718750
vt 0.750000 0.281250
vt 0.718750 0.281250
vt 0.750000 0.687500
vt 0.718750 0.687500
vt 0.750000 0.250000
vt 0.718750 0.250000
vt 0.750000 0.656250
vt 0.718750 0.656250
vt 0.750000 0.218750
vt 0.718750 0.218750
vt 0.750000 0.625000
vt 0.718750 0.625000
vt 0.750000 0.187500
vt 0.718750 0.187500
vt 0.750000 0.593750
vt 0.718750 0.593750
vt 0.750000 0.156250
vt 0.718750 0.156250
vt 0.750000 0.562500
vt 0.718750 0.562500
vt 0.750000 0.968750
vt 0.734375 1.000000
vt 0.718750 0.968750
vt 0.750000 0.125000
vt 0.718750 0.125000
vt 0.750000 0.531250
vt 0.718750 0.531250
vt 0.750000 0.937500
vt 0.718750 0.937500
vt 0.750000 0.093750
vt 0.718750 0.093750
vt 0.750000 0.500000
vt 0.718750 0.500000
vt 0.750000 0.906250
vt 0.718750 0.906250
vt 0.750000 0.062500
vt 0.718750 0.062500
vt 0.750000 0.468750
vt 0.718750 0.468750
vt 0.750000 0.875000
vt 0.718750 0.875000
vt 0.750000 0.031250
vt 0.718750 0.031250
vt 0.750000 0.437500
vt 0.718750 0.437500
vt 0.750000 0.843750
vt 0.718750 0.843750
vt 0.734375 0.000000
vt 0.750000 0.406250
vt 0.718750 0.406250
vt 0.750000 0.812500
vt 0.718750 0.812500
vt 0.687500 0.968750
vt 0.687500 0.937500
vt 0.687500 0.125000
vt 0.687500 0.093750
vt 0.687500 0.531250
vt 0.687500 0.500000
vt 0.687500 0.906250
vt 0.687500 0.062500
vt 0.687500 0.468750
vt 0.687500 0.875000
vt 0.687500 0.031250
vt 0.687500 0.437500
vt 0.687500 0.843750
vt 0.703125 0.000000
vt 0.687500 0.406250
vt 0.687500 0.812500
vt 0.687500 0.375000
vt 0.687500 0.781250
vt 0.687500 0.343750
vt 0.687500 0.750000
vt 0.687500 0.312500
vt 0.687500 0.718750
vt 0.687500 0.281250
vt 0.687500 0.687500
vt 0.687500 0.250000
vt 0.687500 0.656250
vt 0.687500 0.218750
vt 0.687500 0.625000
vt 0.687500 0.187500
vt 0.687500 0.593750
vt 0.687500 0.156250
vt 0.687500 0.562500
vt 0.703125 1.000000
vt 0.656250 0.906250
vt 0.656250 0.875000
vt 0.656250 0.062500
vt 0.656250 0.031250
vt 0.656250 0.468750
vt 0.656250 0.437500
vt 0.656250 0.843750
vt 0.671875 0.000000
vt 0.656250 0.406250
vt 0.656250 0.812500
vt 0.656250 0.375000
vt 0.656250 0.781250
vt 0.656250 0.343750
vt 0.656250 0.750000
vt 0.656250 0.312500
vt 0.656250 0.718750
vt 0.656250 0.281250
vt 0.656250 0.687500
vt 0.656250 0.250000
vt 0.656250 0.656250
vt 0.656250 0.218750
vt 0.656250 0.625000
vt 0.656250 0.187500
vt 0.656250 0.593750
vt 0.656250 0.156250
vt 0.656250 0.562500
vt 0.671875 1.000000
vt 0.656250 0.968750
vt 0.656250 0.125000
vt 0.656250 0.531250
vt 0.656250 0.937500
vt 0.656250 0.093750
vt 0.656250 0.500000
vt 0.625000 0.843750
vt 0.625000 0.812500
vt 0.625000 0.406250
vt 0.625000 0.375000
vt 0.625000 0.781250
vt 0.625000 0.343750
vt 0.625000 0.750000
vt 0.625000 0.312500
vt 0.625000 0.718750
vt 0.625000 0.281250
vt 0.625000 0.687500
vt 0.625000 0.250000
vt 0.625000 0.656250
vt 0.625000 0.218750
vt 0.625000 0.625000
vt 0.625000 0.187500
vt 0.625000 0.593750
vt 0.625000 0.156250
vt 0.625000 0.562500
vt 0.640625 1.000000
vt 0.625000 0.968750
vt 0.625000 0.125000
vt 0.625000 0.531250
vt 0.625000 0.937500
vt 0.625000 0.093750
vt 0.625000 0.500000
vt 0.625000 0.906250
vt 0.625000 0.062500
vt 0.625000 0.468750
vt 0.625000 0.875000
vt 0.625000 0.031250
vt 0.625000 0.437500
vt 0.640625 0.000000
vt 0.593750 0.781250
vt 0.593750 0.750000
vt 0.593750 0.343750
vt 0.593750 0.312500
vt 0.593750 0.718750
vt 0.593750 0.281250
vt 0.593750 0.687500
vt 0.593750 0.250000
vt 0.593750 0.656250
vt 0.593750 0.218750
vt 0.593750 0.625000
vt 0.593750 0.187500
vt 0.593750 0.593750
vt 0.593750 0.156250
vt 0.593750 0.562500
vt 0.609375 1.000000
vt 0.593750 0.968750
vt 0.593750 0.125000
vt 0.593750 0.531250
vt 0.593750 0.937500
vt 0.593750 0.093750
vt 0.593750 0.500000
vt 0.593750 0.906250
vt 0.593750 0.062500
vt 0.593750 0.468750
vt 0.593750 0.875000
vt 0.593750 0.031250
vt 0.593750 0.437500
vt 0.593750 0.843750
vt 0.609375 0.000000
vt 0.593750 0.406250
vt 0.593750 0.812500
vt 0.593750 0.375000
vt 0.562500 0.718750
vt 0.562500 0.687500
vt 0.562500 0.281250
vt 0.562500 0.250000
vt 0.562500 0.656250
vt 0.562500 0.218750
vt 0.562500 0.625000
vt 0.562500 0.187500
vt 0.562500 0.593750
vt 0.562500 0.156250
vt 0.562500 0.562500
vt 0.578125 1.000000
vt 0.562500 0.968750
vt 0.562500 0.125000
vt 0.562500 0.531250
vt 0.562500 0.937500
vt 0.562500 0.093750
vt 0.562500 0.500000
vt 0.562500 0.906250
vt 0.562500 0.062500
vt 0.562500 0.468750
vt 0.562500 0.875000
vt 0.562500 0.031250
vt 0.562500 0.437500
vt 0.562500 0.843750
vt 0.578125 0.000000
vt 0.562500 0.406250
vt 0.562500 0.812500
vt 0.562500 0.375000
vt 0.562500 0.781250
vt 0.562500 0.343750
vt 0.562500 0.750000
vt 0.562500 0.312500
vt 0.531250 0.656250
vt 0.531250 0.625000
vt 0.531250 0.218750
vt 0.531250 0.187500
vt 0.531250 0.593750
vt 0.531250 0.156250
vt 0.531250 0.562500
vt 0.546875 1.000000
vt 0.531250 0.968750
vt 0.531250 0.125000
vt 0.531250 0.531250
vt 0.531250 0.937500
vt 0.531250 0.093750
vt 0.531250 0.500000
vt 0.531250 0.906250
vt 0.531250 0.062500
vt 0.531250 0.468750
vt 0.531250 0.875000
vt 0.531250 0.031250
vt 0.531250 0.437500
vt 0.531250 0.843750
vt 0.546875 0.000000
vt 0.531250 0.406250
vt 0.531250 0.812500
vt 0.531250 0.375000
vt 0.531250 0.781250
vt 0.531250 0.343750
vt 0.531250 0.750000
vt 0.531250 0.312500
vt 0.531250 0.718750
vt 0.531250 0.281250
vt 0.531250 0.687500
vt 0.531250 0.250000
vt 0.500000 0.593750
vt 0.500000 0.562500
vt 0.515625 1.000000
vt 0.500000 0.968750
vt 0.500000 0.156250
vt 0.500000 0.125000
vt 0.500000 0.531250
vt 0.500000 0.937500
vt 0.500000 0.093750
vt 0.500000 0.500000
vt 0.500000 0.906250
vt 0.500000 0.062500
vt 0.500000 0.468750
vt 0.500000 0.875000
vt 0.500000 0.031250
vt 0.500000 0.437500
vt 0.500000 0.843750
vt 0.515625 0.000000
vt 0.500000 0.406250
vt 0.500000 0.812500
vt 0.500000 0.375000
vt 0.500000 0.781250
vt 0.500000 0.343750
vt 0.500000 0.750000
vt 0.500000 0.312500
vt 0.500000 0.718750
vt 0.500000 0.281250
vt 0.500000 0.687500
vt 0.500000 0.250000
vt 0.500000 0.656250
vt 0.500000 0.218750
vt 0.500000 0.625000
vt 0.500000 0.187500
vt 0.468750 0.531250
vt 0.468750 0.500000
vt 0.468750 0.937500
vt 0.468750 0.906250
vt 0.468750 0.093750
vt 0.468750 0.062500
vt 0.468750 0.468750
vt 0.468750 0.875000
vt 0.468750 0.031250
vt 0.468750 0.437500
vt 0.468750 0.843750
vt 0.484375 0.000000
vt 0.468750 0.406250
vt 0.468750 0.812500
vt 0.468750 0.375000
vt 0.468750 0.781250
vt 0.468750 0.343750
vt 0.468750 0.750000
vt 0.468750 0.312500
vt 0.468750 0.718750
vt 0.468750 0.281250
vt 0.468750 0.687500
vt 0.468750 0.250000
vt 0.468750 0.656250
vt 0.468750 0.218750
vt 0.468750 0.625000
vt 0.468750 0.187500
vt 0.468750 0.593750
vt 0.468750 0.156250
vt 0.468750 0.562500
vt 0.484375 1.000000
vt 0.468750 0.968750
vt 0.468750 0.125000
vt 0.437500 0.468750
vt 0.437500 0.437500
vt 0.437500 0.875000
vt 0.437500 0.843750
vt 0.453125 0.000000
vt 0.437500 0.031250
vt 0.437500 0.406250
vt 0.437500 0.812500
vt 0.437500 0.375000
vt 0.437500 0.781250
vt 0.437500 0.343750
vt 0.437500 0.750000
vt 0.437500 0.312500
vt 0.437500 0.718750
vt 0.437500 0.281250
vt 0.437500 0.687500
vt 0.437500 0.250000
vt 0.437500 0.656250
vt 0.437500 0.218750
vt 0.437500 0.625000
vt 0.437500 0.187500
vt 0.437500 0.593750
vt 0.437500 0.156250
vt 0.437500 0.562500
vt 0.453125 1.000000
vt 0.437500 0.968750
vt 0.437500 0.125000
vt 0.437500 0.531250
vt 0.437500 0.937500
vt 0.437500 0.093750
vt 0.437500 0.500000
vt 0.437500 0.906250
vt 0.437500 0.062500
vt 0.406250 0.406250
vt 0.406250 0.375000
vt 0.406250 0.812500
vt 0.406250 0.781250
vt 0.406250 0.343750
vt 0.406250 0.750000
vt 0.406250 0.312500
vt 0.406250 0.718750
vt 0.406250 0.281250
vt 0.406250 0.687500
vt 0.406250 0.250000
vt 0.406250 0.656250
vt 0.406250 0.218750
vt 0.406250 0.625000
vt 0.406250 0.187500
vt 0.406250 0.593750
vt 0.406250 0.156250
vt 0.406250 0.562500
vt 0.421875 1.000000
vt 0.406250 0.968750
vt 0.406250 0.125000
vt 0.406250 0.531250
vt 0.406250 0.937500
vt 0.406250 0.093750
vt 0.406250 0.500000
vt 0.406250 0.906250
vt 0.406250 0.062500
vt 0.406250 0.468750
vt 0.406250 0.875000
vt 0.406250 0.031250
vt 0.406250 0.437500
vt 0.406250 0.843750
vt 0.421875 0.000000
vt 0.375000 0.343750
vt 0.375000 0.312500
vt 0.375000 0.750000
vt 0.375000 0.718750
vt 0.375000 0.281250
vt 0.375000 0.687500
vt 0.375000 0.250000
vt 0.375000 0.656250
vt 0.375000 0.218750
vt 0.375000 0.625000
vt 0.375000 0.187500
vt 0.375000 0.593750
vt 0.375000 0.156250
vt 0.375000 0.562500
vt 0.390625 1.000000
vt 0.375000 0.968750
vt 0.375000 0.125000
vt 0.375000 0.531250
vt 0.375000 0.937500
vt 0.375000 0.093750
vt 0.375000 0.500000
vt 0.375000 0.906250
vt 0.375000 0.062500
vt 0.375000 0.468750
vt 0.375000 0.875000
vt 0.375000 0.031250
vt 0.375000 0.437500
vt 0.375000 0.843750
vt 0.390625 0.000000
vt 0.375000 0.406250
vt 0.375000 0.812500
vt 0.375000 0.375000
vt 0.375000 0.781250
vt 0.343750 0.281250
vt 0.343750 0.250000
vt 0.343750 0.687500
vt 0.343750 0.656250
vt 0.343750 0.218750
vt 0.343750 0.625000
vt 0.343750 0.187500
vt 0.343750 0.593750
vt 0.343750 0.156250
vt 0.343750 0.562500
vt 0.359375 1.000000
vt 0.343750 0.968750
vt 0.343750 0.125000
vt 0.343750 0.531250
vt 0.343750 0.937500
vt 0.343750 0.093750
vt 0.343750 0.500000
vt 0.343750 0.906250
vt 0.343750 0.062500
vt 0.343750 0.468750
vt 0.343750 0.875000
vt 0.343750 0.031250
vt 0.343750 0.437500
vt 0.343750 0.843750
vt 0.359375 0.000000
vt 0.343750 0.406250
vt 0.343750 0.812500
vt 0.343750 0.375000
vt 0.343750 0.781250
vt 0.343750 0.343750
vt 0.343750 0.750000
vt 0.343750 0.312500
vt 0.343750 0.718750
vt 0.312500 0.218750
vt 0.312500 0.187500
vt 0.312500 0.625000
vt 0.312500 0.593750
vt 0.312500 0.156250
vt 0.312500 0.562500
vt 0.328125 1.000000
vt 0.312500 0.968750
vt 0.312500 0.125000
vt 0.312500 0.531250
vt 0.312500 0.937500
vt 0.312500 0.093750
vt 0.312500 0.500000
vt 0.312500 0.906250
vt 0.312500 0.062500
vt 0.312500 0.468750
vt 0.312500 0.875000
vt 0.312500 0.031250
vt 0.312500 0.437500
vt 0.312500 0.843750
vt 0.328125 0.000000
vt 0.312500 0.406250
vt 0.312500 0.812500
vt 0.312500 0.375000
vt 0.312500 0.781250
vt 0.312500 0.343750
vt 0.312500 0.750000
vt 0.312500 0.312500
vt 0.312500 0.718750
vt 0.312500 0.281250
vt 0.312500 0.687500
vt 0.312500 0.250000
vt 0.312500 0.656250
vt 0.281250 0.156250
vt 0.281250 0.125000
vt 0.281250 0.562500
vt 0.281250 0.531250
vt 0.281250 0.968750
vt 0.281250 0.937500
vt 0.281250 0.093750
vt 0.281250 0.500000
vt 0.281250 0.906250
vt 0.281250 0.062500
vt 0.281250 0.468750
vt 0.281250 0.875000
vt 0.281250 0.031250
vt 0.281250 0.437500
vt 0.281250 0.843750
vt 0.296875 0.000000
vt 0.281250 0.406250
vt 0.281250 0.812500
vt 0.281250 0.375000
vt 0.281250 0.781250
vt 0.281250 0.343750
vt 0.281250 0.750000
vt 0.281250 0.312500
vt 0.281250 0.718750
vt 0.281250 0.281250
vt 0.281250 0.687500
vt 0.281250 0.250000
vt 0.281250 0.656250
vt 0.281250 0.218750
vt 0.281250 0.625000
vt 0.281250 0.187500
vt 0.281250 0.593750
vt 0.296875 1.000000
vt 0.250000 0.093750
vt 0.250000 0.062500
vt 0.250000 0.500000
vt 0.250000 0.468750
vt 0.250000 0.906250
vt 0.250000 0.875000
vt 0.250000 0.031250
vt 0.250000 0.437500
vt 0.250000 0.843750
vt 0.265625 0.000000
vt 0.250000 0.406250
vt 0.250000 0.812500
vt 0.250000 0.375000
vt 0.250000 0.781250
vt 0.250000 0.343750
vt 0.250000 0.750000
vt 0.250000 0.312500
vt 0.250000 0.718750
vt 0.250000 0.281250
vt 0.250000 0.687500
vt 0.250000 0.250000
vt 0.250000 0.656250
vt 0.250000 0.218750
vt 0.250000 0.625000
vt 0.250000 0.187500
vt 0.250000 0.593750
vt 0.250000 0.156250
vt 0.250000 0.562500
vt 0.265625 1.000000
vt 0.250000 0.968750
vt 0.250000 0.125000
vt 0.250000 0.531250
vt 0.250000 0.937500
vt 0.234375 0.000000
vt 0.218750 0.031250
vt 0.218750 0.437500
vt 0.218750 0.406250
vt 0.218750 0.843750
vt 0.218750 0.812500
vt 0.218750 0.375000
vt 0.218750 0.781250
vt 0.218750 0.343750
vt 0.218750 0.750000
vt 0.218750 0.312500
vt 0.218750 0.718750
vt 0.218750 0.281250
vt 0.218750 0.687500
vt 0.218750 0.250000
vt 0.218750 0.656250
vt 0.218750 0.218750
vt 0.218750 0.625000
vt 0.218750 0.187500
vt 0.218750 0.593750
vt 0.218750 0.156250
vt 0.218750 0.562500
vt 0.234375 1.000000
vt 0.218750 0.968750
vt 0.218750 0.125000
vt 0.218750 0.531250
vt 0.218750 0.937500
vt 0.218750 0.093750
vt 0.218750 0.500000
vt 0.218750 0.906250
vt 0.218750 0.062500
vt 0.218750 0.468750
vt 0.218750 0.875000
vt 0.187500 0.375000
vt 0.187500 0.343750
vt 0.187500 0.781250
vt 0.187500 0.750000
vt 0.187500 0.312500
vt 0.187500 0.718750
vt 0.187500 0.281250
vt 0.187500 0.687500
vt 0.187500 0.250000
vt 0.187500 0.656250
vt 0.187500 0.218750
vt 0.187500 0.625000
vt 0.187500 0.187500
vt 0.187500 0.593750
vt 0.187500 0.156250
vt 0.187500 0.562500
vt 0.203125 1.000000
vt 0.187500 0.968750
vt 0.187500 0.125000
vt 0.187500 0.531250
vt 0.187500 0.937500
vt 0.187500 0.093750
vt 0.187500 0.500000
vt 0.187500 0.906250
vt 0.187500 0.062500
vt 0.187500 0.468750
vt 0.187500 0.875000
vt 0.187500 0.031250
vt 0.187500 0.437500
vt 0.187500 0.843750
vt 0.203125 0.000000
vt 0.187500 0.406250
vt 0.187500 0.812500
vt 0.156250 0.312500
vt 0.156250 0.281250
vt 0.156250 0.718750
vt 0.156250 0.687500
vt 0.156250 0.250000
vt 0.156250 0.656250
vt 0.156250 0.218750
vt 0.156250 0.625000
vt 0.156250 0.187500
vt 0.156250 0.593750
vt 0.156250 0.156250
vt 0.156250 0.562500
vt 0.171875 1.000000
vt 0.156250 0.968750
vt 0.156250 0.125000
vt 0.156250 0.531250
vt 0.156250 0.937500
vt 0.156250 0.093750
vt 0.156250 0.500000
vt 0.156250 0.906250
vt 0.156250 0.062500
vt 0.156250 0.468750
vt 0.156250 0.875000
vt 0.156250 0.031250
vt 0.156250 0.437500
vt 0.156250 0.843750
vt 0.171875 0.000000
vt 0.156250 0.406250
vt 0.156250 0.812500
vt 0.156250 0.375000
vt 0.156250 0.781250
vt 0.156250 0.343750
vt 0.156250 0.750000
vt 0.125000 0.250000
vt 0.125000 0.218750
vt 0.125000 0.656250
vt 0.125000 0.625000
vt 0.125000 0.187500
vt 0.125000 0.593750
vt 0.125000 0.156250
vt 0.125000 0.562500
vt 0.140625 1.000000
vt 0.125000 0.968750
vt 0.125000 0.125000
vt 0.125000 0.531250
vt 0.125000 0.937500
vt 0.125000 0.093750
vt 0.125000 0.500000
vt 0.125000 0.906250
vt 0.125000 0.062500
vt 0.125000 0.468750
vt 0.125000 0.875000
vt 0.125000 0.031250
vt 0.125000 0.437500
vt 0.125000 0.843750
vt 0.140625 0.000000
vt 0.125000 0.406250
vt 0.125000 0.812500
vt 0.125000 0.375000
vt 0.125000 0.781250
vt 0.125000 0.343750
vt 0.125000 0.750000
vt 0.125000 0.312500
vt 0.125000 0.718750
vt 0.125000 0.281250
vt 0.125000 0.687500
vt 0.093750 0.187500
vt 0.093750 0.156250
vt 0.093750 0.593750
vt 0.093750 0.562500
vt 0.109375 1.000000
vt 0.093750 0.968750
vt 0.093750 0.125000
vt 0.093750 0.531250
vt 0.093750 0.937500
vt 0.093750 0.093750
vt 0.093750 0.500000
vt 0.093750 0.906250
vt 0.093750 0.062500
vt 0.093750 0.468750
vt 0.093750 0.875000
vt 0.093750 0.031250
vt 0.093750 0.437500
vt 0.093750 0.843750
vt 0.109375 0.000000
vt 0.093750 0.406250
vt 0.093750 0.812500
vt 0.093750 0.375000
vt 0.093750 0.781250
vt 0.093750 0.343750
vt 0.093750 0.750000
vt 0.093750 0.312500
vt 0.093750 0.718750
vt 0.093750 0.281250
vt 0.093750 0.687500
vt 0.093750 0.250000
vt 0.093750 0.656250
vt 0.093750 0.218750
vt 0.093750 0.625000
vt 0.062500 0.968750
vt 0.062500 0.937500
vt 0.062500 0.125000
vt 0.062500 0.093750
vt 0.062500 0.531250
vt 0.062500 0.500000
vt 0.062500 0.906250
vt 0.062500 0.062500
vt 0.062500 0.468750
vt 0.062500 0.875000
vt 0.062500 0.031250
vt 0.062500 0.437500
vt 0.062500 0.843750
vt 0.078125 0.000000
vt 0.062500 0.406250
vt 0.062500 0.812500
vt 0.062500 0.375000
vt 0.062500 0.781250
vt 0.062500 0.343750
vt 0.062500 0.750000
vt 0.062500 0.312500
vt 0.062500 0.718750
vt 0.062500 0.281250
vt 0.062500 0.687500
vt 0.062500 0.250000
vt 0.062500 0.656250
vt 0.062500 0.218750
vt 0.062500 0.625000
vt 0.062500 0.187500
vt 0.062500 0.593750
vt 0.062500 0.156250
vt 0.062500 0.562500
vt 0.078125 1.000000
vt 0.031250 0.906250
vt 0.031250 0.875000
vt 0.031250 0.062500
vt 0.031250 0.031250
vt 0.031250 0.468750
vt 0.031250 0.437500
vt 0.031250 0.843750
vt 0.046875 0.000000
vt 0.031250 0.406250
vt 0.031250 0.812500
vt 0.031250 0.375000
vt 0.031250 0.781250
vt 0.031250 0.343750
vt 0.031250 0.750000
vt 0.031250 0.312500
vt 0.031250 0.718750
vt 0.031250 0.281250
vt 0.031250 0.687500
vt 0.031250 0.250000
vt 0.031250 0.656250
vt 0.031250 0.218750
vt 0.031250 0.625000
vt 0.031250 0.187500
vt 0.031250 0.593750
vt 0.031250 0.156250
vt 0.031250 0.562500
vt 0.046875 1.000000
vt 0.031250 0.968750
vt 0.031250 0.125000
vt 0.031250 0.531250
vt 0.031250 0.937500
vt 0.031250 0.093750
vt 0.031250 0.500000
vt 0.000000 0.843750
vt 0.000000 0.812500
vt 0.000000 0.406250
vt 0.000000 0.375000
vt 0.000000 0.781250
vt 0.000000 0.343750
vt 0.000000 0.750000
vt 0.000000 0.312500
vt 0.000000 0.718750
vt 0.000000 0.281250
vt 0.000000 0.687500
vt 0.000000 0.250000
vt 0.000000 0.656250
vt 0.000000 0.218750
vt 0.000000 0.625000
vt 0.000000 0.187500
vt 0.000000 0.593750
vt 0.000000 0.156250
vt 0.000000 0.562500
vt 0.015625 1.000000
vt 0.000000 0.968750
vt 0.000000 0.125000
vt 0.000000 0.531250
vt 0.000000 0.937500
vt 0.000000 0.093750
vt 0.000000 0.500000
vt 0.000000 0.906250
vt 0.000000 0.062500
vt 0.000000 0.468750
vt 0.000000 0.875000
vt 0.000000 0.031250
vt 0.000000 0.437500
vt 0.015625 0.000000
vt 1.000000 0.750000
vt 1.000000 0.781250
vt 0.968750 0.781250
vt 0.968750 0.750000
vt 1.000000 0.312500
vt 1.000000 0.343750
vt 0.968750 0.343750
vt 0.968750 0.312500
vt 1.000000 0.718750
vt 0.968750 0.718750
vt 1.000000 0.281250
vt 0.968750 0.281250
vt 1.000000 0.687500
vt 0.968750 0.687500
vt 1.000000 0.250000
vt 0.968750 0.250000
vt 1.000000 0.656250
vt 0.968750 0.656250
vt 1.000000 0.218750
vt 0.968750 0.218750
vt 1.000000 0.625000
vt 0.968750 0.625000
vt 1.000000 0.187500
vt 0.968750 0.187500
vt 1.000000 0.593750
vt 0.968750 0.593750
vt 1.000000 0.156250
vt 0.968750 0.156250
vt 1.000000 0.562500
vt 0.968750 0.562500
vt 1.000000 0.968750
vt 0.984375 1.000000
vt 0.968750 0.968750
vt 1.000000 0.125000
vt 0.968750 0.125000
vt 1.000000 0.531250
vt 0.968750 0.531250
vt 1.000000 0.937500
vt 0.968750 0.937500
vt 1.000000 0.093750
vt 0.968750 0.093750
vt 1.000000 0.500000
vt 0.968750 0.500000
vt 1.000000 0.906250
vt 0.968750 0.906250
vt 1.000000 0.062500
vt 0.968750 0.062500
vt 1.000000 0.468750
vt 0.968750 0.468750
vt 1.000000 0.875000
vt 0.968750 0.875000
vt 1.000000 0.031250
vt 0.968750 0.031250
vt 1.000000 0.437500
vt 0.968750 0.437500
vt 1.000000 0.843750
vt 0.968750 0.843750
vt 0.984375 0.000000
vt 1.000000 0.406250
vt 0.968750 0.406250
vt 1.000000 0.812500
vt 0.968750 0.812500
vt 1.000000 0.375000
vt 0.968750 0.375000
vt 0.937500 0.718750
vt 0.937500 0.687500
vt 0.937500 0.281250
vt 0.937500 0.250000
vt 0.937500 0.656250
vt 0.937500 0.218750
vt 0.937500 0.625000
vt 0.937500 0.187500
vt 0.937500 0.593750
vt 0.937500 0.156250
vt 0.937500 0.562500
vt 0.953125 1.000000
vt 0.937500 0.968750
vt 0.937500 0.125000
vt 0.937500 0.531250
vt 0.937500 0.937500
vt 0.937500 0.093750
vt 0.937500 0.500000
vt 0.937500 0.906250
vt 0.937500 0.062500
vt 0.937500 0.468750
vt 0.937500 0.875000
vt 0.937500 0.031250
vt 0.937500 0.437500
vt 0.937500 0.843750
vt 0.953125 0.000000
vt 0.937500 0.406250
vt 0.937500 0.812500
vt 0.937500 0.375000
vt 0.937500 0.781250
vt 0.937500 0.343750
vt 0.937500 0.750000
vt 0.937500 0.312500
vt 0.906250 0.375000
vt 0.906250 0.343750
vt 0.906250 0.781250
vt 0.906250 0.750000
vt 0.906250 0.312500
vt 0.906250 0.718750
vt 0.906250 0.281250
vt 0.906250 0.687500
vt 0.906250 0.250000
vt 0.906250 0.656250
vt 0.906250 0.218750
vt 0.906250 0.625000
vt 0.906250 0.187500
vt 0.906250 0.593750
vt 0.906250 0.156250
vt 0.906250 0.562500
vt 0.921875 1.000000
vt 0.906250 0.968750
vt 0.906250 0.125000
vt 0.906250 0.531250
vt 0.906250 0.937500
vt 0.906250 0.093750
vt 0.906250 0.500000
vt 0.906250 0.906250
vt 0.906250 0.062500
vt 0.906250 0.468750
vt 0.906250 0.875000
vt 0.906250 0.031250
vt 0.906250 0.437500
vt 0.906250 0.843750
vt 0.921875 0.000000
vt 0.906250 0.406250
vt 0.906250 0.812500
vt 0.875000 0.312500
vt 0.875000 0.281250
vt 0.875000 0.718750
vt 0.875000 0.687500
vt 0.875000 0.250000
vt 0.875000 0.656250
vt 0.875000 0.218750
vt 0.875000 0.625000
vt 0.875000 0.187500
vt 0.875000 0.593750
vt 0.875000 0.156250
vt 0.875000 0.562500
vt 0.890625 1.000000
vt 0.875000 0.968750
vt 0.875000 0.125000
vt 0.875000 0.531250
vt 0.875000 0.937500
vt 0.875000 0.093750
vt 0.875000 0.500000
vt 0.875000 0.906250
vt 0.875000 0.062500
vt 0.875000 0.468750
vt 0.875000 0.875000
vt 0.875000 0.031250
vt 0.875000 0.437500
vt 0.875000 0.843750
vt 0.890625 0.000000
vt 0.875000 0.406250
vt 0.875000 0.812500
vt 0.875000 0.375000
vt 0.875000 0.781250
vt 0.875000 0.343750
vt 0.875000 0.750000
vt 0.843750 0.250000
vt 0.843750 0.218750
vt 0.843750 0.656250
vt 0.843750 0.625000
vt 0.843750 0.187500
vt 0.843750 0.593750
vt 0.843750 0.156250
vt 0.843750 0.562500
vt 0.859375 1.000000
vt 0.843750 0.968750
vt 0.843750 0.125000
vt 0.843750 0.531250
vt 0.843750 0.937500
vt 0.843750 0.093750
vt 0.843750 0.500000
vt 0.843750 0.906250
vt 0.843750 0.062500
vt 0.843750 0.468750
vt 0.843750 0.875000
vt 0.843750 0.031250
vt 0.843750 0.437500
vt 0.843750 0.843750
vt 0.859375 0.000000
vt 0.843750 0.406250
vt 0.843750 0.812500
vt 0.843750 0.375000
vt 0.843750 0.781250
vt 0.843750 0.343750
vt 0.843750 0.750000
vt 0.843750 0.312500
vt 0.843750 0.718750
vt 0.843750 0.281250
vt 0.843750 0.687500
vt 0.812500 0.187500
vt 0.812500 0.156250
vt 0.812500 0.593750
vt 0.812500 0.562500
vt 0.828125 1.000000
vt 0.812500 0.968750
vt 0.812500 0.125000
vt 0.812500 0.531250
vt 0.812500 0.937500
vt 0.812500 0.093750
vt 0.812500 0.500000
vt 0.812500 0.906250
vt 0.812500 0.062500
vt 0.812500 0.468750
vt 0.812500 0.875000
vt 0.812500 0.031250
vt 0.812500 0.437500
vt 0.812500 0.843750
vt 0.828125 0.000000
vt 0.812500 0.406250
vt 0.812500 0.812500
vt 0.812500 0.375000
vt 0.812500 0.781250
vt 0.812500 0.343750
vt 0.812500 0.750000
vt 0.812500 0.312500
vt 0.812500 0.718750
vt 0.812500 0.281250
vt 0.812500 0.687500
vt 0.812500 0.250000
vt 0.812500 0.656250
vt 0.812500 0.218750
vt 0.812500 0.625000
vt 0.781250 0.125000
vt 0.781250 0.093750
vt 0.781250 0.531250
vt 0.781250 0.500000
vt 0.781250 0.937500
vt 0.781250 0.906250
vt 0.781250 0.062500
vt 0.781250 0.468750
vt 0.781250 0.875000
vt 0.781250 0.031250
vt 0.781250 0.437500
vt 0.781250 0.843750
vt 0.796875 0.000000
vt 0.781250 0.406250
vt 0.781250 0.812500
vt 0.781250 0.375000
vt 0.781250 0.781250
vt 0.781250 0.343750
vt 0.781250 0.750000
vt 0.781250 0.312500
vt 0.781250 0.718750
vt 0.781250 0.281250
vt 0.781250 0.687500
vt 0.781250 0.250000
vt 0.781250 0.656250
vt 0.781250 0.218750
vt 0.781250 0.625000
vt 0.781250 0.187500
vt 0.781250 0.593750
vt 0.781250 0.156250
vt 0.781250 0.562500
vt 0.796875 1.000000
vt 0.781250 0.968750
vt 0.765625 0.000000
vt 0.765625 1.000000
vt 0.000000 0.000000
s 1
usemtl Carbon
f 9/1/1 991/2/1 36/3/1 37/4/1
f 986/5/2 1/6/2 23/7/2 24/8/2
f 10/9/3 9/1/3 37/4/3 38/10/3
f 2/11/4 986/5/4 24/8/4 25/12/4
f 11/13/5 10/9/5 38/10/5 39/14/5
f 987/15/6 2/11/6 25/12/6 26/16/6
f 992/17/7 11/13/7 39/14/7 40/18/7
f 988/19/8 987/15/8 26/16/8 27/20/8
f 12/21/9 992/17/9 40/18/9 41/22/9
f 3/23/10 988/19/10 27/20/10 28/24/10
f 13/25/11 12/21/11 41/22/11 42/26/11
f 4/27/12 3/23/12 28/24/12 29/28/12
f 14/29/13 13/25/13 42/26/13 43/30/13
f 5/31/14 4/27/14 29/28/14 30/32/14
f 980/33/15 514/34/15 17/35/16
f 993/36/17 14/29/17 43/30/17 44/37/17
f 6/38/18 5/31/18 30/32/18 31/39/18
f 981/40/19 980/33/19 17/35/19 18/41/19
f 994/42/20 993/36/20 44/37/20 45/43/20
f 989/44/21 6/38/21 31/39/21 32/45/21
f 982/46/22 981/40/22 18/41/22 19/47/22
f 15/48/23 994/42/23 45/43/23 46/49/23
f 7/50/24 989/44/24 32/45/24 33/51/24
f 983/52/25 982/46/25 19/47/25 20/53/25
f 16/54/26 15/48/26 46/49/26 47/55/26
f 8/56/27 7/50/27 33/51/27 34/57/27
f 984/58/28 983/52/28 20/53/28 21/59/28
f 513/60/29 16/54/30 47/55/29
f 990/61/31 8/56/31 34/57/31 35/62/31
f 985/63/32 984/58/32 21/59/32 22/64/32
f 991/2/33 990/61/33 35/62/33 36/3/33
f 1/6/34 985/63/34 22/64/34 23/7/34
f 18/41/35 17/35/35 48/65/35 49/66/35
f 45/43/36 44/37/36 75/67/36 76/68/36
f 32/45/37 31/39/37 62/69/37 63/70/37
f 19/47/38 18/41/38 49/66/38 50/71/38
f 46/49/39 45/43/39 76/68/39 77/72/39
f 33/51/40 32/45/40 63/70/40 64/73/40
f 20/53/41 19/47/41 50/71/41 51/74/41
f 47/55/42 46/49/42 77/72/42 78/75/42
f 34/57/43 33/51/43 64/73/43 65/76/43
f 21/59/44 20/53/44 51/74/44 52/77/44
f 513/78/29 47/55/29 78/75/45
f 35/62/46 34/57/46 65/76/46 66/79/46
f 22/64/47 21/59/47 52/77/47 53/80/47
f 36/3/48 35/62/48 66/79/48 67/81/48
f 23/7/49 22/64/49 53/80/49 54/82/49
f 37/4/50 36/3/50 67/81/50 68/83/50
f 24/8/51 23/7/51 54/82/51 55/84/51
f 38/10/52 37/4/52 68/83/52 69/85/52
f 25/12/53 24/8/53 55/84/53 56/86/53
f 39/14/54 38/10/54 69/85/54 70/87/54
f 26/16/55 25/12/55 56/86/55 57/88/55
f 40/18/56 39/14/56 70/87/56 71/89/56
f 27/20/57 26/16/57 57/88/57 58/90/57
f 41/22/58 40/18/58 71/89/58 72/91/58
f 28/24/59 27/20/59 58/90/59 59/92/59
f 42/26/60 41/22/60 72/91/60 73/93/60
f 29/28/61 28/24/61 59/92/61 60/94/61
f 43/30/62 42/26/62 73/93/62 74/95/62
f 30/32/63 29/28/63 60/94/63 61/96/63
f 17/35/64 514/97/65 48/65/65
f 44/37/66 43/30/66 74/95/66 75/67/66
f 31/39/67 30/32/67 61/96/67 62/69/67
f 51/74/68 50/71/68 81/98/68 82/99/68
f 78/75/69 77/72/69 108/100/69 109/101/69
f 65/76/70 64/73/70 95/102/70 96/103/70
f 52/77/71 51/74/71 82/99/71 83/104/71
f 513/105/72 78/75/73 109/101/72
f 66/79/74 65/76/74 96/103/74 97/106/74
f 53/80/75 52/77/75 83/104/75 84/107/75
f 67/81/76 66/79/76 97/106/76 98/108/76
f 54/82/77 53/80/77 84/107/77 85/109/77
f 68/83/78 67/81/78 98/108/78 99/110/78
f 55/84/79 54/82/79 85/109/79 86/111/79
f 69/85/80 68/83/80 99/110/80 100/112/80
f 56/86/81 55/84/81 86/111/81 87/113/81
f 70/87/82 69/85/82 100/112/82 101/114/82
f 57/88/83 56/86/83 87/113/83 88/115/83
f 71/89/84 70/87/84 101/114/84 102/116/84
f 58/90/85 57/88/85 88/115/85 89/117/85
f 72/91/86 71/89/86 102/116/86 103/118/86
f 59/92/87 58/90/87 89/117/87 90/119/87
f 73/93/88 72/91/88 103/118/88 104/120/88
f 60/94/89 59/92/89 90/119/89 91/121/89
f 74/95/90 73/93/90 104/120/90 105/122/90
f 61/96/91 60/94/91 91/121/91 92/123/91
f 48/65/65 514/124/65 79/125/92
f 75/67/93 74/95/93 105/122/93 106/126/93
f 62/69/94 61/96/94 92/123/94 93/127/94
f 49/66/95 48/65/95 79/125/95 80/128/95
f 76/68/96 75/67/96 106/126/96 107/129/96
f 63/70/97 62/69/97 93/127/97 94/130/97
f 50/71/98 49/66/98 80/128/98 81/98/98
f 77/72/99 76/68/99 107/129/99 108/100/99
f 64/73/100 63/70/100 94/130/100 95/102/100
f 84/107/101 83/104/101 114/131/101 115/132/101
f 98/108/102 97/106/102 128/133/102 129/134/102
f 85/109/103 84/107/103 115/132/103 116/135/103
f 99/110/104 98/108/104 129/134/104 130/136/104
f 86/111/105 85/109/105 116/135/105 117/137/105
f 100/112/106 99/110/106 130/136/106 131/138/106
f 87/113/107 86/111/107 117/137/107 118/139/107
f 101/114/108 100/112/108 131/138/108 132/140/108
f 88/115/109 87/113/109 118/139/109 119/141/109
f 102/116/110 101/114/110 132/140/110 133/142/110
f 89/117/111 88/115/111 119/141/111 120/143/111
f 103/118/112 102/116/112 133/142/112 134/144/112
f 90/119/113 89/117/113 120/143/113 121/145/113
f 104/120/114 103/118/114 134/144/114 135/146/114
f 91/121/115 90/119/115 121/145/115 122/147/115
f 105/122/116 104/120/116 135/146/116 136/148/116
f 92/123/117 91/121/117 122/147/117 123/149/117
f 79/125/118 514/150/119 110/151/119
f 106/126/120 105/122/120 136/148/120 137/152/120
f 93/127/121 92/123/121 123/149/121 124/153/121
f 80/128/122 79/125/122 110/151/122 111/154/122
f 107/129/123 106/126/123 137/152/123 138/155/123
f 94/130/124 93/127/124 124/153/124 125/156/124
f 81/98/125 80/128/125 111/154/125 112/157/125
f 108/100/126 107/129/126 138/155/126 139/158/126
f 95/102/127 94/130/127 125/156/127 126/159/127
f 82/99/128 81/98/128 112/157/128 113/160/128
f 109/101/129 108/100/129 139/158/129 140/161/129
f 96/103/130 95/102/130 126/159/130 127/162/130
f 83/104/131 82/99/131 113/160/131 114/131/131
f 513/163/72 109/101/72 140/161/132
f 97/106/133 96/103/133 127/162/133 128/133/133
f 117/137/134 116/135/134 147/164/134 148/165/134
f 131/138/135 130/136/135 161/166/135 162/167/135
f 118/139/136 117/137/136 148/165/136 149/168/136
f 132/140/137 131/138/137 162/167/137 163/169/137
f 119/141/138 118/139/138 149/168/138 150/170/138
f 133/142/139 132/140/139 163/169/139 164/171/139
f 120/143/140 119/141/140 150/170/140 151/172/140
f 134/144/141 133/142/141 164/171/141 165/173/141
f 121/145/142 120/143/142 151/172/142 152/174/142
f 135/146/143 134/144/143 165/173/143 166/175/143
f 122/147/144 121/145/144 152/174/144 153/176/144
f 136/148/145 135/146/145 166/175/145 167/177/145
f 123/149/146 122/147/146 153/176/146 154/178/146
f 110/151/119 514/179/119 141/180/147
f 137/152/148 136/148/148 167/177/148 168/181/148
f 124/153/149 123/149/149 154/178/149 155/182/149
f 111/154/150 110/151/150 141/180/150 142/183/150
f 138/155/151 137/152/151 168/181/151 169/184/151
f 125/156/152 124/153/152 155/182/152 156/185/152
f 112/157/153 111/154/153 142/183/153 143/186/153
f 139/158/154 138/155/154 169/184/154 170/187/154
f 126/159/155 125/156/155 156/185/155 157/188/155
f 113/160/156 112/157/156 143/186/156 144/189/156
f 140/161/157 139/158/157 170/187/157 171/190/157
f 127/162/158 126/159/158 157/188/158 158/191/158
f 114/131/159 113/160/159 144/189/159 145/192/159
f 513/193/160 140/161/161 171/190/160
f 128/133/162 127/162/162 158/191/162 159/194/162
f 115/132/163 114/131/163 145/192/163 146/195/163
f 129/134/164 128/133/164 159/194/164 160/196/164
f 116/135/165 115/132/165 146/195/165 147/164/165
f 130/136/166 129/134/166 160/196/166 161/166/166
f 150/170/167 149/168/167 180/197/167 181/198/167
f 164/171/168 163/169/168 194/199/168 195/200/168
f 151/172/169 150/170/169 181/198/169 182/201/169
f 165/173/170 164/171/170 195/200/170 196/202/170
f 152/174/171 151/172/171 182/201/171 183/203/171
f 166/175/172 165/173/172 196/202/172 197/204/172
f 153/176/173 152/174/173 183/203/173 184/205/173
f 167/177/174 166/175/174 197/204/174 198/206/174
f 154/178/175 153/176/175 184/205/175 185/207/175
f 141/180/176 514/208/177 172/209/177
f 168/181/178 167/177/178 198/206/178 199/210/178
f 155/182/179 154/178/179 185/207/179 186/211/179
f 142/183/180 141/180/180 172/209/180 173/212/180
f 169/184/181 168/181/181 199/210/181 200/213/181
f 156/185/182 155/182/182 186/211/182 187/214/182
f 143/186/183 142/183/183 173/212/183 174/215/183
f 170/187/184 169/184/184 200/213/184 201/216/184
f 157/188/185 156/185/185 187/214/185 188/217/185
f 144/189/186 143/186/186 174/215/186 175/218/186
f 171/190/187 170/187/187 201/216/187 202/219/187
f 158/191/188 157/188/188 188/217/188 189/220/188
f 145/192/189 144/189/189 175/218/189 176/221/189
f 513/222/160 171/190/160 202/219/190
f 159/194/191 158/191/191 189/220/191 190/223/191
f 146/195/192 145/192/192 176/221/192 177/224/192
f 160/196/193 159/194/193 190/223/193 191/225/193
f 147/164/194 146/195/194 177/224/194 178/226/194
f 161/166/195 160/196/195 191/225/195 192/227/195
f 148/165/196 147/164/196 178/226/196 179/228/196
f 162/167/197 161/166/197 192/227/197 193/229/197
f 149/168/198 148/165/198 179/228/198 180/197/198
f 163/169/199 162/167/199 193/229/199 194/199/199
f 183/203/200 182/201/200 213/230/200 214/231/200
f 197/204/201 196/202/201 227/232/201 228/233/201
f 184/205/202 183/203/202 214/231/202 215/234/202
f 198/206/203 197/204/203 228/233/203 229/235/203
f 185/207/204 184/205/204 215/234/204 216/236/204
f 172/209/177 514/237/177 203/238/205
f 199/210/206 198/206/206 229/235/206 230/239/206
f 186/211/207 185/207/207 216/236/207 217/240/207
f 173/212/208 172/209/208 203/238/208 204/241/208
f 200/213/209 199/210/209 230/239/209 231/242/209
f 187/214/210 186/211/210 217/240/210 218/243/210
f 174/215/211 173/212/211 204/241/211 205/244/211
f 201/216/212 200/213/212 231/242/212 232/245/212
f 188/217/213 187/214/213 218/243/213 219/246/213
f 175/218/214 174/215/214 205/244/214 206/247/214
f 202/219/215 201/216/215 232/245/215 233/248/215
f 189/220/216 188/217/216 219/246/216 220/249/216
f 176/221/217 175/218/217 206/247/217 207/250/217
f 513/251/218 202/219/219 233/248/218
f 190/223/220 189/220/220 220/249/220 221/252/220
f 177/224/221 176/221/221 207/250/221 208/253/221
f 191/225/222 190/223/222 221/252/222 222/254/222
f 178/226/223 177/224/223 208/253/223 209/255/223
f 192/227/224 191/225/224 222/254/224 223/256/224
f 179/228/225 178/226/225 209/255/225 210/257/225
f 193/229/226 192/227/226 223/256/226 224/258/226
f 180/197/227 179/228/227 210/257/227 211/259/227
f 194/199/228 193/229/228 224/258/228 225/260/228
f 181/198/229 180/197/229 211/259/229 212/261/229
f 195/200/230 194/199/230 225/260/230 226/262/230
f 182/201/231 181/198/231 212/261/231 213/230/231
f 196/202/232 195/200/232 226/262/232 227/232/232
f 216/236/233 215/234/233 246/263/233 247/264/233
f 203/238/234 514/265/235 234/266/235
f 230/239/236 229/235/236 260/267/236 261/268/236
f 217/240/237 216/236/237 247/264/237 248/269/237
f 204/241/238 203/238/238 234/266/238 235/270/238
f 231/242/239 230/239/239 261/268/239 262/271/239
f 218/243/240 217/240/240 248/269/240 249/272/240
f 205/244/241 204/241/241 235/270/241 236/273/241
f 232/245/242 231/242/242 262/271/242 263/274/242
f 219/246/243 218/243/243 249/272/243 250/275/243
f 206/247/244 205/244/244 236/273/244 237/276/244
f 233/248/245 232/245/245 263/274/245 264/277/245
f 220/249/246 219/246/246 250/275/246 251/278/246
f 207/250/247 206/247/247 237/276/247 238/279/247
f 513/280/218 233/248/218 264/277/248
f 221/252/249 220/249/249 251/278/249 252/281/249
f 208/253/250 207/250/250 238/279/250 239/282/250
f 222/254/251 221/252/251 252/281/251 253/283/251
f 209/255/252 208/253/252 239/282/252 240/284/252
f 223/256/253 222/254/253 253/283/253 254/285/253
f 210/257/254 209/255/254 240/284/254 241/286/254
f 224/258/255 223/256/255 254/285/255 255/287/255
f 211/259/256 210/257/256 241/286/256 242/288/256
f 225/260/257 224/258/257 255/287/257 256/289/257
f 212/261/258 211/259/258 242/288/258 243/290/258
f 226/262/259 225/260/259 256/289/259 257/291/259
f 213/230/260 212/261/260 243/290/260 244/292/260
f 227/232/261 226/262/261 257/291/261 258/293/261
f 214/231/262 213/230/262 244/292/262 245/294/262
f 228/233/263 227/232/263 258/293/263 259/295/263
f 215/234/264 214/231/264 245/294/264 246/263/264
f 229/235/265 228/233/265 259/295/265 260/267/265
f 249/272/266 248/269/266 279/296/266 280/297/266
f 236/273/267 235/270/267 266/298/267 267/299/267
f 263/274/268 262/271/268 293/300/268 294/301/268
f 250/275/269 249/272/269 280/297/269 281/302/269
f 237/276/270 236/273/270 267/299/270 268/303/270
f 264/277/271 263/274/271 294/301/271 295/304/271
f 251/278/272 250/275/272 281/302/272 282/305/272
f 238/279/273 237/276/273 268/303/273 269/306/273
f 513/307/274 264/277/275 295/304/274
f 252/281/276 251/278/276 282/305/276 283/308/276
f 239/282/277 238/279/277 269/306/277 270/309/277
f 253/283/278 252/281/278 283/308/278 284/310/278
f 240/284/279 239/282/279 270/309/279 271/311/279
f 254/285/280 253/283/280 284/310/280 285/312/280
f 241/286/281 240/284/281 271/311/281 272/313/281
f 255/287/282 254/285/282 285/312/282 286/314/282
f 242/288/283 241/286/283 272/313/283 273/315/283
f 256/289/284 255/287/284 286/314/284 287/316/284
f 243/290/285 242/288/285 273/315/285 274/317/285
f 257/291/286 256/289/286 287/316/286 288/318/286
f 244/292/287 243/290/287 274/317/287 275/319/287
f 258/293/288 257/291/288 288/318/288 289/320/288
f 245/294/289 244/292/289 275/319/289 276/321/289
f 259/295/290 258/293/290 289/320/290 290/322/290
f 246/263/291 245/294/291 276/321/291 277/323/291
f 260/267/292 259/295/292 290/322/292 291/324/292
f 247/264/293 246/263/293 277/323/293 278/325/293
f 234/266/235 514/326/235 265/327/294
f 261/268/295 260/267/295 291/324/295 292/328/295
f 248/269/296 247/264/296 278/325/296 279/296/296
f 235/270/297 234/266/297 265/327/297 266/298/297
f 262/271/298 261/268/298 292/328/298 293/300/298
f 282/305/299 281/302/299 312/329/299 313/330/299
f 269/306/300 268/303/300 299/331/300 300/332/300
f 513/333/274 295/304/274 326/334/301
f 283/308/302 282/305/302 313/330/302 314/335/302
f 270/309/303 269/306/303 300/332/303 301/336/303
f 284/310/304 283/308/304 314/335/304 315/337/304
f 271/311/305 270/309/305 301/336/305 302/338/305
f 285/312/306 284/310/306 315/337/306 316/339/306
f 272/313/307 271/311/307 302/338/307 303/340/307
f 286/314/308 285/312/308 316/339/308 317/341/308
f 273/315/309 272/313/309 303/340/309 304/342/309
f 287/316/310 286/314/310 317/341/310 318/343/310
f 274/317/311 273/315/311 304/342/311 305/344/311
f 288/318/312 287/316/312 318/343/312 319/345/312
f 275/319/313 274/317/313 305/344/313 306/346/313
f 289/320/314 288/318/314 319/345/314 320/347/314
f 276/321/315 275/319/315 306/346/315 307/348/315
f 290/322/316 289/320/316 320/347/316 321/349/316
f 277/323/317 276/321/317 307/348/317 308/350/317
f 291/324/318 290/322/318 321/349/318 322/351/318
f 278/325/319 277/323/319 308/350/319 309/352/319
f 265/327/320 514/353/321 296/354/321
f 292/328/322 291/324/322 322/351/322 323/355/322
f 279/296/323 278/325/323 309/352/323 310/356/323
f 266/298/324 265/327/324 296/354/324 297/357/324
f 293/300/325 292/328/325 323/355/325 324/358/325
f 280/297/326 279/296/326 310/356/326 311/359/326
f 267/299/327 266/298/327 297/357/327 298/360/327
f 294/301/328 293/300/328 324/358/328 325/361/328
f 281/302/329 280/297/329 311/359/329 312/329/329
f 268/303/330 267/299/330 298/360/330 299/331/330
f 295/304/331 294/301/331 325/361/331 326/334/331
f 315/337/332 314/335/332 345/362/332 346/363/332
f 302/338/333 301/336/333 332/364/333 333/365/333
f 316/339/334 315/337/334 346/363/334 347/366/334
f 303/340/335 302/338/335 333/365/335 334/367/335
f 317/341/336 316/339/336 347/366/336 348/368/336
f 304/342/337 303/340/337 334/367/337 335/369/337
f 318/343/338 317/341/338 348/368/338 349/370/338
f 305/344/339 304/342/339 335/369/339 336/371/339
f 319/345/340 318/343/340 349/370/340 350/372/340
f 306/346/341 305/344/341 336/371/341 337/373/341
f 320/347/342 319/345/342 350/372/342 351/374/342
f 307/348/343 306/346/343 337/373/343 338/375/343
f 321/349/344 320/347/344 351/374/344 352/376/344
f 308/350/345 307/348/345 338/375/345 339/377/345
f 322/351/346 321/349/346 352/376/346 353/378/346
f 309/352/347 308/350/347 339/377/347 340/379/347
f 296/354/321 514/380/321 327/381/348
f 323/355/349 322/351/349 353/378/349 354/382/349
f 310/356/350 309/352/350 340/379/350 341/383/350
f 297/357/351 296/354/351 327/381/351 328/384/351
f 324/358/352 323/355/352 354/382/352 355/385/352
f 311/359/353 310/356/353 341/383/353 342/386/353
f 298/360/354 297/357/354 328/384/354 329/387/354
f 325/361/355 324/358/355 355/385/355 356/388/355
f 312/329/356 311/359/356 342/386/356 343/389/356
f 299/331/357 298/360/357 329/387/357 330/390/357
f 326/334/358 325/361/358 356/388/358 357/391/358
f 313/330/359 312/329/359 343/389/359 344/392/359
f 300/332/360 299/331/360 330/390/360 331/393/360
f 513/394/361 326/334/362 357/391/361
f 314/335/363 313/330/363 344/392/363 345/362/363
f 301/336/364 300/332/364 331/393/364 332/364/364
f 348/368/365 347/366/365 378/395/365 379/396/365
f 335/369/366 334/367/366 365/397/366 366/398/366
f 349/370/367 348/368/367 379/396/367 380/399/367
f 336/371/368 335/369/368 366/398/368 367/400/368
f 350/372/369 349/370/369 380/399/369 381/401/369
f 337/373/370 336/371/370 367/400/370 368/402/370
f 351/374/371 350/372/371 381/401/371 382/403/371
f 338/375/372 337/373/372 368/402/372 369/404/372
f 352/376/373 351/374/373 382/403/373 383/405/373
f 339/377/374 338/375/374 369/404/374 370/406/374
f 353/378/375 352/376/375 383/405/375 384/407/375
f 340/379/376 339/377/376 370/406/376 371/408/376
f 327/381/377 514/409/378 358/410/378
f 354/382/379 353/378/379 384/407/379 385/411/379
f 341/383/380 340/379/380 371/408/380 372/412/380
f 328/384/381 327/381/381 358/410/381 359/413/381
f 355/385/382 354/382/382 385/411/382 386/414/382
f 342/386/383 341/383/383 372/412/383 373/415/383
f 329/387/384 328/384/384 359/413/384 360/416/384
f 356/388/385 355/385/385 386/414/385 387/417/385
f 343/389/386 342/386/386 373/415/386 374/418/386
f 330/390/387 329/387/387 360/416/387 361/419/387
f 357/391/388 356/388/388 387/417/388 388/420/388
f 344/392/389 343/389/389 374/418/389 375/421/389
f 331/393/390 330/390/390 361/419/390 362/422/390
f 513/423/361 357/391/361 388/420/391
f 345/362/392 344/392/392 375/421/392 376/424/392
f 332/364/393 331/393/393 362/422/393 363/425/393
f 346/363/394 345/362/394 376/424/394 377/426/394
f 333/365/395 332/364/395 363/425/395 364/427/395
f 347/366/396 346/363/396 377/426/396 378/395/396
f 334/367/397 333/365/397 364/427/397 365/397/397
f 381/401/398 380/399/398 411/428/398 412/429/398
f 368/402/399 367/400/399 398/430/399 399/431/399
f 382/403/400 381/401/400 412/429/400 413/432/400
f 369/404/401 368/402/401 399/431/401 400/433/401
f 383/405/402 382/403/402 413/432/402 414/434/402
f 370/406/403 369/404/403 400/433/403 401/435/403
f 384/407/404 383/405/404 414/434/404 415/436/404
f 371/408/405 370/406/405 401/435/405 402/437/405
f 358/410/378 514/438/378 389/439/406
f 385/411/407 384/407/407 415/436/407 416/440/407
f 372/412/408 371/408/408 402/437/408 403/441/408
f 359/413/409 358/410/409 389/439/409 390/442/409
f 386/414/410 385/411/410 416/440/410 417/443/410
f 373/415/411 372/412/411 403/441/411 404/444/411
f 360/416/412 359/413/412 390/442/412 391/445/412
f 387/417/413 386/414/413 417/443/413 418/446/413
f 374/418/414 373/415/414 404/444/414 405/447/414
f 361/419/415 360/416/415 391/445/415 392/448/415
f 388/420/416 387/417/416 418/446/416 419/449/416
f 375/421/417 374/418/417 405/447/417 406/450/417
f 362/422/418 361/419/418 392/448/418 393/451/418
f 513/452/419 388/420/420 419/449/419
f 376/424/421 375/421/421 406/450/421 407/453/421
f 363/425/422 362/422/422 393/451/422 394/454/422
f 377/426/423 376/424/423 407/453/423 408/455/423
f 364/427/424 363/425/424 394/454/424 395/456/424
f 378/395/425 377/426/425 408/455/425 409/457/425
f 365/397/426 364/427/426 395/456/426 396/458/426
f 379/396/427 378/395/427 409/457/427 410/459/427
f 366/398/428 365/397/428 396/458/428 397/460/428
f 380/399/429 379/396/429 410/459/429 411/428/429
f 367/400/430 366/398/430 397/460/430 398/430/430
f 414/434/431 413/432/431 444/461/431 445/462/431
f 401/435/432 400/433/432 431/463/432 432/464/432
f 415/436/433 414/434/433 445/462/433 446/465/433
f 402/437/434 401/435/434 432/464/434 433/466/434
f 389/439/435 514/467/436 420/468/436
f 416/440/437 415/436/437 446/465/437 447/469/437
f 403/441/438 402/437/438 433/466/438 434/470/438
f 390/442/439 389/439/439 420/468/439 421/471/439
f 417/443/440 416/440/440 447/469/440 448/472/440
f 404/444/441 403/441/441 434/470/441 435/473/441
f 391/445/442 390/442/442 421/471/442 422/474/442
f 418/446/443 417/443/443 448/472/443 449/475/443
f 405/447/444 404/444/444 435/473/444 436/476/444
f 392/448/445 391/445/445 422/474/445 423/477/445
f 419/449/446 418/446/446 449/475/446 450/478/446
f 406/450/447 405/447/447 436/476/447 437/479/447
f 393/451/448 392/448/448 423/477/448 424/480/448
f 513/481/419 419/449/419 450/478/449
f 407/453/450 406/450/450 437/479/450 438/482/450
f 394/454/451 393/451/451 424/480/451 425/483/451
f 408/455/452 407/453/452 438/482/452 439/484/452
f 395/456/453 394/454/453 425/483/453 426/485/453
f 409/457/454 408/455/454 439/484/454 440/486/454
f 396/458/455 395/456/455 426/485/455 427/487/455
f 410/459/456 409/457/456 440/486/456 441/488/456
f 397/460/457 396/458/457 427/487/457 428/489/457
f 411/428/458 410/459/458 441/488/458 442/490/458
f 398/430/459 397/460/459 428/489/459 429/491/459
f 412/429/460 411/428/460 442/490/460 443/492/460
f 399/431/461 398/430/461 429/491/461 430/493/461
f 413/432/462 412/429/462 443/492/462 444/461/462
f 400/433/463 399/431/463 430/493/463 431/463/463
f 447/469/464 446/465/464 477/494/464 478/495/464
f 434/470/465 433/466/465 464/496/465 465/497/465
f 421/471/466 420/468/466 451/498/466 452/499/466
f 448/472/467 447/469/467 478/495/467 479/500/467
f 435/473/468 434/470/468 465/497/468 466/501/468
f 422/474/469 421/471/469 452/499/469 453/502/469
f 449/475/470 448/472/470 479/500/470 480/503/470
f 436/476/471 435/473/471 466/501/471 467/504/471
f 423/477/472 422/474/472 453/502/472 454/505/472
f 450/478/473 449/475/473 480/503/473 481/506/473
f 437/479/474 436/476/474 467/504/474 468/507/474
f 424/480/475 423/477/475 454/505/475 455/508/475
f 513/509/476 450/478/477 481/506/476
f 438/482/478 437/479/478 468/507/478 469/510/478
f 425/483/479 424/480/479 455/508/479 456/511/479
f 439/484/480 438/482/480 469/510/480 470/512/480
f 426/485/481 425/483/481 456/511/481 457/513/481
f 440/486/482 439/484/482 470/512/482 471/514/482
f 427/487/483 426/485/483 457/513/483 458/515/483
f 441/488/484 440/486/484 471/514/484 472/516/484
f 428/489/485 427/487/485 458/515/485 459/517/485
f 442/490/486 441/488/486 472/516/486 473/518/486
f 429/491/487 428/489/487 459/517/487 460/519/487
f 443/492/488 442/490/488 473/518/488 474/520/488
f 430/493/489 429/491/489 460/519/489 461/521/489
f 444/461/490 443/492/490 474/520/490 475/522/490
f 431/463/491 430/493/491 461/521/491 462/523/491
f 445/462/492 444/461/492 475/522/492 476/524/492
f 432/464/493 431/463/493 462/523/493 463/525/493
f 446/465/494 445/462/494 476/524/494 477/494/494
f 433/466/495 432/464/495 463/525/495 464/496/495
f 420/468/436 514/526/436 451/498/496
f 480/503/497 479/500/497 510/527/497 511/528/497
f 467/504/498 466/501/498 497/529/498 498/530/498
f 454/505/499 453/502/499 484/531/499 485/532/499
f 481/506/500 480/503/500 511/528/500 512/533/500
f 468/507/501 467/504/501 498/530/501 499/534/501
f 455/508/502 454/505/502 485/532/502 486/535/502
f 513/536/476 481/506/476 512/533/503
f 469/510/504 468/507/504 499/534/504 500/537/504
f 456/511/505 455/508/505 486/535/505 487/538/505
f 470/512/506 469/510/506 500/537/506 501/539/506
f 457/513/507 456/511/507 487/538/507 488/540/507
f 471/514/508 470/512/508 501/539/508 502/541/508
f 458/515/509 457/513/509 488/540/509 489/542/509
f 472/516/510 471/514/510 502/541/510 503/543/510
f 459/517/511 458/515/511 489/542/511 490/544/511
f 473/518/512 472/516/512 503/543/512 504/545/512
f 460/519/513 459/517/513 490/544/513 491/546/513
f 474/520/514 473/518/514 504/545/514 505/547/514
f 461/521/515 460/519/515 491/546/515 492/548/515
f 475/522/516 474/520/516 505/547/516 506/549/516
f 462/523/517 461/521/517 492/548/517 493/550/517
f 476/524/518 475/522/518 506/549/518 507/551/518
f 463/525/519 462/523/519 493/550/519 494/552/519
f 477/494/520 476/524/520 507/551/520 508/553/520
f 464/496/521 463/525/521 494/552/521 495/554/521
f 451/498/522 514/555/523 482/556/523
f 478/495/524 477/494/524 508/553/524 509/557/524
f 465/497/525 464/496/525 495/554/525 496/558/525
f 452/499/526 451/498/526 482/556/526 483/559/526
f 479/500/527 478/495/527 509/557/527 510/527/527
f 466/501/528 465/497/528 496/558/528 497/529/528
f 453/502/529 452/499/529 483/559/529 484/531/529
f 513/560/530 512/533/531 545/561/530
f 500/537/532 499/534/532 532/562/532 533/563/532
f 487/538/533 486/535/533 519/564/533 520/565/533
f 501/539/534 500/537/534 533/563/534 534/566/534
f 488/540/535 487/538/535 520/565/535 521/567/535
f 502/541/536 501/539/536 534/566/536 535/568/536
f 489/542/537 488/540/537 521/567/537 522/569/537
f 503/543/538 502/541/538 535/568/538 536/570/538
f 490/544/539 489/542/539 522/569/539 523/571/539
f 504/545/540 503/543/540 536/570/540 537/572/540
f 491/546/541 490/544/541 523/571/541 524/573/541
f 505/547/542 504/545/542 537/572/542 538/574/542
f 492/548/543 491/546/543 524/573/543 525/575/543
f 506/549/544 505/547/544 538/574/544 539/576/544
f 493/550/545 492/548/545 525/575/545 526/577/545
f 507/551/546 506/549/546 539/576/546 540/578/546
f 494/552/547 493/550/547 526/577/547 527/579/547
f 508/553/548 507/551/548 540/578/548 541/580/548
f 495/554/549 494/552/549 527/579/549 528/581/549
f 482/556/523 514/582/523 515/583/550
f 509/557/551 508/553/551 541/580/551 542/584/551
f 496/558/552 495/554/552 528/581/552 529/585/552
f 483/559/553 482/556/553 515/583/553 516/586/553
f 510/527/554 509/557/554 542/584/554 543/587/554
f 497/529/555 496/558/555 529/585/555 530/588/555
f 484/531/556 483/559/556 516/586/556 517/589/556
f 511/528/557 510/527/557 543/587/557 544/590/557
f 498/530/558 497/529/558 530/588/558 531/591/558
f 485/532/559 484/531/559 517/589/559 518/592/559
f 512/533/560 511/528/560 544/590/560 545/561/560
f 499/534/561 498/530/561 531/591/561 532/562/561
f 486/535/562 485/532/562 518/592/562 519/564/562
f 535/568/563 534/566/563 565/593/563 566/594/563
f 522/569/564 521/567/564 552/595/564 553/596/564
f 536/570/565 535/568/565 566/594/565 567/597/565
f 523/571/566 522/569/566 553/596/566 554/598/566
f 537/572/567 536/570/567 567/597/567 568/599/567
f 524/573/568 523/571/568 554/598/568 555/600/568
f 538/574/569 537/572/569 568/599/569 569/601/569
f 525/575/570 524/573/570 555/600/570 556/602/570
f 539/576/571 538/574/571 569/601/571 570/603/571
f 526/577/572 525/575/572 556/602/572 557/604/572
f 540/578/573 539/576/573 570/603/573 571/605/573
f 527/579/574 526/577/574 557/604/574 558/606/574
f 541/580/575 540/578/575 571/605/575 572/607/575
f 528/581/576 527/579/576 558/606/576 559/608/576
f 515/583/577 514/609/578 546/610/578
f 542/584/579 541/580/579 572/607/579 573/611/579
f 529/585/580 528/581/580 559/608/580 560/612/580
f 516/586/581 515/583/581 546/610/581 547/613/581
f 543/587/582 542/584/582 573/611/582 574/614/582
f 530/588/583 529/585/583 560/612/583 561/615/583
f 517/589/584 516/586/584 547/613/584 548/616/584
f 544/590/585 543/587/585 574/614/585 575/617/585
f 531/591/586 530/588/586 561/615/586 562/618/586
f 518/592/587 517/589/587 548/616/587 549/619/587
f 545/561/588 544/590/588 575/617/588 576/620/588
f 532/562/589 531/591/589 562/618/589 563/621/589
f 519/564/590 518/592/590 549/619/590 550/622/590
f 513/623/530 545/561/530 576/620/591
f 533/563/592 532/562/592 563/621/592 564/624/592
f 520/565/593 519/564/593 550/622/593 551/625/593
f 534/566/594 533/563/594 564/624/594 565/593/594
f 521/567/595 520/565/595 551/625/595 552/595/595
f 568/599/596 567/597/596 598/626/596 599/627/596
f 555/600/597 554/598/597 585/628/597 586/629/597
f 569/601/598 568/599/598 599/627/598 600/630/598
f 556/602/599 555/600/599 586/629/599 587/631/599
f 570/603/600 569/601/600 600/630/600 601/632/600
f 557/604/601 556/602/601 587/631/601 588/633/601
f 571/605/602 570/603/602 601/632/602 602/634/602
f 558/606/603 557/604/603 588/633/603 589/635/603
f 572/607/604 571/605/604 602/634/604 603/636/604
f 559/608/605 558/606/605 589/635/605 590/637/605
f 546/610/578 514/638/578 577/639/606
f 573/611/607 572/607/607 603/636/607 604/640/607
f 560/612/608 559/608/608 590/637/608 591/641/608
f 547/613/609 546/610/609 577/639/609 578/642/609
f 574/614/610 573/611/610 604/640/610 605/643/610
f 561/615/611 560/612/611 591/641/611 592/644/611
f 548/616/612 547/613/612 578/642/612 579/645/612
f 575/617/613 574/614/613 605/643/613 606/646/613
f 562/618/614 561/615/614 592/644/614 593/647/614
f 549/619/615 548/616/615 579/645/615 580/648/615
f 576/620/616 575/617/616 606/646/616 607/649/616
f 563/621/617 562/618/617 593/647/617 594/650/617
f 550/622/618 549/619/618 580/648/618 581/651/618
f 513/652/619 576/620/620 607/649/619
f 564/624/621 563/621/621 594/650/621 595/653/621
f 551/625/622 550/622/622 581/651/622 582/654/622
f 565/593/623 564/624/623 595/653/623 596/655/623
f 552/595/624 551/625/624 582/654/624 583/656/624
f 566/594/625 565/593/625 596/655/625 597/657/625
f 553/596/626 552/595/626 583/656/626 584/658/626
f 567/597/627 566/594/627 597/657/627 598/626/627
f 554/598/628 553/596/628 584/658/628 585/628/628
f 601/632/629 600/630/629 631/659/629 632/660/629
f 588/633/630 587/631/630 618/661/630 619/662/630
f 602/634/631 601/632/631 632/660/631 633/663/631
f 589/635/632 588/633/632 619/662/632 620/664/632
f 603/636/633 602/634/633 633/663/633 634/665/633
f 590/637/634 589/635/634 620/664/634 621/666/634
f 577/639/635 514/667/636 608/668/636
f 604/640/637 603/636/637 634/665/637 635/669/637
f 591/641/638 590/637/638 621/666/638 622/670/638
f 578/642/639 577/639/639 608/668/639 609/671/639
f 605/643/640 604/640/640 635/669/640 636/672/640
f 592/644/641 591/641/641 622/670/641 623/673/641
f 579/645/642 578/642/642 609/671/642 610/674/642
f 606/646/643 605/643/643 636/672/643 637/675/643
f 593/647/644 592/644/644 623/673/644 624/676/644
f 580/648/645 579/645/645 610/674/645 611/677/645
f 607/649/646 606/646/646 637/675/646 638/678/646
f 594/650/647 593/647/647 624/676/647 625/679/647
f 581/651/648 580/648/648 611/677/648 612/680/648
f 513/681/619 607/649/619 638/678/649
f 595/653/650 594/650/650 625/679/650 626/682/650
f 582/654/651 581/651/651 612/680/651 613/683/651
f 596/655/652 595/653/652 626/682/652 627/684/652
f 583/656/653 582/654/653 613/683/653 614/685/653
f 597/657/654 596/655/654 627/684/654 628/686/654
f 584/658/655 583/656/655 614/685/655 615/687/655
f 598/626/656 597/657/656 628/686/656 629/688/656
f 585/628/657 584/658/657 615/687/657 616/689/657
f 599/627/658 598/626/658 629/688/658 630/690/658
f 586/629/659 585/628/659 616/689/659 617/691/659
f 600/630/660 599/627/660 630/690/660 631/659/660
f 587/631/661 586/629/661 617/691/661 618/661/661
f 634/665/662 633/663/662 664/692/662 665/693/662
f 621/666/663 620/664/663 651/694/663 652/695/663
f 608/668/636 514/696/636 639/697/664
f 635/669/665 634/665/665 665/693/665 666/698/665
f 622/670/666 621/666/666 652/695/666 653/699/666
f 609/671/667 608/668/667 639/697/667 640/700/667
f 636/672/668 635/669/668 666/698/668 667/701/668
f 623/673/669 622/670/669 653/699/669 654/702/669
f 610/674/670 609/671/670 640/700/670 641/703/670
f 637/675/671 636/672/671 667/701/671 668/704/671
f 624/676/672 623/673/672 654/702/672 655/705/672
f 611/677/673 610/674/673 641/703/673 642/706/673
f 638/678/674 637/675/674 668/704/674 669/707/674
f 625/679/675 624/676/675 655/705/675 656/708/675
f 612/680/676 611/677/676 642/706/676 643/709/676
f 513/710/677 638/678/678 669/707/677
f 626/682/679 625/679/679 656/708/679 657/711/679
f 613/683/680 612/680/680 643/709/680 644/712/680
f 627/684/681 626/682/681 657/711/681 658/713/681
f 614/685/682 613/683/682 644/712/682 645/714/682
f 628/686/683 627/684/683 658/713/683 659/715/683
f 615/687/684 614/685/684 645/714/684 646/716/684
f 629/688/685 628/686/685 659/715/685 660/717/685
f 616/689/686 615/687/686 646/716/686 647/718/686
f 630/690/687 629/688/687 660/717/687 661/719/687
f 617/691/688 616/689/688 647/718/688 648/720/688
f 631/659/689 630/690/689 661/719/689 662/721/689
f 618/661/690 617/691/690 648/720/690 649/722/690
f 632/660/691 631/659/691 662/721/691 663/723/691
f 619/662/692 618/661/692 649/722/692 650/724/692
f 633/663/693 632/660/693 663/723/693 664/692/693
f 620/664/694 619/662/694 650/724/694 651/694/694
f 640/700/695 639/697/695 670/725/695 671/726/695
f 667/701/696 666/698/696 697/727/696 698/728/696
f 654/702/697 653/699/697 684/729/697 685/730/697
f 641/703/698 640/700/698 671/726/698 672/731/698
f 668/704/699 667/701/699 698/728/699 699/732/699
f 655/705/700 654/702/700 685/730/700 686/733/700
f 642/706/701 641/703/701 672/731/701 673/734/701
f 669/707/702 668/704/702 699/732/702 700/735/702
f 656/708/703 655/705/703 686/733/703 687/736/703
f 643/709/704 642/706/704 673/734/704 674/737/704
f 513/738/677 669/707/677 700/735/705
f 657/711/706 656/708/706 687/736/706 688/739/706
f 644/712/707 643/709/707 674/737/707 675/740/707
f 658/713/708 657/711/708 688/739/708 689/741/708
f 645/714/709 644/712/709 675/740/709 676/742/709
f 659/715/710 658/713/710 689/741/710 690/743/710
f 646/716/711 645/714/711 676/742/711 677/744/711
f 660/717/712 659/715/712 690/743/712 691/745/712
f 647/718/713 646/716/713 677/744/713 678/746/713
f 661/719/714 660/717/714 691/745/714 692/747/714
f 648/720/715 647/718/715 678/746/715 679/748/715
f 662/721/716 661/719/716 692/747/716 693/749/716
f 649/722/717 648/720/717 679/748/717 680/750/717
f 663/723/718 662/721/718 693/749/718 694/751/718
f 650/724/719 649/722/719 680/750/719 681/752/719
f 664/692/720 663/723/720 694/751/720 695/753/720
f 651/694/721 650/724/721 681/752/721 682/754/721
f 665/693/722 664/692/722 695/753/722 696/755/722
f 652/695/723 651/694/723 682/754/723 683/756/723
f 639/697/724 514/757/725 670/725/725
f 666/698/726 665/693/726 696/755/726 697/727/726
f 653/699/727 652/695/727 683/756/727 684/729/727
f 673/734/728 672/731/728 703/758/728 704/759/728
f 700/735/729 699/732/729 730/760/729 731/761/729
f 687/736/730 686/733/730 717/762/730 718/763/730
f 674/737/731 673/734/731 704/759/731 705/764/731
f 513/765/732 700/735/733 731/761/732
f 688/739/734 687/736/734 718/763/734 719/766/734
f 675/740/735 674/737/735 705/764/735 706/767/735
f 689/741/736 688/739/736 719/766/736 720/768/736
f 676/742/737 675/740/737 706/767/737 707/769/737
f 690/743/738 689/741/738 720/768/738 721/770/738
f 677/744/739 676/742/739 707/769/739 708/771/739
f 691/745/740 690/743/740 721/770/740 722/772/740
f 678/746/741 677/744/741 708/771/741 709/773/741
f 692/747/742 691/745/742 722/772/742 723/774/742
f 679/748/743 678/746/743 709/773/743 710/775/743
f 693/749/744 692/747/744 723/774/744 724/776/744
f 680/750/745 679/748/745 710/775/745 711/777/745
f 694/751/746 693/749/746 724/776/746 725/778/746
f 681/752/747 680/750/747 711/777/747 712/779/747
f 695/753/748 694/751/748 725/778/748 726/780/748
f 682/754/749 681/752/749 712/779/749 713/781/749
f 696/755/750 695/753/750 726/780/750 727/782/750
f 683/756/751 682/754/751 713/781/751 714/783/751
f 670/725/725 514/784/725 701/785/752
f 697/727/753 696/755/753 727/782/753 728/786/753
f 684/729/754 683/756/754 714/783/754 715/787/754
f 671/726/755 670/725/755 701/785/755 702/788/755
f 698/728/756 697/727/756 728/786/756 729/789/756
f 685/730/757 684/729/757 715/787/757 716/790/757
f 672/731/758 671/726/758 702/788/758 703/758/758
f 699/732/759 698/728/759 729/789/759 730/760/759
f 686/733/760 685/730/760 716/790/760 717/762/760
f 706/767/761 705/764/761 736/791/761 737/792/761
f 720/768/762 719/766/762 750/793/762 751/794/762
f 707/769/763 706/767/763 737/792/763 738/795/763
f 721/770/764 720/768/764 751/794/764 752/796/764
f 708/771/765 707/769/765 738/795/765 739/797/765
f 722/772/766 721/770/766 752/796/766 753/798/766
f 709/773/767 708/771/767 739/797/767 740/799/767
f 723/774/768 722/772/768 753/798/768 754/800/768
f 710/775/769 709/773/769 740/799/769 741/801/769
f 724/776/770 723/774/770 754/800/770 755/802/770
f 711/777/771 710/775/771 741/801/771 742/803/771
f 725/778/772 724/776/772 755/802/772 756/804/772
f 712/779/773 711/777/773 742/803/773 743/805/773
f 726/780/774 725/778/774 756/804/774 757/806/774
f 713/781/775 712/779/775 743/805/775 744/807/775
f 727/782/776 726/780/776 757/806/776 758/808/776
f 714/783/777 713/781/777 744/807/777 745/809/777
f 701/785/778 514/810/779 732/811/779
f 728/786/780 727/782/780 758/808/780 759/812/780
f 715/787/781 714/783/781 745/809/781 746/813/781
f 702/788/782 701/785/782 732/811/782 733/814/782
f 729/789/783 728/786/783 759/812/783 760/815/783
f 716/790/784 715/787/784 746/813/784 747/816/784
f 703/758/785 702/788/785 733/814/785 734/817/785
f 730/760/786 729/789/786 760/815/786 761/818/786
f 717/762/787 716/790/787 747/816/787 748/819/787
f 704/759/788 703/758/788 734/817/788 735/820/788
f 731/761/789 730/760/789 761/818/789 762/821/789
f 718/763/790 717/762/790 748/819/790 749/822/790
f 705/764/791 704/759/791 735/820/791 736/791/791
f 513/823/732 731/761/732 762/821/792
f 719/766/793 718/763/793 749/822/793 750/793/793
f 739/824/794 738/825/794 769/826/794 770/827/794
f 753/828/795 752/829/795 783/830/795 784/831/795
f 740/832/796 739/824/796 770/827/796 771/833/796
f 754/834/797 753/828/797 784/831/797 785/835/797
f 741/836/798 740/832/798 771/833/798 772/837/798
f 755/838/799 754/834/799 785/835/799 786/839/799
f 742/840/800 741/836/800 772/837/800 773/841/800
f 756/842/801 755/838/801 786/839/801 787/843/801
f 743/844/802 742/840/802 773/841/802 774/845/802
f 757/846/803 756/842/803 787/843/803 788/847/803
f 744/848/804 743/844/804 774/845/804 775/849/804
f 758/850/805 757/846/805 788/847/805 789/851/805
f 745/852/806 744/848/806 775/849/806 776/853/806
f 732/854/779 514/855/779 763/856/807
f 759/857/808 758/850/808 789/851/808 790/858/808
f 746/859/809 745/852/809 776/853/809 777/860/809
f 733/861/810 732/854/810 763/856/810 764/862/810
f 760/863/811 759/857/811 790/858/811 791/864/811
f 747/865/812 746/859/812 777/860/812 778/866/812
f 734/867/813 733/861/813 764/862/813 765/868/813
f 761/869/814 760/863/814 791/864/814 792/870/814
f 748/871/815 747/865/815 778/866/815 779/872/815
f 735/873/816 734/867/816 765/868/816 766/874/816
f 762/875/817 761/869/817 792/870/817 793/876/817
f 749/877/818 748/871/818 779/872/818 780/878/818
f 736/879/819 735/873/819 766/874/819 767/880/819
f 513/881/820 762/875/821 793/876/820
f 750/882/822 749/877/822 780/878/822 781/883/822
f 737/884/823 736/879/823 767/880/823 768/885/823
f 751/886/824 750/882/824 781/883/824 782/887/824
f 738/825/825 737/884/825 768/885/825 769/826/825
f 752/829/826 751/886/826 782/887/826 783/830/826
f 772/837/827 771/833/827 802/888/827 803/889/827
f 786/839/828 785/835/828 816/890/828 817/891/828
f 773/841/829 772/837/829 803/889/829 804/892/829
f 787/843/830 786/839/830 817/891/830 818/893/830
f 774/845/831 773/841/831 804/892/831 805/894/831
f 788/847/832 787/843/832 818/893/832 819/895/832
f 775/849/833 774/845/833 805/894/833 806/896/833
f 789/851/834 788/847/834 819/895/834 820/897/834
f 776/853/835 775/849/835 806/896/835 807/898/835
f 763/856/836 514/899/837 794/900/837
f 790/858/838 789/851/838 820/897/838 821/901/838
f 777/860/839 776/853/839 807/898/839 808/902/839
f 764/862/840 763/856/840 794/900/840 795/903/840
f 791/864/841 790/858/841 821/901/841 822/904/841
f 778/866/842 777/860/842 808/902/842 809/905/842
f 765/868/843 764/862/843 795/903/843 796/906/843
f 792/870/844 791/864/844 822/904/844 823/907/844
f 779/872/845 778/866/845 809/905/845 810/908/845
f 766/874/846 765/868/846 796/906/846 797/909/846
f 793/876/847 792/870/847 823/907/847 824/910/847
f 780/878/848 779/872/848 810/908/848 811/911/848
f 767/880/849 766/874/849 797/909/849 798/912/849
f 513/913/820 793/876/820 824/910/850
f 781/883/851 780/878/851 811/911/851 812/914/851
f 768/885/852 767/880/852 798/912/852 799/915/852
f 782/887/853 781/883/853 812/914/853 813/916/853
f 769/826/854 768/885/854 799/915/854 800/917/854
f 783/830/855 782/887/855 813/916/855 814/918/855
f 770/827/856 769/826/856 800/917/856 801/919/856
f 784/831/857 783/830/857 814/918/857 815/920/857
f 771/833/858 770/827/858 801/919/858 802/888/858
f 785/835/859 784/831/859 815/920/859 816/890/859
f 814/918/860 813/916/860 844/921/860 845/922/860
f 801/919/861 800/917/861 831/923/861 832/924/861
f 815/920/862 814/918/862 845/922/862 846/925/862
f 802/888/863 801/919/863 832/924/863 833/926/863
f 816/890/864 815/920/864 846/925/864 847/927/864
f 803/889/865 802/888/865 833/926/865 834/928/865
f 817/891/866 816/890/866 847/927/866 848/929/866
f 804/892/867 803/889/867 834/928/867 835/930/867
f 818/893/868 817/891/868 848/929/868 849/931/868
f 805/894/869 804/892/869 835/930/869 836/932/869
f 819/895/870 818/893/870 849/931/870 850/933/870
f 806/896/871 805/894/871 836/932/871 837/934/871
f 820/897/872 819/895/872 850/933/872 851/935/872
f 807/898/873 806/896/873 837/934/873 838/936/873
f 794/900/837 514/937/837 825/938/874
f 821/901/875 820/897/875 851/935/875 852/939/875
f 808/902/876 807/898/876 838/936/876 839/940/876
f 795/903/877 794/900/877 825/938/877 826/941/877
f 822/904/878 821/901/878 852/939/878 853/942/878
f 809/905/879 808/902/879 839/940/879 840/943/879
f 796/906/880 795/903/880 826/941/880 827/944/880
f 823/907/881 822/904/881 853/942/881 854/945/881
f 810/908/882 809/905/882 840/943/882 841/946/882
f 797/909/883 796/906/883 827/944/883 828/947/883
f 824/910/884 823/907/884 854/945/884 855/948/884
f 811/911/885 810/908/885 841/946/885 842/949/885
f 798/912/886 797/909/886 828/947/886 829/950/886
f 513/951/887 824/910/888 855/948/887
f 812/914/889 811/911/889 842/949/889 843/952/889
f 799/915/890 798/912/890 829/950/890 830/953/890
f 813/916/891 812/914/891 843/952/891 844/921/891
f 800/917/892 799/915/892 830/953/892 831/923/892
f 847/927/893 846/925/893 877/954/893 878/955/893
f 834/928/894 833/926/894 864/956/894 865/957/894
f 848/929/895 847/927/895 878/955/895 879/958/895
f 835/930/896 834/928/896 865/957/896 866/959/896
f 849/931/897 848/929/897 879/958/897 880/960/897
f 836/932/898 835/930/898 866/959/898 867/961/898
f 850/933/899 849/931/899 880/960/899 881/962/899
f 837/934/900 836/932/900 867/961/900 868/963/900
f 851/935/901 850/933/901 881/962/901 882/964/901
f 838/936/902 837/934/902 868/963/902 869/965/902
f 825/938/903 514/966/904 856/967/904
f 852/939/905 851/935/905 882/964/905 883/968/905
f 839/940/906 838/936/906 869/965/906 870/969/906
f 826/941/907 825/938/907 856/967/907 857/970/907
f 853/942/908 852/939/908 883/968/908 884/971/908
f 840/943/909 839/940/909 870/969/909 871/972/909
f 827/944/910 826/941/910 857/970/910 858/973/910
f 854/945/911 853/942/911 884/971/911 885/974/911
f 841/946/912 840/943/912 871/972/912 872/975/912
f 828/947/913 827/944/913 858/973/913 859/976/913
f 855/948/914 854/945/914 885/974/914 886/977/914
f 842/949/915 841/946/915 872/975/915 873/978/915
f 829/950/916 828/947/916 859/976/916 860/979/916
f 513/980/887 855/948/887 886/977/917
f 843/952/918 842/949/918 873/978/918 874/981/918
f 830/953/919 829/950/919 860/979/919 861/982/919
f 844/921/920 843/952/920 874/981/920 875/983/920
f 831/923/921 830/953/921 861/982/921 862/984/921
f 845/922/922 844/921/922 875/983/922 876/985/922
f 832/924/923 831/923/923 862/984/923 863/986/923
f 846/925/924 845/922/924 876/985/924 877/954/924
f 833/926/925 832/924/925 863/986/925 864/956/925
f 880/960/926 879/958/926 910/987/926 911/988/926
f 867/961/927 866/959/927 897/989/927 898/990/927
f 881/962/928 880/960/928 911/988/928 912/991/928
f 868/963/929 867/961/929 898/990/929 899/992/929
f 882/964/930 881/962/930 912/991/930 913/993/930
f 869/965/931 868/963/931 899/992/931 900/994/931
f 856/967/904 514/995/904 887/996/932
f 883/968/933 882/964/933 913/993/933 914/997/933
f 870/969/934 869/965/934 900/994/934 901/998/934
f 857/970/935 856/967/935 887/996/935 888/999/935
f 884/971/936 883/968/936 914/997/936 915/1000/936
f 871/972/937 870/969/937 901/998/937 902/1001/937
f 858/973/938 857/970/938 888/999/938 889/1002/938
f 885/974/939 884/971/939 915/1000/939 916/1003/939
f 872/975/940 871/972/940 902/1001/940 903/1004/940
f 859/976/941 858/973/941 889/1002/941 890/1005/941
f 886/977/942 885/974/942 916/1003/942 917/1006/942
f 873/978/943 872/975/943 903/1004/943 904/1007/943
f 860/979/944 859/976/944 890/1005/944 891/1008/944
f 513/1009/945 886/977/946 917/1006/945
f 874/981/947 873/978/947 904/1007/947 905/1010/947
f 861/982/948 860/979/948 891/1008/948 892/1011/948
f 875/983/949 874/981/949 905/1010/949 906/1012/949
f 862/984/950 861/982/950 892/1011/950 893/1013/950
f 876/985/951 875/983/951 906/1012/951 907/1014/951
f 863/986/952 862/984/952 893/1013/952 894/1015/952
f 877/954/953 876/985/953 907/1014/953 908/1016/953
f 864/956/954 863/986/954 894/1015/954 895/1017/954
f 878/955/955 877/954/955 908/1016/955 909/1018/955
f 865/957/956 864/956/956 895/1017/956 896/1019/956
f 879/958/957 878/955/957 909/1018/957 910/987/957
f 866/959/958 865/957/958 896/1019/958 897/989/958
f 913/993/959 912/991/959 943/1020/959 944/1021/959
f 900/994/960 899/992/960 930/1022/960 931/1023/960
f 887/996/961 514/1024/962 918/1025/962
f 914/997/963 913/993/963 944/1021/963 945/1026/963
f 901/998/964 900/994/964 931/1023/964 932/1027/964
f 888/999/965 887/996/965 918/1025/965 919/1028/965
f 915/1000/966 914/997/966 945/1026/966 946/1029/966
f 902/1001/967 901/998/967 932/1027/967 933/1030/967
f 889/1002/968 888/999/968 919/1028/968 920/1031/968
f 916/1003/969 915/1000/969 946/1029/969 947/1032/969
f 903/1004/970 902/1001/970 933/1030/970 934/1033/970
f 890/1005/971 889/1002/971 920/1031/971 921/1034/971
f 917/1006/972 916/1003/972 947/1032/972 948/1035/972
f 904/1007/973 903/1004/973 934/1033/973 935/1036/973
f 891/1008/974 890/1005/974 921/1034/974 922/1037/974
f 513/1038/945 917/1006/945 948/1035/975
f 905/1010/976 904/1007/976 935/1036/976 936/1039/976
f 892/1011/977 891/1008/977 922/1037/977 923/1040/977
f 906/1012/978 905/1010/978 936/1039/978 937/1041/978
f 893/1013/979 892/1011/979 923/1040/979 924/1042/979
f 907/1014/980 906/1012/980 937/1041/980 938/1043/980
f 894/1015/981 893/1013/981 924/1042/981 925/1044/981
f 908/1016/982 907/1014/982 938/1043/982 939/1045/982
f 895/1017/983 894/1015/983 925/1044/983 926/1046/983
f 909/1018/984 908/1016/984 939/1045/984 940/1047/984
f 896/1019/985 895/1017/985 926/1046/985 927/1048/985
f 910/987/986 909/1018/986 940/1047/986 941/1049/986
f 897/989/987 896/1019/987 927/1048/987 928/1050/987
f 911/988/988 910/987/988 941/1049/988 942/1051/988
f 898/990/989 897/989/989 928/1050/989 929/1052/989
f 912/991/990 911/988/990 942/1051/990 943/1020/990
f 899/992/991 898/990/991 929/1052/991 930/1022/991
f 946/1029/992 945/1026/992 976/1053/992 977/1054/992
f 933/1030/993 932/1027/993 963/1055/993 964/1056/993
f 920/1031/994 919/1028/994 950/1057/994 951/1058/994
f 947/1032/995 946/1029/995 977/1054/995 978/1059/995
f 934/1033/996 933/1030/996 964/1056/996 965/1060/996
f 921/1034/997 920/1031/997 951/1058/997 952/1061/997
f 948/1035/998 947/1032/998 978/1059/998 979/1062/998
f 935/1036/999 934/1033/999 965/1060/999 966/1063/999
f 922/1037/1000 921/1034/1000 952/1061/1000 953/1064/1000
f 513/1065/1001 948/1035/1002 979/1062/1001
f 936/1039/1003 935/1036/1003 966/1063/1003 967/1066/1003
f 923/1040/1004 922/1037/1004 953/1064/1004 954/1067/1004
f 937/1041/1005 936/1039/1005 967/1066/1005 968/1068/1005
f 924/1042/1006 923/1040/1006 954/1067/1006 955/1069/1006
f 938/1043/1007 937/1041/1007 968/1068/1007 969/1070/1007
f 925/1044/1008 924/1042/1008 955/1069/1008 956/1071/1008
f 939/1045/1009 938/1043/1009 969/1070/1009 970/1072/1009
f 926/1046/1010 925/1044/1010 956/1071/1010 957/1073/1010
f 940/1047/1011 939/1045/1011 970/1072/1011 971/1074/1011
f 927/1048/1012 926/1046/1012 957/1073/1012 958/1075/1012
f 941/1049/1013 940/1047/1013 971/1074/1013 972/1076/1013
f 928/1050/1014 927/1048/1014 958/1075/1014 959/1077/1014
f 942/1051/1015 941/1049/1015 972/1076/1015 973/1078/1015
f 929/1052/1016 928/1050/1016 959/1077/1016 960/1079/1016
f 943/1020/1017 942/1051/1017 973/1078/1017 974/1080/1017
f 930/1022/1018 929/1052/1018 960/1079/1018 961/1081/1018
f 944/1021/1019 943/1020/1019 974/1080/1019 975/1082/1019
f 931/1023/1020 930/1022/1020 961/1081/1020 962/1083/1020
f 918/1025/962 514/1084/962 949/1085/1021
f 945/1026/1022 944/1021/1022 975/1082/1022 976/1053/1022
f 932/1027/1023 931/1023/1023 962/1083/1023 963/1055/1023
f 919/1028/1024 918/1025/1024 949/1085/1024 950/1057/1024
f 979/1062/1025 978/1059/1025 15/48/1025 16/54/1025
f 966/1063/1026 965/1060/1026 7/50/1026 8/56/1026
f 953/1064/1027 952/1061/1027 983/52/1027 984/58/1027
f 513/1086/1001 979/1062/1001 16/54/1028
f 967/1066/1029 966/1063/1029 8/56/1029 990/61/1029
f 954/1067/1030 953/1064/1030 984/58/1030 985/63/1030
f 968/1068/1031 967/1066/1031 990/61/1031 991/2/1031
f 955/1069/1032 954/1067/1032 985/63/1032 1/6/1032
f 969/1070/1033 968/1068/1033 991/2/1033 9/1/1033
f 956/1071/1034 955/1069/1034 1/6/1034 986/5/1034
f 970/1072/1035 969/1070/1035 9/1/1035 10/9/1035
f 957/1073/1036 956/1071/1036 986/5/1036 2/11/1036
f 971/1074/1037 970/1072/1037 10/9/1037 11/13/1037
f 958/1075/1038 957/1073/1038 2/11/1038 987/15/1038
f 972/1076/1039 971/1074/1039 11/13/1039 992/17/1039
f 959/1077/1040 958/1075/1040 987/15/1040 988/19/1040
f 973/1078/1041 972/1076/1041 992/17/1041 12/21/1041
f 960/1079/1042 959/1077/1042 988/19/1042 3/23/1042
f 974/1080/1043 973/1078/1043 12/21/1043 13/25/1043
f 961/1081/1044 960/1079/1044 3/23/1044 4/27/1044
f 975/1082/1045 974/1080/1045 13/25/1045 14/29/1045
f 962/1083/1046 961/1081/1046 4/27/1046 5/31/1046
f 949/1085/1047 514/1087/15 980/33/15
f 976/1053/1048 975/1082/1048 14/29/1048 993/36/1048
f 963/1055/1049 962/1083/1049 5/31/1049 6/38/1049
f 950/1057/1050 949/1085/1050 980/33/1050 981/40/1050
f 977/1054/1051 976/1053/1051 993/36/1051 994/42/1051
f 964/1056/1052 963/1055/1052 6/38/1052 989/44/1052
f 951/1058/1053 950/1057/1053 981/40/1053 982/46/1053
f 978/1059/1054 977/1054/1054 994/42/1054 15/48/1054
f 965/1060/1055 964/1056/1055 989/44/1055 7/50/1055
f 952/1061/1056 951/1058/1056 982/46/1056 983/52/1056
f 995/1088/1057 1023/1088/1057 1014/1088/1058 996/1088/1058
f 996/1088/1058 1014/1088/1058 1024/1088/1059 997/1088/1059
f 997/1088/1059 1024/1088/1059 1015/1088/1060 998/1088/1060
f 998/1088/1060 1015/1088/1060 1016/1088/1061 999/1088/1061
f 999/1088/1061 1016/1088/1061 1017/1088/1062 1000/1088/1062
f 1000/1088/1062 1017/1088/1062 1018/1088/1063 1001/1088/1063
f 1001/1088/1063 1018/1088/1063 1025/1088/1064 1002/1088/1065
f 1002/1088/1065 1025/1088/1064 1019/1088/1066 1003/1088/1067
f 1003/1088/1067 1019/1088/1066 1026/1088/1068 1004/1088/1068
f 1004/1088/1068 1026/1088/1068 1027/1088/1069 1005/1088/1069
f 1005/1088/1069 1027/1088/1069 1028/1088/1070 1006/1088/1070
f 1006/1088/1070 1028/1088/1070 1029/1088/1071 1007/1088/1071
f 1007/1088/1071 1029/1088/1071 1020/1088/1072 1008/1088/1072
f 1008/1088/1072 1020/1088/1072 1021/1088/1073 1009/1088/1073
f 1009/1088/1073 1021/1088/1073 1022/1088/1074 1010/1088/1074
f 1010/1088/1074 1022/1088/1074 1030/1088/1075 1011/1088/1075
f 1011/1088/1075 1030/1088/1075 1031/1088/1076 1012/1088/1076
f 1012/1088/1076 1031/1088/1076 1032/1088/1077 1013/1088/1077
f 1013/1088/1077 1032/1088/1077 1023/1088/1057 995/1088/1057
f 1023/1088/1057 1033/1088/1057 1034/1088/1058 1014/1088/1058
f 1014/1088/1058 1034/1088/1058 1042/1088/1078 1024/1088/1059
f 1024/1088/1059 1042/1088/1078 1043/1088/1079 1015/1088/1060
f 1015/1088/1060 1043/1088/1079 1035/1088/1061 1016/1088/1061
f 1016/1088/1061 1035/1088/1061 1036/1088/1062 1017/1088/1062
f 1017/1088/1062 1036/1088/1062 1044/1088/1063 1018/1088/1063
f 1018/1088/1063 1044/1088/1063 1045/1088/1064 1025/1088/1064
f 1025/1088/1064 1045/1088/1064 1037/1088/1067 1019/1088/1066
f 1019/1088/1066 1037/1088/1067 1038/1088/1068 1026/1088/1068
f 1026/1088/1068 1038/1088/1068 1046/1088/1069 1027/1088/1069
f 1027/1088/1069 1046/1088/1069 1047/1088/1070 1028/1088/1070
f 1028/1088/1070 1047/1088/1070 1048/1088/1071 1029/1088/1071
f 1029/1088/1071 1048/1088/1071 1039/1088/1072 1020/1088/1072
f 1020/1088/1072 1039/1088/1072 1049/1088/1073 1021/1088/1073
f 1021/1088/1073 1049/1088/1073 1040/1088/1074 1022/1088/1074
f 1022/1088/1074 1040/1088/1074 1050/1088/1075 1030/1088/1075
f 1030/1088/1075 1050/1088/1075 1051/1088/1076 1031/1088/1076
f 1031/1088/1076 1051/1088/1076 1041/1088/1077 1032/1088/1077
f 1032/1088/1077 1041/1088/1077 1033/1088/1057 1023/1088/1057
f 1033/1088/1057 1052/1088/1057 1053/1088/1058 1034/1088/1058
f 1034/1088/1058 1053/1088/1058 1063/1088/1078 1042/1088/1078
f 1042/1088/1078 1063/1088/1078 1064/1088/1060 1043/1088/1079
f 1043/1088/1079 1064/1088/1060 1054/1088/1061 1035/1088/1061
f 1035/1088/1061 1054/1088/1061 1055/1088/1062 1036/1088/1062
f 1036/1088/1062 1055/1088/1062 1065/1088/1063 1044/1088/1063
f 1044/1088/1063 1065/1088/1063 1056/1088/1064 1045/1088/1064
f 1045/1088/1064 1056/1088/1064 1066/1088/1067 1037/1088/1067
f 1037/1088/1067 1066/1088/1067 1067/1088/1068 1038/1088/1068
f 1038/1088/1068 1067/1088/1068 1057/1088/1069 1046/1088/1069
f 1046/1088/1069 1057/1088/1069 1058/1088/1070 1047/1088/1070
f 1047/1088/1070 1058/1088/1070 1068/1088/1071 1048/1088/1071
f 1048/1088/1071 1068/1088/1071 1059/1088/1072 1039/1088/1072
f 1039/1088/1072 1059/1088/1072 1060/1088/1073 1049/1088/1073
f 1049/1088/1073 1060/1088/1073 1061/1088/1074 1040/1088/1074
f 1040/1088/1074 1061/1088/1074 1062/1088/1075 1050/1088/1075
f 1050/1088/1075 1062/1088/1075 1069/1088/1076 1051/1088/1076
f 1051/1088/1076 1069/1088/1076 1070/1088/1077 1041/1088/1077
f 1041/1088/1077 1070/1088/1077 1052/1088/1057 1033/1088/1057
f 1052/1088/1057 1071/1088/1057 1084/1088/1058 1053/1088/1058
f 1053/1088/1058 1084/1088/1058 1072/1088/1059 1063/1088/1078
f 1063/1088/1078 1072/1088/1059 1073/1088/1060 1064/1088/1060
f 1064/1088/1060 1073/1088/1060 1085/1088/1061 1054/1088/1061
f 1054/1088/1061 1085/1088/1061 1086/1088/1062 1055/1088/1062
f 1055/1088/1062 1086/1088/1062 1074/1088/1063 1065/1088/1063
f 1065/1088/1063 1074/1088/1063 1075/1088/1064 1056/1088/1064
f 1056/1088/1064 1075/1088/1064 1087/1088/1066 1066/1088/1067
f 1066/1088/1067 1087/1088/1066 1076/1088/1068 1067/1088/1068
f 1067/1088/1068 1076/1088/1068 1088/1088/1069 1057/1088/1069
f 1057/1088/1069 1088/1088/1069 1077/1088/1070 1058/1088/1070
f 1058/1088/1070 1077/1088/1070 1078/1088/1071 1068/1088/1071
f 1068/1088/1071 1078/1088/1071 1079/1088/1072 1059/1088/1072
f 1059/1088/1072 1079/1088/1072 1080/1088/1073 1060/1088/1073
f 1060/1088/1073 1080/1088/1073 1081/1088/1074 1061/1088/1074
f 1061/1088/1074 1081/1088/1074 1089/1088/1075 1062/1088/1075
f 1062/1088/1075 1089/1088/1075 1082/1088/1076 1069/1088/1076
f 1069/1088/1076 1082/1088/1076 1083/1088/1077 1070/1088/1077
f 1070/1088/1077 1083/1088/1077 1071/1088/1057 1052/1088/1057
f 1071/1088/1057 1090/1088/1057 1091/1088/1058 1084/1088/1058
f 1084/1088/1058 1091/1088/1058 1100/1088/1078 1072/1088/1059
f 1072/1088/1059 1100/1088/1078 1092/1088/1079 1073/1088/1060
f 1073/1088/1060 1092/1088/1079 1093/1088/1061 1085/1088/1061
f 1085/1088/1061 1093/1088/1061 1094/1088/1062 1086/1088/1062
f 1086/1088/1062 1094/1088/1062 1095/1088/1063 1074/1088/1063
f 1074/1088/1063 1095/1088/1063 1096/1088/1064 1075/1088/1064
f 1075/1088/1064 1096/1088/1064 1101/1088/1066 1087/1088/1066
f 1087/1088/1066 1101/1088/1066 1102/1088/1068 1076/1088/1068
f 1076/1088/1068 1102/1088/1068 1103/1088/1069 1088/1088/1069
f 1088/1088/1069 1103/1088/1069 1097/1088/1070 1077/1088/1070
f 1077/1088/1070 1097/1088/1070 1104/1088/1071 1078/1088/1071
f 1078/1088/1071 1104/1088/1071 1105/1088/1072 1079/1088/1072
f 1079/1088/1072 1105/1088/1072 1106/1088/1073 1080/1088/1073
f 1080/1088/1073 1106/1088/1073 1098/1088/1074 1081/1088/1074
f 1081/1088/1074 1098/1088/1074 1107/1088/1075 1089/1088/1075
f 1089/1088/1075 1107/1088/1075 1099/1088/1076 1082/1088/1076
f 1082/1088/1076 1099/1088/1076 1108/1088/1077 1083/1088/1077
f 1083/1088/1077 1108/1088/1077 1090/1088/1057 1071/1088/1057
f 1090/1088/1057 1111/1088/1057 1112/1088/1058 1091/1088/1058
f 1091/1088/1058 1112/1088/1058 1113/1088/1078 1100/1088/1078
f 1100/1088/1078 1113/1088/1078 1114/1088/1060 1092/1088/1079
f 1092/1088/1079 1114/1088/1060 1115/1088/1061 1093/1088/1061
f 1093/1088/1061 1115/1088/1061 1116/1088/1062 1094/1088/1062
f 1094/1088/1062 1116/1088/1062 1117/1088/1063 1095/1088/1063
f 1095/1088/1063 1117/1088/1063 1118/1088/1064 1096/1088/1064
f 1096/1088/1064 1118/1088/1064 1119/1088/1066 1101/1088/1066
f 1101/1088/1066 1119/1088/1066 1120/1088/1080 1102/1088/1068
f 1102/1088/1068 1120/1088/1080 1121/1088/1069 1103/1088/1069
f 1103/1088/1069 1121/1088/1069 1122/1088/1070 1097/1088/1070
f 1097/1088/1070 1122/1088/1070 1123/1088/1071 1104/1088/1071
f 1104/1088/1071 1123/1088/1071 1124/1088/1072 1105/1088/1072
f 1105/1088/1072 1124/1088/1072 1109/1088/1073 1106/1088/1073
f 1106/1088/1073 1109/1088/1073 1110/1088/1074 1098/1088/1074
f 1098/1088/1074 1110/1088/1074 1125/1088/1075 1107/1088/1075
f 1107/1088/1075 1125/1088/1075 1126/1088/1076 1099/1088/1076
f 1099/1088/1076 1126/1088/1076 1127/1088/1077 1108/1088/1077
f 1108/1088/1077 1127/1088/1077 1111/1088/1057 1090/1088/1057
f 1111/1088/1057 1128/1088/1057 1129/1088/1058 1112/1088/1058
f 1112/1088/1058 1129/1088/1058 1135/1088/1078 1113/1088/1078
f 1113/1088/1078 1135/1088/1078 1130/1088/1060 1114/1088/1060
f 1114/1088/1060 1130/1088/1060 1136/1088/1061 1115/1088/1061
f 1115/1088/1061 1136/1088/1061 1131/1088/1062 1116/1088/1062
f 1116/1088/1062 1131/1088/1062 1132/1088/1063 1117/1088/1063
f 1117/1088/1063 1132/1088/1063 1137/1088/1064 1118/1088/1064
f 1118/1088/1064 1137/1088/1064 1138/1088/1067 1119/1088/1066
f 1119/1088/1066 1138/1088/1067 1139/1088/1068 1120/1088/1080
f 1120/1088/1080 1139/1088/1068 1140/1088/1069 1121/1088/1069
f 1121/1088/1069 1140/1088/1069 1141/1088/1070 1122/1088/1070
f 1122/1088/1070 1141/1088/1070 1142/1088/1071 1123/1088/1071
f 1123/1088/1071 1142/1088/1071 1133/1088/1072 1124/1088/1072
f 1124/1088/1072 1133/1088/1072 1143/1088/1073 1109/1088/1073
f 1109/1088/1073 1143/1088/1073 1144/1088/1074 1110/1088/1074
f 1110/1088/1074 1144/1088/1074 1145/1088/1075 1125/1088/1075
f 1125/1088/1075 1145/1088/1075 1146/1088/1076 1126/1088/1076
f 1126/1088/1076 1146/1088/1076 1134/1088/1077 1127/1088/1077
f 1127/1088/1077 1134/1088/1077 1128/1088/1057 1111/1088/1057
f 1128/1088/1057 1154/1088/1057 1155/1088/1058 1129/1088/1058
f 1129/1088/1058 1155/1088/1058 1147/1088/1078 1135/1088/1078
f 1135/1088/1078 1147/1088/1078 1156/1088/1060 1130/1088/1060
f 1130/1088/1060 1156/1088/1060 1148/1088/1061 1136/1088/1061
f 1136/1088/1061 1148/1088/1061 1157/1088/1062 1131/1088/1062
f 1131/1088/1062 1157/1088/1062 1158/1088/1063 1132/1088/1063
f 1132/1088/1063 1158/1088/1063 1149/1088/1064 1137/1088/1064
f 1137/1088/1064 1149/1088/1064 1159/1088/1067 1138/1088/1067
f 1138/1088/1067 1159/1088/1067 1150/1088/1068 1139/1088/1068
f 1139/1088/1068 1150/1088/1068 1160/1088/1069 1140/1088/1069
f 1140/1088/1069 1160/1088/1069 1161/1088/1070 1141/1088/1070
f 1141/1088/1070 1161/1088/1070 1151/1088/1071 1142/1088/1071
f 1142/1088/1071 1151/1088/1071 1162/1088/1072 1133/1088/1072
f 1133/1088/1072 1162/1088/1072 1163/1088/1073 1143/1088/1073
f 1143/1088/1073 1163/1088/1073 1164/1088/1074 1144/1088/1074
f 1144/1088/1074 1164/1088/1074 1152/1088/1075 1145/1088/1075
f 1145/1088/1075 1152/1088/1075 1153/1088/1076 1146/1088/1076
f 1146/1088/1076 1153/1088/1076 1165/1088/1077 1134/1088/1077
f 1134/1088/1077 1165/1088/1077 1154/1088/1057 1128/1088/1057
f 1154/1088/1057 1168/1088/1057 1169/1088/1058 1155/1088/1058
f 1155/1088/1058 1169/1088/1058 1170/1088/1078 1147/1088/1078
f 1147/1088/1078 1170/1088/1078 1171/1088/1060 1156/1088/1060
f 1156/1088/1060 1171/1088/1060 1172/1088/1061 1148/1088/1061
f 1148/1088/1061 1172/1088/1061 1166/1088/1062 1157/1088/1062
f 1157/1088/1062 1166/1088/1062 1167/1088/1063 1158/1088/1063
f 1158/1088/1063 1167/1088/1063 1173/1088/1064 1149/1088/1064
f 1149/1088/1064 1173/1088/1064 1174/1088/1067 1159/1088/1067
f 1159/1088/1067 1174/1088/1067 1175/1088/1068 1150/1088/1068
f 1150/1088/1068 1175/1088/1068 1176/1088/1069 1160/1088/1069
f 1160/1088/1069 1176/1088/1069 1177/1088/1070 1161/1088/1070
f 1161/1088/1070 1177/1088/1070 1178/1088/1071 1151/1088/1071
f 1151/1088/1071 1178/1088/1071 1179/1088/1072 1162/1088/1072
f 1162/1088/1072 1179/1088/1072 1180/1088/1073 1163/1088/1073
f 1163/1088/1073 1180/1088/1073 1181/1088/1074 1164/1088/1074
f 1164/1088/1074 1181/1088/1074 1182/1088/1075 1152/1088/1075
f 1152/1088/1075 1182/1088/1075 1183/1088/1076 1153/1088/1076
f 1153/1088/1076 1183/1088/1076 1184/1088/1077 1165/1088/1077
f 1165/1088/1077 1184/1088/1077 1168/1088/1057 1154/1088/1057
f 1168/1088/1057 1185/1088/1057 1186/1088/1058 1169/1088/1058
f 1169/1088/1058 1186/1088/1058 1187/1088/1059 1170/1088/1078
f 1170/1088/1078 1187/1088/1059 1188/1088/1060 1171/1088/1060
f 1171/1088/1060 1188/1088/1060 1189/1088/1061 1172/1088/1061
f 1172/1088/1061 1189/1088/1061 1190/1088/1081 1166/1088/1062
f 1166/1088/1062 1190/1088/1081 1191/1088/1063 1167/1088/1063
f 1167/1088/1063 1191/1088/1063 1192/1088/1064 1173/1088/1064
f 1173/1088/1064 1192/1088/1064 1193/1088/1067 1174/1088/1067
f 1174/1088/1067 1193/1088/1067 1194/1088/1068 1175/1088/1068
f 1175/1088/1068 1194/1088/1068 1195/1088/1069 1176/1088/1069
f 1176/1088/1069 1195/1088/1069 1196/1088/1070 1177/1088/1070
f 1177/1088/1070 1196/1088/1070 1197/1088/1071 1178/1088/1071
f 1178/1088/1071 1197/1088/1071 1198/1088/1072 1179/1088/1072
f 1179/1088/1072 1198/1088/1072 1199/1088/1073 1180/1088/1073
f 1180/1088/1073 1199/1088/1073 1200/1088/1074 1181/1088/1074
f 1181/1088/1074 1200/1088/1074 1201/1088/1075 1182/1088/1075
f 1182/1088/1075 1201/1088/1075 1202/1088/1076 1183/1088/1076
f 1183/1088/1076 1202/1088/1076 1203/1088/1077 1184/1088/1077
f 1184/1088/1077 1203/1088/1077 1185/1088/1057 1168/1088/1057
f 1185/1088/1057 1213/1088/1057 1214/1088/1058 1186/1088/1058
f 1186/1088/1058 1214/1088/1058 1204/1088/1078 1187/1088/1059
f 1187/1088/1059 1204/1088/1078 1205/1088/1079 1188/1088/1060
f 1188/1088/1060 1205/1088/1079 1215/1088/1061 1189/1088/1061
f 1189/1088/1061 1215/1088/1061 1216/1088/1062 1190/1088/1081
f 1190/1088/1081 1216/1088/1062 1206/1088/1063 1191/1088/1063
f 1191/1088/1063 1206/1088/1063 1217/1088/1064 1192/1088/1064
f 1192/1088/1064 1217/1088/1064 1218/1088/1067 1193/1088/1067
f 1193/1088/1067 1218/1088/1067 1207/1088/1068 1194/1088/1068
f 1194/1088/1068 1207/1088/1068 1208/1088/1069 1195/1088/1069
f 1195/1088/1069 1208/1088/1069 1209/1088/1070 1196/1088/1070
f 1196/1088/1070 1209/1088/1070 1210/1088/1071 1197/1088/1071
f 1197/1088/1071 1210/1088/1071 1211/1088/1072 1198/1088/1072
f 1198/1088/1072 1211/1088/1072 1219/1088/1073 1199/1088/1073
f 1199/1088/1073 1219/1088/1073 1212/1088/1074 1200/1088/1074
f 1200/1088/1074 1212/1088/1074 1220/1088/1075 1201/1088/1075
f 1201/1088/1075 1220/1088/1075 1221/1088/1076 1202/1088/1076
f 1202/1088/1076 1221/1088/1076 1222/1088/1077 1203/1088/1077
f 1203/1088/1077 1222/1088/1077 1213/1088/1057 1185/1088/1057
f 1213/1088/1057 1227/1088/1057 1228/1088/1058 1214/1088/1058
f 1214/1088/1058 1228/1088/1058 1229/1088/1078 1204/1088/1078
f 1204/1088/1078 1229/1088/1078 1223/1088/1060 1205/1088/1079
f 1205/1088/1079 1223/1088/1060 1230/1088/1061 1215/1088/1061
f 1215/1088/1061 1230/1088/1061 1231/1088/1062 1216/1088/1062
f 1216/1088/1062 1231/1088/1062 1224/1088/1063 1206/1088/1063
f 1206/1088/1063 1224/1088/1063 1232/1088/1064 1217/1088/1064
f 1217/1088/1064 1232/1088/1064 1225/1088/1067 1218/1088/1067
f 1218/1088/1067 1225/1088/1067 1233/1088/1068 1207/1088/1068
f 1207/1088/1068 1233/1088/1068 1234/1088/1069 1208/1088/1069
f 1208/1088/1069 1234/1088/1069 1235/1088/1070 1209/1088/1070
f 1209/1088/1070 1235/1088/1070 1236/1088/1071 1210/1088/1071
f 1210/1088/1071 1236/1088/1071 1237/1088/1072 1211/1088/1072
f 1211/1088/1072 1237/1088/1072 1238/1088/1073 1219/1088/1073
f 1219/1088/1073 1238/1088/1073 1239/1088/1074 1212/1088/1074
f 1212/1088/1074 1239/1088/1074 1240/1088/1075 1220/1088/1075
f 1220/1088/1075 1240/1088/1075 1226/1088/1076 1221/1088/1076
f 1221/1088/1076 1226/1088/1076 1241/1088/1077 1222/1088/1077
f 1222/1088/1077 1241/1088/1077 1227/1088/1057 1213/1088/1057
f 1227/1088/1057 3980/1088/1057 3981/1088/1058 1228/1088/1058
f 1228/1088/1058 3981/1088/1058 3982/1088/1059 1229/1088/1078
f 1229/1088/1078 3982/1088/1059 3983/1088/1060 1223/1088/1060
f 1223/1088/1060 3983/1088/1060 3984/1088/1061 1230/1088/1061
f 1230/1088/1061 3984/1088/1061 1242/1088/1062 1231/1088/1062
f 1231/1088/1062 1242/1088/1062 3985/1088/1063 1224/1088/1063
f 1224/1088/1063 3985/1088/1063 3986/1088/1064 1232/1088/1064
f 1232/1088/1064 3986/1088/1064 3987/1088/1066 1225/1088/1067
f 1225/1088/1067 3987/1088/1066 3988/1088/1068 1233/1088/1068
f 1233/1088/1068 3988/1088/1068 1243/1088/1069 1234/1088/1069
f 1234/1088/1069 1243/1088/1069 3989/1088/1070 1235/1088/1070
f 1235/1088/1070 3989/1088/1070 3990/1088/1071 1236/1088/1071
f 1236/1088/1071 3990/1088/1071 1244/1088/1072 1237/1088/1072
f 1237/1088/1072 1244/1088/1072 3991/1088/1073 1238/1088/1073
f 1238/1088/1073 3991/1088/1073 3992/1088/1074 1239/1088/1074
f 1239/1088/1074 3992/1088/1074 3993/1088/1075 1240/1088/1075
f 1240/1088/1075 3993/1088/1075 3994/1088/1076 1226/1088/1076
f 1226/1088/1076 3994/1088/1076 3995/1088/1077 1241/1088/1077
f 1241/1088/1077 3995/1088/1077 3980/1088/1057 1227/1088/1057
f 1245/1088/1057 1273/1088/1057 1264/1088/1058 1246/1088/1058
f 1246/1088/1058 1264/1088/1058 1274/1088/1059 1247/1088/1059
f 1247/1088/1059 1274/1088/1059 1265/1088/1060 1248/1088/1060
f 1248/1088/1060 1265/1088/1060 1275/1088/1061 1249/1088/1061
f 1249/1088/1061 1275/1088/1061 1266/1088/1062 1250/1088/1062
f 1250/1088/1062 1266/1088/1062 1267/1088/1063 1251/1088/1063
f 1251/1088/1063 1267/1088/1063 1276/1088/1065 1252/1088/1065
f 1252/1088/1065 1276/1088/1065 1277/1088/1066 1253/1088/1066
f 1253/1088/1066 1277/1088/1066 1268/1088/1068 1254/1088/1068
f 1254/1088/1068 1268/1088/1068 1278/1088/1069 1255/1088/1069
f 1255/1088/1069 1278/1088/1069 1269/1088/1070 1256/1088/1070
f 1256/1088/1070 1269/1088/1070 1279/1088/1071 1257/1088/1071
f 1257/1088/1071 1279/1088/1071 1280/1088/1072 1258/1088/1072
f 1258/1088/1072 1280/1088/1072 1270/1088/1073 1259/1088/1073
f 1259/1088/1073 1270/1088/1073 1271/1088/1074 1260/1088/1074
f 1260/1088/1074 1271/1088/1074 1281/1088/1075 1261/1088/1075
f 1261/1088/1075 1281/1088/1075 1272/1088/1076 1262/1088/1076
f 1262/1088/1076 1272/1088/1076 1282/1088/1077 1263/1088/1077
f 1263/1088/1077 1282/1088/1077 1273/1088/1057 1245/1088/1057
f 1273/1088/1057 1283/1088/1057 1284/1088/1058 1264/1088/1058
f 1264/1088/1058 1284/1088/1058 1285/1088/1078 1274/1088/1059
f 1274/1088/1059 1285/1088/1078 1294/1088/1060 1265/1088/1060
f 1265/1088/1060 1294/1088/1060 1286/1088/1061 1275/1088/1061
f 1275/1088/1061 1286/1088/1061 1295/1088/1062 1266/1088/1062
f 1266/1088/1062 1295/1088/1062 1287/1088/1063 1267/1088/1063
f 1267/1088/1063 1287/1088/1063 1296/1088/1064 1276/1088/1065
f 1276/1088/1065 1296/1088/1064 1297/1088/1067 1277/1088/1066
f 1277/1088/1066 1297/1088/1067 1288/1088/1068 1268/1088/1068
f 1268/1088/1068 1288/1088/1068 1289/1088/1069 1278/1088/1069
f 1278/1088/1069 1289/1088/1069 1298/1088/1070 1269/1088/1070
f 1269/1088/1070 1298/1088/1070 1299/1088/1071 1279/1088/1071
f 1279/1088/1071 1299/1088/1071 1290/1088/1072 1280/1088/1072
f 1280/1088/1072 1290/1088/1072 1291/1088/1073 1270/1088/1073
f 1270/1088/1073 1291/1088/1073 1300/1088/1074 1271/1088/1074
f 1271/1088/1074 1300/1088/1074 1301/1088/1075 1281/1088/1075
f 1281/1088/1075 1301/1088/1075 1292/1088/1076 1272/1088/1076
f 1272/1088/1076 1292/1088/1076 1293/1088/1077 1282/1088/1077
f 1282/1088/1077 1293/1088/1077 1283/1088/1057 1273/1088/1057
f 1283/1088/1057 1307/1088/1057 1308/1088/1058 1284/1088/1058
f 1284/1088/1058 1308/1088/1058 1309/1088/1078 1285/1088/1078
f 1285/1088/1078 1309/1088/1078 1310/1088/1060 1294/1088/1060
f 1294/1088/1060 1310/1088/1060 1311/1088/1061 1286/1088/1061
f 1286/1088/1061 1311/1088/1061 1312/1088/1062 1295/1088/1062
f 1295/1088/1062 1312/1088/1062 1313/1088/1063 1287/1088/1063
f 1287/1088/1063 1313/1088/1063 1314/1088/1064 1296/1088/1064
f 1296/1088/1064 1314/1088/1064 1302/1088/1067 1297/1088/1067
f 1297/1088/1067 1302/1088/1067 1315/1088/1080 1288/1088/1068
f 1288/1088/1068 1315/1088/1080 1316/1088/1069 1289/1088/1069
f 1289/1088/1069 1316/1088/1069 1317/1088/1070 1298/1088/1070
f 1298/1088/1070 1317/1088/1070 1318/1088/1071 1299/1088/1071
f 1299/1088/1071 1318/1088/1071 1303/1088/1072 1290/1088/1072
f 1290/1088/1072 1303/1088/1072 1319/1088/1073 1291/1088/1073
f 1291/1088/1073 1319/1088/1073 1304/1088/1074 1300/1088/1074
f 1300/1088/1074 1304/1088/1074 1320/1088/1075 1301/1088/1075
f 1301/1088/1075 1320/1088/1075 1305/1088/1076 1292/1088/1076
f 1292/1088/1076 1305/1088/1076 1306/1088/1077 1293/1088/1077
f 1293/1088/1077 1306/1088/1077 1307/1088/1057 1283/1088/1057
f 1307/1088/1057 1321/1088/1057 1329/1088/1058 1308/1088/1058
f 1308/1088/1058 1329/1088/1058 1322/1088/1078 1309/1088/1078
f 1309/1088/1078 1322/1088/1078 1323/1088/1060 1310/1088/1060
f 1310/1088/1060 1323/1088/1060 1330/1088/1061 1311/1088/1061
f 1311/1088/1061 1330/1088/1061 1331/1088/1062 1312/1088/1062
f 1312/1088/1062 1331/1088/1062 1324/1088/1063 1313/1088/1063
f 1313/1088/1063 1324/1088/1063 1332/1088/1064 1314/1088/1064
f 1314/1088/1064 1332/1088/1064 1325/1088/1066 1302/1088/1067
f 1302/1088/1067 1325/1088/1066 1333/1088/1080 1315/1088/1080
f 1315/1088/1080 1333/1088/1080 1334/1088/1069 1316/1088/1069
f 1316/1088/1069 1334/1088/1069 1335/1088/1070 1317/1088/1070
f 1317/1088/1070 1335/1088/1070 1326/1088/1071 1318/1088/1071
f 1318/1088/1071 1326/1088/1071 1336/1088/1072 1303/1088/1072
f 1303/1088/1072 1336/1088/1072 1327/1088/1073 1319/1088/1073
f 1319/1088/1073 1327/1088/1073 1337/1088/1074 1304/1088/1074
f 1304/1088/1074 1337/1088/1074 1338/1088/1075 1320/1088/1075
f 1320/1088/1075 1338/1088/1075 1328/1088/1076 1305/1088/1076
f 1305/1088/1076 1328/1088/1076 1339/1088/1077 1306/1088/1077
f 1306/1088/1077 1339/1088/1077 1321/1088/1057 1307/1088/1057
f 1321/1088/1057 1344/1088/1057 1340/1088/1058 1329/1088/1058
f 1329/1088/1058 1340/1088/1058 1345/1088/1078 1322/1088/1078
f 1322/1088/1078 1345/1088/1078 1341/1088/1079 1323/1088/1060
f 1323/1088/1060 1341/1088/1079 1346/1088/1061 1330/1088/1061
f 1330/1088/1061 1346/1088/1061 1347/1088/1081 1331/1088/1062
f 1331/1088/1062 1347/1088/1081 1348/1088/1063 1324/1088/1063
f 1324/1088/1063 1348/1088/1063 1349/1088/1064 1332/1088/1064
f 1332/1088/1064 1349/1088/1064 1342/1088/1066 1325/1088/1066
f 1325/1088/1066 1342/1088/1066 1343/1088/1068 1333/1088/1080
f 1333/1088/1080 1343/1088/1068 1350/1088/1069 1334/1088/1069
f 1334/1088/1069 1350/1088/1069 1351/1088/1070 1335/1088/1070
f 1335/1088/1070 1351/1088/1070 1352/1088/1071 1326/1088/1071
f 1326/1088/1071 1352/1088/1071 1353/1088/1072 1336/1088/1072
f 1336/1088/1072 1353/1088/1072 1354/1088/1073 1327/1088/1073
f 1327/1088/1073 1354/1088/1073 1355/1088/1074 1337/1088/1074
f 1337/1088/1074 1355/1088/1074 1356/1088/1075 1338/1088/1075
f 1338/1088/1075 1356/1088/1075 1357/1088/1076 1328/1088/1076
f 1328/1088/1076 1357/1088/1076 1358/1088/1077 1339/1088/1077
f 1339/1088/1077 1358/1088/1077 1344/1088/1057 1321/1088/1057
f 1344/1088/1057 1359/1088/1057 1360/1088/1058 1340/1088/1058
f 1340/1088/1058 1360/1088/1058 1361/1088/1078 1345/1088/1078
f 1345/1088/1078 1361/1088/1078 1362/1088/1079 1341/1088/1079
f 1341/1088/1079 1362/1088/1079 1363/1088/1061 1346/1088/1061
f 1346/1088/1061 1363/1088/1061 1364/1088/1081 1347/1088/1081
f 1347/1088/1081 1364/1088/1081 1365/1088/1063 1348/1088/1063
f 1348/1088/1063 1365/1088/1063 1366/1088/1064 1349/1088/1064
f 1349/1088/1064 1366/1088/1064 1367/1088/1066 1342/1088/1066
f 1342/1088/1066 1367/1088/1066 1368/1088/1068 1343/1088/1068
f 1343/1088/1068 1368/1088/1068 1369/1088/1069 1350/1088/1069
f 1350/1088/1069 1369/1088/1069 1370/1088/1070 1351/1088/1070
f 1351/1088/1070 1370/1088/1070 1371/1088/1071 1352/1088/1071
f 1352/1088/1071 1371/1088/1071 1372/1088/1072 1353/1088/1072
f 1353/1088/1072 1372/1088/1072 1373/1088/1073 1354/1088/1073
f 1354/1088/1073 1373/1088/1073 1374/1088/1074 1355/1088/1074
f 1355/1088/1074 1374/1088/1074 1375/1088/1075 1356/1088/1075
f 1356/1088/1075 1375/1088/1075 1376/1088/1076 1357/1088/1076
f 1357/1088/1076 1376/1088/1076 1377/1088/1077 1358/1088/1077
f 1358/1088/1077 1377/1088/1077 1359/1088/1057 1344/1088/1057
f 1359/1088/1057 1384/1088/1057 1378/1088/1058 1360/1088/1058
f 1360/1088/1058 1378/1088/1058 1385/1088/1059 1361/1088/1078
f 1361/1088/1078 1385/1088/1059 1386/1088/1060 1362/1088/1079
f 1362/1088/1079 1386/1088/1060 1387/1088/1061 1363/1088/1061
f 1363/1088/1061 1387/1088/1061 1379/1088/1081 1364/1088/1081
f 1364/1088/1081 1379/1088/1081 1388/1088/1063 1365/1088/1063
f 1365/1088/1063 1388/1088/1063 1389/1088/1064 1366/1088/1064
f 1366/1088/1064 1389/1088/1064 1390/1088/1066 1367/1088/1066
f 1367/1088/1066 1390/1088/1066 1391/1088/1068 1368/1088/1068
f 1368/1088/1068 1391/1088/1068 1392/1088/1069 1369/1088/1069
f 1369/1088/1069 1392/1088/1069 1380/1088/1070 1370/1088/1070
f 1370/1088/1070 1380/1088/1070 1381/1088/1071 1371/1088/1071
f 1371/1088/1071 1381/1088/1071 1393/1088/1072 1372/1088/1072
f 1372/1088/1072 1393/1088/1072 1394/1088/1073 1373/1088/1073
f 1373/1088/1073 1394/1088/1073 1382/1088/1082 1374/1088/1074
f 1374/1088/1074 1382/1088/1082 1383/1088/1075 1375/1088/1075
f 1375/1088/1075 1383/1088/1075 1395/1088/1076 1376/1088/1076
f 1376/1088/1076 1395/1088/1076 1396/1088/1077 1377/1088/1077
f 1377/1088/1077 1396/1088/1077 1384/1088/1057 1359/1088/1057
f 1384/1088/1057 1399/1088/1057 1400/1088/1058 1378/1088/1058
f 1378/1088/1058 1400/1088/1058 1397/1088/1059 1385/1088/1059
f 1385/1088/1059 1397/1088/1059 1401/1088/1060 1386/1088/1060
f 1386/1088/1060 1401/1088/1060 1402/1088/1061 1387/1088/1061
f 1387/1088/1061 1402/1088/1061 1398/1088/1062 1379/1088/1081
f 1379/1088/1081 1398/1088/1062 1403/1088/1063 1388/1088/1063
f 1388/1088/1063 1403/1088/1063 1404/1088/1064 1389/1088/1064
f 1389/1088/1064 1404/1088/1064 1405/1088/1066 1390/1088/1066
f 1390/1088/1066 1405/1088/1066 1406/1088/1068 1391/1088/1068
f 1391/1088/1068 1406/1088/1068 1407/1088/1069 1392/1088/1069
f 1392/1088/1069 1407/1088/1069 1408/1088/1070 1380/1088/1070
f 1380/1088/1070 1408/1088/1070 1409/1088/1071 1381/1088/1071
f 1381/1088/1071 1409/1088/1071 1410/1088/1072 1393/1088/1072
f 1393/1088/1072 1410/1088/1072 1411/1088/1073 1394/1088/1073
f 1394/1088/1073 1411/1088/1073 1412/1088/1082 1382/1088/1082
f 1382/1088/1082 1412/1088/1082 1413/1088/1075 1383/1088/1075
f 1383/1088/1075 1413/1088/1075 1414/1088/1076 1395/1088/1076
f 1395/1088/1076 1414/1088/1076 1415/1088/1077 1396/1088/1077
f 1396/1088/1077 1415/1088/1077 1399/1088/1057 1384/1088/1057
f 1399/1088/1057 1423/1088/1057 1416/1088/1058 1400/1088/1058
f 1400/1088/1058 1416/1088/1058 1424/1088/1078 1397/1088/1059
f 1397/1088/1059 1424/1088/1078 1417/1088/1079 1401/1088/1060
f 1401/1088/1060 1417/1088/1079 1425/1088/1061 1402/1088/1061
f 1402/1088/1061 1425/1088/1061 1426/1088/1081 1398/1088/1062
f 1398/1088/1062 1426/1088/1081 1418/1088/1063 1403/1088/1063
f 1403/1088/1063 1418/1088/1063 1419/1088/1064 1404/1088/1064
f 1404/1088/1064 1419/1088/1064 1427/1088/1067 1405/1088/1066
f 1405/1088/1066 1427/1088/1067 1420/1088/1068 1406/1088/1068
f 1406/1088/1068 1420/1088/1068 1428/1088/1069 1407/1088/1069
f 1407/1088/1069 1428/1088/1069 1421/1088/1070 1408/1088/1070
f 1408/1088/1070 1421/1088/1070 1429/1088/1071 1409/1088/1071
f 1409/1088/1071 1429/1088/1071 1430/1088/1072 1410/1088/1072
f 1410/1088/1072 1430/1088/1072 1431/1088/1073 1411/1088/1073
f 1411/1088/1073 1431/1088/1073 1432/1088/1082 1412/1088/1082
f 1412/1088/1082 1432/1088/1082 1422/1088/1075 1413/1088/1075
f 1413/1088/1075 1422/1088/1075 1433/1088/1076 1414/1088/1076
f 1414/1088/1076 1433/1088/1076 1434/1088/1077 1415/1088/1077
f 1415/1088/1077 1434/1088/1077 1423/1088/1057 1399/1088/1057
f 1423/1088/1057 1435/1088/1057 1441/1088/1058 1416/1088/1058
f 1416/1088/1058 1441/1088/1058 1436/1088/1059 1424/1088/1078
f 1424/1088/1078 1436/1088/1059 1442/1088/1060 1417/1088/1079
f 1417/1088/1079 1442/1088/1060 1443/1088/1061 1425/1088/1061
f 1425/1088/1061 1443/1088/1061 1437/1088/1081 1426/1088/1081
f 1426/1088/1081 1437/1088/1081 1444/1088/1063 1418/1088/1063
f 1418/1088/1063 1444/1088/1063 1445/1088/1064 1419/1088/1064
f 1419/1088/1064 1445/1088/1064 1446/1088/1067 1427/1088/1067
f 1427/1088/1067 1446/1088/1067 1447/1088/1068 1420/1088/1068
f 1420/1088/1068 1447/1088/1068 1448/1088/1069 1428/1088/1069
f 1428/1088/1069 1448/1088/1069 1438/1088/1070 1421/1088/1070
f 1421/1088/1070 1438/1088/1070 1439/1088/1071 1429/1088/1071
f 1429/1088/1071 1439/1088/1071 1449/1088/1072 1430/1088/1072
f 1430/1088/1072 1449/1088/1072 1450/1088/1073 1431/1088/1073
f 1431/1088/1073 1450/1088/1073 1451/1088/1074 1432/1088/1082
f 1432/1088/1082 1451/1088/1074 1440/1088/1075 1422/1088/1075
f 1422/1088/1075 1440/1088/1075 1452/1088/1076 1433/1088/1076
f 1433/1088/1076 1452/1088/1076 1453/1088/1077 1434/1088/1077
f 1434/1088/1077 1453/1088/1077 1435/1088/1057 1423/1088/1057
f 1435/1088/1057 1460/1088/1057 1454/1088/1058 1441/1088/1058
f 1441/1088/1058 1454/1088/1058 1455/1088/1078 1436/1088/1059
f 1436/1088/1059 1455/1088/1078 1461/1088/1060 1442/1088/1060
f 1442/1088/1060 1461/1088/1060 1456/1088/1061 1443/1088/1061
f 1443/1088/1061 1456/1088/1061 1462/1088/1062 1437/1088/1081
f 1437/1088/1081 1462/1088/1062 1457/1088/1063 1444/1088/1063
f 1444/1088/1063 1457/1088/1063 1463/1088/1064 1445/1088/1064
f 1445/1088/1064 1463/1088/1064 1464/1088/1067 1446/1088/1067
f 1446/1088/1067 1464/1088/1067 1458/1088/1068 1447/1088/1068
f 1447/1088/1068 1458/1088/1068 1465/1088/1069 1448/1088/1069
f 1448/1088/1069 1465/1088/1069 1459/1088/1070 1438/1088/1070
f 1438/1088/1070 1459/1088/1070 1466/1088/1071 1439/1088/1071
f 1439/1088/1071 1466/1088/1071 1467/1088/1072 1449/1088/1072
f 1449/1088/1072 1467/1088/1072 1468/1088/1073 1450/1088/1073
f 1450/1088/1073 1468/1088/1073 1469/1088/1074 1451/1088/1074
f 1451/1088/1074 1469/1088/1074 1470/1088/1075 1440/1088/1075
f 1440/1088/1075 1470/1088/1075 1471/1088/1076 1452/1088/1076
f 1452/1088/1076 1471/1088/1076 1472/1088/1077 1453/1088/1077
f 1453/1088/1077 1472/1088/1077 1460/1088/1057 1435/1088/1057
f 1460/1088/1057 1473/1088/1057 1474/1088/1058 1454/1088/1058
f 1454/1088/1058 1474/1088/1058 1485/1088/1078 1455/1088/1078
f 1455/1088/1078 1485/1088/1078 1475/1088/1079 1461/1088/1060
f 1461/1088/1060 1475/1088/1079 1486/1088/1061 1456/1088/1061
f 1456/1088/1061 1486/1088/1061 1476/1088/1081 1462/1088/1062
f 1462/1088/1062 1476/1088/1081 1477/1088/1063 1457/1088/1063
f 1457/1088/1063 1477/1088/1063 1487/1088/1064 1463/1088/1064
f 1463/1088/1064 1487/1088/1064 1478/1088/1066 1464/1088/1067
f 1464/1088/1067 1478/1088/1066 1479/1088/1068 1458/1088/1068
f 1458/1088/1068 1479/1088/1068 1480/1088/1069 1465/1088/1069
f 1465/1088/1069 1480/1088/1069 1488/1088/1070 1459/1088/1070
f 1459/1088/1070 1488/1088/1070 1481/1088/1071 1466/1088/1071
f 1466/1088/1071 1481/1088/1071 1489/1088/1072 1467/1088/1072
f 1467/1088/1072 1489/1088/1072 1482/1088/1073 1468/1088/1073
f 1468/1088/1073 1482/1088/1073 1483/1088/1074 1469/1088/1074
f 1469/1088/1074 1483/1088/1074 1490/1088/1075 1470/1088/1075
f 1470/1088/1075 1490/1088/1075 1491/1088/1076 1471/1088/1076
f 1471/1088/1076 1491/1088/1076 1484/1088/1077 1472/1088/1077
f 1472/1088/1077 1484/1088/1077 1473/1088/1057 1460/1088/1057
f 1473/1088/1057 4243/1088/1057 4244/1088/1058 1474/1088/1058
f 1474/1088/1058 4244/1088/1058 4245/1088/1059 1485/1088/1078
f 1485/1088/1078 4245/1088/1059 4246/1088/1060 1475/1088/1079
f 1475/1088/1079 4246/1088/1060 4247/1088/1061 1486/1088/1061
f 1486/1088/1061 4247/1088/1061 4248/1088/1081 1476/1088/1081
f 1476/1088/1081 4248/1088/1081 4249/1088/1063 1477/1088/1063
f 1477/1088/1063 4249/1088/1063 4250/1088/1064 1487/1088/1064
f 1487/1088/1064 4250/1088/1064 1492/1088/1066 1478/1088/1066
f 1478/1088/1066 1492/1088/1066 4251/1088/1068 1479/1088/1068
f 1479/1088/1068 4251/1088/1068 4252/1088/1069 1480/1088/1069
f 1480/1088/1069 4252/1088/1069 1493/1088/1070 1488/1088/1070
f 1488/1088/1070 1493/1088/1070 1494/1088/1071 1481/1088/1071
f 1481/1088/1071 1494/1088/1071 4253/1088/1072 1489/1088/1072
f 1489/1088/1072 4253/1088/1072 1495/1088/1073 1482/1088/1073
f 1482/1088/1073 1495/1088/1073 1496/1088/1074 1483/1088/1074
f 1483/1088/1074 1496/1088/1074 4254/1088/1075 1490/1088/1075
f 1490/1088/1075 4254/1088/1075 4255/1088/1076 1491/1088/1076
f 1491/1088/1076 4255/1088/1076 4256/1088/1077 1484/1088/1077
f 1484/1088/1077 4256/1088/1077 4243/1088/1057 1473/1088/1057
f 1497/1088/1083 1528/1088/1083 1529/1088/1084 1498/1088/1084
f 1498/1088/1084 1529/1088/1084 1516/1088/1085 1499/1088/1085
f 1499/1088/1085 1516/1088/1085 1517/1088/1086 1500/1088/1086
f 1500/1088/1086 1517/1088/1086 1518/1088/1087 1501/1088/1087
f 1501/1088/1087 1518/1088/1087 1530/1088/1088 1502/1088/1088
f 1502/1088/1088 1530/1088/1088 1519/1088/1089 1503/1088/1089
f 1503/1088/1089 1519/1088/1089 1520/1088/1090 1504/1088/1090
f 1504/1088/1090 1520/1088/1090 1521/1088/1091 1505/1088/1091
f 1505/1088/1091 1521/1088/1091 1522/1088/1092 1506/1088/1093
f 1506/1088/1093 1522/1088/1092 1523/1088/1094 1507/1088/1094
f 1507/1088/1094 1523/1088/1094 1531/1088/1095 1508/1088/1095
f 1508/1088/1095 1531/1088/1095 1532/1088/1096 1509/1088/1096
f 1509/1088/1096 1532/1088/1096 1533/1088/1097 1510/1088/1097
f 1510/1088/1097 1533/1088/1097 1534/1088/1098 1511/1088/1098
f 1511/1088/1098 1534/1088/1098 1524/1088/1099 1512/1088/1099
f 1512/1088/1099 1524/1088/1099 1525/1088/1100 1513/1088/1100
f 1513/1088/1100 1525/1088/1100 1526/1088/1101 1514/1088/1102
f 1514/1088/1102 1526/1088/1101 1527/1088/1103 1515/1088/1103
f 1515/1088/1103 1527/1088/1103 1528/1088/1083 1497/1088/1083
f 1528/1088/1083 1535/1088/1083 1536/1088/1084 1529/1088/1084
f 1529/1088/1084 1536/1088/1084 1537/1088/1085 1516/1088/1085
f 1516/1088/1085 1537/1088/1085 1538/1088/1086 1517/1088/1086
f 1517/1088/1086 1538/1088/1086 1539/1088/1087 1518/1088/1087
f 1518/1088/1087 1539/1088/1087 1540/1088/1088 1530/1088/1088
f 1530/1088/1088 1540/1088/1088 1541/1088/1089 1519/1088/1089
f 1519/1088/1089 1541/1088/1089 1542/1088/1090 1520/1088/1090
f 1520/1088/1090 1542/1088/1090 1547/1088/1091 1521/1088/1091
f 1521/1088/1091 1547/1088/1091 1548/1088/1092 1522/1088/1092
f 1522/1088/1092 1548/1088/1092 1549/1088/1094 1523/1088/1094
f 1523/1088/1094 1549/1088/1094 1550/1088/1095 1531/1088/1095
f 1531/1088/1095 1550/1088/1095 1551/1088/1096 1532/1088/1096
f 1532/1088/1096 1551/1088/1096 1552/1088/1097 1533/1088/1097
f 1533/1088/1097 1552/1088/1097 1553/1088/1098 1534/1088/1098
f 1534/1088/1098 1553/1088/1098 1543/1088/1099 1524/1088/1099
f 1524/1088/1099 1543/1088/1099 1544/1088/1100 1525/1088/1100
f 1525/1088/1100 1544/1088/1100 1545/1088/1101 1526/1088/1101
f 1526/1088/1101 1545/1088/1101 1546/1088/1103 1527/1088/1103
f 1527/1088/1103 1546/1088/1103 1535/1088/1083 1528/1088/1083
f 1535/1088/1083 1564/1088/1083 1565/1088/1084 1536/1088/1084
f 1536/1088/1084 1565/1088/1084 1566/1088/1085 1537/1088/1085
f 1537/1088/1085 1566/1088/1085 1567/1088/1086 1538/1088/1086
f 1538/1088/1086 1567/1088/1086 1568/1088/1087 1539/1088/1087
f 1539/1088/1087 1568/1088/1087 1554/1088/1088 1540/1088/1088
f 1540/1088/1088 1554/1088/1088 1555/1088/1089 1541/1088/1089
f 1541/1088/1089 1555/1088/1089 1569/1088/1090 1542/1088/1090
f 1542/1088/1090 1569/1088/1090 1570/1088/1091 1547/1088/1091
f 1547/1088/1091 1570/1088/1091 1571/1088/1092 1548/1088/1092
f 1548/1088/1092 1571/1088/1092 1556/1088/1094 1549/1088/1094
f 1549/1088/1094 1556/1088/1094 1572/1088/1095 1550/1088/1095
f 1550/1088/1095 1572/1088/1095 1557/1088/1096 1551/1088/1096
f 1551/1088/1096 1557/1088/1096 1558/1088/1097 1552/1088/1097
f 1552/1088/1097 1558/1088/1097 1559/1088/1098 1553/1088/1098
f 1553/1088/1098 1559/1088/1098 1560/1088/1099 1543/1088/1099
f 1543/1088/1099 1560/1088/1099 1561/1088/1100 1544/1088/1100
f 1544/1088/1100 1561/1088/1100 1562/1088/1101 1545/1088/1101
f 1545/1088/1101 1562/1088/1101 1563/1088/1103 1546/1088/1103
f 1546/1088/1103 1563/1088/1103 1564/1088/1083 1535/1088/1083
f 1564/1088/1083 1581/1088/1083 1582/1088/1084 1565/1088/1084
f 1565/1088/1084 1582/1088/1084 1583/1088/1085 1566/1088/1085
f 1566/1088/1085 1583/1088/1085 1584/1088/1086 1567/1088/1086
f 1567/1088/1086 1584/1088/1086 1573/1088/1087 1568/1088/1087
f 1568/1088/1087 1573/1088/1087 1585/1088/1088 1554/1088/1088
f 1554/1088/1088 1585/1088/1088 1586/1088/1089 1555/1088/1089
f 1555/1088/1089 1586/1088/1089 1587/1088/1090 1569/1088/1090
f 1569/1088/1090 1587/1088/1090 1574/1088/1091 1570/1088/1091
f 1570/1088/1091 1574/1088/1091 1575/1088/1092 1571/1088/1092
f 1571/1088/1092 1575/1088/1092 1576/1088/1094 1556/1088/1094
f 1556/1088/1094 1576/1088/1094 1577/1088/1095 1572/1088/1095
f 1572/1088/1095 1577/1088/1095 1588/1088/1096 1557/1088/1096
f 1557/1088/1096 1588/1088/1096 1578/1088/1097 1558/1088/1097
f 1558/1088/1097 1578/1088/1097 1589/1088/1098 1559/1088/1098
f 1559/1088/1098 1589/1088/1098 1579/1088/1099 1560/1088/1099
f 1560/1088/1099 1579/1088/1099 1580/1088/1100 1561/1088/1100
f 1561/1088/1100 1580/1088/1100 1590/1088/1101 1562/1088/1101
f 1562/1088/1101 1590/1088/1101 1591/1088/1103 1563/1088/1103
f 1563/1088/1103 1591/1088/1103 1581/1088/1083 1564/1088/1083
f 1581/1088/1083 1592/1088/1083 1603/1088/1084 1582/1088/1084
f 1582/1088/1084 1603/1088/1084 1593/1088/1085 1583/1088/1085
f 1583/1088/1085 1593/1088/1085 1594/1088/1086 1584/1088/1086
f 1584/1088/1086 1594/1088/1086 1604/1088/1087 1573/1088/1087
f 1573/1088/1087 1604/1088/1087 1605/1088/1088 1585/1088/1088
f 1585/1088/1088 1605/1088/1088 1606/1088/1089 1586/1088/1089
f 1586/1088/1089 1606/1088/1089 1595/1088/1090 1587/1088/1090
f 1587/1088/1090 1595/1088/1090 1596/1088/1091 1574/1088/1091
f 1574/1088/1091 1596/1088/1091 1597/1088/1092 1575/1088/1092
f 1575/1088/1092 1597/1088/1092 1598/1088/1094 1576/1088/1094
f 1576/1088/1094 1598/1088/1094 1607/1088/1095 1577/1088/1095
f 1577/1088/1095 1607/1088/1095 1599/1088/1096 1588/1088/1096
f 1588/1088/1096 1599/1088/1096 1600/1088/1097 1578/1088/1097
f 1578/1088/1097 1600/1088/1097 1601/1088/1098 1589/1088/1098
f 1589/1088/1098 1601/1088/1098 1608/1088/1099 1579/1088/1099
f 1579/1088/1099 1608/1088/1099 1602/1088/1100 1580/1088/1100
f 1580/1088/1100 1602/1088/1100 1609/1088/1101 1590/1088/1101
f 1590/1088/1101 1609/1088/1101 1610/1088/1103 1591/1088/1103
f 1591/1088/1103 1610/1088/1103 1592/1088/1083 1581/1088/1083
f 1592/1088/1083 1611/1088/1083 1612/1088/1084 1603/1088/1084
f 1603/1088/1084 1612/1088/1084 1613/1088/1085 1593/1088/1085
f 1593/1088/1085 1613/1088/1085 1614/1088/1086 1594/1088/1086
f 1594/1088/1086 1614/1088/1086 1615/1088/1087 1604/1088/1087
f 1604/1088/1087 1615/1088/1087 1616/1088/1088 1605/1088/1088
f 1605/1088/1088 1616/1088/1088 1617/1088/1089 1606/1088/1089
f 1606/1088/1089 1617/1088/1089 1618/1088/1090 1595/1088/1090
f 1595/1088/1090 1618/1088/1090 1622/1088/1091 1596/1088/1091
f 1596/1088/1091 1622/1088/1091 1623/1088/1092 1597/1088/1092
f 1597/1088/1092 1623/1088/1092 1624/1088/1094 1598/1088/1094
f 1598/1088/1094 1624/1088/1094 1619/1088/1095 1607/1088/1095
f 1607/1088/1095 1619/1088/1095 1620/1088/1096 1599/1088/1096
f 1599/1088/1096 1620/1088/1096 1625/1088/1097 1600/1088/1097
f 1600/1088/1097 1625/1088/1097 1626/1088/1098 1601/1088/1098
f 1601/1088/1098 1626/1088/1098 1627/1088/1099 1608/1088/1099
f 1608/1088/1099 1627/1088/1099 1628/1088/1100 1602/1088/1100
f 1602/1088/1100 1628/1088/1100 1629/1088/1101 1609/1088/1101
f 1609/1088/1101 1629/1088/1101 1621/1088/1103 1610/1088/1103
f 1610/1088/1103 1621/1088/1103 1611/1088/1083 1592/1088/1083
f 1611/1088/1083 1630/1088/1083 1631/1088/1084 1612/1088/1084
f 1612/1088/1084 1631/1088/1084 1640/1088/1085 1613/1088/1085
f 1613/1088/1085 1640/1088/1085 1632/1088/1086 1614/1088/1086
f 1614/1088/1086 1632/1088/1086 1633/1088/1087 1615/1088/1087
f 1615/1088/1087 1633/1088/1087 1634/1088/1088 1616/1088/1088
f 1616/1088/1088 1634/1088/1088 1635/1088/1089 1617/1088/1089
f 1617/1088/1089 1635/1088/1089 1641/1088/1090 1618/1088/1090
f 1618/1088/1090 1641/1088/1090 1642/1088/1091 1622/1088/1091
f 1622/1088/1091 1642/1088/1091 1636/1088/1092 1623/1088/1092
f 1623/1088/1092 1636/1088/1092 1643/1088/1094 1624/1088/1094
f 1624/1088/1094 1643/1088/1094 1644/1088/1095 1619/1088/1095
f 1619/1088/1095 1644/1088/1095 1645/1088/1096 1620/1088/1096
f 1620/1088/1096 1645/1088/1096 1646/1088/1097 1625/1088/1097
f 1625/1088/1097 1646/1088/1097 1647/1088/1098 1626/1088/1098
f 1626/1088/1098 1647/1088/1098 1637/1088/1099 1627/1088/1099
f 1627/1088/1099 1637/1088/1099 1648/1088/1100 1628/1088/1100
f 1628/1088/1100 1648/1088/1100 1638/1088/1101 1629/1088/1101
f 1629/1088/1101 1638/1088/1101 1639/1088/1103 1621/1088/1103
f 1621/1088/1103 1639/1088/1103 1630/1088/1083 1611/1088/1083
f 1630/1088/1083 1659/1088/1083 1660/1088/1084 1631/1088/1084
f 1631/1088/1084 1660/1088/1084 1649/1088/1085 1640/1088/1085
f 1640/1088/1085 1649/1088/1085 1650/1088/1086 1632/1088/1086
f 1632/1088/1086 1650/1088/1086 1651/1088/1087 1633/1088/1087
f 1633/1088/1087 1651/1088/1087 1652/1088/1088 1634/1088/1088
f 1634/1088/1088 1652/1088/1088 1653/1088/1089 1635/1088/1089
f 1635/1088/1089 1653/1088/1089 1654/1088/1090 1641/1088/1090
f 1641/1088/1090 1654/1088/1090 1655/1088/1091 1642/1088/1091
f 1642/1088/1091 1655/1088/1091 1656/1088/1093 1636/1088/1092
f 1636/1088/1092 1656/1088/1093 1661/1088/1094 1643/1088/1094
f 1643/1088/1094 1661/1088/1094 1662/1088/1095 1644/1088/1095
f 1644/1088/1095 1662/1088/1095 1663/1088/1096 1645/1088/1096
f 1645/1088/1096 1663/1088/1096 1664/1088/1097 1646/1088/1097
f 1646/1088/1097 1664/1088/1097 1665/1088/1098 1647/1088/1098
f 1647/1088/1098 1665/1088/1098 1666/1088/1099 1637/1088/1099
f 1637/1088/1099 1666/1088/1099 1657/1088/1100 1648/1088/1100
f 1648/1088/1100 1657/1088/1100 1658/1088/1101 1638/1088/1101
f 1638/1088/1101 1658/1088/1101 1667/1088/1103 1639/1088/1103
f 1639/1088/1103 1667/1088/1103 1659/1088/1083 1630/1088/1083
f 1659/1088/1083 1684/1088/1083 1668/1088/1084 1660/1088/1084
f 1660/1088/1084 1668/1088/1084 1685/1088/1085 1649/1088/1085
f 1649/1088/1085 1685/1088/1085 1669/1088/1086 1650/1088/1086
f 1650/1088/1086 1669/1088/1086 1670/1088/1087 1651/1088/1087
f 1651/1088/1087 1670/1088/1087 1671/1088/1088 1652/1088/1088
f 1652/1088/1088 1671/1088/1088 1686/1088/1089 1653/1088/1089
f 1653/1088/1089 1686/1088/1089 1672/1088/1090 1654/1088/1090
f 1654/1088/1090 1672/1088/1090 1673/1088/1091 1655/1088/1091
f 1655/1088/1091 1673/1088/1091 1674/1088/1092 1656/1088/1093
f 1656/1088/1093 1674/1088/1092 1675/1088/1094 1661/1088/1094
f 1661/1088/1094 1675/1088/1094 1676/1088/1095 1662/1088/1095
f 1662/1088/1095 1676/1088/1095 1677/1088/1096 1663/1088/1096
f 1663/1088/1096 1677/1088/1096 1678/1088/1097 1664/1088/1097
f 1664/1088/1097 1678/1088/1097 1679/1088/1098 1665/1088/1098
f 1665/1088/1098 1679/1088/1098 1680/1088/1099 1666/1088/1099
f 1666/1088/1099 1680/1088/1099 1681/1088/1100 1657/1088/1100
f 1657/1088/1100 1681/1088/1100 1682/1088/1101 1658/1088/1101
f 1658/1088/1101 1682/1088/1101 1683/1088/1103 1667/1088/1103
f 1667/1088/1103 1683/1088/1103 1684/1088/1083 1659/1088/1083
f 1684/1088/1083 1704/1088/1083 1687/1088/1084 1668/1088/1084
f 1668/1088/1084 1687/1088/1084 1705/1088/1085 1685/1088/1085
f 1685/1088/1085 1705/1088/1085 1688/1088/1104 1669/1088/1086
f 1669/1088/1086 1688/1088/1104 1689/1088/1087 1670/1088/1087
f 1670/1088/1087 1689/1088/1087 1690/1088/1088 1671/1088/1088
f 1671/1088/1088 1690/1088/1088 1691/1088/1089 1686/1088/1089
f 1686/1088/1089 1691/1088/1089 1692/1088/1090 1672/1088/1090
f 1672/1088/1090 1692/1088/1090 1693/1088/1091 1673/1088/1091
f 1673/1088/1091 1693/1088/1091 1694/1088/1093 1674/1088/1092
f 1674/1088/1092 1694/1088/1093 1695/1088/1094 1675/1088/1094
f 1675/1088/1094 1695/1088/1094 1696/1088/1095 1676/1088/1095
f 1676/1088/1095 1696/1088/1095 1697/1088/1096 1677/1088/1096
f 1677/1088/1096 1697/1088/1096 1698/1088/1097 1678/1088/1097
f 1678/1088/1097 1698/1088/1097 1699/1088/1098 1679/1088/1098
f 1679/1088/1098 1699/1088/1098 1700/1088/1099 1680/1088/1099
f 1680/1088/1099 1700/1088/1099 1701/1088/1100 1681/1088/1100
f 1681/1088/1100 1701/1088/1100 1702/1088/1101 1682/1088/1101
f 1682/1088/1101 1702/1088/1101 1703/1088/1103 1683/1088/1103
f 1683/1088/1103 1703/1088/1103 1704/1088/1083 1684/1088/1083
f 1704/1088/1083 1706/1088/1083 1707/1088/1084 1687/1088/1084
f 1687/1088/1084 1707/1088/1084 1715/1088/1085 1705/1088/1085
f 1705/1088/1085 1715/1088/1085 1708/1088/1086 1688/1088/1104
f 1688/1088/1104 1708/1088/1086 1709/1088/1087 1689/1088/1087
f 1689/1088/1087 1709/1088/1087 1716/1088/1088 1690/1088/1088
f 1690/1088/1088 1716/1088/1088 1710/1088/1089 1691/1088/1089
f 1691/1088/1089 1710/1088/1089 1717/1088/1090 1692/1088/1090
f 1692/1088/1090 1717/1088/1090 1718/1088/1091 1693/1088/1091
f 1693/1088/1091 1718/1088/1091 1719/1088/1093 1694/1088/1093
f 1694/1088/1093 1719/1088/1093 1720/1088/1094 1695/1088/1094
f 1695/1088/1094 1720/1088/1094 1721/1088/1095 1696/1088/1095
f 1696/1088/1095 1721/1088/1095 1711/1088/1096 1697/1088/1096
f 1697/1088/1096 1711/1088/1096 1722/1088/1097 1698/1088/1097
f 1698/1088/1097 1722/1088/1097 1723/1088/1098 1699/1088/1098
f 1699/1088/1098 1723/1088/1098 1712/1088/1099 1700/1088/1099
f 1700/1088/1099 1712/1088/1099 1713/1088/1100 1701/1088/1100
f 1701/1088/1100 1713/1088/1100 1724/1088/1101 1702/1088/1101
f 1702/1088/1101 1724/1088/1101 1714/1088/1103 1703/1088/1103
f 1703/1088/1103 1714/1088/1103 1706/1088/1083 1704/1088/1083
f 1706/1088/1083 1725/1088/1083 1726/1088/1084 1707/1088/1084
f 1707/1088/1084 1726/1088/1084 1729/1088/1085 1715/1088/1085
f 1715/1088/1085 1729/1088/1085 1730/1088/1086 1708/1088/1086
f 1708/1088/1086 1730/1088/1086 1727/1088/1087 1709/1088/1087
f 1709/1088/1087 1727/1088/1087 1731/1088/1088 1716/1088/1088
f 1716/1088/1088 1731/1088/1088 1728/1088/1089 1710/1088/1089
f 1710/1088/1089 1728/1088/1089 1732/1088/1090 1717/1088/1090
f 1717/1088/1090 1732/1088/1090 1733/1088/1091 1718/1088/1091
f 1718/1088/1091 1733/1088/1091 1734/1088/1093 1719/1088/1093
f 1719/1088/1093 1734/1088/1093 1735/1088/1094 1720/1088/1094
f 1720/1088/1094 1735/1088/1094 1736/1088/1095 1721/1088/1095
f 1721/1088/1095 1736/1088/1095 1737/1088/1096 1711/1088/1096
f 1711/1088/1096 1737/1088/1096 1738/1088/1097 1722/1088/1097
f 1722/1088/1097 1738/1088/1097 1739/1088/1098 1723/1088/1098
f 1723/1088/1098 1739/1088/1098 1740/1088/1099 1712/1088/1099
f 1712/1088/1099 1740/1088/1099 1741/1088/1100 1713/1088/1100
f 1713/1088/1100 1741/1088/1100 1742/1088/1101 1724/1088/1101
f 1724/1088/1101 1742/1088/1101 1743/1088/1103 1714/1088/1103
f 1714/1088/1103 1743/1088/1103 1725/1088/1083 1706/1088/1083
f 1725/1088/1083 1748/1088/1083 1749/1088/1084 1726/1088/1084
f 1726/1088/1084 1749/1088/1084 1750/1088/1085 1729/1088/1085
f 1729/1088/1085 1750/1088/1085 1751/1088/1086 1730/1088/1086
f 1730/1088/1086 1751/1088/1086 1752/1088/1087 1727/1088/1087
f 1727/1088/1087 1752/1088/1087 1753/1088/1088 1731/1088/1088
f 1731/1088/1088 1753/1088/1088 1754/1088/1089 1728/1088/1089
f 1728/1088/1089 1754/1088/1089 1755/1088/1090 1732/1088/1090
f 1732/1088/1090 1755/1088/1090 1756/1088/1091 1733/1088/1091
f 1733/1088/1091 1756/1088/1091 1744/1088/1092 1734/1088/1093
f 1734/1088/1093 1744/1088/1092 1757/1088/1094 1735/1088/1094
f 1735/1088/1094 1757/1088/1094 1745/1088/1095 1736/1088/1095
f 1736/1088/1095 1745/1088/1095 1758/1088/1096 1737/1088/1096
f 1737/1088/1096 1758/1088/1096 1759/1088/1097 1738/1088/1097
f 1738/1088/1097 1759/1088/1097 1746/1088/1098 1739/1088/1098
f 1739/1088/1098 1746/1088/1098 1747/1088/1099 1740/1088/1099
f 1740/1088/1099 1747/1088/1099 1760/1088/1100 1741/1088/1100
f 1741/1088/1100 1760/1088/1100 1761/1088/1101 1742/1088/1101
f 1742/1088/1101 1761/1088/1101 1762/1088/1103 1743/1088/1103
f 1743/1088/1103 1762/1088/1103 1748/1088/1083 1725/1088/1083
f 1748/1088/1083 4504/1088/1083 4505/1088/1084 1749/1088/1084
f 1749/1088/1084 4505/1088/1084 4506/1088/1085 1750/1088/1085
f 1750/1088/1085 4506/1088/1085 4507/1088/1086 1751/1088/1086
f 1751/1088/1086 4507/1088/1086 4508/1088/1087 1752/1088/1087
f 1752/1088/1087 4508/1088/1087 4509/1088/1088 1753/1088/1088
f 1753/1088/1088 4509/1088/1088 4510/1088/1089 1754/1088/1089
f 1754/1088/1089 4510/1088/1089 1763/1088/1090 1755/1088/1090
f 1755/1088/1090 1763/1088/1090 1764/1088/1091 1756/1088/1091
f 1756/1088/1091 1764/1088/1091 1765/1088/1092 1744/1088/1092
f 1744/1088/1092 1765/1088/1092 4511/1088/1094 1757/1088/1094
f 1757/1088/1094 4511/1088/1094 1766/1088/1095 1745/1088/1095
f 1745/1088/1095 1766/1088/1095 1767/1088/1096 1758/1088/1096
f 1758/1088/1096 1767/1088/1096 1768/1088/1097 1759/1088/1097
f 1759/1088/1097 1768/1088/1097 1769/1088/1098 1746/1088/1098
f 1746/1088/1098 1769/1088/1098 1770/1088/1099 1747/1088/1099
f 1747/1088/1099 1770/1088/1099 1771/1088/1100 1760/1088/1100
f 1760/1088/1100 1771/1088/1100 4512/1088/1101 1761/1088/1101
f 1761/1088/1101 4512/1088/1101 4513/1088/1103 1762/1088/1103
f 1762/1088/1103 4513/1088/1103 4504/1088/1083 1748/1088/1083
f 1772/1088/1105 1793/1088/1105 1794/1088/1106 1773/1088/1106
f 1773/1088/1106 1794/1088/1106 1795/1088/1107 1774/1088/1107
f 1774/1088/1107 1795/1088/1107 1796/1088/1108 1775/1088/1108
f 1775/1088/1108 1796/1088/1108 1797/1088/1109 1776/1088/1109
f 1776/1088/1109 1797/1088/1109 1798/1088/1110 1777/1088/1110
f 1777/1088/1110 1798/1088/1110 1799/1088/1111 1778/1088/1111
f 1778/1088/1111 1799/1088/1111 1800/1088/1112 1779/1088/1112
f 1779/1088/1112 1800/1088/1112 1791/1088/1113 1780/1088/1113
f 1780/1088/1113 1791/1088/1113 1801/1088/1114 1781/1088/1114
f 1781/1088/1114 1801/1088/1114 1792/1088/1115 1782/1088/1115
f 1782/1088/1115 1792/1088/1115 1802/1088/1116 1783/1088/1116
f 1783/1088/1116 1802/1088/1116 1803/1088/1117 1784/1088/1117
f 1784/1088/1117 1803/1088/1117 1804/1088/1118 1785/1088/1118
f 1785/1088/1118 1804/1088/1118 1805/1088/1119 1786/1088/1119
f 1786/1088/1119 1805/1088/1119 1806/1088/1120 1787/1088/1120
f 1787/1088/1120 1806/1088/1120 1807/1088/1121 1788/1088/1121
f 1788/1088/1121 1807/1088/1121 1808/1088/1122 1789/1088/1122
f 1789/1088/1122 1808/1088/1122 1809/1088/1123 1790/1088/1123
f 1790/1088/1123 1809/1088/1123 1793/1088/1105 1772/1088/1105
f 1793/1088/1105 1812/1088/1105 1813/1088/1106 1794/1088/1106
f 1794/1088/1106 1813/1088/1106 1814/1088/1107 1795/1088/1107
f 1795/1088/1107 1814/1088/1107 1815/1088/1108 1796/1088/1108
f 1796/1088/1108 1815/1088/1108 1816/1088/1109 1797/1088/1109
f 1797/1088/1109 1816/1088/1109 1817/1088/1110 1798/1088/1110
f 1798/1088/1110 1817/1088/1110 1818/1088/1111 1799/1088/1111
f 1799/1088/1111 1818/1088/1111 1819/1088/1112 1800/1088/1112
f 1800/1088/1112 1819/1088/1112 1820/1088/1113 1791/1088/1113
f 1791/1088/1113 1820/1088/1113 1821/1088/1114 1801/1088/1114
f 1801/1088/1114 1821/1088/1114 1822/1088/1115 1792/1088/1115
f 1792/1088/1115 1822/1088/1115 1823/1088/1116 1802/1088/1116
f 1802/1088/1116 1823/1088/1116 1824/1088/1117 1803/1088/1117
f 1803/1088/1117 1824/1088/1117 1810/1088/1118 1804/1088/1118
f 1804/1088/1118 1810/1088/1118 1825/1088/1119 1805/1088/1119
f 1805/1088/1119 1825/1088/1119 1811/1088/1120 1806/1088/1120
f 1806/1088/1120 1811/1088/1120 1826/1088/1121 1807/1088/1121
f 1807/1088/1121 1826/1088/1121 1827/1088/1122 1808/1088/1122
f 1808/1088/1122 1827/1088/1122 1828/1088/1123 1809/1088/1123
f 1809/1088/1123 1828/1088/1123 1812/1088/1105 1793/1088/1105
f 1812/1088/1105 1829/1088/1105 1840/1088/1106 1813/1088/1106
f 1813/1088/1106 1840/1088/1106 1841/1088/1107 1814/1088/1107
f 1814/1088/1107 1841/1088/1107 1830/1088/1108 1815/1088/1108
f 1815/1088/1108 1830/1088/1108 1831/1088/1109 1816/1088/1109
f 1816/1088/1109 1831/1088/1109 1832/1088/1110 1817/1088/1110
f 1817/1088/1110 1832/1088/1110 1833/1088/1111 1818/1088/1111
f 1818/1088/1111 1833/1088/1111 1842/1088/1112 1819/1088/1112
f 1819/1088/1112 1842/1088/1112 1834/1088/1113 1820/1088/1113
f 1820/1088/1113 1834/1088/1113 1835/1088/1114 1821/1088/1114
f 1821/1088/1114 1835/1088/1114 1836/1088/1115 1822/1088/1115
f 1822/1088/1115 1836/1088/1115 1837/1088/1116 1823/1088/1116
f 1823/1088/1116 1837/1088/1116 1843/1088/1117 1824/1088/1117
f 1824/1088/1117 1843/1088/1117 1844/1088/1118 1810/1088/1118
f 1810/1088/1118 1844/1088/1118 1838/1088/1119 1825/1088/1119
f 1825/1088/1119 1838/1088/1119 1845/1088/1120 1811/1088/1120
f 1811/1088/1120 1845/1088/1120 1846/1088/1121 1826/1088/1121
f 1826/1088/1121 1846/1088/1121 1839/1088/1122 1827/1088/1122
f 1827/1088/1122 1839/1088/1122 1847/1088/1123 1828/1088/1123
f 1828/1088/1123 1847/1088/1123 1829/1088/1105 1812/1088/1105
f 1829/1088/1105 1848/1088/1105 1860/1088/1124 1840/1088/1106
f 1840/1088/1106 1860/1088/1124 1861/1088/1107 1841/1088/1107
f 1841/1088/1107 1861/1088/1107 1849/1088/1108 1830/1088/1108
f 1830/1088/1108 1849/1088/1108 1850/1088/1109 1831/1088/1109
f 1831/1088/1109 1850/1088/1109 1862/1088/1110 1832/1088/1110
f 1832/1088/1110 1862/1088/1110 1851/1088/1111 1833/1088/1111
f 1833/1088/1111 1851/1088/1111 1852/1088/1112 1842/1088/1112
f 1842/1088/1112 1852/1088/1112 1863/1088/1113 1834/1088/1113
f 1834/1088/1113 1863/1088/1113 1864/1088/1114 1835/1088/1114
f 1835/1088/1114 1864/1088/1114 1853/1088/1115 1836/1088/1115
f 1836/1088/1115 1853/1088/1115 1854/1088/1116 1837/1088/1116
f 1837/1088/1116 1854/1088/1116 1855/1088/1117 1843/1088/1117
f 1843/1088/1117 1855/1088/1117 1856/1088/1118 1844/1088/1118
f 1844/1088/1118 1856/1088/1118 1857/1088/1119 1838/1088/1119
f 1838/1088/1119 1857/1088/1119 1858/1088/1120 1845/1088/1120
f 1845/1088/1120 1858/1088/1120 1859/1088/1121 1846/1088/1121
f 1846/1088/1121 1859/1088/1121 1865/1088/1122 1839/1088/1122
f 1839/1088/1122 1865/1088/1122 1866/1088/1123 1847/1088/1123
f 1847/1088/1123 1866/1088/1123 1848/1088/1105 1829/1088/1105
f 1848/1088/1105 1881/1088/1105 1867/1088/1106 1860/1088/1124
f 1860/1088/1124 1867/1088/1106 1868/1088/1107 1861/1088/1107
f 1861/1088/1107 1868/1088/1107 1882/1088/1108 1849/1088/1108
f 1849/1088/1108 1882/1088/1108 1883/1088/1125 1850/1088/1109
f 1850/1088/1109 1883/1088/1125 1869/1088/1110 1862/1088/1110
f 1862/1088/1110 1869/1088/1110 1870/1088/1111 1851/1088/1111
f 1851/1088/1111 1870/1088/1111 1871/1088/1112 1852/1088/1112
f 1852/1088/1112 1871/1088/1112 1872/1088/1113 1863/1088/1113
f 1863/1088/1113 1872/1088/1113 1873/1088/1114 1864/1088/1114
f 1864/1088/1114 1873/1088/1114 1874/1088/1115 1853/1088/1115
f 1853/1088/1115 1874/1088/1115 1875/1088/1116 1854/1088/1116
f 1854/1088/1116 1875/1088/1116 1876/1088/1117 1855/1088/1117
f 1855/1088/1117 1876/1088/1117 1884/1088/1118 1856/1088/1118
f 1856/1088/1118 1884/1088/1118 1877/1088/1119 1857/1088/1119
f 1857/1088/1119 1877/1088/1119 1878/1088/1120 1858/1088/1120
f 1858/1088/1120 1878/1088/1120 1885/1088/1121 1859/1088/1121
f 1859/1088/1121 1885/1088/1121 1879/1088/1126 1865/1088/1122
f 1865/1088/1122 1879/1088/1126 1880/1088/1123 1866/1088/1123
f 1866/1088/1123 1880/1088/1123 1881/1088/1105 1848/1088/1105
f 1881/1088/1105 1886/1088/1105 1895/1088/1106 1867/1088/1106
f 1867/1088/1106 1895/1088/1106 1896/1088/1107 1868/1088/1107
f 1868/1088/1107 1896/1088/1107 1897/1088/1108 1882/1088/1108
f 1882/1088/1108 1897/1088/1108 1898/1088/1109 1883/1088/1125
f 1883/1088/1125 1898/1088/1109 1899/1088/1110 1869/1088/1110
f 1869/1088/1110 1899/1088/1110 1887/1088/1111 1870/1088/1111
f 1870/1088/1111 1887/1088/1111 1900/1088/1112 1871/1088/1112
f 1871/1088/1112 1900/1088/1112 1901/1088/1113 1872/1088/1113
f 1872/1088/1113 1901/1088/1113 1902/1088/1114 1873/1088/1114
f 1873/1088/1114 1902/1088/1114 1903/1088/1115 1874/1088/1115
f 1874/1088/1115 1903/1088/1115 1904/1088/1127 1875/1088/1116
f 1875/1088/1116 1904/1088/1127 1888/1088/1117 1876/1088/1117
f 1876/1088/1117 1888/1088/1117 1889/1088/1118 1884/1088/1118
f 1884/1088/1118 1889/1088/1118 1890/1088/1119 1877/1088/1119
f 1877/1088/1119 1890/1088/1119 1891/1088/1120 1878/1088/1120
f 1878/1088/1120 1891/1088/1120 1892/1088/1121 1885/1088/1121
f 1885/1088/1121 1892/1088/1121 1893/1088/1122 1879/1088/1126
f 1879/1088/1126 1893/1088/1122 1894/1088/1123 1880/1088/1123
f 1880/1088/1123 1894/1088/1123 1886/1088/1105 1881/1088/1105
f 1886/1088/1105 1909/1088/1105 1910/1088/1124 1895/1088/1106
f 1895/1088/1106 1910/1088/1124 1911/1088/1107 1896/1088/1107
f 1896/1088/1107 1911/1088/1107 1912/1088/1108 1897/1088/1108
f 1897/1088/1108 1912/1088/1108 1913/1088/1109 1898/1088/1109
f 1898/1088/1109 1913/1088/1109 1905/1088/1110 1899/1088/1110
f 1899/1088/1110 1905/1088/1110 1914/1088/1111 1887/1088/1111
f 1887/1088/1111 1914/1088/1111 1906/1088/1112 1900/1088/1112
f 1900/1088/1112 1906/1088/1112 1907/1088/1113 1901/1088/1113
f 1901/1088/1113 1907/1088/1113 1908/1088/1114 1902/1088/1114
f 1902/1088/1114 1908/1088/1114 1915/1088/1115 1903/1088/1115
f 1903/1088/1115 1915/1088/1115 1916/1088/1116 1904/1088/1127
f 1904/1088/1127 1916/1088/1116 1917/1088/1117 1888/1088/1117
f 1888/1088/1117 1917/1088/1117 1918/1088/1118 1889/1088/1118
f 1889/1088/1118 1918/1088/1118 1919/1088/1119 1890/1088/1119
f 1890/1088/1119 1919/1088/1119 1920/1088/1120 1891/1088/1120
f 1891/1088/1120 1920/1088/1120 1921/1088/1121 1892/1088/1121
f 1892/1088/1121 1921/1088/1121 1922/1088/1122 1893/1088/1122
f 1893/1088/1122 1922/1088/1122 1923/1088/1123 1894/1088/1123
f 1894/1088/1123 1923/1088/1123 1909/1088/1105 1886/1088/1105
f 1909/1088/1105 1929/1088/1105 1924/1088/1106 1910/1088/1124
f 1910/1088/1124 1924/1088/1106 1925/1088/1107 1911/1088/1107
f 1911/1088/1107 1925/1088/1107 1926/1088/1108 1912/1088/1108
f 1912/1088/1108 1926/1088/1108 1927/1088/1109 1913/1088/1109
f 1913/1088/1109 1927/1088/1109 1930/1088/1110 1905/1088/1110
f 1905/1088/1110 1930/1088/1110 1928/1088/1111 1914/1088/1111
f 1914/1088/1111 1928/1088/1111 1931/1088/1112 1906/1088/1112
f 1906/1088/1112 1931/1088/1112 1932/1088/1113 1907/1088/1113
f 1907/1088/1113 1932/1088/1113 1933/1088/1114 1908/1088/1114
f 1908/1088/1114 1933/1088/1114 1934/1088/1115 1915/1088/1115
f 1915/1088/1115 1934/1088/1115 1935/1088/1116 1916/1088/1116
f 1916/1088/1116 1935/1088/1116 1936/1088/1117 1917/1088/1117
f 1917/1088/1117 1936/1088/1117 1937/1088/1118 1918/1088/1118
f 1918/1088/1118 1937/1088/1118 1938/1088/1119 1919/1088/1119
f 1919/1088/1119 1938/1088/1119 1939/1088/1120 1920/1088/1120
f 1920/1088/1120 1939/1088/1120 1940/1088/1121 1921/1088/1121
f 1921/1088/1121 1940/1088/1121 1941/1088/1122 1922/1088/1122
f 1922/1088/1122 1941/1088/1122 1942/1088/1123 1923/1088/1123
f 1923/1088/1123 1942/1088/1123 1929/1088/1105 1909/1088/1105
f 1929/1088/1105 1946/1088/1105 1947/1088/1106 1924/1088/1106
f 1924/1088/1106 1947/1088/1106 1948/1088/1107 1925/1088/1107
f 1925/1088/1107 1948/1088/1107 1949/1088/1108 1926/1088/1108
f 1926/1088/1108 1949/1088/1108 1950/1088/1109 1927/1088/1109
f 1927/1088/1109 1950/1088/1109 1951/1088/1110 1930/1088/1110
f 1930/1088/1110 1951/1088/1110 1943/1088/1111 1928/1088/1111
f 1928/1088/1111 1943/1088/1111 1944/1088/1112 1931/1088/1112
f 1931/1088/1112 1944/1088/1112 1952/1088/1113 1932/1088/1113
f 1932/1088/1113 1952/1088/1113 1945/1088/1114 1933/1088/1114
f 1933/1088/1114 1945/1088/1114 1953/1088/1115 1934/1088/1115
f 1934/1088/1115 1953/1088/1115 1954/1088/1116 1935/1088/1116
f 1935/1088/1116 1954/1088/1116 1955/1088/1117 1936/1088/1117
f 1936/1088/1117 1955/1088/1117 1956/1088/1118 1937/1088/1118
f 1937/1088/1118 1956/1088/1118 1957/1088/1119 1938/1088/1119
f 1938/1088/1119 1957/1088/1119 1958/1088/1120 1939/1088/1120
f 1939/1088/1120 1958/1088/1120 1959/1088/1121 1940/1088/1121
f 1940/1088/1121 1959/1088/1121 1960/1088/1122 1941/1088/1122
f 1941/1088/1122 1960/1088/1122 1961/1088/1123 1942/1088/1123
f 1942/1088/1123 1961/1088/1123 1946/1088/1105 1929/1088/1105
f 1946/1088/1105 1964/1088/1105 1965/1088/1124 1947/1088/1106
f 1947/1088/1106 1965/1088/1124 1966/1088/1107 1948/1088/1107
f 1948/1088/1107 1966/1088/1107 1967/1088/1108 1949/1088/1108
f 1949/1088/1108 1967/1088/1108 1968/1088/1109 1950/1088/1109
f 1950/1088/1109 1968/1088/1109 1969/1088/1110 1951/1088/1110
f 1951/1088/1110 1969/1088/1110 1970/1088/1111 1943/1088/1111
f 1943/1088/1111 1970/1088/1111 1971/1088/1112 1944/1088/1112
f 1944/1088/1112 1971/1088/1112 1972/1088/1113 1952/1088/1113
f 1952/1088/1113 1972/1088/1113 1973/1088/1114 1945/1088/1114
f 1945/1088/1114 1973/1088/1114 1974/1088/1115 1953/1088/1115
f 1953/1088/1115 1974/1088/1115 1975/1088/1116 1954/1088/1116
f 1954/1088/1116 1975/1088/1116 1962/1088/1117 1955/1088/1117
f 1955/1088/1117 1962/1088/1117 1976/1088/1118 1956/1088/1118
f 1956/1088/1118 1976/1088/1118 1977/1088/1119 1957/1088/1119
f 1957/1088/1119 1977/1088/1119 1978/1088/1120 1958/1088/1120
f 1958/1088/1120 1978/1088/1120 1979/1088/1121 1959/1088/1121
f 1959/1088/1121 1979/1088/1121 1980/1088/1126 1960/1088/1122
f 1960/1088/1122 1980/1088/1126 1963/1088/1123 1961/1088/1123
f 1961/1088/1123 1963/1088/1123 1964/1088/1105 1946/1088/1105
f 1964/1088/1105 1981/1088/1105 6961/1088/1124 1965/1088/1124
f 1965/1088/1124 6961/1088/1124 1982/1088/1107 1966/1088/1107
f 1966/1088/1107 1982/1088/1107 6962/1088/1108 1967/1088/1108
f 1967/1088/1108 6962/1088/1108 1983/1088/1109 1968/1088/1109
f 1968/1088/1109 1983/1088/1109 6963/1088/1110 1969/1088/1110
f 1969/1088/1110 6963/1088/1110 6964/1088/1111 1970/1088/1111
f 1970/1088/1111 6964/1088/1111 6965/1088/1112 1971/1088/1112
f 1971/1088/1112 6965/1088/1112 6966/1088/1113 1972/1088/1113
f 1972/1088/1113 6966/1088/1113 1984/1088/1128 1973/1088/1114
f 1973/1088/1114 1984/1088/1128 1985/1088/1115 1974/1088/1115
f 1974/1088/1115 1985/1088/1115 6967/1088/1116 1975/1088/1116
f 1975/1088/1116 6967/1088/1116 6968/1088/1117 1962/1088/1117
f 1962/1088/1117 6968/1088/1117 1986/1088/1118 1976/1088/1118
f 1976/1088/1118 1986/1088/1118 1987/1088/1119 1977/1088/1119
f 1977/1088/1119 1987/1088/1119 1988/1088/1120 1978/1088/1120
f 1978/1088/1120 1988/1088/1120 1989/1088/1121 1979/1088/1121
f 1979/1088/1121 1989/1088/1121 1990/1088/1126 1980/1088/1126
f 1980/1088/1126 1990/1088/1126 1991/1088/1123 1963/1088/1123
f 1963/1088/1123 1991/1088/1123 1981/1088/1105 1964/1088/1105
usemtl Oxygen
f 2974/52/25 2973/46/25 2010/47/25 2011/53/25
f 2007/54/1129 2006/48/1129 2037/49/1129 2038/55/1129
f 1999/56/27 1998/50/27 2024/51/27 2025/57/27
f 2975/58/28 2974/52/28 2011/53/28 2012/59/28
f 2504/60/29 2007/54/30 2038/55/29
f 2981/61/31 1999/56/31 2025/57/31 2026/62/31
f 2976/63/32 2975/58/32 2012/59/32 2013/64/32
f 2982/2/1130 2981/61/1130 2026/62/1130 2027/3/1130
f 1992/6/34 2976/63/34 2013/64/34 2014/7/34
f 2000/1/1 2982/2/1 2027/3/1 2028/4/1
f 2977/5/2 1992/6/2 2014/7/2 2015/8/2
f 2001/9/3 2000/1/3 2028/4/3 2029/10/3
f 1993/11/4 2977/5/4 2015/8/4 2016/12/4
f 2002/13/5 2001/9/5 2029/10/5 2030/14/5
f 2978/15/6 1993/11/6 2016/12/6 2017/16/6
f 2983/17/7 2002/13/7 2030/14/7 2031/18/7
f 2979/19/8 2978/15/8 2017/16/8 2018/20/8
f 2003/21/9 2983/17/9 2031/18/9 2032/22/9
f 1994/23/10 2979/19/10 2018/20/10 2019/24/10
f 2004/25/11 2003/21/11 2032/22/11 2033/26/11
f 1995/27/1131 1994/23/1131 2019/24/1131 2020/28/1131
f 2005/29/13 2004/25/13 2033/26/13 2034/30/13
f 1996/31/14 1995/27/14 2020/28/14 2021/32/14
f 2971/33/15 2505/34/15 2008/35/16
f 2984/36/17 2005/29/17 2034/30/17 2035/37/17
f 1997/38/18 1996/31/18 2021/32/18 2022/39/18
f 2972/40/1132 2971/33/1132 2008/35/1132 2009/41/1132
f 2985/42/20 2984/36/20 2035/37/20 2036/43/20
f 2980/44/21 1997/38/21 2022/39/21 2023/45/21
f 2973/46/22 2972/40/22 2009/41/22 2010/47/22
f 2006/48/23 2985/42/23 2036/43/23 2037/49/23
f 1998/50/24 2980/44/24 2023/45/24 2024/51/24
f 2019/24/59 2018/20/59 2049/90/59 2050/92/59
f 2033/26/60 2032/22/60 2063/91/60 2064/93/60
f 2020/28/61 2019/24/61 2050/92/61 2051/94/61
f 2034/30/62 2033/26/62 2064/93/62 2065/95/62
f 2021/32/63 2020/28/63 2051/94/63 2052/96/63
f 2008/35/64 2505/97/65 2039/65/65
f 2035/37/66 2034/30/66 2065/95/66 2066/67/66
f 2022/39/67 2021/32/67 2052/96/67 2053/69/67
f 2009/41/35 2008/35/35 2039/65/35 2040/66/35
f 2036/43/36 2035/37/36 2066/67/36 2067/68/36
f 2023/45/37 2022/39/37 2053/69/37 2054/70/37
f 2010/47/38 2009/41/38 2040/66/38 2041/71/38
f 2037/49/39 2036/43/39 2067/68/39 2068/72/39
f 2024/51/40 2023/45/40 2054/70/40 2055/73/40
f 2011/53/41 2010/47/41 2041/71/41 2042/74/41
f 2038/55/42 2037/49/42 2068/72/42 2069/75/42
f 2025/57/43 2024/51/43 2055/73/43 2056/76/43
f 2012/59/44 2011/53/44 2042/74/44 2043/77/44
f 2504/78/29 2038/55/29 2069/75/45
f 2026/62/46 2025/57/46 2056/76/46 2057/79/46
f 2013/64/47 2012/59/47 2043/77/47 2044/80/47
f 2027/3/48 2026/62/48 2057/79/48 2058/81/48
f 2014/7/49 2013/64/49 2044/80/49 2045/82/49
f 2028/4/50 2027/3/50 2058/81/50 2059/83/50
f 2015/8/1133 2014/7/1133 2045/82/1133 2046/84/1133
f 2029/10/52 2028/4/52 2059/83/52 2060/85/52
f 2016/12/53 2015/8/53 2046/84/53 2047/86/53
f 2030/14/54 2029/10/54 2060/85/54 2061/87/54
f 2017/16/55 2016/12/55 2047/86/55 2048/88/55
f 2031/18/56 2030/14/56 2061/87/56 2062/89/56
f 2018/20/57 2017/16/57 2048/88/57 2049/90/57
f 2032/22/1134 2031/18/1134 2062/89/1134 2063/91/1134
f 2052/96/91 2051/94/91 2082/121/91 2083/123/91
f 2039/65/65 2505/124/65 2070/125/92
f 2066/67/1135 2065/95/1135 2096/122/1135 2097/126/1135
f 2053/69/94 2052/96/94 2083/123/94 2084/127/94
f 2040/66/95 2039/65/95 2070/125/95 2071/128/95
f 2067/68/96 2066/67/96 2097/126/96 2098/129/96
f 2054/70/97 2053/69/97 2084/127/97 2085/130/97
f 2041/71/98 2040/66/98 2071/128/98 2072/98/98
f 2068/72/99 2067/68/99 2098/129/99 2099/100/99
f 2055/73/100 2054/70/100 2085/130/100 2086/102/100
f 2042/74/68 2041/71/68 2072/98/68 2073/99/68
f 2069/75/69 2068/72/69 2099/100/69 2100/101/69
f 2056/76/70 2055/73/70 2086/102/70 2087/103/70
f 2043/77/1136 2042/74/1136 2073/99/1136 2074/104/1136
f 2504/105/72 2069/75/73 2100/101/72
f 2057/79/74 2056/76/74 2087/103/74 2088/106/74
f 2044/80/75 2043/77/75 2074/104/75 2075/107/75
f 2058/81/1137 2057/79/1137 2088/106/1137 2089/108/1137
f 2045/82/77 2044/80/77 2075/107/77 2076/109/77
f 2059/83/78 2058/81/78 2089/108/78 2090/110/78
f 2046/84/79 2045/82/79 2076/109/79 2077/111/79
f 2060/85/80 2059/83/80 2090/110/80 2091/112/80
f 2047/86/81 2046/84/81 2077/111/81 2078/113/81
f 2061/87/82 2060/85/82 2091/112/82 2092/114/82
f 2048/88/83 2047/86/83 2078/113/83 2079/115/83
f 2062/89/84 2061/87/84 2092/114/84 2093/116/84
f 2049/90/85 2048/88/85 2079/115/85 2080/117/85
f 2063/91/86 2062/89/86 2093/116/86 2094/118/86
f 2050/92/87 2049/90/87 2080/117/87 2081/119/87
f 2064/93/88 2063/91/88 2094/118/88 2095/120/88
f 2051/94/1138 2050/92/1138 2081/119/1138 2082/121/1138
f 2065/95/90 2064/93/90 2095/120/90 2096/122/90
f 2085/130/124 2084/127/124 2115/153/124 2116/156/124
f 2072/98/1139 2071/128/1139 2102/154/1139 2103/157/1139
f 2099/100/1140 2098/129/1140 2129/155/1140 2130/158/1140
f 2086/102/127 2085/130/127 2116/156/127 2117/159/127
f 2073/99/128 2072/98/128 2103/157/128 2104/160/128
f 2100/101/129 2099/100/129 2130/158/129 2131/161/129
f 2087/103/130 2086/102/130 2117/159/130 2118/162/130
f 2074/104/131 2073/99/131 2104/160/131 2105/131/131
f 2504/163/72 2100/101/72 2131/161/132
f 2088/106/133 2087/103/133 2118/162/133 2119/133/133
f 2075/107/101 2074/104/101 2105/131/101 2106/132/101
f 2089/108/1141 2088/106/1141 2119/133/1141 2120/134/1141
f 2076/109/103 2075/107/103 2106/132/103 2107/135/103
f 2090/110/104 2089/108/104 2120/134/104 2121/136/104
f 2077/111/105 2076/109/105 2107/135/105 2108/137/105
f 2091/112/106 2090/110/106 2121/136/106 2122/138/106
f 2078/113/107 2077/111/107 2108/137/107 2109/139/107
f 2092/114/1142 2091/112/1142 2122/138/1142 2123/140/1142
f 2079/115/1143 2078/113/1143 2109/139/1143 2110/141/1143
f 2093/116/110 2092/114/110 2123/140/110 2124/142/110
f 2080/117/111 2079/115/111 2110/141/111 2111/143/111
f 2094/118/112 2093/116/112 2124/142/112 2125/144/112
f 2081/119/113 2080/117/113 2111/143/113 2112/145/113
f 2095/120/114 2094/118/114 2125/144/114 2126/146/114
f 2082/121/1144 2081/119/1144 2112/145/1144 2113/147/1144
f 2096/122/116 2095/120/116 2126/146/116 2127/148/116
f 2083/123/117 2082/121/117 2113/147/117 2114/149/117
f 2070/125/118 2505/150/119 2101/151/119
f 2097/126/120 2096/122/120 2127/148/120 2128/152/120
f 2084/127/121 2083/123/121 2114/149/121 2115/153/121
f 2071/128/122 2070/125/122 2101/151/122 2102/154/122
f 2098/129/123 2097/126/123 2128/152/123 2129/155/123
f 2118/162/158 2117/159/158 2148/188/158 2149/191/158
f 2105/131/159 2104/160/159 2135/189/159 2136/192/159
f 2504/193/160 2131/161/161 2162/190/160
f 2119/133/162 2118/162/162 2149/191/162 2150/194/162
f 2106/132/163 2105/131/163 2136/192/163 2137/195/163
f 2120/134/1145 2119/133/1145 2150/194/1145 2151/196/1145
f 2107/135/165 2106/132/165 2137/195/165 2138/164/165
f 2121/136/166 2120/134/166 2151/196/166 2152/166/166
f 2108/137/134 2107/135/134 2138/164/134 2139/165/134
f 2122/138/135 2121/136/135 2152/166/135 2153/167/135
f 2109/139/136 2108/137/136 2139/165/136 2140/168/136
f 2123/140/1146 2122/138/1146 2153/167/1146 2154/169/1146
f 2110/141/1147 2109/139/1147 2140/168/1147 2141/170/1147
f 2124/142/139 2123/140/139 2154/169/139 2155/171/139
f 2111/143/140 2110/141/140 2141/170/140 2142/172/140
f 2125/144/141 2124/142/141 2155/171/141 2156/173/141
f 2112/145/142 2111/143/142 2142/172/142 2143/174/142
f 2126/146/143 2125/144/143 2156/173/143 2157/175/143
f 2113/147/1148 2112/145/1148 2143/174/1148 2144/176/1148
f 2127/148/145 2126/146/145 2157/175/145 2158/177/145
f 2114/149/146 2113/147/146 2144/176/146 2145/178/146
f 2101/151/119 2505/179/119 2132/180/147
f 2128/152/148 2127/148/148 2158/177/148 2159/181/148
f 2115/153/149 2114/149/149 2145/178/149 2146/182/149
f 2102/154/150 2101/151/150 2132/180/150 2133/183/150
f 2129/155/151 2128/152/151 2159/181/151 2160/184/151
f 2116/156/152 2115/153/152 2146/182/152 2147/185/152
f 2103/157/1149 2102/154/1149 2133/183/1149 2134/186/1149
f 2130/158/1150 2129/155/1150 2160/184/1150 2161/187/1150
f 2117/159/155 2116/156/155 2147/185/155 2148/188/155
f 2104/160/156 2103/157/156 2134/186/156 2135/189/156
f 2131/161/157 2130/158/157 2161/187/157 2162/190/157
f 2151/196/1151 2150/194/1151 2181/223/1151 2182/225/1151
f 2138/164/194 2137/195/194 2168/224/194 2169/226/194
f 2152/166/195 2151/196/195 2182/225/195 2183/227/195
f 2139/165/196 2138/164/196 2169/226/196 2170/228/196
f 2153/167/197 2152/166/197 2183/227/197 2184/229/197
f 2140/168/198 2139/165/198 2170/228/198 2171/197/198
f 2154/169/1152 2153/167/1152 2184/229/1152 2185/199/1152
f 2141/170/1153 2140/168/1153 2171/197/1153 2172/198/1153
f 2155/171/168 2154/169/168 2185/199/168 2186/200/168
f 2142/172/169 2141/170/169 2172/198/169 2173/201/169
f 2156/173/170 2155/171/170 2186/200/170 2187/202/170
f 2143/174/171 2142/172/171 2173/201/171 2174/203/171
f 2157/175/172 2156/173/172 2187/202/172 2188/204/172
f 2144/176/1154 2143/174/1154 2174/203/1154 2175/205/1154
f 2158/177/174 2157/175/174 2188/204/174 2189/206/174
f 2145/178/175 2144/176/175 2175/205/175 2176/207/175
f 2132/180/1155 2505/208/177 2163/209/177
f 2159/181/1156 2158/177/1156 2189/206/1156 2190/210/1156
f 2146/182/179 2145/178/179 2176/207/179 2177/211/179
f 2133/183/180 2132/180/180 2163/209/180 2164/212/180
f 2160/184/181 2159/181/181 2190/210/181 2191/213/181
f 2147/185/182 2146/182/182 2177/211/182 2178/214/182
f 2134/186/183 2133/183/183 2164/212/183 2165/215/183
f 2161/187/184 2160/184/184 2191/213/184 2192/216/184
f 2148/188/185 2147/185/185 2178/214/185 2179/217/185
f 2135/189/186 2134/186/186 2165/215/186 2166/218/186
f 2162/190/187 2161/187/187 2192/216/187 2193/219/187
f 2149/191/188 2148/188/188 2179/217/188 2180/220/188
f 2136/192/1157 2135/189/1157 2166/218/1157 2167/221/1157
f 2504/222/160 2162/190/160 2193/219/190
f 2150/194/191 2149/191/191 2180/220/191 2181/223/191
f 2137/195/192 2136/192/192 2167/221/192 2168/224/192
f 2184/229/226 2183/227/226 2214/256/226 2215/258/226
f 2171/197/227 2170/228/227 2201/257/227 2202/259/227
f 2185/199/228 2184/229/228 2215/258/228 2216/260/228
f 2172/198/229 2171/197/229 2202/259/229 2203/261/229
f 2186/200/230 2185/199/230 2216/260/230 2217/262/230
f 2173/201/231 2172/198/231 2203/261/231 2204/230/231
f 2187/202/1158 2186/200/1158 2217/262/1158 2218/232/1158
f 2174/203/200 2173/201/200 2204/230/200 2205/231/200
f 2188/204/201 2187/202/201 2218/232/201 2219/233/201
f 2175/205/1159 2174/203/1159 2205/231/1159 2206/234/1159
f 2189/206/203 2188/204/203 2219/233/203 2220/235/203
f 2176/207/204 2175/205/204 2206/234/204 2207/236/204
f 2163/209/177 2505/237/177 2194/238/205
f 2190/210/206 2189/206/206 2220/235/206 2221/239/206
f 2177/211/207 2176/207/207 2207/236/207 2208/240/207
f 2164/212/208 2163/209/208 2194/238/208 2195/241/208
f 2191/213/209 2190/210/209 2221/239/209 2222/242/209
f 2178/214/210 2177/211/210 2208/240/210 2209/243/210
f 2165/215/1160 2164/212/1160 2195/241/1160 2196/244/1160
f 2192/216/1161 2191/213/1161 2222/242/1161 2223/245/1161
f 2179/217/213 2178/214/213 2209/243/213 2210/246/213
f 2166/218/214 2165/215/214 2196/244/214 2197/247/214
f 2193/219/215 2192/216/215 2223/245/215 2224/248/215
f 2180/220/216 2179/217/216 2210/246/216 2211/249/216
f 2167/221/217 2166/218/217 2197/247/217 2198/250/217
f 2504/251/218 2193/219/219 2224/248/218
f 2181/223/220 2180/220/220 2211/249/220 2212/252/220
f 2168/224/221 2167/221/221 2198/250/221 2199/253/221
f 2182/225/1162 2181/223/1162 2212/252/1162 2213/254/1162
f 2169/226/223 2168/224/223 2199/253/223 2200/255/223
f 2183/227/224 2182/225/224 2213/254/224 2214/256/224
f 2170/228/1163 2169/226/1163 2200/255/1163 2201/257/1163
f 2217/262/259 2216/260/259 2247/289/259 2248/291/259
f 2204/230/260 2203/261/260 2234/290/260 2235/292/260
f 2218/232/261 2217/262/261 2248/291/261 2249/293/261
f 2205/231/262 2204/230/262 2235/292/262 2236/294/262
f 2219/233/263 2218/232/263 2249/293/263 2250/295/263
f 2206/234/1164 2205/231/1164 2236/294/1164 2237/263/1164
f 2220/235/1165 2219/233/1165 2250/295/1165 2251/267/1165
f 2207/236/233 2206/234/233 2237/263/233 2238/264/233
f 2194/238/234 2505/265/235 2225/266/235
f 2221/239/236 2220/235/236 2251/267/236 2252/268/236
f 2208/240/237 2207/236/237 2238/264/237 2239/269/237
f 2195/241/1166 2194/238/1166 2225/266/1166 2226/270/1166
f 2222/242/239 2221/239/239 2252/268/239 2253/271/239
f 2209/243/240 2208/240/240 2239/269/240 2240/272/240
f 2196/244/1167 2195/241/1167 2226/270/1167 2227/273/1167
f 2223/245/242 2222/242/242 2253/271/242 2254/274/242
f 2210/246/243 2209/243/243 2240/272/243 2241/275/243
f 2197/247/244 2196/244/244 2227/273/244 2228/276/244
f 2224/248/245 2223/245/245 2254/274/245 2255/277/245
f 2211/249/246 2210/246/246 2241/275/246 2242/278/246
f 2198/250/247 2197/247/247 2228/276/247 2229/279/247
f 2504/280/218 2224/248/218 2255/277/248
f 2212/252/249 2211/249/249 2242/278/249 2243/281/249
f 2199/253/1168 2198/250/1168 2229/279/1168 2230/282/1168
f 2213/254/1169 2212/252/1169 2243/281/1169 2244/283/1169
f 2200/255/252 2199/253/252 2230/282/252 2231/284/252
f 2214/256/253 2213/254/253 2244/283/253 2245/285/253
f 2201/257/254 2200/255/254 2231/284/254 2232/286/254
f 2215/258/255 2214/256/255 2245/285/255 2246/287/255
f 2202/259/256 2201/257/256 2232/286/256 2233/288/256
f 2216/260/257 2215/258/257 2246/287/257 2247/289/257
f 2203/261/258 2202/259/258 2233/288/258 2234/290/258
f 2250/295/290 2249/293/290 2280/320/290 2281/322/290
f 2237/263/1170 2236/294/1170 2267/321/1170 2268/323/1170
f 2251/267/1171 2250/295/1171 2281/322/1171 2282/324/1171
f 2238/264/293 2237/263/293 2268/323/293 2269/325/293
f 2225/266/235 2505/326/235 2256/327/294
f 2252/268/295 2251/267/295 2282/324/295 2283/328/295
f 2239/269/296 2238/264/296 2269/325/296 2270/296/296
f 2226/270/1172 2225/266/1172 2256/327/1172 2257/298/1172
f 2253/271/298 2252/268/298 2283/328/298 2284/300/298
f 2240/272/266 2239/269/266 2270/296/266 2271/297/266
f 2227/273/1173 2226/270/1173 2257/298/1173 2258/299/1173
f 2254/274/268 2253/271/268 2284/300/268 2285/301/268
f 2241/275/269 2240/272/269 2271/297/269 2272/302/269
f 2228/276/270 2227/273/270 2258/299/270 2259/303/270
f 2255/277/271 2254/274/271 2285/301/271 2286/304/271
f 2242/278/272 2241/275/272 2272/302/272 2273/305/272
f 2229/279/273 2228/276/273 2259/303/273 2260/306/273
f 2504/307/274 2255/277/275 2286/304/274
f 2243/281/276 2242/278/276 2273/305/276 2274/308/276
f 2230/282/1174 2229/279/1174 2260/306/1174 2261/309/1174
f 2244/283/1175 2243/281/1175 2274/308/1175 2275/310/1175
f 2231/284/279 2230/282/279 2261/309/279 2262/311/279
f 2245/285/280 2244/283/280 2275/310/280 2276/312/280
f 2232/286/281 2231/284/281 2262/311/281 2263/313/281
f 2246/287/282 2245/285/282 2276/312/282 2277/314/282
f 2233/288/283 2232/286/283 2263/313/283 2264/315/283
f 2247/289/284 2246/287/284 2277/314/284 2278/316/284
f 2234/290/285 2233/288/285 2264/315/285 2265/317/285
f 2248/291/286 2247/289/286 2278/316/286 2279/318/286
f 2235/292/287 2234/290/287 2265/317/287 2266/319/287
f 2249/293/288 2248/291/288 2279/318/288 2280/320/288
f 2236/294/289 2235/292/289 2266/319/289 2267/321/289
f 2283/328/1176 2282/324/1176 2313/351/1176 2314/355/1176
f 2270/296/323 2269/325/323 2300/352/323 2301/356/323
f 2257/298/324 2256/327/324 2287/354/324 2288/357/324
f 2284/300/325 2283/328/325 2314/355/325 2315/358/325
f 2271/297/326 2270/296/326 2301/356/326 2302/359/326
f 2258/299/1177 2257/298/1177 2288/357/1177 2289/360/1177
f 2285/301/328 2284/300/328 2315/358/328 2316/361/328
f 2272/302/329 2271/297/329 2302/359/329 2303/329/329
f 2259/303/330 2258/299/330 2289/360/330 2290/331/330
f 2286/304/331 2285/301/331 2316/361/331 2317/334/331
f 2273/305/299 2272/302/299 2303/329/299 2304/330/299
f 2260/306/1178 2259/303/1178 2290/331/1178 2291/332/1178
f 2504/333/274 2286/304/274 2317/334/301
f 2274/308/302 2273/305/302 2304/330/302 2305/335/302
f 2261/309/303 2260/306/303 2291/332/303 2292/336/303
f 2275/310/1179 2274/308/1179 2305/335/1179 2306/337/1179
f 2262/311/305 2261/309/305 2292/336/305 2293/338/305
f 2276/312/1180 2275/310/1180 2306/337/1180 2307/339/1180
f 2263/313/1181 2262/311/1181 2293/338/1181 2294/340/1181
f 2277/314/308 2276/312/308 2307/339/308 2308/341/308
f 2264/315/309 2263/313/309 2294/340/309 2295/342/309
f 2278/316/1182 2277/314/1182 2308/341/1182 2309/343/1182
f 2265/317/1183 2264/315/1183 2295/342/1183 2296/344/1183
f 2279/318/312 2278/316/312 2309/343/312 2310/345/312
f 2266/319/313 2265/317/313 2296/344/313 2297/346/313
f 2280/320/1184 2279/318/1184 2310/345/1184 2311/347/1184
f 2267/321/1185 2266/319/1185 2297/346/1185 2298/348/1185
f 2281/322/316 2280/320/316 2311/347/316 2312/349/316
f 2268/323/1186 2267/321/1186 2298/348/1186 2299/350/1186
f 2282/324/318 2281/322/318 2312/349/318 2313/351/318
f 2269/325/319 2268/323/319 2299/350/319 2300/352/319
f 2256/327/320 2505/353/321 2287/354/321
f 2316/361/1187 2315/358/1187 2346/385/1187 2347/388/1187
f 2303/329/356 2302/359/356 2333/386/356 2334/389/356
f 2290/331/357 2289/360/357 2320/387/357 2321/390/357
f 2317/334/358 2316/361/358 2347/388/358 2348/391/358
f 2304/330/359 2303/329/359 2334/389/359 2335/392/359
f 2291/332/1188 2290/331/1188 2321/390/1188 2322/393/1188
f 2504/394/361 2317/334/362 2348/391/361
f 2305/335/363 2304/330/363 2335/392/363 2336/362/363
f 2292/336/364 2291/332/364 2322/393/364 2323/364/364
f 2306/337/1189 2305/335/1189 2336/362/1189 2337/363/1189
f 2293/338/333 2292/336/333 2323/364/333 2324/365/333
f 2307/339/334 2306/337/334 2337/363/334 2338/366/334
f 2294/340/335 2293/338/335 2324/365/335 2325/367/335
f 2308/341/336 2307/339/336 2338/366/336 2339/368/336
f 2295/342/337 2294/340/337 2325/367/337 2326/369/337
f 2309/343/338 2308/341/338 2339/368/338 2340/370/338
f 2296/344/339 2295/342/339 2326/369/339 2327/371/339
f 2310/345/340 2309/343/340 2340/370/340 2341/372/340
f 2297/346/341 2296/344/341 2327/371/341 2328/373/341
f 2311/347/342 2310/345/342 2341/372/342 2342/374/342
f 2298/348/343 2297/346/343 2328/373/343 2329/375/343
f 2312/349/344 2311/347/344 2342/374/344 2343/376/344
f 2299/350/1190 2298/348/1190 2329/375/1190 2330/377/1190
f 2313/351/346 2312/349/346 2343/376/346 2344/378/346
f 2300/352/347 2299/350/347 2330/377/347 2331/379/347
f 2287/354/321 2505/380/321 2318/381/1191
f 2314/355/1192 2313/351/1192 2344/378/1192 2345/382/1192
f 2301/356/350 2300/352/350 2331/379/350 2332/383/350
f 2288/357/351 2287/354/351 2318/381/351 2319/384/351
f 2315/358/352 2314/355/352 2345/382/352 2346/385/352
f 2302/359/353 2301/356/353 2332/383/353 2333/386/353
f 2289/360/1193 2288/357/1193 2319/384/1193 2320/387/1193
f 2504/423/361 2348/391/361 2379/420/391
f 2336/362/392 2335/392/392 2366/421/392 2367/424/392
f 2323/364/393 2322/393/393 2353/422/393 2354/425/393
f 2337/363/1194 2336/362/1194 2367/424/1194 2368/426/1194
f 2324/365/395 2323/364/395 2354/425/395 2355/427/395
f 2338/366/396 2337/363/396 2368/426/396 2369/395/396
f 2325/367/397 2324/365/397 2355/427/397 2356/397/397
f 2339/368/365 2338/366/365 2369/395/365 2370/396/365
f 2326/369/366 2325/367/366 2356/397/366 2357/398/366
f 2340/370/1195 2339/368/1195 2370/396/1195 2371/399/1195
f 2327/371/1196 2326/369/1196 2357/398/1196 2358/400/1196
f 2341/372/369 2340/370/369 2371/399/369 2372/401/369
f 2328/373/370 2327/371/370 2358/400/370 2359/402/370
f 2342/374/371 2341/372/371 2372/401/371 2373/403/371
f 2329/375/372 2328/373/372 2359/402/372 2360/404/372
f 2343/376/373 2342/374/373 2373/403/373 2374/405/373
f 2330/377/1197 2329/375/1197 2360/404/1197 2361/406/1197
f 2344/378/375 2343/376/375 2374/405/375 2375/407/375
f 2331/379/376 2330/377/376 2361/406/376 2362/408/376
f 2318/381/377 2505/409/378 2349/410/378
f 2345/382/379 2344/378/379 2375/407/379 2376/411/379
f 2332/383/380 2331/379/380 2362/408/380 2363/412/380
f 2319/384/381 2318/381/381 2349/410/381 2350/413/381
f 2346/385/382 2345/382/382 2376/411/382 2377/414/382
f 2333/386/383 2332/383/383 2363/412/383 2364/415/383
f 2320/387/1198 2319/384/1198 2350/413/1198 2351/416/1198
f 2347/388/1199 2346/385/1199 2377/414/1199 2378/417/1199
f 2334/389/386 2333/386/386 2364/415/386 2365/418/386
f 2321/390/387 2320/387/387 2351/416/387 2352/419/387
f 2348/391/388 2347/388/388 2378/417/388 2379/420/388
f 2335/392/389 2334/389/389 2365/418/389 2366/421/389
f 2322/393/390 2321/390/390 2352/419/390 2353/422/390
f 2369/395/425 2368/426/425 2399/455/425 2400/457/425
f 2356/397/426 2355/427/426 2386/456/426 2387/458/426
f 2370/396/427 2369/395/427 2400/457/427 2401/459/427
f 2357/398/428 2356/397/428 2387/458/428 2388/460/428
f 2371/399/1200 2370/396/1200 2401/459/1200 2402/428/1200
f 2358/400/1201 2357/398/1201 2388/460/1201 2389/430/1201
f 2372/401/398 2371/399/398 2402/428/398 2403/429/398
f 2359/402/399 2358/400/399 2389/430/399 2390/431/399
f 2373/403/400 2372/401/400 2403/429/400 2404/432/400
f 2360/404/401 2359/402/401 2390/431/401 2391/433/401
f 2374/405/402 2373/403/402 2404/432/402 2405/434/402
f 2361/406/1202 2360/404/1202 2391/433/1202 2392/435/1202
f 2375/407/404 2374/405/404 2405/434/404 2406/436/404
f 2362/408/405 2361/406/405 2392/435/405 2393/437/405
f 2349/410/378 2505/438/378 2380/439/406
f 2376/411/407 2375/407/407 2406/436/407 2407/440/407
f 2363/412/408 2362/408/408 2393/437/408 2394/441/408
f 2350/413/409 2349/410/409 2380/439/409 2381/442/409
f 2377/414/410 2376/411/410 2407/440/410 2408/443/410
f 2364/415/411 2363/412/411 2394/441/411 2395/444/411
f 2351/416/1203 2350/413/1203 2381/442/1203 2382/445/1203
f 2378/417/1204 2377/414/1204 2408/443/1204 2409/446/1204
f 2365/418/414 2364/415/414 2395/444/414 2396/447/414
f 2352/419/415 2351/416/415 2382/445/415 2383/448/415
f 2379/420/416 2378/417/416 2409/446/416 2410/449/416
f 2366/421/417 2365/418/417 2396/447/417 2397/450/417
f 2353/422/418 2352/419/418 2383/448/418 2384/451/418
f 2504/452/419 2379/420/420 2410/449/419
f 2367/424/421 2366/421/421 2397/450/421 2398/453/421
f 2354/425/422 2353/422/422 2384/451/422 2385/454/422
f 2368/426/1205 2367/424/1205 2398/453/1205 2399/455/1205
f 2355/427/424 2354/425/424 2385/454/424 2386/456/424
f 2402/428/1206 2401/459/1206 2432/488/1206 2433/490/1206
f 2389/430/1207 2388/460/1207 2419/489/1207 2420/491/1207
f 2403/429/460 2402/428/460 2433/490/460 2434/492/460
f 2390/431/461 2389/430/461 2420/491/461 2421/493/461
f 2404/432/462 2403/429/462 2434/492/462 2435/461/462
f 2391/433/1208 2390/431/1208 2421/493/1208 2422/463/1208
f 2405/434/431 2404/432/431 2435/461/431 2436/462/431
f 2392/435/1209 2391/433/1209 2422/463/1209 2423/464/1209
f 2406/436/433 2405/434/433 2436/462/433 2437/465/433
f 2393/437/434 2392/435/434 2423/464/434 2424/466/434
f 2380/439/435 2505/467/436 2411/468/436
f 2407/440/1210 2406/436/1210 2437/465/1210 2438/469/1210
f 2394/441/438 2393/437/438 2424/466/438 2425/470/438
f 2381/442/439 2380/439/439 2411/468/439 2412/471/439
f 2408/443/440 2407/440/440 2438/469/440 2439/472/440
f 2395/444/441 2394/441/441 2425/470/441 2426/473/441
f 2382/445/442 2381/442/442 2412/471/442 2413/474/442
f 2409/446/443 2408/443/443 2439/472/443 2440/475/443
f 2396/447/444 2395/444/444 2426/473/444 2427/476/444
f 2383/448/445 2382/445/445 2413/474/445 2414/477/445
f 2410/449/446 2409/446/446 2440/475/446 2441/478/446
f 2397/450/447 2396/447/447 2427/476/447 2428/479/447
f 2384/451/1211 2383/448/1211 2414/477/1211 2415/480/1211
f 2504/481/419 2410/449/419 2441/478/449
f 2398/453/450 2397/450/450 2428/479/450 2429/482/450
f 2385/454/451 2384/451/451 2415/480/451 2416/483/451
f 2399/455/1212 2398/453/1212 2429/482/1212 2430/484/1212
f 2386/456/453 2385/454/453 2416/483/453 2417/485/453
f 2400/457/1213 2399/455/1213 2430/484/1213 2431/486/1213
f 2387/458/455 2386/456/455 2417/485/455 2418/487/455
f 2401/459/456 2400/457/456 2431/486/456 2432/488/456
f 2388/460/457 2387/458/457 2418/487/457 2419/489/457
f 2435/461/1214 2434/492/1214 2465/520/1214 2466/522/1214
f 2422/463/1215 2421/493/1215 2452/521/1215 2453/523/1215
f 2436/462/492 2435/461/492 2466/522/492 2467/524/492
f 2423/464/1216 2422/463/1216 2453/523/1216 2454/525/1216
f 2437/465/494 2436/462/494 2467/524/494 2468/494/494
f 2424/466/495 2423/464/495 2454/525/495 2455/496/495
f 2411/468/436 2505/526/436 2442/498/496
f 2438/469/464 2437/465/464 2468/494/464 2469/495/464
f 2425/470/465 2424/466/465 2455/496/465 2456/497/465
f 2412/471/466 2411/468/466 2442/498/466 2443/499/466
f 2439/472/467 2438/469/467 2469/495/467 2470/500/467
f 2426/473/468 2425/470/468 2456/497/468 2457/501/468
f 2413/474/469 2412/471/469 2443/499/469 2444/502/469
f 2440/475/470 2439/472/470 2470/500/470 2471/503/470
f 2427/476/471 2426/473/471 2457/501/471 2458/504/471
f 2414/477/472 2413/474/472 2444/502/472 2445/505/472
f 2441/478/473 2440/475/473 2471/503/473 2472/506/473
f 2428/479/474 2427/476/474 2458/504/474 2459/507/474
f 2415/480/475 2414/477/475 2445/505/475 2446/508/475
f 2504/509/476 2441/478/477 2472/506/476
f 2429/482/478 2428/479/478 2459/507/478 2460/510/478
f 2416/483/479 2415/480/479 2446/508/479 2447/511/479
f 2430/484/1217 2429/482/1217 2460/510/1217 2461/512/1217
f 2417/485/481 2416/483/481 2447/511/481 2448/513/481
f 2431/486/1218 2430/484/1218 2461/512/1218 2462/514/1218
f 2418/487/1219 2417/485/1219 2448/513/1219 2449/515/1219
f 2432/488/484 2431/486/484 2462/514/484 2463/516/484
f 2419/489/485 2418/487/485 2449/515/485 2450/517/485
f 2433/490/1220 2432/488/1220 2463/516/1220 2464/518/1220
f 2420/491/1221 2419/489/1221 2450/517/1221 2451/519/1221
f 2434/492/488 2433/490/488 2464/518/488 2465/520/488
f 2421/493/489 2420/491/489 2451/519/489 2452/521/489
f 2468/494/1222 2467/524/1222 2498/551/1222 2499/553/1222
f 2455/496/521 2454/525/521 2485/552/521 2486/554/521
f 2442/498/522 2505/555/523 2473/556/523
f 2469/495/524 2468/494/524 2499/553/524 2500/557/524
f 2456/497/525 2455/496/525 2486/554/525 2487/558/525
f 2443/499/526 2442/498/526 2473/556/526 2474/559/526
f 2470/500/527 2469/495/527 2500/557/527 2501/527/527
f 2457/501/528 2456/497/528 2487/558/528 2488/529/528
f 2444/502/529 2443/499/529 2474/559/529 2475/531/529
f 2471/503/1223 2470/500/1223 2501/527/1223 2502/528/1223
f 2458/504/498 2457/501/498 2488/529/498 2489/530/498
f 2445/505/499 2444/502/499 2475/531/499 2476/532/499
f 2472/506/500 2471/503/500 2502/528/500 2503/533/500
f 2459/507/501 2458/504/501 2489/530/501 2490/534/501
f 2446/508/502 2445/505/502 2476/532/502 2477/535/502
f 2504/536/476 2472/506/476 2503/533/503
f 2460/510/504 2459/507/504 2490/534/504 2491/537/504
f 2447/511/1224 2446/508/1224 2477/535/1224 2478/538/1224
f 2461/512/1225 2460/510/1225 2491/537/1225 2492/539/1225
f 2448/513/507 2447/511/507 2478/538/507 2479/540/507
f 2462/514/508 2461/512/508 2492/539/508 2493/541/508
f 2449/515/509 2448/513/509 2479/540/509 2480/542/509
f 2463/516/510 2462/514/510 2493/541/510 2494/543/510
f 2450/517/511 2449/515/511 2480/542/511 2481/544/511
f 2464/518/1226 2463/516/1226 2494/543/1226 2495/545/1226
f 2451/519/1227 2450/517/1227 2481/544/1227 2482/546/1227
f 2465/520/514 2464/518/514 2495/545/514 2496/547/514
f 2452/521/515 2451/519/515 2482/546/515 2483/548/515
f 2466/522/516 2465/520/516 2496/547/516 2497/549/516
f 2453/523/517 2452/521/517 2483/548/517 2484/550/517
f 2467/524/518 2466/522/518 2497/549/518 2498/551/518
f 2454/525/1228 2453/523/1228 2484/550/1228 2485/552/1228
f 2474/559/553 2473/556/553 2506/583/553 2507/586/553
f 2501/527/554 2500/557/554 2533/584/554 2534/587/554
f 2488/529/555 2487/558/555 2520/585/555 2521/588/555
f 2475/531/556 2474/559/556 2507/586/556 2508/589/556
f 2502/528/557 2501/527/557 2534/587/557 2535/590/557
f 2489/530/558 2488/529/558 2521/588/558 2522/591/558
f 2476/532/559 2475/531/559 2508/589/559 2509/592/559
f 2503/533/560 2502/528/560 2535/590/560 2536/561/560
f 2490/534/561 2489/530/561 2522/591/561 2523/562/561
f 2477/535/562 2476/532/562 2509/592/562 2510/564/562
f 2504/560/530 2503/533/531 2536/561/530
f 2491/537/532 2490/534/532 2523/562/532 2524/563/532
f 2478/538/1229 2477/535/1229 2510/564/1229 2511/565/1229
f 2492/539/1230 2491/537/1230 2524/563/1230 2525/566/1230
f 2479/540/535 2478/538/535 2511/565/535 2512/567/535
f 2493/541/536 2492/539/536 2525/566/536 2526/568/536
f 2480/542/537 2479/540/537 2512/567/537 2513/569/537
f 2494/543/538 2493/541/538 2526/568/538 2527/570/538
f 2481/544/539 2480/542/539 2513/569/539 2514/571/539
f 2495/545/1231 2494/543/1231 2527/570/1231 2528/572/1231
f 2482/546/1232 2481/544/1232 2514/571/1232 2515/573/1232
f 2496/547/542 2495/545/542 2528/572/542 2529/574/542
f 2483/548/543 2482/546/543 2515/573/543 2516/575/543
f 2497/549/544 2496/547/544 2529/574/544 2530/576/544
f 2484/550/545 2483/548/545 2516/575/545 2517/577/545
f 2498/551/546 2497/549/546 2530/576/546 2531/578/546
f 2485/552/1233 2484/550/1233 2517/577/1233 2518/579/1233
f 2499/553/1234 2498/551/1234 2531/578/1234 2532/580/1234
f 2486/554/549 2485/552/549 2518/579/549 2519/581/549
f 2473/556/523 2505/582/523 2506/583/550
f 2500/557/551 2499/553/551 2532/580/551 2533/584/551
f 2487/558/552 2486/554/552 2519/581/552 2520/585/552
f 2509/592/587 2508/589/587 2539/616/587 2540/619/587
f 2536/561/588 2535/590/588 2566/617/588 2567/620/588
f 2523/562/589 2522/591/589 2553/618/589 2554/621/589
f 2510/564/590 2509/592/590 2540/619/590 2541/622/590
f 2504/623/530 2536/561/530 2567/620/591
f 2524/563/592 2523/562/592 2554/621/592 2555/624/592
f 2511/565/593 2510/564/593 2541/622/593 2542/625/593
f 2525/566/1235 2524/563/1235 2555/624/1235 2556/593/1235
f 2512/567/595 2511/565/595 2542/625/595 2543/595/595
f 2526/568/563 2525/566/563 2556/593/563 2557/594/563
f 2513/569/564 2512/567/564 2543/595/564 2544/596/564
f 2527/570/565 2526/568/565 2557/594/565 2558/597/565
f 2514/571/566 2513/569/566 2544/596/566 2545/598/566
f 2528/572/567 2527/570/567 2558/597/567 2559/599/567
f 2515/573/568 2514/571/568 2545/598/568 2546/600/568
f 2529/574/569 2528/572/569 2559/599/569 2560/601/569
f 2516/575/570 2515/573/570 2546/600/570 2547/602/570
f 2530/576/571 2529/574/571 2560/601/571 2561/603/571
f 2517/577/572 2516/575/572 2547/602/572 2548/604/572
f 2531/578/573 2530/576/573 2561/603/573 2562/605/573
f 2518/579/1236 2517/577/1236 2548/604/1236 2549/606/1236
f 2532/580/575 2531/578/575 2562/605/575 2563/607/575
f 2519/581/576 2518/579/576 2549/606/576 2550/608/576
f 2506/583/577 2505/609/578 2537/610/578
f 2533/584/579 2532/580/579 2563/607/579 2564/611/579
f 2520/585/580 2519/581/580 2550/608/580 2551/612/580
f 2507/586/581 2506/583/581 2537/610/581 2538/613/581
f 2534/587/582 2533/584/582 2564/611/582 2565/614/582
f 2521/588/583 2520/585/583 2551/612/583 2552/615/583
f 2508/589/584 2507/586/584 2538/613/584 2539/616/584
f 2535/590/585 2534/587/585 2565/614/585 2566/617/585
f 2522/591/586 2521/588/586 2552/615/586 2553/618/586
f 2542/625/622 2541/622/622 2572/651/622 2573/654/622
f 2556/593/1237 2555/624/1237 2586/653/1237 2587/655/1237
f 2543/595/624 2542/625/624 2573/654/624 2574/656/624
f 2557/594/625 2556/593/625 2587/655/625 2588/657/625
f 2544/596/626 2543/595/626 2574/656/626 2575/658/626
f 2558/597/627 2557/594/627 2588/657/627 2589/626/627
f 2545/598/628 2544/596/628 2575/658/628 2576/628/628
f 2559/599/596 2558/597/596 2589/626/596 2590/627/596
f 2546/600/597 2545/598/597 2576/628/597 2577/629/597
f 2560/601/598 2559/599/598 2590/627/598 2591/630/598
f 2547/602/599 2546/600/599 2577/629/599 2578/631/599
f 2561/603/600 2560/601/600 2591/630/600 2592/632/600
f 2548/604/601 2547/602/601 2578/631/601 2579/633/601
f 2562/605/602 2561/603/602 2592/632/602 2593/634/602
f 2549/606/1238 2548/604/1238 2579/633/1238 2580/635/1238
f 2563/607/604 2562/605/604 2593/634/604 2594/636/604
f 2550/608/605 2549/606/605 2580/635/605 2581/637/605
f 2537/610/578 2505/638/578 2568/639/606
f 2564/611/1239 2563/607/1239 2594/636/1239 2595/640/1239
f 2551/612/608 2550/608/608 2581/637/608 2582/641/608
f 2538/613/609 2537/610/609 2568/639/609 2569/642/609
f 2565/614/610 2564/611/610 2595/640/610 2596/643/610
f 2552/615/611 2551/612/611 2582/641/611 2583/644/611
f 2539/616/1240 2538/613/1240 2569/642/1240 2570/645/1240
f 2566/617/1241 2565/614/1241 2596/643/1241 2597/646/1241
f 2553/618/614 2552/615/614 2583/644/614 2584/647/614
f 2540/619/615 2539/616/615 2570/645/615 2571/648/615
f 2567/620/616 2566/617/616 2597/646/616 2598/649/616
f 2554/621/617 2553/618/617 2584/647/617 2585/650/617
f 2541/622/1242 2540/619/1242 2571/648/1242 2572/651/1242
f 2504/652/619 2567/620/620 2598/649/619
f 2555/624/621 2554/621/621 2585/650/621 2586/653/621
f 2575/658/655 2574/656/655 2605/685/655 2606/687/655
f 2589/626/656 2588/657/656 2619/686/656 2620/688/656
f 2576/628/657 2575/658/657 2606/687/657 2607/689/657
f 2590/627/1243 2589/626/1243 2620/688/1243 2621/690/1243
f 2577/629/1244 2576/628/1244 2607/689/1244 2608/691/1244
f 2591/630/660 2590/627/660 2621/690/660 2622/659/660
f 2578/631/661 2577/629/661 2608/691/661 2609/661/661
f 2592/632/629 2591/630/629 2622/659/629 2623/660/629
f 2579/633/630 2578/631/630 2609/661/630 2610/662/630
f 2593/634/631 2592/632/631 2623/660/631 2624/663/631
f 2580/635/1245 2579/633/1245 2610/662/1245 2611/664/1245
f 2594/636/633 2593/634/633 2624/663/633 2625/665/633
f 2581/637/634 2580/635/634 2611/664/634 2612/666/634
f 2568/639/635 2505/667/636 2599/668/636
f 2595/640/637 2594/636/637 2625/665/637 2626/669/637
f 2582/641/638 2581/637/638 2612/666/638 2613/670/638
f 2569/642/639 2568/639/639 2599/668/639 2600/671/639
f 2596/643/640 2595/640/640 2626/669/640 2627/672/640
f 2583/644/641 2582/641/641 2613/670/641 2614/673/641
f 2570/645/1246 2569/642/1246 2600/671/1246 2601/674/1246
f 2597/646/1247 2596/643/1247 2627/672/1247 2628/675/1247
f 2584/647/644 2583/644/644 2614/673/644 2615/676/644
f 2571/648/645 2570/645/645 2601/674/645 2602/677/645
f 2598/649/646 2597/646/646 2628/675/646 2629/678/646
f 2585/650/647 2584/647/647 2615/676/647 2616/679/647
f 2572/651/648 2571/648/648 2602/677/648 2603/680/648
f 2504/681/619 2598/649/619 2629/678/649
f 2586/653/650 2585/650/650 2616/679/650 2617/682/650
f 2573/654/651 2572/651/651 2603/680/651 2604/683/651
f 2587/655/1248 2586/653/1248 2617/682/1248 2618/684/1248
f 2574/656/653 2573/654/653 2604/683/653 2605/685/653
f 2588/657/654 2587/655/654 2618/684/654 2619/686/654
f 2608/691/1249 2607/689/1249 2638/718/1249 2639/720/1249
f 2622/659/689 2621/690/689 2652/719/689 2653/721/689
f 2609/661/690 2608/691/690 2639/720/690 2640/722/690
f 2623/660/691 2622/659/691 2653/721/691 2654/723/691
f 2610/662/692 2609/661/692 2640/722/692 2641/724/692
f 2624/663/693 2623/660/693 2654/723/693 2655/692/693
f 2611/664/1250 2610/662/1250 2641/724/1250 2642/694/1250
f 2625/665/662 2624/663/662 2655/692/662 2656/693/662
f 2612/666/663 2611/664/663 2642/694/663 2643/695/663
f 2599/668/636 2505/696/636 2630/697/664
f 2626/669/665 2625/665/665 2656/693/665 2657/698/665
f 2613/670/666 2612/666/666 2643/695/666 2644/699/666
f 2600/671/667 2599/668/667 2630/697/667 2631/700/667
f 2627/672/668 2626/669/668 2657/698/668 2658/701/668
f 2614/673/669 2613/670/669 2644/699/669 2645/702/669
f 2601/674/1251 2600/671/1251 2631/700/1251 2632/703/1251
f 2628/675/1252 2627/672/1252 2658/701/1252 2659/704/1252
f 2615/676/672 2614/673/672 2645/702/672 2646/705/672
f 2602/677/673 2601/674/673 2632/703/673 2633/706/673
f 2629/678/674 2628/675/674 2659/704/674 2660/707/674
f 2616/679/675 2615/676/675 2646/705/675 2647/708/675
f 2603/680/676 2602/677/676 2633/706/676 2634/709/676
f 2504/710/677 2629/678/678 2660/707/677
f 2617/682/679 2616/679/679 2647/708/679 2648/711/679
f 2604/683/680 2603/680/680 2634/709/680 2635/712/680
f 2618/684/1253 2617/682/1253 2648/711/1253 2649/713/1253
f 2605/685/682 2604/683/682 2635/712/682 2636/714/682
f 2619/686/683 2618/684/683 2649/713/683 2650/715/683
f 2606/687/684 2605/685/684 2636/714/684 2637/716/684
f 2620/688/685 2619/686/685 2650/715/685 2651/717/685
f 2607/689/686 2606/687/686 2637/716/686 2638/718/686
f 2621/690/1254 2620/688/1254 2651/717/1254 2652/719/1254
f 2641/724/719 2640/722/719 2671/750/719 2672/752/719
f 2655/692/720 2654/723/720 2685/751/720 2686/753/720
f 2642/694/1255 2641/724/1255 2672/752/1255 2673/754/1255
f 2656/693/722 2655/692/722 2686/753/722 2687/755/722
f 2643/695/723 2642/694/723 2673/754/723 2674/756/723
f 2630/697/1256 2505/757/725 2661/725/725
f 2657/698/1257 2656/693/1257 2687/755/1257 2688/727/1257
f 2644/699/727 2643/695/727 2674/756/727 2675/729/727
f 2631/700/695 2630/697/695 2661/725/695 2662/726/695
f 2658/701/696 2657/698/696 2688/727/696 2689/728/696
f 2645/702/697 2644/699/697 2675/729/697 2676/730/697
f 2632/703/698 2631/700/698 2662/726/698 2663/731/698
f 2659/704/699 2658/701/699 2689/728/699 2690/732/699
f 2646/705/700 2645/702/700 2676/730/700 2677/733/700
f 2633/706/701 2632/703/701 2663/731/701 2664/734/701
f 2660/707/702 2659/704/702 2690/732/702 2691/735/702
f 2647/708/703 2646/705/703 2677/733/703 2678/736/703
f 2634/709/1258 2633/706/1258 2664/734/1258 2665/737/1258
f 2504/738/677 2660/707/677 2691/735/705
f 2648/711/706 2647/708/706 2678/736/706 2679/739/706
f 2635/712/707 2634/709/707 2665/737/707 2666/740/707
f 2649/713/1259 2648/711/1259 2679/739/1259 2680/741/1259
f 2636/714/709 2635/712/709 2666/740/709 2667/742/709
f 2650/715/710 2649/713/710 2680/741/710 2681/743/710
f 2637/716/711 2636/714/711 2667/742/711 2668/744/711
f 2651/717/1260 2650/715/1260 2681/743/1260 2682/745/1260
f 2638/718/713 2637/716/713 2668/744/713 2669/746/713
f 2652/719/1261 2651/717/1261 2682/745/1261 2683/747/1261
f 2639/720/715 2638/718/715 2669/746/715 2670/748/715
f 2653/721/716 2652/719/716 2683/747/716 2684/749/716
f 2640/722/717 2639/720/717 2670/748/717 2671/750/717
f 2654/723/718 2653/721/718 2684/749/718 2685/751/718
f 2674/756/751 2673/754/751 2704/781/751 2705/783/751
f 2661/725/725 2505/784/725 2692/785/752
f 2688/727/753 2687/755/753 2718/782/753 2719/786/753
f 2675/729/754 2674/756/754 2705/783/754 2706/787/754
f 2662/726/755 2661/725/755 2692/785/755 2693/788/755
f 2689/728/756 2688/727/756 2719/786/756 2720/789/756
f 2676/730/757 2675/729/757 2706/787/757 2707/790/757
f 2663/731/758 2662/726/758 2693/788/758 2694/758/758
f 2690/732/759 2689/728/759 2720/789/759 2721/760/759
f 2677/733/760 2676/730/760 2707/790/760 2708/762/760
f 2664/734/728 2663/731/728 2694/758/728 2695/759/728
f 2691/735/729 2690/732/729 2721/760/729 2722/761/729
f 2678/736/730 2677/733/730 2708/762/730 2709/763/730
f 2665/737/731 2664/734/731 2695/759/731 2696/764/731
f 2504/765/732 2691/735/733 2722/761/732
f 2679/739/734 2678/736/734 2709/763/734 2710/766/734
f 2666/740/735 2665/737/735 2696/764/735 2697/767/735
f 2680/741/736 2679/739/736 2710/766/736 2711/768/736
f 2667/742/737 2666/740/737 2697/767/737 2698/769/737
f 2681/743/738 2680/741/738 2711/768/738 2712/770/738
f 2668/744/739 2667/742/739 2698/769/739 2699/771/739
f 2682/745/740 2681/743/740 2712/770/740 2713/772/740
f 2669/746/741 2668/744/741 2699/771/741 2700/773/741
f 2683/747/742 2682/745/742 2713/772/742 2714/774/742
f 2670/748/743 2669/746/743 2700/773/743 2701/775/743
f 2684/749/744 2683/747/744 2714/774/744 2715/776/744
f 2671/750/745 2670/748/745 2701/775/745 2702/777/745
f 2685/751/746 2684/749/746 2715/776/746 2716/778/746
f 2672/752/747 2671/750/747 2702/777/747 2703/779/747
f 2686/753/748 2685/751/748 2716/778/748 2717/780/748
f 2673/754/749 2672/752/749 2703/779/749 2704/781/749
f 2687/755/750 2686/753/750 2717/780/750 2718/782/750
f 2707/790/784 2706/787/784 2737/813/784 2738/816/784
f 2694/758/1262 2693/788/1262 2724/814/1262 2725/817/1262
f 2721/760/786 2720/789/786 2751/815/786 2752/818/786
f 2708/762/787 2707/790/787 2738/816/787 2739/819/787
f 2695/759/788 2694/758/788 2725/817/788 2726/820/788
f 2722/761/1263 2721/760/1263 2752/818/1263 2753/821/1263
f 2709/763/790 2708/762/790 2739/819/790 2740/822/790
f 2696/764/791 2695/759/791 2726/820/791 2727/791/791
f 2504/823/732 2722/761/732 2753/821/792
f 2710/766/793 2709/763/793 2740/822/793 2741/793/793
f 2697/767/1264 2696/764/1264 2727/791/1264 2728/792/1264
f 2711/768/1265 2710/766/1265 2741/793/1265 2742/794/1265
f 2698/769/763 2697/767/763 2728/792/763 2729/795/763
f 2712/770/764 2711/768/764 2742/794/764 2743/796/764
f 2699/771/765 2698/769/765 2729/795/765 2730/797/765
f 2713/772/766 2712/770/766 2743/796/766 2744/798/766
f 2700/773/767 2699/771/767 2730/797/767 2731/799/767
f 2714/774/768 2713/772/768 2744/798/768 2745/800/768
f 2701/775/769 2700/773/769 2731/799/769 2732/801/769
f 2715/776/770 2714/774/770 2745/800/770 2746/802/770
f 2702/777/771 2701/775/771 2732/801/771 2733/803/771
f 2716/778/772 2715/776/772 2746/802/772 2747/804/772
f 2703/779/773 2702/777/773 2733/803/773 2734/805/773
f 2717/780/774 2716/778/774 2747/804/774 2748/806/774
f 2704/781/1266 2703/779/1266 2734/805/1266 2735/807/1266
f 2718/782/1267 2717/780/1267 2748/806/1267 2749/808/1267
f 2705/783/777 2704/781/777 2735/807/777 2736/809/777
f 2692/785/778 2505/810/779 2723/811/779
f 2719/786/780 2718/782/780 2749/808/780 2750/812/780
f 2706/787/781 2705/783/781 2736/809/781 2737/813/781
f 2693/788/1268 2692/785/1268 2723/811/1268 2724/814/1268
f 2720/789/783 2719/786/783 2750/812/783 2751/815/783
f 2740/877/818 2739/871/818 2770/872/818 2771/878/818
f 2727/879/819 2726/873/819 2757/874/819 2758/880/819
f 2504/881/820 2753/875/821 2784/876/820
f 2741/882/822 2740/877/822 2771/878/822 2772/883/822
f 2728/884/823 2727/879/823 2758/880/823 2759/885/823
f 2742/886/1269 2741/882/1269 2772/883/1269 2773/887/1269
f 2729/825/825 2728/884/825 2759/885/825 2760/826/825
f 2743/829/826 2742/886/826 2773/887/826 2774/830/826
f 2730/824/794 2729/825/794 2760/826/794 2761/827/794
f 2744/828/795 2743/829/795 2774/830/795 2775/831/795
f 2731/832/796 2730/824/796 2761/827/796 2762/833/796
f 2745/834/1270 2744/828/1270 2775/831/1270 2776/835/1270
f 2732/836/798 2731/832/798 2762/833/798 2763/837/798
f 2746/838/799 2745/834/799 2776/835/799 2777/839/799
f 2733/840/800 2732/836/800 2763/837/800 2764/841/800
f 2747/842/801 2746/838/801 2777/839/801 2778/843/801
f 2734/844/802 2733/840/802 2764/841/802 2765/845/802
f 2748/846/803 2747/842/803 2778/843/803 2779/847/803
f 2735/848/1271 2734/844/1271 2765/845/1271 2766/849/1271
f 2749/850/805 2748/846/805 2779/847/805 2780/851/805
f 2736/852/806 2735/848/806 2766/849/806 2767/853/806
f 2723/854/779 2505/855/779 2754/856/807
f 2750/857/808 2749/850/808 2780/851/808 2781/858/808
f 2737/859/809 2736/852/809 2767/853/809 2768/860/809
f 2724/861/1272 2723/854/1272 2754/856/1272 2755/862/1272
f 2751/863/811 2750/857/811 2781/858/811 2782/864/811
f 2738/865/812 2737/859/812 2768/860/812 2769/866/812
f 2725/867/1273 2724/861/1273 2755/862/1273 2756/868/1273
f 2752/869/1274 2751/863/1274 2782/864/1274 2783/870/1274
f 2739/871/815 2738/865/815 2769/866/815 2770/872/815
f 2726/873/816 2725/867/816 2756/868/816 2757/874/816
f 2753/875/1275 2752/869/1275 2783/870/1275 2784/876/1275
f 2773/887/1276 2772/883/1276 2803/914/1276 2804/916/1276
f 2760/826/854 2759/885/854 2790/915/854 2791/917/854
f 2774/830/855 2773/887/855 2804/916/855 2805/918/855
f 2761/827/856 2760/826/856 2791/917/856 2792/919/856
f 2775/831/857 2774/830/857 2805/918/857 2806/920/857
f 2762/833/858 2761/827/858 2792/919/858 2793/888/858
f 2776/835/859 2775/831/859 2806/920/859 2807/890/859
f 2763/837/827 2762/833/827 2793/888/827 2794/889/827
f 2777/839/828 2776/835/828 2807/890/828 2808/891/828
f 2764/841/829 2763/837/829 2794/889/829 2795/892/829
f 2778/843/830 2777/839/830 2808/891/830 2809/893/830
f 2765/845/831 2764/841/831 2795/892/831 2796/894/831
f 2779/847/832 2778/843/832 2809/893/832 2810/895/832
f 2766/849/1277 2765/845/1277 2796/894/1277 2797/896/1277
f 2780/851/834 2779/847/834 2810/895/834 2811/897/834
f 2767/853/835 2766/849/835 2797/896/835 2798/898/835
f 2754/856/836 2505/899/837 2785/900/837
f 2781/858/1278 2780/851/1278 2811/897/1278 2812/901/1278
f 2768/860/839 2767/853/839 2798/898/839 2799/902/839
f 2755/862/840 2754/856/840 2785/900/840 2786/903/840
f 2782/864/841 2781/858/841 2812/901/841 2813/904/841
f 2769/866/842 2768/860/842 2799/902/842 2800/905/842
f 2756/868/843 2755/862/843 2786/903/843 2787/906/843
f 2783/870/844 2782/864/844 2813/904/844 2814/907/844
f 2770/872/845 2769/866/845 2800/905/845 2801/908/845
f 2757/874/846 2756/868/846 2787/906/846 2788/909/846
f 2784/876/847 2783/870/847 2814/907/847 2815/910/847
f 2771/878/848 2770/872/848 2801/908/848 2802/911/848
f 2758/880/1279 2757/874/1279 2788/909/1279 2789/912/1279
f 2504/913/820 2784/876/820 2815/910/850
f 2772/883/851 2771/878/851 2802/911/851 2803/914/851
f 2759/885/852 2758/880/852 2789/912/852 2790/915/852
f 2811/897/872 2810/895/872 2841/933/872 2842/935/872
f 2798/898/873 2797/896/873 2828/934/873 2829/936/873
f 2785/900/837 2505/937/837 2816/938/1280
f 2812/901/1281 2811/897/1281 2842/935/1281 2843/939/1281
f 2799/902/876 2798/898/876 2829/936/876 2830/940/876
f 2786/903/877 2785/900/877 2816/938/877 2817/941/877
f 2813/904/878 2812/901/878 2843/939/878 2844/942/878
f 2800/905/879 2799/902/879 2830/940/879 2831/943/879
f 2787/906/880 2786/903/880 2817/941/880 2818/944/880
f 2814/907/881 2813/904/881 2844/942/881 2845/945/881
f 2801/908/882 2800/905/882 2831/943/882 2832/946/882
f 2788/909/883 2787/906/883 2818/944/883 2819/947/883
f 2815/910/884 2814/907/884 2845/945/884 2846/948/884
f 2802/911/885 2801/908/885 2832/946/885 2833/949/885
f 2789/912/1282 2788/909/1282 2819/947/1282 2820/950/1282
f 2504/951/887 2815/910/888 2846/948/887
f 2803/914/889 2802/911/889 2833/949/889 2834/952/889
f 2790/915/890 2789/912/890 2820/950/890 2821/953/890
f 2804/916/1283 2803/914/1283 2834/952/1283 2835/921/1283
f 2791/917/892 2790/915/892 2821/953/892 2822/923/892
f 2805/918/860 2804/916/860 2835/921/860 2836/922/860
f 2792/919/861 2791/917/861 2822/923/861 2823/924/861
f 2806/920/862 2805/918/862 2836/922/862 2837/925/862
f 2793/888/863 2792/919/863 2823/924/863 2824/926/863
f 2807/890/864 2806/920/864 2837/925/864 2838/927/864
f 2794/889/1284 2793/888/1284 2824/926/1284 2825/928/1284
f 2808/891/866 2807/890/866 2838/927/866 2839/929/866
f 2795/892/867 2794/889/867 2825/928/867 2826/930/867
f 2809/893/868 2808/891/868 2839/929/868 2840/931/868
f 2796/894/869 2795/892/869 2826/930/869 2827/932/869
f 2810/895/870 2809/893/870 2840/931/870 2841/933/870
f 2797/896/1285 2796/894/1285 2827/932/1285 2828/934/1285
f 2844/942/908 2843/939/908 2874/968/908 2875/971/908
f 2831/943/909 2830/940/909 2861/969/909 2862/972/909
f 2818/944/1286 2817/941/1286 2848/970/1286 2849/973/1286
f 2845/945/1287 2844/942/1287 2875/971/1287 2876/974/1287
f 2832/946/912 2831/943/912 2862/972/912 2863/975/912
f 2819/947/913 2818/944/913 2849/973/913 2850/976/913
f 2846/948/914 2845/945/914 2876/974/914 2877/977/914
f 2833/949/915 2832/946/915 2863/975/915 2864/978/915
f 2820/950/916 2819/947/916 2850/976/916 2851/979/916
f 2504/980/887 2846/948/887 2877/977/917
f 2834/952/918 2833/949/918 2864/978/918 2865/981/918
f 2821/953/919 2820/950/919 2851/979/919 2852/982/919
f 2835/921/1288 2834/952/1288 2865/981/1288 2866/983/1288
f 2822/923/921 2821/953/921 2852/982/921 2853/984/921
f 2836/922/922 2835/921/922 2866/983/922 2867/985/922
f 2823/924/923 2822/923/923 2853/984/923 2854/986/923
f 2837/925/924 2836/922/924 2867/985/924 2868/954/924
f 2824/926/925 2823/924/925 2854/986/925 2855/956/925
f 2838/927/1289 2837/925/1289 2868/954/1289 2869/955/1289
f 2825/928/1290 2824/926/1290 2855/956/1290 2856/957/1290
f 2839/929/895 2838/927/895 2869/955/895 2870/958/895
f 2826/930/896 2825/928/896 2856/957/896 2857/959/896
f 2840/931/897 2839/929/897 2870/958/897 2871/960/897
f 2827/932/898 2826/930/898 2857/959/898 2858/961/898
f 2841/933/899 2840/931/899 2871/960/899 2872/962/899
f 2828/934/1291 2827/932/1291 2858/961/1291 2859/963/1291
f 2842/935/901 2841/933/901 2872/962/901 2873/964/901
f 2829/936/902 2828/934/902 2859/963/902 2860/965/902
f 2816/938/903 2505/966/904 2847/967/904
f 2843/939/905 2842/935/905 2873/964/905 2874/968/905
f 2830/940/906 2829/936/906 2860/965/906 2861/969/906
f 2817/941/907 2816/938/907 2847/967/907 2848/970/907
f 2877/977/942 2876/974/942 2907/1003/942 2908/1006/942
f 2864/978/943 2863/975/943 2894/1004/943 2895/1007/943
f 2851/979/944 2850/976/944 2881/1005/944 2882/1008/944
f 2504/1009/945 2877/977/946 2908/1006/945
f 2865/981/947 2864/978/947 2895/1007/947 2896/1010/947
f 2852/982/948 2851/979/948 2882/1008/948 2883/1011/948
f 2866/983/1292 2865/981/1292 2896/1010/1292 2897/1012/1292
f 2853/984/950 2852/982/950 2883/1011/950 2884/1013/950
f 2867/985/951 2866/983/951 2897/1012/951 2898/1014/951
f 2854/986/952 2853/984/952 2884/1013/952 2885/1015/952
f 2868/954/953 2867/985/953 2898/1014/953 2899/1016/953
f 2855/956/954 2854/986/954 2885/1015/954 2886/1017/954
f 2869/955/1293 2868/954/1293 2899/1016/1293 2900/1018/1293
f 2856/957/1294 2855/956/1294 2886/1017/1294 2887/1019/1294
f 2870/958/957 2869/955/957 2900/1018/957 2901/987/957
f 2857/959/958 2856/957/958 2887/1019/958 2888/989/958
f 2871/960/926 2870/958/926 2901/987/926 2902/988/926
f 2858/961/927 2857/959/927 2888/989/927 2889/990/927
f 2872/962/928 2871/960/928 2902/988/928 2903/991/928
f 2859/963/1295 2858/961/1295 2889/990/1295 2890/992/1295
f 2873/964/930 2872/962/930 2903/991/930 2904/993/930
f 2860/965/931 2859/963/931 2890/992/931 2891/994/931
f 2847/967/904 2505/995/904 2878/996/932
f 2874/968/933 2873/964/933 2904/993/933 2905/997/933
f 2861/969/934 2860/965/934 2891/994/934 2892/998/934
f 2848/970/935 2847/967/935 2878/996/935 2879/999/935
f 2875/971/936 2874/968/936 2905/997/936 2906/1000/936
f 2862/972/937 2861/969/937 2892/998/937 2893/1001/937
f 2849/973/1296 2848/970/1296 2879/999/1296 2880/1002/1296
f 2876/974/1297 2875/971/1297 2906/1000/1297 2907/1003/1297
f 2863/975/940 2862/972/940 2893/1001/940 2894/1004/940
f 2850/976/941 2849/973/941 2880/1002/941 2881/1005/941
f 2897/1012/978 2896/1010/978 2927/1039/978 2928/1041/978
f 2884/1013/979 2883/1011/979 2914/1040/979 2915/1042/979
f 2898/1014/1298 2897/1012/1298 2928/1041/1298 2929/1043/1298
f 2885/1015/981 2884/1013/981 2915/1042/981 2916/1044/981
f 2899/1016/982 2898/1014/982 2929/1043/982 2930/1045/982
f 2886/1017/983 2885/1015/983 2916/1044/983 2917/1046/983
f 2900/1018/1299 2899/1016/1299 2930/1045/1299 2931/1047/1299
f 2887/1019/1300 2886/1017/1300 2917/1046/1300 2918/1048/1300
f 2901/987/986 2900/1018/986 2931/1047/986 2932/1049/986
f 2888/989/987 2887/1019/987 2918/1048/987 2919/1050/987
f 2902/988/988 2901/987/988 2932/1049/988 2933/1051/988
f 2889/990/1301 2888/989/1301 2919/1050/1301 2920/1052/1301
f 2903/991/990 2902/988/990 2933/1051/990 2934/1020/990
f 2890/992/991 2889/990/991 2920/1052/991 2921/1022/991
f 2904/993/959 2903/991/959 2934/1020/959 2935/1021/959
f 2891/994/960 2890/992/960 2921/1022/960 2922/1023/960
f 2878/996/961 2505/1024/962 2909/1025/962
f 2905/997/1302 2904/993/1302 2935/1021/1302 2936/1026/1302
f 2892/998/964 2891/994/964 2922/1023/964 2923/1027/964
f 2879/999/965 2878/996/965 2909/1025/965 2910/1028/965
f 2906/1000/966 2905/997/966 2936/1026/966 2937/1029/966
f 2893/1001/967 2892/998/967 2923/1027/967 2924/1030/967
f 2880/1002/968 2879/999/968 2910/1028/968 2911/1031/968
f 2907/1003/969 2906/1000/969 2937/1029/969 2938/1032/969
f 2894/1004/970 2893/1001/970 2924/1030/970 2925/1033/970
f 2881/1005/971 2880/1002/971 2911/1031/971 2912/1034/971
f 2908/1006/972 2907/1003/972 2938/1032/972 2939/1035/972
f 2895/1007/973 2894/1004/973 2925/1033/973 2926/1036/973
f 2882/1008/1303 2881/1005/1303 2912/1034/1303 2913/1037/1303
f 2504/1038/945 2908/1006/945 2939/1035/975
f 2896/1010/976 2895/1007/976 2926/1036/976 2927/1039/976
f 2883/1011/977 2882/1008/977 2913/1037/977 2914/1040/977
f 2930/1045/1009 2929/1043/1009 2960/1070/1009 2961/1072/1009
f 2917/1046/1304 2916/1044/1304 2947/1071/1304 2948/1073/1304
f 2931/1047/1305 2930/1045/1305 2961/1072/1305 2962/1074/1305
f 2918/1048/1306 2917/1046/1306 2948/1073/1306 2949/1075/1306
f 2932/1049/1307 2931/1047/1307 2962/1074/1307 2963/1076/1307
f 2919/1050/1014 2918/1048/1014 2949/1075/1014 2950/1077/1014
f 2933/1051/1015 2932/1049/1015 2963/1076/1015 2964/1078/1015
f 2920/1052/1016 2919/1050/1016 2950/1077/1016 2951/1079/1016
f 2934/1020/1017 2933/1051/1017 2964/1078/1017 2965/1080/1017
f 2921/1022/1018 2920/1052/1018 2951/1079/1018 2952/1081/1018
f 2935/1021/1019 2934/1020/1019 2965/1080/1019 2966/1082/1019
f 2922/1023/1020 2921/1022/1020 2952/1081/1020 2953/1083/1020
f 2909/1025/962 2505/1084/962 2940/1085/1021
f 2936/1026/1308 2935/1021/1308 2966/1082/1308 2967/1053/1308
f 2923/1027/1023 2922/1023/1023 2953/1083/1023 2954/1055/1023
f 2910/1028/1024 2909/1025/1024 2940/1085/1024 2941/1057/1024
f 2937/1029/992 2936/1026/992 2967/1053/992 2968/1054/992
f 2924/1030/993 2923/1027/993 2954/1055/993 2955/1056/993
f 2911/1031/994 2910/1028/994 2941/1057/994 2942/1058/994
f 2938/1032/995 2937/1029/995 2968/1054/995 2969/1059/995
f 2925/1033/996 2924/1030/996 2955/1056/996 2956/1060/996
f 2912/1034/997 2911/1031/997 2942/1058/997 2943/1061/997
f 2939/1035/998 2938/1032/998 2969/1059/998 2970/1062/998
f 2926/1036/999 2925/1033/999 2956/1060/999 2957/1063/999
f 2913/1037/1309 2912/1034/1309 2943/1061/1309 2944/1064/1309
f 2504/1065/1001 2939/1035/1002 2970/1062/1001
f 2927/1039/1003 2926/1036/1003 2957/1063/1003 2958/1066/1003
f 2914/1040/1004 2913/1037/1004 2944/1064/1004 2945/1067/1004
f 2928/1041/1005 2927/1039/1005 2958/1066/1005 2959/1068/1005
f 2915/1042/1006 2914/1040/1006 2945/1067/1006 2946/1069/1006
f 2929/1043/1007 2928/1041/1007 2959/1068/1007 2960/1070/1007
f 2916/1044/1008 2915/1042/1008 2946/1069/1008 2947/1071/1008
f 2963/1076/1039 2962/1074/1039 2002/13/1039 2983/17/1039
f 2950/1077/1040 2949/1075/1040 2978/15/1040 2979/19/1040
f 2964/1078/1041 2963/1076/1041 2983/17/1041 2003/21/1041
f 2951/1079/1042 2950/1077/1042 2979/19/1042 1994/23/1042
f 2965/1080/1043 2964/1078/1043 2003/21/1043 2004/25/1043
f 2952/1081/1310 2951/1079/1310 1994/23/1310 1995/27/1310
f 2966/1082/1311 2965/1080/1311 2004/25/1311 2005/29/1311
f 2953/1083/1046 2952/1081/1046 1995/27/1046 1996/31/1046
f 2940/1085/1047 2505/1087/15 2971/33/15
f 2967/1053/1048 2966/1082/1048 2005/29/1048 2984/36/1048
f 2954/1055/1049 2953/1083/1049 1996/31/1049 1997/38/1049
f 2941/1057/1312 2940/1085/1312 2971/33/1312 2972/40/1312
f 2968/1054/1051 2967/1053/1051 2984/36/1051 2985/42/1051
f 2955/1056/1052 2954/1055/1052 1997/38/1052 2980/44/1052
f 2942/1058/1313 2941/1057/1313 2972/40/1313 2973/46/1313
f 2969/1059/1314 2968/1054/1314 2985/42/1314 2006/48/1314
f 2956/1060/1055 2955/1056/1055 2980/44/1055 1998/50/1055
f 2943/1061/1056 2942/1058/1056 2973/46/1056 2974/52/1056
f 2970/1062/1315 2969/1059/1315 2006/48/1315 2007/54/1315
f 2957/1063/1026 2956/1060/1026 1998/50/1026 1999/56/1026
f 2944/1064/1027 2943/1061/1027 2974/52/1027 2975/58/1027
f 2504/1086/1001 2970/1062/1001 2007/54/1028
f 2958/1066/1029 2957/1063/1029 1999/56/1029 2981/61/1029
f 2945/1067/1316 2944/1064/1316 2975/58/1316 2976/63/1316
f 2959/1068/1317 2958/1066/1317 2981/61/1317 2982/2/1317
f 2946/1069/1032 2945/1067/1032 2976/63/1032 1992/6/1032
f 2960/1070/1033 2959/1068/1033 2982/2/1033 2000/1/1033
f 2947/1071/1034 2946/1069/1034 1992/6/1034 2977/5/1034
f 2961/1072/1035 2960/1070/1035 2000/1/1035 2001/9/1035
f 2948/1073/1036 2947/1071/1036 2977/5/1036 1993/11/1036
f 2962/1074/1037 2961/1072/1037 2001/9/1037 2002/13/1037
f 2949/1075/1038 2948/1073/1038 1993/11/1038 2978/15/1038
f 3968/52/25 3967/46/25 3004/47/25 3005/53/25
f 3001/54/1129 3000/48/1129 3031/49/1129 3032/55/1129
f 2993/56/27 2992/50/27 3018/51/27 3019/57/27
f 3969/58/28 3968/52/28 3005/53/28 3006/59/28
f 3498/60/29 3001/54/30 3032/55/29
f 3975/61/31 2993/56/31 3019/57/31 3020/62/31
f 3970/63/32 3969/58/32 3006/59/32 3007/64/32
f 3976/2/1130 3975/61/1130 3020/62/1130 3021/3/1130
f 2986/6/34 3970/63/34 3007/64/34 3008/7/34
f 2994/1/1 3976/2/1 3021/3/1 3022/4/1
f 3971/5/2 2986/6/2 3008/7/2 3009/8/2
f 2995/9/3 2994/1/3 3022/4/3 3023/10/3
f 2987/11/4 3971/5/4 3009/8/4 3010/12/4
f 2996/13/5 2995/9/5 3023/10/5 3024/14/5
f 3972/15/6 2987/11/6 3010/12/6 3011/16/6
f 3977/17/7 2996/13/7 3024/14/7 3025/18/7
f 3973/19/8 3972/15/8 3011/16/8 3012/20/8
f 2997/21/9 3977/17/9 3025/18/9 3026/22/9
f 2988/23/10 3973/19/10 3012/20/10 3013/24/10
f 2998/25/11 2997/21/11 3026/22/11 3027/26/11
f 2989/27/1131 2988/23/1131 3013/24/1131 3014/28/1131
f 2999/29/13 2998/25/13 3027/26/13 3028/30/13
f 2990/31/14 2989/27/14 3014/28/14 3015/32/14
f 3965/33/15 3499/34/15 3002/35/16
f 3978/36/17 2999/29/17 3028/30/17 3029/37/17
f 2991/38/18 2990/31/18 3015/32/18 3016/39/18
f 3966/40/1132 3965/33/1132 3002/35/1132 3003/41/1132
f 3979/42/20 3978/36/20 3029/37/20 3030/43/20
f 3974/44/21 2991/38/21 3016/39/21 3017/45/21
f 3967/46/22 3966/40/22 3003/41/22 3004/47/22
f 3000/48/23 3979/42/23 3030/43/23 3031/49/23
f 2992/50/24 3974/44/24 3017/45/24 3018/51/24
f 3013/24/59 3012/20/59 3043/90/59 3044/92/59
f 3027/26/60 3026/22/60 3057/91/60 3058/93/60
f 3014/28/61 3013/24/61 3044/92/61 3045/94/61
f 3028/30/62 3027/26/62 3058/93/62 3059/95/62
f 3015/32/63 3014/28/63 3045/94/63 3046/96/63
f 3002/35/64 3499/97/65 3033/65/65
f 3029/37/66 3028/30/66 3059/95/66 3060/67/66
f 3016/39/67 3015/32/67 3046/96/67 3047/69/67
f 3003/41/35 3002/35/35 3033/65/35 3034/66/35
f 3030/43/36 3029/37/36 3060/67/36 3061/68/36
f 3017/45/37 3016/39/37 3047/69/37 3048/70/37
f 3004/47/38 3003/41/38 3034/66/38 3035/71/38
f 3031/49/39 3030/43/39 3061/68/39 3062/72/39
f 3018/51/40 3017/45/40 3048/70/40 3049/73/40
f 3005/53/41 3004/47/41 3035/71/41 3036/74/41
f 3032/55/42 3031/49/42 3062/72/42 3063/75/42
f 3019/57/43 3018/51/43 3049/73/43 3050/76/43
f 3006/59/44 3005/53/44 3036/74/44 3037/77/44
f 3498/78/29 3032/55/29 3063/75/45
f 3020/62/46 3019/57/46 3050/76/46 3051/79/46
f 3007/64/47 3006/59/47 3037/77/47 3038/80/47
f 3021/3/48 3020/62/48 3051/79/48 3052/81/48
f 3008/7/49 3007/64/49 3038/80/49 3039/82/49
f 3022/4/50 3021/3/50 3052/81/50 3053/83/50
f 3009/8/1133 3008/7/1133 3039/82/1133 3040/84/1133
f 3023/10/52 3022/4/52 3053/83/52 3054/85/52
f 3010/12/53 3009/8/53 3040/84/53 3041/86/53
f 3024/14/54 3023/10/54 3054/85/54 3055/87/54
f 3011/16/55 3010/12/55 3041/86/55 3042/88/55
f 3025/18/56 3024/14/56 3055/87/56 3056/89/56
f 3012/20/57 3011/16/57 3042/88/57 3043/90/57
f 3026/22/1134 3025/18/1134 3056/89/1134 3057/91/1134
f 3046/96/91 3045/94/91 3076/121/91 3077/123/91
f 3033/65/65 3499/124/65 3064/125/92
f 3060/67/1135 3059/95/1135 3090/122/1135 3091/126/1135
f 3047/69/94 3046/96/94 3077/123/94 3078/127/94
f 3034/66/95 3033/65/95 3064/125/95 3065/128/95
f 3061/68/96 3060/67/96 3091/126/96 3092/129/96
f 3048/70/97 3047/69/97 3078/127/97 3079/130/97
f 3035/71/98 3034/66/98 3065/128/98 3066/98/98
f 3062/72/99 3061/68/99 3092/129/99 3093/100/99
f 3049/73/100 3048/70/100 3079/130/100 3080/102/100
f 3036/74/68 3035/71/68 3066/98/68 3067/99/68
f 3063/75/69 3062/72/69 3093/100/69 3094/101/69
f 3050/76/70 3049/73/70 3080/102/70 3081/103/70
f 3037/77/1136 3036/74/1136 3067/99/1136 3068/104/1136
f 3498/105/72 3063/75/73 3094/101/72
f 3051/79/74 3050/76/74 3081/103/74 3082/106/74
f 3038/80/75 3037/77/75 3068/104/75 3069/107/75
f 3052/81/76 3051/79/76 3082/106/76 3083/108/76
f 3039/82/77 3038/80/77 3069/107/77 3070/109/77
f 3053/83/1318 3052/81/1318 3083/108/1318 3084/110/1318
f 3040/84/79 3039/82/79 3070/109/79 3071/111/79
f 3054/85/80 3053/83/80 3084/110/80 3085/112/80
f 3041/86/81 3040/84/81 3071/111/81 3072/113/81
f 3055/87/1319 3054/85/1319 3085/112/1319 3086/114/1319
f 3042/88/1320 3041/86/1320 3072/113/1320 3073/115/1320
f 3056/89/84 3055/87/84 3086/114/84 3087/116/84
f 3043/90/85 3042/88/85 3073/115/85 3074/117/85
f 3057/91/86 3056/89/86 3087/116/86 3088/118/86
f 3044/92/1321 3043/90/1321 3074/117/1321 3075/119/1321
f 3058/93/88 3057/91/88 3088/118/88 3089/120/88
f 3045/94/89 3044/92/89 3075/119/89 3076/121/89
f 3059/95/90 3058/93/90 3089/120/90 3090/122/90
f 3079/130/124 3078/127/124 3109/153/124 3110/156/124
f 3066/98/1139 3065/128/1139 3096/154/1139 3097/157/1139
f 3093/100/1140 3092/129/1140 3123/155/1140 3124/158/1140
f 3080/102/127 3079/130/127 3110/156/127 3111/159/127
f 3067/99/128 3066/98/128 3097/157/128 3098/160/128
f 3094/101/129 3093/100/129 3124/158/129 3125/161/129
f 3081/103/130 3080/102/130 3111/159/130 3112/162/130
f 3068/104/131 3067/99/131 3098/160/131 3099/131/131
f 3498/163/72 3094/101/72 3125/161/132
f 3082/106/133 3081/103/133 3112/162/133 3113/133/133
f 3069/107/101 3068/104/101 3099/131/101 3100/132/101
f 3083/108/1141 3082/106/1141 3113/133/1141 3114/134/1141
f 3070/109/103 3069/107/103 3100/132/103 3101/135/103
f 3084/110/104 3083/108/104 3114/134/104 3115/136/104
f 3071/111/105 3070/109/105 3101/135/105 3102/137/105
f 3085/112/106 3084/110/106 3115/136/106 3116/138/106
f 3072/113/107 3071/111/107 3102/137/107 3103/139/107
f 3086/114/1142 3085/112/1142 3116/138/1142 3117/140/1142
f 3073/115/1143 3072/113/1143 3103/139/1143 3104/141/1143
f 3087/116/110 3086/114/110 3117/140/110 3118/142/110
f 3074/117/111 3073/115/111 3104/141/111 3105/143/111
f 3088/118/112 3087/116/112 3118/142/112 3119/144/112
f 3075/119/113 3074/117/113 3105/143/113 3106/145/113
f 3089/120/114 3088/118/114 3119/144/114 3120/146/114
f 3076/121/1144 3075/119/1144 3106/145/1144 3107/147/1144
f 3090/122/116 3089/120/116 3120/146/116 3121/148/116
f 3077/123/117 3076/121/117 3107/147/117 3108/149/117
f 3064/125/118 3499/150/119 3095/151/119
f 3091/126/120 3090/122/120 3121/148/120 3122/152/120
f 3078/127/121 3077/123/121 3108/149/121 3109/153/121
f 3065/128/122 3064/125/122 3095/151/122 3096/154/122
f 3092/129/123 3091/126/123 3122/152/123 3123/155/123
f 3112/162/158 3111/159/158 3142/188/158 3143/191/158
f 3099/131/159 3098/160/159 3129/189/159 3130/192/159
f 3498/193/160 3125/161/161 3156/190/160
f 3113/133/162 3112/162/162 3143/191/162 3144/194/162
f 3100/132/163 3099/131/163 3130/192/163 3131/195/163
f 3114/134/1145 3113/133/1145 3144/194/1145 3145/196/1145
f 3101/135/165 3100/132/165 3131/195/165 3132/164/165
f 3115/136/166 3114/134/166 3145/196/166 3146/166/166
f 3102/137/134 3101/135/134 3132/164/134 3133/165/134
f 3116/138/135 3115/136/135 3146/166/135 3147/167/135
f 3103/139/136 3102/137/136 3133/165/136 3134/168/136
f 3117/140/1146 3116/138/1146 3147/167/1146 3148/169/1146
f 3104/141/1147 3103/139/1147 3134/168/1147 3135/170/1147
f 3118/142/139 3117/140/139 3148/169/139 3149/171/139
f 3105/143/140 3104/141/140 3135/170/140 3136/172/140
f 3119/144/141 3118/142/141 3149/171/141 3150/173/141
f 3106/145/142 3105/143/142 3136/172/142 3137/174/142
f 3120/146/143 3119/144/143 3150/173/143 3151/175/143
f 3107/147/1148 3106/145/1148 3137/174/1148 3138/176/1148
f 3121/148/145 3120/146/145 3151/175/145 3152/177/145
f 3108/149/146 3107/147/146 3138/176/146 3139/178/146
f 3095/151/119 3499/179/119 3126/180/147
f 3122/152/148 3121/148/148 3152/177/148 3153/181/148
f 3109/153/149 3108/149/149 3139/178/149 3140/182/149
f 3096/154/150 3095/151/150 3126/180/150 3127/183/150
f 3123/155/151 3122/152/151 3153/181/151 3154/184/151
f 3110/156/152 3109/153/152 3140/182/152 3141/185/152
f 3097/157/1149 3096/154/1149 3127/183/1149 3128/186/1149
f 3124/158/1150 3123/155/1150 3154/184/1150 3155/187/1150
f 3111/159/155 3110/156/155 3141/185/155 3142/188/155
f 3098/160/156 3097/157/156 3128/186/156 3129/189/156
f 3125/161/157 3124/158/157 3155/187/157 3156/190/157
f 3145/196/193 3144/194/193 3175/223/193 3176/225/193
f 3132/164/194 3131/195/194 3162/224/194 3163/226/194
f 3146/166/195 3145/196/195 3176/225/195 3177/227/195
f 3133/165/196 3132/164/196 3163/226/196 3164/228/196
f 3147/167/197 3146/166/197 3177/227/197 3178/229/197
f 3134/168/198 3133/165/198 3164/228/198 3165/197/198
f 3148/169/1152 3147/167/1152 3178/229/1152 3179/199/1152
f 3135/170/1153 3134/168/1153 3165/197/1153 3166/198/1153
f 3149/171/168 3148/169/168 3179/199/168 3180/200/168
f 3136/172/169 3135/170/169 3166/198/169 3167/201/169
f 3150/173/170 3149/171/170 3180/200/170 3181/202/170
f 3137/174/171 3136/172/171 3167/201/171 3168/203/171
f 3151/175/172 3150/173/172 3181/202/172 3182/204/172
f 3138/176/173 3137/174/173 3168/203/173 3169/205/173
f 3152/177/174 3151/175/174 3182/204/174 3183/206/174
f 3139/178/175 3138/176/175 3169/205/175 3170/207/175
f 3126/180/1155 3499/208/177 3157/209/177
f 3153/181/1156 3152/177/1156 3183/206/1156 3184/210/1156
f 3140/182/179 3139/178/179 3170/207/179 3171/211/179
f 3127/183/180 3126/180/180 3157/209/180 3158/212/180
f 3154/184/181 3153/181/181 3184/210/181 3185/213/181
f 3141/185/182 3140/182/182 3171/211/182 3172/214/182
f 3128/186/183 3127/183/183 3158/212/183 3159/215/183
f 3155/187/184 3154/184/184 3185/213/184 3186/216/184
f 3142/188/185 3141/185/185 3172/214/185 3173/217/185
f 3129/189/186 3128/186/186 3159/215/186 3160/218/186
f 3156/190/187 3155/187/187 3186/216/187 3187/219/187
f 3143/191/188 3142/188/188 3173/217/188 3174/220/188
f 3130/192/1157 3129/189/1157 3160/218/1157 3161/221/1157
f 3498/222/160 3156/190/160 3187/219/190
f 3144/194/191 3143/191/191 3174/220/191 3175/223/191
f 3131/195/192 3130/192/192 3161/221/192 3162/224/192
f 3178/229/226 3177/227/226 3208/256/226 3209/258/226
f 3165/197/227 3164/228/227 3195/257/227 3196/259/227
f 3179/199/228 3178/229/228 3209/258/228 3210/260/228
f 3166/198/229 3165/197/229 3196/259/229 3197/261/229
f 3180/200/230 3179/199/230 3210/260/230 3211/262/230
f 3167/201/231 3166/198/231 3197/261/231 3198/230/231
f 3181/202/1158 3180/200/1158 3211/262/1158 3212/232/1158
f 3168/203/200 3167/201/200 3198/230/200 3199/231/200
f 3182/204/201 3181/202/201 3212/232/201 3213/233/201
f 3169/205/202 3168/203/202 3199/231/202 3200/234/202
f 3183/206/203 3182/204/203 3213/233/203 3214/235/203
f 3170/207/204 3169/205/204 3200/234/204 3201/236/204
f 3157/209/177 3499/237/177 3188/238/205
f 3184/210/206 3183/206/206 3214/235/206 3215/239/206
f 3171/211/207 3170/207/207 3201/236/207 3202/240/207
f 3158/212/208 3157/209/208 3188/238/208 3189/241/208
f 3185/213/209 3184/210/209 3215/239/209 3216/242/209
f 3172/214/210 3171/211/210 3202/240/210 3203/243/210
f 3159/215/211 3158/212/211 3189/241/211 3190/244/211
f 3186/216/212 3185/213/212 3216/242/212 3217/245/212
f 3173/217/213 3172/214/213 3203/243/213 3204/246/213
f 3160/218/214 3159/215/214 3190/244/214 3191/247/214
f 3187/219/215 3186/216/215 3217/245/215 3218/248/215
f 3174/220/216 3173/217/216 3204/246/216 3205/249/216
f 3161/221/217 3160/218/217 3191/247/217 3192/250/217
f 3498/251/218 3187/219/219 3218/248/218
f 3175/223/220 3174/220/220 3205/249/220 3206/252/220
f 3162/224/221 3161/221/221 3192/250/221 3193/253/221
f 3176/225/222 3175/223/222 3206/252/222 3207/254/222
f 3163/226/223 3162/224/223 3193/253/223 3194/255/223
f 3177/227/224 3176/225/224 3207/254/224 3208/256/224
f 3164/228/1163 3163/226/1163 3194/255/1163 3195/257/1163
f 3211/262/259 3210/260/259 3241/289/259 3242/291/259
f 3198/230/260 3197/261/260 3228/290/260 3229/292/260
f 3212/232/261 3211/262/261 3242/291/261 3243/293/261
f 3199/231/262 3198/230/262 3229/292/262 3230/294/262
f 3213/233/263 3212/232/263 3243/293/263 3244/295/263
f 3200/234/264 3199/231/264 3230/294/264 3231/263/264
f 3214/235/265 3213/233/265 3244/295/265 3245/267/265
f 3201/236/233 3200/234/233 3231/263/233 3232/264/233
f 3188/238/234 3499/265/235 3219/266/235
f 3215/239/236 3214/235/236 3245/267/236 3246/268/236
f 3202/240/237 3201/236/237 3232/264/237 3233/269/237
f 3189/241/238 3188/238/238 3219/266/238 3220/270/238
f 3216/242/239 3215/239/239 3246/268/239 3247/271/239
f 3203/243/240 3202/240/240 3233/269/240 3234/272/240
f 3190/244/1167 3189/241/1167 3220/270/1167 3221/273/1167
f 3217/245/242 3216/242/242 3247/271/242 3248/274/242
f 3204/246/243 3203/243/243 3234/272/243 3235/275/243
f 3191/247/244 3190/244/244 3221/273/244 3222/276/244
f 3218/248/245 3217/245/245 3248/274/245 3249/277/245
f 3205/249/246 3204/246/246 3235/275/246 3236/278/246
f 3192/250/247 3191/247/247 3222/276/247 3223/279/247
f 3498/280/218 3218/248/218 3249/277/248
f 3206/252/249 3205/249/249 3236/278/249 3237/281/249
f 3193/253/250 3192/250/250 3223/279/250 3224/282/250
f 3207/254/251 3206/252/251 3237/281/251 3238/283/251
f 3194/255/252 3193/253/252 3224/282/252 3225/284/252
f 3208/256/253 3207/254/253 3238/283/253 3239/285/253
f 3195/257/254 3194/255/254 3225/284/254 3226/286/254
f 3209/258/255 3208/256/255 3239/285/255 3240/287/255
f 3196/259/256 3195/257/256 3226/286/256 3227/288/256
f 3210/260/257 3209/258/257 3240/287/257 3241/289/257
f 3197/261/258 3196/259/258 3227/288/258 3228/290/258
f 3244/295/290 3243/293/290 3274/320/290 3275/322/290
f 3231/263/291 3230/294/291 3261/321/291 3262/323/291
f 3245/267/292 3244/295/292 3275/322/292 3276/324/292
f 3232/264/293 3231/263/293 3262/323/293 3263/325/293
f 3219/266/235 3499/326/235 3250/327/294
f 3246/268/295 3245/267/295 3276/324/295 3277/328/295
f 3233/269/296 3232/264/296 3263/325/296 3264/296/296
f 3220/270/297 3219/266/297 3250/327/297 3251/298/297
f 3247/271/298 3246/268/298 3277/328/298 3278/300/298
f 3234/272/266 3233/269/266 3264/296/266 3265/297/266
f 3221/273/1173 3220/270/1173 3251/298/1173 3252/299/1173
f 3248/274/268 3247/271/268 3278/300/268 3279/301/268
f 3235/275/269 3234/272/269 3265/297/269 3266/302/269
f 3222/276/270 3221/273/270 3252/299/270 3253/303/270
f 3249/277/271 3248/274/271 3279/301/271 3280/304/271
f 3236/278/272 3235/275/272 3266/302/272 3267/305/272
f 3223/279/273 3222/276/273 3253/303/273 3254/306/273
f 3498/307/274 3249/277/275 3280/304/274
f 3237/281/276 3236/278/276 3267/305/276 3268/308/276
f 3224/282/277 3223/279/277 3254/306/277 3255/309/277
f 3238/283/278 3237/281/278 3268/308/278 3269/310/278
f 3225/284/279 3224/282/279 3255/309/279 3256/311/279
f 3239/285/280 3238/283/280 3269/310/280 3270/312/280
f 3226/286/281 3225/284/281 3256/311/281 3257/313/281
f 3240/287/282 3239/285/282 3270/312/282 3271/314/282
f 3227/288/283 3226/286/283 3257/313/283 3258/315/283
f 3241/289/284 3240/287/284 3271/314/284 3272/316/284
f 3228/290/285 3227/288/285 3258/315/285 3259/317/285
f 3242/291/286 3241/289/286 3272/316/286 3273/318/286
f 3229/292/287 3228/290/287 3259/317/287 3260/319/287
f 3243/293/288 3242/291/288 3273/318/288 3274/320/288
f 3230/294/289 3229/292/289 3260/319/289 3261/321/289
f 3277/328/322 3276/324/322 3307/351/322 3308/355/322
f 3264/296/323 3263/325/323 3294/352/323 3295/356/323
f 3251/298/324 3250/327/324 3281/354/324 3282/357/324
f 3278/300/325 3277/328/325 3308/355/325 3309/358/325
f 3265/297/326 3264/296/326 3295/356/326 3296/359/326
f 3252/299/327 3251/298/327 3282/357/327 3283/360/327
f 3279/301/328 3278/300/328 3309/358/328 3310/361/328
f 3266/302/329 3265/297/329 3296/359/329 3297/329/329
f 3253/303/330 3252/299/330 3283/360/330 3284/331/330
f 3280/304/331 3279/301/331 3310/361/331 3311/334/331
f 3267/305/299 3266/302/299 3297/329/299 3298/330/299
f 3254/306/300 3253/303/300 3284/331/300 3285/332/300
f 3498/333/274 3280/304/274 3311/334/301
f 3268/308/302 3267/305/302 3298/330/302 3299/335/302
f 3255/309/303 3254/306/303 3285/332/303 3286/336/303
f 3269/310/304 3268/308/304 3299/335/304 3300/337/304
f 3256/311/305 3255/309/305 3286/336/305 3287/338/305
f 3270/312/306 3269/310/306 3300/337/306 3301/339/306
f 3257/313/307 3256/311/307 3287/338/307 3288/340/307
f 3271/314/308 3270/312/308 3301/339/308 3302/341/308
f 3258/315/309 3257/313/309 3288/340/309 3289/342/309
f 3272/316/1182 3271/314/1182 3302/341/1182 3303/343/1182
f 3259/317/1183 3258/315/1183 3289/342/1183 3290/344/1183
f 3273/318/312 3272/316/312 3303/343/312 3304/345/312
f 3260/319/313 3259/317/313 3290/344/313 3291/346/313
f 3274/320/314 3273/318/314 3304/345/314 3305/347/314
f 3261/321/315 3260/319/315 3291/346/315 3292/348/315
f 3275/322/316 3274/320/316 3305/347/316 3306/349/316
f 3262/323/317 3261/321/317 3292/348/317 3293/350/317
f 3276/324/318 3275/322/318 3306/349/318 3307/351/318
f 3263/325/319 3262/323/319 3293/350/319 3294/352/319
f 3250/327/320 3499/353/321 3281/354/321
f 3310/361/1187 3309/358/1187 3340/385/1187 3341/388/1187
f 3297/329/356 3296/359/356 3327/386/356 3328/389/356
f 3284/331/357 3283/360/357 3314/387/357 3315/390/357
f 3311/334/358 3310/361/358 3341/388/358 3342/391/358
f 3298/330/359 3297/329/359 3328/389/359 3329/392/359
f 3285/332/1188 3284/331/1188 3315/390/1188 3316/393/1188
f 3498/394/361 3311/334/362 3342/391/361
f 3299/335/363 3298/330/363 3329/392/363 3330/362/363
f 3286/336/364 3285/332/364 3316/393/364 3317/364/364
f 3300/337/1189 3299/335/1189 3330/362/1189 3331/363/1189
f 3287/338/333 3286/336/333 3317/364/333 3318/365/333
f 3301/339/334 3300/337/334 3331/363/334 3332/366/334
f 3288/340/335 3287/338/335 3318/365/335 3319/367/335
f 3302/341/336 3301/339/336 3332/366/336 3333/368/336
f 3289/342/337 3288/340/337 3319/367/337 3320/369/337
f 3303/343/1322 3302/341/1322 3333/368/1322 3334/370/1322
f 3290/344/1323 3289/342/1323 3320/369/1323 3321/371/1323
f 3304/345/340 3303/343/340 3334/370/340 3335/372/340
f 3291/346/341 3290/344/341 3321/371/341 3322/373/341
f 3305/347/342 3304/345/342 3335/372/342 3336/374/342
f 3292/348/343 3291/346/343 3322/373/343 3323/375/343
f 3306/349/344 3305/347/344 3336/374/344 3337/376/344
f 3293/350/1190 3292/348/1190 3323/375/1190 3324/377/1190
f 3307/351/346 3306/349/346 3337/376/346 3338/378/346
f 3294/352/347 3293/350/347 3324/377/347 3325/379/347
f 3281/354/321 3499/380/321 3312/381/1191
f 3308/355/1192 3307/351/1192 3338/378/1192 3339/382/1192
f 3295/356/350 3294/352/350 3325/379/350 3326/383/350
f 3282/357/351 3281/354/351 3312/381/351 3313/384/351
f 3309/358/352 3308/355/352 3339/382/352 3340/385/352
f 3296/359/353 3295/356/353 3326/383/353 3327/386/353
f 3283/360/1193 3282/357/1193 3313/384/1193 3314/387/1193
f 3498/423/361 3342/391/361 3373/420/391
f 3330/362/392 3329/392/392 3360/421/392 3361/424/392
f 3317/364/393 3316/393/393 3347/422/393 3348/425/393
f 3331/363/1194 3330/362/1194 3361/424/1194 3362/426/1194
f 3318/365/395 3317/364/395 3348/425/395 3349/427/395
f 3332/366/396 3331/363/396 3362/426/396 3363/395/396
f 3319/367/397 3318/365/397 3349/427/397 3350/397/397
f 3333/368/365 3332/366/365 3363/395/365 3364/396/365
f 3320/369/366 3319/367/366 3350/397/366 3351/398/366
f 3334/370/1195 3333/368/1195 3364/396/1195 3365/399/1195
f 3321/371/1196 3320/369/1196 3351/398/1196 3352/400/1196
f 3335/372/369 3334/370/369 3365/399/369 3366/401/369
f 3322/373/370 3321/371/370 3352/400/370 3353/402/370
f 3336/374/371 3335/372/371 3366/401/371 3367/403/371
f 3323/375/372 3322/373/372 3353/402/372 3354/404/372
f 3337/376/373 3336/374/373 3367/403/373 3368/405/373
f 3324/377/1197 3323/375/1197 3354/404/1197 3355/406/1197
f 3338/378/375 3337/376/375 3368/405/375 3369/407/375
f 3325/379/376 3324/377/376 3355/406/376 3356/408/376
f 3312/381/377 3499/409/378 3343/410/378
f 3339/382/379 3338/378/379 3369/407/379 3370/411/379
f 3326/383/380 3325/379/380 3356/408/380 3357/412/380
f 3313/384/381 3312/381/381 3343/410/381 3344/413/381
f 3340/385/382 3339/382/382 3370/411/382 3371/414/382
f 3327/386/383 3326/383/383 3357/412/383 3358/415/383
f 3314/387/1198 3313/384/1198 3344/413/1198 3345/416/1198
f 3341/388/1199 3340/385/1199 3371/414/1199 3372/417/1199
f 3328/389/386 3327/386/386 3358/415/386 3359/418/386
f 3315/390/387 3314/387/387 3345/416/387 3346/419/387
f 3342/391/388 3341/388/388 3372/417/388 3373/420/388
f 3329/392/389 3328/389/389 3359/418/389 3360/421/389
f 3316/393/390 3315/390/390 3346/419/390 3347/422/390
f 3363/395/425 3362/426/425 3393/455/425 3394/457/425
f 3350/397/426 3349/427/426 3380/456/426 3381/458/426
f 3364/396/427 3363/395/427 3394/457/427 3395/459/427
f 3351/398/428 3350/397/428 3381/458/428 3382/460/428
f 3365/399/1200 3364/396/1200 3395/459/1200 3396/428/1200
f 3352/400/1201 3351/398/1201 3382/460/1201 3383/430/1201
f 3366/401/398 3365/399/398 3396/428/398 3397/429/398
f 3353/402/399 3352/400/399 3383/430/399 3384/431/399
f 3367/403/400 3366/401/400 3397/429/400 3398/432/400
f 3354/404/401 3353/402/401 3384/431/401 3385/433/401
f 3368/405/402 3367/403/402 3398/432/402 3399/434/402
f 3355/406/1202 3354/404/1202 3385/433/1202 3386/435/1202
f 3369/407/404 3368/405/404 3399/434/404 3400/436/404
f 3356/408/405 3355/406/405 3386/435/405 3387/437/405
f 3343/410/378 3499/438/378 3374/439/406
f 3370/411/407 3369/407/407 3400/436/407 3401/440/407
f 3357/412/408 3356/408/408 3387/437/408 3388/441/408
f 3344/413/409 3343/410/409 3374/439/409 3375/442/409
f 3371/414/410 3370/411/410 3401/440/410 3402/443/410
f 3358/415/411 3357/412/411 3388/441/411 3389/444/411
f 3345/416/1203 3344/413/1203 3375/442/1203 3376/445/1203
f 3372/417/1204 3371/414/1204 3402/443/1204 3403/446/1204
f 3359/418/414 3358/415/414 3389/444/414 3390/447/414
f 3346/419/415 3345/416/415 3376/445/415 3377/448/415
f 3373/420/416 3372/417/416 3403/446/416 3404/449/416
f 3360/421/417 3359/418/417 3390/447/417 3391/450/417
f 3347/422/418 3346/419/418 3377/448/418 3378/451/418
f 3498/452/419 3373/420/420 3404/449/419
f 3361/424/421 3360/421/421 3391/450/421 3392/453/421
f 3348/425/422 3347/422/422 3378/451/422 3379/454/422
f 3362/426/1205 3361/424/1205 3392/453/1205 3393/455/1205
f 3349/427/424 3348/425/424 3379/454/424 3380/456/424
f 3396/428/458 3395/459/458 3426/488/458 3427/490/458
f 3383/430/459 3382/460/459 3413/489/459 3414/491/459
f 3397/429/460 3396/428/460 3427/490/460 3428/492/460
f 3384/431/461 3383/430/461 3414/491/461 3415/493/461
f 3398/432/462 3397/429/462 3428/492/462 3429/461/462
f 3385/433/463 3384/431/463 3415/493/463 3416/463/463
f 3399/434/431 3398/432/431 3429/461/431 3430/462/431
f 3386/435/1209 3385/433/1209 3416/463/1209 3417/464/1209
f 3400/436/433 3399/434/433 3430/462/433 3431/465/433
f 3387/437/434 3386/435/434 3417/464/434 3418/466/434
f 3374/439/435 3499/467/436 3405/468/436
f 3401/440/1210 3400/436/1210 3431/465/1210 3432/469/1210
f 3388/441/438 3387/437/438 3418/466/438 3419/470/438
f 3375/442/439 3374/439/439 3405/468/439 3406/471/439
f 3402/443/440 3401/440/440 3432/469/440 3433/472/440
f 3389/444/441 3388/441/441 3419/470/441 3420/473/441
f 3376/445/442 3375/442/442 3406/471/442 3407/474/442
f 3403/446/443 3402/443/443 3433/472/443 3434/475/443
f 3390/447/444 3389/444/444 3420/473/444 3421/476/444
f 3377/448/445 3376/445/445 3407/474/445 3408/477/445
f 3404/449/446 3403/446/446 3434/475/446 3435/478/446
f 3391/450/447 3390/447/447 3421/476/447 3422/479/447
f 3378/451/1211 3377/448/1211 3408/477/1211 3409/480/1211
f 3498/481/419 3404/449/419 3435/478/449
f 3392/453/450 3391/450/450 3422/479/450 3423/482/450
f 3379/454/451 3378/451/451 3409/480/451 3410/483/451
f 3393/455/1212 3392/453/1212 3423/482/1212 3424/484/1212
f 3380/456/453 3379/454/453 3410/483/453 3411/485/453
f 3394/457/1213 3393/455/1213 3424/484/1213 3425/486/1213
f 3381/458/455 3380/456/455 3411/485/455 3412/487/455
f 3395/459/456 3394/457/456 3425/486/456 3426/488/456
f 3382/460/457 3381/458/457 3412/487/457 3413/489/457
f 3429/461/1214 3428/492/1214 3459/520/1214 3460/522/1214
f 3416/463/491 3415/493/491 3446/521/491 3447/523/491
f 3430/462/492 3429/461/492 3460/522/492 3461/524/492
f 3417/464/1216 3416/463/1216 3447/523/1216 3448/525/1216
f 3431/465/494 3430/462/494 3461/524/494 3462/494/494
f 3418/466/495 3417/464/495 3448/525/495 3449/496/495
f 3405/468/436 3499/526/436 3436/498/496
f 3432/469/464 3431/465/464 3462/494/464 3463/495/464
f 3419/470/465 3418/466/465 3449/496/465 3450/497/465
f 3406/471/466 3405/468/466 3436/498/466 3437/499/466
f 3433/472/467 3432/469/467 3463/495/467 3464/500/467
f 3420/473/468 3419/470/468 3450/497/468 3451/501/468
f 3407/474/469 3406/471/469 3437/499/469 3438/502/469
f 3434/475/470 3433/472/470 3464/500/470 3465/503/470
f 3421/476/471 3420/473/471 3451/501/471 3452/504/471
f 3408/477/472 3407/474/472 3438/502/472 3439/505/472
f 3435/478/473 3434/475/473 3465/503/473 3466/506/473
f 3422/479/474 3421/476/474 3452/504/474 3453/507/474
f 3409/480/475 3408/477/475 3439/505/475 3440/508/475
f 3498/509/476 3435/478/477 3466/506/476
f 3423/482/478 3422/479/478 3453/507/478 3454/510/478
f 3410/483/479 3409/480/479 3440/508/479 3441/511/479
f 3424/484/1217 3423/482/1217 3454/510/1217 3455/512/1217
f 3411/485/481 3410/483/481 3441/511/481 3442/513/481
f 3425/486/482 3424/484/482 3455/512/482 3456/514/482
f 3412/487/1219 3411/485/1219 3442/513/1219 3443/515/1219
f 3426/488/484 3425/486/484 3456/514/484 3457/516/484
f 3413/489/485 3412/487/485 3443/515/485 3444/517/485
f 3427/490/486 3426/488/486 3457/516/486 3458/518/486
f 3414/491/487 3413/489/487 3444/517/487 3445/519/487
f 3428/492/488 3427/490/488 3458/518/488 3459/520/488
f 3415/493/489 3414/491/489 3445/519/489 3446/521/489
f 3462/494/1222 3461/524/1222 3492/551/1222 3493/553/1222
f 3449/496/521 3448/525/521 3479/552/521 3480/554/521
f 3436/498/522 3499/555/523 3467/556/523
f 3463/495/524 3462/494/524 3493/553/524 3494/557/524
f 3450/497/525 3449/496/525 3480/554/525 3481/558/525
f 3437/499/526 3436/498/526 3467/556/526 3468/559/526
f 3464/500/527 3463/495/527 3494/557/527 3495/527/527
f 3451/501/528 3450/497/528 3481/558/528 3482/529/528
f 3438/502/529 3437/499/529 3468/559/529 3469/531/529
f 3465/503/1223 3464/500/1223 3495/527/1223 3496/528/1223
f 3452/504/498 3451/501/498 3482/529/498 3483/530/498
f 3439/505/499 3438/502/499 3469/531/499 3470/532/499
f 3466/506/500 3465/503/500 3496/528/500 3497/533/500
f 3453/507/501 3452/504/501 3483/530/501 3484/534/501
f 3440/508/502 3439/505/502 3470/532/502 3471/535/502
f 3498/536/476 3466/506/476 3497/533/503
f 3454/510/504 3453/507/504 3484/534/504 3485/537/504
f 3441/511/1224 3440/508/1224 3471/535/1224 3472/538/1224
f 3455/512/1225 3454/510/1225 3485/537/1225 3486/539/1225
f 3442/513/507 3441/511/507 3472/538/507 3473/540/507
f 3456/514/508 3455/512/508 3486/539/508 3487/541/508
f 3443/515/509 3442/513/509 3473/540/509 3474/542/509
f 3457/516/510 3456/514/510 3487/541/510 3488/543/510
f 3444/517/511 3443/515/511 3474/542/511 3475/544/511
f 3458/518/1226 3457/516/1226 3488/543/1226 3489/545/1226
f 3445/519/1227 3444/517/1227 3475/544/1227 3476/546/1227
f 3459/520/514 3458/518/514 3489/545/514 3490/547/514
f 3446/521/515 3445/519/515 3476/546/515 3477/548/515
f 3460/522/516 3459/520/516 3490/547/516 3491/549/516
f 3447/523/517 3446/521/517 3477/548/517 3478/550/517
f 3461/524/518 3460/522/518 3491/549/518 3492/551/518
f 3448/525/1228 3447/523/1228 3478/550/1228 3479/552/1228
f 3468/559/1324 3467/556/1324 3500/583/1324 3501/586/1324
f 3495/527/554 3494/557/554 3527/584/554 3528/587/554
f 3482/529/555 3481/558/555 3514/585/555 3515/588/555
f 3469/531/556 3468/559/556 3501/586/556 3502/589/556
f 3496/528/557 3495/527/557 3528/587/557 3529/590/557
f 3483/530/558 3482/529/558 3515/588/558 3516/591/558
f 3470/532/559 3469/531/559 3502/589/559 3503/592/559
f 3497/533/1325 3496/528/1325 3529/590/1325 3530/561/1325
f 3484/534/561 3483/530/561 3516/591/561 3517/562/561
f 3471/535/562 3470/532/562 3503/592/562 3504/564/562
f 3498/560/530 3497/533/531 3530/561/530
f 3485/537/532 3484/534/532 3517/562/532 3518/563/532
f 3472/538/1229 3471/535/1229 3504/564/1229 3505/565/1229
f 3486/539/1230 3485/537/1230 3518/563/1230 3519/566/1230
f 3473/540/535 3472/538/535 3505/565/535 3506/567/535
f 3487/541/536 3486/539/536 3519/566/536 3520/568/536
f 3474/542/537 3473/540/537 3506/567/537 3507/569/537
f 3488/543/538 3487/541/538 3520/568/538 3521/570/538
f 3475/544/539 3474/542/539 3507/569/539 3508/571/539
f 3489/545/1231 3488/543/1231 3521/570/1231 3522/572/1231
f 3476/546/1232 3475/544/1232 3508/571/1232 3509/573/1232
f 3490/547/542 3489/545/542 3522/572/542 3523/574/542
f 3477/548/543 3476/546/543 3509/573/543 3510/575/543
f 3491/549/544 3490/547/544 3523/574/544 3524/576/544
f 3478/550/545 3477/548/545 3510/575/545 3511/577/545
f 3492/551/546 3491/549/546 3524/576/546 3525/578/546
f 3479/552/1233 3478/550/1233 3511/577/1233 3512/579/1233
f 3493/553/1234 3492/551/1234 3525/578/1234 3526/580/1234
f 3480/554/549 3479/552/549 3512/579/549 3513/581/549
f 3467/556/523 3499/582/523 3500/583/550
f 3494/557/551 3493/553/551 3526/580/551 3527/584/551
f 3481/558/552 3480/554/552 3513/581/552 3514/585/552
f 3503/592/587 3502/589/587 3533/616/587 3534/619/587
f 3530/561/588 3529/590/588 3560/617/588 3561/620/588
f 3517/562/589 3516/591/589 3547/618/589 3548/621/589
f 3504/564/1326 3503/592/1326 3534/619/1326 3535/622/1326
f 3498/623/530 3530/561/530 3561/620/591
f 3518/563/592 3517/562/592 3548/621/592 3549/624/592
f 3505/565/593 3504/564/593 3535/622/593 3536/625/593
f 3519/566/1235 3518/563/1235 3549/624/1235 3550/593/1235
f 3506/567/595 3505/565/595 3536/625/595 3537/595/595
f 3520/568/1327 3519/566/1327 3550/593/1327 3551/594/1327
f 3507/569/564 3506/567/564 3537/595/564 3538/596/564
f 3521/570/565 3520/568/565 3551/594/565 3552/597/565
f 3508/571/566 3507/569/566 3538/596/566 3539/598/566
f 3522/572/1328 3521/570/1328 3552/597/1328 3553/599/1328
f 3509/573/1329 3508/571/1329 3539/598/1329 3540/600/1329
f 3523/574/569 3522/572/569 3553/599/569 3554/601/569
f 3510/575/570 3509/573/570 3540/600/570 3541/602/570
f 3524/576/571 3523/574/571 3554/601/571 3555/603/571
f 3511/577/1330 3510/575/1330 3541/602/1330 3542/604/1330
f 3525/578/573 3524/576/573 3555/603/573 3556/605/573
f 3512/579/1236 3511/577/1236 3542/604/1236 3543/606/1236
f 3526/580/575 3525/578/575 3556/605/575 3557/607/575
f 3513/581/576 3512/579/576 3543/606/576 3544/608/576
f 3500/583/577 3499/609/578 3531/610/578
f 3527/584/1331 3526/580/1331 3557/607/1331 3558/611/1331
f 3514/585/580 3513/581/580 3544/608/580 3545/612/580
f 3501/586/581 3500/583/581 3531/610/581 3532/613/581
f 3528/587/582 3527/584/582 3558/611/582 3559/614/582
f 3515/588/583 3514/585/583 3545/612/583 3546/615/583
f 3502/589/584 3501/586/584 3532/613/584 3533/616/584
f 3529/590/585 3528/587/585 3559/614/585 3560/617/585
f 3516/591/586 3515/588/586 3546/615/586 3547/618/586
f 3536/625/622 3535/622/622 3566/651/622 3567/654/622
f 3550/593/1237 3549/624/1237 3580/653/1237 3581/655/1237
f 3537/595/624 3536/625/624 3567/654/624 3568/656/624
f 3551/594/625 3550/593/625 3581/655/625 3582/657/625
f 3538/596/626 3537/595/626 3568/656/626 3569/658/626
f 3552/597/1332 3551/594/1332 3582/657/1332 3583/626/1332
f 3539/598/628 3538/596/628 3569/658/628 3570/628/628
f 3553/599/596 3552/597/596 3583/626/596 3584/627/596
f 3540/600/597 3539/598/597 3570/628/597 3571/629/597
f 3554/601/598 3553/599/598 3584/627/598 3585/630/598
f 3541/602/599 3540/600/599 3571/629/599 3572/631/599
f 3555/603/600 3554/601/600 3585/630/600 3586/632/600
f 3542/604/601 3541/602/601 3572/631/601 3573/633/601
f 3556/605/602 3555/603/602 3586/632/602 3587/634/602
f 3543/606/1238 3542/604/1238 3573/633/1238 3574/635/1238
f 3557/607/604 3556/605/604 3587/634/604 3588/636/604
f 3544/608/605 3543/606/605 3574/635/605 3575/637/605
f 3531/610/578 3499/638/578 3562/639/606
f 3558/611/1239 3557/607/1239 3588/636/1239 3589/640/1239
f 3545/612/608 3544/608/608 3575/637/608 3576/641/608
f 3532/613/609 3531/610/609 3562/639/609 3563/642/609
f 3559/614/610 3558/611/610 3589/640/610 3590/643/610
f 3546/615/611 3545/612/611 3576/641/611 3577/644/611
f 3533/616/1240 3532/613/1240 3563/642/1240 3564/645/1240
f 3560/617/1241 3559/614/1241 3590/643/1241 3591/646/1241
f 3547/618/614 3546/615/614 3577/644/614 3578/647/614
f 3534/619/615 3533/616/615 3564/645/615 3565/648/615
f 3561/620/616 3560/617/616 3591/646/616 3592/649/616
f 3548/621/617 3547/618/617 3578/647/617 3579/650/617
f 3535/622/1242 3534/619/1242 3565/648/1242 3566/651/1242
f 3498/652/619 3561/620/620 3592/649/619
f 3549/624/621 3548/621/621 3579/650/621 3580/653/621
f 3569/658/655 3568/656/655 3599/685/655 3600/687/655
f 3583/626/656 3582/657/656 3613/686/656 3614/688/656
f 3570/628/657 3569/658/657 3600/687/657 3601/689/657
f 3584/627/658 3583/626/658 3614/688/658 3615/690/658
f 3571/629/659 3570/628/659 3601/689/659 3602/691/659
f 3585/630/660 3584/627/660 3615/690/660 3616/659/660
f 3572/631/661 3571/629/661 3602/691/661 3603/661/661
f 3586/632/629 3585/630/629 3616/659/629 3617/660/629
f 3573/633/630 3572/631/630 3603/661/630 3604/662/630
f 3587/634/631 3586/632/631 3617/660/631 3618/663/631
f 3574/635/1245 3573/633/1245 3604/662/1245 3605/664/1245
f 3588/636/633 3587/634/633 3618/663/633 3619/665/633
f 3575/637/634 3574/635/634 3605/664/634 3606/666/634
f 3562/639/635 3499/667/636 3593/668/636
f 3589/640/637 3588/636/637 3619/665/637 3620/669/637
f 3576/641/638 3575/637/638 3606/666/638 3607/670/638
f 3563/642/639 3562/639/639 3593/668/639 3594/671/639
f 3590/643/640 3589/640/640 3620/669/640 3621/672/640
f 3577/644/641 3576/641/641 3607/670/641 3608/673/641
f 3564/645/1246 3563/642/1246 3594/671/1246 3595/674/1246
f 3591/646/1247 3590/643/1247 3621/672/1247 3622/675/1247
f 3578/647/644 3577/644/644 3608/673/644 3609/676/644
f 3565/648/645 3564/645/645 3595/674/645 3596/677/645
f 3592/649/646 3591/646/646 3622/675/646 3623/678/646
f 3579/650/647 3578/647/647 3609/676/647 3610/679/647
f 3566/651/648 3565/648/648 3596/677/648 3597/680/648
f 3498/681/619 3592/649/619 3623/678/649
f 3580/653/650 3579/650/650 3610/679/650 3611/682/650
f 3567/654/651 3566/651/651 3597/680/651 3598/683/651
f 3581/655/1248 3580/653/1248 3611/682/1248 3612/684/1248
f 3568/656/653 3567/654/653 3598/683/653 3599/685/653
f 3582/657/654 3581/655/654 3612/684/654 3613/686/654
f 3602/691/688 3601/689/688 3632/718/688 3633/720/688
f 3616/659/689 3615/690/689 3646/719/689 3647/721/689
f 3603/661/690 3602/691/690 3633/720/690 3634/722/690
f 3617/660/691 3616/659/691 3647/721/691 3648/723/691
f 3604/662/692 3603/661/692 3634/722/692 3635/724/692
f 3618/663/693 3617/660/693 3648/723/693 3649/692/693
f 3605/664/694 3604/662/694 3635/724/694 3636/694/694
f 3619/665/662 3618/663/662 3649/692/662 3650/693/662
f 3606/666/663 3605/664/663 3636/694/663 3637/695/663
f 3593/668/636 3499/696/636 3624/697/664
f 3620/669/665 3619/665/665 3650/693/665 3651/698/665
f 3607/670/666 3606/666/666 3637/695/666 3638/699/666
f 3594/671/667 3593/668/667 3624/697/667 3625/700/667
f 3621/672/668 3620/669/668 3651/698/668 3652/701/668
f 3608/673/669 3607/670/669 3638/699/669 3639/702/669
f 3595/674/1251 3594/671/1251 3625/700/1251 3626/703/1251
f 3622/675/1252 3621/672/1252 3652/701/1252 3653/704/1252
f 3609/676/672 3608/673/672 3639/702/672 3640/705/672
f 3596/677/673 3595/674/673 3626/703/673 3627/706/673
f 3623/678/674 3622/675/674 3653/704/674 3654/707/674
f 3610/679/675 3609/676/675 3640/705/675 3641/708/675
f 3597/680/676 3596/677/676 3627/706/676 3628/709/676
f 3498/710/677 3623/678/678 3654/707/677
f 3611/682/679 3610/679/679 3641/708/679 3642/711/679
f 3598/683/680 3597/680/680 3628/709/680 3629/712/680
f 3612/684/681 3611/682/681 3642/711/681 3643/713/681
f 3599/685/682 3598/683/682 3629/712/682 3630/714/682
f 3613/686/683 3612/684/683 3643/713/683 3644/715/683
f 3600/687/684 3599/685/684 3630/714/684 3631/716/684
f 3614/688/685 3613/686/685 3644/715/685 3645/717/685
f 3601/689/686 3600/687/686 3631/716/686 3632/718/686
f 3615/690/687 3614/688/687 3645/717/687 3646/719/687
f 3635/724/719 3634/722/719 3665/750/719 3666/752/719
f 3649/692/720 3648/723/720 3679/751/720 3680/753/720
f 3636/694/1255 3635/724/1255 3666/752/1255 3667/754/1255
f 3650/693/722 3649/692/722 3680/753/722 3681/755/722
f 3637/695/723 3636/694/723 3667/754/723 3668/756/723
f 3624/697/1256 3499/757/725 3655/725/725
f 3651/698/1257 3650/693/1257 3681/755/1257 3682/727/1257
f 3638/699/727 3637/695/727 3668/756/727 3669/729/727
f 3625/700/695 3624/697/695 3655/725/695 3656/726/695
f 3652/701/696 3651/698/696 3682/727/696 3683/728/696
f 3639/702/697 3638/699/697 3669/729/697 3670/730/697
f 3626/703/698 3625/700/698 3656/726/698 3657/731/698
f 3653/704/699 3652/701/699 3683/728/699 3684/732/699
f 3640/705/700 3639/702/700 3670/730/700 3671/733/700
f 3627/706/701 3626/703/701 3657/731/701 3658/734/701
f 3654/707/702 3653/704/702 3684/732/702 3685/735/702
f 3641/708/703 3640/705/703 3671/733/703 3672/736/703
f 3628/709/1258 3627/706/1258 3658/734/1258 3659/737/1258
f 3498/738/677 3654/707/677 3685/735/705
f 3642/711/706 3641/708/706 3672/736/706 3673/739/706
f 3629/712/707 3628/709/707 3659/737/707 3660/740/707
f 3643/713/1259 3642/711/1259 3673/739/1259 3674/741/1259
f 3630/714/709 3629/712/709 3660/740/709 3661/742/709
f 3644/715/710 3643/713/710 3674/741/710 3675/743/710
f 3631/716/711 3630/714/711 3661/742/711 3662/744/711
f 3645/717/712 3644/715/712 3675/743/712 3676/745/712
f 3632/718/713 3631/716/713 3662/744/713 3663/746/713
f 3646/719/714 3645/717/714 3676/745/714 3677/747/714
f 3633/720/715 3632/718/715 3663/746/715 3664/748/715
f 3647/721/716 3646/719/716 3677/747/716 3678/749/716
f 3634/722/717 3633/720/717 3664/748/717 3665/750/717
f 3648/723/718 3647/721/718 3678/749/718 3679/751/718
f 3668/756/751 3667/754/751 3698/781/751 3699/783/751
f 3655/725/725 3499/784/725 3686/785/752
f 3682/727/753 3681/755/753 3712/782/753 3713/786/753
f 3669/729/754 3668/756/754 3699/783/754 3700/787/754
f 3656/726/755 3655/725/755 3686/785/755 3687/788/755
f 3683/728/756 3682/727/756 3713/786/756 3714/789/756
f 3670/730/757 3669/729/757 3700/787/757 3701/790/757
f 3657/731/758 3656/726/758 3687/788/758 3688/758/758
f 3684/732/1333 3683/728/1333 3714/789/1333 3715/760/1333
f 3671/733/760 3670/730/760 3701/790/760 3702/762/760
f 3658/734/728 3657/731/728 3688/758/728 3689/759/728
f 3685/735/729 3684/732/729 3715/760/729 3716/761/729
f 3672/736/730 3671/733/730 3702/762/730 3703/763/730
f 3659/737/731 3658/734/731 3689/759/731 3690/764/731
f 3498/765/732 3685/735/733 3716/761/732
f 3673/739/734 3672/736/734 3703/763/734 3704/766/734
f 3660/740/735 3659/737/735 3690/764/735 3691/767/735
f 3674/741/1334 3673/739/1334 3704/766/1334 3705/768/1334
f 3661/742/737 3660/740/737 3691/767/737 3692/769/737
f 3675/743/1335 3674/741/1335 3705/768/1335 3706/770/1335
f 3662/744/739 3661/742/739 3692/769/739 3693/771/739
f 3676/745/740 3675/743/740 3706/770/740 3707/772/740
f 3663/746/741 3662/744/741 3693/771/741 3694/773/741
f 3677/747/742 3676/745/742 3707/772/742 3708/774/742
f 3664/748/743 3663/746/743 3694/773/743 3695/775/743
f 3678/749/744 3677/747/744 3708/774/744 3709/776/744
f 3665/750/745 3664/748/745 3695/775/745 3696/777/745
f 3679/751/746 3678/749/746 3709/776/746 3710/778/746
f 3666/752/1336 3665/750/1336 3696/777/1336 3697/779/1336
f 3680/753/748 3679/751/748 3710/778/748 3711/780/748
f 3667/754/1337 3666/752/1337 3697/779/1337 3698/781/1337
f 3681/755/750 3680/753/750 3711/780/750 3712/782/750
f 3701/790/784 3700/787/784 3731/813/784 3732/816/784
f 3688/758/1262 3687/788/1262 3718/814/1262 3719/817/1262
f 3715/760/786 3714/789/786 3745/815/786 3746/818/786
f 3702/762/787 3701/790/787 3732/816/787 3733/819/787
f 3689/759/788 3688/758/788 3719/817/788 3720/820/788
f 3716/761/789 3715/760/789 3746/818/789 3747/821/789
f 3703/763/790 3702/762/790 3733/819/790 3734/822/790
f 3690/764/791 3689/759/791 3720/820/791 3721/791/791
f 3498/823/732 3716/761/732 3747/821/792
f 3704/766/793 3703/763/793 3734/822/793 3735/793/793
f 3691/767/761 3690/764/761 3721/791/761 3722/792/761
f 3705/768/1265 3704/766/1265 3735/793/1265 3736/794/1265
f 3692/769/763 3691/767/763 3722/792/763 3723/795/763
f 3706/770/764 3705/768/764 3736/794/764 3737/796/764
f 3693/771/765 3692/769/765 3723/795/765 3724/797/765
f 3707/772/766 3706/770/766 3737/796/766 3738/798/766
f 3694/773/767 3693/771/767 3724/797/767 3725/799/767
f 3708/774/768 3707/772/768 3738/798/768 3739/800/768
f 3695/775/769 3694/773/769 3725/799/769 3726/801/769
f 3709/776/770 3708/774/770 3739/800/770 3740/802/770
f 3696/777/771 3695/775/771 3726/801/771 3727/803/771
f 3710/778/772 3709/776/772 3740/802/772 3741/804/772
f 3697/779/773 3696/777/773 3727/803/773 3728/805/773
f 3711/780/774 3710/778/774 3741/804/774 3742/806/774
f 3698/781/1266 3697/779/1266 3728/805/1266 3729/807/1266
f 3712/782/776 3711/780/776 3742/806/776 3743/808/776
f 3699/783/777 3698/781/777 3729/807/777 3730/809/777
f 3686/785/778 3499/810/779 3717/811/779
f 3713/786/780 3712/782/780 3743/808/780 3744/812/780
f 3700/787/781 3699/783/781 3730/809/781 3731/813/781
f 3687/788/782 3686/785/782 3717/811/782 3718/814/782
f 3714/789/783 3713/786/783 3744/812/783 3745/815/783
f 3734/877/818 3733/871/818 3764/872/818 3765/878/818
f 3721/879/819 3720/873/819 3751/874/819 3752/880/819
f 3498/881/820 3747/875/821 3778/876/820
f 3735/882/822 3734/877/822 3765/878/822 3766/883/822
f 3722/884/823 3721/879/823 3752/880/823 3753/885/823
f 3736/886/1269 3735/882/1269 3766/883/1269 3767/887/1269
f 3723/825/825 3722/884/825 3753/885/825 3754/826/825
f 3737/829/826 3736/886/826 3767/887/826 3768/830/826
f 3724/824/794 3723/825/794 3754/826/794 3755/827/794
f 3738/828/795 3737/829/795 3768/830/795 3769/831/795
f 3725/832/796 3724/824/796 3755/827/796 3756/833/796
f 3739/834/797 3738/828/797 3769/831/797 3770/835/797
f 3726/836/798 3725/832/798 3756/833/798 3757/837/798
f 3740/838/799 3739/834/799 3770/835/799 3771/839/799
f 3727/840/800 3726/836/800 3757/837/800 3758/841/800
f 3741/842/801 3740/838/801 3771/839/801 3772/843/801
f 3728/844/802 3727/840/802 3758/841/802 3759/845/802
f 3742/846/803 3741/842/803 3772/843/803 3773/847/803
f 3729/848/1271 3728/844/1271 3759/845/1271 3760/849/1271
f 3743/850/805 3742/846/805 3773/847/805 3774/851/805
f 3730/852/806 3729/848/806 3760/849/806 3761/853/806
f 3717/854/779 3499/855/779 3748/856/807
f 3744/857/808 3743/850/808 3774/851/808 3775/858/808
f 3731/859/809 3730/852/809 3761/853/809 3762/860/809
f 3718/861/810 3717/854/810 3748/856/810 3749/862/810
f 3745/863/811 3744/857/811 3775/858/811 3776/864/811
f 3732/865/812 3731/859/812 3762/860/812 3763/866/812
f 3719/867/1273 3718/861/1273 3749/862/1273 3750/868/1273
f 3746/869/1274 3745/863/1274 3776/864/1274 3777/870/1274
f 3733/871/815 3732/865/815 3763/866/815 3764/872/815
f 3720/873/816 3719/867/816 3750/868/816 3751/874/816
f 3747/875/817 3746/869/817 3777/870/817 3778/876/817
f 3767/887/853 3766/883/853 3797/914/853 3798/916/853
f 3754/826/854 3753/885/854 3784/915/854 3785/917/854
f 3768/830/855 3767/887/855 3798/916/855 3799/918/855
f 3755/827/856 3754/826/856 3785/917/856 3786/919/856
f 3769/831/857 3768/830/857 3799/918/857 3800/920/857
f 3756/833/858 3755/827/858 3786/919/858 3787/888/858
f 3770/835/859 3769/831/859 3800/920/859 3801/890/859
f 3757/837/827 3756/833/827 3787/888/827 3788/889/827
f 3771/839/828 3770/835/828 3801/890/828 3802/891/828
f 3758/841/829 3757/837/829 3788/889/829 3789/892/829
f 3772/843/830 3771/839/830 3802/891/830 3803/893/830
f 3759/845/831 3758/841/831 3789/892/831 3790/894/831
f 3773/847/832 3772/843/832 3803/893/832 3804/895/832
f 3760/849/833 3759/845/833 3790/894/833 3791/896/833
f 3774/851/834 3773/847/834 3804/895/834 3805/897/834
f 3761/853/835 3760/849/835 3791/896/835 3792/898/835
f 3748/856/836 3499/899/837 3779/900/837
f 3775/858/1278 3774/851/1278 3805/897/1278 3806/901/1278
f 3762/860/839 3761/853/839 3792/898/839 3793/902/839
f 3749/862/840 3748/856/840 3779/900/840 3780/903/840
f 3776/864/841 3775/858/841 3806/901/841 3807/904/841
f 3763/866/842 3762/860/842 3793/902/842 3794/905/842
f 3750/868/843 3749/862/843 3780/903/843 3781/906/843
f 3777/870/844 3776/864/844 3807/904/844 3808/907/844
f 3764/872/845 3763/866/845 3794/905/845 3795/908/845
f 3751/874/846 3750/868/846 3781/906/846 3782/909/846
f 3778/876/847 3777/870/847 3808/907/847 3809/910/847
f 3765/878/848 3764/872/848 3795/908/848 3796/911/848
f 3752/880/1279 3751/874/1279 3782/909/1279 3783/912/1279
f 3498/913/820 3778/876/820 3809/910/850
f 3766/883/851 3765/878/851 3796/911/851 3797/914/851
f 3753/885/852 3752/880/852 3783/912/852 3784/915/852
f 3805/897/872 3804/895/872 3835/933/872 3836/935/872
f 3792/898/873 3791/896/873 3822/934/873 3823/936/873
f 3779/900/837 3499/937/837 3810/938/1280
f 3806/901/1281 3805/897/1281 3836/935/1281 3837/939/1281
f 3793/902/876 3792/898/876 3823/936/876 3824/940/876
f 3780/903/877 3779/900/877 3810/938/877 3811/941/877
f 3807/904/878 3806/901/878 3837/939/878 3838/942/878
f 3794/905/879 3793/902/879 3824/940/879 3825/943/879
f 3781/906/880 3780/903/880 3811/941/880 3812/944/880
f 3808/907/881 3807/904/881 3838/942/881 3839/945/881
f 3795/908/882 3794/905/882 3825/943/882 3826/946/882
f 3782/909/883 3781/906/883 3812/944/883 3813/947/883
f 3809/910/884 3808/907/884 3839/945/884 3840/948/884
f 3796/911/885 3795/908/885 3826/946/885 3827/949/885
f 3783/912/1282 3782/909/1282 3813/947/1282 3814/950/1282
f 3498/951/887 3809/910/888 3840/948/887
f 3797/914/889 3796/911/889 3827/949/889 3828/952/889
f 3784/915/890 3783/912/890 3814/950/890 3815/953/890
f 3798/916/891 3797/914/891 3828/952/891 3829/921/891
f 3785/917/892 3784/915/892 3815/953/892 3816/923/892
f 3799/918/1338 3798/916/1338 3829/921/1338 3830/922/1338
f 3786/919/861 3785/917/861 3816/923/861 3817/924/861
f 3800/920/862 3799/918/862 3830/922/862 3831/925/862
f 3787/888/863 3786/919/863 3817/924/863 3818/926/863
f 3801/890/864 3800/920/864 3831/925/864 3832/927/864
f 3788/889/865 3787/888/865 3818/926/865 3819/928/865
f 3802/891/866 3801/890/866 3832/927/866 3833/929/866
f 3789/892/867 3788/889/867 3819/928/867 3820/930/867
f 3803/893/868 3802/891/868 3833/929/868 3834/931/868
f 3790/894/1339 3789/892/1339 3820/930/1339 3821/932/1339
f 3804/895/870 3803/893/870 3834/931/870 3835/933/870
f 3791/896/871 3790/894/871 3821/932/871 3822/934/871
f 3838/942/908 3837/939/908 3868/968/908 3869/971/908
f 3825/943/909 3824/940/909 3855/969/909 3856/972/909
f 3812/944/1286 3811/941/1286 3842/970/1286 3843/973/1286
f 3839/945/1287 3838/942/1287 3869/971/1287 3870/974/1287
f 3826/946/912 3825/943/912 3856/972/912 3857/975/912
f 3813/947/913 3812/944/913 3843/973/913 3844/976/913
f 3840/948/914 3839/945/914 3870/974/914 3871/977/914
f 3827/949/915 3826/946/915 3857/975/915 3858/978/915
f 3814/950/916 3813/947/916 3844/976/916 3845/979/916
f 3498/980/887 3840/948/887 3871/977/917
f 3828/952/918 3827/949/918 3858/978/918 3859/981/918
f 3815/953/919 3814/950/919 3845/979/919 3846/982/919
f 3829/921/1288 3828/952/1288 3859/981/1288 3860/983/1288
f 3816/923/921 3815/953/921 3846/982/921 3847/984/921
f 3830/922/922 3829/921/922 3860/983/922 3861/985/922
f 3817/924/923 3816/923/923 3847/984/923 3848/986/923
f 3831/925/924 3830/922/924 3861/985/924 3862/954/924
f 3818/926/925 3817/924/925 3848/986/925 3849/956/925
f 3832/927/1340 3831/925/1340 3862/954/1340 3863/955/1340
f 3819/928/1341 3818/926/1341 3849/956/1341 3850/957/1341
f 3833/929/895 3832/927/895 3863/955/895 3864/958/895
f 3820/930/896 3819/928/896 3850/957/896 3851/959/896
f 3834/931/897 3833/929/897 3864/958/897 3865/960/897
f 3821/932/898 3820/930/898 3851/959/898 3852/961/898
f 3835/933/899 3834/931/899 3865/960/899 3866/962/899
f 3822/934/1291 3821/932/1291 3852/961/1291 3853/963/1291
f 3836/935/901 3835/933/901 3866/962/901 3867/964/901
f 3823/936/902 3822/934/902 3853/963/902 3854/965/902
f 3810/938/903 3499/966/904 3841/967/904
f 3837/939/905 3836/935/905 3867/964/905 3868/968/905
f 3824/940/906 3823/936/906 3854/965/906 3855/969/906
f 3811/941/907 3810/938/907 3841/967/907 3842/970/907
f 3871/977/942 3870/974/942 3901/1003/942 3902/1006/942
f 3858/978/943 3857/975/943 3888/1004/943 3889/1007/943
f 3845/979/944 3844/976/944 3875/1005/944 3876/1008/944
f 3498/1009/945 3871/977/946 3902/1006/945
f 3859/981/947 3858/978/947 3889/1007/947 3890/1010/947
f 3846/982/948 3845/979/948 3876/1008/948 3877/1011/948
f 3860/983/1292 3859/981/1292 3890/1010/1292 3891/1012/1292
f 3847/984/950 3846/982/950 3877/1011/950 3878/1013/950
f 3861/985/951 3860/983/951 3891/1012/951 3892/1014/951
f 3848/986/952 3847/984/952 3878/1013/952 3879/1015/952
f 3862/954/953 3861/985/953 3892/1014/953 3893/1016/953
f 3849/956/954 3848/986/954 3879/1015/954 3880/1017/954
f 3863/955/1342 3862/954/1342 3893/1016/1342 3894/1018/1342
f 3850/957/1343 3849/956/1343 3880/1017/1343 3881/1019/1343
f 3864/958/957 3863/955/957 3894/1018/957 3895/987/957
f 3851/959/958 3850/957/958 3881/1019/958 3882/989/958
f 3865/960/926 3864/958/926 3895/987/926 3896/988/926
f 3852/961/927 3851/959/927 3882/989/927 3883/990/927
f 3866/962/928 3865/960/928 3896/988/928 3897/991/928
f 3853/963/1295 3852/961/1295 3883/990/1295 3884/992/1295
f 3867/964/930 3866/962/930 3897/991/930 3898/993/930
f 3854/965/931 3853/963/931 3884/992/931 3885/994/931
f 3841/967/904 3499/995/904 3872/996/932
f 3868/968/933 3867/964/933 3898/993/933 3899/997/933
f 3855/969/934 3854/965/934 3885/994/934 3886/998/934
f 3842/970/935 3841/967/935 3872/996/935 3873/999/935
f 3869/971/936 3868/968/936 3899/997/936 3900/1000/936
f 3856/972/937 3855/969/937 3886/998/937 3887/1001/937
f 3843/973/1296 3842/970/1296 3873/999/1296 3874/1002/1296
f 3870/974/1297 3869/971/1297 3900/1000/1297 3901/1003/1297
f 3857/975/940 3856/972/940 3887/1001/940 3888/1004/940
f 3844/976/941 3843/973/941 3874/1002/941 3875/1005/941
f 3891/1012/978 3890/1010/978 3921/1039/978 3922/1041/978
f 3878/1013/979 3877/1011/979 3908/1040/979 3909/1042/979
f 3892/1014/980 3891/1012/980 3922/1041/980 3923/1043/980
f 3879/1015/981 3878/1013/981 3909/1042/981 3910/1044/981
f 3893/1016/982 3892/1014/982 3923/1043/982 3924/1045/982
f 3880/1017/983 3879/1015/983 3910/1044/983 3911/1046/983
f 3894/1018/1299 3893/1016/1299 3924/1045/1299 3925/1047/1299
f 3881/1019/1300 3880/1017/1300 3911/1046/1300 3912/1048/1300
f 3895/987/986 3894/1018/986 3925/1047/986 3926/1049/986
f 3882/989/987 3881/1019/987 3912/1048/987 3913/1050/987
f 3896/988/988 3895/987/988 3926/1049/988 3927/1051/988
f 3883/990/989 3882/989/989 3913/1050/989 3914/1052/989
f 3897/991/990 3896/988/990 3927/1051/990 3928/1020/990
f 3884/992/991 3883/990/991 3914/1052/991 3915/1022/991
f 3898/993/959 3897/991/959 3928/1020/959 3929/1021/959
f 3885/994/960 3884/992/960 3915/1022/960 3916/1023/960
f 3872/996/961 3499/1024/962 3903/1025/962
f 3899/997/1302 3898/993/1302 3929/1021/1302 3930/1026/1302
f 3886/998/964 3885/994/964 3916/1023/964 3917/1027/964
f 3873/999/965 3872/996/965 3903/1025/965 3904/1028/965
f 3900/1000/966 3899/997/966 3930/1026/966 3931/1029/966
f 3887/1001/967 3886/998/967 3917/1027/967 3918/1030/967
f 3874/1002/968 3873/999/968 3904/1028/968 3905/1031/968
f 3901/1003/969 3900/1000/969 3931/1029/969 3932/1032/969
f 3888/1004/970 3887/1001/970 3918/1030/970 3919/1033/970
f 3875/1005/971 3874/1002/971 3905/1031/971 3906/1034/971
f 3902/1006/972 3901/1003/972 3932/1032/972 3933/1035/972
f 3889/1007/973 3888/1004/973 3919/1033/973 3920/1036/973
f 3876/1008/1303 3875/1005/1303 3906/1034/1303 3907/1037/1303
f 3498/1038/945 3902/1006/945 3933/1035/975
f 3890/1010/976 3889/1007/976 3920/1036/976 3921/1039/976
f 3877/1011/977 3876/1008/977 3907/1037/977 3908/1040/977
f 3924/1045/1009 3923/1043/1009 3954/1070/1009 3955/1072/1009
f 3911/1046/1304 3910/1044/1304 3941/1071/1304 3942/1073/1304
f 3925/1047/1011 3924/1045/1011 3955/1072/1011 3956/1074/1011
f 3912/1048/1012 3911/1046/1012 3942/1073/1012 3943/1075/1012
f 3926/1049/1307 3925/1047/1307 3956/1074/1307 3957/1076/1307
f 3913/1050/1014 3912/1048/1014 3943/1075/1014 3944/1077/1014
f 3927/1051/1015 3926/1049/1015 3957/1076/1015 3958/1078/1015
f 3914/1052/1344 3913/1050/1344 3944/1077/1344 3945/1079/1344
f 3928/1020/1017 3927/1051/1017 3958/1078/1017 3959/1080/1017
f 3915/1022/1018 3914/1052/1018 3945/1079/1018 3946/1081/1018
f 3929/1021/1019 3928/1020/1019 3959/1080/1019 3960/1082/1019
f 3916/1023/1020 3915/1022/1020 3946/1081/1020 3947/1083/1020
f 3903/1025/962 3499/1084/962 3934/1085/1021
f 3930/1026/1022 3929/1021/1022 3960/1082/1022 3961/1053/1022
f 3917/1027/1023 3916/1023/1023 3947/1083/1023 3948/1055/1023
f 3904/1028/1024 3903/1025/1024 3934/1085/1024 3935/1057/1024
f 3931/1029/992 3930/1026/992 3961/1053/992 3962/1054/992
f 3918/1030/993 3917/1027/993 3948/1055/993 3949/1056/993
f 3905/1031/994 3904/1028/994 3935/1057/994 3936/1058/994
f 3932/1032/995 3931/1029/995 3962/1054/995 3963/1059/995
f 3919/1033/996 3918/1030/996 3949/1056/996 3950/1060/996
f 3906/1034/997 3905/1031/997 3936/1058/997 3937/1061/997
f 3933/1035/998 3932/1032/998 3963/1059/998 3964/1062/998
f 3920/1036/999 3919/1033/999 3950/1060/999 3951/1063/999
f 3907/1037/1000 3906/1034/1000 3937/1061/1000 3938/1064/1000
f 3498/1065/1001 3933/1035/1002 3964/1062/1001
f 3921/1039/1003 3920/1036/1003 3951/1063/1003 3952/1066/1003
f 3908/1040/1004 3907/1037/1004 3938/1064/1004 3939/1067/1004
f 3922/1041/1005 3921/1039/1005 3952/1066/1005 3953/1068/1005
f 3909/1042/1006 3908/1040/1006 3939/1067/1006 3940/1069/1006
f 3923/1043/1345 3922/1041/1345 3953/1068/1345 3954/1070/1345
f 3910/1044/1008 3909/1042/1008 3940/1069/1008 3941/1071/1008
f 3957/1076/1039 3956/1074/1039 2996/13/1039 3977/17/1039
f 3944/1077/1040 3943/1075/1040 3972/15/1040 3973/19/1040
f 3958/1078/1041 3957/1076/1041 3977/17/1041 2997/21/1041
f 3945/1079/1042 3944/1077/1042 3973/19/1042 2988/23/1042
f 3959/1080/1043 3958/1078/1043 2997/21/1043 2998/25/1043
f 3946/1081/1310 3945/1079/1310 2988/23/1310 2989/27/1310
f 3960/1082/1311 3959/1080/1311 2998/25/1311 2999/29/1311
f 3947/1083/1046 3946/1081/1046 2989/27/1046 2990/31/1046
f 3934/1085/1047 3499/1087/15 3965/33/15
f 3961/1053/1048 3960/1082/1048 2999/29/1048 3978/36/1048
f 3948/1055/1049 3947/1083/1049 2990/31/1049 2991/38/1049
f 3935/1057/1312 3934/1085/1312 3965/33/1312 3966/40/1312
f 3962/1054/1051 3961/1053/1051 3978/36/1051 3979/42/1051
f 3949/1056/1052 3948/1055/1052 2991/38/1052 3974/44/1052
f 3936/1058/1313 3935/1057/1313 3966/40/1313 3967/46/1313
f 3963/1059/1314 3962/1054/1314 3979/42/1314 3000/48/1314
f 3950/1060/1055 3949/1056/1055 3974/44/1055 2992/50/1055
f 3937/1061/1056 3936/1058/1056 3967/46/1056 3968/52/1056
f 3964/1062/1315 3963/1059/1315 3000/48/1315 3001/54/1315
f 3951/1063/1026 3950/1060/1026 2992/50/1026 2993/56/1026
f 3938/1064/1027 3937/1061/1027 3968/52/1027 3969/58/1027
f 3498/1086/1001 3964/1062/1001 3001/54/1028
f 3952/1066/1029 3951/1063/1029 2993/56/1029 3975/61/1029
f 3939/1067/1316 3938/1064/1316 3969/58/1316 3970/63/1316
f 3953/1068/1317 3952/1066/1317 3975/61/1317 3976/2/1317
f 3940/1069/1032 3939/1067/1032 3970/63/1032 2986/6/1032
f 3954/1070/1033 3953/1068/1033 3976/2/1033 2994/1/1033
f 3941/1071/1034 3940/1069/1034 2986/6/1034 3971/5/1034
f 3955/1072/1035 3954/1070/1035 2994/1/1035 2995/9/1035
f 3942/1073/1036 3941/1071/1036 3971/5/1036 2987/11/1036
f 3956/1074/1037 3955/1072/1037 2995/9/1037 2996/13/1037
f 3943/1075/1038 3942/1073/1038 2987/11/1038 3972/15/1038
f 3980/1088/1057 3996/1088/1057 4002/1088/1058 3981/1088/1058
f 3981/1088/1058 4002/1088/1058 4003/1088/1078 3982/1088/1059
f 3982/1088/1059 4003/1088/1078 4004/1088/1079 3983/1088/1060
f 3983/1088/1060 4004/1088/1079 4005/1088/1061 3984/1088/1061
f 3984/1088/1061 4005/1088/1061 4006/1088/1081 1242/1088/1062
f 1242/1088/1062 4006/1088/1081 4007/1088/1063 3985/1088/1063
f 3985/1088/1063 4007/1088/1063 4008/1088/1064 3986/1088/1064
f 3986/1088/1064 4008/1088/1064 3997/1088/1066 3987/1088/1066
f 3987/1088/1066 3997/1088/1066 3998/1088/1068 3988/1088/1068
f 3988/1088/1068 3998/1088/1068 3999/1088/1069 1243/1088/1069
f 1243/1088/1069 3999/1088/1069 4009/1088/1070 3989/1088/1070
f 3989/1088/1070 4009/1088/1070 4010/1088/1071 3990/1088/1071
f 3990/1088/1071 4010/1088/1071 4011/1088/1072 1244/1088/1072
f 1244/1088/1072 4011/1088/1072 4000/1088/1073 3991/1088/1073
f 3991/1088/1073 4000/1088/1073 4001/1088/1074 3992/1088/1074
f 3992/1088/1074 4001/1088/1074 4012/1088/1075 3993/1088/1075
f 3993/1088/1075 4012/1088/1075 4013/1088/1076 3994/1088/1076
f 3994/1088/1076 4013/1088/1076 4014/1088/1077 3995/1088/1077
f 3995/1088/1077 4014/1088/1077 3996/1088/1057 3980/1088/1057
f 3996/1088/1057 4023/1088/1057 4015/1088/1058 4002/1088/1058
f 4002/1088/1058 4015/1088/1058 4016/1088/1078 4003/1088/1078
f 4003/1088/1078 4016/1088/1078 4017/1088/1060 4004/1088/1079
f 4004/1088/1079 4017/1088/1060 4024/1088/1061 4005/1088/1061
f 4005/1088/1061 4024/1088/1061 4018/1088/1062 4006/1088/1081
f 4006/1088/1081 4018/1088/1062 4025/1088/1063 4007/1088/1063
f 4007/1088/1063 4025/1088/1063 4019/1088/1064 4008/1088/1064
f 4008/1088/1064 4019/1088/1064 4020/1088/1066 3997/1088/1066
f 3997/1088/1066 4020/1088/1066 4026/1088/1068 3998/1088/1068
f 3998/1088/1068 4026/1088/1068 4027/1088/1069 3999/1088/1069
f 3999/1088/1069 4027/1088/1069 4028/1088/1070 4009/1088/1070
f 4009/1088/1070 4028/1088/1070 4029/1088/1071 4010/1088/1071
f 4010/1088/1071 4029/1088/1071 4030/1088/1072 4011/1088/1072
f 4011/1088/1072 4030/1088/1072 4031/1088/1073 4000/1088/1073
f 4000/1088/1073 4031/1088/1073 4032/1088/1074 4001/1088/1074
f 4001/1088/1074 4032/1088/1074 4033/1088/1075 4012/1088/1075
f 4012/1088/1075 4033/1088/1075 4021/1088/1076 4013/1088/1076
f 4013/1088/1076 4021/1088/1076 4022/1088/1077 4014/1088/1077
f 4014/1088/1077 4022/1088/1077 4023/1088/1057 3996/1088/1057
f 4023/1088/1057 4045/1088/1057 4034/1088/1058 4015/1088/1058
f 4015/1088/1058 4034/1088/1058 4035/1088/1078 4016/1088/1078
f 4016/1088/1078 4035/1088/1078 4046/1088/1060 4017/1088/1060
f 4017/1088/1060 4046/1088/1060 4047/1088/1061 4024/1088/1061
f 4024/1088/1061 4047/1088/1061 4036/1088/1062 4018/1088/1062
f 4018/1088/1062 4036/1088/1062 4037/1088/1063 4025/1088/1063
f 4025/1088/1063 4037/1088/1063 4048/1088/1065 4019/1088/1064
f 4019/1088/1064 4048/1088/1065 4049/1088/1067 4020/1088/1066
f 4020/1088/1066 4049/1088/1067 4038/1088/1068 4026/1088/1068
f 4026/1088/1068 4038/1088/1068 4039/1088/1069 4027/1088/1069
f 4027/1088/1069 4039/1088/1069 4040/1088/1070 4028/1088/1070
f 4028/1088/1070 4040/1088/1070 4041/1088/1071 4029/1088/1071
f 4029/1088/1071 4041/1088/1071 4050/1088/1072 4030/1088/1072
f 4030/1088/1072 4050/1088/1072 4051/1088/1073 4031/1088/1073
f 4031/1088/1073 4051/1088/1073 4042/1088/1074 4032/1088/1074
f 4032/1088/1074 4042/1088/1074 4043/1088/1075 4033/1088/1075
f 4033/1088/1075 4043/1088/1075 4044/1088/1076 4021/1088/1076
f 4021/1088/1076 4044/1088/1076 4052/1088/1077 4022/1088/1077
f 4022/1088/1077 4052/1088/1077 4045/1088/1057 4023/1088/1057
f 4045/1088/1057 4058/1088/1057 4053/1088/1058 4034/1088/1058
f 4034/1088/1058 4053/1088/1058 4059/1088/1059 4035/1088/1078
f 4035/1088/1078 4059/1088/1059 4060/1088/1060 4046/1088/1060
f 4046/1088/1060 4060/1088/1060 4061/1088/1061 4047/1088/1061
f 4047/1088/1061 4061/1088/1061 4062/1088/1081 4036/1088/1062
f 4036/1088/1062 4062/1088/1081 4063/1088/1063 4037/1088/1063
f 4037/1088/1063 4063/1088/1063 4064/1088/1064 4048/1088/1065
f 4048/1088/1065 4064/1088/1064 4065/1088/1067 4049/1088/1067
f 4049/1088/1067 4065/1088/1067 4066/1088/1068 4038/1088/1068
f 4038/1088/1068 4066/1088/1068 4054/1088/1069 4039/1088/1069
f 4039/1088/1069 4054/1088/1069 4067/1088/1070 4040/1088/1070
f 4040/1088/1070 4067/1088/1070 4055/1088/1071 4041/1088/1071
f 4041/1088/1071 4055/1088/1071 4056/1088/1072 4050/1088/1072
f 4050/1088/1072 4056/1088/1072 4068/1088/1073 4051/1088/1073
f 4051/1088/1073 4068/1088/1073 4057/1088/1074 4042/1088/1074
f 4042/1088/1074 4057/1088/1074 4069/1088/1075 4043/1088/1075
f 4043/1088/1075 4069/1088/1075 4070/1088/1076 4044/1088/1076
f 4044/1088/1076 4070/1088/1076 4071/1088/1077 4052/1088/1077
f 4052/1088/1077 4071/1088/1077 4058/1088/1057 4045/1088/1057
f 4058/1088/1057 4077/1088/1057 4078/1088/1058 4053/1088/1058
f 4053/1088/1058 4078/1088/1058 4079/1088/1078 4059/1088/1059
f 4059/1088/1059 4079/1088/1078 4080/1088/1060 4060/1088/1060
f 4060/1088/1060 4080/1088/1060 4081/1088/1061 4061/1088/1061
f 4061/1088/1061 4081/1088/1061 4082/1088/1062 4062/1088/1081
f 4062/1088/1081 4082/1088/1062 4083/1088/1063 4063/1088/1063
f 4063/1088/1063 4083/1088/1063 4072/1088/1064 4064/1088/1064
f 4064/1088/1064 4072/1088/1064 4084/1088/1066 4065/1088/1067
f 4065/1088/1067 4084/1088/1066 4085/1088/1068 4066/1088/1068
f 4066/1088/1068 4085/1088/1068 4073/1088/1069 4054/1088/1069
f 4054/1088/1069 4073/1088/1069 4086/1088/1070 4067/1088/1070
f 4067/1088/1070 4086/1088/1070 4074/1088/1071 4055/1088/1071
f 4055/1088/1071 4074/1088/1071 4075/1088/1072 4056/1088/1072
f 4056/1088/1072 4075/1088/1072 4076/1088/1073 4068/1088/1073
f 4068/1088/1073 4076/1088/1073 4087/1088/1074 4057/1088/1074
f 4057/1088/1074 4087/1088/1074 4088/1088/1075 4069/1088/1075
f 4069/1088/1075 4088/1088/1075 4089/1088/1076 4070/1088/1076
f 4070/1088/1076 4089/1088/1076 4090/1088/1077 4071/1088/1077
f 4071/1088/1077 4090/1088/1077 4077/1088/1057 4058/1088/1057
f 4077/1088/1057 4091/1088/1057 4095/1088/1058 4078/1088/1058
f 4078/1088/1058 4095/1088/1058 4096/1088/1078 4079/1088/1078
f 4079/1088/1078 4096/1088/1078 4097/1088/1079 4080/1088/1060
f 4080/1088/1060 4097/1088/1079 4092/1088/1061 4081/1088/1061
f 4081/1088/1061 4092/1088/1061 4093/1088/1062 4082/1088/1062
f 4082/1088/1062 4093/1088/1062 4094/1088/1063 4083/1088/1063
f 4083/1088/1063 4094/1088/1063 4098/1088/1064 4072/1088/1064
f 4072/1088/1064 4098/1088/1064 4099/1088/1067 4084/1088/1066
f 4084/1088/1066 4099/1088/1067 4100/1088/1068 4085/1088/1068
f 4085/1088/1068 4100/1088/1068 4101/1088/1069 4073/1088/1069
f 4073/1088/1069 4101/1088/1069 4102/1088/1070 4086/1088/1070
f 4086/1088/1070 4102/1088/1070 4103/1088/1071 4074/1088/1071
f 4074/1088/1071 4103/1088/1071 4104/1088/1072 4075/1088/1072
f 4075/1088/1072 4104/1088/1072 4105/1088/1073 4076/1088/1073
f 4076/1088/1073 4105/1088/1073 4106/1088/1074 4087/1088/1074
f 4087/1088/1074 4106/1088/1074 4107/1088/1075 4088/1088/1075
f 4088/1088/1075 4107/1088/1075 4108/1088/1076 4089/1088/1076
f 4089/1088/1076 4108/1088/1076 4109/1088/1077 4090/1088/1077
f 4090/1088/1077 4109/1088/1077 4091/1088/1057 4077/1088/1057
f 4091/1088/1057 4110/1088/1057 4111/1088/1058 4095/1088/1058
f 4095/1088/1058 4111/1088/1058 4112/1088/1078 4096/1088/1078
f 4096/1088/1078 4112/1088/1078 4113/1088/1079 4097/1088/1079
f 4097/1088/1079 4113/1088/1079 4114/1088/1061 4092/1088/1061
f 4092/1088/1061 4114/1088/1061 4115/1088/1062 4093/1088/1062
f 4093/1088/1062 4115/1088/1062 4116/1088/1063 4094/1088/1063
f 4094/1088/1063 4116/1088/1063 4117/1088/1064 4098/1088/1064
f 4098/1088/1064 4117/1088/1064 4118/1088/1066 4099/1088/1067
f 4099/1088/1067 4118/1088/1066 4119/1088/1068 4100/1088/1068
f 4100/1088/1068 4119/1088/1068 4120/1088/1069 4101/1088/1069
f 4101/1088/1069 4120/1088/1069 4121/1088/1070 4102/1088/1070
f 4102/1088/1070 4121/1088/1070 4122/1088/1071 4103/1088/1071
f 4103/1088/1071 4122/1088/1071 4123/1088/1072 4104/1088/1072
f 4104/1088/1072 4123/1088/1072 4124/1088/1073 4105/1088/1073
f 4105/1088/1073 4124/1088/1073 4125/1088/1074 4106/1088/1074
f 4106/1088/1074 4125/1088/1074 4126/1088/1075 4107/1088/1075
f 4107/1088/1075 4126/1088/1075 4127/1088/1076 4108/1088/1076
f 4108/1088/1076 4127/1088/1076 4128/1088/1077 4109/1088/1077
f 4109/1088/1077 4128/1088/1077 4110/1088/1057 4091/1088/1057
f 4110/1088/1057 4132/1088/1057 4133/1088/1058 4111/1088/1058
f 4111/1088/1058 4133/1088/1058 4134/1088/1078 4112/1088/1078
f 4112/1088/1078 4134/1088/1078 4135/1088/1060 4113/1088/1079
f 4113/1088/1079 4135/1088/1060 4136/1088/1061 4114/1088/1061
f 4114/1088/1061 4136/1088/1061 4137/1088/1062 4115/1088/1062
f 4115/1088/1062 4137/1088/1062 4138/1088/1063 4116/1088/1063
f 4116/1088/1063 4138/1088/1063 4139/1088/1064 4117/1088/1064
f 4117/1088/1064 4139/1088/1064 4140/1088/1066 4118/1088/1066
f 4118/1088/1066 4140/1088/1066 4141/1088/1068 4119/1088/1068
f 4119/1088/1068 4141/1088/1068 4142/1088/1069 4120/1088/1069
f 4120/1088/1069 4142/1088/1069 4143/1088/1070 4121/1088/1070
f 4121/1088/1070 4143/1088/1070 4144/1088/1071 4122/1088/1071
f 4122/1088/1071 4144/1088/1071 4129/1088/1072 4123/1088/1072
f 4123/1088/1072 4129/1088/1072 4130/1088/1073 4124/1088/1073
f 4124/1088/1073 4130/1088/1073 4131/1088/1074 4125/1088/1074
f 4125/1088/1074 4131/1088/1074 4145/1088/1075 4126/1088/1075
f 4126/1088/1075 4145/1088/1075 4146/1088/1076 4127/1088/1076
f 4127/1088/1076 4146/1088/1076 4147/1088/1077 4128/1088/1077
f 4128/1088/1077 4147/1088/1077 4132/1088/1057 4110/1088/1057
f 4132/1088/1057 4148/1088/1057 4149/1088/1058 4133/1088/1058
f 4133/1088/1058 4149/1088/1058 4150/1088/1078 4134/1088/1078
f 4134/1088/1078 4150/1088/1078 4151/1088/1060 4135/1088/1060
f 4135/1088/1060 4151/1088/1060 4152/1088/1061 4136/1088/1061
f 4136/1088/1061 4152/1088/1061 4153/1088/1081 4137/1088/1062
f 4137/1088/1062 4153/1088/1081 4154/1088/1063 4138/1088/1063
f 4138/1088/1063 4154/1088/1063 4155/1088/1064 4139/1088/1064
f 4139/1088/1064 4155/1088/1064 4156/1088/1067 4140/1088/1066
f 4140/1088/1066 4156/1088/1067 4157/1088/1068 4141/1088/1068
f 4141/1088/1068 4157/1088/1068 4158/1088/1069 4142/1088/1069
f 4142/1088/1069 4158/1088/1069 4159/1088/1070 4143/1088/1070
f 4143/1088/1070 4159/1088/1070 4160/1088/1071 4144/1088/1071
f 4144/1088/1071 4160/1088/1071 4161/1088/1072 4129/1088/1072
f 4129/1088/1072 4161/1088/1072 4162/1088/1073 4130/1088/1073
f 4130/1088/1073 4162/1088/1073 4163/1088/1074 4131/1088/1074
f 4131/1088/1074 4163/1088/1074 4164/1088/1075 4145/1088/1075
f 4145/1088/1075 4164/1088/1075 4165/1088/1076 4146/1088/1076
f 4146/1088/1076 4165/1088/1076 4166/1088/1077 4147/1088/1077
f 4147/1088/1077 4166/1088/1077 4148/1088/1057 4132/1088/1057
f 4148/1088/1057 4167/1088/1057 4168/1088/1058 4149/1088/1058
f 4149/1088/1058 4168/1088/1058 4169/1088/1078 4150/1088/1078
f 4150/1088/1078 4169/1088/1078 4170/1088/1079 4151/1088/1060
f 4151/1088/1060 4170/1088/1079 4171/1088/1061 4152/1088/1061
f 4152/1088/1061 4171/1088/1061 4172/1088/1081 4153/1088/1081
f 4153/1088/1081 4172/1088/1081 4173/1088/1063 4154/1088/1063
f 4154/1088/1063 4173/1088/1063 4174/1088/1064 4155/1088/1064
f 4155/1088/1064 4174/1088/1064 4175/1088/1067 4156/1088/1067
f 4156/1088/1067 4175/1088/1067 4176/1088/1068 4157/1088/1068
f 4157/1088/1068 4176/1088/1068 4177/1088/1069 4158/1088/1069
f 4158/1088/1069 4177/1088/1069 4178/1088/1070 4159/1088/1070
f 4159/1088/1070 4178/1088/1070 4179/1088/1071 4160/1088/1071
f 4160/1088/1071 4179/1088/1071 4180/1088/1072 4161/1088/1072
f 4161/1088/1072 4180/1088/1072 4181/1088/1073 4162/1088/1073
f 4162/1088/1073 4181/1088/1073 4182/1088/1074 4163/1088/1074
f 4163/1088/1074 4182/1088/1074 4183/1088/1075 4164/1088/1075
f 4164/1088/1075 4183/1088/1075 4184/1088/1076 4165/1088/1076
f 4165/1088/1076 4184/1088/1076 4185/1088/1077 4166/1088/1077
f 4166/1088/1077 4185/1088/1077 4167/1088/1057 4148/1088/1057
f 4167/1088/1057 4186/1088/1057 4190/1088/1058 4168/1088/1058
f 4168/1088/1058 4190/1088/1058 4191/1088/1346 4169/1088/1078
f 4169/1088/1078 4191/1088/1346 4192/1088/1060 4170/1088/1079
f 4170/1088/1079 4192/1088/1060 4193/1088/1061 4171/1088/1061
f 4171/1088/1061 4193/1088/1061 4187/1088/1062 4172/1088/1081
f 4172/1088/1081 4187/1088/1062 4194/1088/1063 4173/1088/1063
f 4173/1088/1063 4194/1088/1063 4195/1088/1064 4174/1088/1064
f 4174/1088/1064 4195/1088/1064 4196/1088/1067 4175/1088/1067
f 4175/1088/1067 4196/1088/1067 4197/1088/1068 4176/1088/1068
f 4176/1088/1068 4197/1088/1068 4188/1088/1069 4177/1088/1069
f 4177/1088/1069 4188/1088/1069 4198/1088/1070 4178/1088/1070
f 4178/1088/1070 4198/1088/1070 4199/1088/1071 4179/1088/1071
f 4179/1088/1071 4199/1088/1071 4189/1088/1072 4180/1088/1072
f 4180/1088/1072 4189/1088/1072 4200/1088/1073 4181/1088/1073
f 4181/1088/1073 4200/1088/1073 4201/1088/1074 4182/1088/1074
f 4182/1088/1074 4201/1088/1074 4202/1088/1075 4183/1088/1075
f 4183/1088/1075 4202/1088/1075 4203/1088/1076 4184/1088/1076
f 4184/1088/1076 4203/1088/1076 4204/1088/1077 4185/1088/1077
f 4185/1088/1077 4204/1088/1077 4186/1088/1057 4167/1088/1057
f 4186/1088/1057 4210/1088/1057 4205/1088/1058 4190/1088/1058
f 4190/1088/1058 4205/1088/1058 4206/1088/1346 4191/1088/1346
f 4191/1088/1346 4206/1088/1346 4211/1088/1060 4192/1088/1060
f 4192/1088/1060 4211/1088/1060 4212/1088/1061 4193/1088/1061
f 4193/1088/1061 4212/1088/1061 4213/1088/1062 4187/1088/1062
f 4187/1088/1062 4213/1088/1062 4207/1088/1063 4194/1088/1063
f 4194/1088/1063 4207/1088/1063 4208/1088/1064 4195/1088/1064
f 4195/1088/1064 4208/1088/1064 4214/1088/1066 4196/1088/1067
f 4196/1088/1067 4214/1088/1066 4215/1088/1068 4197/1088/1068
f 4197/1088/1068 4215/1088/1068 4216/1088/1069 4188/1088/1069
f 4188/1088/1069 4216/1088/1069 4217/1088/1070 4198/1088/1070
f 4198/1088/1070 4217/1088/1070 4209/1088/1347 4199/1088/1071
f 4199/1088/1071 4209/1088/1347 4218/1088/1072 4189/1088/1072
f 4189/1088/1072 4218/1088/1072 4219/1088/1073 4200/1088/1073
f 4200/1088/1073 4219/1088/1073 4220/1088/1074 4201/1088/1074
f 4201/1088/1074 4220/1088/1074 4221/1088/1075 4202/1088/1075
f 4202/1088/1075 4221/1088/1075 4222/1088/1076 4203/1088/1076
f 4203/1088/1076 4222/1088/1076 4223/1088/1077 4204/1088/1077
f 4204/1088/1077 4223/1088/1077 4210/1088/1057 4186/1088/1057
f 4210/1088/1057 4224/1088/1057 4225/1088/1058 4205/1088/1058
f 4205/1088/1058 4225/1088/1058 4226/1088/1078 4206/1088/1346
f 4206/1088/1346 4226/1088/1078 4227/1088/1060 4211/1088/1060
f 4211/1088/1060 4227/1088/1060 4228/1088/1061 4212/1088/1061
f 4212/1088/1061 4228/1088/1061 4229/1088/1062 4213/1088/1062
f 4213/1088/1062 4229/1088/1062 4230/1088/1063 4207/1088/1063
f 4207/1088/1063 4230/1088/1063 4231/1088/1064 4208/1088/1064
f 4208/1088/1064 4231/1088/1064 4232/1088/1067 4214/1088/1066
f 4214/1088/1066 4232/1088/1067 4233/1088/1068 4215/1088/1068
f 4215/1088/1068 4233/1088/1068 4234/1088/1069 4216/1088/1069
f 4216/1088/1069 4234/1088/1069 4235/1088/1070 4217/1088/1070
f 4217/1088/1070 4235/1088/1070 4236/1088/1071 4209/1088/1347
f 4209/1088/1347 4236/1088/1071 4237/1088/1072 4218/1088/1072
f 4218/1088/1072 4237/1088/1072 4238/1088/1073 4219/1088/1073
f 4219/1088/1073 4238/1088/1073 4239/1088/1074 4220/1088/1074
f 4220/1088/1074 4239/1088/1074 4240/1088/1075 4221/1088/1075
f 4221/1088/1075 4240/1088/1075 4241/1088/1076 4222/1088/1076
f 4222/1088/1076 4241/1088/1076 4242/1088/1077 4223/1088/1077
f 4223/1088/1077 4242/1088/1077 4224/1088/1057 4210/1088/1057
f 4243/1088/1057 4264/1088/1057 4257/1088/1058 4244/1088/1058
f 4244/1088/1058 4257/1088/1058 4258/1088/1346 4245/1088/1059
f 4245/1088/1059 4258/1088/1346 4259/1088/1060 4246/1088/1060
f 4246/1088/1060 4259/1088/1060 4265/1088/1061 4247/1088/1061
f 4247/1088/1061 4265/1088/1061 4266/1088/1062 4248/1088/1081
f 4248/1088/1081 4266/1088/1062 4260/1088/1063 4249/1088/1063
f 4249/1088/1063 4260/1088/1063 4267/1088/1064 4250/1088/1064
f 4250/1088/1064 4267/1088/1064 4268/1088/1066 1492/1088/1066
f 1492/1088/1066 4268/1088/1066 4269/1088/1080 4251/1088/1068
f 4251/1088/1068 4269/1088/1080 4261/1088/1069 4252/1088/1069
f 4252/1088/1069 4261/1088/1069 4262/1088/1070 1493/1088/1070
f 1493/1088/1070 4262/1088/1070 4270/1088/1071 1494/1088/1071
f 1494/1088/1071 4270/1088/1071 4263/1088/1072 4253/1088/1072
f 4253/1088/1072 4263/1088/1072 4271/1088/1073 1495/1088/1073
f 1495/1088/1073 4271/1088/1073 4272/1088/1074 1496/1088/1074
f 1496/1088/1074 4272/1088/1074 4273/1088/1075 4254/1088/1075
f 4254/1088/1075 4273/1088/1075 4274/1088/1076 4255/1088/1076
f 4255/1088/1076 4274/1088/1076 4275/1088/1077 4256/1088/1077
f 4256/1088/1077 4275/1088/1077 4264/1088/1057 4243/1088/1057
f 4264/1088/1057 4283/1088/1057 4276/1088/1058 4257/1088/1058
f 4257/1088/1058 4276/1088/1058 4277/1088/1078 4258/1088/1346
f 4258/1088/1346 4277/1088/1078 4278/1088/1079 4259/1088/1060
f 4259/1088/1060 4278/1088/1079 4284/1088/1061 4265/1088/1061
f 4265/1088/1061 4284/1088/1061 4279/1088/1081 4266/1088/1062
f 4266/1088/1062 4279/1088/1081 4285/1088/1063 4260/1088/1063
f 4260/1088/1063 4285/1088/1063 4286/1088/1064 4267/1088/1064
f 4267/1088/1064 4286/1088/1064 4287/1088/1067 4268/1088/1066
f 4268/1088/1066 4287/1088/1067 4288/1088/1068 4269/1088/1080
f 4269/1088/1080 4288/1088/1068 4280/1088/1069 4261/1088/1069
f 4261/1088/1069 4280/1088/1069 4289/1088/1070 4262/1088/1070
f 4262/1088/1070 4289/1088/1070 4290/1088/1071 4270/1088/1071
f 4270/1088/1071 4290/1088/1071 4291/1088/1072 4263/1088/1072
f 4263/1088/1072 4291/1088/1072 4292/1088/1073 4271/1088/1073
f 4271/1088/1073 4292/1088/1073 4293/1088/1074 4272/1088/1074
f 4272/1088/1074 4293/1088/1074 4294/1088/1075 4273/1088/1075
f 4273/1088/1075 4294/1088/1075 4281/1088/1076 4274/1088/1076
f 4274/1088/1076 4281/1088/1076 4282/1088/1077 4275/1088/1077
f 4275/1088/1077 4282/1088/1077 4283/1088/1057 4264/1088/1057
f 4283/1088/1057 4299/1088/1057 4295/1088/1058 4276/1088/1058
f 4276/1088/1058 4295/1088/1058 4300/1088/1078 4277/1088/1078
f 4277/1088/1078 4300/1088/1078 4301/1088/1060 4278/1088/1079
f 4278/1088/1079 4301/1088/1060 4302/1088/1061 4284/1088/1061
f 4284/1088/1061 4302/1088/1061 4303/1088/1081 4279/1088/1081
f 4279/1088/1081 4303/1088/1081 4304/1088/1063 4285/1088/1063
f 4285/1088/1063 4304/1088/1063 4305/1088/1064 4286/1088/1064
f 4286/1088/1064 4305/1088/1064 4306/1088/1066 4287/1088/1067
f 4287/1088/1067 4306/1088/1066 4307/1088/1080 4288/1088/1068
f 4288/1088/1068 4307/1088/1080 4308/1088/1069 4280/1088/1069
f 4280/1088/1069 4308/1088/1069 4296/1088/1070 4289/1088/1070
f 4289/1088/1070 4296/1088/1070 4297/1088/1071 4290/1088/1071
f 4290/1088/1071 4297/1088/1071 4309/1088/1072 4291/1088/1072
f 4291/1088/1072 4309/1088/1072 4310/1088/1073 4292/1088/1073
f 4292/1088/1073 4310/1088/1073 4311/1088/1074 4293/1088/1074
f 4293/1088/1074 4311/1088/1074 4312/1088/1075 4294/1088/1075
f 4294/1088/1075 4312/1088/1075 4298/1088/1076 4281/1088/1076
f 4281/1088/1076 4298/1088/1076 4313/1088/1077 4282/1088/1077
f 4282/1088/1077 4313/1088/1077 4299/1088/1057 4283/1088/1057
f 4299/1088/1057 4320/1088/1057 4321/1088/1058 4295/1088/1058
f 4295/1088/1058 4321/1088/1058 4314/1088/1059 4300/1088/1078
f 4300/1088/1078 4314/1088/1059 4315/1088/1060 4301/1088/1060
f 4301/1088/1060 4315/1088/1060 4322/1088/1061 4302/1088/1061
f 4302/1088/1061 4322/1088/1061 4323/1088/1062 4303/1088/1081
f 4303/1088/1081 4323/1088/1062 4316/1088/1063 4304/1088/1063
f 4304/1088/1063 4316/1088/1063 4324/1088/1064 4305/1088/1064
f 4305/1088/1064 4324/1088/1064 4325/1088/1066 4306/1088/1066
f 4306/1088/1066 4325/1088/1066 4326/1088/1080 4307/1088/1080
f 4307/1088/1080 4326/1088/1080 4327/1088/1069 4308/1088/1069
f 4308/1088/1069 4327/1088/1069 4317/1088/1070 4296/1088/1070
f 4296/1088/1070 4317/1088/1070 4328/1088/1071 4297/1088/1071
f 4297/1088/1071 4328/1088/1071 4318/1088/1072 4309/1088/1072
f 4309/1088/1072 4318/1088/1072 4319/1088/1073 4310/1088/1073
f 4310/1088/1073 4319/1088/1073 4329/1088/1074 4311/1088/1074
f 4311/1088/1074 4329/1088/1074 4330/1088/1075 4312/1088/1075
f 4312/1088/1075 4330/1088/1075 4331/1088/1076 4298/1088/1076
f 4298/1088/1076 4331/1088/1076 4332/1088/1077 4313/1088/1077
f 4313/1088/1077 4332/1088/1077 4320/1088/1057 4299/1088/1057
f 4320/1088/1057 4339/1088/1057 4340/1088/1058 4321/1088/1058
f 4321/1088/1058 4340/1088/1058 4341/1088/1078 4314/1088/1059
f 4314/1088/1059 4341/1088/1078 4342/1088/1060 4315/1088/1060
f 4315/1088/1060 4342/1088/1060 4343/1088/1061 4322/1088/1061
f 4322/1088/1061 4343/1088/1061 4344/1088/1062 4323/1088/1062
f 4323/1088/1062 4344/1088/1062 4345/1088/1063 4316/1088/1063
f 4316/1088/1063 4345/1088/1063 4346/1088/1064 4324/1088/1064
f 4324/1088/1064 4346/1088/1064 4333/1088/1066 4325/1088/1066
f 4325/1088/1066 4333/1088/1066 4347/1088/1068 4326/1088/1080
f 4326/1088/1080 4347/1088/1068 4334/1088/1069 4327/1088/1069
f 4327/1088/1069 4334/1088/1069 4335/1088/1070 4317/1088/1070
f 4317/1088/1070 4335/1088/1070 4336/1088/1071 4328/1088/1071
f 4328/1088/1071 4336/1088/1071 4348/1088/1072 4318/1088/1072
f 4318/1088/1072 4348/1088/1072 4337/1088/1073 4319/1088/1073
f 4319/1088/1073 4337/1088/1073 4338/1088/1074 4329/1088/1074
f 4329/1088/1074 4338/1088/1074 4349/1088/1075 4330/1088/1075
f 4330/1088/1075 4349/1088/1075 4350/1088/1076 4331/1088/1076
f 4331/1088/1076 4350/1088/1076 4351/1088/1077 4332/1088/1077
f 4332/1088/1077 4351/1088/1077 4339/1088/1057 4320/1088/1057
f 4339/1088/1057 4359/1088/1057 4360/1088/1058 4340/1088/1058
f 4340/1088/1058 4360/1088/1058 4361/1088/1059 4341/1088/1078
f 4341/1088/1078 4361/1088/1059 4352/1088/1060 4342/1088/1060
f 4342/1088/1060 4352/1088/1060 4353/1088/1061 4343/1088/1061
f 4343/1088/1061 4353/1088/1061 4354/1088/1062 4344/1088/1062
f 4344/1088/1062 4354/1088/1062 4355/1088/1063 4345/1088/1063
f 4345/1088/1063 4355/1088/1063 4362/1088/1064 4346/1088/1064
f 4346/1088/1064 4362/1088/1064 4363/1088/1067 4333/1088/1066
f 4333/1088/1066 4363/1088/1067 4356/1088/1068 4347/1088/1068
f 4347/1088/1068 4356/1088/1068 4357/1088/1069 4334/1088/1069
f 4334/1088/1069 4357/1088/1069 4364/1088/1070 4335/1088/1070
f 4335/1088/1070 4364/1088/1070 4365/1088/1071 4336/1088/1071
f 4336/1088/1071 4365/1088/1071 4366/1088/1072 4348/1088/1072
f 4348/1088/1072 4366/1088/1072 4358/1088/1073 4337/1088/1073
f 4337/1088/1073 4358/1088/1073 4367/1088/1074 4338/1088/1074
f 4338/1088/1074 4367/1088/1074 4368/1088/1075 4349/1088/1075
f 4349/1088/1075 4368/1088/1075 4369/1088/1076 4350/1088/1076
f 4350/1088/1076 4369/1088/1076 4370/1088/1077 4351/1088/1077
f 4351/1088/1077 4370/1088/1077 4359/1088/1057 4339/1088/1057
f 4359/1088/1057 4371/1088/1057 4378/1088/1058 4360/1088/1058
f 4360/1088/1058 4378/1088/1058 4372/1088/1078 4361/1088/1059
f 4361/1088/1059 4372/1088/1078 4379/1088/1079 4352/1088/1060
f 4352/1088/1060 4379/1088/1079 4380/1088/1348 4353/1088/1061
f 4353/1088/1061 4380/1088/1348 4381/1088/1081 4354/1088/1062
f 4354/1088/1062 4381/1088/1081 4373/1088/1063 4355/1088/1063
f 4355/1088/1063 4373/1088/1063 4374/1088/1065 4362/1088/1064
f 4362/1088/1064 4374/1088/1065 4382/1088/1067 4363/1088/1067
f 4363/1088/1067 4382/1088/1067 4375/1088/1068 4356/1088/1068
f 4356/1088/1068 4375/1088/1068 4383/1088/1349 4357/1088/1069
f 4357/1088/1069 4383/1088/1349 4376/1088/1070 4364/1088/1070
f 4364/1088/1070 4376/1088/1070 4377/1088/1071 4365/1088/1071
f 4365/1088/1071 4377/1088/1071 4384/1088/1072 4366/1088/1072
f 4366/1088/1072 4384/1088/1072 4385/1088/1073 4358/1088/1073
f 4358/1088/1073 4385/1088/1073 4386/1088/1074 4367/1088/1074
f 4367/1088/1074 4386/1088/1074 4387/1088/1075 4368/1088/1075
f 4368/1088/1075 4387/1088/1075 4388/1088/1076 4369/1088/1076
f 4369/1088/1076 4388/1088/1076 4389/1088/1077 4370/1088/1077
f 4370/1088/1077 4389/1088/1077 4371/1088/1057 4359/1088/1057
f 4371/1088/1057 4396/1088/1057 4390/1088/1058 4378/1088/1058
f 4378/1088/1058 4390/1088/1058 4397/1088/1346 4372/1088/1078
f 4372/1088/1078 4397/1088/1346 4398/1088/1060 4379/1088/1079
f 4379/1088/1079 4398/1088/1060 4399/1088/1061 4380/1088/1348
f 4380/1088/1348 4399/1088/1061 4391/1088/1062 4381/1088/1081
f 4381/1088/1081 4391/1088/1062 4400/1088/1063 4373/1088/1063
f 4373/1088/1063 4400/1088/1063 4401/1088/1064 4374/1088/1065
f 4374/1088/1065 4401/1088/1064 4392/1088/1067 4382/1088/1067
f 4382/1088/1067 4392/1088/1067 4393/1088/1068 4375/1088/1068
f 4375/1088/1068 4393/1088/1068 4402/1088/1069 4383/1088/1349
f 4383/1088/1349 4402/1088/1069 4403/1088/1070 4376/1088/1070
f 4376/1088/1070 4403/1088/1070 4404/1088/1071 4377/1088/1071
f 4377/1088/1071 4404/1088/1071 4405/1088/1072 4384/1088/1072
f 4384/1088/1072 4405/1088/1072 4406/1088/1073 4385/1088/1073
f 4385/1088/1073 4406/1088/1073 4394/1088/1074 4386/1088/1074
f 4386/1088/1074 4394/1088/1074 4407/1088/1350 4387/1088/1075
f 4387/1088/1075 4407/1088/1350 4408/1088/1076 4388/1088/1076
f 4388/1088/1076 4408/1088/1076 4395/1088/1077 4389/1088/1077
f 4389/1088/1077 4395/1088/1077 4396/1088/1057 4371/1088/1057
f 4396/1088/1057 4413/1088/1057 4414/1088/1058 4390/1088/1058
f 4390/1088/1058 4414/1088/1058 4409/1088/1346 4397/1088/1346
f 4397/1088/1346 4409/1088/1346 4415/1088/1060 4398/1088/1060
f 4398/1088/1060 4415/1088/1060 4416/1088/1061 4399/1088/1061
f 4399/1088/1061 4416/1088/1061 4417/1088/1062 4391/1088/1062
f 4391/1088/1062 4417/1088/1062 4418/1088/1063 4400/1088/1063
f 4400/1088/1063 4418/1088/1063 4419/1088/1064 4401/1088/1064
f 4401/1088/1064 4419/1088/1064 4420/1088/1067 4392/1088/1067
f 4392/1088/1067 4420/1088/1067 4421/1088/1068 4393/1088/1068
f 4393/1088/1068 4421/1088/1068 4422/1088/1069 4402/1088/1069
f 4402/1088/1069 4422/1088/1069 4423/1088/1351 4403/1088/1070
f 4403/1088/1070 4423/1088/1351 4424/1088/1347 4404/1088/1071
f 4404/1088/1071 4424/1088/1347 4425/1088/1072 4405/1088/1072
f 4405/1088/1072 4425/1088/1072 4410/1088/1073 4406/1088/1073
f 4406/1088/1073 4410/1088/1073 4426/1088/1074 4394/1088/1074
f 4394/1088/1074 4426/1088/1074 4411/1088/1075 4407/1088/1350
f 4407/1088/1350 4411/1088/1075 4427/1088/1076 4408/1088/1076
f 4408/1088/1076 4427/1088/1076 4412/1088/1077 4395/1088/1077
f 4395/1088/1077 4412/1088/1077 4413/1088/1057 4396/1088/1057
f 4413/1088/1057 4433/1088/1057 4434/1088/1058 4414/1088/1058
f 4414/1088/1058 4434/1088/1058 4435/1088/1078 4409/1088/1346
f 4409/1088/1346 4435/1088/1078 4428/1088/1079 4415/1088/1060
f 4415/1088/1060 4428/1088/1079 4436/1088/1061 4416/1088/1061
f 4416/1088/1061 4436/1088/1061 4437/1088/1081 4417/1088/1062
f 4417/1088/1062 4437/1088/1081 4438/1088/1063 4418/1088/1063
f 4418/1088/1063 4438/1088/1063 4429/1088/1064 4419/1088/1064
f 4419/1088/1064 4429/1088/1064 4439/1088/1066 4420/1088/1067
f 4420/1088/1067 4439/1088/1066 4440/1088/1080 4421/1088/1068
f 4421/1088/1068 4440/1088/1080 4441/1088/1069 4422/1088/1069
f 4422/1088/1069 4441/1088/1069 4442/1088/1070 4423/1088/1351
f 4423/1088/1351 4442/1088/1070 4443/1088/1071 4424/1088/1347
f 4424/1088/1347 4443/1088/1071 4430/1088/1072 4425/1088/1072
f 4425/1088/1072 4430/1088/1072 4431/1088/1073 4410/1088/1073
f 4410/1088/1073 4431/1088/1073 4444/1088/1074 4426/1088/1074
f 4426/1088/1074 4444/1088/1074 4445/1088/1075 4411/1088/1075
f 4411/1088/1075 4445/1088/1075 4432/1088/1076 4427/1088/1076
f 4427/1088/1076 4432/1088/1076 4446/1088/1077 4412/1088/1077
f 4412/1088/1077 4446/1088/1077 4433/1088/1057 4413/1088/1057
f 4433/1088/1057 4451/1088/1057 4452/1088/1058 4434/1088/1058
f 4434/1088/1058 4452/1088/1058 4453/1088/1078 4435/1088/1078
f 4435/1088/1078 4453/1088/1078 4447/1088/1060 4428/1088/1079
f 4428/1088/1079 4447/1088/1060 4454/1088/1061 4436/1088/1061
f 4436/1088/1061 4454/1088/1061 4455/1088/1062 4437/1088/1081
f 4437/1088/1081 4455/1088/1062 4448/1088/1063 4438/1088/1063
f 4438/1088/1063 4448/1088/1063 4456/1088/1064 4429/1088/1064
f 4429/1088/1064 4456/1088/1064 4449/1088/1067 4439/1088/1066
f 4439/1088/1066 4449/1088/1067 4457/1088/1080 4440/1088/1080
f 4440/1088/1080 4457/1088/1080 4458/1088/1069 4441/1088/1069
f 4441/1088/1069 4458/1088/1069 4459/1088/1070 4442/1088/1070
f 4442/1088/1070 4459/1088/1070 4460/1088/1071 4443/1088/1071
f 4443/1088/1071 4460/1088/1071 4461/1088/1072 4430/1088/1072
f 4430/1088/1072 4461/1088/1072 4462/1088/1073 4431/1088/1073
f 4431/1088/1073 4462/1088/1073 4463/1088/1074 4444/1088/1074
f 4444/1088/1074 4463/1088/1074 4464/1088/1075 4445/1088/1075
f 4445/1088/1075 4464/1088/1075 4450/1088/1076 4432/1088/1076
f 4432/1088/1076 4450/1088/1076 4465/1088/1077 4446/1088/1077
f 4446/1088/1077 4465/1088/1077 4451/1088/1057 4433/1088/1057
f 4451/1088/1057 4466/1088/1057 4470/1088/1058 4452/1088/1058
f 4452/1088/1058 4470/1088/1058 4471/1088/1078 4453/1088/1078
f 4453/1088/1078 4471/1088/1078 4472/1088/1079 4447/1088/1060
f 4447/1088/1060 4472/1088/1079 4473/1088/1061 4454/1088/1061
f 4454/1088/1061 4473/1088/1061 4474/1088/1062 4455/1088/1062
f 4455/1088/1062 4474/1088/1062 4475/1088/1063 4448/1088/1063
f 4448/1088/1063 4475/1088/1063 4476/1088/1064 4456/1088/1064
f 4456/1088/1064 4476/1088/1064 4477/1088/1067 4449/1088/1067
f 4449/1088/1067 4477/1088/1067 4467/1088/1080 4457/1088/1080
f 4457/1088/1080 4467/1088/1080 4478/1088/1069 4458/1088/1069
f 4458/1088/1069 4478/1088/1069 4479/1088/1070 4459/1088/1070
f 4459/1088/1070 4479/1088/1070 4468/1088/1071 4460/1088/1071
f 4460/1088/1071 4468/1088/1071 4480/1088/1072 4461/1088/1072
f 4461/1088/1072 4480/1088/1072 4469/1088/1073 4462/1088/1073
f 4462/1088/1073 4469/1088/1073 4481/1088/1074 4463/1088/1074
f 4463/1088/1074 4481/1088/1074 4482/1088/1075 4464/1088/1075
f 4464/1088/1075 4482/1088/1075 4483/1088/1076 4450/1088/1076
f 4450/1088/1076 4483/1088/1076 4484/1088/1077 4465/1088/1077
f 4465/1088/1077 4484/1088/1077 4466/1088/1057 4451/1088/1057
f 4466/1088/1057 4485/1088/1057 4486/1088/1058 4470/1088/1058
f 4470/1088/1058 4486/1088/1058 4487/1088/1078 4471/1088/1078
f 4471/1088/1078 4487/1088/1078 4488/1088/1060 4472/1088/1079
f 4472/1088/1079 4488/1088/1060 4489/1088/1061 4473/1088/1061
f 4473/1088/1061 4489/1088/1061 4490/1088/1062 4474/1088/1062
f 4474/1088/1062 4490/1088/1062 4491/1088/1063 4475/1088/1063
f 4475/1088/1063 4491/1088/1063 4492/1088/1064 4476/1088/1064
f 4476/1088/1064 4492/1088/1064 4493/1088/1067 4477/1088/1067
f 4477/1088/1067 4493/1088/1067 4494/1088/1068 4467/1088/1080
f 4467/1088/1080 4494/1088/1068 4495/1088/1069 4478/1088/1069
f 4478/1088/1069 4495/1088/1069 4496/1088/1070 4479/1088/1070
f 4479/1088/1070 4496/1088/1070 4497/1088/1347 4468/1088/1071
f 4468/1088/1071 4497/1088/1347 4498/1088/1072 4480/1088/1072
f 4480/1088/1072 4498/1088/1072 4499/1088/1073 4469/1088/1073
f 4469/1088/1073 4499/1088/1073 4500/1088/1074 4481/1088/1074
f 4481/1088/1074 4500/1088/1074 4501/1088/1075 4482/1088/1075
f 4482/1088/1075 4501/1088/1075 4502/1088/1076 4483/1088/1076
f 4483/1088/1076 4502/1088/1076 4503/1088/1077 4484/1088/1077
f 4484/1088/1077 4503/1088/1077 4485/1088/1057 4466/1088/1057
f 4504/1088/1083 4523/1088/1083 4524/1088/1084 4505/1088/1084
f 4505/1088/1084 4524/1088/1084 4514/1088/1085 4506/1088/1085
f 4506/1088/1085 4514/1088/1085 4525/1088/1086 4507/1088/1086
f 4507/1088/1086 4525/1088/1086 4515/1088/1087 4508/1088/1087
f 4508/1088/1087 4515/1088/1087 4526/1088/1088 4509/1088/1088
f 4509/1088/1088 4526/1088/1088 4516/1088/1089 4510/1088/1089
f 4510/1088/1089 4516/1088/1089 4517/1088/1090 1763/1088/1090
f 1763/1088/1090 4517/1088/1090 4518/1088/1091 1764/1088/1091
f 1764/1088/1091 4518/1088/1091 4519/1088/1093 1765/1088/1092
f 1765/1088/1092 4519/1088/1093 4520/1088/1094 4511/1088/1094
f 4511/1088/1094 4520/1088/1094 4521/1088/1095 1766/1088/1095
f 1766/1088/1095 4521/1088/1095 4527/1088/1096 1767/1088/1096
f 1767/1088/1096 4527/1088/1096 4522/1088/1097 1768/1088/1097
f 1768/1088/1097 4522/1088/1097 4528/1088/1098 1769/1088/1098
f 1769/1088/1098 4528/1088/1098 4529/1088/1099 1770/1088/1099
f 1770/1088/1099 4529/1088/1099 4530/1088/1100 1771/1088/1100
f 1771/1088/1100 4530/1088/1100 4531/1088/1101 4512/1088/1101
f 4512/1088/1101 4531/1088/1101 4532/1088/1103 4513/1088/1103
f 4513/1088/1103 4532/1088/1103 4523/1088/1083 4504/1088/1083
f 4523/1088/1083 4533/1088/1083 4534/1088/1084 4524/1088/1084
f 4524/1088/1084 4534/1088/1084 4535/1088/1085 4514/1088/1085
f 4514/1088/1085 4535/1088/1085 4536/1088/1086 4525/1088/1086
f 4525/1088/1086 4536/1088/1086 4537/1088/1087 4515/1088/1087
f 4515/1088/1087 4537/1088/1087 4538/1088/1088 4526/1088/1088
f 4526/1088/1088 4538/1088/1088 4539/1088/1089 4516/1088/1089
f 4516/1088/1089 4539/1088/1089 4543/1088/1090 4517/1088/1090
f 4517/1088/1090 4543/1088/1090 4544/1088/1091 4518/1088/1091
f 4518/1088/1091 4544/1088/1091 4545/1088/1092 4519/1088/1093
f 4519/1088/1093 4545/1088/1092 4546/1088/1094 4520/1088/1094
f 4520/1088/1094 4546/1088/1094 4547/1088/1095 4521/1088/1095
f 4521/1088/1095 4547/1088/1095 4548/1088/1096 4527/1088/1096
f 4527/1088/1096 4548/1088/1096 4549/1088/1097 4522/1088/1097
f 4522/1088/1097 4549/1088/1097 4550/1088/1098 4528/1088/1098
f 4528/1088/1098 4550/1088/1098 4540/1088/1099 4529/1088/1099
f 4529/1088/1099 4540/1088/1099 4541/1088/1100 4530/1088/1100
f 4530/1088/1100 4541/1088/1100 4542/1088/1101 4531/1088/1101
f 4531/1088/1101 4542/1088/1101 4551/1088/1103 4532/1088/1103
f 4532/1088/1103 4551/1088/1103 4533/1088/1083 4523/1088/1083
f 4533/1088/1083 4562/1088/1083 4563/1088/1084 4534/1088/1084
f 4534/1088/1084 4563/1088/1084 4564/1088/1085 4535/1088/1085
f 4535/1088/1085 4564/1088/1085 4565/1088/1086 4536/1088/1086
f 4536/1088/1086 4565/1088/1086 4566/1088/1087 4537/1088/1087
f 4537/1088/1087 4566/1088/1087 4567/1088/1088 4538/1088/1088
f 4538/1088/1088 4567/1088/1088 4568/1088/1089 4539/1088/1089
f 4539/1088/1089 4568/1088/1089 4569/1088/1090 4543/1088/1090
f 4543/1088/1090 4569/1088/1090 4552/1088/1091 4544/1088/1091
f 4544/1088/1091 4552/1088/1091 4553/1088/1092 4545/1088/1092
f 4545/1088/1092 4553/1088/1092 4554/1088/1094 4546/1088/1094
f 4546/1088/1094 4554/1088/1094 4555/1088/1095 4547/1088/1095
f 4547/1088/1095 4555/1088/1095 4556/1088/1096 4548/1088/1096
f 4548/1088/1096 4556/1088/1096 4557/1088/1097 4549/1088/1097
f 4549/1088/1097 4557/1088/1097 4558/1088/1098 4550/1088/1098
f 4550/1088/1098 4558/1088/1098 4559/1088/1099 4540/1088/1099
f 4540/1088/1099 4559/1088/1099 4560/1088/1100 4541/1088/1100
f 4541/1088/1100 4560/1088/1100 4561/1088/1101 4542/1088/1101
f 4542/1088/1101 4561/1088/1101 4570/1088/1103 4551/1088/1103
f 4551/1088/1103 4570/1088/1103 4562/1088/1083 4533/1088/1083
f 4562/1088/1083 4575/1088/1083 4576/1088/1084 4563/1088/1084
f 4563/1088/1084 4576/1088/1084 4577/1088/1085 4564/1088/1085
f 4564/1088/1085 4577/1088/1085 4578/1088/1104 4565/1088/1086
f 4565/1088/1086 4578/1088/1104 4579/1088/1087 4566/1088/1087
f 4566/1088/1087 4579/1088/1087 4580/1088/1088 4567/1088/1088
f 4567/1088/1088 4580/1088/1088 4581/1088/1089 4568/1088/1089
f 4568/1088/1089 4581/1088/1089 4582/1088/1090 4569/1088/1090
f 4569/1088/1090 4582/1088/1090 4571/1088/1091 4552/1088/1091
f 4552/1088/1091 4571/1088/1091 4572/1088/1092 4553/1088/1092
f 4553/1088/1092 4572/1088/1092 4583/1088/1352 4554/1088/1094
f 4554/1088/1094 4583/1088/1352 4573/1088/1095 4555/1088/1095
f 4555/1088/1095 4573/1088/1095 4584/1088/1096 4556/1088/1096
f 4556/1088/1096 4584/1088/1096 4585/1088/1097 4557/1088/1097
f 4557/1088/1097 4585/1088/1097 4586/1088/1098 4558/1088/1098
f 4558/1088/1098 4586/1088/1098 4574/1088/1099 4559/1088/1099
f 4559/1088/1099 4574/1088/1099 4587/1088/1100 4560/1088/1100
f 4560/1088/1100 4587/1088/1100 4588/1088/1101 4561/1088/1101
f 4561/1088/1101 4588/1088/1101 4589/1088/1103 4570/1088/1103
f 4570/1088/1103 4589/1088/1103 4575/1088/1083 4562/1088/1083
f 4575/1088/1083 4590/1088/1083 4591/1088/1084 4576/1088/1084
f 4576/1088/1084 4591/1088/1084 4592/1088/1085 4577/1088/1085
f 4577/1088/1085 4592/1088/1085 4593/1088/1086 4578/1088/1104
f 4578/1088/1104 4593/1088/1086 4597/1088/1087 4579/1088/1087
f 4579/1088/1087 4597/1088/1087 4598/1088/1088 4580/1088/1088
f 4580/1088/1088 4598/1088/1088 4594/1088/1089 4581/1088/1089
f 4581/1088/1089 4594/1088/1089 4599/1088/1090 4582/1088/1090
f 4582/1088/1090 4599/1088/1090 4600/1088/1091 4571/1088/1091
f 4571/1088/1091 4600/1088/1091 4601/1088/1092 4572/1088/1092
f 4572/1088/1092 4601/1088/1092 4602/1088/1094 4583/1088/1352
f 4583/1088/1352 4602/1088/1094 4603/1088/1095 4573/1088/1095
f 4573/1088/1095 4603/1088/1095 4604/1088/1096 4584/1088/1096
f 4584/1088/1096 4604/1088/1096 4605/1088/1097 4585/1088/1097
f 4585/1088/1097 4605/1088/1097 4606/1088/1098 4586/1088/1098
f 4586/1088/1098 4606/1088/1098 4595/1088/1099 4574/1088/1099
f 4574/1088/1099 4595/1088/1099 4607/1088/1100 4587/1088/1100
f 4587/1088/1100 4607/1088/1100 4608/1088/1101 4588/1088/1101
f 4588/1088/1101 4608/1088/1101 4596/1088/1103 4589/1088/1103
f 4589/1088/1103 4596/1088/1103 4590/1088/1083 4575/1088/1083
f 4590/1088/1083 4617/1088/1083 4609/1088/1084 4591/1088/1084
f 4591/1088/1084 4609/1088/1084 4618/1088/1085 4592/1088/1085
f 4592/1088/1085 4618/1088/1085 4619/1088/1086 4593/1088/1086
f 4593/1088/1086 4619/1088/1086 4610/1088/1353 4597/1088/1087
f 4597/1088/1087 4610/1088/1353 4620/1088/1088 4598/1088/1088
f 4598/1088/1088 4620/1088/1088 4611/1088/1089 4594/1088/1089
f 4594/1088/1089 4611/1088/1089 4621/1088/1090 4599/1088/1090
f 4599/1088/1090 4621/1088/1090 4612/1088/1091 4600/1088/1091
f 4600/1088/1091 4612/1088/1091 4613/1088/1092 4601/1088/1092
f 4601/1088/1092 4613/1088/1092 4614/1088/1094 4602/1088/1094
f 4602/1088/1094 4614/1088/1094 4622/1088/1095 4603/1088/1095
f 4603/1088/1095 4622/1088/1095 4615/1088/1096 4604/1088/1096
f 4604/1088/1096 4615/1088/1096 4623/1088/1097 4605/1088/1097
f 4605/1088/1097 4623/1088/1097 4624/1088/1098 4606/1088/1098
f 4606/1088/1098 4624/1088/1098 4616/1088/1099 4595/1088/1099
f 4595/1088/1099 4616/1088/1099 4625/1088/1100 4607/1088/1100
f 4607/1088/1100 4625/1088/1100 4626/1088/1101 4608/1088/1101
f 4608/1088/1101 4626/1088/1101 4627/1088/1103 4596/1088/1103
f 4596/1088/1103 4627/1088/1103 4617/1088/1083 4590/1088/1083
f 4617/1088/1083 4635/1088/1083 4636/1088/1084 4609/1088/1084
f 4609/1088/1084 4636/1088/1084 4637/1088/1085 4618/1088/1085
f 4618/1088/1085 4637/1088/1085 4638/1088/1104 4619/1088/1086
f 4619/1088/1086 4638/1088/1104 4639/1088/1087 4610/1088/1353
f 4610/1088/1353 4639/1088/1087 4628/1088/1088 4620/1088/1088
f 4620/1088/1088 4628/1088/1088 4629/1088/1089 4611/1088/1089
f 4611/1088/1089 4629/1088/1089 4640/1088/1090 4621/1088/1090
f 4621/1088/1090 4640/1088/1090 4641/1088/1091 4612/1088/1091
f 4612/1088/1091 4641/1088/1091 4642/1088/1092 4613/1088/1092
f 4613/1088/1092 4642/1088/1092 4630/1088/1352 4614/1088/1094
f 4614/1088/1094 4630/1088/1352 4631/1088/1095 4622/1088/1095
f 4622/1088/1095 4631/1088/1095 4632/1088/1096 4615/1088/1096
f 4615/1088/1096 4632/1088/1096 4633/1088/1097 4623/1088/1097
f 4623/1088/1097 4633/1088/1097 4643/1088/1098 4624/1088/1098
f 4624/1088/1098 4643/1088/1098 4634/1088/1099 4616/1088/1099
f 4616/1088/1099 4634/1088/1099 4644/1088/1100 4625/1088/1100
f 4625/1088/1100 4644/1088/1100 4645/1088/1101 4626/1088/1101
f 4626/1088/1101 4645/1088/1101 4646/1088/1103 4627/1088/1103
f 4627/1088/1103 4646/1088/1103 4635/1088/1083 4617/1088/1083
f 4635/1088/1083 4647/1088/1083 4653/1088/1084 4636/1088/1084
f 4636/1088/1084 4653/1088/1084 4648/1088/1085 4637/1088/1085
f 4637/1088/1085 4648/1088/1085 4649/1088/1086 4638/1088/1104
f 4638/1088/1104 4649/1088/1086 4650/1088/1353 4639/1088/1087
f 4639/1088/1087 4650/1088/1353 4654/1088/1088 4628/1088/1088
f 4628/1088/1088 4654/1088/1088 4655/1088/1089 4629/1088/1089
f 4629/1088/1089 4655/1088/1089 4651/1088/1090 4640/1088/1090
f 4640/1088/1090 4651/1088/1090 4656/1088/1091 4641/1088/1091
f 4641/1088/1091 4656/1088/1091 4657/1088/1092 4642/1088/1092
f 4642/1088/1092 4657/1088/1092 4658/1088/1094 4630/1088/1352
f 4630/1088/1352 4658/1088/1094 4659/1088/1095 4631/1088/1095
f 4631/1088/1095 4659/1088/1095 4660/1088/1096 4632/1088/1096
f 4632/1088/1096 4660/1088/1096 4661/1088/1097 4633/1088/1097
f 4633/1088/1097 4661/1088/1097 4662/1088/1098 4643/1088/1098
f 4643/1088/1098 4662/1088/1098 4663/1088/1099 4634/1088/1099
f 4634/1088/1099 4663/1088/1099 4664/1088/1100 4644/1088/1100
f 4644/1088/1100 4664/1088/1100 4652/1088/1101 4645/1088/1101
f 4645/1088/1101 4652/1088/1101 4665/1088/1103 4646/1088/1103
f 4646/1088/1103 4665/1088/1103 4647/1088/1083 4635/1088/1083
f 4647/1088/1083 4672/1088/1083 4673/1088/1084 4653/1088/1084
f 4653/1088/1084 4673/1088/1084 4674/1088/1085 4648/1088/1085
f 4648/1088/1085 4674/1088/1085 4675/1088/1086 4649/1088/1086
f 4649/1088/1086 4675/1088/1086 4676/1088/1087 4650/1088/1353
f 4650/1088/1353 4676/1088/1087 4677/1088/1088 4654/1088/1088
f 4654/1088/1088 4677/1088/1088 4678/1088/1089 4655/1088/1089
f 4655/1088/1089 4678/1088/1089 4679/1088/1090 4651/1088/1090
f 4651/1088/1090 4679/1088/1090 4666/1088/1091 4656/1088/1091
f 4656/1088/1091 4666/1088/1091 4667/1088/1092 4657/1088/1092
f 4657/1088/1092 4667/1088/1092 4680/1088/1094 4658/1088/1094
f 4658/1088/1094 4680/1088/1094 4668/1088/1095 4659/1088/1095
f 4659/1088/1095 4668/1088/1095 4669/1088/1096 4660/1088/1096
f 4660/1088/1096 4669/1088/1096 4681/1088/1097 4661/1088/1097
f 4661/1088/1097 4681/1088/1097 4670/1088/1098 4662/1088/1098
f 4662/1088/1098 4670/1088/1098 4682/1088/1099 4663/1088/1099
f 4663/1088/1099 4682/1088/1099 4671/1088/1100 4664/1088/1100
f 4664/1088/1100 4671/1088/1100 4683/1088/1101 4652/1088/1101
f 4652/1088/1101 4683/1088/1101 4684/1088/1103 4665/1088/1103
f 4665/1088/1103 4684/1088/1103 4672/1088/1083 4647/1088/1083
f 4672/1088/1083 4685/1088/1083 4691/1088/1084 4673/1088/1084
f 4673/1088/1084 4691/1088/1084 4686/1088/1085 4674/1088/1085
f 4674/1088/1085 4686/1088/1085 4687/1088/1104 4675/1088/1086
f 4675/1088/1086 4687/1088/1104 4692/1088/1087 4676/1088/1087
f 4676/1088/1087 4692/1088/1087 4688/1088/1088 4677/1088/1088
f 4677/1088/1088 4688/1088/1088 4689/1088/1089 4678/1088/1089
f 4678/1088/1089 4689/1088/1089 4690/1088/1090 4679/1088/1090
f 4679/1088/1090 4690/1088/1090 4693/1088/1091 4666/1088/1091
f 4666/1088/1091 4693/1088/1091 4694/1088/1092 4667/1088/1092
f 4667/1088/1092 4694/1088/1092 4695/1088/1094 4680/1088/1094
f 4680/1088/1094 4695/1088/1094 4696/1088/1095 4668/1088/1095
f 4668/1088/1095 4696/1088/1095 4697/1088/1096 4669/1088/1096
f 4669/1088/1096 4697/1088/1096 4698/1088/1097 4681/1088/1097
f 4681/1088/1097 4698/1088/1097 4699/1088/1098 4670/1088/1098
f 4670/1088/1098 4699/1088/1098 4700/1088/1099 4682/1088/1099
f 4682/1088/1099 4700/1088/1099 4701/1088/1100 4671/1088/1100
f 4671/1088/1100 4701/1088/1100 4702/1088/1101 4683/1088/1101
f 4683/1088/1101 4702/1088/1101 4703/1088/1103 4684/1088/1103
f 4684/1088/1103 4703/1088/1103 4685/1088/1083 4672/1088/1083
f 4685/1088/1083 4709/1088/1083 4704/1088/1084 4691/1088/1084
f 4691/1088/1084 4704/1088/1084 4710/1088/1085 4686/1088/1085
f 4686/1088/1085 4710/1088/1085 4711/1088/1086 4687/1088/1104
f 4687/1088/1104 4711/1088/1086 4712/1088/1353 4692/1088/1087
f 4692/1088/1087 4712/1088/1353 4713/1088/1088 4688/1088/1088
f 4688/1088/1088 4713/1088/1088 4714/1088/1089 4689/1088/1089
f 4689/1088/1089 4714/1088/1089 4715/1088/1090 4690/1088/1090
f 4690/1088/1090 4715/1088/1090 4716/1088/1091 4693/1088/1091
f 4693/1088/1091 4716/1088/1091 4717/1088/1092 4694/1088/1092
f 4694/1088/1092 4717/1088/1092 4718/1088/1094 4695/1088/1094
f 4695/1088/1094 4718/1088/1094 4719/1088/1095 4696/1088/1095
f 4696/1088/1095 4719/1088/1095 4720/1088/1096 4697/1088/1096
f 4697/1088/1096 4720/1088/1096 4721/1088/1097 4698/1088/1097
f 4698/1088/1097 4721/1088/1097 4705/1088/1098 4699/1088/1098
f 4699/1088/1098 4705/1088/1098 4706/1088/1099 4700/1088/1099
f 4700/1088/1099 4706/1088/1099 4707/1088/1100 4701/1088/1100
f 4701/1088/1100 4707/1088/1100 4708/1088/1101 4702/1088/1101
f 4702/1088/1101 4708/1088/1101 4722/1088/1103 4703/1088/1103
f 4703/1088/1103 4722/1088/1103 4709/1088/1083 4685/1088/1083
f 4709/1088/1083 4730/1088/1083 4731/1088/1084 4704/1088/1084
f 4704/1088/1084 4731/1088/1084 4732/1088/1085 4710/1088/1085
f 4710/1088/1085 4732/1088/1085 4733/1088/1086 4711/1088/1086
f 4711/1088/1086 4733/1088/1086 4734/1088/1087 4712/1088/1353
f 4712/1088/1353 4734/1088/1087 4735/1088/1088 4713/1088/1088
f 4713/1088/1088 4735/1088/1088 4736/1088/1089 4714/1088/1089
f 4714/1088/1089 4736/1088/1089 4737/1088/1090 4715/1088/1090
f 4715/1088/1090 4737/1088/1090 4738/1088/1354 4716/1088/1091
f 4716/1088/1091 4738/1088/1354 4723/1088/1092 4717/1088/1092
f 4717/1088/1092 4723/1088/1092 4724/1088/1094 4718/1088/1094
f 4718/1088/1094 4724/1088/1094 4725/1088/1095 4719/1088/1095
f 4719/1088/1095 4725/1088/1095 4726/1088/1096 4720/1088/1096
f 4720/1088/1096 4726/1088/1096 4727/1088/1097 4721/1088/1097
f 4721/1088/1097 4727/1088/1097 4728/1088/1098 4705/1088/1098
f 4705/1088/1098 4728/1088/1098 4729/1088/1099 4706/1088/1099
f 4706/1088/1099 4729/1088/1099 4739/1088/1100 4707/1088/1100
f 4707/1088/1100 4739/1088/1100 4740/1088/1101 4708/1088/1101
f 4708/1088/1101 4740/1088/1101 4741/1088/1103 4722/1088/1103
f 4722/1088/1103 4741/1088/1103 4730/1088/1083 4709/1088/1083
f 4730/1088/1083 4747/1088/1083 4748/1088/1084 4731/1088/1084
f 4731/1088/1084 4748/1088/1084 4749/1088/1085 4732/1088/1085
f 4732/1088/1085 4749/1088/1085 4750/1088/1104 4733/1088/1086
f 4733/1088/1086 4750/1088/1104 4751/1088/1087 4734/1088/1087
f 4734/1088/1087 4751/1088/1087 4752/1088/1088 4735/1088/1088
f 4735/1088/1088 4752/1088/1088 4742/1088/1089 4736/1088/1089
f 4736/1088/1089 4742/1088/1089 4753/1088/1090 4737/1088/1090
f 4737/1088/1090 4753/1088/1090 4743/1088/1091 4738/1088/1354
f 4738/1088/1354 4743/1088/1091 4744/1088/1093 4723/1088/1092
f 4723/1088/1092 4744/1088/1093 4754/1088/1352 4724/1088/1094
f 4724/1088/1094 4754/1088/1352 4755/1088/1095 4725/1088/1095
f 4725/1088/1095 4755/1088/1095 4756/1088/1096 4726/1088/1096
f 4726/1088/1096 4756/1088/1096 4745/1088/1097 4727/1088/1097
f 4727/1088/1097 4745/1088/1097 4746/1088/1098 4728/1088/1098
f 4728/1088/1098 4746/1088/1098 4757/1088/1099 4729/1088/1099
f 4729/1088/1099 4757/1088/1099 4758/1088/1100 4739/1088/1100
f 4739/1088/1100 4758/1088/1100 4759/1088/1102 4740/1088/1101
f 4740/1088/1101 4759/1088/1102 4760/1088/1103 4741/1088/1103
f 4741/1088/1103 4760/1088/1103 4747/1088/1083 4730/1088/1083
f 4747/1088/1083 4761/1088/1083 4762/1088/1084 4748/1088/1084
f 4748/1088/1084 4762/1088/1084 4763/1088/1085 4749/1088/1085
f 4749/1088/1085 4763/1088/1085 4764/1088/1104 4750/1088/1104
f 4750/1088/1104 4764/1088/1104 4765/1088/1087 4751/1088/1087
f 4751/1088/1087 4765/1088/1087 4766/1088/1088 4752/1088/1088
f 4752/1088/1088 4766/1088/1088 4767/1088/1089 4742/1088/1089
f 4742/1088/1089 4767/1088/1089 4768/1088/1090 4753/1088/1090
f 4753/1088/1090 4768/1088/1090 4769/1088/1091 4743/1088/1091
f 4743/1088/1091 4769/1088/1091 4770/1088/1092 4744/1088/1093
f 4744/1088/1093 4770/1088/1092 4771/1088/1352 4754/1088/1352
f 4754/1088/1352 4771/1088/1352 4772/1088/1095 4755/1088/1095
f 4755/1088/1095 4772/1088/1095 4773/1088/1096 4756/1088/1096
f 4756/1088/1096 4773/1088/1096 4774/1088/1097 4745/1088/1097
f 4745/1088/1097 4774/1088/1097 4775/1088/1098 4746/1088/1098
f 4746/1088/1098 4775/1088/1098 4776/1088/1099 4757/1088/1099
f 4757/1088/1099 4776/1088/1099 4777/1088/1355 4758/1088/1100
f 4758/1088/1100 4777/1088/1355 4778/1088/1102 4759/1088/1102
f 4759/1088/1102 4778/1088/1102 4779/1088/1103 4760/1088/1103
f 4760/1088/1103 4779/1088/1103 4761/1088/1083 4747/1088/1083
f 4780/1088/1356 4801/1088/1356 4802/1088/1357 4781/1088/1357
f 4781/1088/1357 4802/1088/1357 4803/1088/1358 4782/1088/1358
f 4782/1088/1358 4803/1088/1358 4804/1088/1359 4783/1088/1359
f 4783/1088/1359 4804/1088/1359 4805/1088/1360 4784/1088/1360
f 4784/1088/1360 4805/1088/1360 4806/1088/1361 4785/1088/1361
f 4785/1088/1361 4806/1088/1361 4807/1088/1362 4786/1088/1362
f 4786/1088/1362 4807/1088/1362 4799/1088/1363 4787/1088/1363
f 4787/1088/1363 4799/1088/1363 4808/1088/1364 4788/1088/1364
f 4788/1088/1364 4808/1088/1364 4809/1088/1365 4789/1088/1365
f 4789/1088/1365 4809/1088/1365 4810/1088/1366 4790/1088/1366
f 4790/1088/1366 4810/1088/1366 4811/1088/1367 4791/1088/1367
f 4791/1088/1367 4811/1088/1367 4812/1088/1368 4792/1088/1368
f 4792/1088/1368 4812/1088/1368 4813/1088/1369 4793/1088/1369
f 4793/1088/1369 4813/1088/1369 4814/1088/1370 4794/1088/1370
f 4794/1088/1370 4814/1088/1370 4800/1088/1371 4795/1088/1371
f 4795/1088/1371 4800/1088/1371 4815/1088/1372 4796/1088/1372
f 4796/1088/1372 4815/1088/1372 4816/1088/1373 4797/1088/1373
f 4797/1088/1373 4816/1088/1373 4817/1088/1374 4798/1088/1374
f 4798/1088/1374 4817/1088/1374 4801/1088/1356 4780/1088/1356
f 4801/1088/1356 4825/1088/1356 4818/1088/1357 4802/1088/1357
f 4802/1088/1357 4818/1088/1357 4826/1088/1358 4803/1088/1358
f 4803/1088/1358 4826/1088/1358 4827/1088/1359 4804/1088/1359
f 4804/1088/1359 4827/1088/1359 4828/1088/1360 4805/1088/1360
f 4805/1088/1360 4828/1088/1360 4829/1088/1361 4806/1088/1361
f 4806/1088/1361 4829/1088/1361 4830/1088/1362 4807/1088/1362
f 4807/1088/1362 4830/1088/1362 4831/1088/1363 4799/1088/1363
f 4799/1088/1363 4831/1088/1363 4819/1088/1364 4808/1088/1364
f 4808/1088/1364 4819/1088/1364 4820/1088/1365 4809/1088/1365
f 4809/1088/1365 4820/1088/1365 4821/1088/1366 4810/1088/1366
f 4810/1088/1366 4821/1088/1366 4832/1088/1375 4811/1088/1367
f 4811/1088/1367 4832/1088/1375 4833/1088/1368 4812/1088/1368
f 4812/1088/1368 4833/1088/1368 4834/1088/1369 4813/1088/1369
f 4813/1088/1369 4834/1088/1369 4822/1088/1370 4814/1088/1370
f 4814/1088/1370 4822/1088/1370 4823/1088/1371 4800/1088/1371
f 4800/1088/1371 4823/1088/1371 4835/1088/1372 4815/1088/1372
f 4815/1088/1372 4835/1088/1372 4836/1088/1373 4816/1088/1373
f 4816/1088/1373 4836/1088/1373 4824/1088/1374 4817/1088/1374
f 4817/1088/1374 4824/1088/1374 4825/1088/1356 4801/1088/1356
f 4825/1088/1356 4837/1088/1356 4843/1088/1376 4818/1088/1357
f 4818/1088/1357 4843/1088/1376 4844/1088/1358 4826/1088/1358
f 4826/1088/1358 4844/1088/1358 4845/1088/1359 4827/1088/1359
f 4827/1088/1359 4845/1088/1359 4838/1088/1360 4828/1088/1360
f 4828/1088/1360 4838/1088/1360 4846/1088/1361 4829/1088/1361
f 4829/1088/1361 4846/1088/1361 4847/1088/1362 4830/1088/1362
f 4830/1088/1362 4847/1088/1362 4848/1088/1363 4831/1088/1363
f 4831/1088/1363 4848/1088/1363 4849/1088/1364 4819/1088/1364
f 4819/1088/1364 4849/1088/1364 4850/1088/1365 4820/1088/1365
f 4820/1088/1365 4850/1088/1365 4839/1088/1366 4821/1088/1366
f 4821/1088/1366 4839/1088/1366 4851/1088/1367 4832/1088/1375
f 4832/1088/1375 4851/1088/1367 4852/1088/1368 4833/1088/1368
f 4833/1088/1368 4852/1088/1368 4853/1088/1369 4834/1088/1369
f 4834/1088/1369 4853/1088/1369 4840/1088/1377 4822/1088/1370
f 4822/1088/1370 4840/1088/1377 4854/1088/1371 4823/1088/1371
f 4823/1088/1371 4854/1088/1371 4841/1088/1372 4835/1088/1372
f 4835/1088/1372 4841/1088/1372 4855/1088/1373 4836/1088/1373
f 4836/1088/1373 4855/1088/1373 4842/1088/1374 4824/1088/1374
f 4824/1088/1374 4842/1088/1374 4837/1088/1356 4825/1088/1356
f 4837/1088/1356 4856/1088/1356 4857/1088/1376 4843/1088/1376
f 4843/1088/1376 4857/1088/1376 4862/1088/1358 4844/1088/1358
f 4844/1088/1358 4862/1088/1358 4863/1088/1359 4845/1088/1359
f 4845/1088/1359 4863/1088/1359 4864/1088/1360 4838/1088/1360
f 4838/1088/1360 4864/1088/1360 4865/1088/1361 4846/1088/1361
f 4846/1088/1361 4865/1088/1361 4858/1088/1362 4847/1088/1362
f 4847/1088/1362 4858/1088/1362 4859/1088/1363 4848/1088/1363
f 4848/1088/1363 4859/1088/1363 4860/1088/1364 4849/1088/1364
f 4849/1088/1364 4860/1088/1364 4861/1088/1365 4850/1088/1365
f 4850/1088/1365 4861/1088/1365 4866/1088/1366 4839/1088/1366
f 4839/1088/1366 4866/1088/1366 4867/1088/1367 4851/1088/1367
f 4851/1088/1367 4867/1088/1367 4868/1088/1368 4852/1088/1368
f 4852/1088/1368 4868/1088/1368 4869/1088/1369 4853/1088/1369
f 4853/1088/1369 4869/1088/1369 4870/1088/1377 4840/1088/1377
f 4840/1088/1377 4870/1088/1377 4871/1088/1371 4854/1088/1371
f 4854/1088/1371 4871/1088/1371 4872/1088/1372 4841/1088/1372
f 4841/1088/1372 4872/1088/1372 4873/1088/1373 4855/1088/1373
f 4855/1088/1373 4873/1088/1373 4874/1088/1374 4842/1088/1374
f 4842/1088/1374 4874/1088/1374 4856/1088/1356 4837/1088/1356
f 4856/1088/1356 4878/1088/1356 4875/1088/1357 4857/1088/1376
f 4857/1088/1376 4875/1088/1357 4879/1088/1358 4862/1088/1358
f 4862/1088/1358 4879/1088/1358 4880/1088/1359 4863/1088/1359
f 4863/1088/1359 4880/1088/1359 4881/1088/1360 4864/1088/1360
f 4864/1088/1360 4881/1088/1360 4882/1088/1361 4865/1088/1361
f 4865/1088/1361 4882/1088/1361 4883/1088/1362 4858/1088/1362
f 4858/1088/1362 4883/1088/1362 4884/1088/1363 4859/1088/1363
f 4859/1088/1363 4884/1088/1363 4876/1088/1364 4860/1088/1364
f 4860/1088/1364 4876/1088/1364 4885/1088/1365 4861/1088/1365
f 4861/1088/1365 4885/1088/1365 4886/1088/1366 4866/1088/1366
f 4866/1088/1366 4886/1088/1366 4887/1088/1367 4867/1088/1367
f 4867/1088/1367 4887/1088/1367 4888/1088/1368 4868/1088/1368
f 4868/1088/1368 4888/1088/1368 4889/1088/1369 4869/1088/1369
f 4869/1088/1369 4889/1088/1369 4890/1088/1370 4870/1088/1377
f 4870/1088/1377 4890/1088/1370 4891/1088/1371 4871/1088/1371
f 4871/1088/1371 4891/1088/1371 4877/1088/1372 4872/1088/1372
f 4872/1088/1372 4877/1088/1372 4892/1088/1373 4873/1088/1373
f 4873/1088/1373 4892/1088/1373 4893/1088/1374 4874/1088/1374
f 4874/1088/1374 4893/1088/1374 4878/1088/1356 4856/1088/1356
f 4878/1088/1356 4894/1088/1356 4900/1088/1357 4875/1088/1357
f 4875/1088/1357 4900/1088/1357 4901/1088/1358 4879/1088/1358
f 4879/1088/1358 4901/1088/1358 4902/1088/1359 4880/1088/1359
f 4880/1088/1359 4902/1088/1359 4895/1088/1360 4881/1088/1360
f 4881/1088/1360 4895/1088/1360 4903/1088/1361 4882/1088/1361
f 4882/1088/1361 4903/1088/1361 4904/1088/1362 4883/1088/1362
f 4883/1088/1362 4904/1088/1362 4905/1088/1363 4884/1088/1363
f 4884/1088/1363 4905/1088/1363 4896/1088/1364 4876/1088/1364
f 4876/1088/1364 4896/1088/1364 4906/1088/1365 4885/1088/1365
f 4885/1088/1365 4906/1088/1365 4897/1088/1366 4886/1088/1366
f 4886/1088/1366 4897/1088/1366 4907/1088/1367 4887/1088/1367
f 4887/1088/1367 4907/1088/1367 4908/1088/1368 4888/1088/1368
f 4888/1088/1368 4908/1088/1368 4909/1088/1369 4889/1088/1369
f 4889/1088/1369 4909/1088/1369 4910/1088/1370 4890/1088/1370
f 4890/1088/1370 4910/1088/1370 4911/1088/1371 4891/1088/1371
f 4891/1088/1371 4911/1088/1371 4898/1088/1372 4877/1088/1372
f 4877/1088/1372 4898/1088/1372 4912/1088/1373 4892/1088/1373
f 4892/1088/1373 4912/1088/1373 4899/1088/1374 4893/1088/1374
f 4893/1088/1374 4899/1088/1374 4894/1088/1356 4878/1088/1356
f 4894/1088/1356 4916/1088/1356 4917/1088/1357 4900/1088/1357
f 4900/1088/1357 4917/1088/1357 4918/1088/1358 4901/1088/1358
f 4901/1088/1358 4918/1088/1358 4919/1088/1359 4902/1088/1359
f 4902/1088/1359 4919/1088/1359 4920/1088/1360 4895/1088/1360
f 4895/1088/1360 4920/1088/1360 4921/1088/1361 4903/1088/1361
f 4903/1088/1361 4921/1088/1361 4922/1088/1362 4904/1088/1362
f 4904/1088/1362 4922/1088/1362 4913/1088/1363 4905/1088/1363
f 4905/1088/1363 4913/1088/1363 4923/1088/1364 4896/1088/1364
f 4896/1088/1364 4923/1088/1364 4924/1088/1365 4906/1088/1365
f 4906/1088/1365 4924/1088/1365 4925/1088/1366 4897/1088/1366
f 4897/1088/1366 4925/1088/1366 4926/1088/1367 4907/1088/1367
f 4907/1088/1367 4926/1088/1367 4927/1088/1368 4908/1088/1368
f 4908/1088/1368 4927/1088/1368 4928/1088/1369 4909/1088/1369
f 4909/1088/1369 4928/1088/1369 4914/1088/1370 4910/1088/1370
f 4910/1088/1370 4914/1088/1370 4929/1088/1371 4911/1088/1371
f 4911/1088/1371 4929/1088/1371 4930/1088/1372 4898/1088/1372
f 4898/1088/1372 4930/1088/1372 4931/1088/1373 4912/1088/1373
f 4912/1088/1373 4931/1088/1373 4915/1088/1374 4899/1088/1374
f 4899/1088/1374 4915/1088/1374 4916/1088/1356 4894/1088/1356
f 4916/1088/1356 4932/1088/1356 4933/1088/1376 4917/1088/1357
f 4917/1088/1357 4933/1088/1376 4934/1088/1358 4918/1088/1358
f 4918/1088/1358 4934/1088/1358 4935/1088/1359 4919/1088/1359
f 4919/1088/1359 4935/1088/1359 4936/1088/1360 4920/1088/1360
f 4920/1088/1360 4936/1088/1360 4937/1088/1361 4921/1088/1361
f 4921/1088/1361 4937/1088/1361 4938/1088/1362 4922/1088/1362
f 4922/1088/1362 4938/1088/1362 4939/1088/1363 4913/1088/1363
f 4913/1088/1363 4939/1088/1363 4940/1088/1364 4923/1088/1364
f 4923/1088/1364 4940/1088/1364 4941/1088/1365 4924/1088/1365
f 4924/1088/1365 4941/1088/1365 4942/1088/1366 4925/1088/1366
f 4925/1088/1366 4942/1088/1366 4943/1088/1367 4926/1088/1367
f 4926/1088/1367 4943/1088/1367 4944/1088/1368 4927/1088/1368
f 4927/1088/1368 4944/1088/1368 4945/1088/1369 4928/1088/1369
f 4928/1088/1369 4945/1088/1369 4946/1088/1370 4914/1088/1370
f 4914/1088/1370 4946/1088/1370 4947/1088/1371 4929/1088/1371
f 4929/1088/1371 4947/1088/1371 4948/1088/1372 4930/1088/1372
f 4930/1088/1372 4948/1088/1372 4949/1088/1373 4931/1088/1373
f 4931/1088/1373 4949/1088/1373 4950/1088/1374 4915/1088/1374
f 4915/1088/1374 4950/1088/1374 4932/1088/1356 4916/1088/1356
f 4932/1088/1356 4956/1088/1356 4957/1088/1357 4933/1088/1376
f 4933/1088/1376 4957/1088/1357 4958/1088/1358 4934/1088/1358
f 4934/1088/1358 4958/1088/1358 4959/1088/1359 4935/1088/1359
f 4935/1088/1359 4959/1088/1359 4951/1088/1360 4936/1088/1360
f 4936/1088/1360 4951/1088/1360 4960/1088/1361 4937/1088/1361
f 4937/1088/1361 4960/1088/1361 4961/1088/1362 4938/1088/1362
f 4938/1088/1362 4961/1088/1362 4962/1088/1363 4939/1088/1363
f 4939/1088/1363 4962/1088/1363 4963/1088/1364 4940/1088/1364
f 4940/1088/1364 4963/1088/1364 4964/1088/1365 4941/1088/1365
f 4941/1088/1365 4964/1088/1365 4952/1088/1366 4942/1088/1366
f 4942/1088/1366 4952/1088/1366 4965/1088/1367 4943/1088/1367
f 4943/1088/1367 4965/1088/1367 4966/1088/1368 4944/1088/1368
f 4944/1088/1368 4966/1088/1368 4967/1088/1369 4945/1088/1369
f 4945/1088/1369 4967/1088/1369 4953/1088/1370 4946/1088/1370
f 4946/1088/1370 4953/1088/1370 4954/1088/1371 4947/1088/1371
f 4947/1088/1371 4954/1088/1371 4955/1088/1372 4948/1088/1372
f 4948/1088/1372 4955/1088/1372 4968/1088/1373 4949/1088/1373
f 4949/1088/1373 4968/1088/1373 4969/1088/1374 4950/1088/1374
f 4950/1088/1374 4969/1088/1374 4956/1088/1356 4932/1088/1356
f 4956/1088/1356 7178/1088/1356 7179/1088/1357 4957/1088/1357
f 4957/1088/1357 7179/1088/1357 7180/1088/1358 4958/1088/1358
f 4958/1088/1358 7180/1088/1358 7181/1088/1359 4959/1088/1359
f 4959/1088/1359 7181/1088/1359 4970/1088/1360 4951/1088/1360
f 4951/1088/1360 4970/1088/1360 7182/1088/1361 4960/1088/1361
f 4960/1088/1361 7182/1088/1361 7183/1088/1362 4961/1088/1362
f 4961/1088/1362 7183/1088/1362 4971/1088/1363 4962/1088/1363
f 4962/1088/1363 4971/1088/1363 7184/1088/1364 4963/1088/1364
f 4963/1088/1364 7184/1088/1364 7185/1088/1365 4964/1088/1365
f 4964/1088/1365 7185/1088/1365 4972/1088/1366 4952/1088/1366
f 4952/1088/1366 4972/1088/1366 7186/1088/1367 4965/1088/1367
f 4965/1088/1367 7186/1088/1367 7187/1088/1368 4966/1088/1368
f 4966/1088/1368 7187/1088/1368 7188/1088/1369 4967/1088/1369
f 4967/1088/1369 7188/1088/1369 7189/1088/1370 4953/1088/1370
f 4953/1088/1370 7189/1088/1370 7190/1088/1371 4954/1088/1371
f 4954/1088/1371 7190/1088/1371 7191/1088/1372 4955/1088/1372
f 4955/1088/1372 7191/1088/1372 7192/1088/1373 4968/1088/1373
f 4968/1088/1373 7192/1088/1373 7193/1088/1374 4969/1088/1374
f 4969/1088/1374 7193/1088/1374 7178/1088/1356 4956/1088/1356
usemtl Hydrogen
f 4974/11/4 5958/5/4 4996/8/4 4997/12/4
f 4983/13/1378 4982/9/1378 5010/10/1378 5011/14/1378
f 5959/15/1379 4974/11/1379 4997/12/1379 4998/16/1379
f 5964/17/7 4983/13/7 5011/14/7 5012/18/7
f 5960/19/8 5959/15/8 4998/16/8 4999/20/8
f 4984/21/1380 5964/17/1380 5012/18/1380 5013/22/1380
f 4975/23/10 5960/19/10 4999/20/10 5000/24/10
f 4985/25/11 4984/21/11 5013/22/11 5014/26/11
f 4976/27/1131 4975/23/1131 5000/24/1131 5001/28/1131
f 4986/29/13 4985/25/13 5014/26/13 5015/30/13
f 4977/31/14 4976/27/14 5001/28/14 5002/32/14
f 5952/33/1381 5486/34/1381 4989/35/1382
f 5965/36/17 4986/29/17 5015/30/17 5016/37/17
f 4978/38/18 4977/31/18 5002/32/18 5003/39/18
f 5953/40/1132 5952/33/1132 4989/35/1132 4990/41/1132
f 5966/42/20 5965/36/20 5016/37/20 5017/43/20
f 5961/44/1383 4978/38/1383 5003/39/1383 5004/45/1383
f 5954/46/22 5953/40/22 4990/41/22 4991/47/22
f 4987/48/23 5966/42/23 5017/43/23 5018/49/23
f 4979/50/1384 5961/44/1384 5004/45/1384 5005/51/1384
f 5955/52/25 5954/46/25 4991/47/25 4992/53/25
f 4988/54/1129 4987/48/1129 5018/49/1129 5019/55/1129
f 4980/56/27 4979/50/27 5005/51/27 5006/57/27
f 5956/58/28 5955/52/28 4992/53/28 4993/59/28
f 5485/60/1385 4988/54/30 5019/55/1385
f 5962/61/31 4980/56/31 5006/57/31 5007/62/31
f 5957/63/32 5956/58/32 4993/59/32 4994/64/32
f 5963/2/1130 5962/61/1130 5007/62/1130 5008/3/1130
f 4973/6/34 5957/63/34 4994/64/34 4995/7/34
f 4981/1/1 5963/2/1 5008/3/1 5009/4/1
f 5958/5/1386 4973/6/1386 4995/7/1386 4996/8/1386
f 4982/9/3 4981/1/3 5009/4/3 5010/10/3
f 4992/53/41 4991/47/41 5022/71/41 5023/74/41
f 5019/55/1387 5018/49/1387 5049/72/1387 5050/75/1387
f 5006/57/1388 5005/51/1388 5036/73/1388 5037/76/1388
f 4993/59/1389 4992/53/1389 5023/74/1389 5024/77/1389
f 5485/78/1385 5019/55/1385 5050/75/45
f 5007/62/46 5006/57/46 5037/76/46 5038/79/46
f 4994/64/47 4993/59/47 5024/77/47 5025/80/47
f 5008/3/1390 5007/62/1390 5038/79/1390 5039/81/1390
f 4995/7/49 4994/64/49 5025/80/49 5026/82/49
f 5009/4/50 5008/3/50 5039/81/50 5040/83/50
f 4996/8/1133 4995/7/1133 5026/82/1133 5027/84/1133
f 5010/10/1391 5009/4/1391 5040/83/1391 5041/85/1391
f 4997/12/53 4996/8/53 5027/84/53 5028/86/53
f 5011/14/1392 5010/10/1392 5041/85/1392 5042/87/1392
f 4998/16/1393 4997/12/1393 5028/86/1393 5029/88/1393
f 5012/18/56 5011/14/56 5042/87/56 5043/89/56
f 4999/20/1394 4998/16/1394 5029/88/1394 5030/90/1394
f 5013/22/1134 5012/18/1134 5043/89/1134 5044/91/1134
f 5000/24/59 4999/20/59 5030/90/59 5031/92/59
f 5014/26/60 5013/22/60 5044/91/60 5045/93/60
f 5001/28/1395 5000/24/1395 5031/92/1395 5032/94/1395
f 5015/30/62 5014/26/62 5045/93/62 5046/95/62
f 5002/32/63 5001/28/63 5032/94/63 5033/96/63
f 4989/35/64 5486/97/65 5020/65/65
f 5016/37/1396 5015/30/1396 5046/95/1396 5047/67/1396
f 5003/39/1397 5002/32/1397 5033/96/1397 5034/69/1397
f 4990/41/35 4989/35/35 5020/65/35 5021/66/35
f 5017/43/36 5016/37/36 5047/67/36 5048/68/36
f 5004/45/37 5003/39/37 5034/69/37 5035/70/37
f 4991/47/1398 4990/41/1398 5021/66/1398 5022/71/1398
f 5018/49/1399 5017/43/1399 5048/68/1399 5049/72/1399
f 5005/51/40 5004/45/40 5035/70/40 5036/73/40
f 5025/80/75 5024/77/75 5055/104/75 5056/107/75
f 5039/81/1137 5038/79/1137 5069/106/1137 5070/108/1137
f 5026/82/77 5025/80/77 5056/107/77 5057/109/77
f 5040/83/1318 5039/81/1318 5070/108/1318 5071/110/1318
f 5027/84/1400 5026/82/1400 5057/109/1400 5058/111/1400
f 5041/85/80 5040/83/80 5071/110/80 5072/112/80
f 5028/86/81 5027/84/81 5058/111/81 5059/113/81
f 5042/87/82 5041/85/82 5072/112/82 5073/114/82
f 5029/88/83 5028/86/83 5059/113/83 5060/115/83
f 5043/89/84 5042/87/84 5073/114/84 5074/116/84
f 5030/90/85 5029/88/85 5060/115/85 5061/117/85
f 5044/91/1401 5043/89/1401 5074/116/1401 5075/118/1401
f 5031/92/1321 5030/90/1321 5061/117/1321 5062/119/1321
f 5045/93/88 5044/91/88 5075/118/88 5076/120/88
f 5032/94/1138 5031/92/1138 5062/119/1138 5063/121/1138
f 5046/95/90 5045/93/90 5076/120/90 5077/122/90
f 5033/96/91 5032/94/91 5063/121/91 5064/123/91
f 5020/65/65 5486/124/65 5051/125/92
f 5047/67/93 5046/95/93 5077/122/93 5078/126/93
f 5034/69/94 5033/96/94 5064/123/94 5065/127/94
f 5021/66/95 5020/65/95 5051/125/95 5052/128/95
f 5048/68/96 5047/67/96 5078/126/96 5079/129/96
f 5035/70/97 5034/69/97 5065/127/97 5066/130/97
f 5022/71/1402 5021/66/1402 5052/128/1402 5053/98/1402
f 5049/72/1403 5048/68/1403 5079/129/1403 5080/100/1403
f 5036/73/100 5035/70/100 5066/130/100 5067/102/100
f 5023/74/68 5022/71/68 5053/98/68 5054/99/68
f 5050/75/69 5049/72/69 5080/100/69 5081/101/69
f 5037/76/70 5036/73/70 5067/102/70 5068/103/70
f 5024/77/71 5023/74/71 5054/99/71 5055/104/71
f 5485/105/72 5050/75/1404 5081/101/72
f 5038/79/74 5037/76/74 5068/103/74 5069/106/74
f 5058/111/1405 5057/109/1405 5088/135/1405 5089/137/1405
f 5072/112/106 5071/110/106 5102/136/106 5103/138/106
f 5059/113/107 5058/111/107 5089/137/107 5090/139/107
f 5073/114/108 5072/112/108 5103/138/108 5104/140/108
f 5060/115/109 5059/113/109 5090/139/109 5091/141/109
f 5074/116/110 5073/114/110 5104/140/110 5105/142/110
f 5061/117/111 5060/115/111 5091/141/111 5092/143/111
f 5075/118/1406 5074/116/1406 5105/142/1406 5106/144/1406
f 5062/119/113 5061/117/113 5092/143/113 5093/145/113
f 5076/120/114 5075/118/114 5106/144/114 5107/146/114
f 5063/121/115 5062/119/115 5093/145/115 5094/147/115
f 5077/122/116 5076/120/116 5107/146/116 5108/148/116
f 5064/123/1407 5063/121/1407 5094/147/1407 5095/149/1407
f 5051/125/118 5486/150/119 5082/151/119
f 5078/126/120 5077/122/120 5108/148/120 5109/152/120
f 5065/127/121 5064/123/121 5095/149/121 5096/153/121
f 5052/128/122 5051/125/122 5082/151/122 5083/154/122
f 5079/129/123 5078/126/123 5109/152/123 5110/155/123
f 5066/130/124 5065/127/124 5096/153/124 5097/156/124
f 5053/98/1139 5052/128/1139 5083/154/1139 5084/157/1139
f 5080/100/1140 5079/129/1140 5110/155/1140 5111/158/1140
f 5067/102/127 5066/130/127 5097/156/127 5098/159/127
f 5054/99/128 5053/98/128 5084/157/128 5085/160/128
f 5081/101/1408 5080/100/1408 5111/158/1408 5112/161/1408
f 5068/103/130 5067/102/130 5098/159/130 5099/162/130
f 5055/104/131 5054/99/131 5085/160/131 5086/131/131
f 5485/163/72 5081/101/72 5112/161/132
f 5069/106/1409 5068/103/1409 5099/162/1409 5100/133/1409
f 5056/107/101 5055/104/101 5086/131/101 5087/132/101
f 5070/108/102 5069/106/102 5100/133/102 5101/134/102
f 5057/109/103 5056/107/103 5087/132/103 5088/135/103
f 5071/110/104 5070/108/104 5101/134/104 5102/136/104
f 5091/141/1147 5090/139/1147 5121/168/1147 5122/170/1147
f 5105/142/139 5104/140/139 5135/169/139 5136/171/139
f 5092/143/140 5091/141/140 5122/170/140 5123/172/140
f 5106/144/1410 5105/142/1410 5136/171/1410 5137/173/1410
f 5093/145/142 5092/143/142 5123/172/142 5124/174/142
f 5107/146/143 5106/144/143 5137/173/143 5138/175/143
f 5094/147/144 5093/145/144 5124/174/144 5125/176/144
f 5108/148/145 5107/146/145 5138/175/145 5139/177/145
f 5095/149/1411 5094/147/1411 5125/176/1411 5126/178/1411
f 5082/151/119 5486/179/119 5113/180/147
f 5109/152/148 5108/148/148 5139/177/148 5140/181/148
f 5096/153/149 5095/149/149 5126/178/149 5127/182/149
f 5083/154/150 5082/151/150 5113/180/150 5114/183/150
f 5110/155/151 5109/152/151 5140/181/151 5141/184/151
f 5097/156/152 5096/153/152 5127/182/152 5128/185/152
f 5084/157/1412 5083/154/1412 5114/183/1412 5115/186/1412
f 5111/158/154 5110/155/154 5141/184/154 5142/187/154
f 5098/159/155 5097/156/155 5128/185/155 5129/188/155
f 5085/160/156 5084/157/156 5115/186/156 5116/189/156
f 5112/161/1413 5111/158/1413 5142/187/1413 5143/190/1413
f 5099/162/158 5098/159/158 5129/188/158 5130/191/158
f 5086/131/159 5085/160/159 5116/189/159 5117/192/159
f 5485/193/160 5112/161/161 5143/190/160
f 5100/133/1414 5099/162/1414 5130/191/1414 5131/194/1414
f 5087/132/163 5086/131/163 5117/192/163 5118/195/163
f 5101/134/164 5100/133/164 5131/194/164 5132/196/164
f 5088/135/165 5087/132/165 5118/195/165 5119/164/165
f 5102/136/166 5101/134/166 5132/196/166 5133/166/166
f 5089/137/1415 5088/135/1415 5119/164/1415 5120/165/1415
f 5103/138/135 5102/136/135 5133/166/135 5134/167/135
f 5090/139/136 5089/137/136 5120/165/136 5121/168/136
f 5104/140/1146 5103/138/1146 5134/167/1146 5135/169/1146
f 5124/174/1416 5123/172/1416 5154/201/1416 5155/203/1416
f 5138/175/172 5137/173/172 5168/202/172 5169/204/172
f 5125/176/1154 5124/174/1154 5155/203/1154 5156/205/1154
f 5139/177/174 5138/175/174 5169/204/174 5170/206/174
f 5126/178/175 5125/176/175 5156/205/175 5157/207/175
f 5113/180/1155 5486/208/177 5144/209/177
f 5140/181/178 5139/177/178 5170/206/178 5171/210/178
f 5127/182/179 5126/178/179 5157/207/179 5158/211/179
f 5114/183/180 5113/180/180 5144/209/180 5145/212/180
f 5141/184/181 5140/181/181 5171/210/181 5172/213/181
f 5128/185/182 5127/182/182 5158/211/182 5159/214/182
f 5115/186/183 5114/183/183 5145/212/183 5146/215/183
f 5142/187/184 5141/184/184 5172/213/184 5173/216/184
f 5129/188/185 5128/185/185 5159/214/185 5160/217/185
f 5116/189/186 5115/186/186 5146/215/186 5147/218/186
f 5143/190/187 5142/187/187 5173/216/187 5174/219/187
f 5130/191/188 5129/188/188 5160/217/188 5161/220/188
f 5117/192/189 5116/189/189 5147/218/189 5148/221/189
f 5485/222/160 5143/190/160 5174/219/1417
f 5131/194/191 5130/191/191 5161/220/191 5162/223/191
f 5118/195/192 5117/192/192 5148/221/192 5149/224/192
f 5132/196/1151 5131/194/1151 5162/223/1151 5163/225/1151
f 5119/164/194 5118/195/194 5149/224/194 5150/226/194
f 5133/166/1418 5132/196/1418 5163/225/1418 5164/227/1418
f 5120/165/196 5119/164/196 5150/226/196 5151/228/196
f 5134/167/197 5133/166/197 5164/227/197 5165/229/197
f 5121/168/198 5120/165/198 5151/228/198 5152/197/198
f 5135/169/1152 5134/167/1152 5165/229/1152 5166/199/1152
f 5122/170/1153 5121/168/1153 5152/197/1153 5153/198/1153
f 5136/171/168 5135/169/168 5166/199/168 5167/200/168
f 5123/172/169 5122/170/169 5153/198/169 5154/201/169
f 5137/173/170 5136/171/170 5167/200/170 5168/202/170
f 5157/207/1419 5156/205/1419 5187/234/1419 5188/236/1419
f 5144/209/177 5486/237/177 5175/238/205
f 5171/210/1420 5170/206/1420 5201/235/1420 5202/239/1420
f 5158/211/1421 5157/207/1421 5188/236/1421 5189/240/1421
f 5145/212/208 5144/209/208 5175/238/208 5176/241/208
f 5172/213/209 5171/210/209 5202/239/209 5203/242/209
f 5159/214/210 5158/211/210 5189/240/210 5190/243/210
f 5146/215/211 5145/212/211 5176/241/211 5177/244/211
f 5173/216/212 5172/213/212 5203/242/212 5204/245/212
f 5160/217/213 5159/214/213 5190/243/213 5191/246/213
f 5147/218/214 5146/215/214 5177/244/214 5178/247/214
f 5174/219/1422 5173/216/1422 5204/245/1422 5205/248/1422
f 5161/220/1423 5160/217/1423 5191/246/1423 5192/249/1423
f 5148/221/1424 5147/218/1424 5178/247/1424 5179/250/1424
f 5485/251/218 5174/219/219 5205/248/218
f 5162/223/1425 5161/220/1425 5192/249/1425 5193/252/1425
f 5149/224/221 5148/221/221 5179/250/221 5180/253/221
f 5163/225/1162 5162/223/1162 5193/252/1162 5194/254/1162
f 5150/226/223 5149/224/223 5180/253/223 5181/255/223
f 5164/227/224 5163/225/224 5194/254/224 5195/256/224
f 5151/228/1426 5150/226/1426 5181/255/1426 5182/257/1426
f 5165/229/1427 5164/227/1427 5195/256/1427 5196/258/1427
f 5152/197/227 5151/228/227 5182/257/227 5183/259/227
f 5166/199/1428 5165/229/1428 5196/258/1428 5197/260/1428
f 5153/198/1429 5152/197/1429 5183/259/1429 5184/261/1429
f 5167/200/230 5166/199/230 5197/260/230 5198/262/230
f 5154/201/1430 5153/198/1430 5184/261/1430 5185/230/1430
f 5168/202/1431 5167/200/1431 5198/262/1431 5199/232/1431
f 5155/203/200 5154/201/200 5185/230/200 5186/231/200
f 5169/204/201 5168/202/201 5199/232/201 5200/233/201
f 5156/205/1159 5155/203/1159 5186/231/1159 5187/234/1159
f 5170/206/203 5169/204/203 5200/233/203 5201/235/203
f 5190/243/1432 5189/240/1432 5220/269/1432 5221/272/1432
f 5177/244/1167 5176/241/1167 5207/270/1167 5208/273/1167
f 5204/245/242 5203/242/242 5234/271/242 5235/274/242
f 5191/246/1433 5190/243/1433 5221/272/1433 5222/275/1433
f 5178/247/244 5177/244/244 5208/273/244 5209/276/244
f 5205/248/1434 5204/245/1434 5235/274/1434 5236/277/1434
f 5192/249/246 5191/246/246 5222/275/246 5223/278/246
f 5179/250/247 5178/247/247 5209/276/247 5210/279/247
f 5485/280/218 5205/248/218 5236/277/248
f 5193/252/249 5192/249/249 5223/278/249 5224/281/249
f 5180/253/250 5179/250/250 5210/279/250 5211/282/250
f 5194/254/1169 5193/252/1169 5224/281/1169 5225/283/1169
f 5181/255/252 5180/253/252 5211/282/252 5212/284/252
f 5195/256/253 5194/254/253 5225/283/253 5226/285/253
f 5182/257/1435 5181/255/1435 5212/284/1435 5213/286/1435
f 5196/258/255 5195/256/255 5226/285/255 5227/287/255
f 5183/259/256 5182/257/256 5213/286/256 5214/288/256
f 5197/260/1436 5196/258/1436 5227/287/1436 5228/289/1436
f 5184/261/1437 5183/259/1437 5214/288/1437 5215/290/1437
f 5198/262/259 5197/260/259 5228/289/259 5229/291/259
f 5185/230/260 5184/261/260 5215/290/260 5216/292/260
f 5199/232/1438 5198/262/1438 5229/291/1438 5230/293/1438
f 5186/231/262 5185/230/262 5216/292/262 5217/294/262
f 5200/233/263 5199/232/263 5230/293/263 5231/295/263
f 5187/234/1164 5186/231/1164 5217/294/1164 5218/263/1164
f 5201/235/265 5200/233/265 5231/295/265 5232/267/265
f 5188/236/233 5187/234/233 5218/263/233 5219/264/233
f 5175/238/1439 5486/265/1440 5206/266/1440
f 5202/239/236 5201/235/236 5232/267/236 5233/268/236
f 5189/240/237 5188/236/237 5219/264/237 5220/269/237
f 5176/241/1166 5175/238/1166 5206/266/1166 5207/270/1166
f 5203/242/239 5202/239/239 5233/268/239 5234/271/239
f 5223/278/272 5222/275/272 5253/302/272 5254/305/272
f 5210/279/273 5209/276/273 5240/303/273 5241/306/273
f 5485/307/1441 5236/277/275 5267/304/1441
f 5224/281/276 5223/278/276 5254/305/276 5255/308/276
f 5211/282/277 5210/279/277 5241/306/277 5242/309/277
f 5225/283/1175 5224/281/1175 5255/308/1175 5256/310/1175
f 5212/284/279 5211/282/279 5242/309/279 5243/311/279
f 5226/285/280 5225/283/280 5256/310/280 5257/312/280
f 5213/286/1442 5212/284/1442 5243/311/1442 5244/313/1442
f 5227/287/282 5226/285/282 5257/312/282 5258/314/282
f 5214/288/283 5213/286/283 5244/313/283 5245/315/283
f 5228/289/1443 5227/287/1443 5258/314/1443 5259/316/1443
f 5215/290/1444 5214/288/1444 5245/315/1444 5246/317/1444
f 5229/291/286 5228/289/286 5259/316/286 5260/318/286
f 5216/292/287 5215/290/287 5246/317/287 5247/319/287
f 5230/293/1445 5229/291/1445 5260/318/1445 5261/320/1445
f 5217/294/289 5216/292/289 5247/319/289 5248/321/289
f 5231/295/290 5230/293/290 5261/320/290 5262/322/290
f 5218/263/1170 5217/294/1170 5248/321/1170 5249/323/1170
f 5232/267/292 5231/295/292 5262/322/292 5263/324/292
f 5219/264/293 5218/263/293 5249/323/293 5250/325/293
f 5206/266/1440 5486/326/1440 5237/327/1446
f 5233/268/295 5232/267/295 5263/324/295 5264/328/295
f 5220/269/296 5219/264/296 5250/325/296 5251/296/296
f 5207/270/1172 5206/266/1172 5237/327/1172 5238/298/1172
f 5234/271/298 5233/268/298 5264/328/298 5265/300/298
f 5221/272/1447 5220/269/1447 5251/296/1447 5252/297/1447
f 5208/273/1173 5207/270/1173 5238/298/1173 5239/299/1173
f 5235/274/268 5234/271/268 5265/300/268 5266/301/268
f 5222/275/1448 5221/272/1448 5252/297/1448 5253/302/1448
f 5209/276/270 5208/273/270 5239/299/270 5240/303/270
f 5236/277/1449 5235/274/1449 5266/301/1449 5267/304/1449
f 5256/310/1179 5255/308/1179 5286/335/1179 5287/337/1179
f 5243/311/305 5242/309/305 5273/336/305 5274/338/305
f 5257/312/306 5256/310/306 5287/337/306 5288/339/306
f 5244/313/307 5243/311/307 5274/338/307 5275/340/307
f 5258/314/1450 5257/312/1450 5288/339/1450 5289/341/1450
f 5245/315/309 5244/313/309 5275/340/309 5276/342/309
f 5259/316/1182 5258/314/1182 5289/341/1182 5290/343/1182
f 5246/317/1183 5245/315/1183 5276/342/1183 5277/344/1183
f 5260/318/312 5259/316/312 5290/343/312 5291/345/312
f 5247/319/1451 5246/317/1451 5277/344/1451 5278/346/1451
f 5261/320/314 5260/318/314 5291/345/314 5292/347/314
f 5248/321/315 5247/319/315 5278/346/315 5279/348/315
f 5262/322/316 5261/320/316 5292/347/316 5293/349/316
f 5249/323/1186 5248/321/1186 5279/348/1186 5280/350/1186
f 5263/324/318 5262/322/318 5293/349/318 5294/351/318
f 5250/325/1452 5249/323/1452 5280/350/1452 5281/352/1452
f 5237/327/320 5486/353/321 5268/354/321
f 5264/328/1176 5263/324/1176 5294/351/1176 5295/355/1176
f 5251/296/1453 5250/325/1453 5281/352/1453 5282/356/1453
f 5238/298/324 5237/327/324 5268/354/324 5269/357/324
f 5265/300/325 5264/328/325 5295/355/325 5296/358/325
f 5252/297/326 5251/296/326 5282/356/326 5283/359/326
f 5239/299/327 5238/298/327 5269/357/327 5270/360/327
f 5266/301/328 5265/300/328 5296/358/328 5297/361/328
f 5253/302/329 5252/297/329 5283/359/329 5284/329/329
f 5240/303/330 5239/299/330 5270/360/330 5271/331/330
f 5267/304/1454 5266/301/1454 5297/361/1454 5298/334/1454
f 5254/305/1455 5253/302/1455 5284/329/1455 5285/330/1455
f 5241/306/1178 5240/303/1178 5271/331/1178 5272/332/1178
f 5485/333/1441 5267/304/1441 5298/334/301
f 5255/308/1456 5254/305/1456 5285/330/1456 5286/335/1456
f 5242/309/303 5241/306/303 5272/332/303 5273/336/303
f 5289/341/1457 5288/339/1457 5319/366/1457 5320/368/1457
f 5276/342/337 5275/340/337 5306/367/337 5307/369/337
f 5290/343/338 5289/341/338 5320/368/338 5321/370/338
f 5277/344/339 5276/342/339 5307/369/339 5308/371/339
f 5291/345/340 5290/343/340 5321/370/340 5322/372/340
f 5278/346/1458 5277/344/1458 5308/371/1458 5309/373/1458
f 5292/347/342 5291/345/342 5322/372/342 5323/374/342
f 5279/348/1459 5278/346/1459 5309/373/1459 5310/375/1459
f 5293/349/344 5292/347/344 5323/374/344 5324/376/344
f 5280/350/1190 5279/348/1190 5310/375/1190 5311/377/1190
f 5294/351/346 5293/349/346 5324/376/346 5325/378/346
f 5281/352/347 5280/350/347 5311/377/347 5312/379/347
f 5268/354/321 5486/380/321 5299/381/1191
f 5295/355/1192 5294/351/1192 5325/378/1192 5326/382/1192
f 5282/356/350 5281/352/350 5312/379/350 5313/383/350
f 5269/357/351 5268/354/351 5299/381/351 5300/384/351
f 5296/358/352 5295/355/352 5326/382/352 5327/385/352
f 5283/359/353 5282/356/353 5313/383/353 5314/386/353
f 5270/360/1460 5269/357/1460 5300/384/1460 5301/387/1460
f 5297/361/1461 5296/358/1461 5327/385/1461 5328/388/1461
f 5284/329/356 5283/359/356 5314/386/356 5315/389/356
f 5271/331/357 5270/360/357 5301/387/357 5302/390/357
f 5298/334/358 5297/361/358 5328/388/358 5329/391/358
f 5285/330/359 5284/329/359 5315/389/359 5316/392/359
f 5272/332/1188 5271/331/1188 5302/390/1188 5303/393/1188
f 5485/394/361 5298/334/1462 5329/391/361
f 5286/335/363 5285/330/363 5316/392/363 5317/362/363
f 5273/336/364 5272/332/364 5303/393/364 5304/364/364
f 5287/337/1189 5286/335/1189 5317/362/1189 5318/363/1189
f 5274/338/333 5273/336/333 5304/364/333 5305/365/333
f 5288/339/1463 5287/337/1463 5318/363/1463 5319/366/1463
f 5275/340/335 5274/338/335 5305/365/335 5306/367/335
f 5322/372/369 5321/370/369 5352/399/369 5353/401/369
f 5309/373/370 5308/371/370 5339/400/370 5340/402/370
f 5323/374/371 5322/372/371 5353/401/371 5354/403/371
f 5310/375/372 5309/373/372 5340/402/372 5341/404/372
f 5324/376/373 5323/374/373 5354/403/373 5355/405/373
f 5311/377/1197 5310/375/1197 5341/404/1197 5342/406/1197
f 5325/378/375 5324/376/375 5355/405/375 5356/407/375
f 5312/379/376 5311/377/376 5342/406/376 5343/408/376
f 5299/381/377 5486/409/378 5330/410/378
f 5326/382/379 5325/378/379 5356/407/379 5357/411/379
f 5313/383/380 5312/379/380 5343/408/380 5344/412/380
f 5300/384/1464 5299/381/1464 5330/410/1464 5331/413/1464
f 5327/385/1465 5326/382/1465 5357/411/1465 5358/414/1465
f 5314/386/383 5313/383/383 5344/412/383 5345/415/383
f 5301/387/1198 5300/384/1198 5331/413/1198 5332/416/1198
f 5328/388/1199 5327/385/1199 5358/414/1199 5359/417/1199
f 5315/389/386 5314/386/386 5345/415/386 5346/418/386
f 5302/390/1466 5301/387/1466 5332/416/1466 5333/419/1466
f 5329/391/1467 5328/388/1467 5359/417/1467 5360/420/1467
f 5316/392/389 5315/389/389 5346/418/389 5347/421/389
f 5303/393/390 5302/390/390 5333/419/390 5334/422/390
f 5485/423/361 5329/391/361 5360/420/391
f 5317/362/392 5316/392/392 5347/421/392 5348/424/392
f 5304/364/393 5303/393/393 5334/422/393 5335/425/393
f 5318/363/1194 5317/362/1194 5348/424/1194 5349/426/1194
f 5305/365/395 5304/364/395 5335/425/395 5336/427/395
f 5319/366/396 5318/363/396 5349/426/396 5350/395/396
f 5306/367/397 5305/365/397 5336/427/397 5337/397/397
f 5320/368/365 5319/366/365 5350/395/365 5351/396/365
f 5307/369/366 5306/367/366 5337/397/366 5338/398/366
f 5321/370/367 5320/368/367 5351/396/367 5352/399/367
f 5308/371/368 5307/369/368 5338/398/368 5339/400/368
f 5355/405/402 5354/403/402 5385/432/402 5386/434/402
f 5342/406/1202 5341/404/1202 5372/433/1202 5373/435/1202
f 5356/407/404 5355/405/404 5386/434/404 5387/436/404
f 5343/408/405 5342/406/405 5373/435/405 5374/437/405
f 5330/410/378 5486/438/378 5361/439/406
f 5357/411/407 5356/407/407 5387/436/407 5388/440/407
f 5344/412/408 5343/408/408 5374/437/408 5375/441/408
f 5331/413/409 5330/410/409 5361/439/409 5362/442/409
f 5358/414/410 5357/411/410 5388/440/410 5389/443/410
f 5345/415/411 5344/412/411 5375/441/411 5376/444/411
f 5332/416/1203 5331/413/1203 5362/442/1203 5363/445/1203
f 5359/417/1204 5358/414/1204 5389/443/1204 5390/446/1204
f 5346/418/414 5345/415/414 5376/444/414 5377/447/414
f 5333/419/415 5332/416/415 5363/445/415 5364/448/415
f 5360/420/1468 5359/417/1468 5390/446/1468 5391/449/1468
f 5347/421/417 5346/418/417 5377/447/417 5378/450/417
f 5334/422/418 5333/419/418 5364/448/418 5365/451/418
f 5485/452/419 5360/420/420 5391/449/419
f 5348/424/421 5347/421/421 5378/450/421 5379/453/421
f 5335/425/422 5334/422/422 5365/451/422 5366/454/422
f 5349/426/1205 5348/424/1205 5379/453/1205 5380/455/1205
f 5336/427/424 5335/425/424 5366/454/424 5367/456/424
f 5350/395/425 5349/426/425 5380/455/425 5381/457/425
f 5337/397/1469 5336/427/1469 5367/456/1469 5368/458/1469
f 5351/396/427 5350/395/427 5381/457/427 5382/459/427
f 5338/398/428 5337/397/428 5368/458/428 5369/460/428
f 5352/399/429 5351/396/429 5382/459/429 5383/428/429
f 5339/400/430 5338/398/430 5369/460/430 5370/430/430
f 5353/401/398 5352/399/398 5383/428/398 5384/429/398
f 5340/402/399 5339/400/399 5370/430/399 5371/431/399
f 5354/403/1470 5353/401/1470 5384/429/1470 5385/432/1470
f 5341/404/401 5340/402/401 5371/431/401 5372/433/401
f 5361/439/435 5486/467/436 5392/468/436
f 5388/440/437 5387/436/437 5418/465/437 5419/469/437
f 5375/441/438 5374/437/438 5405/466/438 5406/470/438
f 5362/442/439 5361/439/439 5392/468/439 5393/471/439
f 5389/443/440 5388/440/440 5419/469/440 5420/472/440
f 5376/444/441 5375/441/441 5406/470/441 5407/473/441
f 5363/445/1471 5362/442/1471 5393/471/1471 5394/474/1471
f 5390/446/1472 5389/443/1472 5420/472/1472 5421/475/1472
f 5377/447/444 5376/444/444 5407/473/444 5408/476/444
f 5364/448/445 5363/445/445 5394/474/445 5395/477/445
f 5391/449/446 5390/446/446 5421/475/446 5422/478/446
f 5378/450/447 5377/447/447 5408/476/447 5409/479/447
f 5365/451/448 5364/448/448 5395/477/448 5396/480/448
f 5485/481/419 5391/449/419 5422/478/1473
f 5379/453/450 5378/450/450 5409/479/450 5410/482/450
f 5366/454/451 5365/451/451 5396/480/451 5397/483/451
f 5380/455/1212 5379/453/1212 5410/482/1212 5411/484/1212
f 5367/456/453 5366/454/453 5397/483/453 5398/485/453
f 5381/457/1213 5380/455/1213 5411/484/1213 5412/486/1213
f 5368/458/1474 5367/456/1474 5398/485/1474 5399/487/1474
f 5382/459/456 5381/457/456 5412/486/456 5413/488/456
f 5369/460/457 5368/458/457 5399/487/457 5400/489/457
f 5383/428/458 5382/459/458 5413/488/458 5414/490/458
f 5370/430/459 5369/460/459 5400/489/459 5401/491/459
f 5384/429/460 5383/428/460 5414/490/460 5415/492/460
f 5371/431/461 5370/430/461 5401/491/461 5402/493/461
f 5385/432/1475 5384/429/1475 5415/492/1475 5416/461/1475
f 5372/433/1208 5371/431/1208 5402/493/1208 5403/463/1208
f 5386/434/431 5385/432/431 5416/461/431 5417/462/431
f 5373/435/1209 5372/433/1209 5403/463/1209 5404/464/1209
f 5387/436/433 5386/434/433 5417/462/433 5418/465/433
f 5374/437/434 5373/435/434 5404/464/434 5405/466/434
f 5394/474/469 5393/471/469 5424/499/469 5425/502/469
f 5421/475/470 5420/472/470 5451/500/470 5452/503/470
f 5408/476/471 5407/473/471 5438/501/471 5439/504/471
f 5395/477/472 5394/474/472 5425/502/472 5426/505/472
f 5422/478/1476 5421/475/1476 5452/503/1476 5453/506/1476
f 5409/479/474 5408/476/474 5439/504/474 5440/507/474
f 5396/480/1477 5395/477/1477 5426/505/1477 5427/508/1477
f 5485/509/1478 5422/478/477 5453/506/1478
f 5410/482/478 5409/479/478 5440/507/478 5441/510/478
f 5397/483/479 5396/480/479 5427/508/479 5428/511/479
f 5411/484/1217 5410/482/1217 5441/510/1217 5442/512/1217
f 5398/485/481 5397/483/481 5428/511/481 5429/513/481
f 5412/486/482 5411/484/482 5442/512/482 5443/514/482
f 5399/487/1219 5398/485/1219 5429/513/1219 5430/515/1219
f 5413/488/484 5412/486/484 5443/514/484 5444/516/484
f 5400/489/1479 5399/487/1479 5430/515/1479 5431/517/1479
f 5414/490/486 5413/488/486 5444/516/486 5445/518/486
f 5401/491/487 5400/489/487 5431/517/487 5432/519/487
f 5415/492/1480 5414/490/1480 5445/518/1480 5446/520/1480
f 5402/493/489 5401/491/489 5432/519/489 5433/521/489
f 5416/461/1214 5415/492/1214 5446/520/1214 5447/522/1214
f 5403/463/491 5402/493/491 5433/521/491 5434/523/491
f 5417/462/492 5416/461/492 5447/522/492 5448/524/492
f 5404/464/1216 5403/463/1216 5434/523/1216 5435/525/1216
f 5418/465/494 5417/462/494 5448/524/494 5449/494/494
f 5405/466/495 5404/464/495 5435/525/495 5436/496/495
f 5392/468/436 5486/526/436 5423/498/496
f 5419/469/1481 5418/465/1481 5449/494/1481 5450/495/1481
f 5406/470/465 5405/466/465 5436/496/465 5437/497/465
f 5393/471/466 5392/468/466 5423/498/466 5424/499/466
f 5420/472/467 5419/469/467 5450/495/467 5451/500/467
f 5407/473/468 5406/470/468 5437/497/468 5438/501/468
f 5427/508/502 5426/505/502 5457/532/502 5458/535/502
f 5485/536/1478 5453/506/1478 5484/533/503
f 5441/510/504 5440/507/504 5471/534/504 5472/537/504
f 5428/511/1224 5427/508/1224 5458/535/1224 5459/538/1224
f 5442/512/1225 5441/510/1225 5472/537/1225 5473/539/1225
f 5429/513/507 5428/511/507 5459/538/507 5460/540/507
f 5443/514/508 5442/512/508 5473/539/508 5474/541/508
f 5430/515/1482 5429/513/1482 5460/540/1482 5461/542/1482
f 5444/516/510 5443/514/510 5474/541/510 5475/543/510
f 5431/517/511 5430/515/511 5461/542/511 5462/544/511
f 5445/518/1226 5444/516/1226 5475/543/1226 5476/545/1226
f 5432/519/1227 5431/517/1227 5462/544/1227 5463/546/1227
f 5446/520/514 5445/518/514 5476/545/514 5477/547/514
f 5433/521/515 5432/519/515 5463/546/515 5464/548/515
f 5447/522/1483 5446/520/1483 5477/547/1483 5478/549/1483
f 5434/523/517 5433/521/517 5464/548/517 5465/550/517
f 5448/524/518 5447/522/518 5478/549/518 5479/551/518
f 5435/525/1228 5434/523/1228 5465/550/1228 5466/552/1228
f 5449/494/1222 5448/524/1222 5479/551/1222 5480/553/1222
f 5436/496/521 5435/525/521 5466/552/521 5467/554/521
f 5423/498/1484 5486/555/1485 5454/556/1485
f 5450/495/524 5449/494/524 5480/553/524 5481/557/524
f 5437/497/525 5436/496/525 5467/554/525 5468/558/525
f 5424/499/526 5423/498/526 5454/556/526 5455/559/526
f 5451/500/527 5450/495/527 5481/557/527 5482/527/527
f 5438/501/528 5437/497/528 5468/558/528 5469/529/528
f 5425/502/529 5424/499/529 5455/559/529 5456/531/529
f 5452/503/1223 5451/500/1223 5482/527/1223 5483/528/1223
f 5439/504/498 5438/501/498 5469/529/498 5470/530/498
f 5426/505/499 5425/502/499 5456/531/499 5457/532/499
f 5453/506/500 5452/503/500 5483/528/500 5484/533/500
f 5440/507/501 5439/504/501 5470/530/501 5471/534/501
f 5460/540/535 5459/538/535 5492/565/535 5493/567/535
f 5474/541/536 5473/539/536 5506/566/536 5507/568/536
f 5461/542/1486 5460/540/1486 5493/567/1486 5494/569/1486
f 5475/543/538 5474/541/538 5507/568/538 5508/570/538
f 5462/544/539 5461/542/539 5494/569/539 5495/571/539
f 5476/545/1231 5475/543/1231 5508/570/1231 5509/572/1231
f 5463/546/1232 5462/544/1232 5495/571/1232 5496/573/1232
f 5477/547/542 5476/545/542 5509/572/542 5510/574/542
f 5464/548/543 5463/546/543 5496/573/543 5497/575/543
f 5478/549/1487 5477/547/1487 5510/574/1487 5511/576/1487
f 5465/550/545 5464/548/545 5497/575/545 5498/577/545
f 5479/551/546 5478/549/546 5511/576/546 5512/578/546
f 5466/552/1233 5465/550/1233 5498/577/1233 5499/579/1233
f 5480/553/1234 5479/551/1234 5512/578/1234 5513/580/1234
f 5467/554/549 5466/552/549 5499/579/549 5500/581/549
f 5454/556/1485 5486/582/1485 5487/583/1488
f 5481/557/551 5480/553/551 5513/580/551 5514/584/551
f 5468/558/552 5467/554/552 5500/581/552 5501/585/552
f 5455/559/553 5454/556/553 5487/583/553 5488/586/553
f 5482/527/554 5481/557/554 5514/584/554 5515/587/554
f 5469/529/555 5468/558/555 5501/585/555 5502/588/555
f 5456/531/556 5455/559/556 5488/586/556 5489/589/556
f 5483/528/557 5482/527/557 5515/587/557 5516/590/557
f 5470/530/558 5469/529/558 5502/588/558 5503/591/558
f 5457/532/559 5456/531/559 5489/589/559 5490/592/559
f 5484/533/560 5483/528/560 5516/590/560 5517/561/560
f 5471/534/561 5470/530/561 5503/591/561 5504/562/561
f 5458/535/562 5457/532/562 5490/592/562 5491/564/562
f 5485/560/530 5484/533/531 5517/561/530
f 5472/537/532 5471/534/532 5504/562/532 5505/563/532
f 5459/538/1229 5458/535/1229 5491/564/1229 5492/565/1229
f 5473/539/1230 5472/537/1230 5505/563/1230 5506/566/1230
f 5495/571/1489 5494/569/1489 5525/596/1489 5526/598/1489
f 5509/572/567 5508/570/567 5539/597/567 5540/599/567
f 5496/573/568 5495/571/568 5526/598/568 5527/600/568
f 5510/574/1490 5509/572/1490 5540/599/1490 5541/601/1490
f 5497/575/570 5496/573/570 5527/600/570 5528/602/570
f 5511/576/571 5510/574/571 5541/601/571 5542/603/571
f 5498/577/572 5497/575/572 5528/602/572 5529/604/572
f 5512/578/573 5511/576/573 5542/603/573 5543/605/573
f 5499/579/1236 5498/577/1236 5529/604/1236 5530/606/1236
f 5513/580/575 5512/578/575 5543/605/575 5544/607/575
f 5500/581/576 5499/579/576 5530/606/576 5531/608/576
f 5487/583/577 5486/609/578 5518/610/578
f 5514/584/1331 5513/580/1331 5544/607/1331 5545/611/1331
f 5501/585/580 5500/581/580 5531/608/580 5532/612/580
f 5488/586/581 5487/583/581 5518/610/581 5519/613/581
f 5515/587/582 5514/584/582 5545/611/582 5546/614/582
f 5502/588/583 5501/585/583 5532/612/583 5533/615/583
f 5489/589/584 5488/586/584 5519/613/584 5520/616/584
f 5516/590/585 5515/587/585 5546/614/585 5547/617/585
f 5503/591/586 5502/588/586 5533/615/586 5534/618/586
f 5490/592/587 5489/589/587 5520/616/587 5521/619/587
f 5517/561/1491 5516/590/1491 5547/617/1491 5548/620/1491
f 5504/562/589 5503/591/589 5534/618/589 5535/621/589
f 5491/564/1326 5490/592/1326 5521/619/1326 5522/622/1326
f 5485/623/530 5517/561/530 5548/620/591
f 5505/563/592 5504/562/592 5535/621/592 5536/624/592
f 5492/565/593 5491/564/593 5522/622/593 5523/625/593
f 5506/566/1235 5505/563/1235 5536/624/1235 5537/593/1235
f 5493/567/595 5492/565/595 5523/625/595 5524/595/595
f 5507/568/563 5506/566/563 5537/593/563 5538/594/563
f 5494/569/564 5493/567/564 5524/595/564 5525/596/564
f 5508/570/565 5507/568/565 5538/594/565 5539/597/565
f 5528/602/599 5527/600/599 5558/629/599 5559/631/599
f 5542/603/1492 5541/601/1492 5572/630/1492 5573/632/1492
f 5529/604/1493 5528/602/1493 5559/631/1493 5560/633/1493
f 5543/605/602 5542/603/602 5573/632/602 5574/634/602
f 5530/606/1238 5529/604/1238 5560/633/1238 5561/635/1238
f 5544/607/604 5543/605/604 5574/634/604 5575/636/604
f 5531/608/605 5530/606/605 5561/635/605 5562/637/605
f 5518/610/578 5486/638/578 5549/639/606
f 5545/611/607 5544/607/607 5575/636/607 5576/640/607
f 5532/612/1494 5531/608/1494 5562/637/1494 5563/641/1494
f 5519/613/609 5518/610/609 5549/639/609 5550/642/609
f 5546/614/610 5545/611/610 5576/640/610 5577/643/610
f 5533/615/611 5532/612/611 5563/641/611 5564/644/611
f 5520/616/1495 5519/613/1495 5550/642/1495 5551/645/1495
f 5547/617/1496 5546/614/1496 5577/643/1496 5578/646/1496
f 5534/618/614 5533/615/614 5564/644/614 5565/647/614
f 5521/619/615 5520/616/615 5551/645/615 5552/648/615
f 5548/620/616 5547/617/616 5578/646/616 5579/649/616
f 5535/621/1497 5534/618/1497 5565/647/1497 5566/650/1497
f 5522/622/618 5521/619/618 5552/648/618 5553/651/618
f 5485/652/619 5548/620/620 5579/649/619
f 5536/624/621 5535/621/621 5566/650/621 5567/653/621
f 5523/625/622 5522/622/622 5553/651/622 5554/654/622
f 5537/593/1237 5536/624/1237 5567/653/1237 5568/655/1237
f 5524/595/624 5523/625/624 5554/654/624 5555/656/624
f 5538/594/1498 5537/593/1498 5568/655/1498 5569/657/1498
f 5525/596/1499 5524/595/1499 5555/656/1499 5556/658/1499
f 5539/597/627 5538/594/627 5569/657/627 5570/626/627
f 5526/598/628 5525/596/628 5556/658/628 5557/628/628
f 5540/599/596 5539/597/596 5570/626/596 5571/627/596
f 5527/600/597 5526/598/597 5557/628/597 5558/629/597
f 5541/601/598 5540/599/598 5571/627/598 5572/630/598
f 5561/635/1245 5560/633/1245 5591/662/1245 5592/664/1245
f 5575/636/633 5574/634/633 5605/663/633 5606/665/633
f 5562/637/634 5561/635/634 5592/664/634 5593/666/634
f 5549/639/635 5486/667/636 5580/668/636
f 5576/640/637 5575/636/637 5606/665/637 5607/669/637
f 5563/641/638 5562/637/638 5593/666/638 5594/670/638
f 5550/642/1500 5549/639/1500 5580/668/1500 5581/671/1500
f 5577/643/1501 5576/640/1501 5607/669/1501 5608/672/1501
f 5564/644/1502 5563/641/1502 5594/670/1502 5595/673/1502
f 5551/645/1246 5550/642/1246 5581/671/1246 5582/674/1246
f 5578/646/1247 5577/643/1247 5608/672/1247 5609/675/1247
f 5565/647/1503 5564/644/1503 5595/673/1503 5596/676/1503
f 5552/648/1504 5551/645/1504 5582/674/1504 5583/677/1504
f 5579/649/1505 5578/646/1505 5609/675/1505 5610/678/1505
f 5566/650/647 5565/647/647 5596/676/647 5597/679/647
f 5553/651/648 5552/648/648 5583/677/648 5584/680/648
f 5485/681/619 5579/649/619 5610/678/649
f 5567/653/650 5566/650/650 5597/679/650 5598/682/650
f 5554/654/651 5553/651/651 5584/680/651 5585/683/651
f 5568/655/1248 5567/653/1248 5598/682/1248 5599/684/1248
f 5555/656/653 5554/654/653 5585/683/653 5586/685/653
f 5569/657/654 5568/655/654 5599/684/654 5600/686/654
f 5556/658/1506 5555/656/1506 5586/685/1506 5587/687/1506
f 5570/626/656 5569/657/656 5600/686/656 5601/688/656
f 5557/628/657 5556/658/657 5587/687/657 5588/689/657
f 5571/627/1507 5570/626/1507 5601/688/1507 5602/690/1507
f 5558/629/1508 5557/628/1508 5588/689/1508 5589/691/1508
f 5572/630/660 5571/627/660 5602/690/660 5603/659/660
f 5559/631/661 5558/629/661 5589/691/661 5590/661/661
f 5573/632/1509 5572/630/1509 5603/659/1509 5604/660/1509
f 5560/633/630 5559/631/630 5590/661/630 5591/662/630
f 5574/634/631 5573/632/631 5604/660/631 5605/663/631
f 5594/670/666 5593/666/666 5624/695/666 5625/699/666
f 5581/671/1510 5580/668/1510 5611/697/1510 5612/700/1510
f 5608/672/1511 5607/669/1511 5638/698/1511 5639/701/1511
f 5595/673/669 5594/670/669 5625/699/669 5626/702/669
f 5582/674/1251 5581/671/1251 5612/700/1251 5613/703/1251
f 5609/675/1252 5608/672/1252 5639/701/1252 5640/704/1252
f 5596/676/672 5595/673/672 5626/702/672 5627/705/672
f 5583/677/1512 5582/674/1512 5613/703/1512 5614/706/1512
f 5610/678/1513 5609/675/1513 5640/704/1513 5641/707/1513
f 5597/679/675 5596/676/675 5627/705/675 5628/708/675
f 5584/680/676 5583/677/676 5614/706/676 5615/709/676
f 5485/710/677 5610/678/678 5641/707/677
f 5598/682/1514 5597/679/1514 5628/708/1514 5629/711/1514
f 5585/683/680 5584/680/680 5615/709/680 5616/712/680
f 5599/684/1253 5598/682/1253 5629/711/1253 5630/713/1253
f 5586/685/682 5585/683/682 5616/712/682 5617/714/682
f 5600/686/683 5599/684/683 5630/713/683 5631/715/683
f 5587/687/684 5586/685/684 5617/714/684 5618/716/684
f 5601/688/685 5600/686/685 5631/715/685 5632/717/685
f 5588/689/686 5587/687/686 5618/716/686 5619/718/686
f 5602/690/1254 5601/688/1254 5632/717/1254 5633/719/1254
f 5589/691/1249 5588/689/1249 5619/718/1249 5620/720/1249
f 5603/659/689 5602/690/689 5633/719/689 5634/721/689
f 5590/661/690 5589/691/690 5620/720/690 5621/722/690
f 5604/660/691 5603/659/691 5634/721/691 5635/723/691
f 5591/662/692 5590/661/692 5621/722/692 5622/724/692
f 5605/663/693 5604/660/693 5635/723/693 5636/692/693
f 5592/664/1250 5591/662/1250 5622/724/1250 5623/694/1250
f 5606/665/662 5605/663/662 5636/692/662 5637/693/662
f 5593/666/1515 5592/664/1515 5623/694/1515 5624/695/1515
f 5580/668/636 5486/696/636 5611/697/664
f 5607/669/665 5606/665/665 5637/693/665 5638/698/665
f 5627/705/700 5626/702/700 5657/730/700 5658/733/700
f 5614/706/701 5613/703/701 5644/731/701 5645/734/701
f 5641/707/702 5640/704/702 5671/732/702 5672/735/702
f 5628/708/1516 5627/705/1516 5658/733/1516 5659/736/1516
f 5615/709/704 5614/706/704 5645/734/704 5646/737/704
f 5485/738/677 5641/707/677 5672/735/1517
f 5629/711/706 5628/708/706 5659/736/706 5660/739/706
f 5616/712/707 5615/709/707 5646/737/707 5647/740/707
f 5630/713/1259 5629/711/1259 5660/739/1259 5661/741/1259
f 5617/714/709 5616/712/709 5647/740/709 5648/742/709
f 5631/715/1518 5630/713/1518 5661/741/1518 5662/743/1518
f 5618/716/711 5617/714/711 5648/742/711 5649/744/711
f 5632/717/1260 5631/715/1260 5662/743/1260 5663/745/1260
f 5619/718/713 5618/716/713 5649/744/713 5650/746/713
f 5633/719/1261 5632/717/1261 5663/745/1261 5664/747/1261
f 5620/720/1519 5619/718/1519 5650/746/1519 5651/748/1519
f 5634/721/716 5633/719/716 5664/747/716 5665/749/716
f 5621/722/717 5620/720/717 5651/748/717 5652/750/717
f 5635/723/718 5634/721/718 5665/749/718 5666/751/718
f 5622/724/1520 5621/722/1520 5652/750/1520 5653/752/1520
f 5636/692/720 5635/723/720 5666/751/720 5667/753/720
f 5623/694/1255 5622/724/1255 5653/752/1255 5654/754/1255
f 5637/693/722 5636/692/722 5667/753/722 5668/755/722
f 5624/695/723 5623/694/723 5654/754/723 5655/756/723
f 5611/697/1256 5486/757/725 5642/725/725
f 5638/698/726 5637/693/726 5668/755/726 5669/727/726
f 5625/699/1521 5624/695/1521 5655/756/1521 5656/729/1521
f 5612/700/695 5611/697/695 5642/725/695 5643/726/695
f 5639/701/696 5638/698/696 5669/727/696 5670/728/696
f 5626/702/697 5625/699/697 5656/729/697 5657/730/697
f 5613/703/1522 5612/700/1522 5643/726/1522 5644/731/1522
f 5640/704/1523 5639/701/1523 5670/728/1523 5671/732/1523
f 5660/739/734 5659/736/734 5690/763/734 5691/766/734
f 5647/740/735 5646/737/735 5677/764/735 5678/767/735
f 5661/741/1334 5660/739/1334 5691/766/1334 5692/768/1334
f 5648/742/737 5647/740/737 5678/767/737 5679/769/737
f 5662/743/738 5661/741/738 5692/768/738 5693/770/738
f 5649/744/1524 5648/742/1524 5679/769/1524 5680/771/1524
f 5663/745/740 5662/743/740 5693/770/740 5694/772/740
f 5650/746/741 5649/744/741 5680/771/741 5681/773/741
f 5664/747/1525 5663/745/1525 5694/772/1525 5695/774/1525
f 5651/748/1526 5650/746/1526 5681/773/1526 5682/775/1526
f 5665/749/744 5664/747/744 5695/774/744 5696/776/744
f 5652/750/745 5651/748/745 5682/775/745 5683/777/745
f 5666/751/1527 5665/749/1527 5696/776/1527 5697/778/1527
f 5653/752/747 5652/750/747 5683/777/747 5684/779/747
f 5667/753/748 5666/751/748 5697/778/748 5698/780/748
f 5654/754/1337 5653/752/1337 5684/779/1337 5685/781/1337
f 5668/755/750 5667/753/750 5698/780/750 5699/782/750
f 5655/756/751 5654/754/751 5685/781/751 5686/783/751
f 5642/725/725 5486/784/725 5673/785/752
f 5669/727/1528 5668/755/1528 5699/782/1528 5700/786/1528
f 5656/729/754 5655/756/754 5686/783/754 5687/787/754
f 5643/726/755 5642/725/755 5673/785/755 5674/788/755
f 5670/728/756 5669/727/756 5700/786/756 5701/789/756
f 5657/730/757 5656/729/757 5687/787/757 5688/790/757
f 5644/731/758 5643/726/758 5674/788/758 5675/758/758
f 5671/732/759 5670/728/759 5701/789/759 5702/760/759
f 5658/733/760 5657/730/760 5688/790/760 5689/762/760
f 5645/734/728 5644/731/728 5675/758/728 5676/759/728
f 5672/735/1529 5671/732/1529 5702/760/1529 5703/761/1529
f 5659/736/730 5658/733/730 5689/762/730 5690/763/730
f 5646/737/1530 5645/734/1530 5676/759/1530 5677/764/1530
f 5485/765/1531 5672/735/733 5703/761/732
f 5693/770/764 5692/768/764 5723/794/764 5724/796/764
f 5680/771/1532 5679/769/1532 5710/795/1532 5711/797/1532
f 5694/772/766 5693/770/766 5724/796/766 5725/798/766
f 5681/773/767 5680/771/767 5711/797/767 5712/799/767
f 5695/774/1533 5694/772/1533 5725/798/1533 5726/800/1533
f 5682/775/1534 5681/773/1534 5712/799/1534 5713/801/1534
f 5696/776/770 5695/774/770 5726/800/770 5727/802/770
f 5683/777/771 5682/775/771 5713/801/771 5714/803/771
f 5697/778/1535 5696/776/1535 5727/802/1535 5728/804/1535
f 5684/779/773 5683/777/773 5714/803/773 5715/805/773
f 5698/780/774 5697/778/774 5728/804/774 5729/806/774
f 5685/781/1266 5684/779/1266 5715/805/1266 5716/807/1266
f 5699/782/1267 5698/780/1267 5729/806/1267 5730/808/1267
f 5686/783/777 5685/781/777 5716/807/777 5717/809/777
f 5673/785/1536 5486/810/1537 5704/811/1537
f 5700/786/780 5699/782/780 5730/808/780 5731/812/780
f 5687/787/781 5686/783/781 5717/809/781 5718/813/781
f 5674/788/782 5673/785/782 5704/811/782 5705/814/782
f 5701/789/783 5700/786/783 5731/812/783 5732/815/783
f 5688/790/1538 5687/787/1538 5718/813/1538 5719/816/1538
f 5675/758/1262 5674/788/1262 5705/814/1262 5706/817/1262
f 5702/760/786 5701/789/786 5732/815/786 5733/818/786
f 5689/762/1539 5688/790/1539 5719/816/1539 5720/819/1539
f 5676/759/788 5675/758/788 5706/817/788 5707/820/788
f 5703/761/789 5702/760/789 5733/818/789 5734/821/789
f 5690/763/790 5689/762/790 5720/819/790 5721/822/790
f 5677/764/791 5676/759/791 5707/820/791 5708/791/791
f 5485/823/1531 5703/761/732 5734/821/792
f 5691/766/793 5690/763/793 5721/822/793 5722/793/793
f 5678/767/1264 5677/764/1264 5708/791/1264 5709/792/1264
f 5692/768/1265 5691/766/1265 5722/793/1265 5723/794/1265
f 5679/769/763 5678/767/763 5709/792/763 5710/795/763
f 5726/834/1270 5725/828/1270 5756/831/1270 5757/835/1270
f 5713/836/1540 5712/832/1540 5743/833/1540 5744/837/1540
f 5727/838/799 5726/834/799 5757/835/799 5758/839/799
f 5714/840/800 5713/836/800 5744/837/800 5745/841/800
f 5728/842/1541 5727/838/1541 5758/839/1541 5759/843/1541
f 5715/844/802 5714/840/802 5745/841/802 5746/845/802
f 5729/846/803 5728/842/803 5759/843/803 5760/847/803
f 5716/848/1271 5715/844/1271 5746/845/1271 5747/849/1271
f 5730/850/1542 5729/846/1542 5760/847/1542 5761/851/1542
f 5717/852/806 5716/848/806 5747/849/806 5748/853/806
f 5704/854/1537 5486/855/1537 5735/856/1543
f 5731/857/808 5730/850/808 5761/851/808 5762/858/808
f 5718/859/809 5717/852/809 5748/853/809 5749/860/809
f 5705/861/810 5704/854/810 5735/856/810 5736/862/810
f 5732/863/811 5731/857/811 5762/858/811 5763/864/811
f 5719/865/1544 5718/859/1544 5749/860/1544 5750/866/1544
f 5706/867/1273 5705/861/1273 5736/862/1273 5737/868/1273
f 5733/869/1274 5732/863/1274 5763/864/1274 5764/870/1274
f 5720/871/1545 5719/865/1545 5750/866/1545 5751/872/1545
f 5707/873/816 5706/867/816 5737/868/816 5738/874/816
f 5734/875/817 5733/869/817 5764/870/817 5765/876/817
f 5721/877/818 5720/871/818 5751/872/818 5752/878/818
f 5708/879/819 5707/873/819 5738/874/819 5739/880/819
f 5485/881/820 5734/875/821 5765/876/820
f 5722/882/822 5721/877/822 5752/878/822 5753/883/822
f 5709/884/1546 5708/879/1546 5739/880/1546 5740/885/1546
f 5723/886/1269 5722/882/1269 5753/883/1269 5754/887/1269
f 5710/825/825 5709/884/825 5740/885/825 5741/826/825
f 5724/829/826 5723/886/826 5754/887/826 5755/830/826
f 5711/824/1547 5710/825/1547 5741/826/1547 5742/827/1547
f 5725/828/795 5724/829/795 5755/830/795 5756/831/795
f 5712/832/796 5711/824/796 5742/827/796 5743/833/796
f 5759/843/830 5758/839/830 5789/891/830 5790/893/830
f 5746/845/831 5745/841/831 5776/892/831 5777/894/831
f 5760/847/832 5759/843/832 5790/893/832 5791/895/832
f 5747/849/1277 5746/845/1277 5777/894/1277 5778/896/1277
f 5761/851/834 5760/847/834 5791/895/834 5792/897/834
f 5748/853/835 5747/849/835 5778/896/835 5779/898/835
f 5735/856/836 5486/899/837 5766/900/837
f 5762/858/838 5761/851/838 5792/897/838 5793/901/838
f 5749/860/839 5748/853/839 5779/898/839 5780/902/839
f 5736/862/840 5735/856/840 5766/900/840 5767/903/840
f 5763/864/841 5762/858/841 5793/901/841 5794/904/841
f 5750/866/842 5749/860/842 5780/902/842 5781/905/842
f 5737/868/843 5736/862/843 5767/903/843 5768/906/843
f 5764/870/844 5763/864/844 5794/904/844 5795/907/844
f 5751/872/845 5750/866/845 5781/905/845 5782/908/845
f 5738/874/846 5737/868/846 5768/906/846 5769/909/846
f 5765/876/1548 5764/870/1548 5795/907/1548 5796/910/1548
f 5752/878/848 5751/872/848 5782/908/848 5783/911/848
f 5739/880/849 5738/874/849 5769/909/849 5770/912/849
f 5485/913/820 5765/876/820 5796/910/850
f 5753/883/851 5752/878/851 5783/911/851 5784/914/851
f 5740/885/852 5739/880/852 5770/912/852 5771/915/852
f 5754/887/1276 5753/883/1276 5784/914/1276 5785/916/1276
f 5741/826/854 5740/885/854 5771/915/854 5772/917/854
f 5755/830/855 5754/887/855 5785/916/855 5786/918/855
f 5742/827/856 5741/826/856 5772/917/856 5773/919/856
f 5756/831/857 5755/830/857 5786/918/857 5787/920/857
f 5743/833/858 5742/827/858 5773/919/858 5774/888/858
f 5757/835/859 5756/831/859 5787/920/859 5788/890/859
f 5744/837/827 5743/833/827 5774/888/827 5775/889/827
f 5758/839/828 5757/835/828 5788/890/828 5789/891/828
f 5745/841/829 5744/837/829 5775/889/829 5776/892/829
f 5788/890/1549 5787/920/1549 5818/925/1549 5819/927/1549
f 5775/889/1284 5774/888/1284 5805/926/1284 5806/928/1284
f 5789/891/866 5788/890/866 5819/927/866 5820/929/866
f 5776/892/867 5775/889/867 5806/928/867 5807/930/867
f 5790/893/868 5789/891/868 5820/929/868 5821/931/868
f 5777/894/1339 5776/892/1339 5807/930/1339 5808/932/1339
f 5791/895/870 5790/893/870 5821/931/870 5822/933/870
f 5778/896/1285 5777/894/1285 5808/932/1285 5809/934/1285
f 5792/897/872 5791/895/872 5822/933/872 5823/935/872
f 5779/898/873 5778/896/873 5809/934/873 5810/936/873
f 5766/900/837 5486/937/837 5797/938/1280
f 5793/901/1550 5792/897/1550 5823/935/1550 5824/939/1550
f 5780/902/876 5779/898/876 5810/936/876 5811/940/876
f 5767/903/877 5766/900/877 5797/938/877 5798/941/877
f 5794/904/878 5793/901/878 5824/939/878 5825/942/878
f 5781/905/879 5780/902/879 5811/940/879 5812/943/879
f 5768/906/880 5767/903/880 5798/941/880 5799/944/880
f 5795/907/881 5794/904/881 5825/942/881 5826/945/881
f 5782/908/882 5781/905/882 5812/943/882 5813/946/882
f 5769/909/883 5768/906/883 5799/944/883 5800/947/883
f 5796/910/884 5795/907/884 5826/945/884 5827/948/884
f 5783/911/885 5782/908/885 5813/946/885 5814/949/885
f 5770/912/1551 5769/909/1551 5800/947/1551 5801/950/1551
f 5485/951/887 5796/910/1552 5827/948/887
f 5784/914/889 5783/911/889 5814/949/889 5815/952/889
f 5771/915/890 5770/912/890 5801/950/890 5802/953/890
f 5785/916/1283 5784/914/1283 5815/952/1283 5816/921/1283
f 5772/917/892 5771/915/892 5802/953/892 5803/923/892
f 5786/918/1338 5785/916/1338 5816/921/1338 5817/922/1338
f 5773/919/861 5772/917/861 5803/923/861 5804/924/861
f 5787/920/862 5786/918/862 5817/922/862 5818/925/862
f 5774/888/863 5773/919/863 5804/924/863 5805/926/863
f 5821/931/1553 5820/929/1553 5851/958/1553 5852/960/1553
f 5808/932/898 5807/930/898 5838/959/898 5839/961/898
f 5822/933/899 5821/931/899 5852/960/899 5853/962/899
f 5809/934/1291 5808/932/1291 5839/961/1291 5840/963/1291
f 5823/935/901 5822/933/901 5853/962/901 5854/964/901
f 5810/936/902 5809/934/902 5840/963/902 5841/965/902
f 5797/938/903 5486/966/904 5828/967/904
f 5824/939/905 5823/935/905 5854/964/905 5855/968/905
f 5811/940/906 5810/936/906 5841/965/906 5842/969/906
f 5798/941/907 5797/938/907 5828/967/907 5829/970/907
f 5825/942/1554 5824/939/1554 5855/968/1554 5856/971/1554
f 5812/943/909 5811/940/909 5842/969/909 5843/972/909
f 5799/944/1555 5798/941/1555 5829/970/1555 5830/973/1555
f 5826/945/1556 5825/942/1556 5856/971/1556 5857/974/1556
f 5813/946/912 5812/943/912 5843/972/912 5844/975/912
f 5800/947/1557 5799/944/1557 5830/973/1557 5831/976/1557
f 5827/948/1558 5826/945/1558 5857/974/1558 5858/977/1558
f 5814/949/915 5813/946/915 5844/975/915 5845/978/915
f 5801/950/916 5800/947/916 5831/976/916 5832/979/916
f 5485/980/887 5827/948/887 5858/977/917
f 5815/952/918 5814/949/918 5845/978/918 5846/981/918
f 5802/953/919 5801/950/919 5832/979/919 5833/982/919
f 5816/921/1288 5815/952/1288 5846/981/1288 5847/983/1288
f 5803/923/921 5802/953/921 5833/982/921 5834/984/921
f 5817/922/922 5816/921/922 5847/983/922 5848/985/922
f 5804/924/1559 5803/923/1559 5834/984/1559 5835/986/1559
f 5818/925/924 5817/922/924 5848/985/924 5849/954/924
f 5805/926/925 5804/924/925 5835/986/925 5836/956/925
f 5819/927/1289 5818/925/1289 5849/954/1289 5850/955/1289
f 5806/928/1290 5805/926/1290 5836/956/1290 5837/957/1290
f 5820/929/895 5819/927/895 5850/955/895 5851/958/895
f 5807/930/896 5806/928/896 5837/957/896 5838/959/896
f 5854/964/930 5853/962/930 5884/991/930 5885/993/930
f 5841/965/1560 5840/963/1560 5871/992/1560 5872/994/1560
f 5828/967/904 5486/995/904 5859/996/932
f 5855/968/933 5854/964/933 5885/993/933 5886/997/933
f 5842/969/934 5841/965/934 5872/994/934 5873/998/934
f 5829/970/935 5828/967/935 5859/996/935 5860/999/935
f 5856/971/936 5855/968/936 5886/997/936 5887/1000/936
f 5843/972/937 5842/969/937 5873/998/937 5874/1001/937
f 5830/973/1296 5829/970/1296 5860/999/1296 5861/1002/1296
f 5857/974/1297 5856/971/1297 5887/1000/1297 5888/1003/1297
f 5844/975/940 5843/972/940 5874/1001/940 5875/1004/940
f 5831/976/941 5830/973/941 5861/1002/941 5862/1005/941
f 5858/977/1561 5857/974/1561 5888/1003/1561 5889/1006/1561
f 5845/978/943 5844/975/943 5875/1004/943 5876/1007/943
f 5832/979/944 5831/976/944 5862/1005/944 5863/1008/944
f 5485/1009/945 5858/977/946 5889/1006/945
f 5846/981/1562 5845/978/1562 5876/1007/1562 5877/1010/1562
f 5833/982/948 5832/979/948 5863/1008/948 5864/1011/948
f 5847/983/1292 5846/981/1292 5877/1010/1292 5878/1012/1292
f 5834/984/950 5833/982/950 5864/1011/950 5865/1013/950
f 5848/985/951 5847/983/951 5878/1012/951 5879/1014/951
f 5835/986/1563 5834/984/1563 5865/1013/1563 5866/1015/1563
f 5849/954/953 5848/985/953 5879/1014/953 5880/1016/953
f 5836/956/954 5835/986/954 5866/1015/954 5867/1017/954
f 5850/955/955 5849/954/955 5880/1016/955 5881/1018/955
f 5837/957/956 5836/956/956 5867/1017/956 5868/1019/956
f 5851/958/957 5850/955/957 5881/1018/957 5882/987/957
f 5838/959/958 5837/957/958 5868/1019/958 5869/989/958
f 5852/960/1564 5851/958/1564 5882/987/1564 5883/988/1564
f 5839/961/927 5838/959/927 5869/989/927 5870/990/927
f 5853/962/928 5852/960/928 5883/988/928 5884/991/928
f 5840/963/1295 5839/961/1295 5870/990/1295 5871/992/1295
f 5860/999/965 5859/996/965 5890/1025/965 5891/1028/965
f 5887/1000/966 5886/997/966 5917/1026/966 5918/1029/966
f 5874/1001/1565 5873/998/1565 5904/1027/1565 5905/1030/1565
f 5861/1002/1566 5860/999/1566 5891/1028/1566 5892/1031/1566
f 5888/1003/1567 5887/1000/1567 5918/1029/1567 5919/1032/1567
f 5875/1004/1568 5874/1001/1568 5905/1030/1568 5906/1033/1568
f 5862/1005/971 5861/1002/971 5892/1031/971 5893/1034/971
f 5889/1006/972 5888/1003/972 5919/1032/972 5920/1035/972
f 5876/1007/973 5875/1004/973 5906/1033/973 5907/1036/973
f 5863/1008/974 5862/1005/974 5893/1034/974 5894/1037/974
f 5485/1038/945 5889/1006/945 5920/1035/1569
f 5877/1010/1570 5876/1007/1570 5907/1036/1570 5908/1039/1570
f 5864/1011/977 5863/1008/977 5894/1037/977 5895/1040/977
f 5878/1012/978 5877/1010/978 5908/1039/978 5909/1041/978
f 5865/1013/979 5864/1011/979 5895/1040/979 5896/1042/979
f 5879/1014/1298 5878/1012/1298 5909/1041/1298 5910/1043/1298
f 5866/1015/1571 5865/1013/1571 5896/1042/1571 5897/1044/1571
f 5880/1016/982 5879/1014/982 5910/1043/982 5911/1045/982
f 5867/1017/983 5866/1015/983 5897/1044/983 5898/1046/983
f 5881/1018/984 5880/1016/984 5911/1045/984 5912/1047/984
f 5868/1019/985 5867/1017/985 5898/1046/985 5899/1048/985
f 5882/987/986 5881/1018/986 5912/1047/986 5913/1049/986
f 5869/989/987 5868/1019/987 5899/1048/987 5900/1050/987
f 5883/988/1572 5882/987/1572 5913/1049/1572 5914/1051/1572
f 5870/990/1301 5869/989/1301 5900/1050/1301 5901/1052/1301
f 5884/991/990 5883/988/990 5914/1051/990 5915/1020/990
f 5871/992/991 5870/990/991 5901/1052/991 5902/1022/991
f 5885/993/959 5884/991/959 5915/1020/959 5916/1021/959
f 5872/994/1573 5871/992/1573 5902/1022/1573 5903/1023/1573
f 5859/996/961 5486/1024/962 5890/1025/962
f 5886/997/963 5885/993/963 5916/1021/963 5917/1026/963
f 5873/998/964 5872/994/964 5903/1023/964 5904/1027/964
f 5893/1034/997 5892/1031/997 5923/1058/997 5924/1061/997
f 5920/1035/1574 5919/1032/1574 5950/1059/1574 5951/1062/1574
f 5907/1036/999 5906/1033/999 5937/1060/999 5938/1063/999
f 5894/1037/1000 5893/1034/1000 5924/1061/1000 5925/1064/1000
f 5485/1065/1575 5920/1035/1002 5951/1062/1575
f 5908/1039/1003 5907/1036/1003 5938/1063/1003 5939/1066/1003
f 5895/1040/1004 5894/1037/1004 5925/1064/1004 5926/1067/1004
f 5909/1041/1005 5908/1039/1005 5939/1066/1005 5940/1068/1005
f 5896/1042/1006 5895/1040/1006 5926/1067/1006 5927/1069/1006
f 5910/1043/1007 5909/1041/1007 5940/1068/1007 5941/1070/1007
f 5897/1044/1008 5896/1042/1008 5927/1069/1008 5928/1071/1008
f 5911/1045/1576 5910/1043/1576 5941/1070/1576 5942/1072/1576
f 5898/1046/1304 5897/1044/1304 5928/1071/1304 5929/1073/1304
f 5912/1047/1011 5911/1045/1011 5942/1072/1011 5943/1074/1011
f 5899/1048/1012 5898/1046/1012 5929/1073/1012 5930/1075/1012
f 5913/1049/1307 5912/1047/1307 5943/1074/1307 5944/1076/1307
f 5900/1050/1577 5899/1048/1577 5930/1075/1577 5931/1077/1577
f 5914/1051/1015 5913/1049/1015 5944/1076/1015 5945/1078/1015
f 5901/1052/1016 5900/1050/1016 5931/1077/1016 5932/1079/1016
f 5915/1020/1017 5914/1051/1017 5945/1078/1017 5946/1080/1017
f 5902/1022/1018 5901/1052/1018 5932/1079/1018 5933/1081/1018
f 5916/1021/1019 5915/1020/1019 5946/1080/1019 5947/1082/1019
f 5903/1023/1020 5902/1022/1020 5933/1081/1020 5934/1083/1020
f 5890/1025/962 5486/1084/962 5921/1085/1021
f 5917/1026/1022 5916/1021/1022 5947/1082/1022 5948/1053/1022
f 5904/1027/1023 5903/1023/1023 5934/1083/1023 5935/1055/1023
f 5891/1028/1024 5890/1025/1024 5921/1085/1024 5922/1057/1024
f 5918/1029/992 5917/1026/992 5948/1053/992 5949/1054/992
f 5905/1030/993 5904/1027/993 5935/1055/993 5936/1056/993
f 5892/1031/1578 5891/1028/1578 5922/1057/1578 5923/1058/1578
f 5919/1032/1579 5918/1029/1579 5949/1054/1579 5950/1059/1579
f 5906/1033/996 5905/1030/996 5936/1056/996 5937/1060/996
f 5926/1067/1030 5925/1064/1030 5956/58/1030 5957/63/1030
f 5940/1068/1317 5939/1066/1317 5962/61/1317 5963/2/1317
f 5927/1069/1032 5926/1067/1032 5957/63/1032 4973/6/1032
f 5941/1070/1033 5940/1068/1033 5963/2/1033 4981/1/1033
f 5928/1071/1580 5927/1069/1580 4973/6/1580 5958/5/1580
f 5942/1072/1035 5941/1070/1035 4981/1/1035 4982/9/1035
f 5929/1073/1036 5928/1071/1036 5958/5/1036 4974/11/1036
f 5943/1074/1037 5942/1072/1037 4982/9/1037 4983/13/1037
f 5930/1075/1038 5929/1073/1038 4974/11/1038 5959/15/1038
f 5944/1076/1039 5943/1074/1039 4983/13/1039 5964/17/1039
f 5931/1077/1040 5930/1075/1040 5959/15/1040 5960/19/1040
f 5945/1078/1581 5944/1076/1581 5964/17/1581 4984/21/1581
f 5932/1079/1042 5931/1077/1042 5960/19/1042 4975/23/1042
f 5946/1080/1043 5945/1078/1043 4984/21/1043 4985/25/1043
f 5933/1081/1310 5932/1079/1310 4975/23/1310 4976/27/1310
f 5947/1082/1045 5946/1080/1045 4985/25/1045 4986/29/1045
f 5934/1083/1046 5933/1081/1046 4976/27/1046 4977/31/1046
f 5921/1085/1582 5486/1087/1381 5952/33/1381
f 5948/1053/1048 5947/1082/1048 4986/29/1048 5965/36/1048
f 5935/1055/1049 5934/1083/1049 4977/31/1049 4978/38/1049
f 5922/1057/1312 5921/1085/1312 5952/33/1312 5953/40/1312
f 5949/1054/1051 5948/1053/1051 5965/36/1051 5966/42/1051
f 5936/1056/1052 5935/1055/1052 4978/38/1052 5961/44/1052
f 5923/1058/1313 5922/1057/1313 5953/40/1313 5954/46/1313
f 5950/1059/1314 5949/1054/1314 5966/42/1314 4987/48/1314
f 5937/1060/1055 5936/1056/1055 5961/44/1055 4979/50/1055
f 5924/1061/1056 5923/1058/1056 5954/46/1056 5955/52/1056
f 5951/1062/1315 5950/1059/1315 4987/48/1315 4988/54/1315
f 5938/1063/1026 5937/1060/1026 4979/50/1026 4980/56/1026
f 5925/1064/1027 5924/1061/1027 5955/52/1027 5956/58/1027
f 5485/1086/1575 5951/1062/1575 4988/54/1028
f 5939/1066/1029 5938/1063/1029 4980/56/1029 5962/61/1029
f 5968/11/4 6952/5/4 5990/8/4 5991/12/4
f 5977/13/5 5976/9/5 6004/10/5 6005/14/5
f 6953/15/6 5968/11/6 5991/12/6 5992/16/6
f 6958/17/7 5977/13/7 6005/14/7 6006/18/7
f 6954/19/8 6953/15/8 5992/16/8 5993/20/8
f 5978/21/1380 6958/17/1380 6006/18/1380 6007/22/1380
f 5969/23/10 6954/19/10 5993/20/10 5994/24/10
f 5979/25/11 5978/21/11 6007/22/11 6008/26/11
f 5970/27/1583 5969/23/1583 5994/24/1583 5995/28/1583
f 5980/29/1584 5979/25/1584 6008/26/1584 6009/30/1584
f 5971/31/14 5970/27/14 5995/28/14 5996/32/14
f 6946/33/1381 6480/34/1381 5983/35/1382
f 6959/36/17 5980/29/17 6009/30/17 6010/37/17
f 5972/38/18 5971/31/18 5996/32/18 5997/39/18
f 6947/40/19 6946/33/19 5983/35/19 5984/41/19
f 6960/42/20 6959/36/20 6010/37/20 6011/43/20
f 6955/44/1383 5972/38/1383 5997/39/1383 5998/45/1383
f 6948/46/22 6947/40/22 5984/41/22 5985/47/22
f 5981/48/23 6960/42/23 6011/43/23 6012/49/23
f 5973/50/1384 6955/44/1384 5998/45/1384 5999/51/1384
f 6949/52/25 6948/46/25 5985/47/25 5986/53/25
f 5982/54/26 5981/48/26 6012/49/26 6013/55/26
f 5974/56/27 5973/50/27 5999/51/27 6000/57/27
f 6950/58/28 6949/52/28 5986/53/28 5987/59/28
f 6479/60/1385 5982/54/30 6013/55/29
f 6956/61/31 5974/56/31 6000/57/31 6001/62/31
f 6951/63/32 6950/58/32 5987/59/32 5988/64/32
f 6957/2/1130 6956/61/1130 6001/62/1130 6002/3/1130
f 5967/6/34 6951/63/34 5988/64/34 5989/7/34
f 5975/1/1 6957/2/1 6002/3/1 6003/4/1
f 6952/5/1386 5967/6/1386 5989/7/1386 5990/8/1386
f 5976/9/3 5975/1/3 6003/4/3 6004/10/3
f 5986/53/41 5985/47/41 6016/71/41 6017/74/41
f 6013/55/1387 6012/49/1387 6043/72/1387 6044/75/1387
f 6000/57/1388 5999/51/1388 6030/73/1388 6031/76/1388
f 5987/59/1389 5986/53/1389 6017/74/1389 6018/77/1389
f 6479/78/1385 6013/55/29 6044/75/45
f 6001/62/1585 6000/57/1585 6031/76/1585 6032/79/1585
f 5988/64/47 5987/59/47 6018/77/47 6019/80/47
f 6002/3/1390 6001/62/1390 6032/79/1390 6033/81/1390
f 5989/7/1586 5988/64/1586 6019/80/1586 6020/82/1586
f 6003/4/1587 6002/3/1587 6033/81/1587 6034/83/1587
f 5990/8/1133 5989/7/1133 6020/82/1133 6021/84/1133
f 6004/10/52 6003/4/52 6034/83/52 6035/85/52
f 5991/12/53 5990/8/53 6021/84/53 6022/86/53
f 6005/14/1392 6004/10/1392 6035/85/1392 6036/87/1392
f 5992/16/1393 5991/12/1393 6022/86/1393 6023/88/1393
f 6006/18/56 6005/14/56 6036/87/56 6037/89/56
f 5993/20/57 5992/16/57 6023/88/57 6024/90/57
f 6007/22/1134 6006/18/1134 6037/89/1134 6038/91/1134
f 5994/24/1588 5993/20/1588 6024/90/1588 6025/92/1588
f 6008/26/1589 6007/22/1589 6038/91/1589 6039/93/1589
f 5995/28/1395 5994/24/1395 6025/92/1395 6026/94/1395
f 6009/30/62 6008/26/62 6039/93/62 6040/95/62
f 5996/32/1590 5995/28/1590 6026/94/1590 6027/96/1590
f 5983/35/64 6480/97/65 6014/65/65
f 6010/37/1396 6009/30/1396 6040/95/1396 6041/67/1396
f 5997/39/1397 5996/32/1397 6027/96/1397 6028/69/1397
f 5984/41/35 5983/35/35 6014/65/35 6015/66/35
f 6011/43/36 6010/37/36 6041/67/36 6042/68/36
f 5998/45/37 5997/39/37 6028/69/37 6029/70/37
f 5985/47/38 5984/41/38 6015/66/38 6016/71/38
f 6012/49/39 6011/43/39 6042/68/39 6043/72/39
f 5999/51/40 5998/45/40 6029/70/40 6030/73/40
f 6019/80/75 6018/77/75 6049/104/75 6050/107/75
f 6033/81/1137 6032/79/1137 6063/106/1137 6064/108/1137
f 6020/82/77 6019/80/77 6050/107/77 6051/109/77
f 6034/83/1318 6033/81/1318 6064/108/1318 6065/110/1318
f 6021/84/79 6020/82/79 6051/109/79 6052/111/79
f 6035/85/80 6034/83/80 6065/110/80 6066/112/80
f 6022/86/81 6021/84/81 6052/111/81 6053/113/81
f 6036/87/1319 6035/85/1319 6066/112/1319 6067/114/1319
f 6023/88/1320 6022/86/1320 6053/113/1320 6054/115/1320
f 6037/89/84 6036/87/84 6067/114/84 6068/116/84
f 6024/90/85 6023/88/85 6054/115/85 6055/117/85
f 6038/91/86 6037/89/86 6068/116/86 6069/118/86
f 6025/92/1321 6024/90/1321 6055/117/1321 6056/119/1321
f 6039/93/88 6038/91/88 6069/118/88 6070/120/88
f 6026/94/1138 6025/92/1138 6056/119/1138 6057/121/1138
f 6040/95/90 6039/93/90 6070/120/90 6071/122/90
f 6027/96/91 6026/94/91 6057/121/91 6058/123/91
f 6014/65/65 6480/124/65 6045/125/92
f 6041/67/1135 6040/95/1135 6071/122/1135 6072/126/1135
f 6028/69/94 6027/96/94 6058/123/94 6059/127/94
f 6015/66/95 6014/65/95 6045/125/95 6046/128/95
f 6042/68/96 6041/67/96 6072/126/96 6073/129/96
f 6029/70/97 6028/69/97 6059/127/97 6060/130/97
f 6016/71/98 6015/66/98 6046/128/98 6047/98/98
f 6043/72/99 6042/68/99 6073/129/99 6074/100/99
f 6030/73/100 6029/70/100 6060/130/100 6061/102/100
f 6017/74/68 6016/71/68 6047/98/68 6048/99/68
f 6044/75/69 6043/72/69 6074/100/69 6075/101/69
f 6031/76/70 6030/73/70 6061/102/70 6062/103/70
f 6018/77/1136 6017/74/1136 6048/99/1136 6049/104/1136
f 6479/105/72 6044/75/73 6075/101/72
f 6032/79/74 6031/76/74 6062/103/74 6063/106/74
f 6052/111/105 6051/109/105 6082/135/105 6083/137/105
f 6066/112/106 6065/110/106 6096/136/106 6097/138/106
f 6053/113/107 6052/111/107 6083/137/107 6084/139/107
f 6067/114/1142 6066/112/1142 6097/138/1142 6098/140/1142
f 6054/115/1143 6053/113/1143 6084/139/1143 6085/141/1143
f 6068/116/110 6067/114/110 6098/140/110 6099/142/110
f 6055/117/111 6054/115/111 6085/141/111 6086/143/111
f 6069/118/112 6068/116/112 6099/142/112 6100/144/112
f 6056/119/113 6055/117/113 6086/143/113 6087/145/113
f 6070/120/114 6069/118/114 6100/144/114 6101/146/114
f 6057/121/1144 6056/119/1144 6087/145/1144 6088/147/1144
f 6071/122/116 6070/120/116 6101/146/116 6102/148/116
f 6058/123/117 6057/121/117 6088/147/117 6089/149/117
f 6045/125/118 6480/150/119 6076/151/119
f 6072/126/120 6071/122/120 6102/148/120 6103/152/120
f 6059/127/121 6058/123/121 6089/149/121 6090/153/121
f 6046/128/122 6045/125/122 6076/151/122 6077/154/122
f 6073/129/123 6072/126/123 6103/152/123 6104/155/123
f 6060/130/1591 6059/127/1591 6090/153/1591 6091/156/1591
f 6047/98/1139 6046/128/1139 6077/154/1139 6078/157/1139
f 6074/100/1140 6073/129/1140 6104/155/1140 6105/158/1140
f 6061/102/1592 6060/130/1592 6091/156/1592 6092/159/1592
f 6048/99/128 6047/98/128 6078/157/128 6079/160/128
f 6075/101/1408 6074/100/1408 6105/158/1408 6106/161/1408
f 6062/103/130 6061/102/130 6092/159/130 6093/162/130
f 6049/104/131 6048/99/131 6079/160/131 6080/131/131
f 6479/163/72 6075/101/72 6106/161/132
f 6063/106/133 6062/103/133 6093/162/133 6094/133/133
f 6050/107/101 6049/104/101 6080/131/101 6081/132/101
f 6064/108/1141 6063/106/1141 6094/133/1141 6095/134/1141
f 6051/109/103 6050/107/103 6081/132/103 6082/135/103
f 6065/110/104 6064/108/104 6095/134/104 6096/136/104
f 6085/141/138 6084/139/138 6115/168/138 6116/170/138
f 6099/142/139 6098/140/139 6129/169/139 6130/171/139
f 6086/143/140 6085/141/140 6116/170/140 6117/172/140
f 6100/144/1593 6099/142/1593 6130/171/1593 6131/173/1593
f 6087/145/142 6086/143/142 6117/172/142 6118/174/142
f 6101/146/143 6100/144/143 6131/173/143 6132/175/143
f 6088/147/1148 6087/145/1148 6118/174/1148 6119/176/1148
f 6102/148/145 6101/146/145 6132/175/145 6133/177/145
f 6089/149/146 6088/147/146 6119/176/146 6120/178/146
f 6076/151/119 6480/179/119 6107/180/147
f 6103/152/148 6102/148/148 6133/177/148 6134/181/148
f 6090/153/1594 6089/149/1594 6120/178/1594 6121/182/1594
f 6077/154/150 6076/151/150 6107/180/150 6108/183/150
f 6104/155/1595 6103/152/1595 6134/181/1595 6135/184/1595
f 6091/156/152 6090/153/152 6121/182/152 6122/185/152
f 6078/157/1149 6077/154/1149 6108/183/1149 6109/186/1149
f 6105/158/1150 6104/155/1150 6135/184/1150 6136/187/1150
f 6092/159/155 6091/156/155 6122/185/155 6123/188/155
f 6079/160/1596 6078/157/1596 6109/186/1596 6110/189/1596
f 6106/161/1413 6105/158/1413 6136/187/1413 6137/190/1413
f 6093/162/1597 6092/159/1597 6123/188/1597 6124/191/1597
f 6080/131/159 6079/160/159 6110/189/159 6111/192/159
f 6479/193/160 6106/161/161 6137/190/160
f 6094/133/162 6093/162/162 6124/191/162 6125/194/162
f 6081/132/163 6080/131/163 6111/192/163 6112/195/163
f 6095/134/1145 6094/133/1145 6125/194/1145 6126/196/1145
f 6082/135/165 6081/132/165 6112/195/165 6113/164/165
f 6096/136/166 6095/134/166 6126/196/166 6127/166/166
f 6083/137/1598 6082/135/1598 6113/164/1598 6114/165/1598
f 6097/138/135 6096/136/135 6127/166/135 6128/167/135
f 6084/139/136 6083/137/136 6114/165/136 6115/168/136
f 6098/140/137 6097/138/137 6128/167/137 6129/169/137
f 6118/174/171 6117/172/171 6148/201/171 6149/203/171
f 6132/175/172 6131/173/172 6162/202/172 6163/204/172
f 6119/176/173 6118/174/173 6149/203/173 6150/205/173
f 6133/177/174 6132/175/174 6163/204/174 6164/206/174
f 6120/178/175 6119/176/175 6150/205/175 6151/207/175
f 6107/180/1155 6480/208/177 6138/209/177
f 6134/181/178 6133/177/178 6164/206/178 6165/210/178
f 6121/182/179 6120/178/179 6151/207/179 6152/211/179
f 6108/183/180 6107/180/180 6138/209/180 6139/212/180
f 6135/184/181 6134/181/181 6165/210/181 6166/213/181
f 6122/185/182 6121/182/182 6152/211/182 6153/214/182
f 6109/186/1599 6108/183/1599 6139/212/1599 6140/215/1599
f 6136/187/1600 6135/184/1600 6166/213/1600 6167/216/1600
f 6123/188/185 6122/185/185 6153/214/185 6154/217/185
f 6110/189/186 6109/186/186 6140/215/186 6141/218/186
f 6137/190/187 6136/187/187 6167/216/187 6168/219/187
f 6124/191/188 6123/188/188 6154/217/188 6155/220/188
f 6111/192/1601 6110/189/1601 6141/218/1601 6142/221/1601
f 6479/222/160 6137/190/160 6168/219/1417
f 6125/194/191 6124/191/191 6155/220/191 6156/223/191
f 6112/195/192 6111/192/192 6142/221/192 6143/224/192
f 6126/196/193 6125/194/193 6156/223/193 6157/225/193
f 6113/164/194 6112/195/194 6143/224/194 6144/226/194
f 6127/166/195 6126/196/195 6157/225/195 6158/227/195
f 6114/165/1602 6113/164/1602 6144/226/1602 6145/228/1602
f 6128/167/1603 6127/166/1603 6158/227/1603 6159/229/1603
f 6115/168/198 6114/165/198 6145/228/198 6146/197/198
f 6129/169/199 6128/167/199 6159/229/199 6160/199/199
f 6116/170/167 6115/168/167 6146/197/167 6147/198/167
f 6130/171/168 6129/169/168 6160/199/168 6161/200/168
f 6117/172/1604 6116/170/1604 6147/198/1604 6148/201/1604
f 6131/173/1605 6130/171/1605 6161/200/1605 6162/202/1605
f 6151/207/204 6150/205/204 6181/234/204 6182/236/204
f 6138/209/177 6480/237/177 6169/238/205
f 6165/210/1420 6164/206/1420 6195/235/1420 6196/239/1420
f 6152/211/207 6151/207/207 6182/236/207 6183/240/207
f 6139/212/208 6138/209/208 6169/238/208 6170/241/208
f 6166/213/209 6165/210/209 6196/239/209 6197/242/209
f 6153/214/210 6152/211/210 6183/240/210 6184/243/210
f 6140/215/1160 6139/212/1160 6170/241/1160 6171/244/1160
f 6167/216/1161 6166/213/1161 6197/242/1161 6198/245/1161
f 6154/217/213 6153/214/213 6184/243/213 6185/246/213
f 6141/218/214 6140/215/214 6171/244/214 6172/247/214
f 6168/219/1422 6167/216/1422 6198/245/1422 6199/248/1422
f 6155/220/216 6154/217/216 6185/246/216 6186/249/216
f 6142/221/1424 6141/218/1424 6172/247/1424 6173/250/1424
f 6479/251/218 6168/219/219 6199/248/218
f 6156/223/220 6155/220/220 6186/249/220 6187/252/220
f 6143/224/221 6142/221/221 6173/250/221 6174/253/221
f 6157/225/222 6156/223/222 6187/252/222 6188/254/222
f 6144/226/223 6143/224/223 6174/253/223 6175/255/223
f 6158/227/224 6157/225/224 6188/254/224 6189/256/224
f 6145/228/1163 6144/226/1163 6175/255/1163 6176/257/1163
f 6159/229/226 6158/227/226 6189/256/226 6190/258/226
f 6146/197/1606 6145/228/1606 6176/257/1606 6177/259/1606
f 6160/199/1607 6159/229/1607 6190/258/1607 6191/260/1607
f 6147/198/1608 6146/197/1608 6177/259/1608 6178/261/1608
f 6161/200/1609 6160/199/1609 6191/260/1609 6192/262/1609
f 6148/201/231 6147/198/231 6178/261/231 6179/230/231
f 6162/202/1158 6161/200/1158 6192/262/1158 6193/232/1158
f 6149/203/200 6148/201/200 6179/230/200 6180/231/200
f 6163/204/201 6162/202/201 6193/232/201 6194/233/201
f 6150/205/202 6149/203/202 6180/231/202 6181/234/202
f 6164/206/203 6163/204/203 6194/233/203 6195/235/203
f 6184/243/240 6183/240/240 6214/269/240 6215/272/240
f 6171/244/1167 6170/241/1167 6201/270/1167 6202/273/1167
f 6198/245/242 6197/242/242 6228/271/242 6229/274/242
f 6185/246/243 6184/243/243 6215/272/243 6216/275/243
f 6172/247/244 6171/244/244 6202/273/244 6203/276/244
f 6199/248/245 6198/245/245 6229/274/245 6230/277/245
f 6186/249/246 6185/246/246 6216/275/246 6217/278/246
f 6173/250/247 6172/247/247 6203/276/247 6204/279/247
f 6479/280/218 6199/248/218 6230/277/248
f 6187/252/249 6186/249/249 6217/278/249 6218/281/249
f 6174/253/250 6173/250/250 6204/279/250 6205/282/250
f 6188/254/251 6187/252/251 6218/281/251 6219/283/251
f 6175/255/252 6174/253/252 6205/282/252 6206/284/252
f 6189/256/253 6188/254/253 6219/283/253 6220/285/253
f 6176/257/254 6175/255/254 6206/284/254 6207/286/254
f 6190/258/255 6189/256/255 6220/285/255 6221/287/255
f 6177/259/256 6176/257/256 6207/286/256 6208/288/256
f 6191/260/1436 6190/258/1436 6221/287/1436 6222/289/1436
f 6178/261/1437 6177/259/1437 6208/288/1437 6209/290/1437
f 6192/262/259 6191/260/259 6222/289/259 6223/291/259
f 6179/230/260 6178/261/260 6209/290/260 6210/292/260
f 6193/232/261 6192/262/261 6223/291/261 6224/293/261
f 6180/231/262 6179/230/262 6210/292/262 6211/294/262
f 6194/233/263 6193/232/263 6224/293/263 6225/295/263
f 6181/234/264 6180/231/264 6211/294/264 6212/263/264
f 6195/235/265 6194/233/265 6225/295/265 6226/267/265
f 6182/236/233 6181/234/233 6212/263/233 6213/264/233
f 6169/238/1439 6480/265/1440 6200/266/1440
f 6196/239/236 6195/235/236 6226/267/236 6227/268/236
f 6183/240/237 6182/236/237 6213/264/237 6214/269/237
f 6170/241/238 6169/238/238 6200/266/238 6201/270/238
f 6197/242/239 6196/239/239 6227/268/239 6228/271/239
f 6217/278/272 6216/275/272 6247/302/272 6248/305/272
f 6204/279/273 6203/276/273 6234/303/273 6235/306/273
f 6479/307/274 6230/277/275 6261/304/274
f 6218/281/276 6217/278/276 6248/305/276 6249/308/276
f 6205/282/277 6204/279/277 6235/306/277 6236/309/277
f 6219/283/1175 6218/281/1175 6249/308/1175 6250/310/1175
f 6206/284/279 6205/282/279 6236/309/279 6237/311/279
f 6220/285/280 6219/283/280 6250/310/280 6251/312/280
f 6207/286/281 6206/284/281 6237/311/281 6238/313/281
f 6221/287/282 6220/285/282 6251/312/282 6252/314/282
f 6208/288/283 6207/286/283 6238/313/283 6239/315/283
f 6222/289/1443 6221/287/1443 6252/314/1443 6253/316/1443
f 6209/290/1444 6208/288/1444 6239/315/1444 6240/317/1444
f 6223/291/286 6222/289/286 6253/316/286 6254/318/286
f 6210/292/287 6209/290/287 6240/317/287 6241/319/287
f 6224/293/288 6223/291/288 6254/318/288 6255/320/288
f 6211/294/289 6210/292/289 6241/319/289 6242/321/289
f 6225/295/290 6224/293/290 6255/320/290 6256/322/290
f 6212/263/1170 6211/294/1170 6242/321/1170 6243/323/1170
f 6226/267/292 6225/295/292 6256/322/292 6257/324/292
f 6213/264/293 6212/263/293 6243/323/293 6244/325/293
f 6200/266/1440 6480/326/1440 6231/327/1446
f 6227/268/295 6226/267/295 6257/324/295 6258/328/295
f 6214/269/296 6213/264/296 6244/325/296 6245/296/296
f 6201/270/297 6200/266/297 6231/327/297 6232/298/297
f 6228/271/298 6227/268/298 6258/328/298 6259/300/298
f 6215/272/266 6214/269/266 6245/296/266 6246/297/266
f 6202/273/1173 6201/270/1173 6232/298/1173 6233/299/1173
f 6229/274/268 6228/271/268 6259/300/268 6260/301/268
f 6216/275/269 6215/272/269 6246/297/269 6247/302/269
f 6203/276/270 6202/273/270 6233/299/270 6234/303/270
f 6230/277/271 6229/274/271 6260/301/271 6261/304/271
f 6250/310/304 6249/308/304 6280/335/304 6281/337/304
f 6237/311/305 6236/309/305 6267/336/305 6268/338/305
f 6251/312/306 6250/310/306 6281/337/306 6282/339/306
f 6238/313/307 6237/311/307 6268/338/307 6269/340/307
f 6252/314/1610 6251/312/1610 6282/339/1610 6283/341/1610
f 6239/315/1611 6238/313/1611 6269/340/1611 6270/342/1611
f 6253/316/1612 6252/314/1612 6283/341/1612 6284/343/1612
f 6240/317/1613 6239/315/1613 6270/342/1613 6271/344/1613
f 6254/318/1614 6253/316/1614 6284/343/1614 6285/345/1614
f 6241/319/1615 6240/317/1615 6271/344/1615 6272/346/1615
f 6255/320/314 6254/318/314 6285/345/314 6286/347/314
f 6242/321/315 6241/319/315 6272/346/315 6273/348/315
f 6256/322/316 6255/320/316 6286/347/316 6287/349/316
f 6243/323/317 6242/321/317 6273/348/317 6274/350/317
f 6257/324/318 6256/322/318 6287/349/318 6288/351/318
f 6244/325/319 6243/323/319 6274/350/319 6275/352/319
f 6231/327/320 6480/353/321 6262/354/321
f 6258/328/1176 6257/324/1176 6288/351/1176 6289/355/1176
f 6245/296/323 6244/325/323 6275/352/323 6276/356/323
f 6232/298/324 6231/327/324 6262/354/324 6263/357/324
f 6259/300/325 6258/328/325 6289/355/325 6290/358/325
f 6246/297/326 6245/296/326 6276/356/326 6277/359/326
f 6233/299/1177 6232/298/1177 6263/357/1177 6264/360/1177
f 6260/301/1616 6259/300/1616 6290/358/1616 6291/361/1616
f 6247/302/329 6246/297/329 6277/359/329 6278/329/329
f 6234/303/330 6233/299/330 6264/360/330 6265/331/330
f 6261/304/1454 6260/301/1454 6291/361/1454 6292/334/1454
f 6248/305/299 6247/302/299 6278/329/299 6279/330/299
f 6235/306/1178 6234/303/1178 6265/331/1178 6266/332/1178
f 6479/333/274 6261/304/274 6292/334/301
f 6249/308/302 6248/305/302 6279/330/302 6280/335/302
f 6236/309/303 6235/306/303 6266/332/303 6267/336/303
f 6283/341/1457 6282/339/1457 6313/366/1457 6314/368/1457
f 6270/342/337 6269/340/337 6300/367/337 6301/369/337
f 6284/343/338 6283/341/338 6314/368/338 6315/370/338
f 6271/344/339 6270/342/339 6301/369/339 6302/371/339
f 6285/345/340 6284/343/340 6315/370/340 6316/372/340
f 6272/346/1458 6271/344/1458 6302/371/1458 6303/373/1458
f 6286/347/1617 6285/345/1617 6316/372/1617 6317/374/1617
f 6273/348/343 6272/346/343 6303/373/343 6304/375/343
f 6287/349/344 6286/347/344 6317/374/344 6318/376/344
f 6274/350/345 6273/348/345 6304/375/345 6305/377/345
f 6288/351/346 6287/349/346 6318/376/346 6319/378/346
f 6275/352/347 6274/350/347 6305/377/347 6306/379/347
f 6262/354/321 6480/380/321 6293/381/1191
f 6289/355/349 6288/351/349 6319/378/349 6320/382/349
f 6276/356/350 6275/352/350 6306/379/350 6307/383/350
f 6263/357/351 6262/354/351 6293/381/351 6294/384/351
f 6290/358/352 6289/355/352 6320/382/352 6321/385/352
f 6277/359/353 6276/356/353 6307/383/353 6308/386/353
f 6264/360/1618 6263/357/1618 6294/384/1618 6295/387/1618
f 6291/361/1619 6290/358/1619 6321/385/1619 6322/388/1619
f 6278/329/356 6277/359/356 6308/386/356 6309/389/356
f 6265/331/357 6264/360/357 6295/387/357 6296/390/357
f 6292/334/358 6291/361/358 6322/388/358 6323/391/358
f 6279/330/359 6278/329/359 6309/389/359 6310/392/359
f 6266/332/1620 6265/331/1620 6296/390/1620 6297/393/1620
f 6479/394/361 6292/334/1462 6323/391/361
f 6280/335/363 6279/330/363 6310/392/363 6311/362/363
f 6267/336/364 6266/332/364 6297/393/364 6298/364/364
f 6281/337/332 6280/335/332 6311/362/332 6312/363/332
f 6268/338/333 6267/336/333 6298/364/333 6299/365/333
f 6282/339/334 6281/337/334 6312/363/334 6313/366/334
f 6269/340/1621 6268/338/1621 6299/365/1621 6300/367/1621
f 6316/372/369 6315/370/369 6346/399/369 6347/401/369
f 6303/373/370 6302/371/370 6333/400/370 6334/402/370
f 6317/374/1622 6316/372/1622 6347/401/1622 6348/403/1622
f 6304/375/372 6303/373/372 6334/402/372 6335/404/372
f 6318/376/373 6317/374/373 6348/403/373 6349/405/373
f 6305/377/1197 6304/375/1197 6335/404/1197 6336/406/1197
f 6319/378/375 6318/376/375 6349/405/375 6350/407/375
f 6306/379/1623 6305/377/1623 6336/406/1623 6337/408/1623
f 6293/381/377 6480/409/378 6324/410/378
f 6320/382/379 6319/378/379 6350/407/379 6351/411/379
f 6307/383/1624 6306/379/1624 6337/408/1624 6338/412/1624
f 6294/384/381 6293/381/381 6324/410/381 6325/413/381
f 6321/385/1625 6320/382/1625 6351/411/1625 6352/414/1625
f 6308/386/383 6307/383/383 6338/412/383 6339/415/383
f 6295/387/1198 6294/384/1198 6325/413/1198 6326/416/1198
f 6322/388/1199 6321/385/1199 6352/414/1199 6353/417/1199
f 6309/389/386 6308/386/386 6339/415/386 6340/418/386
f 6296/390/1626 6295/387/1626 6326/416/1626 6327/419/1626
f 6323/391/1467 6322/388/1467 6353/417/1467 6354/420/1467
f 6310/392/1627 6309/389/1627 6340/418/1627 6341/421/1627
f 6297/393/390 6296/390/390 6327/419/390 6328/422/390
f 6479/423/361 6323/391/361 6354/420/391
f 6311/362/1628 6310/392/1628 6341/421/1628 6342/424/1628
f 6298/364/393 6297/393/393 6328/422/393 6329/425/393
f 6312/363/394 6311/362/394 6342/424/394 6343/426/394
f 6299/365/395 6298/364/395 6329/425/395 6330/427/395
f 6313/366/396 6312/363/396 6343/426/396 6344/395/396
f 6300/367/1629 6299/365/1629 6330/427/1629 6331/397/1629
f 6314/368/365 6313/366/365 6344/395/365 6345/396/365
f 6301/369/366 6300/367/366 6331/397/366 6332/398/366
f 6315/370/367 6314/368/367 6345/396/367 6346/399/367
f 6302/371/368 6301/369/368 6332/398/368 6333/400/368
f 6349/405/402 6348/403/402 6379/432/402 6380/434/402
f 6336/406/1202 6335/404/1202 6366/433/1202 6367/435/1202
f 6350/407/404 6349/405/404 6380/434/404 6381/436/404
f 6337/408/405 6336/406/405 6367/435/405 6368/437/405
f 6324/410/378 6480/438/378 6355/439/406
f 6351/411/407 6350/407/407 6381/436/407 6382/440/407
f 6338/412/408 6337/408/408 6368/437/408 6369/441/408
f 6325/413/409 6324/410/409 6355/439/409 6356/442/409
f 6352/414/410 6351/411/410 6382/440/410 6383/443/410
f 6339/415/1630 6338/412/1630 6369/441/1630 6370/444/1630
f 6326/416/1203 6325/413/1203 6356/442/1203 6357/445/1203
f 6353/417/1204 6352/414/1204 6383/443/1204 6384/446/1204
f 6340/418/1631 6339/415/1631 6370/444/1631 6371/447/1631
f 6327/419/1632 6326/416/1632 6357/445/1632 6358/448/1632
f 6354/420/1468 6353/417/1468 6384/446/1468 6385/449/1468
f 6341/421/417 6340/418/417 6371/447/417 6372/450/417
f 6328/422/418 6327/419/418 6358/448/418 6359/451/418
f 6479/452/419 6354/420/420 6385/449/419
f 6342/424/421 6341/421/421 6372/450/421 6373/453/421
f 6329/425/422 6328/422/422 6359/451/422 6360/454/422
f 6343/426/1205 6342/424/1205 6373/453/1205 6374/455/1205
f 6330/427/424 6329/425/424 6360/454/424 6361/456/424
f 6344/395/425 6343/426/425 6374/455/425 6375/457/425
f 6331/397/426 6330/427/426 6361/456/426 6362/458/426
f 6345/396/427 6344/395/427 6375/457/427 6376/459/427
f 6332/398/428 6331/397/428 6362/458/428 6363/460/428
f 6346/399/1200 6345/396/1200 6376/459/1200 6377/428/1200
f 6333/400/1201 6332/398/1201 6363/460/1201 6364/430/1201
f 6347/401/398 6346/399/398 6377/428/398 6378/429/398
f 6334/402/399 6333/400/399 6364/430/399 6365/431/399
f 6348/403/1633 6347/401/1633 6378/429/1633 6379/432/1633
f 6335/404/401 6334/402/401 6365/431/401 6366/433/401
f 6355/439/435 6480/467/436 6386/468/436
f 6382/440/1210 6381/436/1210 6412/465/1210 6413/469/1210
f 6369/441/438 6368/437/438 6399/466/438 6400/470/438
f 6356/442/439 6355/439/439 6386/468/439 6387/471/439
f 6383/443/440 6382/440/440 6413/469/440 6414/472/440
f 6370/444/441 6369/441/441 6400/470/441 6401/473/441
f 6357/445/442 6356/442/442 6387/471/442 6388/474/442
f 6384/446/443 6383/443/443 6414/472/443 6415/475/443
f 6371/447/444 6370/444/444 6401/473/444 6402/476/444
f 6358/448/445 6357/445/445 6388/474/445 6389/477/445
f 6385/449/446 6384/446/446 6415/475/446 6416/478/446
f 6372/450/447 6371/447/447 6402/476/447 6403/479/447
f 6359/451/1211 6358/448/1211 6389/477/1211 6390/480/1211
f 6479/481/419 6385/449/419 6416/478/449
f 6373/453/450 6372/450/450 6403/479/450 6404/482/450
f 6360/454/451 6359/451/451 6390/480/451 6391/483/451
f 6374/455/1212 6373/453/1212 6404/482/1212 6405/484/1212
f 6361/456/453 6360/454/453 6391/483/453 6392/485/453
f 6375/457/454 6374/455/454 6405/484/454 6406/486/454
f 6362/458/455 6361/456/455 6392/485/455 6393/487/455
f 6376/459/1634 6375/457/1634 6406/486/1634 6407/488/1634
f 6363/460/457 6362/458/457 6393/487/457 6394/489/457
f 6377/428/1206 6376/459/1206 6407/488/1206 6408/490/1206
f 6364/430/1207 6363/460/1207 6394/489/1207 6395/491/1207
f 6378/429/460 6377/428/460 6408/490/460 6409/492/460
f 6365/431/1635 6364/430/1635 6395/491/1635 6396/493/1635
f 6379/432/462 6378/429/462 6409/492/462 6410/461/462
f 6366/433/463 6365/431/463 6396/493/463 6397/463/463
f 6380/434/431 6379/432/431 6410/461/431 6411/462/431
f 6367/435/1209 6366/433/1209 6397/463/1209 6398/464/1209
f 6381/436/433 6380/434/433 6411/462/433 6412/465/433
f 6368/437/434 6367/435/434 6398/464/434 6399/466/434
f 6388/474/469 6387/471/469 6418/499/469 6419/502/469
f 6415/475/470 6414/472/470 6445/500/470 6446/503/470
f 6402/476/471 6401/473/471 6432/501/471 6433/504/471
f 6389/477/472 6388/474/472 6419/502/472 6420/505/472
f 6416/478/1476 6415/475/1476 6446/503/1476 6447/506/1476
f 6403/479/1636 6402/476/1636 6433/504/1636 6434/507/1636
f 6390/480/1477 6389/477/1477 6420/505/1477 6421/508/1477
f 6479/509/1478 6416/478/477 6447/506/1478
f 6404/482/1637 6403/479/1637 6434/507/1637 6435/510/1637
f 6391/483/479 6390/480/479 6421/508/479 6422/511/479
f 6405/484/1217 6404/482/1217 6435/510/1217 6436/512/1217
f 6392/485/481 6391/483/481 6422/511/481 6423/513/481
f 6406/486/482 6405/484/482 6436/512/482 6437/514/482
f 6393/487/1219 6392/485/1219 6423/513/1219 6424/515/1219
f 6407/488/1638 6406/486/1638 6437/514/1638 6438/516/1638
f 6394/489/485 6393/487/485 6424/515/485 6425/517/485
f 6408/490/1220 6407/488/1220 6438/516/1220 6439/518/1220
f 6395/491/1221 6394/489/1221 6425/517/1221 6426/519/1221
f 6409/492/488 6408/490/488 6439/518/488 6440/520/488
f 6396/493/1639 6395/491/1639 6426/519/1639 6427/521/1639
f 6410/461/1214 6409/492/1214 6440/520/1214 6441/522/1214
f 6397/463/491 6396/493/491 6427/521/491 6428/523/491
f 6411/462/492 6410/461/492 6441/522/492 6442/524/492
f 6398/464/1216 6397/463/1216 6428/523/1216 6429/525/1216
f 6412/465/494 6411/462/494 6442/524/494 6443/494/494
f 6399/466/1640 6398/464/1640 6429/525/1640 6430/496/1640
f 6386/468/436 6480/526/436 6417/498/496
f 6413/469/1481 6412/465/1481 6443/494/1481 6444/495/1481
f 6400/470/1641 6399/466/1641 6430/496/1641 6431/497/1641
f 6387/471/466 6386/468/466 6417/498/466 6418/499/466
f 6414/472/467 6413/469/467 6444/495/467 6445/500/467
f 6401/473/468 6400/470/468 6431/497/468 6432/501/468
f 6421/508/502 6420/505/502 6451/532/502 6452/535/502
f 6479/536/1478 6447/506/1478 6478/533/503
f 6435/510/504 6434/507/504 6465/534/504 6466/537/504
f 6422/511/505 6421/508/505 6452/535/505 6453/538/505
f 6436/512/1642 6435/510/1642 6466/537/1642 6467/539/1642
f 6423/513/507 6422/511/507 6453/538/507 6454/540/507
f 6437/514/508 6436/512/508 6467/539/508 6468/541/508
f 6424/515/1482 6423/513/1482 6454/540/1482 6455/542/1482
f 6438/516/510 6437/514/510 6468/541/510 6469/543/510
f 6425/517/511 6424/515/511 6455/542/511 6456/544/511
f 6439/518/512 6438/516/512 6469/543/512 6470/545/512
f 6426/519/513 6425/517/513 6456/544/513 6457/546/513
f 6440/520/514 6439/518/514 6470/545/514 6471/547/514
f 6427/521/515 6426/519/515 6457/546/515 6458/548/515
f 6441/522/1483 6440/520/1483 6471/547/1483 6472/549/1483
f 6428/523/517 6427/521/517 6458/548/517 6459/550/517
f 6442/524/518 6441/522/518 6472/549/518 6473/551/518
f 6429/525/1643 6428/523/1643 6459/550/1643 6460/552/1643
f 6443/494/520 6442/524/520 6473/551/520 6474/553/520
f 6430/496/521 6429/525/521 6460/552/521 6461/554/521
f 6417/498/1484 6480/555/1485 6448/556/1485
f 6444/495/524 6443/494/524 6474/553/524 6475/557/524
f 6431/497/525 6430/496/525 6461/554/525 6462/558/525
f 6418/499/526 6417/498/526 6448/556/526 6449/559/526
f 6445/500/527 6444/495/527 6475/557/527 6476/527/527
f 6432/501/528 6431/497/528 6462/558/528 6463/529/528
f 6419/502/529 6418/499/529 6449/559/529 6450/531/529
f 6446/503/1223 6445/500/1223 6476/527/1223 6477/528/1223
f 6433/504/498 6432/501/498 6463/529/498 6464/530/498
f 6420/505/499 6419/502/499 6450/531/499 6451/532/499
f 6447/506/500 6446/503/500 6477/528/500 6478/533/500
f 6434/507/501 6433/504/501 6464/530/501 6465/534/501
f 6454/540/535 6453/538/535 6486/565/535 6487/567/535
f 6468/541/536 6467/539/536 6500/566/536 6501/568/536
f 6455/542/1486 6454/540/1486 6487/567/1486 6488/569/1486
f 6469/543/538 6468/541/538 6501/568/538 6502/570/538
f 6456/544/539 6455/542/539 6488/569/539 6489/571/539
f 6470/545/540 6469/543/540 6502/570/540 6503/572/540
f 6457/546/541 6456/544/541 6489/571/541 6490/573/541
f 6471/547/542 6470/545/542 6503/572/542 6504/574/542
f 6458/548/543 6457/546/543 6490/573/543 6491/575/543
f 6472/549/1487 6471/547/1487 6504/574/1487 6505/576/1487
f 6459/550/545 6458/548/545 6491/575/545 6492/577/545
f 6473/551/546 6472/549/546 6505/576/546 6506/578/546
f 6460/552/1644 6459/550/1644 6492/577/1644 6493/579/1644
f 6474/553/548 6473/551/548 6506/578/548 6507/580/548
f 6461/554/549 6460/552/549 6493/579/549 6494/581/549
f 6448/556/1485 6480/582/1485 6481/583/1488
f 6475/557/551 6474/553/551 6507/580/551 6508/584/551
f 6462/558/552 6461/554/552 6494/581/552 6495/585/552
f 6449/559/553 6448/556/553 6481/583/553 6482/586/553
f 6476/527/554 6475/557/554 6508/584/554 6509/587/554
f 6463/529/1645 6462/558/1645 6495/585/1645 6496/588/1645
f 6450/531/556 6449/559/556 6482/586/556 6483/589/556
f 6477/528/557 6476/527/557 6509/587/557 6510/590/557
f 6464/530/558 6463/529/558 6496/588/558 6497/591/558
f 6451/532/559 6450/531/559 6483/589/559 6484/592/559
f 6478/533/560 6477/528/560 6510/590/560 6511/561/560
f 6465/534/561 6464/530/561 6497/591/561 6498/562/561
f 6452/535/562 6451/532/562 6484/592/562 6485/564/562
f 6479/560/530 6478/533/531 6511/561/530
f 6466/537/532 6465/534/532 6498/562/532 6499/563/532
f 6453/538/533 6452/535/533 6485/564/533 6486/565/533
f 6467/539/1646 6466/537/1646 6499/563/1646 6500/566/1646
f 6489/571/566 6488/569/566 6519/596/566 6520/598/566
f 6503/572/1328 6502/570/1328 6533/597/1328 6534/599/1328
f 6490/573/1329 6489/571/1329 6520/598/1329 6521/600/1329
f 6504/574/569 6503/572/569 6534/599/569 6535/601/569
f 6491/575/1647 6490/573/1647 6521/600/1647 6522/602/1647
f 6505/576/571 6504/574/571 6535/601/571 6536/603/571
f 6492/577/572 6491/575/572 6522/602/572 6523/604/572
f 6506/578/573 6505/576/573 6536/603/573 6537/605/573
f 6493/579/1236 6492/577/1236 6523/604/1236 6524/606/1236
f 6507/580/575 6506/578/575 6537/605/575 6538/607/575
f 6494/581/1648 6493/579/1648 6524/606/1648 6525/608/1648
f 6481/583/577 6480/609/578 6512/610/578
f 6508/584/1331 6507/580/1331 6538/607/1331 6539/611/1331
f 6495/585/1649 6494/581/1649 6525/608/1649 6526/612/1649
f 6482/586/581 6481/583/581 6512/610/581 6513/613/581
f 6509/587/582 6508/584/582 6539/611/582 6540/614/582
f 6496/588/583 6495/585/583 6526/612/583 6527/615/583
f 6483/589/584 6482/586/584 6513/613/584 6514/616/584
f 6510/590/585 6509/587/585 6540/614/585 6541/617/585
f 6497/591/586 6496/588/586 6527/615/586 6528/618/586
f 6484/592/587 6483/589/587 6514/616/587 6515/619/587
f 6511/561/1491 6510/590/1491 6541/617/1491 6542/620/1491
f 6498/562/1650 6497/591/1650 6528/618/1650 6529/621/1650
f 6485/564/1326 6484/592/1326 6515/619/1326 6516/622/1326
f 6479/623/530 6511/561/530 6542/620/591
f 6499/563/1651 6498/562/1651 6529/621/1651 6530/624/1651
f 6486/565/593 6485/564/593 6516/622/593 6517/625/593
f 6500/566/1235 6499/563/1235 6530/624/1235 6531/593/1235
f 6487/567/595 6486/565/595 6517/625/595 6518/595/595
f 6501/568/563 6500/566/563 6531/593/563 6532/594/563
f 6488/569/564 6487/567/564 6518/595/564 6519/596/564
f 6502/570/1652 6501/568/1652 6532/594/1652 6533/597/1652
f 6522/602/599 6521/600/599 6552/629/599 6553/631/599
f 6536/603/600 6535/601/600 6566/630/600 6567/632/600
f 6523/604/1493 6522/602/1493 6553/631/1493 6554/633/1493
f 6537/605/602 6536/603/602 6567/632/602 6568/634/602
f 6524/606/1238 6523/604/1238 6554/633/1238 6555/635/1238
f 6538/607/604 6537/605/604 6568/634/604 6569/636/604
f 6525/608/605 6524/606/605 6555/635/605 6556/637/605
f 6512/610/578 6480/638/578 6543/639/606
f 6539/611/1239 6538/607/1239 6569/636/1239 6570/640/1239
f 6526/612/608 6525/608/608 6556/637/608 6557/641/608
f 6513/613/609 6512/610/609 6543/639/609 6544/642/609
f 6540/614/610 6539/611/610 6570/640/610 6571/643/610
f 6527/615/611 6526/612/611 6557/641/611 6558/644/611
f 6514/616/1495 6513/613/1495 6544/642/1495 6545/645/1495
f 6541/617/1496 6540/614/1496 6571/643/1496 6572/646/1496
f 6528/618/614 6527/615/614 6558/644/614 6559/647/614
f 6515/619/615 6514/616/615 6545/645/615 6546/648/615
f 6542/620/616 6541/617/616 6572/646/616 6573/649/616
f 6529/621/617 6528/618/617 6559/647/617 6560/650/617
f 6516/622/1242 6515/619/1242 6546/648/1242 6547/651/1242
f 6479/652/619 6542/620/1653 6573/649/619
f 6530/624/621 6529/621/621 6560/650/621 6561/653/621
f 6517/625/622 6516/622/622 6547/651/622 6548/654/622
f 6531/593/1237 6530/624/1237 6561/653/1237 6562/655/1237
f 6518/595/624 6517/625/624 6548/654/624 6549/656/624
f 6532/594/1498 6531/593/1498 6562/655/1498 6563/657/1498
f 6519/596/626 6518/595/626 6549/656/626 6550/658/626
f 6533/597/627 6532/594/627 6563/657/627 6564/626/627
f 6520/598/628 6519/596/628 6550/658/628 6551/628/628
f 6534/599/1654 6533/597/1654 6564/626/1654 6565/627/1654
f 6521/600/1655 6520/598/1655 6551/628/1655 6552/629/1655
f 6535/601/598 6534/599/598 6565/627/598 6566/630/598
f 6555/635/632 6554/633/632 6585/662/632 6586/664/632
f 6569/636/633 6568/634/633 6599/663/633 6600/665/633
f 6556/637/634 6555/635/634 6586/664/634 6587/666/634
f 6543/639/635 6480/667/636 6574/668/636
f 6570/640/637 6569/636/637 6600/665/637 6601/669/637
f 6557/641/638 6556/637/638 6587/666/638 6588/670/638
f 6544/642/639 6543/639/639 6574/668/639 6575/671/639
f 6571/643/640 6570/640/640 6601/669/640 6602/672/640
f 6558/644/641 6557/641/641 6588/670/641 6589/673/641
f 6545/645/1656 6544/642/1656 6575/671/1656 6576/674/1656
f 6572/646/1657 6571/643/1657 6602/672/1657 6603/675/1657
f 6559/647/644 6558/644/644 6589/673/644 6590/676/644
f 6546/648/1658 6545/645/1658 6576/674/1658 6577/677/1658
f 6573/649/1505 6572/646/1505 6603/675/1505 6604/678/1505
f 6560/650/647 6559/647/647 6590/676/647 6591/679/647
f 6547/651/648 6546/648/648 6577/677/648 6578/680/648
f 6479/681/619 6573/649/619 6604/678/649
f 6561/653/650 6560/650/650 6591/679/650 6592/682/650
f 6548/654/651 6547/651/651 6578/680/651 6579/683/651
f 6562/655/652 6561/653/652 6592/682/652 6593/684/652
f 6549/656/653 6548/654/653 6579/683/653 6580/685/653
f 6563/657/654 6562/655/654 6593/684/654 6594/686/654
f 6550/658/1659 6549/656/1659 6580/685/1659 6581/687/1659
f 6564/626/656 6563/657/656 6594/686/656 6595/688/656
f 6551/628/657 6550/658/657 6581/687/657 6582/689/657
f 6565/627/1243 6564/626/1243 6595/688/1243 6596/690/1243
f 6552/629/1244 6551/628/1244 6582/689/1244 6583/691/1244
f 6566/630/660 6565/627/660 6596/690/660 6597/659/660
f 6553/631/661 6552/629/661 6583/691/661 6584/661/661
f 6567/632/1660 6566/630/1660 6597/659/1660 6598/660/1660
f 6554/633/630 6553/631/630 6584/661/630 6585/662/630
f 6568/634/631 6567/632/631 6598/660/631 6599/663/631
f 6588/670/1661 6587/666/1661 6618/695/1661 6619/699/1661
f 6575/671/667 6574/668/667 6605/697/667 6606/700/667
f 6602/672/668 6601/669/668 6632/698/668 6633/701/668
f 6589/673/669 6588/670/669 6619/699/669 6620/702/669
f 6576/674/1251 6575/671/1251 6606/700/1251 6607/703/1251
f 6603/675/1252 6602/672/1252 6633/701/1252 6634/704/1252
f 6590/676/672 6589/673/672 6620/702/672 6621/705/672
f 6577/677/673 6576/674/673 6607/703/673 6608/706/673
f 6604/678/1513 6603/675/1513 6634/704/1513 6635/707/1513
f 6591/679/1662 6590/676/1662 6621/705/1662 6622/708/1662
f 6578/680/676 6577/677/676 6608/706/676 6609/709/676
f 6479/710/677 6604/678/678 6635/707/677
f 6592/682/679 6591/679/679 6622/708/679 6623/711/679
f 6579/683/680 6578/680/680 6609/709/680 6610/712/680
f 6593/684/681 6592/682/681 6623/711/681 6624/713/681
f 6580/685/682 6579/683/682 6610/712/682 6611/714/682
f 6594/686/683 6593/684/683 6624/713/683 6625/715/683
f 6581/687/1663 6580/685/1663 6611/714/1663 6612/716/1663
f 6595/688/685 6594/686/685 6625/715/685 6626/717/685
f 6582/689/686 6581/687/686 6612/716/686 6613/718/686
f 6596/690/687 6595/688/687 6626/717/687 6627/719/687
f 6583/691/688 6582/689/688 6613/718/688 6614/720/688
f 6597/659/689 6596/690/689 6627/719/689 6628/721/689
f 6584/661/690 6583/691/690 6614/720/690 6615/722/690
f 6598/660/1664 6597/659/1664 6628/721/1664 6629/723/1664
f 6585/662/692 6584/661/692 6615/722/692 6616/724/692
f 6599/663/693 6598/660/693 6629/723/693 6630/692/693
f 6586/664/694 6585/662/694 6616/724/694 6617/694/694
f 6600/665/662 6599/663/662 6630/692/662 6631/693/662
f 6587/666/663 6586/664/663 6617/694/663 6618/695/663
f 6574/668/636 6480/696/636 6605/697/664
f 6601/669/665 6600/665/665 6631/693/665 6632/698/665
f 6621/705/700 6620/702/700 6651/730/700 6652/733/700
f 6608/706/701 6607/703/701 6638/731/701 6639/734/701
f 6635/707/702 6634/704/702 6665/732/702 6666/735/702
f 6622/708/703 6621/705/703 6652/733/703 6653/736/703
f 6609/709/1665 6608/706/1665 6639/734/1665 6640/737/1665
f 6479/738/677 6635/707/677 6666/735/1517
f 6623/711/706 6622/708/706 6653/736/706 6654/739/706
f 6610/712/707 6609/709/707 6640/737/707 6641/740/707
f 6624/713/708 6623/711/708 6654/739/708 6655/741/708
f 6611/714/709 6610/712/709 6641/740/709 6642/742/709
f 6625/715/710 6624/713/710 6655/741/710 6656/743/710
f 6612/716/1666 6611/714/1666 6642/742/1666 6643/744/1666
f 6626/717/1260 6625/715/1260 6656/743/1260 6657/745/1260
f 6613/718/713 6612/716/713 6643/744/713 6644/746/713
f 6627/719/714 6626/717/714 6657/745/714 6658/747/714
f 6614/720/715 6613/718/715 6644/746/715 6645/748/715
f 6628/721/716 6627/719/716 6658/747/716 6659/749/716
f 6615/722/1667 6614/720/1667 6645/748/1667 6646/750/1667
f 6629/723/1668 6628/721/1668 6659/749/1668 6660/751/1668
f 6616/724/719 6615/722/719 6646/750/719 6647/752/719
f 6630/692/720 6629/723/720 6660/751/720 6661/753/720
f 6617/694/721 6616/724/721 6647/752/721 6648/754/721
f 6631/693/722 6630/692/722 6661/753/722 6662/755/722
f 6618/695/723 6617/694/723 6648/754/723 6649/756/723
f 6605/697/1256 6480/757/725 6636/725/725
f 6632/698/1669 6631/693/1669 6662/755/1669 6663/727/1669
f 6619/699/727 6618/695/727 6649/756/727 6650/729/727
f 6606/700/695 6605/697/695 6636/725/695 6637/726/695
f 6633/701/696 6632/698/696 6663/727/696 6664/728/696
f 6620/702/697 6619/699/697 6650/729/697 6651/730/697
f 6607/703/1670 6606/700/1670 6637/726/1670 6638/731/1670
f 6634/704/1671 6633/701/1671 6664/728/1671 6665/732/1671
f 6654/739/734 6653/736/734 6684/763/734 6685/766/734
f 6641/740/735 6640/737/735 6671/764/735 6672/767/735
f 6655/741/1334 6654/739/1334 6685/766/1334 6686/768/1334
f 6642/742/737 6641/740/737 6672/767/737 6673/769/737
f 6656/743/738 6655/741/738 6686/768/738 6687/770/738
f 6643/744/1524 6642/742/1524 6673/769/1524 6674/771/1524
f 6657/745/740 6656/743/740 6687/770/740 6688/772/740
f 6644/746/1672 6643/744/1672 6674/771/1672 6675/773/1672
f 6658/747/742 6657/745/742 6688/772/742 6689/774/742
f 6645/748/743 6644/746/743 6675/773/743 6676/775/743
f 6659/749/1673 6658/747/1673 6689/774/1673 6690/776/1673
f 6646/750/745 6645/748/745 6676/775/745 6677/777/745
f 6660/751/1527 6659/749/1527 6690/776/1527 6691/778/1527
f 6647/752/747 6646/750/747 6677/777/747 6678/779/747
f 6661/753/748 6660/751/748 6691/778/748 6692/780/748
f 6648/754/1337 6647/752/1337 6678/779/1337 6679/781/1337
f 6662/755/750 6661/753/750 6692/780/750 6693/782/750
f 6649/756/751 6648/754/751 6679/781/751 6680/783/751
f 6636/725/725 6480/784/725 6667/785/752
f 6663/727/1528 6662/755/1528 6693/782/1528 6694/786/1528
f 6650/729/754 6649/756/754 6680/783/754 6681/787/754
f 6637/726/755 6636/725/755 6667/785/755 6668/788/755
f 6664/728/756 6663/727/756 6694/786/756 6695/789/756
f 6651/730/757 6650/729/757 6681/787/757 6682/790/757
f 6638/731/1674 6637/726/1674 6668/788/1674 6669/758/1674
f 6665/732/1333 6664/728/1333 6695/789/1333 6696/760/1333
f 6652/733/760 6651/730/760 6682/790/760 6683/762/760
f 6639/734/728 6638/731/728 6669/758/728 6670/759/728
f 6666/735/1529 6665/732/1529 6696/760/1529 6697/761/1529
f 6653/736/730 6652/733/730 6683/762/730 6684/763/730
f 6640/737/1530 6639/734/1530 6670/759/1530 6671/764/1530
f 6479/765/732 6666/735/733 6697/761/732
f 6687/770/764 6686/768/764 6717/794/764 6718/796/764
f 6674/771/765 6673/769/765 6704/795/765 6705/797/765
f 6688/772/1675 6687/770/1675 6718/796/1675 6719/798/1675
f 6675/773/767 6674/771/767 6705/797/767 6706/799/767
f 6689/774/1533 6688/772/1533 6719/798/1533 6720/800/1533
f 6676/775/1534 6675/773/1534 6706/799/1534 6707/801/1534
f 6690/776/770 6689/774/770 6720/800/770 6721/802/770
f 6677/777/1676 6676/775/1676 6707/801/1676 6708/803/1676
f 6691/778/772 6690/776/772 6721/802/772 6722/804/772
f 6678/779/773 6677/777/773 6708/803/773 6709/805/773
f 6692/780/774 6691/778/774 6722/804/774 6723/806/774
f 6679/781/1266 6678/779/1266 6709/805/1266 6710/807/1266
f 6693/782/776 6692/780/776 6723/806/776 6724/808/776
f 6680/783/777 6679/781/777 6710/807/777 6711/809/777
f 6667/785/1536 6480/810/1537 6698/811/1537
f 6694/786/780 6693/782/780 6724/808/780 6725/812/780
f 6681/787/781 6680/783/781 6711/809/781 6712/813/781
f 6668/788/1268 6667/785/1268 6698/811/1268 6699/814/1268
f 6695/789/783 6694/786/783 6725/812/783 6726/815/783
f 6682/790/784 6681/787/784 6712/813/784 6713/816/784
f 6669/758/1262 6668/788/1262 6699/814/1262 6700/817/1262
f 6696/760/786 6695/789/786 6726/815/786 6727/818/786
f 6683/762/787 6682/790/787 6713/816/787 6714/819/787
f 6670/759/788 6669/758/788 6700/817/788 6701/820/788
f 6697/761/1263 6696/760/1263 6727/818/1263 6728/821/1263
f 6684/763/790 6683/762/790 6714/819/790 6715/822/790
f 6671/764/791 6670/759/791 6701/820/791 6702/791/791
f 6479/823/732 6697/761/732 6728/821/792
f 6685/766/793 6684/763/793 6715/822/793 6716/793/793
f 6672/767/761 6671/764/761 6702/791/761 6703/792/761
f 6686/768/1265 6685/766/1265 6716/793/1265 6717/794/1265
f 6673/769/763 6672/767/763 6703/792/763 6704/795/763
f 6720/834/1270 6719/828/1270 6750/831/1270 6751/835/1270
f 6707/836/1540 6706/832/1540 6737/833/1540 6738/837/1540
f 6721/838/799 6720/834/799 6751/835/799 6752/839/799
f 6708/840/800 6707/836/800 6738/837/800 6739/841/800
f 6722/842/801 6721/838/801 6752/839/801 6753/843/801
f 6709/844/802 6708/840/802 6739/841/802 6740/845/802
f 6723/846/803 6722/842/803 6753/843/803 6754/847/803
f 6710/848/1271 6709/844/1271 6740/845/1271 6741/849/1271
f 6724/850/805 6723/846/805 6754/847/805 6755/851/805
f 6711/852/806 6710/848/806 6741/849/806 6742/853/806
f 6698/854/1537 6480/855/1537 6729/856/1543
f 6725/857/808 6724/850/808 6755/851/808 6756/858/808
f 6712/859/809 6711/852/809 6742/853/809 6743/860/809
f 6699/861/1272 6698/854/1272 6729/856/1272 6730/862/1272
f 6726/863/811 6725/857/811 6756/858/811 6757/864/811
f 6713/865/812 6712/859/812 6743/860/812 6744/866/812
f 6700/867/1273 6699/861/1273 6730/862/1273 6731/868/1273
f 6727/869/1274 6726/863/1274 6757/864/1274 6758/870/1274
f 6714/871/815 6713/865/815 6744/866/815 6745/872/815
f 6701/873/816 6700/867/816 6731/868/816 6732/874/816
f 6728/875/1275 6727/869/1275 6758/870/1275 6759/876/1275
f 6715/877/818 6714/871/818 6745/872/818 6746/878/818
f 6702/879/819 6701/873/819 6732/874/819 6733/880/819
f 6479/881/820 6728/875/821 6759/876/820
f 6716/882/822 6715/877/822 6746/878/822 6747/883/822
f 6703/884/823 6702/879/823 6733/880/823 6734/885/823
f 6717/886/1269 6716/882/1269 6747/883/1269 6748/887/1269
f 6704/825/825 6703/884/825 6734/885/825 6735/826/825
f 6718/829/826 6717/886/826 6748/887/826 6749/830/826
f 6705/824/794 6704/825/794 6735/826/794 6736/827/794
f 6719/828/795 6718/829/795 6749/830/795 6750/831/795
f 6706/832/796 6705/824/796 6736/827/796 6737/833/796
f 6753/843/830 6752/839/830 6783/891/830 6784/893/830
f 6740/845/831 6739/841/831 6770/892/831 6771/894/831
f 6754/847/832 6753/843/832 6784/893/832 6785/895/832
f 6741/849/1277 6740/845/1277 6771/894/1277 6772/896/1277
f 6755/851/834 6754/847/834 6785/895/834 6786/897/834
f 6742/853/835 6741/849/835 6772/896/835 6773/898/835
f 6729/856/836 6480/899/837 6760/900/837
f 6756/858/838 6755/851/838 6786/897/838 6787/901/838
f 6743/860/839 6742/853/839 6773/898/839 6774/902/839
f 6730/862/840 6729/856/840 6760/900/840 6761/903/840
f 6757/864/841 6756/858/841 6787/901/841 6788/904/841
f 6744/866/842 6743/860/842 6774/902/842 6775/905/842
f 6731/868/1677 6730/862/1677 6761/903/1677 6762/906/1677
f 6758/870/1678 6757/864/1678 6788/904/1678 6789/907/1678
f 6745/872/845 6744/866/845 6775/905/845 6776/908/845
f 6732/874/846 6731/868/846 6762/906/846 6763/909/846
f 6759/876/1548 6758/870/1548 6789/907/1548 6790/910/1548
f 6746/878/848 6745/872/848 6776/908/848 6777/911/848
f 6733/880/849 6732/874/849 6763/909/849 6764/912/849
f 6479/913/820 6759/876/820 6790/910/850
f 6747/883/851 6746/878/851 6777/911/851 6778/914/851
f 6734/885/852 6733/880/852 6764/912/852 6765/915/852
f 6748/887/1276 6747/883/1276 6778/914/1276 6779/916/1276
f 6735/826/854 6734/885/854 6765/915/854 6766/917/854
f 6749/830/855 6748/887/855 6779/916/855 6780/918/855
f 6736/827/1679 6735/826/1679 6766/917/1679 6767/919/1679
f 6750/831/1680 6749/830/1680 6780/918/1680 6781/920/1680
f 6737/833/1681 6736/827/1681 6767/919/1681 6768/888/1681
f 6751/835/859 6750/831/859 6781/920/859 6782/890/859
f 6738/837/827 6737/833/827 6768/888/827 6769/889/827
f 6752/839/1682 6751/835/1682 6782/890/1682 6783/891/1682
f 6739/841/1683 6738/837/1683 6769/889/1683 6770/892/1683
f 6782/890/864 6781/920/864 6812/925/864 6813/927/864
f 6769/889/865 6768/888/865 6799/926/865 6800/928/865
f 6783/891/866 6782/890/866 6813/927/866 6814/929/866
f 6770/892/1684 6769/889/1684 6800/928/1684 6801/930/1684
f 6784/893/1685 6783/891/1685 6814/929/1685 6815/931/1685
f 6771/894/869 6770/892/869 6801/930/869 6802/932/869
f 6785/895/870 6784/893/870 6815/931/870 6816/933/870
f 6772/896/871 6771/894/871 6802/932/871 6803/934/871
f 6786/897/872 6785/895/872 6816/933/872 6817/935/872
f 6773/898/873 6772/896/873 6803/934/873 6804/936/873
f 6760/900/837 6480/937/837 6791/938/1280
f 6787/901/1686 6786/897/1686 6817/935/1686 6818/939/1686
f 6774/902/876 6773/898/876 6804/936/876 6805/940/876
f 6761/903/877 6760/900/877 6791/938/877 6792/941/877
f 6788/904/878 6787/901/878 6818/939/878 6819/942/878
f 6775/905/879 6774/902/879 6805/940/879 6806/943/879
f 6762/906/1687 6761/903/1687 6792/941/1687 6793/944/1687
f 6789/907/1688 6788/904/1688 6819/942/1688 6820/945/1688
f 6776/908/882 6775/905/882 6806/943/882 6807/946/882
f 6763/909/883 6762/906/883 6793/944/883 6794/947/883
f 6790/910/884 6789/907/884 6820/945/884 6821/948/884
f 6777/911/885 6776/908/885 6807/946/885 6808/949/885
f 6764/912/1689 6763/909/1689 6794/947/1689 6795/950/1689
f 6479/951/887 6790/910/1552 6821/948/887
f 6778/914/889 6777/911/889 6808/949/889 6809/952/889
f 6765/915/890 6764/912/890 6795/950/890 6796/953/890
f 6779/916/891 6778/914/891 6809/952/891 6810/921/891
f 6766/917/892 6765/915/892 6796/953/892 6797/923/892
f 6780/918/860 6779/916/860 6810/921/860 6811/922/860
f 6767/919/1690 6766/917/1690 6797/923/1690 6798/924/1690
f 6781/920/1691 6780/918/1691 6811/922/1691 6812/925/1691
f 6768/888/863 6767/919/863 6798/924/863 6799/926/863
f 6815/931/1692 6814/929/1692 6845/958/1692 6846/960/1692
f 6802/932/898 6801/930/898 6832/959/898 6833/961/898
f 6816/933/899 6815/931/899 6846/960/899 6847/962/899
f 6803/934/900 6802/932/900 6833/961/900 6834/963/900
f 6817/935/901 6816/933/901 6847/962/901 6848/964/901
f 6804/936/902 6803/934/902 6834/963/902 6835/965/902
f 6791/938/903 6480/966/904 6822/967/904
f 6818/939/905 6817/935/905 6848/964/905 6849/968/905
f 6805/940/906 6804/936/906 6835/965/906 6836/969/906
f 6792/941/907 6791/938/907 6822/967/907 6823/970/907
f 6819/942/1693 6818/939/1693 6849/968/1693 6850/971/1693
f 6806/943/909 6805/940/909 6836/969/909 6837/972/909
f 6793/944/1286 6792/941/1286 6823/970/1286 6824/973/1286
f 6820/945/1287 6819/942/1287 6850/971/1287 6851/974/1287
f 6807/946/912 6806/943/912 6837/972/912 6838/975/912
f 6794/947/1694 6793/944/1694 6824/973/1694 6825/976/1694
f 6821/948/1558 6820/945/1558 6851/974/1558 6852/977/1558
f 6808/949/915 6807/946/915 6838/975/915 6839/978/915
f 6795/950/916 6794/947/916 6825/976/916 6826/979/916
f 6479/980/887 6821/948/887 6852/977/917
f 6809/952/918 6808/949/918 6839/978/918 6840/981/918
f 6796/953/919 6795/950/919 6826/979/919 6827/982/919
f 6810/921/920 6809/952/920 6840/981/920 6841/983/920
f 6797/923/921 6796/953/921 6827/982/921 6828/984/921
f 6811/922/922 6810/921/922 6841/983/922 6842/985/922
f 6798/924/1695 6797/923/1695 6828/984/1695 6829/986/1695
f 6812/925/924 6811/922/924 6842/985/924 6843/954/924
f 6799/926/925 6798/924/925 6829/986/925 6830/956/925
f 6813/927/893 6812/925/893 6843/954/893 6844/955/893
f 6800/928/894 6799/926/894 6830/956/894 6831/957/894
f 6814/929/895 6813/927/895 6844/955/895 6845/958/895
f 6801/930/896 6800/928/896 6831/957/896 6832/959/896
f 6848/964/930 6847/962/930 6878/991/930 6879/993/930
f 6835/965/931 6834/963/931 6865/992/931 6866/994/931
f 6822/967/904 6480/995/904 6853/996/932
f 6849/968/933 6848/964/933 6879/993/933 6880/997/933
f 6836/969/934 6835/965/934 6866/994/934 6867/998/934
f 6823/970/935 6822/967/935 6853/996/935 6854/999/935
f 6850/971/1696 6849/968/1696 6880/997/1696 6881/1000/1696
f 6837/972/937 6836/969/937 6867/998/937 6868/1001/937
f 6824/973/1697 6823/970/1697 6854/999/1697 6855/1002/1697
f 6851/974/939 6850/971/939 6881/1000/939 6882/1003/939
f 6838/975/940 6837/972/940 6868/1001/940 6869/1004/940
f 6825/976/1698 6824/973/1698 6855/1002/1698 6856/1005/1698
f 6852/977/1561 6851/974/1561 6882/1003/1561 6883/1006/1561
f 6839/978/943 6838/975/943 6869/1004/943 6870/1007/943
f 6826/979/944 6825/976/944 6856/1005/944 6857/1008/944
f 6479/1009/945 6852/977/946 6883/1006/945
f 6840/981/947 6839/978/947 6870/1007/947 6871/1010/947
f 6827/982/948 6826/979/948 6857/1008/948 6858/1011/948
f 6841/983/1292 6840/981/1292 6871/1010/1292 6872/1012/1292
f 6828/984/950 6827/982/950 6858/1011/950 6859/1013/950
f 6842/985/951 6841/983/951 6872/1012/951 6873/1014/951
f 6829/986/1699 6828/984/1699 6859/1013/1699 6860/1015/1699
f 6843/954/953 6842/985/953 6873/1014/953 6874/1016/953
f 6830/956/954 6829/986/954 6860/1015/954 6861/1017/954
f 6844/955/1293 6843/954/1293 6874/1016/1293 6875/1018/1293
f 6831/957/1294 6830/956/1294 6861/1017/1294 6862/1019/1294
f 6845/958/957 6844/955/957 6875/1018/957 6876/987/957
f 6832/959/958 6831/957/958 6862/1019/958 6863/989/958
f 6846/960/1700 6845/958/1700 6876/987/1700 6877/988/1700
f 6833/961/927 6832/959/927 6863/989/927 6864/990/927
f 6847/962/928 6846/960/928 6877/988/928 6878/991/928
f 6834/963/1295 6833/961/1295 6864/990/1295 6865/992/1295
f 6854/999/965 6853/996/965 6884/1025/965 6885/1028/965
f 6881/1000/966 6880/997/966 6911/1026/966 6912/1029/966
f 6868/1001/967 6867/998/967 6898/1027/967 6899/1030/967
f 6855/1002/1701 6854/999/1701 6885/1028/1701 6886/1031/1701
f 6882/1003/1702 6881/1000/1702 6912/1029/1702 6913/1032/1702
f 6869/1004/970 6868/1001/970 6899/1030/970 6900/1033/970
f 6856/1005/971 6855/1002/971 6886/1031/971 6887/1034/971
f 6883/1006/972 6882/1003/972 6913/1032/972 6914/1035/972
f 6870/1007/973 6869/1004/973 6900/1033/973 6901/1036/973
f 6857/1008/1303 6856/1005/1303 6887/1034/1303 6888/1037/1303
f 6479/1038/945 6883/1006/945 6914/1035/1569
f 6871/1010/976 6870/1007/976 6901/1036/976 6902/1039/976
f 6858/1011/977 6857/1008/977 6888/1037/977 6889/1040/977
f 6872/1012/978 6871/1010/978 6902/1039/978 6903/1041/978
f 6859/1013/979 6858/1011/979 6889/1040/979 6890/1042/979
f 6873/1014/1298 6872/1012/1298 6903/1041/1298 6904/1043/1298
f 6860/1015/981 6859/1013/981 6890/1042/981 6891/1044/981
f 6874/1016/982 6873/1014/982 6904/1043/982 6905/1045/982
f 6861/1017/983 6860/1015/983 6891/1044/983 6892/1046/983
f 6875/1018/1299 6874/1016/1299 6905/1045/1299 6906/1047/1299
f 6862/1019/1300 6861/1017/1300 6892/1046/1300 6893/1048/1300
f 6876/987/986 6875/1018/986 6906/1047/986 6907/1049/986
f 6863/989/987 6862/1019/987 6893/1048/987 6894/1050/987
f 6877/988/988 6876/987/988 6907/1049/988 6908/1051/988
f 6864/990/1301 6863/989/1301 6894/1050/1301 6895/1052/1301
f 6878/991/990 6877/988/990 6908/1051/990 6909/1020/990
f 6865/992/991 6864/990/991 6895/1052/991 6896/1022/991
f 6879/993/959 6878/991/959 6909/1020/959 6910/1021/959
f 6866/994/960 6865/992/960 6896/1022/960 6897/1023/960
f 6853/996/961 6480/1024/962 6884/1025/962
f 6880/997/1302 6879/993/1302 6910/1021/1302 6911/1026/1302
f 6867/998/964 6866/994/964 6897/1023/964 6898/1027/964
f 6887/1034/997 6886/1031/997 6917/1058/997 6918/1061/997
f 6914/1035/1574 6913/1032/1574 6944/1059/1574 6945/1062/1574
f 6901/1036/1703 6900/1033/1703 6931/1060/1703 6932/1063/1703
f 6888/1037/1000 6887/1034/1000 6918/1061/1000 6919/1064/1000
f 6479/1065/1001 6914/1035/1002 6945/1062/1001
f 6902/1039/1704 6901/1036/1704 6932/1063/1704 6933/1066/1704
f 6889/1040/1004 6888/1037/1004 6919/1064/1004 6920/1067/1004
f 6903/1041/1005 6902/1039/1005 6933/1066/1005 6934/1068/1005
f 6890/1042/1006 6889/1040/1006 6920/1067/1006 6921/1069/1006
f 6904/1043/1007 6903/1041/1007 6934/1068/1007 6935/1070/1007
f 6891/1044/1008 6890/1042/1008 6921/1069/1008 6922/1071/1008
f 6905/1045/1705 6904/1043/1705 6935/1070/1705 6936/1072/1705
f 6892/1046/1304 6891/1044/1304 6922/1071/1304 6923/1073/1304
f 6906/1047/1305 6905/1045/1305 6936/1072/1305 6937/1074/1305
f 6893/1048/1306 6892/1046/1306 6923/1073/1306 6924/1075/1306
f 6907/1049/1307 6906/1047/1307 6937/1074/1307 6938/1076/1307
f 6894/1050/1706 6893/1048/1706 6924/1075/1706 6925/1077/1706
f 6908/1051/1015 6907/1049/1015 6938/1076/1015 6939/1078/1015
f 6895/1052/1016 6894/1050/1016 6925/1077/1016 6926/1079/1016
f 6909/1020/1017 6908/1051/1017 6939/1078/1017 6940/1080/1017
f 6896/1022/1018 6895/1052/1018 6926/1079/1018 6927/1081/1018
f 6910/1021/1019 6909/1020/1019 6940/1080/1019 6941/1082/1019
f 6897/1023/1707 6896/1022/1707 6927/1081/1707 6928/1083/1707
f 6884/1025/962 6480/1084/962 6915/1085/1021
f 6911/1026/1022 6910/1021/1022 6941/1082/1022 6942/1053/1022
f 6898/1027/1708 6897/1023/1708 6928/1083/1708 6929/1055/1708
f 6885/1028/1024 6884/1025/1024 6915/1085/1024 6916/1057/1024
f 6912/1029/992 6911/1026/992 6942/1053/992 6943/1054/992
f 6899/1030/993 6898/1027/993 6929/1055/993 6930/1056/993
f 6886/1031/994 6885/1028/994 6916/1057/994 6917/1058/994
f 6913/1032/995 6912/1029/995 6943/1054/995 6944/1059/995
f 6900/1033/996 6899/1030/996 6930/1056/996 6931/1060/996
f 6920/1067/1030 6919/1064/1030 6950/58/1030 6951/63/1030
f 6934/1068/1317 6933/1066/1317 6956/61/1317 6957/2/1317
f 6921/1069/1032 6920/1067/1032 6951/63/1032 5967/6/1032
f 6935/1070/1033 6934/1068/1033 6957/2/1033 5975/1/1033
f 6922/1071/1580 6921/1069/1580 5967/6/1580 6952/5/1580
f 6936/1072/1035 6935/1070/1035 5975/1/1035 5976/9/1035
f 6923/1073/1036 6922/1071/1036 6952/5/1036 5968/11/1036
f 6937/1074/1037 6936/1072/1037 5976/9/1037 5977/13/1037
f 6924/1075/1038 6923/1073/1038 5968/11/1038 6953/15/1038
f 6938/1076/1039 6937/1074/1039 5977/13/1039 6958/17/1039
f 6925/1077/1040 6924/1075/1040 6953/15/1040 6954/19/1040
f 6939/1078/1581 6938/1076/1581 6958/17/1581 5978/21/1581
f 6926/1079/1042 6925/1077/1042 6954/19/1042 5969/23/1042
f 6940/1080/1043 6939/1078/1043 5978/21/1043 5979/25/1043
f 6927/1081/1709 6926/1079/1709 5969/23/1709 5970/27/1709
f 6941/1082/1311 6940/1080/1311 5979/25/1311 5980/29/1311
f 6928/1083/1046 6927/1081/1046 5970/27/1046 5971/31/1046
f 6915/1085/1582 6480/1087/1381 6946/33/1381
f 6942/1053/1048 6941/1082/1048 5980/29/1048 6959/36/1048
f 6929/1055/1049 6928/1083/1049 5971/31/1049 5972/38/1049
f 6916/1057/1050 6915/1085/1050 6946/33/1050 6947/40/1050
f 6943/1054/1051 6942/1053/1051 6959/36/1051 6960/42/1051
f 6930/1056/1710 6929/1055/1710 5972/38/1710 6955/44/1710
f 6917/1058/1313 6916/1057/1313 6947/40/1313 6948/46/1313
f 6944/1059/1314 6943/1054/1314 6960/42/1314 5981/48/1314
f 6931/1060/1711 6930/1056/1711 6955/44/1711 5973/50/1711
f 6918/1061/1056 6917/1058/1056 6948/46/1056 6949/52/1056
f 6945/1062/1025 6944/1059/1025 5981/48/1025 5982/54/1025
f 6932/1063/1026 6931/1060/1026 5973/50/1026 5974/56/1026
f 6919/1064/1027 6918/1061/1027 6949/52/1027 6950/58/1027
f 6479/1086/1001 6945/1062/1001 5982/54/1028
f 6933/1066/1029 6932/1063/1029 5974/56/1029 6956/61/1029
f 1981/1088/1105 6969/1088/1105 6970/1088/1106 6961/1088/1124
f 6961/1088/1124 6970/1088/1106 6981/1088/1107 1982/1088/1107
f 1982/1088/1107 6981/1088/1107 6982/1088/1108 6962/1088/1108
f 6962/1088/1108 6982/1088/1108 6983/1088/1109 1983/1088/1109
f 1983/1088/1109 6983/1088/1109 6971/1088/1712 6963/1088/1110
f 6963/1088/1110 6971/1088/1712 6972/1088/1111 6964/1088/1111
f 6964/1088/1111 6972/1088/1111 6984/1088/1112 6965/1088/1112
f 6965/1088/1112 6984/1088/1112 6973/1088/1713 6966/1088/1113
f 6966/1088/1113 6973/1088/1713 6985/1088/1714 1984/1088/1128
f 1984/1088/1128 6985/1088/1714 6986/1088/1115 1985/1088/1115
f 1985/1088/1115 6986/1088/1115 6974/1088/1116 6967/1088/1116
f 6967/1088/1116 6974/1088/1116 6975/1088/1117 6968/1088/1117
f 6968/1088/1117 6975/1088/1117 6976/1088/1118 1986/1088/1118
f 1986/1088/1118 6976/1088/1118 6977/1088/1119 1987/1088/1119
f 1987/1088/1119 6977/1088/1119 6978/1088/1120 1988/1088/1120
f 1988/1088/1120 6978/1088/1120 6979/1088/1121 1989/1088/1121
f 1989/1088/1121 6979/1088/1121 6987/1088/1126 1990/1088/1126
f 1990/1088/1126 6987/1088/1126 6980/1088/1123 1991/1088/1123
f 1991/1088/1123 6980/1088/1123 6969/1088/1105 1981/1088/1105
f 6969/1088/1105 7000/1088/1105 7001/1088/1106 6970/1088/1106
f 6970/1088/1106 7001/1088/1106 6988/1088/1107 6981/1088/1107
f 6981/1088/1107 6988/1088/1107 6989/1088/1108 6982/1088/1108
f 6982/1088/1108 6989/1088/1108 6990/1088/1109 6983/1088/1109
f 6983/1088/1109 6990/1088/1109 6991/1088/1110 6971/1088/1712
f 6971/1088/1712 6991/1088/1110 6992/1088/1111 6972/1088/1111
f 6972/1088/1111 6992/1088/1111 6993/1088/1112 6984/1088/1112
f 6984/1088/1112 6993/1088/1112 6994/1088/1113 6973/1088/1713
f 6973/1088/1713 6994/1088/1113 6995/1088/1114 6985/1088/1714
f 6985/1088/1714 6995/1088/1114 6996/1088/1115 6986/1088/1115
f 6986/1088/1115 6996/1088/1115 6997/1088/1116 6974/1088/1116
f 6974/1088/1116 6997/1088/1116 7002/1088/1117 6975/1088/1117
f 6975/1088/1117 7002/1088/1117 6998/1088/1118 6976/1088/1118
f 6976/1088/1118 6998/1088/1118 7003/1088/1119 6977/1088/1119
f 6977/1088/1119 7003/1088/1119 7004/1088/1120 6978/1088/1120
f 6978/1088/1120 7004/1088/1120 7005/1088/1121 6979/1088/1121
f 6979/1088/1121 7005/1088/1121 6999/1088/1122 6987/1088/1126
f 6987/1088/1126 6999/1088/1122 7006/1088/1123 6980/1088/1123
f 6980/1088/1123 7006/1088/1123 7000/1088/1105 6969/1088/1105
f 7000/1088/1105 7009/1088/1105 7010/1088/1124 7001/1088/1106
f 7001/1088/1106 7010/1088/1124 7011/1088/1107 6988/1088/1107
f 6988/1088/1107 7011/1088/1107 7012/1088/1108 6989/1088/1108
f 6989/1088/1108 7012/1088/1108 7013/1088/1715 6990/1088/1109
f 6990/1088/1109 7013/1088/1715 7007/1088/1110 6991/1088/1110
f 6991/1088/1110 7007/1088/1110 7014/1088/1111 6992/1088/1111
f 6992/1088/1111 7014/1088/1111 7015/1088/1112 6993/1088/1112
f 6993/1088/1112 7015/1088/1112 7016/1088/1113 6994/1088/1113
f 6994/1088/1113 7016/1088/1113 7008/1088/1114 6995/1088/1114
f 6995/1088/1114 7008/1088/1114 7017/1088/1115 6996/1088/1115
f 6996/1088/1115 7017/1088/1115 7018/1088/1116 6997/1088/1116
f 6997/1088/1116 7018/1088/1116 7019/1088/1117 7002/1088/1117
f 7002/1088/1117 7019/1088/1117 7020/1088/1118 6998/1088/1118
f 6998/1088/1118 7020/1088/1118 7021/1088/1119 7003/1088/1119
f 7003/1088/1119 7021/1088/1119 7022/1088/1120 7004/1088/1120
f 7004/1088/1120 7022/1088/1120 7023/1088/1121 7005/1088/1121
f 7005/1088/1121 7023/1088/1121 7024/1088/1122 6999/1088/1122
f 6999/1088/1122 7024/1088/1122 7025/1088/1123 7006/1088/1123
f 7006/1088/1123 7025/1088/1123 7009/1088/1105 7000/1088/1105
f 7009/1088/1105 7026/1088/1105 7027/1088/1106 7010/1088/1124
f 7010/1088/1124 7027/1088/1106 7032/1088/1107 7011/1088/1107
f 7011/1088/1107 7032/1088/1107 7033/1088/1108 7012/1088/1108
f 7012/1088/1108 7033/1088/1108 7034/1088/1715 7013/1088/1715
f 7013/1088/1715 7034/1088/1715 7035/1088/1110 7007/1088/1110
f 7007/1088/1110 7035/1088/1110 7036/1088/1111 7014/1088/1111
f 7014/1088/1111 7036/1088/1111 7037/1088/1112 7015/1088/1112
f 7015/1088/1112 7037/1088/1112 7038/1088/1113 7016/1088/1113
f 7016/1088/1113 7038/1088/1113 7039/1088/1114 7008/1088/1114
f 7008/1088/1114 7039/1088/1114 7040/1088/1115 7017/1088/1115
f 7017/1088/1115 7040/1088/1115 7041/1088/1116 7018/1088/1116
f 7018/1088/1116 7041/1088/1116 7042/1088/1117 7019/1088/1117
f 7019/1088/1117 7042/1088/1117 7043/1088/1118 7020/1088/1118
f 7020/1088/1118 7043/1088/1118 7028/1088/1119 7021/1088/1119
f 7021/1088/1119 7028/1088/1119 7029/1088/1120 7022/1088/1120
f 7022/1088/1120 7029/1088/1120 7030/1088/1121 7023/1088/1121
f 7023/1088/1121 7030/1088/1121 7044/1088/1122 7024/1088/1122
f 7024/1088/1122 7044/1088/1122 7031/1088/1123 7025/1088/1123
f 7025/1088/1123 7031/1088/1123 7026/1088/1105 7009/1088/1105
f 7026/1088/1105 7050/1088/1105 7051/1088/1106 7027/1088/1106
f 7027/1088/1106 7051/1088/1106 7052/1088/1107 7032/1088/1107
f 7032/1088/1107 7052/1088/1107 7053/1088/1108 7033/1088/1108
f 7033/1088/1108 7053/1088/1108 7045/1088/1109 7034/1088/1715
f 7034/1088/1715 7045/1088/1109 7046/1088/1110 7035/1088/1110
f 7035/1088/1110 7046/1088/1110 7047/1088/1111 7036/1088/1111
f 7036/1088/1111 7047/1088/1111 7048/1088/1112 7037/1088/1112
f 7037/1088/1112 7048/1088/1112 7054/1088/1113 7038/1088/1113
f 7038/1088/1113 7054/1088/1113 7055/1088/1114 7039/1088/1114
f 7039/1088/1114 7055/1088/1114 7049/1088/1115 7040/1088/1115
f 7040/1088/1115 7049/1088/1115 7056/1088/1116 7041/1088/1116
f 7041/1088/1116 7056/1088/1116 7057/1088/1117 7042/1088/1117
f 7042/1088/1117 7057/1088/1117 7058/1088/1118 7043/1088/1118
f 7043/1088/1118 7058/1088/1118 7059/1088/1119 7028/1088/1119
f 7028/1088/1119 7059/1088/1119 7060/1088/1120 7029/1088/1120
f 7029/1088/1120 7060/1088/1120 7061/1088/1121 7030/1088/1121
f 7030/1088/1121 7061/1088/1121 7062/1088/1122 7044/1088/1122
f 7044/1088/1122 7062/1088/1122 7063/1088/1123 7031/1088/1123
f 7031/1088/1123 7063/1088/1123 7050/1088/1105 7026/1088/1105
f 7050/1088/1105 7067/1088/1105 7068/1088/1124 7051/1088/1106
f 7051/1088/1106 7068/1088/1124 7069/1088/1107 7052/1088/1107
f 7052/1088/1107 7069/1088/1107 7070/1088/1108 7053/1088/1108
f 7053/1088/1108 7070/1088/1108 7071/1088/1109 7045/1088/1109
f 7045/1088/1109 7071/1088/1109 7072/1088/1110 7046/1088/1110
f 7046/1088/1110 7072/1088/1110 7073/1088/1111 7047/1088/1111
f 7047/1088/1111 7073/1088/1111 7074/1088/1112 7048/1088/1112
f 7048/1088/1112 7074/1088/1112 7064/1088/1113 7054/1088/1113
f 7054/1088/1113 7064/1088/1113 7075/1088/1114 7055/1088/1114
f 7055/1088/1114 7075/1088/1114 7076/1088/1115 7049/1088/1115
f 7049/1088/1115 7076/1088/1115 7077/1088/1116 7056/1088/1116
f 7056/1088/1116 7077/1088/1116 7078/1088/1117 7057/1088/1117
f 7057/1088/1117 7078/1088/1117 7065/1088/1118 7058/1088/1118
f 7058/1088/1118 7065/1088/1118 7066/1088/1119 7059/1088/1119
f 7059/1088/1119 7066/1088/1119 7079/1088/1120 7060/1088/1120
f 7060/1088/1120 7079/1088/1120 7080/1088/1121 7061/1088/1121
f 7061/1088/1121 7080/1088/1121 7081/1088/1122 7062/1088/1122
f 7062/1088/1122 7081/1088/1122 7082/1088/1123 7063/1088/1123
f 7063/1088/1123 7082/1088/1123 7067/1088/1105 7050/1088/1105
f 7067/1088/1105 7083/1088/1105 7087/1088/1124 7068/1088/1124
f 7068/1088/1124 7087/1088/1124 7084/1088/1107 7069/1088/1107
f 7069/1088/1107 7084/1088/1107 7088/1088/1108 7070/1088/1108
f 7070/1088/1108 7088/1088/1108 7089/1088/1109 7071/1088/1109
f 7071/1088/1109 7089/1088/1109 7090/1088/1110 7072/1088/1110
f 7072/1088/1110 7090/1088/1110 7091/1088/1111 7073/1088/1111
f 7073/1088/1111 7091/1088/1111 7092/1088/1112 7074/1088/1112
f 7074/1088/1112 7092/1088/1112 7093/1088/1113 7064/1088/1113
f 7064/1088/1113 7093/1088/1113 7094/1088/1114 7075/1088/1114
f 7075/1088/1114 7094/1088/1114 7095/1088/1115 7076/1088/1115
f 7076/1088/1115 7095/1088/1115 7096/1088/1116 7077/1088/1116
f 7077/1088/1116 7096/1088/1116 7097/1088/1117 7078/1088/1117
f 7078/1088/1117 7097/1088/1117 7098/1088/1118 7065/1088/1118
f 7065/1088/1118 7098/1088/1118 7099/1088/1119 7066/1088/1119
f 7066/1088/1119 7099/1088/1119 7085/1088/1120 7079/1088/1120
f 7079/1088/1120 7085/1088/1120 7100/1088/1121 7080/1088/1121
f 7080/1088/1121 7100/1088/1121 7086/1088/1122 7081/1088/1122
f 7081/1088/1122 7086/1088/1122 7101/1088/1123 7082/1088/1123
f 7082/1088/1123 7101/1088/1123 7083/1088/1105 7067/1088/1105
f 7083/1088/1105 7106/1088/1105 7107/1088/1106 7087/1088/1124
f 7087/1088/1124 7107/1088/1106 7108/1088/1107 7084/1088/1107
f 7084/1088/1107 7108/1088/1107 7109/1088/1108 7088/1088/1108
f 7088/1088/1108 7109/1088/1108 7110/1088/1109 7089/1088/1109
f 7089/1088/1109 7110/1088/1109 7111/1088/1110 7090/1088/1110
f 7090/1088/1110 7111/1088/1110 7102/1088/1111 7091/1088/1111
f 7091/1088/1111 7102/1088/1111 7103/1088/1112 7092/1088/1112
f 7092/1088/1112 7103/1088/1112 7112/1088/1113 7093/1088/1113
f 7093/1088/1113 7112/1088/1113 7113/1088/1114 7094/1088/1114
f 7094/1088/1114 7113/1088/1114 7114/1088/1115 7095/1088/1115
f 7095/1088/1115 7114/1088/1115 7115/1088/1116 7096/1088/1116
f 7096/1088/1116 7115/1088/1116 7104/1088/1117 7097/1088/1117
f 7097/1088/1117 7104/1088/1117 7116/1088/1118 7098/1088/1118
f 7098/1088/1118 7116/1088/1118 7117/1088/1119 7099/1088/1119
f 7099/1088/1119 7117/1088/1119 7118/1088/1120 7085/1088/1120
f 7085/1088/1120 7118/1088/1120 7119/1088/1121 7100/1088/1121
f 7100/1088/1121 7119/1088/1121 7105/1088/1122 7086/1088/1122
f 7086/1088/1122 7105/1088/1122 7120/1088/1123 7101/1088/1123
f 7101/1088/1123 7120/1088/1123 7106/1088/1105 7083/1088/1105
f 7106/1088/1105 7121/1088/1105 7122/1088/1124 7107/1088/1106
f 7107/1088/1106 7122/1088/1124 7123/1088/1107 7108/1088/1107
f 7108/1088/1107 7123/1088/1107 7126/1088/1108 7109/1088/1108
f 7109/1088/1108 7126/1088/1108 7127/1088/1109 7110/1088/1109
f 7110/1088/1109 7127/1088/1109 7128/1088/1110 7111/1088/1110
f 7111/1088/1110 7128/1088/1110 7129/1088/1111 7102/1088/1111
f 7102/1088/1111 7129/1088/1111 7130/1088/1112 7103/1088/1112
f 7103/1088/1112 7130/1088/1112 7131/1088/1113 7112/1088/1113
f 7112/1088/1113 7131/1088/1113 7132/1088/1114 7113/1088/1114
f 7113/1088/1114 7132/1088/1114 7133/1088/1115 7114/1088/1115
f 7114/1088/1115 7133/1088/1115 7134/1088/1116 7115/1088/1116
f 7115/1088/1116 7134/1088/1116 7124/1088/1117 7104/1088/1117
f 7104/1088/1117 7124/1088/1117 7135/1088/1118 7116/1088/1118
f 7116/1088/1118 7135/1088/1118 7136/1088/1119 7117/1088/1119
f 7117/1088/1119 7136/1088/1119 7137/1088/1120 7118/1088/1120
f 7118/1088/1120 7137/1088/1120 7138/1088/1121 7119/1088/1121
f 7119/1088/1121 7138/1088/1121 7125/1088/1122 7105/1088/1122
f 7105/1088/1122 7125/1088/1122 7139/1088/1123 7120/1088/1123
f 7120/1088/1123 7139/1088/1123 7121/1088/1105 7106/1088/1105
f 7121/1088/1105 7140/1088/1105 7141/1088/1106 7122/1088/1124
f 7122/1088/1124 7141/1088/1106 7142/1088/1107 7123/1088/1107
f 7123/1088/1107 7142/1088/1107 7153/1088/1108 7126/1088/1108
f 7126/1088/1108 7153/1088/1108 7154/1088/1109 7127/1088/1109
f 7127/1088/1109 7154/1088/1109 7143/1088/1110 7128/1088/1110
f 7128/1088/1110 7143/1088/1110 7155/1088/1111 7129/1088/1111
f 7129/1088/1111 7155/1088/1111 7144/1088/1112 7130/1088/1112
f 7130/1088/1112 7144/1088/1112 7145/1088/1113 7131/1088/1113
f 7131/1088/1113 7145/1088/1113 7156/1088/1114 7132/1088/1114
f 7132/1088/1114 7156/1088/1114 7146/1088/1115 7133/1088/1115
f 7133/1088/1115 7146/1088/1115 7147/1088/1116 7134/1088/1116
f 7134/1088/1116 7147/1088/1116 7148/1088/1117 7124/1088/1117
f 7124/1088/1117 7148/1088/1117 7157/1088/1118 7135/1088/1118
f 7135/1088/1118 7157/1088/1118 7149/1088/1119 7136/1088/1119
f 7136/1088/1119 7149/1088/1119 7150/1088/1120 7137/1088/1120
f 7137/1088/1120 7150/1088/1120 7158/1088/1121 7138/1088/1121
f 7138/1088/1121 7158/1088/1121 7151/1088/1122 7125/1088/1122
f 7125/1088/1122 7151/1088/1122 7152/1088/1123 7139/1088/1123
f 7139/1088/1123 7152/1088/1123 7140/1088/1105 7121/1088/1105
f 7140/1088/1105 7159/1088/1105 7160/1088/1106 7141/1088/1106
f 7141/1088/1106 7160/1088/1106 7161/1088/1107 7142/1088/1107
f 7142/1088/1107 7161/1088/1107 7162/1088/1108 7153/1088/1108
f 7153/1088/1108 7162/1088/1108 7163/1088/1109 7154/1088/1109
f 7154/1088/1109 7163/1088/1109 7164/1088/1110 7143/1088/1110
f 7143/1088/1110 7164/1088/1110 7165/1088/1111 7155/1088/1111
f 7155/1088/1111 7165/1088/1111 7166/1088/1112 7144/1088/1112
f 7144/1088/1112 7166/1088/1112 7167/1088/1113 7145/1088/1113
f 7145/1088/1113 7167/1088/1113 7168/1088/1114 7156/1088/1114
f 7156/1088/1114 7168/1088/1114 7169/1088/1115 7146/1088/1115
f 7146/1088/1115 7169/1088/1115 7170/1088/1116 7147/1088/1116
f 7147/1088/1116 7170/1088/1116 7171/1088/1117 7148/1088/1117
f 7148/1088/1117 7171/1088/1117 7172/1088/1118 7157/1088/1118
f 7157/1088/1118 7172/1088/1118 7173/1088/1119 7149/1088/1119
f 7149/1088/1119 7173/1088/1119 7174/1088/1120 7150/1088/1120
f 7150/1088/1120 7174/1088/1120 7175/1088/1121 7158/1088/1121
f 7158/1088/1121 7175/1088/1121 7176/1088/1122 7151/1088/1122
f 7151/1088/1122 7176/1088/1122 7177/1088/1123 7152/1088/1123
f 7152/1088/1123 7177/1088/1123 7159/1088/1105 7140/1088/1105
f 7178/1088/1356 7200/1088/1356 7194/1088/1357 7179/1088/1357
f 7179/1088/1357 7194/1088/1357 7201/1088/1358 7180/1088/1358
f 7180/1088/1358 7201/1088/1358 7202/1088/1359 7181/1088/1359
f 7181/1088/1359 7202/1088/1359 7203/1088/1360 4970/1088/1360
f 4970/1088/1360 7203/1088/1360 7195/1088/1361 7182/1088/1361
f 7182/1088/1361 7195/1088/1361 7196/1088/1362 7183/1088/1362
f 7183/1088/1362 7196/1088/1362 7197/1088/1363 4971/1088/1363
f 4971/1088/1363 7197/1088/1363 7204/1088/1364 7184/1088/1364
f 7184/1088/1364 7204/1088/1364 7205/1088/1365 7185/1088/1365
f 7185/1088/1365 7205/1088/1365 7206/1088/1366 4972/1088/1366
f 4972/1088/1366 7206/1088/1366 7207/1088/1367 7186/1088/1367
f 7186/1088/1367 7207/1088/1367 7208/1088/1368 7187/1088/1368
f 7187/1088/1368 7208/1088/1368 7209/1088/1369 7188/1088/1369
f 7188/1088/1369 7209/1088/1369 7198/1088/1370 7189/1088/1370
f 7189/1088/1370 7198/1088/1370 7210/1088/1371 7190/1088/1371
f 7190/1088/1371 7210/1088/1371 7199/1088/1372 7191/1088/1372
f 7191/1088/1372 7199/1088/1372 7211/1088/1373 7192/1088/1373
f 7192/1088/1373 7211/1088/1373 7212/1088/1374 7193/1088/1374
f 7193/1088/1374 7212/1088/1374 7200/1088/1356 7178/1088/1356
f 7200/1088/1356 7220/1088/1356 7221/1088/1357 7194/1088/1357
f 7194/1088/1357 7221/1088/1357 7222/1088/1358 7201/1088/1358
f 7201/1088/1358 7222/1088/1358 7223/1088/1359 7202/1088/1359
f 7202/1088/1359 7223/1088/1359 7213/1088/1360 7203/1088/1360
f 7203/1088/1360 7213/1088/1360 7224/1088/1361 7195/1088/1361
f 7195/1088/1361 7224/1088/1361 7214/1088/1362 7196/1088/1362
f 7196/1088/1362 7214/1088/1362 7225/1088/1363 7197/1088/1363
f 7197/1088/1363 7225/1088/1363 7226/1088/1364 7204/1088/1364
f 7204/1088/1364 7226/1088/1364 7215/1088/1365 7205/1088/1365
f 7205/1088/1365 7215/1088/1365 7216/1088/1366 7206/1088/1366
f 7206/1088/1366 7216/1088/1366 7217/1088/1375 7207/1088/1367
f 7207/1088/1367 7217/1088/1375 7227/1088/1368 7208/1088/1368
f 7208/1088/1368 7227/1088/1368 7218/1088/1369 7209/1088/1369
f 7209/1088/1369 7218/1088/1369 7219/1088/1370 7198/1088/1370
f 7198/1088/1370 7219/1088/1370 7228/1088/1371 7210/1088/1371
f 7210/1088/1371 7228/1088/1371 7229/1088/1372 7199/1088/1372
f 7199/1088/1372 7229/1088/1372 7230/1088/1373 7211/1088/1373
f 7211/1088/1373 7230/1088/1373 7231/1088/1716 7212/1088/1374
f 7212/1088/1374 7231/1088/1716 7220/1088/1356 7200/1088/1356
f 7220/1088/1356 7232/1088/1356 7240/1088/1376 7221/1088/1357
f 7221/1088/1357 7240/1088/1376 7233/1088/1358 7222/1088/1358
f 7222/1088/1358 7233/1088/1358 7234/1088/1359 7223/1088/1359
f 7223/1088/1359 7234/1088/1359 7235/1088/1360 7213/1088/1360
f 7213/1088/1360 7235/1088/1360 7236/1088/1361 7224/1088/1361
f 7224/1088/1361 7236/1088/1361 7241/1088/1362 7214/1088/1362
f 7214/1088/1362 7241/1088/1362 7242/1088/1363 7225/1088/1363
f 7225/1088/1363 7242/1088/1363 7243/1088/1364 7226/1088/1364
f 7226/1088/1364 7243/1088/1364 7244/1088/1365 7215/1088/1365
f 7215/1088/1365 7244/1088/1365 7245/1088/1366 7216/1088/1366
f 7216/1088/1366 7245/1088/1366 7246/1088/1367 7217/1088/1375
f 7217/1088/1375 7246/1088/1367 7247/1088/1368 7227/1088/1368
f 7227/1088/1368 7247/1088/1368 7248/1088/1369 7218/1088/1369
f 7218/1088/1369 7248/1088/1369 7237/1088/1377 7219/1088/1370
f 7219/1088/1370 7237/1088/1377 7249/1088/1371 7228/1088/1371
f 7228/1088/1371 7249/1088/1371 7238/1088/1372 7229/1088/1372
f 7229/1088/1372 7238/1088/1372 7250/1088/1373 7230/1088/1373
f 7230/1088/1373 7250/1088/1373 7239/1088/1374 7231/1088/1716
f 7231/1088/1716 7239/1088/1374 7232/1088/1356 7220/1088/1356
f 7232/1088/1356 7251/1088/1356 7261/1088/1357 7240/1088/1376
f 7240/1088/1376 7261/1088/1357 7262/1088/1358 7233/1088/1358
f 7233/1088/1358 7262/1088/1358 7252/1088/1359 7234/1088/1359
f 7234/1088/1359 7252/1088/1359 7263/1088/1360 7235/1088/1360
f 7235/1088/1360 7263/1088/1360 7264/1088/1361 7236/1088/1361
f 7236/1088/1361 7264/1088/1361 7265/1088/1362 7241/1088/1362
f 7241/1088/1362 7265/1088/1362 7253/1088/1363 7242/1088/1363
f 7242/1088/1363 7253/1088/1363 7254/1088/1364 7243/1088/1364
f 7243/1088/1364 7254/1088/1364 7255/1088/1365 7244/1088/1365
f 7244/1088/1365 7255/1088/1365 7256/1088/1366 7245/1088/1366
f 7245/1088/1366 7256/1088/1366 7257/1088/1375 7246/1088/1367
f 7246/1088/1367 7257/1088/1375 7258/1088/1368 7247/1088/1368
f 7247/1088/1368 7258/1088/1368 7259/1088/1369 7248/1088/1369
f 7248/1088/1369 7259/1088/1369 7266/1088/1370 7237/1088/1377
f 7237/1088/1377 7266/1088/1370 7267/1088/1371 7249/1088/1371
f 7249/1088/1371 7267/1088/1371 7260/1088/1372 7238/1088/1372
f 7238/1088/1372 7260/1088/1372 7268/1088/1373 7250/1088/1373
f 7250/1088/1373 7268/1088/1373 7269/1088/1374 7239/1088/1374
f 7239/1088/1374 7269/1088/1374 7251/1088/1356 7232/1088/1356
f 7251/1088/1356 7270/1088/1356 7271/1088/1357 7261/1088/1357
f 7261/1088/1357 7271/1088/1357 7278/1088/1358 7262/1088/1358
f 7262/1088/1358 7278/1088/1358 7279/1088/1359 7252/1088/1359
f 7252/1088/1359 7279/1088/1359 7280/1088/1360 7263/1088/1360
f 7263/1088/1360 7280/1088/1360 7281/1088/1361 7264/1088/1361
f 7264/1088/1361 7281/1088/1361 7282/1088/1362 7265/1088/1362
f 7265/1088/1362 7282/1088/1362 7283/1088/1363 7253/1088/1363
f 7253/1088/1363 7283/1088/1363 7272/1088/1364 7254/1088/1364
f 7254/1088/1364 7272/1088/1364 7284/1088/1365 7255/1088/1365
f 7255/1088/1365 7284/1088/1365 7285/1088/1366 7256/1088/1366
f 7256/1088/1366 7285/1088/1366 7273/1088/1367 7257/1088/1375
f 7257/1088/1375 7273/1088/1367 7274/1088/1368 7258/1088/1368
f 7258/1088/1368 7274/1088/1368 7275/1088/1369 7259/1088/1369
f 7259/1088/1369 7275/1088/1369 7286/1088/1370 7266/1088/1370
f 7266/1088/1370 7286/1088/1370 7287/1088/1371 7267/1088/1371
f 7267/1088/1371 7287/1088/1371 7276/1088/1372 7260/1088/1372
f 7260/1088/1372 7276/1088/1372 7277/1088/1373 7268/1088/1373
f 7268/1088/1373 7277/1088/1373 7288/1088/1374 7269/1088/1374
f 7269/1088/1374 7288/1088/1374 7270/1088/1356 7251/1088/1356
f 7270/1088/1356 7289/1088/1356 7290/1088/1376 7271/1088/1357
f 7271/1088/1357 7290/1088/1376 7291/1088/1358 7278/1088/1358
f 7278/1088/1358 7291/1088/1358 7292/1088/1359 7279/1088/1359
f 7279/1088/1359 7292/1088/1359 7293/1088/1360 7280/1088/1360
f 7280/1088/1360 7293/1088/1360 7294/1088/1361 7281/1088/1361
f 7281/1088/1361 7294/1088/1361 7295/1088/1362 7282/1088/1362
f 7282/1088/1362 7295/1088/1362 7299/1088/1363 7283/1088/1363
f 7283/1088/1363 7299/1088/1363 7300/1088/1364 7272/1088/1364
f 7272/1088/1364 7300/1088/1364 7296/1088/1717 7284/1088/1365
f 7284/1088/1365 7296/1088/1717 7297/1088/1366 7285/1088/1366
f 7285/1088/1366 7297/1088/1366 7301/1088/1367 7273/1088/1367
f 7273/1088/1367 7301/1088/1367 7302/1088/1368 7274/1088/1368
f 7274/1088/1368 7302/1088/1368 7303/1088/1369 7275/1088/1369
f 7275/1088/1369 7303/1088/1369 7304/1088/1370 7286/1088/1370
f 7286/1088/1370 7304/1088/1370 7305/1088/1371 7287/1088/1371
f 7287/1088/1371 7305/1088/1371 7306/1088/1372 7276/1088/1372
f 7276/1088/1372 7306/1088/1372 7298/1088/1373 7277/1088/1373
f 7277/1088/1373 7298/1088/1373 7307/1088/1374 7288/1088/1374
f 7288/1088/1374 7307/1088/1374 7289/1088/1356 7270/1088/1356
f 7289/1088/1356 7315/1088/1356 7316/1088/1376 7290/1088/1376
f 7290/1088/1376 7316/1088/1376 7317/1088/1358 7291/1088/1358
f 7291/1088/1358 7317/1088/1358 7318/1088/1359 7292/1088/1359
f 7292/1088/1359 7318/1088/1359 7319/1088/1360 7293/1088/1360
f 7293/1088/1360 7319/1088/1360 7320/1088/1361 7294/1088/1361
f 7294/1088/1361 7320/1088/1361 7321/1088/1362 7295/1088/1362
f 7295/1088/1362 7321/1088/1362 7322/1088/1363 7299/1088/1363
f 7299/1088/1363 7322/1088/1363 7323/1088/1364 7300/1088/1364
f 7300/1088/1364 7323/1088/1364 7308/1088/1717 7296/1088/1717
f 7296/1088/1717 7308/1088/1717 7309/1088/1366 7297/1088/1366
f 7297/1088/1366 7309/1088/1366 7310/1088/1367 7301/1088/1367
f 7301/1088/1367 7310/1088/1367 7311/1088/1368 7302/1088/1368
f 7302/1088/1368 7311/1088/1368 7312/1088/1369 7303/1088/1369
f 7303/1088/1369 7312/1088/1369 7313/1088/1370 7304/1088/1370
f 7304/1088/1370 7313/1088/1370 7324/1088/1371 7305/1088/1371
f 7305/1088/1371 7324/1088/1371 7314/1088/1372 7306/1088/1372
f 7306/1088/1372 7314/1088/1372 7325/1088/1373 7298/1088/1373
f 7298/1088/1373 7325/1088/1373 7326/1088/1374 7307/1088/1374
f 7307/1088/1374 7326/1088/1374 7315/1088/1356 7289/1088/1356
f 7315/1088/1356 7335/1088/1356 7336/1088/1357 7316/1088/1376
f 7316/1088/1376 7336/1088/1357 7327/1088/1358 7317/1088/1358
f 7317/1088/1358 7327/1088/1358 7328/1088/1359 7318/1088/1359
f 7318/1088/1359 7328/1088/1359 7329/1088/1360 7319/1088/1360
f 7319/1088/1360 7329/1088/1360 7330/1088/1361 7320/1088/1361
f 7320/1088/1361 7330/1088/1361 7331/1088/1362 7321/1088/1362
f 7321/1088/1362 7331/1088/1362 7332/1088/1363 7322/1088/1363
f 7322/1088/1363 7332/1088/1363 7333/1088/1364 7323/1088/1364
f 7323/1088/1364 7333/1088/1364 7334/1088/1717 7308/1088/1717
f 7308/1088/1717 7334/1088/1717 7337/1088/1366 7309/1088/1366
f 7309/1088/1366 7337/1088/1366 7338/1088/1367 7310/1088/1367
f 7310/1088/1367 7338/1088/1367 7339/1088/1368 7311/1088/1368
f 7311/1088/1368 7339/1088/1368 7340/1088/1369 7312/1088/1369
f 7312/1088/1369 7340/1088/1369 7341/1088/1370 7313/1088/1370
f 7313/1088/1370 7341/1088/1370 7342/1088/1371 7324/1088/1371
f 7324/1088/1371 7342/1088/1371 7343/1088/1372 7314/1088/1372
f 7314/1088/1372 7343/1088/1372 7344/1088/1373 7325/1088/1373
f 7325/1088/1373 7344/1088/1373 7345/1088/1374 7326/1088/1374
f 7326/1088/1374 7345/1088/1374 7335/1088/1356 7315/1088/1356
f 7335/1088/1356 7358/1088/1356 7346/1088/1357 7336/1088/1357
f 7336/1088/1357 7346/1088/1357 7347/1088/1358 7327/1088/1358
f 7327/1088/1358 7347/1088/1358 7359/1088/1359 7328/1088/1359
f 7328/1088/1359 7359/1088/1359 7348/1088/1360 7329/1088/1360
f 7329/1088/1360 7348/1088/1360 7349/1088/1361 7330/1088/1361
f 7330/1088/1361 7349/1088/1361 7360/1088/1362 7331/1088/1362
f 7331/1088/1362 7360/1088/1362 7361/1088/1363 7332/1088/1363
f 7332/1088/1363 7361/1088/1363 7350/1088/1364 7333/1088/1364
f 7333/1088/1364 7350/1088/1364 7362/1088/1365 7334/1088/1717
f 7334/1088/1717 7362/1088/1365 7363/1088/1366 7337/1088/1366
f 7337/1088/1366 7363/1088/1366 7351/1088/1375 7338/1088/1367
f 7338/1088/1367 7351/1088/1375 7352/1088/1368 7339/1088/1368
f 7339/1088/1368 7352/1088/1368 7353/1088/1369 7340/1088/1369
f 7340/1088/1369 7353/1088/1369 7364/1088/1370 7341/1088/1370
f 7341/1088/1370 7364/1088/1370 7354/1088/1718 7342/1088/1371
f 7342/1088/1371 7354/1088/1718 7355/1088/1372 7343/1088/1372
f 7343/1088/1372 7355/1088/1372 7356/1088/1373 7344/1088/1373
f 7344/1088/1373 7356/1088/1373 7357/1088/1374 7345/1088/1374
f 7345/1088/1374 7357/1088/1374 7358/1088/1356 7335/1088/1356
f 7358/1088/1356 7365/1088/1356 7366/1088/1376 7346/1088/1357
f 7346/1088/1357 7366/1088/1376 7367/1088/1358 7347/1088/1358
f 7347/1088/1358 7367/1088/1358 7368/1088/1359 7359/1088/1359
f 7359/1088/1359 7368/1088/1359 7369/1088/1719 7348/1088/1360
f 7348/1088/1360 7369/1088/1719 7370/1088/1720 7349/1088/1361
f 7349/1088/1361 7370/1088/1720 7371/1088/1362 7360/1088/1362
f 7360/1088/1362 7371/1088/1362 7372/1088/1363 7361/1088/1363
f 7361/1088/1363 7372/1088/1363 7373/1088/1364 7350/1088/1364
f 7350/1088/1364 7373/1088/1364 7374/1088/1717 7362/1088/1365
f 7362/1088/1365 7374/1088/1717 7375/1088/1721 7363/1088/1366
f 7363/1088/1366 7375/1088/1721 7376/1088/1367 7351/1088/1375
f 7351/1088/1375 7376/1088/1367 7377/1088/1368 7352/1088/1368
f 7352/1088/1368 7377/1088/1368 7378/1088/1369 7353/1088/1369
f 7353/1088/1369 7378/1088/1369 7379/1088/1722 7364/1088/1370
f 7364/1088/1370 7379/1088/1722 7380/1088/1371 7354/1088/1718
f 7354/1088/1718 7380/1088/1371 7381/1088/1372 7355/1088/1372
f 7355/1088/1372 7381/1088/1372 7382/1088/1373 7356/1088/1373
f 7356/1088/1373 7382/1088/1373 7383/1088/1374 7357/1088/1374
f 7357/1088/1374 7383/1088/1374 7365/1088/1356 7358/1088/1356
