# Blender 4.5.1 LTS
# www.blender.org
mtllib eteno.mtl
o eteno
v 0.655000 0.356464 -0.293090
v 0.655000 0.292423 -0.357131
v 0.655000 0.176133 -0.426832
v 0.655000 0.133445 -0.442106
v 0.655000 0.089465 -0.453123
v 0.655000 0.044617 -0.459775
v 0.655000 -0.045951 -0.459775
v 0.655000 -0.090798 -0.453123
v 0.655000 -0.218452 -0.407448
v 0.655000 -0.257340 -0.384139
v 0.655000 -0.293756 -0.357131
v 0.655000 -0.357798 -0.293090
v 0.655000 -0.384806 -0.256673
v 0.655000 -0.408114 -0.217785
v 0.655000 -0.453789 -0.090132
v 0.655000 -0.460442 -0.045284
v 0.663835 0.459109 -0.044414
v 0.672584 0.452456 -0.088400
v 0.681164 0.441440 -0.131535
v 0.689492 0.426166 -0.173403
v 0.697488 0.406781 -0.213601
v 0.705075 0.383472 -0.251742
v 0.712179 0.356464 -0.287458
v 0.718733 0.326017 -0.320406
v 0.724673 0.292423 -0.350269
v 0.729942 0.256007 -0.376758
v 0.734489 0.217119 -0.399619
v 0.738271 0.176133 -0.418631
v 0.741251 0.133445 -0.433611
v 0.743400 0.089465 -0.444416
v 0.744698 0.044617 -0.450941
v 0.745132 -0.000667 -0.453123
v 0.744698 -0.045951 -0.450941
v 0.743400 -0.090798 -0.444416
v 0.741251 -0.134778 -0.433611
v 0.738271 -0.177466 -0.418631
v 0.734489 -0.218452 -0.399619
v 0.729942 -0.257340 -0.376758
v 0.724673 -0.293756 -0.350269
v 0.718733 -0.327350 -0.320406
v 0.712179 -0.357798 -0.287458
v 0.705075 -0.384806 -0.251742
v 0.697488 -0.408114 -0.213601
v 0.689492 -0.427499 -0.173403
v 0.681164 -0.442773 -0.131535
v 0.672584 -0.453789 -0.088400
v 0.663835 -0.460442 -0.044414
v 0.672330 0.459109 -0.041837
v 0.689492 0.452456 -0.083271
v 0.706322 0.441440 -0.123903
v 0.722658 0.426166 -0.163342
v 0.738343 0.406781 -0.201207
v 0.753225 0.383472 -0.237135
v 0.767161 0.356464 -0.270780
v 0.780016 0.326017 -0.301816
v 0.791668 0.292423 -0.329946
v 0.802004 0.256007 -0.354898
v 0.810924 0.217119 -0.376433
v 0.818342 0.176133 -0.394342
v 0.824187 0.133445 -0.408453
v 0.828403 0.089465 -0.418631
v 0.830949 0.044617 -0.424777
v 0.831800 -0.000667 -0.426832
v 0.830949 -0.045951 -0.424777
v 0.828403 -0.090798 -0.418631
v 0.824187 -0.134778 -0.408453
v 0.818342 -0.177466 -0.394342
v 0.810924 -0.218452 -0.376433
v 0.802004 -0.257340 -0.354898
v 0.791668 -0.293756 -0.329946
v 0.780016 -0.327350 -0.301816
v 0.767161 -0.357798 -0.270780
v 0.753225 -0.384806 -0.237135
v 0.738343 -0.408114 -0.201207
v 0.722658 -0.427499 -0.163342
v 0.706322 -0.442773 -0.123903
v 0.689492 -0.453789 -0.083271
v 0.672330 -0.460442 -0.041837
v 0.680158 0.459109 -0.037652
v 0.705075 0.452456 -0.074942
v 0.729508 0.441440 -0.111510
v 0.753225 0.426166 -0.147004
v 0.775995 0.406781 -0.181082
v 0.797600 0.383472 -0.213416
v 0.817832 0.356464 -0.243695
v 0.836496 0.326017 -0.271627
v 0.853411 0.292423 -0.296943
v 0.868416 0.256007 -0.319400
v 0.881366 0.217119 -0.338780
v 0.892135 0.176133 -0.354898
v 0.900621 0.133445 -0.367598
v 0.906742 0.089465 -0.376758
v 0.910438 0.044617 -0.382289
v 0.911674 -0.000667 -0.384139
v 0.910438 -0.045951 -0.382289
v 0.906742 -0.090798 -0.376758
v 0.900621 -0.134778 -0.367598
v 0.892135 -0.177466 -0.354898
v 0.881366 -0.218452 -0.338780
v 0.868416 -0.257340 -0.319400
v 0.853411 -0.293756 -0.296943
v 0.836496 -0.327350 -0.271627
v 0.817832 -0.357798 -0.243695
v 0.797600 -0.384806 -0.213416
v 0.775995 -0.408114 -0.181082
v 0.753225 -0.427499 -0.147004
v 0.729508 -0.442773 -0.111510
v 0.705075 -0.453789 -0.074942
v 0.680158 -0.460442 -0.037652
v 0.687021 0.459109 -0.032021
v 0.718733 0.452456 -0.063733
v 0.749831 0.441440 -0.094831
v 0.780016 0.426166 -0.125016
v 0.808998 0.406781 -0.153997
v 0.836496 0.383472 -0.181496
v 0.862246 0.356464 -0.207246
v 0.886000 0.326017 -0.231000
v 0.907530 0.292423 -0.252530
v 0.926627 0.256007 -0.271627
v 0.943109 0.217119 -0.288109
v 0.956816 0.176133 -0.301816
v 0.967617 0.133445 -0.312616
v 0.975406 0.089465 -0.320406
v 0.980110 0.044617 -0.325110
v 0.981683 -0.000667 -0.326683
v 0.980110 -0.045951 -0.325110
v 0.975406 -0.090798 -0.320406
v 0.967617 -0.134778 -0.312616
v 0.956816 -0.177466 -0.301816
v 0.943109 -0.218452 -0.288109
v 0.926627 -0.257340 -0.271627
v 0.907530 -0.293756 -0.252530
v 0.886000 -0.327350 -0.231000
v 0.862246 -0.357798 -0.207246
v 0.836496 -0.384806 -0.181496
v 0.808998 -0.408114 -0.153997
v 0.780016 -0.427499 -0.125016
v 0.749831 -0.442773 -0.094831
v 0.718733 -0.453789 -0.063733
v 0.687021 -0.460442 -0.032021
v 0.692652 0.459109 -0.025158
v 0.729942 0.452456 -0.050074
v 0.766510 0.441440 -0.074508
v 0.802004 0.426166 -0.098225
v 0.836082 0.406781 -0.120995
v 0.868416 0.383472 -0.142600
v 0.898695 0.356464 -0.162832
v 0.926627 0.326017 -0.181496
v 0.951944 0.292423 -0.198411
v 0.974400 0.256007 -0.213416
v 0.993780 0.217119 -0.226366
v 1.009898 0.176133 -0.237135
v 1.022598 0.133445 -0.245621
v 1.031758 0.089465 -0.251741
v 1.037289 0.044617 -0.255437
v 1.039139 -0.000667 -0.256673
v 1.037289 -0.045951 -0.255437
v 1.031758 -0.090798 -0.251741
v 1.022598 -0.134778 -0.245621
v 1.009898 -0.177466 -0.237135
v 0.993780 -0.218452 -0.226366
v 0.974400 -0.257340 -0.213416
v 0.951944 -0.293756 -0.198411
v 0.926627 -0.327350 -0.181496
v 0.898695 -0.357798 -0.162832
v 0.868416 -0.384806 -0.142600
v 0.836082 -0.408114 -0.120995
v 0.802004 -0.427499 -0.098225
v 0.766510 -0.442773 -0.074508
v 0.729942 -0.453789 -0.050074
v 0.692652 -0.460442 -0.025158
v 0.696837 0.459109 -0.017329
v 0.738271 0.452456 -0.034492
v 0.778903 0.441440 -0.051322
v 0.818342 0.426166 -0.067658
v 0.856207 0.406781 -0.083343
v 0.892135 0.383472 -0.098225
v 0.925780 0.356464 -0.112161
v 0.956816 0.326017 -0.125016
v 0.984946 0.292423 -0.136668
v 1.009898 0.256007 -0.147004
v 1.031433 0.217119 -0.155923
v 1.049342 0.176133 -0.163342
v 1.063453 0.133445 -0.169187
v 1.073631 0.089465 -0.173403
v 1.079777 0.044617 -0.175948
v 1.081832 -0.000667 -0.176800
v 1.079777 -0.045951 -0.175948
v 1.073631 -0.090798 -0.173403
v 1.063453 -0.134778 -0.169187
v 1.049342 -0.177466 -0.163342
v 1.031433 -0.218452 -0.155923
v 1.009898 -0.257340 -0.147004
v 0.984946 -0.293756 -0.136668
v 0.956816 -0.327350 -0.125016
v 0.925780 -0.357798 -0.112161
v 0.892135 -0.384806 -0.098225
v 0.856207 -0.408114 -0.083343
v 0.818342 -0.427499 -0.067658
v 0.778903 -0.442773 -0.051322
v 0.738271 -0.453789 -0.034492
v 0.696837 -0.460442 -0.017329
v 0.699414 0.459109 -0.008834
v 0.743400 0.452456 -0.017584
v 0.786535 0.441440 -0.026164
v 0.828403 0.426166 -0.034492
v 0.868601 0.406781 -0.042488
v 0.906742 0.383472 -0.050074
v 0.942458 0.356464 -0.057179
v 0.975406 0.326017 -0.063733
v 1.005269 0.292423 -0.069673
v 1.031758 0.256007 -0.074942
v 1.054619 0.217119 -0.079489
v 1.073631 0.176133 -0.083271
v 1.088612 0.133445 -0.086251
v 1.099416 0.089465 -0.088400
v 1.105941 0.044617 -0.089698
v 1.108123 -0.000667 -0.090132
v 1.105941 -0.045951 -0.089698
v 1.099416 -0.090798 -0.088400
v 1.088612 -0.134778 -0.086251
v 1.073631 -0.177466 -0.083271
v 1.054619 -0.218452 -0.079489
v 1.031758 -0.257340 -0.074942
v 1.005269 -0.293756 -0.069673
v 0.975406 -0.327350 -0.063733
v 0.942458 -0.357798 -0.057179
v 0.906742 -0.384806 -0.050074
v 0.868601 -0.408114 -0.042488
v 0.828403 -0.427499 -0.034492
v 0.786535 -0.442773 -0.026164
v 0.743400 -0.453789 -0.017584
v 0.699414 -0.460442 -0.008834
v 0.700284 0.459109 -0.000000
v 0.745132 0.452456 -0.000000
v 0.789112 0.441440 -0.000000
v 0.831800 0.426166 -0.000000
v 0.872785 0.406781 -0.000000
v 0.911674 0.383472 -0.000000
v 0.948090 0.356464 -0.000000
v 0.981683 0.326017 -0.000000
v 1.012131 0.292423 -0.000000
v 1.039139 0.256007 -0.000000
v 1.062448 0.217119 -0.000000
v 1.081832 0.176133 -0.000000
v 1.097106 0.133445 -0.000000
v 1.108123 0.089465 -0.000000
v 1.114775 0.044617 -0.000000
v 1.117000 -0.000667 0.000000
v 1.114775 -0.045951 0.000000
v 1.108123 -0.090798 0.000000
v 1.097106 -0.134778 0.000000
v 1.081832 -0.177466 0.000000
v 1.062448 -0.218452 0.000000
v 1.039139 -0.257340 0.000000
v 1.012131 -0.293756 0.000000
v 0.981683 -0.327350 0.000000
v 0.948090 -0.357798 0.000000
v 0.911674 -0.384806 0.000000
v 0.872785 -0.408114 0.000000
v 0.831800 -0.427499 0.000000
v 0.789112 -0.442773 0.000000
v 0.745132 -0.453789 0.000000
v 0.700284 -0.460442 0.000000
v 0.699414 0.459109 0.008834
v 0.743400 0.452456 0.017584
v 0.786535 0.441440 0.026164
v 0.828403 0.426166 0.034492
v 0.868601 0.406781 0.042488
v 0.906742 0.383472 0.050075
v 0.942458 0.356464 0.057179
v 0.975406 0.326017 0.063733
v 1.005269 0.292423 0.069673
v 1.031758 0.256007 0.074942
v 1.054619 0.217119 0.079489
v 1.073631 0.176133 0.083271
v 1.088612 0.133445 0.086251
v 1.099416 0.089465 0.088400
v 1.105941 0.044617 0.089698
v 1.108123 -0.000667 0.090132
v 1.105941 -0.045951 0.089698
v 1.099416 -0.090798 0.088400
v 1.088612 -0.134778 0.086251
v 1.073631 -0.177466 0.083271
v 1.054619 -0.218452 0.079489
v 1.031758 -0.257340 0.074942
v 1.005269 -0.293756 0.069673
v 0.975406 -0.327350 0.063733
v 0.942458 -0.357798 0.057179
v 0.906742 -0.384806 0.050075
v 0.868601 -0.408114 0.042488
v 0.828403 -0.427499 0.034492
v 0.786535 -0.442773 0.026164
v 0.743400 -0.453789 0.017584
v 0.699414 -0.460442 0.008834
v 0.696837 0.459109 0.017329
v 0.738271 0.452456 0.034492
v 0.778903 0.441440 0.051322
v 0.818342 0.426166 0.067658
v 0.856207 0.406781 0.083343
v 0.892135 0.383472 0.098225
v 0.925780 0.356464 0.112161
v 0.956816 0.326017 0.125016
v 0.984946 0.292423 0.136668
v 1.009898 0.256007 0.147004
v 1.031432 0.217119 0.155923
v 1.049342 0.176133 0.163342
v 1.063453 0.133445 0.169187
v 1.073631 0.089465 0.173403
v 1.079777 0.044617 0.175948
v 1.081832 -0.000667 0.176800
v 1.079777 -0.045951 0.175948
v 1.073631 -0.090798 0.173403
v 1.063453 -0.134778 0.169187
v 1.049342 -0.177466 0.163342
v 1.031432 -0.218452 0.155923
v 1.009898 -0.257340 0.147004
v 0.984946 -0.293756 0.136668
v 0.956816 -0.327350 0.125016
v 0.925780 -0.357798 0.112161
v 0.892135 -0.384806 0.098225
v 0.856207 -0.408114 0.083343
v 0.818342 -0.427499 0.067658
v 0.778903 -0.442773 0.051322
v 0.738271 -0.453789 0.034492
v 0.696837 -0.460442 0.017329
v 0.692652 0.459109 0.025158
v 0.729942 0.452456 0.050074
v 0.766510 0.441440 0.074508
v 0.802004 0.426166 0.098225
v 0.836082 0.406781 0.120995
v 0.868416 0.383472 0.142600
v 0.898695 0.356464 0.162832
v 0.926627 0.326017 0.181496
v 0.951944 0.292423 0.198411
v 0.974400 0.256007 0.213416
v 0.993780 0.217119 0.226366
v 1.009898 0.176133 0.237135
v 1.022598 0.133445 0.245621
v 1.031758 0.089465 0.251742
v 1.037289 0.044617 0.255437
v 1.039139 -0.000667 0.256673
v 1.037289 -0.045951 0.255437
v 1.031758 -0.090798 0.251742
v 1.022598 -0.134778 0.245621
v 1.009898 -0.177466 0.237135
v 0.993780 -0.218452 0.226366
v 0.974400 -0.257340 0.213416
v 0.951944 -0.293756 0.198411
v 0.926627 -0.327350 0.181496
v 0.898695 -0.357798 0.162832
v 0.868416 -0.384806 0.142600
v 0.836082 -0.408114 0.120995
v 0.802004 -0.427499 0.098225
v 0.766510 -0.442773 0.074508
v 0.729942 -0.453789 0.050074
v 0.692652 -0.460442 0.025158
v 0.687021 0.459109 0.032021
v 0.718733 0.452456 0.063733
v 0.749831 0.441440 0.094831
v 0.780016 0.426166 0.125016
v 0.808998 0.406781 0.153997
v 0.836496 0.383472 0.181496
v 0.862246 0.356464 0.207246
v 0.886000 0.326017 0.231000
v 0.907530 0.292423 0.252530
v 0.926627 0.256007 0.271627
v 0.943109 0.217119 0.288109
v 0.956816 0.176133 0.301816
v 0.967616 0.133445 0.312616
v 0.975406 0.089465 0.320406
v 0.980110 0.044617 0.325110
v 0.981683 -0.000667 0.326683
v 0.980110 -0.045951 0.325110
v 0.975406 -0.090798 0.320406
v 0.967616 -0.134778 0.312616
v 0.956816 -0.177466 0.301816
v 0.943109 -0.218452 0.288109
v 0.926627 -0.257340 0.271627
v 0.907530 -0.293756 0.252530
v 0.886000 -0.327350 0.231000
v 0.862246 -0.357798 0.207246
v 0.836496 -0.384806 0.181496
v 0.808998 -0.408114 0.153997
v 0.780016 -0.427499 0.125016
v 0.749831 -0.442773 0.094831
v 0.718733 -0.453789 0.063733
v 0.687021 -0.460442 0.032021
v 0.680158 0.459109 0.037652
v 0.705075 0.452456 0.074942
v 0.729508 0.441440 0.111510
v 0.753225 0.426166 0.147004
v 0.775995 0.406781 0.181082
v 0.797600 0.383472 0.213416
v 0.817832 0.356464 0.243695
v 0.836496 0.326017 0.271627
v 0.853411 0.292423 0.296943
v 0.868416 0.256007 0.319400
v 0.881366 0.217119 0.338780
v 0.892135 0.176133 0.354898
v 0.900621 0.133445 0.367598
v 0.906741 0.089465 0.376758
v 0.910437 0.044617 0.382289
v 0.911673 -0.000667 0.384139
v 0.910437 -0.045951 0.382289
v 0.906741 -0.090798 0.376758
v 0.900621 -0.134778 0.367598
v 0.892135 -0.177466 0.354898
v 0.881366 -0.218452 0.338780
v 0.868416 -0.257340 0.319400
v 0.853411 -0.293756 0.296943
v 0.836496 -0.327350 0.271627
v 0.817832 -0.357798 0.243695
v 0.797600 -0.384806 0.213416
v 0.775995 -0.408114 0.181082
v 0.753225 -0.427499 0.147004
v 0.729508 -0.442773 0.111510
v 0.705075 -0.453789 0.074942
v 0.680158 -0.460442 0.037652
v 0.672330 0.459109 0.041837
v 0.689492 0.452456 0.083271
v 0.706322 0.441440 0.123903
v 0.722658 0.426166 0.163342
v 0.738343 0.406781 0.201207
v 0.753225 0.383472 0.237135
v 0.767161 0.356464 0.270779
v 0.780016 0.326017 0.301816
v 0.791668 0.292423 0.329946
v 0.802004 0.256007 0.354898
v 0.810924 0.217119 0.376432
v 0.818342 0.176133 0.394342
v 0.824187 0.133445 0.408453
v 0.828403 0.089465 0.418631
v 0.830948 0.044617 0.424777
v 0.831800 -0.000667 0.426832
v 0.830948 -0.045951 0.424777
v 0.828403 -0.090798 0.418631
v 0.824187 -0.134778 0.408453
v 0.818342 -0.177466 0.394342
v 0.810924 -0.218452 0.376432
v 0.802004 -0.257340 0.354898
v 0.791668 -0.293756 0.329946
v 0.780016 -0.327350 0.301816
v 0.767161 -0.357798 0.270779
v 0.753225 -0.384806 0.237135
v 0.738343 -0.408114 0.201207
v 0.722658 -0.427499 0.163342
v 0.706322 -0.442773 0.123903
v 0.689492 -0.453789 0.083271
v 0.672330 -0.460442 0.041837
v 0.663835 0.459109 0.044414
v 0.672584 0.452456 0.088400
v 0.681164 0.441440 0.131535
v 0.689492 0.426166 0.173403
v 0.697488 0.406781 0.213601
v 0.705075 0.383472 0.251741
v 0.712179 0.356464 0.287458
v 0.718733 0.326017 0.320406
v 0.724673 0.292423 0.350269
v 0.729942 0.256007 0.376758
v 0.734489 0.217119 0.399618
v 0.738271 0.176133 0.418631
v 0.741251 0.133445 0.433611
v 0.743400 0.089465 0.444416
v 0.744698 0.044617 0.450941
v 0.745132 -0.000667 0.453123
v 0.744698 -0.045951 0.450941
v 0.743400 -0.090798 0.444416
v 0.741251 -0.134778 0.433611
v 0.738271 -0.177466 0.418631
v 0.734489 -0.218452 0.399618
v 0.729942 -0.257340 0.376758
v 0.724673 -0.293756 0.350269
v 0.718733 -0.327350 0.320406
v 0.712179 -0.357798 0.287458
v 0.705075 -0.384806 0.251741
v 0.697488 -0.408114 0.213601
v 0.689492 -0.427499 0.173403
v 0.681164 -0.442773 0.131535
v 0.672584 -0.453789 0.088400
v 0.663835 -0.460442 0.044414
v 0.655000 0.459109 0.045284
v 0.655000 0.452456 0.090132
v 0.655000 0.441440 0.134111
v 0.655000 0.426166 0.176800
v 0.655000 0.406781 0.217785
v 0.655000 0.383472 0.256673
v 0.655000 0.356464 0.293090
v 0.655000 0.326017 0.326683
v 0.655000 0.292423 0.357131
v 0.655000 0.256007 0.384139
v 0.655000 0.217119 0.407447
v 0.655000 0.176133 0.426832
v 0.655000 0.133445 0.442106
v 0.655000 0.089465 0.453123
v 0.655000 0.044617 0.459775
v 0.655000 -0.000667 0.462000
v 0.655000 -0.045951 0.459775
v 0.655000 -0.090798 0.453123
v 0.655000 -0.134778 0.442106
v 0.655000 -0.177466 0.426832
v 0.655000 -0.218452 0.407447
v 0.655000 -0.257340 0.384139
v 0.655000 -0.293756 0.357131
v 0.655000 -0.327350 0.326683
v 0.655000 -0.357798 0.293090
v 0.655000 -0.384806 0.256673
v 0.655000 -0.408114 0.217785
v 0.655000 -0.427499 0.176800
v 0.655000 -0.442773 0.134111
v 0.655000 -0.453789 0.090132
v 0.655000 -0.460442 0.045284
v 0.655000 -0.462667 0.000000
v 0.655000 0.461333 -0.000000
v 0.646166 0.459109 0.044414
v 0.637416 0.452456 0.088400
v 0.628836 0.441440 0.131535
v 0.620508 0.426166 0.173403
v 0.612512 0.406781 0.213601
v 0.604926 0.383472 0.251741
v 0.597821 0.356464 0.287458
v 0.591267 0.326017 0.320406
v 0.585327 0.292423 0.350269
v 0.580058 0.256007 0.376758
v 0.575511 0.217119 0.399618
v 0.571729 0.176133 0.418631
v 0.568749 0.133445 0.433611
v 0.566600 0.089465 0.444416
v 0.565302 0.044617 0.450941
v 0.564868 -0.000667 0.453122
v 0.565302 -0.045951 0.450941
v 0.566600 -0.090798 0.444416
v 0.568749 -0.134778 0.433611
v 0.571729 -0.177466 0.418631
v 0.575511 -0.218452 0.399618
v 0.580058 -0.257340 0.376758
v 0.585327 -0.293756 0.350269
v 0.591267 -0.327350 0.320406
v 0.597821 -0.357798 0.287458
v 0.604926 -0.384806 0.251741
v 0.612512 -0.408114 0.213601
v 0.620508 -0.427499 0.173403
v 0.628836 -0.442773 0.131535
v 0.637416 -0.453789 0.088400
v 0.646166 -0.460442 0.044414
v 0.637671 0.459109 0.041837
v 0.620508 0.452456 0.083271
v 0.603678 0.441440 0.123903
v 0.587342 0.426166 0.163342
v 0.571657 0.406781 0.201207
v 0.556775 0.383472 0.237135
v 0.542840 0.356464 0.270779
v 0.529984 0.326017 0.301816
v 0.518332 0.292423 0.329946
v 0.507996 0.256007 0.354898
v 0.499077 0.217119 0.376432
v 0.491659 0.176133 0.394342
v 0.485813 0.133445 0.408453
v 0.481598 0.089465 0.418631
v 0.479052 0.044617 0.424777
v 0.478200 -0.000667 0.426832
v 0.479052 -0.045951 0.424777
v 0.481598 -0.090798 0.418631
v 0.485813 -0.134778 0.408453
v 0.491659 -0.177466 0.394342
v 0.499077 -0.218452 0.376432
v 0.507996 -0.257340 0.354898
v 0.518332 -0.293756 0.329946
v 0.529984 -0.327350 0.301816
v 0.542840 -0.357798 0.270779
v 0.556775 -0.384806 0.237135
v 0.571657 -0.408114 0.201207
v 0.587342 -0.427499 0.163342
v 0.603678 -0.442773 0.123903
v 0.620508 -0.453789 0.083271
v 0.637671 -0.460442 0.041837
v 0.629842 0.459109 0.037652
v 0.604926 0.452456 0.074942
v 0.580492 0.441440 0.111510
v 0.556775 0.426166 0.147004
v 0.534005 0.406781 0.181082
v 0.512400 0.383472 0.213416
v 0.492168 0.356464 0.243695
v 0.473505 0.326017 0.271627
v 0.456589 0.292423 0.296943
v 0.441584 0.256007 0.319400
v 0.428634 0.217119 0.338780
v 0.417865 0.176133 0.354898
v 0.409379 0.133445 0.367598
v 0.403259 0.089465 0.376758
v 0.399563 0.044617 0.382289
v 0.398327 -0.000667 0.384139
v 0.399563 -0.045951 0.382289
v 0.403259 -0.090798 0.376758
v 0.409379 -0.134778 0.367598
v 0.417865 -0.177466 0.354898
v 0.428634 -0.218452 0.338780
v 0.441584 -0.257340 0.319400
v 0.456589 -0.293756 0.296943
v 0.473505 -0.327350 0.271627
v 0.492168 -0.357798 0.243695
v 0.512400 -0.384806 0.213416
v 0.534005 -0.408114 0.181082
v 0.556775 -0.427499 0.147004
v 0.580492 -0.442773 0.111510
v 0.604926 -0.453789 0.074942
v 0.629842 -0.460442 0.037652
v 0.622980 0.459109 0.032021
v 0.591267 0.452456 0.063733
v 0.560169 0.441440 0.094831
v 0.529984 0.426166 0.125016
v 0.501003 0.406781 0.153997
v 0.473505 0.383472 0.181495
v 0.447754 0.356464 0.207246
v 0.424000 0.326017 0.231000
v 0.402471 0.292423 0.252530
v 0.383373 0.256007 0.271627
v 0.366891 0.217119 0.288109
v 0.353184 0.176133 0.301816
v 0.342384 0.133445 0.312616
v 0.334594 0.089465 0.320406
v 0.329890 0.044617 0.325110
v 0.328317 -0.000667 0.326683
v 0.329890 -0.045951 0.325110
v 0.334594 -0.090798 0.320406
v 0.342384 -0.134778 0.312616
v 0.353184 -0.177466 0.301816
v 0.366891 -0.218452 0.288109
v 0.383373 -0.257340 0.271627
v 0.402471 -0.293756 0.252530
v 0.424000 -0.327350 0.231000
v 0.447754 -0.357798 0.207246
v 0.473505 -0.384806 0.181495
v 0.501003 -0.408114 0.153997
v 0.529984 -0.427499 0.125016
v 0.560169 -0.442773 0.094831
v 0.591267 -0.453789 0.063733
v 0.622980 -0.460442 0.032021
v 0.617348 0.459109 0.025158
v 0.580058 0.452456 0.050074
v 0.543491 0.441440 0.074508
v 0.507997 0.426166 0.098225
v 0.473918 0.406781 0.120995
v 0.441584 0.383472 0.142600
v 0.411305 0.356464 0.162832
v 0.383373 0.326017 0.181495
v 0.358057 0.292423 0.198411
v 0.335600 0.256007 0.213416
v 0.316220 0.217119 0.226366
v 0.300102 0.176133 0.237135
v 0.287402 0.133445 0.245621
v 0.278242 0.089465 0.251741
v 0.272711 0.044617 0.255437
v 0.270861 -0.000667 0.256673
v 0.272711 -0.045951 0.255437
v 0.278242 -0.090798 0.251741
v 0.287402 -0.134778 0.245621
v 0.300102 -0.177466 0.237135
v 0.316220 -0.218452 0.226366
v 0.335600 -0.257340 0.213416
v 0.358057 -0.293756 0.198411
v 0.383373 -0.327350 0.181495
v 0.411305 -0.357798 0.162832
v 0.441584 -0.384806 0.142600
v 0.473918 -0.408114 0.120995
v 0.507997 -0.427499 0.098225
v 0.543491 -0.442773 0.074508
v 0.580058 -0.453789 0.050074
v 0.617348 -0.460442 0.025158
v 0.613163 0.459109 0.017329
v 0.571729 0.452456 0.034492
v 0.531097 0.441440 0.051322
v 0.491659 0.426166 0.067658
v 0.453793 0.406781 0.083343
v 0.417865 0.383472 0.098225
v 0.384221 0.356464 0.112160
v 0.353184 0.326017 0.125016
v 0.325054 0.292423 0.136668
v 0.300102 0.256007 0.147003
v 0.278568 0.217119 0.155923
v 0.260659 0.176133 0.163342
v 0.246547 0.133445 0.169187
v 0.236369 0.089465 0.173402
v 0.230223 0.044617 0.175948
v 0.228168 -0.000667 0.176799
v 0.230223 -0.045951 0.175948
v 0.236369 -0.090798 0.173402
v 0.246547 -0.134778 0.169187
v 0.260659 -0.177466 0.163342
v 0.278568 -0.218452 0.155923
v 0.300102 -0.257340 0.147003
v 0.325054 -0.293756 0.136668
v 0.353184 -0.327350 0.125016
v 0.384221 -0.357798 0.112160
v 0.417865 -0.384806 0.098225
v 0.453793 -0.408114 0.083343
v 0.491659 -0.427499 0.067658
v 0.531097 -0.442773 0.051322
v 0.571729 -0.453789 0.034492
v 0.613163 -0.460442 0.017329
v 0.610586 0.459109 0.008834
v 0.566600 0.452456 0.017584
v 0.523466 0.441440 0.026164
v 0.481598 0.426166 0.034492
v 0.441400 0.406781 0.042488
v 0.403259 0.383472 0.050074
v 0.367542 0.356464 0.057179
v 0.334594 0.326017 0.063733
v 0.304732 0.292423 0.069673
v 0.278242 0.256007 0.074942
v 0.255382 0.217119 0.079489
v 0.236369 0.176133 0.083271
v 0.221389 0.133445 0.086251
v 0.210584 0.089465 0.088400
v 0.204060 0.044617 0.089698
v 0.201878 -0.000667 0.090131
v 0.204060 -0.045951 0.089698
v 0.210584 -0.090798 0.088400
v 0.221389 -0.134778 0.086251
v 0.236369 -0.177466 0.083271
v 0.255382 -0.218452 0.079489
v 0.278242 -0.257340 0.074942
v 0.304732 -0.293756 0.069673
v 0.334594 -0.327350 0.063733
v 0.367542 -0.357798 0.057179
v 0.403259 -0.384806 0.050074
v 0.441400 -0.408114 0.042488
v 0.481598 -0.427499 0.034492
v 0.523466 -0.442773 0.026164
v 0.566600 -0.453789 0.017584
v 0.610586 -0.460442 0.008834
v 0.609716 0.459109 -0.000000
v 0.564868 0.452456 -0.000000
v 0.520889 0.441440 -0.000000
v 0.478200 0.426166 -0.000000
v 0.437215 0.406781 -0.000000
v 0.398327 0.383472 -0.000000
v 0.361911 0.356464 -0.000000
v 0.328317 0.326017 -0.000000
v 0.297869 0.292423 -0.000000
v 0.270861 0.256007 -0.000000
v 0.247553 0.217119 -0.000000
v 0.228168 0.176133 -0.000000
v 0.212894 0.133445 -0.000000
v 0.201878 0.089465 -0.000000
v 0.195225 0.044617 -0.000000
v 0.193001 -0.000667 0.000000
v 0.195225 -0.045951 0.000000
v 0.201878 -0.090798 0.000000
v 0.212894 -0.134778 0.000000
v 0.228168 -0.177466 0.000000
v 0.247553 -0.218452 0.000000
v 0.270861 -0.257340 0.000000
v 0.297869 -0.293756 0.000000
v 0.328317 -0.327350 0.000000
v 0.361911 -0.357798 0.000000
v 0.398327 -0.384806 0.000000
v 0.437215 -0.408114 0.000000
v 0.478200 -0.427499 0.000000
v 0.520889 -0.442773 0.000000
v 0.564868 -0.453789 0.000000
v 0.609716 -0.460442 0.000000
v 0.610586 0.459109 -0.008834
v 0.566600 0.452456 -0.017584
v 0.523466 0.441440 -0.026164
v 0.481598 0.426166 -0.034492
v 0.441400 0.406781 -0.042488
v 0.403259 0.383472 -0.050075
v 0.367542 0.356464 -0.057179
v 0.334594 0.326017 -0.063733
v 0.304732 0.292423 -0.069673
v 0.278242 0.256007 -0.074942
v 0.255382 0.217119 -0.079489
v 0.236369 0.176133 -0.083271
v 0.221389 0.133445 -0.086251
v 0.210584 0.089465 -0.088400
v 0.204060 0.044617 -0.089698
v 0.201878 -0.000667 -0.090132
v 0.204060 -0.045951 -0.089698
v 0.210584 -0.090798 -0.088400
v 0.221389 -0.134778 -0.086251
v 0.236369 -0.177466 -0.083271
v 0.255382 -0.218452 -0.079489
v 0.278242 -0.257340 -0.074942
v 0.304732 -0.293756 -0.069673
v 0.334594 -0.327350 -0.063733
v 0.367542 -0.357798 -0.057179
v 0.403259 -0.384806 -0.050075
v 0.441400 -0.408114 -0.042488
v 0.481598 -0.427499 -0.034492
v 0.523466 -0.442773 -0.026164
v 0.566600 -0.453789 -0.017584
v 0.610586 -0.460442 -0.008834
v 0.613163 0.459109 -0.017329
v 0.571729 0.452456 -0.034492
v 0.531097 0.441440 -0.051322
v 0.491659 0.426166 -0.067658
v 0.453793 0.406781 -0.083343
v 0.417865 0.383472 -0.098225
v 0.384221 0.356464 -0.112161
v 0.353184 0.326017 -0.125016
v 0.325054 0.292423 -0.136668
v 0.300102 0.256007 -0.147004
v 0.278568 0.217119 -0.155923
v 0.260659 0.176133 -0.163342
v 0.246547 0.133445 -0.169187
v 0.236369 0.089465 -0.173403
v 0.230224 0.044617 -0.175948
v 0.228168 -0.000667 -0.176800
v 0.230224 -0.045951 -0.175948
v 0.236369 -0.090798 -0.173403
v 0.246547 -0.134778 -0.169187
v 0.260659 -0.177466 -0.163342
v 0.278568 -0.218452 -0.155923
v 0.300102 -0.257340 -0.147004
v 0.325054 -0.293756 -0.136668
v 0.353184 -0.327350 -0.125016
v 0.384221 -0.357798 -0.112161
v 0.417865 -0.384806 -0.098225
v 0.453793 -0.408114 -0.083343
v 0.491659 -0.427499 -0.067658
v 0.531097 -0.442773 -0.051322
v 0.571729 -0.453789 -0.034492
v 0.613163 -0.460442 -0.017329
v 0.617348 0.459109 -0.025158
v 0.580058 0.452456 -0.050074
v 0.543491 0.441440 -0.074508
v 0.507997 0.426166 -0.098225
v 0.473918 0.406781 -0.120995
v 0.441584 0.383472 -0.142600
v 0.411305 0.356464 -0.162832
v 0.383373 0.326017 -0.181496
v 0.358057 0.292423 -0.198411
v 0.335600 0.256007 -0.213416
v 0.316220 0.217119 -0.226366
v 0.300102 0.176133 -0.237135
v 0.287402 0.133445 -0.245621
v 0.278243 0.089465 -0.251742
v 0.272711 0.044617 -0.255437
v 0.270862 -0.000667 -0.256673
v 0.272711 -0.045951 -0.255437
v 0.278243 -0.090798 -0.251742
v 0.287402 -0.134778 -0.245621
v 0.300102 -0.177466 -0.237135
v 0.316220 -0.218452 -0.226366
v 0.335600 -0.257340 -0.213416
v 0.358057 -0.293756 -0.198411
v 0.383373 -0.327350 -0.181496
v 0.411305 -0.357798 -0.162832
v 0.441584 -0.384806 -0.142600
v 0.473918 -0.408114 -0.120995
v 0.507997 -0.427499 -0.098225
v 0.543491 -0.442773 -0.074508
v 0.580058 -0.453789 -0.050074
v 0.617348 -0.460442 -0.025158
v 0.622980 0.459109 -0.032021
v 0.591267 0.452456 -0.063733
v 0.560169 0.441440 -0.094831
v 0.529984 0.426166 -0.125016
v 0.501003 0.406781 -0.153997
v 0.473505 0.383472 -0.181495
v 0.447755 0.356464 -0.207246
v 0.424000 0.326017 -0.231000
v 0.402471 0.292423 -0.252530
v 0.383373 0.256007 -0.271627
v 0.366891 0.217119 -0.288109
v 0.353184 0.176133 -0.301816
v 0.342384 0.133445 -0.312616
v 0.334594 0.089465 -0.320406
v 0.329890 0.044617 -0.325110
v 0.328317 -0.000667 -0.326683
v 0.329890 -0.045951 -0.325110
v 0.334594 -0.090798 -0.320406
v 0.342384 -0.134778 -0.312616
v 0.353184 -0.177466 -0.301816
v 0.366891 -0.218452 -0.288109
v 0.383373 -0.257340 -0.271627
v 0.402471 -0.293756 -0.252530
v 0.424000 -0.327350 -0.231000
v 0.447755 -0.357798 -0.207246
v 0.473505 -0.384806 -0.181495
v 0.501003 -0.408114 -0.153997
v 0.529984 -0.427499 -0.125016
v 0.560169 -0.442773 -0.094831
v 0.591267 -0.453789 -0.063733
v 0.622980 -0.460442 -0.032021
v 0.629842 0.459109 -0.037652
v 0.604926 0.452456 -0.074942
v 0.580492 0.441440 -0.111510
v 0.556776 0.426166 -0.147004
v 0.534005 0.406781 -0.181082
v 0.512400 0.383472 -0.213416
v 0.492168 0.356464 -0.243695
v 0.473505 0.326017 -0.271627
v 0.456589 0.292423 -0.296943
v 0.441584 0.256007 -0.319400
v 0.428635 0.217119 -0.338780
v 0.417865 0.176133 -0.354898
v 0.409379 0.133445 -0.367598
v 0.403259 0.089465 -0.376758
v 0.399563 0.044617 -0.382289
v 0.398327 -0.000667 -0.384139
v 0.399563 -0.045951 -0.382289
v 0.403259 -0.090798 -0.376758
v 0.409379 -0.134778 -0.367598
v 0.417865 -0.177466 -0.354898
v 0.428635 -0.218452 -0.338780
v 0.441584 -0.257340 -0.319400
v 0.456589 -0.293756 -0.296943
v 0.473505 -0.327350 -0.271627
v 0.492168 -0.357798 -0.243695
v 0.512400 -0.384806 -0.213416
v 0.534005 -0.408114 -0.181082
v 0.556776 -0.427499 -0.147004
v 0.580492 -0.442773 -0.111510
v 0.604926 -0.453789 -0.074942
v 0.629842 -0.460442 -0.037652
v 0.637671 0.459109 -0.041837
v 0.620508 0.452456 -0.083271
v 0.603678 0.441440 -0.123903
v 0.587342 0.426166 -0.163342
v 0.571657 0.406781 -0.201207
v 0.556776 0.383472 -0.237135
v 0.542840 0.356464 -0.270779
v 0.529984 0.326017 -0.301816
v 0.518332 0.292423 -0.329946
v 0.507997 0.256007 -0.354898
v 0.499077 0.217119 -0.376432
v 0.491659 0.176133 -0.394341
v 0.485814 0.133445 -0.408453
v 0.481598 0.089465 -0.418631
v 0.479052 0.044617 -0.424777
v 0.478201 -0.000667 -0.426832
v 0.479052 -0.045951 -0.424777
v 0.481598 -0.090798 -0.418631
v 0.485814 -0.134778 -0.408453
v 0.491659 -0.177466 -0.394341
v 0.499077 -0.218452 -0.376432
v 0.507997 -0.257340 -0.354898
v 0.518332 -0.293756 -0.329946
v 0.529984 -0.327350 -0.301816
v 0.542840 -0.357798 -0.270779
v 0.556776 -0.384806 -0.237135
v 0.571657 -0.408114 -0.201207
v 0.587342 -0.427499 -0.163342
v 0.603678 -0.442773 -0.123903
v 0.620508 -0.453789 -0.083271
v 0.637671 -0.460442 -0.041837
v 0.646166 0.459109 -0.044414
v 0.637416 0.452456 -0.088400
v 0.628836 0.441440 -0.131535
v 0.620508 0.426166 -0.173403
v 0.612512 0.406781 -0.213600
v 0.604926 0.383472 -0.251741
v 0.597821 0.356464 -0.287458
v 0.591267 0.326017 -0.320406
v 0.585328 0.292423 -0.350269
v 0.580059 0.256007 -0.376758
v 0.575511 0.217119 -0.399618
v 0.571729 0.176133 -0.418631
v 0.568750 0.133445 -0.433611
v 0.566600 0.089465 -0.444416
v 0.565303 0.044617 -0.450940
v 0.564869 -0.000667 -0.453122
v 0.565303 -0.045951 -0.450940
v 0.566600 -0.090798 -0.444416
v 0.568750 -0.134778 -0.433611
v 0.571729 -0.177466 -0.418631
v 0.575511 -0.218452 -0.399618
v 0.580059 -0.257340 -0.376758
v 0.585328 -0.293756 -0.350269
v 0.591267 -0.327350 -0.320406
v 0.597821 -0.357798 -0.287458
v 0.604926 -0.384806 -0.251741
v 0.612512 -0.408114 -0.213600
v 0.620508 -0.427499 -0.173403
v 0.628836 -0.442773 -0.131535
v 0.637416 -0.453789 -0.088400
v 0.646166 -0.460442 -0.044414
v 0.655000 0.459109 -0.045284
v 0.655000 0.452456 -0.090132
v 0.655000 0.441440 -0.134111
v 0.655000 0.426166 -0.176800
v 0.655000 0.406781 -0.217785
v 0.655000 0.383472 -0.256673
v 0.655000 0.326017 -0.326683
v 0.655000 0.256007 -0.384139
v 0.655000 0.217119 -0.407447
v 0.655000 -0.000667 -0.461999
v 0.655000 -0.134778 -0.442106
v 0.655000 -0.177466 -0.426832
v 0.655000 -0.327350 -0.326683
v 0.655000 -0.427499 -0.176800
v 0.655000 -0.442773 -0.134111
v -0.655000 0.356464 -0.293090
v -0.655000 0.292423 -0.357131
v -0.655000 0.176133 -0.426832
v -0.655000 0.133445 -0.442107
v -0.655000 0.089465 -0.453123
v -0.655000 0.044617 -0.459775
v -0.655000 -0.045951 -0.459775
v -0.655000 -0.090798 -0.453123
v -0.655000 -0.218452 -0.407448
v -0.655000 -0.257340 -0.384139
v -0.655000 -0.293756 -0.357131
v -0.655000 -0.357798 -0.293090
v -0.655000 -0.384806 -0.256673
v -0.655000 -0.408114 -0.217785
v -0.655000 -0.453790 -0.090132
v -0.655000 -0.460442 -0.045284
v -0.646166 0.459109 -0.044414
v -0.637416 0.452456 -0.088400
v -0.628836 0.441440 -0.131535
v -0.620508 0.426166 -0.173403
v -0.612512 0.406781 -0.213601
v -0.604926 0.383472 -0.251742
v -0.597821 0.356464 -0.287458
v -0.591267 0.326017 -0.320406
v -0.585327 0.292423 -0.350269
v -0.580058 0.256007 -0.376758
v -0.575511 0.217119 -0.399619
v -0.571729 0.176133 -0.418631
v -0.568749 0.133445 -0.433612
v -0.566600 0.089465 -0.444416
v -0.565302 0.044617 -0.450941
v -0.564868 -0.000667 -0.453123
v -0.565302 -0.045951 -0.450941
v -0.566600 -0.090798 -0.444416
v -0.568749 -0.134778 -0.433612
v -0.571729 -0.177466 -0.418631
v -0.575511 -0.218452 -0.399619
v -0.580058 -0.257340 -0.376758
v -0.585327 -0.293756 -0.350269
v -0.591267 -0.327350 -0.320406
v -0.597821 -0.357798 -0.287458
v -0.604926 -0.384806 -0.251742
v -0.612512 -0.408114 -0.213601
v -0.620508 -0.427499 -0.173403
v -0.628836 -0.442773 -0.131535
v -0.637416 -0.453790 -0.088400
v -0.646166 -0.460442 -0.044414
v -0.637671 0.459109 -0.041837
v -0.620508 0.452456 -0.083271
v -0.603678 0.441440 -0.123903
v -0.587342 0.426166 -0.163342
v -0.571657 0.406781 -0.201207
v -0.556775 0.383472 -0.237135
v -0.542840 0.356464 -0.270780
v -0.529984 0.326017 -0.301816
v -0.518332 0.292423 -0.329946
v -0.507997 0.256007 -0.354898
v -0.499077 0.217119 -0.376433
v -0.491659 0.176133 -0.394342
v -0.485813 0.133445 -0.408453
v -0.481597 0.089465 -0.418631
v -0.479052 0.044617 -0.424777
v -0.478200 -0.000667 -0.426832
v -0.479052 -0.045951 -0.424777
v -0.481597 -0.090798 -0.418631
v -0.485813 -0.134778 -0.408453
v -0.491659 -0.177466 -0.394342
v -0.499077 -0.218452 -0.376433
v -0.507997 -0.257340 -0.354898
v -0.518332 -0.293756 -0.329946
v -0.529984 -0.327350 -0.301816
v -0.542840 -0.357798 -0.270780
v -0.556775 -0.384806 -0.237135
v -0.571657 -0.408114 -0.201207
v -0.587342 -0.427499 -0.163342
v -0.603678 -0.442773 -0.123903
v -0.620508 -0.453790 -0.083271
v -0.637671 -0.460442 -0.041837
v -0.629842 0.459109 -0.037652
v -0.604926 0.452456 -0.074942
v -0.580492 0.441440 -0.111510
v -0.556775 0.426166 -0.147004
v -0.534005 0.406781 -0.181082
v -0.512400 0.383472 -0.213416
v -0.492168 0.356464 -0.243695
v -0.473505 0.326017 -0.271627
v -0.456589 0.292423 -0.296943
v -0.441584 0.256007 -0.319400
v -0.428634 0.217119 -0.338780
v -0.417865 0.176133 -0.354898
v -0.409379 0.133445 -0.367598
v -0.403259 0.089465 -0.376758
v -0.399563 0.044617 -0.382289
v -0.398327 -0.000667 -0.384139
v -0.399563 -0.045951 -0.382289
v -0.403259 -0.090798 -0.376758
v -0.409379 -0.134778 -0.367598
v -0.417865 -0.177466 -0.354898
v -0.428634 -0.218452 -0.338780
v -0.441584 -0.257340 -0.319400
v -0.456589 -0.293756 -0.296943
v -0.473505 -0.327350 -0.271627
v -0.492168 -0.357798 -0.243695
v -0.512400 -0.384806 -0.213416
v -0.534005 -0.408114 -0.181082
v -0.556775 -0.427499 -0.147004
v -0.580492 -0.442773 -0.111510
v -0.604926 -0.453790 -0.074942
v -0.629842 -0.460442 -0.037652
v -0.622980 0.459109 -0.032021
v -0.591267 0.452456 -0.063733
v -0.560169 0.441440 -0.094831
v -0.529984 0.426166 -0.125016
v -0.501003 0.406781 -0.153997
v -0.473505 0.383472 -0.181496
v -0.447754 0.356464 -0.207246
v -0.424000 0.326017 -0.231000
v -0.402470 0.292423 -0.252530
v -0.383373 0.256007 -0.271627
v -0.366891 0.217119 -0.288109
v -0.353184 0.176133 -0.301816
v -0.342384 0.133445 -0.312616
v -0.334594 0.089465 -0.320406
v -0.329890 0.044617 -0.325110
v -0.328317 -0.000667 -0.326683
v -0.329890 -0.045951 -0.325110
v -0.334594 -0.090798 -0.320406
v -0.342384 -0.134778 -0.312616
v -0.353184 -0.177466 -0.301816
v -0.366891 -0.218452 -0.288109
v -0.383373 -0.257340 -0.271627
v -0.402470 -0.293756 -0.252530
v -0.424000 -0.327350 -0.231000
v -0.447754 -0.357798 -0.207246
v -0.473505 -0.384806 -0.181496
v -0.501003 -0.408114 -0.153997
v -0.529984 -0.427499 -0.125016
v -0.560169 -0.442773 -0.094831
v -0.591267 -0.453790 -0.063733
v -0.622980 -0.460442 -0.032021
v -0.617348 0.459109 -0.025158
v -0.580058 0.452456 -0.050075
v -0.543491 0.441440 -0.074508
v -0.507997 0.426166 -0.098225
v -0.473918 0.406781 -0.120995
v -0.441584 0.383472 -0.142600
v -0.411305 0.356464 -0.162832
v -0.383373 0.326017 -0.181496
v -0.358057 0.292423 -0.198411
v -0.335600 0.256007 -0.213416
v -0.316220 0.217119 -0.226366
v -0.300102 0.176133 -0.237135
v -0.287402 0.133445 -0.245621
v -0.278242 0.089465 -0.251742
v -0.272711 0.044617 -0.255437
v -0.270861 -0.000667 -0.256673
v -0.272711 -0.045951 -0.255437
v -0.278242 -0.090798 -0.251742
v -0.287402 -0.134778 -0.245621
v -0.300102 -0.177466 -0.237135
v -0.316220 -0.218452 -0.226366
v -0.335600 -0.257340 -0.213416
v -0.358057 -0.293756 -0.198411
v -0.383373 -0.327350 -0.181496
v -0.411305 -0.357798 -0.162832
v -0.441584 -0.384806 -0.142600
v -0.473918 -0.408114 -0.120995
v -0.507997 -0.427499 -0.098225
v -0.543491 -0.442773 -0.074508
v -0.580058 -0.453790 -0.050075
v -0.617348 -0.460442 -0.025158
v -0.613163 0.459109 -0.017329
v -0.571729 0.452456 -0.034492
v -0.531097 0.441440 -0.051322
v -0.491659 0.426166 -0.067658
v -0.453793 0.406781 -0.083343
v -0.417865 0.383472 -0.098225
v -0.384221 0.356464 -0.112161
v -0.353184 0.326017 -0.125016
v -0.325054 0.292423 -0.136668
v -0.300102 0.256007 -0.147004
v -0.278568 0.217119 -0.155923
v -0.260658 0.176133 -0.163342
v -0.246547 0.133445 -0.169187
v -0.236369 0.089465 -0.173403
v -0.230223 0.044617 -0.175948
v -0.228168 -0.000667 -0.176800
v -0.230223 -0.045951 -0.175948
v -0.236369 -0.090798 -0.173403
v -0.246547 -0.134778 -0.169187
v -0.260658 -0.177466 -0.163342
v -0.278568 -0.218452 -0.155923
v -0.300102 -0.257340 -0.147004
v -0.325054 -0.293756 -0.136668
v -0.353184 -0.327350 -0.125016
v -0.384221 -0.357798 -0.112161
v -0.417865 -0.384806 -0.098225
v -0.453793 -0.408114 -0.083343
v -0.491659 -0.427499 -0.067658
v -0.531097 -0.442773 -0.051322
v -0.571729 -0.453790 -0.034492
v -0.613163 -0.460442 -0.017329
v -0.610586 0.459109 -0.008834
v -0.566600 0.452456 -0.017584
v -0.523466 0.441440 -0.026164
v -0.481598 0.426166 -0.034492
v -0.441400 0.406781 -0.042488
v -0.403259 0.383472 -0.050074
v -0.367542 0.356464 -0.057179
v -0.334594 0.326017 -0.063733
v -0.304731 0.292423 -0.069673
v -0.278242 0.256007 -0.074942
v -0.255382 0.217119 -0.079489
v -0.236369 0.176133 -0.083271
v -0.221389 0.133445 -0.086251
v -0.210584 0.089465 -0.088400
v -0.204059 0.044617 -0.089698
v -0.201877 -0.000667 -0.090132
v -0.204059 -0.045951 -0.089698
v -0.210584 -0.090798 -0.088400
v -0.221389 -0.134778 -0.086251
v -0.236369 -0.177466 -0.083271
v -0.255382 -0.218452 -0.079489
v -0.278242 -0.257340 -0.074942
v -0.304731 -0.293756 -0.069673
v -0.334594 -0.327350 -0.063733
v -0.367542 -0.357798 -0.057179
v -0.403259 -0.384806 -0.050074
v -0.441400 -0.408114 -0.042488
v -0.481598 -0.427499 -0.034492
v -0.523466 -0.442773 -0.026164
v -0.566600 -0.453790 -0.017584
v -0.610586 -0.460442 -0.008834
v -0.609716 0.459109 -0.000000
v -0.564868 0.452456 -0.000000
v -0.520889 0.441440 -0.000000
v -0.478200 0.426166 -0.000000
v -0.437215 0.406781 -0.000000
v -0.398327 0.383472 -0.000000
v -0.361910 0.356464 -0.000000
v -0.328317 0.326017 -0.000000
v -0.297869 0.292423 -0.000000
v -0.270861 0.256007 -0.000000
v -0.247553 0.217119 -0.000000
v -0.228168 0.176133 -0.000000
v -0.212894 0.133445 -0.000000
v -0.201877 0.089465 -0.000000
v -0.195225 0.044617 -0.000000
v -0.193000 -0.000667 0.000000
v -0.195225 -0.045951 0.000000
v -0.201877 -0.090798 0.000000
v -0.212894 -0.134778 0.000000
v -0.228168 -0.177466 0.000000
v -0.247553 -0.218452 0.000000
v -0.270861 -0.257340 0.000000
v -0.297869 -0.293756 0.000000
v -0.328317 -0.327350 0.000000
v -0.361910 -0.357798 0.000000
v -0.398327 -0.384806 0.000000
v -0.437215 -0.408114 0.000000
v -0.478200 -0.427499 0.000000
v -0.520889 -0.442773 0.000000
v -0.564868 -0.453790 0.000000
v -0.609716 -0.460442 0.000000
v -0.610586 0.459109 0.008834
v -0.566600 0.452456 0.017584
v -0.523466 0.441440 0.026164
v -0.481598 0.426166 0.034492
v -0.441400 0.406781 0.042488
v -0.403259 0.383472 0.050075
v -0.367542 0.356464 0.057179
v -0.334594 0.326017 0.063733
v -0.304731 0.292423 0.069673
v -0.278242 0.256007 0.074942
v -0.255382 0.217119 0.079489
v -0.236369 0.176133 0.083271
v -0.221389 0.133445 0.086251
v -0.210584 0.089465 0.088400
v -0.204059 0.044617 0.089698
v -0.201877 -0.000667 0.090132
v -0.204059 -0.045951 0.089698
v -0.210584 -0.090798 0.088400
v -0.221389 -0.134778 0.086251
v -0.236369 -0.177466 0.083271
v -0.255382 -0.218452 0.079489
v -0.278242 -0.257340 0.074942
v -0.304731 -0.293756 0.069673
v -0.334594 -0.327350 0.063733
v -0.367542 -0.357798 0.057179
v -0.403259 -0.384806 0.050075
v -0.441400 -0.408114 0.042488
v -0.481598 -0.427499 0.034492
v -0.523466 -0.442773 0.026164
v -0.566600 -0.453790 0.017584
v -0.610586 -0.460442 0.008834
v -0.613163 0.459109 0.017329
v -0.571729 0.452456 0.034492
v -0.531097 0.441440 0.051322
v -0.491659 0.426166 0.067658
v -0.453793 0.406781 0.083343
v -0.417865 0.383472 0.098225
v -0.384221 0.356464 0.112161
v -0.353184 0.326017 0.125016
v -0.325054 0.292423 0.136668
v -0.300102 0.256007 0.147004
v -0.278568 0.217119 0.155923
v -0.260658 0.176133 0.163342
v -0.246547 0.133445 0.169187
v -0.236369 0.089465 0.173403
v -0.230223 0.044617 0.175948
v -0.228168 -0.000667 0.176800
v -0.230223 -0.045951 0.175948
v -0.236369 -0.090798 0.173403
v -0.246547 -0.134778 0.169187
v -0.260658 -0.177466 0.163342
v -0.278568 -0.218452 0.155923
v -0.300102 -0.257340 0.147004
v -0.325054 -0.293756 0.136668
v -0.353184 -0.327350 0.125016
v -0.384221 -0.357798 0.112161
v -0.417865 -0.384806 0.098225
v -0.453793 -0.408114 0.083343
v -0.491659 -0.427499 0.067658
v -0.531097 -0.442773 0.051322
v -0.571729 -0.453790 0.034492
v -0.613163 -0.460442 0.017329
v -0.617348 0.459109 0.025158
v -0.580058 0.452456 0.050074
v -0.543491 0.441440 0.074508
v -0.507997 0.426166 0.098225
v -0.473918 0.406781 0.120995
v -0.441584 0.383472 0.142600
v -0.411305 0.356464 0.162832
v -0.383373 0.326017 0.181496
v -0.358057 0.292423 0.198411
v -0.335600 0.256007 0.213416
v -0.316220 0.217119 0.226366
v -0.300102 0.176133 0.237135
v -0.287402 0.133445 0.245621
v -0.278242 0.089465 0.251742
v -0.272711 0.044617 0.255437
v -0.270861 -0.000667 0.256673
v -0.272711 -0.045951 0.255437
v -0.278242 -0.090798 0.251742
v -0.287402 -0.134778 0.245621
v -0.300102 -0.177466 0.237135
v -0.316220 -0.218452 0.226366
v -0.335600 -0.257340 0.213416
v -0.358057 -0.293756 0.198411
v -0.383373 -0.327350 0.181496
v -0.411305 -0.357798 0.162832
v -0.441584 -0.384806 0.142600
v -0.473918 -0.408114 0.120995
v -0.507997 -0.427499 0.098225
v -0.543491 -0.442773 0.074508
v -0.580058 -0.453790 0.050074
v -0.617348 -0.460442 0.025158
v -0.622980 0.459109 0.032021
v -0.591267 0.452456 0.063733
v -0.560169 0.441440 0.094831
v -0.529984 0.426166 0.125016
v -0.501003 0.406781 0.153997
v -0.473505 0.383472 0.181496
v -0.447755 0.356464 0.207246
v -0.424000 0.326017 0.231000
v -0.402471 0.292423 0.252530
v -0.383373 0.256007 0.271627
v -0.366891 0.217119 0.288109
v -0.353184 0.176133 0.301816
v -0.342384 0.133445 0.312616
v -0.334594 0.089465 0.320406
v -0.329890 0.044617 0.325110
v -0.328317 -0.000667 0.326683
v -0.329890 -0.045951 0.325110
v -0.334594 -0.090798 0.320406
v -0.342384 -0.134778 0.312616
v -0.353184 -0.177466 0.301816
v -0.366891 -0.218452 0.288109
v -0.383373 -0.257340 0.271627
v -0.402471 -0.293756 0.252530
v -0.424000 -0.327350 0.231000
v -0.447755 -0.357798 0.207246
v -0.473505 -0.384806 0.181496
v -0.501003 -0.408114 0.153997
v -0.529984 -0.427499 0.125016
v -0.560169 -0.442773 0.094831
v -0.591267 -0.453790 0.063733
v -0.622980 -0.460442 0.032021
v -0.629842 0.459109 0.037652
v -0.604926 0.452456 0.074942
v -0.580492 0.441440 0.111510
v -0.556776 0.426166 0.147004
v -0.534005 0.406781 0.181082
v -0.512400 0.383472 0.213416
v -0.492168 0.356464 0.243695
v -0.473505 0.326017 0.271627
v -0.456589 0.292423 0.296943
v -0.441584 0.256007 0.319400
v -0.428634 0.217119 0.338780
v -0.417865 0.176133 0.354898
v -0.409379 0.133445 0.367598
v -0.403259 0.089465 0.376758
v -0.399563 0.044617 0.382289
v -0.398327 -0.000667 0.384139
v -0.399563 -0.045951 0.382289
v -0.403259 -0.090798 0.376758
v -0.409379 -0.134778 0.367598
v -0.417865 -0.177466 0.354898
v -0.428634 -0.218452 0.338780
v -0.441584 -0.257340 0.319400
v -0.456589 -0.293756 0.296943
v -0.473505 -0.327350 0.271627
v -0.492168 -0.357798 0.243695
v -0.512400 -0.384806 0.213416
v -0.534005 -0.408114 0.181082
v -0.556776 -0.427499 0.147004
v -0.580492 -0.442773 0.111510
v -0.604926 -0.453790 0.074942
v -0.629842 -0.460442 0.037652
v -0.637671 0.459109 0.041837
v -0.620508 0.452456 0.083271
v -0.603678 0.441440 0.123903
v -0.587342 0.426166 0.163342
v -0.571657 0.406781 0.201207
v -0.556776 0.383472 0.237135
v -0.542840 0.356464 0.270780
v -0.529984 0.326017 0.301816
v -0.518332 0.292423 0.329946
v -0.507997 0.256007 0.354898
v -0.499077 0.217119 0.376432
v -0.491659 0.176133 0.394342
v -0.485813 0.133445 0.408453
v -0.481598 0.089465 0.418631
v -0.479052 0.044617 0.424777
v -0.478201 -0.000667 0.426832
v -0.479052 -0.045951 0.424777
v -0.481598 -0.090798 0.418631
v -0.485813 -0.134778 0.408453
v -0.491659 -0.177466 0.394342
v -0.499077 -0.218452 0.376432
v -0.507997 -0.257340 0.354898
v -0.518332 -0.293756 0.329946
v -0.529984 -0.327350 0.301816
v -0.542840 -0.357798 0.270780
v -0.556776 -0.384806 0.237135
v -0.571657 -0.408114 0.201207
v -0.587342 -0.427499 0.163342
v -0.603678 -0.442773 0.123903
v -0.620508 -0.453790 0.083271
v -0.637671 -0.460442 0.041837
v -0.646166 0.459109 0.044414
v -0.637416 0.452456 0.088400
v -0.628836 0.441440 0.131535
v -0.620508 0.426166 0.173403
v -0.612512 0.406781 0.213601
v -0.604926 0.383472 0.251741
v -0.597821 0.356464 0.287458
v -0.591267 0.326017 0.320406
v -0.585327 0.292423 0.350269
v -0.580058 0.256007 0.376758
v -0.575511 0.217119 0.399619
v -0.571729 0.176133 0.418631
v -0.568750 0.133445 0.433611
v -0.566600 0.089465 0.444416
v -0.565303 0.044617 0.450941
v -0.564869 -0.000667 0.453123
v -0.565303 -0.045951 0.450941
v -0.566600 -0.090798 0.444416
v -0.568750 -0.134778 0.433611
v -0.571729 -0.177466 0.418631
v -0.575511 -0.218452 0.399619
v -0.580058 -0.257340 0.376758
v -0.585327 -0.293756 0.350269
v -0.591267 -0.327350 0.320406
v -0.597821 -0.357798 0.287458
v -0.604926 -0.384806 0.251741
v -0.612512 -0.408114 0.213601
v -0.620508 -0.427499 0.173403
v -0.628836 -0.442773 0.131535
v -0.637416 -0.453790 0.088400
v -0.646166 -0.460442 0.044414
v -0.655000 0.459109 0.045284
v -0.655000 0.452456 0.090132
v -0.655000 0.441440 0.134111
v -0.655000 0.426166 0.176800
v -0.655000 0.406781 0.217785
v -0.655000 0.383472 0.256673
v -0.655000 0.356464 0.293090
v -0.655000 0.326017 0.326683
v -0.655000 0.292423 0.357131
v -0.655000 0.256007 0.384139
v -0.655000 0.217119 0.407448
v -0.655000 0.176133 0.426832
v -0.655000 0.133445 0.442106
v -0.655000 0.089465 0.453123
v -0.655000 0.044617 0.459775
v -0.655000 -0.000667 0.462000
v -0.655000 -0.045951 0.459775
v -0.655000 -0.090798 0.453123
v -0.655000 -0.134778 0.442106
v -0.655000 -0.177466 0.426832
v -0.655000 -0.218452 0.407448
v -0.655000 -0.257340 0.384139
v -0.655000 -0.293756 0.357131
v -0.655000 -0.327350 0.326683
v -0.655000 -0.357798 0.293090
v -0.655000 -0.384806 0.256673
v -0.655000 -0.408114 0.217785
v -0.655000 -0.427499 0.176800
v -0.655000 -0.442773 0.134111
v -0.655000 -0.453790 0.090132
v -0.655000 -0.460442 0.045284
v -0.655000 -0.462667 0.000000
v -0.655000 0.461333 -0.000000
v -0.663835 0.459109 0.044414
v -0.672584 0.452456 0.088400
v -0.681164 0.441440 0.131535
v -0.689492 0.426166 0.173403
v -0.697488 0.406781 0.213601
v -0.705075 0.383472 0.251741
v -0.712179 0.356464 0.287458
v -0.718733 0.326017 0.320406
v -0.724673 0.292423 0.350269
v -0.729942 0.256007 0.376758
v -0.734489 0.217119 0.399619
v -0.738271 0.176133 0.418631
v -0.741251 0.133445 0.433611
v -0.743400 0.089465 0.444416
v -0.744698 0.044617 0.450941
v -0.745132 -0.000667 0.453123
v -0.744698 -0.045951 0.450941
v -0.743400 -0.090798 0.444416
v -0.741251 -0.134778 0.433611
v -0.738271 -0.177466 0.418631
v -0.734489 -0.218452 0.399619
v -0.729942 -0.257340 0.376758
v -0.724673 -0.293756 0.350269
v -0.718733 -0.327350 0.320406
v -0.712179 -0.357798 0.287458
v -0.705075 -0.384806 0.251741
v -0.697488 -0.408114 0.213601
v -0.689492 -0.427499 0.173403
v -0.681164 -0.442773 0.131535
v -0.672584 -0.453790 0.088400
v -0.663835 -0.460442 0.044414
v -0.672329 0.459109 0.041837
v -0.689492 0.452456 0.083271
v -0.706322 0.441440 0.123903
v -0.722659 0.426166 0.163342
v -0.738343 0.406781 0.201207
v -0.753225 0.383472 0.237135
v -0.767161 0.356464 0.270779
v -0.780016 0.326017 0.301816
v -0.791668 0.292423 0.329946
v -0.802004 0.256007 0.354898
v -0.810924 0.217119 0.376432
v -0.818342 0.176133 0.394342
v -0.824187 0.133445 0.408453
v -0.828403 0.089465 0.418631
v -0.830948 0.044617 0.424777
v -0.831800 -0.000667 0.426832
v -0.830948 -0.045951 0.424777
v -0.828403 -0.090798 0.418631
v -0.824187 -0.134778 0.408453
v -0.818342 -0.177466 0.394342
v -0.810924 -0.218452 0.376432
v -0.802004 -0.257340 0.354898
v -0.791668 -0.293756 0.329946
v -0.780016 -0.327350 0.301816
v -0.767161 -0.357798 0.270779
v -0.753225 -0.384806 0.237135
v -0.738343 -0.408114 0.201207
v -0.722659 -0.427499 0.163342
v -0.706322 -0.442773 0.123903
v -0.689492 -0.453790 0.083271
v -0.672329 -0.460442 0.041837
v -0.680158 0.459109 0.037652
v -0.705075 0.452456 0.074942
v -0.729509 0.441440 0.111510
v -0.753225 0.426166 0.147004
v -0.775995 0.406781 0.181082
v -0.797600 0.383472 0.213416
v -0.817832 0.356464 0.243695
v -0.836496 0.326017 0.271627
v -0.853411 0.292423 0.296943
v -0.868416 0.256007 0.319400
v -0.881366 0.217119 0.338780
v -0.892136 0.176133 0.354898
v -0.900621 0.133445 0.367598
v -0.906742 0.089465 0.376758
v -0.910438 0.044617 0.382289
v -0.911674 -0.000667 0.384139
v -0.910438 -0.045951 0.382289
v -0.906742 -0.090798 0.376758
v -0.900621 -0.134778 0.367598
v -0.892136 -0.177466 0.354898
v -0.881366 -0.218452 0.338780
v -0.868416 -0.257340 0.319400
v -0.853411 -0.293756 0.296943
v -0.836496 -0.327350 0.271627
v -0.817832 -0.357798 0.243695
v -0.797600 -0.384806 0.213416
v -0.775995 -0.408114 0.181082
v -0.753225 -0.427499 0.147004
v -0.729509 -0.442773 0.111510
v -0.705075 -0.453790 0.074942
v -0.680158 -0.460442 0.037652
v -0.687021 0.459109 0.032021
v -0.718733 0.452456 0.063733
v -0.749831 0.441440 0.094831
v -0.780016 0.426166 0.125016
v -0.808998 0.406781 0.153997
v -0.836496 0.383472 0.181495
v -0.862246 0.356464 0.207246
v -0.886000 0.326017 0.231000
v -0.907530 0.292423 0.252530
v -0.926627 0.256007 0.271627
v -0.943109 0.217119 0.288109
v -0.956816 0.176133 0.301816
v -0.967617 0.133445 0.312616
v -0.975406 0.089465 0.320406
v -0.980110 0.044617 0.325110
v -0.981683 -0.000667 0.326683
v -0.980110 -0.045951 0.325110
v -0.975406 -0.090798 0.320406
v -0.967617 -0.134778 0.312616
v -0.956816 -0.177466 0.301816
v -0.943109 -0.218452 0.288109
v -0.926627 -0.257340 0.271627
v -0.907530 -0.293756 0.252530
v -0.886000 -0.327350 0.231000
v -0.862246 -0.357798 0.207246
v -0.836496 -0.384806 0.181495
v -0.808998 -0.408114 0.153997
v -0.780016 -0.427499 0.125016
v -0.749831 -0.442773 0.094831
v -0.718733 -0.453790 0.063733
v -0.687021 -0.460442 0.032021
v -0.692652 0.459109 0.025158
v -0.729942 0.452456 0.050074
v -0.766510 0.441440 0.074508
v -0.802004 0.426166 0.098225
v -0.836082 0.406781 0.120995
v -0.868416 0.383472 0.142600
v -0.898695 0.356464 0.162832
v -0.926627 0.326017 0.181496
v -0.951943 0.292423 0.198411
v -0.974400 0.256007 0.213416
v -0.993780 0.217119 0.226366
v -1.009898 0.176133 0.237135
v -1.022598 0.133445 0.245621
v -1.031758 0.089465 0.251741
v -1.037289 0.044617 0.255437
v -1.039139 -0.000667 0.256673
v -1.037289 -0.045951 0.255437
v -1.031758 -0.090798 0.251741
v -1.022598 -0.134778 0.245621
v -1.009898 -0.177466 0.237135
v -0.993780 -0.218452 0.226366
v -0.974400 -0.257340 0.213416
v -0.951943 -0.293756 0.198411
v -0.926627 -0.327350 0.181496
v -0.898695 -0.357798 0.162832
v -0.868416 -0.384806 0.142600
v -0.836082 -0.408114 0.120995
v -0.802004 -0.427499 0.098225
v -0.766510 -0.442773 0.074508
v -0.729942 -0.453790 0.050074
v -0.692652 -0.460442 0.025158
v -0.696837 0.459109 0.017329
v -0.738271 0.452456 0.034492
v -0.778903 0.441440 0.051322
v -0.818342 0.426166 0.067658
v -0.856207 0.406781 0.083343
v -0.892135 0.383472 0.098225
v -0.925780 0.356464 0.112160
v -0.956816 0.326017 0.125016
v -0.984946 0.292423 0.136668
v -1.009898 0.256007 0.147003
v -1.031433 0.217119 0.155923
v -1.049342 0.176133 0.163342
v -1.063453 0.133445 0.169187
v -1.073631 0.089465 0.173402
v -1.079777 0.044617 0.175948
v -1.081832 -0.000667 0.176799
v -1.079777 -0.045951 0.175948
v -1.073631 -0.090798 0.173402
v -1.063453 -0.134778 0.169187
v -1.049342 -0.177466 0.163342
v -1.031433 -0.218452 0.155923
v -1.009898 -0.257340 0.147003
v -0.984946 -0.293756 0.136668
v -0.956816 -0.327350 0.125016
v -0.925780 -0.357798 0.112160
v -0.892135 -0.384806 0.098225
v -0.856207 -0.408114 0.083343
v -0.818342 -0.427499 0.067658
v -0.778903 -0.442773 0.051322
v -0.738271 -0.453790 0.034492
v -0.696837 -0.460442 0.017329
v -0.699414 0.459109 0.008834
v -0.743400 0.452456 0.017584
v -0.786535 0.441440 0.026164
v -0.828403 0.426166 0.034492
v -0.868601 0.406781 0.042488
v -0.906741 0.383472 0.050074
v -0.942458 0.356464 0.057179
v -0.975406 0.326017 0.063733
v -1.005269 0.292423 0.069673
v -1.031758 0.256007 0.074942
v -1.054619 0.217119 0.079489
v -1.073631 0.176133 0.083271
v -1.088612 0.133445 0.086251
v -1.099416 0.089465 0.088400
v -1.105941 0.044617 0.089698
v -1.108123 -0.000667 0.090131
v -1.105941 -0.045951 0.089698
v -1.099416 -0.090798 0.088400
v -1.088612 -0.134778 0.086251
v -1.073631 -0.177466 0.083271
v -1.054619 -0.218452 0.079489
v -1.031758 -0.257340 0.074942
v -1.005269 -0.293756 0.069673
v -0.975406 -0.327350 0.063733
v -0.942458 -0.357798 0.057179
v -0.906741 -0.384806 0.050074
v -0.868601 -0.408114 0.042488
v -0.828403 -0.427499 0.034492
v -0.786535 -0.442773 0.026164
v -0.743400 -0.453790 0.017584
v -0.699414 -0.460442 0.008834
v -0.700284 0.459109 -0.000000
v -0.745132 0.452456 -0.000000
v -0.789112 0.441440 -0.000000
v -0.831800 0.426166 -0.000000
v -0.872785 0.406781 -0.000000
v -0.911673 0.383472 -0.000000
v -0.948090 0.356464 -0.000000
v -0.981683 0.326017 -0.000000
v -1.012131 0.292423 -0.000000
v -1.039139 0.256007 -0.000000
v -1.062448 0.217119 -0.000000
v -1.081832 0.176133 -0.000000
v -1.097106 0.133445 -0.000000
v -1.108123 0.089465 -0.000000
v -1.114775 0.044617 -0.000000
v -1.117000 -0.000667 0.000000
v -1.114775 -0.045951 0.000000
v -1.108123 -0.090798 0.000000
v -1.097106 -0.134778 0.000000
v -1.081832 -0.177466 0.000000
v -1.062448 -0.218452 0.000000
v -1.039139 -0.257340 0.000000
v -1.012131 -0.293756 0.000000
v -0.981683 -0.327350 0.000000
v -0.948090 -0.357798 0.000000
v -0.911673 -0.384806 0.000000
v -0.872785 -0.408114 0.000000
v -0.831800 -0.427499 0.000000
v -0.789112 -0.442773 0.000000
v -0.745132 -0.453790 0.000000
v -0.700284 -0.460442 0.000000
v -0.699414 0.459109 -0.008834
v -0.743400 0.452456 -0.017584
v -0.786535 0.441440 -0.026164
v -0.828403 0.426166 -0.034492
v -0.868601 0.406781 -0.042488
v -0.906741 0.383472 -0.050075
v -0.942458 0.356464 -0.057179
v -0.975406 0.326017 -0.063733
v -1.005269 0.292423 -0.069673
v -1.031758 0.256007 -0.074942
v -1.054619 0.217119 -0.079489
v -1.073631 0.176133 -0.083271
v -1.088612 0.133445 -0.086251
v -1.099416 0.089465 -0.088400
v -1.105941 0.044617 -0.089698
v -1.108123 -0.000667 -0.090132
v -1.105941 -0.045951 -0.089698
v -1.099416 -0.090798 -0.088400
v -1.088612 -0.134778 -0.086251
v -1.073631 -0.177466 -0.083271
v -1.054619 -0.218452 -0.079489
v -1.031758 -0.257340 -0.074942
v -1.005269 -0.293756 -0.069673
v -0.975406 -0.327350 -0.063733
v -0.942458 -0.357798 -0.057179
v -0.906741 -0.384806 -0.050075
v -0.868601 -0.408114 -0.042488
v -0.828403 -0.427499 -0.034492
v -0.786535 -0.442773 -0.026164
v -0.743400 -0.453790 -0.017584
v -0.699414 -0.460442 -0.008834
v -0.696837 0.459109 -0.017329
v -0.738271 0.452456 -0.034492
v -0.778903 0.441440 -0.051322
v -0.818342 0.426166 -0.067658
v -0.856207 0.406781 -0.083343
v -0.892135 0.383472 -0.098225
v -0.925780 0.356464 -0.112161
v -0.956816 0.326017 -0.125016
v -0.984946 0.292423 -0.136668
v -1.009898 0.256007 -0.147004
v -1.031432 0.217119 -0.155923
v -1.049342 0.176133 -0.163342
v -1.063453 0.133445 -0.169187
v -1.073631 0.089465 -0.173403
v -1.079777 0.044617 -0.175948
v -1.081832 -0.000667 -0.176800
v -1.079777 -0.045951 -0.175948
v -1.073631 -0.090798 -0.173403
v -1.063453 -0.134778 -0.169187
v -1.049342 -0.177466 -0.163342
v -1.031432 -0.218452 -0.155923
v -1.009898 -0.257340 -0.147004
v -0.984946 -0.293756 -0.136668
v -0.956816 -0.327350 -0.125016
v -0.925780 -0.357798 -0.112161
v -0.892135 -0.384806 -0.098225
v -0.856207 -0.408114 -0.083343
v -0.818342 -0.427499 -0.067658
v -0.778903 -0.442773 -0.051322
v -0.738271 -0.453790 -0.034492
v -0.696837 -0.460442 -0.017329
v -0.692652 0.459109 -0.025158
v -0.729942 0.452456 -0.050074
v -0.766510 0.441440 -0.074508
v -0.802004 0.426166 -0.098225
v -0.836082 0.406781 -0.120995
v -0.868416 0.383472 -0.142600
v -0.898695 0.356464 -0.162832
v -0.926627 0.326017 -0.181496
v -0.951943 0.292423 -0.198411
v -0.974400 0.256007 -0.213416
v -0.993780 0.217119 -0.226366
v -1.009898 0.176133 -0.237135
v -1.022598 0.133445 -0.245621
v -1.031758 0.089465 -0.251742
v -1.037289 0.044617 -0.255437
v -1.039139 -0.000667 -0.256673
v -1.037289 -0.045951 -0.255437
v -1.031758 -0.090798 -0.251742
v -1.022598 -0.134778 -0.245621
v -1.009898 -0.177466 -0.237135
v -0.993780 -0.218452 -0.226366
v -0.974400 -0.257340 -0.213416
v -0.951943 -0.293756 -0.198411
v -0.926627 -0.327350 -0.181496
v -0.898695 -0.357798 -0.162832
v -0.868416 -0.384806 -0.142600
v -0.836082 -0.408114 -0.120995
v -0.802004 -0.427499 -0.098225
v -0.766510 -0.442773 -0.074508
v -0.729942 -0.453790 -0.050074
v -0.692652 -0.460442 -0.025158
v -0.687021 0.459109 -0.032021
v -0.718733 0.452456 -0.063733
v -0.749831 0.441440 -0.094831
v -0.780016 0.426166 -0.125016
v -0.808997 0.406781 -0.153997
v -0.836496 0.383472 -0.181495
v -0.862246 0.356464 -0.207246
v -0.886000 0.326017 -0.231000
v -0.907530 0.292423 -0.252530
v -0.926627 0.256007 -0.271627
v -0.943109 0.217119 -0.288109
v -0.956816 0.176133 -0.301816
v -0.967616 0.133445 -0.312616
v -0.975406 0.089465 -0.320406
v -0.980110 0.044617 -0.325110
v -0.981683 -0.000667 -0.326683
v -0.980110 -0.045951 -0.325110
v -0.975406 -0.090798 -0.320406
v -0.967616 -0.134778 -0.312616
v -0.956816 -0.177466 -0.301816
v -0.943109 -0.218452 -0.288109
v -0.926627 -0.257340 -0.271627
v -0.907530 -0.293756 -0.252530
v -0.886000 -0.327350 -0.231000
v -0.862246 -0.357798 -0.207246
v -0.836496 -0.384806 -0.181495
v -0.808997 -0.408114 -0.153997
v -0.780016 -0.427499 -0.125016
v -0.749831 -0.442773 -0.094831
v -0.718733 -0.453790 -0.063733
v -0.687021 -0.460442 -0.032021
v -0.680158 0.459109 -0.037652
v -0.705075 0.452456 -0.074942
v -0.729509 0.441440 -0.111510
v -0.753225 0.426166 -0.147004
v -0.775995 0.406781 -0.181082
v -0.797600 0.383472 -0.213416
v -0.817832 0.356464 -0.243695
v -0.836496 0.326017 -0.271627
v -0.853411 0.292423 -0.296943
v -0.868416 0.256007 -0.319400
v -0.881366 0.217119 -0.338780
v -0.892135 0.176133 -0.354898
v -0.900621 0.133445 -0.367598
v -0.906741 0.089465 -0.376758
v -0.910437 0.044617 -0.382289
v -0.911673 -0.000667 -0.384139
v -0.910437 -0.045951 -0.382289
v -0.906741 -0.090798 -0.376758
v -0.900621 -0.134778 -0.367598
v -0.892135 -0.177466 -0.354898
v -0.881366 -0.218452 -0.338780
v -0.868416 -0.257340 -0.319400
v -0.853411 -0.293756 -0.296943
v -0.836496 -0.327350 -0.271627
v -0.817832 -0.357798 -0.243695
v -0.797600 -0.384806 -0.213416
v -0.775995 -0.408114 -0.181082
v -0.753225 -0.427499 -0.147004
v -0.729509 -0.442773 -0.111510
v -0.705075 -0.453790 -0.074942
v -0.680158 -0.460442 -0.037652
v -0.672329 0.459109 -0.041837
v -0.689492 0.452456 -0.083271
v -0.706322 0.441440 -0.123903
v -0.722658 0.426166 -0.163342
v -0.738343 0.406781 -0.201207
v -0.753225 0.383472 -0.237135
v -0.767161 0.356464 -0.270779
v -0.780016 0.326017 -0.301816
v -0.791668 0.292423 -0.329946
v -0.802004 0.256007 -0.354898
v -0.810923 0.217119 -0.376432
v -0.818342 0.176133 -0.394342
v -0.824187 0.133445 -0.408453
v -0.828403 0.089465 -0.418631
v -0.830948 0.044617 -0.424777
v -0.831800 -0.000667 -0.426832
v -0.830948 -0.045951 -0.424777
v -0.828403 -0.090798 -0.418631
v -0.824187 -0.134778 -0.408453
v -0.818342 -0.177466 -0.394342
v -0.810923 -0.218452 -0.376432
v -0.802004 -0.257340 -0.354898
v -0.791668 -0.293756 -0.329946
v -0.780016 -0.327350 -0.301816
v -0.767161 -0.357798 -0.270779
v -0.753225 -0.384806 -0.237135
v -0.738343 -0.408114 -0.201207
v -0.722658 -0.427499 -0.163342
v -0.706322 -0.442773 -0.123903
v -0.689492 -0.453790 -0.083271
v -0.672329 -0.460442 -0.041837
v -0.663835 0.459109 -0.044414
v -0.672584 0.452456 -0.088400
v -0.681164 0.441440 -0.131535
v -0.689492 0.426166 -0.173403
v -0.697488 0.406781 -0.213600
v -0.705074 0.383472 -0.251741
v -0.712179 0.356464 -0.287458
v -0.718733 0.326017 -0.320406
v -0.724673 0.292423 -0.350269
v -0.729942 0.256007 -0.376758
v -0.734489 0.217119 -0.399618
v -0.738271 0.176133 -0.418631
v -0.741251 0.133445 -0.433611
v -0.743400 0.089465 -0.444416
v -0.744698 0.044617 -0.450940
v -0.745132 -0.000667 -0.453122
v -0.744698 -0.045951 -0.450940
v -0.743400 -0.090798 -0.444416
v -0.741251 -0.134778 -0.433611
v -0.738271 -0.177466 -0.418631
v -0.734489 -0.218452 -0.399618
v -0.729942 -0.257340 -0.376758
v -0.724673 -0.293756 -0.350269
v -0.718733 -0.327350 -0.320406
v -0.712179 -0.357798 -0.287458
v -0.705074 -0.384806 -0.251741
v -0.697488 -0.408114 -0.213600
v -0.689492 -0.427499 -0.173403
v -0.681164 -0.442773 -0.131535
v -0.672584 -0.453790 -0.088400
v -0.663835 -0.460442 -0.044414
v -0.655000 0.459109 -0.045284
v -0.655000 0.452456 -0.090132
v -0.655000 0.441440 -0.134111
v -0.655000 0.426166 -0.176800
v -0.655000 0.406781 -0.217785
v -0.655000 0.383472 -0.256673
v -0.655000 0.326017 -0.326683
v -0.655000 0.256007 -0.384139
v -0.655000 0.217119 -0.407447
v -0.655000 -0.000667 -0.462000
v -0.655000 -0.134778 -0.442106
v -0.655000 -0.177466 -0.426832
v -0.655000 -0.327350 -0.326683
v -0.655000 -0.427499 -0.176800
v -0.655000 -0.442773 -0.134111
v 0.655000 -0.106604 -0.013934
v 0.655000 -0.135297 -0.054120
v 0.655000 -0.149386 -0.101446
v 0.655000 -0.147346 -0.150782
v 0.655000 -0.129397 -0.196783
v 0.655000 -0.097483 -0.234462
v 0.655000 -0.055065 -0.259739
v 0.655000 -0.006737 -0.269872
v 0.655000 0.042262 -0.263764
v 0.655000 0.086623 -0.242077
v 0.655000 0.121539 -0.207162
v 0.655000 0.143226 -0.162801
v 0.655000 0.149334 -0.113801
v 0.655000 0.139200 -0.065474
v 0.655000 0.113924 -0.023055
v 0.655000 0.076245 0.008858
v 0.655000 0.030244 0.026808
v 0.655000 -0.019092 0.028848
v 0.655000 -0.066418 0.014759
v 0.605000 -0.106604 -0.013934
v 0.605000 -0.135297 -0.054120
v 0.605000 -0.149386 -0.101446
v 0.605000 -0.147346 -0.150782
v 0.605000 -0.129397 -0.196783
v 0.605000 -0.097483 -0.234462
v 0.605000 -0.055065 -0.259739
v 0.605000 -0.006737 -0.269872
v 0.605000 0.042262 -0.263764
v 0.605000 0.086623 -0.242077
v 0.605000 0.121539 -0.207162
v 0.605000 0.143226 -0.162801
v 0.605000 0.149334 -0.113801
v 0.605000 0.139200 -0.065474
v 0.605000 0.113924 -0.023055
v 0.605000 0.076245 0.008858
v 0.605000 0.030244 0.026808
v 0.605000 -0.019092 0.028848
v 0.605000 -0.066418 0.014759
v 0.605000 -0.106604 -0.013934
v 0.605000 -0.135297 -0.054120
v 0.605000 -0.149386 -0.101446
v 0.605000 -0.147346 -0.150782
v 0.605000 -0.129397 -0.196783
v 0.605000 -0.097483 -0.234462
v 0.605000 -0.055065 -0.259739
v 0.605000 -0.006737 -0.269872
v 0.605000 0.042262 -0.263764
v 0.605000 0.086623 -0.242077
v 0.605000 0.121539 -0.207162
v 0.605000 0.143226 -0.162801
v 0.605000 0.149334 -0.113801
v 0.605000 0.139200 -0.065474
v 0.605000 0.113924 -0.023055
v 0.605000 0.076245 0.008858
v 0.605000 0.030244 0.026808
v 0.605000 -0.019092 0.028848
v 0.605000 -0.066418 0.014759
v 0.555000 -0.106604 -0.013934
v 0.555000 -0.135297 -0.054120
v 0.555000 -0.149386 -0.101446
v 0.555000 -0.147346 -0.150782
v 0.555000 -0.129397 -0.196783
v 0.555000 -0.097483 -0.234462
v 0.555000 -0.055065 -0.259739
v 0.555000 -0.006737 -0.269872
v 0.555000 0.042262 -0.263764
v 0.555000 0.086623 -0.242077
v 0.555000 0.121539 -0.207162
v 0.555000 0.143226 -0.162801
v 0.555000 0.149334 -0.113801
v 0.555000 0.139200 -0.065474
v 0.555000 0.113924 -0.023055
v 0.555000 0.076245 0.008858
v 0.555000 0.030244 0.026808
v 0.555000 -0.019092 0.028848
v 0.555000 -0.066418 0.014759
v 0.555000 -0.106604 -0.013934
v 0.555000 -0.135297 -0.054120
v 0.555000 -0.149386 -0.101446
v 0.555000 -0.147346 -0.150782
v 0.555000 -0.129397 -0.196783
v 0.555000 -0.097483 -0.234462
v 0.555000 -0.055065 -0.259739
v 0.555000 -0.006737 -0.269872
v 0.555000 0.042262 -0.263764
v 0.555000 0.086623 -0.242077
v 0.555000 0.121539 -0.207162
v 0.555000 0.143226 -0.162801
v 0.555000 0.149334 -0.113801
v 0.555000 0.139200 -0.065474
v 0.555000 0.113924 -0.023055
v 0.555000 0.076245 0.008858
v 0.555000 0.030244 0.026808
v 0.555000 -0.019092 0.028848
v 0.555000 -0.066418 0.014759
v 0.505000 -0.106604 -0.013934
v 0.505000 -0.135297 -0.054120
v 0.505000 -0.149386 -0.101446
v 0.505000 -0.147346 -0.150782
v 0.505000 -0.129397 -0.196783
v 0.505000 -0.097483 -0.234462
v 0.505000 -0.055065 -0.259739
v 0.505000 -0.006737 -0.269872
v 0.505000 0.042262 -0.263764
v 0.505000 0.086623 -0.242077
v 0.505000 0.121539 -0.207162
v 0.505000 0.143226 -0.162801
v 0.505000 0.149334 -0.113801
v 0.505000 0.139200 -0.065474
v 0.505000 0.113924 -0.023055
v 0.505000 0.076245 0.008858
v 0.505000 0.030244 0.026808
v 0.505000 -0.019092 0.028848
v 0.505000 -0.066418 0.014759
v 0.505000 -0.106604 -0.013934
v 0.505000 -0.135297 -0.054120
v 0.505000 -0.149386 -0.101446
v 0.505000 -0.147346 -0.150782
v 0.505000 -0.129397 -0.196783
v 0.505000 -0.097483 -0.234462
v 0.505000 -0.055065 -0.259739
v 0.505000 -0.006737 -0.269872
v 0.505000 0.042262 -0.263764
v 0.505000 0.086623 -0.242077
v 0.505000 0.121539 -0.207162
v 0.505000 0.143226 -0.162801
v 0.505000 0.149334 -0.113801
v 0.505000 0.139200 -0.065474
v 0.505000 0.113924 -0.023055
v 0.505000 0.076245 0.008858
v 0.505000 0.030244 0.026808
v 0.505000 -0.019092 0.028848
v 0.505000 -0.066418 0.014759
v 0.455000 -0.106604 -0.013934
v 0.455000 -0.135297 -0.054120
v 0.455000 -0.149386 -0.101446
v 0.455000 -0.147346 -0.150782
v 0.455000 -0.129397 -0.196783
v 0.455000 -0.097483 -0.234462
v 0.455000 -0.055065 -0.259739
v 0.455000 -0.006737 -0.269872
v 0.455000 0.042262 -0.263764
v 0.455000 0.086623 -0.242077
v 0.455000 0.121539 -0.207162
v 0.455000 0.143226 -0.162801
v 0.455000 0.149334 -0.113801
v 0.455000 0.139200 -0.065474
v 0.455000 0.113924 -0.023055
v 0.455000 0.076245 0.008858
v 0.455000 0.030244 0.026808
v 0.455000 -0.019092 0.028848
v 0.455000 -0.066418 0.014759
v 0.455000 -0.106604 -0.013934
v 0.455000 -0.135297 -0.054120
v 0.455000 -0.149386 -0.101446
v 0.455000 -0.147346 -0.150782
v 0.455000 -0.129397 -0.196783
v 0.455000 -0.097483 -0.234462
v 0.455000 -0.055065 -0.259739
v 0.455000 -0.006737 -0.269872
v 0.455000 0.042262 -0.263764
v 0.455000 0.086623 -0.242077
v 0.455000 0.121539 -0.207162
v 0.455000 0.143226 -0.162801
v 0.455000 0.149334 -0.113801
v 0.455000 0.139200 -0.065474
v 0.455000 0.113924 -0.023055
v 0.455000 0.076245 0.008858
v 0.455000 0.030244 0.026808
v 0.455000 -0.019092 0.028848
v 0.455000 -0.066418 0.014759
v 0.405000 -0.106604 -0.013934
v 0.405000 -0.135297 -0.054120
v 0.405000 -0.149386 -0.101446
v 0.405000 -0.147346 -0.150782
v 0.405000 -0.129397 -0.196783
v 0.405000 -0.097483 -0.234462
v 0.405000 -0.055065 -0.259739
v 0.405000 -0.006737 -0.269872
v 0.405000 0.042262 -0.263764
v 0.405000 0.086623 -0.242077
v 0.405000 0.121539 -0.207162
v 0.405000 0.143226 -0.162801
v 0.405000 0.149334 -0.113801
v 0.405000 0.139200 -0.065474
v 0.405000 0.113924 -0.023055
v 0.405000 0.076245 0.008858
v 0.405000 0.030244 0.026808
v 0.405000 -0.019092 0.028848
v 0.405000 -0.066418 0.014759
v 0.405000 -0.106604 -0.013934
v 0.405000 -0.135297 -0.054120
v 0.405000 -0.149386 -0.101446
v 0.405000 -0.147346 -0.150782
v 0.405000 -0.129397 -0.196783
v 0.405000 -0.097483 -0.234462
v 0.405000 -0.055065 -0.259739
v 0.405000 -0.006737 -0.269872
v 0.405000 0.042262 -0.263764
v 0.405000 0.086623 -0.242077
v 0.405000 0.121539 -0.207162
v 0.405000 0.143226 -0.162801
v 0.405000 0.149334 -0.113801
v 0.405000 0.139200 -0.065474
v 0.405000 0.113924 -0.023055
v 0.405000 0.076245 0.008858
v 0.405000 0.030244 0.026808
v 0.405000 -0.019092 0.028848
v 0.405000 -0.066418 0.014759
v 0.355000 -0.106604 -0.013934
v 0.355000 -0.135297 -0.054120
v 0.355000 -0.149386 -0.101446
v 0.355000 -0.147346 -0.150782
v 0.355000 -0.129397 -0.196783
v 0.355000 -0.097483 -0.234462
v 0.355000 -0.055065 -0.259739
v 0.355000 -0.006737 -0.269872
v 0.355000 0.042262 -0.263764
v 0.355000 0.086623 -0.242077
v 0.355000 0.121539 -0.207162
v 0.355000 0.143226 -0.162801
v 0.355000 0.149334 -0.113801
v 0.355000 0.139200 -0.065474
v 0.355000 0.113924 -0.023055
v 0.355000 0.076245 0.008858
v 0.355000 0.030244 0.026808
v 0.355000 -0.019092 0.028848
v 0.355000 -0.066418 0.014759
v 0.355000 -0.106604 -0.013934
v 0.355000 -0.135297 -0.054120
v 0.355000 -0.149386 -0.101446
v 0.355000 -0.147346 -0.150782
v 0.355000 -0.129397 -0.196783
v 0.355000 -0.097483 -0.234462
v 0.355000 -0.055065 -0.259739
v 0.355000 -0.006737 -0.269872
v 0.355000 0.042262 -0.263764
v 0.355000 0.086623 -0.242077
v 0.355000 0.121539 -0.207162
v 0.355000 0.143226 -0.162801
v 0.355000 0.149334 -0.113801
v 0.355000 0.139200 -0.065474
v 0.355000 0.113924 -0.023055
v 0.355000 0.076245 0.008858
v 0.355000 0.030244 0.026808
v 0.355000 -0.019092 0.028848
v 0.355000 -0.066418 0.014759
v 0.305000 -0.106604 -0.013934
v 0.305000 -0.135297 -0.054120
v 0.305000 -0.149386 -0.101446
v 0.305000 -0.147346 -0.150782
v 0.305000 -0.129397 -0.196783
v 0.305000 -0.097483 -0.234462
v 0.305000 -0.055065 -0.259739
v 0.305000 -0.006737 -0.269872
v 0.305000 0.042262 -0.263764
v 0.305000 0.086623 -0.242077
v 0.305000 0.121539 -0.207162
v 0.305000 0.143226 -0.162801
v 0.305000 0.149334 -0.113801
v 0.305000 0.139200 -0.065474
v 0.305000 0.113924 -0.023055
v 0.305000 0.076245 0.008858
v 0.305000 0.030244 0.026808
v 0.305000 -0.019092 0.028848
v 0.305000 -0.066418 0.014759
v 0.305000 -0.106604 -0.013934
v 0.305000 -0.135297 -0.054120
v 0.305000 -0.149386 -0.101446
v 0.305000 -0.147346 -0.150782
v 0.305000 -0.129397 -0.196783
v 0.305000 -0.097483 -0.234462
v 0.305000 -0.055065 -0.259739
v 0.305000 -0.006737 -0.269872
v 0.305000 0.042262 -0.263764
v 0.305000 0.086623 -0.242077
v 0.305000 0.121539 -0.207162
v 0.305000 0.143226 -0.162801
v 0.305000 0.149334 -0.113801
v 0.305000 0.139200 -0.065474
v 0.305000 0.113924 -0.023055
v 0.305000 0.076245 0.008858
v 0.305000 0.030244 0.026808
v 0.305000 -0.019092 0.028848
v 0.305000 -0.066418 0.014759
v 0.255000 -0.106604 -0.013934
v 0.255000 -0.135297 -0.054120
v 0.255000 -0.149386 -0.101446
v 0.255000 -0.147346 -0.150782
v 0.255000 -0.129397 -0.196783
v 0.255000 -0.097483 -0.234462
v 0.255000 -0.055065 -0.259739
v 0.255000 -0.006737 -0.269872
v 0.255000 0.042262 -0.263764
v 0.255000 0.086623 -0.242077
v 0.255000 0.121539 -0.207162
v 0.255000 0.143226 -0.162801
v 0.255000 0.149334 -0.113801
v 0.255000 0.139200 -0.065474
v 0.255000 0.113924 -0.023055
v 0.255000 0.076245 0.008858
v 0.255000 0.030244 0.026808
v 0.255000 -0.019092 0.028848
v 0.255000 -0.066418 0.014759
v 0.255000 -0.106604 -0.013934
v 0.255000 -0.135297 -0.054120
v 0.255000 -0.149386 -0.101446
v 0.255000 -0.147346 -0.150782
v 0.255000 -0.129397 -0.196783
v 0.255000 -0.097483 -0.234462
v 0.255000 -0.055065 -0.259739
v 0.255000 -0.006737 -0.269872
v 0.255000 0.042262 -0.263764
v 0.255000 0.086623 -0.242077
v 0.255000 0.121539 -0.207162
v 0.255000 0.143226 -0.162801
v 0.255000 0.149334 -0.113801
v 0.255000 0.139200 -0.065474
v 0.255000 0.113924 -0.023055
v 0.255000 0.076245 0.008858
v 0.255000 0.030244 0.026808
v 0.255000 -0.019092 0.028848
v 0.255000 -0.066418 0.014759
v 0.205000 -0.106604 -0.013934
v 0.205000 -0.135297 -0.054120
v 0.205000 -0.149386 -0.101446
v 0.205000 -0.147346 -0.150782
v 0.205000 -0.129397 -0.196783
v 0.205000 -0.097483 -0.234462
v 0.205000 -0.055065 -0.259739
v 0.205000 -0.006737 -0.269872
v 0.205000 0.042262 -0.263764
v 0.205000 0.086623 -0.242077
v 0.205000 0.121539 -0.207162
v 0.205000 0.143226 -0.162801
v 0.205000 0.149334 -0.113801
v 0.205000 0.139200 -0.065474
v 0.205000 0.113924 -0.023055
v 0.205000 0.076245 0.008858
v 0.205000 0.030244 0.026808
v 0.205000 -0.019092 0.028848
v 0.205000 -0.066418 0.014759
v 0.205000 -0.106604 -0.013934
v 0.205000 -0.135297 -0.054120
v 0.205000 -0.149386 -0.101446
v 0.205000 -0.147346 -0.150782
v 0.205000 -0.129397 -0.196783
v 0.205000 -0.097483 -0.234462
v 0.205000 -0.055065 -0.259739
v 0.205000 -0.006737 -0.269872
v 0.205000 0.042262 -0.263764
v 0.205000 0.086623 -0.242077
v 0.205000 0.121539 -0.207162
v 0.205000 0.143226 -0.162801
v 0.205000 0.149334 -0.113801
v 0.205000 0.139200 -0.065474
v 0.205000 0.113924 -0.023055
v 0.205000 0.076245 0.008858
v 0.205000 0.030244 0.026808
v 0.205000 -0.019092 0.028848
v 0.205000 -0.066418 0.014759
v 0.155000 -0.106604 -0.013934
v 0.155000 -0.135297 -0.054120
v 0.155000 -0.149386 -0.101446
v 0.155000 -0.147346 -0.150782
v 0.155000 -0.129397 -0.196783
v 0.155000 -0.097483 -0.234462
v 0.155000 -0.055065 -0.259739
v 0.155000 -0.006737 -0.269872
v 0.155000 0.042262 -0.263764
v 0.155000 0.086623 -0.242077
v 0.155000 0.121539 -0.207162
v 0.155000 0.143226 -0.162801
v 0.155000 0.149334 -0.113801
v 0.155000 0.139200 -0.065474
v 0.155000 0.113924 -0.023055
v 0.155000 0.076245 0.008858
v 0.155000 0.030244 0.026808
v 0.155000 -0.019092 0.028848
v 0.155000 -0.066418 0.014759
v 0.155000 -0.106604 -0.013934
v 0.155000 -0.135297 -0.054120
v 0.155000 -0.149386 -0.101446
v 0.155000 -0.147346 -0.150782
v 0.155000 -0.129397 -0.196783
v 0.155000 -0.097483 -0.234462
v 0.155000 -0.055065 -0.259739
v 0.155000 -0.006737 -0.269872
v 0.155000 0.042262 -0.263764
v 0.155000 0.086623 -0.242077
v 0.155000 0.121539 -0.207162
v 0.155000 0.143226 -0.162801
v 0.155000 0.149334 -0.113801
v 0.155000 0.139200 -0.065474
v 0.155000 0.113924 -0.023055
v 0.155000 0.076245 0.008858
v 0.155000 0.030244 0.026808
v 0.155000 -0.019092 0.028848
v 0.155000 -0.066418 0.014759
v 0.105000 -0.106604 -0.013934
v 0.105000 -0.135297 -0.054120
v 0.105000 -0.149386 -0.101446
v 0.105000 -0.147346 -0.150782
v 0.105000 -0.129397 -0.196783
v 0.105000 -0.097483 -0.234462
v 0.105000 -0.055065 -0.259739
v 0.105000 -0.006737 -0.269872
v 0.105000 0.042262 -0.263764
v 0.105000 0.086623 -0.242077
v 0.105000 0.121539 -0.207162
v 0.105000 0.143226 -0.162801
v 0.105000 0.149334 -0.113801
v 0.105000 0.139200 -0.065474
v 0.105000 0.113924 -0.023055
v 0.105000 0.076245 0.008858
v 0.105000 0.030244 0.026808
v 0.105000 -0.019092 0.028848
v 0.105000 -0.066418 0.014759
v 0.105000 -0.106604 -0.013934
v 0.105000 -0.135297 -0.054120
v 0.105000 -0.149386 -0.101446
v 0.105000 -0.147346 -0.150782
v 0.105000 -0.129397 -0.196783
v 0.105000 -0.097483 -0.234462
v 0.105000 -0.055065 -0.259739
v 0.105000 -0.006737 -0.269872
v 0.105000 0.042262 -0.263764
v 0.105000 0.086623 -0.242077
v 0.105000 0.121539 -0.207162
v 0.105000 0.143226 -0.162801
v 0.105000 0.149334 -0.113801
v 0.105000 0.139200 -0.065474
v 0.105000 0.113924 -0.023055
v 0.105000 0.076245 0.008858
v 0.105000 0.030244 0.026808
v 0.105000 -0.019092 0.028848
v 0.105000 -0.066418 0.014759
v 0.055000 -0.106604 -0.013934
v 0.055000 -0.135297 -0.054120
v 0.055000 -0.149386 -0.101446
v 0.055000 -0.147346 -0.150782
v 0.055000 -0.129397 -0.196783
v 0.055000 -0.097483 -0.234462
v 0.055000 -0.055065 -0.259739
v 0.055000 -0.006737 -0.269872
v 0.055000 0.042262 -0.263764
v 0.055000 0.086623 -0.242077
v 0.055000 0.121539 -0.207162
v 0.055000 0.143226 -0.162801
v 0.055000 0.149334 -0.113801
v 0.055000 0.139200 -0.065474
v 0.055000 0.113924 -0.023055
v 0.055000 0.076245 0.008858
v 0.055000 0.030244 0.026808
v 0.055000 -0.019092 0.028848
v 0.055000 -0.066418 0.014759
v 0.055000 -0.106604 -0.013934
v 0.055000 -0.135297 -0.054120
v 0.055000 -0.149386 -0.101446
v 0.055000 -0.147346 -0.150782
v 0.055000 -0.129397 -0.196783
v 0.055000 -0.097483 -0.234462
v 0.055000 -0.055065 -0.259739
v 0.055000 -0.006737 -0.269872
v 0.055000 0.042262 -0.263764
v 0.055000 0.086623 -0.242077
v 0.055000 0.121539 -0.207162
v 0.055000 0.143226 -0.162801
v 0.055000 0.149334 -0.113801
v 0.055000 0.139200 -0.065474
v 0.055000 0.113924 -0.023055
v 0.055000 0.076245 0.008858
v 0.055000 0.030244 0.026808
v 0.055000 -0.019092 0.028848
v 0.055000 -0.066418 0.014759
v 0.005000 -0.106604 -0.013934
v 0.005000 -0.135297 -0.054120
v 0.005000 -0.149386 -0.101446
v 0.005000 -0.147346 -0.150782
v 0.005000 -0.129397 -0.196783
v 0.005000 -0.097483 -0.234462
v 0.005000 -0.055065 -0.259739
v 0.005000 -0.006737 -0.269872
v 0.005000 0.042262 -0.263764
v 0.005000 0.086623 -0.242077
v 0.005000 0.121539 -0.207162
v 0.005000 0.143226 -0.162801
v 0.005000 0.149334 -0.113801
v 0.005000 0.139200 -0.065474
v 0.005000 0.113924 -0.023055
v 0.005000 0.076245 0.008858
v 0.005000 0.030244 0.026808
v 0.005000 -0.019092 0.028848
v 0.005000 -0.066418 0.014759
v 0.005000 -0.106604 -0.013934
v 0.005000 -0.135297 -0.054120
v 0.005000 -0.149386 -0.101446
v 0.005000 -0.147346 -0.150782
v 0.005000 -0.129397 -0.196783
v 0.005000 -0.097483 -0.234462
v 0.005000 -0.055065 -0.259739
v 0.005000 -0.006737 -0.269872
v 0.005000 0.042262 -0.263764
v 0.005000 0.086623 -0.242077
v 0.005000 0.121539 -0.207162
v 0.005000 0.143226 -0.162801
v 0.005000 0.149334 -0.113801
v 0.005000 0.139200 -0.065474
v 0.005000 0.113924 -0.023055
v 0.005000 0.076245 0.008858
v 0.005000 0.030244 0.026808
v 0.005000 -0.019092 0.028848
v 0.005000 -0.066418 0.014759
v -0.045000 -0.106604 -0.013934
v -0.045000 -0.135297 -0.054120
v -0.045000 -0.149386 -0.101446
v -0.045000 -0.147346 -0.150782
v -0.045000 -0.129397 -0.196783
v -0.045000 -0.097483 -0.234462
v -0.045000 -0.055065 -0.259739
v -0.045000 -0.006737 -0.269872
v -0.045000 0.042262 -0.263764
v -0.045000 0.086623 -0.242077
v -0.045000 0.121539 -0.207162
v -0.045000 0.143226 -0.162801
v -0.045000 0.149334 -0.113801
v -0.045000 0.139200 -0.065474
v -0.045000 0.113924 -0.023055
v -0.045000 0.076245 0.008858
v -0.045000 0.030244 0.026808
v -0.045000 -0.019092 0.028848
v -0.045000 -0.066418 0.014759
v -0.045000 -0.106604 -0.013934
v -0.045000 -0.135297 -0.054120
v -0.045000 -0.149386 -0.101446
v -0.045000 -0.147346 -0.150782
v -0.045000 -0.129397 -0.196783
v -0.045000 -0.097483 -0.234462
v -0.045000 -0.055065 -0.259739
v -0.045000 -0.006737 -0.269872
v -0.045000 0.042262 -0.263764
v -0.045000 0.086623 -0.242077
v -0.045000 0.121539 -0.207162
v -0.045000 0.143226 -0.162801
v -0.045000 0.149334 -0.113801
v -0.045000 0.139200 -0.065474
v -0.045000 0.113924 -0.023055
v -0.045000 0.076245 0.008858
v -0.045000 0.030244 0.026808
v -0.045000 -0.019092 0.028848
v -0.045000 -0.066418 0.014759
v -0.095000 -0.106604 -0.013934
v -0.095000 -0.135297 -0.054120
v -0.095000 -0.149386 -0.101446
v -0.095000 -0.147346 -0.150782
v -0.095000 -0.129397 -0.196783
v -0.095000 -0.097483 -0.234462
v -0.095000 -0.055065 -0.259739
v -0.095000 -0.006737 -0.269872
v -0.095000 0.042262 -0.263764
v -0.095000 0.086623 -0.242077
v -0.095000 0.121539 -0.207162
v -0.095000 0.143226 -0.162801
v -0.095000 0.149334 -0.113801
v -0.095000 0.139200 -0.065474
v -0.095000 0.113924 -0.023055
v -0.095000 0.076245 0.008858
v -0.095000 0.030244 0.026808
v -0.095000 -0.019092 0.028848
v -0.095000 -0.066418 0.014759
v -0.095000 -0.106604 -0.013934
v -0.095000 -0.135297 -0.054120
v -0.095000 -0.149386 -0.101446
v -0.095000 -0.147346 -0.150782
v -0.095000 -0.129397 -0.196783
v -0.095000 -0.097483 -0.234462
v -0.095000 -0.055065 -0.259739
v -0.095000 -0.006737 -0.269872
v -0.095000 0.042262 -0.263764
v -0.095000 0.086623 -0.242077
v -0.095000 0.121539 -0.207162
v -0.095000 0.143226 -0.162801
v -0.095000 0.149334 -0.113801
v -0.095000 0.139200 -0.065474
v -0.095000 0.113924 -0.023055
v -0.095000 0.076245 0.008858
v -0.095000 0.030244 0.026808
v -0.095000 -0.019092 0.028848
v -0.095000 -0.066418 0.014759
v -0.145000 -0.106604 -0.013934
v -0.145000 -0.135297 -0.054120
v -0.145000 -0.149386 -0.101446
v -0.145000 -0.147346 -0.150782
v -0.145000 -0.129397 -0.196783
v -0.145000 -0.097483 -0.234462
v -0.145000 -0.055065 -0.259739
v -0.145000 -0.006737 -0.269872
v -0.145000 0.042262 -0.263764
v -0.145000 0.086623 -0.242077
v -0.145000 0.121539 -0.207162
v -0.145000 0.143226 -0.162801
v -0.145000 0.149334 -0.113801
v -0.145000 0.139200 -0.065474
v -0.145000 0.113924 -0.023055
v -0.145000 0.076245 0.008858
v -0.145000 0.030244 0.026808
v -0.145000 -0.019092 0.028848
v -0.145000 -0.066418 0.014759
v -0.145000 -0.106604 -0.013934
v -0.145000 -0.135297 -0.054120
v -0.145000 -0.149386 -0.101446
v -0.145000 -0.147346 -0.150782
v -0.145000 -0.129397 -0.196783
v -0.145000 -0.097483 -0.234462
v -0.145000 -0.055065 -0.259739
v -0.145000 -0.006737 -0.269872
v -0.145000 0.042262 -0.263764
v -0.145000 0.086623 -0.242077
v -0.145000 0.121539 -0.207162
v -0.145000 0.143226 -0.162801
v -0.145000 0.149334 -0.113801
v -0.145000 0.139200 -0.065474
v -0.145000 0.113924 -0.023055
v -0.145000 0.076245 0.008858
v -0.145000 0.030244 0.026808
v -0.145000 -0.019092 0.028848
v -0.145000 -0.066418 0.014759
v -0.195000 -0.106604 -0.013934
v -0.195000 -0.135297 -0.054120
v -0.195000 -0.149386 -0.101446
v -0.195000 -0.147346 -0.150782
v -0.195000 -0.129397 -0.196783
v -0.195000 -0.097483 -0.234462
v -0.195000 -0.055065 -0.259739
v -0.195000 -0.006737 -0.269872
v -0.195000 0.042262 -0.263764
v -0.195000 0.086623 -0.242077
v -0.195000 0.121539 -0.207162
v -0.195000 0.143226 -0.162801
v -0.195000 0.149334 -0.113801
v -0.195000 0.139200 -0.065474
v -0.195000 0.113924 -0.023055
v -0.195000 0.076245 0.008858
v -0.195000 0.030244 0.026808
v -0.195000 -0.019092 0.028848
v -0.195000 -0.066418 0.014759
v -0.195000 -0.106604 -0.013934
v -0.195000 -0.135297 -0.054120
v -0.195000 -0.149386 -0.101446
v -0.195000 -0.147346 -0.150782
v -0.195000 -0.129397 -0.196783
v -0.195000 -0.097483 -0.234462
v -0.195000 -0.055065 -0.259739
v -0.195000 -0.006737 -0.269872
v -0.195000 0.042262 -0.263764
v -0.195000 0.086623 -0.242077
v -0.195000 0.121539 -0.207162
v -0.195000 0.143226 -0.162801
v -0.195000 0.149334 -0.113801
v -0.195000 0.139200 -0.065474
v -0.195000 0.113924 -0.023055
v -0.195000 0.076245 0.008858
v -0.195000 0.030244 0.026808
v -0.195000 -0.019092 0.028848
v -0.195000 -0.066418 0.014759
v -0.245000 -0.106604 -0.013934
v -0.245000 -0.135297 -0.054120
v -0.245000 -0.149386 -0.101446
v -0.245000 -0.147346 -0.150782
v -0.245000 -0.129397 -0.196783
v -0.245000 -0.097483 -0.234462
v -0.245000 -0.055065 -0.259739
v -0.245000 -0.006737 -0.269872
v -0.245000 0.042262 -0.263764
v -0.245000 0.086623 -0.242077
v -0.245000 0.121539 -0.207162
v -0.245000 0.143226 -0.162801
v -0.245000 0.149334 -0.113801
v -0.245000 0.139200 -0.065474
v -0.245000 0.113924 -0.023055
v -0.245000 0.076245 0.008858
v -0.245000 0.030244 0.026808
v -0.245000 -0.019092 0.028848
v -0.245000 -0.066418 0.014759
v -0.245000 -0.106604 -0.013934
v -0.245000 -0.135297 -0.054120
v -0.245000 -0.149386 -0.101446
v -0.245000 -0.147346 -0.150782
v -0.245000 -0.129397 -0.196783
v -0.245000 -0.097483 -0.234462
v -0.245000 -0.055065 -0.259739
v -0.245000 -0.006737 -0.269872
v -0.245000 0.042262 -0.263764
v -0.245000 0.086623 -0.242077
v -0.245000 0.121539 -0.207162
v -0.245000 0.143226 -0.162801
v -0.245000 0.149334 -0.113801
v -0.245000 0.139200 -0.065474
v -0.245000 0.113924 -0.023055
v -0.245000 0.076245 0.008858
v -0.245000 0.030244 0.026808
v -0.245000 -0.019092 0.028848
v -0.245000 -0.066418 0.014759
v -0.295000 -0.106604 -0.013934
v -0.295000 -0.135297 -0.054120
v -0.295000 -0.149386 -0.101446
v -0.295000 -0.147346 -0.150782
v -0.295000 -0.129397 -0.196783
v -0.295000 -0.097483 -0.234462
v -0.295000 -0.055065 -0.259739
v -0.295000 -0.006737 -0.269872
v -0.295000 0.042262 -0.263764
v -0.295000 0.086623 -0.242077
v -0.295000 0.121539 -0.207162
v -0.295000 0.143226 -0.162801
v -0.295000 0.149334 -0.113801
v -0.295000 0.139200 -0.065474
v -0.295000 0.113924 -0.023055
v -0.295000 0.076245 0.008858
v -0.295000 0.030244 0.026808
v -0.295000 -0.019092 0.028848
v -0.295000 -0.066418 0.014759
v -0.295000 -0.106604 -0.013934
v -0.295000 -0.135297 -0.054120
v -0.295000 -0.149386 -0.101446
v -0.295000 -0.147346 -0.150782
v -0.295000 -0.129397 -0.196783
v -0.295000 -0.097483 -0.234462
v -0.295000 -0.055065 -0.259739
v -0.295000 -0.006737 -0.269872
v -0.295000 0.042262 -0.263764
v -0.295000 0.086623 -0.242077
v -0.295000 0.121539 -0.207162
v -0.295000 0.143226 -0.162801
v -0.295000 0.149334 -0.113801
v -0.295000 0.139200 -0.065474
v -0.295000 0.113924 -0.023055
v -0.295000 0.076245 0.008858
v -0.295000 0.030244 0.026808
v -0.295000 -0.019092 0.028848
v -0.295000 -0.066418 0.014759
v -0.345000 -0.106604 -0.013934
v -0.345000 -0.135297 -0.054120
v -0.345000 -0.149386 -0.101446
v -0.345000 -0.147346 -0.150782
v -0.345000 -0.129397 -0.196783
v -0.345000 -0.097483 -0.234462
v -0.345000 -0.055065 -0.259739
v -0.345000 -0.006737 -0.269872
v -0.345000 0.042262 -0.263764
v -0.345000 0.086623 -0.242077
v -0.345000 0.121539 -0.207162
v -0.345000 0.143226 -0.162801
v -0.345000 0.149334 -0.113801
v -0.345000 0.139200 -0.065474
v -0.345000 0.113924 -0.023055
v -0.345000 0.076245 0.008858
v -0.345000 0.030244 0.026808
v -0.345000 -0.019092 0.028848
v -0.345000 -0.066418 0.014759
v -0.345000 -0.106604 -0.013934
v -0.345000 -0.135297 -0.054120
v -0.345000 -0.149386 -0.101446
v -0.345000 -0.147346 -0.150782
v -0.345000 -0.129397 -0.196783
v -0.345000 -0.097483 -0.234462
v -0.345000 -0.055065 -0.259739
v -0.345000 -0.006737 -0.269872
v -0.345000 0.042262 -0.263764
v -0.345000 0.086623 -0.242077
v -0.345000 0.121539 -0.207162
v -0.345000 0.143226 -0.162801
v -0.345000 0.149334 -0.113801
v -0.345000 0.139200 -0.065474
v -0.345000 0.113924 -0.023055
v -0.345000 0.076245 0.008858
v -0.345000 0.030244 0.026808
v -0.345000 -0.019092 0.028848
v -0.345000 -0.066418 0.014759
v -0.395000 -0.106604 -0.013934
v -0.395000 -0.135297 -0.054120
v -0.395000 -0.149386 -0.101446
v -0.395000 -0.147346 -0.150782
v -0.395000 -0.129397 -0.196783
v -0.395000 -0.097483 -0.234462
v -0.395000 -0.055065 -0.259739
v -0.395000 -0.006737 -0.269872
v -0.395000 0.042262 -0.263764
v -0.395000 0.086623 -0.242077
v -0.395000 0.121539 -0.207162
v -0.395000 0.143226 -0.162801
v -0.395000 0.149334 -0.113801
v -0.395000 0.139200 -0.065474
v -0.395000 0.113924 -0.023055
v -0.395000 0.076245 0.008858
v -0.395000 0.030244 0.026808
v -0.395000 -0.019092 0.028848
v -0.395000 -0.066418 0.014759
v -0.395000 -0.106604 -0.013934
v -0.395000 -0.135297 -0.054120
v -0.395000 -0.149386 -0.101446
v -0.395000 -0.147346 -0.150782
v -0.395000 -0.129397 -0.196783
v -0.395000 -0.097483 -0.234462
v -0.395000 -0.055065 -0.259739
v -0.395000 -0.006737 -0.269872
v -0.395000 0.042262 -0.263764
v -0.395000 0.086623 -0.242077
v -0.395000 0.121539 -0.207162
v -0.395000 0.143226 -0.162801
v -0.395000 0.149334 -0.113801
v -0.395000 0.139200 -0.065474
v -0.395000 0.113924 -0.023055
v -0.395000 0.076245 0.008858
v -0.395000 0.030244 0.026808
v -0.395000 -0.019092 0.028848
v -0.395000 -0.066418 0.014759
v -0.445000 -0.106604 -0.013934
v -0.445000 -0.135297 -0.054120
v -0.445000 -0.149386 -0.101446
v -0.445000 -0.147346 -0.150782
v -0.445000 -0.129397 -0.196783
v -0.445000 -0.097483 -0.234462
v -0.445000 -0.055065 -0.259739
v -0.445000 -0.006737 -0.269872
v -0.445000 0.042262 -0.263764
v -0.445000 0.086623 -0.242077
v -0.445000 0.121539 -0.207162
v -0.445000 0.143226 -0.162801
v -0.445000 0.149334 -0.113801
v -0.445000 0.139200 -0.065474
v -0.445000 0.113924 -0.023055
v -0.445000 0.076245 0.008858
v -0.445000 0.030244 0.026808
v -0.445000 -0.019092 0.028848
v -0.445000 -0.066418 0.014759
v -0.445000 -0.106604 -0.013934
v -0.445000 -0.135297 -0.054120
v -0.445000 -0.149386 -0.101446
v -0.445000 -0.147346 -0.150782
v -0.445000 -0.129397 -0.196783
v -0.445000 -0.097483 -0.234462
v -0.445000 -0.055065 -0.259739
v -0.445000 -0.006737 -0.269872
v -0.445000 0.042262 -0.263764
v -0.445000 0.086623 -0.242077
v -0.445000 0.121539 -0.207162
v -0.445000 0.143226 -0.162801
v -0.445000 0.149334 -0.113801
v -0.445000 0.139200 -0.065474
v -0.445000 0.113924 -0.023055
v -0.445000 0.076245 0.008858
v -0.445000 0.030244 0.026808
v -0.445000 -0.019092 0.028848
v -0.445000 -0.066418 0.014759
v -0.495000 -0.106604 -0.013934
v -0.495000 -0.135297 -0.054120
v -0.495000 -0.149386 -0.101446
v -0.495000 -0.147346 -0.150782
v -0.495000 -0.129397 -0.196783
v -0.495000 -0.097483 -0.234462
v -0.495000 -0.055065 -0.259739
v -0.495000 -0.006737 -0.269872
v -0.495000 0.042262 -0.263764
v -0.495000 0.086623 -0.242077
v -0.495000 0.121539 -0.207162
v -0.495000 0.143226 -0.162801
v -0.495000 0.149334 -0.113801
v -0.495000 0.139200 -0.065474
v -0.495000 0.113924 -0.023055
v -0.495000 0.076245 0.008858
v -0.495000 0.030244 0.026808
v -0.495000 -0.019092 0.028848
v -0.495000 -0.066418 0.014759
v -0.495000 -0.106604 -0.013934
v -0.495000 -0.135297 -0.054120
v -0.495000 -0.149386 -0.101446
v -0.495000 -0.147346 -0.150782
v -0.495000 -0.129397 -0.196783
v -0.495000 -0.097483 -0.234462
v -0.495000 -0.055065 -0.259739
v -0.495000 -0.006737 -0.269872
v -0.495000 0.042262 -0.263764
v -0.495000 0.086623 -0.242077
v -0.495000 0.121539 -0.207162
v -0.495000 0.143226 -0.162801
v -0.495000 0.149334 -0.113801
v -0.495000 0.139200 -0.065474
v -0.495000 0.113924 -0.023055
v -0.495000 0.076245 0.008858
v -0.495000 0.030244 0.026808
v -0.495000 -0.019092 0.028848
v -0.495000 -0.066418 0.014759
v -0.545000 -0.106604 -0.013934
v -0.545000 -0.135297 -0.054120
v -0.545000 -0.149386 -0.101446
v -0.545000 -0.147346 -0.150782
v -0.545000 -0.129397 -0.196783
v -0.545000 -0.097483 -0.234462
v -0.545000 -0.055065 -0.259739
v -0.545000 -0.006737 -0.269872
v -0.545000 0.042262 -0.263764
v -0.545000 0.086623 -0.242077
v -0.545000 0.121539 -0.207162
v -0.545000 0.143226 -0.162801
v -0.545000 0.149334 -0.113801
v -0.545000 0.139200 -0.065474
v -0.545000 0.113924 -0.023055
v -0.545000 0.076245 0.008858
v -0.545000 0.030244 0.026808
v -0.545000 -0.019092 0.028848
v -0.545000 -0.066418 0.014759
v -0.545000 -0.106604 -0.013934
v -0.545000 -0.135297 -0.054120
v -0.545000 -0.149386 -0.101446
v -0.545000 -0.147346 -0.150782
v -0.545000 -0.129397 -0.196783
v -0.545000 -0.097483 -0.234462
v -0.545000 -0.055065 -0.259739
v -0.545000 -0.006737 -0.269872
v -0.545000 0.042262 -0.263764
v -0.545000 0.086623 -0.242077
v -0.545000 0.121539 -0.207162
v -0.545000 0.143226 -0.162801
v -0.545000 0.149334 -0.113801
v -0.545000 0.139200 -0.065474
v -0.545000 0.113924 -0.023055
v -0.545000 0.076245 0.008858
v -0.545000 0.030244 0.026808
v -0.545000 -0.019092 0.028848
v -0.545000 -0.066418 0.014759
v -0.595000 -0.106604 -0.013934
v -0.595000 -0.135297 -0.054120
v -0.595000 -0.149386 -0.101446
v -0.595000 -0.147346 -0.150782
v -0.595000 -0.129397 -0.196783
v -0.595000 -0.097483 -0.234462
v -0.595000 -0.055065 -0.259739
v -0.595000 -0.006737 -0.269872
v -0.595000 0.042262 -0.263764
v -0.595000 0.086623 -0.242077
v -0.595000 0.121539 -0.207162
v -0.595000 0.143226 -0.162801
v -0.595000 0.149334 -0.113801
v -0.595000 0.139200 -0.065474
v -0.595000 0.113924 -0.023055
v -0.595000 0.076245 0.008858
v -0.595000 0.030244 0.026808
v -0.595000 -0.019092 0.028848
v -0.595000 -0.066418 0.014759
v -0.595000 -0.106604 -0.013934
v -0.595000 -0.135297 -0.054120
v -0.595000 -0.149386 -0.101446
v -0.595000 -0.147346 -0.150782
v -0.595000 -0.129397 -0.196783
v -0.595000 -0.097483 -0.234462
v -0.595000 -0.055065 -0.259739
v -0.595000 -0.006737 -0.269872
v -0.595000 0.042262 -0.263764
v -0.595000 0.086623 -0.242077
v -0.595000 0.121539 -0.207162
v -0.595000 0.143226 -0.162801
v -0.595000 0.149334 -0.113801
v -0.595000 0.139200 -0.065474
v -0.595000 0.113924 -0.023055
v -0.595000 0.076245 0.008858
v -0.595000 0.030244 0.026808
v -0.595000 -0.019092 0.028848
v -0.595000 -0.066418 0.014759
v -0.645000 -0.106604 -0.013934
v -0.645000 -0.135297 -0.054120
v -0.645000 -0.149386 -0.101446
v -0.645000 -0.147346 -0.150782
v -0.645000 -0.129397 -0.196783
v -0.645000 -0.097483 -0.234462
v -0.645000 -0.055065 -0.259739
v -0.645000 -0.006737 -0.269872
v -0.645000 0.042262 -0.263764
v -0.645000 0.086623 -0.242077
v -0.645000 0.121539 -0.207162
v -0.645000 0.143226 -0.162801
v -0.645000 0.149334 -0.113801
v -0.645000 0.139200 -0.065474
v -0.645000 0.113924 -0.023055
v -0.645000 0.076245 0.008858
v -0.645000 0.030244 0.026808
v -0.645000 -0.019092 0.028848
v -0.645000 -0.066418 0.014759
v -0.645000 -0.106604 -0.013934
v -0.645000 -0.135297 -0.054120
v -0.645000 -0.149386 -0.101446
v -0.645000 -0.147346 -0.150782
v -0.645000 -0.129397 -0.196783
v -0.645000 -0.097483 -0.234462
v -0.645000 -0.055065 -0.259739
v -0.645000 -0.006737 -0.269872
v -0.645000 0.042262 -0.263764
v -0.645000 0.086623 -0.242077
v -0.645000 0.121539 -0.207162
v -0.645000 0.143226 -0.162801
v -0.645000 0.149334 -0.113801
v -0.645000 0.139200 -0.065474
v -0.645000 0.113924 -0.023055
v -0.645000 0.076245 0.008858
v -0.645000 0.030244 0.026808
v -0.645000 -0.019092 0.028848
v -0.645000 -0.066418 0.014759
v -0.695000 -0.106604 -0.013934
v -0.695000 -0.135297 -0.054120
v -0.695000 -0.149386 -0.101446
v -0.695000 -0.147346 -0.150782
v -0.695000 -0.129397 -0.196783
v -0.695000 -0.097483 -0.234462
v -0.695000 -0.055065 -0.259739
v -0.695000 -0.006737 -0.269872
v -0.695000 0.042262 -0.263764
v -0.695000 0.086623 -0.242077
v -0.695000 0.121539 -0.207162
v -0.695000 0.143226 -0.162801
v -0.695000 0.149334 -0.113801
v -0.695000 0.139200 -0.065474
v -0.695000 0.113924 -0.023055
v -0.695000 0.076245 0.008858
v -0.695000 0.030244 0.026808
v -0.695000 -0.019092 0.028848
v -0.695000 -0.066418 0.014759
v -0.695000 -0.106604 -0.013934
v -0.695000 -0.135297 -0.054120
v -0.695000 -0.149386 -0.101446
v -0.695000 -0.147346 -0.150782
v -0.695000 -0.129397 -0.196783
v -0.695000 -0.097483 -0.234462
v -0.695000 -0.055065 -0.259739
v -0.695000 -0.006737 -0.269872
v -0.695000 0.042262 -0.263764
v -0.695000 0.086623 -0.242077
v -0.695000 0.121539 -0.207162
v -0.695000 0.143226 -0.162801
v -0.695000 0.149334 -0.113801
v -0.695000 0.139200 -0.065474
v -0.695000 0.113924 -0.023055
v -0.695000 0.076245 0.008858
v -0.695000 0.030244 0.026808
v -0.695000 -0.019092 0.028848
v -0.695000 -0.066418 0.014759
v -0.745000 -0.106604 -0.013934
v -0.745000 -0.135297 -0.054120
v -0.745000 -0.149386 -0.101446
v -0.745000 -0.147346 -0.150782
v -0.745000 -0.129397 -0.196783
v -0.745000 -0.097483 -0.234462
v -0.745000 -0.055065 -0.259739
v -0.745000 -0.006737 -0.269872
v -0.745000 0.042262 -0.263764
v -0.745000 0.086623 -0.242077
v -0.745000 0.121539 -0.207162
v -0.745000 0.143226 -0.162801
v -0.745000 0.149334 -0.113801
v -0.745000 0.139200 -0.065474
v -0.745000 0.113924 -0.023055
v -0.745000 0.076245 0.008858
v -0.745000 0.030244 0.026808
v -0.745000 -0.019092 0.028848
v -0.745000 -0.066418 0.014759
v 0.655000 -0.106861 0.226066
v 0.655000 -0.135554 0.185880
v 0.655000 -0.149643 0.138554
v 0.655000 -0.147603 0.089218
v 0.655000 -0.129653 0.043217
v 0.655000 -0.097740 0.005537
v 0.655000 -0.055321 -0.019739
v 0.655000 -0.006994 -0.029872
v 0.655000 0.042005 -0.023764
v 0.655000 0.086366 -0.002077
v 0.655000 0.121282 0.032838
v 0.655000 0.142969 0.077199
v 0.655000 0.149077 0.126199
v 0.655000 0.138944 0.174526
v 0.655000 0.113668 0.216945
v 0.655000 0.075988 0.248858
v 0.655000 0.029987 0.266807
v 0.655000 -0.019349 0.268848
v 0.655000 -0.066674 0.254759
v 0.605000 -0.106861 0.226066
v 0.605000 -0.135554 0.185880
v 0.605000 -0.149643 0.138554
v 0.605000 -0.147603 0.089218
v 0.605000 -0.129653 0.043217
v 0.605000 -0.097740 0.005537
v 0.605000 -0.055321 -0.019739
v 0.605000 -0.006994 -0.029872
v 0.605000 0.042005 -0.023764
v 0.605000 0.086366 -0.002077
v 0.605000 0.121282 0.032838
v 0.605000 0.142969 0.077199
v 0.605000 0.149077 0.126199
v 0.605000 0.138944 0.174526
v 0.605000 0.113668 0.216945
v 0.605000 0.075988 0.248858
v 0.605000 0.029987 0.266807
v 0.605000 -0.019349 0.268848
v 0.605000 -0.066674 0.254759
v 0.605000 -0.106861 0.226066
v 0.605000 -0.135554 0.185880
v 0.605000 -0.149643 0.138554
v 0.605000 -0.147603 0.089218
v 0.605000 -0.129653 0.043217
v 0.605000 -0.097740 0.005537
v 0.605000 -0.055321 -0.019739
v 0.605000 -0.006994 -0.029872
v 0.605000 0.042005 -0.023764
v 0.605000 0.086366 -0.002077
v 0.605000 0.121282 0.032838
v 0.605000 0.142969 0.077199
v 0.605000 0.149077 0.126199
v 0.605000 0.138944 0.174526
v 0.605000 0.113668 0.216945
v 0.605000 0.075988 0.248858
v 0.605000 0.029987 0.266807
v 0.605000 -0.019349 0.268848
v 0.605000 -0.066674 0.254759
v 0.555000 -0.106861 0.226066
v 0.555000 -0.135554 0.185880
v 0.555000 -0.149643 0.138554
v 0.555000 -0.147603 0.089218
v 0.555000 -0.129653 0.043217
v 0.555000 -0.097740 0.005537
v 0.555000 -0.055321 -0.019739
v 0.555000 -0.006994 -0.029872
v 0.555000 0.042005 -0.023764
v 0.555000 0.086366 -0.002077
v 0.555000 0.121282 0.032838
v 0.555000 0.142969 0.077199
v 0.555000 0.149077 0.126199
v 0.555000 0.138944 0.174526
v 0.555000 0.113668 0.216945
v 0.555000 0.075988 0.248858
v 0.555000 0.029987 0.266807
v 0.555000 -0.019349 0.268848
v 0.555000 -0.066674 0.254759
v 0.555000 -0.106861 0.226066
v 0.555000 -0.135554 0.185880
v 0.555000 -0.149643 0.138554
v 0.555000 -0.147603 0.089218
v 0.555000 -0.129653 0.043217
v 0.555000 -0.097740 0.005537
v 0.555000 -0.055321 -0.019739
v 0.555000 -0.006994 -0.029872
v 0.555000 0.042005 -0.023764
v 0.555000 0.086366 -0.002077
v 0.555000 0.121282 0.032838
v 0.555000 0.142969 0.077199
v 0.555000 0.149077 0.126199
v 0.555000 0.138944 0.174526
v 0.555000 0.113668 0.216945
v 0.555000 0.075988 0.248858
v 0.555000 0.029987 0.266807
v 0.555000 -0.019349 0.268848
v 0.555000 -0.066674 0.254759
v 0.505000 -0.106861 0.226066
v 0.505000 -0.135554 0.185880
v 0.505000 -0.149643 0.138554
v 0.505000 -0.147603 0.089218
v 0.505000 -0.129653 0.043217
v 0.505000 -0.097740 0.005537
v 0.505000 -0.055321 -0.019739
v 0.505000 -0.006994 -0.029872
v 0.505000 0.042005 -0.023764
v 0.505000 0.086366 -0.002077
v 0.505000 0.121282 0.032838
v 0.505000 0.142969 0.077199
v 0.505000 0.149077 0.126199
v 0.505000 0.138944 0.174526
v 0.505000 0.113668 0.216945
v 0.505000 0.075988 0.248858
v 0.505000 0.029987 0.266807
v 0.505000 -0.019349 0.268848
v 0.505000 -0.066674 0.254759
v 0.505000 -0.106861 0.226066
v 0.505000 -0.135554 0.185880
v 0.505000 -0.149643 0.138554
v 0.505000 -0.147603 0.089218
v 0.505000 -0.129653 0.043217
v 0.505000 -0.097740 0.005537
v 0.505000 -0.055321 -0.019739
v 0.505000 -0.006994 -0.029872
v 0.505000 0.042005 -0.023764
v 0.505000 0.086366 -0.002077
v 0.505000 0.121282 0.032838
v 0.505000 0.142969 0.077199
v 0.505000 0.149077 0.126199
v 0.505000 0.138944 0.174526
v 0.505000 0.113668 0.216945
v 0.505000 0.075988 0.248858
v 0.505000 0.029987 0.266807
v 0.505000 -0.019349 0.268848
v 0.505000 -0.066674 0.254759
v 0.455000 -0.106861 0.226066
v 0.455000 -0.135554 0.185880
v 0.455000 -0.149643 0.138554
v 0.455000 -0.147603 0.089218
v 0.455000 -0.129653 0.043217
v 0.455000 -0.097740 0.005537
v 0.455000 -0.055321 -0.019739
v 0.455000 -0.006994 -0.029872
v 0.455000 0.042005 -0.023764
v 0.455000 0.086366 -0.002077
v 0.455000 0.121282 0.032838
v 0.455000 0.142969 0.077199
v 0.455000 0.149077 0.126199
v 0.455000 0.138944 0.174526
v 0.455000 0.113668 0.216945
v 0.455000 0.075988 0.248858
v 0.455000 0.029987 0.266807
v 0.455000 -0.019349 0.268848
v 0.455000 -0.066674 0.254759
v 0.455000 -0.106861 0.226066
v 0.455000 -0.135554 0.185880
v 0.455000 -0.149643 0.138554
v 0.455000 -0.147603 0.089218
v 0.455000 -0.129653 0.043217
v 0.455000 -0.097740 0.005537
v 0.455000 -0.055321 -0.019739
v 0.455000 -0.006994 -0.029872
v 0.455000 0.042005 -0.023764
v 0.455000 0.086366 -0.002077
v 0.455000 0.121282 0.032838
v 0.455000 0.142969 0.077199
v 0.455000 0.149077 0.126199
v 0.455000 0.138944 0.174526
v 0.455000 0.113668 0.216945
v 0.455000 0.075988 0.248858
v 0.455000 0.029987 0.266807
v 0.455000 -0.019349 0.268848
v 0.455000 -0.066674 0.254759
v 0.405000 -0.106861 0.226066
v 0.405000 -0.135554 0.185880
v 0.405000 -0.149643 0.138554
v 0.405000 -0.147603 0.089218
v 0.405000 -0.129653 0.043217
v 0.405000 -0.097740 0.005537
v 0.405000 -0.055321 -0.019739
v 0.405000 -0.006994 -0.029872
v 0.405000 0.042005 -0.023764
v 0.405000 0.086366 -0.002077
v 0.405000 0.121282 0.032838
v 0.405000 0.142969 0.077199
v 0.405000 0.149077 0.126199
v 0.405000 0.138944 0.174526
v 0.405000 0.113668 0.216945
v 0.405000 0.075988 0.248858
v 0.405000 0.029987 0.266807
v 0.405000 -0.019349 0.268848
v 0.405000 -0.066674 0.254759
v 0.405000 -0.106861 0.226066
v 0.405000 -0.135554 0.185880
v 0.405000 -0.149643 0.138554
v 0.405000 -0.147603 0.089218
v 0.405000 -0.129653 0.043217
v 0.405000 -0.097740 0.005537
v 0.405000 -0.055321 -0.019739
v 0.405000 -0.006994 -0.029872
v 0.405000 0.042005 -0.023764
v 0.405000 0.086366 -0.002077
v 0.405000 0.121282 0.032838
v 0.405000 0.142969 0.077199
v 0.405000 0.149077 0.126199
v 0.405000 0.138944 0.174526
v 0.405000 0.113668 0.216945
v 0.405000 0.075988 0.248858
v 0.405000 0.029987 0.266807
v 0.405000 -0.019349 0.268848
v 0.405000 -0.066674 0.254759
v 0.355000 -0.106861 0.226066
v 0.355000 -0.135554 0.185880
v 0.355000 -0.149643 0.138554
v 0.355000 -0.147603 0.089218
v 0.355000 -0.129653 0.043217
v 0.355000 -0.097740 0.005537
v 0.355000 -0.055321 -0.019739
v 0.355000 -0.006994 -0.029872
v 0.355000 0.042005 -0.023764
v 0.355000 0.086366 -0.002077
v 0.355000 0.121282 0.032838
v 0.355000 0.142969 0.077199
v 0.355000 0.149077 0.126199
v 0.355000 0.138944 0.174526
v 0.355000 0.113668 0.216945
v 0.355000 0.075988 0.248858
v 0.355000 0.029987 0.266807
v 0.355000 -0.019349 0.268848
v 0.355000 -0.066674 0.254759
v 0.355000 -0.106861 0.226066
v 0.355000 -0.135554 0.185880
v 0.355000 -0.149643 0.138554
v 0.355000 -0.147603 0.089218
v 0.355000 -0.129653 0.043217
v 0.355000 -0.097740 0.005537
v 0.355000 -0.055321 -0.019739
v 0.355000 -0.006994 -0.029872
v 0.355000 0.042005 -0.023764
v 0.355000 0.086366 -0.002077
v 0.355000 0.121282 0.032838
v 0.355000 0.142969 0.077199
v 0.355000 0.149077 0.126199
v 0.355000 0.138944 0.174526
v 0.355000 0.113668 0.216945
v 0.355000 0.075988 0.248858
v 0.355000 0.029987 0.266807
v 0.355000 -0.019349 0.268848
v 0.355000 -0.066674 0.254759
v 0.305000 -0.106861 0.226066
v 0.305000 -0.135554 0.185880
v 0.305000 -0.149643 0.138554
v 0.305000 -0.147603 0.089218
v 0.305000 -0.129653 0.043217
v 0.305000 -0.097740 0.005537
v 0.305000 -0.055321 -0.019739
v 0.305000 -0.006994 -0.029872
v 0.305000 0.042005 -0.023764
v 0.305000 0.086366 -0.002077
v 0.305000 0.121282 0.032838
v 0.305000 0.142969 0.077199
v 0.305000 0.149077 0.126199
v 0.305000 0.138944 0.174526
v 0.305000 0.113668 0.216945
v 0.305000 0.075988 0.248858
v 0.305000 0.029987 0.266807
v 0.305000 -0.019349 0.268848
v 0.305000 -0.066674 0.254759
v 0.305000 -0.106861 0.226066
v 0.305000 -0.135554 0.185880
v 0.305000 -0.149643 0.138554
v 0.305000 -0.147603 0.089218
v 0.305000 -0.129653 0.043217
v 0.305000 -0.097740 0.005537
v 0.305000 -0.055321 -0.019739
v 0.305000 -0.006994 -0.029872
v 0.305000 0.042005 -0.023764
v 0.305000 0.086366 -0.002077
v 0.305000 0.121282 0.032838
v 0.305000 0.142969 0.077199
v 0.305000 0.149077 0.126199
v 0.305000 0.138944 0.174526
v 0.305000 0.113668 0.216945
v 0.305000 0.075988 0.248858
v 0.305000 0.029987 0.266807
v 0.305000 -0.019349 0.268848
v 0.305000 -0.066674 0.254759
v 0.255000 -0.106861 0.226066
v 0.255000 -0.135554 0.185880
v 0.255000 -0.149643 0.138554
v 0.255000 -0.147603 0.089218
v 0.255000 -0.129653 0.043217
v 0.255000 -0.097740 0.005537
v 0.255000 -0.055321 -0.019739
v 0.255000 -0.006994 -0.029872
v 0.255000 0.042005 -0.023764
v 0.255000 0.086366 -0.002077
v 0.255000 0.121282 0.032838
v 0.255000 0.142969 0.077199
v 0.255000 0.149077 0.126199
v 0.255000 0.138944 0.174526
v 0.255000 0.113668 0.216945
v 0.255000 0.075988 0.248858
v 0.255000 0.029987 0.266807
v 0.255000 -0.019349 0.268848
v 0.255000 -0.066674 0.254759
v 0.255000 -0.106861 0.226066
v 0.255000 -0.135554 0.185880
v 0.255000 -0.149643 0.138554
v 0.255000 -0.147603 0.089218
v 0.255000 -0.129653 0.043217
v 0.255000 -0.097740 0.005537
v 0.255000 -0.055321 -0.019739
v 0.255000 -0.006994 -0.029872
v 0.255000 0.042005 -0.023764
v 0.255000 0.086366 -0.002077
v 0.255000 0.121282 0.032838
v 0.255000 0.142969 0.077199
v 0.255000 0.149077 0.126199
v 0.255000 0.138944 0.174526
v 0.255000 0.113668 0.216945
v 0.255000 0.075988 0.248858
v 0.255000 0.029987 0.266807
v 0.255000 -0.019349 0.268848
v 0.255000 -0.066674 0.254759
v 0.205000 -0.106861 0.226066
v 0.205000 -0.135554 0.185880
v 0.205000 -0.149643 0.138554
v 0.205000 -0.147603 0.089218
v 0.205000 -0.129653 0.043217
v 0.205000 -0.097740 0.005537
v 0.205000 -0.055321 -0.019739
v 0.205000 -0.006994 -0.029872
v 0.205000 0.042005 -0.023764
v 0.205000 0.086366 -0.002077
v 0.205000 0.121282 0.032838
v 0.205000 0.142969 0.077199
v 0.205000 0.149077 0.126199
v 0.205000 0.138944 0.174526
v 0.205000 0.113668 0.216945
v 0.205000 0.075988 0.248858
v 0.205000 0.029987 0.266807
v 0.205000 -0.019349 0.268848
v 0.205000 -0.066674 0.254759
v 0.205000 -0.106861 0.226066
v 0.205000 -0.135554 0.185880
v 0.205000 -0.149643 0.138554
v 0.205000 -0.147603 0.089218
v 0.205000 -0.129653 0.043217
v 0.205000 -0.097740 0.005537
v 0.205000 -0.055321 -0.019739
v 0.205000 -0.006994 -0.029872
v 0.205000 0.042005 -0.023764
v 0.205000 0.086366 -0.002077
v 0.205000 0.121282 0.032838
v 0.205000 0.142969 0.077199
v 0.205000 0.149077 0.126199
v 0.205000 0.138944 0.174526
v 0.205000 0.113668 0.216945
v 0.205000 0.075988 0.248858
v 0.205000 0.029987 0.266807
v 0.205000 -0.019349 0.268848
v 0.205000 -0.066674 0.254759
v 0.155000 -0.106861 0.226066
v 0.155000 -0.135554 0.185880
v 0.155000 -0.149643 0.138554
v 0.155000 -0.147603 0.089218
v 0.155000 -0.129653 0.043217
v 0.155000 -0.097740 0.005537
v 0.155000 -0.055321 -0.019739
v 0.155000 -0.006994 -0.029872
v 0.155000 0.042005 -0.023764
v 0.155000 0.086366 -0.002077
v 0.155000 0.121282 0.032838
v 0.155000 0.142969 0.077199
v 0.155000 0.149077 0.126199
v 0.155000 0.138944 0.174526
v 0.155000 0.113668 0.216945
v 0.155000 0.075988 0.248858
v 0.155000 0.029987 0.266807
v 0.155000 -0.019349 0.268848
v 0.155000 -0.066674 0.254759
v 0.155000 -0.106861 0.226066
v 0.155000 -0.135554 0.185880
v 0.155000 -0.149643 0.138554
v 0.155000 -0.147603 0.089218
v 0.155000 -0.129653 0.043217
v 0.155000 -0.097740 0.005537
v 0.155000 -0.055321 -0.019739
v 0.155000 -0.006994 -0.029872
v 0.155000 0.042005 -0.023764
v 0.155000 0.086366 -0.002077
v 0.155000 0.121282 0.032838
v 0.155000 0.142969 0.077199
v 0.155000 0.149077 0.126199
v 0.155000 0.138944 0.174526
v 0.155000 0.113668 0.216945
v 0.155000 0.075988 0.248858
v 0.155000 0.029987 0.266807
v 0.155000 -0.019349 0.268848
v 0.155000 -0.066674 0.254759
v 0.105000 -0.106861 0.226066
v 0.105000 -0.135554 0.185880
v 0.105000 -0.149643 0.138554
v 0.105000 -0.147603 0.089218
v 0.105000 -0.129653 0.043217
v 0.105000 -0.097740 0.005537
v 0.105000 -0.055321 -0.019739
v 0.105000 -0.006994 -0.029872
v 0.105000 0.042005 -0.023764
v 0.105000 0.086366 -0.002077
v 0.105000 0.121282 0.032838
v 0.105000 0.142969 0.077199
v 0.105000 0.149077 0.126199
v 0.105000 0.138944 0.174526
v 0.105000 0.113668 0.216945
v 0.105000 0.075988 0.248858
v 0.105000 0.029987 0.266807
v 0.105000 -0.019349 0.268848
v 0.105000 -0.066674 0.254759
v 0.105000 -0.106861 0.226066
v 0.105000 -0.135554 0.185880
v 0.105000 -0.149643 0.138554
v 0.105000 -0.147603 0.089218
v 0.105000 -0.129653 0.043217
v 0.105000 -0.097740 0.005537
v 0.105000 -0.055321 -0.019739
v 0.105000 -0.006994 -0.029872
v 0.105000 0.042005 -0.023764
v 0.105000 0.086366 -0.002077
v 0.105000 0.121282 0.032838
v 0.105000 0.142969 0.077199
v 0.105000 0.149077 0.126199
v 0.105000 0.138944 0.174526
v 0.105000 0.113668 0.216945
v 0.105000 0.075988 0.248858
v 0.105000 0.029987 0.266807
v 0.105000 -0.019349 0.268848
v 0.105000 -0.066674 0.254759
v 0.055000 -0.106861 0.226066
v 0.055000 -0.135554 0.185880
v 0.055000 -0.149643 0.138554
v 0.055000 -0.147603 0.089218
v 0.055000 -0.129653 0.043217
v 0.055000 -0.097740 0.005537
v 0.055000 -0.055321 -0.019739
v 0.055000 -0.006994 -0.029872
v 0.055000 0.042005 -0.023764
v 0.055000 0.086366 -0.002077
v 0.055000 0.121282 0.032838
v 0.055000 0.142969 0.077199
v 0.055000 0.149077 0.126199
v 0.055000 0.138944 0.174526
v 0.055000 0.113668 0.216945
v 0.055000 0.075988 0.248858
v 0.055000 0.029987 0.266807
v 0.055000 -0.019349 0.268848
v 0.055000 -0.066674 0.254759
v 0.055000 -0.106861 0.226066
v 0.055000 -0.135554 0.185880
v 0.055000 -0.149643 0.138554
v 0.055000 -0.147603 0.089218
v 0.055000 -0.129653 0.043217
v 0.055000 -0.097740 0.005537
v 0.055000 -0.055321 -0.019739
v 0.055000 -0.006994 -0.029872
v 0.055000 0.042005 -0.023764
v 0.055000 0.086366 -0.002077
v 0.055000 0.121282 0.032838
v 0.055000 0.142969 0.077199
v 0.055000 0.149077 0.126199
v 0.055000 0.138944 0.174526
v 0.055000 0.113668 0.216945
v 0.055000 0.075988 0.248858
v 0.055000 0.029987 0.266807
v 0.055000 -0.019349 0.268848
v 0.055000 -0.066674 0.254759
v 0.005000 -0.106861 0.226066
v 0.005000 -0.135554 0.185880
v 0.005000 -0.149643 0.138554
v 0.005000 -0.147603 0.089218
v 0.005000 -0.129653 0.043217
v 0.005000 -0.097740 0.005537
v 0.005000 -0.055321 -0.019739
v 0.005000 -0.006994 -0.029872
v 0.005000 0.042005 -0.023764
v 0.005000 0.086366 -0.002077
v 0.005000 0.121282 0.032838
v 0.005000 0.142969 0.077199
v 0.005000 0.149077 0.126199
v 0.005000 0.138944 0.174526
v 0.005000 0.113668 0.216945
v 0.005000 0.075988 0.248858
v 0.005000 0.029987 0.266807
v 0.005000 -0.019349 0.268848
v 0.005000 -0.066674 0.254759
v 0.005000 -0.106861 0.226066
v 0.005000 -0.135554 0.185880
v 0.005000 -0.149643 0.138554
v 0.005000 -0.147603 0.089218
v 0.005000 -0.129653 0.043217
v 0.005000 -0.097740 0.005537
v 0.005000 -0.055321 -0.019739
v 0.005000 -0.006994 -0.029872
v 0.005000 0.042005 -0.023764
v 0.005000 0.086366 -0.002077
v 0.005000 0.121282 0.032838
v 0.005000 0.142969 0.077199
v 0.005000 0.149077 0.126199
v 0.005000 0.138944 0.174526
v 0.005000 0.113668 0.216945
v 0.005000 0.075988 0.248858
v 0.005000 0.029987 0.266807
v 0.005000 -0.019349 0.268848
v 0.005000 -0.066674 0.254759
v -0.045000 -0.106861 0.226066
v -0.045000 -0.135554 0.185880
v -0.045000 -0.149643 0.138554
v -0.045000 -0.147603 0.089218
v -0.045000 -0.129653 0.043217
v -0.045000 -0.097740 0.005537
v -0.045000 -0.055321 -0.019739
v -0.045000 -0.006994 -0.029872
v -0.045000 0.042005 -0.023764
v -0.045000 0.086366 -0.002077
v -0.045000 0.121282 0.032838
v -0.045000 0.142969 0.077199
v -0.045000 0.149077 0.126199
v -0.045000 0.138944 0.174526
v -0.045000 0.113668 0.216945
v -0.045000 0.075988 0.248858
v -0.045000 0.029987 0.266807
v -0.045000 -0.019349 0.268848
v -0.045000 -0.066674 0.254759
v -0.045000 -0.106861 0.226066
v -0.045000 -0.135554 0.185880
v -0.045000 -0.149643 0.138554
v -0.045000 -0.147603 0.089218
v -0.045000 -0.129653 0.043217
v -0.045000 -0.097740 0.005537
v -0.045000 -0.055321 -0.019739
v -0.045000 -0.006994 -0.029872
v -0.045000 0.042005 -0.023764
v -0.045000 0.086366 -0.002077
v -0.045000 0.121282 0.032838
v -0.045000 0.142969 0.077199
v -0.045000 0.149077 0.126199
v -0.045000 0.138944 0.174526
v -0.045000 0.113668 0.216945
v -0.045000 0.075988 0.248858
v -0.045000 0.029987 0.266807
v -0.045000 -0.019349 0.268848
v -0.045000 -0.066674 0.254759
v -0.095000 -0.106861 0.226066
v -0.095000 -0.135554 0.185880
v -0.095000 -0.149643 0.138554
v -0.095000 -0.147603 0.089218
v -0.095000 -0.129653 0.043217
v -0.095000 -0.097740 0.005537
v -0.095000 -0.055321 -0.019739
v -0.095000 -0.006994 -0.029872
v -0.095000 0.042005 -0.023764
v -0.095000 0.086366 -0.002077
v -0.095000 0.121282 0.032838
v -0.095000 0.142969 0.077199
v -0.095000 0.149077 0.126199
v -0.095000 0.138944 0.174526
v -0.095000 0.113668 0.216945
v -0.095000 0.075988 0.248858
v -0.095000 0.029987 0.266807
v -0.095000 -0.019349 0.268848
v -0.095000 -0.066674 0.254759
v -0.095000 -0.106861 0.226066
v -0.095000 -0.135554 0.185880
v -0.095000 -0.149643 0.138554
v -0.095000 -0.147603 0.089218
v -0.095000 -0.129653 0.043217
v -0.095000 -0.097740 0.005537
v -0.095000 -0.055321 -0.019739
v -0.095000 -0.006994 -0.029872
v -0.095000 0.042005 -0.023764
v -0.095000 0.086366 -0.002077
v -0.095000 0.121282 0.032838
v -0.095000 0.142969 0.077199
v -0.095000 0.149077 0.126199
v -0.095000 0.138944 0.174526
v -0.095000 0.113668 0.216945
v -0.095000 0.075988 0.248858
v -0.095000 0.029987 0.266807
v -0.095000 -0.019349 0.268848
v -0.095000 -0.066674 0.254759
v -0.145000 -0.106861 0.226066
v -0.145000 -0.135554 0.185880
v -0.145000 -0.149643 0.138554
v -0.145000 -0.147603 0.089218
v -0.145000 -0.129653 0.043217
v -0.145000 -0.097740 0.005537
v -0.145000 -0.055321 -0.019739
v -0.145000 -0.006994 -0.029872
v -0.145000 0.042005 -0.023764
v -0.145000 0.086366 -0.002077
v -0.145000 0.121282 0.032838
v -0.145000 0.142969 0.077199
v -0.145000 0.149077 0.126199
v -0.145000 0.138944 0.174526
v -0.145000 0.113668 0.216945
v -0.145000 0.075988 0.248858
v -0.145000 0.029987 0.266807
v -0.145000 -0.019349 0.268848
v -0.145000 -0.066674 0.254759
v -0.145000 -0.106861 0.226066
v -0.145000 -0.135554 0.185880
v -0.145000 -0.149643 0.138554
v -0.145000 -0.147603 0.089218
v -0.145000 -0.129653 0.043217
v -0.145000 -0.097740 0.005537
v -0.145000 -0.055321 -0.019739
v -0.145000 -0.006994 -0.029872
v -0.145000 0.042005 -0.023764
v -0.145000 0.086366 -0.002077
v -0.145000 0.121282 0.032838
v -0.145000 0.142969 0.077199
v -0.145000 0.149077 0.126199
v -0.145000 0.138944 0.174526
v -0.145000 0.113668 0.216945
v -0.145000 0.075988 0.248858
v -0.145000 0.029987 0.266807
v -0.145000 -0.019349 0.268848
v -0.145000 -0.066674 0.254759
v -0.195000 -0.106861 0.226066
v -0.195000 -0.135554 0.185880
v -0.195000 -0.149643 0.138554
v -0.195000 -0.147603 0.089218
v -0.195000 -0.129653 0.043217
v -0.195000 -0.097740 0.005537
v -0.195000 -0.055321 -0.019739
v -0.195000 -0.006994 -0.029872
v -0.195000 0.042005 -0.023764
v -0.195000 0.086366 -0.002077
v -0.195000 0.121282 0.032838
v -0.195000 0.142969 0.077199
v -0.195000 0.149077 0.126199
v -0.195000 0.138944 0.174526
v -0.195000 0.113668 0.216945
v -0.195000 0.075988 0.248858
v -0.195000 0.029987 0.266807
v -0.195000 -0.019349 0.268848
v -0.195000 -0.066674 0.254759
v -0.195000 -0.106861 0.226066
v -0.195000 -0.135554 0.185880
v -0.195000 -0.149643 0.138554
v -0.195000 -0.147603 0.089218
v -0.195000 -0.129653 0.043217
v -0.195000 -0.097740 0.005537
v -0.195000 -0.055321 -0.019739
v -0.195000 -0.006994 -0.029872
v -0.195000 0.042005 -0.023764
v -0.195000 0.086366 -0.002077
v -0.195000 0.121282 0.032838
v -0.195000 0.142969 0.077199
v -0.195000 0.149077 0.126199
v -0.195000 0.138944 0.174526
v -0.195000 0.113668 0.216945
v -0.195000 0.075988 0.248858
v -0.195000 0.029987 0.266807
v -0.195000 -0.019349 0.268848
v -0.195000 -0.066674 0.254759
v -0.245000 -0.106861 0.226066
v -0.245000 -0.135554 0.185880
v -0.245000 -0.149643 0.138554
v -0.245000 -0.147603 0.089218
v -0.245000 -0.129653 0.043217
v -0.245000 -0.097740 0.005537
v -0.245000 -0.055321 -0.019739
v -0.245000 -0.006994 -0.029872
v -0.245000 0.042005 -0.023764
v -0.245000 0.086366 -0.002077
v -0.245000 0.121282 0.032838
v -0.245000 0.142969 0.077199
v -0.245000 0.149077 0.126199
v -0.245000 0.138944 0.174526
v -0.245000 0.113668 0.216945
v -0.245000 0.075988 0.248858
v -0.245000 0.029987 0.266807
v -0.245000 -0.019349 0.268848
v -0.245000 -0.066674 0.254759
v -0.245000 -0.106861 0.226066
v -0.245000 -0.135554 0.185880
v -0.245000 -0.149643 0.138554
v -0.245000 -0.147603 0.089218
v -0.245000 -0.129653 0.043217
v -0.245000 -0.097740 0.005537
v -0.245000 -0.055321 -0.019739
v -0.245000 -0.006994 -0.029872
v -0.245000 0.042005 -0.023764
v -0.245000 0.086366 -0.002077
v -0.245000 0.121282 0.032838
v -0.245000 0.142969 0.077199
v -0.245000 0.149077 0.126199
v -0.245000 0.138944 0.174526
v -0.245000 0.113668 0.216945
v -0.245000 0.075988 0.248858
v -0.245000 0.029987 0.266807
v -0.245000 -0.019349 0.268848
v -0.245000 -0.066674 0.254759
v -0.295000 -0.106861 0.226066
v -0.295000 -0.135554 0.185880
v -0.295000 -0.149643 0.138554
v -0.295000 -0.147603 0.089218
v -0.295000 -0.129653 0.043217
v -0.295000 -0.097740 0.005537
v -0.295000 -0.055321 -0.019739
v -0.295000 -0.006994 -0.029872
v -0.295000 0.042005 -0.023764
v -0.295000 0.086366 -0.002077
v -0.295000 0.121282 0.032838
v -0.295000 0.142969 0.077199
v -0.295000 0.149077 0.126199
v -0.295000 0.138944 0.174526
v -0.295000 0.113668 0.216945
v -0.295000 0.075988 0.248858
v -0.295000 0.029987 0.266807
v -0.295000 -0.019349 0.268848
v -0.295000 -0.066674 0.254759
v -0.295000 -0.106861 0.226066
v -0.295000 -0.135554 0.185880
v -0.295000 -0.149643 0.138554
v -0.295000 -0.147603 0.089218
v -0.295000 -0.129653 0.043217
v -0.295000 -0.097740 0.005537
v -0.295000 -0.055321 -0.019739
v -0.295000 -0.006994 -0.029872
v -0.295000 0.042005 -0.023764
v -0.295000 0.086366 -0.002077
v -0.295000 0.121282 0.032838
v -0.295000 0.142969 0.077199
v -0.295000 0.149077 0.126199
v -0.295000 0.138944 0.174526
v -0.295000 0.113668 0.216945
v -0.295000 0.075988 0.248858
v -0.295000 0.029987 0.266807
v -0.295000 -0.019349 0.268848
v -0.295000 -0.066674 0.254759
v -0.345000 -0.106861 0.226066
v -0.345000 -0.135554 0.185880
v -0.345000 -0.149643 0.138554
v -0.345000 -0.147603 0.089218
v -0.345000 -0.129653 0.043217
v -0.345000 -0.097740 0.005537
v -0.345000 -0.055321 -0.019739
v -0.345000 -0.006994 -0.029872
v -0.345000 0.042005 -0.023764
v -0.345000 0.086366 -0.002077
v -0.345000 0.121282 0.032838
v -0.345000 0.142969 0.077199
v -0.345000 0.149077 0.126199
v -0.345000 0.138944 0.174526
v -0.345000 0.113668 0.216945
v -0.345000 0.075988 0.248858
v -0.345000 0.029987 0.266807
v -0.345000 -0.019349 0.268848
v -0.345000 -0.066674 0.254759
v -0.345000 -0.106861 0.226066
v -0.345000 -0.135554 0.185880
v -0.345000 -0.149643 0.138554
v -0.345000 -0.147603 0.089218
v -0.345000 -0.129653 0.043217
v -0.345000 -0.097740 0.005537
v -0.345000 -0.055321 -0.019739
v -0.345000 -0.006994 -0.029872
v -0.345000 0.042005 -0.023764
v -0.345000 0.086366 -0.002077
v -0.345000 0.121282 0.032838
v -0.345000 0.142969 0.077199
v -0.345000 0.149077 0.126199
v -0.345000 0.138944 0.174526
v -0.345000 0.113668 0.216945
v -0.345000 0.075988 0.248858
v -0.345000 0.029987 0.266807
v -0.345000 -0.019349 0.268848
v -0.345000 -0.066674 0.254759
v -0.395000 -0.106861 0.226066
v -0.395000 -0.135554 0.185880
v -0.395000 -0.149643 0.138554
v -0.395000 -0.147603 0.089218
v -0.395000 -0.129653 0.043217
v -0.395000 -0.097740 0.005537
v -0.395000 -0.055321 -0.019739
v -0.395000 -0.006994 -0.029872
v -0.395000 0.042005 -0.023764
v -0.395000 0.086366 -0.002077
v -0.395000 0.121282 0.032838
v -0.395000 0.142969 0.077199
v -0.395000 0.149077 0.126199
v -0.395000 0.138944 0.174526
v -0.395000 0.113668 0.216945
v -0.395000 0.075988 0.248858
v -0.395000 0.029987 0.266807
v -0.395000 -0.019349 0.268848
v -0.395000 -0.066674 0.254759
v -0.395000 -0.106861 0.226066
v -0.395000 -0.135554 0.185880
v -0.395000 -0.149643 0.138554
v -0.395000 -0.147603 0.089218
v -0.395000 -0.129653 0.043217
v -0.395000 -0.097740 0.005537
v -0.395000 -0.055321 -0.019739
v -0.395000 -0.006994 -0.029872
v -0.395000 0.042005 -0.023764
v -0.395000 0.086366 -0.002077
v -0.395000 0.121282 0.032838
v -0.395000 0.142969 0.077199
v -0.395000 0.149077 0.126199
v -0.395000 0.138944 0.174526
v -0.395000 0.113668 0.216945
v -0.395000 0.075988 0.248858
v -0.395000 0.029987 0.266807
v -0.395000 -0.019349 0.268848
v -0.395000 -0.066674 0.254759
v -0.445000 -0.106861 0.226066
v -0.445000 -0.135554 0.185880
v -0.445000 -0.149643 0.138554
v -0.445000 -0.147603 0.089218
v -0.445000 -0.129653 0.043217
v -0.445000 -0.097740 0.005537
v -0.445000 -0.055321 -0.019739
v -0.445000 -0.006994 -0.029872
v -0.445000 0.042005 -0.023764
v -0.445000 0.086366 -0.002077
v -0.445000 0.121282 0.032838
v -0.445000 0.142969 0.077199
v -0.445000 0.149077 0.126199
v -0.445000 0.138944 0.174526
v -0.445000 0.113668 0.216945
v -0.445000 0.075988 0.248858
v -0.445000 0.029987 0.266807
v -0.445000 -0.019349 0.268848
v -0.445000 -0.066674 0.254759
v -0.445000 -0.106861 0.226066
v -0.445000 -0.135554 0.185880
v -0.445000 -0.149643 0.138554
v -0.445000 -0.147603 0.089218
v -0.445000 -0.129653 0.043217
v -0.445000 -0.097740 0.005537
v -0.445000 -0.055321 -0.019739
v -0.445000 -0.006994 -0.029872
v -0.445000 0.042005 -0.023764
v -0.445000 0.086366 -0.002077
v -0.445000 0.121282 0.032838
v -0.445000 0.142969 0.077199
v -0.445000 0.149077 0.126199
v -0.445000 0.138944 0.174526
v -0.445000 0.113668 0.216945
v -0.445000 0.075988 0.248858
v -0.445000 0.029987 0.266807
v -0.445000 -0.019349 0.268848
v -0.445000 -0.066674 0.254759
v -0.495000 -0.106861 0.226066
v -0.495000 -0.135554 0.185880
v -0.495000 -0.149643 0.138554
v -0.495000 -0.147603 0.089218
v -0.495000 -0.129653 0.043217
v -0.495000 -0.097740 0.005537
v -0.495000 -0.055321 -0.019739
v -0.495000 -0.006994 -0.029872
v -0.495000 0.042005 -0.023764
v -0.495000 0.086366 -0.002077
v -0.495000 0.121282 0.032838
v -0.495000 0.142969 0.077199
v -0.495000 0.149077 0.126199
v -0.495000 0.138944 0.174526
v -0.495000 0.113668 0.216945
v -0.495000 0.075988 0.248858
v -0.495000 0.029987 0.266807
v -0.495000 -0.019349 0.268848
v -0.495000 -0.066674 0.254759
v -0.495000 -0.106861 0.226066
v -0.495000 -0.135554 0.185880
v -0.495000 -0.149643 0.138554
v -0.495000 -0.147603 0.089218
v -0.495000 -0.129653 0.043217
v -0.495000 -0.097740 0.005537
v -0.495000 -0.055321 -0.019739
v -0.495000 -0.006994 -0.029872
v -0.495000 0.042005 -0.023764
v -0.495000 0.086366 -0.002077
v -0.495000 0.121282 0.032838
v -0.495000 0.142969 0.077199
v -0.495000 0.149077 0.126199
v -0.495000 0.138944 0.174526
v -0.495000 0.113668 0.216945
v -0.495000 0.075988 0.248858
v -0.495000 0.029987 0.266807
v -0.495000 -0.019349 0.268848
v -0.495000 -0.066674 0.254759
v -0.545000 -0.106861 0.226066
v -0.545000 -0.135554 0.185880
v -0.545000 -0.149643 0.138554
v -0.545000 -0.147603 0.089218
v -0.545000 -0.129653 0.043217
v -0.545000 -0.097740 0.005537
v -0.545000 -0.055321 -0.019739
v -0.545000 -0.006994 -0.029872
v -0.545000 0.042005 -0.023764
v -0.545000 0.086366 -0.002077
v -0.545000 0.121282 0.032838
v -0.545000 0.142969 0.077199
v -0.545000 0.149077 0.126199
v -0.545000 0.138944 0.174526
v -0.545000 0.113668 0.216945
v -0.545000 0.075988 0.248858
v -0.545000 0.029987 0.266807
v -0.545000 -0.019349 0.268848
v -0.545000 -0.066674 0.254759
v -0.545000 -0.106861 0.226066
v -0.545000 -0.135554 0.185880
v -0.545000 -0.149643 0.138554
v -0.545000 -0.147603 0.089218
v -0.545000 -0.129653 0.043217
v -0.545000 -0.097740 0.005537
v -0.545000 -0.055321 -0.019739
v -0.545000 -0.006994 -0.029872
v -0.545000 0.042005 -0.023764
v -0.545000 0.086366 -0.002077
v -0.545000 0.121282 0.032838
v -0.545000 0.142969 0.077199
v -0.545000 0.149077 0.126199
v -0.545000 0.138944 0.174526
v -0.545000 0.113668 0.216945
v -0.545000 0.075988 0.248858
v -0.545000 0.029987 0.266807
v -0.545000 -0.019349 0.268848
v -0.545000 -0.066674 0.254759
v -0.595000 -0.106861 0.226066
v -0.595000 -0.135554 0.185880
v -0.595000 -0.149643 0.138554
v -0.595000 -0.147603 0.089218
v -0.595000 -0.129653 0.043217
v -0.595000 -0.097740 0.005537
v -0.595000 -0.055321 -0.019739
v -0.595000 -0.006994 -0.029872
v -0.595000 0.042005 -0.023764
v -0.595000 0.086366 -0.002077
v -0.595000 0.121282 0.032838
v -0.595000 0.142969 0.077199
v -0.595000 0.149077 0.126199
v -0.595000 0.138944 0.174526
v -0.595000 0.113668 0.216945
v -0.595000 0.075988 0.248858
v -0.595000 0.029987 0.266807
v -0.595000 -0.019349 0.268848
v -0.595000 -0.066674 0.254759
v -0.595000 -0.106861 0.226066
v -0.595000 -0.135554 0.185880
v -0.595000 -0.149643 0.138554
v -0.595000 -0.147603 0.089218
v -0.595000 -0.129653 0.043217
v -0.595000 -0.097740 0.005537
v -0.595000 -0.055321 -0.019739
v -0.595000 -0.006994 -0.029872
v -0.595000 0.042005 -0.023764
v -0.595000 0.086366 -0.002077
v -0.595000 0.121282 0.032838
v -0.595000 0.142969 0.077199
v -0.595000 0.149077 0.126199
v -0.595000 0.138944 0.174526
v -0.595000 0.113668 0.216945
v -0.595000 0.075988 0.248858
v -0.595000 0.029987 0.266807
v -0.595000 -0.019349 0.268848
v -0.595000 -0.066674 0.254759
v -0.645000 -0.106861 0.226066
v -0.645000 -0.135554 0.185880
v -0.645000 -0.149643 0.138554
v -0.645000 -0.147603 0.089218
v -0.645000 -0.129653 0.043217
v -0.645000 -0.097740 0.005537
v -0.645000 -0.055321 -0.019739
v -0.645000 -0.006994 -0.029872
v -0.645000 0.042005 -0.023764
v -0.645000 0.086366 -0.002077
v -0.645000 0.121282 0.032838
v -0.645000 0.142969 0.077199
v -0.645000 0.149077 0.126199
v -0.645000 0.138944 0.174526
v -0.645000 0.113668 0.216945
v -0.645000 0.075988 0.248858
v -0.645000 0.029987 0.266807
v -0.645000 -0.019349 0.268848
v -0.645000 -0.066674 0.254759
v -0.645000 -0.106861 0.226066
v -0.645000 -0.135554 0.185880
v -0.645000 -0.149643 0.138554
v -0.645000 -0.147603 0.089218
v -0.645000 -0.129653 0.043217
v -0.645000 -0.097740 0.005537
v -0.645000 -0.055321 -0.019739
v -0.645000 -0.006994 -0.029872
v -0.645000 0.042005 -0.023764
v -0.645000 0.086366 -0.002077
v -0.645000 0.121282 0.032838
v -0.645000 0.142969 0.077199
v -0.645000 0.149077 0.126199
v -0.645000 0.138944 0.174526
v -0.645000 0.113668 0.216945
v -0.645000 0.075988 0.248858
v -0.645000 0.029987 0.266807
v -0.645000 -0.019349 0.268848
v -0.645000 -0.066674 0.254759
v -0.695000 -0.106861 0.226066
v -0.695000 -0.135554 0.185880
v -0.695000 -0.149643 0.138554
v -0.695000 -0.147603 0.089218
v -0.695000 -0.129653 0.043217
v -0.695000 -0.097740 0.005537
v -0.695000 -0.055321 -0.019739
v -0.695000 -0.006994 -0.029872
v -0.695000 0.042005 -0.023764
v -0.695000 0.086366 -0.002077
v -0.695000 0.121282 0.032838
v -0.695000 0.142969 0.077199
v -0.695000 0.149077 0.126199
v -0.695000 0.138944 0.174526
v -0.695000 0.113668 0.216945
v -0.695000 0.075988 0.248858
v -0.695000 0.029987 0.266807
v -0.695000 -0.019349 0.268848
v -0.695000 -0.066674 0.254759
v -0.695000 -0.106861 0.226066
v -0.695000 -0.135554 0.185880
v -0.695000 -0.149643 0.138554
v -0.695000 -0.147603 0.089218
v -0.695000 -0.129653 0.043217
v -0.695000 -0.097740 0.005537
v -0.695000 -0.055321 -0.019739
v -0.695000 -0.006994 -0.029872
v -0.695000 0.042005 -0.023764
v -0.695000 0.086366 -0.002077
v -0.695000 0.121282 0.032838
v -0.695000 0.142969 0.077199
v -0.695000 0.149077 0.126199
v -0.695000 0.138944 0.174526
v -0.695000 0.113668 0.216945
v -0.695000 0.075988 0.248858
v -0.695000 0.029987 0.266807
v -0.695000 -0.019349 0.268848
v -0.695000 -0.066674 0.254759
v -0.745000 -0.106861 0.226066
v -0.745000 -0.135554 0.185880
v -0.745000 -0.149643 0.138554
v -0.745000 -0.147603 0.089218
v -0.745000 -0.129653 0.043217
v -0.745000 -0.097740 0.005537
v -0.745000 -0.055321 -0.019739
v -0.745000 -0.006994 -0.029872
v -0.745000 0.042005 -0.023764
v -0.745000 0.086366 -0.002077
v -0.745000 0.121282 0.032838
v -0.745000 0.142969 0.077199
v -0.745000 0.149077 0.126199
v -0.745000 0.138944 0.174526
v -0.745000 0.113668 0.216945
v -0.745000 0.075988 0.248858
v -0.745000 0.029987 0.266807
v -0.745000 -0.019349 0.268848
v -0.745000 -0.066674 0.254759
v 0.563102 0.105399 -0.052961
v 0.538275 0.065213 -0.067343
v 0.526096 0.017887 -0.074428
v 0.527886 -0.031449 -0.073447
v 0.543451 -0.077449 -0.064507
v 0.571104 -0.115129 -0.048577
v 0.607848 -0.140405 -0.027383
v 0.649702 -0.150539 -0.003221
v 0.692130 -0.144431 0.021289
v 0.730535 -0.122744 0.043493
v 0.760754 -0.087829 0.060984
v 0.779513 -0.043467 0.071866
v 0.784779 0.005532 0.074960
v 0.775982 0.053859 0.069931
v 0.754074 0.096278 0.057324
v 0.721430 0.128191 0.038505
v 0.681588 0.146141 0.015514
v 0.638864 0.148181 -0.009159
v 0.597889 0.134092 -0.032839
v 0.588109 0.105446 -0.096258
v 0.563281 0.065260 -0.110641
v 0.551102 0.017934 -0.117725
v 0.552892 -0.031402 -0.116745
v 0.568457 -0.077403 -0.107805
v 0.596110 -0.115083 -0.091875
v 0.632854 -0.140359 -0.070681
v 0.674708 -0.150492 -0.046519
v 0.717136 -0.144384 -0.022008
v 0.755541 -0.122698 0.000195
v 0.785760 -0.087782 0.017686
v 0.804519 -0.043421 0.028568
v 0.809785 0.005578 0.031662
v 0.800988 0.053906 0.026633
v 0.779080 0.096324 0.014026
v 0.746437 0.128238 -0.004792
v 0.706594 0.146187 -0.027784
v 0.663870 0.148228 -0.052457
v 0.622895 0.134139 -0.076137
v 0.588109 0.105446 -0.096259
v 0.563281 0.065259 -0.110641
v 0.551102 0.017934 -0.117726
v 0.552892 -0.031402 -0.116745
v 0.568456 -0.077403 -0.107804
v 0.596109 -0.115083 -0.091874
v 0.632854 -0.140359 -0.070680
v 0.674707 -0.150492 -0.046518
v 0.717136 -0.144384 -0.022007
v 0.755540 -0.122698 0.000196
v 0.785760 -0.087782 0.017686
v 0.804519 -0.043421 0.028568
v 0.809785 0.005578 0.031662
v 0.800988 0.053906 0.026633
v 0.779081 0.096324 0.014026
v 0.746437 0.128238 -0.004793
v 0.706594 0.146187 -0.027785
v 0.663871 0.148228 -0.052458
v 0.622895 0.134138 -0.076138
v 0.613115 0.105492 -0.139557
v 0.588287 0.065306 -0.153939
v 0.576108 0.017980 -0.161023
v 0.577898 -0.031356 -0.160042
v 0.593463 -0.077357 -0.151102
v 0.621115 -0.115037 -0.135172
v 0.657860 -0.140313 -0.113977
v 0.699714 -0.150446 -0.089816
v 0.742142 -0.144338 -0.065305
v 0.780547 -0.122651 -0.043102
v 0.810766 -0.087736 -0.025611
v 0.829525 -0.043375 -0.014730
v 0.834792 0.005624 -0.011636
v 0.825994 0.053952 -0.016665
v 0.804087 0.096371 -0.029272
v 0.771443 0.128284 -0.048091
v 0.731601 0.146233 -0.071083
v 0.688877 0.148274 -0.095755
v 0.647902 0.134185 -0.119435
v 0.613115 0.105492 -0.139557
v 0.588287 0.065306 -0.153939
v 0.576108 0.017980 -0.161023
v 0.577898 -0.031356 -0.160042
v 0.593463 -0.077357 -0.151102
v 0.621115 -0.115036 -0.135172
v 0.657860 -0.140313 -0.113977
v 0.699714 -0.150446 -0.089816
v 0.742142 -0.144338 -0.065305
v 0.780546 -0.122651 -0.043102
v 0.810766 -0.087736 -0.025611
v 0.829525 -0.043375 -0.014730
v 0.834791 0.005625 -0.011636
v 0.825994 0.053952 -0.016665
v 0.804087 0.096371 -0.029272
v 0.771443 0.128284 -0.048091
v 0.731601 0.146233 -0.071083
v 0.688877 0.148274 -0.095755
v 0.647902 0.134185 -0.119435
v 0.638121 0.105538 -0.182854
v 0.613293 0.065352 -0.197236
v 0.601115 0.018026 -0.204321
v 0.602904 -0.031310 -0.203340
v 0.618469 -0.077310 -0.194400
v 0.646122 -0.114990 -0.178469
v 0.682866 -0.140266 -0.157275
v 0.724720 -0.150400 -0.133113
v 0.767148 -0.144292 -0.108603
v 0.805553 -0.122605 -0.086399
v 0.835772 -0.087689 -0.068909
v 0.854531 -0.043328 -0.058027
v 0.859798 0.005671 -0.054933
v 0.851001 0.053998 -0.059963
v 0.829093 0.096417 -0.072570
v 0.796449 0.128330 -0.091389
v 0.756607 0.146280 -0.114380
v 0.713883 0.148320 -0.139053
v 0.672908 0.134231 -0.162733
v 0.638120 0.105538 -0.182853
v 0.613293 0.065352 -0.197235
v 0.601114 0.018026 -0.204321
v 0.602904 -0.031310 -0.203340
v 0.618469 -0.077311 -0.194401
v 0.646123 -0.114990 -0.178471
v 0.682867 -0.140267 -0.157277
v 0.724721 -0.150400 -0.133116
v 0.767149 -0.144292 -0.108605
v 0.805554 -0.122606 -0.086401
v 0.835773 -0.087690 -0.068911
v 0.854532 -0.043329 -0.058028
v 0.859798 0.005670 -0.054933
v 0.851000 0.053998 -0.059962
v 0.829092 0.096416 -0.072568
v 0.796448 0.128330 -0.091387
v 0.756606 0.146279 -0.114378
v 0.713882 0.148320 -0.139050
v 0.672907 0.134231 -0.162731
v 0.663127 0.105585 -0.226150
v 0.638299 0.065399 -0.240533
v 0.626121 0.018073 -0.247618
v 0.627911 -0.031263 -0.246638
v 0.643476 -0.077263 -0.237699
v 0.671129 -0.114943 -0.221769
v 0.707873 -0.140219 -0.200575
v 0.749727 -0.150353 -0.176414
v 0.792155 -0.144245 -0.151903
v 0.830560 -0.122558 -0.129699
v 0.860779 -0.087643 -0.112208
v 0.879538 -0.043282 -0.101326
v 0.884804 0.005717 -0.098231
v 0.876006 0.054045 -0.103259
v 0.854098 0.096464 -0.115866
v 0.821455 0.128377 -0.134684
v 0.781612 0.146326 -0.157675
v 0.738888 0.148367 -0.182348
v 0.697913 0.134278 -0.206028
v 0.663128 0.105585 -0.226153
v 0.638300 0.065399 -0.240534
v 0.626121 0.018073 -0.247619
v 0.627910 -0.031263 -0.246637
v 0.643475 -0.077264 -0.237697
v 0.671127 -0.114944 -0.221767
v 0.707871 -0.140220 -0.200572
v 0.749725 -0.150353 -0.176410
v 0.792154 -0.144245 -0.151900
v 0.830558 -0.122559 -0.129696
v 0.860778 -0.087643 -0.112206
v 0.879537 -0.043282 -0.101325
v 0.884804 0.005717 -0.098231
v 0.876007 0.054045 -0.103261
v 0.854100 0.096463 -0.115868
v 0.821456 0.128377 -0.134687
v 0.781614 0.146326 -0.157679
v 0.738890 0.148367 -0.182351
v 0.697915 0.134278 -0.206031
v 0.688134 0.105631 -0.269450
v 0.663306 0.065445 -0.283832
v 0.651127 0.018119 -0.290916
v 0.652917 -0.031217 -0.289935
v 0.668481 -0.077218 -0.280995
v 0.696133 -0.114898 -0.265064
v 0.732878 -0.140174 -0.243870
v 0.774732 -0.150307 -0.219708
v 0.817160 -0.144200 -0.195197
v 0.855564 -0.122513 -0.172994
v 0.885784 -0.087597 -0.155504
v 0.904544 -0.043236 -0.144623
v 0.909810 0.005763 -0.141529
v 0.901013 0.054090 -0.146558
v 0.879106 0.096509 -0.159166
v 0.846462 0.128423 -0.177985
v 0.806620 0.146372 -0.200976
v 0.763896 0.148413 -0.225649
v 0.722921 0.134323 -0.249329
v 0.688133 0.105631 -0.269448
v 0.663305 0.065444 -0.283831
v 0.651127 0.018119 -0.290916
v 0.652917 -0.031217 -0.289936
v 0.668482 -0.077218 -0.280997
v 0.696135 -0.114898 -0.265067
v 0.732879 -0.140174 -0.243873
v 0.774733 -0.150307 -0.219711
v 0.817162 -0.144200 -0.195201
v 0.855566 -0.122513 -0.172997
v 0.885785 -0.087597 -0.155506
v 0.904544 -0.043236 -0.144624
v 0.909810 0.005763 -0.141529
v 0.901012 0.054090 -0.146557
v 0.879105 0.096509 -0.159163
v 0.846461 0.128422 -0.177982
v 0.806618 0.146372 -0.200973
v 0.763894 0.148413 -0.225646
v 0.722919 0.134323 -0.249326
v 0.713139 0.105678 -0.312746
v 0.688311 0.065491 -0.327128
v 0.676133 0.018166 -0.334214
v 0.677923 -0.031170 -0.333234
v 0.693488 -0.077171 -0.324294
v 0.721141 -0.114851 -0.308364
v 0.757886 -0.140127 -0.287171
v 0.799740 -0.150260 -0.263009
v 0.842168 -0.144153 -0.238498
v 0.880572 -0.122466 -0.216294
v 0.910791 -0.087550 -0.198804
v 0.929550 -0.043189 -0.187921
v 0.934816 0.005810 -0.184826
v 0.926019 0.054137 -0.189855
v 0.904111 0.096556 -0.202461
v 0.871467 0.128469 -0.221280
v 0.831624 0.146419 -0.244271
v 0.788900 0.148460 -0.268943
v 0.747925 0.134370 -0.292624
v 0.713140 0.105677 -0.312750
v 0.688313 0.065491 -0.327133
v 0.676134 0.018165 -0.334218
v 0.677924 -0.031171 -0.333237
v 0.693489 -0.077172 -0.324297
v 0.721141 -0.114852 -0.308366
v 0.757885 -0.140128 -0.287170
v 0.799738 -0.150261 -0.263008
v 0.842166 -0.144153 -0.238496
v 0.880570 -0.122466 -0.216291
v 0.910789 -0.087550 -0.198800
v 0.929547 -0.043189 -0.187918
v 0.934814 0.005810 -0.184823
v 0.926016 0.054137 -0.189853
v 0.904109 0.096556 -0.202460
v 0.871466 0.128469 -0.221280
v 0.831624 0.146419 -0.244272
v 0.788900 0.148459 -0.268946
v 0.747926 0.134370 -0.292627
v 0.738147 0.105724 -0.356047
v 0.713320 0.065537 -0.370430
v 0.701142 0.018212 -0.377515
v 0.702932 -0.031125 -0.376534
v 0.718496 -0.077125 -0.367593
v 0.746149 -0.114805 -0.351663
v 0.782892 -0.140081 -0.330467
v 0.824746 -0.150214 -0.306305
v 0.867173 -0.144106 -0.281793
v 0.905577 -0.122420 -0.259588
v 0.935796 -0.087504 -0.242097
v 0.954555 -0.043143 -0.231215
v 0.959821 0.005856 -0.228120
v 0.951024 0.054184 -0.233150
v 0.929116 0.096602 -0.245757
v 0.896473 0.128516 -0.264577
v 0.856631 0.146465 -0.287569
v 0.813908 0.148506 -0.312243
v 0.772933 0.134416 -0.335924
v 0.738147 0.105724 -0.356048
v 0.713319 0.065537 -0.370431
v 0.701140 0.018211 -0.377515
v 0.702930 -0.031125 -0.376534
v 0.718495 -0.077125 -0.367594
v 0.746147 -0.114805 -0.351663
v 0.782891 -0.140081 -0.330467
v 0.824744 -0.150214 -0.306305
v 0.867172 -0.144107 -0.281793
v 0.905576 -0.122420 -0.259588
v 0.935795 -0.087504 -0.242097
v 0.954554 -0.043143 -0.231215
v 0.959820 0.005856 -0.228121
v 0.951023 0.054184 -0.233151
v 0.929116 0.096602 -0.245758
v 0.896472 0.128516 -0.264578
v 0.856630 0.146465 -0.287571
v 0.813907 0.148506 -0.312245
v 0.772932 0.134416 -0.335926
v 0.763154 0.105770 -0.399345
v 0.738326 0.065583 -0.413728
v 0.726148 0.018258 -0.420812
v 0.727938 -0.031078 -0.419831
v 0.743502 -0.077079 -0.410891
v 0.771154 -0.114759 -0.394960
v 0.807898 -0.140035 -0.373764
v 0.849751 -0.150168 -0.349602
v 0.892179 -0.144060 -0.325090
v 0.930583 -0.122374 -0.302885
v 0.960802 -0.087458 -0.285394
v 0.979561 -0.043097 -0.274512
v 0.984827 0.005902 -0.271418
v 0.976030 0.054230 -0.276448
v 0.954123 0.096649 -0.289055
v 0.921480 0.128562 -0.307875
v 0.881638 0.146511 -0.330868
v 0.838915 0.148552 -0.355542
v 0.797940 0.134462 -0.379223
v 0.763153 0.105770 -0.399346
v 0.738325 0.065583 -0.413728
v 0.726147 0.018258 -0.420813
v 0.727936 -0.031078 -0.419832
v 0.743501 -0.077079 -0.410891
v 0.771153 -0.114759 -0.394960
v 0.807897 -0.140035 -0.373765
v 0.849750 -0.150168 -0.349602
v 0.892178 -0.144060 -0.325091
v 0.930582 -0.122373 -0.302886
v 0.960801 -0.087458 -0.285395
v 0.979560 -0.043097 -0.274513
v 0.984826 0.005903 -0.271419
v 0.976029 0.054230 -0.276448
v 0.954122 0.096649 -0.289056
v 0.921478 0.128562 -0.307876
v 0.881637 0.146511 -0.330869
v 0.838913 0.148552 -0.355542
v 0.797939 0.134462 -0.379223
v 0.788160 0.105816 -0.442643
v 0.763333 0.065630 -0.457025
v 0.751154 0.018304 -0.464110
v 0.752944 -0.031032 -0.463129
v 0.768508 -0.077033 -0.454188
v 0.796161 -0.114712 -0.438257
v 0.832904 -0.139989 -0.417062
v 0.874758 -0.150122 -0.392899
v 0.917185 -0.144014 -0.368388
v 0.955589 -0.122327 -0.346183
v 0.985808 -0.087411 -0.328692
v 1.004567 -0.043050 -0.317810
v 1.009833 0.005949 -0.314716
v 1.001036 0.054276 -0.319745
v 0.979129 0.096695 -0.332353
v 0.946486 0.128608 -0.351173
v 0.906644 0.146558 -0.374166
v 0.863921 0.148598 -0.398839
v 0.822946 0.134509 -0.422520
v 0.788158 0.105816 -0.442641
v 0.763330 0.065630 -0.457023
v 0.751151 0.018304 -0.464107
v 0.752941 -0.031032 -0.463126
v 0.768506 -0.077032 -0.454186
v 0.796158 -0.114712 -0.438255
v 0.832902 -0.139988 -0.417060
v 0.874756 -0.150122 -0.392899
v 0.917185 -0.144014 -0.368388
v 0.955589 -0.122327 -0.346185
v 0.985809 -0.087411 -0.328695
v 1.004568 -0.043050 -0.317813
v 1.009835 0.005949 -0.314720
v 1.001038 0.054276 -0.319749
v 0.979130 0.096695 -0.332357
v 0.946487 0.128608 -0.351176
v 0.906644 0.146558 -0.374168
v 0.863920 0.148598 -0.398840
v 0.822945 0.134509 -0.422520
v 0.813165 0.105862 -0.485939
v 0.788337 0.065676 -0.500321
v 0.776158 0.018350 -0.507405
v 0.777947 -0.030986 -0.506424
v 0.793512 -0.076986 -0.497483
v 0.821164 -0.114666 -0.481553
v 0.857909 -0.139942 -0.460358
v 0.899763 -0.150076 -0.436196
v 0.942191 -0.143968 -0.411686
v 0.980595 -0.122281 -0.389482
v 1.010815 -0.087365 -0.371992
v 1.029574 -0.043004 -0.361111
v 1.034841 0.005995 -0.358017
v 1.026044 0.054322 -0.363047
v 1.004137 0.096741 -0.375654
v 0.971493 0.128654 -0.394473
v 0.931650 0.146604 -0.417465
v 0.888927 0.148644 -0.442138
v 0.847951 0.134555 -0.465818
v 0.813164 0.105862 -0.485938
v 0.788336 0.065676 -0.500320
v 0.776157 0.018350 -0.507405
v 0.777947 -0.030986 -0.506424
v 0.793512 -0.076986 -0.497484
v 0.821165 -0.114666 -0.481554
v 0.857910 -0.139942 -0.460360
v 0.899764 -0.150076 -0.436198
v 0.942192 -0.143968 -0.411687
v 0.980596 -0.122281 -0.389484
v 1.010816 -0.087365 -0.371993
v 1.029575 -0.043004 -0.361111
v 1.034841 0.005995 -0.358017
v 1.026043 0.054322 -0.363046
v 1.004136 0.096741 -0.375653
v 0.971492 0.128654 -0.394472
v 0.931649 0.146604 -0.417464
v 0.888926 0.148644 -0.442136
v 0.847950 0.134555 -0.465816
v 0.838170 0.105909 -0.529235
v 0.813342 0.065722 -0.543618
v 0.801164 0.018397 -0.550702
v 0.802954 -0.030939 -0.549722
v 0.818518 -0.076940 -0.540782
v 0.846171 -0.114620 -0.524852
v 0.882916 -0.139896 -0.503657
v 0.924770 -0.150029 -0.479496
v 0.967198 -0.143921 -0.454985
v 1.005603 -0.122234 -0.432781
v 1.035822 -0.087319 -0.415291
v 1.054581 -0.042958 -0.404409
v 1.059847 0.006042 -0.401315
v 1.051050 0.054369 -0.406344
v 1.029142 0.096788 -0.418951
v 0.996498 0.128701 -0.437770
v 0.956656 0.146650 -0.460761
v 0.913932 0.148691 -0.485434
v 0.872957 0.134601 -0.509114
v 0.563301 -0.106733 0.053304
v 0.538398 -0.066547 0.067558
v 0.526132 -0.019222 0.074491
v 0.527830 0.030114 0.073352
v 0.543309 0.076115 0.064264
v 0.570891 0.113795 0.048212
v 0.607588 0.139071 0.026936
v 0.649422 0.149205 0.002740
v 0.691861 0.143097 -0.021752
v 0.730306 0.121411 -0.043887
v 0.760589 0.086495 -0.061266
v 0.779431 0.042135 -0.072006
v 0.784788 -0.006864 -0.074943
v 0.776081 -0.055192 -0.069759
v 0.754253 -0.097610 -0.057015
v 0.721669 -0.129524 -0.038093
v 0.681860 -0.147473 -0.015043
v 0.639141 -0.149514 0.009638
v 0.598140 -0.135425 0.033274
v 0.588308 -0.106594 0.096601
v 0.563406 -0.066408 0.110855
v 0.551139 -0.019083 0.117788
v 0.552837 0.030253 0.116649
v 0.568316 0.076254 0.107561
v 0.595898 0.113934 0.091509
v 0.632595 0.139210 0.070233
v 0.674430 0.149344 0.046037
v 0.716869 0.143236 0.021545
v 0.755313 0.121550 -0.000590
v 0.785597 0.086634 -0.017969
v 0.804438 0.042274 -0.028709
v 0.809795 -0.006725 -0.031646
v 0.801088 -0.055053 -0.026462
v 0.779260 -0.097471 -0.013718
v 0.746676 -0.129385 0.005204
v 0.706867 -0.147334 0.028254
v 0.664148 -0.149375 0.052935
v 0.623147 -0.135286 0.076570
v 0.588306 -0.106594 0.096600
v 0.563404 -0.066408 0.110853
v 0.551137 -0.019083 0.117786
v 0.552835 0.030253 0.116647
v 0.568314 0.076254 0.107560
v 0.595897 0.113934 0.091508
v 0.632594 0.139210 0.070233
v 0.674429 0.149344 0.046038
v 0.716868 0.143236 0.021547
v 0.755313 0.121550 -0.000588
v 0.785597 0.086635 -0.017967
v 0.804438 0.042274 -0.028706
v 0.809796 -0.006725 -0.031644
v 0.801088 -0.055052 -0.026460
v 0.779260 -0.097471 -0.013716
v 0.746676 -0.129385 0.005205
v 0.706867 -0.147334 0.028255
v 0.664147 -0.149375 0.052935
v 0.623146 -0.135286 0.076570
v 0.613313 -0.106455 0.139897
v 0.588411 -0.066269 0.154151
v 0.576144 -0.018944 0.161084
v 0.577842 0.030392 0.159945
v 0.593321 0.076392 0.150857
v 0.620903 0.114072 0.134806
v 0.657600 0.139349 0.113530
v 0.699435 0.149482 0.089335
v 0.741875 0.143375 0.064844
v 0.780319 0.121689 0.042709
v 0.810603 0.086773 0.025331
v 0.829445 0.042413 0.014591
v 0.834802 -0.006586 0.011654
v 0.826095 -0.054914 0.016838
v 0.804267 -0.097332 0.029581
v 0.771682 -0.129246 0.048503
v 0.731873 -0.147196 0.071552
v 0.689154 -0.149237 0.096232
v 0.648153 -0.135148 0.119867
v 0.613312 -0.106455 0.139895
v 0.588409 -0.066269 0.154148
v 0.576142 -0.018944 0.161080
v 0.577840 0.030392 0.159941
v 0.593319 0.076393 0.150854
v 0.620902 0.114073 0.134803
v 0.657600 0.139349 0.113529
v 0.699435 0.149482 0.089335
v 0.741875 0.143375 0.064845
v 0.780320 0.121689 0.042711
v 0.810605 0.086773 0.025333
v 0.829447 0.042413 0.014594
v 0.834804 -0.006586 0.011657
v 0.826097 -0.054914 0.016841
v 0.804268 -0.097332 0.029583
v 0.771683 -0.129246 0.048504
v 0.731874 -0.147196 0.071553
v 0.689153 -0.149237 0.096231
v 0.648152 -0.135148 0.119866
v 0.638317 -0.106316 0.183192
v 0.613414 -0.066130 0.197445
v 0.601147 -0.018805 0.204378
v 0.602845 0.030531 0.203239
v 0.618325 0.076531 0.194152
v 0.645908 0.114211 0.178101
v 0.682605 0.139488 0.156827
v 0.724441 0.149621 0.132633
v 0.766881 0.143514 0.108143
v 0.805326 0.121828 0.086009
v 0.835610 0.086912 0.068631
v 0.854452 0.042552 0.057892
v 0.859810 -0.006447 0.054955
v 0.851102 -0.054775 0.060139
v 0.829273 -0.097193 0.072881
v 0.796689 -0.129107 0.091802
v 0.756879 -0.147057 0.114851
v 0.714159 -0.149098 0.139529
v 0.673157 -0.135009 0.163164
v 0.638318 -0.106316 0.183192
v 0.613415 -0.066130 0.197445
v 0.601148 -0.018805 0.204378
v 0.602846 0.030531 0.203239
v 0.618325 0.076532 0.194152
v 0.645908 0.114212 0.178101
v 0.682606 0.139488 0.156827
v 0.724442 0.149621 0.132633
v 0.766881 0.143514 0.108143
v 0.805327 0.121828 0.086009
v 0.835611 0.086912 0.068631
v 0.854453 0.042552 0.057892
v 0.859810 -0.006447 0.054955
v 0.851103 -0.054775 0.060138
v 0.829274 -0.097193 0.072881
v 0.796689 -0.129107 0.091802
v 0.756880 -0.147057 0.114850
v 0.714159 -0.149098 0.139528
v 0.673158 -0.135009 0.163163
v 0.663323 -0.106178 0.226490
v 0.638420 -0.065992 0.240743
v 0.626153 -0.018666 0.247676
v 0.627852 0.030670 0.246537
v 0.643331 0.076670 0.237450
v 0.670914 0.114350 0.221399
v 0.707612 0.139627 0.200124
v 0.749447 0.149760 0.175931
v 0.791887 0.143653 0.151441
v 0.830332 0.121967 0.129307
v 0.860617 0.087051 0.111929
v 0.879458 0.042690 0.101189
v 0.884816 -0.006308 0.098252
v 0.876108 -0.054636 0.103436
v 0.854279 -0.097055 0.116179
v 0.821695 -0.128968 0.135099
v 0.781885 -0.146918 0.158148
v 0.739165 -0.148959 0.182826
v 0.698163 -0.134870 0.206461
v 0.663324 -0.106177 0.226491
v 0.638421 -0.065991 0.240744
v 0.626155 -0.018666 0.247677
v 0.627853 0.030670 0.246538
v 0.643332 0.076670 0.237451
v 0.670915 0.114350 0.221400
v 0.707612 0.139627 0.200125
v 0.749447 0.149760 0.175931
v 0.791887 0.143653 0.151440
v 0.830332 0.121967 0.129306
v 0.860616 0.087051 0.111927
v 0.879458 0.042691 0.101188
v 0.884815 -0.006308 0.098251
v 0.876108 -0.054636 0.103434
v 0.854279 -0.097054 0.116177
v 0.821694 -0.128968 0.135098
v 0.781885 -0.146918 0.158147
v 0.739165 -0.148959 0.182826
v 0.698164 -0.134870 0.206461
v 0.688330 -0.106039 0.269788
v 0.663427 -0.065853 0.284042
v 0.651161 -0.018527 0.290975
v 0.652859 0.030809 0.289836
v 0.668338 0.076809 0.280749
v 0.695921 0.114489 0.264698
v 0.732618 0.139766 0.243422
v 0.774453 0.149899 0.219228
v 0.816893 0.143792 0.194737
v 0.855338 0.122105 0.172603
v 0.885622 0.087190 0.155225
v 0.904464 0.042829 0.144485
v 0.909821 -0.006170 0.141548
v 0.901114 -0.054497 0.146732
v 0.879285 -0.096916 0.159475
v 0.846701 -0.128829 0.178396
v 0.806891 -0.146779 0.201445
v 0.764171 -0.148820 0.226124
v 0.723170 -0.134731 0.249759
v 0.688331 -0.106039 0.269790
v 0.663428 -0.065853 0.284044
v 0.651161 -0.018527 0.290977
v 0.652859 0.030809 0.289837
v 0.668338 0.076809 0.280750
v 0.695921 0.114489 0.264698
v 0.732618 0.139765 0.243422
v 0.774453 0.149899 0.219228
v 0.816892 0.143792 0.194736
v 0.855337 0.122105 0.172602
v 0.885621 0.087190 0.155223
v 0.904462 0.042829 0.144484
v 0.909820 -0.006169 0.141547
v 0.901113 -0.054497 0.146731
v 0.879284 -0.096916 0.159474
v 0.846700 -0.128829 0.178396
v 0.806891 -0.146779 0.201445
v 0.764172 -0.148820 0.226125
v 0.723170 -0.134731 0.249760
v 0.713337 -0.105900 0.313087
v 0.688435 -0.065714 0.327341
v 0.676168 -0.018388 0.334274
v 0.677866 0.030948 0.333135
v 0.693345 0.076948 0.324047
v 0.720927 0.114628 0.307995
v 0.757624 0.139905 0.286720
v 0.799459 0.150038 0.262525
v 0.841899 0.143931 0.238034
v 0.880343 0.122245 0.215899
v 0.910627 0.087329 0.198520
v 0.929469 0.042969 0.187781
v 0.934827 -0.006030 0.184844
v 0.926119 -0.054358 0.190028
v 0.904291 -0.096777 0.202771
v 0.871707 -0.128690 0.221693
v 0.831898 -0.146640 0.244743
v 0.789178 -0.148681 0.269422
v 0.748177 -0.134592 0.293058
v 0.713336 -0.105899 0.313085
v 0.688433 -0.065713 0.327340
v 0.676167 -0.018388 0.334274
v 0.677866 0.030948 0.333136
v 0.693345 0.076949 0.324049
v 0.720928 0.114629 0.307998
v 0.757626 0.139905 0.286723
v 0.799461 0.150039 0.262529
v 0.841900 0.143931 0.238037
v 0.880344 0.122245 0.215902
v 0.910628 0.087330 0.198523
v 0.929469 0.042969 0.187782
v 0.934826 -0.006030 0.184844
v 0.926118 -0.054357 0.190027
v 0.904289 -0.096776 0.202770
v 0.871705 -0.128690 0.221691
v 0.831895 -0.146639 0.244740
v 0.789176 -0.148680 0.269419
v 0.748175 -0.134591 0.293055
v 0.738342 -0.105761 0.356383
v 0.713440 -0.065575 0.370637
v 0.701174 -0.018250 0.377571
v 0.702873 0.031086 0.376433
v 0.718352 0.077087 0.367346
v 0.745935 0.114767 0.351296
v 0.782632 0.140043 0.330020
v 0.824467 0.150176 0.305826
v 0.866907 0.144069 0.281334
v 0.905351 0.122383 0.259199
v 0.935635 0.087467 0.241820
v 0.954476 0.043107 0.231079
v 0.959833 -0.005892 0.228141
v 0.951125 -0.054220 0.233324
v 0.929296 -0.096638 0.246067
v 0.896711 -0.128552 0.264988
v 0.856902 -0.146501 0.288037
v 0.814182 -0.148542 0.312717
v 0.773181 -0.134454 0.336352
v 0.738343 -0.105761 0.356384
v 0.713440 -0.065575 0.370636
v 0.701172 -0.018250 0.377568
v 0.702870 0.031086 0.376429
v 0.718349 0.077087 0.367341
v 0.745932 0.114767 0.351290
v 0.782629 0.140043 0.330014
v 0.824464 0.150177 0.305821
v 0.866904 0.144069 0.281330
v 0.905350 0.122383 0.259197
v 0.935634 0.087468 0.241820
v 0.954477 0.043107 0.231081
v 0.959835 -0.005892 0.228145
v 0.951128 -0.054219 0.233329
v 0.929299 -0.096638 0.246073
v 0.896715 -0.128552 0.264994
v 0.856905 -0.146501 0.288043
v 0.814185 -0.148542 0.312721
v 0.773183 -0.134453 0.336355
v 0.763348 -0.105621 0.399682
v 0.738445 -0.065435 0.413934
v 0.726178 -0.018110 0.420866
v 0.727876 0.031226 0.419726
v 0.743354 0.077226 0.410639
v 0.770937 0.114906 0.394587
v 0.807635 0.140183 0.373312
v 0.849470 0.150316 0.349119
v 0.891910 0.144209 0.324628
v 0.930355 0.122523 0.302495
v 0.960640 0.087607 0.285118
v 0.979482 0.043247 0.274379
v 0.984840 -0.005752 0.271443
v 0.976133 -0.054080 0.276627
v 0.954305 -0.096498 0.289370
v 0.921720 -0.128412 0.308292
v 0.881911 -0.146362 0.331340
v 0.839191 -0.148403 0.356019
v 0.798189 -0.134314 0.379653
v 0.763349 -0.105622 0.399683
v 0.738446 -0.065436 0.413935
v 0.726179 -0.018111 0.420868
v 0.727877 0.031225 0.419728
v 0.743356 0.077226 0.410640
v 0.770938 0.114906 0.394588
v 0.807635 0.140182 0.373313
v 0.849470 0.150316 0.349119
v 0.891910 0.144208 0.324628
v 0.930355 0.122522 0.302494
v 0.960639 0.087607 0.285116
v 0.979482 0.043246 0.274377
v 0.984839 -0.005753 0.271441
v 0.976133 -0.054080 0.276625
v 0.954304 -0.096499 0.289369
v 0.921720 -0.128413 0.308291
v 0.881911 -0.146362 0.331340
v 0.839191 -0.148403 0.356019
v 0.798189 -0.134314 0.379654
v 0.788355 -0.105483 0.442980
v 0.763452 -0.065296 0.457233
v 0.751185 -0.017971 0.464165
v 0.752883 0.031365 0.463026
v 0.768362 0.077365 0.453938
v 0.795944 0.115045 0.437886
v 0.832641 0.140322 0.416610
v 0.874476 0.150455 0.392416
v 0.916916 0.144348 0.367925
v 0.955361 0.122662 0.345792
v 0.985645 0.087746 0.328414
v 1.004488 0.043386 0.317675
v 1.009845 -0.005613 0.314738
v 1.001138 -0.053941 0.319923
v 0.979310 -0.096359 0.332667
v 0.946726 -0.128273 0.351588
v 0.906917 -0.146223 0.374638
v 0.864197 -0.148264 0.399317
v 0.823195 -0.134175 0.422951
v 0.788356 -0.105484 0.442983
v 0.763453 -0.065298 0.457235
v 0.751186 -0.017972 0.464167
v 0.752883 0.031364 0.463027
v 0.768362 0.077364 0.453938
v 0.795944 0.115044 0.437886
v 0.832640 0.140321 0.416610
v 0.874475 0.150454 0.392415
v 0.916914 0.144347 0.367923
v 0.955359 0.122661 0.345789
v 0.985644 0.087745 0.328411
v 1.004486 0.043385 0.317673
v 1.009844 -0.005614 0.314737
v 1.001138 -0.053942 0.319922
v 0.979310 -0.096361 0.332667
v 0.946726 -0.128274 0.351589
v 0.906918 -0.146224 0.374639
v 0.864198 -0.148265 0.399319
v 0.823196 -0.134176 0.422954
v 0.813363 -0.105343 0.486280
v 0.788460 -0.065157 0.500533
v 0.776193 -0.017832 0.507464
v 0.777890 0.031504 0.506324
v 0.793368 0.077505 0.497235
v 0.820950 0.115185 0.481183
v 0.857647 0.140461 0.459907
v 0.899482 0.150595 0.435712
v 0.941921 0.144487 0.411221
v 0.980366 0.122801 0.389087
v 1.010650 0.087886 0.371709
v 1.029493 0.043525 0.360970
v 1.034851 -0.005474 0.358034
v 1.026144 -0.053801 0.363219
v 1.004317 -0.096220 0.375964
v 0.971733 -0.128134 0.394886
v 0.931924 -0.146083 0.417936
v 0.889204 -0.148124 0.442616
v 0.848203 -0.134035 0.466251
v 0.813359 -0.105343 0.486273
v 0.788457 -0.065157 0.500527
v 0.776190 -0.017832 0.507460
v 0.777889 0.031504 0.506322
v 0.793369 0.077504 0.497236
v 0.820952 0.115184 0.481186
v 0.857650 0.140461 0.459912
v 0.899485 0.150594 0.435718
v 0.941925 0.144487 0.411228
v 0.980370 0.122801 0.389094
v 1.010654 0.087885 0.371715
v 1.029496 0.043525 0.360975
v 1.034853 -0.005474 0.358037
v 1.026145 -0.053802 0.363220
v 1.004315 -0.096220 0.375962
v 0.971730 -0.128134 0.394882
v 0.931921 -0.146084 0.417930
v 0.889200 -0.148125 0.442609
v 0.848199 -0.134036 0.466243
v 0.838364 -0.105206 0.529571
v 0.813462 -0.065020 0.543825
v 0.801196 -0.017694 0.550758
v 0.802894 0.031642 0.549620
v 0.818374 0.077642 0.540534
v 0.845957 0.115322 0.524484
v 0.882655 0.140599 0.503210
v 0.924491 0.150732 0.479016
v 0.966931 0.144625 0.454526
v 1.005376 0.122939 0.432392
v 1.035660 0.088023 0.415013
v 1.054501 0.043662 0.404273
v 1.059858 -0.005336 0.401335
v 1.051150 -0.053664 0.406518
v 1.029321 -0.096083 0.419260
v 0.996736 -0.127996 0.438180
v 0.956926 -0.145946 0.461228
v 0.914206 -0.147987 0.485907
v 0.873204 -0.133898 0.509541
v -0.746797 -0.106734 -0.053132
v -0.771662 -0.066548 -0.067450
v -0.783885 -0.019222 -0.074459
v -0.782142 0.030114 -0.073399
v -0.766621 0.076115 -0.064385
v -0.739004 0.113795 -0.048394
v -0.702283 0.139071 -0.027158
v -0.660439 0.149205 -0.002980
v -0.618006 0.143098 0.021521
v -0.579581 0.121412 0.043691
v -0.549329 0.086497 0.061125
v -0.530528 0.042136 0.071936
v -0.525216 -0.006863 0.074952
v -0.533968 -0.055191 0.069845
v -0.555835 -0.097610 0.057170
v -0.588448 -0.129524 0.038299
v -0.628274 -0.147474 0.015278
v -0.670995 -0.149515 -0.009399
v -0.711983 -0.135426 -0.033057
v -0.771803 -0.106781 -0.009835
v -0.796669 -0.066594 -0.024153
v -0.808892 -0.019269 -0.031162
v -0.807149 0.030067 -0.030102
v -0.791628 0.076068 -0.021088
v -0.764010 0.113748 -0.005097
v -0.727290 0.139025 0.016139
v -0.685446 0.149159 0.040317
v -0.643012 0.143052 0.064819
v -0.604588 0.121365 0.086988
v -0.574336 0.086450 0.104423
v -0.555535 0.042089 0.115234
v -0.550223 -0.006910 0.118249
v -0.558974 -0.055237 0.113142
v -0.580842 -0.097656 0.100467
v -0.613455 -0.129570 0.081596
v -0.653281 -0.147520 0.058575
v -0.696002 -0.149561 0.033899
v -0.736990 -0.135473 0.010241
v -0.771803 -0.106781 -0.009834
v -0.796668 -0.066594 -0.024152
v -0.808892 -0.019269 -0.031161
v -0.807148 0.030067 -0.030101
v -0.791627 0.076068 -0.021088
v -0.764009 0.113748 -0.005097
v -0.727289 0.139025 0.016138
v -0.685445 0.149159 0.040317
v -0.643011 0.143052 0.064818
v -0.604587 0.121366 0.086987
v -0.574335 0.086450 0.104422
v -0.555534 0.042089 0.115234
v -0.550222 -0.006910 0.118249
v -0.558974 -0.055237 0.113143
v -0.580841 -0.097656 0.100468
v -0.613455 -0.129570 0.081597
v -0.653280 -0.147520 0.058577
v -0.696002 -0.149561 0.033900
v -0.736990 -0.135473 0.010242
v -0.796810 -0.106827 0.033464
v -0.821675 -0.066641 0.019145
v -0.833898 -0.019315 0.012136
v -0.832155 0.030021 0.013196
v -0.816633 0.076022 0.022210
v -0.789016 0.113702 0.038200
v -0.752296 0.138979 0.059436
v -0.710452 0.149112 0.083614
v -0.668018 0.143005 0.108115
v -0.629593 0.121319 0.130285
v -0.599342 0.086404 0.147720
v -0.580541 0.042043 0.158531
v -0.575229 -0.006956 0.161547
v -0.583981 -0.055283 0.156440
v -0.605848 -0.097702 0.143765
v -0.638462 -0.129616 0.124895
v -0.678287 -0.147566 0.101874
v -0.721009 -0.149608 0.077198
v -0.761997 -0.135519 0.053540
v -0.796809 -0.106827 0.033464
v -0.821675 -0.066641 0.019146
v -0.833898 -0.019315 0.012137
v -0.832154 0.030021 0.013196
v -0.816633 0.076022 0.022210
v -0.789015 0.113702 0.038201
v -0.752295 0.138979 0.059436
v -0.710451 0.149112 0.083614
v -0.668017 0.143005 0.108116
v -0.629593 0.121319 0.130285
v -0.599341 0.086404 0.147720
v -0.580540 0.042043 0.158531
v -0.575228 -0.006956 0.161547
v -0.583980 -0.055284 0.156441
v -0.605848 -0.097703 0.143766
v -0.638461 -0.129616 0.124895
v -0.678286 -0.147566 0.101874
v -0.721008 -0.149608 0.077198
v -0.761996 -0.135519 0.053540
v -0.821816 -0.106873 0.076761
v -0.846681 -0.066687 0.062443
v -0.858904 -0.019362 0.055434
v -0.857161 0.029975 0.056494
v -0.841640 0.075975 0.065507
v -0.814022 0.113656 0.081498
v -0.777302 0.138932 0.102733
v -0.735458 0.149066 0.126912
v -0.693024 0.142959 0.151413
v -0.654600 0.121273 0.173582
v -0.624348 0.086358 0.191017
v -0.605547 0.041997 0.201829
v -0.600235 -0.007002 0.204844
v -0.608987 -0.055330 0.199738
v -0.630854 -0.097749 0.187063
v -0.663468 -0.129663 0.168192
v -0.703293 -0.147613 0.145172
v -0.746015 -0.149654 0.120495
v -0.787003 -0.135565 0.096837
v -0.821814 -0.106873 0.076760
v -0.846680 -0.066686 0.062442
v -0.858904 -0.019361 0.055434
v -0.857161 0.029975 0.056494
v -0.841640 0.075976 0.065509
v -0.814023 0.113656 0.081500
v -0.777303 0.138933 0.102736
v -0.735459 0.149067 0.126915
v -0.693025 0.142960 0.151416
v -0.654600 0.121273 0.173585
v -0.624348 0.086358 0.191019
v -0.605547 0.041997 0.201830
v -0.600234 -0.007002 0.204845
v -0.608986 -0.055329 0.199737
v -0.630853 -0.097748 0.187062
v -0.663466 -0.129662 0.168191
v -0.703291 -0.147612 0.145170
v -0.746013 -0.149653 0.120493
v -0.787001 -0.135565 0.096835
v -0.846821 -0.106920 0.120057
v -0.871687 -0.066734 0.105739
v -0.883911 -0.019408 0.098731
v -0.882167 0.029928 0.099792
v -0.866646 0.075929 0.108806
v -0.839029 0.113609 0.124798
v -0.802309 0.138886 0.146033
v -0.760465 0.149019 0.170212
v -0.718032 0.142912 0.194713
v -0.679607 0.121226 0.216882
v -0.649355 0.086311 0.234317
v -0.630554 0.041950 0.245127
v -0.625241 -0.007049 0.248142
v -0.633992 -0.055377 0.243035
v -0.655860 -0.097796 0.230359
v -0.688473 -0.129709 0.211488
v -0.728298 -0.147659 0.188467
v -0.771020 -0.149701 0.163790
v -0.812008 -0.135612 0.140133
v -0.846822 -0.106919 0.120060
v -0.871687 -0.066733 0.105741
v -0.883910 -0.019408 0.098732
v -0.882167 0.029928 0.099791
v -0.866645 0.075929 0.108805
v -0.839028 0.113609 0.124796
v -0.802307 0.138886 0.146031
v -0.760463 0.149020 0.170209
v -0.718029 0.142913 0.194710
v -0.679605 0.121226 0.216880
v -0.649353 0.086311 0.234315
v -0.630552 0.041950 0.245126
v -0.625240 -0.007049 0.248142
v -0.633993 -0.055376 0.243036
v -0.655860 -0.097795 0.230361
v -0.688474 -0.129709 0.211491
v -0.728299 -0.147659 0.188470
v -0.771021 -0.149700 0.163794
v -0.812009 -0.135612 0.140136
v -0.871829 -0.106965 0.163357
v -0.896694 -0.066779 0.149039
v -0.908917 -0.019454 0.142029
v -0.907173 0.029882 0.143089
v -0.891652 0.075883 0.152102
v -0.864034 0.113563 0.168093
v -0.827314 0.138840 0.189328
v -0.785470 0.148974 0.213506
v -0.743036 0.142867 0.238008
v -0.704612 0.121180 0.260177
v -0.674360 0.086265 0.277612
v -0.655559 0.041904 0.288424
v -0.650247 -0.007095 0.291440
v -0.658999 -0.055422 0.286334
v -0.680867 -0.097841 0.273659
v -0.713481 -0.129755 0.254788
v -0.753306 -0.147705 0.231768
v -0.796028 -0.149746 0.207091
v -0.837016 -0.135658 0.183433
v -0.871827 -0.106965 0.163355
v -0.896693 -0.066779 0.149038
v -0.908916 -0.019454 0.142029
v -0.907173 0.029883 0.143090
v -0.891652 0.075883 0.152104
v -0.864035 0.113564 0.168096
v -0.827315 0.138840 0.189331
v -0.785471 0.148974 0.213510
v -0.743037 0.142867 0.238011
v -0.704612 0.121181 0.260180
v -0.674360 0.086265 0.277615
v -0.655559 0.041905 0.288425
v -0.650247 -0.007095 0.291440
v -0.658998 -0.055422 0.286333
v -0.680865 -0.097841 0.273657
v -0.713478 -0.129755 0.254786
v -0.753304 -0.147705 0.231765
v -0.796025 -0.149746 0.207088
v -0.837014 -0.135657 0.183431
v -0.896834 -0.107012 0.206652
v -0.921699 -0.066826 0.192335
v -0.933923 -0.019501 0.185327
v -0.932180 0.029835 0.186387
v -0.916659 0.075836 0.195402
v -0.889042 0.113516 0.211393
v -0.852322 0.138793 0.232629
v -0.810478 0.148927 0.256807
v -0.768044 0.142820 0.281309
v -0.729619 0.121133 0.303478
v -0.699367 0.086218 0.320912
v -0.680566 0.041857 0.331722
v -0.675253 -0.007142 0.334737
v -0.684005 -0.055469 0.329630
v -0.705872 -0.097888 0.316954
v -0.738485 -0.129802 0.298083
v -0.778311 -0.147752 0.275062
v -0.821032 -0.149793 0.250386
v -0.862020 -0.135704 0.226728
v -0.896833 -0.107012 0.206654
v -0.921699 -0.066826 0.192336
v -0.933922 -0.019501 0.185327
v -0.932179 0.029836 0.186387
v -0.916658 0.075836 0.195401
v -0.889041 0.113517 0.211392
v -0.852320 0.138793 0.232627
v -0.810476 0.148927 0.256806
v -0.768043 0.142820 0.281307
v -0.729618 0.121134 0.303477
v -0.699366 0.086219 0.320911
v -0.680565 0.041858 0.331722
v -0.675253 -0.007141 0.334738
v -0.684004 -0.055468 0.329631
v -0.705872 -0.097887 0.316956
v -0.738485 -0.129801 0.298085
v -0.778311 -0.147751 0.275064
v -0.821032 -0.149793 0.250388
v -0.862020 -0.135704 0.226730
v -0.921840 -0.107059 0.249951
v -0.946706 -0.066872 0.235633
v -0.958929 -0.019547 0.228625
v -0.957186 0.029789 0.229685
v -0.941665 0.075790 0.238698
v -0.914047 0.113470 0.254689
v -0.877327 0.138747 0.275925
v -0.835483 0.148881 0.300103
v -0.793050 0.142774 0.324605
v -0.754625 0.121088 0.346774
v -0.724373 0.086172 0.364209
v -0.705572 0.041812 0.375020
v -0.700259 -0.007187 0.378035
v -0.709011 -0.055515 0.372928
v -0.730879 -0.097934 0.360253
v -0.763492 -0.129848 0.341383
v -0.803317 -0.147798 0.318362
v -0.846039 -0.149839 0.293685
v -0.887027 -0.135751 0.270027
v -0.921840 -0.107058 0.249952
v -0.946705 -0.066872 0.235634
v -0.958928 -0.019547 0.228625
v -0.957185 0.029789 0.229685
v -0.941664 0.075790 0.238698
v -0.914046 0.113470 0.254689
v -0.877326 0.138747 0.275924
v -0.835482 0.148881 0.300103
v -0.793048 0.142774 0.324604
v -0.754624 0.121088 0.346774
v -0.724372 0.086173 0.364208
v -0.705571 0.041812 0.375020
v -0.700259 -0.007187 0.378035
v -0.709011 -0.055515 0.372929
v -0.730878 -0.097934 0.360254
v -0.763492 -0.129848 0.341384
v -0.803317 -0.147798 0.318363
v -0.846039 -0.149839 0.293687
v -0.887027 -0.135750 0.270028
v -0.946847 -0.107105 0.293250
v -0.971712 -0.066919 0.278931
v -0.983935 -0.019593 0.271922
v -0.982192 0.029743 0.272982
v -0.966670 0.075744 0.281996
v -0.939053 0.113424 0.297987
v -0.902333 0.138701 0.319222
v -0.860489 0.148835 0.343400
v -0.818055 0.142728 0.367901
v -0.779630 0.121042 0.390071
v -0.749379 0.086126 0.407506
v -0.730578 0.041766 0.418317
v -0.725266 -0.007234 0.421333
v -0.734017 -0.055561 0.416227
v -0.755885 -0.097980 0.403551
v -0.788499 -0.129894 0.384681
v -0.828324 -0.147844 0.361660
v -0.871046 -0.149885 0.336984
v -0.912034 -0.135797 0.313326
v -0.946846 -0.107105 0.293250
v -0.971712 -0.066919 0.278932
v -0.983935 -0.019593 0.271923
v -0.982191 0.029743 0.272982
v -0.966670 0.075744 0.281996
v -0.939053 0.113424 0.297987
v -0.902332 0.138701 0.319222
v -0.860488 0.148835 0.343400
v -0.818054 0.142728 0.367902
v -0.779630 0.121041 0.390071
v -0.749378 0.086126 0.407506
v -0.730577 0.041765 0.418317
v -0.725265 -0.007234 0.421333
v -0.734017 -0.055561 0.416227
v -0.755884 -0.097980 0.403552
v -0.788498 -0.129894 0.384681
v -0.828323 -0.147844 0.361661
v -0.871045 -0.149886 0.336984
v -0.912033 -0.135797 0.313326
v -0.971853 -0.107151 0.336547
v -0.996718 -0.066965 0.322229
v -1.008942 -0.019640 0.315220
v -1.007198 0.029697 0.316280
v -0.991677 0.075697 0.325293
v -0.964059 0.113378 0.341284
v -0.927339 0.138654 0.362519
v -0.885495 0.148788 0.386698
v -0.843061 0.142681 0.411199
v -0.804637 0.120995 0.433369
v -0.774385 0.086080 0.450803
v -0.755584 0.041719 0.461615
v -0.750272 -0.007280 0.464630
v -0.759024 -0.055607 0.459524
v -0.780891 -0.098026 0.446849
v -0.813505 -0.129940 0.427979
v -0.853330 -0.147890 0.404958
v -0.896052 -0.149932 0.380282
v -0.937040 -0.135843 0.356623
v -0.971853 -0.107151 0.336548
v -0.996718 -0.066965 0.322230
v -1.008941 -0.019640 0.315221
v -1.007197 0.029696 0.316280
v -0.991676 0.075697 0.325293
v -0.964058 0.113377 0.341284
v -0.927338 0.138654 0.362519
v -0.885494 0.148788 0.386697
v -0.843060 0.142681 0.411199
v -0.804636 0.120995 0.433368
v -0.774384 0.086080 0.450803
v -0.755583 0.041719 0.461615
v -0.750271 -0.007280 0.464631
v -0.759023 -0.055608 0.459525
v -0.780891 -0.098027 0.446850
v -0.813504 -0.129940 0.427980
v -0.853330 -0.147891 0.404959
v -0.896052 -0.149932 0.380283
v -0.937040 -0.135843 0.356625
v -0.996859 -0.107197 0.379846
v -1.021725 -0.067011 0.365527
v -1.033948 -0.019686 0.358518
v -1.032204 0.029650 0.359577
v -1.016682 0.075651 0.368591
v -0.989065 0.113332 0.384581
v -0.952345 0.138608 0.405816
v -0.910501 0.148742 0.429995
v -0.868067 0.142635 0.454496
v -0.829642 0.120949 0.476666
v -0.799391 0.086034 0.494101
v -0.780590 0.041673 0.504912
v -0.775278 -0.007326 0.507928
v -0.784030 -0.055654 0.502822
v -0.805898 -0.098073 0.490147
v -0.838511 -0.129986 0.471277
v -0.878337 -0.147937 0.448256
v -0.921058 -0.149978 0.423580
v -0.962046 -0.135889 0.399922
v -0.996858 -0.107197 0.379845
v -1.021724 -0.067011 0.365527
v -1.033947 -0.019686 0.358518
v -1.032204 0.029650 0.359578
v -1.016682 0.075651 0.368592
v -0.989065 0.113331 0.384583
v -0.952345 0.138608 0.405818
v -0.910501 0.148742 0.429997
v -0.868067 0.142635 0.454498
v -0.829643 0.120949 0.476667
v -0.799391 0.086034 0.494102
v -0.780590 0.041673 0.504913
v -0.775277 -0.007326 0.507929
v -0.784029 -0.055654 0.502822
v -0.805896 -0.098073 0.490147
v -0.838510 -0.129986 0.471276
v -0.878335 -0.147937 0.448255
v -0.921057 -0.149978 0.423579
v -0.962045 -0.135889 0.399921
v -1.021865 -0.107244 0.423142
v -1.046731 -0.067058 0.408824
v -1.058954 -0.019732 0.401815
v -1.057210 0.029604 0.402875
v -1.041689 0.075605 0.411889
v -1.014072 0.113285 0.427880
v -0.977352 0.138562 0.449116
v -0.935508 0.148696 0.473294
v -0.893074 0.142589 0.497795
v -0.854649 0.120902 0.519965
v -0.824397 0.085987 0.537399
v -0.805597 0.041626 0.548210
v -0.800284 -0.007373 0.551226
v -0.809036 -0.055700 0.546119
v -0.830903 -0.098119 0.533444
v -0.863517 -0.130033 0.514573
v -0.903342 -0.147983 0.491553
v -0.946063 -0.150025 0.466876
v -0.987052 -0.135936 0.443218
v -0.746797 0.105401 0.053132
v -0.771662 0.065214 0.067450
v -0.783885 0.017889 0.074459
v -0.782142 -0.031447 0.073399
v -0.766621 -0.077448 0.064385
v -0.739004 -0.115128 0.048394
v -0.702283 -0.140405 0.027158
v -0.660439 -0.150539 0.002980
v -0.618006 -0.144431 -0.021521
v -0.579581 -0.122745 -0.043691
v -0.549329 -0.087830 -0.061125
v -0.530528 -0.043469 -0.071936
v -0.525216 0.005530 -0.074952
v -0.533968 0.053857 -0.069845
v -0.555835 0.096276 -0.057170
v -0.588448 0.128190 -0.038299
v -0.628274 0.146140 -0.015278
v -0.670995 0.148181 0.009399
v -0.711983 0.134093 0.033057
v -0.771803 0.105447 0.009835
v -0.796669 0.065261 0.024153
v -0.808892 0.017936 0.031162
v -0.807149 -0.031400 0.030102
v -0.791628 -0.077401 0.021088
v -0.764010 -0.115081 0.005097
v -0.727290 -0.140358 -0.016139
v -0.685446 -0.150492 -0.040317
v -0.643012 -0.144385 -0.064819
v -0.604588 -0.122699 -0.086988
v -0.574336 -0.087783 -0.104423
v -0.555535 -0.043423 -0.115234
v -0.550223 0.005577 -0.118249
v -0.558974 0.053904 -0.113142
v -0.580842 0.096323 -0.100467
v -0.613455 0.128237 -0.081596
v -0.653281 0.146187 -0.058575
v -0.696002 0.148228 -0.033899
v -0.736990 0.134139 -0.010241
v -0.771803 0.105447 0.009834
v -0.796668 0.065261 0.024152
v -0.808892 0.017936 0.031161
v -0.807148 -0.031401 0.030101
v -0.791627 -0.077401 0.021088
v -0.764009 -0.115082 0.005097
v -0.727289 -0.140358 -0.016138
v -0.685445 -0.150492 -0.040317
v -0.643011 -0.144385 -0.064818
v -0.604587 -0.122699 -0.086987
v -0.574335 -0.087784 -0.104422
v -0.555534 -0.043423 -0.115234
v -0.550222 0.005576 -0.118249
v -0.558974 0.053904 -0.113143
v -0.580841 0.096323 -0.100468
v -0.613455 0.128237 -0.081597
v -0.653280 0.146187 -0.058577
v -0.696002 0.148228 -0.033900
v -0.736990 0.134139 -0.010242
v -0.796810 0.105493 -0.033464
v -0.821675 0.065307 -0.019145
v -0.833898 0.017982 -0.012136
v -0.832155 -0.031354 -0.013196
v -0.816633 -0.077355 -0.022210
v -0.789016 -0.115035 -0.038200
v -0.752296 -0.140312 -0.059436
v -0.710452 -0.150446 -0.083614
v -0.668018 -0.144339 -0.108115
v -0.629593 -0.122653 -0.130285
v -0.599342 -0.087737 -0.147720
v -0.580541 -0.043377 -0.158531
v -0.575229 0.005623 -0.161547
v -0.583981 0.053950 -0.156440
v -0.605848 0.096369 -0.143765
v -0.638462 0.128283 -0.124895
v -0.678287 0.146233 -0.101874
v -0.721009 0.148274 -0.077198
v -0.761997 0.134185 -0.053540
v -0.796808 0.105493 -0.033463
v -0.821673 0.065307 -0.019144
v -0.833897 0.017982 -0.012135
v -0.832153 -0.031354 -0.013195
v -0.816632 -0.077355 -0.022209
v -0.789015 -0.115035 -0.038200
v -0.752295 -0.140312 -0.059436
v -0.710451 -0.150446 -0.083614
v -0.668017 -0.144339 -0.108116
v -0.629593 -0.122653 -0.130286
v -0.599341 -0.087737 -0.147722
v -0.580541 -0.043377 -0.158533
v -0.575229 0.005623 -0.161549
v -0.583980 0.053950 -0.156442
v -0.605848 0.096369 -0.143767
v -0.638461 0.128283 -0.124896
v -0.678286 0.146233 -0.101875
v -0.721008 0.148274 -0.077198
v -0.761995 0.134186 -0.053539
v -0.821816 0.105540 -0.076760
v -0.846681 0.065354 -0.062441
v -0.858904 0.018028 -0.055432
v -0.857160 -0.031308 -0.056492
v -0.841639 -0.077309 -0.065506
v -0.814022 -0.114989 -0.081497
v -0.777302 -0.140266 -0.102733
v -0.735458 -0.150400 -0.126911
v -0.693025 -0.144292 -0.151413
v -0.654600 -0.122606 -0.173583
v -0.624349 -0.087691 -0.191019
v -0.605548 -0.043330 -0.201830
v -0.600236 0.005669 -0.204846
v -0.608988 0.053996 -0.199739
v -0.630855 0.096415 -0.187064
v -0.663469 0.128329 -0.168193
v -0.703294 0.146279 -0.145172
v -0.746015 0.148321 -0.120495
v -0.787003 0.134232 -0.096836
v -0.821814 0.105539 -0.076759
v -0.846679 0.065353 -0.062441
v -0.858903 0.018028 -0.055432
v -0.857159 -0.031309 -0.056493
v -0.841639 -0.077309 -0.065508
v -0.814022 -0.114990 -0.081500
v -0.777302 -0.140266 -0.102736
v -0.735458 -0.150400 -0.126915
v -0.693025 -0.144293 -0.151417
v -0.654600 -0.122607 -0.173586
v -0.624348 -0.087691 -0.191021
v -0.605547 -0.043330 -0.201831
v -0.600235 0.005669 -0.204846
v -0.608986 0.053996 -0.199739
v -0.630853 0.096415 -0.187063
v -0.663466 0.128329 -0.168192
v -0.703291 0.146279 -0.145170
v -0.746013 0.148320 -0.120493
v -0.787001 0.134231 -0.096835
v -0.846821 0.105586 -0.120056
v -0.871686 0.065400 -0.105738
v -0.883910 0.018075 -0.098729
v -0.882167 -0.031261 -0.099790
v -0.866646 -0.077262 -0.108805
v -0.839029 -0.114942 -0.124797
v -0.802309 -0.140219 -0.146033
v -0.760466 -0.150353 -0.170212
v -0.718032 -0.144246 -0.194714
v -0.679608 -0.122559 -0.216883
v -0.649356 -0.087644 -0.234318
v -0.630555 -0.043283 -0.245128
v -0.625242 0.005716 -0.248143
v -0.633994 0.054043 -0.243036
v -0.655861 0.096462 -0.230360
v -0.688474 0.128376 -0.211489
v -0.728299 0.146326 -0.188467
v -0.771020 0.148367 -0.163790
v -0.812008 0.134278 -0.140132
v -0.846821 0.105586 -0.120059
v -0.871686 0.065400 -0.105740
v -0.883909 0.018075 -0.098730
v -0.882165 -0.031262 -0.099790
v -0.866644 -0.077262 -0.108804
v -0.839027 -0.114943 -0.124795
v -0.802306 -0.140219 -0.146030
v -0.760463 -0.150353 -0.170209
v -0.718029 -0.144246 -0.194711
v -0.679605 -0.122560 -0.216881
v -0.649354 -0.087644 -0.234317
v -0.630553 -0.043284 -0.245128
v -0.625241 0.005716 -0.248144
v -0.633993 0.054043 -0.243038
v -0.655861 0.096462 -0.230363
v -0.688474 0.128376 -0.211492
v -0.728299 0.146326 -0.188471
v -0.771021 0.148367 -0.163794
v -0.812008 0.134278 -0.140135
v -0.871828 0.105632 -0.163356
v -0.896693 0.065446 -0.149037
v -0.908916 0.018121 -0.142027
v -0.907173 -0.031216 -0.143087
v -0.891651 -0.077216 -0.152101
v -0.864034 -0.114897 -0.168092
v -0.827314 -0.140173 -0.189327
v -0.785470 -0.150307 -0.213506
v -0.743037 -0.144200 -0.238008
v -0.704612 -0.122514 -0.260178
v -0.674361 -0.087598 -0.277614
v -0.655561 -0.043238 -0.288425
v -0.650249 0.005761 -0.291441
v -0.659001 0.054089 -0.286335
v -0.680868 0.096508 -0.273660
v -0.713482 0.128422 -0.254789
v -0.753307 0.146372 -0.231768
v -0.796028 0.148413 -0.207091
v -0.837016 0.134324 -0.183432
v -0.871826 0.105632 -0.163354
v -0.896691 0.065446 -0.149036
v -0.908915 0.018120 -0.142028
v -0.907172 -0.031216 -0.143088
v -0.891651 -0.077217 -0.152103
v -0.864034 -0.114897 -0.168095
v -0.827314 -0.140173 -0.189331
v -0.785471 -0.150307 -0.213510
v -0.743037 -0.144200 -0.238012
v -0.704613 -0.122514 -0.260181
v -0.674361 -0.087599 -0.277616
v -0.655560 -0.043238 -0.288427
v -0.650247 0.005761 -0.291442
v -0.658999 0.054089 -0.286335
v -0.680866 0.096508 -0.273658
v -0.713479 0.128421 -0.254787
v -0.753304 0.146371 -0.231765
v -0.796025 0.148413 -0.207088
v -0.837013 0.134324 -0.183430
v -0.896833 0.105679 -0.206651
v -0.921699 0.065493 -0.192333
v -0.933922 0.018167 -0.185325
v -0.932179 -0.031169 -0.186385
v -0.916658 -0.077169 -0.195400
v -0.889041 -0.114850 -0.211392
v -0.852322 -0.140126 -0.232628
v -0.810478 -0.150260 -0.256807
v -0.768045 -0.144153 -0.281309
v -0.729620 -0.122467 -0.303478
v -0.699368 -0.087551 -0.320913
v -0.680567 -0.043191 -0.331724
v -0.675255 0.005808 -0.334739
v -0.684006 0.054136 -0.329632
v -0.705873 0.096555 -0.316955
v -0.738486 0.128469 -0.298084
v -0.778311 0.146419 -0.275062
v -0.821032 0.148460 -0.250385
v -0.862020 0.134371 -0.226727
v -0.896834 0.105679 -0.206655
v -0.921700 0.065493 -0.192337
v -0.933924 0.018167 -0.185329
v -0.932180 -0.031169 -0.186389
v -0.916659 -0.077170 -0.195402
v -0.889042 -0.114850 -0.211393
v -0.852321 -0.140127 -0.232628
v -0.810477 -0.150261 -0.256806
v -0.768043 -0.144154 -0.281307
v -0.729618 -0.122468 -0.303475
v -0.699365 -0.087552 -0.320910
v -0.680565 -0.043192 -0.331720
v -0.675252 0.005807 -0.334736
v -0.684004 0.054135 -0.329629
v -0.705871 0.096554 -0.316954
v -0.738485 0.128468 -0.298084
v -0.778311 0.146418 -0.275064
v -0.821032 0.148459 -0.250388
v -0.862021 0.134371 -0.226731
v -0.921841 0.105725 -0.249953
v -0.946706 0.065539 -0.235635
v -0.958930 0.018214 -0.228626
v -0.957186 -0.031122 -0.229686
v -0.941665 -0.077123 -0.238700
v -0.914048 -0.114803 -0.254691
v -0.877327 -0.140080 -0.275926
v -0.835483 -0.150214 -0.300103
v -0.793049 -0.144107 -0.324604
v -0.754624 -0.122421 -0.346773
v -0.724372 -0.087506 -0.364207
v -0.705571 -0.043145 -0.375018
v -0.700258 0.005854 -0.378034
v -0.709010 0.054182 -0.372927
v -0.730877 0.096601 -0.360252
v -0.763491 0.128514 -0.341382
v -0.803317 0.146465 -0.318362
v -0.846039 0.148506 -0.293686
v -0.887027 0.134417 -0.270028
v -0.921841 0.105725 -0.249954
v -0.946707 0.065539 -0.235636
v -0.958930 0.018214 -0.228627
v -0.957186 -0.031122 -0.229686
v -0.941665 -0.077123 -0.238700
v -0.914047 -0.114804 -0.254690
v -0.877327 -0.140080 -0.275925
v -0.835482 -0.150214 -0.300103
v -0.793048 -0.144107 -0.324603
v -0.754623 -0.122421 -0.346772
v -0.724371 -0.087506 -0.364207
v -0.705571 -0.043145 -0.375018
v -0.700258 0.005854 -0.378034
v -0.709010 0.054182 -0.372927
v -0.730878 0.096601 -0.360253
v -0.763491 0.128514 -0.341383
v -0.803317 0.146465 -0.318362
v -0.846039 0.148506 -0.293687
v -0.887028 0.134417 -0.270029
v -0.946847 0.105771 -0.293251
v -0.971713 0.065585 -0.278933
v -0.983936 0.018260 -0.271924
v -0.982192 -0.031076 -0.272984
v -0.966671 -0.077077 -0.281997
v -0.939054 -0.114757 -0.297988
v -0.902333 -0.140034 -0.319222
v -0.860489 -0.150168 -0.343400
v -0.818055 -0.144061 -0.367901
v -0.779630 -0.122375 -0.390070
v -0.749378 -0.087460 -0.407505
v -0.730577 -0.043099 -0.418316
v -0.725264 0.005900 -0.421331
v -0.734016 0.054228 -0.416225
v -0.755884 0.096647 -0.403550
v -0.788498 0.128561 -0.384680
v -0.828323 0.146511 -0.361660
v -0.871045 0.148552 -0.336984
v -0.912034 0.134463 -0.313327
v -0.946847 0.105771 -0.293251
v -0.971713 0.065585 -0.278933
v -0.983936 0.018260 -0.271924
v -0.982192 -0.031076 -0.272984
v -0.966671 -0.077077 -0.281997
v -0.939054 -0.114757 -0.297988
v -0.902333 -0.140034 -0.319223
v -0.860489 -0.150168 -0.343400
v -0.818055 -0.144061 -0.367901
v -0.779630 -0.122375 -0.390070
v -0.749378 -0.087460 -0.407505
v -0.730577 -0.043099 -0.418316
v -0.725264 0.005900 -0.421331
v -0.734016 0.054228 -0.416225
v -0.755884 0.096647 -0.403550
v -0.788498 0.128561 -0.384680
v -0.828323 0.146511 -0.361660
v -0.871045 0.148552 -0.336984
v -0.912034 0.134463 -0.313327
v -0.971853 0.105818 -0.336549
v -0.996719 0.065632 -0.322231
v -1.008942 0.018306 -0.315222
v -1.007199 -0.031030 -0.316282
v -0.991677 -0.077031 -0.325295
v -0.964060 -0.114711 -0.341285
v -0.927339 -0.139988 -0.362520
v -0.885495 -0.150122 -0.386698
v -0.843061 -0.144015 -0.411199
v -0.804636 -0.122329 -0.433368
v -0.774384 -0.087413 -0.450802
v -0.755583 -0.043053 -0.461613
v -0.750271 0.005946 -0.464629
v -0.759022 0.054274 -0.459523
v -0.780890 0.096693 -0.446848
v -0.813504 0.128607 -0.427978
v -0.853330 0.146557 -0.404958
v -0.896052 0.148598 -0.380282
v -0.937040 0.134510 -0.356624
v -0.971853 0.105818 -0.336548
v -0.996718 0.065632 -0.322230
v -1.008941 0.018307 -0.315220
v -1.007197 -0.031030 -0.316280
v -0.991676 -0.077030 -0.325293
v -0.964058 -0.114711 -0.341284
v -0.927338 -0.139987 -0.362519
v -0.885494 -0.150121 -0.386697
v -0.843060 -0.144014 -0.411199
v -0.804636 -0.122328 -0.433368
v -0.774384 -0.087413 -0.450803
v -0.755583 -0.043052 -0.461615
v -0.750271 0.005947 -0.464631
v -0.759023 0.054274 -0.459525
v -0.780891 0.096693 -0.446850
v -0.813504 0.128607 -0.427980
v -0.853330 0.146557 -0.404959
v -0.896051 0.148599 -0.380283
v -0.937040 0.134510 -0.356625
v -0.996859 0.105864 -0.379846
v -1.021725 0.065678 -0.365527
v -1.033948 0.018352 -0.358518
v -1.032204 -0.030984 -0.359577
v -1.016683 -0.076984 -0.368591
v -0.989065 -0.114665 -0.384581
v -0.952345 -0.139942 -0.405816
v -0.910501 -0.150075 -0.429995
v -0.868067 -0.143969 -0.454496
v -0.829642 -0.122282 -0.476666
v -0.799391 -0.087367 -0.494101
v -0.780590 -0.043006 -0.504912
v -0.775278 0.005993 -0.507928
v -0.784030 0.054320 -0.502822
v -0.805898 0.096739 -0.490147
v -0.838511 0.128653 -0.471277
v -0.878337 0.146603 -0.448257
v -0.921058 0.148645 -0.423580
v -0.962046 0.134556 -0.399922
v -0.996858 0.105864 -0.379845
v -1.021724 0.065678 -0.365527
v -1.033947 0.018353 -0.358518
v -1.032204 -0.030984 -0.359578
v -1.016682 -0.076984 -0.368592
v -0.989065 -0.114665 -0.384583
v -0.952345 -0.139941 -0.405818
v -0.910501 -0.150075 -0.429997
v -0.868067 -0.143968 -0.454498
v -0.829643 -0.122282 -0.476667
v -0.799391 -0.087367 -0.494102
v -0.780590 -0.043006 -0.504913
v -0.775277 0.005993 -0.507929
v -0.784029 0.054320 -0.502822
v -0.805896 0.096739 -0.490147
v -0.838510 0.128653 -0.471276
v -0.878335 0.146603 -0.448255
v -0.921057 0.148645 -0.423579
v -0.962045 0.134556 -0.399921
v -1.021865 0.105910 -0.423142
v -1.046731 0.065724 -0.408824
v -1.058954 0.018399 -0.401815
v -1.057210 -0.030937 -0.402875
v -1.041689 -0.076938 -0.411889
v -1.014072 -0.114618 -0.427880
v -0.977352 -0.139895 -0.449116
v -0.935508 -0.150029 -0.473294
v -0.893074 -0.143922 -0.497795
v -0.854649 -0.122236 -0.519965
v -0.824397 -0.087321 -0.537399
v -0.805597 -0.042960 -0.548210
v -0.800284 0.006039 -0.551226
v -0.809036 0.054367 -0.546119
v -0.830903 0.096786 -0.533444
v -0.863517 0.128700 -0.514573
v -0.903342 0.146650 -0.491553
v -0.946063 0.148691 -0.466876
v -0.987052 0.134602 -0.443218
v 1.195000 0.148751 -1.056804
v 1.195000 0.122137 -1.083418
v 1.195000 0.073809 -1.112385
v 1.195000 0.056068 -1.118733
v 1.195000 0.037791 -1.123311
v 1.195000 0.019153 -1.126076
v 1.195000 -0.018486 -1.126076
v 1.195000 -0.037124 -1.123311
v 1.195000 -0.090175 -1.104329
v 1.195000 -0.106336 -1.094642
v 1.195000 -0.121470 -1.083418
v 1.195000 -0.148085 -1.056804
v 1.195000 -0.159309 -1.041670
v 1.195000 -0.168996 -1.025508
v 1.195000 -0.187977 -0.972458
v 1.195000 -0.190742 -0.953819
v 1.198672 0.191409 -0.953458
v 1.202308 0.188644 -0.971738
v 1.205873 0.184066 -0.989664
v 1.209335 0.177718 -1.007064
v 1.212658 0.169662 -1.023769
v 1.215811 0.159976 -1.039620
v 1.218763 0.148751 -1.054463
v 1.221487 0.136098 -1.068156
v 1.223955 0.122137 -1.080566
v 1.226145 0.107003 -1.091575
v 1.228035 0.090842 -1.101076
v 1.229606 0.073809 -1.108977
v 1.230845 0.056068 -1.115202
v 1.231738 0.037791 -1.119693
v 1.232277 0.019153 -1.122404
v 1.232458 0.000333 -1.123311
v 1.232277 -0.018486 -1.122404
v 1.231738 -0.037124 -1.119693
v 1.230845 -0.055401 -1.115202
v 1.229606 -0.073142 -1.108977
v 1.228035 -0.090175 -1.101076
v 1.226145 -0.106336 -1.091575
v 1.223955 -0.121470 -1.080566
v 1.221487 -0.135431 -1.068156
v 1.218763 -0.148085 -1.054463
v 1.215811 -0.159309 -1.039620
v 1.212658 -0.168996 -1.023769
v 1.209335 -0.177052 -1.007064
v 1.205873 -0.183399 -0.989664
v 1.202308 -0.187977 -0.971738
v 1.198672 -0.190742 -0.953458
v 1.202202 0.191409 -0.952387
v 1.209335 0.188644 -0.969606
v 1.216329 0.184066 -0.986492
v 1.223118 0.177718 -1.002882
v 1.229636 0.169662 -1.018619
v 1.235821 0.159976 -1.033550
v 1.241612 0.148751 -1.047532
v 1.246955 0.136098 -1.060430
v 1.251797 0.122137 -1.072121
v 1.256093 0.107003 -1.082490
v 1.259800 0.090842 -1.091440
v 1.262882 0.073809 -1.098882
v 1.265312 0.056068 -1.104747
v 1.267064 0.037791 -1.108977
v 1.268122 0.019153 -1.111531
v 1.268476 0.000333 -1.112385
v 1.268122 -0.018486 -1.111531
v 1.267064 -0.037124 -1.108977
v 1.265312 -0.055401 -1.104747
v 1.262882 -0.073142 -1.098882
v 1.259800 -0.090175 -1.091440
v 1.256093 -0.106336 -1.082490
v 1.251797 -0.121470 -1.072121
v 1.246955 -0.135431 -1.060430
v 1.241612 -0.148085 -1.047532
v 1.235821 -0.159309 -1.033550
v 1.229636 -0.168996 -1.018619
v 1.223118 -0.177052 -1.002882
v 1.216329 -0.183399 -0.986492
v 1.209335 -0.187977 -0.969606
v 1.202202 -0.190742 -0.952387
v 1.205456 0.191409 -0.950648
v 1.215811 0.188644 -0.966145
v 1.225965 0.184066 -0.981342
v 1.235821 0.177718 -0.996092
v 1.245284 0.169662 -1.010255
v 1.254263 0.159976 -1.023693
v 1.262671 0.148751 -1.036276
v 1.270427 0.136098 -1.047884
v 1.277457 0.122137 -1.058405
v 1.283693 0.107003 -1.067738
v 1.289074 0.090842 -1.075792
v 1.293550 0.073809 -1.082490
v 1.297077 0.056068 -1.087768
v 1.299620 0.037791 -1.091575
v 1.301156 0.019153 -1.093874
v 1.301670 0.000333 -1.094642
v 1.301156 -0.018486 -1.093874
v 1.299620 -0.037124 -1.091575
v 1.297077 -0.055401 -1.087768
v 1.293550 -0.073142 -1.082490
v 1.289074 -0.090175 -1.075792
v 1.283693 -0.106336 -1.067738
v 1.277457 -0.121470 -1.058405
v 1.270427 -0.135431 -1.047884
v 1.262671 -0.148085 -1.036276
v 1.254263 -0.159309 -1.023693
v 1.245284 -0.168996 -1.010255
v 1.235821 -0.177052 -0.996092
v 1.225965 -0.183399 -0.981342
v 1.215811 -0.187977 -0.966145
v 1.205456 -0.190742 -0.950648
v 1.208308 0.191409 -0.948307
v 1.221487 0.188644 -0.961486
v 1.234411 0.184066 -0.974410
v 1.246955 0.177718 -0.986955
v 1.258999 0.169662 -0.998999
v 1.270427 0.159976 -1.010427
v 1.281128 0.148751 -1.021128
v 1.291000 0.136098 -1.031000
v 1.299948 0.122137 -1.039948
v 1.307884 0.107003 -1.047884
v 1.314734 0.090842 -1.054734
v 1.320431 0.073809 -1.060430
v 1.324919 0.056068 -1.064919
v 1.328156 0.037791 -1.068156
v 1.330111 0.019153 -1.070111
v 1.330765 0.000333 -1.070765
v 1.330111 -0.018486 -1.070111
v 1.328156 -0.037124 -1.068156
v 1.324919 -0.055401 -1.064919
v 1.320431 -0.073142 -1.060430
v 1.314734 -0.090175 -1.054734
v 1.307884 -0.106336 -1.047884
v 1.299948 -0.121470 -1.039948
v 1.291000 -0.135431 -1.031000
v 1.281128 -0.148085 -1.021128
v 1.270427 -0.159309 -1.010427
v 1.258999 -0.168996 -0.998999
v 1.246955 -0.177052 -0.986955
v 1.234411 -0.183399 -0.974410
v 1.221487 -0.187977 -0.961486
v 1.208308 -0.190742 -0.948307
v 1.210648 0.191409 -0.945456
v 1.226145 0.188644 -0.955810
v 1.241342 0.184066 -0.965965
v 1.256093 0.177718 -0.975821
v 1.270255 0.169662 -0.985284
v 1.283693 0.159976 -0.994263
v 1.296276 0.148751 -1.002671
v 1.307884 0.136098 -1.010427
v 1.318405 0.122137 -1.017457
v 1.327738 0.107003 -1.023693
v 1.335792 0.090842 -1.029074
v 1.342490 0.073809 -1.033550
v 1.347769 0.056068 -1.037076
v 1.351575 0.037791 -1.039620
v 1.353874 0.019153 -1.041156
v 1.354642 0.000333 -1.041670
v 1.353874 -0.018486 -1.041156
v 1.351575 -0.037124 -1.039620
v 1.347769 -0.055401 -1.037076
v 1.342490 -0.073142 -1.033550
v 1.335792 -0.090175 -1.029074
v 1.327738 -0.106336 -1.023693
v 1.318405 -0.121470 -1.017457
v 1.307884 -0.135431 -1.010427
v 1.296276 -0.148085 -1.002671
v 1.283693 -0.159309 -0.994263
v 1.270255 -0.168996 -0.985284
v 1.256093 -0.177052 -0.975821
v 1.241342 -0.183399 -0.965965
v 1.226145 -0.187977 -0.955810
v 1.210648 -0.190742 -0.945456
v 1.212387 0.191409 -0.942202
v 1.229606 0.188644 -0.949334
v 1.246492 0.184066 -0.956329
v 1.262882 0.177718 -0.963118
v 1.278619 0.169662 -0.969636
v 1.293550 0.159976 -0.975821
v 1.307532 0.148751 -0.981612
v 1.320431 0.136098 -0.986955
v 1.332121 0.122137 -0.991797
v 1.342490 0.107003 -0.996092
v 1.351440 0.090842 -0.999799
v 1.358882 0.073809 -1.002882
v 1.364747 0.056068 -1.005312
v 1.368977 0.037791 -1.007064
v 1.371531 0.019153 -1.008122
v 1.372385 0.000333 -1.008475
v 1.371531 -0.018486 -1.008122
v 1.368977 -0.037124 -1.007064
v 1.364747 -0.055401 -1.005312
v 1.358882 -0.073142 -1.002882
v 1.351440 -0.090175 -0.999799
v 1.342490 -0.106336 -0.996092
v 1.332121 -0.121470 -0.991797
v 1.320431 -0.135431 -0.986955
v 1.307532 -0.148085 -0.981612
v 1.293550 -0.159309 -0.975821
v 1.278619 -0.168996 -0.969636
v 1.262882 -0.177052 -0.963118
v 1.246492 -0.183399 -0.956329
v 1.229606 -0.187977 -0.949334
v 1.212387 -0.190742 -0.942202
v 1.213458 0.191409 -0.938672
v 1.231738 0.188644 -0.942308
v 1.249664 0.184066 -0.945873
v 1.267064 0.177718 -0.949334
v 1.283769 0.169662 -0.952657
v 1.299620 0.159976 -0.955810
v 1.314463 0.148751 -0.958763
v 1.328156 0.136098 -0.961486
v 1.340567 0.122137 -0.963955
v 1.351575 0.107003 -0.966145
v 1.361076 0.090842 -0.968035
v 1.368977 0.073809 -0.969606
v 1.375202 0.056068 -0.970845
v 1.379693 0.037791 -0.971738
v 1.382404 0.019153 -0.972277
v 1.383311 0.000333 -0.972457
v 1.382404 -0.018486 -0.972277
v 1.379693 -0.037124 -0.971738
v 1.375202 -0.055401 -0.970845
v 1.368977 -0.073142 -0.969606
v 1.361076 -0.090175 -0.968035
v 1.351575 -0.106336 -0.966145
v 1.340567 -0.121470 -0.963955
v 1.328156 -0.135431 -0.961486
v 1.314463 -0.148085 -0.958763
v 1.299620 -0.159309 -0.955810
v 1.283769 -0.168996 -0.952657
v 1.267064 -0.177052 -0.949334
v 1.249664 -0.183399 -0.945873
v 1.231738 -0.187977 -0.942308
v 1.213458 -0.190742 -0.938672
v 1.213820 0.191409 -0.935000
v 1.232458 0.188644 -0.935000
v 1.250735 0.184066 -0.935000
v 1.268476 0.177718 -0.935000
v 1.285508 0.169662 -0.935000
v 1.301670 0.159976 -0.935000
v 1.316804 0.148751 -0.935000
v 1.330765 0.136098 -0.935000
v 1.343418 0.122137 -0.935000
v 1.354642 0.107003 -0.935000
v 1.364329 0.090842 -0.935000
v 1.372385 0.073809 -0.935000
v 1.378733 0.056068 -0.935000
v 1.383311 0.037791 -0.935000
v 1.386076 0.019153 -0.935000
v 1.387000 0.000333 -0.935000
v 1.386076 -0.018486 -0.935000
v 1.383311 -0.037124 -0.935000
v 1.378733 -0.055401 -0.935000
v 1.372385 -0.073142 -0.935000
v 1.364329 -0.090175 -0.935000
v 1.354642 -0.106336 -0.935000
v 1.343418 -0.121470 -0.935000
v 1.330765 -0.135431 -0.935000
v 1.316804 -0.148085 -0.935000
v 1.301670 -0.159309 -0.935000
v 1.285508 -0.168996 -0.935000
v 1.268476 -0.177052 -0.935000
v 1.250735 -0.183399 -0.935000
v 1.232458 -0.187977 -0.935000
v 1.213820 -0.190742 -0.935000
v 1.213458 0.191409 -0.931329
v 1.231738 0.188644 -0.927693
v 1.249664 0.184066 -0.924127
v 1.267064 0.177718 -0.920666
v 1.283769 0.169662 -0.917343
v 1.299620 0.159976 -0.914190
v 1.314463 0.148751 -0.911238
v 1.328156 0.136098 -0.908514
v 1.340567 0.122137 -0.906045
v 1.351575 0.107003 -0.903856
v 1.361076 0.090842 -0.901966
v 1.368977 0.073809 -0.900394
v 1.375202 0.056068 -0.899156
v 1.379693 0.037791 -0.898263
v 1.382404 0.019153 -0.897723
v 1.383311 0.000333 -0.897543
v 1.382404 -0.018486 -0.897723
v 1.379693 -0.037124 -0.898263
v 1.375202 -0.055401 -0.899156
v 1.368977 -0.073142 -0.900394
v 1.361076 -0.090175 -0.901966
v 1.351575 -0.106336 -0.903856
v 1.340567 -0.121470 -0.906045
v 1.328156 -0.135431 -0.908514
v 1.314463 -0.148085 -0.911238
v 1.299620 -0.159309 -0.914190
v 1.283769 -0.168996 -0.917343
v 1.267064 -0.177052 -0.920666
v 1.249664 -0.183399 -0.924127
v 1.231738 -0.187977 -0.927693
v 1.213458 -0.190742 -0.931329
v 1.212387 0.191409 -0.927798
v 1.229606 0.188644 -0.920666
v 1.246492 0.184066 -0.913671
v 1.262882 0.177718 -0.906882
v 1.278619 0.169662 -0.900364
v 1.293550 0.159976 -0.894180
v 1.307532 0.148751 -0.888388
v 1.320431 0.136098 -0.883045
v 1.332121 0.122137 -0.878203
v 1.342490 0.107003 -0.873908
v 1.351440 0.090842 -0.870201
v 1.358882 0.073809 -0.867118
v 1.364747 0.056068 -0.864689
v 1.368977 0.037791 -0.862937
v 1.371531 0.019153 -0.861879
v 1.372385 0.000333 -0.861525
v 1.371531 -0.018486 -0.861879
v 1.368977 -0.037124 -0.862937
v 1.364747 -0.055401 -0.864689
v 1.358882 -0.073142 -0.867118
v 1.351440 -0.090175 -0.870201
v 1.342490 -0.106336 -0.873908
v 1.332121 -0.121470 -0.878203
v 1.320431 -0.135431 -0.883045
v 1.307532 -0.148085 -0.888388
v 1.293550 -0.159309 -0.894180
v 1.278619 -0.168996 -0.900364
v 1.262882 -0.177052 -0.906882
v 1.246492 -0.183399 -0.913671
v 1.229606 -0.187977 -0.920666
v 1.212387 -0.190742 -0.927798
v 1.210648 0.191409 -0.924545
v 1.226145 0.188644 -0.914190
v 1.241342 0.184066 -0.904036
v 1.256093 0.177718 -0.894180
v 1.270255 0.169662 -0.884717
v 1.283693 0.159976 -0.875738
v 1.296276 0.148751 -0.867330
v 1.307884 0.136098 -0.859573
v 1.318405 0.122137 -0.852544
v 1.327738 0.107003 -0.846308
v 1.335792 0.090842 -0.840926
v 1.342490 0.073809 -0.836450
v 1.347768 0.056068 -0.832924
v 1.351575 0.037791 -0.830380
v 1.353874 0.019153 -0.828844
v 1.354642 0.000333 -0.828331
v 1.353874 -0.018486 -0.828844
v 1.351575 -0.037124 -0.830380
v 1.347768 -0.055401 -0.832924
v 1.342490 -0.073142 -0.836450
v 1.335792 -0.090175 -0.840926
v 1.327738 -0.106336 -0.846308
v 1.318405 -0.121470 -0.852544
v 1.307884 -0.135431 -0.859573
v 1.296276 -0.148085 -0.867330
v 1.283693 -0.159309 -0.875738
v 1.270255 -0.168996 -0.884717
v 1.256093 -0.177052 -0.894180
v 1.241342 -0.183399 -0.904036
v 1.226145 -0.187977 -0.914190
v 1.210648 -0.190742 -0.924545
v 1.208308 0.191409 -0.921693
v 1.221487 0.188644 -0.908514
v 1.234411 0.184066 -0.895590
v 1.246955 0.177718 -0.883045
v 1.258999 0.169662 -0.871001
v 1.270427 0.159976 -0.859573
v 1.281128 0.148751 -0.848872
v 1.291000 0.136098 -0.839000
v 1.299948 0.122137 -0.830053
v 1.307884 0.107003 -0.822116
v 1.314734 0.090842 -0.815267
v 1.320431 0.073809 -0.809570
v 1.324919 0.056068 -0.805082
v 1.328156 0.037791 -0.801844
v 1.330111 0.019153 -0.799890
v 1.330765 0.000333 -0.799236
v 1.330111 -0.018486 -0.799890
v 1.328156 -0.037124 -0.801844
v 1.324919 -0.055401 -0.805082
v 1.320431 -0.073142 -0.809570
v 1.314734 -0.090175 -0.815267
v 1.307884 -0.106336 -0.822116
v 1.299948 -0.121470 -0.830053
v 1.291000 -0.135431 -0.839000
v 1.281128 -0.148085 -0.848872
v 1.270427 -0.159309 -0.859573
v 1.258999 -0.168996 -0.871001
v 1.246955 -0.177052 -0.883045
v 1.234411 -0.183399 -0.895590
v 1.221487 -0.187977 -0.908514
v 1.208308 -0.190742 -0.921693
v 1.205456 0.191409 -0.919353
v 1.215811 0.188644 -0.903856
v 1.225965 0.184066 -0.888659
v 1.235821 0.177718 -0.873908
v 1.245284 0.169662 -0.859745
v 1.254263 0.159976 -0.846308
v 1.262671 0.148751 -0.833724
v 1.270427 0.136098 -0.822116
v 1.277457 0.122137 -0.811595
v 1.283693 0.107003 -0.802263
v 1.289074 0.090842 -0.794208
v 1.293550 0.073809 -0.787510
v 1.297077 0.056068 -0.782232
v 1.299620 0.037791 -0.778426
v 1.301156 0.019153 -0.776127
v 1.301670 0.000333 -0.775358
v 1.301156 -0.018486 -0.776127
v 1.299620 -0.037124 -0.778426
v 1.297077 -0.055401 -0.782232
v 1.293550 -0.073142 -0.787510
v 1.289074 -0.090175 -0.794208
v 1.283693 -0.106336 -0.802263
v 1.277457 -0.121470 -0.811595
v 1.270427 -0.135431 -0.822116
v 1.262671 -0.148085 -0.833724
v 1.254263 -0.159309 -0.846308
v 1.245284 -0.168996 -0.859745
v 1.235821 -0.177052 -0.873908
v 1.225965 -0.183399 -0.888659
v 1.215811 -0.187977 -0.903856
v 1.205456 -0.190742 -0.919353
v 1.202202 0.191409 -0.917613
v 1.209335 0.188644 -0.900394
v 1.216329 0.184066 -0.883508
v 1.223118 0.177718 -0.867118
v 1.229636 0.169662 -0.851382
v 1.235821 0.159976 -0.836451
v 1.241612 0.148751 -0.822468
v 1.246955 0.136098 -0.809570
v 1.251797 0.122137 -0.797880
v 1.256093 0.107003 -0.787510
v 1.259800 0.090842 -0.778561
v 1.262882 0.073809 -0.771118
v 1.265312 0.056068 -0.765253
v 1.267064 0.037791 -0.761024
v 1.268122 0.019153 -0.758470
v 1.268476 0.000333 -0.757615
v 1.268122 -0.018486 -0.758470
v 1.267064 -0.037124 -0.761024
v 1.265312 -0.055401 -0.765253
v 1.262882 -0.073142 -0.771118
v 1.259800 -0.090175 -0.778561
v 1.256093 -0.106336 -0.787510
v 1.251797 -0.121470 -0.797880
v 1.246955 -0.135431 -0.809570
v 1.241612 -0.148085 -0.822468
v 1.235821 -0.159309 -0.836451
v 1.229636 -0.168996 -0.851382
v 1.223118 -0.177052 -0.867118
v 1.216329 -0.183399 -0.883508
v 1.209335 -0.187977 -0.900394
v 1.202202 -0.190742 -0.917613
v 1.198672 0.191409 -0.916543
v 1.202308 0.188644 -0.898263
v 1.205873 0.184066 -0.880336
v 1.209335 0.177718 -0.862937
v 1.212658 0.169662 -0.846231
v 1.215811 0.159976 -0.830380
v 1.218763 0.148751 -0.815537
v 1.221487 0.136098 -0.801844
v 1.223955 0.122137 -0.789434
v 1.226145 0.107003 -0.778426
v 1.228035 0.090842 -0.768925
v 1.229606 0.073809 -0.761024
v 1.230845 0.056068 -0.754798
v 1.231738 0.037791 -0.750308
v 1.232277 0.019153 -0.747596
v 1.232458 0.000333 -0.746689
v 1.232277 -0.018486 -0.747596
v 1.231738 -0.037124 -0.750308
v 1.230845 -0.055401 -0.754798
v 1.229606 -0.073142 -0.761024
v 1.228035 -0.090175 -0.768925
v 1.226145 -0.106336 -0.778426
v 1.223955 -0.121470 -0.789434
v 1.221487 -0.135431 -0.801844
v 1.218763 -0.148085 -0.815537
v 1.215811 -0.159309 -0.830380
v 1.212658 -0.168996 -0.846231
v 1.209335 -0.177052 -0.862937
v 1.205873 -0.183399 -0.880336
v 1.202308 -0.187977 -0.898263
v 1.198672 -0.190742 -0.916543
v 1.195000 0.191409 -0.916181
v 1.195000 0.188644 -0.897543
v 1.195000 0.184066 -0.879266
v 1.195000 0.177718 -0.861525
v 1.195000 0.169662 -0.844492
v 1.195000 0.159976 -0.828331
v 1.195000 0.148751 -0.813197
v 1.195000 0.136098 -0.799236
v 1.195000 0.122137 -0.786582
v 1.195000 0.107003 -0.775358
v 1.195000 0.090842 -0.765671
v 1.195000 0.073809 -0.757615
v 1.195000 0.056068 -0.751268
v 1.195000 0.037791 -0.746689
v 1.195000 0.019153 -0.743925
v 1.195000 0.000333 -0.743000
v 1.195000 -0.018486 -0.743925
v 1.195000 -0.037124 -0.746689
v 1.195000 -0.055401 -0.751268
v 1.195000 -0.073142 -0.757615
v 1.195000 -0.090175 -0.765671
v 1.195000 -0.106336 -0.775358
v 1.195000 -0.121470 -0.786582
v 1.195000 -0.135431 -0.799236
v 1.195000 -0.148085 -0.813197
v 1.195000 -0.159309 -0.828331
v 1.195000 -0.168996 -0.844492
v 1.195000 -0.177052 -0.861525
v 1.195000 -0.183399 -0.879266
v 1.195000 -0.187977 -0.897543
v 1.195000 -0.190742 -0.916181
v 1.195000 -0.191667 -0.935000
v 1.195000 0.192333 -0.935000
v 1.191329 0.191409 -0.916543
v 1.187693 0.188644 -0.898263
v 1.184127 0.184066 -0.880336
v 1.180666 0.177718 -0.862937
v 1.177343 0.169662 -0.846231
v 1.174190 0.159976 -0.830380
v 1.171238 0.148751 -0.815537
v 1.168514 0.136098 -0.801844
v 1.166045 0.122137 -0.789434
v 1.163856 0.107003 -0.778426
v 1.161966 0.090842 -0.768925
v 1.160394 0.073809 -0.761024
v 1.159156 0.056068 -0.754798
v 1.158263 0.037791 -0.750308
v 1.157723 0.019153 -0.747596
v 1.157543 0.000333 -0.746690
v 1.157723 -0.018486 -0.747596
v 1.158263 -0.037124 -0.750308
v 1.159156 -0.055401 -0.754798
v 1.160394 -0.073142 -0.761024
v 1.161966 -0.090175 -0.768925
v 1.163856 -0.106336 -0.778426
v 1.166045 -0.121470 -0.789434
v 1.168514 -0.135431 -0.801844
v 1.171238 -0.148085 -0.815537
v 1.174190 -0.159309 -0.830380
v 1.177343 -0.168996 -0.846231
v 1.180666 -0.177052 -0.862937
v 1.184127 -0.183399 -0.880336
v 1.187693 -0.187977 -0.898263
v 1.191329 -0.190742 -0.916543
v 1.187799 0.191409 -0.917613
v 1.180666 0.188644 -0.900394
v 1.173671 0.184066 -0.883508
v 1.166883 0.177718 -0.867118
v 1.160364 0.169662 -0.851382
v 1.154180 0.159976 -0.836451
v 1.148388 0.148751 -0.822469
v 1.143045 0.136098 -0.809570
v 1.138203 0.122137 -0.797880
v 1.133908 0.107003 -0.787510
v 1.130201 0.090842 -0.778561
v 1.127118 0.073809 -0.771118
v 1.124689 0.056068 -0.765253
v 1.122937 0.037791 -0.761024
v 1.121879 0.019153 -0.758470
v 1.121525 0.000333 -0.757615
v 1.121879 -0.018486 -0.758470
v 1.122937 -0.037124 -0.761024
v 1.124689 -0.055401 -0.765253
v 1.127118 -0.073142 -0.771118
v 1.130201 -0.090175 -0.778561
v 1.133908 -0.106336 -0.787510
v 1.138203 -0.121470 -0.797880
v 1.143045 -0.135431 -0.809570
v 1.148388 -0.148085 -0.822469
v 1.154180 -0.159309 -0.836451
v 1.160364 -0.168996 -0.851382
v 1.166883 -0.177052 -0.867118
v 1.173671 -0.183399 -0.883508
v 1.180666 -0.187977 -0.900394
v 1.187799 -0.190742 -0.917613
v 1.184545 0.191409 -0.919353
v 1.174190 0.188644 -0.903856
v 1.164036 0.184066 -0.888659
v 1.154180 0.177718 -0.873908
v 1.144717 0.169662 -0.859745
v 1.135738 0.159976 -0.846308
v 1.127330 0.148751 -0.833724
v 1.119574 0.136098 -0.822116
v 1.112544 0.122137 -0.811595
v 1.106308 0.107003 -0.802263
v 1.100926 0.090842 -0.794208
v 1.096451 0.073809 -0.787510
v 1.092924 0.056068 -0.782232
v 1.090380 0.037791 -0.778426
v 1.088845 0.019153 -0.776127
v 1.088331 0.000333 -0.775358
v 1.088845 -0.018486 -0.776127
v 1.090380 -0.037124 -0.778426
v 1.092924 -0.055401 -0.782232
v 1.096451 -0.073142 -0.787510
v 1.100926 -0.090175 -0.794208
v 1.106308 -0.106336 -0.802263
v 1.112544 -0.121470 -0.811595
v 1.119574 -0.135431 -0.822116
v 1.127330 -0.148085 -0.833724
v 1.135738 -0.159309 -0.846308
v 1.144717 -0.168996 -0.859745
v 1.154180 -0.177052 -0.873908
v 1.164036 -0.183399 -0.888659
v 1.174190 -0.187977 -0.903856
v 1.184545 -0.190742 -0.919353
v 1.181693 0.191409 -0.921693
v 1.168514 0.188644 -0.908514
v 1.155590 0.184066 -0.895590
v 1.143045 0.177718 -0.883045
v 1.131001 0.169662 -0.871001
v 1.119574 0.159976 -0.859574
v 1.108872 0.148751 -0.848872
v 1.099000 0.136098 -0.839000
v 1.090053 0.122137 -0.830053
v 1.082116 0.107003 -0.822116
v 1.075267 0.090842 -0.815267
v 1.069570 0.073809 -0.809570
v 1.065082 0.056068 -0.805082
v 1.061845 0.037791 -0.801844
v 1.059890 0.019153 -0.799890
v 1.059236 0.000333 -0.799236
v 1.059890 -0.018486 -0.799890
v 1.061845 -0.037124 -0.801844
v 1.065082 -0.055401 -0.805082
v 1.069570 -0.073142 -0.809570
v 1.075267 -0.090175 -0.815267
v 1.082116 -0.106336 -0.822116
v 1.090053 -0.121470 -0.830053
v 1.099000 -0.135431 -0.839000
v 1.108872 -0.148085 -0.848872
v 1.119574 -0.159309 -0.859574
v 1.131001 -0.168996 -0.871001
v 1.143045 -0.177052 -0.883045
v 1.155590 -0.183399 -0.895590
v 1.168514 -0.187977 -0.908514
v 1.181693 -0.190742 -0.921693
v 1.179353 0.191409 -0.924545
v 1.163856 0.188644 -0.914190
v 1.148659 0.184066 -0.904036
v 1.133908 0.177718 -0.894180
v 1.119745 0.169662 -0.884717
v 1.106308 0.159976 -0.875738
v 1.093724 0.148751 -0.867330
v 1.082116 0.136098 -0.859573
v 1.071595 0.122137 -0.852544
v 1.062263 0.107003 -0.846308
v 1.054209 0.090842 -0.840926
v 1.047510 0.073809 -0.836451
v 1.042232 0.056068 -0.832924
v 1.038426 0.037791 -0.830380
v 1.036127 0.019153 -0.828844
v 1.035358 0.000333 -0.828331
v 1.036127 -0.018486 -0.828844
v 1.038426 -0.037124 -0.830380
v 1.042232 -0.055401 -0.832924
v 1.047510 -0.073142 -0.836451
v 1.054209 -0.090175 -0.840926
v 1.062263 -0.106336 -0.846308
v 1.071595 -0.121470 -0.852544
v 1.082116 -0.135431 -0.859573
v 1.093724 -0.148085 -0.867330
v 1.106308 -0.159309 -0.875738
v 1.119745 -0.168996 -0.884717
v 1.133908 -0.177052 -0.894180
v 1.148659 -0.183399 -0.904036
v 1.163856 -0.187977 -0.914190
v 1.179353 -0.190742 -0.924545
v 1.177614 0.191409 -0.927798
v 1.160394 0.188644 -0.920666
v 1.143508 0.184066 -0.913671
v 1.127118 0.177718 -0.906882
v 1.111382 0.169662 -0.900364
v 1.096451 0.159976 -0.894180
v 1.082469 0.148751 -0.888388
v 1.069570 0.136098 -0.883045
v 1.057880 0.122137 -0.878203
v 1.047510 0.107003 -0.873908
v 1.038561 0.090842 -0.870201
v 1.031118 0.073809 -0.867118
v 1.025254 0.056068 -0.864689
v 1.021024 0.037791 -0.862937
v 1.018470 0.019153 -0.861879
v 1.017616 0.000333 -0.861525
v 1.018470 -0.018486 -0.861879
v 1.021024 -0.037124 -0.862937
v 1.025254 -0.055401 -0.864689
v 1.031118 -0.073142 -0.867118
v 1.038561 -0.090175 -0.870201
v 1.047510 -0.106336 -0.873908
v 1.057880 -0.121470 -0.878203
v 1.069570 -0.135431 -0.883045
v 1.082469 -0.148085 -0.888388
v 1.096451 -0.159309 -0.894180
v 1.111382 -0.168996 -0.900364
v 1.127118 -0.177052 -0.906882
v 1.143508 -0.183399 -0.913671
v 1.160394 -0.187977 -0.920666
v 1.177614 -0.190742 -0.927798
v 1.176543 0.191409 -0.931329
v 1.158263 0.188644 -0.927693
v 1.140337 0.184066 -0.924127
v 1.122937 0.177718 -0.920666
v 1.106231 0.169662 -0.917343
v 1.090380 0.159976 -0.914190
v 1.075537 0.148751 -0.911238
v 1.061845 0.136098 -0.908514
v 1.049434 0.122137 -0.906045
v 1.038426 0.107003 -0.903856
v 1.028925 0.090842 -0.901966
v 1.021024 0.073809 -0.900394
v 1.014798 0.056068 -0.899156
v 1.010308 0.037791 -0.898263
v 1.007596 0.019153 -0.897723
v 1.006690 0.000333 -0.897543
v 1.007596 -0.018486 -0.897723
v 1.010308 -0.037124 -0.898263
v 1.014798 -0.055401 -0.899156
v 1.021024 -0.073142 -0.900394
v 1.028925 -0.090175 -0.901966
v 1.038426 -0.106336 -0.903856
v 1.049434 -0.121470 -0.906045
v 1.061845 -0.135431 -0.908514
v 1.075537 -0.148085 -0.911238
v 1.090380 -0.159309 -0.914190
v 1.106231 -0.168996 -0.917343
v 1.122937 -0.177052 -0.920666
v 1.140337 -0.183399 -0.924127
v 1.158263 -0.187977 -0.927693
v 1.176543 -0.190742 -0.931329
v 1.176181 0.191409 -0.935000
v 1.157543 0.188644 -0.935000
v 1.139266 0.184066 -0.935000
v 1.121525 0.177718 -0.935000
v 1.104492 0.169662 -0.935000
v 1.088331 0.159976 -0.935000
v 1.073197 0.148751 -0.935000
v 1.059236 0.136098 -0.935000
v 1.046582 0.122137 -0.935000
v 1.035358 0.107003 -0.935000
v 1.025671 0.090842 -0.935000
v 1.017616 0.073809 -0.935000
v 1.011268 0.056068 -0.935000
v 1.006690 0.037791 -0.935000
v 1.003925 0.019153 -0.935000
v 1.003000 0.000333 -0.935000
v 1.003925 -0.018486 -0.935000
v 1.006690 -0.037124 -0.935000
v 1.011268 -0.055401 -0.935000
v 1.017616 -0.073142 -0.935000
v 1.025671 -0.090175 -0.935000
v 1.035358 -0.106336 -0.935000
v 1.046582 -0.121470 -0.935000
v 1.059236 -0.135431 -0.935000
v 1.073197 -0.148085 -0.935000
v 1.088331 -0.159309 -0.935000
v 1.104492 -0.168996 -0.935000
v 1.121525 -0.177052 -0.935000
v 1.139266 -0.183399 -0.935000
v 1.157543 -0.187977 -0.935000
v 1.176181 -0.190742 -0.935000
v 1.176543 0.191409 -0.938672
v 1.158263 0.188644 -0.942308
v 1.140337 0.184066 -0.945873
v 1.122937 0.177718 -0.949334
v 1.106231 0.169662 -0.952657
v 1.090381 0.159976 -0.955810
v 1.075537 0.148751 -0.958763
v 1.061845 0.136098 -0.961486
v 1.049434 0.122137 -0.963955
v 1.038426 0.107003 -0.966145
v 1.028925 0.090842 -0.968035
v 1.021024 0.073809 -0.969606
v 1.014798 0.056068 -0.970845
v 1.010308 0.037791 -0.971738
v 1.007596 0.019153 -0.972277
v 1.006690 0.000333 -0.972458
v 1.007596 -0.018486 -0.972277
v 1.010308 -0.037124 -0.971738
v 1.014798 -0.055401 -0.970845
v 1.021024 -0.073142 -0.969606
v 1.028925 -0.090175 -0.968035
v 1.038426 -0.106336 -0.966145
v 1.049434 -0.121470 -0.963955
v 1.061845 -0.135431 -0.961486
v 1.075537 -0.148085 -0.958763
v 1.090381 -0.159309 -0.955810
v 1.106231 -0.168996 -0.952657
v 1.122937 -0.177052 -0.949334
v 1.140337 -0.183399 -0.945873
v 1.158263 -0.187977 -0.942308
v 1.176543 -0.190742 -0.938672
v 1.177614 0.191409 -0.942202
v 1.160394 0.188644 -0.949334
v 1.143508 0.184066 -0.956329
v 1.127118 0.177718 -0.963118
v 1.111382 0.169662 -0.969636
v 1.096451 0.159976 -0.975821
v 1.082469 0.148751 -0.981612
v 1.069570 0.136098 -0.986955
v 1.057880 0.122137 -0.991797
v 1.047510 0.107003 -0.996092
v 1.038561 0.090842 -0.999799
v 1.031118 0.073809 -1.002882
v 1.025254 0.056068 -1.005312
v 1.021024 0.037791 -1.007064
v 1.018470 0.019153 -1.008122
v 1.017616 0.000333 -1.008475
v 1.018470 -0.018486 -1.008122
v 1.021024 -0.037124 -1.007064
v 1.025254 -0.055401 -1.005312
v 1.031118 -0.073142 -1.002882
v 1.038561 -0.090175 -0.999799
v 1.047510 -0.106336 -0.996092
v 1.057880 -0.121470 -0.991797
v 1.069570 -0.135431 -0.986955
v 1.082469 -0.148085 -0.981612
v 1.096451 -0.159309 -0.975821
v 1.111382 -0.168996 -0.969636
v 1.127118 -0.177052 -0.963118
v 1.143508 -0.183399 -0.956329
v 1.160394 -0.187977 -0.949334
v 1.177614 -0.190742 -0.942202
v 1.179353 0.191409 -0.945456
v 1.163856 0.188644 -0.955810
v 1.148659 0.184066 -0.965965
v 1.133908 0.177718 -0.975821
v 1.119745 0.169662 -0.985284
v 1.106308 0.159976 -0.994263
v 1.093724 0.148751 -1.002671
v 1.082116 0.136098 -1.010427
v 1.071595 0.122137 -1.017457
v 1.062263 0.107003 -1.023693
v 1.054209 0.090842 -1.029074
v 1.047510 0.073809 -1.033550
v 1.042232 0.056068 -1.037076
v 1.038426 0.037791 -1.039620
v 1.036127 0.019153 -1.041156
v 1.035358 0.000333 -1.041670
v 1.036127 -0.018486 -1.041156
v 1.038426 -0.037124 -1.039620
v 1.042232 -0.055401 -1.037076
v 1.047510 -0.073142 -1.033550
v 1.054209 -0.090175 -1.029074
v 1.062263 -0.106336 -1.023693
v 1.071595 -0.121470 -1.017457
v 1.082116 -0.135431 -1.010427
v 1.093724 -0.148085 -1.002671
v 1.106308 -0.159309 -0.994263
v 1.119745 -0.168996 -0.985284
v 1.133908 -0.177052 -0.975821
v 1.148659 -0.183399 -0.965965
v 1.163856 -0.187977 -0.955810
v 1.179353 -0.190742 -0.945456
v 1.181693 0.191409 -0.948307
v 1.168514 0.188644 -0.961486
v 1.155590 0.184066 -0.974410
v 1.143045 0.177718 -0.986955
v 1.131001 0.169662 -0.998999
v 1.119574 0.159976 -1.010427
v 1.108872 0.148751 -1.021128
v 1.099000 0.136098 -1.031000
v 1.090053 0.122137 -1.039948
v 1.082116 0.107003 -1.047884
v 1.075267 0.090842 -1.054734
v 1.069570 0.073809 -1.060430
v 1.065082 0.056068 -1.064919
v 1.061845 0.037791 -1.068156
v 1.059890 0.019153 -1.070111
v 1.059236 0.000333 -1.070765
v 1.059890 -0.018486 -1.070111
v 1.061845 -0.037124 -1.068156
v 1.065082 -0.055401 -1.064919
v 1.069570 -0.073142 -1.060430
v 1.075267 -0.090175 -1.054734
v 1.082116 -0.106336 -1.047884
v 1.090053 -0.121470 -1.039948
v 1.099000 -0.135431 -1.031000
v 1.108872 -0.148085 -1.021128
v 1.119574 -0.159309 -1.010427
v 1.131001 -0.168996 -0.998999
v 1.143045 -0.177052 -0.986955
v 1.155590 -0.183399 -0.974410
v 1.168514 -0.187977 -0.961486
v 1.181693 -0.190742 -0.948307
v 1.184545 0.191409 -0.950648
v 1.174190 0.188644 -0.966145
v 1.164036 0.184066 -0.981342
v 1.154180 0.177718 -0.996092
v 1.144717 0.169662 -1.010255
v 1.135738 0.159976 -1.023693
v 1.127330 0.148751 -1.036276
v 1.119574 0.136098 -1.047884
v 1.112544 0.122137 -1.058405
v 1.106308 0.107003 -1.067738
v 1.100926 0.090842 -1.075792
v 1.096451 0.073809 -1.082490
v 1.092924 0.056068 -1.087768
v 1.090381 0.037791 -1.091575
v 1.088845 0.019153 -1.093874
v 1.088331 0.000333 -1.094642
v 1.088845 -0.018486 -1.093874
v 1.090381 -0.037124 -1.091575
v 1.092924 -0.055401 -1.087768
v 1.096451 -0.073142 -1.082490
v 1.100926 -0.090175 -1.075792
v 1.106308 -0.106336 -1.067738
v 1.112544 -0.121470 -1.058405
v 1.119574 -0.135431 -1.047884
v 1.127330 -0.148085 -1.036276
v 1.135738 -0.159309 -1.023693
v 1.144717 -0.168996 -1.010255
v 1.154180 -0.177052 -0.996092
v 1.164036 -0.183399 -0.981342
v 1.174190 -0.187977 -0.966145
v 1.184545 -0.190742 -0.950648
v 1.187799 0.191409 -0.952387
v 1.180666 0.188644 -0.969606
v 1.173671 0.184066 -0.986492
v 1.166883 0.177718 -1.002882
v 1.160364 0.169662 -1.018619
v 1.154180 0.159976 -1.033550
v 1.148388 0.148751 -1.047532
v 1.143045 0.136098 -1.060430
v 1.138203 0.122137 -1.072121
v 1.133908 0.107003 -1.082490
v 1.130201 0.090842 -1.091440
v 1.127118 0.073809 -1.098882
v 1.124689 0.056068 -1.104747
v 1.122937 0.037791 -1.108977
v 1.121879 0.019153 -1.111531
v 1.121525 0.000333 -1.112385
v 1.121879 -0.018486 -1.111531
v 1.122937 -0.037124 -1.108977
v 1.124689 -0.055401 -1.104747
v 1.127118 -0.073142 -1.098882
v 1.130201 -0.090175 -1.091440
v 1.133908 -0.106336 -1.082490
v 1.138203 -0.121470 -1.072121
v 1.143045 -0.135431 -1.060430
v 1.148388 -0.148085 -1.047532
v 1.154180 -0.159309 -1.033550
v 1.160364 -0.168996 -1.018619
v 1.166883 -0.177052 -1.002882
v 1.173671 -0.183399 -0.986492
v 1.180666 -0.187977 -0.969606
v 1.187799 -0.190742 -0.952387
v 1.191329 0.191409 -0.953458
v 1.187693 0.188644 -0.971738
v 1.184127 0.184066 -0.989664
v 1.180666 0.177718 -1.007064
v 1.177343 0.169662 -1.023769
v 1.174190 0.159976 -1.039620
v 1.171238 0.148751 -1.054463
v 1.168514 0.136098 -1.068156
v 1.166045 0.122137 -1.080566
v 1.163856 0.107003 -1.091575
v 1.161966 0.090842 -1.101075
v 1.160394 0.073809 -1.108977
v 1.159156 0.056068 -1.115202
v 1.158263 0.037791 -1.119693
v 1.157723 0.019153 -1.122404
v 1.157543 0.000333 -1.123311
v 1.157723 -0.018486 -1.122404
v 1.158263 -0.037124 -1.119693
v 1.159156 -0.055401 -1.115202
v 1.160394 -0.073142 -1.108977
v 1.161966 -0.090175 -1.101075
v 1.163856 -0.106336 -1.091575
v 1.166045 -0.121470 -1.080566
v 1.168514 -0.135431 -1.068156
v 1.171238 -0.148085 -1.054463
v 1.174190 -0.159309 -1.039620
v 1.177343 -0.168996 -1.023769
v 1.180666 -0.177052 -1.007064
v 1.184127 -0.183399 -0.989664
v 1.187693 -0.187977 -0.971738
v 1.191329 -0.190742 -0.953458
v 1.195000 0.191409 -0.953819
v 1.195000 0.188644 -0.972457
v 1.195000 0.184066 -0.990735
v 1.195000 0.177718 -1.008475
v 1.195000 0.169662 -1.025508
v 1.195000 0.159976 -1.041669
v 1.195000 0.136098 -1.070765
v 1.195000 0.107003 -1.094642
v 1.195000 0.090842 -1.104329
v 1.195000 0.000333 -1.127000
v 1.195000 -0.055401 -1.118733
v 1.195000 -0.073142 -1.112385
v 1.195000 -0.135431 -1.070765
v 1.195000 -0.177052 -1.008475
v 1.195000 -0.183399 -0.990735
v 1.195000 0.150751 0.813197
v 1.195000 0.124137 0.786582
v 1.195000 0.075809 0.757615
v 1.195000 0.058068 0.751268
v 1.195000 0.039791 0.746689
v 1.195000 0.021153 0.743925
v 1.195000 -0.016486 0.743925
v 1.195000 -0.035124 0.746689
v 1.195000 -0.088175 0.765671
v 1.195000 -0.104336 0.775358
v 1.195000 -0.119470 0.786582
v 1.195000 -0.146085 0.813197
v 1.195000 -0.157309 0.828331
v 1.195000 -0.166996 0.844492
v 1.195000 -0.185977 0.897543
v 1.195000 -0.188742 0.916181
v 1.198672 0.193409 0.916543
v 1.202308 0.190644 0.898263
v 1.205873 0.186066 0.880336
v 1.209335 0.179718 0.862937
v 1.212658 0.171662 0.846231
v 1.215811 0.161976 0.830380
v 1.218763 0.150751 0.815537
v 1.221487 0.138098 0.801844
v 1.223955 0.124137 0.789434
v 1.226145 0.109003 0.778426
v 1.228035 0.092842 0.768925
v 1.229606 0.075809 0.761024
v 1.230845 0.058068 0.754798
v 1.231738 0.039791 0.750308
v 1.232277 0.021153 0.747596
v 1.232458 0.002333 0.746689
v 1.232277 -0.016486 0.747596
v 1.231738 -0.035124 0.750308
v 1.230845 -0.053401 0.754798
v 1.229606 -0.071142 0.761024
v 1.228035 -0.088175 0.768925
v 1.226145 -0.104336 0.778426
v 1.223955 -0.119470 0.789434
v 1.221487 -0.133431 0.801844
v 1.218763 -0.146085 0.815537
v 1.215811 -0.157309 0.830380
v 1.212658 -0.166996 0.846231
v 1.209335 -0.175052 0.862937
v 1.205873 -0.181399 0.880336
v 1.202308 -0.185977 0.898263
v 1.198672 -0.188742 0.916543
v 1.202202 0.193409 0.917613
v 1.209335 0.190644 0.900394
v 1.216329 0.186066 0.883508
v 1.223118 0.179718 0.867118
v 1.229636 0.171662 0.851382
v 1.235821 0.161976 0.836450
v 1.241612 0.150751 0.822468
v 1.246955 0.138098 0.809570
v 1.251797 0.124137 0.797880
v 1.256093 0.109003 0.787510
v 1.259800 0.092842 0.778561
v 1.262882 0.075809 0.771118
v 1.265312 0.058068 0.765253
v 1.267064 0.039791 0.761024
v 1.268122 0.021153 0.758469
v 1.268476 0.002333 0.757615
v 1.268122 -0.016486 0.758469
v 1.267064 -0.035124 0.761024
v 1.265312 -0.053401 0.765253
v 1.262882 -0.071142 0.771118
v 1.259800 -0.088175 0.778561
v 1.256093 -0.104336 0.787510
v 1.251797 -0.119470 0.797880
v 1.246955 -0.133431 0.809570
v 1.241612 -0.146085 0.822468
v 1.235821 -0.157309 0.836450
v 1.229636 -0.166996 0.851382
v 1.223118 -0.175052 0.867118
v 1.216329 -0.181399 0.883508
v 1.209335 -0.185977 0.900394
v 1.202202 -0.188742 0.917613
v 1.205456 0.193409 0.919353
v 1.215811 0.190644 0.903856
v 1.225965 0.186066 0.888659
v 1.235821 0.179718 0.873908
v 1.245284 0.171662 0.859745
v 1.254263 0.161976 0.846308
v 1.262671 0.150751 0.833724
v 1.270427 0.138098 0.822116
v 1.277457 0.124137 0.811595
v 1.283693 0.109003 0.802263
v 1.289074 0.092842 0.794208
v 1.293550 0.075809 0.787510
v 1.297077 0.058068 0.782232
v 1.299620 0.039791 0.778426
v 1.301156 0.021153 0.776127
v 1.301670 0.002333 0.775358
v 1.301156 -0.016486 0.776127
v 1.299620 -0.035124 0.778426
v 1.297077 -0.053401 0.782232
v 1.293550 -0.071142 0.787510
v 1.289074 -0.088175 0.794208
v 1.283693 -0.104336 0.802263
v 1.277457 -0.119470 0.811595
v 1.270427 -0.133431 0.822116
v 1.262671 -0.146085 0.833724
v 1.254263 -0.157309 0.846308
v 1.245284 -0.166996 0.859745
v 1.235821 -0.175052 0.873908
v 1.225965 -0.181399 0.888659
v 1.215811 -0.185977 0.903856
v 1.205456 -0.188742 0.919353
v 1.208308 0.193409 0.921693
v 1.221487 0.190644 0.908514
v 1.234411 0.186066 0.895590
v 1.246955 0.179718 0.883045
v 1.258999 0.171662 0.871001
v 1.270427 0.161976 0.859573
v 1.281128 0.150751 0.848872
v 1.291000 0.138098 0.839000
v 1.299948 0.124137 0.830053
v 1.307884 0.109003 0.822116
v 1.314734 0.092842 0.815267
v 1.320431 0.075809 0.809570
v 1.324919 0.058068 0.805082
v 1.328156 0.039791 0.801844
v 1.330111 0.021153 0.799889
v 1.330765 0.002333 0.799236
v 1.330111 -0.016486 0.799889
v 1.328156 -0.035124 0.801844
v 1.324919 -0.053401 0.805082
v 1.320431 -0.071142 0.809570
v 1.314734 -0.088175 0.815267
v 1.307884 -0.104336 0.822116
v 1.299948 -0.119470 0.830053
v 1.291000 -0.133431 0.839000
v 1.281128 -0.146085 0.848872
v 1.270427 -0.157309 0.859573
v 1.258999 -0.166996 0.871001
v 1.246955 -0.175052 0.883045
v 1.234411 -0.181399 0.895590
v 1.221487 -0.185977 0.908514
v 1.208308 -0.188742 0.921693
v 1.210648 0.193409 0.924545
v 1.226145 0.190644 0.914190
v 1.241342 0.186066 0.904036
v 1.256093 0.179718 0.894180
v 1.270255 0.171662 0.884717
v 1.283693 0.161976 0.875738
v 1.296276 0.150751 0.867330
v 1.307884 0.138098 0.859573
v 1.318405 0.124137 0.852544
v 1.327738 0.109003 0.846308
v 1.335792 0.092842 0.840926
v 1.342490 0.075809 0.836450
v 1.347769 0.058068 0.832924
v 1.351575 0.039791 0.830380
v 1.353874 0.021153 0.828844
v 1.354642 0.002333 0.828331
v 1.353874 -0.016486 0.828844
v 1.351575 -0.035124 0.830380
v 1.347769 -0.053401 0.832924
v 1.342490 -0.071142 0.836450
v 1.335792 -0.088175 0.840926
v 1.327738 -0.104336 0.846308
v 1.318405 -0.119470 0.852544
v 1.307884 -0.133431 0.859573
v 1.296276 -0.146085 0.867330
v 1.283693 -0.157309 0.875738
v 1.270255 -0.166996 0.884717
v 1.256093 -0.175052 0.894180
v 1.241342 -0.181399 0.904036
v 1.226145 -0.185977 0.914190
v 1.210648 -0.188742 0.924545
v 1.212387 0.193409 0.927798
v 1.229606 0.190644 0.920666
v 1.246492 0.186066 0.913671
v 1.262882 0.179718 0.906882
v 1.278619 0.171662 0.900364
v 1.293550 0.161976 0.894180
v 1.307532 0.150751 0.888388
v 1.320431 0.138098 0.883045
v 1.332121 0.124137 0.878203
v 1.342490 0.109003 0.873908
v 1.351440 0.092842 0.870201
v 1.358882 0.075809 0.867118
v 1.364747 0.058068 0.864689
v 1.368977 0.039791 0.862937
v 1.371531 0.021153 0.861879
v 1.372385 0.002333 0.861525
v 1.371531 -0.016486 0.861879
v 1.368977 -0.035124 0.862937
v 1.364747 -0.053401 0.864689
v 1.358882 -0.071142 0.867118
v 1.351440 -0.088175 0.870201
v 1.342490 -0.104336 0.873908
v 1.332121 -0.119470 0.878203
v 1.320431 -0.133431 0.883045
v 1.307532 -0.146085 0.888388
v 1.293550 -0.157309 0.894180
v 1.278619 -0.166996 0.900364
v 1.262882 -0.175052 0.906882
v 1.246492 -0.181399 0.913671
v 1.229606 -0.185977 0.920666
v 1.212387 -0.188742 0.927798
v 1.213458 0.193409 0.931329
v 1.231738 0.190644 0.927693
v 1.249664 0.186066 0.924127
v 1.267064 0.179718 0.920666
v 1.283769 0.171662 0.917343
v 1.299620 0.161976 0.914190
v 1.314463 0.150751 0.911237
v 1.328156 0.138098 0.908514
v 1.340567 0.124137 0.906045
v 1.351575 0.109003 0.903856
v 1.361076 0.092842 0.901966
v 1.368977 0.075809 0.900394
v 1.375202 0.058068 0.899156
v 1.379693 0.039791 0.898263
v 1.382404 0.021153 0.897723
v 1.383311 0.002333 0.897543
v 1.382404 -0.016486 0.897723
v 1.379693 -0.035124 0.898263
v 1.375202 -0.053401 0.899156
v 1.368977 -0.071142 0.900394
v 1.361076 -0.088175 0.901966
v 1.351575 -0.104336 0.903856
v 1.340567 -0.119470 0.906045
v 1.328156 -0.133431 0.908514
v 1.314463 -0.146085 0.911237
v 1.299620 -0.157309 0.914190
v 1.283769 -0.166996 0.917343
v 1.267064 -0.175052 0.920666
v 1.249664 -0.181399 0.924127
v 1.231738 -0.185977 0.927693
v 1.213458 -0.188742 0.931329
v 1.213820 0.193409 0.935000
v 1.232458 0.190644 0.935000
v 1.250735 0.186066 0.935000
v 1.268476 0.179718 0.935000
v 1.285508 0.171662 0.935000
v 1.301670 0.161976 0.935000
v 1.316804 0.150751 0.935000
v 1.330765 0.138098 0.935000
v 1.343418 0.124137 0.935000
v 1.354642 0.109003 0.935000
v 1.364329 0.092842 0.935000
v 1.372385 0.075809 0.935000
v 1.378733 0.058068 0.935000
v 1.383311 0.039791 0.935000
v 1.386076 0.021153 0.935000
v 1.387000 0.002333 0.935000
v 1.386076 -0.016486 0.935000
v 1.383311 -0.035124 0.935000
v 1.378733 -0.053401 0.935000
v 1.372385 -0.071142 0.935000
v 1.364329 -0.088175 0.935000
v 1.354642 -0.104336 0.935000
v 1.343418 -0.119470 0.935000
v 1.330765 -0.133431 0.935000
v 1.316804 -0.146085 0.935000
v 1.301670 -0.157309 0.935000
v 1.285508 -0.166996 0.935000
v 1.268476 -0.175052 0.935000
v 1.250735 -0.181399 0.935000
v 1.232458 -0.185977 0.935000
v 1.213820 -0.188742 0.935000
v 1.213458 0.193409 0.938672
v 1.231738 0.190644 0.942308
v 1.249664 0.186066 0.945874
v 1.267064 0.179718 0.949335
v 1.283769 0.171662 0.952658
v 1.299620 0.161976 0.955810
v 1.314463 0.150751 0.958763
v 1.328156 0.138098 0.961487
v 1.340567 0.124137 0.963955
v 1.351575 0.109003 0.966145
v 1.361076 0.092842 0.968035
v 1.368977 0.075809 0.969606
v 1.375202 0.058068 0.970845
v 1.379693 0.039791 0.971738
v 1.382404 0.021153 0.972277
v 1.383311 0.002333 0.972458
v 1.382404 -0.016486 0.972277
v 1.379693 -0.035124 0.971738
v 1.375202 -0.053401 0.970845
v 1.368977 -0.071142 0.969606
v 1.361076 -0.088175 0.968035
v 1.351575 -0.104336 0.966145
v 1.340567 -0.119470 0.963955
v 1.328156 -0.133431 0.961487
v 1.314463 -0.146085 0.958763
v 1.299620 -0.157309 0.955810
v 1.283769 -0.166996 0.952658
v 1.267064 -0.175052 0.949335
v 1.249664 -0.181399 0.945874
v 1.231738 -0.185977 0.942308
v 1.213458 -0.188742 0.938672
v 1.212387 0.193409 0.942202
v 1.229606 0.190644 0.949335
v 1.246492 0.186066 0.956329
v 1.262882 0.179718 0.963118
v 1.278619 0.171662 0.969636
v 1.293550 0.161976 0.975821
v 1.307532 0.150751 0.981612
v 1.320431 0.138098 0.986955
v 1.332121 0.124137 0.991797
v 1.342490 0.109003 0.996093
v 1.351440 0.092842 0.999800
v 1.358882 0.075809 1.002882
v 1.364747 0.058068 1.005312
v 1.368977 0.039791 1.007064
v 1.371531 0.021153 1.008122
v 1.372385 0.002333 1.008475
v 1.371531 -0.016486 1.008122
v 1.368977 -0.035124 1.007064
v 1.364747 -0.053401 1.005312
v 1.358882 -0.071142 1.002882
v 1.351440 -0.088175 0.999800
v 1.342490 -0.104336 0.996093
v 1.332121 -0.119470 0.991797
v 1.320431 -0.133431 0.986955
v 1.307532 -0.146085 0.981612
v 1.293550 -0.157309 0.975821
v 1.278619 -0.166996 0.969636
v 1.262882 -0.175052 0.963118
v 1.246492 -0.181399 0.956329
v 1.229606 -0.185977 0.949335
v 1.212387 -0.188742 0.942202
v 1.210648 0.193409 0.945456
v 1.226145 0.190644 0.955810
v 1.241342 0.186066 0.965965
v 1.256093 0.179718 0.975821
v 1.270255 0.171662 0.985284
v 1.283693 0.161976 0.994263
v 1.296276 0.150751 1.002671
v 1.307884 0.138098 1.010427
v 1.318405 0.124137 1.017457
v 1.327738 0.109003 1.023693
v 1.335792 0.092842 1.029074
v 1.342490 0.075809 1.033550
v 1.347768 0.058068 1.037076
v 1.351575 0.039791 1.039620
v 1.353874 0.021153 1.041156
v 1.354642 0.002333 1.041670
v 1.353874 -0.016486 1.041156
v 1.351575 -0.035124 1.039620
v 1.347768 -0.053401 1.037076
v 1.342490 -0.071142 1.033550
v 1.335792 -0.088175 1.029074
v 1.327738 -0.104336 1.023693
v 1.318405 -0.119470 1.017457
v 1.307884 -0.133431 1.010427
v 1.296276 -0.146085 1.002671
v 1.283693 -0.157309 0.994263
v 1.270255 -0.166996 0.985284
v 1.256093 -0.175052 0.975821
v 1.241342 -0.181399 0.965965
v 1.226145 -0.185977 0.955810
v 1.210648 -0.188742 0.945456
v 1.208308 0.193409 0.948308
v 1.221487 0.190644 0.961487
v 1.234411 0.186066 0.974411
v 1.246955 0.179718 0.986955
v 1.258999 0.171662 0.998999
v 1.270427 0.161976 1.010427
v 1.281128 0.150751 1.021128
v 1.291000 0.138098 1.031000
v 1.299948 0.124137 1.039948
v 1.307884 0.109003 1.047884
v 1.314734 0.092842 1.054734
v 1.320431 0.075809 1.060430
v 1.324919 0.058068 1.064919
v 1.328156 0.039791 1.068156
v 1.330111 0.021153 1.070111
v 1.330765 0.002333 1.070765
v 1.330111 -0.016486 1.070111
v 1.328156 -0.035124 1.068156
v 1.324919 -0.053401 1.064919
v 1.320431 -0.071142 1.060430
v 1.314734 -0.088175 1.054734
v 1.307884 -0.104336 1.047884
v 1.299948 -0.119470 1.039948
v 1.291000 -0.133431 1.031000
v 1.281128 -0.146085 1.021128
v 1.270427 -0.157309 1.010427
v 1.258999 -0.166996 0.998999
v 1.246955 -0.175052 0.986955
v 1.234411 -0.181399 0.974411
v 1.221487 -0.185977 0.961487
v 1.208308 -0.188742 0.948308
v 1.205456 0.193409 0.950648
v 1.215811 0.190644 0.966145
v 1.225965 0.186066 0.981342
v 1.235821 0.179718 0.996093
v 1.245284 0.171662 1.010255
v 1.254263 0.161976 1.023693
v 1.262671 0.150751 1.036276
v 1.270427 0.138098 1.047884
v 1.277457 0.124137 1.058405
v 1.283693 0.109003 1.067738
v 1.289074 0.092842 1.075792
v 1.293550 0.075809 1.082490
v 1.297077 0.058068 1.087768
v 1.299620 0.039791 1.091575
v 1.301156 0.021153 1.093874
v 1.301670 0.002333 1.094642
v 1.301156 -0.016486 1.093874
v 1.299620 -0.035124 1.091575
v 1.297077 -0.053401 1.087768
v 1.293550 -0.071142 1.082490
v 1.289074 -0.088175 1.075792
v 1.283693 -0.104336 1.067738
v 1.277457 -0.119470 1.058405
v 1.270427 -0.133431 1.047884
v 1.262671 -0.146085 1.036276
v 1.254263 -0.157309 1.023693
v 1.245284 -0.166996 1.010255
v 1.235821 -0.175052 0.996093
v 1.225965 -0.181399 0.981342
v 1.215811 -0.185977 0.966145
v 1.205456 -0.188742 0.950648
v 1.202202 0.193409 0.952387
v 1.209335 0.190644 0.969606
v 1.216329 0.186066 0.986492
v 1.223118 0.179718 1.002882
v 1.229636 0.171662 1.018619
v 1.235821 0.161976 1.033550
v 1.241612 0.150751 1.047532
v 1.246955 0.138098 1.060430
v 1.251797 0.124137 1.072121
v 1.256093 0.109003 1.082490
v 1.259800 0.092842 1.091440
v 1.262882 0.075809 1.098882
v 1.265312 0.058068 1.104747
v 1.267064 0.039791 1.108977
v 1.268122 0.021153 1.111531
v 1.268476 0.002333 1.112385
v 1.268122 -0.016486 1.111531
v 1.267064 -0.035124 1.108977
v 1.265312 -0.053401 1.104747
v 1.262882 -0.071142 1.098882
v 1.259800 -0.088175 1.091440
v 1.256093 -0.104336 1.082490
v 1.251797 -0.119470 1.072121
v 1.246955 -0.133431 1.060430
v 1.241612 -0.146085 1.047532
v 1.235821 -0.157309 1.033550
v 1.229636 -0.166996 1.018619
v 1.223118 -0.175052 1.002882
v 1.216329 -0.181399 0.986492
v 1.209335 -0.185977 0.969606
v 1.202202 -0.188742 0.952387
v 1.198672 0.193409 0.953458
v 1.202308 0.190644 0.971738
v 1.205873 0.186066 0.989664
v 1.209335 0.179718 1.007064
v 1.212658 0.171662 1.023769
v 1.215811 0.161976 1.039620
v 1.218763 0.150751 1.054463
v 1.221487 0.138098 1.068156
v 1.223955 0.124137 1.080566
v 1.226145 0.109003 1.091575
v 1.228035 0.092842 1.101075
v 1.229606 0.075809 1.108977
v 1.230845 0.058068 1.115202
v 1.231738 0.039791 1.119693
v 1.232277 0.021153 1.122404
v 1.232458 0.002333 1.123311
v 1.232277 -0.016486 1.122404
v 1.231738 -0.035124 1.119693
v 1.230845 -0.053401 1.115202
v 1.229606 -0.071142 1.108977
v 1.228035 -0.088175 1.101075
v 1.226145 -0.104336 1.091575
v 1.223955 -0.119470 1.080566
v 1.221487 -0.133431 1.068156
v 1.218763 -0.146085 1.054463
v 1.215811 -0.157309 1.039620
v 1.212658 -0.166996 1.023769
v 1.209335 -0.175052 1.007064
v 1.205873 -0.181399 0.989664
v 1.202308 -0.185977 0.971738
v 1.198672 -0.188742 0.953458
v 1.195000 0.193409 0.953820
v 1.195000 0.190644 0.972458
v 1.195000 0.186066 0.990735
v 1.195000 0.179718 1.008475
v 1.195000 0.171662 1.025508
v 1.195000 0.161976 1.041670
v 1.195000 0.150751 1.056804
v 1.195000 0.138098 1.070765
v 1.195000 0.124137 1.083418
v 1.195000 0.109003 1.094642
v 1.195000 0.092842 1.104329
v 1.195000 0.075809 1.112385
v 1.195000 0.058068 1.118733
v 1.195000 0.039791 1.123311
v 1.195000 0.021153 1.126076
v 1.195000 0.002333 1.127000
v 1.195000 -0.016486 1.126076
v 1.195000 -0.035124 1.123311
v 1.195000 -0.053401 1.118733
v 1.195000 -0.071142 1.112385
v 1.195000 -0.088175 1.104329
v 1.195000 -0.104336 1.094642
v 1.195000 -0.119470 1.083418
v 1.195000 -0.133431 1.070765
v 1.195000 -0.146085 1.056804
v 1.195000 -0.157309 1.041670
v 1.195000 -0.166996 1.025508
v 1.195000 -0.175052 1.008475
v 1.195000 -0.181399 0.990735
v 1.195000 -0.185977 0.972458
v 1.195000 -0.188742 0.953820
v 1.195000 -0.189667 0.935000
v 1.195000 0.194333 0.935000
v 1.191329 0.193409 0.953458
v 1.187693 0.190644 0.971738
v 1.184127 0.186066 0.989664
v 1.180666 0.179718 1.007064
v 1.177343 0.171662 1.023769
v 1.174190 0.161976 1.039620
v 1.171238 0.150751 1.054463
v 1.168514 0.138098 1.068156
v 1.166045 0.124137 1.080566
v 1.163856 0.109003 1.091575
v 1.161966 0.092842 1.101075
v 1.160394 0.075809 1.108977
v 1.159156 0.058068 1.115202
v 1.158263 0.039791 1.119693
v 1.157723 0.021153 1.122404
v 1.157543 0.002333 1.123311
v 1.157723 -0.016486 1.122404
v 1.158263 -0.035124 1.119693
v 1.159156 -0.053401 1.115202
v 1.160394 -0.071142 1.108977
v 1.161966 -0.088175 1.101075
v 1.163856 -0.104336 1.091575
v 1.166045 -0.119470 1.080566
v 1.168514 -0.133431 1.068156
v 1.171238 -0.146085 1.054463
v 1.174190 -0.157309 1.039620
v 1.177343 -0.166996 1.023769
v 1.180666 -0.175052 1.007064
v 1.184127 -0.181399 0.989664
v 1.187693 -0.185977 0.971738
v 1.191329 -0.188742 0.953458
v 1.187799 0.193409 0.952387
v 1.180666 0.190644 0.969606
v 1.173671 0.186066 0.986492
v 1.166883 0.179718 1.002882
v 1.160364 0.171662 1.018619
v 1.154180 0.161976 1.033550
v 1.148388 0.150751 1.047532
v 1.143045 0.138098 1.060430
v 1.138203 0.124137 1.072121
v 1.133908 0.109003 1.082490
v 1.130201 0.092842 1.091440
v 1.127118 0.075809 1.098882
v 1.124689 0.058068 1.104747
v 1.122937 0.039791 1.108977
v 1.121879 0.021153 1.111531
v 1.121525 0.002333 1.112385
v 1.121879 -0.016486 1.111531
v 1.122937 -0.035124 1.108977
v 1.124689 -0.053401 1.104747
v 1.127118 -0.071142 1.098882
v 1.130201 -0.088175 1.091440
v 1.133908 -0.104336 1.082490
v 1.138203 -0.119470 1.072121
v 1.143045 -0.133431 1.060430
v 1.148388 -0.146085 1.047532
v 1.154180 -0.157309 1.033550
v 1.160364 -0.166996 1.018619
v 1.166883 -0.175052 1.002882
v 1.173671 -0.181399 0.986492
v 1.180666 -0.185977 0.969606
v 1.187799 -0.188742 0.952387
v 1.184545 0.193409 0.950648
v 1.174190 0.190644 0.966145
v 1.164036 0.186066 0.981342
v 1.154180 0.179718 0.996093
v 1.144717 0.171662 1.010255
v 1.135738 0.161976 1.023693
v 1.127330 0.150751 1.036276
v 1.119574 0.138098 1.047884
v 1.112544 0.124137 1.058405
v 1.106308 0.109003 1.067738
v 1.100926 0.092842 1.075792
v 1.096451 0.075809 1.082490
v 1.092924 0.058068 1.087768
v 1.090380 0.039791 1.091575
v 1.088845 0.021153 1.093874
v 1.088331 0.002333 1.094642
v 1.088845 -0.016486 1.093874
v 1.090380 -0.035124 1.091575
v 1.092924 -0.053401 1.087768
v 1.096451 -0.071142 1.082490
v 1.100926 -0.088175 1.075792
v 1.106308 -0.104336 1.067738
v 1.112544 -0.119470 1.058405
v 1.119574 -0.133431 1.047884
v 1.127330 -0.146085 1.036276
v 1.135738 -0.157309 1.023693
v 1.144717 -0.166996 1.010255
v 1.154180 -0.175052 0.996093
v 1.164036 -0.181399 0.981342
v 1.174190 -0.185977 0.966145
v 1.184545 -0.188742 0.950648
v 1.181693 0.193409 0.948308
v 1.168514 0.190644 0.961487
v 1.155590 0.186066 0.974411
v 1.143045 0.179718 0.986955
v 1.131001 0.171662 0.998999
v 1.119574 0.161976 1.010427
v 1.108872 0.150751 1.021128
v 1.099000 0.138098 1.031000
v 1.090053 0.124137 1.039948
v 1.082116 0.109003 1.047884
v 1.075267 0.092842 1.054734
v 1.069570 0.075809 1.060430
v 1.065082 0.058068 1.064919
v 1.061845 0.039791 1.068156
v 1.059890 0.021153 1.070111
v 1.059236 0.002333 1.070765
v 1.059890 -0.016486 1.070111
v 1.061845 -0.035124 1.068156
v 1.065082 -0.053401 1.064919
v 1.069570 -0.071142 1.060430
v 1.075267 -0.088175 1.054734
v 1.082116 -0.104336 1.047884
v 1.090053 -0.119470 1.039948
v 1.099000 -0.133431 1.031000
v 1.108872 -0.146085 1.021128
v 1.119574 -0.157309 1.010427
v 1.131001 -0.166996 0.998999
v 1.143045 -0.175052 0.986955
v 1.155590 -0.181399 0.974411
v 1.168514 -0.185977 0.961487
v 1.181693 -0.188742 0.948308
v 1.179353 0.193409 0.945456
v 1.163856 0.190644 0.955810
v 1.148659 0.186066 0.965965
v 1.133908 0.179718 0.975821
v 1.119745 0.171662 0.985284
v 1.106308 0.161976 0.994263
v 1.093724 0.150751 1.002671
v 1.082116 0.138098 1.010427
v 1.071595 0.124137 1.017457
v 1.062263 0.109003 1.023693
v 1.054209 0.092842 1.029074
v 1.047510 0.075809 1.033550
v 1.042232 0.058068 1.037076
v 1.038426 0.039791 1.039620
v 1.036127 0.021153 1.041156
v 1.035358 0.002333 1.041669
v 1.036127 -0.016486 1.041156
v 1.038426 -0.035124 1.039620
v 1.042232 -0.053401 1.037076
v 1.047510 -0.071142 1.033550
v 1.054209 -0.088175 1.029074
v 1.062263 -0.104336 1.023693
v 1.071595 -0.119470 1.017457
v 1.082116 -0.133431 1.010427
v 1.093724 -0.146085 1.002671
v 1.106308 -0.157309 0.994263
v 1.119745 -0.166996 0.985284
v 1.133908 -0.175052 0.975821
v 1.148659 -0.181399 0.965965
v 1.163856 -0.185977 0.955810
v 1.179353 -0.188742 0.945456
v 1.177614 0.193409 0.942202
v 1.160394 0.190644 0.949335
v 1.143508 0.186066 0.956329
v 1.127118 0.179718 0.963118
v 1.111382 0.171662 0.969636
v 1.096451 0.161976 0.975821
v 1.082469 0.150751 0.981612
v 1.069570 0.138098 0.986955
v 1.057880 0.124137 0.991797
v 1.047510 0.109003 0.996093
v 1.038561 0.092842 0.999800
v 1.031118 0.075809 1.002882
v 1.025254 0.058068 1.005311
v 1.021024 0.039791 1.007064
v 1.018470 0.021153 1.008121
v 1.017616 0.002333 1.008475
v 1.018470 -0.016486 1.008121
v 1.021024 -0.035124 1.007064
v 1.025254 -0.053401 1.005311
v 1.031118 -0.071142 1.002882
v 1.038561 -0.088175 0.999800
v 1.047510 -0.104336 0.996093
v 1.057880 -0.119470 0.991797
v 1.069570 -0.133431 0.986955
v 1.082469 -0.146085 0.981612
v 1.096451 -0.157309 0.975821
v 1.111382 -0.166996 0.969636
v 1.127118 -0.175052 0.963118
v 1.143508 -0.181399 0.956329
v 1.160394 -0.185977 0.949335
v 1.177614 -0.188742 0.942202
v 1.176543 0.193409 0.938672
v 1.158263 0.190644 0.942308
v 1.140337 0.186066 0.945874
v 1.122937 0.179718 0.949335
v 1.106231 0.171662 0.952658
v 1.090380 0.161976 0.955810
v 1.075537 0.150751 0.958763
v 1.061845 0.138098 0.961487
v 1.049434 0.124137 0.963955
v 1.038426 0.109003 0.966145
v 1.028925 0.092842 0.968035
v 1.021024 0.075809 0.969606
v 1.014798 0.058068 0.970845
v 1.010308 0.039791 0.971738
v 1.007596 0.021153 0.972277
v 1.006690 0.002333 0.972457
v 1.007596 -0.016486 0.972277
v 1.010308 -0.035124 0.971738
v 1.014798 -0.053401 0.970845
v 1.021024 -0.071142 0.969606
v 1.028925 -0.088175 0.968035
v 1.038426 -0.104336 0.966145
v 1.049434 -0.119470 0.963955
v 1.061845 -0.133431 0.961487
v 1.075537 -0.146085 0.958763
v 1.090380 -0.157309 0.955810
v 1.106231 -0.166996 0.952658
v 1.122937 -0.175052 0.949335
v 1.140337 -0.181399 0.945874
v 1.158263 -0.185977 0.942308
v 1.176543 -0.188742 0.938672
v 1.176181 0.193409 0.935000
v 1.157543 0.190644 0.935000
v 1.139266 0.186066 0.935000
v 1.121525 0.179718 0.935000
v 1.104492 0.171662 0.935000
v 1.088331 0.161976 0.935000
v 1.073197 0.150751 0.935000
v 1.059236 0.138098 0.935000
v 1.046582 0.124137 0.935000
v 1.035358 0.109003 0.935000
v 1.025671 0.092842 0.935000
v 1.017616 0.075809 0.935000
v 1.011268 0.058068 0.935000
v 1.006690 0.039791 0.935000
v 1.003925 0.021153 0.935000
v 1.003000 0.002333 0.935000
v 1.003925 -0.016486 0.935000
v 1.006690 -0.035124 0.935000
v 1.011268 -0.053401 0.935000
v 1.017616 -0.071142 0.935000
v 1.025671 -0.088175 0.935000
v 1.035358 -0.104336 0.935000
v 1.046582 -0.119470 0.935000
v 1.059236 -0.133431 0.935000
v 1.073197 -0.146085 0.935000
v 1.088331 -0.157309 0.935000
v 1.104492 -0.166996 0.935000
v 1.121525 -0.175052 0.935000
v 1.139266 -0.181399 0.935000
v 1.157543 -0.185977 0.935000
v 1.176181 -0.188742 0.935000
v 1.176543 0.193409 0.931329
v 1.158263 0.190644 0.927693
v 1.140337 0.186066 0.924127
v 1.122937 0.179718 0.920666
v 1.106231 0.171662 0.917343
v 1.090381 0.161976 0.914190
v 1.075537 0.150751 0.911237
v 1.061845 0.138098 0.908514
v 1.049434 0.124137 0.906045
v 1.038426 0.109003 0.903856
v 1.028925 0.092842 0.901966
v 1.021024 0.075809 0.900394
v 1.014798 0.058068 0.899156
v 1.010308 0.039791 0.898263
v 1.007596 0.021153 0.897723
v 1.006690 0.002333 0.897543
v 1.007596 -0.016486 0.897723
v 1.010308 -0.035124 0.898263
v 1.014798 -0.053401 0.899156
v 1.021024 -0.071142 0.900394
v 1.028925 -0.088175 0.901966
v 1.038426 -0.104336 0.903856
v 1.049434 -0.119470 0.906045
v 1.061845 -0.133431 0.908514
v 1.075537 -0.146085 0.911237
v 1.090381 -0.157309 0.914190
v 1.106231 -0.166996 0.917343
v 1.122937 -0.175052 0.920666
v 1.140337 -0.181399 0.924127
v 1.158263 -0.185977 0.927693
v 1.176543 -0.188742 0.931329
v 1.177614 0.193409 0.927798
v 1.160394 0.190644 0.920666
v 1.143508 0.186066 0.913671
v 1.127118 0.179718 0.906882
v 1.111382 0.171662 0.900364
v 1.096451 0.161976 0.894180
v 1.082469 0.150751 0.888388
v 1.069570 0.138098 0.883045
v 1.057880 0.124137 0.878203
v 1.047510 0.109003 0.873908
v 1.038561 0.092842 0.870201
v 1.031118 0.075809 0.867118
v 1.025254 0.058068 0.864689
v 1.021024 0.039791 0.862937
v 1.018470 0.021153 0.861879
v 1.017616 0.002333 0.861525
v 1.018470 -0.016486 0.861879
v 1.021024 -0.035124 0.862937
v 1.025254 -0.053401 0.864689
v 1.031118 -0.071142 0.867118
v 1.038561 -0.088175 0.870201
v 1.047510 -0.104336 0.873908
v 1.057880 -0.119470 0.878203
v 1.069570 -0.133431 0.883045
v 1.082469 -0.146085 0.888388
v 1.096451 -0.157309 0.894180
v 1.111382 -0.166996 0.900364
v 1.127118 -0.175052 0.906882
v 1.143508 -0.181399 0.913671
v 1.160394 -0.185977 0.920666
v 1.177614 -0.188742 0.927798
v 1.179353 0.193409 0.924545
v 1.163856 0.190644 0.914190
v 1.148659 0.186066 0.904036
v 1.133908 0.179718 0.894180
v 1.119745 0.171662 0.884717
v 1.106308 0.161976 0.875738
v 1.093724 0.150751 0.867330
v 1.082116 0.138098 0.859573
v 1.071595 0.124137 0.852544
v 1.062263 0.109003 0.846308
v 1.054209 0.092842 0.840926
v 1.047510 0.075809 0.836450
v 1.042232 0.058068 0.832924
v 1.038426 0.039791 0.830380
v 1.036127 0.021153 0.828844
v 1.035358 0.002333 0.828331
v 1.036127 -0.016486 0.828844
v 1.038426 -0.035124 0.830380
v 1.042232 -0.053401 0.832924
v 1.047510 -0.071142 0.836450
v 1.054209 -0.088175 0.840926
v 1.062263 -0.104336 0.846308
v 1.071595 -0.119470 0.852544
v 1.082116 -0.133431 0.859573
v 1.093724 -0.146085 0.867330
v 1.106308 -0.157309 0.875738
v 1.119745 -0.166996 0.884717
v 1.133908 -0.175052 0.894180
v 1.148659 -0.181399 0.904036
v 1.163856 -0.185977 0.914190
v 1.179353 -0.188742 0.924545
v 1.181693 0.193409 0.921693
v 1.168514 0.190644 0.908514
v 1.155590 0.186066 0.895590
v 1.143045 0.179718 0.883045
v 1.131001 0.171662 0.871001
v 1.119574 0.161976 0.859574
v 1.108872 0.150751 0.848872
v 1.099000 0.138098 0.839000
v 1.090053 0.124137 0.830053
v 1.082116 0.109003 0.822116
v 1.075267 0.092842 0.815267
v 1.069570 0.075809 0.809570
v 1.065082 0.058068 0.805082
v 1.061845 0.039791 0.801844
v 1.059890 0.021153 0.799890
v 1.059236 0.002333 0.799236
v 1.059890 -0.016486 0.799890
v 1.061845 -0.035124 0.801844
v 1.065082 -0.053401 0.805082
v 1.069570 -0.071142 0.809570
v 1.075267 -0.088175 0.815267
v 1.082116 -0.104336 0.822116
v 1.090053 -0.119470 0.830053
v 1.099000 -0.133431 0.839000
v 1.108872 -0.146085 0.848872
v 1.119574 -0.157309 0.859574
v 1.131001 -0.166996 0.871001
v 1.143045 -0.175052 0.883045
v 1.155590 -0.181399 0.895590
v 1.168514 -0.185977 0.908514
v 1.181693 -0.188742 0.921693
v 1.184545 0.193409 0.919353
v 1.174190 0.190644 0.903856
v 1.164036 0.186066 0.888659
v 1.154180 0.179718 0.873908
v 1.144717 0.171662 0.859745
v 1.135738 0.161976 0.846308
v 1.127330 0.150751 0.833724
v 1.119574 0.138098 0.822116
v 1.112544 0.124137 0.811595
v 1.106308 0.109003 0.802263
v 1.100926 0.092842 0.794208
v 1.096451 0.075809 0.787510
v 1.092924 0.058068 0.782232
v 1.090381 0.039791 0.778426
v 1.088845 0.021153 0.776127
v 1.088331 0.002333 0.775358
v 1.088845 -0.016486 0.776127
v 1.090381 -0.035124 0.778426
v 1.092924 -0.053401 0.782232
v 1.096451 -0.071142 0.787510
v 1.100926 -0.088175 0.794208
v 1.106308 -0.104336 0.802263
v 1.112544 -0.119470 0.811595
v 1.119574 -0.133431 0.822116
v 1.127330 -0.146085 0.833724
v 1.135738 -0.157309 0.846308
v 1.144717 -0.166996 0.859745
v 1.154180 -0.175052 0.873908
v 1.164036 -0.181399 0.888659
v 1.174190 -0.185977 0.903856
v 1.184545 -0.188742 0.919353
v 1.187799 0.193409 0.917613
v 1.180666 0.190644 0.900394
v 1.173671 0.186066 0.883508
v 1.166883 0.179718 0.867118
v 1.160364 0.171662 0.851382
v 1.154180 0.161976 0.836451
v 1.148388 0.150751 0.822469
v 1.143045 0.138098 0.809570
v 1.138203 0.124137 0.797880
v 1.133908 0.109003 0.787510
v 1.130201 0.092842 0.778561
v 1.127118 0.075809 0.771118
v 1.124689 0.058068 0.765253
v 1.122937 0.039791 0.761024
v 1.121879 0.021153 0.758470
v 1.121525 0.002333 0.757615
v 1.121879 -0.016486 0.758470
v 1.122937 -0.035124 0.761024
v 1.124689 -0.053401 0.765253
v 1.127118 -0.071142 0.771118
v 1.130201 -0.088175 0.778561
v 1.133908 -0.104336 0.787510
v 1.138203 -0.119470 0.797880
v 1.143045 -0.133431 0.809570
v 1.148388 -0.146085 0.822469
v 1.154180 -0.157309 0.836451
v 1.160364 -0.166996 0.851382
v 1.166883 -0.175052 0.867118
v 1.173671 -0.181399 0.883508
v 1.180666 -0.185977 0.900394
v 1.187799 -0.188742 0.917613
v 1.191329 0.193409 0.916543
v 1.187693 0.190644 0.898263
v 1.184127 0.186066 0.880336
v 1.180666 0.179718 0.862937
v 1.177343 0.171662 0.846231
v 1.174190 0.161976 0.830380
v 1.171238 0.150751 0.815537
v 1.168514 0.138098 0.801844
v 1.166045 0.124137 0.789434
v 1.163856 0.109003 0.778426
v 1.161966 0.092842 0.768925
v 1.160394 0.075809 0.761024
v 1.159156 0.058068 0.754798
v 1.158263 0.039791 0.750308
v 1.157723 0.021153 0.747596
v 1.157543 0.002333 0.746690
v 1.157723 -0.016486 0.747596
v 1.158263 -0.035124 0.750308
v 1.159156 -0.053401 0.754798
v 1.160394 -0.071142 0.761024
v 1.161966 -0.088175 0.768925
v 1.163856 -0.104336 0.778426
v 1.166045 -0.119470 0.789434
v 1.168514 -0.133431 0.801844
v 1.171238 -0.146085 0.815537
v 1.174190 -0.157309 0.830380
v 1.177343 -0.166996 0.846231
v 1.180666 -0.175052 0.862937
v 1.184127 -0.181399 0.880336
v 1.187693 -0.185977 0.898263
v 1.191329 -0.188742 0.916543
v 1.195000 0.193409 0.916181
v 1.195000 0.190644 0.897543
v 1.195000 0.186066 0.879266
v 1.195000 0.179718 0.861525
v 1.195000 0.171662 0.844492
v 1.195000 0.161976 0.828331
v 1.195000 0.138098 0.799236
v 1.195000 0.109003 0.775358
v 1.195000 0.092842 0.765671
v 1.195000 0.002333 0.743000
v 1.195000 -0.053401 0.751268
v 1.195000 -0.071142 0.757615
v 1.195000 -0.133431 0.799236
v 1.195000 -0.175052 0.861525
v 1.195000 -0.181399 0.879266
v -1.195000 0.146751 0.813197
v -1.195000 0.120137 0.786582
v -1.195000 0.071809 0.757615
v -1.195000 0.054068 0.751268
v -1.195000 0.035791 0.746689
v -1.195000 0.017153 0.743925
v -1.195000 -0.020486 0.743925
v -1.195000 -0.039124 0.746689
v -1.195000 -0.092175 0.765671
v -1.195000 -0.108336 0.775358
v -1.195000 -0.123470 0.786582
v -1.195000 -0.150085 0.813197
v -1.195000 -0.161309 0.828331
v -1.195000 -0.170996 0.844492
v -1.195000 -0.189977 0.897543
v -1.195000 -0.192742 0.916181
v -1.191329 0.189409 0.916543
v -1.187693 0.186644 0.898263
v -1.184127 0.182066 0.880336
v -1.180666 0.175718 0.862937
v -1.177343 0.167662 0.846231
v -1.174190 0.157976 0.830380
v -1.171237 0.146751 0.815537
v -1.168514 0.134098 0.801844
v -1.166045 0.120137 0.789434
v -1.163856 0.105003 0.778426
v -1.161966 0.088842 0.768925
v -1.160394 0.071809 0.761024
v -1.159156 0.054068 0.754798
v -1.158263 0.035791 0.750308
v -1.157723 0.017153 0.747596
v -1.157543 -0.001667 0.746689
v -1.157723 -0.020486 0.747596
v -1.158263 -0.039124 0.750308
v -1.159156 -0.057401 0.754798
v -1.160394 -0.075142 0.761024
v -1.161966 -0.092175 0.768925
v -1.163856 -0.108336 0.778426
v -1.166045 -0.123470 0.789434
v -1.168514 -0.137431 0.801844
v -1.171237 -0.150085 0.815537
v -1.174190 -0.161309 0.830380
v -1.177343 -0.170996 0.846231
v -1.180666 -0.179052 0.862937
v -1.184127 -0.185399 0.880336
v -1.187693 -0.189977 0.898263
v -1.191329 -0.192742 0.916543
v -1.187799 0.189409 0.917613
v -1.180666 0.186644 0.900394
v -1.173671 0.182066 0.883508
v -1.166883 0.175718 0.867118
v -1.160364 0.167662 0.851382
v -1.154180 0.157976 0.836450
v -1.148388 0.146751 0.822468
v -1.143045 0.134098 0.809570
v -1.138203 0.120137 0.797880
v -1.133908 0.105003 0.787510
v -1.130201 0.088842 0.778561
v -1.127118 0.071809 0.771118
v -1.124689 0.054068 0.765253
v -1.122937 0.035791 0.761024
v -1.121879 0.017153 0.758469
v -1.121525 -0.001667 0.757615
v -1.121879 -0.020486 0.758469
v -1.122937 -0.039124 0.761024
v -1.124689 -0.057401 0.765253
v -1.127118 -0.075142 0.771118
v -1.130201 -0.092175 0.778561
v -1.133908 -0.108336 0.787510
v -1.138203 -0.123470 0.797880
v -1.143045 -0.137431 0.809570
v -1.148388 -0.150085 0.822468
v -1.154180 -0.161309 0.836450
v -1.160364 -0.170996 0.851382
v -1.166883 -0.179052 0.867118
v -1.173671 -0.185399 0.883508
v -1.180666 -0.189977 0.900394
v -1.187799 -0.192742 0.917613
v -1.184545 0.189409 0.919353
v -1.174190 0.186644 0.903856
v -1.164036 0.182066 0.888659
v -1.154180 0.175718 0.873908
v -1.144717 0.167662 0.859745
v -1.135738 0.157976 0.846308
v -1.127330 0.146751 0.833724
v -1.119573 0.134098 0.822116
v -1.112544 0.120137 0.811595
v -1.106308 0.105003 0.802263
v -1.100926 0.088842 0.794208
v -1.096450 0.071809 0.787510
v -1.092924 0.054068 0.782232
v -1.090380 0.035791 0.778426
v -1.088844 0.017153 0.776127
v -1.088331 -0.001667 0.775358
v -1.088844 -0.020486 0.776127
v -1.090380 -0.039124 0.778426
v -1.092924 -0.057401 0.782232
v -1.096450 -0.075142 0.787510
v -1.100926 -0.092175 0.794208
v -1.106308 -0.108336 0.802263
v -1.112544 -0.123470 0.811595
v -1.119573 -0.137431 0.822116
v -1.127330 -0.150085 0.833724
v -1.135738 -0.161309 0.846308
v -1.144717 -0.170996 0.859745
v -1.154180 -0.179052 0.873908
v -1.164036 -0.185399 0.888659
v -1.174190 -0.189977 0.903856
v -1.184545 -0.192742 0.919353
v -1.181693 0.189409 0.921693
v -1.168514 0.186644 0.908514
v -1.155590 0.182066 0.895590
v -1.143045 0.175718 0.883045
v -1.131001 0.167662 0.871001
v -1.119573 0.157976 0.859573
v -1.108872 0.146751 0.848872
v -1.099000 0.134098 0.839000
v -1.090053 0.120137 0.830053
v -1.082116 0.105003 0.822116
v -1.075267 0.088842 0.815267
v -1.069570 0.071809 0.809570
v -1.065082 0.054068 0.805082
v -1.061844 0.035791 0.801844
v -1.059889 0.017153 0.799889
v -1.059236 -0.001667 0.799236
v -1.059889 -0.020486 0.799889
v -1.061844 -0.039124 0.801844
v -1.065082 -0.057401 0.805082
v -1.069570 -0.075142 0.809570
v -1.075267 -0.092175 0.815267
v -1.082116 -0.108336 0.822116
v -1.090053 -0.123470 0.830053
v -1.099000 -0.137431 0.839000
v -1.108872 -0.150085 0.848872
v -1.119573 -0.161309 0.859573
v -1.131001 -0.170996 0.871001
v -1.143045 -0.179052 0.883045
v -1.155590 -0.185399 0.895590
v -1.168514 -0.189977 0.908514
v -1.181693 -0.192742 0.921693
v -1.179353 0.189409 0.924545
v -1.163856 0.186644 0.914190
v -1.148659 0.182066 0.904036
v -1.133908 0.175718 0.894180
v -1.119745 0.167662 0.884717
v -1.106308 0.157976 0.875738
v -1.093724 0.146751 0.867330
v -1.082116 0.134098 0.859573
v -1.071595 0.120137 0.852544
v -1.062263 0.105003 0.846308
v -1.054208 0.088842 0.840926
v -1.047510 0.071809 0.836450
v -1.042232 0.054068 0.832924
v -1.038425 0.035791 0.830380
v -1.036127 0.017153 0.828844
v -1.035358 -0.001667 0.828331
v -1.036127 -0.020486 0.828844
v -1.038425 -0.039124 0.830380
v -1.042232 -0.057401 0.832924
v -1.047510 -0.075142 0.836450
v -1.054208 -0.092175 0.840926
v -1.062263 -0.108336 0.846308
v -1.071595 -0.123470 0.852544
v -1.082116 -0.137431 0.859573
v -1.093724 -0.150085 0.867330
v -1.106308 -0.161309 0.875738
v -1.119745 -0.170996 0.884717
v -1.133908 -0.179052 0.894180
v -1.148659 -0.185399 0.904036
v -1.163856 -0.189977 0.914190
v -1.179353 -0.192742 0.924545
v -1.177613 0.189409 0.927798
v -1.160394 0.186644 0.920666
v -1.143508 0.182066 0.913671
v -1.127118 0.175718 0.906882
v -1.111382 0.167662 0.900364
v -1.096450 0.157976 0.894180
v -1.082469 0.146751 0.888388
v -1.069570 0.134098 0.883045
v -1.057880 0.120137 0.878203
v -1.047510 0.105003 0.873908
v -1.038561 0.088842 0.870201
v -1.031118 0.071809 0.867118
v -1.025253 0.054068 0.864689
v -1.021024 0.035791 0.862937
v -1.018470 0.017153 0.861879
v -1.017615 -0.001667 0.861525
v -1.018470 -0.020486 0.861879
v -1.021024 -0.039124 0.862937
v -1.025253 -0.057401 0.864689
v -1.031118 -0.075142 0.867118
v -1.038561 -0.092175 0.870201
v -1.047510 -0.108336 0.873908
v -1.057880 -0.123470 0.878203
v -1.069570 -0.137431 0.883045
v -1.082469 -0.150085 0.888388
v -1.096450 -0.161309 0.894180
v -1.111382 -0.170996 0.900364
v -1.127118 -0.179052 0.906882
v -1.143508 -0.185399 0.913671
v -1.160394 -0.189977 0.920666
v -1.177613 -0.192742 0.927798
v -1.176543 0.189409 0.931329
v -1.158263 0.186644 0.927693
v -1.140337 0.182066 0.924127
v -1.122937 0.175718 0.920666
v -1.106231 0.167662 0.917343
v -1.090380 0.157976 0.914190
v -1.075537 0.146751 0.911237
v -1.061844 0.134098 0.908514
v -1.049434 0.120137 0.906045
v -1.038425 0.105003 0.903856
v -1.028925 0.088842 0.901966
v -1.021024 0.071809 0.900394
v -1.014798 0.054068 0.899156
v -1.010308 0.035791 0.898263
v -1.007596 0.017153 0.897723
v -1.006690 -0.001667 0.897543
v -1.007596 -0.020486 0.897723
v -1.010308 -0.039124 0.898263
v -1.014798 -0.057401 0.899156
v -1.021024 -0.075142 0.900394
v -1.028925 -0.092175 0.901966
v -1.038425 -0.108336 0.903856
v -1.049434 -0.123470 0.906045
v -1.061844 -0.137431 0.908514
v -1.075537 -0.150085 0.911237
v -1.090380 -0.161309 0.914190
v -1.106231 -0.170996 0.917343
v -1.122937 -0.179052 0.920666
v -1.140337 -0.185399 0.924127
v -1.158263 -0.189977 0.927693
v -1.176543 -0.192742 0.931329
v -1.176181 0.189409 0.935000
v -1.157543 0.186644 0.935000
v -1.139266 0.182066 0.935000
v -1.121525 0.175718 0.935000
v -1.104492 0.167662 0.935000
v -1.088331 0.157976 0.935000
v -1.073197 0.146751 0.935000
v -1.059236 0.134098 0.935000
v -1.046582 0.120137 0.935000
v -1.035358 0.105003 0.935000
v -1.025671 0.088842 0.935000
v -1.017615 0.071809 0.935000
v -1.011268 0.054068 0.935000
v -1.006690 0.035791 0.935000
v -1.003925 0.017153 0.935000
v -1.003000 -0.001667 0.935000
v -1.003925 -0.020486 0.935000
v -1.006690 -0.039124 0.935000
v -1.011268 -0.057401 0.935000
v -1.017615 -0.075142 0.935000
v -1.025671 -0.092175 0.935000
v -1.035358 -0.108336 0.935000
v -1.046582 -0.123470 0.935000
v -1.059236 -0.137431 0.935000
v -1.073197 -0.150085 0.935000
v -1.088331 -0.161309 0.935000
v -1.104492 -0.170996 0.935000
v -1.121525 -0.179052 0.935000
v -1.139266 -0.185399 0.935000
v -1.157543 -0.189977 0.935000
v -1.176181 -0.192742 0.935000
v -1.176543 0.189409 0.938672
v -1.158263 0.186644 0.942308
v -1.140337 0.182066 0.945874
v -1.122937 0.175718 0.949335
v -1.106231 0.167662 0.952658
v -1.090380 0.157976 0.955810
v -1.075537 0.146751 0.958763
v -1.061844 0.134098 0.961487
v -1.049434 0.120137 0.963955
v -1.038425 0.105003 0.966145
v -1.028925 0.088842 0.968035
v -1.021024 0.071809 0.969606
v -1.014798 0.054068 0.970845
v -1.010308 0.035791 0.971738
v -1.007596 0.017153 0.972277
v -1.006690 -0.001667 0.972458
v -1.007596 -0.020486 0.972277
v -1.010308 -0.039124 0.971738
v -1.014798 -0.057401 0.970845
v -1.021024 -0.075142 0.969606
v -1.028925 -0.092175 0.968035
v -1.038425 -0.108336 0.966145
v -1.049434 -0.123470 0.963955
v -1.061844 -0.137431 0.961487
v -1.075537 -0.150085 0.958763
v -1.090380 -0.161309 0.955810
v -1.106231 -0.170996 0.952658
v -1.122937 -0.179052 0.949335
v -1.140337 -0.185399 0.945874
v -1.158263 -0.189977 0.942308
v -1.176543 -0.192742 0.938672
v -1.177613 0.189409 0.942202
v -1.160394 0.186644 0.949335
v -1.143508 0.182066 0.956329
v -1.127118 0.175718 0.963118
v -1.111382 0.167662 0.969636
v -1.096450 0.157976 0.975821
v -1.082469 0.146751 0.981612
v -1.069570 0.134098 0.986955
v -1.057880 0.120137 0.991797
v -1.047510 0.105003 0.996093
v -1.038561 0.088842 0.999800
v -1.031118 0.071809 1.002882
v -1.025254 0.054068 1.005312
v -1.021024 0.035791 1.007064
v -1.018470 0.017153 1.008122
v -1.017615 -0.001667 1.008475
v -1.018470 -0.020486 1.008122
v -1.021024 -0.039124 1.007064
v -1.025254 -0.057401 1.005312
v -1.031118 -0.075142 1.002882
v -1.038561 -0.092175 0.999800
v -1.047510 -0.108336 0.996093
v -1.057880 -0.123470 0.991797
v -1.069570 -0.137431 0.986955
v -1.082469 -0.150085 0.981612
v -1.096450 -0.161309 0.975821
v -1.111382 -0.170996 0.969636
v -1.127118 -0.179052 0.963118
v -1.143508 -0.185399 0.956329
v -1.160394 -0.189977 0.949335
v -1.177613 -0.192742 0.942202
v -1.179353 0.189409 0.945456
v -1.163856 0.186644 0.955810
v -1.148659 0.182066 0.965965
v -1.133908 0.175718 0.975821
v -1.119745 0.167662 0.985284
v -1.106308 0.157976 0.994263
v -1.093724 0.146751 1.002671
v -1.082116 0.134098 1.010427
v -1.071595 0.120137 1.017457
v -1.062263 0.105003 1.023693
v -1.054208 0.088842 1.029074
v -1.047510 0.071809 1.033550
v -1.042232 0.054068 1.037076
v -1.038425 0.035791 1.039620
v -1.036127 0.017153 1.041156
v -1.035358 -0.001667 1.041670
v -1.036127 -0.020486 1.041156
v -1.038425 -0.039124 1.039620
v -1.042232 -0.057401 1.037076
v -1.047510 -0.075142 1.033550
v -1.054208 -0.092175 1.029074
v -1.062263 -0.108336 1.023693
v -1.071595 -0.123470 1.017457
v -1.082116 -0.137431 1.010427
v -1.093724 -0.150085 1.002671
v -1.106308 -0.161309 0.994263
v -1.119745 -0.170996 0.985284
v -1.133908 -0.179052 0.975821
v -1.148659 -0.185399 0.965965
v -1.163856 -0.189977 0.955810
v -1.179353 -0.192742 0.945456
v -1.181693 0.189409 0.948308
v -1.168514 0.186644 0.961487
v -1.155590 0.182066 0.974411
v -1.143045 0.175718 0.986955
v -1.131001 0.167662 0.998999
v -1.119574 0.157976 1.010427
v -1.108872 0.146751 1.021128
v -1.099000 0.134098 1.031000
v -1.090053 0.120137 1.039948
v -1.082116 0.105003 1.047884
v -1.075267 0.088842 1.054734
v -1.069570 0.071809 1.060430
v -1.065082 0.054068 1.064919
v -1.061844 0.035791 1.068156
v -1.059889 0.017153 1.070111
v -1.059236 -0.001667 1.070765
v -1.059889 -0.020486 1.070111
v -1.061844 -0.039124 1.068156
v -1.065082 -0.057401 1.064919
v -1.069570 -0.075142 1.060430
v -1.075267 -0.092175 1.054734
v -1.082116 -0.108336 1.047884
v -1.090053 -0.123470 1.039948
v -1.099000 -0.137431 1.031000
v -1.108872 -0.150085 1.021128
v -1.119574 -0.161309 1.010427
v -1.131001 -0.170996 0.998999
v -1.143045 -0.179052 0.986955
v -1.155590 -0.185399 0.974411
v -1.168514 -0.189977 0.961487
v -1.181693 -0.192742 0.948308
v -1.184545 0.189409 0.950648
v -1.174190 0.186644 0.966145
v -1.164036 0.182066 0.981342
v -1.154180 0.175718 0.996093
v -1.144717 0.167662 1.010255
v -1.135738 0.157976 1.023693
v -1.127330 0.146751 1.036276
v -1.119573 0.134098 1.047884
v -1.112544 0.120137 1.058405
v -1.106308 0.105003 1.067738
v -1.100926 0.088842 1.075792
v -1.096450 0.071809 1.082490
v -1.092924 0.054068 1.087768
v -1.090380 0.035791 1.091575
v -1.088844 0.017153 1.093874
v -1.088331 -0.001667 1.094642
v -1.088844 -0.020486 1.093874
v -1.090380 -0.039124 1.091575
v -1.092924 -0.057401 1.087768
v -1.096450 -0.075142 1.082490
v -1.100926 -0.092175 1.075792
v -1.106308 -0.108336 1.067738
v -1.112544 -0.123470 1.058405
v -1.119573 -0.137431 1.047884
v -1.127330 -0.150085 1.036276
v -1.135738 -0.161309 1.023693
v -1.144717 -0.170996 1.010255
v -1.154180 -0.179052 0.996093
v -1.164036 -0.185399 0.981342
v -1.174190 -0.189977 0.966145
v -1.184545 -0.192742 0.950648
v -1.187799 0.189409 0.952387
v -1.180666 0.186644 0.969606
v -1.173671 0.182066 0.986492
v -1.166883 0.175718 1.002882
v -1.160364 0.167662 1.018619
v -1.154180 0.157976 1.033550
v -1.148388 0.146751 1.047532
v -1.143045 0.134098 1.060430
v -1.138203 0.120137 1.072121
v -1.133908 0.105003 1.082490
v -1.130201 0.088842 1.091440
v -1.127118 0.071809 1.098882
v -1.124689 0.054068 1.104747
v -1.122937 0.035791 1.108977
v -1.121879 0.017153 1.111531
v -1.121525 -0.001667 1.112385
v -1.121879 -0.020486 1.111531
v -1.122937 -0.039124 1.108977
v -1.124689 -0.057401 1.104747
v -1.127118 -0.075142 1.098882
v -1.130201 -0.092175 1.091440
v -1.133908 -0.108336 1.082490
v -1.138203 -0.123470 1.072121
v -1.143045 -0.137431 1.060430
v -1.148388 -0.150085 1.047532
v -1.154180 -0.161309 1.033550
v -1.160364 -0.170996 1.018619
v -1.166883 -0.179052 1.002882
v -1.173671 -0.185399 0.986492
v -1.180666 -0.189977 0.969606
v -1.187799 -0.192742 0.952387
v -1.191329 0.189409 0.953458
v -1.187693 0.186644 0.971738
v -1.184127 0.182066 0.989664
v -1.180666 0.175718 1.007064
v -1.177343 0.167662 1.023769
v -1.174190 0.157976 1.039620
v -1.171238 0.146751 1.054463
v -1.168514 0.134098 1.068156
v -1.166045 0.120137 1.080566
v -1.163856 0.105003 1.091575
v -1.161966 0.088842 1.101075
v -1.160394 0.071809 1.108977
v -1.159156 0.054068 1.115202
v -1.158263 0.035791 1.119693
v -1.157723 0.017153 1.122404
v -1.157543 -0.001667 1.123311
v -1.157723 -0.020486 1.122404
v -1.158263 -0.039124 1.119693
v -1.159156 -0.057401 1.115202
v -1.160394 -0.075142 1.108977
v -1.161966 -0.092175 1.101075
v -1.163856 -0.108336 1.091575
v -1.166045 -0.123470 1.080566
v -1.168514 -0.137431 1.068156
v -1.171238 -0.150085 1.054463
v -1.174190 -0.161309 1.039620
v -1.177343 -0.170996 1.023769
v -1.180666 -0.179052 1.007064
v -1.184127 -0.185399 0.989664
v -1.187693 -0.189977 0.971738
v -1.191329 -0.192742 0.953458
v -1.195000 0.189409 0.953820
v -1.195000 0.186644 0.972458
v -1.195000 0.182066 0.990735
v -1.195000 0.175718 1.008475
v -1.195000 0.167662 1.025508
v -1.195000 0.157976 1.041670
v -1.195000 0.146751 1.056804
v -1.195000 0.134098 1.070765
v -1.195000 0.120137 1.083418
v -1.195000 0.105003 1.094642
v -1.195000 0.088842 1.104329
v -1.195000 0.071809 1.112385
v -1.195000 0.054068 1.118733
v -1.195000 0.035791 1.123311
v -1.195000 0.017153 1.126076
v -1.195000 -0.001667 1.127000
v -1.195000 -0.020486 1.126076
v -1.195000 -0.039124 1.123311
v -1.195000 -0.057401 1.118733
v -1.195000 -0.075142 1.112385
v -1.195000 -0.092175 1.104329
v -1.195000 -0.108336 1.094642
v -1.195000 -0.123470 1.083418
v -1.195000 -0.137431 1.070765
v -1.195000 -0.150085 1.056804
v -1.195000 -0.161309 1.041670
v -1.195000 -0.170996 1.025508
v -1.195000 -0.179052 1.008475
v -1.195000 -0.185399 0.990735
v -1.195000 -0.189977 0.972458
v -1.195000 -0.192742 0.953820
v -1.195000 -0.193667 0.935000
v -1.195000 0.190333 0.935000
v -1.198672 0.189409 0.953458
v -1.202308 0.186644 0.971738
v -1.205873 0.182066 0.989664
v -1.209335 0.175718 1.007064
v -1.212657 0.167662 1.023769
v -1.215811 0.157976 1.039620
v -1.218763 0.146751 1.054463
v -1.221487 0.134098 1.068156
v -1.223955 0.120137 1.080566
v -1.226145 0.105003 1.091575
v -1.228035 0.088842 1.101075
v -1.229606 0.071809 1.108977
v -1.230844 0.054068 1.115202
v -1.231738 0.035791 1.119693
v -1.232277 0.017153 1.122404
v -1.232458 -0.001667 1.123311
v -1.232277 -0.020486 1.122404
v -1.231738 -0.039124 1.119693
v -1.230844 -0.057401 1.115202
v -1.229606 -0.075142 1.108977
v -1.228035 -0.092175 1.101075
v -1.226145 -0.108336 1.091575
v -1.223955 -0.123470 1.080566
v -1.221487 -0.137431 1.068156
v -1.218763 -0.150085 1.054463
v -1.215811 -0.161309 1.039620
v -1.212657 -0.170996 1.023769
v -1.209335 -0.179052 1.007064
v -1.205873 -0.185399 0.989664
v -1.202308 -0.189977 0.971738
v -1.198672 -0.192742 0.953458
v -1.202202 0.189409 0.952387
v -1.209335 0.186644 0.969606
v -1.216329 0.182066 0.986492
v -1.223118 0.175718 1.002882
v -1.229636 0.167662 1.018619
v -1.235821 0.157976 1.033550
v -1.241612 0.146751 1.047532
v -1.246955 0.134098 1.060430
v -1.251797 0.120137 1.072121
v -1.256093 0.105003 1.082490
v -1.259799 0.088842 1.091440
v -1.262882 0.071809 1.098882
v -1.265312 0.054068 1.104747
v -1.267064 0.035791 1.108977
v -1.268121 0.017153 1.111531
v -1.268475 -0.001667 1.112385
v -1.268121 -0.020486 1.111531
v -1.267064 -0.039124 1.108977
v -1.265312 -0.057401 1.104747
v -1.262882 -0.075142 1.098882
v -1.259799 -0.092175 1.091440
v -1.256093 -0.108336 1.082490
v -1.251797 -0.123470 1.072121
v -1.246955 -0.137431 1.060430
v -1.241612 -0.150085 1.047532
v -1.235821 -0.161309 1.033550
v -1.229636 -0.170996 1.018619
v -1.223118 -0.179052 1.002882
v -1.216329 -0.185399 0.986492
v -1.209335 -0.189977 0.969606
v -1.202202 -0.192742 0.952387
v -1.205456 0.189409 0.950648
v -1.215810 0.186644 0.966145
v -1.225965 0.182066 0.981342
v -1.235821 0.175718 0.996093
v -1.245284 0.167662 1.010255
v -1.254262 0.157976 1.023693
v -1.262671 0.146751 1.036276
v -1.270427 0.134098 1.047884
v -1.277457 0.120137 1.058405
v -1.283693 0.105003 1.067738
v -1.289074 0.088842 1.075792
v -1.293550 0.071809 1.082490
v -1.297076 0.054068 1.087768
v -1.299620 0.035791 1.091575
v -1.301156 0.017153 1.093874
v -1.301670 -0.001667 1.094642
v -1.301156 -0.020486 1.093874
v -1.299620 -0.039124 1.091575
v -1.297076 -0.057401 1.087768
v -1.293550 -0.075142 1.082490
v -1.289074 -0.092175 1.075792
v -1.283693 -0.108336 1.067738
v -1.277457 -0.123470 1.058405
v -1.270427 -0.137431 1.047884
v -1.262671 -0.150085 1.036276
v -1.254262 -0.161309 1.023693
v -1.245284 -0.170996 1.010255
v -1.235821 -0.179052 0.996093
v -1.225965 -0.185399 0.981342
v -1.215810 -0.189977 0.966145
v -1.205456 -0.192742 0.950648
v -1.208307 0.189409 0.948308
v -1.221487 0.186644 0.961487
v -1.234411 0.182066 0.974411
v -1.246955 0.175718 0.986955
v -1.258999 0.167662 0.998999
v -1.270427 0.157976 1.010427
v -1.281128 0.146751 1.021128
v -1.291000 0.134098 1.031000
v -1.299948 0.120137 1.039948
v -1.307884 0.105003 1.047884
v -1.314734 0.088842 1.054734
v -1.320430 0.071809 1.060430
v -1.324919 0.054068 1.064919
v -1.328156 0.035791 1.068156
v -1.330111 0.017153 1.070111
v -1.330765 -0.001667 1.070765
v -1.330111 -0.020486 1.070111
v -1.328156 -0.039124 1.068156
v -1.324919 -0.057401 1.064919
v -1.320430 -0.075142 1.060430
v -1.314734 -0.092175 1.054734
v -1.307884 -0.108336 1.047884
v -1.299948 -0.123470 1.039948
v -1.291000 -0.137431 1.031000
v -1.281128 -0.150085 1.021128
v -1.270427 -0.161309 1.010427
v -1.258999 -0.170996 0.998999
v -1.246955 -0.179052 0.986955
v -1.234411 -0.185399 0.974411
v -1.221487 -0.189977 0.961487
v -1.208307 -0.192742 0.948308
v -1.210648 0.189409 0.945456
v -1.226145 0.186644 0.955810
v -1.241342 0.182066 0.965965
v -1.256093 0.175718 0.975821
v -1.270255 0.167662 0.985284
v -1.283693 0.157976 0.994263
v -1.296276 0.146751 1.002671
v -1.307884 0.134098 1.010427
v -1.318405 0.120137 1.017457
v -1.327738 0.105003 1.023693
v -1.335792 0.088842 1.029074
v -1.342490 0.071809 1.033550
v -1.347768 0.054068 1.037076
v -1.351575 0.035791 1.039620
v -1.353873 0.017153 1.041156
v -1.354642 -0.001667 1.041669
v -1.353873 -0.020486 1.041156
v -1.351575 -0.039124 1.039620
v -1.347768 -0.057401 1.037076
v -1.342490 -0.075142 1.033550
v -1.335792 -0.092175 1.029074
v -1.327738 -0.108336 1.023693
v -1.318405 -0.123470 1.017457
v -1.307884 -0.137431 1.010427
v -1.296276 -0.150085 1.002671
v -1.283693 -0.161309 0.994263
v -1.270255 -0.170996 0.985284
v -1.256093 -0.179052 0.975821
v -1.241342 -0.185399 0.965965
v -1.226145 -0.189977 0.955810
v -1.210648 -0.192742 0.945456
v -1.212387 0.189409 0.942202
v -1.229606 0.186644 0.949335
v -1.246492 0.182066 0.956329
v -1.262882 0.175718 0.963118
v -1.278619 0.167662 0.969636
v -1.293550 0.157976 0.975821
v -1.307532 0.146751 0.981612
v -1.320430 0.134098 0.986955
v -1.332120 0.120137 0.991797
v -1.342490 0.105003 0.996093
v -1.351440 0.088842 0.999800
v -1.358882 0.071809 1.002882
v -1.364747 0.054068 1.005311
v -1.368977 0.035791 1.007064
v -1.371531 0.017153 1.008121
v -1.372385 -0.001667 1.008475
v -1.371531 -0.020486 1.008121
v -1.368977 -0.039124 1.007064
v -1.364747 -0.057401 1.005311
v -1.358882 -0.075142 1.002882
v -1.351440 -0.092175 0.999800
v -1.342490 -0.108336 0.996093
v -1.332120 -0.123470 0.991797
v -1.320430 -0.137431 0.986955
v -1.307532 -0.150085 0.981612
v -1.293550 -0.161309 0.975821
v -1.278619 -0.170996 0.969636
v -1.262882 -0.179052 0.963118
v -1.246492 -0.185399 0.956329
v -1.229606 -0.189977 0.949335
v -1.212387 -0.192742 0.942202
v -1.213458 0.189409 0.938672
v -1.231738 0.186644 0.942308
v -1.249664 0.182066 0.945874
v -1.267064 0.175718 0.949335
v -1.283769 0.167662 0.952658
v -1.299620 0.157976 0.955810
v -1.314463 0.146751 0.958763
v -1.328156 0.134098 0.961487
v -1.340566 0.120137 0.963955
v -1.351575 0.105003 0.966145
v -1.361075 0.088842 0.968035
v -1.368977 0.071809 0.969606
v -1.375202 0.054068 0.970845
v -1.379693 0.035791 0.971738
v -1.382404 0.017153 0.972277
v -1.383311 -0.001667 0.972457
v -1.382404 -0.020486 0.972277
v -1.379693 -0.039124 0.971738
v -1.375202 -0.057401 0.970845
v -1.368977 -0.075142 0.969606
v -1.361075 -0.092175 0.968035
v -1.351575 -0.108336 0.966145
v -1.340566 -0.123470 0.963955
v -1.328156 -0.137431 0.961487
v -1.314463 -0.150085 0.958763
v -1.299620 -0.161309 0.955810
v -1.283769 -0.170996 0.952658
v -1.267064 -0.179052 0.949335
v -1.249664 -0.185399 0.945874
v -1.231738 -0.189977 0.942308
v -1.213458 -0.192742 0.938672
v -1.213820 0.189409 0.935000
v -1.232458 0.186644 0.935000
v -1.250735 0.182066 0.935000
v -1.268475 0.175718 0.935000
v -1.285508 0.167662 0.935000
v -1.301670 0.157976 0.935000
v -1.316804 0.146751 0.935000
v -1.330765 0.134098 0.935000
v -1.343418 0.120137 0.935000
v -1.354642 0.105003 0.935000
v -1.364329 0.088842 0.935000
v -1.372385 0.071809 0.935000
v -1.378733 0.054068 0.935000
v -1.383311 0.035791 0.935000
v -1.386075 0.017153 0.935000
v -1.387000 -0.001667 0.935000
v -1.386075 -0.020486 0.935000
v -1.383311 -0.039124 0.935000
v -1.378733 -0.057401 0.935000
v -1.372385 -0.075142 0.935000
v -1.364329 -0.092175 0.935000
v -1.354642 -0.108336 0.935000
v -1.343418 -0.123470 0.935000
v -1.330765 -0.137431 0.935000
v -1.316804 -0.150085 0.935000
v -1.301670 -0.161309 0.935000
v -1.285508 -0.170996 0.935000
v -1.268475 -0.179052 0.935000
v -1.250735 -0.185399 0.935000
v -1.232458 -0.189977 0.935000
v -1.213820 -0.192742 0.935000
v -1.213458 0.189409 0.931329
v -1.231738 0.186644 0.927693
v -1.249664 0.182066 0.924127
v -1.267064 0.175718 0.920666
v -1.283769 0.167662 0.917343
v -1.299620 0.157976 0.914190
v -1.314463 0.146751 0.911237
v -1.328156 0.134098 0.908514
v -1.340566 0.120137 0.906045
v -1.351575 0.105003 0.903856
v -1.361075 0.088842 0.901966
v -1.368977 0.071809 0.900394
v -1.375202 0.054068 0.899156
v -1.379693 0.035791 0.898263
v -1.382404 0.017153 0.897723
v -1.383311 -0.001667 0.897543
v -1.382404 -0.020486 0.897723
v -1.379693 -0.039124 0.898263
v -1.375202 -0.057401 0.899156
v -1.368977 -0.075142 0.900394
v -1.361075 -0.092175 0.901966
v -1.351575 -0.108336 0.903856
v -1.340566 -0.123470 0.906045
v -1.328156 -0.137431 0.908514
v -1.314463 -0.150085 0.911237
v -1.299620 -0.161309 0.914190
v -1.283769 -0.170996 0.917343
v -1.267064 -0.179052 0.920666
v -1.249664 -0.185399 0.924127
v -1.231738 -0.189977 0.927693
v -1.213458 -0.192742 0.931329
v -1.212387 0.189409 0.927798
v -1.229606 0.186644 0.920666
v -1.246492 0.182066 0.913671
v -1.262882 0.175718 0.906882
v -1.278619 0.167662 0.900364
v -1.293550 0.157976 0.894180
v -1.307532 0.146751 0.888388
v -1.320430 0.134098 0.883045
v -1.332120 0.120137 0.878203
v -1.342490 0.105003 0.873908
v -1.351440 0.088842 0.870201
v -1.358882 0.071809 0.867118
v -1.364747 0.054068 0.864689
v -1.368977 0.035791 0.862937
v -1.371531 0.017153 0.861879
v -1.372385 -0.001667 0.861525
v -1.371531 -0.020486 0.861879
v -1.368977 -0.039124 0.862937
v -1.364747 -0.057401 0.864689
v -1.358882 -0.075142 0.867118
v -1.351440 -0.092175 0.870201
v -1.342490 -0.108336 0.873908
v -1.332120 -0.123470 0.878203
v -1.320430 -0.137431 0.883045
v -1.307532 -0.150085 0.888388
v -1.293550 -0.161309 0.894180
v -1.278619 -0.170996 0.900364
v -1.262882 -0.179052 0.906882
v -1.246492 -0.185399 0.913671
v -1.229606 -0.189977 0.920666
v -1.212387 -0.192742 0.927798
v -1.210648 0.189409 0.924545
v -1.226145 0.186644 0.914190
v -1.241342 0.182066 0.904036
v -1.256093 0.175718 0.894180
v -1.270255 0.167662 0.884717
v -1.283692 0.157976 0.875738
v -1.296276 0.146751 0.867330
v -1.307884 0.134098 0.859573
v -1.318405 0.120137 0.852544
v -1.327738 0.105003 0.846308
v -1.335792 0.088842 0.840926
v -1.342490 0.071809 0.836450
v -1.347768 0.054068 0.832924
v -1.351575 0.035791 0.830380
v -1.353873 0.017153 0.828844
v -1.354642 -0.001667 0.828331
v -1.353873 -0.020486 0.828844
v -1.351575 -0.039124 0.830380
v -1.347768 -0.057401 0.832924
v -1.342490 -0.075142 0.836450
v -1.335792 -0.092175 0.840926
v -1.327738 -0.108336 0.846308
v -1.318405 -0.123470 0.852544
v -1.307884 -0.137431 0.859573
v -1.296276 -0.150085 0.867330
v -1.283692 -0.161309 0.875738
v -1.270255 -0.170996 0.884717
v -1.256093 -0.179052 0.894180
v -1.241342 -0.185399 0.904036
v -1.226145 -0.189977 0.914190
v -1.210648 -0.192742 0.924545
v -1.208307 0.189409 0.921693
v -1.221487 0.186644 0.908514
v -1.234411 0.182066 0.895590
v -1.246955 0.175718 0.883045
v -1.258999 0.167662 0.871001
v -1.270427 0.157976 0.859574
v -1.281128 0.146751 0.848872
v -1.291000 0.134098 0.839000
v -1.299948 0.120137 0.830053
v -1.307884 0.105003 0.822116
v -1.314734 0.088842 0.815267
v -1.320430 0.071809 0.809570
v -1.324919 0.054068 0.805082
v -1.328156 0.035791 0.801844
v -1.330111 0.017153 0.799890
v -1.330765 -0.001667 0.799236
v -1.330111 -0.020486 0.799890
v -1.328156 -0.039124 0.801844
v -1.324919 -0.057401 0.805082
v -1.320430 -0.075142 0.809570
v -1.314734 -0.092175 0.815267
v -1.307884 -0.108336 0.822116
v -1.299948 -0.123470 0.830053
v -1.291000 -0.137431 0.839000
v -1.281128 -0.150085 0.848872
v -1.270427 -0.161309 0.859574
v -1.258999 -0.170996 0.871001
v -1.246955 -0.179052 0.883045
v -1.234411 -0.185399 0.895590
v -1.221487 -0.189977 0.908514
v -1.208307 -0.192742 0.921693
v -1.205456 0.189409 0.919353
v -1.215810 0.186644 0.903856
v -1.225965 0.182066 0.888659
v -1.235821 0.175718 0.873908
v -1.245284 0.167662 0.859745
v -1.254262 0.157976 0.846308
v -1.262671 0.146751 0.833724
v -1.270427 0.134098 0.822116
v -1.277457 0.120137 0.811595
v -1.283692 0.105003 0.802263
v -1.289074 0.088842 0.794208
v -1.293550 0.071809 0.787510
v -1.297076 0.054068 0.782232
v -1.299620 0.035791 0.778426
v -1.301156 0.017153 0.776127
v -1.301670 -0.001667 0.775358
v -1.301156 -0.020486 0.776127
v -1.299620 -0.039124 0.778426
v -1.297076 -0.057401 0.782232
v -1.293550 -0.075142 0.787510
v -1.289074 -0.092175 0.794208
v -1.283692 -0.108336 0.802263
v -1.277457 -0.123470 0.811595
v -1.270427 -0.137431 0.822116
v -1.262671 -0.150085 0.833724
v -1.254262 -0.161309 0.846308
v -1.245284 -0.170996 0.859745
v -1.235821 -0.179052 0.873908
v -1.225965 -0.185399 0.888659
v -1.215810 -0.189977 0.903856
v -1.205456 -0.192742 0.919353
v -1.202202 0.189409 0.917613
v -1.209334 0.186644 0.900394
v -1.216329 0.182066 0.883508
v -1.223118 0.175718 0.867118
v -1.229636 0.167662 0.851382
v -1.235821 0.157976 0.836451
v -1.241612 0.146751 0.822469
v -1.246955 0.134098 0.809570
v -1.251797 0.120137 0.797880
v -1.256093 0.105003 0.787510
v -1.259799 0.088842 0.778561
v -1.262882 0.071809 0.771118
v -1.265311 0.054068 0.765253
v -1.267063 0.035791 0.761024
v -1.268121 0.017153 0.758470
v -1.268475 -0.001667 0.757615
v -1.268121 -0.020486 0.758470
v -1.267063 -0.039124 0.761024
v -1.265311 -0.057401 0.765253
v -1.262882 -0.075142 0.771118
v -1.259799 -0.092175 0.778561
v -1.256093 -0.108336 0.787510
v -1.251797 -0.123470 0.797880
v -1.246955 -0.137431 0.809570
v -1.241612 -0.150085 0.822469
v -1.235821 -0.161309 0.836451
v -1.229636 -0.170996 0.851382
v -1.223118 -0.179052 0.867118
v -1.216329 -0.185399 0.883508
v -1.209334 -0.189977 0.900394
v -1.202202 -0.192742 0.917613
v -1.198672 0.189409 0.916543
v -1.202308 0.186644 0.898263
v -1.205873 0.182066 0.880336
v -1.209334 0.175718 0.862937
v -1.212657 0.167662 0.846231
v -1.215810 0.157976 0.830380
v -1.218763 0.146751 0.815537
v -1.221487 0.134098 0.801844
v -1.223955 0.120137 0.789434
v -1.226145 0.105003 0.778426
v -1.228035 0.088842 0.768925
v -1.229606 0.071809 0.761024
v -1.230844 0.054068 0.754798
v -1.231738 0.035791 0.750308
v -1.232277 0.017153 0.747596
v -1.232457 -0.001667 0.746690
v -1.232277 -0.020486 0.747596
v -1.231738 -0.039124 0.750308
v -1.230844 -0.057401 0.754798
v -1.229606 -0.075142 0.761024
v -1.228035 -0.092175 0.768925
v -1.226145 -0.108336 0.778426
v -1.223955 -0.123470 0.789434
v -1.221487 -0.137431 0.801844
v -1.218763 -0.150085 0.815537
v -1.215810 -0.161309 0.830380
v -1.212657 -0.170996 0.846231
v -1.209334 -0.179052 0.862937
v -1.205873 -0.185399 0.880336
v -1.202308 -0.189977 0.898263
v -1.198672 -0.192742 0.916543
v -1.195000 0.189409 0.916181
v -1.195000 0.186644 0.897543
v -1.195000 0.182066 0.879266
v -1.195000 0.175718 0.861525
v -1.195000 0.167662 0.844492
v -1.195000 0.157976 0.828331
v -1.195000 0.134098 0.799236
v -1.195000 0.105003 0.775358
v -1.195000 0.088842 0.765671
v -1.195000 -0.001667 0.743000
v -1.195000 -0.057401 0.751268
v -1.195000 -0.075142 0.757615
v -1.195000 -0.137431 0.799236
v -1.195000 -0.179052 0.861525
v -1.195000 -0.185399 0.879266
v -1.195000 0.148751 -1.056804
v -1.195000 0.122137 -1.083418
v -1.195000 0.073809 -1.112385
v -1.195000 0.056068 -1.118733
v -1.195000 0.037791 -1.123311
v -1.195000 0.019153 -1.126076
v -1.195000 -0.018486 -1.126076
v -1.195000 -0.037124 -1.123311
v -1.195000 -0.090175 -1.104329
v -1.195000 -0.106336 -1.094642
v -1.195000 -0.121470 -1.083418
v -1.195000 -0.148085 -1.056804
v -1.195000 -0.159309 -1.041670
v -1.195000 -0.168996 -1.025508
v -1.195000 -0.187977 -0.972458
v -1.195000 -0.190742 -0.953819
v -1.191329 0.191409 -0.953458
v -1.187693 0.188644 -0.971738
v -1.184127 0.184066 -0.989664
v -1.180666 0.177718 -1.007064
v -1.177343 0.169662 -1.023769
v -1.174190 0.159976 -1.039620
v -1.171237 0.148751 -1.054463
v -1.168514 0.136098 -1.068156
v -1.166045 0.122137 -1.080566
v -1.163856 0.107003 -1.091575
v -1.161966 0.090842 -1.101076
v -1.160394 0.073809 -1.108977
v -1.159156 0.056068 -1.115202
v -1.158263 0.037791 -1.119693
v -1.157723 0.019153 -1.122404
v -1.157543 0.000333 -1.123311
v -1.157723 -0.018486 -1.122404
v -1.158263 -0.037124 -1.119693
v -1.159156 -0.055401 -1.115202
v -1.160394 -0.073142 -1.108977
v -1.161966 -0.090175 -1.101076
v -1.163856 -0.106336 -1.091575
v -1.166045 -0.121470 -1.080566
v -1.168514 -0.135431 -1.068156
v -1.171237 -0.148085 -1.054463
v -1.174190 -0.159309 -1.039620
v -1.177343 -0.168996 -1.023769
v -1.180666 -0.177052 -1.007064
v -1.184127 -0.183399 -0.989664
v -1.187693 -0.187977 -0.971738
v -1.191329 -0.190742 -0.953458
v -1.187799 0.191409 -0.952387
v -1.180666 0.188644 -0.969606
v -1.173671 0.184066 -0.986492
v -1.166883 0.177718 -1.002882
v -1.160364 0.169662 -1.018619
v -1.154180 0.159976 -1.033550
v -1.148388 0.148751 -1.047532
v -1.143045 0.136098 -1.060430
v -1.138203 0.122137 -1.072121
v -1.133908 0.107003 -1.082490
v -1.130201 0.090842 -1.091440
v -1.127118 0.073809 -1.098882
v -1.124689 0.056068 -1.104747
v -1.122937 0.037791 -1.108977
v -1.121879 0.019153 -1.111531
v -1.121525 0.000333 -1.112385
v -1.121879 -0.018486 -1.111531
v -1.122937 -0.037124 -1.108977
v -1.124689 -0.055401 -1.104747
v -1.127118 -0.073142 -1.098882
v -1.130201 -0.090175 -1.091440
v -1.133908 -0.106336 -1.082490
v -1.138203 -0.121470 -1.072121
v -1.143045 -0.135431 -1.060430
v -1.148388 -0.148085 -1.047532
v -1.154180 -0.159309 -1.033550
v -1.160364 -0.168996 -1.018619
v -1.166883 -0.177052 -1.002882
v -1.173671 -0.183399 -0.986492
v -1.180666 -0.187977 -0.969606
v -1.187799 -0.190742 -0.952387
v -1.184545 0.191409 -0.950648
v -1.174190 0.188644 -0.966145
v -1.164036 0.184066 -0.981342
v -1.154180 0.177718 -0.996092
v -1.144717 0.169662 -1.010255
v -1.135738 0.159976 -1.023693
v -1.127330 0.148751 -1.036276
v -1.119573 0.136098 -1.047884
v -1.112544 0.122137 -1.058405
v -1.106308 0.107003 -1.067738
v -1.100926 0.090842 -1.075792
v -1.096450 0.073809 -1.082490
v -1.092924 0.056068 -1.087768
v -1.090380 0.037791 -1.091575
v -1.088844 0.019153 -1.093874
v -1.088331 0.000333 -1.094642
v -1.088844 -0.018486 -1.093874
v -1.090380 -0.037124 -1.091575
v -1.092924 -0.055401 -1.087768
v -1.096450 -0.073142 -1.082490
v -1.100926 -0.090175 -1.075792
v -1.106308 -0.106336 -1.067738
v -1.112544 -0.121470 -1.058405
v -1.119573 -0.135431 -1.047884
v -1.127330 -0.148085 -1.036276
v -1.135738 -0.159309 -1.023693
v -1.144717 -0.168996 -1.010255
v -1.154180 -0.177052 -0.996092
v -1.164036 -0.183399 -0.981342
v -1.174190 -0.187977 -0.966145
v -1.184545 -0.190742 -0.950648
v -1.181693 0.191409 -0.948307
v -1.168514 0.188644 -0.961486
v -1.155590 0.184066 -0.974410
v -1.143045 0.177718 -0.986955
v -1.131001 0.169662 -0.998999
v -1.119573 0.159976 -1.010427
v -1.108872 0.148751 -1.021128
v -1.099000 0.136098 -1.031000
v -1.090053 0.122137 -1.039948
v -1.082116 0.107003 -1.047884
v -1.075267 0.090842 -1.054734
v -1.069570 0.073809 -1.060430
v -1.065082 0.056068 -1.064919
v -1.061844 0.037791 -1.068156
v -1.059889 0.019153 -1.070111
v -1.059236 0.000333 -1.070765
v -1.059889 -0.018486 -1.070111
v -1.061844 -0.037124 -1.068156
v -1.065082 -0.055401 -1.064919
v -1.069570 -0.073142 -1.060430
v -1.075267 -0.090175 -1.054734
v -1.082116 -0.106336 -1.047884
v -1.090053 -0.121470 -1.039948
v -1.099000 -0.135431 -1.031000
v -1.108872 -0.148085 -1.021128
v -1.119573 -0.159309 -1.010427
v -1.131001 -0.168996 -0.998999
v -1.143045 -0.177052 -0.986955
v -1.155590 -0.183399 -0.974410
v -1.168514 -0.187977 -0.961486
v -1.181693 -0.190742 -0.948307
v -1.179353 0.191409 -0.945456
v -1.163856 0.188644 -0.955810
v -1.148659 0.184066 -0.965965
v -1.133908 0.177718 -0.975821
v -1.119745 0.169662 -0.985284
v -1.106308 0.159976 -0.994263
v -1.093724 0.148751 -1.002671
v -1.082116 0.136098 -1.010427
v -1.071595 0.122137 -1.017457
v -1.062263 0.107003 -1.023693
v -1.054208 0.090842 -1.029074
v -1.047510 0.073809 -1.033550
v -1.042232 0.056068 -1.037076
v -1.038425 0.037791 -1.039620
v -1.036127 0.019153 -1.041156
v -1.035358 0.000333 -1.041670
v -1.036127 -0.018486 -1.041156
v -1.038425 -0.037124 -1.039620
v -1.042232 -0.055401 -1.037076
v -1.047510 -0.073142 -1.033550
v -1.054208 -0.090175 -1.029074
v -1.062263 -0.106336 -1.023693
v -1.071595 -0.121470 -1.017457
v -1.082116 -0.135431 -1.010427
v -1.093724 -0.148085 -1.002671
v -1.106308 -0.159309 -0.994263
v -1.119745 -0.168996 -0.985284
v -1.133908 -0.177052 -0.975821
v -1.148659 -0.183399 -0.965965
v -1.163856 -0.187977 -0.955810
v -1.179353 -0.190742 -0.945456
v -1.177613 0.191409 -0.942202
v -1.160394 0.188644 -0.949334
v -1.143508 0.184066 -0.956329
v -1.127118 0.177718 -0.963118
v -1.111382 0.169662 -0.969636
v -1.096450 0.159976 -0.975821
v -1.082469 0.148751 -0.981612
v -1.069570 0.136098 -0.986955
v -1.057880 0.122137 -0.991797
v -1.047510 0.107003 -0.996092
v -1.038561 0.090842 -0.999799
v -1.031118 0.073809 -1.002882
v -1.025253 0.056068 -1.005312
v -1.021024 0.037791 -1.007064
v -1.018470 0.019153 -1.008122
v -1.017615 0.000333 -1.008475
v -1.018470 -0.018486 -1.008122
v -1.021024 -0.037124 -1.007064
v -1.025253 -0.055401 -1.005312
v -1.031118 -0.073142 -1.002882
v -1.038561 -0.090175 -0.999799
v -1.047510 -0.106336 -0.996092
v -1.057880 -0.121470 -0.991797
v -1.069570 -0.135431 -0.986955
v -1.082469 -0.148085 -0.981612
v -1.096450 -0.159309 -0.975821
v -1.111382 -0.168996 -0.969636
v -1.127118 -0.177052 -0.963118
v -1.143508 -0.183399 -0.956329
v -1.160394 -0.187977 -0.949334
v -1.177613 -0.190742 -0.942202
v -1.176543 0.191409 -0.938672
v -1.158263 0.188644 -0.942308
v -1.140337 0.184066 -0.945873
v -1.122937 0.177718 -0.949334
v -1.106231 0.169662 -0.952657
v -1.090380 0.159976 -0.955810
v -1.075537 0.148751 -0.958763
v -1.061844 0.136098 -0.961486
v -1.049434 0.122137 -0.963955
v -1.038425 0.107003 -0.966145
v -1.028925 0.090842 -0.968035
v -1.021024 0.073809 -0.969606
v -1.014798 0.056068 -0.970845
v -1.010308 0.037791 -0.971738
v -1.007596 0.019153 -0.972277
v -1.006690 0.000333 -0.972457
v -1.007596 -0.018486 -0.972277
v -1.010308 -0.037124 -0.971738
v -1.014798 -0.055401 -0.970845
v -1.021024 -0.073142 -0.969606
v -1.028925 -0.090175 -0.968035
v -1.038425 -0.106336 -0.966145
v -1.049434 -0.121470 -0.963955
v -1.061844 -0.135431 -0.961486
v -1.075537 -0.148085 -0.958763
v -1.090380 -0.159309 -0.955810
v -1.106231 -0.168996 -0.952657
v -1.122937 -0.177052 -0.949334
v -1.140337 -0.183399 -0.945873
v -1.158263 -0.187977 -0.942308
v -1.176543 -0.190742 -0.938672
v -1.176181 0.191409 -0.935000
v -1.157543 0.188644 -0.935000
v -1.139266 0.184066 -0.935000
v -1.121525 0.177718 -0.935000
v -1.104492 0.169662 -0.935000
v -1.088331 0.159976 -0.935000
v -1.073197 0.148751 -0.935000
v -1.059236 0.136098 -0.935000
v -1.046582 0.122137 -0.935000
v -1.035358 0.107003 -0.935000
v -1.025671 0.090842 -0.935000
v -1.017615 0.073809 -0.935000
v -1.011268 0.056068 -0.935000
v -1.006690 0.037791 -0.935000
v -1.003925 0.019153 -0.935000
v -1.003000 0.000333 -0.935000
v -1.003925 -0.018486 -0.935000
v -1.006690 -0.037124 -0.935000
v -1.011268 -0.055401 -0.935000
v -1.017615 -0.073142 -0.935000
v -1.025671 -0.090175 -0.935000
v -1.035358 -0.106336 -0.935000
v -1.046582 -0.121470 -0.935000
v -1.059236 -0.135431 -0.935000
v -1.073197 -0.148085 -0.935000
v -1.088331 -0.159309 -0.935000
v -1.104492 -0.168996 -0.935000
v -1.121525 -0.177052 -0.935000
v -1.139266 -0.183399 -0.935000
v -1.157543 -0.187977 -0.935000
v -1.176181 -0.190742 -0.935000
v -1.176543 0.191409 -0.931329
v -1.158263 0.188644 -0.927693
v -1.140337 0.184066 -0.924127
v -1.122937 0.177718 -0.920666
v -1.106231 0.169662 -0.917343
v -1.090380 0.159976 -0.914190
v -1.075537 0.148751 -0.911238
v -1.061844 0.136098 -0.908514
v -1.049434 0.122137 -0.906045
v -1.038425 0.107003 -0.903856
v -1.028925 0.090842 -0.901966
v -1.021024 0.073809 -0.900394
v -1.014798 0.056068 -0.899156
v -1.010308 0.037791 -0.898263
v -1.007596 0.019153 -0.897723
v -1.006690 0.000333 -0.897543
v -1.007596 -0.018486 -0.897723
v -1.010308 -0.037124 -0.898263
v -1.014798 -0.055401 -0.899156
v -1.021024 -0.073142 -0.900394
v -1.028925 -0.090175 -0.901966
v -1.038425 -0.106336 -0.903856
v -1.049434 -0.121470 -0.906045
v -1.061844 -0.135431 -0.908514
v -1.075537 -0.148085 -0.911238
v -1.090380 -0.159309 -0.914190
v -1.106231 -0.168996 -0.917343
v -1.122937 -0.177052 -0.920666
v -1.140337 -0.183399 -0.924127
v -1.158263 -0.187977 -0.927693
v -1.176543 -0.190742 -0.931329
v -1.177613 0.191409 -0.927798
v -1.160394 0.188644 -0.920666
v -1.143508 0.184066 -0.913671
v -1.127118 0.177718 -0.906882
v -1.111382 0.169662 -0.900364
v -1.096450 0.159976 -0.894180
v -1.082469 0.148751 -0.888388
v -1.069570 0.136098 -0.883045
v -1.057880 0.122137 -0.878203
v -1.047510 0.107003 -0.873908
v -1.038561 0.090842 -0.870201
v -1.031118 0.073809 -0.867118
v -1.025254 0.056068 -0.864689
v -1.021024 0.037791 -0.862937
v -1.018470 0.019153 -0.861879
v -1.017615 0.000333 -0.861525
v -1.018470 -0.018486 -0.861879
v -1.021024 -0.037124 -0.862937
v -1.025254 -0.055401 -0.864689
v -1.031118 -0.073142 -0.867118
v -1.038561 -0.090175 -0.870201
v -1.047510 -0.106336 -0.873908
v -1.057880 -0.121470 -0.878203
v -1.069570 -0.135431 -0.883045
v -1.082469 -0.148085 -0.888388
v -1.096450 -0.159309 -0.894180
v -1.111382 -0.168996 -0.900364
v -1.127118 -0.177052 -0.906882
v -1.143508 -0.183399 -0.913671
v -1.160394 -0.187977 -0.920666
v -1.177613 -0.190742 -0.927798
v -1.179353 0.191409 -0.924545
v -1.163856 0.188644 -0.914190
v -1.148659 0.184066 -0.904036
v -1.133908 0.177718 -0.894180
v -1.119745 0.169662 -0.884717
v -1.106308 0.159976 -0.875738
v -1.093724 0.148751 -0.867330
v -1.082116 0.136098 -0.859573
v -1.071595 0.122137 -0.852544
v -1.062263 0.107003 -0.846308
v -1.054208 0.090842 -0.840926
v -1.047510 0.073809 -0.836450
v -1.042232 0.056068 -0.832924
v -1.038425 0.037791 -0.830380
v -1.036127 0.019153 -0.828844
v -1.035358 0.000333 -0.828331
v -1.036127 -0.018486 -0.828844
v -1.038425 -0.037124 -0.830380
v -1.042232 -0.055401 -0.832924
v -1.047510 -0.073142 -0.836450
v -1.054208 -0.090175 -0.840926
v -1.062263 -0.106336 -0.846308
v -1.071595 -0.121470 -0.852544
v -1.082116 -0.135431 -0.859573
v -1.093724 -0.148085 -0.867330
v -1.106308 -0.159309 -0.875738
v -1.119745 -0.168996 -0.884717
v -1.133908 -0.177052 -0.894180
v -1.148659 -0.183399 -0.904036
v -1.163856 -0.187977 -0.914190
v -1.179353 -0.190742 -0.924545
v -1.181693 0.191409 -0.921693
v -1.168514 0.188644 -0.908514
v -1.155590 0.184066 -0.895590
v -1.143045 0.177718 -0.883045
v -1.131001 0.169662 -0.871001
v -1.119574 0.159976 -0.859573
v -1.108872 0.148751 -0.848872
v -1.099000 0.136098 -0.839000
v -1.090053 0.122137 -0.830053
v -1.082116 0.107003 -0.822116
v -1.075267 0.090842 -0.815267
v -1.069570 0.073809 -0.809570
v -1.065082 0.056068 -0.805082
v -1.061844 0.037791 -0.801844
v -1.059889 0.019153 -0.799890
v -1.059236 0.000333 -0.799236
v -1.059889 -0.018486 -0.799890
v -1.061844 -0.037124 -0.801844
v -1.065082 -0.055401 -0.805082
v -1.069570 -0.073142 -0.809570
v -1.075267 -0.090175 -0.815267
v -1.082116 -0.106336 -0.822116
v -1.090053 -0.121470 -0.830053
v -1.099000 -0.135431 -0.839000
v -1.108872 -0.148085 -0.848872
v -1.119574 -0.159309 -0.859573
v -1.131001 -0.168996 -0.871001
v -1.143045 -0.177052 -0.883045
v -1.155590 -0.183399 -0.895590
v -1.168514 -0.187977 -0.908514
v -1.181693 -0.190742 -0.921693
v -1.184545 0.191409 -0.919353
v -1.174190 0.188644 -0.903856
v -1.164036 0.184066 -0.888659
v -1.154180 0.177718 -0.873908
v -1.144717 0.169662 -0.859745
v -1.135738 0.159976 -0.846308
v -1.127330 0.148751 -0.833724
v -1.119573 0.136098 -0.822116
v -1.112544 0.122137 -0.811595
v -1.106308 0.107003 -0.802263
v -1.100926 0.090842 -0.794208
v -1.096450 0.073809 -0.787510
v -1.092924 0.056068 -0.782232
v -1.090380 0.037791 -0.778426
v -1.088844 0.019153 -0.776127
v -1.088331 0.000333 -0.775358
v -1.088844 -0.018486 -0.776127
v -1.090380 -0.037124 -0.778426
v -1.092924 -0.055401 -0.782232
v -1.096450 -0.073142 -0.787510
v -1.100926 -0.090175 -0.794208
v -1.106308 -0.106336 -0.802263
v -1.112544 -0.121470 -0.811595
v -1.119573 -0.135431 -0.822116
v -1.127330 -0.148085 -0.833724
v -1.135738 -0.159309 -0.846308
v -1.144717 -0.168996 -0.859745
v -1.154180 -0.177052 -0.873908
v -1.164036 -0.183399 -0.888659
v -1.174190 -0.187977 -0.903856
v -1.184545 -0.190742 -0.919353
v -1.187799 0.191409 -0.917613
v -1.180666 0.188644 -0.900394
v -1.173671 0.184066 -0.883508
v -1.166883 0.177718 -0.867118
v -1.160364 0.169662 -0.851382
v -1.154180 0.159976 -0.836451
v -1.148388 0.148751 -0.822468
v -1.143045 0.136098 -0.809570
v -1.138203 0.122137 -0.797880
v -1.133908 0.107003 -0.787510
v -1.130201 0.090842 -0.778561
v -1.127118 0.073809 -0.771118
v -1.124689 0.056068 -0.765253
v -1.122937 0.037791 -0.761024
v -1.121879 0.019153 -0.758470
v -1.121525 0.000333 -0.757615
v -1.121879 -0.018486 -0.758470
v -1.122937 -0.037124 -0.761024
v -1.124689 -0.055401 -0.765253
v -1.127118 -0.073142 -0.771118
v -1.130201 -0.090175 -0.778561
v -1.133908 -0.106336 -0.787510
v -1.138203 -0.121470 -0.797880
v -1.143045 -0.135431 -0.809570
v -1.148388 -0.148085 -0.822468
v -1.154180 -0.159309 -0.836451
v -1.160364 -0.168996 -0.851382
v -1.166883 -0.177052 -0.867118
v -1.173671 -0.183399 -0.883508
v -1.180666 -0.187977 -0.900394
v -1.187799 -0.190742 -0.917613
v -1.191329 0.191409 -0.916543
v -1.187693 0.188644 -0.898263
v -1.184127 0.184066 -0.880336
v -1.180666 0.177718 -0.862937
v -1.177343 0.169662 -0.846231
v -1.174190 0.159976 -0.830380
v -1.171238 0.148751 -0.815537
v -1.168514 0.136098 -0.801844
v -1.166045 0.122137 -0.789434
v -1.163856 0.107003 -0.778426
v -1.161966 0.090842 -0.768925
v -1.160394 0.073809 -0.761024
v -1.159156 0.056068 -0.754798
v -1.158263 0.037791 -0.750308
v -1.157723 0.019153 -0.747596
v -1.157543 0.000333 -0.746689
v -1.157723 -0.018486 -0.747596
v -1.158263 -0.037124 -0.750308
v -1.159156 -0.055401 -0.754798
v -1.160394 -0.073142 -0.761024
v -1.161966 -0.090175 -0.768925
v -1.163856 -0.106336 -0.778426
v -1.166045 -0.121470 -0.789434
v -1.168514 -0.135431 -0.801844
v -1.171238 -0.148085 -0.815537
v -1.174190 -0.159309 -0.830380
v -1.177343 -0.168996 -0.846231
v -1.180666 -0.177052 -0.862937
v -1.184127 -0.183399 -0.880336
v -1.187693 -0.187977 -0.898263
v -1.191329 -0.190742 -0.916543
v -1.195000 0.191409 -0.916181
v -1.195000 0.188644 -0.897543
v -1.195000 0.184066 -0.879266
v -1.195000 0.177718 -0.861525
v -1.195000 0.169662 -0.844492
v -1.195000 0.159976 -0.828331
v -1.195000 0.148751 -0.813197
v -1.195000 0.136098 -0.799236
v -1.195000 0.122137 -0.786582
v -1.195000 0.107003 -0.775358
v -1.195000 0.090842 -0.765671
v -1.195000 0.073809 -0.757615
v -1.195000 0.056068 -0.751268
v -1.195000 0.037791 -0.746689
v -1.195000 0.019153 -0.743925
v -1.195000 0.000333 -0.743000
v -1.195000 -0.018486 -0.743925
v -1.195000 -0.037124 -0.746689
v -1.195000 -0.055401 -0.751268
v -1.195000 -0.073142 -0.757615
v -1.195000 -0.090175 -0.765671
v -1.195000 -0.106336 -0.775358
v -1.195000 -0.121470 -0.786582
v -1.195000 -0.135431 -0.799236
v -1.195000 -0.148085 -0.813197
v -1.195000 -0.159309 -0.828331
v -1.195000 -0.168996 -0.844492
v -1.195000 -0.177052 -0.861525
v -1.195000 -0.183399 -0.879266
v -1.195000 -0.187977 -0.897543
v -1.195000 -0.190742 -0.916181
v -1.195000 -0.191667 -0.935000
v -1.195000 0.192333 -0.935000
v -1.198672 0.191409 -0.916543
v -1.202308 0.188644 -0.898263
v -1.205873 0.184066 -0.880336
v -1.209335 0.177718 -0.862937
v -1.212657 0.169662 -0.846231
v -1.215811 0.159976 -0.830380
v -1.218763 0.148751 -0.815537
v -1.221487 0.136098 -0.801844
v -1.223955 0.122137 -0.789434
v -1.226145 0.107003 -0.778426
v -1.228035 0.090842 -0.768925
v -1.229606 0.073809 -0.761024
v -1.230844 0.056068 -0.754798
v -1.231738 0.037791 -0.750308
v -1.232277 0.019153 -0.747596
v -1.232458 0.000333 -0.746690
v -1.232277 -0.018486 -0.747596
v -1.231738 -0.037124 -0.750308
v -1.230844 -0.055401 -0.754798
v -1.229606 -0.073142 -0.761024
v -1.228035 -0.090175 -0.768925
v -1.226145 -0.106336 -0.778426
v -1.223955 -0.121470 -0.789434
v -1.221487 -0.135431 -0.801844
v -1.218763 -0.148085 -0.815537
v -1.215811 -0.159309 -0.830380
v -1.212657 -0.168996 -0.846231
v -1.209335 -0.177052 -0.862937
v -1.205873 -0.183399 -0.880336
v -1.202308 -0.187977 -0.898263
v -1.198672 -0.190742 -0.916543
v -1.202202 0.191409 -0.917613
v -1.209335 0.188644 -0.900394
v -1.216329 0.184066 -0.883508
v -1.223118 0.177718 -0.867118
v -1.229636 0.169662 -0.851382
v -1.235821 0.159976 -0.836451
v -1.241612 0.148751 -0.822469
v -1.246955 0.136098 -0.809570
v -1.251797 0.122137 -0.797880
v -1.256093 0.107003 -0.787510
v -1.259799 0.090842 -0.778561
v -1.262882 0.073809 -0.771118
v -1.265312 0.056068 -0.765253
v -1.267064 0.037791 -0.761024
v -1.268121 0.019153 -0.758470
v -1.268475 0.000333 -0.757615
v -1.268121 -0.018486 -0.758470
v -1.267064 -0.037124 -0.761024
v -1.265312 -0.055401 -0.765253
v -1.262882 -0.073142 -0.771118
v -1.259799 -0.090175 -0.778561
v -1.256093 -0.106336 -0.787510
v -1.251797 -0.121470 -0.797880
v -1.246955 -0.135431 -0.809570
v -1.241612 -0.148085 -0.822469
v -1.235821 -0.159309 -0.836451
v -1.229636 -0.168996 -0.851382
v -1.223118 -0.177052 -0.867118
v -1.216329 -0.183399 -0.883508
v -1.209335 -0.187977 -0.900394
v -1.202202 -0.190742 -0.917613
v -1.205456 0.191409 -0.919353
v -1.215810 0.188644 -0.903856
v -1.225965 0.184066 -0.888659
v -1.235821 0.177718 -0.873908
v -1.245284 0.169662 -0.859745
v -1.254262 0.159976 -0.846308
v -1.262671 0.148751 -0.833724
v -1.270427 0.136098 -0.822116
v -1.277457 0.122137 -0.811595
v -1.283693 0.107003 -0.802263
v -1.289074 0.090842 -0.794208
v -1.293550 0.073809 -0.787510
v -1.297076 0.056068 -0.782232
v -1.299620 0.037791 -0.778426
v -1.301156 0.019153 -0.776127
v -1.301670 0.000333 -0.775358
v -1.301156 -0.018486 -0.776127
v -1.299620 -0.037124 -0.778426
v -1.297076 -0.055401 -0.782232
v -1.293550 -0.073142 -0.787510
v -1.289074 -0.090175 -0.794208
v -1.283693 -0.106336 -0.802263
v -1.277457 -0.121470 -0.811595
v -1.270427 -0.135431 -0.822116
v -1.262671 -0.148085 -0.833724
v -1.254262 -0.159309 -0.846308
v -1.245284 -0.168996 -0.859745
v -1.235821 -0.177052 -0.873908
v -1.225965 -0.183399 -0.888659
v -1.215810 -0.187977 -0.903856
v -1.205456 -0.190742 -0.919353
v -1.208307 0.191409 -0.921693
v -1.221487 0.188644 -0.908514
v -1.234411 0.184066 -0.895590
v -1.246955 0.177718 -0.883045
v -1.258999 0.169662 -0.871001
v -1.270427 0.159976 -0.859574
v -1.281128 0.148751 -0.848872
v -1.291000 0.136098 -0.839000
v -1.299948 0.122137 -0.830053
v -1.307884 0.107003 -0.822116
v -1.314734 0.090842 -0.815267
v -1.320430 0.073809 -0.809570
v -1.324919 0.056068 -0.805082
v -1.328156 0.037791 -0.801844
v -1.330111 0.019153 -0.799890
v -1.330765 0.000333 -0.799236
v -1.330111 -0.018486 -0.799890
v -1.328156 -0.037124 -0.801844
v -1.324919 -0.055401 -0.805082
v -1.320430 -0.073142 -0.809570
v -1.314734 -0.090175 -0.815267
v -1.307884 -0.106336 -0.822116
v -1.299948 -0.121470 -0.830053
v -1.291000 -0.135431 -0.839000
v -1.281128 -0.148085 -0.848872
v -1.270427 -0.159309 -0.859574
v -1.258999 -0.168996 -0.871001
v -1.246955 -0.177052 -0.883045
v -1.234411 -0.183399 -0.895590
v -1.221487 -0.187977 -0.908514
v -1.208307 -0.190742 -0.921693
v -1.210648 0.191409 -0.924545
v -1.226145 0.188644 -0.914190
v -1.241342 0.184066 -0.904036
v -1.256093 0.177718 -0.894180
v -1.270255 0.169662 -0.884717
v -1.283693 0.159976 -0.875738
v -1.296276 0.148751 -0.867330
v -1.307884 0.136098 -0.859573
v -1.318405 0.122137 -0.852544
v -1.327738 0.107003 -0.846308
v -1.335792 0.090842 -0.840926
v -1.342490 0.073809 -0.836451
v -1.347768 0.056068 -0.832924
v -1.351575 0.037791 -0.830380
v -1.353873 0.019153 -0.828844
v -1.354642 0.000333 -0.828331
v -1.353873 -0.018486 -0.828844
v -1.351575 -0.037124 -0.830380
v -1.347768 -0.055401 -0.832924
v -1.342490 -0.073142 -0.836451
v -1.335792 -0.090175 -0.840926
v -1.327738 -0.106336 -0.846308
v -1.318405 -0.121470 -0.852544
v -1.307884 -0.135431 -0.859573
v -1.296276 -0.148085 -0.867330
v -1.283693 -0.159309 -0.875738
v -1.270255 -0.168996 -0.884717
v -1.256093 -0.177052 -0.894180
v -1.241342 -0.183399 -0.904036
v -1.226145 -0.187977 -0.914190
v -1.210648 -0.190742 -0.924545
v -1.212387 0.191409 -0.927798
v -1.229606 0.188644 -0.920666
v -1.246492 0.184066 -0.913671
v -1.262882 0.177718 -0.906882
v -1.278619 0.169662 -0.900364
v -1.293550 0.159976 -0.894180
v -1.307532 0.148751 -0.888388
v -1.320430 0.136098 -0.883045
v -1.332120 0.122137 -0.878203
v -1.342490 0.107003 -0.873908
v -1.351440 0.090842 -0.870201
v -1.358882 0.073809 -0.867118
v -1.364747 0.056068 -0.864689
v -1.368977 0.037791 -0.862937
v -1.371531 0.019153 -0.861879
v -1.372385 0.000333 -0.861525
v -1.371531 -0.018486 -0.861879
v -1.368977 -0.037124 -0.862937
v -1.364747 -0.055401 -0.864689
v -1.358882 -0.073142 -0.867118
v -1.351440 -0.090175 -0.870201
v -1.342490 -0.106336 -0.873908
v -1.332120 -0.121470 -0.878203
v -1.320430 -0.135431 -0.883045
v -1.307532 -0.148085 -0.888388
v -1.293550 -0.159309 -0.894180
v -1.278619 -0.168996 -0.900364
v -1.262882 -0.177052 -0.906882
v -1.246492 -0.183399 -0.913671
v -1.229606 -0.187977 -0.920666
v -1.212387 -0.190742 -0.927798
v -1.213458 0.191409 -0.931329
v -1.231738 0.188644 -0.927693
v -1.249664 0.184066 -0.924127
v -1.267064 0.177718 -0.920666
v -1.283769 0.169662 -0.917343
v -1.299620 0.159976 -0.914190
v -1.314463 0.148751 -0.911238
v -1.328156 0.136098 -0.908514
v -1.340566 0.122137 -0.906045
v -1.351575 0.107003 -0.903856
v -1.361075 0.090842 -0.901966
v -1.368977 0.073809 -0.900394
v -1.375202 0.056068 -0.899156
v -1.379693 0.037791 -0.898263
v -1.382404 0.019153 -0.897723
v -1.383311 0.000333 -0.897543
v -1.382404 -0.018486 -0.897723
v -1.379693 -0.037124 -0.898263
v -1.375202 -0.055401 -0.899156
v -1.368977 -0.073142 -0.900394
v -1.361075 -0.090175 -0.901966
v -1.351575 -0.106336 -0.903856
v -1.340566 -0.121470 -0.906045
v -1.328156 -0.135431 -0.908514
v -1.314463 -0.148085 -0.911238
v -1.299620 -0.159309 -0.914190
v -1.283769 -0.168996 -0.917343
v -1.267064 -0.177052 -0.920666
v -1.249664 -0.183399 -0.924127
v -1.231738 -0.187977 -0.927693
v -1.213458 -0.190742 -0.931329
v -1.213820 0.191409 -0.935000
v -1.232458 0.188644 -0.935000
v -1.250735 0.184066 -0.935000
v -1.268475 0.177718 -0.935000
v -1.285508 0.169662 -0.935000
v -1.301670 0.159976 -0.935000
v -1.316804 0.148751 -0.935000
v -1.330765 0.136098 -0.935000
v -1.343418 0.122137 -0.935000
v -1.354642 0.107003 -0.935000
v -1.364329 0.090842 -0.935000
v -1.372385 0.073809 -0.935000
v -1.378733 0.056068 -0.935000
v -1.383311 0.037791 -0.935000
v -1.386075 0.019153 -0.935000
v -1.387000 0.000333 -0.935000
v -1.386075 -0.018486 -0.935000
v -1.383311 -0.037124 -0.935000
v -1.378733 -0.055401 -0.935000
v -1.372385 -0.073142 -0.935000
v -1.364329 -0.090175 -0.935000
v -1.354642 -0.106336 -0.935000
v -1.343418 -0.121470 -0.935000
v -1.330765 -0.135431 -0.935000
v -1.316804 -0.148085 -0.935000
v -1.301670 -0.159309 -0.935000
v -1.285508 -0.168996 -0.935000
v -1.268475 -0.177052 -0.935000
v -1.250735 -0.183399 -0.935000
v -1.232458 -0.187977 -0.935000
v -1.213820 -0.190742 -0.935000
v -1.213458 0.191409 -0.938672
v -1.231738 0.188644 -0.942308
v -1.249664 0.184066 -0.945873
v -1.267064 0.177718 -0.949334
v -1.283769 0.169662 -0.952657
v -1.299620 0.159976 -0.955810
v -1.314463 0.148751 -0.958763
v -1.328156 0.136098 -0.961486
v -1.340566 0.122137 -0.963955
v -1.351575 0.107003 -0.966145
v -1.361075 0.090842 -0.968035
v -1.368977 0.073809 -0.969606
v -1.375202 0.056068 -0.970845
v -1.379693 0.037791 -0.971738
v -1.382404 0.019153 -0.972277
v -1.383311 0.000333 -0.972458
v -1.382404 -0.018486 -0.972277
v -1.379693 -0.037124 -0.971738
v -1.375202 -0.055401 -0.970845
v -1.368977 -0.073142 -0.969606
v -1.361075 -0.090175 -0.968035
v -1.351575 -0.106336 -0.966145
v -1.340566 -0.121470 -0.963955
v -1.328156 -0.135431 -0.961486
v -1.314463 -0.148085 -0.958763
v -1.299620 -0.159309 -0.955810
v -1.283769 -0.168996 -0.952657
v -1.267064 -0.177052 -0.949334
v -1.249664 -0.183399 -0.945873
v -1.231738 -0.187977 -0.942308
v -1.213458 -0.190742 -0.938672
v -1.212387 0.191409 -0.942202
v -1.229606 0.188644 -0.949334
v -1.246492 0.184066 -0.956329
v -1.262882 0.177718 -0.963118
v -1.278619 0.169662 -0.969636
v -1.293550 0.159976 -0.975821
v -1.307532 0.148751 -0.981612
v -1.320430 0.136098 -0.986955
v -1.332120 0.122137 -0.991797
v -1.342490 0.107003 -0.996092
v -1.351440 0.090842 -0.999799
v -1.358882 0.073809 -1.002882
v -1.364747 0.056068 -1.005312
v -1.368977 0.037791 -1.007064
v -1.371531 0.019153 -1.008122
v -1.372385 0.000333 -1.008475
v -1.371531 -0.018486 -1.008122
v -1.368977 -0.037124 -1.007064
v -1.364747 -0.055401 -1.005312
v -1.358882 -0.073142 -1.002882
v -1.351440 -0.090175 -0.999799
v -1.342490 -0.106336 -0.996092
v -1.332120 -0.121470 -0.991797
v -1.320430 -0.135431 -0.986955
v -1.307532 -0.148085 -0.981612
v -1.293550 -0.159309 -0.975821
v -1.278619 -0.168996 -0.969636
v -1.262882 -0.177052 -0.963118
v -1.246492 -0.183399 -0.956329
v -1.229606 -0.187977 -0.949334
v -1.212387 -0.190742 -0.942202
v -1.210648 0.191409 -0.945456
v -1.226145 0.188644 -0.955810
v -1.241342 0.184066 -0.965965
v -1.256093 0.177718 -0.975821
v -1.270255 0.169662 -0.985284
v -1.283692 0.159976 -0.994263
v -1.296276 0.148751 -1.002671
v -1.307884 0.136098 -1.010427
v -1.318405 0.122137 -1.017457
v -1.327738 0.107003 -1.023693
v -1.335792 0.090842 -1.029074
v -1.342490 0.073809 -1.033550
v -1.347768 0.056068 -1.037076
v -1.351575 0.037791 -1.039620
v -1.353873 0.019153 -1.041156
v -1.354642 0.000333 -1.041670
v -1.353873 -0.018486 -1.041156
v -1.351575 -0.037124 -1.039620
v -1.347768 -0.055401 -1.037076
v -1.342490 -0.073142 -1.033550
v -1.335792 -0.090175 -1.029074
v -1.327738 -0.106336 -1.023693
v -1.318405 -0.121470 -1.017457
v -1.307884 -0.135431 -1.010427
v -1.296276 -0.148085 -1.002671
v -1.283692 -0.159309 -0.994263
v -1.270255 -0.168996 -0.985284
v -1.256093 -0.177052 -0.975821
v -1.241342 -0.183399 -0.965965
v -1.226145 -0.187977 -0.955810
v -1.210648 -0.190742 -0.945456
v -1.208307 0.191409 -0.948307
v -1.221487 0.188644 -0.961486
v -1.234411 0.184066 -0.974410
v -1.246955 0.177718 -0.986955
v -1.258999 0.169662 -0.998999
v -1.270427 0.159976 -1.010427
v -1.281128 0.148751 -1.021128
v -1.291000 0.136098 -1.031000
v -1.299948 0.122137 -1.039948
v -1.307884 0.107003 -1.047884
v -1.314734 0.090842 -1.054734
v -1.320430 0.073809 -1.060430
v -1.324919 0.056068 -1.064919
v -1.328156 0.037791 -1.068156
v -1.330111 0.019153 -1.070111
v -1.330765 0.000333 -1.070765
v -1.330111 -0.018486 -1.070111
v -1.328156 -0.037124 -1.068156
v -1.324919 -0.055401 -1.064919
v -1.320430 -0.073142 -1.060430
v -1.314734 -0.090175 -1.054734
v -1.307884 -0.106336 -1.047884
v -1.299948 -0.121470 -1.039948
v -1.291000 -0.135431 -1.031000
v -1.281128 -0.148085 -1.021128
v -1.270427 -0.159309 -1.010427
v -1.258999 -0.168996 -0.998999
v -1.246955 -0.177052 -0.986955
v -1.234411 -0.183399 -0.974410
v -1.221487 -0.187977 -0.961486
v -1.208307 -0.190742 -0.948307
v -1.205456 0.191409 -0.950648
v -1.215810 0.188644 -0.966145
v -1.225965 0.184066 -0.981342
v -1.235821 0.177718 -0.996092
v -1.245284 0.169662 -1.010255
v -1.254262 0.159976 -1.023693
v -1.262671 0.148751 -1.036276
v -1.270427 0.136098 -1.047884
v -1.277457 0.122137 -1.058405
v -1.283692 0.107003 -1.067738
v -1.289074 0.090842 -1.075792
v -1.293550 0.073809 -1.082490
v -1.297076 0.056068 -1.087768
v -1.299620 0.037791 -1.091575
v -1.301156 0.019153 -1.093874
v -1.301670 0.000333 -1.094642
v -1.301156 -0.018486 -1.093874
v -1.299620 -0.037124 -1.091575
v -1.297076 -0.055401 -1.087768
v -1.293550 -0.073142 -1.082490
v -1.289074 -0.090175 -1.075792
v -1.283692 -0.106336 -1.067738
v -1.277457 -0.121470 -1.058405
v -1.270427 -0.135431 -1.047884
v -1.262671 -0.148085 -1.036276
v -1.254262 -0.159309 -1.023693
v -1.245284 -0.168996 -1.010255
v -1.235821 -0.177052 -0.996092
v -1.225965 -0.183399 -0.981342
v -1.215810 -0.187977 -0.966145
v -1.205456 -0.190742 -0.950648
v -1.202202 0.191409 -0.952387
v -1.209334 0.188644 -0.969606
v -1.216329 0.184066 -0.986492
v -1.223118 0.177718 -1.002882
v -1.229636 0.169662 -1.018619
v -1.235821 0.159976 -1.033550
v -1.241612 0.148751 -1.047532
v -1.246955 0.136098 -1.060430
v -1.251797 0.122137 -1.072121
v -1.256093 0.107003 -1.082490
v -1.259799 0.090842 -1.091440
v -1.262882 0.073809 -1.098882
v -1.265311 0.056068 -1.104747
v -1.267063 0.037791 -1.108977
v -1.268121 0.019153 -1.111531
v -1.268475 0.000333 -1.112385
v -1.268121 -0.018486 -1.111531
v -1.267063 -0.037124 -1.108977
v -1.265311 -0.055401 -1.104747
v -1.262882 -0.073142 -1.098882
v -1.259799 -0.090175 -1.091440
v -1.256093 -0.106336 -1.082490
v -1.251797 -0.121470 -1.072121
v -1.246955 -0.135431 -1.060430
v -1.241612 -0.148085 -1.047532
v -1.235821 -0.159309 -1.033550
v -1.229636 -0.168996 -1.018619
v -1.223118 -0.177052 -1.002882
v -1.216329 -0.183399 -0.986492
v -1.209334 -0.187977 -0.969606
v -1.202202 -0.190742 -0.952387
v -1.198672 0.191409 -0.953458
v -1.202308 0.188644 -0.971738
v -1.205873 0.184066 -0.989664
v -1.209334 0.177718 -1.007064
v -1.212657 0.169662 -1.023769
v -1.215810 0.159976 -1.039620
v -1.218763 0.148751 -1.054463
v -1.221487 0.136098 -1.068156
v -1.223955 0.122137 -1.080566
v -1.226145 0.107003 -1.091575
v -1.228035 0.090842 -1.101075
v -1.229606 0.073809 -1.108977
v -1.230844 0.056068 -1.115202
v -1.231738 0.037791 -1.119693
v -1.232277 0.019153 -1.122404
v -1.232457 0.000333 -1.123311
v -1.232277 -0.018486 -1.122404
v -1.231738 -0.037124 -1.119693
v -1.230844 -0.055401 -1.115202
v -1.229606 -0.073142 -1.108977
v -1.228035 -0.090175 -1.101075
v -1.226145 -0.106336 -1.091575
v -1.223955 -0.121470 -1.080566
v -1.221487 -0.135431 -1.068156
v -1.218763 -0.148085 -1.054463
v -1.215810 -0.159309 -1.039620
v -1.212657 -0.168996 -1.023769
v -1.209334 -0.177052 -1.007064
v -1.205873 -0.183399 -0.989664
v -1.202308 -0.187977 -0.971738
v -1.198672 -0.190742 -0.953458
v -1.195000 0.191409 -0.953819
v -1.195000 0.188644 -0.972457
v -1.195000 0.184066 -0.990735
v -1.195000 0.177718 -1.008475
v -1.195000 0.169662 -1.025508
v -1.195000 0.159976 -1.041669
v -1.195000 0.136098 -1.070765
v -1.195000 0.107003 -1.094642
v -1.195000 0.090842 -1.104329
v -1.195000 0.000333 -1.127000
v -1.195000 -0.055401 -1.118733
v -1.195000 -0.073142 -1.112385
v -1.195000 -0.135431 -1.070765
v -1.195000 -0.177052 -1.008475
v -1.195000 -0.183399 -0.990735
v 0.838170 0.105909 -0.529235
v 0.813342 0.065722 -0.543618
v 0.801164 0.018396 -0.550702
v 0.802954 -0.030940 -0.549722
v 0.818518 -0.076940 -0.540782
v 0.846171 -0.114620 -0.524852
v 0.882916 -0.139896 -0.503657
v 0.924770 -0.150029 -0.479496
v 0.967198 -0.143921 -0.454985
v 1.005602 -0.122235 -0.432781
v 1.035822 -0.087319 -0.415291
v 1.054581 -0.042958 -0.404409
v 1.059847 0.006041 -0.401315
v 1.051049 0.054369 -0.406344
v 1.029142 0.096787 -0.418951
v 0.996498 0.128701 -0.437770
v 0.956656 0.146650 -0.460761
v 0.913932 0.148691 -0.485434
v 0.872956 0.134601 -0.509114
v 0.863176 0.105955 -0.572533
v 0.838349 0.065769 -0.586915
v 0.826170 0.018443 -0.594000
v 0.827960 -0.030893 -0.593019
v 0.843525 -0.076894 -0.584079
v 0.871178 -0.114573 -0.568149
v 0.907922 -0.139849 -0.546955
v 0.949776 -0.149983 -0.522793
v 0.992204 -0.143875 -0.498283
v 1.030609 -0.122188 -0.476079
v 1.060828 -0.087272 -0.458589
v 1.079587 -0.042911 -0.447707
v 1.084853 0.006088 -0.444613
v 1.076056 0.054415 -0.449641
v 1.054148 0.096834 -0.462249
v 1.021504 0.128747 -0.481067
v 0.981662 0.146697 -0.504059
v 0.938938 0.148737 -0.528731
v 0.897963 0.134648 -0.552412
v 0.863177 0.105955 -0.572534
v 0.838349 0.065769 -0.586916
v 0.826170 0.018443 -0.594000
v 0.827960 -0.030893 -0.593019
v 0.843524 -0.076893 -0.584079
v 0.871177 -0.114573 -0.568148
v 0.907921 -0.139849 -0.546953
v 0.949775 -0.149983 -0.522792
v 0.992203 -0.143875 -0.498281
v 1.030608 -0.122188 -0.476078
v 1.060827 -0.087272 -0.458588
v 1.079587 -0.042911 -0.447706
v 1.084853 0.006088 -0.444613
v 1.076056 0.054415 -0.449642
v 1.054149 0.096834 -0.462250
v 1.021505 0.128747 -0.481069
v 0.981663 0.146697 -0.504061
v 0.938939 0.148737 -0.528733
v 0.897964 0.134648 -0.552413
v 0.888183 0.106001 -0.615832
v 0.863355 0.065815 -0.630214
v 0.851176 0.018489 -0.637298
v 0.852966 -0.030847 -0.636317
v 0.868530 -0.076848 -0.627376
v 0.896183 -0.114527 -0.611446
v 0.932927 -0.139803 -0.590251
v 0.974781 -0.149937 -0.566089
v 1.017210 -0.143829 -0.541579
v 1.055614 -0.122142 -0.519375
v 1.085833 -0.087226 -0.501885
v 1.104593 -0.042865 -0.491004
v 1.109859 0.006134 -0.487910
v 1.101062 0.054461 -0.492940
v 1.079155 0.096880 -0.505547
v 1.046511 0.128793 -0.524367
v 1.006669 0.146743 -0.547358
v 0.963945 0.148783 -0.572031
v 0.922970 0.134694 -0.595711
v 0.888182 0.106001 -0.615831
v 0.863355 0.065815 -0.630213
v 0.851176 0.018489 -0.637298
v 0.852966 -0.030847 -0.636317
v 0.868531 -0.076848 -0.627377
v 0.896184 -0.114527 -0.611447
v 0.932928 -0.139803 -0.590253
v 0.974782 -0.149937 -0.566091
v 1.017210 -0.143829 -0.541580
v 1.055615 -0.122142 -0.519377
v 1.085834 -0.087226 -0.501886
v 1.104593 -0.042865 -0.491004
v 1.109859 0.006134 -0.487910
v 1.101062 0.054461 -0.492939
v 1.079154 0.096880 -0.505546
v 1.046510 0.128793 -0.524365
v 1.006668 0.146743 -0.547357
v 0.963944 0.148783 -0.572029
v 0.922969 0.134694 -0.595709
v 0.913189 0.106048 -0.659128
v 0.888361 0.065861 -0.673511
v 0.876182 0.018536 -0.680595
v 0.877972 -0.030801 -0.679615
v 0.893537 -0.076801 -0.670675
v 0.921190 -0.114481 -0.654745
v 0.957934 -0.139757 -0.633550
v 0.999788 -0.149890 -0.609389
v 1.042217 -0.143782 -0.584878
v 1.080621 -0.122096 -0.562674
v 1.110840 -0.087180 -0.545184
v 1.129599 -0.042819 -0.534302
v 1.134866 0.006180 -0.531208
v 1.126068 0.054508 -0.536237
v 1.104161 0.096927 -0.548844
v 1.071517 0.128840 -0.567663
v 1.031674 0.146789 -0.590654
v 0.988950 0.148830 -0.615327
v 0.947975 0.134740 -0.639007
v 0.913189 0.106048 -0.659130
v 0.888361 0.065861 -0.673512
v 0.876182 0.018536 -0.680596
v 0.877972 -0.030800 -0.679614
v 0.893536 -0.076801 -0.670674
v 0.921189 -0.114481 -0.654743
v 0.957933 -0.139757 -0.633549
v 0.999787 -0.149890 -0.609387
v 1.042216 -0.143782 -0.584877
v 1.080620 -0.122095 -0.562673
v 1.110840 -0.087180 -0.545183
v 1.129599 -0.042819 -0.534302
v 1.134866 0.006181 -0.531208
v 1.126068 0.054508 -0.536238
v 1.104161 0.096927 -0.548845
v 1.071517 0.128840 -0.567664
v 1.031675 0.146789 -0.590656
v 0.988951 0.148830 -0.615329
v 0.947976 0.134740 -0.639009
v 0.938196 0.106094 -0.702427
v 0.913368 0.065907 -0.716809
v 0.901189 0.018582 -0.723893
v 0.902978 -0.030754 -0.722912
v 0.918543 -0.076755 -0.713972
v 0.946195 -0.114435 -0.698041
v 0.982940 -0.139711 -0.676847
v 1.024793 -0.149844 -0.652685
v 1.067222 -0.143736 -0.628174
v 1.105626 -0.122050 -0.605971
v 1.135846 -0.087134 -0.588481
v 1.154605 -0.042773 -0.577599
v 1.159872 0.006226 -0.574506
v 1.151075 0.054554 -0.579535
v 1.129167 0.096973 -0.592143
v 1.096524 0.128886 -0.610962
v 1.056681 0.146835 -0.633954
v 1.013958 0.148876 -0.658626
v 0.972982 0.134786 -0.682306
v 0.938195 0.106094 -0.702428
v 0.913368 0.065907 -0.716810
v 0.901189 0.018582 -0.723895
v 0.902979 -0.030754 -0.722914
v 0.918544 -0.076755 -0.713974
v 0.946196 -0.114435 -0.698044
v 0.982940 -0.139711 -0.676849
v 1.024794 -0.149844 -0.652687
v 1.067222 -0.143736 -0.628175
v 1.105626 -0.122049 -0.605971
v 1.135845 -0.087134 -0.588481
v 1.154604 -0.042773 -0.577599
v 1.159870 0.006227 -0.574504
v 1.151073 0.054554 -0.579533
v 1.129165 0.096973 -0.592141
v 1.096522 0.128886 -0.610960
v 1.056680 0.146835 -0.633952
v 1.013956 0.148876 -0.658625
v 0.972981 0.134786 -0.682306
v 0.963202 0.106140 -0.745725
v 0.938374 0.065954 -0.760108
v 0.926196 0.018628 -0.767192
v 0.927986 -0.030708 -0.766212
v 0.943550 -0.076708 -0.757271
v 0.971203 -0.114388 -0.741341
v 1.007947 -0.139664 -0.720146
v 1.049801 -0.149797 -0.695984
v 1.092229 -0.143690 -0.671473
v 1.130633 -0.122003 -0.649269
v 1.160852 -0.087087 -0.631778
v 1.179611 -0.042726 -0.620896
v 1.184877 0.006273 -0.617802
v 1.176080 0.054601 -0.622831
v 1.154172 0.097019 -0.635438
v 1.121529 0.128932 -0.654257
v 1.081686 0.146882 -0.677249
v 1.038963 0.148922 -0.701922
v 0.997988 0.134833 -0.725603
v 0.963202 0.106140 -0.745726
v 0.938374 0.065954 -0.760109
v 0.926195 0.018628 -0.767193
v 0.927985 -0.030708 -0.766212
v 0.943549 -0.076708 -0.757271
v 0.971202 -0.114388 -0.741340
v 1.007946 -0.139664 -0.720145
v 1.049799 -0.149797 -0.695983
v 1.092227 -0.143690 -0.671472
v 1.130632 -0.122003 -0.649268
v 1.160851 -0.087087 -0.631777
v 1.179610 -0.042726 -0.620896
v 1.184876 0.006273 -0.617802
v 1.176080 0.054601 -0.622832
v 1.154172 0.097019 -0.635439
v 1.121529 0.128933 -0.654259
v 1.081687 0.146882 -0.677251
v 1.038963 0.148923 -0.701924
v 0.997988 0.134833 -0.725605
v 0.988209 0.106186 -0.789024
v 0.963381 0.066000 -0.803406
v 0.951202 0.018674 -0.810490
v 0.952992 -0.030662 -0.809509
v 0.968556 -0.076662 -0.800568
v 0.996208 -0.114342 -0.784637
v 1.032953 -0.139618 -0.763442
v 1.074806 -0.149751 -0.739280
v 1.117234 -0.143644 -0.714769
v 1.155638 -0.121957 -0.692565
v 1.185858 -0.087041 -0.675075
v 1.204617 -0.042680 -0.664193
v 1.209883 0.006319 -0.661099
v 1.201086 0.054647 -0.666129
v 1.179179 0.097065 -0.678737
v 1.146536 0.128978 -0.697556
v 1.106694 0.146928 -0.720549
v 1.063970 0.148968 -0.745222
v 1.022995 0.134879 -0.768902
v 0.988208 0.106186 -0.789023
v 0.963380 0.066000 -0.803406
v 0.951201 0.018674 -0.810490
v 0.952991 -0.030662 -0.809510
v 0.968556 -0.076662 -0.800570
v 0.996209 -0.114342 -0.784639
v 1.032953 -0.139618 -0.763444
v 1.074806 -0.149751 -0.739282
v 1.117234 -0.143644 -0.714771
v 1.155639 -0.121957 -0.692567
v 1.185858 -0.087041 -0.675076
v 1.204617 -0.042680 -0.664194
v 1.209883 0.006319 -0.661100
v 1.201085 0.054647 -0.666129
v 1.179178 0.097065 -0.678736
v 1.146534 0.128978 -0.697555
v 1.106692 0.146928 -0.720547
v 1.063969 0.148968 -0.745220
v 1.022994 0.134879 -0.768901
v 1.013214 0.106233 -0.832320
v 0.988387 0.066046 -0.846703
v 0.976208 0.018721 -0.853788
v 0.977998 -0.030615 -0.852807
v 0.993563 -0.076616 -0.843867
v 1.021215 -0.114296 -0.827936
v 1.057960 -0.139572 -0.806742
v 1.099813 -0.149705 -0.782579
v 1.142241 -0.143597 -0.758068
v 1.180645 -0.121910 -0.735864
v 1.210864 -0.086995 -0.718373
v 1.229623 -0.042633 -0.707491
v 1.234890 0.006366 -0.704397
v 1.226092 0.054693 -0.709426
v 1.204185 0.097112 -0.722033
v 1.171541 0.129025 -0.740853
v 1.131699 0.146974 -0.763845
v 1.088975 0.149015 -0.788518
v 1.048000 0.134926 -0.812198
v 1.013215 0.106233 -0.832323
v 0.988387 0.066047 -0.846705
v 0.976208 0.018721 -0.853788
v 0.977997 -0.030615 -0.852807
v 0.993561 -0.076615 -0.843866
v 1.021213 -0.114295 -0.827934
v 1.057957 -0.139571 -0.806739
v 1.099811 -0.149704 -0.782577
v 1.142239 -0.143597 -0.758065
v 1.180643 -0.121910 -0.735862
v 1.210862 -0.086994 -0.718372
v 1.229622 -0.042633 -0.707491
v 1.234889 0.006366 -0.704397
v 1.226092 0.054694 -0.709428
v 1.204185 0.097112 -0.722036
v 1.171542 0.129025 -0.740856
v 1.131700 0.146975 -0.763848
v 1.088977 0.149015 -0.788521
v 1.048002 0.134926 -0.812202
v 1.038222 0.106279 -0.875620
v 1.013394 0.066092 -0.890002
v 1.001215 0.018767 -0.897086
v 1.003004 -0.030570 -0.896104
v 1.018568 -0.076570 -0.887163
v 1.046220 -0.114250 -0.871231
v 1.082964 -0.139526 -0.850036
v 1.124817 -0.149659 -0.825874
v 1.167245 -0.143551 -0.801363
v 1.205650 -0.121865 -0.779159
v 1.235869 -0.086949 -0.761669
v 1.254629 -0.042588 -0.750788
v 1.259896 0.006411 -0.747695
v 1.251099 0.054739 -0.752725
v 1.229192 0.097158 -0.765333
v 1.196549 0.129071 -0.784153
v 1.156707 0.147020 -0.807146
v 1.113983 0.149061 -0.831819
v 1.073008 0.134971 -0.855499
v 1.038220 0.106279 -0.875618
v 1.013392 0.066093 -0.890001
v 1.001214 0.018767 -0.897086
v 1.003004 -0.030569 -0.896105
v 1.018568 -0.076570 -0.887165
v 1.046221 -0.114249 -0.871234
v 1.082965 -0.139526 -0.850040
v 1.124819 -0.149659 -0.825877
v 1.167247 -0.143551 -0.801366
v 1.205651 -0.121864 -0.779162
v 1.235870 -0.086948 -0.761671
v 1.254629 -0.042587 -0.750789
v 1.259895 0.006412 -0.747695
v 1.251098 0.054739 -0.752724
v 1.229190 0.097158 -0.765331
v 1.196547 0.129071 -0.784151
v 1.156704 0.147021 -0.807143
v 1.113981 0.149061 -0.831816
v 1.073006 0.134972 -0.855496
v 1.063227 0.106326 -0.918916
v 1.038399 0.066139 -0.933298
v 1.026221 0.018814 -0.940383
v 1.028011 -0.030523 -0.939402
v 1.043575 -0.076523 -0.930462
v 1.071228 -0.114203 -0.914532
v 1.107972 -0.139479 -0.893337
v 1.149826 -0.149612 -0.869175
v 1.192254 -0.143504 -0.844664
v 1.230658 -0.121818 -0.822459
v 1.260877 -0.086902 -0.804969
v 1.279636 -0.042541 -0.794087
v 1.284902 0.006458 -0.790992
v 1.276104 0.054786 -0.796021
v 1.254197 0.097204 -0.808629
v 1.221553 0.129118 -0.827448
v 1.181711 0.147067 -0.850440
v 1.138988 0.149108 -0.875113
v 1.098013 0.135018 -0.898794
v 1.063227 0.106326 -0.918918
v 1.038399 0.066139 -0.933300
v 1.026220 0.018814 -0.940384
v 1.028009 -0.030522 -0.939402
v 1.043574 -0.076523 -0.930461
v 1.071226 -0.114203 -0.914530
v 1.107970 -0.139479 -0.893334
v 1.149823 -0.149612 -0.869172
v 1.192251 -0.143504 -0.844661
v 1.230656 -0.121817 -0.822457
v 1.260875 -0.086902 -0.804967
v 1.279634 -0.042540 -0.794086
v 1.284901 0.006459 -0.790993
v 1.276105 0.054786 -0.796023
v 1.254198 0.097205 -0.808631
v 1.221555 0.129118 -0.827451
v 1.181712 0.147068 -0.850444
v 1.138989 0.149108 -0.875117
v 1.098014 0.135019 -0.898797
v 1.088234 0.106371 -0.962216
v 1.063406 0.066185 -0.976597
v 1.051227 0.018859 -0.983681
v 1.053016 -0.030477 -0.982699
v 1.068580 -0.076477 -0.973758
v 1.096233 -0.114157 -0.957827
v 1.132976 -0.139433 -0.936631
v 1.174830 -0.149567 -0.912469
v 1.217258 -0.143459 -0.887958
v 1.255662 -0.121772 -0.865755
v 1.285882 -0.086856 -0.848265
v 1.304641 -0.042495 -0.837383
v 1.309908 0.006504 -0.834290
v 1.301111 0.054831 -0.839320
v 1.279204 0.097250 -0.851929
v 1.246561 0.129163 -0.870749
v 1.206719 0.147113 -0.893741
v 1.163996 0.149153 -0.918414
v 1.123021 0.135064 -0.942094
v 1.088232 0.106372 -0.962214
v 1.063405 0.066185 -0.976596
v 1.051226 0.018860 -0.983681
v 1.053016 -0.030477 -0.982700
v 1.068581 -0.076477 -0.973760
v 1.096233 -0.114157 -0.957830
v 1.132977 -0.139433 -0.936635
v 1.174831 -0.149566 -0.912473
v 1.217259 -0.143458 -0.887962
v 1.255663 -0.121772 -0.865758
v 1.285882 -0.086856 -0.848267
v 1.304641 -0.042495 -0.837385
v 1.309907 0.006504 -0.834290
v 1.301110 0.054832 -0.839319
v 1.279202 0.097250 -0.851927
v 1.246559 0.129164 -0.870746
v 1.206717 0.147113 -0.893738
v 1.163993 0.149154 -0.918411
v 1.123018 0.135064 -0.942092
v 1.113239 0.106418 -1.005511
v 1.088412 0.066232 -1.019894
v 1.076233 0.018906 -1.026978
v 1.078023 -0.030430 -1.025998
v 1.093587 -0.076430 -1.017058
v 1.121240 -0.114110 -1.001127
v 1.157984 -0.139386 -0.979932
v 1.199838 -0.149520 -0.955770
v 1.242266 -0.143412 -0.931259
v 1.280670 -0.121725 -0.909055
v 1.310889 -0.086809 -0.891564
v 1.329648 -0.042448 -0.880682
v 1.334914 0.006551 -0.877588
v 1.326117 0.054878 -0.882617
v 1.304209 0.097297 -0.895224
v 1.271566 0.129210 -0.914043
v 1.231723 0.147160 -0.937035
v 1.189000 0.149200 -0.961708
v 1.148025 0.135111 -0.985389
v 0.838366 -0.105205 0.529574
v 0.813465 -0.065018 0.543829
v 0.801198 -0.017693 0.550763
v 0.802897 0.031643 0.549625
v 0.818376 0.077643 0.540538
v 0.845959 0.115323 0.524487
v 0.882656 0.140600 0.503212
v 0.924491 0.150733 0.479017
v 0.966930 0.144626 0.454524
v 1.005374 0.122940 0.432389
v 1.035657 0.088024 0.415009
v 1.054498 0.043664 0.404268
v 1.059855 -0.005335 0.401330
v 1.051147 -0.053663 0.406513
v 1.029318 -0.096081 0.419256
v 0.996734 -0.127995 0.438178
v 0.956925 -0.145945 0.461227
v 0.914206 -0.147986 0.485907
v 0.873205 -0.133897 0.509544
v 0.863374 -0.105067 0.572871
v 0.838472 -0.064881 0.587126
v 0.826205 -0.017555 0.594060
v 0.827904 0.031781 0.592922
v 0.843384 0.077781 0.583835
v 0.870966 0.115461 0.567784
v 0.907663 0.140738 0.546508
v 0.949498 0.150871 0.522314
v 0.991937 0.144764 0.497821
v 1.030381 0.123077 0.475686
v 1.060664 0.088162 0.458306
v 1.079505 0.043801 0.447565
v 1.084862 -0.005198 0.444627
v 1.076154 -0.053525 0.449810
v 1.054326 -0.095944 0.462553
v 1.021741 -0.127857 0.481474
v 0.981933 -0.145807 0.504524
v 0.939213 -0.147848 0.529204
v 0.898212 -0.133759 0.552840
v 0.863376 -0.105067 0.572878
v 0.838472 -0.064881 0.587130
v 0.826204 -0.017555 0.594060
v 0.827901 0.031781 0.592919
v 0.843379 0.077781 0.583829
v 0.870961 0.115461 0.567776
v 0.907657 0.140737 0.546499
v 0.949492 0.150870 0.522304
v 0.991931 0.144763 0.497812
v 1.030376 0.123076 0.475679
v 1.060661 0.088161 0.458302
v 1.079504 0.043800 0.447564
v 1.084862 -0.005199 0.444630
v 1.076156 -0.053526 0.449816
v 1.054329 -0.095945 0.462562
v 1.021745 -0.127858 0.481485
v 0.981937 -0.145808 0.504535
v 0.939217 -0.147849 0.529215
v 0.898216 -0.133759 0.552850
v 0.888382 -0.104925 0.616175
v 0.863479 -0.064739 0.630427
v 0.851211 -0.017414 0.637357
v 0.852908 0.031922 0.636216
v 0.868386 0.077923 0.627126
v 0.895967 0.115603 0.611073
v 0.932664 0.140879 0.589796
v 0.974499 0.151012 0.565601
v 1.016938 0.144904 0.541109
v 1.055383 0.123218 0.518976
v 1.085668 0.088302 0.501599
v 1.104511 0.043942 0.490862
v 1.109869 -0.005057 0.487927
v 1.101163 -0.053385 0.493113
v 1.079335 -0.095803 0.505859
v 1.046752 -0.127717 0.524782
v 1.006943 -0.145666 0.547832
v 0.964224 -0.147707 0.572512
v 0.923222 -0.133618 0.596147
v 0.888382 -0.104928 0.616176
v 0.863478 -0.064742 0.630427
v 0.851210 -0.017416 0.637358
v 0.852907 0.031920 0.636216
v 0.868385 0.077920 0.627127
v 0.895967 0.115600 0.611073
v 0.932663 0.140876 0.589796
v 0.974498 0.151009 0.565601
v 1.016937 0.144902 0.541110
v 1.055383 0.123215 0.518977
v 1.085667 0.088300 0.501599
v 1.104510 0.043939 0.490862
v 1.109869 -0.005060 0.487927
v 1.101162 -0.053387 0.493114
v 1.079335 -0.095806 0.505859
v 1.046751 -0.127719 0.524782
v 1.006943 -0.145669 0.547833
v 0.964223 -0.147710 0.572513
v 0.923222 -0.133620 0.596147
v 0.913388 -0.104786 0.659473
v 0.888485 -0.064600 0.673724
v 0.876217 -0.017275 0.680655
v 0.877914 0.032061 0.679514
v 0.893392 0.078062 0.670424
v 0.920974 0.115741 0.654370
v 0.957670 0.141018 0.633093
v 0.999505 0.151151 0.608898
v 1.041944 0.145043 0.584407
v 1.080389 0.123357 0.562274
v 1.110674 0.088441 0.544897
v 1.129517 0.044080 0.534159
v 1.134875 -0.004919 0.531224
v 1.126169 -0.053246 0.536411
v 1.104342 -0.095664 0.549156
v 1.071758 -0.127578 0.568080
v 1.031950 -0.145527 0.591130
v 0.989230 -0.147568 0.615810
v 0.948229 -0.133479 0.639444
v 0.913385 -0.104787 0.659472
v 0.888482 -0.064600 0.673724
v 0.876216 -0.017274 0.680655
v 0.877914 0.032062 0.679514
v 0.893393 0.078062 0.670425
v 0.920976 0.115741 0.654372
v 0.957673 0.141016 0.633096
v 0.999508 0.151149 0.608901
v 1.041947 0.145041 0.584409
v 1.080392 0.123353 0.562276
v 1.110676 0.088437 0.544898
v 1.129517 0.044076 0.534160
v 1.134875 -0.004923 0.531225
v 1.126167 -0.053250 0.536410
v 1.104338 -0.095668 0.549155
v 1.071754 -0.127581 0.568078
v 1.031945 -0.145530 0.591128
v 0.989225 -0.147570 0.615808
v 0.948224 -0.133480 0.639443
v 0.938391 -0.104646 0.702769
v 0.913489 -0.064460 0.717021
v 0.901222 -0.017134 0.723952
v 0.902921 0.032202 0.722812
v 0.918400 0.078202 0.713722
v 0.945983 0.115881 0.697670
v 0.982680 0.141157 0.676393
v 1.024515 0.151289 0.652198
v 1.066954 0.145181 0.627707
v 1.105399 0.123494 0.605573
v 1.135683 0.088577 0.588195
v 1.154524 0.044216 0.577457
v 1.159881 -0.004783 0.574522
v 1.151174 -0.053110 0.579708
v 1.129345 -0.095528 0.592453
v 1.096761 -0.127441 0.611375
v 1.056952 -0.145389 0.634425
v 1.014232 -0.147429 0.659105
v 0.973231 -0.133339 0.682740
v 0.938387 -0.104646 0.702763
v 0.913486 -0.064459 0.717018
v 0.901221 -0.017134 0.723952
v 0.902921 0.032202 0.722814
v 0.918402 0.078202 0.713727
v 0.945986 0.115882 0.697676
v 0.982684 0.141157 0.676401
v 1.024519 0.151290 0.652207
v 1.066958 0.145181 0.627715
v 1.105402 0.123494 0.605580
v 1.135685 0.088578 0.588201
v 1.154525 0.044216 0.577460
v 1.159880 -0.004783 0.574522
v 1.151171 -0.053110 0.579705
v 1.129341 -0.095528 0.592447
v 1.096756 -0.127441 0.611368
v 1.056946 -0.145389 0.634418
v 1.014226 -0.147429 0.659097
v 0.973226 -0.133339 0.682733
v 0.963394 -0.104509 0.746060
v 0.938493 -0.064322 0.760315
v 0.926228 -0.016997 0.767249
v 0.927928 0.032339 0.766111
v 0.943409 0.078339 0.757024
v 0.970993 0.116019 0.740973
v 1.007691 0.141294 0.719698
v 1.049526 0.151427 0.695504
v 1.091965 0.145318 0.671012
v 1.130409 0.123631 0.648877
v 1.160691 0.088715 0.631498
v 1.179532 0.044354 0.620757
v 1.184887 -0.004646 0.617819
v 1.176178 -0.052973 0.623002
v 1.154348 -0.095391 0.635745
v 1.121763 -0.127304 0.654666
v 1.081953 -0.145252 0.677715
v 1.039233 -0.147292 0.702394
v 0.998233 -0.133202 0.726030
v 0.963394 -0.104508 0.746061
v 0.938492 -0.064321 0.760314
v 0.926227 -0.016995 0.767248
v 0.927926 0.032341 0.766109
v 0.943407 0.078341 0.757022
v 0.970991 0.116020 0.740971
v 1.007689 0.141296 0.719696
v 1.049525 0.151428 0.695502
v 1.091964 0.145320 0.671011
v 1.130408 0.123632 0.648877
v 1.160691 0.088716 0.631498
v 1.179532 0.044355 0.620758
v 1.184888 -0.004644 0.617821
v 1.176179 -0.052971 0.623005
v 1.154349 -0.095389 0.635747
v 1.121763 -0.127302 0.654668
v 1.081954 -0.145251 0.677717
v 1.039234 -0.147291 0.702396
v 0.998233 -0.133201 0.726031
v 0.988400 -0.104370 0.789358
v 0.963498 -0.064183 0.803612
v 0.951233 -0.016857 0.810545
v 0.952932 0.032479 0.809407
v 0.968413 0.078479 0.800320
v 0.995997 0.116158 0.784269
v 1.032695 0.141433 0.762994
v 1.074531 0.151566 0.738800
v 1.116970 0.145457 0.714309
v 1.155414 0.123770 0.692175
v 1.185697 0.088854 0.674796
v 1.204538 0.044493 0.664056
v 1.209894 -0.004506 0.661119
v 1.201185 -0.052833 0.666302
v 1.179355 -0.095252 0.679045
v 1.146770 -0.127164 0.697966
v 1.106960 -0.145113 0.721014
v 1.064240 -0.147153 0.745694
v 1.023239 -0.133063 0.769329
v 0.988399 -0.104368 0.789357
v 0.963498 -0.064181 0.803613
v 0.951234 -0.016855 0.810548
v 0.952935 0.032481 0.809411
v 0.968416 0.078481 0.800325
v 0.996000 0.116160 0.784275
v 1.032698 0.141435 0.763000
v 1.074533 0.151568 0.738805
v 1.116972 0.145460 0.714313
v 1.155415 0.123772 0.692177
v 1.185697 0.088856 0.674797
v 1.204536 0.044495 0.664055
v 1.209891 -0.004504 0.661115
v 1.201182 -0.052831 0.666297
v 1.179351 -0.095249 0.679039
v 1.146766 -0.127162 0.697960
v 1.106956 -0.145111 0.721009
v 1.064237 -0.147151 0.745689
v 1.023237 -0.133061 0.769326
v 1.013406 -0.104232 0.832654
v 0.988506 -0.064045 0.846910
v 0.976241 -0.016719 0.853845
v 0.977942 0.032617 0.852708
v 0.993423 0.078617 0.843622
v 1.021007 0.116296 0.827572
v 1.057705 0.141571 0.806297
v 1.099540 0.151704 0.782102
v 1.141979 0.145595 0.757610
v 1.180422 0.123908 0.735474
v 1.210704 0.088992 0.718093
v 1.229543 0.044631 0.707352
v 1.234899 -0.004368 0.704412
v 1.226189 -0.052695 0.709594
v 1.204358 -0.095114 0.722336
v 1.171773 -0.127026 0.741257
v 1.131963 -0.144975 0.764306
v 1.089244 -0.147015 0.788986
v 1.048244 -0.132925 0.812623
v 1.013408 -0.104231 0.832659
v 0.988506 -0.064044 0.846912
v 0.976240 -0.016718 0.853843
v 0.977938 0.032618 0.852703
v 0.993418 0.078618 0.843615
v 1.021001 0.116297 0.827563
v 1.057699 0.141572 0.806287
v 1.099534 0.151705 0.782092
v 1.141973 0.145597 0.757602
v 1.180418 0.123909 0.735468
v 1.210702 0.088993 0.718091
v 1.229543 0.044632 0.707352
v 1.234900 -0.004367 0.704416
v 1.226192 -0.052694 0.709602
v 1.204363 -0.095112 0.722346
v 1.171778 -0.127025 0.741268
v 1.131969 -0.144974 0.764317
v 1.089249 -0.147014 0.788996
v 1.048248 -0.132924 0.812631
v 1.038414 -0.104091 0.875957
v 1.013512 -0.063904 0.890209
v 1.001245 -0.016579 0.897141
v 1.002944 0.032757 0.896001
v 1.018424 0.078757 0.886912
v 1.046007 0.116437 0.870860
v 1.082705 0.141712 0.849584
v 1.124540 0.151845 0.825390
v 1.166980 0.145736 0.800899
v 1.205424 0.124049 0.778766
v 1.235708 0.089133 0.761388
v 1.254549 0.044772 0.750650
v 1.259906 -0.004227 0.747714
v 1.251198 -0.052555 0.752899
v 1.229369 -0.094973 0.765643
v 1.196784 -0.126885 0.784565
v 1.156975 -0.144834 0.807615
v 1.114255 -0.146874 0.832294
v 1.073254 -0.132784 0.855928
v 1.038414 -0.104092 0.875958
v 1.013512 -0.063905 0.890211
v 1.001246 -0.016579 0.897143
v 1.002945 0.032757 0.896002
v 1.018425 0.078757 0.886914
v 1.046007 0.116436 0.870861
v 1.082705 0.141711 0.849585
v 1.124540 0.151844 0.825390
v 1.166979 0.145735 0.800899
v 1.205423 0.124048 0.778765
v 1.235707 0.089132 0.761387
v 1.254548 0.044771 0.750648
v 1.259905 -0.004228 0.747712
v 1.251197 -0.052555 0.752898
v 1.229368 -0.094974 0.765642
v 1.196784 -0.126886 0.784564
v 1.156975 -0.144835 0.807614
v 1.114255 -0.146875 0.832294
v 1.073254 -0.132785 0.855929
v 1.063421 -0.103952 0.919255
v 1.038519 -0.063765 0.933508
v 1.026253 -0.016440 0.940440
v 1.027951 0.032896 0.939300
v 1.043431 0.078896 0.930211
v 1.071014 0.116576 0.914159
v 1.107711 0.141851 0.892882
v 1.149546 0.151984 0.868687
v 1.191985 0.145875 0.844196
v 1.230430 0.124188 0.822062
v 1.260714 0.089272 0.804684
v 1.279555 0.044911 0.793945
v 1.284912 -0.004089 0.791010
v 1.276204 -0.052416 0.796195
v 1.254375 -0.094834 0.808939
v 1.221790 -0.126746 0.827862
v 1.181981 -0.144695 0.850912
v 1.139261 -0.146735 0.875591
v 1.098260 -0.132645 0.899226
v 1.063422 -0.103953 0.919260
v 1.038520 -0.063767 0.933512
v 1.026253 -0.016441 0.940443
v 1.027951 0.032895 0.939301
v 1.043430 0.078895 0.930211
v 1.071012 0.116574 0.914158
v 1.107709 0.141850 0.892880
v 1.149544 0.151982 0.868685
v 1.191983 0.145874 0.844193
v 1.230427 0.124186 0.822059
v 1.260711 0.089270 0.804681
v 1.279552 0.044909 0.793943
v 1.284910 -0.004090 0.791009
v 1.276203 -0.052417 0.796195
v 1.254375 -0.094835 0.808941
v 1.221791 -0.126748 0.827864
v 1.181982 -0.144697 0.850915
v 1.139263 -0.146737 0.875595
v 1.098262 -0.132647 0.899231
v 1.088430 -0.103812 0.962556
v 1.063527 -0.063626 0.976809
v 1.051260 -0.016300 0.983739
v 1.052958 0.033036 0.982598
v 1.068437 0.079036 0.973508
v 1.096020 0.116715 0.957455
v 1.132716 0.141991 0.936177
v 1.174551 0.152123 0.911982
v 1.216990 0.146015 0.887490
v 1.255434 0.124327 0.865356
v 1.285718 0.089411 0.847978
v 1.304559 0.045050 0.837240
v 1.309917 -0.003949 0.834305
v 1.301210 -0.052276 0.839492
v 1.279382 -0.094694 0.852237
v 1.246798 -0.126607 0.871161
v 1.206989 -0.144556 0.894212
v 1.164270 -0.146596 0.918892
v 1.123269 -0.132506 0.942528
v 1.088428 -0.103815 0.962554
v 1.063525 -0.063628 0.976806
v 1.051258 -0.016302 0.983736
v 1.052956 0.033034 0.982595
v 1.068435 0.079034 0.973505
v 1.096018 0.116713 0.957453
v 1.132715 0.141989 0.936176
v 1.174550 0.152121 0.911982
v 1.216990 0.146013 0.887491
v 1.255435 0.124325 0.865358
v 1.285719 0.089409 0.847981
v 1.304561 0.045048 0.837244
v 1.309918 -0.003951 0.834309
v 1.301211 -0.052278 0.839495
v 1.279382 -0.094696 0.852240
v 1.246798 -0.126609 0.871163
v 1.206989 -0.144558 0.894213
v 1.164269 -0.146598 0.918892
v 1.123267 -0.132508 0.942526
v 1.113434 -0.103674 1.005852
v 1.088531 -0.063487 1.020103
v 1.076264 -0.016161 1.027034
v 1.077962 0.033175 1.025893
v 1.093441 0.079175 1.016803
v 1.121024 0.116854 1.000750
v 1.157721 0.142130 0.979474
v 1.199556 0.152262 0.955279
v 1.241996 0.146154 0.930788
v 1.280441 0.124466 0.908656
v 1.310725 0.089550 0.891279
v 1.329567 0.045189 0.880541
v 1.334924 -0.003810 0.877607
v 1.326217 -0.052137 0.882793
v 1.304389 -0.094555 0.895538
v 1.271804 -0.126468 0.914461
v 1.231995 -0.144417 0.937511
v 1.189275 -0.146457 0.962190
v 1.148273 -0.132367 0.985824
v -1.021864 -0.107244 0.423143
v -1.046730 -0.067057 0.408824
v -1.058953 -0.019732 0.401816
v -1.057210 0.029604 0.402876
v -1.041688 0.075605 0.411890
v -1.014071 0.113285 0.427881
v -0.977351 0.138562 0.449116
v -0.935507 0.148696 0.473294
v -0.893073 0.142589 0.497796
v -0.854649 0.120903 0.519965
v -0.824397 0.085987 0.537400
v -0.805596 0.041627 0.548211
v -0.800283 -0.007372 0.551226
v -0.809035 -0.055700 0.546120
v -0.830903 -0.098119 0.533444
v -0.863516 -0.130033 0.514574
v -0.903341 -0.147983 0.491553
v -0.946063 -0.150024 0.466876
v -0.987051 -0.135936 0.443218
v -1.046871 -0.107290 0.466440
v -1.071737 -0.067104 0.452122
v -1.083960 -0.019779 0.445113
v -1.082217 0.029558 0.446173
v -1.066695 0.075558 0.455187
v -1.039078 0.113239 0.471178
v -1.002358 0.138515 0.492413
v -0.960514 0.148649 0.516592
v -0.918080 0.142542 0.541093
v -0.879656 0.120856 0.563262
v -0.849404 0.085941 0.580697
v -0.830603 0.041580 0.591508
v -0.825290 -0.007419 0.594524
v -0.834042 -0.055747 0.589417
v -0.855909 -0.098166 0.576742
v -0.888523 -0.130079 0.557871
v -0.928348 -0.148030 0.534850
v -0.971070 -0.150071 0.510174
v -1.012058 -0.135982 0.486516
v -1.046871 -0.107290 0.466442
v -1.071736 -0.067104 0.452123
v -1.083960 -0.019779 0.445114
v -1.082216 0.029557 0.446173
v -1.066694 0.075558 0.455186
v -1.039077 0.113238 0.471177
v -1.002357 0.138515 0.492412
v -0.960512 0.148649 0.516590
v -0.918079 0.142542 0.541092
v -0.879654 0.120856 0.563261
v -0.849402 0.085941 0.580696
v -0.830602 0.041580 0.591508
v -0.825290 -0.007419 0.594524
v -0.834042 -0.055747 0.589418
v -0.855909 -0.098166 0.576743
v -0.888523 -0.130079 0.557873
v -0.928348 -0.148030 0.534852
v -0.971070 -0.150071 0.510176
v -1.012058 -0.135982 0.486518
v -1.071878 -0.107336 0.509739
v -1.096743 -0.067150 0.495420
v -1.108966 -0.019825 0.488411
v -1.107223 0.029512 0.489470
v -1.091701 0.075512 0.498484
v -1.064084 0.113193 0.514474
v -1.027363 0.138469 0.535709
v -0.985519 0.148603 0.559888
v -0.943086 0.142496 0.584389
v -0.904661 0.120810 0.606559
v -0.874409 0.085895 0.623994
v -0.855609 0.041534 0.634805
v -0.850297 -0.007465 0.637821
v -0.859048 -0.055792 0.632715
v -0.880916 -0.098212 0.620040
v -0.913530 -0.130125 0.601170
v -0.953355 -0.148075 0.578150
v -0.996077 -0.150117 0.553473
v -1.037065 -0.136028 0.529815
v -1.071878 -0.107336 0.509739
v -1.096743 -0.067150 0.495421
v -1.108967 -0.019825 0.488412
v -1.107223 0.029511 0.489472
v -1.091702 0.075512 0.498486
v -1.064085 0.113192 0.514477
v -1.027364 0.138469 0.535712
v -0.985520 0.148603 0.559889
v -0.943086 0.142496 0.584390
v -0.904661 0.120810 0.606559
v -0.874409 0.085895 0.623994
v -0.855608 0.041534 0.634804
v -0.850295 -0.007465 0.637820
v -0.859047 -0.055793 0.632713
v -0.880914 -0.098212 0.620038
v -0.913528 -0.130125 0.601168
v -0.953354 -0.148076 0.578148
v -0.996076 -0.150117 0.553472
v -1.037064 -0.136028 0.529814
v -1.096884 -0.107383 0.553037
v -1.121750 -0.067197 0.538719
v -1.133973 -0.019871 0.531710
v -1.132230 0.029465 0.532770
v -1.116708 0.075466 0.541784
v -1.089091 0.113146 0.557774
v -1.052370 0.138423 0.579009
v -1.010526 0.148557 0.603187
v -0.968092 0.142450 0.627688
v -0.929667 0.120764 0.649857
v -0.899415 0.085848 0.667291
v -0.880614 0.041488 0.678102
v -0.875301 -0.007511 0.681117
v -0.884053 -0.055839 0.676011
v -0.905921 -0.098258 0.663336
v -0.938534 -0.130172 0.644466
v -0.978360 -0.148122 0.621445
v -1.021082 -0.150163 0.596770
v -1.062070 -0.136075 0.573112
v -1.096884 -0.107383 0.553037
v -1.121749 -0.067197 0.538718
v -1.133972 -0.019871 0.531709
v -1.132228 0.029465 0.532768
v -1.116707 0.075466 0.541782
v -1.089089 0.113146 0.557772
v -1.052369 0.138423 0.579007
v -1.010525 0.148557 0.603186
v -0.968091 0.142450 0.627687
v -0.929666 0.120763 0.649857
v -0.899415 0.085848 0.667292
v -0.880614 0.041487 0.678103
v -0.875302 -0.007512 0.681119
v -0.884054 -0.055839 0.676013
v -0.905922 -0.098258 0.663338
v -0.938535 -0.130172 0.644468
v -0.978361 -0.148122 0.621448
v -1.021082 -0.150163 0.596771
v -1.062071 -0.136075 0.573113
v -1.121890 -0.107429 0.596334
v -1.146756 -0.067243 0.582016
v -1.158979 -0.019917 0.575006
v -1.157235 0.029419 0.576066
v -1.141713 0.075420 0.585079
v -1.114096 0.113100 0.601070
v -1.077376 0.138377 0.622305
v -1.035532 0.148511 0.646483
v -0.993098 0.142404 0.670985
v -0.954673 0.120718 0.693154
v -0.924422 0.085802 0.710589
v -0.905621 0.041442 0.721401
v -0.900309 -0.007558 0.724417
v -0.909061 -0.055885 0.719311
v -0.930929 -0.098304 0.706636
v -0.963542 -0.130218 0.687766
v -1.003368 -0.148168 0.664745
v -1.046089 -0.150209 0.640069
v -1.087077 -0.136121 0.616410
v -1.121889 -0.107429 0.596333
v -1.146754 -0.067243 0.582015
v -1.158978 -0.019917 0.575006
v -1.157234 0.029419 0.576066
v -1.141713 0.075420 0.585080
v -1.114096 0.113100 0.601071
v -1.077376 0.138377 0.622307
v -1.035532 0.148511 0.646485
v -0.993098 0.142404 0.670986
v -0.954673 0.120717 0.693156
v -0.924421 0.085802 0.710591
v -0.905621 0.041441 0.721401
v -0.900308 -0.007558 0.724417
v -0.909060 -0.055885 0.719310
v -0.930927 -0.098304 0.706635
v -0.963541 -0.130218 0.687765
v -1.003366 -0.148168 0.664744
v -1.046088 -0.150209 0.640067
v -1.087076 -0.136121 0.616409
v -1.146896 -0.107475 0.639631
v -1.171761 -0.067289 0.625313
v -1.183985 -0.019964 0.618304
v -1.182241 0.029372 0.619364
v -1.166720 0.075373 0.628378
v -1.139103 0.113053 0.644369
v -1.102383 0.138330 0.665604
v -1.060539 0.148464 0.689782
v -1.018105 0.142357 0.714284
v -0.979680 0.120671 0.736453
v -0.949428 0.085756 0.753888
v -0.930627 0.041395 0.764699
v -0.925315 -0.007604 0.767714
v -0.934067 -0.055932 0.762608
v -0.955934 -0.098351 0.749932
v -0.988547 -0.130265 0.731062
v -1.028373 -0.148215 0.708041
v -1.071094 -0.150256 0.683365
v -1.112082 -0.136167 0.659707
v -1.146896 -0.107475 0.639632
v -1.171761 -0.067289 0.625314
v -1.183984 -0.019964 0.618304
v -1.182240 0.029372 0.619364
v -1.166719 0.075373 0.628377
v -1.139102 0.113053 0.644368
v -1.102381 0.138330 0.665603
v -1.060537 0.148464 0.689781
v -1.018103 0.142357 0.714283
v -0.979679 0.120671 0.736452
v -0.949427 0.085756 0.753887
v -0.930626 0.041395 0.764699
v -0.925314 -0.007604 0.767715
v -0.934066 -0.055932 0.762609
v -0.955934 -0.098351 0.749934
v -0.988548 -0.130265 0.731064
v -1.028373 -0.148215 0.708043
v -1.071095 -0.150256 0.683367
v -1.112083 -0.136167 0.659708
v -1.171902 -0.107521 0.682930
v -1.196768 -0.067335 0.668611
v -1.208991 -0.020010 0.661602
v -1.207247 0.029326 0.662661
v -1.191726 0.075327 0.671674
v -1.164108 0.113007 0.687665
v -1.127388 0.138284 0.708900
v -1.085544 0.148418 0.733078
v -1.043110 0.142311 0.757580
v -1.004686 0.120625 0.779749
v -0.974434 0.085710 0.797185
v -0.955633 0.041349 0.807996
v -0.950321 -0.007650 0.811012
v -0.959073 -0.055978 0.805906
v -0.980941 -0.098397 0.793231
v -1.013554 -0.130311 0.774361
v -1.053380 -0.148261 0.751340
v -1.096102 -0.150302 0.726664
v -1.137089 -0.136213 0.703006
v -1.171901 -0.107521 0.682929
v -1.196767 -0.067335 0.668611
v -1.208990 -0.020010 0.661602
v -1.207247 0.029326 0.662662
v -1.191726 0.075327 0.671676
v -1.164109 0.113007 0.687667
v -1.127388 0.138284 0.708902
v -1.085544 0.148418 0.733081
v -1.043111 0.142311 0.757582
v -1.004686 0.120625 0.779751
v -0.974434 0.085710 0.797186
v -0.955633 0.041349 0.807997
v -0.950321 -0.007650 0.811012
v -0.959072 -0.055978 0.805906
v -0.980939 -0.098397 0.793230
v -1.013553 -0.130311 0.774360
v -1.053378 -0.148261 0.751339
v -1.096100 -0.150302 0.726663
v -1.137088 -0.136213 0.703005
v -1.196908 -0.107568 0.726226
v -1.221774 -0.067382 0.711908
v -1.233997 -0.020057 0.704899
v -1.232254 0.029280 0.705959
v -1.216732 0.075280 0.714973
v -1.189115 0.112961 0.730964
v -1.152395 0.138237 0.752199
v -1.110551 0.148371 0.776378
v -1.068117 0.142264 0.800879
v -1.029693 0.120578 0.823048
v -0.999441 0.085663 0.840483
v -0.980640 0.041302 0.851294
v -0.975327 -0.007697 0.854310
v -0.984079 -0.056024 0.849203
v -1.005946 -0.098443 0.836528
v -1.038560 -0.130357 0.817657
v -1.078385 -0.148307 0.794636
v -1.121107 -0.150349 0.769960
v -1.162095 -0.136260 0.746302
v -1.196909 -0.107568 0.726229
v -1.221774 -0.067382 0.711910
v -1.233996 -0.020057 0.704900
v -1.232253 0.029279 0.705959
v -1.216731 0.075280 0.714972
v -1.189113 0.112960 0.730962
v -1.152393 0.138237 0.752197
v -1.110548 0.148371 0.776375
v -1.068115 0.142264 0.800876
v -1.029690 0.120578 0.823046
v -0.999439 0.085663 0.840482
v -0.980638 0.041302 0.851294
v -0.975327 -0.007697 0.854310
v -0.984079 -0.056025 0.849205
v -1.005947 -0.098444 0.836530
v -1.038561 -0.130358 0.817661
v -1.078386 -0.148308 0.794640
v -1.121108 -0.150349 0.769964
v -1.162096 -0.136260 0.746305
v -1.221915 -0.107614 0.769526
v -1.246781 -0.067428 0.755207
v -1.259003 -0.020102 0.748197
v -1.257259 0.029234 0.749256
v -1.241737 0.075235 0.758269
v -1.214120 0.112915 0.774259
v -1.177399 0.138192 0.795494
v -1.135555 0.148326 0.819672
v -1.093122 0.142219 0.844174
v -1.054697 0.120533 0.866343
v -1.024446 0.085617 0.883779
v -1.005645 0.041257 0.894591
v -1.000333 -0.007742 0.897608
v -1.009086 -0.056070 0.892502
v -1.030954 -0.098489 0.879828
v -1.063568 -0.130403 0.860958
v -1.103393 -0.148353 0.837937
v -1.146115 -0.150394 0.813261
v -1.187103 -0.136306 0.789603
v -1.221913 -0.107614 0.769524
v -1.246779 -0.067428 0.755206
v -1.259002 -0.020103 0.748197
v -1.257259 0.029234 0.749257
v -1.241738 0.075234 0.758271
v -1.214121 0.112915 0.774262
v -1.177401 0.138191 0.795497
v -1.135556 0.148325 0.819676
v -1.093123 0.142218 0.844177
v -1.054698 0.120532 0.866347
v -1.024446 0.085617 0.883781
v -1.005645 0.041256 0.894592
v -1.000333 -0.007743 0.897608
v -1.009084 -0.056070 0.892501
v -1.030952 -0.098489 0.879826
v -1.063565 -0.130403 0.860955
v -1.103391 -0.148353 0.837934
v -1.146112 -0.150395 0.813258
v -1.187100 -0.136306 0.789600
v -1.246920 -0.107661 0.812822
v -1.271786 -0.067474 0.798503
v -1.284009 -0.020149 0.791494
v -1.282266 0.029187 0.792554
v -1.266745 0.075188 0.801568
v -1.239128 0.112868 0.817559
v -1.202407 0.138145 0.838795
v -1.160563 0.148279 0.862973
v -1.118129 0.142172 0.887475
v -1.079705 0.120486 0.909644
v -1.049453 0.085570 0.927079
v -1.030652 0.041210 0.937890
v -1.025340 -0.007789 0.940905
v -1.034091 -0.056117 0.935799
v -1.055959 -0.098536 0.923123
v -1.088572 -0.130450 0.904253
v -1.128397 -0.148400 0.881232
v -1.171119 -0.150441 0.856555
v -1.212107 -0.136353 0.832897
v -1.246920 -0.107661 0.812823
v -1.271785 -0.067475 0.798504
v -1.284008 -0.020150 0.791494
v -1.282264 0.029187 0.792553
v -1.266742 0.075187 0.801566
v -1.239125 0.112868 0.817556
v -1.202404 0.138144 0.838792
v -1.160560 0.148278 0.862970
v -1.118127 0.142171 0.887472
v -1.079703 0.120485 0.909643
v -1.049452 0.085570 0.927079
v -1.030652 0.041209 0.937891
v -1.025340 -0.007790 0.940908
v -1.034092 -0.056117 0.935802
v -1.055960 -0.098536 0.923127
v -1.088573 -0.130450 0.904257
v -1.128399 -0.148400 0.881236
v -1.171120 -0.150442 0.856559
v -1.212108 -0.136353 0.832900
v -1.271927 -0.107706 0.856120
v -1.296792 -0.067520 0.841801
v -1.309015 -0.020195 0.834791
v -1.307271 0.029141 0.835850
v -1.291749 0.075142 0.844863
v -1.264132 0.112822 0.860853
v -1.227412 0.138099 0.882089
v -1.185568 0.148233 0.906267
v -1.143135 0.142126 0.930769
v -1.104710 0.120440 0.952940
v -1.074459 0.085525 0.970376
v -1.055659 0.041164 0.981188
v -1.050347 -0.007835 0.984205
v -1.059099 -0.056163 0.979099
v -1.080967 -0.098582 0.966424
v -1.113581 -0.130495 0.947554
v -1.153406 -0.148446 0.924533
v -1.196127 -0.150487 0.899856
v -1.237115 -0.136398 0.876197
v -1.271925 -0.107707 0.856119
v -1.296790 -0.067521 0.841800
v -1.309014 -0.020195 0.834791
v -1.307270 0.029141 0.835851
v -1.291749 0.075142 0.844865
v -1.264132 0.112822 0.860857
v -1.227412 0.138099 0.882092
v -1.185568 0.148233 0.906271
v -1.143135 0.142126 0.930773
v -1.104711 0.120440 0.952943
v -1.074459 0.085524 0.970378
v -1.055658 0.041164 0.981189
v -1.050346 -0.007835 0.984205
v -1.059098 -0.056163 0.979098
v -1.080965 -0.098582 0.966423
v -1.113578 -0.130496 0.947552
v -1.153403 -0.148446 0.924530
v -1.196124 -0.150487 0.899853
v -1.237112 -0.136399 0.876195
v -1.296932 -0.107753 0.899416
v -1.321798 -0.067567 0.885097
v -1.334021 -0.020242 0.878088
v -1.332278 0.029094 0.879148
v -1.316756 0.075095 0.888162
v -1.289140 0.112776 0.904154
v -1.252419 0.138052 0.925389
v -1.210576 0.148186 0.949568
v -1.168143 0.142079 0.974070
v -1.129718 0.120393 0.996240
v -1.099466 0.085478 1.013675
v -1.080666 0.041117 1.024486
v -1.075353 -0.007882 1.027502
v -1.084105 -0.056210 1.022395
v -1.105972 -0.098629 1.009720
v -1.138585 -0.130542 0.990849
v -1.178410 -0.148493 0.967827
v -1.221132 -0.150534 0.943150
v -1.262119 -0.136445 0.919492
v -1.021863 0.105910 -0.423142
v -1.046729 0.065724 -0.408823
v -1.058952 0.018399 -0.401814
v -1.057209 -0.030937 -0.402874
v -1.041687 -0.076938 -0.411888
v -1.014071 -0.114619 -0.427880
v -0.977351 -0.139895 -0.449115
v -0.935507 -0.150029 -0.473294
v -0.893073 -0.143922 -0.497796
v -0.854649 -0.122236 -0.519966
v -0.824397 -0.087321 -0.537401
v -0.805596 -0.042960 -0.548212
v -0.800284 0.006039 -0.551228
v -0.809036 0.054367 -0.546121
v -0.830903 0.096786 -0.533446
v -0.863516 0.128700 -0.514575
v -0.903341 0.146650 -0.491553
v -0.946062 0.148691 -0.466876
v -0.987050 0.134602 -0.443218
v -1.046871 0.105957 -0.466439
v -1.071736 0.065771 -0.452120
v -1.083959 0.018445 -0.445111
v -1.082216 -0.030891 -0.446171
v -1.066695 -0.076892 -0.455185
v -1.039078 -0.114572 -0.471177
v -1.002358 -0.139849 -0.492412
v -0.960514 -0.149983 -0.516591
v -0.918081 -0.143876 -0.541093
v -0.879656 -0.122189 -0.563263
v -0.849405 -0.087274 -0.580698
v -0.830604 -0.042913 -0.591509
v -0.825291 0.006086 -0.594525
v -0.834043 0.054413 -0.589418
v -0.855910 0.096832 -0.576743
v -0.888523 0.128746 -0.557872
v -0.928349 0.146696 -0.534850
v -0.971070 0.148738 -0.510173
v -1.012058 0.134649 -0.486515
v -1.046870 0.105957 -0.466441
v -1.071735 0.065771 -0.452122
v -1.083958 0.018445 -0.445112
v -1.082215 -0.030891 -0.446172
v -1.066693 -0.076892 -0.455185
v -1.039076 -0.114572 -0.471176
v -1.002356 -0.139849 -0.492412
v -0.960512 -0.149983 -0.516590
v -0.918079 -0.143876 -0.541093
v -0.879654 -0.122189 -0.563263
v -0.849403 -0.087274 -0.580698
v -0.830603 -0.042913 -0.591510
v -0.825290 0.006086 -0.594526
v -0.834042 0.054413 -0.589420
v -0.855910 0.096832 -0.576745
v -0.888523 0.128746 -0.557874
v -0.928348 0.146696 -0.534853
v -0.971070 0.148738 -0.510176
v -1.012058 0.134649 -0.486517
v -1.071877 0.106003 -0.509738
v -1.096743 0.065817 -0.495419
v -1.108966 0.018491 -0.488409
v -1.107222 -0.030845 -0.489469
v -1.091701 -0.076846 -0.498482
v -1.064084 -0.114526 -0.514473
v -1.027363 -0.139803 -0.535709
v -0.985519 -0.149937 -0.559887
v -0.943086 -0.143830 -0.584390
v -0.904662 -0.122143 -0.606560
v -0.874410 -0.087228 -0.623995
v -0.855610 -0.042867 -0.634807
v -0.850298 0.006132 -0.637823
v -0.859050 0.054459 -0.632717
v -0.880917 0.096878 -0.620042
v -0.913531 0.128792 -0.601171
v -0.953356 0.146742 -0.578150
v -0.996077 0.148783 -0.553473
v -1.037065 0.134695 -0.529814
v -1.071878 0.106003 -0.509740
v -1.096745 0.065817 -0.495423
v -1.108968 0.018491 -0.488414
v -1.107224 -0.030845 -0.489474
v -1.091703 -0.076846 -0.498488
v -1.064086 -0.114526 -0.514478
v -1.027365 -0.139803 -0.535712
v -0.985520 -0.149937 -0.559889
v -0.943086 -0.143830 -0.584390
v -0.904661 -0.122143 -0.606558
v -0.874408 -0.087228 -0.623992
v -0.855607 -0.042867 -0.634802
v -0.850294 0.006132 -0.637818
v -0.859046 0.054459 -0.632712
v -0.880914 0.096878 -0.620037
v -0.913528 0.128792 -0.601167
v -0.953354 0.146742 -0.578147
v -0.996076 0.148784 -0.553472
v -1.037065 0.134695 -0.529815
v -1.096884 0.106049 -0.553038
v -1.121750 0.065863 -0.538721
v -1.133974 0.018538 -0.531712
v -1.132230 -0.030798 -0.532772
v -1.116709 -0.076799 -0.541785
v -1.089091 -0.114479 -0.557776
v -1.052371 -0.139756 -0.579010
v -1.010526 -0.149890 -0.603187
v -0.968092 -0.143783 -0.627688
v -0.929666 -0.122097 -0.649856
v -0.899414 -0.087182 -0.667290
v -0.880613 -0.042821 -0.678100
v -0.875300 0.006178 -0.681116
v -0.884052 0.054506 -0.676010
v -0.905920 0.096925 -0.663335
v -0.938534 0.128839 -0.644465
v -0.978359 0.146789 -0.621445
v -1.021082 0.148830 -0.596770
v -1.062071 0.134741 -0.573113
v -1.096882 0.106049 -0.553036
v -1.121747 0.065863 -0.538717
v -1.133970 0.018538 -0.531708
v -1.132227 -0.030798 -0.532767
v -1.116706 -0.076799 -0.541780
v -1.089088 -0.114479 -0.557772
v -1.052368 -0.139756 -0.579007
v -1.010525 -0.149890 -0.603186
v -0.968091 -0.143783 -0.627688
v -0.929667 -0.122097 -0.649858
v -0.899415 -0.087182 -0.667293
v -0.880615 -0.042821 -0.678105
v -0.875303 0.006178 -0.681121
v -0.884055 0.054506 -0.676015
v -0.905922 0.096925 -0.663340
v -0.938536 0.128839 -0.644469
v -0.978361 0.146789 -0.621448
v -1.021082 0.148830 -0.596771
v -1.062070 0.134741 -0.573112
v -1.121890 0.106095 -0.596333
v -1.146755 0.065909 -0.582014
v -1.158978 0.018584 -0.575004
v -1.157234 -0.030752 -0.576064
v -1.141713 -0.076753 -0.585078
v -1.114096 -0.114433 -0.601068
v -1.077376 -0.139710 -0.622304
v -1.035532 -0.149844 -0.646483
v -0.993099 -0.143737 -0.670985
v -0.954674 -0.122051 -0.693155
v -0.924423 -0.087136 -0.710590
v -0.905622 -0.042775 -0.721402
v -0.900310 0.006224 -0.724418
v -0.909062 0.054552 -0.719312
v -0.930930 0.096971 -0.706637
v -0.963543 0.128885 -0.687766
v -1.003368 0.146835 -0.664745
v -1.046089 0.148876 -0.640068
v -1.087077 0.134787 -0.616409
v -1.121890 0.106095 -0.596334
v -1.146756 0.065909 -0.582017
v -1.158979 0.018584 -0.575008
v -1.157236 -0.030752 -0.576068
v -1.141714 -0.076753 -0.585082
v -1.114097 -0.114433 -0.601072
v -1.077377 -0.139710 -0.622307
v -1.035532 -0.149844 -0.646485
v -0.993098 -0.143737 -0.670986
v -0.954673 -0.122051 -0.693155
v -0.924421 -0.087136 -0.710589
v -0.905620 -0.042775 -0.721400
v -0.900307 0.006224 -0.724415
v -0.909059 0.054552 -0.719309
v -0.930927 0.096971 -0.706634
v -0.963540 0.128885 -0.687764
v -1.003366 0.146835 -0.664743
v -1.046088 0.148876 -0.640067
v -1.087076 0.134787 -0.616410
v -1.146896 0.106142 -0.639632
v -1.171762 0.065956 -0.625314
v -1.183985 0.018631 -0.618306
v -1.182242 -0.030706 -0.619366
v -1.166721 -0.076706 -0.628379
v -1.139103 -0.114387 -0.644370
v -1.102383 -0.139663 -0.665605
v -1.060539 -0.149797 -0.689783
v -1.018105 -0.143690 -0.714284
v -0.979680 -0.122004 -0.736452
v -0.949427 -0.087089 -0.753887
v -0.930626 -0.042728 -0.764697
v -0.925314 0.006271 -0.767713
v -0.934065 0.054598 -0.762606
v -0.955933 0.097017 -0.749931
v -0.988547 0.128931 -0.731061
v -1.028372 0.146881 -0.708041
v -1.071094 0.148923 -0.683365
v -1.112082 0.134834 -0.659707
v -1.146897 0.106142 -0.639633
v -1.171762 0.065956 -0.625315
v -1.183985 0.018631 -0.618306
v -1.182242 -0.030706 -0.619365
v -1.166720 -0.076706 -0.628378
v -1.139102 -0.114387 -0.644369
v -1.102382 -0.139663 -0.665603
v -1.060537 -0.149797 -0.689781
v -1.018103 -0.143690 -0.714282
v -0.979678 -0.122004 -0.736451
v -0.949427 -0.087089 -0.753886
v -0.930626 -0.042728 -0.764697
v -0.925314 0.006271 -0.767713
v -0.934066 0.054598 -0.762607
v -0.955934 0.097017 -0.749932
v -0.988547 0.128931 -0.731063
v -1.028373 0.146881 -0.708043
v -1.071095 0.148923 -0.683367
v -1.112083 0.134834 -0.659709
v -1.171903 0.106188 -0.682931
v -1.196768 0.066002 -0.668613
v -1.208991 0.018677 -0.661604
v -1.207248 -0.030660 -0.662663
v -1.191726 -0.076660 -0.671676
v -1.164109 -0.114341 -0.687666
v -1.127388 -0.139617 -0.708901
v -1.085543 -0.149751 -0.733079
v -1.043110 -0.143644 -0.757580
v -1.004685 -0.121958 -0.779749
v -0.974433 -0.087043 -0.797183
v -0.955632 -0.042682 -0.807995
v -0.950320 0.006317 -0.811011
v -0.959072 0.054644 -0.805905
v -0.980940 0.097063 -0.793230
v -1.013554 0.128977 -0.774360
v -1.053379 0.146927 -0.751340
v -1.096101 0.148969 -0.726664
v -1.137089 0.134880 -0.703007
v -1.171902 0.106188 -0.682930
v -1.196768 0.066002 -0.668612
v -1.208991 0.018677 -0.661603
v -1.207248 -0.030660 -0.662663
v -1.191727 -0.076660 -0.671677
v -1.164109 -0.114341 -0.687668
v -1.127389 -0.139617 -0.708903
v -1.085545 -0.149751 -0.733080
v -1.043111 -0.143644 -0.757581
v -1.004685 -0.121958 -0.779750
v -0.974433 -0.087043 -0.797184
v -0.955632 -0.042682 -0.807995
v -0.950320 0.006317 -0.811011
v -0.959071 0.054644 -0.805904
v -0.980939 0.097063 -0.793229
v -1.013553 0.128977 -0.774359
v -1.053379 0.146927 -0.751339
v -1.096100 0.148969 -0.726663
v -1.137089 0.134880 -0.703005
v -1.196908 0.106235 -0.726227
v -1.221774 0.066049 -0.711910
v -1.233998 0.018723 -0.704901
v -1.232254 -0.030613 -0.705961
v -1.216733 -0.076614 -0.714975
v -1.189116 -0.114294 -0.730965
v -1.152395 -0.139571 -0.752200
v -1.110551 -0.149705 -0.776378
v -1.068117 -0.143598 -0.800879
v -1.029692 -0.121912 -0.823048
v -0.999440 -0.086996 -0.840482
v -0.980638 -0.042636 -0.851293
v -0.975326 0.006363 -0.854308
v -0.984078 0.054691 -0.849202
v -1.005945 0.097110 -0.836527
v -1.038559 0.129024 -0.817657
v -1.078385 0.146974 -0.794636
v -1.121106 0.149015 -0.769960
v -1.162095 0.134927 -0.746303
v -1.196909 0.106235 -0.726230
v -1.221775 0.066049 -0.711911
v -1.233998 0.018724 -0.704902
v -1.232254 -0.030613 -0.705960
v -1.216732 -0.076613 -0.714973
v -1.189114 -0.114294 -0.730963
v -1.152393 -0.139570 -0.752197
v -1.110549 -0.149704 -0.776375
v -1.068115 -0.143597 -0.800876
v -1.029690 -0.121911 -0.823045
v -0.999438 -0.086996 -0.840480
v -0.980638 -0.042635 -0.851292
v -0.975326 0.006364 -0.854308
v -0.984078 0.054691 -0.849203
v -1.005946 0.097110 -0.836529
v -1.038561 0.129024 -0.817659
v -1.078386 0.146974 -0.794640
v -1.121108 0.149016 -0.769964
v -1.162097 0.134927 -0.746306
v -1.221916 0.106280 -0.769528
v -1.246781 0.066094 -0.755209
v -1.259004 0.018769 -0.748199
v -1.257260 -0.030567 -0.749258
v -1.241738 -0.076568 -0.758271
v -1.214120 -0.114248 -0.774261
v -1.177399 -0.139525 -0.795495
v -1.135555 -0.149659 -0.819672
v -1.093121 -0.143552 -0.844173
v -1.054696 -0.121866 -0.866343
v -1.024444 -0.086951 -0.883778
v -1.005644 -0.042590 -0.894589
v -1.000332 0.006409 -0.897606
v -1.009084 0.054737 -0.892501
v -1.030953 0.097156 -0.879827
v -1.063567 0.129070 -0.860957
v -1.103393 0.147020 -0.837937
v -1.146115 0.149061 -0.813261
v -1.187103 0.134972 -0.789604
v -1.221915 0.106281 -0.769525
v -1.246780 0.066095 -0.755207
v -1.259004 0.018769 -0.748199
v -1.257260 -0.030567 -0.749259
v -1.241739 -0.076568 -0.758272
v -1.214122 -0.114248 -0.774263
v -1.177401 -0.139525 -0.795498
v -1.135557 -0.149659 -0.819676
v -1.093123 -0.143552 -0.844177
v -1.054698 -0.121866 -0.866345
v -1.024446 -0.086950 -0.883780
v -1.005645 -0.042590 -0.894590
v -1.000332 0.006409 -0.897606
v -1.009084 0.054737 -0.892499
v -1.030951 0.097156 -0.879824
v -1.063565 0.129070 -0.860954
v -1.103391 0.147020 -0.837934
v -1.146113 0.149061 -0.813258
v -1.187101 0.134973 -0.789601
v -1.246921 0.106327 -0.812823
v -1.271786 0.066141 -0.798505
v -1.284010 0.018816 -0.791496
v -1.282266 -0.030520 -0.792556
v -1.266745 -0.076521 -0.801570
v -1.239128 -0.114201 -0.817561
v -1.202408 -0.139478 -0.838796
v -1.160563 -0.149612 -0.862973
v -1.118129 -0.143505 -0.887474
v -1.079704 -0.121819 -0.909643
v -1.049452 -0.086904 -0.927077
v -1.030651 -0.042543 -0.937888
v -1.025338 0.006456 -0.940903
v -1.034090 0.054784 -0.935797
v -1.055958 0.097203 -0.923122
v -1.088571 0.129116 -0.904252
v -1.128397 0.147067 -0.881232
v -1.171119 0.149108 -0.856556
v -1.212107 0.135019 -0.832898
v -1.246922 0.106328 -0.812825
v -1.271787 0.066142 -0.798507
v -1.284010 0.018816 -0.791497
v -1.282266 -0.030520 -0.792556
v -1.266744 -0.076521 -0.801568
v -1.239126 -0.114201 -0.817558
v -1.202405 -0.139478 -0.838793
v -1.160561 -0.149612 -0.862970
v -1.118127 -0.143505 -0.887471
v -1.079702 -0.121819 -0.909640
v -1.049451 -0.086903 -0.927075
v -1.030650 -0.042543 -0.937887
v -1.025338 0.006456 -0.940904
v -1.034091 0.054784 -0.935798
v -1.055959 0.097203 -0.923124
v -1.088573 0.129117 -0.904255
v -1.128399 0.147067 -0.881235
v -1.171121 0.149108 -0.856559
v -1.212109 0.135020 -0.832901
v -1.271928 0.106373 -0.856123
v -1.296793 0.066187 -0.841804
v -1.309016 0.018862 -0.834795
v -1.307272 -0.030475 -0.835853
v -1.291750 -0.076475 -0.844866
v -1.264132 -0.114156 -0.860856
v -1.227412 -0.139432 -0.882090
v -1.185567 -0.149566 -0.906268
v -1.143133 -0.143459 -0.930769
v -1.104709 -0.121773 -0.952938
v -1.074457 -0.086858 -0.970373
v -1.055657 -0.042497 -0.981185
v -1.050344 0.006502 -0.984201
v -1.059097 0.054829 -0.979096
v -1.080965 0.097248 -0.966422
v -1.113579 0.129162 -0.947552
v -1.153405 0.147112 -0.924533
v -1.196127 0.149154 -0.899857
v -1.237115 0.135065 -0.876199
v -1.271927 0.106373 -0.856121
v -1.296793 0.066187 -0.841803
v -1.309016 0.018862 -0.834794
v -1.307273 -0.030474 -0.835854
v -1.291751 -0.076475 -0.844868
v -1.264134 -0.114155 -0.860859
v -1.227414 -0.139432 -0.882093
v -1.185569 -0.149566 -0.906271
v -1.143135 -0.143459 -0.930772
v -1.104710 -0.121773 -0.952941
v -1.074458 -0.086858 -0.970375
v -1.055657 -0.042497 -0.981186
v -1.050344 0.006502 -0.984201
v -1.059096 0.054830 -0.979095
v -1.080964 0.097249 -0.966420
v -1.113577 0.129163 -0.947550
v -1.153403 0.147113 -0.924529
v -1.196125 0.149154 -0.899853
v -1.237113 0.135065 -0.876196
v -1.296933 0.106420 -0.899418
v -1.321799 0.066234 -0.885100
v -1.334022 0.018908 -0.878092
v -1.332279 -0.030428 -0.879152
v -1.316758 -0.076428 -0.888165
v -1.289140 -0.114109 -0.904156
v -1.252420 -0.139386 -0.925391
v -1.210575 -0.149519 -0.949569
v -1.168141 -0.143413 -0.974070
v -1.129716 -0.121726 -0.996238
v -1.099464 -0.086811 -1.013673
v -1.080663 -0.042450 -1.024483
v -1.075351 0.006549 -1.027499
v -1.084102 0.054876 -1.022393
v -1.105970 0.097295 -1.009717
v -1.138584 0.129209 -0.990847
v -1.178409 0.147159 -0.967827
v -1.221131 0.149201 -0.943151
v -1.262120 0.135112 -0.919494
vn 0.0506 0.8566 -0.5135
vn 0.0923 -0.3354 -0.9375
vn 0.0586 0.8018 -0.5947
vn 0.0887 -0.4259 -0.9004
vn 0.0660 0.7393 -0.6701
vn 0.0842 -0.5123 -0.8547
vn 0.0728 0.6698 -0.7390
vn 0.0789 -0.5938 -0.8007
vn 0.0789 0.5938 -0.8007
vn 0.0728 -0.6698 -0.7390
vn 0.0842 0.5123 -0.8547
vn 0.0660 -0.7393 -0.6701
vn 0.0887 0.4259 -0.9004
vn 0.0586 -0.8018 -0.5947
vn 0.0923 0.3354 -0.9375
vn 0.0506 -0.8566 -0.5134
vn 0.0951 0.2419 -0.9656
vn -0.0000 0.9988 -0.0491
vn 0.0048 0.9988 -0.0491
vn 0.0421 -0.9032 -0.4272
vn 0.0970 0.1460 -0.9845
vn 0.0145 0.9891 -0.1467
vn 0.0332 -0.9410 -0.3367
vn 0.0979 0.0488 -0.9940
vn 0.0239 0.9698 -0.2429
vn 0.0239 -0.9698 -0.2429
vn 0.0979 -0.0488 -0.9940
vn 0.0332 0.9410 -0.3367
vn 0.0145 -0.9891 -0.1467
vn 0.0970 -0.1460 -0.9845
vn 0.0421 0.9032 -0.4272
vn 0.0096 -0.9988 -0.0481
vn 0.0048 -0.9988 -0.0491
vn 0.0951 -0.2419 -0.9656
vn 0.2817 0.2419 -0.9285
vn 0.0143 0.9988 -0.0472
vn 0.0188 0.9988 -0.0453
vn 0.1246 -0.9032 -0.4108
vn 0.2872 0.1460 -0.9467
vn 0.0428 0.9891 -0.1411
vn 0.0982 -0.9410 -0.3238
vn 0.2899 0.0488 -0.9558
vn 0.0709 0.9698 -0.2336
vn 0.0709 -0.9698 -0.2336
vn 0.2899 -0.0488 -0.9558
vn 0.0982 0.9410 -0.3238
vn 0.0428 -0.9891 -0.1411
vn 0.2872 -0.1460 -0.9467
vn 0.1246 0.9032 -0.4108
vn 0.0143 -0.9988 -0.0472
vn 0.2817 -0.2419 -0.9285
vn 0.1498 0.8566 -0.4937
vn 0.2735 -0.3354 -0.9015
vn 0.1735 0.8018 -0.5718
vn 0.2626 -0.4259 -0.8658
vn 0.1955 0.7393 -0.6443
vn 0.2493 -0.5123 -0.8218
vn 0.2156 0.6698 -0.7106
vn 0.2336 -0.5938 -0.7699
vn 0.2336 0.5938 -0.7699
vn 0.2156 -0.6698 -0.7106
vn 0.2493 0.5123 -0.8218
vn 0.1955 -0.7393 -0.6444
vn 0.2626 0.4259 -0.8658
vn 0.1735 -0.8018 -0.5718
vn 0.2735 0.3354 -0.9015
vn 0.1498 -0.8566 -0.4937
vn 0.4708 0.0488 -0.8809
vn 0.1151 0.9698 -0.2153
vn 0.1151 -0.9698 -0.2153
vn 0.4708 -0.0488 -0.8809
vn 0.1595 0.9410 -0.2984
vn 0.0695 -0.9891 -0.1300
vn 0.4663 -0.1460 -0.8725
vn 0.2023 0.9032 -0.3786
vn 0.0273 -0.9988 -0.0408
vn 0.0232 -0.9988 -0.0435
vn 0.4574 -0.2419 -0.8557
vn 0.2432 0.8566 -0.4550
vn 0.4441 -0.3354 -0.8308
vn 0.2817 0.8018 -0.5270
vn 0.4265 -0.4259 -0.7979
vn 0.3174 0.7393 -0.5938
vn 0.4048 -0.5123 -0.7574
vn 0.3500 0.6698 -0.6549
vn 0.3793 -0.5938 -0.7096
vn 0.3793 0.5938 -0.7096
vn 0.3500 -0.6698 -0.6549
vn 0.4048 0.5123 -0.7574
vn 0.3174 -0.7393 -0.5938
vn 0.4265 0.4259 -0.7979
vn 0.2817 -0.8018 -0.5270
vn 0.4441 0.3354 -0.8308
vn 0.2432 -0.8566 -0.4550
vn 0.4574 0.2419 -0.8557
vn 0.0232 0.9988 -0.0435
vn 0.2023 -0.9032 -0.3786
vn 0.4663 0.1460 -0.8725
vn 0.0695 0.9891 -0.1300
vn 0.1595 -0.9410 -0.2984
vn 0.6276 -0.1460 -0.7647
vn 0.2723 0.9032 -0.3318
vn 0.0313 -0.9988 -0.0381
vn 0.6156 -0.2419 -0.7501
vn 0.3273 0.8566 -0.3988
vn 0.5976 -0.3355 -0.7282
vn 0.3791 0.8018 -0.4619
vn 0.5740 -0.4259 -0.6994
vn 0.4272 0.7393 -0.5205
vn 0.5448 -0.5123 -0.6639
vn 0.4711 0.6698 -0.5740
vn 0.5104 -0.5938 -0.6220
vn 0.5104 0.5938 -0.6220
vn 0.4711 -0.6698 -0.5740
vn 0.5448 0.5123 -0.6639
vn 0.4272 -0.7393 -0.5205
vn 0.5740 0.4259 -0.6994
vn 0.3791 -0.8018 -0.4619
vn 0.5976 0.3355 -0.7282
vn 0.3273 -0.8566 -0.3988
vn 0.6156 0.2419 -0.7501
vn 0.0313 0.9988 -0.0381
vn 0.0347 0.9988 -0.0347
vn 0.2723 -0.9032 -0.3318
vn 0.6276 0.1460 -0.7647
vn 0.0935 0.9891 -0.1140
vn 0.2146 -0.9410 -0.2615
vn 0.6336 0.0488 -0.7721
vn 0.1548 0.9698 -0.1887
vn 0.1548 -0.9698 -0.1887
vn 0.6336 -0.0488 -0.7721
vn 0.2146 0.9410 -0.2615
vn 0.0935 -0.9891 -0.1140
vn 0.7282 -0.3355 -0.5976
vn 0.4619 0.8018 -0.3791
vn 0.6994 -0.4259 -0.5740
vn 0.5205 0.7393 -0.4272
vn 0.6639 -0.5123 -0.5448
vn 0.5740 0.6698 -0.4711
vn 0.6220 -0.5938 -0.5104
vn 0.6220 0.5938 -0.5104
vn 0.5740 -0.6698 -0.4711
vn 0.6639 0.5123 -0.5448
vn 0.5205 -0.7393 -0.4272
vn 0.6994 0.4259 -0.5740
vn 0.4619 -0.8018 -0.3791
vn 0.7282 0.3355 -0.5976
vn 0.3988 -0.8566 -0.3273
vn 0.7501 0.2419 -0.6156
vn 0.0381 0.9988 -0.0313
vn 0.3318 -0.9032 -0.2723
vn 0.7647 0.1460 -0.6276
vn 0.1140 0.9891 -0.0935
vn 0.2615 -0.9410 -0.2146
vn 0.7721 0.0488 -0.6336
vn 0.1887 0.9698 -0.1548
vn 0.1887 -0.9698 -0.1548
vn 0.7721 -0.0488 -0.6336
vn 0.2615 0.9410 -0.2146
vn 0.1140 -0.9891 -0.0935
vn 0.7647 -0.1460 -0.6276
vn 0.3318 0.9032 -0.2723
vn 0.0408 -0.9988 -0.0273
vn 0.0381 -0.9988 -0.0313
vn 0.7501 -0.2419 -0.6156
vn 0.3988 0.8566 -0.3273
vn 0.7574 -0.5123 -0.4048
vn 0.6549 0.6698 -0.3500
vn 0.7096 -0.5938 -0.3793
vn 0.7096 0.5938 -0.3793
vn 0.6549 -0.6698 -0.3500
vn 0.7574 0.5123 -0.4048
vn 0.5938 -0.7393 -0.3174
vn 0.7979 0.4259 -0.4265
vn 0.5270 -0.8018 -0.2817
vn 0.8308 0.3354 -0.4441
vn 0.4550 -0.8566 -0.2432
vn 0.8557 0.2419 -0.4574
vn 0.0435 0.9988 -0.0232
vn 0.0453 0.9988 -0.0188
vn 0.3786 -0.9032 -0.2023
vn 0.8725 0.1460 -0.4663
vn 0.1300 0.9891 -0.0695
vn 0.2984 -0.9410 -0.1595
vn 0.8809 0.0488 -0.4708
vn 0.2153 0.9698 -0.1151
vn 0.2153 -0.9698 -0.1151
vn 0.8809 -0.0488 -0.4708
vn 0.2984 0.9410 -0.1595
vn 0.1300 -0.9891 -0.0695
vn 0.8725 -0.1460 -0.4663
vn 0.3786 0.9032 -0.2023
vn 0.0435 -0.9988 -0.0232
vn 0.8557 -0.2419 -0.4574
vn 0.4550 0.8566 -0.2432
vn 0.8308 -0.3354 -0.4441
vn 0.5270 0.8018 -0.2817
vn 0.7979 -0.4259 -0.4265
vn 0.5938 0.7393 -0.3174
vn 0.7106 -0.6698 -0.2156
vn 0.8218 0.5123 -0.2493
vn 0.6444 -0.7393 -0.1955
vn 0.8658 0.4259 -0.2626
vn 0.5718 -0.8018 -0.1735
vn 0.9015 0.3354 -0.2735
vn 0.4937 -0.8566 -0.1498
vn 0.9285 0.2419 -0.2817
vn 0.0472 0.9988 -0.0143
vn 0.4108 -0.9032 -0.1246
vn 0.9467 0.1460 -0.2872
vn 0.1411 0.9891 -0.0428
vn 0.3238 -0.9410 -0.0982
vn 0.9558 0.0488 -0.2899
vn 0.2336 0.9698 -0.0709
vn 0.2336 -0.9698 -0.0709
vn 0.9558 -0.0488 -0.2899
vn 0.3238 0.9410 -0.0982
vn 0.1411 -0.9891 -0.0428
vn 0.9467 -0.1460 -0.2872
vn 0.4108 0.9032 -0.1246
vn 0.0481 -0.9988 -0.0096
vn 0.0472 -0.9988 -0.0143
vn 0.9285 -0.2419 -0.2817
vn 0.4937 0.8566 -0.1498
vn 0.9015 -0.3354 -0.2735
vn 0.5718 0.8018 -0.1735
vn 0.8658 -0.4259 -0.2626
vn 0.6443 0.7393 -0.1955
vn 0.8218 -0.5123 -0.2493
vn 0.7106 0.6698 -0.2156
vn 0.7699 -0.5938 -0.2336
vn 0.7699 0.5938 -0.2336
vn 0.5947 -0.8018 -0.0586
vn 0.9375 0.3355 -0.0923
vn 0.5134 -0.8566 -0.0506
vn 0.9656 0.2419 -0.0951
vn 0.0491 0.9988 -0.0048
vn 0.0491 0.9988 -0.0000
vn 0.4272 -0.9032 -0.0421
vn 0.9845 0.1460 -0.0970
vn 0.1467 0.9891 -0.0145
vn 0.3367 -0.9410 -0.0332
vn 0.9940 0.0488 -0.0979
vn 0.2429 0.9698 -0.0239
vn 0.2429 -0.9698 -0.0239
vn 0.9940 -0.0488 -0.0979
vn 0.3367 0.9410 -0.0332
vn 0.1467 -0.9891 -0.0145
vn 0.9845 -0.1460 -0.0970
vn 0.4272 0.9032 -0.0421
vn 0.0491 -0.9988 -0.0048
vn 0.9656 -0.2419 -0.0951
vn 0.5134 0.8566 -0.0506
vn 0.9375 -0.3355 -0.0923
vn 0.5947 0.8018 -0.0586
vn 0.9004 -0.4259 -0.0887
vn 0.6701 0.7393 -0.0660
vn 0.8547 -0.5123 -0.0842
vn 0.7390 0.6698 -0.0728
vn 0.8007 -0.5938 -0.0789
vn 0.8007 0.5938 -0.0789
vn 0.7390 -0.6698 -0.0728
vn 0.8547 0.5123 -0.0842
vn 0.6701 -0.7393 -0.0660
vn 0.9004 0.4259 -0.0887
vn 0.4272 -0.9032 0.0421
vn 0.9845 0.1460 0.0970
vn 0.1467 0.9891 0.0145
vn 0.3367 -0.9410 0.0332
vn 0.9940 0.0488 0.0979
vn 0.2429 0.9698 0.0239
vn 0.2429 -0.9698 0.0239
vn 0.9940 -0.0488 0.0979
vn 0.3367 0.9410 0.0332
vn 0.1467 -0.9891 0.0145
vn 0.9845 -0.1460 0.0970
vn 0.4272 0.9032 0.0421
vn 0.0481 -0.9988 0.0096
vn 0.0491 -0.9988 0.0048
vn 0.9656 -0.2419 0.0951
vn 0.5134 0.8566 0.0506
vn 0.9375 -0.3355 0.0923
vn 0.5947 0.8018 0.0586
vn 0.9004 -0.4259 0.0887
vn 0.6701 0.7393 0.0660
vn 0.8547 -0.5123 0.0842
vn 0.7390 0.6698 0.0728
vn 0.8007 -0.5938 0.0789
vn 0.8007 0.5938 0.0789
vn 0.7390 -0.6698 0.0728
vn 0.8547 0.5123 0.0842
vn 0.6701 -0.7393 0.0660
vn 0.9004 0.4259 0.0887
vn 0.5947 -0.8018 0.0586
vn 0.9375 0.3355 0.0923
vn 0.5134 -0.8566 0.0506
vn 0.9656 0.2419 0.0951
vn 0.0491 0.9988 0.0048
vn 0.2336 -0.9698 0.0709
vn 0.9558 -0.0488 0.2899
vn 0.3238 0.9410 0.0982
vn 0.1411 -0.9891 0.0428
vn 0.9467 -0.1460 0.2872
vn 0.4108 0.9032 0.1246
vn 0.0472 -0.9988 0.0143
vn 0.9285 -0.2419 0.2817
vn 0.4937 0.8566 0.1498
vn 0.9015 -0.3354 0.2735
vn 0.5718 0.8018 0.1735
vn 0.8658 -0.4259 0.2626
vn 0.6443 0.7393 0.1955
vn 0.8218 -0.5123 0.2493
vn 0.7106 0.6698 0.2156
vn 0.7699 -0.5938 0.2336
vn 0.7699 0.5938 0.2336
vn 0.7106 -0.6698 0.2156
vn 0.8218 0.5123 0.2493
vn 0.6444 -0.7393 0.1955
vn 0.8658 0.4259 0.2626
vn 0.5718 -0.8018 0.1735
vn 0.9015 0.3354 0.2735
vn 0.4937 -0.8566 0.1498
vn 0.9285 0.2419 0.2817
vn 0.0472 0.9988 0.0143
vn 0.0453 0.9988 0.0188
vn 0.4108 -0.9032 0.1246
vn 0.9467 0.1460 0.2872
vn 0.1411 0.9891 0.0428
vn 0.3238 -0.9410 0.0982
vn 0.9558 0.0488 0.2899
vn 0.2336 0.9698 0.0709
vn 0.0408 -0.9988 0.0273
vn 0.0435 -0.9988 0.0232
vn 0.8557 -0.2419 0.4574
vn 0.4550 0.8566 0.2432
vn 0.8308 -0.3354 0.4441
vn 0.5270 0.8018 0.2817
vn 0.7979 -0.4259 0.4265
vn 0.5938 0.7393 0.3174
vn 0.7574 -0.5123 0.4048
vn 0.6549 0.6698 0.3500
vn 0.7096 -0.5938 0.3793
vn 0.7096 0.5938 0.3793
vn 0.6549 -0.6698 0.3500
vn 0.7574 0.5123 0.4048
vn 0.5938 -0.7393 0.3174
vn 0.7979 0.4259 0.4265
vn 0.5270 -0.8018 0.2817
vn 0.8308 0.3354 0.4441
vn 0.4550 -0.8566 0.2432
vn 0.8557 0.2419 0.4574
vn 0.0435 0.9988 0.0232
vn 0.3786 -0.9032 0.2023
vn 0.8725 0.1460 0.4663
vn 0.1300 0.9891 0.0695
vn 0.2984 -0.9410 0.1595
vn 0.8809 0.0488 0.4708
vn 0.2153 0.9698 0.1151
vn 0.2153 -0.9698 0.1151
vn 0.8809 -0.0488 0.4708
vn 0.2984 0.9410 0.1595
vn 0.1300 -0.9891 0.0695
vn 0.8725 -0.1460 0.4663
vn 0.3786 0.9032 0.2023
vn 0.6994 -0.4259 0.5740
vn 0.5205 0.7393 0.4272
vn 0.6639 -0.5123 0.5448
vn 0.5740 0.6698 0.4711
vn 0.6220 -0.5938 0.5104
vn 0.6220 0.5938 0.5104
vn 0.5740 -0.6698 0.4711
vn 0.6639 0.5123 0.5448
vn 0.5205 -0.7393 0.4272
vn 0.6994 0.4259 0.5740
vn 0.4619 -0.8018 0.3791
vn 0.7282 0.3354 0.5976
vn 0.3988 -0.8566 0.3273
vn 0.7501 0.2419 0.6156
vn 0.0381 0.9988 0.0313
vn 0.0347 0.9988 0.0347
vn 0.3318 -0.9032 0.2723
vn 0.7647 0.1460 0.6276
vn 0.1140 0.9891 0.0935
vn 0.2615 -0.9410 0.2146
vn 0.7721 0.0488 0.6336
vn 0.1887 0.9698 0.1548
vn 0.1887 -0.9698 0.1548
vn 0.7721 -0.0488 0.6336
vn 0.2615 0.9410 0.2146
vn 0.1140 -0.9891 0.0935
vn 0.7647 -0.1460 0.6276
vn 0.3318 0.9032 0.2723
vn 0.0381 -0.9988 0.0313
vn 0.7501 -0.2419 0.6156
vn 0.3988 0.8566 0.3273
vn 0.7282 -0.3354 0.5976
vn 0.4619 0.8018 0.3791
vn 0.5104 -0.5938 0.6220
vn 0.5104 0.5938 0.6220
vn 0.4711 -0.6698 0.5740
vn 0.5448 0.5123 0.6639
vn 0.4272 -0.7393 0.5205
vn 0.5740 0.4259 0.6994
vn 0.3791 -0.8018 0.4619
vn 0.5976 0.3354 0.7282
vn 0.3273 -0.8566 0.3988
vn 0.6156 0.2419 0.7501
vn 0.0313 0.9988 0.0381
vn 0.2723 -0.9032 0.3318
vn 0.6276 0.1460 0.7647
vn 0.0935 0.9891 0.1140
vn 0.2146 -0.9410 0.2615
vn 0.6336 0.0488 0.7721
vn 0.1548 0.9698 0.1887
vn 0.1548 -0.9698 0.1887
vn 0.6336 -0.0488 0.7721
vn 0.2146 0.9410 0.2615
vn 0.0935 -0.9891 0.1140
vn 0.6276 -0.1460 0.7647
vn 0.2723 0.9032 0.3318
vn 0.0273 -0.9988 0.0408
vn 0.0313 -0.9988 0.0381
vn 0.6156 -0.2419 0.7501
vn 0.3273 0.8566 0.3988
vn 0.5976 -0.3354 0.7282
vn 0.3791 0.8018 0.4619
vn 0.5740 -0.4259 0.6994
vn 0.4272 0.7393 0.5205
vn 0.5448 -0.5123 0.6639
vn 0.4711 0.6698 0.5740
vn 0.3174 -0.7393 0.5938
vn 0.4265 0.4259 0.7979
vn 0.2817 -0.8018 0.5270
vn 0.4441 0.3354 0.8308
vn 0.2432 -0.8566 0.4550
vn 0.4574 0.2419 0.8557
vn 0.0232 0.9988 0.0435
vn 0.0188 0.9988 0.0453
vn 0.2023 -0.9032 0.3786
vn 0.4663 0.1460 0.8725
vn 0.0695 0.9891 0.1300
vn 0.1595 -0.9410 0.2984
vn 0.4708 0.0488 0.8809
vn 0.1151 0.9698 0.2153
vn 0.1151 -0.9698 0.2153
vn 0.4708 -0.0488 0.8809
vn 0.1595 0.9410 0.2984
vn 0.0695 -0.9891 0.1300
vn 0.4663 -0.1460 0.8725
vn 0.2023 0.9032 0.3786
vn 0.0232 -0.9988 0.0435
vn 0.4574 -0.2419 0.8557
vn 0.2432 0.8566 0.4550
vn 0.4441 -0.3354 0.8308
vn 0.2817 0.8018 0.5270
vn 0.4265 -0.4259 0.7979
vn 0.3174 0.7393 0.5938
vn 0.4048 -0.5123 0.7574
vn 0.3500 0.6698 0.6549
vn 0.3793 -0.5938 0.7096
vn 0.3793 0.5938 0.7096
vn 0.3500 -0.6698 0.6549
vn 0.4048 0.5123 0.7574
vn 0.1498 -0.8566 0.4937
vn 0.2817 0.2419 0.9285
vn 0.0143 0.9988 0.0472
vn 0.1246 -0.9032 0.4108
vn 0.2872 0.1460 0.9467
vn 0.0428 0.9891 0.1411
vn 0.0982 -0.9410 0.3238
vn 0.2899 0.0488 0.9558
vn 0.0709 0.9698 0.2336
vn 0.0709 -0.9698 0.2336
vn 0.2899 -0.0488 0.9558
vn 0.0982 0.9410 0.3238
vn 0.0428 -0.9891 0.1411
vn 0.2872 -0.1460 0.9467
vn 0.1246 0.9032 0.4108
vn 0.0096 -0.9988 0.0481
vn 0.0143 -0.9988 0.0472
vn 0.2817 -0.2419 0.9285
vn 0.1498 0.8566 0.4937
vn 0.2735 -0.3354 0.9015
vn 0.1735 0.8018 0.5718
vn 0.2626 -0.4259 0.8658
vn 0.1955 0.7393 0.6443
vn 0.2493 -0.5123 0.8218
vn 0.2156 0.6698 0.7106
vn 0.2336 -0.5938 0.7699
vn 0.2336 0.5938 0.7699
vn 0.2156 -0.6698 0.7106
vn 0.2493 0.5123 0.8218
vn 0.1955 -0.7393 0.6443
vn 0.2626 0.4259 0.8658
vn 0.1735 -0.8018 0.5718
vn 0.2735 0.3354 0.9015
vn 0.0145 0.9891 0.1467
vn 0.0332 -0.9410 0.3367
vn 0.0979 0.0488 0.9940
vn 0.0239 0.9698 0.2429
vn 0.0239 -0.9698 0.2429
vn 0.0979 -0.0488 0.9940
vn 0.0332 0.9410 0.3367
vn 0.0145 -0.9891 0.1467
vn 0.0970 -0.1460 0.9845
vn 0.0421 0.9032 0.4272
vn 0.0048 -0.9988 0.0491
vn 0.0951 -0.2419 0.9656
vn 0.0506 0.8566 0.5135
vn 0.0923 -0.3354 0.9375
vn 0.0586 0.8018 0.5947
vn 0.0887 -0.4259 0.9004
vn 0.0660 0.7393 0.6701
vn 0.0842 -0.5123 0.8547
vn 0.0728 0.6698 0.7390
vn 0.0789 -0.5938 0.8007
vn 0.0789 0.5938 0.8007
vn 0.0728 -0.6698 0.7390
vn 0.0842 0.5123 0.8547
vn 0.0660 -0.7393 0.6701
vn 0.0887 0.4259 0.9004
vn 0.0586 -0.8018 0.5947
vn 0.0923 0.3354 0.9375
vn 0.0506 -0.8566 0.5134
vn 0.0951 0.2419 0.9656
vn 0.0048 0.9988 0.0491
vn -0.0000 0.9988 0.0491
vn 0.0421 -0.9032 0.4272
vn 0.0970 0.1460 0.9845
vn -0.0332 0.9410 0.3367
vn -0.0145 -0.9891 0.1467
vn -0.0970 -0.1460 0.9845
vn -0.0421 0.9032 0.4272
vn -0.0096 -0.9988 0.0481
vn -0.0048 -0.9988 0.0491
vn -0.0951 -0.2419 0.9656
vn -0.0506 0.8566 0.5135
vn -0.0923 -0.3354 0.9375
vn -0.0586 0.8018 0.5947
vn -0.0887 -0.4259 0.9004
vn -0.0660 0.7393 0.6701
vn -0.0842 -0.5123 0.8547
vn -0.0728 0.6698 0.7390
vn -0.0789 -0.5938 0.8007
vn -0.0789 0.5938 0.8007
vn -0.0728 -0.6698 0.7390
vn -0.0842 0.5123 0.8547
vn -0.0660 -0.7393 0.6701
vn -0.0887 0.4259 0.9004
vn -0.0586 -0.8018 0.5947
vn -0.0923 0.3354 0.9375
vn -0.0506 -0.8566 0.5134
vn -0.0951 0.2419 0.9656
vn -0.0048 0.9988 0.0491
vn -0.0421 -0.9032 0.4272
vn -0.0970 0.1460 0.9845
vn -0.0145 0.9891 0.1467
vn -0.0332 -0.9410 0.3367
vn -0.0979 0.0488 0.9940
vn -0.0239 0.9698 0.2429
vn -0.0239 -0.9698 0.2429
vn -0.0979 -0.0488 0.9940
vn -0.1498 0.8566 0.4937
vn -0.2735 -0.3354 0.9015
vn -0.1735 0.8018 0.5718
vn -0.2626 -0.4259 0.8658
vn -0.1955 0.7393 0.6443
vn -0.2493 -0.5123 0.8218
vn -0.2156 0.6698 0.7106
vn -0.2336 -0.5938 0.7699
vn -0.2336 0.5938 0.7699
vn -0.2156 -0.6698 0.7106
vn -0.2493 0.5123 0.8218
vn -0.1955 -0.7393 0.6443
vn -0.2626 0.4259 0.8658
vn -0.1735 -0.8018 0.5718
vn -0.2735 0.3354 0.9015
vn -0.1498 -0.8566 0.4937
vn -0.2817 0.2419 0.9285
vn -0.0143 0.9988 0.0472
vn -0.0188 0.9988 0.0453
vn -0.1246 -0.9032 0.4108
vn -0.2872 0.1460 0.9467
vn -0.0428 0.9891 0.1411
vn -0.0982 -0.9410 0.3238
vn -0.2899 0.0488 0.9558
vn -0.0709 0.9698 0.2336
vn -0.0709 -0.9698 0.2336
vn -0.2899 -0.0488 0.9558
vn -0.0982 0.9410 0.3238
vn -0.0428 -0.9891 0.1411
vn -0.2872 -0.1460 0.9467
vn -0.1246 0.9032 0.4108
vn -0.0143 -0.9988 0.0472
vn -0.2817 -0.2419 0.9285
vn -0.3174 0.7393 0.5938
vn -0.4048 -0.5123 0.7574
vn -0.3500 0.6698 0.6549
vn -0.3793 -0.5939 0.7096
vn -0.3793 0.5939 0.7096
vn -0.3500 -0.6698 0.6549
vn -0.4048 0.5123 0.7574
vn -0.3174 -0.7393 0.5938
vn -0.4265 0.4259 0.7979
vn -0.2817 -0.8018 0.5270
vn -0.4441 0.3355 0.8308
vn -0.2432 -0.8566 0.4550
vn -0.4574 0.2419 0.8557
vn -0.0232 0.9988 0.0435
vn -0.2023 -0.9032 0.3786
vn -0.4663 0.1460 0.8725
vn -0.0695 0.9891 0.1300
vn -0.1595 -0.9410 0.2984
vn -0.4708 0.0488 0.8809
vn -0.1151 0.9698 0.2153
vn -0.1151 -0.9698 0.2153
vn -0.4708 -0.0488 0.8809
vn -0.1595 0.9410 0.2984
vn -0.0695 -0.9891 0.1300
vn -0.4663 -0.1460 0.8725
vn -0.2023 0.9032 0.3786
vn -0.0273 -0.9988 0.0408
vn -0.0232 -0.9988 0.0435
vn -0.4574 -0.2419 0.8557
vn -0.2432 0.8566 0.4550
vn -0.4441 -0.3355 0.8308
vn -0.2817 0.8018 0.5270
vn -0.4265 -0.4259 0.7979
vn -0.5104 0.5938 0.6219
vn -0.4711 -0.6698 0.5740
vn -0.5448 0.5123 0.6639
vn -0.4272 -0.7393 0.5205
vn -0.5740 0.4259 0.6994
vn -0.3791 -0.8018 0.4619
vn -0.5976 0.3354 0.7282
vn -0.3273 -0.8566 0.3988
vn -0.6156 0.2419 0.7501
vn -0.0313 0.9988 0.0381
vn -0.0347 0.9988 0.0347
vn -0.2723 -0.9032 0.3318
vn -0.6276 0.1460 0.7647
vn -0.0935 0.9891 0.1140
vn -0.2146 -0.9410 0.2615
vn -0.6336 0.0488 0.7721
vn -0.1548 0.9698 0.1887
vn -0.1548 -0.9698 0.1887
vn -0.6336 -0.0488 0.7721
vn -0.2146 0.9410 0.2615
vn -0.0935 -0.9891 0.1140
vn -0.6276 -0.1460 0.7647
vn -0.2723 0.9032 0.3318
vn -0.0313 -0.9988 0.0381
vn -0.6156 -0.2419 0.7501
vn -0.3273 0.8566 0.3988
vn -0.5976 -0.3354 0.7282
vn -0.3791 0.8018 0.4619
vn -0.5740 -0.4259 0.6994
vn -0.4272 0.7393 0.5205
vn -0.5448 -0.5123 0.6639
vn -0.4711 0.6698 0.5740
vn -0.5104 -0.5938 0.6219
vn -0.6994 0.4259 0.5740
vn -0.4619 -0.8018 0.3791
vn -0.7282 0.3354 0.5976
vn -0.3988 -0.8566 0.3273
vn -0.7501 0.2419 0.6156
vn -0.0381 0.9988 0.0313
vn -0.3318 -0.9032 0.2723
vn -0.7647 0.1460 0.6276
vn -0.1140 0.9891 0.0935
vn -0.2615 -0.9410 0.2146
vn -0.7721 0.0488 0.6336
vn -0.1887 0.9698 0.1548
vn -0.1887 -0.9698 0.1548
vn -0.7721 -0.0488 0.6336
vn -0.2615 0.9410 0.2146
vn -0.1140 -0.9891 0.0935
vn -0.7647 -0.1460 0.6276
vn -0.3318 0.9032 0.2723
vn -0.0408 -0.9988 0.0273
vn -0.0381 -0.9988 0.0313
vn -0.7501 -0.2419 0.6156
vn -0.3988 0.8566 0.3273
vn -0.7282 -0.3354 0.5976
vn -0.4619 0.8018 0.3791
vn -0.6994 -0.4259 0.5740
vn -0.5205 0.7393 0.4272
vn -0.6639 -0.5123 0.5448
vn -0.5740 0.6698 0.4711
vn -0.6219 -0.5938 0.5104
vn -0.6219 0.5938 0.5104
vn -0.5740 -0.6698 0.4711
vn -0.6639 0.5123 0.5448
vn -0.5205 -0.7393 0.4272
vn -0.8557 0.2419 0.4574
vn -0.0435 0.9988 0.0232
vn -0.0453 0.9988 0.0188
vn -0.3786 -0.9032 0.2023
vn -0.8725 0.1460 0.4663
vn -0.1300 0.9891 0.0695
vn -0.2984 -0.9410 0.1595
vn -0.8809 0.0488 0.4708
vn -0.2153 0.9698 0.1151
vn -0.2153 -0.9698 0.1151
vn -0.8809 -0.0488 0.4708
vn -0.2984 0.9410 0.1595
vn -0.1300 -0.9891 0.0695
vn -0.8725 -0.1460 0.4663
vn -0.3786 0.9032 0.2023
vn -0.0435 -0.9988 0.0232
vn -0.8557 -0.2419 0.4574
vn -0.4550 0.8566 0.2432
vn -0.8308 -0.3355 0.4441
vn -0.5270 0.8018 0.2817
vn -0.7980 -0.4259 0.4265
vn -0.5938 0.7393 0.3174
vn -0.7574 -0.5123 0.4048
vn -0.6549 0.6698 0.3500
vn -0.7096 -0.5938 0.3793
vn -0.7096 0.5938 0.3793
vn -0.6549 -0.6698 0.3500
vn -0.7574 0.5123 0.4048
vn -0.5938 -0.7393 0.3174
vn -0.7980 0.4259 0.4265
vn -0.5270 -0.8018 0.2817
vn -0.8308 0.3355 0.4441
vn -0.4550 -0.8566 0.2432
vn -0.9558 0.0488 0.2899
vn -0.2336 0.9698 0.0708
vn -0.2336 -0.9698 0.0708
vn -0.9558 -0.0488 0.2899
vn -0.3238 0.9410 0.0982
vn -0.1411 -0.9891 0.0428
vn -0.9467 -0.1460 0.2872
vn -0.4108 0.9032 0.1246
vn -0.0481 -0.9988 0.0096
vn -0.0472 -0.9988 0.0143
vn -0.9285 -0.2419 0.2817
vn -0.4937 0.8566 0.1498
vn -0.9015 -0.3355 0.2735
vn -0.5718 0.8018 0.1735
vn -0.8658 -0.4259 0.2626
vn -0.6443 0.7393 0.1955
vn -0.8218 -0.5123 0.2493
vn -0.7106 0.6698 0.2156
vn -0.7699 -0.5938 0.2336
vn -0.7699 0.5938 0.2336
vn -0.7106 -0.6698 0.2156
vn -0.8218 0.5123 0.2493
vn -0.6443 -0.7393 0.1955
vn -0.8658 0.4259 0.2626
vn -0.5718 -0.8018 0.1735
vn -0.9015 0.3355 0.2735
vn -0.4937 -0.8566 0.1498
vn -0.9285 0.2419 0.2817
vn -0.0472 0.9988 0.0143
vn -0.4108 -0.9032 0.1246
vn -0.9467 0.1460 0.2872
vn -0.1411 0.9891 0.0428
vn -0.3238 -0.9410 0.0982
vn -0.9845 -0.1460 0.0970
vn -0.4272 0.9032 0.0421
vn -0.0491 -0.9988 0.0048
vn -0.9656 -0.2419 0.0951
vn -0.5135 0.8566 0.0506
vn -0.9375 -0.3354 0.0923
vn -0.5947 0.8018 0.0586
vn -0.9004 -0.4259 0.0887
vn -0.6701 0.7393 0.0660
vn -0.8547 -0.5123 0.0842
vn -0.7390 0.6698 0.0728
vn -0.8007 -0.5939 0.0789
vn -0.8007 0.5939 0.0789
vn -0.7390 -0.6698 0.0728
vn -0.8547 0.5123 0.0842
vn -0.6701 -0.7393 0.0660
vn -0.9004 0.4259 0.0887
vn -0.5947 -0.8018 0.0586
vn -0.9375 0.3354 0.0923
vn -0.5134 -0.8566 0.0506
vn -0.9656 0.2419 0.0951
vn -0.0491 0.9988 0.0048
vn -0.0491 0.9988 -0.0000
vn -0.4272 -0.9032 0.0421
vn -0.9845 0.1460 0.0970
vn -0.1467 0.9891 0.0145
vn -0.3367 -0.9410 0.0332
vn -0.9940 0.0488 0.0979
vn -0.2429 0.9698 0.0239
vn -0.2429 -0.9698 0.0239
vn -0.9940 -0.0488 0.0979
vn -0.3367 0.9410 0.0332
vn -0.1467 -0.9891 0.0145
vn -0.9375 -0.3354 -0.0923
vn -0.5947 0.8018 -0.0586
vn -0.9004 -0.4259 -0.0887
vn -0.6701 0.7393 -0.0660
vn -0.8547 -0.5123 -0.0842
vn -0.7390 0.6698 -0.0728
vn -0.8007 -0.5939 -0.0789
vn -0.8007 0.5939 -0.0789
vn -0.7390 -0.6698 -0.0728
vn -0.8547 0.5123 -0.0842
vn -0.6701 -0.7393 -0.0660
vn -0.9004 0.4259 -0.0887
vn -0.5947 -0.8018 -0.0586
vn -0.9375 0.3354 -0.0923
vn -0.5134 -0.8566 -0.0506
vn -0.9656 0.2419 -0.0951
vn -0.0491 0.9988 -0.0048
vn -0.4272 -0.9032 -0.0421
vn -0.9845 0.1460 -0.0970
vn -0.1467 0.9891 -0.0145
vn -0.3367 -0.9410 -0.0332
vn -0.9940 0.0488 -0.0979
vn -0.2429 0.9698 -0.0239
vn -0.2429 -0.9698 -0.0239
vn -0.9940 -0.0488 -0.0979
vn -0.3367 0.9410 -0.0332
vn -0.1467 -0.9891 -0.0145
vn -0.9845 -0.1460 -0.0970
vn -0.4272 0.9032 -0.0421
vn -0.0481 -0.9988 -0.0096
vn -0.0491 -0.9988 -0.0048
vn -0.9656 -0.2419 -0.0951
vn -0.5135 0.8566 -0.0506
vn -0.8218 -0.5123 -0.2493
vn -0.7106 0.6698 -0.2156
vn -0.7699 -0.5939 -0.2336
vn -0.7699 0.5939 -0.2336
vn -0.7106 -0.6698 -0.2156
vn -0.8218 0.5123 -0.2493
vn -0.6443 -0.7393 -0.1955
vn -0.8658 0.4259 -0.2626
vn -0.5718 -0.8018 -0.1735
vn -0.9015 0.3355 -0.2735
vn -0.4937 -0.8566 -0.1498
vn -0.9285 0.2419 -0.2817
vn -0.0472 0.9988 -0.0143
vn -0.0453 0.9988 -0.0188
vn -0.4108 -0.9032 -0.1246
vn -0.9467 0.1460 -0.2872
vn -0.1411 0.9891 -0.0428
vn -0.3238 -0.9410 -0.0982
vn -0.9558 0.0488 -0.2899
vn -0.2336 0.9698 -0.0708
vn -0.2336 -0.9698 -0.0708
vn -0.9558 -0.0488 -0.2899
vn -0.3238 0.9410 -0.0982
vn -0.1411 -0.9891 -0.0428
vn -0.9467 -0.1460 -0.2872
vn -0.4108 0.9032 -0.1246
vn -0.0472 -0.9988 -0.0143
vn -0.9285 -0.2419 -0.2817
vn -0.4937 0.8566 -0.1498
vn -0.9015 -0.3355 -0.2735
vn -0.5718 0.8018 -0.1735
vn -0.8658 -0.4259 -0.2626
vn -0.6443 0.7393 -0.1955
vn -0.3786 -0.9032 -0.2023
vn -0.8725 0.1460 -0.4663
vn -0.1300 0.9891 -0.0695
vn -0.2984 -0.9410 -0.1595
vn -0.8809 0.0488 -0.4708
vn -0.2153 0.9698 -0.1151
vn -0.2153 -0.9698 -0.1151
vn -0.8809 -0.0488 -0.4708
vn -0.2984 0.9410 -0.1595
vn -0.1300 -0.9891 -0.0695
vn -0.8725 -0.1460 -0.4663
vn -0.3786 0.9032 -0.2023
vn -0.0408 -0.9988 -0.0273
vn -0.0435 -0.9988 -0.0232
vn -0.8557 -0.2419 -0.4574
vn -0.4550 0.8566 -0.2432
vn -0.8308 -0.3355 -0.4441
vn -0.5270 0.8018 -0.2817
vn -0.7980 -0.4259 -0.4265
vn -0.5938 0.7393 -0.3174
vn -0.7574 -0.5123 -0.4048
vn -0.6549 0.6698 -0.3500
vn -0.7096 -0.5939 -0.3793
vn -0.7096 0.5938 -0.3793
vn -0.6549 -0.6698 -0.3500
vn -0.7574 0.5123 -0.4048
vn -0.5938 -0.7393 -0.3174
vn -0.7980 0.4259 -0.4265
vn -0.5270 -0.8018 -0.2817
vn -0.8308 0.3355 -0.4441
vn -0.4550 -0.8566 -0.2432
vn -0.8557 0.2419 -0.4574
vn -0.0435 0.9988 -0.0232
vn -0.1887 -0.9698 -0.1548
vn -0.7721 -0.0488 -0.6336
vn -0.2615 0.9410 -0.2146
vn -0.1140 -0.9891 -0.0935
vn -0.7647 -0.1460 -0.6276
vn -0.3318 0.9032 -0.2723
vn -0.0381 -0.9988 -0.0313
vn -0.7501 -0.2419 -0.6156
vn -0.3988 0.8566 -0.3273
vn -0.7282 -0.3354 -0.5976
vn -0.4619 0.8018 -0.3791
vn -0.6994 -0.4259 -0.5740
vn -0.5205 0.7393 -0.4272
vn -0.6639 -0.5123 -0.5448
vn -0.5740 0.6698 -0.4711
vn -0.6219 -0.5938 -0.5104
vn -0.6219 0.5938 -0.5104
vn -0.5740 -0.6698 -0.4711
vn -0.6639 0.5123 -0.5448
vn -0.5205 -0.7393 -0.4272
vn -0.6994 0.4259 -0.5740
vn -0.4619 -0.8018 -0.3791
vn -0.7282 0.3354 -0.5976
vn -0.3988 -0.8566 -0.3273
vn -0.7501 0.2419 -0.6156
vn -0.0381 0.9988 -0.0313
vn -0.0347 0.9988 -0.0347
vn -0.3318 -0.9032 -0.2723
vn -0.7647 0.1460 -0.6276
vn -0.1140 0.9891 -0.0935
vn -0.2615 -0.9410 -0.2146
vn -0.7721 0.0488 -0.6336
vn -0.1887 0.9698 -0.1548
vn -0.0273 -0.9988 -0.0408
vn -0.0313 -0.9988 -0.0381
vn -0.6156 -0.2419 -0.7501
vn -0.3273 0.8566 -0.3988
vn -0.5976 -0.3354 -0.7282
vn -0.3791 0.8018 -0.4619
vn -0.5740 -0.4259 -0.6994
vn -0.4272 0.7393 -0.5205
vn -0.5448 -0.5123 -0.6639
vn -0.4711 0.6698 -0.5740
vn -0.5104 -0.5938 -0.6219
vn -0.5104 0.5938 -0.6219
vn -0.4711 -0.6698 -0.5740
vn -0.5448 0.5123 -0.6639
vn -0.4272 -0.7393 -0.5205
vn -0.5740 0.4259 -0.6994
vn -0.3791 -0.8018 -0.4619
vn -0.5976 0.3354 -0.7282
vn -0.3273 -0.8566 -0.3988
vn -0.6156 0.2419 -0.7501
vn -0.0313 0.9988 -0.0381
vn -0.2723 -0.9032 -0.3318
vn -0.6276 0.1460 -0.7647
vn -0.0935 0.9891 -0.1140
vn -0.2146 -0.9410 -0.2615
vn -0.6336 0.0488 -0.7721
vn -0.1548 0.9698 -0.1887
vn -0.1548 -0.9698 -0.1887
vn -0.6336 -0.0488 -0.7721
vn -0.2146 0.9410 -0.2615
vn -0.0935 -0.9891 -0.1140
vn -0.6276 -0.1460 -0.7647
vn -0.2723 0.9032 -0.3318
vn -0.4265 -0.4259 -0.7980
vn -0.3174 0.7393 -0.5938
vn -0.4048 -0.5123 -0.7574
vn -0.3500 0.6698 -0.6549
vn -0.3793 -0.5938 -0.7096
vn -0.3793 0.5938 -0.7096
vn -0.3500 -0.6698 -0.6549
vn -0.4048 0.5123 -0.7574
vn -0.3174 -0.7393 -0.5938
vn -0.4265 0.4259 -0.7980
vn -0.2817 -0.8018 -0.5270
vn -0.4441 0.3355 -0.8308
vn -0.2432 -0.8566 -0.4550
vn -0.4574 0.2419 -0.8557
vn -0.0232 0.9988 -0.0435
vn -0.0188 0.9988 -0.0453
vn -0.2023 -0.9032 -0.3786
vn -0.4663 0.1460 -0.8725
vn -0.0695 0.9891 -0.1300
vn -0.1595 -0.9410 -0.2984
vn -0.4708 0.0488 -0.8809
vn -0.1151 0.9698 -0.2153
vn -0.1151 -0.9698 -0.2153
vn -0.4708 -0.0488 -0.8809
vn -0.1595 0.9410 -0.2984
vn -0.0695 -0.9891 -0.1300
vn -0.4663 -0.1460 -0.8725
vn -0.2023 0.9032 -0.3786
vn -0.0232 -0.9988 -0.0435
vn -0.4574 -0.2419 -0.8557
vn -0.2432 0.8566 -0.4550
vn -0.4441 -0.3355 -0.8308
vn -0.2817 0.8018 -0.5270
vn -0.2336 -0.5938 -0.7699
vn -0.2336 0.5938 -0.7699
vn -0.2156 -0.6698 -0.7106
vn -0.2493 0.5123 -0.8218
vn -0.1955 -0.7393 -0.6443
vn -0.2627 0.4259 -0.8658
vn -0.1735 -0.8018 -0.5718
vn -0.2735 0.3354 -0.9015
vn -0.1498 -0.8566 -0.4937
vn -0.2817 0.2419 -0.9285
vn -0.0143 0.9988 -0.0472
vn -0.1246 -0.9032 -0.4108
vn -0.2872 0.1460 -0.9467
vn -0.0428 0.9891 -0.1411
vn -0.0982 -0.9410 -0.3238
vn -0.2899 0.0488 -0.9558
vn -0.0709 0.9698 -0.2336
vn -0.0709 -0.9698 -0.2336
vn -0.2899 -0.0488 -0.9558
vn -0.0982 0.9410 -0.3238
vn -0.0428 -0.9891 -0.1411
vn -0.2872 -0.1460 -0.9467
vn -0.1246 0.9032 -0.4108
vn -0.0096 -0.9988 -0.0481
vn -0.0143 -0.9988 -0.0472
vn -0.2817 -0.2419 -0.9285
vn -0.1498 0.8566 -0.4937
vn -0.2735 -0.3354 -0.9015
vn -0.1735 0.8018 -0.5718
vn -0.2627 -0.4259 -0.8658
vn -0.1955 0.7393 -0.6443
vn -0.2493 -0.5123 -0.8218
vn -0.2156 0.6698 -0.7106
vn -0.0660 -0.7393 -0.6701
vn -0.0887 0.4259 -0.9004
vn -0.0586 -0.8018 -0.5947
vn -0.0923 0.3354 -0.9375
vn -0.0506 -0.8566 -0.5134
vn -0.0951 0.2419 -0.9656
vn -0.0048 0.9988 -0.0491
vn -0.0421 -0.9032 -0.4272
vn -0.0970 0.1460 -0.9845
vn -0.0145 0.9891 -0.1467
vn -0.0332 -0.9410 -0.3367
vn -0.0979 0.0488 -0.9940
vn -0.0239 0.9698 -0.2429
vn -0.0239 -0.9698 -0.2429
vn -0.0979 -0.0488 -0.9940
vn -0.0332 0.9410 -0.3367
vn -0.0145 -0.9891 -0.1467
vn -0.0970 -0.1460 -0.9845
vn -0.0421 0.9032 -0.4272
vn -0.0048 -0.9988 -0.0491
vn -0.0951 -0.2419 -0.9656
vn -0.0506 0.8566 -0.5135
vn -0.0923 -0.3354 -0.9375
vn -0.0586 0.8018 -0.5947
vn -0.0887 -0.4259 -0.9004
vn -0.0660 0.7393 -0.6701
vn -0.0842 -0.5123 -0.8547
vn -0.0728 0.6698 -0.7390
vn -0.0789 -0.5938 -0.8007
vn -0.0789 0.5938 -0.8007
vn -0.0728 -0.6698 -0.7390
vn -0.0842 0.5123 -0.8547
vn 0.0923 -0.3355 -0.9375
vn 0.0923 0.3355 -0.9375
vn 0.0144 -0.9891 -0.1467
vn 0.2735 -0.3355 -0.9015
vn 0.2735 0.3355 -0.9015
vn 0.4441 -0.3355 -0.8308
vn 0.4441 0.3355 -0.8308
vn 0.5976 -0.3354 -0.7282
vn 0.5976 0.3354 -0.7282
vn 0.1549 -0.9698 -0.1887
vn 0.7282 -0.3354 -0.5976
vn 0.7282 0.3354 -0.5976
vn 0.1887 -0.9697 -0.1549
vn 0.2153 -0.9697 -0.1151
vn 0.6443 -0.7393 -0.1955
vn 0.2336 0.9698 -0.0708
vn 0.2336 -0.9697 -0.0709
vn 0.9375 0.3354 -0.0923
vn 0.2429 -0.9697 -0.0239
vn 0.1467 -0.9891 -0.0144
vn 0.5135 0.8566 -0.0506
vn 0.9375 -0.3354 -0.0923
vn 0.2429 -0.9697 0.0239
vn 0.1467 -0.9891 0.0144
vn 0.5135 0.8566 0.0506
vn 0.9375 -0.3354 0.0923
vn 0.9375 0.3354 0.0923
vn 0.2336 -0.9697 0.0709
vn 0.6443 -0.7393 0.1955
vn 0.2336 0.9698 0.0708
vn 0.7096 -0.5939 0.3793
vn 0.2153 -0.9697 0.1151
vn 0.6219 -0.5938 0.5104
vn 0.6219 0.5938 0.5104
vn 0.1887 -0.9697 0.1549
vn 0.5104 -0.5938 0.6219
vn 0.5104 0.5938 0.6219
vn 0.1549 -0.9698 0.1887
vn 0.4441 0.3355 0.8308
vn 0.4441 -0.3355 0.8308
vn 0.1955 -0.7393 0.6444
vn 0.0144 -0.9891 0.1467
vn -0.0144 -0.9891 0.1467
vn -0.0239 -0.9697 0.2429
vn -0.3793 -0.5938 0.7096
vn -0.3793 0.5938 0.7096
vn -0.4441 0.3354 0.8308
vn -0.4441 -0.3354 0.8308
vn -0.5104 0.5938 0.6220
vn -0.1549 -0.9698 0.1887
vn -0.5104 -0.5938 0.6220
vn -0.7282 0.3355 0.5976
vn -0.1887 -0.9698 0.1549
vn -0.7282 -0.3355 0.5976
vn -0.6220 -0.5938 0.5104
vn -0.6220 0.5938 0.5104
vn -0.8308 -0.3354 0.4441
vn -0.7979 -0.4259 0.4265
vn -0.7979 0.4259 0.4265
vn -0.8308 0.3354 0.4441
vn -0.2336 0.9698 0.0709
vn -0.2336 -0.9698 0.0709
vn -0.9015 -0.3354 0.2735
vn -0.6444 -0.7393 0.1955
vn -0.9015 0.3354 0.2735
vn -0.9375 -0.3355 0.0923
vn -0.8007 -0.5938 0.0789
vn -0.8007 0.5938 0.0789
vn -0.9375 0.3355 0.0923
vn -0.1467 -0.9891 0.0144
vn -0.9375 -0.3355 -0.0923
vn -0.8007 -0.5938 -0.0789
vn -0.8007 0.5938 -0.0789
vn -0.9375 0.3355 -0.0923
vn -0.1467 -0.9891 -0.0144
vn -0.7699 -0.5938 -0.2336
vn -0.7699 0.5938 -0.2336
vn -0.6444 -0.7393 -0.1955
vn -0.9015 0.3354 -0.2735
vn -0.2336 0.9698 -0.0709
vn -0.2336 -0.9698 -0.0709
vn -0.8308 -0.3354 -0.4441
vn -0.7979 -0.4259 -0.4265
vn -0.7096 0.5939 -0.3793
vn -0.7979 0.4259 -0.4265
vn -0.8308 0.3354 -0.4441
vn -0.1887 -0.9698 -0.1549
vn -0.6220 -0.5938 -0.5104
vn -0.6220 0.5938 -0.5104
vn -0.5104 -0.5938 -0.6220
vn -0.5104 0.5938 -0.6220
vn -0.1549 -0.9698 -0.1887
vn -0.4265 -0.4259 -0.7979
vn -0.4265 0.4259 -0.7979
vn -0.4441 0.3354 -0.8308
vn -0.4441 -0.3354 -0.8308
vn -0.2626 0.4259 -0.8658
vn -0.2626 -0.4259 -0.8658
vn -0.0923 0.3355 -0.9375
vn -0.0144 -0.9891 -0.1467
vn -0.0000 -0.7071 0.7071
vn -0.0000 -0.8984 0.4392
vn -0.0000 -0.9923 0.1237
vn -0.0000 -0.9787 -0.2052
vn -0.0000 -0.8591 -0.5119
vn -0.0000 -0.6463 -0.7631
vn -0.0000 -0.3635 -0.9316
vn -0.0000 -0.0413 -0.9991
vn -0.0000 0.2853 -0.9584
vn -0.0000 0.5811 -0.8139
vn -0.0000 0.8138 -0.5811
vn -0.0000 0.9584 -0.2853
vn -0.0000 0.9991 0.0413
vn -0.0000 0.9316 0.3635
vn -0.0000 0.7631 0.6463
vn -0.0000 0.5119 0.8590
vn -0.0000 0.2052 0.9787
vn -0.0000 -0.1237 0.9923
vn -0.0000 -0.4392 0.8984
vn -0.0000 0.5119 0.8591
vn -0.6127 0.7071 -0.3531
vn -0.7782 0.4392 -0.4490
vn -0.8594 0.1237 -0.4962
vn -0.8474 -0.2052 -0.4896
vn -0.7437 -0.5119 -0.4300
vn -0.5593 -0.7631 -0.3238
vn -0.3144 -0.9316 -0.1825
vn -0.0353 -0.9991 -0.0215
vn 0.2475 -0.9584 0.1419
vn 0.5036 -0.8139 0.2899
vn 0.5036 -0.8139 0.2900
vn 0.7050 -0.5811 0.4066
vn 0.8301 -0.2853 0.4791
vn 0.8652 0.0413 0.4997
vn 0.8065 0.3635 0.4662
vn 0.6605 0.6463 0.3822
vn 0.4429 0.8590 0.2567
vn 0.4429 0.8591 0.2567
vn 0.1772 0.9787 0.1034
vn 0.1773 0.9787 0.1034
vn -0.1076 0.9923 -0.0611
vn -0.3807 0.8984 -0.2189
vn -0.6126 0.7071 -0.3531
vn -0.7782 0.4392 -0.4489
vn -0.3143 -0.9316 -0.1825
vn -0.3144 -0.9316 -0.1826
vn 0.5036 -0.8138 0.2900
vn -0.8474 -0.2052 -0.4897
vn -0.7437 -0.5119 -0.4301
vn -0.5593 -0.7631 -0.3239
vn -0.3143 -0.9316 -0.1826
vn 0.7050 -0.5811 0.4065
vn -0.1076 0.9923 -0.0610
vn 0.8066 0.3635 0.4662
vn 0.6605 0.6463 0.3821
vn -0.8593 0.1237 -0.4962
vn -0.7436 -0.5119 -0.4301
vn 0.8652 0.0413 0.4998
vn -0.3807 0.8984 -0.2190
vn -0.6113 -0.7071 0.3554
vn -0.7773 -0.4392 0.4504
vn -0.8591 -0.1237 0.4966
vn -0.8478 0.2052 0.4890
vn -0.7446 0.5119 0.4284
vn -0.5607 0.7631 0.3214
vn -0.3161 0.9316 0.1796
vn -0.0372 0.9991 0.0183
vn 0.2457 0.9584 -0.1450
vn 0.5020 0.8138 -0.2926
vn 0.7039 0.5811 -0.4084
vn 0.8295 0.2853 -0.4800
vn 0.8653 -0.0413 -0.4996
vn 0.8072 -0.3635 -0.4651
vn 0.6617 -0.6463 -0.3801
vn 0.4445 -0.8590 -0.2539
vn 0.1791 -0.9787 -0.1003
vn -0.1057 -0.9923 0.0642
vn -0.3791 -0.8984 0.2218
vn -0.6113 -0.7071 0.3553
vn 0.5020 0.8139 -0.2926
vn 0.8296 0.2853 -0.4800
vn 0.8072 -0.3635 -0.4650
vn -0.7774 -0.4392 0.4503
vn 0.5021 0.8139 -0.2926
vn 0.7040 0.5811 -0.4084
vn -0.7774 -0.4392 0.4504
vn 0.5021 0.8138 -0.2926
vn 0.2458 0.9584 -0.1450
vn 0.4445 -0.8590 -0.2540
vn -0.3161 0.9316 0.1795
vn -0.0372 0.9991 0.0182
vn -0.1057 -0.9923 0.0643
vn -0.3790 -0.8984 0.2218
vn -0.6114 -0.7071 0.3553
vn 0.5021 0.8139 -0.2925
vn -0.6120 -0.7071 -0.3542
vn -0.7778 -0.4392 -0.4497
vn -0.7777 -0.4392 -0.4497
vn -0.8592 -0.1237 -0.4964
vn -0.8476 0.2052 -0.4893
vn -0.7441 0.5119 -0.4292
vn -0.5600 0.7631 -0.3226
vn -0.3152 0.9316 -0.1811
vn -0.0363 0.9991 -0.0199
vn 0.2466 0.9584 0.1435
vn 0.5028 0.8139 0.2913
vn 0.7045 0.5811 0.4075
vn 0.8298 0.2853 0.4796
vn 0.8652 -0.0413 0.4997
vn 0.8069 -0.3635 0.4656
vn 0.6611 -0.6463 0.3811
vn 0.4437 -0.8590 0.2553
vn 0.1782 -0.9787 0.1019
vn -0.1066 -0.9923 -0.0627
vn -0.3799 -0.8984 -0.2204
vn -0.3152 0.9316 -0.1810
vn -0.0363 0.9991 -0.0198
vn 0.8298 0.2854 0.4796
vn 0.1782 -0.9787 0.1018
vn -0.1066 -0.9923 -0.0626
vn -0.6120 0.7071 0.3542
vn -0.7777 0.4392 0.4497
vn -0.8592 0.1237 0.4964
vn -0.8476 -0.2052 0.4893
vn -0.7441 -0.5119 0.4292
vn -0.5600 -0.7631 0.3226
vn -0.3152 -0.9316 0.1811
vn -0.0363 -0.9991 0.0199
vn 0.2466 -0.9584 -0.1435
vn 0.5028 -0.8139 -0.2913
vn 0.7045 -0.5811 -0.4075
vn 0.8298 -0.2853 -0.4796
vn 0.8652 0.0413 -0.4997
vn 0.8069 0.3635 -0.4656
vn 0.6611 0.6463 -0.3811
vn 0.4437 0.8590 -0.2553
vn 0.1782 0.9787 -0.1018
vn -0.1066 0.9923 0.0627
vn -0.3799 0.8984 0.2204
vn -0.7778 0.4392 0.4497
vn 0.8298 -0.2854 -0.4796
vn 0.1782 0.9787 -0.1019
vn -0.1066 0.9923 0.0626
vn 0.8069 0.3635 -0.4657
vn -0.7442 -0.5119 0.4292
vn -0.3152 -0.9316 0.1810
vn -0.0000 0.9988 -0.0490
vn 0.0048 0.9988 -0.0490
vn 0.0144 0.9891 -0.1467
vn 0.0331 -0.9410 -0.3367
vn 0.0506 0.8566 -0.5134
vn 0.0660 0.7394 -0.6701
vn 0.0789 -0.5939 -0.8007
vn 0.0789 0.5939 -0.8007
vn 0.1735 0.8018 -0.5719
vn 0.2627 -0.4258 -0.8658
vn 0.1955 0.7394 -0.6443
vn 0.2155 0.6698 -0.7106
vn 0.2155 -0.6698 -0.7106
vn 0.2627 0.4258 -0.8658
vn 0.0143 0.9988 -0.0471
vn 0.0982 -0.9410 -0.3237
vn 0.4265 -0.4258 -0.7980
vn 0.4265 0.4258 -0.7980
vn 0.1150 0.9698 -0.2153
vn 0.1150 -0.9698 -0.2153
vn 0.0233 -0.9988 -0.0435
vn 0.2432 0.8567 -0.4550
vn 0.1549 0.9698 -0.1887
vn 0.2147 0.9410 -0.2615
vn 0.3273 0.8567 -0.3988
vn 0.7647 0.1461 -0.6276
vn 0.2615 0.9410 -0.2147
vn 0.7647 -0.1461 -0.6276
vn 0.3988 0.8567 -0.3273
vn 0.2153 0.9698 -0.1150
vn 0.2153 -0.9698 -0.1150
vn 0.4550 0.8567 -0.2432
vn 0.8308 -0.3355 -0.4441
vn 0.7980 -0.4259 -0.4265
vn 0.5938 0.7394 -0.3174
vn 0.6549 0.6698 -0.3501
vn 0.6549 -0.6698 -0.3501
vn 0.7980 0.4259 -0.4265
vn 0.8308 0.3355 -0.4441
vn 0.3237 -0.9410 -0.0982
vn 0.4937 0.8567 -0.1497
vn 0.5719 0.8018 -0.1735
vn 0.8658 -0.4258 -0.2627
vn 0.6443 0.7394 -0.1954
vn 0.7106 0.6698 -0.2155
vn 0.7106 -0.6698 -0.2155
vn 0.6443 -0.7393 -0.1954
vn 0.8658 0.4259 -0.2627
vn 0.5134 0.8567 -0.0506
vn 0.6701 0.7394 -0.0660
vn 0.8007 -0.5938 -0.0788
vn 0.8007 0.5938 -0.0788
vn 0.0490 0.9988 -0.0048
vn 0.0490 0.9988 -0.0000
vn 0.6701 0.7394 0.0660
vn 0.8007 -0.5938 0.0788
vn 0.8007 0.5938 0.0788
vn 0.0490 0.9988 0.0048
vn 0.5134 0.8567 0.0506
vn 0.7106 0.6698 0.2155
vn 0.7106 -0.6698 0.2155
vn 0.6443 -0.7393 0.1954
vn 0.8658 0.4259 0.2627
vn 0.3237 -0.9410 0.0982
vn 0.5719 0.8018 0.1735
vn 0.8658 -0.4259 0.2627
vn 0.6443 0.7394 0.1954
vn 0.6549 -0.6698 0.3501
vn 0.7980 0.4258 0.4265
vn 0.8308 0.3355 0.4441
vn 0.2153 0.9698 0.1150
vn 0.0435 -0.9988 0.0233
vn 0.8308 -0.3355 0.4441
vn 0.7980 -0.4258 0.4265
vn 0.5938 0.7394 0.3174
vn 0.6549 0.6698 0.3501
vn 0.7501 0.2419 0.6155
vn 0.2616 0.9410 0.2146
vn 0.7501 -0.2419 0.6155
vn 0.3988 0.8567 0.3273
vn 0.4620 0.8018 0.3791
vn 0.5205 0.7394 0.4271
vn 0.6336 0.0489 0.7721
vn 0.6336 -0.0489 0.7721
vn 0.2146 0.9410 0.2616
vn 0.3273 0.8567 0.3988
vn 0.4708 -0.0489 0.8809
vn 0.0233 -0.9988 0.0435
vn 0.4574 -0.2418 0.8557
vn 0.4265 -0.4259 0.7980
vn 0.3793 0.5939 0.7096
vn 0.4265 0.4259 0.7980
vn 0.4574 0.2418 0.8557
vn 0.4708 0.0489 0.8809
vn 0.0096 -0.9988 0.0482
vn 0.2735 -0.3355 0.9015
vn 0.1955 0.7394 0.6443
vn 0.2735 0.3355 0.9015
vn 0.0982 -0.9410 0.3237
vn 0.2899 0.0489 0.9558
vn 0.0708 0.9698 0.2336
vn 0.0708 -0.9698 0.2336
vn 0.2899 -0.0489 0.9558
vn 0.0660 0.7394 0.6701
vn 0.0506 -0.8566 0.5135
vn 0.0048 0.9988 0.0490
vn -0.0000 0.9988 0.0490
vn 0.0331 -0.9410 0.3367
vn 0.0979 0.0489 0.9940
vn 0.0979 -0.0489 0.9940
vn 0.0506 0.8566 0.5134
vn -0.0506 -0.8566 0.5135
vn -0.0048 0.9988 0.0490
vn -0.0331 -0.9410 0.3367
vn -0.0096 -0.9988 0.0482
vn -0.0506 0.8566 0.5134
vn -0.0660 0.7394 0.6701
vn -0.2735 0.3355 0.9015
vn -0.0982 -0.9410 0.3237
vn -0.0708 0.9698 0.2336
vn -0.0708 -0.9698 0.2336
vn -0.2735 -0.3355 0.9015
vn -0.1955 0.7394 0.6443
vn -0.4708 0.0489 0.8809
vn -0.1151 0.9698 0.2152
vn -0.1151 -0.9698 0.2152
vn -0.4708 -0.0489 0.8809
vn -0.0233 -0.9988 0.0435
vn -0.4265 -0.4259 0.7980
vn -0.3174 0.7394 0.5938
vn -0.4265 0.4259 0.7980
vn -0.6336 0.0489 0.7721
vn -0.6336 -0.0489 0.7721
vn -0.2146 0.9410 0.2616
vn -0.4271 0.7393 0.5205
vn -0.2616 0.9410 0.2146
vn -0.5205 0.7394 0.4271
vn -0.5938 0.7394 0.3174
vn -0.7574 -0.5123 0.4049
vn -0.7574 0.5123 0.4049
vn -0.2983 -0.9410 0.1595
vn -0.2152 0.9698 0.1151
vn -0.2152 -0.9698 0.1151
vn -0.0435 -0.9988 0.0233
vn -0.6443 0.7394 0.1954
vn -0.7106 0.6698 0.2155
vn -0.7106 -0.6698 0.2155
vn -0.3237 -0.9410 0.0982
vn -0.0482 -0.9988 0.0096
vn -0.9004 0.4258 0.0887
vn -0.5135 -0.8566 0.0506
vn -0.0490 0.9988 0.0048
vn -0.0490 0.9988 -0.0000
vn -0.9845 0.1461 0.0970
vn -0.9845 -0.1461 0.0970
vn -0.5134 0.8566 0.0506
vn -0.9004 -0.4258 0.0887
vn -0.9004 0.4258 -0.0887
vn -0.5135 -0.8566 -0.0506
vn -0.0490 0.9988 -0.0048
vn -0.9845 0.1461 -0.0970
vn -0.9845 -0.1461 -0.0970
vn -0.0482 -0.9988 -0.0096
vn -0.5134 0.8566 -0.0506
vn -0.9004 -0.4258 -0.0887
vn -0.3237 -0.9410 -0.0982
vn -0.9558 0.0488 -0.2900
vn -0.9558 -0.0488 -0.2900
vn -0.8658 -0.4259 -0.2627
vn -0.7106 0.6698 -0.2155
vn -0.7106 -0.6698 -0.2155
vn -0.8658 0.4259 -0.2627
vn -0.2152 0.9698 -0.1151
vn -0.2152 -0.9698 -0.1151
vn -0.0435 -0.9988 -0.0233
vn -0.5938 0.7394 -0.3174
vn -0.7574 -0.5123 -0.4049
vn -0.7096 -0.5938 -0.3793
vn -0.7574 0.5123 -0.4049
vn -0.7647 0.1461 -0.6276
vn -0.7647 -0.1461 -0.6276
vn -0.2146 0.9410 -0.2616
vn -0.5976 -0.3355 -0.7282
vn -0.4271 0.7393 -0.5205
vn -0.2023 0.9032 -0.3785
vn -0.0233 -0.9988 -0.0435
vn -0.4265 -0.4258 -0.7980
vn -0.3501 0.6698 -0.6549
vn -0.3501 -0.6698 -0.6549
vn -0.4265 0.4258 -0.7980
vn -0.2023 -0.9032 -0.3785
vn -0.1735 0.8018 -0.5719
vn -0.1955 0.7394 -0.6443
vn -0.2155 0.6698 -0.7106
vn -0.2155 -0.6698 -0.7106
vn -0.1955 -0.7393 -0.6444
vn -0.0982 -0.9410 -0.3237
vn -0.0096 -0.9988 -0.0482
vn -0.0048 0.9988 -0.0490
vn -0.0144 0.9891 -0.1467
vn -0.0331 -0.9410 -0.3367
vn -0.0506 0.8566 -0.5134
vn -0.0660 0.7394 -0.6701
vn 0.0506 -0.8566 -0.5135
vn 0.0979 0.0489 -0.9940
vn 0.0979 -0.0489 -0.9940
vn 0.0096 -0.9988 -0.0482
vn 0.1498 0.8567 -0.4937
vn 0.2872 0.1461 -0.9467
vn 0.0708 0.9698 -0.2336
vn 0.0708 -0.9698 -0.2336
vn 0.2872 -0.1461 -0.9467
vn 0.4265 -0.4259 -0.7980
vn 0.4265 0.4259 -0.7980
vn 0.4574 0.2418 -0.8557
vn 0.4664 0.1461 -0.8725
vn 0.4664 -0.1461 -0.8725
vn 0.4574 -0.2418 -0.8557
vn 0.0381 0.9988 -0.0312
vn 0.2616 0.9410 -0.2146
vn 0.5205 0.7394 -0.4271
vn 0.0435 -0.9988 -0.0233
vn 0.7980 -0.4258 -0.4265
vn 0.7980 0.4258 -0.4265
vn 0.8658 -0.4259 -0.2627
vn 0.8658 0.4258 0.2627
vn 0.4937 0.8567 0.1498
vn 0.8658 -0.4258 0.2627
vn 0.2153 -0.9698 0.1150
vn 0.4550 0.8567 0.2432
vn 0.0381 0.9988 0.0312
vn 0.5976 -0.3355 0.7282
vn 0.5976 0.3355 0.7282
vn 0.1150 0.9698 0.2153
vn 0.1150 -0.9698 0.2153
vn 0.2432 0.8567 0.4550
vn 0.4265 -0.4258 0.7980
vn 0.4265 0.4258 0.7980
vn 0.1735 0.8018 0.5719
vn 0.2155 0.6698 0.7106
vn 0.2155 -0.6698 0.7106
vn 0.0789 -0.5939 0.8007
vn 0.0789 0.5939 0.8007
vn 0.0506 0.8567 0.5134
vn -0.0506 0.8567 0.5134
vn -0.1955 -0.7393 0.6444
vn -0.1735 0.8018 0.5719
vn -0.2155 0.6698 0.7106
vn -0.2155 -0.6698 0.7106
vn -0.4265 -0.4258 0.7980
vn -0.3501 0.6698 0.6549
vn -0.3501 -0.6698 0.6549
vn -0.4265 0.4258 0.7980
vn -0.5976 -0.3355 0.7282
vn -0.5976 0.3355 0.7282
vn -0.0381 0.9988 0.0312
vn -0.7647 0.1461 0.6276
vn -0.6443 0.7394 0.1955
vn -0.9558 0.0488 0.2900
vn -0.9558 -0.0488 0.2900
vn -0.9015 -0.3354 -0.2735
vn -0.2983 -0.9410 -0.1595
vn -0.0381 0.9988 -0.0312
vn -0.2616 0.9410 -0.2146
vn -0.5205 0.7394 -0.4271
vn -0.6336 -0.0489 -0.7721
vn -0.4574 -0.2418 -0.8557
vn -0.3174 0.7394 -0.5938
vn -0.4574 0.2418 -0.8557
vn -0.4708 0.0489 -0.8809
vn -0.1151 0.9698 -0.2152
vn -0.1151 -0.9698 -0.2152
vn -0.4708 -0.0489 -0.8809
vn -0.2735 0.3355 -0.9015
vn -0.0708 0.9698 -0.2336
vn -0.0708 -0.9698 -0.2336
vn -0.2735 -0.3355 -0.9015
vn -0.0506 -0.8566 -0.5135
vn 0.4663 0.1461 -0.8725
vn 0.1151 0.9698 -0.2152
vn 0.1151 -0.9698 -0.2152
vn 0.4663 -0.1461 -0.8725
vn 0.6276 0.1461 -0.7647
vn 0.2146 0.9410 -0.2616
vn 0.6276 -0.1461 -0.7647
vn 0.6155 -0.2419 -0.7501
vn 0.4271 0.7394 -0.5205
vn 0.7500 0.2419 -0.6156
vn 0.7500 -0.2419 -0.6156
vn 0.2983 -0.9410 -0.1595
vn 0.8809 0.0489 -0.4708
vn 0.2152 0.9698 -0.1151
vn 0.2152 -0.9698 -0.1151
vn 0.8809 -0.0489 -0.4708
vn 0.2336 -0.9698 -0.0708
vn 0.0482 -0.9988 -0.0096
vn 0.4937 0.8567 -0.1498
vn 0.9015 -0.3355 -0.2735
vn 0.6443 0.7394 -0.1955
vn 0.7699 -0.5939 -0.2336
vn 0.7699 0.5939 -0.2336
vn 0.9015 0.3355 -0.2735
vn 0.9845 -0.1461 -0.0970
vn 0.5135 -0.8566 -0.0506
vn 0.9845 0.1461 -0.0970
vn 0.8007 -0.5939 0.0789
vn 0.8007 0.5939 0.0789
vn 0.5135 -0.8566 0.0506
vn 0.9845 0.1461 0.0970
vn 0.9845 -0.1461 0.0970
vn 0.0482 -0.9988 0.0096
vn 0.7699 -0.5939 0.2336
vn 0.7699 0.5939 0.2336
vn 0.9015 0.3355 0.2735
vn 0.2336 -0.9698 0.0708
vn 0.9015 -0.3355 0.2735
vn 0.6443 0.7394 0.1955
vn 0.7980 0.4259 0.4265
vn 0.0434 0.9988 0.0232
vn 0.8809 0.0489 0.4708
vn 0.2152 0.9698 0.1151
vn 0.2152 -0.9698 0.1151
vn 0.8809 -0.0489 0.4708
vn 0.7980 -0.4259 0.4265
vn 0.4271 0.7394 0.5205
vn 0.3174 0.7394 0.5938
vn 0.3501 0.6698 0.6549
vn 0.3501 -0.6698 0.6549
vn -0.0789 -0.5939 0.8007
vn -0.0789 0.5939 0.8007
vn -0.2627 0.4259 0.8658
vn -0.1498 0.8567 0.4937
vn -0.2627 -0.4259 0.8658
vn -0.2432 0.8567 0.4550
vn -0.6155 -0.2419 0.7501
vn -0.6155 0.2419 0.7501
vn -0.7501 -0.2419 0.6155
vn -0.3988 0.8567 0.3273
vn -0.7501 0.2419 0.6155
vn -0.4550 0.8567 0.2432
vn -0.7980 -0.4258 0.4265
vn -0.7096 -0.5939 0.3793
vn -0.7096 0.5939 0.3793
vn -0.7980 0.4258 0.4265
vn -0.8725 0.1460 0.4664
vn -0.8725 -0.1460 0.4664
vn -0.7699 -0.5939 0.2336
vn -0.7699 0.5939 0.2336
vn -0.5719 0.8018 0.1735
vn -0.9940 -0.0489 0.0979
vn -0.5134 0.8567 0.0506
vn -0.6701 0.7394 0.0660
vn -0.9940 -0.0489 -0.0979
vn -0.5134 0.8567 -0.0506
vn -0.5719 0.8018 -0.1735
vn -0.7980 -0.4258 -0.4265
vn -0.7980 0.4258 -0.4265
vn -0.7501 -0.2419 -0.6155
vn -0.7501 0.2419 -0.6155
vn -0.6155 -0.2419 -0.7501
vn -0.6155 0.2419 -0.7501
vn -0.1498 0.8567 -0.4937
vn 0.2627 -0.4259 -0.8658
vn 0.2627 0.4259 -0.8658
vn 0.3501 0.6698 -0.6549
vn 0.3501 -0.6698 -0.6549
vn 0.2023 -0.9032 -0.3785
vn 0.2023 0.9032 -0.3785
vn 0.7501 0.2419 -0.6155
vn 0.7501 -0.2419 -0.6155
vn 0.0434 0.9988 -0.0232
vn 0.8007 -0.5939 -0.0789
vn 0.8007 0.5939 -0.0789
vn 0.2983 -0.9410 0.1595
vn 0.7500 0.2419 0.6156
vn 0.7500 -0.2419 0.6156
vn 0.1151 0.9698 0.2152
vn 0.1151 -0.9698 0.2152
vn 0.1954 0.7393 0.6443
vn -0.9940 0.0489 -0.0979
vn -0.4937 0.8567 -0.1497
vn -0.8725 0.1460 -0.4664
vn -0.2153 0.9698 -0.1150
vn -0.2153 -0.9698 -0.1150
vn -0.8725 -0.1460 -0.4664
vn -0.7721 0.0489 -0.6336
vn -0.7721 -0.0489 -0.6336
vn -0.2615 0.9410 -0.2147
vn -0.7282 -0.3355 -0.5976
vn -0.7282 0.3355 -0.5976
vn -0.2147 0.9410 -0.2615
vn -0.5976 0.3355 -0.7282
vn -0.2432 0.8567 -0.4550
vn -0.1150 0.9698 -0.2153
vn -0.1150 -0.9698 -0.2153
vn -0.0143 0.9988 -0.0471
vn -0.1497 0.8567 -0.4937
vn -0.0789 -0.5939 -0.8007
vn -0.0789 0.5939 -0.8007
vn 0.2475 -0.9584 0.1420
vn 0.2457 0.9584 -0.1451
vn 0.7039 0.5811 -0.4085
vn 0.1791 -0.9787 -0.1002
vn -0.3791 -0.8984 0.2219
vn -0.3790 -0.8984 0.2219
vn 0.4445 -0.8591 -0.2539
vn -0.3160 0.9316 0.1796
vn -0.0371 0.9991 0.0183
vn 0.4444 -0.8591 -0.2540
vn 0.1790 -0.9787 -0.1003
vn -0.1058 -0.9923 0.0642
vn 0.5021 0.8138 -0.2925
vn 0.8295 0.2853 -0.4801
vn 0.2458 0.9584 -0.1451
vn -0.0362 0.9991 -0.0199
vn 0.2466 0.9584 0.1434
vn 0.4437 -0.8590 0.2554
vn -0.1067 -0.9923 -0.0626
vn -0.7441 0.5119 -0.4293
vn 0.5028 0.8139 0.2912
vn -0.7441 -0.5119 0.4293
vn -0.7778 0.4392 0.4496
vn -0.8593 0.1237 0.4964
vn 0.5028 -0.8139 -0.2912
vn 0.2466 -0.9584 -0.1434
vn -0.1067 0.9923 0.0626
vn -0.3799 0.8984 0.2203
vt 0.750000 0.812500
vt 0.750000 0.843750
vt 0.718750 0.843750
vt 0.718750 0.812500
vt 0.750000 0.375000
vt 0.750000 0.406250
vt 0.718750 0.406250
vt 0.718750 0.375000
vt 0.750000 0.781250
vt 0.718750 0.781250
vt 0.750000 0.343750
vt 0.718750 0.343750
vt 0.750000 0.750000
vt 0.718750 0.750000
vt 0.750000 0.312500
vt 0.718750 0.312500
vt 0.750000 0.718750
vt 0.718750 0.718750
vt 0.750000 0.281250
vt 0.718750 0.281250
vt 0.750000 0.687500
vt 0.718750 0.687500
vt 0.750000 0.250000
vt 0.718750 0.250000
vt 0.750000 0.656250
vt 0.718750 0.656250
vt 0.750000 0.218750
vt 0.718750 0.218750
vt 0.750000 0.625000
vt 0.718750 0.625000
vt 0.750000 0.187500
vt 0.718750 0.187500
vt 0.750000 0.593750
vt 0.718750 0.593750
vt 0.750000 0.156250
vt 0.718750 0.156250
vt 0.750000 0.562500
vt 0.718750 0.562500
vt 0.750000 0.968750
vt 0.734375 1.000000
vt 0.718750 0.968750
vt 0.750000 0.125000
vt 0.718750 0.125000
vt 0.750000 0.531250
vt 0.718750 0.531250
vt 0.750000 0.937500
vt 0.718750 0.937500
vt 0.750000 0.093750
vt 0.718750 0.093750
vt 0.750000 0.500000
vt 0.718750 0.500000
vt 0.750000 0.906250
vt 0.718750 0.906250
vt 0.750000 0.062500
vt 0.718750 0.062500
vt 0.750000 0.468750
vt 0.718750 0.468750
vt 0.750000 0.875000
vt 0.718750 0.875000
vt 0.750000 0.031250
vt 0.718750 0.031250
vt 0.750000 0.437500
vt 0.718750 0.437500
vt 0.734375 0.000000
vt 0.687500 0.593750
vt 0.687500 0.562500
vt 0.703125 1.000000
vt 0.687500 0.968750
vt 0.687500 0.156250
vt 0.687500 0.125000
vt 0.687500 0.531250
vt 0.687500 0.937500
vt 0.687500 0.093750
vt 0.687500 0.500000
vt 0.687500 0.906250
vt 0.687500 0.062500
vt 0.687500 0.468750
vt 0.687500 0.875000
vt 0.687500 0.031250
vt 0.687500 0.437500
vt 0.687500 0.843750
vt 0.703125 0.000000
vt 0.687500 0.406250
vt 0.687500 0.812500
vt 0.687500 0.375000
vt 0.687500 0.781250
vt 0.687500 0.343750
vt 0.687500 0.750000
vt 0.687500 0.312500
vt 0.687500 0.718750
vt 0.687500 0.281250
vt 0.687500 0.687500
vt 0.687500 0.250000
vt 0.687500 0.656250
vt 0.687500 0.218750
vt 0.687500 0.625000
vt 0.687500 0.187500
vt 0.656250 0.531250
vt 0.656250 0.500000
vt 0.656250 0.937500
vt 0.656250 0.906250
vt 0.656250 0.093750
vt 0.656250 0.062500
vt 0.656250 0.468750
vt 0.656250 0.875000
vt 0.656250 0.031250
vt 0.656250 0.437500
vt 0.656250 0.843750
vt 0.671875 0.000000
vt 0.656250 0.406250
vt 0.656250 0.812500
vt 0.656250 0.375000
vt 0.656250 0.781250
vt 0.656250 0.343750
vt 0.656250 0.750000
vt 0.656250 0.312500
vt 0.656250 0.718750
vt 0.656250 0.281250
vt 0.656250 0.687500
vt 0.656250 0.250000
vt 0.656250 0.656250
vt 0.656250 0.218750
vt 0.656250 0.625000
vt 0.656250 0.187500
vt 0.656250 0.593750
vt 0.656250 0.156250
vt 0.656250 0.562500
vt 0.671875 1.000000
vt 0.656250 0.968750
vt 0.656250 0.125000
vt 0.625000 0.468750
vt 0.625000 0.437500
vt 0.625000 0.875000
vt 0.625000 0.843750
vt 0.640625 0.000000
vt 0.625000 0.031250
vt 0.625000 0.406250
vt 0.625000 0.812500
vt 0.625000 0.375000
vt 0.625000 0.781250
vt 0.625000 0.343750
vt 0.625000 0.750000
vt 0.625000 0.312500
vt 0.625000 0.718750
vt 0.625000 0.281250
vt 0.625000 0.687500
vt 0.625000 0.250000
vt 0.625000 0.656250
vt 0.625000 0.218750
vt 0.625000 0.625000
vt 0.625000 0.187500
vt 0.625000 0.593750
vt 0.625000 0.156250
vt 0.625000 0.562500
vt 0.640625 1.000000
vt 0.625000 0.968750
vt 0.625000 0.125000
vt 0.625000 0.531250
vt 0.625000 0.937500
vt 0.625000 0.093750
vt 0.625000 0.500000
vt 0.625000 0.906250
vt 0.625000 0.062500
vt 0.593750 0.406250
vt 0.593750 0.375000
vt 0.593750 0.812500
vt 0.593750 0.781250
vt 0.593750 0.343750
vt 0.593750 0.750000
vt 0.593750 0.312500
vt 0.593750 0.718750
vt 0.593750 0.281250
vt 0.593750 0.687500
vt 0.593750 0.250000
vt 0.593750 0.656250
vt 0.593750 0.218750
vt 0.593750 0.625000
vt 0.593750 0.187500
vt 0.593750 0.593750
vt 0.593750 0.156250
vt 0.593750 0.562500
vt 0.609375 1.000000
vt 0.593750 0.968750
vt 0.593750 0.125000
vt 0.593750 0.531250
vt 0.593750 0.937500
vt 0.593750 0.093750
vt 0.593750 0.500000
vt 0.593750 0.906250
vt 0.593750 0.062500
vt 0.593750 0.468750
vt 0.593750 0.875000
vt 0.593750 0.031250
vt 0.593750 0.437500
vt 0.593750 0.843750
vt 0.609375 0.000000
vt 0.562500 0.343750
vt 0.562500 0.312500
vt 0.562500 0.750000
vt 0.562500 0.718750
vt 0.562500 0.281250
vt 0.562500 0.687500
vt 0.562500 0.250000
vt 0.562500 0.656250
vt 0.562500 0.218750
vt 0.562500 0.625000
vt 0.562500 0.187500
vt 0.562500 0.593750
vt 0.562500 0.156250
vt 0.562500 0.562500
vt 0.578125 1.000000
vt 0.562500 0.968750
vt 0.562500 0.125000
vt 0.562500 0.531250
vt 0.562500 0.937500
vt 0.562500 0.093750
vt 0.562500 0.500000
vt 0.562500 0.906250
vt 0.562500 0.062500
vt 0.562500 0.468750
vt 0.562500 0.875000
vt 0.562500 0.031250
vt 0.562500 0.437500
vt 0.562500 0.843750
vt 0.578125 0.000000
vt 0.562500 0.406250
vt 0.562500 0.812500
vt 0.562500 0.375000
vt 0.562500 0.781250
vt 0.531250 0.281250
vt 0.531250 0.250000
vt 0.531250 0.687500
vt 0.531250 0.656250
vt 0.531250 0.218750
vt 0.531250 0.625000
vt 0.531250 0.187500
vt 0.531250 0.593750
vt 0.531250 0.156250
vt 0.531250 0.562500
vt 0.546875 1.000000
vt 0.531250 0.968750
vt 0.531250 0.125000
vt 0.531250 0.531250
vt 0.531250 0.937500
vt 0.531250 0.093750
vt 0.531250 0.500000
vt 0.531250 0.906250
vt 0.531250 0.062500
vt 0.531250 0.468750
vt 0.531250 0.875000
vt 0.531250 0.031250
vt 0.531250 0.437500
vt 0.531250 0.843750
vt 0.546875 0.000000
vt 0.531250 0.406250
vt 0.531250 0.812500
vt 0.531250 0.375000
vt 0.531250 0.781250
vt 0.531250 0.343750
vt 0.531250 0.750000
vt 0.531250 0.312500
vt 0.531250 0.718750
vt 0.500000 0.218750
vt 0.500000 0.187500
vt 0.500000 0.625000
vt 0.500000 0.593750
vt 0.500000 0.156250
vt 0.500000 0.562500
vt 0.515625 1.000000
vt 0.500000 0.968750
vt 0.500000 0.125000
vt 0.500000 0.531250
vt 0.500000 0.937500
vt 0.500000 0.093750
vt 0.500000 0.500000
vt 0.500000 0.906250
vt 0.500000 0.062500
vt 0.500000 0.468750
vt 0.500000 0.875000
vt 0.500000 0.031250
vt 0.500000 0.437500
vt 0.500000 0.843750
vt 0.515625 0.000000
vt 0.500000 0.406250
vt 0.500000 0.812500
vt 0.500000 0.375000
vt 0.500000 0.781250
vt 0.500000 0.343750
vt 0.500000 0.750000
vt 0.500000 0.312500
vt 0.500000 0.718750
vt 0.500000 0.281250
vt 0.500000 0.687500
vt 0.500000 0.250000
vt 0.500000 0.656250
vt 0.468750 0.156250
vt 0.468750 0.125000
vt 0.468750 0.562500
vt 0.468750 0.531250
vt 0.468750 0.968750
vt 0.468750 0.937500
vt 0.468750 0.093750
vt 0.468750 0.500000
vt 0.468750 0.906250
vt 0.468750 0.062500
vt 0.468750 0.468750
vt 0.468750 0.875000
vt 0.468750 0.031250
vt 0.468750 0.437500
vt 0.468750 0.843750
vt 0.484375 0.000000
vt 0.468750 0.406250
vt 0.468750 0.812500
vt 0.468750 0.375000
vt 0.468750 0.781250
vt 0.468750 0.343750
vt 0.468750 0.750000
vt 0.468750 0.312500
vt 0.468750 0.718750
vt 0.468750 0.281250
vt 0.468750 0.687500
vt 0.468750 0.250000
vt 0.468750 0.656250
vt 0.468750 0.218750
vt 0.468750 0.625000
vt 0.468750 0.187500
vt 0.468750 0.593750
vt 0.484375 1.000000
vt 0.437500 0.093750
vt 0.437500 0.062500
vt 0.437500 0.500000
vt 0.437500 0.468750
vt 0.437500 0.906250
vt 0.437500 0.875000
vt 0.437500 0.031250
vt 0.437500 0.437500
vt 0.437500 0.843750
vt 0.453125 0.000000
vt 0.437500 0.406250
vt 0.437500 0.812500
vt 0.437500 0.375000
vt 0.437500 0.781250
vt 0.437500 0.343750
vt 0.437500 0.750000
vt 0.437500 0.312500
vt 0.437500 0.718750
vt 0.437500 0.281250
vt 0.437500 0.687500
vt 0.437500 0.250000
vt 0.437500 0.656250
vt 0.437500 0.218750
vt 0.437500 0.625000
vt 0.437500 0.187500
vt 0.437500 0.593750
vt 0.437500 0.156250
vt 0.437500 0.562500
vt 0.453125 1.000000
vt 0.437500 0.968750
vt 0.437500 0.125000
vt 0.437500 0.531250
vt 0.437500 0.937500
vt 0.421875 0.000000
vt 0.406250 0.031250
vt 0.406250 0.437500
vt 0.406250 0.406250
vt 0.406250 0.843750
vt 0.406250 0.812500
vt 0.406250 0.375000
vt 0.406250 0.781250
vt 0.406250 0.343750
vt 0.406250 0.750000
vt 0.406250 0.312500
vt 0.406250 0.718750
vt 0.406250 0.281250
vt 0.406250 0.687500
vt 0.406250 0.250000
vt 0.406250 0.656250
vt 0.406250 0.218750
vt 0.406250 0.625000
vt 0.406250 0.187500
vt 0.406250 0.593750
vt 0.406250 0.156250
vt 0.406250 0.562500
vt 0.421875 1.000000
vt 0.406250 0.968750
vt 0.406250 0.125000
vt 0.406250 0.531250
vt 0.406250 0.937500
vt 0.406250 0.093750
vt 0.406250 0.500000
vt 0.406250 0.906250
vt 0.406250 0.062500
vt 0.406250 0.468750
vt 0.406250 0.875000
vt 0.375000 0.375000
vt 0.375000 0.343750
vt 0.375000 0.781250
vt 0.375000 0.750000
vt 0.375000 0.312500
vt 0.375000 0.718750
vt 0.375000 0.281250
vt 0.375000 0.687500
vt 0.375000 0.250000
vt 0.375000 0.656250
vt 0.375000 0.218750
vt 0.375000 0.625000
vt 0.375000 0.187500
vt 0.375000 0.593750
vt 0.375000 0.156250
vt 0.375000 0.562500
vt 0.390625 1.000000
vt 0.375000 0.968750
vt 0.375000 0.125000
vt 0.375000 0.531250
vt 0.375000 0.937500
vt 0.375000 0.093750
vt 0.375000 0.500000
vt 0.375000 0.906250
vt 0.375000 0.062500
vt 0.375000 0.468750
vt 0.375000 0.875000
vt 0.375000 0.031250
vt 0.375000 0.437500
vt 0.375000 0.843750
vt 0.390625 0.000000
vt 0.375000 0.406250
vt 0.375000 0.812500
vt 0.343750 0.312500
vt 0.343750 0.281250
vt 0.343750 0.718750
vt 0.343750 0.687500
vt 0.343750 0.250000
vt 0.343750 0.656250
vt 0.343750 0.218750
vt 0.343750 0.625000
vt 0.343750 0.187500
vt 0.343750 0.593750
vt 0.343750 0.156250
vt 0.343750 0.562500
vt 0.359375 1.000000
vt 0.343750 0.968750
vt 0.343750 0.125000
vt 0.343750 0.531250
vt 0.343750 0.937500
vt 0.343750 0.093750
vt 0.343750 0.500000
vt 0.343750 0.906250
vt 0.343750 0.062500
vt 0.343750 0.468750
vt 0.343750 0.875000
vt 0.343750 0.031250
vt 0.343750 0.437500
vt 0.343750 0.843750
vt 0.359375 0.000000
vt 0.343750 0.406250
vt 0.343750 0.812500
vt 0.343750 0.375000
vt 0.343750 0.781250
vt 0.343750 0.343750
vt 0.343750 0.750000
vt 0.312500 0.250000
vt 0.312500 0.218750
vt 0.312500 0.656250
vt 0.312500 0.625000
vt 0.312500 0.187500
vt 0.312500 0.593750
vt 0.312500 0.156250
vt 0.312500 0.562500
vt 0.328125 1.000000
vt 0.312500 0.968750
vt 0.312500 0.125000
vt 0.312500 0.531250
vt 0.312500 0.937500
vt 0.312500 0.093750
vt 0.312500 0.500000
vt 0.312500 0.906250
vt 0.312500 0.062500
vt 0.312500 0.468750
vt 0.312500 0.875000
vt 0.312500 0.031250
vt 0.312500 0.437500
vt 0.312500 0.843750
vt 0.328125 0.000000
vt 0.312500 0.406250
vt 0.312500 0.812500
vt 0.312500 0.375000
vt 0.312500 0.781250
vt 0.312500 0.343750
vt 0.312500 0.750000
vt 0.312500 0.312500
vt 0.312500 0.718750
vt 0.312500 0.281250
vt 0.312500 0.687500
vt 0.281250 0.187500
vt 0.281250 0.156250
vt 0.281250 0.593750
vt 0.281250 0.562500
vt 0.296875 1.000000
vt 0.281250 0.968750
vt 0.281250 0.125000
vt 0.281250 0.531250
vt 0.281250 0.937500
vt 0.281250 0.093750
vt 0.281250 0.500000
vt 0.281250 0.906250
vt 0.281250 0.062500
vt 0.281250 0.468750
vt 0.281250 0.875000
vt 0.281250 0.031250
vt 0.281250 0.437500
vt 0.281250 0.843750
vt 0.296875 0.000000
vt 0.281250 0.406250
vt 0.281250 0.812500
vt 0.281250 0.375000
vt 0.281250 0.781250
vt 0.281250 0.343750
vt 0.281250 0.750000
vt 0.281250 0.312500
vt 0.281250 0.718750
vt 0.281250 0.281250
vt 0.281250 0.687500
vt 0.281250 0.250000
vt 0.281250 0.656250
vt 0.281250 0.218750
vt 0.281250 0.625000
vt 0.250000 0.968750
vt 0.250000 0.937500
vt 0.250000 0.125000
vt 0.250000 0.093750
vt 0.250000 0.531250
vt 0.250000 0.500000
vt 0.250000 0.906250
vt 0.250000 0.062500
vt 0.250000 0.468750
vt 0.250000 0.875000
vt 0.250000 0.031250
vt 0.250000 0.437500
vt 0.250000 0.843750
vt 0.265625 0.000000
vt 0.250000 0.406250
vt 0.250000 0.812500
vt 0.250000 0.375000
vt 0.250000 0.781250
vt 0.250000 0.343750
vt 0.250000 0.750000
vt 0.250000 0.312500
vt 0.250000 0.718750
vt 0.250000 0.281250
vt 0.250000 0.687500
vt 0.250000 0.250000
vt 0.250000 0.656250
vt 0.250000 0.218750
vt 0.250000 0.625000
vt 0.250000 0.187500
vt 0.250000 0.593750
vt 0.250000 0.156250
vt 0.250000 0.562500
vt 0.265625 1.000000
vt 0.218750 0.906250
vt 0.218750 0.875000
vt 0.218750 0.062500
vt 0.218750 0.031250
vt 0.218750 0.468750
vt 0.218750 0.437500
vt 0.218750 0.843750
vt 0.234375 0.000000
vt 0.218750 0.406250
vt 0.218750 0.812500
vt 0.218750 0.375000
vt 0.218750 0.781250
vt 0.218750 0.343750
vt 0.218750 0.750000
vt 0.218750 0.312500
vt 0.218750 0.718750
vt 0.218750 0.281250
vt 0.218750 0.687500
vt 0.218750 0.250000
vt 0.218750 0.656250
vt 0.218750 0.218750
vt 0.218750 0.625000
vt 0.218750 0.187500
vt 0.218750 0.593750
vt 0.218750 0.156250
vt 0.218750 0.562500
vt 0.234375 1.000000
vt 0.218750 0.968750
vt 0.218750 0.125000
vt 0.218750 0.531250
vt 0.218750 0.937500
vt 0.218750 0.093750
vt 0.218750 0.500000
vt 0.187500 0.843750
vt 0.187500 0.812500
vt 0.187500 0.406250
vt 0.187500 0.375000
vt 0.187500 0.781250
vt 0.187500 0.343750
vt 0.187500 0.750000
vt 0.187500 0.312500
vt 0.187500 0.718750
vt 0.187500 0.281250
vt 0.187500 0.687500
vt 0.187500 0.250000
vt 0.187500 0.656250
vt 0.187500 0.218750
vt 0.187500 0.625000
vt 0.187500 0.187500
vt 0.187500 0.593750
vt 0.187500 0.156250
vt 0.187500 0.562500
vt 0.203125 1.000000
vt 0.187500 0.968750
vt 0.187500 0.125000
vt 0.187500 0.531250
vt 0.187500 0.937500
vt 0.187500 0.093750
vt 0.187500 0.500000
vt 0.187500 0.906250
vt 0.187500 0.062500
vt 0.187500 0.468750
vt 0.187500 0.875000
vt 0.187500 0.031250
vt 0.187500 0.437500
vt 0.203125 0.000000
vt 0.156250 0.781250
vt 0.156250 0.750000
vt 0.156250 0.343750
vt 0.156250 0.312500
vt 0.156250 0.718750
vt 0.156250 0.281250
vt 0.156250 0.687500
vt 0.156250 0.250000
vt 0.156250 0.656250
vt 0.156250 0.218750
vt 0.156250 0.625000
vt 0.156250 0.187500
vt 0.156250 0.593750
vt 0.156250 0.156250
vt 0.156250 0.562500
vt 0.171875 1.000000
vt 0.156250 0.968750
vt 0.156250 0.125000
vt 0.156250 0.531250
vt 0.156250 0.937500
vt 0.156250 0.093750
vt 0.156250 0.500000
vt 0.156250 0.906250
vt 0.156250 0.062500
vt 0.156250 0.468750
vt 0.156250 0.875000
vt 0.156250 0.031250
vt 0.156250 0.437500
vt 0.156250 0.843750
vt 0.171875 0.000000
vt 0.156250 0.406250
vt 0.156250 0.812500
vt 0.156250 0.375000
vt 0.125000 0.718750
vt 0.125000 0.687500
vt 0.125000 0.281250
vt 0.125000 0.250000
vt 0.125000 0.656250
vt 0.125000 0.218750
vt 0.125000 0.625000
vt 0.125000 0.187500
vt 0.125000 0.593750
vt 0.125000 0.156250
vt 0.125000 0.562500
vt 0.140625 1.000000
vt 0.125000 0.968750
vt 0.125000 0.125000
vt 0.125000 0.531250
vt 0.125000 0.937500
vt 0.125000 0.093750
vt 0.125000 0.500000
vt 0.125000 0.906250
vt 0.125000 0.062500
vt 0.125000 0.468750
vt 0.125000 0.875000
vt 0.125000 0.031250
vt 0.125000 0.437500
vt 0.125000 0.843750
vt 0.140625 0.000000
vt 0.125000 0.406250
vt 0.125000 0.812500
vt 0.125000 0.375000
vt 0.125000 0.781250
vt 0.125000 0.343750
vt 0.125000 0.750000
vt 0.125000 0.312500
vt 0.093750 0.656250
vt 0.093750 0.625000
vt 0.093750 0.218750
vt 0.093750 0.187500
vt 0.093750 0.593750
vt 0.093750 0.156250
vt 0.093750 0.562500
vt 0.109375 1.000000
vt 0.093750 0.968750
vt 0.093750 0.125000
vt 0.093750 0.531250
vt 0.093750 0.937500
vt 0.093750 0.093750
vt 0.093750 0.500000
vt 0.093750 0.906250
vt 0.093750 0.062500
vt 0.093750 0.468750
vt 0.093750 0.875000
vt 0.093750 0.031250
vt 0.093750 0.437500
vt 0.093750 0.843750
vt 0.109375 0.000000
vt 0.093750 0.406250
vt 0.093750 0.812500
vt 0.093750 0.375000
vt 0.093750 0.781250
vt 0.093750 0.343750
vt 0.093750 0.750000
vt 0.093750 0.312500
vt 0.093750 0.718750
vt 0.093750 0.281250
vt 0.093750 0.687500
vt 0.093750 0.250000
vt 0.062500 0.593750
vt 0.062500 0.562500
vt 0.078125 1.000000
vt 0.062500 0.968750
vt 0.062500 0.156250
vt 0.062500 0.125000
vt 0.062500 0.531250
vt 0.062500 0.937500
vt 0.062500 0.093750
vt 0.062500 0.500000
vt 0.062500 0.906250
vt 0.062500 0.062500
vt 0.062500 0.468750
vt 0.062500 0.875000
vt 0.062500 0.031250
vt 0.062500 0.437500
vt 0.062500 0.843750
vt 0.078125 0.000000
vt 0.062500 0.406250
vt 0.062500 0.812500
vt 0.062500 0.375000
vt 0.062500 0.781250
vt 0.062500 0.343750
vt 0.062500 0.750000
vt 0.062500 0.312500
vt 0.062500 0.718750
vt 0.062500 0.281250
vt 0.062500 0.687500
vt 0.062500 0.250000
vt 0.062500 0.656250
vt 0.062500 0.218750
vt 0.062500 0.625000
vt 0.062500 0.187500
vt 0.031250 0.531250
vt 0.031250 0.500000
vt 0.031250 0.937500
vt 0.031250 0.906250
vt 0.031250 0.093750
vt 0.031250 0.062500
vt 0.031250 0.468750
vt 0.031250 0.875000
vt 0.031250 0.031250
vt 0.031250 0.437500
vt 0.031250 0.843750
vt 0.046875 0.000000
vt 0.031250 0.406250
vt 0.031250 0.812500
vt 0.031250 0.375000
vt 0.031250 0.781250
vt 0.031250 0.343750
vt 0.031250 0.750000
vt 0.031250 0.312500
vt 0.031250 0.718750
vt 0.031250 0.281250
vt 0.031250 0.687500
vt 0.031250 0.250000
vt 0.031250 0.656250
vt 0.031250 0.218750
vt 0.031250 0.625000
vt 0.031250 0.187500
vt 0.031250 0.593750
vt 0.031250 0.156250
vt 0.031250 0.562500
vt 0.046875 1.000000
vt 0.031250 0.968750
vt 0.031250 0.125000
vt 0.000000 0.468750
vt 0.000000 0.437500
vt 0.000000 0.875000
vt 0.000000 0.843750
vt 0.015625 0.000000
vt 0.000000 0.031250
vt 0.000000 0.406250
vt 0.000000 0.812500
vt 0.000000 0.375000
vt 0.000000 0.781250
vt 0.000000 0.343750
vt 0.000000 0.750000
vt 0.000000 0.312500
vt 0.000000 0.718750
vt 0.000000 0.281250
vt 0.000000 0.687500
vt 0.000000 0.250000
vt 0.000000 0.656250
vt 0.000000 0.218750
vt 0.000000 0.625000
vt 0.000000 0.187500
vt 0.000000 0.593750
vt 0.000000 0.156250
vt 0.000000 0.562500
vt 0.015625 1.000000
vt 0.000000 0.968750
vt 0.000000 0.125000
vt 0.000000 0.531250
vt 0.000000 0.937500
vt 0.000000 0.093750
vt 0.000000 0.500000
vt 0.000000 0.906250
vt 0.000000 0.062500
vt 1.000000 0.375000
vt 1.000000 0.406250
vt 0.968750 0.406250
vt 0.968750 0.375000
vt 1.000000 0.781250
vt 1.000000 0.812500
vt 0.968750 0.812500
vt 0.968750 0.781250
vt 1.000000 0.343750
vt 0.968750 0.343750
vt 1.000000 0.750000
vt 0.968750 0.750000
vt 1.000000 0.312500
vt 0.968750 0.312500
vt 1.000000 0.718750
vt 0.968750 0.718750
vt 1.000000 0.281250
vt 0.968750 0.281250
vt 1.000000 0.687500
vt 0.968750 0.687500
vt 1.000000 0.250000
vt 0.968750 0.250000
vt 1.000000 0.656250
vt 0.968750 0.656250
vt 1.000000 0.218750
vt 0.968750 0.218750
vt 1.000000 0.625000
vt 0.968750 0.625000
vt 1.000000 0.187500
vt 0.968750 0.187500
vt 1.000000 0.593750
vt 0.968750 0.593750
vt 1.000000 0.156250
vt 0.968750 0.156250
vt 1.000000 0.562500
vt 0.968750 0.562500
vt 1.000000 0.968750
vt 0.984375 1.000000
vt 0.968750 0.968750
vt 1.000000 0.125000
vt 0.968750 0.125000
vt 1.000000 0.531250
vt 0.968750 0.531250
vt 1.000000 0.937500
vt 0.968750 0.937500
vt 1.000000 0.093750
vt 0.968750 0.093750
vt 1.000000 0.500000
vt 0.968750 0.500000
vt 1.000000 0.906250
vt 0.968750 0.906250
vt 1.000000 0.062500
vt 0.968750 0.062500
vt 1.000000 0.468750
vt 0.968750 0.468750
vt 1.000000 0.875000
vt 0.968750 0.875000
vt 1.000000 0.031250
vt 0.968750 0.031250
vt 1.000000 0.437500
vt 0.968750 0.437500
vt 1.000000 0.843750
vt 0.968750 0.843750
vt 0.984375 0.000000
vt 0.937500 0.343750
vt 0.937500 0.312500
vt 0.937500 0.750000
vt 0.937500 0.718750
vt 0.937500 0.281250
vt 0.937500 0.687500
vt 0.937500 0.250000
vt 0.937500 0.656250
vt 0.937500 0.218750
vt 0.937500 0.625000
vt 0.937500 0.187500
vt 0.937500 0.593750
vt 0.937500 0.156250
vt 0.937500 0.562500
vt 0.953125 1.000000
vt 0.937500 0.968750
vt 0.937500 0.125000
vt 0.937500 0.531250
vt 0.937500 0.937500
vt 0.937500 0.093750
vt 0.937500 0.500000
vt 0.937500 0.906250
vt 0.937500 0.062500
vt 0.937500 0.468750
vt 0.937500 0.875000
vt 0.937500 0.031250
vt 0.937500 0.437500
vt 0.937500 0.843750
vt 0.953125 0.000000
vt 0.937500 0.406250
vt 0.937500 0.812500
vt 0.937500 0.375000
vt 0.937500 0.781250
vt 0.906250 0.156250
vt 0.906250 0.125000
vt 0.906250 0.562500
vt 0.906250 0.531250
vt 0.906250 0.968750
vt 0.906250 0.937500
vt 0.906250 0.093750
vt 0.906250 0.500000
vt 0.906250 0.906250
vt 0.906250 0.062500
vt 0.906250 0.468750
vt 0.906250 0.875000
vt 0.906250 0.031250
vt 0.906250 0.437500
vt 0.906250 0.843750
vt 0.921875 0.000000
vt 0.906250 0.406250
vt 0.906250 0.812500
vt 0.906250 0.375000
vt 0.906250 0.781250
vt 0.906250 0.343750
vt 0.906250 0.750000
vt 0.906250 0.312500
vt 0.906250 0.718750
vt 0.906250 0.281250
vt 0.906250 0.687500
vt 0.906250 0.250000
vt 0.906250 0.656250
vt 0.906250 0.218750
vt 0.906250 0.625000
vt 0.906250 0.187500
vt 0.906250 0.593750
vt 0.921875 1.000000
vt 0.875000 0.093750
vt 0.875000 0.062500
vt 0.875000 0.500000
vt 0.875000 0.468750
vt 0.875000 0.906250
vt 0.875000 0.875000
vt 0.875000 0.031250
vt 0.875000 0.437500
vt 0.875000 0.843750
vt 0.890625 0.000000
vt 0.875000 0.406250
vt 0.875000 0.812500
vt 0.875000 0.375000
vt 0.875000 0.781250
vt 0.875000 0.343750
vt 0.875000 0.750000
vt 0.875000 0.312500
vt 0.875000 0.718750
vt 0.875000 0.281250
vt 0.875000 0.687500
vt 0.875000 0.250000
vt 0.875000 0.656250
vt 0.875000 0.218750
vt 0.875000 0.625000
vt 0.875000 0.187500
vt 0.875000 0.593750
vt 0.875000 0.156250
vt 0.875000 0.562500
vt 0.890625 1.000000
vt 0.875000 0.968750
vt 0.875000 0.125000
vt 0.875000 0.531250
vt 0.875000 0.937500
vt 0.859375 0.000000
vt 0.843750 0.031250
vt 0.843750 0.437500
vt 0.843750 0.406250
vt 0.843750 0.843750
vt 0.843750 0.812500
vt 0.843750 0.375000
vt 0.843750 0.781250
vt 0.843750 0.343750
vt 0.843750 0.750000
vt 0.843750 0.312500
vt 0.843750 0.718750
vt 0.843750 0.281250
vt 0.843750 0.687500
vt 0.843750 0.250000
vt 0.843750 0.656250
vt 0.843750 0.218750
vt 0.843750 0.625000
vt 0.843750 0.187500
vt 0.843750 0.593750
vt 0.843750 0.156250
vt 0.843750 0.562500
vt 0.859375 1.000000
vt 0.843750 0.968750
vt 0.843750 0.125000
vt 0.843750 0.531250
vt 0.843750 0.937500
vt 0.843750 0.093750
vt 0.843750 0.500000
vt 0.843750 0.906250
vt 0.843750 0.062500
vt 0.843750 0.468750
vt 0.843750 0.875000
vt 0.812500 0.375000
vt 0.812500 0.343750
vt 0.812500 0.781250
vt 0.812500 0.750000
vt 0.812500 0.312500
vt 0.812500 0.718750
vt 0.812500 0.281250
vt 0.812500 0.687500
vt 0.812500 0.250000
vt 0.812500 0.656250
vt 0.812500 0.218750
vt 0.812500 0.625000
vt 0.812500 0.187500
vt 0.812500 0.593750
vt 0.812500 0.156250
vt 0.812500 0.562500
vt 0.828125 1.000000
vt 0.812500 0.968750
vt 0.812500 0.125000
vt 0.812500 0.531250
vt 0.812500 0.937500
vt 0.812500 0.093750
vt 0.812500 0.500000
vt 0.812500 0.906250
vt 0.812500 0.062500
vt 0.812500 0.468750
vt 0.812500 0.875000
vt 0.812500 0.031250
vt 0.812500 0.437500
vt 0.812500 0.843750
vt 0.828125 0.000000
vt 0.812500 0.406250
vt 0.812500 0.812500
vt 0.781250 0.312500
vt 0.781250 0.281250
vt 0.781250 0.718750
vt 0.781250 0.687500
vt 0.781250 0.250000
vt 0.781250 0.656250
vt 0.781250 0.218750
vt 0.781250 0.625000
vt 0.781250 0.187500
vt 0.781250 0.593750
vt 0.781250 0.156250
vt 0.781250 0.562500
vt 0.796875 1.000000
vt 0.781250 0.968750
vt 0.781250 0.125000
vt 0.781250 0.531250
vt 0.781250 0.937500
vt 0.781250 0.093750
vt 0.781250 0.500000
vt 0.781250 0.906250
vt 0.781250 0.062500
vt 0.781250 0.468750
vt 0.781250 0.875000
vt 0.781250 0.031250
vt 0.781250 0.437500
vt 0.781250 0.843750
vt 0.796875 0.000000
vt 0.781250 0.406250
vt 0.781250 0.812500
vt 0.781250 0.375000
vt 0.781250 0.781250
vt 0.781250 0.343750
vt 0.781250 0.750000
vt 0.765625 1.000000
vt 0.765625 0.000000
vt 0.000000 0.000000
s 1
usemtl Carbon
f 985/1/1 984/2/1 21/3/1 22/4/1
f 991/5/2 990/6/2 35/7/2 36/8/2
f 1/9/3 985/1/3 22/4/3 23/10/3
f 9/11/4 991/5/4 36/8/4 37/12/4
f 986/13/5 1/9/5 23/10/5 24/14/5
f 10/15/6 9/11/6 37/12/6 38/16/6
f 2/17/7 986/13/7 24/14/7 25/18/7
f 11/19/8 10/15/8 38/16/8 39/20/8
f 987/21/9 2/17/9 25/18/9 26/22/9
f 992/23/10 11/19/10 39/20/10 40/24/10
f 988/25/11 987/21/11 26/22/11 27/26/11
f 12/27/12 992/23/12 40/24/12 41/28/12
f 3/29/13 988/25/13 27/26/13 28/30/13
f 13/31/14 12/27/14 41/28/14 42/32/14
f 4/33/15 3/29/15 28/30/15 29/34/15
f 14/35/16 13/31/16 42/32/16 43/36/16
f 5/37/17 4/33/17 29/34/17 30/38/17
f 980/39/18 514/40/18 17/41/19
f 993/42/20 14/35/20 43/36/20 44/43/20
f 6/44/21 5/37/21 30/38/21 31/45/21
f 981/46/22 980/39/22 17/41/22 18/47/22
f 994/48/23 993/42/23 44/43/23 45/49/23
f 989/50/24 6/44/24 31/45/24 32/51/24
f 982/52/25 981/46/25 18/47/25 19/53/25
f 15/54/26 994/48/26 45/49/26 46/55/26
f 7/56/27 989/50/27 32/51/27 33/57/27
f 983/58/28 982/52/28 19/53/28 20/59/28
f 16/60/29 15/54/29 46/55/29 47/61/29
f 8/62/30 7/56/30 33/57/30 34/63/30
f 984/2/31 983/58/31 20/59/31 21/3/31
f 513/64/32 16/60/33 47/61/32
f 990/6/34 8/62/34 34/63/34 35/7/34
f 30/38/35 29/34/35 60/65/35 61/66/35
f 17/41/36 514/67/37 48/68/37
f 44/43/38 43/36/38 74/69/38 75/70/38
f 31/45/39 30/38/39 61/66/39 62/71/39
f 18/47/40 17/41/40 48/68/40 49/72/40
f 45/49/41 44/43/41 75/70/41 76/73/41
f 32/51/42 31/45/42 62/71/42 63/74/42
f 19/53/43 18/47/43 49/72/43 50/75/43
f 46/55/44 45/49/44 76/73/44 77/76/44
f 33/57/45 32/51/45 63/74/45 64/77/45
f 20/59/46 19/53/46 50/75/46 51/78/46
f 47/61/47 46/55/47 77/76/47 78/79/47
f 34/63/48 33/57/48 64/77/48 65/80/48
f 21/3/49 20/59/49 51/78/49 52/81/49
f 513/82/32 47/61/32 78/79/50
f 35/7/51 34/63/51 65/80/51 66/83/51
f 22/4/52 21/3/52 52/81/52 53/84/52
f 36/8/53 35/7/53 66/83/53 67/85/53
f 23/10/54 22/4/54 53/84/54 54/86/54
f 37/12/55 36/8/55 67/85/55 68/87/55
f 24/14/56 23/10/56 54/86/56 55/88/56
f 38/16/57 37/12/57 68/87/57 69/89/57
f 25/18/58 24/14/58 55/88/58 56/90/58
f 39/20/59 38/16/59 69/89/59 70/91/59
f 26/22/60 25/18/60 56/90/60 57/92/60
f 40/24/61 39/20/61 70/91/61 71/93/61
f 27/26/62 26/22/62 57/92/62 58/94/62
f 41/28/63 40/24/63 71/93/63 72/95/63
f 28/30/64 27/26/64 58/94/64 59/96/64
f 42/32/65 41/28/65 72/95/65 73/97/65
f 29/34/66 28/30/66 59/96/66 60/65/66
f 43/36/67 42/32/67 73/97/67 74/69/67
f 63/74/68 62/71/68 93/98/68 94/99/68
f 50/75/69 49/72/69 80/100/69 81/101/69
f 77/76/70 76/73/70 107/102/70 108/103/70
f 64/77/71 63/74/71 94/99/71 95/104/71
f 51/78/72 50/75/72 81/101/72 82/105/72
f 78/79/73 77/76/73 108/103/73 109/106/73
f 65/80/74 64/77/74 95/104/74 96/107/74
f 52/81/75 51/78/75 82/105/75 83/108/75
f 513/109/76 78/79/77 109/106/76
f 66/83/78 65/80/78 96/107/78 97/110/78
f 53/84/79 52/81/79 83/108/79 84/111/79
f 67/85/80 66/83/80 97/110/80 98/112/80
f 54/86/81 53/84/81 84/111/81 85/113/81
f 68/87/82 67/85/82 98/112/82 99/114/82
f 55/88/83 54/86/83 85/113/83 86/115/83
f 69/89/84 68/87/84 99/114/84 100/116/84
f 56/90/85 55/88/85 86/115/85 87/117/85
f 70/91/86 69/89/86 100/116/86 101/118/86
f 57/92/87 56/90/87 87/117/87 88/119/87
f 71/93/88 70/91/88 101/118/88 102/120/88
f 58/94/89 57/92/89 88/119/89 89/121/89
f 72/95/90 71/93/90 102/120/90 103/122/90
f 59/96/91 58/94/91 89/121/91 90/123/91
f 73/97/92 72/95/92 103/122/92 104/124/92
f 60/65/93 59/96/93 90/123/93 91/125/93
f 74/69/94 73/97/94 104/124/94 105/126/94
f 61/66/95 60/65/95 91/125/95 92/127/95
f 48/68/37 514/128/37 79/129/96
f 75/70/97 74/69/97 105/126/97 106/130/97
f 62/71/98 61/66/98 92/127/98 93/98/98
f 49/72/99 48/68/99 79/129/99 80/100/99
f 76/73/100 75/70/100 106/130/100 107/102/100
f 96/107/101 95/104/101 126/131/101 127/132/101
f 83/108/102 82/105/102 113/133/102 114/134/102
f 513/135/76 109/106/76 140/136/103
f 97/110/104 96/107/104 127/132/104 128/137/104
f 84/111/105 83/108/105 114/134/105 115/138/105
f 98/112/106 97/110/106 128/137/106 129/139/106
f 85/113/107 84/111/107 115/138/107 116/140/107
f 99/114/108 98/112/108 129/139/108 130/141/108
f 86/115/109 85/113/109 116/140/109 117/142/109
f 100/116/110 99/114/110 130/141/110 131/143/110
f 87/117/111 86/115/111 117/142/111 118/144/111
f 101/118/112 100/116/112 131/143/112 132/145/112
f 88/119/113 87/117/113 118/144/113 119/146/113
f 102/120/114 101/118/114 132/145/114 133/147/114
f 89/121/115 88/119/115 119/146/115 120/148/115
f 103/122/116 102/120/116 133/147/116 134/149/116
f 90/123/117 89/121/117 120/148/117 121/150/117
f 104/124/118 103/122/118 134/149/118 135/151/118
f 91/125/119 90/123/119 121/150/119 122/152/119
f 105/126/120 104/124/120 135/151/120 136/153/120
f 92/127/121 91/125/121 122/152/121 123/154/121
f 79/129/122 514/155/123 110/156/123
f 106/130/124 105/126/124 136/153/124 137/157/124
f 93/98/125 92/127/125 123/154/125 124/158/125
f 80/100/126 79/129/126 110/156/126 111/159/126
f 107/102/127 106/130/127 137/157/127 138/160/127
f 94/99/128 93/98/128 124/158/128 125/161/128
f 81/101/129 80/100/129 111/159/129 112/162/129
f 108/103/130 107/102/130 138/160/130 139/163/130
f 95/104/131 94/99/131 125/161/131 126/131/131
f 82/105/132 81/101/132 112/162/132 113/133/132
f 109/106/133 108/103/133 139/163/133 140/136/133
f 129/139/134 128/137/134 159/164/134 160/165/134
f 116/140/135 115/138/135 146/166/135 147/167/135
f 130/141/136 129/139/136 160/165/136 161/168/136
f 117/142/137 116/140/137 147/167/137 148/169/137
f 131/143/138 130/141/138 161/168/138 162/170/138
f 118/144/139 117/142/139 148/169/139 149/171/139
f 132/145/140 131/143/140 162/170/140 163/172/140
f 119/146/141 118/144/141 149/171/141 150/173/141
f 133/147/142 132/145/142 163/172/142 164/174/142
f 120/148/143 119/146/143 150/173/143 151/175/143
f 134/149/144 133/147/144 164/174/144 165/176/144
f 121/150/145 120/148/145 151/175/145 152/177/145
f 135/151/146 134/149/146 165/176/146 166/178/146
f 122/152/147 121/150/147 152/177/147 153/179/147
f 136/153/148 135/151/148 166/178/148 167/180/148
f 123/154/149 122/152/149 153/179/149 154/181/149
f 110/156/123 514/182/123 141/183/150
f 137/157/151 136/153/151 167/180/151 168/184/151
f 124/158/152 123/154/152 154/181/152 155/185/152
f 111/159/153 110/156/153 141/183/153 142/186/153
f 138/160/154 137/157/154 168/184/154 169/187/154
f 125/161/155 124/158/155 155/185/155 156/188/155
f 112/162/156 111/159/156 142/186/156 143/189/156
f 139/163/157 138/160/157 169/187/157 170/190/157
f 126/131/158 125/161/158 156/188/158 157/191/158
f 113/133/159 112/162/159 143/189/159 144/192/159
f 140/136/160 139/163/160 170/190/160 171/193/160
f 127/132/161 126/131/161 157/191/161 158/194/161
f 114/134/162 113/133/162 144/192/162 145/195/162
f 513/196/163 140/136/164 171/193/163
f 128/137/165 127/132/165 158/194/165 159/164/165
f 115/138/166 114/134/166 145/195/166 146/166/166
f 162/170/167 161/168/167 192/197/167 193/198/167
f 149/171/168 148/169/168 179/199/168 180/200/168
f 163/172/169 162/170/169 193/198/169 194/201/169
f 150/173/170 149/171/170 180/200/170 181/202/170
f 164/174/171 163/172/171 194/201/171 195/203/171
f 151/175/172 150/173/172 181/202/172 182/204/172
f 165/176/173 164/174/173 195/203/173 196/205/173
f 152/177/174 151/175/174 182/204/174 183/206/174
f 166/178/175 165/176/175 196/205/175 197/207/175
f 153/179/176 152/177/176 183/206/176 184/208/176
f 167/180/177 166/178/177 197/207/177 198/209/177
f 154/181/178 153/179/178 184/208/178 185/210/178
f 141/183/179 514/211/180 172/212/180
f 168/184/181 167/180/181 198/209/181 199/213/181
f 155/185/182 154/181/182 185/210/182 186/214/182
f 142/186/183 141/183/183 172/212/183 173/215/183
f 169/187/184 168/184/184 199/213/184 200/216/184
f 156/188/185 155/185/185 186/214/185 187/217/185
f 143/189/186 142/186/186 173/215/186 174/218/186
f 170/190/187 169/187/187 200/216/187 201/219/187
f 157/191/188 156/188/188 187/217/188 188/220/188
f 144/192/189 143/189/189 174/218/189 175/221/189
f 171/193/190 170/190/190 201/219/190 202/222/190
f 158/194/191 157/191/191 188/220/191 189/223/191
f 145/195/192 144/192/192 175/221/192 176/224/192
f 513/225/163 171/193/163 202/222/193
f 159/164/194 158/194/194 189/223/194 190/226/194
f 146/166/195 145/195/195 176/224/195 177/227/195
f 160/165/196 159/164/196 190/226/196 191/228/196
f 147/167/197 146/166/197 177/227/197 178/229/197
f 161/168/198 160/165/198 191/228/198 192/197/198
f 148/169/199 147/167/199 178/229/199 179/199/199
f 195/203/200 194/201/200 225/230/200 226/231/200
f 182/204/201 181/202/201 212/232/201 213/233/201
f 196/205/202 195/203/202 226/231/202 227/234/202
f 183/206/203 182/204/203 213/233/203 214/235/203
f 197/207/204 196/205/204 227/234/204 228/236/204
f 184/208/205 183/206/205 214/235/205 215/237/205
f 198/209/206 197/207/206 228/236/206 229/238/206
f 185/210/207 184/208/207 215/237/207 216/239/207
f 172/212/180 514/240/180 203/241/208
f 199/213/209 198/209/209 229/238/209 230/242/209
f 186/214/210 185/210/210 216/239/210 217/243/210
f 173/215/211 172/212/211 203/241/211 204/244/211
f 200/216/212 199/213/212 230/242/212 231/245/212
f 187/217/213 186/214/213 217/243/213 218/246/213
f 174/218/214 173/215/214 204/244/214 205/247/214
f 201/219/215 200/216/215 231/245/215 232/248/215
f 188/220/216 187/217/216 218/246/216 219/249/216
f 175/221/217 174/218/217 205/247/217 206/250/217
f 202/222/218 201/219/218 232/248/218 233/251/218
f 189/223/219 188/220/219 219/249/219 220/252/219
f 176/224/220 175/221/220 206/250/220 207/253/220
f 513/254/221 202/222/222 233/251/221
f 190/226/223 189/223/223 220/252/223 221/255/223
f 177/227/224 176/224/224 207/253/224 208/256/224
f 191/228/225 190/226/225 221/255/225 222/257/225
f 178/229/226 177/227/226 208/256/226 209/258/226
f 192/197/227 191/228/227 222/257/227 223/259/227
f 179/199/228 178/229/228 209/258/228 210/260/228
f 193/198/229 192/197/229 223/259/229 224/261/229
f 180/200/230 179/199/230 210/260/230 211/262/230
f 194/201/231 193/198/231 224/261/231 225/230/231
f 181/202/232 180/200/232 211/262/232 212/232/232
f 228/236/233 227/234/233 258/263/233 259/264/233
f 215/237/234 214/235/234 245/265/234 246/266/234
f 229/238/235 228/236/235 259/264/235 260/267/235
f 216/239/236 215/237/236 246/266/236 247/268/236
f 203/241/237 514/269/238 234/270/238
f 230/242/239 229/238/239 260/267/239 261/271/239
f 217/243/240 216/239/240 247/268/240 248/272/240
f 204/244/241 203/241/241 234/270/241 235/273/241
f 231/245/242 230/242/242 261/271/242 262/274/242
f 218/246/243 217/243/243 248/272/243 249/275/243
f 205/247/244 204/244/244 235/273/244 236/276/244
f 232/248/245 231/245/245 262/274/245 263/277/245
f 219/249/246 218/246/246 249/275/246 250/278/246
f 206/250/247 205/247/247 236/276/247 237/279/247
f 233/251/248 232/248/248 263/277/248 264/280/248
f 220/252/249 219/249/249 250/278/249 251/281/249
f 207/253/250 206/250/250 237/279/250 238/282/250
f 513/283/221 233/251/221 264/280/251
f 221/255/252 220/252/252 251/281/252 252/284/252
f 208/256/253 207/253/253 238/282/253 239/285/253
f 222/257/254 221/255/254 252/284/254 253/286/254
f 209/258/255 208/256/255 239/285/255 240/287/255
f 223/259/256 222/257/256 253/286/256 254/288/256
f 210/260/257 209/258/257 240/287/257 241/289/257
f 224/261/258 223/259/258 254/288/258 255/290/258
f 211/262/259 210/260/259 241/289/259 242/291/259
f 225/230/260 224/261/260 255/290/260 256/292/260
f 212/232/261 211/262/261 242/291/261 243/293/261
f 226/231/262 225/230/262 256/292/262 257/294/262
f 213/233/263 212/232/263 243/293/263 244/295/263
f 227/234/264 226/231/264 257/294/264 258/263/264
f 214/235/265 213/233/265 244/295/265 245/265/265
f 261/271/266 260/267/266 291/296/266 292/297/266
f 248/272/267 247/268/267 278/298/267 279/299/267
f 235/273/268 234/270/268 265/300/268 266/301/268
f 262/274/269 261/271/269 292/297/269 293/302/269
f 249/275/270 248/272/270 279/299/270 280/303/270
f 236/276/271 235/273/271 266/301/271 267/304/271
f 263/277/272 262/274/272 293/302/272 294/305/272
f 250/278/273 249/275/273 280/303/273 281/306/273
f 237/279/274 236/276/274 267/304/274 268/307/274
f 264/280/275 263/277/275 294/305/275 295/308/275
f 251/281/276 250/278/276 281/306/276 282/309/276
f 238/282/277 237/279/277 268/307/277 269/310/277
f 513/311/278 264/280/279 295/308/278
f 252/284/280 251/281/280 282/309/280 283/312/280
f 239/285/281 238/282/281 269/310/281 270/313/281
f 253/286/282 252/284/282 283/312/282 284/314/282
f 240/287/283 239/285/283 270/313/283 271/315/283
f 254/288/284 253/286/284 284/314/284 285/316/284
f 241/289/285 240/287/285 271/315/285 272/317/285
f 255/290/286 254/288/286 285/316/286 286/318/286
f 242/291/287 241/289/287 272/317/287 273/319/287
f 256/292/288 255/290/288 286/318/288 287/320/288
f 243/293/289 242/291/289 273/319/289 274/321/289
f 257/294/290 256/292/290 287/320/290 288/322/290
f 244/295/291 243/293/291 274/321/291 275/323/291
f 258/263/292 257/294/292 288/322/292 289/324/292
f 245/265/293 244/295/293 275/323/293 276/325/293
f 259/264/294 258/263/294 289/324/294 290/326/294
f 246/266/295 245/265/295 276/325/295 277/327/295
f 260/267/296 259/264/296 290/326/296 291/296/296
f 247/268/297 246/266/297 277/327/297 278/298/297
f 234/270/238 514/328/238 265/300/298
f 294/305/299 293/302/299 324/329/299 325/330/299
f 281/306/300 280/303/300 311/331/300 312/332/300
f 268/307/301 267/304/301 298/333/301 299/334/301
f 295/308/302 294/305/302 325/330/302 326/335/302
f 282/309/303 281/306/303 312/332/303 313/336/303
f 269/310/304 268/307/304 299/334/304 300/337/304
f 513/338/278 295/308/278 326/335/305
f 283/312/306 282/309/306 313/336/306 314/339/306
f 270/313/307 269/310/307 300/337/307 301/340/307
f 284/314/308 283/312/308 314/339/308 315/341/308
f 271/315/309 270/313/309 301/340/309 302/342/309
f 285/316/310 284/314/310 315/341/310 316/343/310
f 272/317/311 271/315/311 302/342/311 303/344/311
f 286/318/312 285/316/312 316/343/312 317/345/312
f 273/319/313 272/317/313 303/344/313 304/346/313
f 287/320/314 286/318/314 317/345/314 318/347/314
f 274/321/315 273/319/315 304/346/315 305/348/315
f 288/322/316 287/320/316 318/347/316 319/349/316
f 275/323/317 274/321/317 305/348/317 306/350/317
f 289/324/318 288/322/318 319/349/318 320/351/318
f 276/325/319 275/323/319 306/350/319 307/352/319
f 290/326/320 289/324/320 320/351/320 321/353/320
f 277/327/321 276/325/321 307/352/321 308/354/321
f 291/296/322 290/326/322 321/353/322 322/355/322
f 278/298/323 277/327/323 308/354/323 309/356/323
f 265/300/324 514/357/325 296/358/325
f 292/297/326 291/296/326 322/355/326 323/359/326
f 279/299/327 278/298/327 309/356/327 310/360/327
f 266/301/328 265/300/328 296/358/328 297/361/328
f 293/302/329 292/297/329 323/359/329 324/329/329
f 280/303/330 279/299/330 310/360/330 311/331/330
f 267/304/331 266/301/331 297/361/331 298/333/331
f 513/362/332 326/335/333 357/363/332
f 314/339/334 313/336/334 344/364/334 345/365/334
f 301/340/335 300/337/335 331/366/335 332/367/335
f 315/341/336 314/339/336 345/365/336 346/368/336
f 302/342/337 301/340/337 332/367/337 333/369/337
f 316/343/338 315/341/338 346/368/338 347/370/338
f 303/344/339 302/342/339 333/369/339 334/371/339
f 317/345/340 316/343/340 347/370/340 348/372/340
f 304/346/341 303/344/341 334/371/341 335/373/341
f 318/347/342 317/345/342 348/372/342 349/374/342
f 305/348/343 304/346/343 335/373/343 336/375/343
f 319/349/344 318/347/344 349/374/344 350/376/344
f 306/350/345 305/348/345 336/375/345 337/377/345
f 320/351/346 319/349/346 350/376/346 351/378/346
f 307/352/347 306/350/347 337/377/347 338/379/347
f 321/353/348 320/351/348 351/378/348 352/380/348
f 308/354/349 307/352/349 338/379/349 339/381/349
f 322/355/350 321/353/350 352/380/350 353/382/350
f 309/356/351 308/354/351 339/381/351 340/383/351
f 296/358/325 514/384/325 327/385/352
f 323/359/353 322/355/353 353/382/353 354/386/353
f 310/360/354 309/356/354 340/383/354 341/387/354
f 297/361/355 296/358/355 327/385/355 328/388/355
f 324/329/356 323/359/356 354/386/356 355/389/356
f 311/331/357 310/360/357 341/387/357 342/390/357
f 298/333/358 297/361/358 328/388/358 329/391/358
f 325/330/359 324/329/359 355/389/359 356/392/359
f 312/332/360 311/331/360 342/390/360 343/393/360
f 299/334/361 298/333/361 329/391/361 330/394/361
f 326/335/362 325/330/362 356/392/362 357/363/362
f 313/336/363 312/332/363 343/393/363 344/364/363
f 300/337/364 299/334/364 330/394/364 331/366/364
f 347/370/365 346/368/365 377/395/365 378/396/365
f 334/371/366 333/369/366 364/397/366 365/398/366
f 348/372/367 347/370/367 378/396/367 379/399/367
f 335/373/368 334/371/368 365/398/368 366/400/368
f 349/374/369 348/372/369 379/399/369 380/401/369
f 336/375/370 335/373/370 366/400/370 367/402/370
f 350/376/371 349/374/371 380/401/371 381/403/371
f 337/377/372 336/375/372 367/402/372 368/404/372
f 351/378/373 350/376/373 381/403/373 382/405/373
f 338/379/374 337/377/374 368/404/374 369/406/374
f 352/380/375 351/378/375 382/405/375 383/407/375
f 339/381/376 338/379/376 369/406/376 370/408/376
f 353/382/377 352/380/377 383/407/377 384/409/377
f 340/383/378 339/381/378 370/408/378 371/410/378
f 327/385/379 514/411/380 358/412/380
f 354/386/381 353/382/381 384/409/381 385/413/381
f 341/387/382 340/383/382 371/410/382 372/414/382
f 328/388/383 327/385/383 358/412/383 359/415/383
f 355/389/384 354/386/384 385/413/384 386/416/384
f 342/390/385 341/387/385 372/414/385 373/417/385
f 329/391/386 328/388/386 359/415/386 360/418/386
f 356/392/387 355/389/387 386/416/387 387/419/387
f 343/393/388 342/390/388 373/417/388 374/420/388
f 330/394/389 329/391/389 360/418/389 361/421/389
f 357/363/390 356/392/390 387/419/390 388/422/390
f 344/364/391 343/393/391 374/420/391 375/423/391
f 331/366/392 330/394/392 361/421/392 362/424/392
f 513/425/332 357/363/332 388/422/393
f 345/365/394 344/364/394 375/423/394 376/426/394
f 332/367/395 331/366/395 362/424/395 363/427/395
f 346/368/396 345/365/396 376/426/396 377/395/396
f 333/369/397 332/367/397 363/427/397 364/397/397
f 380/401/398 379/399/398 410/428/398 411/429/398
f 367/402/399 366/400/399 397/430/399 398/431/399
f 381/403/400 380/401/400 411/429/400 412/432/400
f 368/404/401 367/402/401 398/431/401 399/433/401
f 382/405/402 381/403/402 412/432/402 413/434/402
f 369/406/403 368/404/403 399/433/403 400/435/403
f 383/407/404 382/405/404 413/434/404 414/436/404
f 370/408/405 369/406/405 400/435/405 401/437/405
f 384/409/406 383/407/406 414/436/406 415/438/406
f 371/410/407 370/408/407 401/437/407 402/439/407
f 358/412/380 514/440/380 389/441/408
f 385/413/409 384/409/409 415/438/409 416/442/409
f 372/414/410 371/410/410 402/439/410 403/443/410
f 359/415/411 358/412/411 389/441/411 390/444/411
f 386/416/412 385/413/412 416/442/412 417/445/412
f 373/417/413 372/414/413 403/443/413 404/446/413
f 360/418/414 359/415/414 390/444/414 391/447/414
f 387/419/415 386/416/415 417/445/415 418/448/415
f 374/420/416 373/417/416 404/446/416 405/449/416
f 361/421/417 360/418/417 391/447/417 392/450/417
f 388/422/418 387/419/418 418/448/418 419/451/418
f 375/423/419 374/420/419 405/449/419 406/452/419
f 362/424/420 361/421/420 392/450/420 393/453/420
f 513/454/421 388/422/422 419/451/421
f 376/426/423 375/423/423 406/452/423 407/455/423
f 363/427/424 362/424/424 393/453/424 394/456/424
f 377/395/425 376/426/425 407/455/425 408/457/425
f 364/397/426 363/427/426 394/456/426 395/458/426
f 378/396/427 377/395/427 408/457/427 409/459/427
f 365/398/428 364/397/428 395/458/428 396/460/428
f 379/399/429 378/396/429 409/459/429 410/428/429
f 366/400/430 365/398/430 396/460/430 397/430/430
f 413/434/431 412/432/431 443/461/431 444/462/431
f 400/435/432 399/433/432 430/463/432 431/464/432
f 414/436/433 413/434/433 444/462/433 445/465/433
f 401/437/434 400/435/434 431/464/434 432/466/434
f 415/438/435 414/436/435 445/465/435 446/467/435
f 402/439/436 401/437/436 432/466/436 433/468/436
f 389/441/437 514/469/438 420/470/438
f 416/442/439 415/438/439 446/467/439 447/471/439
f 403/443/440 402/439/440 433/468/440 434/472/440
f 390/444/441 389/441/441 420/470/441 421/473/441
f 417/445/442 416/442/442 447/471/442 448/474/442
f 404/446/443 403/443/443 434/472/443 435/475/443
f 391/447/444 390/444/444 421/473/444 422/476/444
f 418/448/445 417/445/445 448/474/445 449/477/445
f 405/449/446 404/446/446 435/475/446 436/478/446
f 392/450/447 391/447/447 422/476/447 423/479/447
f 419/451/448 418/448/448 449/477/448 450/480/448
f 406/452/449 405/449/449 436/478/449 437/481/449
f 393/453/450 392/450/450 423/479/450 424/482/450
f 513/483/421 419/451/421 450/480/451
f 407/455/452 406/452/452 437/481/452 438/484/452
f 394/456/453 393/453/453 424/482/453 425/485/453
f 408/457/454 407/455/454 438/484/454 439/486/454
f 395/458/455 394/456/455 425/485/455 426/487/455
f 409/459/456 408/457/456 439/486/456 440/488/456
f 396/460/457 395/458/457 426/487/457 427/489/457
f 410/428/458 409/459/458 440/488/458 441/490/458
f 397/430/459 396/460/459 427/489/459 428/491/459
f 411/429/460 410/428/460 441/490/460 442/492/460
f 398/431/461 397/430/461 428/491/461 429/493/461
f 412/432/462 411/429/462 442/492/462 443/461/462
f 399/433/463 398/431/463 429/493/463 430/463/463
f 446/467/464 445/465/464 476/494/464 477/495/464
f 433/468/465 432/466/465 463/496/465 464/497/465
f 420/470/438 514/498/438 451/499/466
f 447/471/467 446/467/467 477/495/467 478/500/467
f 434/472/468 433/468/468 464/497/468 465/501/468
f 421/473/469 420/470/469 451/499/469 452/502/469
f 448/474/470 447/471/470 478/500/470 479/503/470
f 435/475/471 434/472/471 465/501/471 466/504/471
f 422/476/472 421/473/472 452/502/472 453/505/472
f 449/477/473 448/474/473 479/503/473 480/506/473
f 436/478/474 435/475/474 466/504/474 467/507/474
f 423/479/475 422/476/475 453/505/475 454/508/475
f 450/480/476 449/477/476 480/506/476 481/509/476
f 437/481/477 436/478/477 467/507/477 468/510/477
f 424/482/478 423/479/478 454/508/478 455/511/478
f 513/512/479 450/480/480 481/509/479
f 438/484/481 437/481/481 468/510/481 469/513/481
f 425/485/482 424/482/482 455/511/482 456/514/482
f 439/486/483 438/484/483 469/513/483 470/515/483
f 426/487/484 425/485/484 456/514/484 457/516/484
f 440/488/485 439/486/485 470/515/485 471/517/485
f 427/489/486 426/487/486 457/516/486 458/518/486
f 441/490/487 440/488/487 471/517/487 472/519/487
f 428/491/488 427/489/488 458/518/488 459/520/488
f 442/492/489 441/490/489 472/519/489 473/521/489
f 429/493/490 428/491/490 459/520/490 460/522/490
f 443/461/491 442/492/491 473/521/491 474/523/491
f 430/463/492 429/493/492 460/522/492 461/524/492
f 444/462/493 443/461/493 474/523/493 475/525/493
f 431/464/494 430/463/494 461/524/494 462/526/494
f 445/465/495 444/462/495 475/525/495 476/494/495
f 432/466/496 431/464/496 462/526/496 463/496/496
f 452/502/497 451/499/497 482/527/497 483/528/497
f 479/503/498 478/500/498 509/529/498 510/530/498
f 466/504/499 465/501/499 496/531/499 497/532/499
f 453/505/500 452/502/500 483/528/500 484/533/500
f 480/506/501 479/503/501 510/530/501 511/534/501
f 467/507/502 466/504/502 497/532/502 498/535/502
f 454/508/503 453/505/503 484/533/503 485/536/503
f 481/509/504 480/506/504 511/534/504 512/537/504
f 468/510/505 467/507/505 498/535/505 499/538/505
f 455/511/506 454/508/506 485/536/506 486/539/506
f 513/540/479 481/509/479 512/537/507
f 469/513/508 468/510/508 499/538/508 500/541/508
f 456/514/509 455/511/509 486/539/509 487/542/509
f 470/515/510 469/513/510 500/541/510 501/543/510
f 457/516/511 456/514/511 487/542/511 488/544/511
f 471/517/512 470/515/512 501/543/512 502/545/512
f 458/518/513 457/516/513 488/544/513 489/546/513
f 472/519/514 471/517/514 502/545/514 503/547/514
f 459/520/515 458/518/515 489/546/515 490/548/515
f 473/521/516 472/519/516 503/547/516 504/549/516
f 460/522/517 459/520/517 490/548/517 491/550/517
f 474/523/518 473/521/518 504/549/518 505/551/518
f 461/524/519 460/522/519 491/550/519 492/552/519
f 475/525/520 474/523/520 505/551/520 506/553/520
f 462/526/521 461/524/521 492/552/521 493/554/521
f 476/494/522 475/525/522 506/553/522 507/555/522
f 463/496/523 462/526/523 493/554/523 494/556/523
f 477/495/524 476/494/524 507/555/524 508/557/524
f 464/497/525 463/496/525 494/556/525 495/558/525
f 451/499/526 514/559/527 482/527/527
f 478/500/528 477/495/528 508/557/528 509/529/528
f 465/501/529 464/497/529 495/558/529 496/531/529
f 485/536/530 484/533/530 517/560/530 518/561/530
f 512/537/531 511/534/531 544/562/531 545/563/531
f 499/538/532 498/535/532 531/564/532 532/565/532
f 486/539/533 485/536/533 518/561/533 519/566/533
f 513/567/534 512/537/535 545/563/534
f 500/541/536 499/538/536 532/565/536 533/568/536
f 487/542/537 486/539/537 519/566/537 520/569/537
f 501/543/538 500/541/538 533/568/538 534/570/538
f 488/544/539 487/542/539 520/569/539 521/571/539
f 502/545/540 501/543/540 534/570/540 535/572/540
f 489/546/541 488/544/541 521/571/541 522/573/541
f 503/547/542 502/545/542 535/572/542 536/574/542
f 490/548/543 489/546/543 522/573/543 523/575/543
f 504/549/544 503/547/544 536/574/544 537/576/544
f 491/550/545 490/548/545 523/575/545 524/577/545
f 505/551/546 504/549/546 537/576/546 538/578/546
f 492/552/547 491/550/547 524/577/547 525/579/547
f 506/553/548 505/551/548 538/578/548 539/580/548
f 493/554/549 492/552/549 525/579/549 526/581/549
f 507/555/550 506/553/550 539/580/550 540/582/550
f 494/556/551 493/554/551 526/581/551 527/583/551
f 508/557/552 507/555/552 540/582/552 541/584/552
f 495/558/553 494/556/553 527/583/553 528/585/553
f 482/527/527 514/586/527 515/587/554
f 509/529/555 508/557/555 541/584/555 542/588/555
f 496/531/556 495/558/556 528/585/556 529/589/556
f 483/528/557 482/527/557 515/587/557 516/590/557
f 510/530/558 509/529/558 542/588/558 543/591/558
f 497/532/559 496/531/559 529/589/559 530/592/559
f 484/533/560 483/528/560 516/590/560 517/560/560
f 511/534/561 510/530/561 543/591/561 544/562/561
f 498/535/562 497/532/562 530/592/562 531/564/562
f 520/569/563 519/566/563 550/593/563 551/594/563
f 534/570/564 533/568/564 564/595/564 565/596/564
f 521/571/565 520/569/565 551/594/565 552/597/565
f 535/572/566 534/570/566 565/596/566 566/598/566
f 522/573/567 521/571/567 552/597/567 553/599/567
f 536/574/568 535/572/568 566/598/568 567/600/568
f 523/575/569 522/573/569 553/599/569 554/601/569
f 537/576/570 536/574/570 567/600/570 568/602/570
f 524/577/571 523/575/571 554/601/571 555/603/571
f 538/578/572 537/576/572 568/602/572 569/604/572
f 525/579/573 524/577/573 555/603/573 556/605/573
f 539/580/574 538/578/574 569/604/574 570/606/574
f 526/581/575 525/579/575 556/605/575 557/607/575
f 540/582/576 539/580/576 570/606/576 571/608/576
f 527/583/577 526/581/577 557/607/577 558/609/577
f 541/584/578 540/582/578 571/608/578 572/610/578
f 528/585/579 527/583/579 558/609/579 559/611/579
f 515/587/580 514/612/581 546/613/581
f 542/588/582 541/584/582 572/610/582 573/614/582
f 529/589/583 528/585/583 559/611/583 560/615/583
f 516/590/584 515/587/584 546/613/584 547/616/584
f 543/591/585 542/588/585 573/614/585 574/617/585
f 530/592/586 529/589/586 560/615/586 561/618/586
f 517/560/587 516/590/587 547/616/587 548/619/587
f 544/562/588 543/591/588 574/617/588 575/620/588
f 531/564/589 530/592/589 561/618/589 562/621/589
f 518/561/590 517/560/590 548/619/590 549/622/590
f 545/563/591 544/562/591 575/620/591 576/623/591
f 532/565/592 531/564/592 562/621/592 563/624/592
f 519/566/593 518/561/593 549/622/593 550/593/593
f 513/625/534 545/563/534 576/623/594
f 533/568/595 532/565/595 563/624/595 564/595/595
f 553/599/596 552/597/596 583/626/596 584/627/596
f 567/600/597 566/598/597 597/628/597 598/629/597
f 554/601/598 553/599/598 584/627/598 585/630/598
f 568/602/599 567/600/599 598/629/599 599/631/599
f 555/603/600 554/601/600 585/630/600 586/632/600
f 569/604/601 568/602/601 599/631/601 600/633/601
f 556/605/602 555/603/602 586/632/602 587/634/602
f 570/606/603 569/604/603 600/633/603 601/635/603
f 557/607/604 556/605/604 587/634/604 588/636/604
f 571/608/605 570/606/605 601/635/605 602/637/605
f 558/609/606 557/607/606 588/636/606 589/638/606
f 572/610/607 571/608/607 602/637/607 603/639/607
f 559/611/608 558/609/608 589/638/608 590/640/608
f 546/613/581 514/641/581 577/642/609
f 573/614/610 572/610/610 603/639/610 604/643/610
f 560/615/611 559/611/611 590/640/611 591/644/611
f 547/616/612 546/613/612 577/642/612 578/645/612
f 574/617/613 573/614/613 604/643/613 605/646/613
f 561/618/614 560/615/614 591/644/614 592/647/614
f 548/619/615 547/616/615 578/645/615 579/648/615
f 575/620/616 574/617/616 605/646/616 606/649/616
f 562/621/617 561/618/617 592/647/617 593/650/617
f 549/622/618 548/619/618 579/648/618 580/651/618
f 576/623/619 575/620/619 606/649/619 607/652/619
f 563/624/620 562/621/620 593/650/620 594/653/620
f 550/593/621 549/622/621 580/651/621 581/654/621
f 513/655/622 576/623/623 607/652/622
f 564/595/624 563/624/624 594/653/624 595/656/624
f 551/594/625 550/593/625 581/654/625 582/657/625
f 565/596/626 564/595/626 595/656/626 596/658/626
f 552/597/627 551/594/627 582/657/627 583/626/627
f 566/598/628 565/596/628 596/658/628 597/628/628
f 586/632/629 585/630/629 616/659/629 617/660/629
f 600/633/630 599/631/630 630/661/630 631/662/630
f 587/634/631 586/632/631 617/660/631 618/663/631
f 601/635/632 600/633/632 631/662/632 632/664/632
f 588/636/633 587/634/633 618/663/633 619/665/633
f 602/637/634 601/635/634 632/664/634 633/666/634
f 589/638/635 588/636/635 619/665/635 620/667/635
f 603/639/636 602/637/636 633/666/636 634/668/636
f 590/640/637 589/638/637 620/667/637 621/669/637
f 577/642/638 514/670/639 608/671/639
f 604/643/640 603/639/640 634/668/640 635/672/640
f 591/644/641 590/640/641 621/669/641 622/673/641
f 578/645/642 577/642/642 608/671/642 609/674/642
f 605/646/643 604/643/643 635/672/643 636/675/643
f 592/647/644 591/644/644 622/673/644 623/676/644
f 579/648/645 578/645/645 609/674/645 610/677/645
f 606/649/646 605/646/646 636/675/646 637/678/646
f 593/650/647 592/647/647 623/676/647 624/679/647
f 580/651/648 579/648/648 610/677/648 611/680/648
f 607/652/649 606/649/649 637/678/649 638/681/649
f 594/653/650 593/650/650 624/679/650 625/682/650
f 581/654/651 580/651/651 611/680/651 612/683/651
f 513/684/622 607/652/622 638/681/652
f 595/656/653 594/653/653 625/682/653 626/685/653
f 582/657/654 581/654/654 612/683/654 613/686/654
f 596/658/655 595/656/655 626/685/655 627/687/655
f 583/626/656 582/657/656 613/686/656 614/688/656
f 597/628/657 596/658/657 627/687/657 628/689/657
f 584/627/658 583/626/658 614/688/658 615/690/658
f 598/629/659 597/628/659 628/689/659 629/691/659
f 585/630/660 584/627/660 615/690/660 616/659/660
f 599/631/661 598/629/661 629/691/661 630/661/661
f 619/665/662 618/663/662 649/692/662 650/693/662
f 633/666/663 632/664/663 663/694/663 664/695/663
f 620/667/664 619/665/664 650/693/664 651/696/664
f 634/668/665 633/666/665 664/695/665 665/697/665
f 621/669/666 620/667/666 651/696/666 652/698/666
f 608/671/639 514/699/639 639/700/667
f 635/672/668 634/668/668 665/697/668 666/701/668
f 622/673/669 621/669/669 652/698/669 653/702/669
f 609/674/670 608/671/670 639/700/670 640/703/670
f 636/675/671 635/672/671 666/701/671 667/704/671
f 623/676/672 622/673/672 653/702/672 654/705/672
f 610/677/673 609/674/673 640/703/673 641/706/673
f 637/678/674 636/675/674 667/704/674 668/707/674
f 624/679/675 623/676/675 654/705/675 655/708/675
f 611/680/676 610/677/676 641/706/676 642/709/676
f 638/681/677 637/678/677 668/707/677 669/710/677
f 625/682/678 624/679/678 655/708/678 656/711/678
f 612/683/679 611/680/679 642/709/679 643/712/679
f 513/713/680 638/681/681 669/710/680
f 626/685/682 625/682/682 656/711/682 657/714/682
f 613/686/683 612/683/683 643/712/683 644/715/683
f 627/687/684 626/685/684 657/714/684 658/716/684
f 614/688/685 613/686/685 644/715/685 645/717/685
f 628/689/686 627/687/686 658/716/686 659/718/686
f 615/690/687 614/688/687 645/717/687 646/719/687
f 629/691/688 628/689/688 659/718/688 660/720/688
f 616/659/689 615/690/689 646/719/689 647/721/689
f 630/661/690 629/691/690 660/720/690 661/722/690
f 617/660/691 616/659/691 647/721/691 648/723/691
f 631/662/692 630/661/692 661/722/692 662/724/692
f 618/663/693 617/660/693 648/723/693 649/692/693
f 632/664/694 631/662/694 662/724/694 663/694/694
f 652/698/695 651/696/695 682/725/695 683/726/695
f 639/700/696 514/727/697 670/728/697
f 666/701/698 665/697/698 696/729/698 697/730/698
f 653/702/699 652/698/699 683/726/699 684/731/699
f 640/703/700 639/700/700 670/728/700 671/732/700
f 667/704/701 666/701/701 697/730/701 698/733/701
f 654/705/702 653/702/702 684/731/702 685/734/702
f 641/706/703 640/703/703 671/732/703 672/735/703
f 668/707/704 667/704/704 698/733/704 699/736/704
f 655/708/705 654/705/705 685/734/705 686/737/705
f 642/709/706 641/706/706 672/735/706 673/738/706
f 669/710/707 668/707/707 699/736/707 700/739/707
f 656/711/708 655/708/708 686/737/708 687/740/708
f 643/712/709 642/709/709 673/738/709 674/741/709
f 513/742/680 669/710/680 700/739/710
f 657/714/711 656/711/711 687/740/711 688/743/711
f 644/715/712 643/712/712 674/741/712 675/744/712
f 658/716/713 657/714/713 688/743/713 689/745/713
f 645/717/714 644/715/714 675/744/714 676/746/714
f 659/718/715 658/716/715 689/745/715 690/747/715
f 646/719/716 645/717/716 676/746/716 677/748/716
f 660/720/717 659/718/717 690/747/717 691/749/717
f 647/721/718 646/719/718 677/748/718 678/750/718
f 661/722/719 660/720/719 691/749/719 692/751/719
f 648/723/720 647/721/720 678/750/720 679/752/720
f 662/724/721 661/722/721 692/751/721 693/753/721
f 649/692/722 648/723/722 679/752/722 680/754/722
f 663/694/723 662/724/723 693/753/723 694/755/723
f 650/693/724 649/692/724 680/754/724 681/756/724
f 664/695/725 663/694/725 694/755/725 695/757/725
f 651/696/726 650/693/726 681/756/726 682/725/726
f 665/697/727 664/695/727 695/757/727 696/729/727
f 685/734/728 684/731/728 715/758/728 716/759/728
f 672/735/729 671/732/729 702/760/729 703/761/729
f 699/736/730 698/733/730 729/762/730 730/763/730
f 686/737/731 685/734/731 716/759/731 717/764/731
f 673/738/732 672/735/732 703/761/732 704/765/732
f 700/739/733 699/736/733 730/763/733 731/766/733
f 687/740/734 686/737/734 717/764/734 718/767/734
f 674/741/735 673/738/735 704/765/735 705/768/735
f 513/769/736 700/739/737 731/766/736
f 688/743/738 687/740/738 718/767/738 719/770/738
f 675/744/739 674/741/739 705/768/739 706/771/739
f 689/745/740 688/743/740 719/770/740 720/772/740
f 676/746/741 675/744/741 706/771/741 707/773/741
f 690/747/742 689/745/742 720/772/742 721/774/742
f 677/748/743 676/746/743 707/773/743 708/775/743
f 691/749/744 690/747/744 721/774/744 722/776/744
f 678/750/745 677/748/745 708/775/745 709/777/745
f 692/751/746 691/749/746 722/776/746 723/778/746
f 679/752/747 678/750/747 709/777/747 710/779/747
f 693/753/748 692/751/748 723/778/748 724/780/748
f 680/754/749 679/752/749 710/779/749 711/781/749
f 694/755/750 693/753/750 724/780/750 725/782/750
f 681/756/751 680/754/751 711/781/751 712/783/751
f 695/757/752 694/755/752 725/782/752 726/784/752
f 682/725/753 681/756/753 712/783/753 713/785/753
f 696/729/754 695/757/754 726/784/754 727/786/754
f 683/726/755 682/725/755 713/785/755 714/787/755
f 670/728/697 514/788/697 701/789/756
f 697/730/757 696/729/757 727/786/757 728/790/757
f 684/731/758 683/726/758 714/787/758 715/758/758
f 671/732/759 670/728/759 701/789/759 702/760/759
f 698/733/760 697/730/760 728/790/760 729/762/760
f 718/767/761 717/764/761 748/791/761 749/792/761
f 705/768/762 704/765/762 735/793/762 736/794/762
f 513/795/736 731/766/736 762/796/763
f 719/770/764 718/767/764 749/792/764 750/797/764
f 706/771/765 705/768/765 736/794/765 737/798/765
f 720/772/766 719/770/766 750/797/766 751/799/766
f 707/773/767 706/771/767 737/798/767 738/800/767
f 721/774/768 720/772/768 751/799/768 752/801/768
f 708/775/769 707/773/769 738/800/769 739/802/769
f 722/776/770 721/774/770 752/801/770 753/803/770
f 709/777/771 708/775/771 739/802/771 740/804/771
f 723/778/772 722/776/772 753/803/772 754/805/772
f 710/779/773 709/777/773 740/804/773 741/806/773
f 724/780/774 723/778/774 754/805/774 755/807/774
f 711/781/775 710/779/775 741/806/775 742/808/775
f 725/782/776 724/780/776 755/807/776 756/809/776
f 712/783/777 711/781/777 742/808/777 743/810/777
f 726/784/778 725/782/778 756/809/778 757/811/778
f 713/785/779 712/783/779 743/810/779 744/812/779
f 727/786/780 726/784/780 757/811/780 758/813/780
f 714/787/781 713/785/781 744/812/781 745/814/781
f 701/789/782 514/815/783 732/816/783
f 728/790/784 727/786/784 758/813/784 759/817/784
f 715/758/785 714/787/785 745/814/785 746/818/785
f 702/760/786 701/789/786 732/816/786 733/819/786
f 729/762/787 728/790/787 759/817/787 760/820/787
f 716/759/788 715/758/788 746/818/788 747/821/788
f 703/761/789 702/760/789 733/819/789 734/822/789
f 730/763/790 729/762/790 760/820/790 761/823/790
f 717/764/791 716/759/791 747/821/791 748/791/791
f 704/765/792 703/761/792 734/822/792 735/793/792
f 731/766/793 730/763/793 761/823/793 762/796/793
f 751/824/794 750/825/794 781/826/794 782/827/794
f 738/828/795 737/829/795 768/830/795 769/831/795
f 752/832/796 751/824/796 782/827/796 783/833/796
f 739/834/797 738/828/797 769/831/797 770/835/797
f 753/836/798 752/832/798 783/833/798 784/837/798
f 740/838/799 739/834/799 770/835/799 771/839/799
f 754/840/800 753/836/800 784/837/800 785/841/800
f 741/842/801 740/838/801 771/839/801 772/843/801
f 755/844/802 754/840/802 785/841/802 786/845/802
f 742/846/803 741/842/803 772/843/803 773/847/803
f 756/848/804 755/844/804 786/845/804 787/849/804
f 743/850/805 742/846/805 773/847/805 774/851/805
f 757/852/806 756/848/806 787/849/806 788/853/806
f 744/854/807 743/850/807 774/851/807 775/855/807
f 758/856/808 757/852/808 788/853/808 789/857/808
f 745/858/809 744/854/809 775/855/809 776/859/809
f 732/860/783 514/861/783 763/862/810
f 759/863/811 758/856/811 789/857/811 790/864/811
f 746/865/812 745/858/812 776/859/812 777/866/812
f 733/867/813 732/860/813 763/862/813 764/868/813
f 760/869/814 759/863/814 790/864/814 791/870/814
f 747/871/815 746/865/815 777/866/815 778/872/815
f 734/873/816 733/867/816 764/868/816 765/874/816
f 761/875/817 760/869/817 791/870/817 792/876/817
f 748/877/818 747/871/818 778/872/818 779/878/818
f 735/879/819 734/873/819 765/874/819 766/880/819
f 762/881/820 761/875/820 792/876/820 793/882/820
f 749/883/821 748/877/821 779/878/821 780/884/821
f 736/885/822 735/879/822 766/880/822 767/886/822
f 513/887/823 762/881/824 793/882/823
f 750/825/825 749/883/825 780/884/825 781/826/825
f 737/829/826 736/885/826 767/886/826 768/830/826
f 784/837/827 783/833/827 814/888/827 815/889/827
f 771/839/828 770/835/828 801/890/828 802/891/828
f 785/841/829 784/837/829 815/889/829 816/892/829
f 772/843/830 771/839/830 802/891/830 803/893/830
f 786/845/831 785/841/831 816/892/831 817/894/831
f 773/847/832 772/843/832 803/893/832 804/895/832
f 787/849/833 786/845/833 817/894/833 818/896/833
f 774/851/834 773/847/834 804/895/834 805/897/834
f 788/853/835 787/849/835 818/896/835 819/898/835
f 775/855/836 774/851/836 805/897/836 806/899/836
f 789/857/837 788/853/837 819/898/837 820/900/837
f 776/859/838 775/855/838 806/899/838 807/901/838
f 763/862/839 514/902/840 794/903/840
f 790/864/841 789/857/841 820/900/841 821/904/841
f 777/866/842 776/859/842 807/901/842 808/905/842
f 764/868/843 763/862/843 794/903/843 795/906/843
f 791/870/844 790/864/844 821/904/844 822/907/844
f 778/872/845 777/866/845 808/905/845 809/908/845
f 765/874/846 764/868/846 795/906/846 796/909/846
f 792/876/847 791/870/847 822/907/847 823/910/847
f 779/878/848 778/872/848 809/908/848 810/911/848
f 766/880/849 765/874/849 796/909/849 797/912/849
f 793/882/850 792/876/850 823/910/850 824/913/850
f 780/884/851 779/878/851 810/911/851 811/914/851
f 767/886/852 766/880/852 797/912/852 798/915/852
f 513/916/823 793/882/823 824/913/853
f 781/826/854 780/884/854 811/914/854 812/917/854
f 768/830/855 767/886/855 798/915/855 799/918/855
f 782/827/856 781/826/856 812/917/856 813/919/856
f 769/831/857 768/830/857 799/918/857 800/920/857
f 783/833/858 782/827/858 813/919/858 814/888/858
f 770/835/859 769/831/859 800/920/859 801/890/859
f 821/904/860 820/900/860 851/921/860 852/922/860
f 808/905/861 807/901/861 838/923/861 839/924/861
f 795/906/862 794/903/862 825/925/862 826/926/862
f 822/907/863 821/904/863 852/922/863 853/927/863
f 809/908/864 808/905/864 839/924/864 840/928/864
f 796/909/865 795/906/865 826/926/865 827/929/865
f 823/910/866 822/907/866 853/927/866 854/930/866
f 810/911/867 809/908/867 840/928/867 841/931/867
f 797/912/868 796/909/868 827/929/868 828/932/868
f 824/913/869 823/910/869 854/930/869 855/933/869
f 811/914/870 810/911/870 841/931/870 842/934/870
f 798/915/871 797/912/871 828/932/871 829/935/871
f 513/936/872 824/913/873 855/933/872
f 812/917/874 811/914/874 842/934/874 843/937/874
f 799/918/875 798/915/875 829/935/875 830/938/875
f 813/919/876 812/917/876 843/937/876 844/939/876
f 800/920/877 799/918/877 830/938/877 831/940/877
f 814/888/878 813/919/878 844/939/878 845/941/878
f 801/890/879 800/920/879 831/940/879 832/942/879
f 815/889/880 814/888/880 845/941/880 846/943/880
f 802/891/881 801/890/881 832/942/881 833/944/881
f 816/892/882 815/889/882 846/943/882 847/945/882
f 803/893/883 802/891/883 833/944/883 834/946/883
f 817/894/884 816/892/884 847/945/884 848/947/884
f 804/895/885 803/893/885 834/946/885 835/948/885
f 818/896/886 817/894/886 848/947/886 849/949/886
f 805/897/887 804/895/887 835/948/887 836/950/887
f 819/898/888 818/896/888 849/949/888 850/951/888
f 806/899/889 805/897/889 836/950/889 837/952/889
f 820/900/890 819/898/890 850/951/890 851/921/890
f 807/901/891 806/899/891 837/952/891 838/923/891
f 794/903/840 514/953/840 825/925/892
f 854/930/893 853/927/893 884/954/893 885/955/893
f 841/931/894 840/928/894 871/956/894 872/957/894
f 828/932/895 827/929/895 858/958/895 859/959/895
f 855/933/896 854/930/896 885/955/896 886/960/896
f 842/934/897 841/931/897 872/957/897 873/961/897
f 829/935/898 828/932/898 859/959/898 860/962/898
f 513/963/872 855/933/872 886/960/899
f 843/937/900 842/934/900 873/961/900 874/964/900
f 830/938/901 829/935/901 860/962/901 861/965/901
f 844/939/902 843/937/902 874/964/902 875/966/902
f 831/940/903 830/938/903 861/965/903 862/967/903
f 845/941/904 844/939/904 875/966/904 876/968/904
f 832/942/905 831/940/905 862/967/905 863/969/905
f 846/943/906 845/941/906 876/968/906 877/970/906
f 833/944/907 832/942/907 863/969/907 864/971/907
f 847/945/908 846/943/908 877/970/908 878/972/908
f 834/946/909 833/944/909 864/971/909 865/973/909
f 848/947/910 847/945/910 878/972/910 879/974/910
f 835/948/911 834/946/911 865/973/911 866/975/911
f 849/949/912 848/947/912 879/974/912 880/976/912
f 836/950/913 835/948/913 866/975/913 867/977/913
f 850/951/914 849/949/914 880/976/914 881/978/914
f 837/952/915 836/950/915 867/977/915 868/979/915
f 851/921/916 850/951/916 881/978/916 882/980/916
f 838/923/917 837/952/917 868/979/917 869/981/917
f 825/925/918 514/982/919 856/983/919
f 852/922/920 851/921/920 882/980/920 883/984/920
f 839/924/921 838/923/921 869/981/921 870/985/921
f 826/926/922 825/925/922 856/983/922 857/986/922
f 853/927/923 852/922/923 883/984/923 884/954/923
f 840/928/924 839/924/924 870/985/924 871/956/924
f 827/929/925 826/926/925 857/986/925 858/958/925
f 513/987/926 886/960/927 917/988/926
f 874/964/928 873/961/928 904/989/928 905/990/928
f 861/965/929 860/962/929 891/991/929 892/992/929
f 875/966/930 874/964/930 905/990/930 906/993/930
f 862/967/931 861/965/931 892/992/931 893/994/931
f 876/968/932 875/966/932 906/993/932 907/995/932
f 863/969/933 862/967/933 893/994/933 894/996/933
f 877/970/934 876/968/934 907/995/934 908/997/934
f 864/971/935 863/969/935 894/996/935 895/998/935
f 878/972/936 877/970/936 908/997/936 909/999/936
f 865/973/937 864/971/937 895/998/937 896/1000/937
f 879/974/938 878/972/938 909/999/938 910/1001/938
f 866/975/939 865/973/939 896/1000/939 897/1002/939
f 880/976/940 879/974/940 910/1001/940 911/1003/940
f 867/977/941 866/975/941 897/1002/941 898/1004/941
f 881/978/942 880/976/942 911/1003/942 912/1005/942
f 868/979/943 867/977/943 898/1004/943 899/1006/943
f 882/980/944 881/978/944 912/1005/944 913/1007/944
f 869/981/945 868/979/945 899/1006/945 900/1008/945
f 856/983/919 514/1009/919 887/1010/946
f 883/984/947 882/980/947 913/1007/947 914/1011/947
f 870/985/948 869/981/948 900/1008/948 901/1012/948
f 857/986/949 856/983/949 887/1010/949 888/1013/949
f 884/954/950 883/984/950 914/1011/950 915/1014/950
f 871/956/951 870/985/951 901/1012/951 902/1015/951
f 858/958/952 857/986/952 888/1013/952 889/1016/952
f 885/955/953 884/954/953 915/1014/953 916/1017/953
f 872/957/954 871/956/954 902/1015/954 903/1018/954
f 859/959/955 858/958/955 889/1016/955 890/1019/955
f 886/960/956 885/955/956 916/1017/956 917/988/956
f 873/961/957 872/957/957 903/1018/957 904/989/957
f 860/962/958 859/959/958 890/1019/958 891/991/958
f 907/995/959 906/993/959 937/1020/959 938/1021/959
f 894/996/960 893/994/960 924/1022/960 925/1023/960
f 908/997/961 907/995/961 938/1021/961 939/1024/961
f 895/998/962 894/996/962 925/1023/962 926/1025/962
f 909/999/963 908/997/963 939/1024/963 940/1026/963
f 896/1000/964 895/998/964 926/1025/964 927/1027/964
f 910/1001/965 909/999/965 940/1026/965 941/1028/965
f 897/1002/966 896/1000/966 927/1027/966 928/1029/966
f 911/1003/967 910/1001/967 941/1028/967 942/1030/967
f 898/1004/968 897/1002/968 928/1029/968 929/1031/968
f 912/1005/969 911/1003/969 942/1030/969 943/1032/969
f 899/1006/970 898/1004/970 929/1031/970 930/1033/970
f 913/1007/971 912/1005/971 943/1032/971 944/1034/971
f 900/1008/972 899/1006/972 930/1033/972 931/1035/972
f 887/1010/973 514/1036/974 918/1037/974
f 914/1011/975 913/1007/975 944/1034/975 945/1038/975
f 901/1012/976 900/1008/976 931/1035/976 932/1039/976
f 888/1013/977 887/1010/977 918/1037/977 919/1040/977
f 915/1014/978 914/1011/978 945/1038/978 946/1041/978
f 902/1015/979 901/1012/979 932/1039/979 933/1042/979
f 889/1016/980 888/1013/980 919/1040/980 920/1043/980
f 916/1017/981 915/1014/981 946/1041/981 947/1044/981
f 903/1018/982 902/1015/982 933/1042/982 934/1045/982
f 890/1019/983 889/1016/983 920/1043/983 921/1046/983
f 917/988/984 916/1017/984 947/1044/984 948/1047/984
f 904/989/985 903/1018/985 934/1045/985 935/1048/985
f 891/991/986 890/1019/986 921/1046/986 922/1049/986
f 513/1050/926 917/988/926 948/1047/987
f 905/990/988 904/989/988 935/1048/988 936/1051/988
f 892/992/989 891/991/989 922/1049/989 923/1052/989
f 906/993/990 905/990/990 936/1051/990 937/1020/990
f 893/994/991 892/992/991 923/1052/991 924/1022/991
f 940/1026/992 939/1024/992 970/1053/992 971/1054/992
f 927/1027/993 926/1025/993 957/1055/993 958/1056/993
f 941/1028/994 940/1026/994 971/1054/994 972/1057/994
f 928/1029/995 927/1027/995 958/1056/995 959/1058/995
f 942/1030/996 941/1028/996 972/1057/996 973/1059/996
f 929/1031/997 928/1029/997 959/1058/997 960/1060/997
f 943/1032/998 942/1030/998 973/1059/998 974/1061/998
f 930/1033/999 929/1031/999 960/1060/999 961/1062/999
f 944/1034/1000 943/1032/1000 974/1061/1000 975/1063/1000
f 931/1035/1001 930/1033/1001 961/1062/1001 962/1064/1001
f 918/1037/974 514/1065/974 949/1066/1002
f 945/1038/1003 944/1034/1003 975/1063/1003 976/1067/1003
f 932/1039/1004 931/1035/1004 962/1064/1004 963/1068/1004
f 919/1040/1005 918/1037/1005 949/1066/1005 950/1069/1005
f 946/1041/1006 945/1038/1006 976/1067/1006 977/1070/1006
f 933/1042/1007 932/1039/1007 963/1068/1007 964/1071/1007
f 920/1043/1008 919/1040/1008 950/1069/1008 951/1072/1008
f 947/1044/1009 946/1041/1009 977/1070/1009 978/1073/1009
f 934/1045/1010 933/1042/1010 964/1071/1010 965/1074/1010
f 921/1046/1011 920/1043/1011 951/1072/1011 952/1075/1011
f 948/1047/1012 947/1044/1012 978/1073/1012 979/1076/1012
f 935/1048/1013 934/1045/1013 965/1074/1013 966/1077/1013
f 922/1049/1014 921/1046/1014 952/1075/1014 953/1078/1014
f 513/1079/1015 948/1047/1016 979/1076/1015
f 936/1051/1017 935/1048/1017 966/1077/1017 967/1080/1017
f 923/1052/1018 922/1049/1018 953/1078/1018 954/1081/1018
f 937/1020/1019 936/1051/1019 967/1080/1019 968/1082/1019
f 924/1022/1020 923/1052/1020 954/1081/1020 955/1083/1020
f 938/1021/1021 937/1020/1021 968/1082/1021 969/1084/1021
f 925/1023/1022 924/1022/1022 955/1083/1022 956/1085/1022
f 939/1024/1023 938/1021/1023 969/1084/1023 970/1053/1023
f 926/1025/1024 925/1023/1024 956/1085/1024 957/1055/1024
f 973/1059/1025 972/1057/1025 992/23/1025 12/27/1025
f 960/1060/1026 959/1058/1026 988/25/1026 3/29/1026
f 974/1061/1027 973/1059/1027 12/27/1027 13/31/1027
f 961/1062/1028 960/1060/1028 3/29/1028 4/33/1028
f 975/1063/1029 974/1061/1029 13/31/1029 14/35/1029
f 962/1064/1030 961/1062/1030 4/33/1030 5/37/1030
f 949/1066/1031 514/1086/18 980/39/18
f 976/1067/1032 975/1063/1032 14/35/1032 993/42/1032
f 963/1068/1033 962/1064/1033 5/37/1033 6/44/1033
f 950/1069/1034 949/1066/1034 980/39/1034 981/46/1034
f 977/1070/1035 976/1067/1035 993/42/1035 994/48/1035
f 964/1071/1036 963/1068/1036 6/44/1036 989/50/1036
f 951/1072/1037 950/1069/1037 981/46/1037 982/52/1037
f 978/1073/1038 977/1070/1038 994/48/1038 15/54/1038
f 965/1074/1039 964/1071/1039 989/50/1039 7/56/1039
f 952/1075/1040 951/1072/1040 982/52/1040 983/58/1040
f 979/1076/1041 978/1073/1041 15/54/1041 16/60/1041
f 966/1077/1042 965/1074/1042 7/56/1042 8/62/1042
f 953/1078/1043 952/1075/1043 983/58/1043 984/2/1043
f 513/1087/1015 979/1076/1015 16/60/1044
f 967/1080/1045 966/1077/1045 8/62/1045 990/6/1045
f 954/1081/1046 953/1078/1046 984/2/1046 985/1/1046
f 968/1082/1047 967/1080/1047 990/6/1047 991/5/1047
f 955/1083/1048 954/1081/1048 985/1/1048 1/9/1048
f 969/1084/1049 968/1082/1049 991/5/1049 9/11/1049
f 956/1085/1050 955/1083/1050 1/9/1050 986/13/1050
f 970/1053/1051 969/1084/1051 9/11/1051 10/15/1051
f 957/1055/1052 956/1085/1052 986/13/1052 2/17/1052
f 971/1054/1053 970/1053/1053 10/15/1053 11/19/1053
f 958/1056/1054 957/1055/1054 2/17/1054 987/21/1054
f 972/1057/1055 971/1054/1055 11/19/1055 992/23/1055
f 959/1058/1056 958/1056/1056 987/21/1056 988/25/1056
f 1979/1/1 1978/2/1 1015/3/1 1016/4/1
f 1985/5/1057 1984/6/1057 1029/7/1057 1030/8/1057
f 995/9/3 1979/1/3 1016/4/3 1017/10/3
f 1003/11/4 1985/5/4 1030/8/4 1031/12/4
f 1980/13/5 995/9/5 1017/10/5 1018/14/5
f 1004/15/6 1003/11/6 1031/12/6 1032/16/6
f 996/17/7 1980/13/7 1018/14/7 1019/18/7
f 1005/19/8 1004/15/8 1032/16/8 1033/20/8
f 1981/21/9 996/17/9 1019/18/9 1020/22/9
f 1986/23/10 1005/19/10 1033/20/10 1034/24/10
f 1982/25/11 1981/21/11 1020/22/11 1021/26/11
f 1006/27/12 1986/23/12 1034/24/12 1035/28/12
f 997/29/13 1982/25/13 1021/26/13 1022/30/13
f 1007/31/14 1006/27/14 1035/28/14 1036/32/14
f 998/33/1058 997/29/1058 1022/30/1058 1023/34/1058
f 1008/35/16 1007/31/16 1036/32/16 1037/36/16
f 999/37/17 998/33/17 1023/34/17 1024/38/17
f 1974/39/18 1508/40/18 1011/41/19
f 1987/42/20 1008/35/20 1037/36/20 1038/43/20
f 1000/44/21 999/37/21 1024/38/21 1025/45/21
f 1975/46/22 1974/39/22 1011/41/22 1012/47/22
f 1988/48/23 1987/42/23 1038/43/23 1039/49/23
f 1983/50/24 1000/44/24 1025/45/24 1026/51/24
f 1976/52/25 1975/46/25 1012/47/25 1013/53/25
f 1009/54/26 1988/48/26 1039/49/26 1040/55/26
f 1001/56/27 1983/50/27 1026/51/27 1027/57/27
f 1977/58/28 1976/52/28 1013/53/28 1014/59/28
f 1010/60/1059 1009/54/1059 1040/55/1059 1041/61/1059
f 1002/62/30 1001/56/30 1027/57/30 1028/63/30
f 1978/2/31 1977/58/31 1014/59/31 1015/3/31
f 1507/64/32 1010/60/33 1041/61/32
f 1984/6/34 1002/62/34 1028/63/34 1029/7/34
f 1024/38/35 1023/34/35 1054/65/35 1055/66/35
f 1011/41/36 1508/67/37 1042/68/37
f 1038/43/38 1037/36/38 1068/69/38 1069/70/38
f 1025/45/39 1024/38/39 1055/66/39 1056/71/39
f 1012/47/40 1011/41/40 1042/68/40 1043/72/40
f 1039/49/41 1038/43/41 1069/70/41 1070/73/41
f 1026/51/42 1025/45/42 1056/71/42 1057/74/42
f 1013/53/43 1012/47/43 1043/72/43 1044/75/43
f 1040/55/44 1039/49/44 1070/73/44 1071/76/44
f 1027/57/45 1026/51/45 1057/74/45 1058/77/45
f 1014/59/46 1013/53/46 1044/75/46 1045/78/46
f 1041/61/47 1040/55/47 1071/76/47 1072/79/47
f 1028/63/48 1027/57/48 1058/77/48 1059/80/48
f 1015/3/49 1014/59/49 1045/78/49 1046/81/49
f 1507/82/32 1041/61/32 1072/79/50
f 1029/7/51 1028/63/51 1059/80/51 1060/83/51
f 1016/4/52 1015/3/52 1046/81/52 1047/84/52
f 1030/8/1060 1029/7/1060 1060/83/1060 1061/85/1060
f 1017/10/54 1016/4/54 1047/84/54 1048/86/54
f 1031/12/55 1030/8/55 1061/85/55 1062/87/55
f 1018/14/56 1017/10/56 1048/86/56 1049/88/56
f 1032/16/57 1031/12/57 1062/87/57 1063/89/57
f 1019/18/58 1018/14/58 1049/88/58 1050/90/58
f 1033/20/59 1032/16/59 1063/89/59 1064/91/59
f 1020/22/60 1019/18/60 1050/90/60 1051/92/60
f 1034/24/61 1033/20/61 1064/91/61 1065/93/61
f 1021/26/62 1020/22/62 1051/92/62 1052/94/62
f 1035/28/63 1034/24/63 1065/93/63 1066/95/63
f 1022/30/64 1021/26/64 1052/94/64 1053/96/64
f 1036/32/65 1035/28/65 1066/95/65 1067/97/65
f 1023/34/1061 1022/30/1061 1053/96/1061 1054/65/1061
f 1037/36/67 1036/32/67 1067/97/67 1068/69/67
f 1057/74/68 1056/71/68 1087/98/68 1088/99/68
f 1044/75/69 1043/72/69 1074/100/69 1075/101/69
f 1071/76/70 1070/73/70 1101/102/70 1102/103/70
f 1058/77/71 1057/74/71 1088/99/71 1089/104/71
f 1045/78/72 1044/75/72 1075/101/72 1076/105/72
f 1072/79/73 1071/76/73 1102/103/73 1103/106/73
f 1059/80/74 1058/77/74 1089/104/74 1090/107/74
f 1046/81/75 1045/78/75 1076/105/75 1077/108/75
f 1507/109/76 1072/79/77 1103/106/76
f 1060/83/78 1059/80/78 1090/107/78 1091/110/78
f 1047/84/79 1046/81/79 1077/108/79 1078/111/79
f 1061/85/1062 1060/83/1062 1091/110/1062 1092/112/1062
f 1048/86/81 1047/84/81 1078/111/81 1079/113/81
f 1062/87/82 1061/85/82 1092/112/82 1093/114/82
f 1049/88/83 1048/86/83 1079/113/83 1080/115/83
f 1063/89/84 1062/87/84 1093/114/84 1094/116/84
f 1050/90/85 1049/88/85 1080/115/85 1081/117/85
f 1064/91/86 1063/89/86 1094/116/86 1095/118/86
f 1051/92/87 1050/90/87 1081/117/87 1082/119/87
f 1065/93/88 1064/91/88 1095/118/88 1096/120/88
f 1052/94/89 1051/92/89 1082/119/89 1083/121/89
f 1066/95/90 1065/93/90 1096/120/90 1097/122/90
f 1053/96/91 1052/94/91 1083/121/91 1084/123/91
f 1067/97/92 1066/95/92 1097/122/92 1098/124/92
f 1054/65/1063 1053/96/1063 1084/123/1063 1085/125/1063
f 1068/69/94 1067/97/94 1098/124/94 1099/126/94
f 1055/66/95 1054/65/95 1085/125/95 1086/127/95
f 1042/68/37 1508/128/37 1073/129/96
f 1069/70/97 1068/69/97 1099/126/97 1100/130/97
f 1056/71/98 1055/66/98 1086/127/98 1087/98/98
f 1043/72/99 1042/68/99 1073/129/99 1074/100/99
f 1070/73/100 1069/70/100 1100/130/100 1101/102/100
f 1090/107/101 1089/104/101 1120/131/101 1121/132/101
f 1077/108/102 1076/105/102 1107/133/102 1108/134/102
f 1507/135/76 1103/106/76 1134/136/103
f 1091/110/104 1090/107/104 1121/132/104 1122/137/104
f 1078/111/105 1077/108/105 1108/134/105 1109/138/105
f 1092/112/1064 1091/110/1064 1122/137/1064 1123/139/1064
f 1079/113/107 1078/111/107 1109/138/107 1110/140/107
f 1093/114/108 1092/112/108 1123/139/108 1124/141/108
f 1080/115/109 1079/113/109 1110/140/109 1111/142/109
f 1094/116/110 1093/114/110 1124/141/110 1125/143/110
f 1081/117/111 1080/115/111 1111/142/111 1112/144/111
f 1095/118/112 1094/116/112 1125/143/112 1126/145/112
f 1082/119/113 1081/117/113 1112/144/113 1113/146/113
f 1096/120/114 1095/118/114 1126/145/114 1127/147/114
f 1083/121/115 1082/119/115 1113/146/115 1114/148/115
f 1097/122/116 1096/120/116 1127/147/116 1128/149/116
f 1084/123/117 1083/121/117 1114/148/117 1115/150/117
f 1098/124/118 1097/122/118 1128/149/118 1129/151/118
f 1085/125/1065 1084/123/1065 1115/150/1065 1116/152/1065
f 1099/126/120 1098/124/120 1129/151/120 1130/153/120
f 1086/127/121 1085/125/121 1116/152/121 1117/154/121
f 1073/129/122 1508/155/123 1104/156/123
f 1100/130/124 1099/126/124 1130/153/124 1131/157/124
f 1087/98/125 1086/127/125 1117/154/125 1118/158/125
f 1074/100/126 1073/129/126 1104/156/126 1105/159/126
f 1101/102/127 1100/130/127 1131/157/127 1132/160/127
f 1088/99/128 1087/98/128 1118/158/128 1119/161/128
f 1075/101/129 1074/100/129 1105/159/129 1106/162/129
f 1102/103/1066 1101/102/1066 1132/160/1066 1133/163/1066
f 1089/104/131 1088/99/131 1119/161/131 1120/131/131
f 1076/105/132 1075/101/132 1106/162/132 1107/133/132
f 1103/106/133 1102/103/133 1133/163/133 1134/136/133
f 1123/139/1067 1122/137/1067 1153/164/1067 1154/165/1067
f 1110/140/135 1109/138/135 1140/166/135 1141/167/135
f 1124/141/136 1123/139/136 1154/165/136 1155/168/136
f 1111/142/137 1110/140/137 1141/167/137 1142/169/137
f 1125/143/138 1124/141/138 1155/168/138 1156/170/138
f 1112/144/139 1111/142/139 1142/169/139 1143/171/139
f 1126/145/140 1125/143/140 1156/170/140 1157/172/140
f 1113/146/141 1112/144/141 1143/171/141 1144/173/141
f 1127/147/142 1126/145/142 1157/172/142 1158/174/142
f 1114/148/143 1113/146/143 1144/173/143 1145/175/143
f 1128/149/144 1127/147/144 1158/174/144 1159/176/144
f 1115/150/145 1114/148/145 1145/175/145 1146/177/145
f 1129/151/146 1128/149/146 1159/176/146 1160/178/146
f 1116/152/1068 1115/150/1068 1146/177/1068 1147/179/1068
f 1130/153/148 1129/151/148 1160/178/148 1161/180/148
f 1117/154/149 1116/152/149 1147/179/149 1148/181/149
f 1104/156/123 1508/182/123 1135/183/150
f 1131/157/151 1130/153/151 1161/180/151 1162/184/151
f 1118/158/152 1117/154/152 1148/181/152 1149/185/152
f 1105/159/153 1104/156/153 1135/183/153 1136/186/153
f 1132/160/154 1131/157/154 1162/184/154 1163/187/154
f 1119/161/155 1118/158/155 1149/185/155 1150/188/155
f 1106/162/156 1105/159/156 1136/186/156 1137/189/156
f 1133/163/1069 1132/160/1069 1163/187/1069 1164/190/1069
f 1120/131/158 1119/161/158 1150/188/158 1151/191/158
f 1107/133/159 1106/162/159 1137/189/159 1138/192/159
f 1134/136/160 1133/163/160 1164/190/160 1165/193/160
f 1121/132/161 1120/131/161 1151/191/161 1152/194/161
f 1108/134/162 1107/133/162 1138/192/162 1139/195/162
f 1507/196/163 1134/136/164 1165/193/163
f 1122/137/165 1121/132/165 1152/194/165 1153/164/165
f 1109/138/166 1108/134/166 1139/195/166 1140/166/166
f 1156/170/167 1155/168/167 1186/197/167 1187/198/167
f 1143/171/168 1142/169/168 1173/199/168 1174/200/168
f 1157/172/169 1156/170/169 1187/198/169 1188/201/169
f 1144/173/170 1143/171/170 1174/200/170 1175/202/170
f 1158/174/171 1157/172/171 1188/201/171 1189/203/171
f 1145/175/172 1144/173/172 1175/202/172 1176/204/172
f 1159/176/173 1158/174/173 1189/203/173 1190/205/173
f 1146/177/174 1145/175/174 1176/204/174 1177/206/174
f 1160/178/175 1159/176/175 1190/205/175 1191/207/175
f 1147/179/176 1146/177/176 1177/206/176 1178/208/176
f 1161/180/177 1160/178/177 1191/207/177 1192/209/177
f 1148/181/178 1147/179/178 1178/208/178 1179/210/178
f 1135/183/179 1508/211/180 1166/212/180
f 1162/184/181 1161/180/181 1192/209/181 1193/213/181
f 1149/185/182 1148/181/182 1179/210/182 1180/214/182
f 1136/186/183 1135/183/183 1166/212/183 1167/215/183
f 1163/187/184 1162/184/184 1193/213/184 1194/216/184
f 1150/188/185 1149/185/185 1180/214/185 1181/217/185
f 1137/189/186 1136/186/186 1167/215/186 1168/218/186
f 1164/190/1070 1163/187/1070 1194/216/1070 1195/219/1070
f 1151/191/188 1150/188/188 1181/217/188 1182/220/188
f 1138/192/189 1137/189/189 1168/218/189 1169/221/189
f 1165/193/190 1164/190/190 1195/219/190 1196/222/190
f 1152/194/191 1151/191/191 1182/220/191 1183/223/191
f 1139/195/192 1138/192/192 1169/221/192 1170/224/192
f 1507/225/163 1165/193/163 1196/222/193
f 1153/164/194 1152/194/194 1183/223/194 1184/226/194
f 1140/166/195 1139/195/195 1170/224/195 1171/227/195
f 1154/165/196 1153/164/196 1184/226/196 1185/228/196
f 1141/167/197 1140/166/197 1171/227/197 1172/229/197
f 1155/168/198 1154/165/198 1185/228/198 1186/197/198
f 1142/169/199 1141/167/199 1172/229/199 1173/199/199
f 1189/203/200 1188/201/200 1219/230/200 1220/231/200
f 1176/204/201 1175/202/201 1206/232/201 1207/233/201
f 1190/205/1071 1189/203/1071 1220/231/1071 1221/234/1071
f 1177/206/203 1176/204/203 1207/233/203 1208/235/203
f 1191/207/204 1190/205/204 1221/234/204 1222/236/204
f 1178/208/205 1177/206/205 1208/235/205 1209/237/205
f 1192/209/206 1191/207/206 1222/236/206 1223/238/206
f 1179/210/207 1178/208/207 1209/237/207 1210/239/207
f 1166/212/180 1508/240/180 1197/241/208
f 1193/213/209 1192/209/209 1223/238/209 1224/242/209
f 1180/214/210 1179/210/210 1210/239/210 1211/243/210
f 1167/215/211 1166/212/211 1197/241/211 1198/244/211
f 1194/216/212 1193/213/212 1224/242/212 1225/245/212
f 1181/217/213 1180/214/213 1211/243/213 1212/246/213
f 1168/218/1072 1167/215/1072 1198/244/1072 1199/247/1072
f 1195/219/1073 1194/216/1073 1225/245/1073 1226/248/1073
f 1182/220/216 1181/217/216 1212/246/216 1213/249/216
f 1169/221/217 1168/218/217 1199/247/217 1200/250/217
f 1196/222/218 1195/219/218 1226/248/218 1227/251/218
f 1183/223/219 1182/220/219 1213/249/219 1214/252/219
f 1170/224/220 1169/221/220 1200/250/220 1201/253/220
f 1507/254/221 1196/222/222 1227/251/221
f 1184/226/223 1183/223/223 1214/252/223 1215/255/223
f 1171/227/224 1170/224/224 1201/253/224 1202/256/224
f 1185/228/225 1184/226/225 1215/255/225 1216/257/225
f 1172/229/226 1171/227/226 1202/256/226 1203/258/226
f 1186/197/227 1185/228/227 1216/257/227 1217/259/227
f 1173/199/228 1172/229/228 1203/258/228 1204/260/228
f 1187/198/229 1186/197/229 1217/259/229 1218/261/229
f 1174/200/230 1173/199/230 1204/260/230 1205/262/230
f 1188/201/231 1187/198/231 1218/261/231 1219/230/231
f 1175/202/232 1174/200/232 1205/262/232 1206/232/232
f 1222/236/233 1221/234/233 1252/263/233 1253/264/233
f 1209/237/1074 1208/235/1074 1239/265/1074 1240/266/1074
f 1223/238/235 1222/236/235 1253/264/235 1254/267/235
f 1210/239/236 1209/237/236 1240/266/236 1241/268/236
f 1197/241/237 1508/269/238 1228/270/238
f 1224/242/239 1223/238/239 1254/267/239 1255/271/239
f 1211/243/240 1210/239/240 1241/268/240 1242/272/240
f 1198/244/241 1197/241/241 1228/270/241 1229/273/241
f 1225/245/242 1224/242/242 1255/271/242 1256/274/242
f 1212/246/243 1211/243/243 1242/272/243 1243/275/243
f 1199/247/244 1198/244/244 1229/273/244 1230/276/244
f 1226/248/1075 1225/245/1075 1256/274/1075 1257/277/1075
f 1213/249/246 1212/246/246 1243/275/246 1244/278/246
f 1200/250/247 1199/247/247 1230/276/247 1231/279/247
f 1227/251/1076 1226/248/1076 1257/277/1076 1258/280/1076
f 1214/252/249 1213/249/249 1244/278/249 1245/281/249
f 1201/253/250 1200/250/250 1231/279/250 1232/282/250
f 1507/283/221 1227/251/221 1258/280/251
f 1215/255/252 1214/252/252 1245/281/252 1246/284/252
f 1202/256/1077 1201/253/1077 1232/282/1077 1233/285/1077
f 1216/257/1078 1215/255/1078 1246/284/1078 1247/286/1078
f 1203/258/255 1202/256/255 1233/285/255 1234/287/255
f 1217/259/256 1216/257/256 1247/286/256 1248/288/256
f 1204/260/257 1203/258/257 1234/287/257 1235/289/257
f 1218/261/258 1217/259/258 1248/288/258 1249/290/258
f 1205/262/259 1204/260/259 1235/289/259 1236/291/259
f 1219/230/260 1218/261/260 1249/290/260 1250/292/260
f 1206/232/261 1205/262/261 1236/291/261 1237/293/261
f 1220/231/262 1219/230/262 1250/292/262 1251/294/262
f 1207/233/263 1206/232/263 1237/293/263 1238/295/263
f 1221/234/264 1220/231/264 1251/294/264 1252/263/264
f 1208/235/265 1207/233/265 1238/295/265 1239/265/265
f 1255/271/266 1254/267/266 1285/296/266 1286/297/266
f 1242/272/267 1241/268/267 1272/298/267 1273/299/267
f 1229/273/268 1228/270/268 1259/300/268 1260/301/268
f 1256/274/269 1255/271/269 1286/297/269 1287/302/269
f 1243/275/270 1242/272/270 1273/299/270 1274/303/270
f 1230/276/271 1229/273/271 1260/301/271 1261/304/271
f 1257/277/1079 1256/274/1079 1287/302/1079 1288/305/1079
f 1244/278/273 1243/275/273 1274/303/273 1275/306/273
f 1231/279/274 1230/276/274 1261/304/274 1262/307/274
f 1258/280/1080 1257/277/1080 1288/305/1080 1289/308/1080
f 1245/281/276 1244/278/276 1275/306/276 1276/309/276
f 1232/282/277 1231/279/277 1262/307/277 1263/310/277
f 1507/311/278 1258/280/279 1289/308/278
f 1246/284/280 1245/281/280 1276/309/280 1277/312/280
f 1233/285/1081 1232/282/1081 1263/310/1081 1264/313/1081
f 1247/286/1082 1246/284/1082 1277/312/1082 1278/314/1082
f 1234/287/283 1233/285/283 1264/313/283 1265/315/283
f 1248/288/284 1247/286/284 1278/314/284 1279/316/284
f 1235/289/285 1234/287/285 1265/315/285 1266/317/285
f 1249/290/286 1248/288/286 1279/316/286 1280/318/286
f 1236/291/287 1235/289/287 1266/317/287 1267/319/287
f 1250/292/288 1249/290/288 1280/318/288 1281/320/288
f 1237/293/289 1236/291/289 1267/319/289 1268/321/289
f 1251/294/290 1250/292/290 1281/320/290 1282/322/290
f 1238/295/291 1237/293/291 1268/321/291 1269/323/291
f 1252/263/292 1251/294/292 1282/322/292 1283/324/292
f 1239/265/293 1238/295/293 1269/323/293 1270/325/293
f 1253/264/294 1252/263/294 1283/324/294 1284/326/294
f 1240/266/1083 1239/265/1083 1270/325/1083 1271/327/1083
f 1254/267/296 1253/264/296 1284/326/296 1285/296/296
f 1241/268/297 1240/266/297 1271/327/297 1272/298/297
f 1228/270/238 1508/328/238 1259/300/298
f 1288/305/1084 1287/302/1084 1318/329/1084 1319/330/1084
f 1275/306/300 1274/303/300 1305/331/300 1306/332/300
f 1262/307/301 1261/304/301 1292/333/301 1293/334/301
f 1289/308/302 1288/305/302 1319/330/302 1320/335/302
f 1276/309/303 1275/306/303 1306/332/303 1307/336/303
f 1263/310/304 1262/307/304 1293/334/304 1294/337/304
f 1507/338/278 1289/308/278 1320/335/305
f 1277/312/306 1276/309/306 1307/336/306 1308/339/306
f 1264/313/307 1263/310/307 1294/337/307 1295/340/307
f 1278/314/308 1277/312/308 1308/339/308 1309/341/308
f 1265/315/309 1264/313/309 1295/340/309 1296/342/309
f 1279/316/310 1278/314/310 1309/341/310 1310/343/310
f 1266/317/311 1265/315/311 1296/342/311 1297/344/311
f 1280/318/312 1279/316/312 1310/343/312 1311/345/312
f 1267/319/313 1266/317/313 1297/344/313 1298/346/313
f 1281/320/314 1280/318/314 1311/345/314 1312/347/314
f 1268/321/315 1267/319/315 1298/346/315 1299/348/315
f 1282/322/316 1281/320/316 1312/347/316 1313/349/316
f 1269/323/317 1268/321/317 1299/348/317 1300/350/317
f 1283/324/1085 1282/322/1085 1313/349/1085 1314/351/1085
f 1270/325/319 1269/323/319 1300/350/319 1301/352/319
f 1284/326/320 1283/324/320 1314/351/320 1315/353/320
f 1271/327/321 1270/325/321 1301/352/321 1302/354/321
f 1285/296/322 1284/326/322 1315/353/322 1316/355/322
f 1272/298/323 1271/327/323 1302/354/323 1303/356/323
f 1259/300/324 1508/357/325 1290/358/325
f 1286/297/326 1285/296/326 1316/355/326 1317/359/326
f 1273/299/327 1272/298/327 1303/356/327 1304/360/327
f 1260/301/328 1259/300/328 1290/358/328 1291/361/328
f 1287/302/329 1286/297/329 1317/359/329 1318/329/329
f 1274/303/330 1273/299/330 1304/360/330 1305/331/330
f 1261/304/1086 1260/301/1086 1291/361/1086 1292/333/1086
f 1507/362/332 1320/335/333 1351/363/332
f 1308/339/334 1307/336/334 1338/364/334 1339/365/334
f 1295/340/335 1294/337/335 1325/366/335 1326/367/335
f 1309/341/336 1308/339/336 1339/365/336 1340/368/336
f 1296/342/337 1295/340/337 1326/367/337 1327/369/337
f 1310/343/338 1309/341/338 1340/368/338 1341/370/338
f 1297/344/339 1296/342/339 1327/369/339 1328/371/339
f 1311/345/340 1310/343/340 1341/370/340 1342/372/340
f 1298/346/341 1297/344/341 1328/371/341 1329/373/341
f 1312/347/1087 1311/345/1087 1342/372/1087 1343/374/1087
f 1299/348/343 1298/346/343 1329/373/343 1330/375/343
f 1313/349/344 1312/347/344 1343/374/344 1344/376/344
f 1300/350/345 1299/348/345 1330/375/345 1331/377/345
f 1314/351/346 1313/349/346 1344/376/346 1345/378/346
f 1301/352/347 1300/350/347 1331/377/347 1332/379/347
f 1315/353/348 1314/351/348 1345/378/348 1346/380/348
f 1302/354/349 1301/352/349 1332/379/349 1333/381/349
f 1316/355/350 1315/353/350 1346/380/350 1347/382/350
f 1303/356/351 1302/354/351 1333/381/351 1334/383/351
f 1290/358/325 1508/384/325 1321/385/352
f 1317/359/353 1316/355/353 1347/382/353 1348/386/353
f 1304/360/354 1303/356/354 1334/383/354 1335/387/354
f 1291/361/355 1290/358/355 1321/385/355 1322/388/355
f 1318/329/356 1317/359/356 1348/386/356 1349/389/356
f 1305/331/357 1304/360/357 1335/387/357 1336/390/357
f 1292/333/358 1291/361/358 1322/388/358 1323/391/358
f 1319/330/1088 1318/329/1088 1349/389/1088 1350/392/1088
f 1306/332/360 1305/331/360 1336/390/360 1337/393/360
f 1293/334/361 1292/333/361 1323/391/361 1324/394/361
f 1320/335/362 1319/330/362 1350/392/362 1351/363/362
f 1307/336/363 1306/332/363 1337/393/363 1338/364/363
f 1294/337/364 1293/334/364 1324/394/364 1325/366/364
f 1341/370/365 1340/368/365 1371/395/365 1372/396/365
f 1328/371/366 1327/369/366 1358/397/366 1359/398/366
f 1342/372/367 1341/370/367 1372/396/367 1373/399/367
f 1329/373/368 1328/371/368 1359/398/368 1360/400/368
f 1343/374/1089 1342/372/1089 1373/399/1089 1374/401/1089
f 1330/375/1090 1329/373/1090 1360/400/1090 1361/402/1090
f 1344/376/371 1343/374/371 1374/401/371 1375/403/371
f 1331/377/372 1330/375/372 1361/402/372 1362/404/372
f 1345/378/373 1344/376/373 1375/403/373 1376/405/373
f 1332/379/374 1331/377/374 1362/404/374 1363/406/374
f 1346/380/375 1345/378/375 1376/405/375 1377/407/375
f 1333/381/376 1332/379/376 1363/406/376 1364/408/376
f 1347/382/377 1346/380/377 1377/407/377 1378/409/377
f 1334/383/378 1333/381/378 1364/408/378 1365/410/378
f 1321/385/379 1508/411/380 1352/412/380
f 1348/386/381 1347/382/381 1378/409/381 1379/413/381
f 1335/387/382 1334/383/382 1365/410/382 1366/414/382
f 1322/388/383 1321/385/383 1352/412/383 1353/415/383
f 1349/389/384 1348/386/384 1379/413/384 1380/416/384
f 1336/390/385 1335/387/385 1366/414/385 1367/417/385
f 1323/391/386 1322/388/386 1353/415/386 1354/418/386
f 1350/392/1091 1349/389/1091 1380/416/1091 1381/419/1091
f 1337/393/388 1336/390/388 1367/417/388 1368/420/388
f 1324/394/389 1323/391/389 1354/418/389 1355/421/389
f 1351/363/390 1350/392/390 1381/419/390 1382/422/390
f 1338/364/391 1337/393/391 1368/420/391 1369/423/391
f 1325/366/392 1324/394/392 1355/421/392 1356/424/392
f 1507/425/332 1351/363/332 1382/422/393
f 1339/365/394 1338/364/394 1369/423/394 1370/426/394
f 1326/367/395 1325/366/395 1356/424/395 1357/427/395
f 1340/368/396 1339/365/396 1370/426/396 1371/395/396
f 1327/369/397 1326/367/397 1357/427/397 1358/397/397
f 1374/401/1092 1373/399/1092 1404/428/1092 1405/429/1092
f 1361/402/1093 1360/400/1093 1391/430/1093 1392/431/1093
f 1375/403/400 1374/401/400 1405/429/400 1406/432/400
f 1362/404/401 1361/402/401 1392/431/401 1393/433/401
f 1376/405/402 1375/403/402 1406/432/402 1407/434/402
f 1363/406/403 1362/404/403 1393/433/403 1394/435/403
f 1377/407/404 1376/405/404 1407/434/404 1408/436/404
f 1364/408/405 1363/406/405 1394/435/405 1395/437/405
f 1378/409/406 1377/407/406 1408/436/406 1409/438/406
f 1365/410/407 1364/408/407 1395/437/407 1396/439/407
f 1352/412/380 1508/440/380 1383/441/408
f 1379/413/409 1378/409/409 1409/438/409 1410/442/409
f 1366/414/410 1365/410/410 1396/439/410 1397/443/410
f 1353/415/411 1352/412/411 1383/441/411 1384/444/411
f 1380/416/412 1379/413/412 1410/442/412 1411/445/412
f 1367/417/413 1366/414/413 1397/443/413 1398/446/413
f 1354/418/414 1353/415/414 1384/444/414 1385/447/414
f 1381/419/1094 1380/416/1094 1411/445/1094 1412/448/1094
f 1368/420/416 1367/417/416 1398/446/416 1399/449/416
f 1355/421/417 1354/418/417 1385/447/417 1386/450/417
f 1382/422/418 1381/419/418 1412/448/418 1413/451/418
f 1369/423/419 1368/420/419 1399/449/419 1400/452/419
f 1356/424/420 1355/421/420 1386/450/420 1387/453/420
f 1507/454/421 1382/422/422 1413/451/421
f 1370/426/423 1369/423/423 1400/452/423 1401/455/423
f 1357/427/424 1356/424/424 1387/453/424 1388/456/424
f 1371/395/425 1370/426/425 1401/455/425 1402/457/425
f 1358/397/426 1357/427/426 1388/456/426 1389/458/426
f 1372/396/427 1371/395/427 1402/457/427 1403/459/427
f 1359/398/428 1358/397/428 1389/458/428 1390/460/428
f 1373/399/429 1372/396/429 1403/459/429 1404/428/429
f 1360/400/430 1359/398/430 1390/460/430 1391/430/430
f 1407/434/431 1406/432/431 1437/461/431 1438/462/431
f 1394/435/432 1393/433/432 1424/463/432 1425/464/432
f 1408/436/433 1407/434/433 1438/462/433 1439/465/433
f 1395/437/1095 1394/435/1095 1425/464/1095 1426/466/1095
f 1409/438/435 1408/436/435 1439/465/435 1440/467/435
f 1396/439/436 1395/437/436 1426/466/436 1427/468/436
f 1383/441/437 1508/469/438 1414/470/438
f 1410/442/439 1409/438/439 1440/467/439 1441/471/439
f 1397/443/440 1396/439/440 1427/468/440 1428/472/440
f 1384/444/441 1383/441/441 1414/470/441 1415/473/441
f 1411/445/442 1410/442/442 1441/471/442 1442/474/442
f 1398/446/443 1397/443/443 1428/472/443 1429/475/443
f 1385/447/444 1384/444/444 1415/473/444 1416/476/444
f 1412/448/445 1411/445/445 1442/474/445 1443/477/445
f 1399/449/446 1398/446/446 1429/475/446 1430/478/446
f 1386/450/447 1385/447/447 1416/476/447 1417/479/447
f 1413/451/448 1412/448/448 1443/477/448 1444/480/448
f 1400/452/449 1399/449/449 1430/478/449 1431/481/449
f 1387/453/450 1386/450/450 1417/479/450 1418/482/450
f 1507/483/421 1413/451/421 1444/480/451
f 1401/455/452 1400/452/452 1431/481/452 1432/484/452
f 1388/456/453 1387/453/453 1418/482/453 1419/485/453
f 1402/457/1096 1401/455/1096 1432/484/1096 1433/486/1096
f 1389/458/455 1388/456/455 1419/485/455 1420/487/455
f 1403/459/456 1402/457/456 1433/486/456 1434/488/456
f 1390/460/457 1389/458/457 1420/487/457 1421/489/457
f 1404/428/458 1403/459/458 1434/488/458 1435/490/458
f 1391/430/459 1390/460/459 1421/489/459 1422/491/459
f 1405/429/460 1404/428/460 1435/490/460 1436/492/460
f 1392/431/461 1391/430/461 1422/491/461 1423/493/461
f 1406/432/462 1405/429/462 1436/492/462 1437/461/462
f 1393/433/463 1392/431/463 1423/493/463 1424/463/463
f 1440/467/464 1439/465/464 1470/494/464 1471/495/464
f 1427/468/465 1426/466/465 1457/496/465 1458/497/465
f 1414/470/438 1508/498/438 1445/499/466
f 1441/471/467 1440/467/467 1471/495/467 1472/500/467
f 1428/472/468 1427/468/468 1458/497/468 1459/501/468
f 1415/473/469 1414/470/469 1445/499/469 1446/502/469
f 1442/474/470 1441/471/470 1472/500/470 1473/503/470
f 1429/475/471 1428/472/471 1459/501/471 1460/504/471
f 1416/476/472 1415/473/472 1446/502/472 1447/505/472
f 1443/477/473 1442/474/473 1473/503/473 1474/506/473
f 1430/478/474 1429/475/474 1460/504/474 1461/507/474
f 1417/479/475 1416/476/475 1447/505/475 1448/508/475
f 1444/480/476 1443/477/476 1474/506/476 1475/509/476
f 1431/481/477 1430/478/477 1461/507/477 1462/510/477
f 1418/482/478 1417/479/478 1448/508/478 1449/511/478
f 1507/512/479 1444/480/480 1475/509/479
f 1432/484/481 1431/481/481 1462/510/481 1463/513/481
f 1419/485/482 1418/482/482 1449/511/482 1450/514/482
f 1433/486/483 1432/484/483 1463/513/483 1464/515/483
f 1420/487/484 1419/485/484 1450/514/484 1451/516/484
f 1434/488/485 1433/486/485 1464/515/485 1465/517/485
f 1421/489/486 1420/487/486 1451/516/486 1452/518/486
f 1435/490/487 1434/488/487 1465/517/487 1466/519/487
f 1422/491/488 1421/489/488 1452/518/488 1453/520/488
f 1436/492/489 1435/490/489 1466/519/489 1467/521/489
f 1423/493/490 1422/491/490 1453/520/490 1454/522/490
f 1437/461/491 1436/492/491 1467/521/491 1468/523/491
f 1424/463/492 1423/493/492 1454/522/492 1455/524/492
f 1438/462/1097 1437/461/1097 1468/523/1097 1469/525/1097
f 1425/464/494 1424/463/494 1455/524/494 1456/526/494
f 1439/465/495 1438/462/495 1469/525/495 1470/494/495
f 1426/466/496 1425/464/496 1456/526/496 1457/496/496
f 1446/502/497 1445/499/497 1476/527/497 1477/528/497
f 1473/503/498 1472/500/498 1503/529/498 1504/530/498
f 1460/504/499 1459/501/499 1490/531/499 1491/532/499
f 1447/505/500 1446/502/500 1477/528/500 1478/533/500
f 1474/506/501 1473/503/501 1504/530/501 1505/534/501
f 1461/507/502 1460/504/502 1491/532/502 1492/535/502
f 1448/508/503 1447/505/503 1478/533/503 1479/536/503
f 1475/509/1098 1474/506/1098 1505/534/1098 1506/537/1098
f 1462/510/505 1461/507/505 1492/535/505 1493/538/505
f 1449/511/506 1448/508/506 1479/536/506 1480/539/506
f 1507/540/479 1475/509/479 1506/537/507
f 1463/513/508 1462/510/508 1493/538/508 1494/541/508
f 1450/514/509 1449/511/509 1480/539/509 1481/542/509
f 1464/515/510 1463/513/510 1494/541/510 1495/543/510
f 1451/516/511 1450/514/511 1481/542/511 1482/544/511
f 1465/517/512 1464/515/512 1495/543/512 1496/545/512
f 1452/518/513 1451/516/513 1482/544/513 1483/546/513
f 1466/519/514 1465/517/514 1496/545/514 1497/547/514
f 1453/520/515 1452/518/515 1483/546/515 1484/548/515
f 1467/521/516 1466/519/516 1497/547/516 1498/549/516
f 1454/522/517 1453/520/517 1484/548/517 1485/550/517
f 1468/523/518 1467/521/518 1498/549/518 1499/551/518
f 1455/524/519 1454/522/519 1485/550/519 1486/552/519
f 1469/525/520 1468/523/520 1499/551/520 1500/553/520
f 1456/526/521 1455/524/521 1486/552/521 1487/554/521
f 1470/494/522 1469/525/522 1500/553/522 1501/555/522
f 1457/496/523 1456/526/523 1487/554/523 1488/556/523
f 1471/495/524 1470/494/524 1501/555/524 1502/557/524
f 1458/497/525 1457/496/525 1488/556/525 1489/558/525
f 1445/499/526 1508/559/527 1476/527/527
f 1472/500/528 1471/495/528 1502/557/528 1503/529/528
f 1459/501/529 1458/497/529 1489/558/529 1490/531/529
f 1479/536/530 1478/533/530 1511/560/530 1512/561/530
f 1506/537/1099 1505/534/1099 1538/562/1099 1539/563/1099
f 1493/538/532 1492/535/532 1525/564/532 1526/565/532
f 1480/539/533 1479/536/533 1512/561/533 1513/566/533
f 1507/567/534 1506/537/535 1539/563/534
f 1494/541/536 1493/538/536 1526/565/536 1527/568/536
f 1481/542/537 1480/539/537 1513/566/537 1514/569/537
f 1495/543/538 1494/541/538 1527/568/538 1528/570/538
f 1482/544/539 1481/542/539 1514/569/539 1515/571/539
f 1496/545/540 1495/543/540 1528/570/540 1529/572/540
f 1483/546/541 1482/544/541 1515/571/541 1516/573/541
f 1497/547/542 1496/545/542 1529/572/542 1530/574/542
f 1484/548/543 1483/546/543 1516/573/543 1517/575/543
f 1498/549/544 1497/547/544 1530/574/544 1531/576/544
f 1485/550/545 1484/548/545 1517/575/545 1518/577/545
f 1499/551/546 1498/549/546 1531/576/546 1532/578/546
f 1486/552/547 1485/550/547 1518/577/547 1519/579/547
f 1500/553/548 1499/551/548 1532/578/548 1533/580/548
f 1487/554/549 1486/552/549 1519/579/549 1520/581/549
f 1501/555/550 1500/553/550 1533/580/550 1534/582/550
f 1488/556/551 1487/554/551 1520/581/551 1521/583/551
f 1502/557/552 1501/555/552 1534/582/552 1535/584/552
f 1489/558/553 1488/556/553 1521/583/553 1522/585/553
f 1476/527/527 1508/586/527 1509/587/554
f 1503/529/555 1502/557/555 1535/584/555 1536/588/555
f 1490/531/556 1489/558/556 1522/585/556 1523/589/556
f 1477/528/557 1476/527/557 1509/587/557 1510/590/557
f 1504/530/558 1503/529/558 1536/588/558 1537/591/558
f 1491/532/559 1490/531/559 1523/589/559 1524/592/559
f 1478/533/560 1477/528/560 1510/590/560 1511/560/560
f 1505/534/1100 1504/530/1100 1537/591/1100 1538/562/1100
f 1492/535/562 1491/532/562 1524/592/562 1525/564/562
f 1514/569/563 1513/566/563 1544/593/563 1545/594/563
f 1528/570/564 1527/568/564 1558/595/564 1559/596/564
f 1515/571/565 1514/569/565 1545/594/565 1546/597/565
f 1529/572/566 1528/570/566 1559/596/566 1560/598/566
f 1516/573/567 1515/571/567 1546/597/567 1547/599/567
f 1530/574/568 1529/572/568 1560/598/568 1561/600/568
f 1517/575/569 1516/573/569 1547/599/569 1548/601/569
f 1531/576/570 1530/574/570 1561/600/570 1562/602/570
f 1518/577/571 1517/575/571 1548/601/571 1549/603/571
f 1532/578/572 1531/576/572 1562/602/572 1563/604/572
f 1519/579/573 1518/577/573 1549/603/573 1550/605/573
f 1533/580/574 1532/578/574 1563/604/574 1564/606/574
f 1520/581/575 1519/579/575 1550/605/575 1551/607/575
f 1534/582/576 1533/580/576 1564/606/576 1565/608/576
f 1521/583/577 1520/581/577 1551/607/577 1552/609/577
f 1535/584/578 1534/582/578 1565/608/578 1566/610/578
f 1522/585/579 1521/583/579 1552/609/579 1553/611/579
f 1509/587/580 1508/612/581 1540/613/581
f 1536/588/582 1535/584/582 1566/610/582 1567/614/582
f 1523/589/583 1522/585/583 1553/611/583 1554/615/583
f 1510/590/584 1509/587/584 1540/613/584 1541/616/584
f 1537/591/585 1536/588/585 1567/614/585 1568/617/585
f 1524/592/586 1523/589/586 1554/615/586 1555/618/586
f 1511/560/587 1510/590/587 1541/616/587 1542/619/587
f 1538/562/588 1537/591/588 1568/617/588 1569/620/588
f 1525/564/589 1524/592/589 1555/618/589 1556/621/589
f 1512/561/590 1511/560/590 1542/619/590 1543/622/590
f 1539/563/591 1538/562/591 1569/620/591 1570/623/591
f 1526/565/592 1525/564/592 1556/621/592 1557/624/592
f 1513/566/593 1512/561/593 1543/622/593 1544/593/593
f 1507/625/534 1539/563/534 1570/623/594
f 1527/568/595 1526/565/595 1557/624/595 1558/595/595
f 1547/599/596 1546/597/596 1577/626/596 1578/627/596
f 1561/600/597 1560/598/597 1591/628/597 1592/629/597
f 1548/601/598 1547/599/598 1578/627/598 1579/630/598
f 1562/602/1101 1561/600/1101 1592/629/1101 1593/631/1101
f 1549/603/1102 1548/601/1102 1579/630/1102 1580/632/1102
f 1563/604/601 1562/602/601 1593/631/601 1594/633/601
f 1550/605/602 1549/603/602 1580/632/602 1581/634/602
f 1564/606/603 1563/604/603 1594/633/603 1595/635/603
f 1551/607/604 1550/605/604 1581/634/604 1582/636/604
f 1565/608/605 1564/606/605 1595/635/605 1596/637/605
f 1552/609/1103 1551/607/1103 1582/636/1103 1583/638/1103
f 1566/610/607 1565/608/607 1596/637/607 1597/639/607
f 1553/611/608 1552/609/608 1583/638/608 1584/640/608
f 1540/613/581 1508/641/581 1571/642/609
f 1567/614/610 1566/610/610 1597/639/610 1598/643/610
f 1554/615/611 1553/611/611 1584/640/611 1585/644/611
f 1541/616/612 1540/613/612 1571/642/612 1572/645/612
f 1568/617/613 1567/614/613 1598/643/613 1599/646/613
f 1555/618/614 1554/615/614 1585/644/614 1586/647/614
f 1542/619/615 1541/616/615 1572/645/615 1573/648/615
f 1569/620/616 1568/617/616 1599/646/616 1600/649/616
f 1556/621/617 1555/618/617 1586/647/617 1587/650/617
f 1543/622/618 1542/619/618 1573/648/618 1574/651/618
f 1570/623/619 1569/620/619 1600/649/619 1601/652/619
f 1557/624/620 1556/621/620 1587/650/620 1588/653/620
f 1544/593/621 1543/622/621 1574/651/621 1575/654/621
f 1507/655/622 1570/623/623 1601/652/622
f 1558/595/624 1557/624/624 1588/653/624 1589/656/624
f 1545/594/625 1544/593/625 1575/654/625 1576/657/625
f 1559/596/1104 1558/595/1104 1589/656/1104 1590/658/1104
f 1546/597/627 1545/594/627 1576/657/627 1577/626/627
f 1560/598/628 1559/596/628 1590/658/628 1591/628/628
f 1580/632/1105 1579/630/1105 1610/659/1105 1611/660/1105
f 1594/633/630 1593/631/630 1624/661/630 1625/662/630
f 1581/634/631 1580/632/631 1611/660/631 1612/663/631
f 1595/635/632 1594/633/632 1625/662/632 1626/664/632
f 1582/636/633 1581/634/633 1612/663/633 1613/665/633
f 1596/637/634 1595/635/634 1626/664/634 1627/666/634
f 1583/638/635 1582/636/635 1613/665/635 1614/667/635
f 1597/639/636 1596/637/636 1627/666/636 1628/668/636
f 1584/640/637 1583/638/637 1614/667/637 1615/669/637
f 1571/642/638 1508/670/639 1602/671/639
f 1598/643/640 1597/639/640 1628/668/640 1629/672/640
f 1585/644/641 1584/640/641 1615/669/641 1616/673/641
f 1572/645/642 1571/642/642 1602/671/642 1603/674/642
f 1599/646/643 1598/643/643 1629/672/643 1630/675/643
f 1586/647/644 1585/644/644 1616/673/644 1617/676/644
f 1573/648/645 1572/645/645 1603/674/645 1604/677/645
f 1600/649/1106 1599/646/1106 1630/675/1106 1631/678/1106
f 1587/650/647 1586/647/647 1617/676/647 1618/679/647
f 1574/651/648 1573/648/648 1604/677/648 1605/680/648
f 1601/652/649 1600/649/649 1631/678/649 1632/681/649
f 1588/653/650 1587/650/650 1618/679/650 1619/682/650
f 1575/654/651 1574/651/651 1605/680/651 1606/683/651
f 1507/684/622 1601/652/622 1632/681/652
f 1589/656/653 1588/653/653 1619/682/653 1620/685/653
f 1576/657/654 1575/654/654 1606/683/654 1607/686/654
f 1590/658/655 1589/656/655 1620/685/655 1621/687/655
f 1577/626/656 1576/657/656 1607/686/656 1608/688/656
f 1591/628/657 1590/658/657 1621/687/657 1622/689/657
f 1578/627/658 1577/626/658 1608/688/658 1609/690/658
f 1592/629/659 1591/628/659 1622/689/659 1623/691/659
f 1579/630/660 1578/627/660 1609/690/660 1610/659/660
f 1593/631/1107 1592/629/1107 1623/691/1107 1624/661/1107
f 1613/665/662 1612/663/662 1643/692/662 1644/693/662
f 1627/666/663 1626/664/663 1657/694/663 1658/695/663
f 1614/667/1108 1613/665/1108 1644/693/1108 1645/696/1108
f 1628/668/665 1627/666/665 1658/695/665 1659/697/665
f 1615/669/666 1614/667/666 1645/696/666 1646/698/666
f 1602/671/639 1508/699/639 1633/700/667
f 1629/672/668 1628/668/668 1659/697/668 1660/701/668
f 1616/673/669 1615/669/669 1646/698/669 1647/702/669
f 1603/674/670 1602/671/670 1633/700/670 1634/703/670
f 1630/675/671 1629/672/671 1660/701/671 1661/704/671
f 1617/676/672 1616/673/672 1647/702/672 1648/705/672
f 1604/677/673 1603/674/673 1634/703/673 1635/706/673
f 1631/678/1109 1630/675/1109 1661/704/1109 1662/707/1109
f 1618/679/675 1617/676/675 1648/705/675 1649/708/675
f 1605/680/676 1604/677/676 1635/706/676 1636/709/676
f 1632/681/677 1631/678/677 1662/707/677 1663/710/677
f 1619/682/678 1618/679/678 1649/708/678 1650/711/678
f 1606/683/679 1605/680/679 1636/709/679 1637/712/679
f 1507/713/680 1632/681/681 1663/710/680
f 1620/685/682 1619/682/682 1650/711/682 1651/714/682
f 1607/686/683 1606/683/683 1637/712/683 1638/715/683
f 1621/687/1110 1620/685/1110 1651/714/1110 1652/716/1110
f 1608/688/685 1607/686/685 1638/715/685 1639/717/685
f 1622/689/686 1621/687/686 1652/716/686 1653/718/686
f 1609/690/687 1608/688/687 1639/717/687 1640/719/687
f 1623/691/688 1622/689/688 1653/718/688 1654/720/688
f 1610/659/689 1609/690/689 1640/719/689 1641/721/689
f 1624/661/1111 1623/691/1111 1654/720/1111 1655/722/1111
f 1611/660/1112 1610/659/1112 1641/721/1112 1642/723/1112
f 1625/662/692 1624/661/692 1655/722/692 1656/724/692
f 1612/663/693 1611/660/693 1642/723/693 1643/692/693
f 1626/664/694 1625/662/694 1656/724/694 1657/694/694
f 1646/698/695 1645/696/695 1676/725/695 1677/726/695
f 1633/700/696 1508/727/697 1664/728/697
f 1660/701/698 1659/697/698 1690/729/698 1691/730/698
f 1647/702/699 1646/698/699 1677/726/699 1678/731/699
f 1634/703/700 1633/700/700 1664/728/700 1665/732/700
f 1661/704/701 1660/701/701 1691/730/701 1692/733/701
f 1648/705/702 1647/702/702 1678/731/702 1679/734/702
f 1635/706/703 1634/703/703 1665/732/703 1666/735/703
f 1662/707/704 1661/704/704 1692/733/704 1693/736/704
f 1649/708/705 1648/705/705 1679/734/705 1680/737/705
f 1636/709/706 1635/706/706 1666/735/706 1667/738/706
f 1663/710/707 1662/707/707 1693/736/707 1694/739/707
f 1650/711/708 1649/708/708 1680/737/708 1681/740/708
f 1637/712/709 1636/709/709 1667/738/709 1668/741/709
f 1507/742/680 1663/710/680 1694/739/710
f 1651/714/711 1650/711/711 1681/740/711 1682/743/711
f 1638/715/712 1637/712/712 1668/741/712 1669/744/712
f 1652/716/1113 1651/714/1113 1682/743/1113 1683/745/1113
f 1639/717/714 1638/715/714 1669/744/714 1670/746/714
f 1653/718/1114 1652/716/1114 1683/745/1114 1684/747/1114
f 1640/719/716 1639/717/716 1670/746/716 1671/748/716
f 1654/720/717 1653/718/717 1684/747/717 1685/749/717
f 1641/721/718 1640/719/718 1671/748/718 1672/750/718
f 1655/722/719 1654/720/719 1685/749/719 1686/751/719
f 1642/723/720 1641/721/720 1672/750/720 1673/752/720
f 1656/724/721 1655/722/721 1686/751/721 1687/753/721
f 1643/692/722 1642/723/722 1673/752/722 1674/754/722
f 1657/694/723 1656/724/723 1687/753/723 1688/755/723
f 1644/693/1115 1643/692/1115 1674/754/1115 1675/756/1115
f 1658/695/725 1657/694/725 1688/755/725 1689/757/725
f 1645/696/1116 1644/693/1116 1675/756/1116 1676/725/1116
f 1659/697/727 1658/695/727 1689/757/727 1690/729/727
f 1679/734/728 1678/731/728 1709/758/728 1710/759/728
f 1666/735/1117 1665/732/1117 1696/760/1117 1697/761/1117
f 1693/736/1118 1692/733/1118 1723/762/1118 1724/763/1118
f 1680/737/731 1679/734/731 1710/759/731 1711/764/731
f 1667/738/732 1666/735/732 1697/761/732 1698/765/732
f 1694/739/733 1693/736/733 1724/763/733 1725/766/733
f 1681/740/734 1680/737/734 1711/764/734 1712/767/734
f 1668/741/735 1667/738/735 1698/765/735 1699/768/735
f 1507/769/736 1694/739/737 1725/766/736
f 1682/743/738 1681/740/738 1712/767/738 1713/770/738
f 1669/744/739 1668/741/739 1699/768/739 1700/771/739
f 1683/745/1119 1682/743/1119 1713/770/1119 1714/772/1119
f 1670/746/741 1669/744/741 1700/771/741 1701/773/741
f 1684/747/742 1683/745/742 1714/772/742 1715/774/742
f 1671/748/743 1670/746/743 1701/773/743 1702/775/743
f 1685/749/744 1684/747/744 1715/774/744 1716/776/744
f 1672/750/745 1671/748/745 1702/775/745 1703/777/745
f 1686/751/746 1685/749/746 1716/776/746 1717/778/746
f 1673/752/747 1672/750/747 1703/777/747 1704/779/747
f 1687/753/748 1686/751/748 1717/778/748 1718/780/748
f 1674/754/749 1673/752/749 1704/779/749 1705/781/749
f 1688/755/1120 1687/753/1120 1718/780/1120 1719/782/1120
f 1675/756/751 1674/754/751 1705/781/751 1706/783/751
f 1689/757/752 1688/755/752 1719/782/752 1720/784/752
f 1676/725/1121 1675/756/1121 1706/783/1121 1707/785/1121
f 1690/729/754 1689/757/754 1720/784/754 1721/786/754
f 1677/726/755 1676/725/755 1707/785/755 1708/787/755
f 1664/728/697 1508/788/697 1695/789/756
f 1691/730/757 1690/729/757 1721/786/757 1722/790/757
f 1678/731/758 1677/726/758 1708/787/758 1709/758/758
f 1665/732/759 1664/728/759 1695/789/759 1696/760/759
f 1692/733/760 1691/730/760 1722/790/760 1723/762/760
f 1712/767/761 1711/764/761 1742/791/761 1743/792/761
f 1699/768/762 1698/765/762 1729/793/762 1730/794/762
f 1507/795/736 1725/766/736 1756/796/763
f 1713/770/764 1712/767/764 1743/792/764 1744/797/764
f 1700/771/765 1699/768/765 1730/794/765 1731/798/765
f 1714/772/1122 1713/770/1122 1744/797/1122 1745/799/1122
f 1701/773/767 1700/771/767 1731/798/767 1732/800/767
f 1715/774/768 1714/772/768 1745/799/768 1746/801/768
f 1702/775/769 1701/773/769 1732/800/769 1733/802/769
f 1716/776/770 1715/774/770 1746/801/770 1747/803/770
f 1703/777/771 1702/775/771 1733/802/771 1734/804/771
f 1717/778/1123 1716/776/1123 1747/803/1123 1748/805/1123
f 1704/779/1124 1703/777/1124 1734/804/1124 1735/806/1124
f 1718/780/774 1717/778/774 1748/805/774 1749/807/774
f 1705/781/775 1704/779/775 1735/806/775 1736/808/775
f 1719/782/776 1718/780/776 1749/807/776 1750/809/776
f 1706/783/777 1705/781/777 1736/808/777 1737/810/777
f 1720/784/778 1719/782/778 1750/809/778 1751/811/778
f 1707/785/1125 1706/783/1125 1737/810/1125 1738/812/1125
f 1721/786/780 1720/784/780 1751/811/780 1752/813/780
f 1708/787/781 1707/785/781 1738/812/781 1739/814/781
f 1695/789/782 1508/815/783 1726/816/783
f 1722/790/784 1721/786/784 1752/813/784 1753/817/784
f 1709/758/785 1708/787/785 1739/814/785 1740/818/785
f 1696/760/786 1695/789/786 1726/816/786 1727/819/786
f 1723/762/787 1722/790/787 1753/817/787 1754/820/787
f 1710/759/788 1709/758/788 1740/818/788 1741/821/788
f 1697/761/789 1696/760/789 1727/819/789 1728/822/789
f 1724/763/790 1723/762/790 1754/820/790 1755/823/790
f 1711/764/791 1710/759/791 1741/821/791 1742/791/791
f 1698/765/792 1697/761/792 1728/822/792 1729/793/792
f 1725/766/1126 1724/763/1126 1755/823/1126 1756/796/1126
f 1745/824/1127 1744/825/1127 1775/826/1127 1776/827/1127
f 1732/828/795 1731/829/795 1762/830/795 1763/831/795
f 1746/832/796 1745/824/796 1776/827/796 1777/833/796
f 1733/834/797 1732/828/797 1763/831/797 1764/835/797
f 1747/836/798 1746/832/798 1777/833/798 1778/837/798
f 1734/838/799 1733/834/799 1764/835/799 1765/839/799
f 1748/840/1128 1747/836/1128 1778/837/1128 1779/841/1128
f 1735/842/1129 1734/838/1129 1765/839/1129 1766/843/1129
f 1749/844/802 1748/840/802 1779/841/802 1780/845/802
f 1736/846/803 1735/842/803 1766/843/803 1767/847/803
f 1750/848/804 1749/844/804 1780/845/804 1781/849/804
f 1737/850/805 1736/846/805 1767/847/805 1768/851/805
f 1751/852/806 1750/848/806 1781/849/806 1782/853/806
f 1738/854/1130 1737/850/1130 1768/851/1130 1769/855/1130
f 1752/856/808 1751/852/808 1782/853/808 1783/857/808
f 1739/858/809 1738/854/809 1769/855/809 1770/859/809
f 1726/860/783 1508/861/783 1757/862/810
f 1753/863/811 1752/856/811 1783/857/811 1784/864/811
f 1740/865/812 1739/858/812 1770/859/812 1771/866/812
f 1727/867/813 1726/860/813 1757/862/813 1758/868/813
f 1754/869/814 1753/863/814 1784/864/814 1785/870/814
f 1741/871/815 1740/865/815 1771/866/815 1772/872/815
f 1728/873/816 1727/867/816 1758/868/816 1759/874/816
f 1755/875/817 1754/869/817 1785/870/817 1786/876/817
f 1742/877/818 1741/871/818 1772/872/818 1773/878/818
f 1729/879/819 1728/873/819 1759/874/819 1760/880/819
f 1756/881/1131 1755/875/1131 1786/876/1131 1787/882/1131
f 1743/883/821 1742/877/821 1773/878/821 1774/884/821
f 1730/885/822 1729/879/822 1760/880/822 1761/886/822
f 1507/887/823 1756/881/824 1787/882/823
f 1744/825/825 1743/883/825 1774/884/825 1775/826/825
f 1731/829/826 1730/885/826 1761/886/826 1762/830/826
f 1778/837/827 1777/833/827 1808/888/827 1809/889/827
f 1765/839/828 1764/835/828 1795/890/828 1796/891/828
f 1779/841/1132 1778/837/1132 1809/889/1132 1810/892/1132
f 1766/843/1133 1765/839/1133 1796/891/1133 1797/893/1133
f 1780/845/831 1779/841/831 1810/892/831 1811/894/831
f 1767/847/832 1766/843/832 1797/893/832 1798/895/832
f 1781/849/1134 1780/845/1134 1811/894/1134 1812/896/1134
f 1768/851/834 1767/847/834 1798/895/834 1799/897/834
f 1782/853/835 1781/849/835 1812/896/835 1813/898/835
f 1769/855/1135 1768/851/1135 1799/897/1135 1800/899/1135
f 1783/857/837 1782/853/837 1813/898/837 1814/900/837
f 1770/859/838 1769/855/838 1800/899/838 1801/901/838
f 1757/862/839 1508/902/840 1788/903/840
f 1784/864/841 1783/857/841 1814/900/841 1815/904/841
f 1771/866/842 1770/859/842 1801/901/842 1802/905/842
f 1758/868/843 1757/862/843 1788/903/843 1789/906/843
f 1785/870/844 1784/864/844 1815/904/844 1816/907/844
f 1772/872/845 1771/866/845 1802/905/845 1803/908/845
f 1759/874/1136 1758/868/1136 1789/906/1136 1790/909/1136
f 1786/876/1137 1785/870/1137 1816/907/1137 1817/910/1137
f 1773/878/848 1772/872/848 1803/908/848 1804/911/848
f 1760/880/849 1759/874/849 1790/909/849 1791/912/849
f 1787/882/850 1786/876/850 1817/910/850 1818/913/850
f 1774/884/851 1773/878/851 1804/911/851 1805/914/851
f 1761/886/852 1760/880/852 1791/912/852 1792/915/852
f 1507/916/823 1787/882/823 1818/913/853
f 1775/826/854 1774/884/854 1805/914/854 1806/917/854
f 1762/830/855 1761/886/855 1792/915/855 1793/918/855
f 1776/827/856 1775/826/856 1806/917/856 1807/919/856
f 1763/831/857 1762/830/857 1793/918/857 1794/920/857
f 1777/833/858 1776/827/858 1807/919/858 1808/888/858
f 1764/835/859 1763/831/859 1794/920/859 1795/890/859
f 1815/904/860 1814/900/860 1845/921/860 1846/922/860
f 1802/905/861 1801/901/861 1832/923/861 1833/924/861
f 1789/906/862 1788/903/862 1819/925/862 1820/926/862
f 1816/907/863 1815/904/863 1846/922/863 1847/927/863
f 1803/908/864 1802/905/864 1833/924/864 1834/928/864
f 1790/909/865 1789/906/865 1820/926/865 1821/929/865
f 1817/910/866 1816/907/866 1847/927/866 1848/930/866
f 1804/911/867 1803/908/867 1834/928/867 1835/931/867
f 1791/912/868 1790/909/868 1821/929/868 1822/932/868
f 1818/913/869 1817/910/869 1848/930/869 1849/933/869
f 1805/914/870 1804/911/870 1835/931/870 1836/934/870
f 1792/915/871 1791/912/871 1822/932/871 1823/935/871
f 1507/936/872 1818/913/873 1849/933/872
f 1806/917/874 1805/914/874 1836/934/874 1837/937/874
f 1793/918/875 1792/915/875 1823/935/875 1824/938/875
f 1807/919/1138 1806/917/1138 1837/937/1138 1838/939/1138
f 1794/920/877 1793/918/877 1824/938/877 1825/940/877
f 1808/888/1139 1807/919/1139 1838/939/1139 1839/941/1139
f 1795/890/879 1794/920/879 1825/940/879 1826/942/879
f 1809/889/880 1808/888/880 1839/941/880 1840/943/880
f 1796/891/881 1795/890/881 1826/942/881 1827/944/881
f 1810/892/882 1809/889/882 1840/943/882 1841/945/882
f 1797/893/1140 1796/891/1140 1827/944/1140 1828/946/1140
f 1811/894/884 1810/892/884 1841/945/884 1842/947/884
f 1798/895/885 1797/893/885 1828/946/885 1829/948/885
f 1812/896/886 1811/894/886 1842/947/886 1843/949/886
f 1799/897/1141 1798/895/1141 1829/948/1141 1830/950/1141
f 1813/898/888 1812/896/888 1843/949/888 1844/951/888
f 1800/899/1142 1799/897/1142 1830/950/1142 1831/952/1142
f 1814/900/890 1813/898/890 1844/951/890 1845/921/890
f 1801/901/891 1800/899/891 1831/952/891 1832/923/891
f 1788/903/840 1508/953/840 1819/925/892
f 1848/930/1143 1847/927/1143 1878/954/1143 1879/955/1143
f 1835/931/894 1834/928/894 1865/956/894 1866/957/894
f 1822/932/895 1821/929/895 1852/958/895 1853/959/895
f 1849/933/896 1848/930/896 1879/955/896 1880/960/896
f 1836/934/897 1835/931/897 1866/957/897 1867/961/897
f 1823/935/898 1822/932/898 1853/959/898 1854/962/898
f 1507/963/872 1849/933/872 1880/960/899
f 1837/937/900 1836/934/900 1867/961/900 1868/964/900
f 1824/938/901 1823/935/901 1854/962/901 1855/965/901
f 1838/939/902 1837/937/902 1868/964/902 1869/966/902
f 1825/940/903 1824/938/903 1855/965/903 1856/967/903
f 1839/941/904 1838/939/904 1869/966/904 1870/968/904
f 1826/942/905 1825/940/905 1856/967/905 1857/969/905
f 1840/943/906 1839/941/906 1870/968/906 1871/970/906
f 1827/944/907 1826/942/907 1857/969/907 1858/971/907
f 1841/945/1144 1840/943/1144 1871/970/1144 1872/972/1144
f 1828/946/1145 1827/944/1145 1858/971/1145 1859/973/1145
f 1842/947/910 1841/945/910 1872/972/910 1873/974/910
f 1829/948/911 1828/946/911 1859/973/911 1860/975/911
f 1843/949/912 1842/947/912 1873/974/912 1874/976/912
f 1830/950/913 1829/948/913 1860/975/913 1861/977/913
f 1844/951/914 1843/949/914 1874/976/914 1875/978/914
f 1831/952/915 1830/950/915 1861/977/915 1862/979/915
f 1845/921/916 1844/951/916 1875/978/916 1876/980/916
f 1832/923/917 1831/952/917 1862/979/917 1863/981/917
f 1819/925/918 1508/982/919 1850/983/919
f 1846/922/920 1845/921/920 1876/980/920 1877/984/920
f 1833/924/921 1832/923/921 1863/981/921 1864/985/921
f 1820/926/922 1819/925/922 1850/983/922 1851/986/922
f 1847/927/923 1846/922/923 1877/984/923 1878/954/923
f 1834/928/924 1833/924/924 1864/985/924 1865/956/924
f 1821/929/925 1820/926/925 1851/986/925 1852/958/925
f 1507/987/926 1880/960/927 1911/988/926
f 1868/964/928 1867/961/928 1898/989/928 1899/990/928
f 1855/965/929 1854/962/929 1885/991/929 1886/992/929
f 1869/966/930 1868/964/930 1899/990/930 1900/993/930
f 1856/967/931 1855/965/931 1886/992/931 1887/994/931
f 1870/968/932 1869/966/932 1900/993/932 1901/995/932
f 1857/969/933 1856/967/933 1887/994/933 1888/996/933
f 1871/970/934 1870/968/934 1901/995/934 1902/997/934
f 1858/971/935 1857/969/935 1888/996/935 1889/998/935
f 1872/972/1146 1871/970/1146 1902/997/1146 1903/999/1146
f 1859/973/1147 1858/971/1147 1889/998/1147 1890/1000/1147
f 1873/974/938 1872/972/938 1903/999/938 1904/1001/938
f 1860/975/939 1859/973/939 1890/1000/939 1891/1002/939
f 1874/976/940 1873/974/940 1904/1001/940 1905/1003/940
f 1861/977/941 1860/975/941 1891/1002/941 1892/1004/941
f 1875/978/942 1874/976/942 1905/1003/942 1906/1005/942
f 1862/979/943 1861/977/943 1892/1004/943 1893/1006/943
f 1876/980/944 1875/978/944 1906/1005/944 1907/1007/944
f 1863/981/945 1862/979/945 1893/1006/945 1894/1008/945
f 1850/983/919 1508/1009/919 1881/1010/946
f 1877/984/947 1876/980/947 1907/1007/947 1908/1011/947
f 1864/985/948 1863/981/948 1894/1008/948 1895/1012/948
f 1851/986/949 1850/983/949 1881/1010/949 1882/1013/949
f 1878/954/950 1877/984/950 1908/1011/950 1909/1014/950
f 1865/956/951 1864/985/951 1895/1012/951 1896/1015/951
f 1852/958/952 1851/986/952 1882/1013/952 1883/1016/952
f 1879/955/1148 1878/954/1148 1909/1014/1148 1910/1017/1148
f 1866/957/954 1865/956/954 1896/1015/954 1897/1018/954
f 1853/959/955 1852/958/955 1883/1016/955 1884/1019/955
f 1880/960/956 1879/955/956 1910/1017/956 1911/988/956
f 1867/961/957 1866/957/957 1897/1018/957 1898/989/957
f 1854/962/958 1853/959/958 1884/1019/958 1885/991/958
f 1901/995/1149 1900/993/1149 1931/1020/1149 1932/1021/1149
f 1888/996/960 1887/994/960 1918/1022/960 1919/1023/960
f 1902/997/961 1901/995/961 1932/1021/961 1933/1024/961
f 1889/998/962 1888/996/962 1919/1023/962 1920/1025/962
f 1903/999/963 1902/997/963 1933/1024/963 1934/1026/963
f 1890/1000/964 1889/998/964 1920/1025/964 1921/1027/964
f 1904/1001/965 1903/999/965 1934/1026/965 1935/1028/965
f 1891/1002/966 1890/1000/966 1921/1027/966 1922/1029/966
f 1905/1003/967 1904/1001/967 1935/1028/967 1936/1030/967
f 1892/1004/1150 1891/1002/1150 1922/1029/1150 1923/1031/1150
f 1906/1005/969 1905/1003/969 1936/1030/969 1937/1032/969
f 1893/1006/1151 1892/1004/1151 1923/1031/1151 1924/1033/1151
f 1907/1007/971 1906/1005/971 1937/1032/971 1938/1034/971
f 1894/1008/972 1893/1006/972 1924/1033/972 1925/1035/972
f 1881/1010/973 1508/1036/974 1912/1037/974
f 1908/1011/975 1907/1007/975 1938/1034/975 1939/1038/975
f 1895/1012/976 1894/1008/976 1925/1035/976 1926/1039/976
f 1882/1013/977 1881/1010/977 1912/1037/977 1913/1040/977
f 1909/1014/978 1908/1011/978 1939/1038/978 1940/1041/978
f 1896/1015/979 1895/1012/979 1926/1039/979 1927/1042/979
f 1883/1016/980 1882/1013/980 1913/1040/980 1914/1043/980
f 1910/1017/981 1909/1014/981 1940/1041/981 1941/1044/981
f 1897/1018/982 1896/1015/982 1927/1042/982 1928/1045/982
f 1884/1019/983 1883/1016/983 1914/1043/983 1915/1046/983
f 1911/988/984 1910/1017/984 1941/1044/984 1942/1047/984
f 1898/989/985 1897/1018/985 1928/1045/985 1929/1048/985
f 1885/991/986 1884/1019/986 1915/1046/986 1916/1049/986
f 1507/1050/926 1911/988/926 1942/1047/987
f 1899/990/988 1898/989/988 1929/1048/988 1930/1051/988
f 1886/992/989 1885/991/989 1916/1049/989 1917/1052/989
f 1900/993/1152 1899/990/1152 1930/1051/1152 1931/1020/1152
f 1887/994/991 1886/992/991 1917/1052/991 1918/1022/991
f 1934/1026/992 1933/1024/992 1964/1053/992 1965/1054/992
f 1921/1027/993 1920/1025/993 1951/1055/993 1952/1056/993
f 1935/1028/994 1934/1026/994 1965/1054/994 1966/1057/994
f 1922/1029/995 1921/1027/995 1952/1056/995 1953/1058/995
f 1936/1030/996 1935/1028/996 1966/1057/996 1967/1059/996
f 1923/1031/1153 1922/1029/1153 1953/1058/1153 1954/1060/1153
f 1937/1032/998 1936/1030/998 1967/1059/998 1968/1061/998
f 1924/1033/999 1923/1031/999 1954/1060/999 1955/1062/999
f 1938/1034/1000 1937/1032/1000 1968/1061/1000 1969/1063/1000
f 1925/1035/1001 1924/1033/1001 1955/1062/1001 1956/1064/1001
f 1912/1037/974 1508/1065/974 1943/1066/1002
f 1939/1038/1003 1938/1034/1003 1969/1063/1003 1970/1067/1003
f 1926/1039/1004 1925/1035/1004 1956/1064/1004 1957/1068/1004
f 1913/1040/1005 1912/1037/1005 1943/1066/1005 1944/1069/1005
f 1940/1041/1006 1939/1038/1006 1970/1067/1006 1971/1070/1006
f 1927/1042/1007 1926/1039/1007 1957/1068/1007 1958/1071/1007
f 1914/1043/1008 1913/1040/1008 1944/1069/1008 1945/1072/1008
f 1941/1044/1009 1940/1041/1009 1971/1070/1009 1972/1073/1009
f 1928/1045/1010 1927/1042/1010 1958/1071/1010 1959/1074/1010
f 1915/1046/1011 1914/1043/1011 1945/1072/1011 1946/1075/1011
f 1942/1047/1012 1941/1044/1012 1972/1073/1012 1973/1076/1012
f 1929/1048/1013 1928/1045/1013 1959/1074/1013 1960/1077/1013
f 1916/1049/1014 1915/1046/1014 1946/1075/1014 1947/1078/1014
f 1507/1079/1015 1942/1047/1016 1973/1076/1015
f 1930/1051/1017 1929/1048/1017 1960/1077/1017 1961/1080/1017
f 1917/1052/1018 1916/1049/1018 1947/1078/1018 1948/1081/1018
f 1931/1020/1019 1930/1051/1019 1961/1080/1019 1962/1082/1019
f 1918/1022/1020 1917/1052/1020 1948/1081/1020 1949/1083/1020
f 1932/1021/1154 1931/1020/1154 1962/1082/1154 1963/1084/1154
f 1919/1023/1022 1918/1022/1022 1949/1083/1022 1950/1085/1022
f 1933/1024/1023 1932/1021/1023 1963/1084/1023 1964/1053/1023
f 1920/1025/1024 1919/1023/1024 1950/1085/1024 1951/1055/1024
f 1967/1059/1025 1966/1057/1025 1986/23/1025 1006/27/1025
f 1954/1060/1026 1953/1058/1026 1982/25/1026 997/29/1026
f 1968/1061/1027 1967/1059/1027 1006/27/1027 1007/31/1027
f 1955/1062/1155 1954/1060/1155 997/29/1155 998/33/1155
f 1969/1063/1029 1968/1061/1029 1007/31/1029 1008/35/1029
f 1956/1064/1030 1955/1062/1030 998/33/1030 999/37/1030
f 1943/1066/1031 1508/1086/18 1974/39/18
f 1970/1067/1032 1969/1063/1032 1008/35/1032 1987/42/1032
f 1957/1068/1033 1956/1064/1033 999/37/1033 1000/44/1033
f 1944/1069/1034 1943/1066/1034 1974/39/1034 1975/46/1034
f 1971/1070/1035 1970/1067/1035 1987/42/1035 1988/48/1035
f 1958/1071/1036 1957/1068/1036 1000/44/1036 1983/50/1036
f 1945/1072/1037 1944/1069/1037 1975/46/1037 1976/52/1037
f 1972/1073/1038 1971/1070/1038 1988/48/1038 1009/54/1038
f 1959/1074/1039 1958/1071/1039 1983/50/1039 1001/56/1039
f 1946/1075/1040 1945/1072/1040 1976/52/1040 1977/58/1040
f 1973/1076/1156 1972/1073/1156 1009/54/1156 1010/60/1156
f 1960/1077/1042 1959/1074/1042 1001/56/1042 1002/62/1042
f 1947/1078/1043 1946/1075/1043 1977/58/1043 1978/2/1043
f 1507/1087/1015 1973/1076/1015 1010/60/1044
f 1961/1080/1045 1960/1077/1045 1002/62/1045 1984/6/1045
f 1948/1081/1046 1947/1078/1046 1978/2/1046 1979/1/1046
f 1962/1082/1047 1961/1080/1047 1984/6/1047 1985/5/1047
f 1949/1083/1048 1948/1081/1048 1979/1/1048 995/9/1048
f 1963/1084/1049 1962/1082/1049 1985/5/1049 1003/11/1049
f 1950/1085/1050 1949/1083/1050 995/9/1050 1980/13/1050
f 1964/1053/1051 1963/1084/1051 1003/11/1051 1004/15/1051
f 1951/1055/1052 1950/1085/1052 1980/13/1052 996/17/1052
f 1965/1054/1053 1964/1053/1053 1004/15/1053 1005/19/1053
f 1952/1056/1054 1951/1055/1054 996/17/1054 1981/21/1054
f 1966/1057/1055 1965/1054/1055 1005/19/1055 1986/23/1055
f 1953/1058/1056 1952/1056/1056 1981/21/1056 1982/25/1056
f 1989/1088/1157 2008/1088/1157 2009/1088/1158 1990/1088/1158
f 1990/1088/1158 2009/1088/1158 2010/1088/1159 1991/1088/1159
f 1991/1088/1159 2010/1088/1159 2011/1088/1160 1992/1088/1160
f 1992/1088/1160 2011/1088/1160 2012/1088/1161 1993/1088/1161
f 1993/1088/1161 2012/1088/1161 2013/1088/1162 1994/1088/1162
f 1994/1088/1162 2013/1088/1162 2014/1088/1163 1995/1088/1163
f 1995/1088/1163 2014/1088/1163 2015/1088/1164 1996/1088/1164
f 1996/1088/1164 2015/1088/1164 2016/1088/1165 1997/1088/1165
f 1997/1088/1165 2016/1088/1165 2017/1088/1166 1998/1088/1166
f 1998/1088/1166 2017/1088/1166 2018/1088/1167 1999/1088/1167
f 1999/1088/1167 2018/1088/1167 2019/1088/1168 2000/1088/1168
f 2000/1088/1168 2019/1088/1168 2020/1088/1169 2001/1088/1169
f 2001/1088/1169 2020/1088/1169 2021/1088/1170 2002/1088/1170
f 2002/1088/1170 2021/1088/1170 2022/1088/1171 2003/1088/1171
f 2003/1088/1171 2022/1088/1171 2023/1088/1172 2004/1088/1172
f 2004/1088/1172 2023/1088/1172 2024/1088/1173 2005/1088/1173
f 2005/1088/1173 2024/1088/1173 2025/1088/1174 2006/1088/1174
f 2006/1088/1174 2025/1088/1174 2026/1088/1175 2007/1088/1175
f 2007/1088/1175 2026/1088/1175 2008/1088/1157 1989/1088/1157
f 2027/1088/1157 2046/1088/1157 2047/1088/1158 2028/1088/1158
f 2028/1088/1158 2047/1088/1158 2048/1088/1159 2029/1088/1159
f 2029/1088/1159 2048/1088/1159 2049/1088/1160 2030/1088/1160
f 2030/1088/1160 2049/1088/1160 2050/1088/1161 2031/1088/1161
f 2031/1088/1161 2050/1088/1161 2051/1088/1162 2032/1088/1162
f 2032/1088/1162 2051/1088/1162 2052/1088/1163 2033/1088/1163
f 2033/1088/1163 2052/1088/1163 2053/1088/1164 2034/1088/1164
f 2034/1088/1164 2053/1088/1164 2054/1088/1165 2035/1088/1165
f 2035/1088/1165 2054/1088/1165 2055/1088/1166 2036/1088/1166
f 2036/1088/1166 2055/1088/1166 2056/1088/1167 2037/1088/1167
f 2037/1088/1167 2056/1088/1167 2057/1088/1168 2038/1088/1168
f 2038/1088/1168 2057/1088/1168 2058/1088/1169 2039/1088/1169
f 2039/1088/1169 2058/1088/1169 2059/1088/1170 2040/1088/1170
f 2040/1088/1170 2059/1088/1170 2060/1088/1171 2041/1088/1171
f 2041/1088/1171 2060/1088/1171 2061/1088/1176 2042/1088/1176
f 2042/1088/1176 2061/1088/1176 2062/1088/1173 2043/1088/1173
f 2043/1088/1173 2062/1088/1173 2063/1088/1174 2044/1088/1174
f 2044/1088/1174 2063/1088/1174 2064/1088/1175 2045/1088/1175
f 2045/1088/1175 2064/1088/1175 2046/1088/1157 2027/1088/1157
f 2065/1088/1157 2084/1088/1157 2085/1088/1158 2066/1088/1158
f 2066/1088/1158 2085/1088/1158 2086/1088/1159 2067/1088/1159
f 2067/1088/1159 2086/1088/1159 2087/1088/1160 2068/1088/1160
f 2068/1088/1160 2087/1088/1160 2088/1088/1161 2069/1088/1161
f 2069/1088/1161 2088/1088/1161 2089/1088/1162 2070/1088/1162
f 2070/1088/1162 2089/1088/1162 2090/1088/1163 2071/1088/1163
f 2071/1088/1163 2090/1088/1163 2091/1088/1164 2072/1088/1164
f 2072/1088/1164 2091/1088/1164 2092/1088/1165 2073/1088/1165
f 2073/1088/1165 2092/1088/1165 2093/1088/1166 2074/1088/1166
f 2074/1088/1166 2093/1088/1166 2094/1088/1167 2075/1088/1167
f 2075/1088/1167 2094/1088/1167 2095/1088/1168 2076/1088/1168
f 2076/1088/1168 2095/1088/1168 2096/1088/1169 2077/1088/1169
f 2077/1088/1169 2096/1088/1169 2097/1088/1170 2078/1088/1170
f 2078/1088/1170 2097/1088/1170 2098/1088/1171 2079/1088/1171
f 2079/1088/1171 2098/1088/1171 2099/1088/1176 2080/1088/1176
f 2080/1088/1176 2099/1088/1176 2100/1088/1173 2081/1088/1173
f 2081/1088/1173 2100/1088/1173 2101/1088/1174 2082/1088/1174
f 2082/1088/1174 2101/1088/1174 2102/1088/1175 2083/1088/1175
f 2083/1088/1175 2102/1088/1175 2084/1088/1157 2065/1088/1157
f 2103/1088/1157 2122/1088/1157 2123/1088/1158 2104/1088/1158
f 2104/1088/1158 2123/1088/1158 2124/1088/1159 2105/1088/1159
f 2105/1088/1159 2124/1088/1159 2125/1088/1160 2106/1088/1160
f 2106/1088/1160 2125/1088/1160 2126/1088/1161 2107/1088/1161
f 2107/1088/1161 2126/1088/1161 2127/1088/1162 2108/1088/1162
f 2108/1088/1162 2127/1088/1162 2128/1088/1163 2109/1088/1163
f 2109/1088/1163 2128/1088/1163 2129/1088/1164 2110/1088/1164
f 2110/1088/1164 2129/1088/1164 2130/1088/1165 2111/1088/1165
f 2111/1088/1165 2130/1088/1165 2131/1088/1166 2112/1088/1166
f 2112/1088/1166 2131/1088/1166 2132/1088/1167 2113/1088/1167
f 2113/1088/1167 2132/1088/1167 2133/1088/1168 2114/1088/1168
f 2114/1088/1168 2133/1088/1168 2134/1088/1169 2115/1088/1169
f 2115/1088/1169 2134/1088/1169 2135/1088/1170 2116/1088/1170
f 2116/1088/1170 2135/1088/1170 2136/1088/1171 2117/1088/1171
f 2117/1088/1171 2136/1088/1171 2137/1088/1176 2118/1088/1176
f 2118/1088/1176 2137/1088/1176 2138/1088/1173 2119/1088/1173
f 2119/1088/1173 2138/1088/1173 2139/1088/1174 2120/1088/1174
f 2120/1088/1174 2139/1088/1174 2140/1088/1175 2121/1088/1175
f 2121/1088/1175 2140/1088/1175 2122/1088/1157 2103/1088/1157
f 2141/1088/1157 2160/1088/1157 2161/1088/1158 2142/1088/1158
f 2142/1088/1158 2161/1088/1158 2162/1088/1159 2143/1088/1159
f 2143/1088/1159 2162/1088/1159 2163/1088/1160 2144/1088/1160
f 2144/1088/1160 2163/1088/1160 2164/1088/1161 2145/1088/1161
f 2145/1088/1161 2164/1088/1161 2165/1088/1162 2146/1088/1162
f 2146/1088/1162 2165/1088/1162 2166/1088/1163 2147/1088/1163
f 2147/1088/1163 2166/1088/1163 2167/1088/1164 2148/1088/1164
f 2148/1088/1164 2167/1088/1164 2168/1088/1165 2149/1088/1165
f 2149/1088/1165 2168/1088/1165 2169/1088/1166 2150/1088/1166
f 2150/1088/1166 2169/1088/1166 2170/1088/1167 2151/1088/1167
f 2151/1088/1167 2170/1088/1167 2171/1088/1168 2152/1088/1168
f 2152/1088/1168 2171/1088/1168 2172/1088/1169 2153/1088/1169
f 2153/1088/1169 2172/1088/1169 2173/1088/1170 2154/1088/1170
f 2154/1088/1170 2173/1088/1170 2174/1088/1171 2155/1088/1171
f 2155/1088/1171 2174/1088/1171 2175/1088/1176 2156/1088/1176
f 2156/1088/1176 2175/1088/1176 2176/1088/1173 2157/1088/1173
f 2157/1088/1173 2176/1088/1173 2177/1088/1174 2158/1088/1174
f 2158/1088/1174 2177/1088/1174 2178/1088/1175 2159/1088/1175
f 2159/1088/1175 2178/1088/1175 2160/1088/1157 2141/1088/1157
f 2179/1088/1157 2198/1088/1157 2199/1088/1158 2180/1088/1158
f 2180/1088/1158 2199/1088/1158 2200/1088/1159 2181/1088/1159
f 2181/1088/1159 2200/1088/1159 2201/1088/1160 2182/1088/1160
f 2182/1088/1160 2201/1088/1160 2202/1088/1161 2183/1088/1161
f 2183/1088/1161 2202/1088/1161 2203/1088/1162 2184/1088/1162
f 2184/1088/1162 2203/1088/1162 2204/1088/1163 2185/1088/1163
f 2185/1088/1163 2204/1088/1163 2205/1088/1164 2186/1088/1164
f 2186/1088/1164 2205/1088/1164 2206/1088/1165 2187/1088/1165
f 2187/1088/1165 2206/1088/1165 2207/1088/1166 2188/1088/1166
f 2188/1088/1166 2207/1088/1166 2208/1088/1167 2189/1088/1167
f 2189/1088/1167 2208/1088/1167 2209/1088/1168 2190/1088/1168
f 2190/1088/1168 2209/1088/1168 2210/1088/1169 2191/1088/1169
f 2191/1088/1169 2210/1088/1169 2211/1088/1170 2192/1088/1170
f 2192/1088/1170 2211/1088/1170 2212/1088/1171 2193/1088/1171
f 2193/1088/1171 2212/1088/1171 2213/1088/1176 2194/1088/1176
f 2194/1088/1176 2213/1088/1176 2214/1088/1173 2195/1088/1173
f 2195/1088/1173 2214/1088/1173 2215/1088/1174 2196/1088/1174
f 2196/1088/1174 2215/1088/1174 2216/1088/1175 2197/1088/1175
f 2197/1088/1175 2216/1088/1175 2198/1088/1157 2179/1088/1157
f 2217/1088/1157 2236/1088/1157 2237/1088/1158 2218/1088/1158
f 2218/1088/1158 2237/1088/1158 2238/1088/1159 2219/1088/1159
f 2219/1088/1159 2238/1088/1159 2239/1088/1160 2220/1088/1160
f 2220/1088/1160 2239/1088/1160 2240/1088/1161 2221/1088/1161
f 2221/1088/1161 2240/1088/1161 2241/1088/1162 2222/1088/1162
f 2222/1088/1162 2241/1088/1162 2242/1088/1163 2223/1088/1163
f 2223/1088/1163 2242/1088/1163 2243/1088/1164 2224/1088/1164
f 2224/1088/1164 2243/1088/1164 2244/1088/1165 2225/1088/1165
f 2225/1088/1165 2244/1088/1165 2245/1088/1166 2226/1088/1166
f 2226/1088/1166 2245/1088/1166 2246/1088/1167 2227/1088/1167
f 2227/1088/1167 2246/1088/1167 2247/1088/1168 2228/1088/1168
f 2228/1088/1168 2247/1088/1168 2248/1088/1169 2229/1088/1169
f 2229/1088/1169 2248/1088/1169 2249/1088/1170 2230/1088/1170
f 2230/1088/1170 2249/1088/1170 2250/1088/1171 2231/1088/1171
f 2231/1088/1171 2250/1088/1171 2251/1088/1176 2232/1088/1176
f 2232/1088/1176 2251/1088/1176 2252/1088/1173 2233/1088/1173
f 2233/1088/1173 2252/1088/1173 2253/1088/1174 2234/1088/1174
f 2234/1088/1174 2253/1088/1174 2254/1088/1175 2235/1088/1175
f 2235/1088/1175 2254/1088/1175 2236/1088/1157 2217/1088/1157
f 2255/1088/1157 2274/1088/1157 2275/1088/1158 2256/1088/1158
f 2256/1088/1158 2275/1088/1158 2276/1088/1159 2257/1088/1159
f 2257/1088/1159 2276/1088/1159 2277/1088/1160 2258/1088/1160
f 2258/1088/1160 2277/1088/1160 2278/1088/1161 2259/1088/1161
f 2259/1088/1161 2278/1088/1161 2279/1088/1162 2260/1088/1162
f 2260/1088/1162 2279/1088/1162 2280/1088/1163 2261/1088/1163
f 2261/1088/1163 2280/1088/1163 2281/1088/1164 2262/1088/1164
f 2262/1088/1164 2281/1088/1164 2282/1088/1165 2263/1088/1165
f 2263/1088/1165 2282/1088/1165 2283/1088/1166 2264/1088/1166
f 2264/1088/1166 2283/1088/1166 2284/1088/1167 2265/1088/1167
f 2265/1088/1167 2284/1088/1167 2285/1088/1168 2266/1088/1168
f 2266/1088/1168 2285/1088/1168 2286/1088/1169 2267/1088/1169
f 2267/1088/1169 2286/1088/1169 2287/1088/1170 2268/1088/1170
f 2268/1088/1170 2287/1088/1170 2288/1088/1171 2269/1088/1171
f 2269/1088/1171 2288/1088/1171 2289/1088/1176 2270/1088/1176
f 2270/1088/1176 2289/1088/1176 2290/1088/1173 2271/1088/1173
f 2271/1088/1173 2290/1088/1173 2291/1088/1174 2272/1088/1174
f 2272/1088/1174 2291/1088/1174 2292/1088/1175 2273/1088/1175
f 2273/1088/1175 2292/1088/1175 2274/1088/1157 2255/1088/1157
f 2293/1088/1157 2312/1088/1157 2313/1088/1158 2294/1088/1158
f 2294/1088/1158 2313/1088/1158 2314/1088/1159 2295/1088/1159
f 2295/1088/1159 2314/1088/1159 2315/1088/1160 2296/1088/1160
f 2296/1088/1160 2315/1088/1160 2316/1088/1161 2297/1088/1161
f 2297/1088/1161 2316/1088/1161 2317/1088/1162 2298/1088/1162
f 2298/1088/1162 2317/1088/1162 2318/1088/1163 2299/1088/1163
f 2299/1088/1163 2318/1088/1163 2319/1088/1164 2300/1088/1164
f 2300/1088/1164 2319/1088/1164 2320/1088/1165 2301/1088/1165
f 2301/1088/1165 2320/1088/1165 2321/1088/1166 2302/1088/1166
f 2302/1088/1166 2321/1088/1166 2322/1088/1167 2303/1088/1167
f 2303/1088/1167 2322/1088/1167 2323/1088/1168 2304/1088/1168
f 2304/1088/1168 2323/1088/1168 2324/1088/1169 2305/1088/1169
f 2305/1088/1169 2324/1088/1169 2325/1088/1170 2306/1088/1170
f 2306/1088/1170 2325/1088/1170 2326/1088/1171 2307/1088/1171
f 2307/1088/1171 2326/1088/1171 2327/1088/1176 2308/1088/1176
f 2308/1088/1176 2327/1088/1176 2328/1088/1173 2309/1088/1173
f 2309/1088/1173 2328/1088/1173 2329/1088/1174 2310/1088/1174
f 2310/1088/1174 2329/1088/1174 2330/1088/1175 2311/1088/1175
f 2311/1088/1175 2330/1088/1175 2312/1088/1157 2293/1088/1157
f 2331/1088/1157 2350/1088/1157 2351/1088/1158 2332/1088/1158
f 2332/1088/1158 2351/1088/1158 2352/1088/1159 2333/1088/1159
f 2333/1088/1159 2352/1088/1159 2353/1088/1160 2334/1088/1160
f 2334/1088/1160 2353/1088/1160 2354/1088/1161 2335/1088/1161
f 2335/1088/1161 2354/1088/1161 2355/1088/1162 2336/1088/1162
f 2336/1088/1162 2355/1088/1162 2356/1088/1163 2337/1088/1163
f 2337/1088/1163 2356/1088/1163 2357/1088/1164 2338/1088/1164
f 2338/1088/1164 2357/1088/1164 2358/1088/1165 2339/1088/1165
f 2339/1088/1165 2358/1088/1165 2359/1088/1166 2340/1088/1166
f 2340/1088/1166 2359/1088/1166 2360/1088/1167 2341/1088/1167
f 2341/1088/1167 2360/1088/1167 2361/1088/1168 2342/1088/1168
f 2342/1088/1168 2361/1088/1168 2362/1088/1169 2343/1088/1169
f 2343/1088/1169 2362/1088/1169 2363/1088/1170 2344/1088/1170
f 2344/1088/1170 2363/1088/1170 2364/1088/1171 2345/1088/1171
f 2345/1088/1171 2364/1088/1171 2365/1088/1176 2346/1088/1176
f 2346/1088/1176 2365/1088/1176 2366/1088/1173 2347/1088/1173
f 2347/1088/1173 2366/1088/1173 2367/1088/1174 2348/1088/1174
f 2348/1088/1174 2367/1088/1174 2368/1088/1175 2349/1088/1175
f 2349/1088/1175 2368/1088/1175 2350/1088/1157 2331/1088/1157
f 2369/1088/1157 2388/1088/1157 2389/1088/1158 2370/1088/1158
f 2370/1088/1158 2389/1088/1158 2390/1088/1159 2371/1088/1159
f 2371/1088/1159 2390/1088/1159 2391/1088/1160 2372/1088/1160
f 2372/1088/1160 2391/1088/1160 2392/1088/1161 2373/1088/1161
f 2373/1088/1161 2392/1088/1161 2393/1088/1162 2374/1088/1162
f 2374/1088/1162 2393/1088/1162 2394/1088/1163 2375/1088/1163
f 2375/1088/1163 2394/1088/1163 2395/1088/1164 2376/1088/1164
f 2376/1088/1164 2395/1088/1164 2396/1088/1165 2377/1088/1165
f 2377/1088/1165 2396/1088/1165 2397/1088/1166 2378/1088/1166
f 2378/1088/1166 2397/1088/1166 2398/1088/1167 2379/1088/1167
f 2379/1088/1167 2398/1088/1167 2399/1088/1168 2380/1088/1168
f 2380/1088/1168 2399/1088/1168 2400/1088/1169 2381/1088/1169
f 2381/1088/1169 2400/1088/1169 2401/1088/1170 2382/1088/1170
f 2382/1088/1170 2401/1088/1170 2402/1088/1171 2383/1088/1171
f 2383/1088/1171 2402/1088/1171 2403/1088/1176 2384/1088/1176
f 2384/1088/1176 2403/1088/1176 2404/1088/1173 2385/1088/1173
f 2385/1088/1173 2404/1088/1173 2405/1088/1174 2386/1088/1174
f 2386/1088/1174 2405/1088/1174 2406/1088/1175 2387/1088/1175
f 2387/1088/1175 2406/1088/1175 2388/1088/1157 2369/1088/1157
f 2407/1088/1157 2426/1088/1157 2427/1088/1158 2408/1088/1158
f 2408/1088/1158 2427/1088/1158 2428/1088/1159 2409/1088/1159
f 2409/1088/1159 2428/1088/1159 2429/1088/1160 2410/1088/1160
f 2410/1088/1160 2429/1088/1160 2430/1088/1161 2411/1088/1161
f 2411/1088/1161 2430/1088/1161 2431/1088/1162 2412/1088/1162
f 2412/1088/1162 2431/1088/1162 2432/1088/1163 2413/1088/1163
f 2413/1088/1163 2432/1088/1163 2433/1088/1164 2414/1088/1164
f 2414/1088/1164 2433/1088/1164 2434/1088/1165 2415/1088/1165
f 2415/1088/1165 2434/1088/1165 2435/1088/1166 2416/1088/1166
f 2416/1088/1166 2435/1088/1166 2436/1088/1167 2417/1088/1167
f 2417/1088/1167 2436/1088/1167 2437/1088/1168 2418/1088/1168
f 2418/1088/1168 2437/1088/1168 2438/1088/1169 2419/1088/1169
f 2419/1088/1169 2438/1088/1169 2439/1088/1170 2420/1088/1170
f 2420/1088/1170 2439/1088/1170 2440/1088/1171 2421/1088/1171
f 2421/1088/1171 2440/1088/1171 2441/1088/1176 2422/1088/1176
f 2422/1088/1176 2441/1088/1176 2442/1088/1173 2423/1088/1173
f 2423/1088/1173 2442/1088/1173 2443/1088/1174 2424/1088/1174
f 2424/1088/1174 2443/1088/1174 2444/1088/1175 2425/1088/1175
f 2425/1088/1175 2444/1088/1175 2426/1088/1157 2407/1088/1157
f 2445/1088/1157 2464/1088/1157 2465/1088/1158 2446/1088/1158
f 2446/1088/1158 2465/1088/1158 2466/1088/1159 2447/1088/1159
f 2447/1088/1159 2466/1088/1159 2467/1088/1160 2448/1088/1160
f 2448/1088/1160 2467/1088/1160 2468/1088/1161 2449/1088/1161
f 2449/1088/1161 2468/1088/1161 2469/1088/1162 2450/1088/1162
f 2450/1088/1162 2469/1088/1162 2470/1088/1163 2451/1088/1163
f 2451/1088/1163 2470/1088/1163 2471/1088/1164 2452/1088/1164
f 2452/1088/1164 2471/1088/1164 2472/1088/1165 2453/1088/1165
f 2453/1088/1165 2472/1088/1165 2473/1088/1166 2454/1088/1166
f 2454/1088/1166 2473/1088/1166 2474/1088/1167 2455/1088/1167
f 2455/1088/1167 2474/1088/1167 2475/1088/1168 2456/1088/1168
f 2456/1088/1168 2475/1088/1168 2476/1088/1169 2457/1088/1169
f 2457/1088/1169 2476/1088/1169 2477/1088/1170 2458/1088/1170
f 2458/1088/1170 2477/1088/1170 2478/1088/1171 2459/1088/1171
f 2459/1088/1171 2478/1088/1171 2479/1088/1176 2460/1088/1176
f 2460/1088/1176 2479/1088/1176 2480/1088/1173 2461/1088/1173
f 2461/1088/1173 2480/1088/1173 2481/1088/1174 2462/1088/1174
f 2462/1088/1174 2481/1088/1174 2482/1088/1175 2463/1088/1175
f 2463/1088/1175 2482/1088/1175 2464/1088/1157 2445/1088/1157
f 2483/1088/1157 2502/1088/1157 2503/1088/1158 2484/1088/1158
f 2484/1088/1158 2503/1088/1158 2504/1088/1159 2485/1088/1159
f 2485/1088/1159 2504/1088/1159 2505/1088/1160 2486/1088/1160
f 2486/1088/1160 2505/1088/1160 2506/1088/1161 2487/1088/1161
f 2487/1088/1161 2506/1088/1161 2507/1088/1162 2488/1088/1162
f 2488/1088/1162 2507/1088/1162 2508/1088/1163 2489/1088/1163
f 2489/1088/1163 2508/1088/1163 2509/1088/1164 2490/1088/1164
f 2490/1088/1164 2509/1088/1164 2510/1088/1165 2491/1088/1165
f 2491/1088/1165 2510/1088/1165 2511/1088/1166 2492/1088/1166
f 2492/1088/1166 2511/1088/1166 2512/1088/1167 2493/1088/1167
f 2493/1088/1167 2512/1088/1167 2513/1088/1168 2494/1088/1168
f 2494/1088/1168 2513/1088/1168 2514/1088/1169 2495/1088/1169
f 2495/1088/1169 2514/1088/1169 2515/1088/1170 2496/1088/1170
f 2496/1088/1170 2515/1088/1170 2516/1088/1171 2497/1088/1171
f 2497/1088/1171 2516/1088/1171 2517/1088/1176 2498/1088/1176
f 2498/1088/1176 2517/1088/1176 2518/1088/1173 2499/1088/1173
f 2499/1088/1173 2518/1088/1173 2519/1088/1174 2500/1088/1174
f 2500/1088/1174 2519/1088/1174 2520/1088/1175 2501/1088/1175
f 2501/1088/1175 2520/1088/1175 2502/1088/1157 2483/1088/1157
f 2521/1088/1157 2540/1088/1157 2541/1088/1158 2522/1088/1158
f 2522/1088/1158 2541/1088/1158 2542/1088/1159 2523/1088/1159
f 2523/1088/1159 2542/1088/1159 2543/1088/1160 2524/1088/1160
f 2524/1088/1160 2543/1088/1160 2544/1088/1161 2525/1088/1161
f 2525/1088/1161 2544/1088/1161 2545/1088/1162 2526/1088/1162
f 2526/1088/1162 2545/1088/1162 2546/1088/1163 2527/1088/1163
f 2527/1088/1163 2546/1088/1163 2547/1088/1164 2528/1088/1164
f 2528/1088/1164 2547/1088/1164 2548/1088/1165 2529/1088/1165
f 2529/1088/1165 2548/1088/1165 2549/1088/1166 2530/1088/1166
f 2530/1088/1166 2549/1088/1166 2550/1088/1167 2531/1088/1167
f 2531/1088/1167 2550/1088/1167 2551/1088/1168 2532/1088/1168
f 2532/1088/1168 2551/1088/1168 2552/1088/1169 2533/1088/1169
f 2533/1088/1169 2552/1088/1169 2553/1088/1170 2534/1088/1170
f 2534/1088/1170 2553/1088/1170 2554/1088/1171 2535/1088/1171
f 2535/1088/1171 2554/1088/1171 2555/1088/1176 2536/1088/1176
f 2536/1088/1176 2555/1088/1176 2556/1088/1173 2537/1088/1173
f 2537/1088/1173 2556/1088/1173 2557/1088/1174 2538/1088/1174
f 2538/1088/1174 2557/1088/1174 2558/1088/1175 2539/1088/1175
f 2539/1088/1175 2558/1088/1175 2540/1088/1157 2521/1088/1157
f 2559/1088/1157 2578/1088/1157 2579/1088/1158 2560/1088/1158
f 2560/1088/1158 2579/1088/1158 2580/1088/1159 2561/1088/1159
f 2561/1088/1159 2580/1088/1159 2581/1088/1160 2562/1088/1160
f 2562/1088/1160 2581/1088/1160 2582/1088/1161 2563/1088/1161
f 2563/1088/1161 2582/1088/1161 2583/1088/1162 2564/1088/1162
f 2564/1088/1162 2583/1088/1162 2584/1088/1163 2565/1088/1163
f 2565/1088/1163 2584/1088/1163 2585/1088/1164 2566/1088/1164
f 2566/1088/1164 2585/1088/1164 2586/1088/1165 2567/1088/1165
f 2567/1088/1165 2586/1088/1165 2587/1088/1166 2568/1088/1166
f 2568/1088/1166 2587/1088/1166 2588/1088/1167 2569/1088/1167
f 2569/1088/1167 2588/1088/1167 2589/1088/1168 2570/1088/1168
f 2570/1088/1168 2589/1088/1168 2590/1088/1169 2571/1088/1169
f 2571/1088/1169 2590/1088/1169 2591/1088/1170 2572/1088/1170
f 2572/1088/1170 2591/1088/1170 2592/1088/1171 2573/1088/1171
f 2573/1088/1171 2592/1088/1171 2593/1088/1176 2574/1088/1176
f 2574/1088/1176 2593/1088/1176 2594/1088/1173 2575/1088/1173
f 2575/1088/1173 2594/1088/1173 2595/1088/1174 2576/1088/1174
f 2576/1088/1174 2595/1088/1174 2596/1088/1175 2577/1088/1175
f 2577/1088/1175 2596/1088/1175 2578/1088/1157 2559/1088/1157
f 2597/1088/1157 2616/1088/1157 2617/1088/1158 2598/1088/1158
f 2598/1088/1158 2617/1088/1158 2618/1088/1159 2599/1088/1159
f 2599/1088/1159 2618/1088/1159 2619/1088/1160 2600/1088/1160
f 2600/1088/1160 2619/1088/1160 2620/1088/1161 2601/1088/1161
f 2601/1088/1161 2620/1088/1161 2621/1088/1162 2602/1088/1162
f 2602/1088/1162 2621/1088/1162 2622/1088/1163 2603/1088/1163
f 2603/1088/1163 2622/1088/1163 2623/1088/1164 2604/1088/1164
f 2604/1088/1164 2623/1088/1164 2624/1088/1165 2605/1088/1165
f 2605/1088/1165 2624/1088/1165 2625/1088/1166 2606/1088/1166
f 2606/1088/1166 2625/1088/1166 2626/1088/1167 2607/1088/1167
f 2607/1088/1167 2626/1088/1167 2627/1088/1168 2608/1088/1168
f 2608/1088/1168 2627/1088/1168 2628/1088/1169 2609/1088/1169
f 2609/1088/1169 2628/1088/1169 2629/1088/1170 2610/1088/1170
f 2610/1088/1170 2629/1088/1170 2630/1088/1171 2611/1088/1171
f 2611/1088/1171 2630/1088/1171 2631/1088/1176 2612/1088/1176
f 2612/1088/1176 2631/1088/1176 2632/1088/1173 2613/1088/1173
f 2613/1088/1173 2632/1088/1173 2633/1088/1174 2614/1088/1174
f 2614/1088/1174 2633/1088/1174 2634/1088/1175 2615/1088/1175
f 2615/1088/1175 2634/1088/1175 2616/1088/1157 2597/1088/1157
f 2635/1088/1157 2654/1088/1157 2655/1088/1158 2636/1088/1158
f 2636/1088/1158 2655/1088/1158 2656/1088/1159 2637/1088/1159
f 2637/1088/1159 2656/1088/1159 2657/1088/1160 2638/1088/1160
f 2638/1088/1160 2657/1088/1160 2658/1088/1161 2639/1088/1161
f 2639/1088/1161 2658/1088/1161 2659/1088/1162 2640/1088/1162
f 2640/1088/1162 2659/1088/1162 2660/1088/1163 2641/1088/1163
f 2641/1088/1163 2660/1088/1163 2661/1088/1164 2642/1088/1164
f 2642/1088/1164 2661/1088/1164 2662/1088/1165 2643/1088/1165
f 2643/1088/1165 2662/1088/1165 2663/1088/1166 2644/1088/1166
f 2644/1088/1166 2663/1088/1166 2664/1088/1167 2645/1088/1167
f 2645/1088/1167 2664/1088/1167 2665/1088/1168 2646/1088/1168
f 2646/1088/1168 2665/1088/1168 2666/1088/1169 2647/1088/1169
f 2647/1088/1169 2666/1088/1169 2667/1088/1170 2648/1088/1170
f 2648/1088/1170 2667/1088/1170 2668/1088/1171 2649/1088/1171
f 2649/1088/1171 2668/1088/1171 2669/1088/1176 2650/1088/1176
f 2650/1088/1176 2669/1088/1176 2670/1088/1173 2651/1088/1173
f 2651/1088/1173 2670/1088/1173 2671/1088/1174 2652/1088/1174
f 2652/1088/1174 2671/1088/1174 2672/1088/1175 2653/1088/1175
f 2653/1088/1175 2672/1088/1175 2654/1088/1157 2635/1088/1157
f 2673/1088/1157 2692/1088/1157 2693/1088/1158 2674/1088/1158
f 2674/1088/1158 2693/1088/1158 2694/1088/1159 2675/1088/1159
f 2675/1088/1159 2694/1088/1159 2695/1088/1160 2676/1088/1160
f 2676/1088/1160 2695/1088/1160 2696/1088/1161 2677/1088/1161
f 2677/1088/1161 2696/1088/1161 2697/1088/1162 2678/1088/1162
f 2678/1088/1162 2697/1088/1162 2698/1088/1163 2679/1088/1163
f 2679/1088/1163 2698/1088/1163 2699/1088/1164 2680/1088/1164
f 2680/1088/1164 2699/1088/1164 2700/1088/1165 2681/1088/1165
f 2681/1088/1165 2700/1088/1165 2701/1088/1166 2682/1088/1166
f 2682/1088/1166 2701/1088/1166 2702/1088/1167 2683/1088/1167
f 2683/1088/1167 2702/1088/1167 2703/1088/1168 2684/1088/1168
f 2684/1088/1168 2703/1088/1168 2704/1088/1169 2685/1088/1169
f 2685/1088/1169 2704/1088/1169 2705/1088/1170 2686/1088/1170
f 2686/1088/1170 2705/1088/1170 2706/1088/1171 2687/1088/1171
f 2687/1088/1171 2706/1088/1171 2707/1088/1176 2688/1088/1176
f 2688/1088/1176 2707/1088/1176 2708/1088/1173 2689/1088/1173
f 2689/1088/1173 2708/1088/1173 2709/1088/1174 2690/1088/1174
f 2690/1088/1174 2709/1088/1174 2710/1088/1175 2691/1088/1175
f 2691/1088/1175 2710/1088/1175 2692/1088/1157 2673/1088/1157
f 2711/1088/1157 2730/1088/1157 2731/1088/1158 2712/1088/1158
f 2712/1088/1158 2731/1088/1158 2732/1088/1159 2713/1088/1159
f 2713/1088/1159 2732/1088/1159 2733/1088/1160 2714/1088/1160
f 2714/1088/1160 2733/1088/1160 2734/1088/1161 2715/1088/1161
f 2715/1088/1161 2734/1088/1161 2735/1088/1162 2716/1088/1162
f 2716/1088/1162 2735/1088/1162 2736/1088/1163 2717/1088/1163
f 2717/1088/1163 2736/1088/1163 2737/1088/1164 2718/1088/1164
f 2718/1088/1164 2737/1088/1164 2738/1088/1165 2719/1088/1165
f 2719/1088/1165 2738/1088/1165 2739/1088/1166 2720/1088/1166
f 2720/1088/1166 2739/1088/1166 2740/1088/1167 2721/1088/1167
f 2721/1088/1167 2740/1088/1167 2741/1088/1168 2722/1088/1168
f 2722/1088/1168 2741/1088/1168 2742/1088/1169 2723/1088/1169
f 2723/1088/1169 2742/1088/1169 2743/1088/1170 2724/1088/1170
f 2724/1088/1170 2743/1088/1170 2744/1088/1171 2725/1088/1171
f 2725/1088/1171 2744/1088/1171 2745/1088/1176 2726/1088/1176
f 2726/1088/1176 2745/1088/1176 2746/1088/1173 2727/1088/1173
f 2727/1088/1173 2746/1088/1173 2747/1088/1174 2728/1088/1174
f 2728/1088/1174 2747/1088/1174 2748/1088/1175 2729/1088/1175
f 2729/1088/1175 2748/1088/1175 2730/1088/1157 2711/1088/1157
f 2749/1088/1157 2768/1088/1157 2769/1088/1158 2750/1088/1158
f 2750/1088/1158 2769/1088/1158 2770/1088/1159 2751/1088/1159
f 2751/1088/1159 2770/1088/1159 2771/1088/1160 2752/1088/1160
f 2752/1088/1160 2771/1088/1160 2772/1088/1161 2753/1088/1161
f 2753/1088/1161 2772/1088/1161 2773/1088/1162 2754/1088/1162
f 2754/1088/1162 2773/1088/1162 2774/1088/1163 2755/1088/1163
f 2755/1088/1163 2774/1088/1163 2775/1088/1164 2756/1088/1164
f 2756/1088/1164 2775/1088/1164 2776/1088/1165 2757/1088/1165
f 2757/1088/1165 2776/1088/1165 2777/1088/1166 2758/1088/1166
f 2758/1088/1166 2777/1088/1166 2778/1088/1167 2759/1088/1167
f 2759/1088/1167 2778/1088/1167 2779/1088/1168 2760/1088/1168
f 2760/1088/1168 2779/1088/1168 2780/1088/1169 2761/1088/1169
f 2761/1088/1169 2780/1088/1169 2781/1088/1170 2762/1088/1170
f 2762/1088/1170 2781/1088/1170 2782/1088/1171 2763/1088/1171
f 2763/1088/1171 2782/1088/1171 2783/1088/1176 2764/1088/1176
f 2764/1088/1176 2783/1088/1176 2784/1088/1173 2765/1088/1173
f 2765/1088/1173 2784/1088/1173 2785/1088/1174 2766/1088/1174
f 2766/1088/1174 2785/1088/1174 2786/1088/1175 2767/1088/1175
f 2767/1088/1175 2786/1088/1175 2768/1088/1157 2749/1088/1157
f 2787/1088/1157 2806/1088/1157 2807/1088/1158 2788/1088/1158
f 2788/1088/1158 2807/1088/1158 2808/1088/1159 2789/1088/1159
f 2789/1088/1159 2808/1088/1159 2809/1088/1160 2790/1088/1160
f 2790/1088/1160 2809/1088/1160 2810/1088/1161 2791/1088/1161
f 2791/1088/1161 2810/1088/1161 2811/1088/1162 2792/1088/1162
f 2792/1088/1162 2811/1088/1162 2812/1088/1163 2793/1088/1163
f 2793/1088/1163 2812/1088/1163 2813/1088/1164 2794/1088/1164
f 2794/1088/1164 2813/1088/1164 2814/1088/1165 2795/1088/1165
f 2795/1088/1165 2814/1088/1165 2815/1088/1166 2796/1088/1166
f 2796/1088/1166 2815/1088/1166 2816/1088/1167 2797/1088/1167
f 2797/1088/1167 2816/1088/1167 2817/1088/1168 2798/1088/1168
f 2798/1088/1168 2817/1088/1168 2818/1088/1169 2799/1088/1169
f 2799/1088/1169 2818/1088/1169 2819/1088/1170 2800/1088/1170
f 2800/1088/1170 2819/1088/1170 2820/1088/1171 2801/1088/1171
f 2801/1088/1171 2820/1088/1171 2821/1088/1176 2802/1088/1176
f 2802/1088/1176 2821/1088/1176 2822/1088/1173 2803/1088/1173
f 2803/1088/1173 2822/1088/1173 2823/1088/1174 2804/1088/1174
f 2804/1088/1174 2823/1088/1174 2824/1088/1175 2805/1088/1175
f 2805/1088/1175 2824/1088/1175 2806/1088/1157 2787/1088/1157
f 2825/1088/1157 2844/1088/1157 2845/1088/1158 2826/1088/1158
f 2826/1088/1158 2845/1088/1158 2846/1088/1159 2827/1088/1159
f 2827/1088/1159 2846/1088/1159 2847/1088/1160 2828/1088/1160
f 2828/1088/1160 2847/1088/1160 2848/1088/1161 2829/1088/1161
f 2829/1088/1161 2848/1088/1161 2849/1088/1162 2830/1088/1162
f 2830/1088/1162 2849/1088/1162 2850/1088/1163 2831/1088/1163
f 2831/1088/1163 2850/1088/1163 2851/1088/1164 2832/1088/1164
f 2832/1088/1164 2851/1088/1164 2852/1088/1165 2833/1088/1165
f 2833/1088/1165 2852/1088/1165 2853/1088/1166 2834/1088/1166
f 2834/1088/1166 2853/1088/1166 2854/1088/1167 2835/1088/1167
f 2835/1088/1167 2854/1088/1167 2855/1088/1168 2836/1088/1168
f 2836/1088/1168 2855/1088/1168 2856/1088/1169 2837/1088/1169
f 2837/1088/1169 2856/1088/1169 2857/1088/1170 2838/1088/1170
f 2838/1088/1170 2857/1088/1170 2858/1088/1171 2839/1088/1171
f 2839/1088/1171 2858/1088/1171 2859/1088/1176 2840/1088/1176
f 2840/1088/1176 2859/1088/1176 2860/1088/1173 2841/1088/1173
f 2841/1088/1173 2860/1088/1173 2861/1088/1174 2842/1088/1174
f 2842/1088/1174 2861/1088/1174 2862/1088/1175 2843/1088/1175
f 2843/1088/1175 2862/1088/1175 2844/1088/1157 2825/1088/1157
f 2863/1088/1157 2882/1088/1157 2883/1088/1158 2864/1088/1158
f 2864/1088/1158 2883/1088/1158 2884/1088/1159 2865/1088/1159
f 2865/1088/1159 2884/1088/1159 2885/1088/1160 2866/1088/1160
f 2866/1088/1160 2885/1088/1160 2886/1088/1161 2867/1088/1161
f 2867/1088/1161 2886/1088/1161 2887/1088/1162 2868/1088/1162
f 2868/1088/1162 2887/1088/1162 2888/1088/1163 2869/1088/1163
f 2869/1088/1163 2888/1088/1163 2889/1088/1164 2870/1088/1164
f 2870/1088/1164 2889/1088/1164 2890/1088/1165 2871/1088/1165
f 2871/1088/1165 2890/1088/1165 2891/1088/1166 2872/1088/1166
f 2872/1088/1166 2891/1088/1166 2892/1088/1167 2873/1088/1167
f 2873/1088/1167 2892/1088/1167 2893/1088/1168 2874/1088/1168
f 2874/1088/1168 2893/1088/1168 2894/1088/1169 2875/1088/1169
f 2875/1088/1169 2894/1088/1169 2895/1088/1170 2876/1088/1170
f 2876/1088/1170 2895/1088/1170 2896/1088/1171 2877/1088/1171
f 2877/1088/1171 2896/1088/1171 2897/1088/1176 2878/1088/1176
f 2878/1088/1176 2897/1088/1176 2898/1088/1173 2879/1088/1173
f 2879/1088/1173 2898/1088/1173 2899/1088/1174 2880/1088/1174
f 2880/1088/1174 2899/1088/1174 2900/1088/1175 2881/1088/1175
f 2881/1088/1175 2900/1088/1175 2882/1088/1157 2863/1088/1157
f 2901/1088/1157 2920/1088/1157 2921/1088/1158 2902/1088/1158
f 2902/1088/1158 2921/1088/1158 2922/1088/1159 2903/1088/1159
f 2903/1088/1159 2922/1088/1159 2923/1088/1160 2904/1088/1160
f 2904/1088/1160 2923/1088/1160 2924/1088/1161 2905/1088/1161
f 2905/1088/1161 2924/1088/1161 2925/1088/1162 2906/1088/1162
f 2906/1088/1162 2925/1088/1162 2926/1088/1163 2907/1088/1163
f 2907/1088/1163 2926/1088/1163 2927/1088/1164 2908/1088/1164
f 2908/1088/1164 2927/1088/1164 2928/1088/1165 2909/1088/1165
f 2909/1088/1165 2928/1088/1165 2929/1088/1166 2910/1088/1166
f 2910/1088/1166 2929/1088/1166 2930/1088/1167 2911/1088/1167
f 2911/1088/1167 2930/1088/1167 2931/1088/1168 2912/1088/1168
f 2912/1088/1168 2931/1088/1168 2932/1088/1169 2913/1088/1169
f 2913/1088/1169 2932/1088/1169 2933/1088/1170 2914/1088/1170
f 2914/1088/1170 2933/1088/1170 2934/1088/1171 2915/1088/1171
f 2915/1088/1171 2934/1088/1171 2935/1088/1176 2916/1088/1176
f 2916/1088/1176 2935/1088/1176 2936/1088/1173 2917/1088/1173
f 2917/1088/1173 2936/1088/1173 2937/1088/1174 2918/1088/1174
f 2918/1088/1174 2937/1088/1174 2938/1088/1175 2919/1088/1175
f 2919/1088/1175 2938/1088/1175 2920/1088/1157 2901/1088/1157
f 2939/1088/1157 2958/1088/1157 2959/1088/1158 2940/1088/1158
f 2940/1088/1158 2959/1088/1158 2960/1088/1159 2941/1088/1159
f 2941/1088/1159 2960/1088/1159 2961/1088/1160 2942/1088/1160
f 2942/1088/1160 2961/1088/1160 2962/1088/1161 2943/1088/1161
f 2943/1088/1161 2962/1088/1161 2963/1088/1162 2944/1088/1162
f 2944/1088/1162 2963/1088/1162 2964/1088/1163 2945/1088/1163
f 2945/1088/1163 2964/1088/1163 2965/1088/1164 2946/1088/1164
f 2946/1088/1164 2965/1088/1164 2966/1088/1165 2947/1088/1165
f 2947/1088/1165 2966/1088/1165 2967/1088/1166 2948/1088/1166
f 2948/1088/1166 2967/1088/1166 2968/1088/1167 2949/1088/1167
f 2949/1088/1167 2968/1088/1167 2969/1088/1168 2950/1088/1168
f 2950/1088/1168 2969/1088/1168 2970/1088/1169 2951/1088/1169
f 2951/1088/1169 2970/1088/1169 2971/1088/1170 2952/1088/1170
f 2952/1088/1170 2971/1088/1170 2972/1088/1171 2953/1088/1171
f 2953/1088/1171 2972/1088/1171 2973/1088/1176 2954/1088/1176
f 2954/1088/1176 2973/1088/1176 2974/1088/1173 2955/1088/1173
f 2955/1088/1173 2974/1088/1173 2975/1088/1174 2956/1088/1174
f 2956/1088/1174 2975/1088/1174 2976/1088/1175 2957/1088/1175
f 2957/1088/1175 2976/1088/1175 2958/1088/1157 2939/1088/1157
f 2977/1088/1157 2996/1088/1157 2997/1088/1158 2978/1088/1158
f 2978/1088/1158 2997/1088/1158 2998/1088/1159 2979/1088/1159
f 2979/1088/1159 2998/1088/1159 2999/1088/1160 2980/1088/1160
f 2980/1088/1160 2999/1088/1160 3000/1088/1161 2981/1088/1161
f 2981/1088/1161 3000/1088/1161 3001/1088/1162 2982/1088/1162
f 2982/1088/1162 3001/1088/1162 3002/1088/1163 2983/1088/1163
f 2983/1088/1163 3002/1088/1163 3003/1088/1164 2984/1088/1164
f 2984/1088/1164 3003/1088/1164 3004/1088/1165 2985/1088/1165
f 2985/1088/1165 3004/1088/1165 3005/1088/1166 2986/1088/1166
f 2986/1088/1166 3005/1088/1166 3006/1088/1167 2987/1088/1167
f 2987/1088/1167 3006/1088/1167 3007/1088/1168 2988/1088/1168
f 2988/1088/1168 3007/1088/1168 3008/1088/1169 2989/1088/1169
f 2989/1088/1169 3008/1088/1169 3009/1088/1170 2990/1088/1170
f 2990/1088/1170 3009/1088/1170 3010/1088/1171 2991/1088/1171
f 2991/1088/1171 3010/1088/1171 3011/1088/1176 2992/1088/1176
f 2992/1088/1176 3011/1088/1176 3012/1088/1173 2993/1088/1173
f 2993/1088/1173 3012/1088/1173 3013/1088/1174 2994/1088/1174
f 2994/1088/1174 3013/1088/1174 3014/1088/1175 2995/1088/1175
f 2995/1088/1175 3014/1088/1175 2996/1088/1157 2977/1088/1157
f 3015/1088/1157 3034/1088/1157 3035/1088/1158 3016/1088/1158
f 3016/1088/1158 3035/1088/1158 3036/1088/1159 3017/1088/1159
f 3017/1088/1159 3036/1088/1159 3037/1088/1160 3018/1088/1160
f 3018/1088/1160 3037/1088/1160 3038/1088/1161 3019/1088/1161
f 3019/1088/1161 3038/1088/1161 3039/1088/1162 3020/1088/1162
f 3020/1088/1162 3039/1088/1162 3040/1088/1163 3021/1088/1163
f 3021/1088/1163 3040/1088/1163 3041/1088/1164 3022/1088/1164
f 3022/1088/1164 3041/1088/1164 3042/1088/1165 3023/1088/1165
f 3023/1088/1165 3042/1088/1165 3043/1088/1166 3024/1088/1166
f 3024/1088/1166 3043/1088/1166 3044/1088/1167 3025/1088/1167
f 3025/1088/1167 3044/1088/1167 3045/1088/1168 3026/1088/1168
f 3026/1088/1168 3045/1088/1168 3046/1088/1169 3027/1088/1169
f 3027/1088/1169 3046/1088/1169 3047/1088/1170 3028/1088/1170
f 3028/1088/1170 3047/1088/1170 3048/1088/1171 3029/1088/1171
f 3029/1088/1171 3048/1088/1171 3049/1088/1172 3030/1088/1172
f 3030/1088/1172 3049/1088/1172 3050/1088/1173 3031/1088/1173
f 3031/1088/1173 3050/1088/1173 3051/1088/1174 3032/1088/1174
f 3032/1088/1174 3051/1088/1174 3052/1088/1175 3033/1088/1175
f 3033/1088/1175 3052/1088/1175 3034/1088/1157 3015/1088/1157
f 3053/1088/1157 3072/1088/1157 3073/1088/1158 3054/1088/1158
f 3054/1088/1158 3073/1088/1158 3074/1088/1159 3055/1088/1159
f 3055/1088/1159 3074/1088/1159 3075/1088/1160 3056/1088/1160
f 3056/1088/1160 3075/1088/1160 3076/1088/1161 3057/1088/1161
f 3057/1088/1161 3076/1088/1161 3077/1088/1162 3058/1088/1162
f 3058/1088/1162 3077/1088/1162 3078/1088/1163 3059/1088/1163
f 3059/1088/1163 3078/1088/1163 3079/1088/1164 3060/1088/1164
f 3060/1088/1164 3079/1088/1164 3080/1088/1165 3061/1088/1165
f 3061/1088/1165 3080/1088/1165 3081/1088/1166 3062/1088/1166
f 3062/1088/1166 3081/1088/1166 3082/1088/1167 3063/1088/1167
f 3063/1088/1167 3082/1088/1167 3083/1088/1168 3064/1088/1168
f 3064/1088/1168 3083/1088/1168 3084/1088/1169 3065/1088/1169
f 3065/1088/1169 3084/1088/1169 3085/1088/1170 3066/1088/1170
f 3066/1088/1170 3085/1088/1170 3086/1088/1171 3067/1088/1171
f 3067/1088/1171 3086/1088/1171 3087/1088/1176 3068/1088/1176
f 3068/1088/1176 3087/1088/1176 3088/1088/1173 3069/1088/1173
f 3069/1088/1173 3088/1088/1173 3089/1088/1174 3070/1088/1174
f 3070/1088/1174 3089/1088/1174 3090/1088/1175 3071/1088/1175
f 3071/1088/1175 3090/1088/1175 3072/1088/1157 3053/1088/1157
f 3091/1088/1157 3110/1088/1157 3111/1088/1158 3092/1088/1158
f 3092/1088/1158 3111/1088/1158 3112/1088/1159 3093/1088/1159
f 3093/1088/1159 3112/1088/1159 3113/1088/1160 3094/1088/1160
f 3094/1088/1160 3113/1088/1160 3114/1088/1161 3095/1088/1161
f 3095/1088/1161 3114/1088/1161 3115/1088/1162 3096/1088/1162
f 3096/1088/1162 3115/1088/1162 3116/1088/1163 3097/1088/1163
f 3097/1088/1163 3116/1088/1163 3117/1088/1164 3098/1088/1164
f 3098/1088/1164 3117/1088/1164 3118/1088/1165 3099/1088/1165
f 3099/1088/1165 3118/1088/1165 3119/1088/1166 3100/1088/1166
f 3100/1088/1166 3119/1088/1166 3120/1088/1167 3101/1088/1167
f 3101/1088/1167 3120/1088/1167 3121/1088/1168 3102/1088/1168
f 3102/1088/1168 3121/1088/1168 3122/1088/1169 3103/1088/1169
f 3103/1088/1169 3122/1088/1169 3123/1088/1170 3104/1088/1170
f 3104/1088/1170 3123/1088/1170 3124/1088/1171 3105/1088/1171
f 3105/1088/1171 3124/1088/1171 3125/1088/1176 3106/1088/1176
f 3106/1088/1176 3125/1088/1176 3126/1088/1173 3107/1088/1173
f 3107/1088/1173 3126/1088/1173 3127/1088/1174 3108/1088/1174
f 3108/1088/1174 3127/1088/1174 3128/1088/1175 3109/1088/1175
f 3109/1088/1175 3128/1088/1175 3110/1088/1157 3091/1088/1157
f 3129/1088/1157 3148/1088/1157 3149/1088/1158 3130/1088/1158
f 3130/1088/1158 3149/1088/1158 3150/1088/1159 3131/1088/1159
f 3131/1088/1159 3150/1088/1159 3151/1088/1160 3132/1088/1160
f 3132/1088/1160 3151/1088/1160 3152/1088/1161 3133/1088/1161
f 3133/1088/1161 3152/1088/1161 3153/1088/1162 3134/1088/1162
f 3134/1088/1162 3153/1088/1162 3154/1088/1163 3135/1088/1163
f 3135/1088/1163 3154/1088/1163 3155/1088/1164 3136/1088/1164
f 3136/1088/1164 3155/1088/1164 3156/1088/1165 3137/1088/1165
f 3137/1088/1165 3156/1088/1165 3157/1088/1166 3138/1088/1166
f 3138/1088/1166 3157/1088/1166 3158/1088/1167 3139/1088/1167
f 3139/1088/1167 3158/1088/1167 3159/1088/1168 3140/1088/1168
f 3140/1088/1168 3159/1088/1168 3160/1088/1169 3141/1088/1169
f 3141/1088/1169 3160/1088/1169 3161/1088/1170 3142/1088/1170
f 3142/1088/1170 3161/1088/1170 3162/1088/1171 3143/1088/1171
f 3143/1088/1171 3162/1088/1171 3163/1088/1176 3144/1088/1176
f 3144/1088/1176 3163/1088/1176 3164/1088/1173 3145/1088/1173
f 3145/1088/1173 3164/1088/1173 3165/1088/1174 3146/1088/1174
f 3146/1088/1174 3165/1088/1174 3166/1088/1175 3147/1088/1175
f 3147/1088/1175 3166/1088/1175 3148/1088/1157 3129/1088/1157
f 3167/1088/1157 3186/1088/1157 3187/1088/1158 3168/1088/1158
f 3168/1088/1158 3187/1088/1158 3188/1088/1159 3169/1088/1159
f 3169/1088/1159 3188/1088/1159 3189/1088/1160 3170/1088/1160
f 3170/1088/1160 3189/1088/1160 3190/1088/1161 3171/1088/1161
f 3171/1088/1161 3190/1088/1161 3191/1088/1162 3172/1088/1162
f 3172/1088/1162 3191/1088/1162 3192/1088/1163 3173/1088/1163
f 3173/1088/1163 3192/1088/1163 3193/1088/1164 3174/1088/1164
f 3174/1088/1164 3193/1088/1164 3194/1088/1165 3175/1088/1165
f 3175/1088/1165 3194/1088/1165 3195/1088/1166 3176/1088/1166
f 3176/1088/1166 3195/1088/1166 3196/1088/1167 3177/1088/1167
f 3177/1088/1167 3196/1088/1167 3197/1088/1168 3178/1088/1168
f 3178/1088/1168 3197/1088/1168 3198/1088/1169 3179/1088/1169
f 3179/1088/1169 3198/1088/1169 3199/1088/1170 3180/1088/1170
f 3180/1088/1170 3199/1088/1170 3200/1088/1171 3181/1088/1171
f 3181/1088/1171 3200/1088/1171 3201/1088/1176 3182/1088/1176
f 3182/1088/1176 3201/1088/1176 3202/1088/1173 3183/1088/1173
f 3183/1088/1173 3202/1088/1173 3203/1088/1174 3184/1088/1174
f 3184/1088/1174 3203/1088/1174 3204/1088/1175 3185/1088/1175
f 3185/1088/1175 3204/1088/1175 3186/1088/1157 3167/1088/1157
f 3205/1088/1157 3224/1088/1157 3225/1088/1158 3206/1088/1158
f 3206/1088/1158 3225/1088/1158 3226/1088/1159 3207/1088/1159
f 3207/1088/1159 3226/1088/1159 3227/1088/1160 3208/1088/1160
f 3208/1088/1160 3227/1088/1160 3228/1088/1161 3209/1088/1161
f 3209/1088/1161 3228/1088/1161 3229/1088/1162 3210/1088/1162
f 3210/1088/1162 3229/1088/1162 3230/1088/1163 3211/1088/1163
f 3211/1088/1163 3230/1088/1163 3231/1088/1164 3212/1088/1164
f 3212/1088/1164 3231/1088/1164 3232/1088/1165 3213/1088/1165
f 3213/1088/1165 3232/1088/1165 3233/1088/1166 3214/1088/1166
f 3214/1088/1166 3233/1088/1166 3234/1088/1167 3215/1088/1167
f 3215/1088/1167 3234/1088/1167 3235/1088/1168 3216/1088/1168
f 3216/1088/1168 3235/1088/1168 3236/1088/1169 3217/1088/1169
f 3217/1088/1169 3236/1088/1169 3237/1088/1170 3218/1088/1170
f 3218/1088/1170 3237/1088/1170 3238/1088/1171 3219/1088/1171
f 3219/1088/1171 3238/1088/1171 3239/1088/1176 3220/1088/1176
f 3220/1088/1176 3239/1088/1176 3240/1088/1173 3221/1088/1173
f 3221/1088/1173 3240/1088/1173 3241/1088/1174 3222/1088/1174
f 3222/1088/1174 3241/1088/1174 3242/1088/1175 3223/1088/1175
f 3223/1088/1175 3242/1088/1175 3224/1088/1157 3205/1088/1157
f 3243/1088/1157 3262/1088/1157 3263/1088/1158 3244/1088/1158
f 3244/1088/1158 3263/1088/1158 3264/1088/1159 3245/1088/1159
f 3245/1088/1159 3264/1088/1159 3265/1088/1160 3246/1088/1160
f 3246/1088/1160 3265/1088/1160 3266/1088/1161 3247/1088/1161
f 3247/1088/1161 3266/1088/1161 3267/1088/1162 3248/1088/1162
f 3248/1088/1162 3267/1088/1162 3268/1088/1163 3249/1088/1163
f 3249/1088/1163 3268/1088/1163 3269/1088/1164 3250/1088/1164
f 3250/1088/1164 3269/1088/1164 3270/1088/1165 3251/1088/1165
f 3251/1088/1165 3270/1088/1165 3271/1088/1166 3252/1088/1166
f 3252/1088/1166 3271/1088/1166 3272/1088/1167 3253/1088/1167
f 3253/1088/1167 3272/1088/1167 3273/1088/1168 3254/1088/1168
f 3254/1088/1168 3273/1088/1168 3274/1088/1169 3255/1088/1169
f 3255/1088/1169 3274/1088/1169 3275/1088/1170 3256/1088/1170
f 3256/1088/1170 3275/1088/1170 3276/1088/1171 3257/1088/1171
f 3257/1088/1171 3276/1088/1171 3277/1088/1176 3258/1088/1176
f 3258/1088/1176 3277/1088/1176 3278/1088/1173 3259/1088/1173
f 3259/1088/1173 3278/1088/1173 3279/1088/1174 3260/1088/1174
f 3260/1088/1174 3279/1088/1174 3280/1088/1175 3261/1088/1175
f 3261/1088/1175 3280/1088/1175 3262/1088/1157 3243/1088/1157
f 3281/1088/1157 3300/1088/1157 3301/1088/1158 3282/1088/1158
f 3282/1088/1158 3301/1088/1158 3302/1088/1159 3283/1088/1159
f 3283/1088/1159 3302/1088/1159 3303/1088/1160 3284/1088/1160
f 3284/1088/1160 3303/1088/1160 3304/1088/1161 3285/1088/1161
f 3285/1088/1161 3304/1088/1161 3305/1088/1162 3286/1088/1162
f 3286/1088/1162 3305/1088/1162 3306/1088/1163 3287/1088/1163
f 3287/1088/1163 3306/1088/1163 3307/1088/1164 3288/1088/1164
f 3288/1088/1164 3307/1088/1164 3308/1088/1165 3289/1088/1165
f 3289/1088/1165 3308/1088/1165 3309/1088/1166 3290/1088/1166
f 3290/1088/1166 3309/1088/1166 3310/1088/1167 3291/1088/1167
f 3291/1088/1167 3310/1088/1167 3311/1088/1168 3292/1088/1168
f 3292/1088/1168 3311/1088/1168 3312/1088/1169 3293/1088/1169
f 3293/1088/1169 3312/1088/1169 3313/1088/1170 3294/1088/1170
f 3294/1088/1170 3313/1088/1170 3314/1088/1171 3295/1088/1171
f 3295/1088/1171 3314/1088/1171 3315/1088/1176 3296/1088/1176
f 3296/1088/1176 3315/1088/1176 3316/1088/1173 3297/1088/1173
f 3297/1088/1173 3316/1088/1173 3317/1088/1174 3298/1088/1174
f 3298/1088/1174 3317/1088/1174 3318/1088/1175 3299/1088/1175
f 3299/1088/1175 3318/1088/1175 3300/1088/1157 3281/1088/1157
f 3319/1088/1157 3338/1088/1157 3339/1088/1158 3320/1088/1158
f 3320/1088/1158 3339/1088/1158 3340/1088/1159 3321/1088/1159
f 3321/1088/1159 3340/1088/1159 3341/1088/1160 3322/1088/1160
f 3322/1088/1160 3341/1088/1160 3342/1088/1161 3323/1088/1161
f 3323/1088/1161 3342/1088/1161 3343/1088/1162 3324/1088/1162
f 3324/1088/1162 3343/1088/1162 3344/1088/1163 3325/1088/1163
f 3325/1088/1163 3344/1088/1163 3345/1088/1164 3326/1088/1164
f 3326/1088/1164 3345/1088/1164 3346/1088/1165 3327/1088/1165
f 3327/1088/1165 3346/1088/1165 3347/1088/1166 3328/1088/1166
f 3328/1088/1166 3347/1088/1166 3348/1088/1167 3329/1088/1167
f 3329/1088/1167 3348/1088/1167 3349/1088/1168 3330/1088/1168
f 3330/1088/1168 3349/1088/1168 3350/1088/1169 3331/1088/1169
f 3331/1088/1169 3350/1088/1169 3351/1088/1170 3332/1088/1170
f 3332/1088/1170 3351/1088/1170 3352/1088/1171 3333/1088/1171
f 3333/1088/1171 3352/1088/1171 3353/1088/1176 3334/1088/1176
f 3334/1088/1176 3353/1088/1176 3354/1088/1173 3335/1088/1173
f 3335/1088/1173 3354/1088/1173 3355/1088/1174 3336/1088/1174
f 3336/1088/1174 3355/1088/1174 3356/1088/1175 3337/1088/1175
f 3337/1088/1175 3356/1088/1175 3338/1088/1157 3319/1088/1157
f 3357/1088/1157 3376/1088/1157 3377/1088/1158 3358/1088/1158
f 3358/1088/1158 3377/1088/1158 3378/1088/1159 3359/1088/1159
f 3359/1088/1159 3378/1088/1159 3379/1088/1160 3360/1088/1160
f 3360/1088/1160 3379/1088/1160 3380/1088/1161 3361/1088/1161
f 3361/1088/1161 3380/1088/1161 3381/1088/1162 3362/1088/1162
f 3362/1088/1162 3381/1088/1162 3382/1088/1163 3363/1088/1163
f 3363/1088/1163 3382/1088/1163 3383/1088/1164 3364/1088/1164
f 3364/1088/1164 3383/1088/1164 3384/1088/1165 3365/1088/1165
f 3365/1088/1165 3384/1088/1165 3385/1088/1166 3366/1088/1166
f 3366/1088/1166 3385/1088/1166 3386/1088/1167 3367/1088/1167
f 3367/1088/1167 3386/1088/1167 3387/1088/1168 3368/1088/1168
f 3368/1088/1168 3387/1088/1168 3388/1088/1169 3369/1088/1169
f 3369/1088/1169 3388/1088/1169 3389/1088/1170 3370/1088/1170
f 3370/1088/1170 3389/1088/1170 3390/1088/1171 3371/1088/1171
f 3371/1088/1171 3390/1088/1171 3391/1088/1176 3372/1088/1176
f 3372/1088/1176 3391/1088/1176 3392/1088/1173 3373/1088/1173
f 3373/1088/1173 3392/1088/1173 3393/1088/1174 3374/1088/1174
f 3374/1088/1174 3393/1088/1174 3394/1088/1175 3375/1088/1175
f 3375/1088/1175 3394/1088/1175 3376/1088/1157 3357/1088/1157
f 3395/1088/1157 3414/1088/1157 3415/1088/1158 3396/1088/1158
f 3396/1088/1158 3415/1088/1158 3416/1088/1159 3397/1088/1159
f 3397/1088/1159 3416/1088/1159 3417/1088/1160 3398/1088/1160
f 3398/1088/1160 3417/1088/1160 3418/1088/1161 3399/1088/1161
f 3399/1088/1161 3418/1088/1161 3419/1088/1162 3400/1088/1162
f 3400/1088/1162 3419/1088/1162 3420/1088/1163 3401/1088/1163
f 3401/1088/1163 3420/1088/1163 3421/1088/1164 3402/1088/1164
f 3402/1088/1164 3421/1088/1164 3422/1088/1165 3403/1088/1165
f 3403/1088/1165 3422/1088/1165 3423/1088/1166 3404/1088/1166
f 3404/1088/1166 3423/1088/1166 3424/1088/1167 3405/1088/1167
f 3405/1088/1167 3424/1088/1167 3425/1088/1168 3406/1088/1168
f 3406/1088/1168 3425/1088/1168 3426/1088/1169 3407/1088/1169
f 3407/1088/1169 3426/1088/1169 3427/1088/1170 3408/1088/1170
f 3408/1088/1170 3427/1088/1170 3428/1088/1171 3409/1088/1171
f 3409/1088/1171 3428/1088/1171 3429/1088/1176 3410/1088/1176
f 3410/1088/1176 3429/1088/1176 3430/1088/1173 3411/1088/1173
f 3411/1088/1173 3430/1088/1173 3431/1088/1174 3412/1088/1174
f 3412/1088/1174 3431/1088/1174 3432/1088/1175 3413/1088/1175
f 3413/1088/1175 3432/1088/1175 3414/1088/1157 3395/1088/1157
f 3433/1088/1157 3452/1088/1157 3453/1088/1158 3434/1088/1158
f 3434/1088/1158 3453/1088/1158 3454/1088/1159 3435/1088/1159
f 3435/1088/1159 3454/1088/1159 3455/1088/1160 3436/1088/1160
f 3436/1088/1160 3455/1088/1160 3456/1088/1161 3437/1088/1161
f 3437/1088/1161 3456/1088/1161 3457/1088/1162 3438/1088/1162
f 3438/1088/1162 3457/1088/1162 3458/1088/1163 3439/1088/1163
f 3439/1088/1163 3458/1088/1163 3459/1088/1164 3440/1088/1164
f 3440/1088/1164 3459/1088/1164 3460/1088/1165 3441/1088/1165
f 3441/1088/1165 3460/1088/1165 3461/1088/1166 3442/1088/1166
f 3442/1088/1166 3461/1088/1166 3462/1088/1167 3443/1088/1167
f 3443/1088/1167 3462/1088/1167 3463/1088/1168 3444/1088/1168
f 3444/1088/1168 3463/1088/1168 3464/1088/1169 3445/1088/1169
f 3445/1088/1169 3464/1088/1169 3465/1088/1170 3446/1088/1170
f 3446/1088/1170 3465/1088/1170 3466/1088/1171 3447/1088/1171
f 3447/1088/1171 3466/1088/1171 3467/1088/1176 3448/1088/1176
f 3448/1088/1176 3467/1088/1176 3468/1088/1173 3449/1088/1173
f 3449/1088/1173 3468/1088/1173 3469/1088/1174 3450/1088/1174
f 3450/1088/1174 3469/1088/1174 3470/1088/1175 3451/1088/1175
f 3451/1088/1175 3470/1088/1175 3452/1088/1157 3433/1088/1157
f 3471/1088/1157 3490/1088/1157 3491/1088/1158 3472/1088/1158
f 3472/1088/1158 3491/1088/1158 3492/1088/1159 3473/1088/1159
f 3473/1088/1159 3492/1088/1159 3493/1088/1160 3474/1088/1160
f 3474/1088/1160 3493/1088/1160 3494/1088/1161 3475/1088/1161
f 3475/1088/1161 3494/1088/1161 3495/1088/1162 3476/1088/1162
f 3476/1088/1162 3495/1088/1162 3496/1088/1163 3477/1088/1163
f 3477/1088/1163 3496/1088/1163 3497/1088/1164 3478/1088/1164
f 3478/1088/1164 3497/1088/1164 3498/1088/1165 3479/1088/1165
f 3479/1088/1165 3498/1088/1165 3499/1088/1166 3480/1088/1166
f 3480/1088/1166 3499/1088/1166 3500/1088/1167 3481/1088/1167
f 3481/1088/1167 3500/1088/1167 3501/1088/1168 3482/1088/1168
f 3482/1088/1168 3501/1088/1168 3502/1088/1169 3483/1088/1169
f 3483/1088/1169 3502/1088/1169 3503/1088/1170 3484/1088/1170
f 3484/1088/1170 3503/1088/1170 3504/1088/1171 3485/1088/1171
f 3485/1088/1171 3504/1088/1171 3505/1088/1176 3486/1088/1176
f 3486/1088/1176 3505/1088/1176 3506/1088/1173 3487/1088/1173
f 3487/1088/1173 3506/1088/1173 3507/1088/1174 3488/1088/1174
f 3488/1088/1174 3507/1088/1174 3508/1088/1175 3489/1088/1175
f 3489/1088/1175 3508/1088/1175 3490/1088/1157 3471/1088/1157
f 3509/1088/1157 3528/1088/1157 3529/1088/1158 3510/1088/1158
f 3510/1088/1158 3529/1088/1158 3530/1088/1159 3511/1088/1159
f 3511/1088/1159 3530/1088/1159 3531/1088/1160 3512/1088/1160
f 3512/1088/1160 3531/1088/1160 3532/1088/1161 3513/1088/1161
f 3513/1088/1161 3532/1088/1161 3533/1088/1162 3514/1088/1162
f 3514/1088/1162 3533/1088/1162 3534/1088/1163 3515/1088/1163
f 3515/1088/1163 3534/1088/1163 3535/1088/1164 3516/1088/1164
f 3516/1088/1164 3535/1088/1164 3536/1088/1165 3517/1088/1165
f 3517/1088/1165 3536/1088/1165 3537/1088/1166 3518/1088/1166
f 3518/1088/1166 3537/1088/1166 3538/1088/1167 3519/1088/1167
f 3519/1088/1167 3538/1088/1167 3539/1088/1168 3520/1088/1168
f 3520/1088/1168 3539/1088/1168 3540/1088/1169 3521/1088/1169
f 3521/1088/1169 3540/1088/1169 3541/1088/1170 3522/1088/1170
f 3522/1088/1170 3541/1088/1170 3542/1088/1171 3523/1088/1171
f 3523/1088/1171 3542/1088/1171 3543/1088/1176 3524/1088/1176
f 3524/1088/1176 3543/1088/1176 3544/1088/1173 3525/1088/1173
f 3525/1088/1173 3544/1088/1173 3545/1088/1174 3526/1088/1174
f 3526/1088/1174 3545/1088/1174 3546/1088/1175 3527/1088/1175
f 3527/1088/1175 3546/1088/1175 3528/1088/1157 3509/1088/1157
f 3547/1088/1157 3566/1088/1157 3567/1088/1158 3548/1088/1158
f 3548/1088/1158 3567/1088/1158 3568/1088/1159 3549/1088/1159
f 3549/1088/1159 3568/1088/1159 3569/1088/1160 3550/1088/1160
f 3550/1088/1160 3569/1088/1160 3570/1088/1161 3551/1088/1161
f 3551/1088/1161 3570/1088/1161 3571/1088/1162 3552/1088/1162
f 3552/1088/1162 3571/1088/1162 3572/1088/1163 3553/1088/1163
f 3553/1088/1163 3572/1088/1163 3573/1088/1164 3554/1088/1164
f 3554/1088/1164 3573/1088/1164 3574/1088/1165 3555/1088/1165
f 3555/1088/1165 3574/1088/1165 3575/1088/1166 3556/1088/1166
f 3556/1088/1166 3575/1088/1166 3576/1088/1167 3557/1088/1167
f 3557/1088/1167 3576/1088/1167 3577/1088/1168 3558/1088/1168
f 3558/1088/1168 3577/1088/1168 3578/1088/1169 3559/1088/1169
f 3559/1088/1169 3578/1088/1169 3579/1088/1170 3560/1088/1170
f 3560/1088/1170 3579/1088/1170 3580/1088/1171 3561/1088/1171
f 3561/1088/1171 3580/1088/1171 3581/1088/1176 3562/1088/1176
f 3562/1088/1176 3581/1088/1176 3582/1088/1173 3563/1088/1173
f 3563/1088/1173 3582/1088/1173 3583/1088/1174 3564/1088/1174
f 3564/1088/1174 3583/1088/1174 3584/1088/1175 3565/1088/1175
f 3565/1088/1175 3584/1088/1175 3566/1088/1157 3547/1088/1157
f 3585/1088/1157 3604/1088/1157 3605/1088/1158 3586/1088/1158
f 3586/1088/1158 3605/1088/1158 3606/1088/1159 3587/1088/1159
f 3587/1088/1159 3606/1088/1159 3607/1088/1160 3588/1088/1160
f 3588/1088/1160 3607/1088/1160 3608/1088/1161 3589/1088/1161
f 3589/1088/1161 3608/1088/1161 3609/1088/1162 3590/1088/1162
f 3590/1088/1162 3609/1088/1162 3610/1088/1163 3591/1088/1163
f 3591/1088/1163 3610/1088/1163 3611/1088/1164 3592/1088/1164
f 3592/1088/1164 3611/1088/1164 3612/1088/1165 3593/1088/1165
f 3593/1088/1165 3612/1088/1165 3613/1088/1166 3594/1088/1166
f 3594/1088/1166 3613/1088/1166 3614/1088/1167 3595/1088/1167
f 3595/1088/1167 3614/1088/1167 3615/1088/1168 3596/1088/1168
f 3596/1088/1168 3615/1088/1168 3616/1088/1169 3597/1088/1169
f 3597/1088/1169 3616/1088/1169 3617/1088/1170 3598/1088/1170
f 3598/1088/1170 3617/1088/1170 3618/1088/1171 3599/1088/1171
f 3599/1088/1171 3618/1088/1171 3619/1088/1176 3600/1088/1176
f 3600/1088/1176 3619/1088/1176 3620/1088/1173 3601/1088/1173
f 3601/1088/1173 3620/1088/1173 3621/1088/1174 3602/1088/1174
f 3602/1088/1174 3621/1088/1174 3622/1088/1175 3603/1088/1175
f 3603/1088/1175 3622/1088/1175 3604/1088/1157 3585/1088/1157
f 3623/1088/1157 3642/1088/1157 3643/1088/1158 3624/1088/1158
f 3624/1088/1158 3643/1088/1158 3644/1088/1159 3625/1088/1159
f 3625/1088/1159 3644/1088/1159 3645/1088/1160 3626/1088/1160
f 3626/1088/1160 3645/1088/1160 3646/1088/1161 3627/1088/1161
f 3627/1088/1161 3646/1088/1161 3647/1088/1162 3628/1088/1162
f 3628/1088/1162 3647/1088/1162 3648/1088/1163 3629/1088/1163
f 3629/1088/1163 3648/1088/1163 3649/1088/1164 3630/1088/1164
f 3630/1088/1164 3649/1088/1164 3650/1088/1165 3631/1088/1165
f 3631/1088/1165 3650/1088/1165 3651/1088/1166 3632/1088/1166
f 3632/1088/1166 3651/1088/1166 3652/1088/1167 3633/1088/1167
f 3633/1088/1167 3652/1088/1167 3653/1088/1168 3634/1088/1168
f 3634/1088/1168 3653/1088/1168 3654/1088/1169 3635/1088/1169
f 3635/1088/1169 3654/1088/1169 3655/1088/1170 3636/1088/1170
f 3636/1088/1170 3655/1088/1170 3656/1088/1171 3637/1088/1171
f 3637/1088/1171 3656/1088/1171 3657/1088/1176 3638/1088/1176
f 3638/1088/1176 3657/1088/1176 3658/1088/1173 3639/1088/1173
f 3639/1088/1173 3658/1088/1173 3659/1088/1174 3640/1088/1174
f 3640/1088/1174 3659/1088/1174 3660/1088/1175 3641/1088/1175
f 3641/1088/1175 3660/1088/1175 3642/1088/1157 3623/1088/1157
f 3661/1088/1157 3680/1088/1157 3681/1088/1158 3662/1088/1158
f 3662/1088/1158 3681/1088/1158 3682/1088/1159 3663/1088/1159
f 3663/1088/1159 3682/1088/1159 3683/1088/1160 3664/1088/1160
f 3664/1088/1160 3683/1088/1160 3684/1088/1161 3665/1088/1161
f 3665/1088/1161 3684/1088/1161 3685/1088/1162 3666/1088/1162
f 3666/1088/1162 3685/1088/1162 3686/1088/1163 3667/1088/1163
f 3667/1088/1163 3686/1088/1163 3687/1088/1164 3668/1088/1164
f 3668/1088/1164 3687/1088/1164 3688/1088/1165 3669/1088/1165
f 3669/1088/1165 3688/1088/1165 3689/1088/1166 3670/1088/1166
f 3670/1088/1166 3689/1088/1166 3690/1088/1167 3671/1088/1167
f 3671/1088/1167 3690/1088/1167 3691/1088/1168 3672/1088/1168
f 3672/1088/1168 3691/1088/1168 3692/1088/1169 3673/1088/1169
f 3673/1088/1169 3692/1088/1169 3693/1088/1170 3674/1088/1170
f 3674/1088/1170 3693/1088/1170 3694/1088/1171 3675/1088/1171
f 3675/1088/1171 3694/1088/1171 3695/1088/1176 3676/1088/1176
f 3676/1088/1176 3695/1088/1176 3696/1088/1173 3677/1088/1173
f 3677/1088/1173 3696/1088/1173 3697/1088/1174 3678/1088/1174
f 3678/1088/1174 3697/1088/1174 3698/1088/1175 3679/1088/1175
f 3679/1088/1175 3698/1088/1175 3680/1088/1157 3661/1088/1157
f 3699/1088/1157 3718/1088/1157 3719/1088/1158 3700/1088/1158
f 3700/1088/1158 3719/1088/1158 3720/1088/1159 3701/1088/1159
f 3701/1088/1159 3720/1088/1159 3721/1088/1160 3702/1088/1160
f 3702/1088/1160 3721/1088/1160 3722/1088/1161 3703/1088/1161
f 3703/1088/1161 3722/1088/1161 3723/1088/1162 3704/1088/1162
f 3704/1088/1162 3723/1088/1162 3724/1088/1163 3705/1088/1163
f 3705/1088/1163 3724/1088/1163 3725/1088/1164 3706/1088/1164
f 3706/1088/1164 3725/1088/1164 3726/1088/1165 3707/1088/1165
f 3707/1088/1165 3726/1088/1165 3727/1088/1166 3708/1088/1166
f 3708/1088/1166 3727/1088/1166 3728/1088/1167 3709/1088/1167
f 3709/1088/1167 3728/1088/1167 3729/1088/1168 3710/1088/1168
f 3710/1088/1168 3729/1088/1168 3730/1088/1169 3711/1088/1169
f 3711/1088/1169 3730/1088/1169 3731/1088/1170 3712/1088/1170
f 3712/1088/1170 3731/1088/1170 3732/1088/1171 3713/1088/1171
f 3713/1088/1171 3732/1088/1171 3733/1088/1176 3714/1088/1176
f 3714/1088/1176 3733/1088/1176 3734/1088/1173 3715/1088/1173
f 3715/1088/1173 3734/1088/1173 3735/1088/1174 3716/1088/1174
f 3716/1088/1174 3735/1088/1174 3736/1088/1175 3717/1088/1175
f 3717/1088/1175 3736/1088/1175 3718/1088/1157 3699/1088/1157
f 3737/1088/1157 3756/1088/1157 3757/1088/1158 3738/1088/1158
f 3738/1088/1158 3757/1088/1158 3758/1088/1159 3739/1088/1159
f 3739/1088/1159 3758/1088/1159 3759/1088/1160 3740/1088/1160
f 3740/1088/1160 3759/1088/1160 3760/1088/1161 3741/1088/1161
f 3741/1088/1161 3760/1088/1161 3761/1088/1162 3742/1088/1162
f 3742/1088/1162 3761/1088/1162 3762/1088/1163 3743/1088/1163
f 3743/1088/1163 3762/1088/1163 3763/1088/1164 3744/1088/1164
f 3744/1088/1164 3763/1088/1164 3764/1088/1165 3745/1088/1165
f 3745/1088/1165 3764/1088/1165 3765/1088/1166 3746/1088/1166
f 3746/1088/1166 3765/1088/1166 3766/1088/1167 3747/1088/1167
f 3747/1088/1167 3766/1088/1167 3767/1088/1168 3748/1088/1168
f 3748/1088/1168 3767/1088/1168 3768/1088/1169 3749/1088/1169
f 3749/1088/1169 3768/1088/1169 3769/1088/1170 3750/1088/1170
f 3750/1088/1170 3769/1088/1170 3770/1088/1171 3751/1088/1171
f 3751/1088/1171 3770/1088/1171 3771/1088/1176 3752/1088/1176
f 3752/1088/1176 3771/1088/1176 3772/1088/1173 3753/1088/1173
f 3753/1088/1173 3772/1088/1173 3773/1088/1174 3754/1088/1174
f 3754/1088/1174 3773/1088/1174 3774/1088/1175 3755/1088/1175
f 3755/1088/1175 3774/1088/1175 3756/1088/1157 3737/1088/1157
f 3775/1088/1157 3794/1088/1157 3795/1088/1158 3776/1088/1158
f 3776/1088/1158 3795/1088/1158 3796/1088/1159 3777/1088/1159
f 3777/1088/1159 3796/1088/1159 3797/1088/1160 3778/1088/1160
f 3778/1088/1160 3797/1088/1160 3798/1088/1161 3779/1088/1161
f 3779/1088/1161 3798/1088/1161 3799/1088/1162 3780/1088/1162
f 3780/1088/1162 3799/1088/1162 3800/1088/1163 3781/1088/1163
f 3781/1088/1163 3800/1088/1163 3801/1088/1164 3782/1088/1164
f 3782/1088/1164 3801/1088/1164 3802/1088/1165 3783/1088/1165
f 3783/1088/1165 3802/1088/1165 3803/1088/1166 3784/1088/1166
f 3784/1088/1166 3803/1088/1166 3804/1088/1167 3785/1088/1167
f 3785/1088/1167 3804/1088/1167 3805/1088/1168 3786/1088/1168
f 3786/1088/1168 3805/1088/1168 3806/1088/1169 3787/1088/1169
f 3787/1088/1169 3806/1088/1169 3807/1088/1170 3788/1088/1170
f 3788/1088/1170 3807/1088/1170 3808/1088/1171 3789/1088/1171
f 3789/1088/1171 3808/1088/1171 3809/1088/1176 3790/1088/1176
f 3790/1088/1176 3809/1088/1176 3810/1088/1173 3791/1088/1173
f 3791/1088/1173 3810/1088/1173 3811/1088/1174 3792/1088/1174
f 3792/1088/1174 3811/1088/1174 3812/1088/1175 3793/1088/1175
f 3793/1088/1175 3812/1088/1175 3794/1088/1157 3775/1088/1157
f 3813/1088/1157 3832/1088/1157 3833/1088/1158 3814/1088/1158
f 3814/1088/1158 3833/1088/1158 3834/1088/1159 3815/1088/1159
f 3815/1088/1159 3834/1088/1159 3835/1088/1160 3816/1088/1160
f 3816/1088/1160 3835/1088/1160 3836/1088/1161 3817/1088/1161
f 3817/1088/1161 3836/1088/1161 3837/1088/1162 3818/1088/1162
f 3818/1088/1162 3837/1088/1162 3838/1088/1163 3819/1088/1163
f 3819/1088/1163 3838/1088/1163 3839/1088/1164 3820/1088/1164
f 3820/1088/1164 3839/1088/1164 3840/1088/1165 3821/1088/1165
f 3821/1088/1165 3840/1088/1165 3841/1088/1166 3822/1088/1166
f 3822/1088/1166 3841/1088/1166 3842/1088/1167 3823/1088/1167
f 3823/1088/1167 3842/1088/1167 3843/1088/1168 3824/1088/1168
f 3824/1088/1168 3843/1088/1168 3844/1088/1169 3825/1088/1169
f 3825/1088/1169 3844/1088/1169 3845/1088/1170 3826/1088/1170
f 3826/1088/1170 3845/1088/1170 3846/1088/1171 3827/1088/1171
f 3827/1088/1171 3846/1088/1171 3847/1088/1176 3828/1088/1176
f 3828/1088/1176 3847/1088/1176 3848/1088/1173 3829/1088/1173
f 3829/1088/1173 3848/1088/1173 3849/1088/1174 3830/1088/1174
f 3830/1088/1174 3849/1088/1174 3850/1088/1175 3831/1088/1175
f 3831/1088/1175 3850/1088/1175 3832/1088/1157 3813/1088/1157
f 3851/1088/1157 3870/1088/1157 3871/1088/1158 3852/1088/1158
f 3852/1088/1158 3871/1088/1158 3872/1088/1159 3853/1088/1159
f 3853/1088/1159 3872/1088/1159 3873/1088/1160 3854/1088/1160
f 3854/1088/1160 3873/1088/1160 3874/1088/1161 3855/1088/1161
f 3855/1088/1161 3874/1088/1161 3875/1088/1162 3856/1088/1162
f 3856/1088/1162 3875/1088/1162 3876/1088/1163 3857/1088/1163
f 3857/1088/1163 3876/1088/1163 3877/1088/1164 3858/1088/1164
f 3858/1088/1164 3877/1088/1164 3878/1088/1165 3859/1088/1165
f 3859/1088/1165 3878/1088/1165 3879/1088/1166 3860/1088/1166
f 3860/1088/1166 3879/1088/1166 3880/1088/1167 3861/1088/1167
f 3861/1088/1167 3880/1088/1167 3881/1088/1168 3862/1088/1168
f 3862/1088/1168 3881/1088/1168 3882/1088/1169 3863/1088/1169
f 3863/1088/1169 3882/1088/1169 3883/1088/1170 3864/1088/1170
f 3864/1088/1170 3883/1088/1170 3884/1088/1171 3865/1088/1171
f 3865/1088/1171 3884/1088/1171 3885/1088/1176 3866/1088/1176
f 3866/1088/1176 3885/1088/1176 3886/1088/1173 3867/1088/1173
f 3867/1088/1173 3886/1088/1173 3887/1088/1174 3868/1088/1174
f 3868/1088/1174 3887/1088/1174 3888/1088/1175 3869/1088/1175
f 3869/1088/1175 3888/1088/1175 3870/1088/1157 3851/1088/1157
f 3889/1088/1157 3908/1088/1157 3909/1088/1158 3890/1088/1158
f 3890/1088/1158 3909/1088/1158 3910/1088/1159 3891/1088/1159
f 3891/1088/1159 3910/1088/1159 3911/1088/1160 3892/1088/1160
f 3892/1088/1160 3911/1088/1160 3912/1088/1161 3893/1088/1161
f 3893/1088/1161 3912/1088/1161 3913/1088/1162 3894/1088/1162
f 3894/1088/1162 3913/1088/1162 3914/1088/1163 3895/1088/1163
f 3895/1088/1163 3914/1088/1163 3915/1088/1164 3896/1088/1164
f 3896/1088/1164 3915/1088/1164 3916/1088/1165 3897/1088/1165
f 3897/1088/1165 3916/1088/1165 3917/1088/1166 3898/1088/1166
f 3898/1088/1166 3917/1088/1166 3918/1088/1167 3899/1088/1167
f 3899/1088/1167 3918/1088/1167 3919/1088/1168 3900/1088/1168
f 3900/1088/1168 3919/1088/1168 3920/1088/1169 3901/1088/1169
f 3901/1088/1169 3920/1088/1169 3921/1088/1170 3902/1088/1170
f 3902/1088/1170 3921/1088/1170 3922/1088/1171 3903/1088/1171
f 3903/1088/1171 3922/1088/1171 3923/1088/1176 3904/1088/1176
f 3904/1088/1176 3923/1088/1176 3924/1088/1173 3905/1088/1173
f 3905/1088/1173 3924/1088/1173 3925/1088/1174 3906/1088/1174
f 3906/1088/1174 3925/1088/1174 3926/1088/1175 3907/1088/1175
f 3907/1088/1175 3926/1088/1175 3908/1088/1157 3889/1088/1157
f 3927/1088/1157 3946/1088/1157 3947/1088/1158 3928/1088/1158
f 3928/1088/1158 3947/1088/1158 3948/1088/1159 3929/1088/1159
f 3929/1088/1159 3948/1088/1159 3949/1088/1160 3930/1088/1160
f 3930/1088/1160 3949/1088/1160 3950/1088/1161 3931/1088/1161
f 3931/1088/1161 3950/1088/1161 3951/1088/1162 3932/1088/1162
f 3932/1088/1162 3951/1088/1162 3952/1088/1163 3933/1088/1163
f 3933/1088/1163 3952/1088/1163 3953/1088/1164 3934/1088/1164
f 3934/1088/1164 3953/1088/1164 3954/1088/1165 3935/1088/1165
f 3935/1088/1165 3954/1088/1165 3955/1088/1166 3936/1088/1166
f 3936/1088/1166 3955/1088/1166 3956/1088/1167 3937/1088/1167
f 3937/1088/1167 3956/1088/1167 3957/1088/1168 3938/1088/1168
f 3938/1088/1168 3957/1088/1168 3958/1088/1169 3939/1088/1169
f 3939/1088/1169 3958/1088/1169 3959/1088/1170 3940/1088/1170
f 3940/1088/1170 3959/1088/1170 3960/1088/1171 3941/1088/1171
f 3941/1088/1171 3960/1088/1171 3961/1088/1176 3942/1088/1176
f 3942/1088/1176 3961/1088/1176 3962/1088/1173 3943/1088/1173
f 3943/1088/1173 3962/1088/1173 3963/1088/1174 3944/1088/1174
f 3944/1088/1174 3963/1088/1174 3964/1088/1175 3945/1088/1175
f 3945/1088/1175 3964/1088/1175 3946/1088/1157 3927/1088/1157
f 3965/1088/1157 3984/1088/1157 3985/1088/1158 3966/1088/1158
f 3966/1088/1158 3985/1088/1158 3986/1088/1159 3967/1088/1159
f 3967/1088/1159 3986/1088/1159 3987/1088/1160 3968/1088/1160
f 3968/1088/1160 3987/1088/1160 3988/1088/1161 3969/1088/1161
f 3969/1088/1161 3988/1088/1161 3989/1088/1162 3970/1088/1162
f 3970/1088/1162 3989/1088/1162 3990/1088/1163 3971/1088/1163
f 3971/1088/1163 3990/1088/1163 3991/1088/1164 3972/1088/1164
f 3972/1088/1164 3991/1088/1164 3992/1088/1165 3973/1088/1165
f 3973/1088/1165 3992/1088/1165 3993/1088/1166 3974/1088/1166
f 3974/1088/1166 3993/1088/1166 3994/1088/1167 3975/1088/1167
f 3975/1088/1167 3994/1088/1167 3995/1088/1168 3976/1088/1168
f 3976/1088/1168 3995/1088/1168 3996/1088/1169 3977/1088/1169
f 3977/1088/1169 3996/1088/1169 3997/1088/1170 3978/1088/1170
f 3978/1088/1170 3997/1088/1170 3998/1088/1171 3979/1088/1171
f 3979/1088/1171 3998/1088/1171 3999/1088/1176 3980/1088/1176
f 3980/1088/1176 3999/1088/1176 4000/1088/1173 3981/1088/1173
f 3981/1088/1173 4000/1088/1173 4001/1088/1174 3982/1088/1174
f 3982/1088/1174 4001/1088/1174 4002/1088/1175 3983/1088/1175
f 3983/1088/1175 4002/1088/1175 3984/1088/1157 3965/1088/1157
f 4003/1088/1157 4022/1088/1157 4023/1088/1158 4004/1088/1158
f 4004/1088/1158 4023/1088/1158 4024/1088/1159 4005/1088/1159
f 4005/1088/1159 4024/1088/1159 4025/1088/1160 4006/1088/1160
f 4006/1088/1160 4025/1088/1160 4026/1088/1161 4007/1088/1161
f 4007/1088/1161 4026/1088/1161 4027/1088/1162 4008/1088/1162
f 4008/1088/1162 4027/1088/1162 4028/1088/1163 4009/1088/1163
f 4009/1088/1163 4028/1088/1163 4029/1088/1164 4010/1088/1164
f 4010/1088/1164 4029/1088/1164 4030/1088/1165 4011/1088/1165
f 4011/1088/1165 4030/1088/1165 4031/1088/1166 4012/1088/1166
f 4012/1088/1166 4031/1088/1166 4032/1088/1167 4013/1088/1167
f 4013/1088/1167 4032/1088/1167 4033/1088/1168 4014/1088/1168
f 4014/1088/1168 4033/1088/1168 4034/1088/1169 4015/1088/1169
f 4015/1088/1169 4034/1088/1169 4035/1088/1170 4016/1088/1170
f 4016/1088/1170 4035/1088/1170 4036/1088/1171 4017/1088/1171
f 4017/1088/1171 4036/1088/1171 4037/1088/1176 4018/1088/1176
f 4018/1088/1176 4037/1088/1176 4038/1088/1173 4019/1088/1173
f 4019/1088/1173 4038/1088/1173 4039/1088/1174 4020/1088/1174
f 4020/1088/1174 4039/1088/1174 4040/1088/1175 4021/1088/1175
f 4021/1088/1175 4040/1088/1175 4022/1088/1157 4003/1088/1157
f 4041/1088/1157 4060/1088/1157 4061/1088/1158 4042/1088/1158
f 4042/1088/1158 4061/1088/1158 4062/1088/1159 4043/1088/1159
f 4043/1088/1159 4062/1088/1159 4063/1088/1160 4044/1088/1160
f 4044/1088/1160 4063/1088/1160 4064/1088/1161 4045/1088/1161
f 4045/1088/1161 4064/1088/1161 4065/1088/1162 4046/1088/1162
f 4046/1088/1162 4065/1088/1162 4066/1088/1163 4047/1088/1163
f 4047/1088/1163 4066/1088/1163 4067/1088/1164 4048/1088/1164
f 4048/1088/1164 4067/1088/1164 4068/1088/1165 4049/1088/1165
f 4049/1088/1165 4068/1088/1165 4069/1088/1166 4050/1088/1166
f 4050/1088/1166 4069/1088/1166 4070/1088/1167 4051/1088/1167
f 4051/1088/1167 4070/1088/1167 4071/1088/1168 4052/1088/1168
f 4052/1088/1168 4071/1088/1168 4072/1088/1169 4053/1088/1169
f 4053/1088/1169 4072/1088/1169 4073/1088/1170 4054/1088/1170
f 4054/1088/1170 4073/1088/1170 4074/1088/1171 4055/1088/1171
f 4055/1088/1171 4074/1088/1171 4075/1088/1176 4056/1088/1176
f 4056/1088/1176 4075/1088/1176 4076/1088/1173 4057/1088/1173
f 4057/1088/1173 4076/1088/1173 4077/1088/1174 4058/1088/1174
f 4058/1088/1174 4077/1088/1174 4078/1088/1175 4059/1088/1175
f 4059/1088/1175 4078/1088/1175 4060/1088/1157 4041/1088/1157
f 4079/1088/1157 4098/1088/1157 4099/1088/1158 4080/1088/1158
f 4080/1088/1158 4099/1088/1158 4100/1088/1159 4081/1088/1159
f 4081/1088/1159 4100/1088/1159 4101/1088/1160 4082/1088/1160
f 4082/1088/1160 4101/1088/1160 4102/1088/1161 4083/1088/1161
f 4083/1088/1161 4102/1088/1161 4103/1088/1162 4084/1088/1162
f 4084/1088/1162 4103/1088/1162 4104/1088/1163 4085/1088/1163
f 4085/1088/1163 4104/1088/1163 4105/1088/1164 4086/1088/1164
f 4086/1088/1164 4105/1088/1164 4106/1088/1165 4087/1088/1165
f 4087/1088/1165 4106/1088/1165 4107/1088/1166 4088/1088/1166
f 4088/1088/1166 4107/1088/1166 4108/1088/1167 4089/1088/1167
f 4089/1088/1167 4108/1088/1167 4109/1088/1168 4090/1088/1168
f 4090/1088/1168 4109/1088/1168 4110/1088/1169 4091/1088/1169
f 4091/1088/1169 4110/1088/1169 4111/1088/1170 4092/1088/1170
f 4092/1088/1170 4111/1088/1170 4112/1088/1171 4093/1088/1171
f 4093/1088/1171 4112/1088/1171 4113/1088/1176 4094/1088/1176
f 4094/1088/1176 4113/1088/1176 4114/1088/1173 4095/1088/1173
f 4095/1088/1173 4114/1088/1173 4115/1088/1174 4096/1088/1174
f 4096/1088/1174 4115/1088/1174 4116/1088/1175 4097/1088/1175
f 4097/1088/1175 4116/1088/1175 4098/1088/1157 4079/1088/1157
f 4117/1088/1177 4136/1088/1177 4137/1088/1178 4118/1088/1178
f 4118/1088/1178 4137/1088/1178 4138/1088/1179 4119/1088/1179
f 4119/1088/1179 4138/1088/1179 4139/1088/1180 4120/1088/1180
f 4120/1088/1180 4139/1088/1180 4140/1088/1181 4121/1088/1181
f 4121/1088/1181 4140/1088/1181 4141/1088/1182 4122/1088/1182
f 4122/1088/1182 4141/1088/1182 4142/1088/1183 4123/1088/1183
f 4123/1088/1183 4142/1088/1183 4143/1088/1184 4124/1088/1184
f 4124/1088/1184 4143/1088/1184 4144/1088/1185 4125/1088/1185
f 4125/1088/1185 4144/1088/1185 4145/1088/1186 4126/1088/1187
f 4126/1088/1187 4145/1088/1186 4146/1088/1188 4127/1088/1188
f 4127/1088/1188 4146/1088/1188 4147/1088/1189 4128/1088/1189
f 4128/1088/1189 4147/1088/1189 4148/1088/1190 4129/1088/1190
f 4129/1088/1190 4148/1088/1190 4149/1088/1191 4130/1088/1191
f 4130/1088/1191 4149/1088/1191 4150/1088/1192 4131/1088/1192
f 4131/1088/1192 4150/1088/1192 4151/1088/1193 4132/1088/1194
f 4132/1088/1194 4151/1088/1193 4152/1088/1195 4133/1088/1196
f 4133/1088/1196 4152/1088/1195 4153/1088/1197 4134/1088/1197
f 4134/1088/1197 4153/1088/1197 4154/1088/1198 4135/1088/1198
f 4135/1088/1198 4154/1088/1198 4136/1088/1177 4117/1088/1177
f 4155/1088/1199 4174/1088/1199 4175/1088/1200 4156/1088/1200
f 4156/1088/1200 4175/1088/1200 4176/1088/1179 4157/1088/1179
f 4157/1088/1179 4176/1088/1179 4177/1088/1180 4158/1088/1180
f 4158/1088/1180 4177/1088/1180 4178/1088/1181 4159/1088/1181
f 4159/1088/1181 4178/1088/1181 4179/1088/1182 4160/1088/1182
f 4160/1088/1182 4179/1088/1182 4180/1088/1201 4161/1088/1201
f 4161/1088/1201 4180/1088/1201 4181/1088/1184 4162/1088/1184
f 4162/1088/1184 4181/1088/1184 4182/1088/1185 4163/1088/1185
f 4163/1088/1185 4182/1088/1185 4183/1088/1187 4164/1088/1187
f 4164/1088/1187 4183/1088/1187 4184/1088/1188 4165/1088/1188
f 4165/1088/1188 4184/1088/1188 4185/1088/1189 4166/1088/1189
f 4166/1088/1189 4185/1088/1189 4186/1088/1190 4167/1088/1190
f 4167/1088/1190 4186/1088/1190 4187/1088/1191 4168/1088/1191
f 4168/1088/1191 4187/1088/1191 4188/1088/1192 4169/1088/1192
f 4169/1088/1192 4188/1088/1192 4189/1088/1194 4170/1088/1194
f 4170/1088/1194 4189/1088/1194 4190/1088/1196 4171/1088/1196
f 4171/1088/1196 4190/1088/1196 4191/1088/1197 4172/1088/1197
f 4172/1088/1197 4191/1088/1197 4192/1088/1198 4173/1088/1198
f 4173/1088/1198 4192/1088/1198 4174/1088/1199 4155/1088/1199
f 4193/1088/1199 4212/1088/1199 4213/1088/1178 4194/1088/1178
f 4194/1088/1178 4213/1088/1178 4214/1088/1179 4195/1088/1179
f 4195/1088/1179 4214/1088/1179 4215/1088/1180 4196/1088/1180
f 4196/1088/1180 4215/1088/1180 4216/1088/1181 4197/1088/1181
f 4197/1088/1181 4216/1088/1181 4217/1088/1182 4198/1088/1182
f 4198/1088/1182 4217/1088/1182 4218/1088/1202 4199/1088/1202
f 4199/1088/1202 4218/1088/1202 4219/1088/1184 4200/1088/1184
f 4200/1088/1184 4219/1088/1184 4220/1088/1185 4201/1088/1185
f 4201/1088/1185 4220/1088/1185 4221/1088/1203 4202/1088/1187
f 4202/1088/1187 4221/1088/1203 4222/1088/1188 4203/1088/1188
f 4203/1088/1188 4222/1088/1188 4223/1088/1189 4204/1088/1189
f 4204/1088/1189 4223/1088/1189 4224/1088/1190 4205/1088/1190
f 4205/1088/1190 4224/1088/1190 4225/1088/1191 4206/1088/1191
f 4206/1088/1191 4225/1088/1191 4226/1088/1192 4207/1088/1192
f 4207/1088/1192 4226/1088/1192 4227/1088/1194 4208/1088/1194
f 4208/1088/1194 4227/1088/1194 4228/1088/1196 4209/1088/1196
f 4209/1088/1196 4228/1088/1196 4229/1088/1197 4210/1088/1197
f 4210/1088/1197 4229/1088/1197 4230/1088/1198 4211/1088/1198
f 4211/1088/1198 4230/1088/1198 4212/1088/1199 4193/1088/1199
f 4231/1088/1177 4250/1088/1199 4251/1088/1178 4232/1088/1178
f 4232/1088/1178 4251/1088/1178 4252/1088/1179 4233/1088/1179
f 4233/1088/1179 4252/1088/1179 4253/1088/1204 4234/1088/1204
f 4234/1088/1204 4253/1088/1204 4254/1088/1205 4235/1088/1205
f 4235/1088/1205 4254/1088/1205 4255/1088/1206 4236/1088/1206
f 4236/1088/1206 4255/1088/1206 4256/1088/1207 4237/1088/1207
f 4237/1088/1207 4256/1088/1207 4257/1088/1184 4238/1088/1184
f 4238/1088/1184 4257/1088/1184 4258/1088/1185 4239/1088/1185
f 4239/1088/1185 4258/1088/1185 4259/1088/1186 4240/1088/1186
f 4240/1088/1186 4259/1088/1186 4260/1088/1208 4241/1088/1208
f 4241/1088/1208 4260/1088/1208 4261/1088/1189 4242/1088/1189
f 4242/1088/1189 4261/1088/1189 4262/1088/1190 4243/1088/1190
f 4243/1088/1190 4262/1088/1190 4263/1088/1191 4244/1088/1191
f 4244/1088/1191 4263/1088/1191 4264/1088/1192 4245/1088/1192
f 4245/1088/1192 4264/1088/1192 4265/1088/1194 4246/1088/1194
f 4246/1088/1194 4265/1088/1194 4266/1088/1195 4247/1088/1195
f 4247/1088/1195 4266/1088/1195 4267/1088/1209 4248/1088/1209
f 4248/1088/1209 4267/1088/1209 4268/1088/1198 4249/1088/1198
f 4249/1088/1198 4268/1088/1198 4250/1088/1199 4231/1088/1177
f 4269/1088/1199 4288/1088/1199 4289/1088/1178 4270/1088/1178
f 4270/1088/1178 4289/1088/1178 4290/1088/1179 4271/1088/1179
f 4271/1088/1179 4290/1088/1179 4291/1088/1180 4272/1088/1180
f 4272/1088/1180 4291/1088/1180 4292/1088/1181 4273/1088/1181
f 4273/1088/1181 4292/1088/1181 4293/1088/1182 4274/1088/1182
f 4274/1088/1182 4293/1088/1182 4294/1088/1201 4275/1088/1201
f 4275/1088/1201 4294/1088/1201 4295/1088/1184 4276/1088/1184
f 4276/1088/1184 4295/1088/1184 4296/1088/1185 4277/1088/1185
f 4277/1088/1185 4296/1088/1185 4297/1088/1187 4278/1088/1203
f 4278/1088/1203 4297/1088/1187 4298/1088/1188 4279/1088/1188
f 4279/1088/1188 4298/1088/1188 4299/1088/1189 4280/1088/1189
f 4280/1088/1189 4299/1088/1189 4300/1088/1190 4281/1088/1190
f 4281/1088/1190 4300/1088/1190 4301/1088/1210 4282/1088/1210
f 4282/1088/1210 4301/1088/1210 4302/1088/1211 4283/1088/1211
f 4283/1088/1211 4302/1088/1211 4303/1088/1194 4284/1088/1194
f 4284/1088/1194 4303/1088/1194 4304/1088/1196 4285/1088/1196
f 4285/1088/1196 4304/1088/1196 4305/1088/1197 4286/1088/1197
f 4286/1088/1197 4305/1088/1197 4306/1088/1198 4287/1088/1198
f 4287/1088/1198 4306/1088/1198 4288/1088/1199 4269/1088/1199
f 4307/1088/1177 4326/1088/1177 4327/1088/1200 4308/1088/1200
f 4308/1088/1200 4327/1088/1200 4328/1088/1179 4309/1088/1179
f 4309/1088/1179 4328/1088/1179 4329/1088/1180 4310/1088/1180
f 4310/1088/1180 4329/1088/1180 4330/1088/1205 4311/1088/1205
f 4311/1088/1205 4330/1088/1205 4331/1088/1206 4312/1088/1206
f 4312/1088/1206 4331/1088/1206 4332/1088/1207 4313/1088/1207
f 4313/1088/1207 4332/1088/1207 4333/1088/1184 4314/1088/1184
f 4314/1088/1184 4333/1088/1184 4334/1088/1185 4315/1088/1185
f 4315/1088/1185 4334/1088/1185 4335/1088/1203 4316/1088/1203
f 4316/1088/1203 4335/1088/1203 4336/1088/1188 4317/1088/1188
f 4317/1088/1188 4336/1088/1188 4337/1088/1189 4318/1088/1189
f 4318/1088/1189 4337/1088/1189 4338/1088/1190 4319/1088/1190
f 4319/1088/1190 4338/1088/1190 4339/1088/1191 4320/1088/1191
f 4320/1088/1191 4339/1088/1191 4340/1088/1192 4321/1088/1192
f 4321/1088/1192 4340/1088/1192 4341/1088/1194 4322/1088/1194
f 4322/1088/1194 4341/1088/1194 4342/1088/1196 4323/1088/1196
f 4323/1088/1196 4342/1088/1196 4343/1088/1197 4324/1088/1197
f 4324/1088/1197 4343/1088/1197 4344/1088/1198 4325/1088/1198
f 4325/1088/1198 4344/1088/1198 4326/1088/1177 4307/1088/1177
f 4345/1088/1199 4364/1088/1199 4365/1088/1178 4346/1088/1178
f 4346/1088/1178 4365/1088/1178 4366/1088/1212 4347/1088/1212
f 4347/1088/1212 4366/1088/1212 4367/1088/1204 4348/1088/1204
f 4348/1088/1204 4367/1088/1204 4368/1088/1213 4349/1088/1213
f 4349/1088/1213 4368/1088/1213 4369/1088/1206 4350/1088/1206
f 4350/1088/1206 4369/1088/1206 4370/1088/1207 4351/1088/1207
f 4351/1088/1207 4370/1088/1207 4371/1088/1184 4352/1088/1184
f 4352/1088/1184 4371/1088/1184 4372/1088/1185 4353/1088/1185
f 4353/1088/1185 4372/1088/1185 4373/1088/1187 4354/1088/1203
f 4354/1088/1203 4373/1088/1187 4374/1088/1188 4355/1088/1188
f 4355/1088/1188 4374/1088/1188 4375/1088/1189 4356/1088/1189
f 4356/1088/1189 4375/1088/1189 4376/1088/1214 4357/1088/1214
f 4357/1088/1214 4376/1088/1214 4377/1088/1191 4358/1088/1191
f 4358/1088/1191 4377/1088/1191 4378/1088/1192 4359/1088/1192
f 4359/1088/1192 4378/1088/1192 4379/1088/1194 4360/1088/1194
f 4360/1088/1194 4379/1088/1194 4380/1088/1196 4361/1088/1195
f 4361/1088/1195 4380/1088/1196 4381/1088/1197 4362/1088/1197
f 4362/1088/1197 4381/1088/1197 4382/1088/1198 4363/1088/1198
f 4363/1088/1198 4382/1088/1198 4364/1088/1199 4345/1088/1199
f 4383/1088/1199 4402/1088/1199 4403/1088/1178 4384/1088/1178
f 4384/1088/1178 4403/1088/1178 4404/1088/1212 4385/1088/1212
f 4385/1088/1212 4404/1088/1212 4405/1088/1204 4386/1088/1204
f 4386/1088/1204 4405/1088/1204 4406/1088/1205 4387/1088/1205
f 4387/1088/1205 4406/1088/1205 4407/1088/1206 4388/1088/1182
f 4388/1088/1182 4407/1088/1206 4408/1088/1201 4389/1088/1201
f 4389/1088/1201 4408/1088/1201 4409/1088/1184 4390/1088/1184
f 4390/1088/1184 4409/1088/1184 4410/1088/1185 4391/1088/1185
f 4391/1088/1185 4410/1088/1185 4411/1088/1187 4392/1088/1203
f 4392/1088/1203 4411/1088/1187 4412/1088/1188 4393/1088/1188
f 4393/1088/1188 4412/1088/1188 4413/1088/1189 4394/1088/1189
f 4394/1088/1189 4413/1088/1189 4414/1088/1190 4395/1088/1190
f 4395/1088/1190 4414/1088/1190 4415/1088/1191 4396/1088/1191
f 4396/1088/1191 4415/1088/1191 4416/1088/1192 4397/1088/1192
f 4397/1088/1192 4416/1088/1192 4417/1088/1194 4398/1088/1194
f 4398/1088/1194 4417/1088/1194 4418/1088/1196 4399/1088/1196
f 4399/1088/1196 4418/1088/1196 4419/1088/1197 4400/1088/1197
f 4400/1088/1197 4419/1088/1197 4420/1088/1198 4401/1088/1215
f 4401/1088/1215 4420/1088/1198 4402/1088/1199 4383/1088/1199
f 4421/1088/1199 4440/1088/1199 4441/1088/1178 4422/1088/1178
f 4422/1088/1178 4441/1088/1178 4442/1088/1212 4423/1088/1212
f 4423/1088/1212 4442/1088/1212 4443/1088/1204 4424/1088/1204
f 4424/1088/1204 4443/1088/1204 4444/1088/1213 4425/1088/1213
f 4425/1088/1213 4444/1088/1213 4445/1088/1206 4426/1088/1206
f 4426/1088/1206 4445/1088/1206 4446/1088/1207 4427/1088/1207
f 4427/1088/1207 4446/1088/1207 4447/1088/1184 4428/1088/1184
f 4428/1088/1184 4447/1088/1184 4448/1088/1185 4429/1088/1185
f 4429/1088/1185 4448/1088/1185 4449/1088/1187 4430/1088/1203
f 4430/1088/1203 4449/1088/1187 4450/1088/1188 4431/1088/1188
f 4431/1088/1188 4450/1088/1188 4451/1088/1189 4432/1088/1189
f 4432/1088/1189 4451/1088/1189 4452/1088/1190 4433/1088/1190
f 4433/1088/1190 4452/1088/1190 4453/1088/1191 4434/1088/1191
f 4434/1088/1191 4453/1088/1191 4454/1088/1192 4435/1088/1192
f 4435/1088/1192 4454/1088/1192 4455/1088/1194 4436/1088/1194
f 4436/1088/1194 4455/1088/1194 4456/1088/1195 4437/1088/1195
f 4437/1088/1195 4456/1088/1195 4457/1088/1197 4438/1088/1197
f 4438/1088/1197 4457/1088/1197 4458/1088/1198 4439/1088/1198
f 4439/1088/1198 4458/1088/1198 4440/1088/1199 4421/1088/1199
f 4459/1088/1199 4478/1088/1199 4479/1088/1178 4460/1088/1178
f 4460/1088/1178 4479/1088/1178 4480/1088/1179 4461/1088/1179
f 4461/1088/1179 4480/1088/1179 4481/1088/1180 4462/1088/1180
f 4462/1088/1180 4481/1088/1180 4482/1088/1181 4463/1088/1181
f 4463/1088/1181 4482/1088/1181 4483/1088/1182 4464/1088/1182
f 4464/1088/1182 4483/1088/1182 4484/1088/1183 4465/1088/1183
f 4465/1088/1183 4484/1088/1183 4485/1088/1184 4466/1088/1184
f 4466/1088/1184 4485/1088/1184 4486/1088/1185 4467/1088/1185
f 4467/1088/1185 4486/1088/1185 4487/1088/1203 4468/1088/1203
f 4468/1088/1203 4487/1088/1203 4488/1088/1188 4469/1088/1188
f 4469/1088/1188 4488/1088/1188 4489/1088/1189 4470/1088/1189
f 4470/1088/1189 4489/1088/1189 4490/1088/1190 4471/1088/1190
f 4471/1088/1190 4490/1088/1190 4491/1088/1191 4472/1088/1191
f 4472/1088/1191 4491/1088/1191 4492/1088/1192 4473/1088/1192
f 4473/1088/1192 4492/1088/1192 4493/1088/1194 4474/1088/1194
f 4474/1088/1194 4493/1088/1194 4494/1088/1196 4475/1088/1196
f 4475/1088/1196 4494/1088/1196 4495/1088/1197 4476/1088/1197
f 4476/1088/1197 4495/1088/1197 4496/1088/1198 4477/1088/1198
f 4477/1088/1198 4496/1088/1198 4478/1088/1199 4459/1088/1199
f 4497/1088/1199 4516/1088/1199 4517/1088/1178 4498/1088/1178
f 4498/1088/1178 4517/1088/1178 4518/1088/1179 4499/1088/1179
f 4499/1088/1179 4518/1088/1179 4519/1088/1204 4500/1088/1204
f 4500/1088/1204 4519/1088/1204 4520/1088/1181 4501/1088/1181
f 4501/1088/1181 4520/1088/1181 4521/1088/1182 4502/1088/1182
f 4502/1088/1182 4521/1088/1182 4522/1088/1201 4503/1088/1183
f 4503/1088/1183 4522/1088/1201 4523/1088/1184 4504/1088/1184
f 4504/1088/1184 4523/1088/1184 4524/1088/1185 4505/1088/1185
f 4505/1088/1185 4524/1088/1185 4525/1088/1203 4506/1088/1187
f 4506/1088/1187 4525/1088/1203 4526/1088/1188 4507/1088/1188
f 4507/1088/1188 4526/1088/1188 4527/1088/1189 4508/1088/1189
f 4508/1088/1189 4527/1088/1189 4528/1088/1190 4509/1088/1190
f 4509/1088/1190 4528/1088/1190 4529/1088/1191 4510/1088/1191
f 4510/1088/1191 4529/1088/1191 4530/1088/1192 4511/1088/1192
f 4511/1088/1192 4530/1088/1192 4531/1088/1194 4512/1088/1194
f 4512/1088/1194 4531/1088/1194 4532/1088/1196 4513/1088/1196
f 4513/1088/1196 4532/1088/1196 4533/1088/1197 4514/1088/1197
f 4514/1088/1197 4533/1088/1197 4534/1088/1198 4515/1088/1198
f 4515/1088/1198 4534/1088/1198 4516/1088/1199 4497/1088/1199
f 4535/1088/1216 4554/1088/1216 4555/1088/1217 4536/1088/1217
f 4536/1088/1217 4555/1088/1217 4556/1088/1218 4537/1088/1218
f 4537/1088/1218 4556/1088/1218 4557/1088/1219 4538/1088/1219
f 4538/1088/1219 4557/1088/1219 4558/1088/1220 4539/1088/1220
f 4539/1088/1220 4558/1088/1220 4559/1088/1221 4540/1088/1221
f 4540/1088/1221 4559/1088/1221 4560/1088/1222 4541/1088/1222
f 4541/1088/1222 4560/1088/1222 4561/1088/1223 4542/1088/1223
f 4542/1088/1223 4561/1088/1223 4562/1088/1224 4543/1088/1224
f 4543/1088/1224 4562/1088/1224 4563/1088/1225 4544/1088/1225
f 4544/1088/1225 4563/1088/1225 4564/1088/1226 4545/1088/1226
f 4545/1088/1226 4564/1088/1226 4565/1088/1227 4546/1088/1227
f 4546/1088/1227 4565/1088/1227 4566/1088/1228 4547/1088/1228
f 4547/1088/1228 4566/1088/1228 4567/1088/1229 4548/1088/1229
f 4548/1088/1229 4567/1088/1229 4568/1088/1230 4549/1088/1230
f 4549/1088/1230 4568/1088/1230 4569/1088/1231 4550/1088/1231
f 4550/1088/1231 4569/1088/1231 4570/1088/1232 4551/1088/1232
f 4551/1088/1232 4570/1088/1232 4571/1088/1233 4552/1088/1233
f 4552/1088/1233 4571/1088/1233 4572/1088/1234 4553/1088/1234
f 4553/1088/1234 4572/1088/1234 4554/1088/1216 4535/1088/1216
f 4573/1088/1235 4592/1088/1235 4593/1088/1217 4574/1088/1217
f 4574/1088/1217 4593/1088/1217 4594/1088/1218 4575/1088/1218
f 4575/1088/1218 4594/1088/1218 4595/1088/1219 4576/1088/1219
f 4576/1088/1219 4595/1088/1219 4596/1088/1220 4577/1088/1220
f 4577/1088/1220 4596/1088/1220 4597/1088/1221 4578/1088/1221
f 4578/1088/1221 4597/1088/1221 4598/1088/1222 4579/1088/1222
f 4579/1088/1222 4598/1088/1222 4599/1088/1223 4580/1088/1223
f 4580/1088/1223 4599/1088/1223 4600/1088/1224 4581/1088/1224
f 4581/1088/1224 4600/1088/1224 4601/1088/1236 4582/1088/1236
f 4582/1088/1236 4601/1088/1236 4602/1088/1226 4583/1088/1226
f 4583/1088/1226 4602/1088/1226 4603/1088/1237 4584/1088/1237
f 4584/1088/1237 4603/1088/1237 4604/1088/1228 4585/1088/1228
f 4585/1088/1228 4604/1088/1228 4605/1088/1238 4586/1088/1238
f 4586/1088/1238 4605/1088/1238 4606/1088/1230 4587/1088/1230
f 4587/1088/1230 4606/1088/1230 4607/1088/1231 4588/1088/1231
f 4588/1088/1231 4607/1088/1231 4608/1088/1232 4589/1088/1232
f 4589/1088/1232 4608/1088/1232 4609/1088/1233 4590/1088/1233
f 4590/1088/1233 4609/1088/1233 4610/1088/1234 4591/1088/1234
f 4591/1088/1234 4610/1088/1234 4592/1088/1235 4573/1088/1235
f 4611/1088/1235 4630/1088/1235 4631/1088/1239 4612/1088/1239
f 4612/1088/1239 4631/1088/1239 4632/1088/1218 4613/1088/1218
f 4613/1088/1218 4632/1088/1218 4633/1088/1219 4614/1088/1219
f 4614/1088/1219 4633/1088/1219 4634/1088/1220 4615/1088/1220
f 4615/1088/1220 4634/1088/1220 4635/1088/1221 4616/1088/1221
f 4616/1088/1221 4635/1088/1221 4636/1088/1222 4617/1088/1222
f 4617/1088/1222 4636/1088/1222 4637/1088/1223 4618/1088/1223
f 4618/1088/1223 4637/1088/1223 4638/1088/1224 4619/1088/1224
f 4619/1088/1224 4638/1088/1224 4639/1088/1240 4620/1088/1240
f 4620/1088/1240 4639/1088/1240 4640/1088/1241 4621/1088/1241
f 4621/1088/1241 4640/1088/1241 4641/1088/1237 4622/1088/1237
f 4622/1088/1237 4641/1088/1237 4642/1088/1228 4623/1088/1228
f 4623/1088/1228 4642/1088/1228 4643/1088/1238 4624/1088/1238
f 4624/1088/1238 4643/1088/1238 4644/1088/1230 4625/1088/1230
f 4625/1088/1230 4644/1088/1230 4645/1088/1231 4626/1088/1231
f 4626/1088/1231 4645/1088/1231 4646/1088/1232 4627/1088/1232
f 4627/1088/1232 4646/1088/1232 4647/1088/1233 4628/1088/1233
f 4628/1088/1233 4647/1088/1233 4648/1088/1234 4629/1088/1234
f 4629/1088/1234 4648/1088/1234 4630/1088/1235 4611/1088/1235
f 4649/1088/1235 4668/1088/1235 4669/1088/1239 4650/1088/1239
f 4650/1088/1239 4669/1088/1239 4670/1088/1218 4651/1088/1218
f 4651/1088/1218 4670/1088/1218 4671/1088/1219 4652/1088/1219
f 4652/1088/1219 4671/1088/1219 4672/1088/1220 4653/1088/1220
f 4653/1088/1220 4672/1088/1220 4673/1088/1221 4654/1088/1221
f 4654/1088/1221 4673/1088/1221 4674/1088/1222 4655/1088/1222
f 4655/1088/1222 4674/1088/1222 4675/1088/1223 4656/1088/1223
f 4656/1088/1223 4675/1088/1223 4676/1088/1224 4657/1088/1224
f 4657/1088/1224 4676/1088/1224 4677/1088/1240 4658/1088/1240
f 4658/1088/1240 4677/1088/1240 4678/1088/1241 4659/1088/1241
f 4659/1088/1241 4678/1088/1241 4679/1088/1237 4660/1088/1237
f 4660/1088/1237 4679/1088/1237 4680/1088/1228 4661/1088/1228
f 4661/1088/1228 4680/1088/1228 4681/1088/1238 4662/1088/1238
f 4662/1088/1238 4681/1088/1238 4682/1088/1230 4663/1088/1230
f 4663/1088/1230 4682/1088/1230 4683/1088/1231 4664/1088/1231
f 4664/1088/1231 4683/1088/1231 4684/1088/1232 4665/1088/1232
f 4665/1088/1232 4684/1088/1232 4685/1088/1233 4666/1088/1233
f 4666/1088/1233 4685/1088/1233 4686/1088/1234 4667/1088/1234
f 4667/1088/1234 4686/1088/1234 4668/1088/1235 4649/1088/1235
f 4687/1088/1235 4706/1088/1235 4707/1088/1242 4688/1088/1242
f 4688/1088/1242 4707/1088/1242 4708/1088/1218 4689/1088/1218
f 4689/1088/1218 4708/1088/1218 4709/1088/1219 4690/1088/1219
f 4690/1088/1219 4709/1088/1219 4710/1088/1220 4691/1088/1220
f 4691/1088/1220 4710/1088/1220 4711/1088/1221 4692/1088/1221
f 4692/1088/1221 4711/1088/1221 4712/1088/1222 4693/1088/1222
f 4693/1088/1222 4712/1088/1222 4713/1088/1223 4694/1088/1223
f 4694/1088/1223 4713/1088/1223 4714/1088/1224 4695/1088/1224
f 4695/1088/1224 4714/1088/1224 4715/1088/1243 4696/1088/1243
f 4696/1088/1243 4715/1088/1243 4716/1088/1226 4697/1088/1226
f 4697/1088/1226 4716/1088/1226 4717/1088/1237 4698/1088/1237
f 4698/1088/1237 4717/1088/1237 4718/1088/1228 4699/1088/1228
f 4699/1088/1228 4718/1088/1228 4719/1088/1238 4700/1088/1238
f 4700/1088/1238 4719/1088/1238 4720/1088/1230 4701/1088/1230
f 4701/1088/1230 4720/1088/1230 4721/1088/1231 4702/1088/1231
f 4702/1088/1231 4721/1088/1231 4722/1088/1232 4703/1088/1232
f 4703/1088/1232 4722/1088/1232 4723/1088/1233 4704/1088/1233
f 4704/1088/1233 4723/1088/1233 4724/1088/1234 4705/1088/1234
f 4705/1088/1234 4724/1088/1234 4706/1088/1235 4687/1088/1235
f 4725/1088/1235 4744/1088/1235 4745/1088/1217 4726/1088/1217
f 4726/1088/1217 4745/1088/1217 4746/1088/1218 4727/1088/1218
f 4727/1088/1218 4746/1088/1218 4747/1088/1219 4728/1088/1219
f 4728/1088/1219 4747/1088/1219 4748/1088/1220 4729/1088/1220
f 4729/1088/1220 4748/1088/1220 4749/1088/1221 4730/1088/1221
f 4730/1088/1221 4749/1088/1221 4750/1088/1222 4731/1088/1222
f 4731/1088/1222 4750/1088/1222 4751/1088/1223 4732/1088/1223
f 4732/1088/1223 4751/1088/1223 4752/1088/1224 4733/1088/1224
f 4733/1088/1224 4752/1088/1224 4753/1088/1236 4734/1088/1225
f 4734/1088/1225 4753/1088/1236 4754/1088/1226 4735/1088/1226
f 4735/1088/1226 4754/1088/1226 4755/1088/1227 4736/1088/1227
f 4736/1088/1227 4755/1088/1227 4756/1088/1228 4737/1088/1228
f 4737/1088/1228 4756/1088/1228 4757/1088/1238 4738/1088/1238
f 4738/1088/1238 4757/1088/1238 4758/1088/1230 4739/1088/1230
f 4739/1088/1230 4758/1088/1230 4759/1088/1231 4740/1088/1231
f 4740/1088/1231 4759/1088/1231 4760/1088/1232 4741/1088/1232
f 4741/1088/1232 4760/1088/1232 4761/1088/1233 4742/1088/1233
f 4742/1088/1233 4761/1088/1233 4762/1088/1234 4743/1088/1234
f 4743/1088/1234 4762/1088/1234 4744/1088/1235 4725/1088/1235
f 4763/1088/1235 4782/1088/1235 4783/1088/1217 4764/1088/1217
f 4764/1088/1217 4783/1088/1217 4784/1088/1218 4765/1088/1218
f 4765/1088/1218 4784/1088/1218 4785/1088/1219 4766/1088/1219
f 4766/1088/1219 4785/1088/1219 4786/1088/1220 4767/1088/1220
f 4767/1088/1220 4786/1088/1220 4787/1088/1221 4768/1088/1221
f 4768/1088/1221 4787/1088/1221 4788/1088/1222 4769/1088/1222
f 4769/1088/1222 4788/1088/1222 4789/1088/1223 4770/1088/1223
f 4770/1088/1223 4789/1088/1223 4790/1088/1244 4771/1088/1244
f 4771/1088/1244 4790/1088/1244 4791/1088/1240 4772/1088/1240
f 4772/1088/1240 4791/1088/1240 4792/1088/1226 4773/1088/1226
f 4773/1088/1226 4792/1088/1226 4793/1088/1227 4774/1088/1227
f 4774/1088/1227 4793/1088/1227 4794/1088/1228 4775/1088/1228
f 4775/1088/1228 4794/1088/1228 4795/1088/1229 4776/1088/1229
f 4776/1088/1229 4795/1088/1229 4796/1088/1230 4777/1088/1230
f 4777/1088/1230 4796/1088/1230 4797/1088/1245 4778/1088/1245
f 4778/1088/1245 4797/1088/1245 4798/1088/1232 4779/1088/1232
f 4779/1088/1232 4798/1088/1232 4799/1088/1233 4780/1088/1233
f 4780/1088/1233 4799/1088/1233 4800/1088/1234 4781/1088/1234
f 4781/1088/1234 4800/1088/1234 4782/1088/1235 4763/1088/1235
f 4801/1088/1235 4820/1088/1235 4821/1088/1242 4802/1088/1242
f 4802/1088/1242 4821/1088/1242 4822/1088/1218 4803/1088/1218
f 4803/1088/1218 4822/1088/1218 4823/1088/1219 4804/1088/1219
f 4804/1088/1219 4823/1088/1219 4824/1088/1220 4805/1088/1220
f 4805/1088/1220 4824/1088/1220 4825/1088/1221 4806/1088/1221
f 4806/1088/1221 4825/1088/1221 4826/1088/1246 4807/1088/1222
f 4807/1088/1222 4826/1088/1246 4827/1088/1223 4808/1088/1223
f 4808/1088/1223 4827/1088/1223 4828/1088/1224 4809/1088/1224
f 4809/1088/1224 4828/1088/1224 4829/1088/1236 4810/1088/1225
f 4810/1088/1225 4829/1088/1236 4830/1088/1226 4811/1088/1226
f 4811/1088/1226 4830/1088/1226 4831/1088/1237 4812/1088/1237
f 4812/1088/1237 4831/1088/1237 4832/1088/1228 4813/1088/1228
f 4813/1088/1228 4832/1088/1228 4833/1088/1238 4814/1088/1238
f 4814/1088/1238 4833/1088/1238 4834/1088/1230 4815/1088/1230
f 4815/1088/1230 4834/1088/1230 4835/1088/1231 4816/1088/1231
f 4816/1088/1231 4835/1088/1231 4836/1088/1232 4817/1088/1232
f 4817/1088/1232 4836/1088/1232 4837/1088/1233 4818/1088/1233
f 4818/1088/1233 4837/1088/1233 4838/1088/1234 4819/1088/1234
f 4819/1088/1234 4838/1088/1234 4820/1088/1235 4801/1088/1235
f 4839/1088/1235 4858/1088/1235 4859/1088/1242 4840/1088/1242
f 4840/1088/1242 4859/1088/1242 4860/1088/1218 4841/1088/1218
f 4841/1088/1218 4860/1088/1218 4861/1088/1219 4842/1088/1219
f 4842/1088/1219 4861/1088/1219 4862/1088/1220 4843/1088/1220
f 4843/1088/1220 4862/1088/1220 4863/1088/1221 4844/1088/1221
f 4844/1088/1221 4863/1088/1221 4864/1088/1222 4845/1088/1222
f 4845/1088/1222 4864/1088/1222 4865/1088/1223 4846/1088/1223
f 4846/1088/1223 4865/1088/1223 4866/1088/1224 4847/1088/1224
f 4847/1088/1224 4866/1088/1224 4867/1088/1236 4848/1088/1225
f 4848/1088/1225 4867/1088/1236 4868/1088/1226 4849/1088/1226
f 4849/1088/1226 4868/1088/1226 4869/1088/1237 4850/1088/1237
f 4850/1088/1237 4869/1088/1237 4870/1088/1228 4851/1088/1228
f 4851/1088/1228 4870/1088/1228 4871/1088/1238 4852/1088/1238
f 4852/1088/1238 4871/1088/1238 4872/1088/1230 4853/1088/1230
f 4853/1088/1230 4872/1088/1230 4873/1088/1231 4854/1088/1231
f 4854/1088/1231 4873/1088/1231 4874/1088/1232 4855/1088/1232
f 4855/1088/1232 4874/1088/1232 4875/1088/1233 4856/1088/1233
f 4856/1088/1233 4875/1088/1233 4876/1088/1234 4857/1088/1234
f 4857/1088/1234 4876/1088/1234 4858/1088/1235 4839/1088/1235
f 4877/1088/1216 4896/1088/1216 4897/1088/1217 4878/1088/1217
f 4878/1088/1217 4897/1088/1217 4898/1088/1218 4879/1088/1218
f 4879/1088/1218 4898/1088/1218 4899/1088/1219 4880/1088/1219
f 4880/1088/1219 4899/1088/1219 4900/1088/1220 4881/1088/1220
f 4881/1088/1220 4900/1088/1220 4901/1088/1221 4882/1088/1221
f 4882/1088/1221 4901/1088/1221 4902/1088/1246 4883/1088/1246
f 4883/1088/1246 4902/1088/1246 4903/1088/1247 4884/1088/1247
f 4884/1088/1247 4903/1088/1247 4904/1088/1224 4885/1088/1224
f 4885/1088/1224 4904/1088/1224 4905/1088/1236 4886/1088/1236
f 4886/1088/1236 4905/1088/1236 4906/1088/1226 4887/1088/1226
f 4887/1088/1226 4906/1088/1226 4907/1088/1227 4888/1088/1227
f 4888/1088/1227 4907/1088/1227 4908/1088/1228 4889/1088/1228
f 4889/1088/1228 4908/1088/1228 4909/1088/1238 4890/1088/1238
f 4890/1088/1238 4909/1088/1238 4910/1088/1230 4891/1088/1230
f 4891/1088/1230 4910/1088/1230 4911/1088/1231 4892/1088/1231
f 4892/1088/1231 4911/1088/1231 4912/1088/1232 4893/1088/1232
f 4893/1088/1232 4912/1088/1232 4913/1088/1248 4894/1088/1248
f 4894/1088/1248 4913/1088/1248 4914/1088/1249 4895/1088/1249
f 4895/1088/1249 4914/1088/1249 4896/1088/1216 4877/1088/1216
f 4915/1088/1250 4934/1088/1250 4935/1088/1239 4916/1088/1239
f 4916/1088/1239 4935/1088/1239 4936/1088/1218 4917/1088/1218
f 4917/1088/1218 4936/1088/1218 4937/1088/1219 4918/1088/1219
f 4918/1088/1219 4937/1088/1219 4938/1088/1220 4919/1088/1220
f 4919/1088/1220 4938/1088/1220 4939/1088/1221 4920/1088/1221
f 4920/1088/1221 4939/1088/1221 4940/1088/1222 4921/1088/1222
f 4921/1088/1222 4940/1088/1222 4941/1088/1223 4922/1088/1223
f 4922/1088/1223 4941/1088/1223 4942/1088/1244 4923/1088/1244
f 4923/1088/1244 4942/1088/1244 4943/1088/1251 4924/1088/1251
f 4924/1088/1251 4943/1088/1251 4944/1088/1241 4925/1088/1241
f 4925/1088/1241 4944/1088/1241 4945/1088/1237 4926/1088/1237
f 4926/1088/1237 4945/1088/1237 4946/1088/1228 4927/1088/1228
f 4927/1088/1228 4946/1088/1228 4947/1088/1238 4928/1088/1238
f 4928/1088/1238 4947/1088/1238 4948/1088/1230 4929/1088/1230
f 4929/1088/1230 4948/1088/1230 4949/1088/1245 4930/1088/1245
f 4930/1088/1245 4949/1088/1245 4950/1088/1232 4931/1088/1232
f 4931/1088/1232 4950/1088/1232 4951/1088/1233 4932/1088/1233
f 4932/1088/1233 4951/1088/1233 4952/1088/1234 4933/1088/1234
f 4933/1088/1234 4952/1088/1234 4934/1088/1250 4915/1088/1250
f 4953/1088/1252 4972/1088/1252 4973/1088/1253 4954/1088/1254
f 4954/1088/1254 4973/1088/1253 4974/1088/1255 4955/1088/1255
f 4955/1088/1255 4974/1088/1255 4975/1088/1256 4956/1088/1256
f 4956/1088/1256 4975/1088/1256 4976/1088/1257 4957/1088/1257
f 4957/1088/1257 4976/1088/1257 4977/1088/1258 4958/1088/1258
f 4958/1088/1258 4977/1088/1258 4978/1088/1259 4959/1088/1259
f 4959/1088/1259 4978/1088/1259 4979/1088/1260 4960/1088/1260
f 4960/1088/1260 4979/1088/1260 4980/1088/1261 4961/1088/1261
f 4961/1088/1261 4980/1088/1261 4981/1088/1262 4962/1088/1262
f 4962/1088/1262 4981/1088/1262 4982/1088/1263 4963/1088/1263
f 4963/1088/1263 4982/1088/1263 4983/1088/1264 4964/1088/1264
f 4964/1088/1264 4983/1088/1264 4984/1088/1265 4965/1088/1265
f 4965/1088/1265 4984/1088/1265 4985/1088/1266 4966/1088/1266
f 4966/1088/1266 4985/1088/1266 4986/1088/1267 4967/1088/1267
f 4967/1088/1267 4986/1088/1267 4987/1088/1268 4968/1088/1268
f 4968/1088/1268 4987/1088/1268 4988/1088/1269 4969/1088/1269
f 4969/1088/1269 4988/1088/1269 4989/1088/1270 4970/1088/1270
f 4970/1088/1270 4989/1088/1270 4990/1088/1271 4971/1088/1271
f 4971/1088/1271 4990/1088/1271 4972/1088/1252 4953/1088/1252
f 4991/1088/1252 5010/1088/1252 5011/1088/1254 4992/1088/1253
f 4992/1088/1253 5011/1088/1254 5012/1088/1255 4993/1088/1255
f 4993/1088/1255 5012/1088/1255 5013/1088/1256 4994/1088/1256
f 4994/1088/1256 5013/1088/1256 5014/1088/1257 4995/1088/1257
f 4995/1088/1257 5014/1088/1257 5015/1088/1258 4996/1088/1258
f 4996/1088/1258 5015/1088/1258 5016/1088/1259 4997/1088/1259
f 4997/1088/1259 5016/1088/1259 5017/1088/1260 4998/1088/1260
f 4998/1088/1260 5017/1088/1260 5018/1088/1261 4999/1088/1261
f 4999/1088/1261 5018/1088/1261 5019/1088/1262 5000/1088/1262
f 5000/1088/1262 5019/1088/1262 5020/1088/1263 5001/1088/1263
f 5001/1088/1263 5020/1088/1263 5021/1088/1264 5002/1088/1264
f 5002/1088/1264 5021/1088/1264 5022/1088/1265 5003/1088/1265
f 5003/1088/1265 5022/1088/1265 5023/1088/1266 5004/1088/1266
f 5004/1088/1266 5023/1088/1266 5024/1088/1267 5005/1088/1267
f 5005/1088/1267 5024/1088/1267 5025/1088/1268 5006/1088/1268
f 5006/1088/1268 5025/1088/1268 5026/1088/1269 5007/1088/1269
f 5007/1088/1269 5026/1088/1269 5027/1088/1270 5008/1088/1270
f 5008/1088/1270 5027/1088/1270 5028/1088/1271 5009/1088/1271
f 5009/1088/1271 5028/1088/1271 5010/1088/1252 4991/1088/1252
f 5029/1088/1252 5048/1088/1252 5049/1088/1253 5030/1088/1253
f 5030/1088/1253 5049/1088/1253 5050/1088/1255 5031/1088/1255
f 5031/1088/1255 5050/1088/1255 5051/1088/1256 5032/1088/1256
f 5032/1088/1256 5051/1088/1256 5052/1088/1257 5033/1088/1257
f 5033/1088/1257 5052/1088/1257 5053/1088/1258 5034/1088/1258
f 5034/1088/1258 5053/1088/1258 5054/1088/1259 5035/1088/1259
f 5035/1088/1259 5054/1088/1259 5055/1088/1260 5036/1088/1260
f 5036/1088/1260 5055/1088/1260 5056/1088/1261 5037/1088/1261
f 5037/1088/1261 5056/1088/1261 5057/1088/1262 5038/1088/1262
f 5038/1088/1262 5057/1088/1262 5058/1088/1263 5039/1088/1263
f 5039/1088/1263 5058/1088/1263 5059/1088/1264 5040/1088/1264
f 5040/1088/1264 5059/1088/1264 5060/1088/1265 5041/1088/1265
f 5041/1088/1265 5060/1088/1265 5061/1088/1266 5042/1088/1266
f 5042/1088/1266 5061/1088/1266 5062/1088/1267 5043/1088/1267
f 5043/1088/1267 5062/1088/1267 5063/1088/1268 5044/1088/1268
f 5044/1088/1268 5063/1088/1268 5064/1088/1269 5045/1088/1269
f 5045/1088/1269 5064/1088/1269 5065/1088/1270 5046/1088/1270
f 5046/1088/1270 5065/1088/1270 5066/1088/1271 5047/1088/1271
f 5047/1088/1271 5066/1088/1271 5048/1088/1252 5029/1088/1252
f 5067/1088/1252 5086/1088/1252 5087/1088/1254 5068/1088/1254
f 5068/1088/1254 5087/1088/1254 5088/1088/1255 5069/1088/1255
f 5069/1088/1255 5088/1088/1255 5089/1088/1256 5070/1088/1256
f 5070/1088/1256 5089/1088/1256 5090/1088/1257 5071/1088/1257
f 5071/1088/1257 5090/1088/1257 5091/1088/1258 5072/1088/1258
f 5072/1088/1258 5091/1088/1258 5092/1088/1272 5073/1088/1272
f 5073/1088/1272 5092/1088/1272 5093/1088/1273 5074/1088/1273
f 5074/1088/1273 5093/1088/1273 5094/1088/1261 5075/1088/1261
f 5075/1088/1261 5094/1088/1261 5095/1088/1262 5076/1088/1262
f 5076/1088/1262 5095/1088/1262 5096/1088/1263 5077/1088/1263
f 5077/1088/1263 5096/1088/1263 5097/1088/1274 5078/1088/1274
f 5078/1088/1274 5097/1088/1274 5098/1088/1265 5079/1088/1265
f 5079/1088/1265 5098/1088/1265 5099/1088/1266 5080/1088/1266
f 5080/1088/1266 5099/1088/1266 5100/1088/1267 5081/1088/1267
f 5081/1088/1267 5100/1088/1267 5101/1088/1268 5082/1088/1268
f 5082/1088/1268 5101/1088/1268 5102/1088/1275 5083/1088/1275
f 5083/1088/1275 5102/1088/1275 5103/1088/1270 5084/1088/1270
f 5084/1088/1270 5103/1088/1270 5104/1088/1271 5085/1088/1271
f 5085/1088/1271 5104/1088/1271 5086/1088/1252 5067/1088/1252
f 5105/1088/1252 5124/1088/1252 5125/1088/1253 5106/1088/1253
f 5106/1088/1253 5125/1088/1253 5126/1088/1255 5107/1088/1255
f 5107/1088/1255 5126/1088/1255 5127/1088/1256 5108/1088/1256
f 5108/1088/1256 5127/1088/1256 5128/1088/1257 5109/1088/1257
f 5109/1088/1257 5128/1088/1257 5129/1088/1258 5110/1088/1258
f 5110/1088/1258 5129/1088/1258 5130/1088/1259 5111/1088/1259
f 5111/1088/1259 5130/1088/1259 5131/1088/1260 5112/1088/1260
f 5112/1088/1260 5131/1088/1260 5132/1088/1261 5113/1088/1261
f 5113/1088/1261 5132/1088/1261 5133/1088/1262 5114/1088/1262
f 5114/1088/1262 5133/1088/1262 5134/1088/1263 5115/1088/1263
f 5115/1088/1263 5134/1088/1263 5135/1088/1274 5116/1088/1274
f 5116/1088/1274 5135/1088/1274 5136/1088/1265 5117/1088/1265
f 5117/1088/1265 5136/1088/1265 5137/1088/1266 5118/1088/1266
f 5118/1088/1266 5137/1088/1266 5138/1088/1267 5119/1088/1267
f 5119/1088/1267 5138/1088/1267 5139/1088/1268 5120/1088/1268
f 5120/1088/1268 5139/1088/1268 5140/1088/1269 5121/1088/1269
f 5121/1088/1269 5140/1088/1269 5141/1088/1276 5122/1088/1276
f 5122/1088/1276 5141/1088/1276 5142/1088/1271 5123/1088/1271
f 5123/1088/1271 5142/1088/1271 5124/1088/1252 5105/1088/1252
f 5143/1088/1252 5162/1088/1252 5163/1088/1253 5144/1088/1253
f 5144/1088/1253 5163/1088/1253 5164/1088/1255 5145/1088/1255
f 5145/1088/1255 5164/1088/1255 5165/1088/1256 5146/1088/1256
f 5146/1088/1256 5165/1088/1256 5166/1088/1257 5147/1088/1257
f 5147/1088/1257 5166/1088/1257 5167/1088/1258 5148/1088/1258
f 5148/1088/1258 5167/1088/1258 5168/1088/1272 5149/1088/1272
f 5149/1088/1272 5168/1088/1272 5169/1088/1260 5150/1088/1260
f 5150/1088/1260 5169/1088/1260 5170/1088/1261 5151/1088/1261
f 5151/1088/1261 5170/1088/1261 5171/1088/1262 5152/1088/1262
f 5152/1088/1262 5171/1088/1262 5172/1088/1263 5153/1088/1263
f 5153/1088/1263 5172/1088/1263 5173/1088/1264 5154/1088/1264
f 5154/1088/1264 5173/1088/1264 5174/1088/1265 5155/1088/1265
f 5155/1088/1265 5174/1088/1265 5175/1088/1266 5156/1088/1266
f 5156/1088/1266 5175/1088/1266 5176/1088/1267 5157/1088/1267
f 5157/1088/1267 5176/1088/1267 5177/1088/1268 5158/1088/1268
f 5158/1088/1268 5177/1088/1268 5178/1088/1275 5159/1088/1275
f 5159/1088/1275 5178/1088/1275 5179/1088/1270 5160/1088/1270
f 5160/1088/1270 5179/1088/1270 5180/1088/1271 5161/1088/1271
f 5161/1088/1271 5180/1088/1271 5162/1088/1252 5143/1088/1252
f 5181/1088/1252 5200/1088/1252 5201/1088/1253 5182/1088/1254
f 5182/1088/1254 5201/1088/1253 5202/1088/1255 5183/1088/1255
f 5183/1088/1255 5202/1088/1255 5203/1088/1256 5184/1088/1256
f 5184/1088/1256 5203/1088/1256 5204/1088/1257 5185/1088/1257
f 5185/1088/1257 5204/1088/1257 5205/1088/1258 5186/1088/1258
f 5186/1088/1258 5205/1088/1258 5206/1088/1259 5187/1088/1259
f 5187/1088/1259 5206/1088/1259 5207/1088/1260 5188/1088/1260
f 5188/1088/1260 5207/1088/1260 5208/1088/1261 5189/1088/1261
f 5189/1088/1261 5208/1088/1261 5209/1088/1262 5190/1088/1262
f 5190/1088/1262 5209/1088/1262 5210/1088/1263 5191/1088/1263
f 5191/1088/1263 5210/1088/1263 5211/1088/1274 5192/1088/1274
f 5192/1088/1274 5211/1088/1274 5212/1088/1265 5193/1088/1265
f 5193/1088/1265 5212/1088/1265 5213/1088/1266 5194/1088/1266
f 5194/1088/1266 5213/1088/1266 5214/1088/1267 5195/1088/1267
f 5195/1088/1267 5214/1088/1267 5215/1088/1268 5196/1088/1268
f 5196/1088/1268 5215/1088/1268 5216/1088/1269 5197/1088/1275
f 5197/1088/1275 5216/1088/1269 5217/1088/1270 5198/1088/1270
f 5198/1088/1270 5217/1088/1270 5218/1088/1271 5199/1088/1271
f 5199/1088/1271 5218/1088/1271 5200/1088/1252 5181/1088/1252
f 5219/1088/1252 5238/1088/1252 5239/1088/1254 5220/1088/1254
f 5220/1088/1254 5239/1088/1254 5240/1088/1255 5221/1088/1255
f 5221/1088/1255 5240/1088/1255 5241/1088/1256 5222/1088/1256
f 5222/1088/1256 5241/1088/1256 5242/1088/1257 5223/1088/1257
f 5223/1088/1257 5242/1088/1257 5243/1088/1258 5224/1088/1258
f 5224/1088/1258 5243/1088/1258 5244/1088/1259 5225/1088/1259
f 5225/1088/1259 5244/1088/1259 5245/1088/1260 5226/1088/1260
f 5226/1088/1260 5245/1088/1260 5246/1088/1261 5227/1088/1261
f 5227/1088/1261 5246/1088/1261 5247/1088/1262 5228/1088/1262
f 5228/1088/1262 5247/1088/1262 5248/1088/1263 5229/1088/1263
f 5229/1088/1263 5248/1088/1263 5249/1088/1274 5230/1088/1274
f 5230/1088/1274 5249/1088/1274 5250/1088/1265 5231/1088/1265
f 5231/1088/1265 5250/1088/1265 5251/1088/1266 5232/1088/1266
f 5232/1088/1266 5251/1088/1266 5252/1088/1267 5233/1088/1267
f 5233/1088/1267 5252/1088/1267 5253/1088/1268 5234/1088/1268
f 5234/1088/1268 5253/1088/1268 5254/1088/1269 5235/1088/1269
f 5235/1088/1269 5254/1088/1269 5255/1088/1270 5236/1088/1270
f 5236/1088/1270 5255/1088/1270 5256/1088/1271 5237/1088/1271
f 5237/1088/1271 5256/1088/1271 5238/1088/1252 5219/1088/1252
f 5257/1088/1252 5276/1088/1252 5277/1088/1253 5258/1088/1253
f 5258/1088/1253 5277/1088/1253 5278/1088/1255 5259/1088/1255
f 5259/1088/1255 5278/1088/1255 5279/1088/1256 5260/1088/1256
f 5260/1088/1256 5279/1088/1256 5280/1088/1257 5261/1088/1257
f 5261/1088/1257 5280/1088/1257 5281/1088/1258 5262/1088/1258
f 5262/1088/1258 5281/1088/1258 5282/1088/1259 5263/1088/1259
f 5263/1088/1259 5282/1088/1259 5283/1088/1260 5264/1088/1260
f 5264/1088/1260 5283/1088/1260 5284/1088/1261 5265/1088/1261
f 5265/1088/1261 5284/1088/1261 5285/1088/1262 5266/1088/1262
f 5266/1088/1262 5285/1088/1262 5286/1088/1263 5267/1088/1263
f 5267/1088/1263 5286/1088/1263 5287/1088/1264 5268/1088/1264
f 5268/1088/1264 5287/1088/1264 5288/1088/1265 5269/1088/1265
f 5269/1088/1265 5288/1088/1265 5289/1088/1266 5270/1088/1266
f 5270/1088/1266 5289/1088/1266 5290/1088/1267 5271/1088/1267
f 5271/1088/1267 5290/1088/1267 5291/1088/1268 5272/1088/1268
f 5272/1088/1268 5291/1088/1268 5292/1088/1269 5273/1088/1269
f 5273/1088/1269 5292/1088/1269 5293/1088/1276 5274/1088/1276
f 5274/1088/1276 5293/1088/1276 5294/1088/1271 5275/1088/1271
f 5275/1088/1271 5294/1088/1271 5276/1088/1252 5257/1088/1252
f 5295/1088/1252 5314/1088/1252 5315/1088/1253 5296/1088/1253
f 5296/1088/1253 5315/1088/1253 5316/1088/1255 5297/1088/1255
f 5297/1088/1255 5316/1088/1255 5317/1088/1256 5298/1088/1256
f 5298/1088/1256 5317/1088/1256 5318/1088/1257 5299/1088/1257
f 5299/1088/1257 5318/1088/1257 5319/1088/1258 5300/1088/1258
f 5300/1088/1258 5319/1088/1258 5320/1088/1259 5301/1088/1259
f 5301/1088/1259 5320/1088/1259 5321/1088/1260 5302/1088/1260
f 5302/1088/1260 5321/1088/1260 5322/1088/1261 5303/1088/1261
f 5303/1088/1261 5322/1088/1261 5323/1088/1262 5304/1088/1262
f 5304/1088/1262 5323/1088/1262 5324/1088/1263 5305/1088/1263
f 5305/1088/1263 5324/1088/1263 5325/1088/1274 5306/1088/1274
f 5306/1088/1274 5325/1088/1274 5326/1088/1265 5307/1088/1265
f 5307/1088/1265 5326/1088/1265 5327/1088/1266 5308/1088/1266
f 5308/1088/1266 5327/1088/1266 5328/1088/1267 5309/1088/1267
f 5309/1088/1267 5328/1088/1267 5329/1088/1268 5310/1088/1268
f 5310/1088/1268 5329/1088/1268 5330/1088/1269 5311/1088/1269
f 5311/1088/1269 5330/1088/1269 5331/1088/1276 5312/1088/1276
f 5312/1088/1276 5331/1088/1276 5332/1088/1271 5313/1088/1271
f 5313/1088/1271 5332/1088/1271 5314/1088/1252 5295/1088/1252
f 5333/1088/1252 5352/1088/1252 5353/1088/1254 5334/1088/1254
f 5334/1088/1254 5353/1088/1254 5354/1088/1255 5335/1088/1255
f 5335/1088/1255 5354/1088/1255 5355/1088/1256 5336/1088/1256
f 5336/1088/1256 5355/1088/1256 5356/1088/1257 5337/1088/1257
f 5337/1088/1257 5356/1088/1257 5357/1088/1258 5338/1088/1258
f 5338/1088/1258 5357/1088/1258 5358/1088/1259 5339/1088/1259
f 5339/1088/1259 5358/1088/1259 5359/1088/1260 5340/1088/1260
f 5340/1088/1260 5359/1088/1260 5360/1088/1261 5341/1088/1261
f 5341/1088/1261 5360/1088/1261 5361/1088/1262 5342/1088/1262
f 5342/1088/1262 5361/1088/1262 5362/1088/1263 5343/1088/1263
f 5343/1088/1263 5362/1088/1263 5363/1088/1274 5344/1088/1274
f 5344/1088/1274 5363/1088/1274 5364/1088/1265 5345/1088/1265
f 5345/1088/1265 5364/1088/1265 5365/1088/1266 5346/1088/1266
f 5346/1088/1266 5365/1088/1266 5366/1088/1267 5347/1088/1267
f 5347/1088/1267 5366/1088/1267 5367/1088/1268 5348/1088/1268
f 5348/1088/1268 5367/1088/1268 5368/1088/1269 5349/1088/1269
f 5349/1088/1269 5368/1088/1269 5369/1088/1270 5350/1088/1270
f 5350/1088/1270 5369/1088/1270 5370/1088/1271 5351/1088/1271
f 5351/1088/1271 5370/1088/1271 5352/1088/1252 5333/1088/1252
f 5371/1088/1277 5390/1088/1277 5391/1088/1278 5372/1088/1278
f 5372/1088/1278 5391/1088/1278 5392/1088/1279 5373/1088/1279
f 5373/1088/1279 5392/1088/1279 5393/1088/1280 5374/1088/1280
f 5374/1088/1280 5393/1088/1280 5394/1088/1281 5375/1088/1281
f 5375/1088/1281 5394/1088/1281 5395/1088/1282 5376/1088/1282
f 5376/1088/1282 5395/1088/1282 5396/1088/1283 5377/1088/1283
f 5377/1088/1283 5396/1088/1283 5397/1088/1284 5378/1088/1284
f 5378/1088/1284 5397/1088/1284 5398/1088/1285 5379/1088/1285
f 5379/1088/1285 5398/1088/1285 5399/1088/1286 5380/1088/1286
f 5380/1088/1286 5399/1088/1286 5400/1088/1287 5381/1088/1287
f 5381/1088/1287 5400/1088/1287 5401/1088/1288 5382/1088/1288
f 5382/1088/1288 5401/1088/1288 5402/1088/1289 5383/1088/1289
f 5383/1088/1289 5402/1088/1289 5403/1088/1290 5384/1088/1290
f 5384/1088/1290 5403/1088/1290 5404/1088/1291 5385/1088/1291
f 5385/1088/1291 5404/1088/1291 5405/1088/1292 5386/1088/1292
f 5386/1088/1292 5405/1088/1292 5406/1088/1293 5387/1088/1293
f 5387/1088/1293 5406/1088/1293 5407/1088/1294 5388/1088/1294
f 5388/1088/1294 5407/1088/1294 5408/1088/1295 5389/1088/1295
f 5389/1088/1295 5408/1088/1295 5390/1088/1277 5371/1088/1277
f 5409/1088/1277 5428/1088/1277 5429/1088/1296 5410/1088/1296
f 5410/1088/1296 5429/1088/1296 5430/1088/1279 5411/1088/1279
f 5411/1088/1279 5430/1088/1279 5431/1088/1280 5412/1088/1280
f 5412/1088/1280 5431/1088/1280 5432/1088/1281 5413/1088/1281
f 5413/1088/1281 5432/1088/1281 5433/1088/1282 5414/1088/1282
f 5414/1088/1282 5433/1088/1282 5434/1088/1283 5415/1088/1283
f 5415/1088/1283 5434/1088/1283 5435/1088/1284 5416/1088/1284
f 5416/1088/1284 5435/1088/1284 5436/1088/1285 5417/1088/1285
f 5417/1088/1285 5436/1088/1285 5437/1088/1286 5418/1088/1286
f 5418/1088/1286 5437/1088/1286 5438/1088/1287 5419/1088/1287
f 5419/1088/1287 5438/1088/1287 5439/1088/1297 5420/1088/1288
f 5420/1088/1288 5439/1088/1297 5440/1088/1289 5421/1088/1289
f 5421/1088/1289 5440/1088/1289 5441/1088/1290 5422/1088/1290
f 5422/1088/1290 5441/1088/1290 5442/1088/1291 5423/1088/1291
f 5423/1088/1291 5442/1088/1291 5443/1088/1292 5424/1088/1292
f 5424/1088/1292 5443/1088/1292 5444/1088/1298 5425/1088/1298
f 5425/1088/1298 5444/1088/1298 5445/1088/1299 5426/1088/1299
f 5426/1088/1299 5445/1088/1299 5446/1088/1295 5427/1088/1295
f 5427/1088/1295 5446/1088/1295 5428/1088/1277 5409/1088/1277
f 5447/1088/1277 5466/1088/1277 5467/1088/1278 5448/1088/1278
f 5448/1088/1278 5467/1088/1278 5468/1088/1279 5449/1088/1279
f 5449/1088/1279 5468/1088/1279 5469/1088/1280 5450/1088/1280
f 5450/1088/1280 5469/1088/1280 5470/1088/1281 5451/1088/1281
f 5451/1088/1281 5470/1088/1281 5471/1088/1282 5452/1088/1282
f 5452/1088/1282 5471/1088/1282 5472/1088/1283 5453/1088/1283
f 5453/1088/1283 5472/1088/1283 5473/1088/1284 5454/1088/1284
f 5454/1088/1284 5473/1088/1284 5474/1088/1285 5455/1088/1285
f 5455/1088/1285 5474/1088/1285 5475/1088/1286 5456/1088/1286
f 5456/1088/1286 5475/1088/1286 5476/1088/1287 5457/1088/1287
f 5457/1088/1287 5476/1088/1287 5477/1088/1288 5458/1088/1288
f 5458/1088/1288 5477/1088/1288 5478/1088/1289 5459/1088/1289
f 5459/1088/1289 5478/1088/1289 5479/1088/1290 5460/1088/1290
f 5460/1088/1290 5479/1088/1290 5480/1088/1291 5461/1088/1291
f 5461/1088/1291 5480/1088/1291 5481/1088/1292 5462/1088/1292
f 5462/1088/1292 5481/1088/1292 5482/1088/1298 5463/1088/1298
f 5463/1088/1298 5482/1088/1298 5483/1088/1294 5464/1088/1294
f 5464/1088/1294 5483/1088/1294 5484/1088/1295 5465/1088/1295
f 5465/1088/1295 5484/1088/1295 5466/1088/1277 5447/1088/1277
f 5485/1088/1277 5504/1088/1277 5505/1088/1278 5486/1088/1278
f 5486/1088/1278 5505/1088/1278 5506/1088/1279 5487/1088/1279
f 5487/1088/1279 5506/1088/1279 5507/1088/1280 5488/1088/1280
f 5488/1088/1280 5507/1088/1280 5508/1088/1281 5489/1088/1281
f 5489/1088/1281 5508/1088/1281 5509/1088/1282 5490/1088/1282
f 5490/1088/1282 5509/1088/1282 5510/1088/1283 5491/1088/1283
f 5491/1088/1283 5510/1088/1283 5511/1088/1284 5492/1088/1284
f 5492/1088/1284 5511/1088/1284 5512/1088/1285 5493/1088/1285
f 5493/1088/1285 5512/1088/1285 5513/1088/1286 5494/1088/1286
f 5494/1088/1286 5513/1088/1286 5514/1088/1287 5495/1088/1287
f 5495/1088/1287 5514/1088/1287 5515/1088/1288 5496/1088/1288
f 5496/1088/1288 5515/1088/1288 5516/1088/1289 5497/1088/1289
f 5497/1088/1289 5516/1088/1289 5517/1088/1290 5498/1088/1290
f 5498/1088/1290 5517/1088/1290 5518/1088/1291 5499/1088/1291
f 5499/1088/1291 5518/1088/1291 5519/1088/1292 5500/1088/1292
f 5500/1088/1292 5519/1088/1292 5520/1088/1293 5501/1088/1293
f 5501/1088/1293 5520/1088/1293 5521/1088/1294 5502/1088/1294
f 5502/1088/1294 5521/1088/1294 5522/1088/1295 5503/1088/1295
f 5503/1088/1295 5522/1088/1295 5504/1088/1277 5485/1088/1277
f 5523/1088/1277 5542/1088/1277 5543/1088/1278 5524/1088/1278
f 5524/1088/1278 5543/1088/1278 5544/1088/1279 5525/1088/1279
f 5525/1088/1279 5544/1088/1279 5545/1088/1280 5526/1088/1280
f 5526/1088/1280 5545/1088/1280 5546/1088/1281 5527/1088/1281
f 5527/1088/1281 5546/1088/1281 5547/1088/1282 5528/1088/1282
f 5528/1088/1282 5547/1088/1282 5548/1088/1283 5529/1088/1283
f 5529/1088/1283 5548/1088/1283 5549/1088/1284 5530/1088/1284
f 5530/1088/1284 5549/1088/1284 5550/1088/1285 5531/1088/1285
f 5531/1088/1285 5550/1088/1285 5551/1088/1286 5532/1088/1286
f 5532/1088/1286 5551/1088/1286 5552/1088/1287 5533/1088/1287
f 5533/1088/1287 5552/1088/1287 5553/1088/1288 5534/1088/1288
f 5534/1088/1288 5553/1088/1288 5554/1088/1289 5535/1088/1289
f 5535/1088/1289 5554/1088/1289 5555/1088/1300 5536/1088/1300
f 5536/1088/1300 5555/1088/1300 5556/1088/1291 5537/1088/1291
f 5537/1088/1291 5556/1088/1291 5557/1088/1292 5538/1088/1292
f 5538/1088/1292 5557/1088/1292 5558/1088/1298 5539/1088/1298
f 5539/1088/1298 5558/1088/1298 5559/1088/1294 5540/1088/1294
f 5540/1088/1294 5559/1088/1294 5560/1088/1295 5541/1088/1295
f 5541/1088/1295 5560/1088/1295 5542/1088/1277 5523/1088/1277
f 5561/1088/1277 5580/1088/1277 5581/1088/1278 5562/1088/1278
f 5562/1088/1278 5581/1088/1278 5582/1088/1279 5563/1088/1279
f 5563/1088/1279 5582/1088/1279 5583/1088/1280 5564/1088/1280
f 5564/1088/1280 5583/1088/1280 5584/1088/1281 5565/1088/1281
f 5565/1088/1281 5584/1088/1281 5585/1088/1282 5566/1088/1282
f 5566/1088/1282 5585/1088/1282 5586/1088/1283 5567/1088/1283
f 5567/1088/1283 5586/1088/1283 5587/1088/1284 5568/1088/1284
f 5568/1088/1284 5587/1088/1284 5588/1088/1285 5569/1088/1285
f 5569/1088/1285 5588/1088/1285 5589/1088/1286 5570/1088/1286
f 5570/1088/1286 5589/1088/1286 5590/1088/1287 5571/1088/1287
f 5571/1088/1287 5590/1088/1287 5591/1088/1297 5572/1088/1297
f 5572/1088/1297 5591/1088/1297 5592/1088/1289 5573/1088/1289
f 5573/1088/1289 5592/1088/1289 5593/1088/1290 5574/1088/1290
f 5574/1088/1290 5593/1088/1290 5594/1088/1291 5575/1088/1291
f 5575/1088/1291 5594/1088/1291 5595/1088/1292 5576/1088/1292
f 5576/1088/1292 5595/1088/1292 5596/1088/1293 5577/1088/1293
f 5577/1088/1293 5596/1088/1293 5597/1088/1294 5578/1088/1294
f 5578/1088/1294 5597/1088/1294 5598/1088/1295 5579/1088/1295
f 5579/1088/1295 5598/1088/1295 5580/1088/1277 5561/1088/1277
f 5599/1088/1277 5618/1088/1277 5619/1088/1296 5600/1088/1296
f 5600/1088/1296 5619/1088/1296 5620/1088/1279 5601/1088/1279
f 5601/1088/1279 5620/1088/1279 5621/1088/1280 5602/1088/1280
f 5602/1088/1280 5621/1088/1280 5622/1088/1301 5603/1088/1301
f 5603/1088/1301 5622/1088/1301 5623/1088/1282 5604/1088/1282
f 5604/1088/1282 5623/1088/1282 5624/1088/1302 5605/1088/1302
f 5605/1088/1302 5624/1088/1302 5625/1088/1284 5606/1088/1284
f 5606/1088/1284 5625/1088/1284 5626/1088/1285 5607/1088/1285
f 5607/1088/1285 5626/1088/1285 5627/1088/1286 5608/1088/1286
f 5608/1088/1286 5627/1088/1286 5628/1088/1287 5609/1088/1287
f 5609/1088/1287 5628/1088/1287 5629/1088/1297 5610/1088/1297
f 5610/1088/1297 5629/1088/1297 5630/1088/1289 5611/1088/1289
f 5611/1088/1289 5630/1088/1289 5631/1088/1290 5612/1088/1290
f 5612/1088/1290 5631/1088/1290 5632/1088/1291 5613/1088/1291
f 5613/1088/1291 5632/1088/1291 5633/1088/1292 5614/1088/1292
f 5614/1088/1292 5633/1088/1292 5634/1088/1293 5615/1088/1293
f 5615/1088/1293 5634/1088/1293 5635/1088/1294 5616/1088/1294
f 5616/1088/1294 5635/1088/1294 5636/1088/1295 5617/1088/1295
f 5617/1088/1295 5636/1088/1295 5618/1088/1277 5599/1088/1277
f 5637/1088/1277 5656/1088/1277 5657/1088/1296 5638/1088/1296
f 5638/1088/1296 5657/1088/1296 5658/1088/1279 5639/1088/1279
f 5639/1088/1279 5658/1088/1279 5659/1088/1280 5640/1088/1280
f 5640/1088/1280 5659/1088/1280 5660/1088/1281 5641/1088/1281
f 5641/1088/1281 5660/1088/1281 5661/1088/1282 5642/1088/1282
f 5642/1088/1282 5661/1088/1282 5662/1088/1283 5643/1088/1283
f 5643/1088/1283 5662/1088/1283 5663/1088/1284 5644/1088/1284
f 5644/1088/1284 5663/1088/1284 5664/1088/1285 5645/1088/1285
f 5645/1088/1285 5664/1088/1285 5665/1088/1286 5646/1088/1286
f 5646/1088/1286 5665/1088/1286 5666/1088/1287 5647/1088/1287
f 5647/1088/1287 5666/1088/1287 5667/1088/1297 5648/1088/1297
f 5648/1088/1297 5667/1088/1297 5668/1088/1289 5649/1088/1289
f 5649/1088/1289 5668/1088/1289 5669/1088/1290 5650/1088/1290
f 5650/1088/1290 5669/1088/1290 5670/1088/1291 5651/1088/1291
f 5651/1088/1291 5670/1088/1291 5671/1088/1292 5652/1088/1292
f 5652/1088/1292 5671/1088/1292 5672/1088/1298 5653/1088/1298
f 5653/1088/1298 5672/1088/1298 5673/1088/1299 5654/1088/1299
f 5654/1088/1299 5673/1088/1299 5674/1088/1295 5655/1088/1295
f 5655/1088/1295 5674/1088/1295 5656/1088/1277 5637/1088/1277
f 5675/1088/1277 5694/1088/1277 5695/1088/1296 5676/1088/1296
f 5676/1088/1296 5695/1088/1296 5696/1088/1279 5677/1088/1279
f 5677/1088/1279 5696/1088/1279 5697/1088/1280 5678/1088/1280
f 5678/1088/1280 5697/1088/1280 5698/1088/1281 5679/1088/1281
f 5679/1088/1281 5698/1088/1281 5699/1088/1282 5680/1088/1282
f 5680/1088/1282 5699/1088/1282 5700/1088/1283 5681/1088/1283
f 5681/1088/1283 5700/1088/1283 5701/1088/1284 5682/1088/1284
f 5682/1088/1284 5701/1088/1284 5702/1088/1285 5683/1088/1285
f 5683/1088/1285 5702/1088/1285 5703/1088/1286 5684/1088/1286
f 5684/1088/1286 5703/1088/1286 5704/1088/1287 5685/1088/1287
f 5685/1088/1287 5704/1088/1287 5705/1088/1297 5686/1088/1297
f 5686/1088/1297 5705/1088/1297 5706/1088/1289 5687/1088/1289
f 5687/1088/1289 5706/1088/1289 5707/1088/1290 5688/1088/1290
f 5688/1088/1290 5707/1088/1290 5708/1088/1291 5689/1088/1291
f 5689/1088/1291 5708/1088/1291 5709/1088/1292 5690/1088/1292
f 5690/1088/1292 5709/1088/1292 5710/1088/1298 5691/1088/1298
f 5691/1088/1298 5710/1088/1298 5711/1088/1299 5692/1088/1299
f 5692/1088/1299 5711/1088/1299 5712/1088/1295 5693/1088/1295
f 5693/1088/1295 5712/1088/1295 5694/1088/1277 5675/1088/1277
f 5713/1088/1277 5732/1088/1277 5733/1088/1296 5714/1088/1296
f 5714/1088/1296 5733/1088/1296 5734/1088/1279 5715/1088/1279
f 5715/1088/1279 5734/1088/1279 5735/1088/1280 5716/1088/1280
f 5716/1088/1280 5735/1088/1280 5736/1088/1281 5717/1088/1281
f 5717/1088/1281 5736/1088/1281 5737/1088/1282 5718/1088/1282
f 5718/1088/1282 5737/1088/1282 5738/1088/1283 5719/1088/1283
f 5719/1088/1283 5738/1088/1283 5739/1088/1284 5720/1088/1284
f 5720/1088/1284 5739/1088/1284 5740/1088/1285 5721/1088/1285
f 5721/1088/1285 5740/1088/1285 5741/1088/1286 5722/1088/1286
f 5722/1088/1286 5741/1088/1286 5742/1088/1287 5723/1088/1287
f 5723/1088/1287 5742/1088/1287 5743/1088/1297 5724/1088/1297
f 5724/1088/1297 5743/1088/1297 5744/1088/1289 5725/1088/1289
f 5725/1088/1289 5744/1088/1289 5745/1088/1290 5726/1088/1290
f 5726/1088/1290 5745/1088/1290 5746/1088/1291 5727/1088/1291
f 5727/1088/1291 5746/1088/1291 5747/1088/1292 5728/1088/1292
f 5728/1088/1292 5747/1088/1292 5748/1088/1298 5729/1088/1298
f 5729/1088/1298 5748/1088/1298 5749/1088/1299 5730/1088/1299
f 5730/1088/1299 5749/1088/1299 5750/1088/1295 5731/1088/1295
f 5731/1088/1295 5750/1088/1295 5732/1088/1277 5713/1088/1277
f 5751/1088/1277 5770/1088/1277 5771/1088/1278 5752/1088/1278
f 5752/1088/1278 5771/1088/1278 5772/1088/1279 5753/1088/1279
f 5753/1088/1279 5772/1088/1279 5773/1088/1280 5754/1088/1280
f 5754/1088/1280 5773/1088/1280 5774/1088/1281 5755/1088/1281
f 5755/1088/1281 5774/1088/1281 5775/1088/1282 5756/1088/1282
f 5756/1088/1282 5775/1088/1282 5776/1088/1283 5757/1088/1283
f 5757/1088/1283 5776/1088/1283 5777/1088/1284 5758/1088/1284
f 5758/1088/1284 5777/1088/1284 5778/1088/1285 5759/1088/1285
f 5759/1088/1285 5778/1088/1285 5779/1088/1286 5760/1088/1286
f 5760/1088/1286 5779/1088/1286 5780/1088/1287 5761/1088/1287
f 5761/1088/1287 5780/1088/1287 5781/1088/1297 5762/1088/1297
f 5762/1088/1297 5781/1088/1297 5782/1088/1289 5763/1088/1289
f 5763/1088/1289 5782/1088/1289 5783/1088/1290 5764/1088/1290
f 5764/1088/1290 5783/1088/1290 5784/1088/1291 5765/1088/1291
f 5765/1088/1291 5784/1088/1291 5785/1088/1292 5766/1088/1292
f 5766/1088/1292 5785/1088/1292 5786/1088/1298 5767/1088/1298
f 5767/1088/1298 5786/1088/1298 5787/1088/1299 5768/1088/1294
f 5768/1088/1294 5787/1088/1299 5788/1088/1295 5769/1088/1295
f 5769/1088/1295 5788/1088/1295 5770/1088/1277 5751/1088/1277
usemtl Hydrogen
f 6776/25/11 6775/21/11 5814/22/11 5815/26/11
f 5800/27/12 6780/23/12 5828/24/12 5829/28/12
f 5791/29/13 6776/25/13 5815/26/13 5816/30/13
f 5801/31/14 5800/27/14 5829/28/14 5830/32/14
f 5792/33/15 5791/29/15 5816/30/15 5817/34/15
f 5802/35/16 5801/31/16 5830/32/16 5831/36/16
f 5793/37/17 5792/33/17 5817/34/17 5818/38/17
f 6768/39/1303 6302/40/1303 5805/41/1304
f 6781/42/20 5802/35/20 5831/36/20 5832/43/20
f 5794/44/21 5793/37/21 5818/38/21 5819/45/21
f 6769/46/1305 6768/39/1305 5805/41/1305 5806/47/1305
f 6782/48/1306 6781/42/1306 5832/43/1306 5833/49/1306
f 6777/50/24 5794/44/24 5819/45/24 5820/51/24
f 6770/52/25 6769/46/25 5806/47/25 5807/53/25
f 5803/54/26 6782/48/26 5833/49/26 5834/55/26
f 5795/56/27 6777/50/27 5820/51/27 5821/57/27
f 6771/58/28 6770/52/28 5807/53/28 5808/59/28
f 5804/60/1059 5803/54/1059 5834/55/1059 5835/61/1059
f 5796/62/30 5795/56/30 5821/57/30 5822/63/30
f 6772/2/31 6771/58/31 5808/59/31 5809/3/31
f 6301/64/32 5804/60/33 5835/61/32
f 6778/6/34 5796/62/34 5822/63/34 5823/7/34
f 6773/1/1307 6772/2/1307 5809/3/1307 5810/4/1307
f 6779/5/2 6778/6/2 5823/7/2 5824/8/2
f 5789/9/3 6773/1/3 5810/4/3 5811/10/3
f 5797/11/4 6779/5/4 5824/8/4 5825/12/4
f 6774/13/1308 5789/9/1308 5811/10/1308 5812/14/1308
f 5798/15/6 5797/11/6 5825/12/6 5826/16/6
f 5790/17/7 6774/13/7 5812/14/7 5813/18/7
f 5799/19/1309 5798/15/1309 5826/16/1309 5827/20/1309
f 6775/21/1310 5790/17/1310 5813/18/1310 5814/22/1310
f 6780/23/10 5799/19/10 5827/20/10 5828/24/10
f 5823/7/51 5822/63/51 5853/80/51 5854/83/51
f 5810/4/52 5809/3/52 5840/81/52 5841/84/52
f 5824/8/1060 5823/7/1060 5854/83/1060 5855/85/1060
f 5811/10/1311 5810/4/1311 5841/84/1311 5842/86/1311
f 5825/12/1312 5824/8/1312 5855/85/1312 5856/87/1312
f 5812/14/1313 5811/10/1313 5842/86/1313 5843/88/1313
f 5826/16/57 5825/12/57 5856/87/57 5857/89/57
f 5813/18/1314 5812/14/1314 5843/88/1314 5844/90/1314
f 5827/20/59 5826/16/59 5857/89/59 5858/91/59
f 5814/22/60 5813/18/60 5844/90/60 5845/92/60
f 5828/24/1315 5827/20/1315 5858/91/1315 5859/93/1315
f 5815/26/62 5814/22/62 5845/92/62 5846/94/62
f 5829/28/63 5828/24/63 5859/93/63 5860/95/63
f 5816/30/1316 5815/26/1316 5846/94/1316 5847/96/1316
f 5830/32/65 5829/28/65 5860/95/65 5861/97/65
f 5817/34/66 5816/30/66 5847/96/66 5848/65/66
f 5831/36/67 5830/32/67 5861/97/67 5862/69/67
f 5818/38/35 5817/34/35 5848/65/35 5849/66/35
f 5805/41/1317 6302/67/37 5836/68/37
f 5832/43/38 5831/36/38 5862/69/38 5863/70/38
f 5819/45/39 5818/38/39 5849/66/39 5850/71/39
f 5806/47/40 5805/41/40 5836/68/40 5837/72/40
f 5833/49/1318 5832/43/1318 5863/70/1318 5864/73/1318
f 5820/51/42 5819/45/42 5850/71/42 5851/74/42
f 5807/53/43 5806/47/43 5837/72/43 5838/75/43
f 5834/55/44 5833/49/44 5864/73/44 5865/76/44
f 5821/57/45 5820/51/45 5851/74/45 5852/77/45
f 5808/59/46 5807/53/46 5838/75/46 5839/78/46
f 5835/61/47 5834/55/47 5865/76/47 5866/79/47
f 5822/63/48 5821/57/48 5852/77/48 5853/80/48
f 5809/3/49 5808/59/49 5839/78/49 5840/81/49
f 6301/82/32 5835/61/32 5866/79/50
f 5856/87/1319 5855/85/1319 5886/112/1319 5887/114/1319
f 5843/88/83 5842/86/83 5873/113/83 5874/115/83
f 5857/89/84 5856/87/84 5887/114/84 5888/116/84
f 5844/90/85 5843/88/85 5874/115/85 5875/117/85
f 5858/91/86 5857/89/86 5888/116/86 5889/118/86
f 5845/92/87 5844/90/87 5875/117/87 5876/119/87
f 5859/93/88 5858/91/88 5889/118/88 5890/120/88
f 5846/94/89 5845/92/89 5876/119/89 5877/121/89
f 5860/95/90 5859/93/90 5890/120/90 5891/122/90
f 5847/96/1320 5846/94/1320 5877/121/1320 5878/123/1320
f 5861/97/92 5860/95/92 5891/122/92 5892/124/92
f 5848/65/1063 5847/96/1063 5878/123/1063 5879/125/1063
f 5862/69/94 5861/97/94 5892/124/94 5893/126/94
f 5849/66/95 5848/65/95 5879/125/95 5880/127/95
f 5836/68/37 6302/128/37 5867/129/96
f 5863/70/97 5862/69/97 5893/126/97 5894/130/97
f 5850/71/98 5849/66/98 5880/127/98 5881/98/98
f 5837/72/99 5836/68/99 5867/129/99 5868/100/99
f 5864/73/100 5863/70/100 5894/130/100 5895/102/100
f 5851/74/68 5850/71/68 5881/98/68 5882/99/68
f 5838/75/1321 5837/72/1321 5868/100/1321 5869/101/1321
f 5865/76/1322 5864/73/1322 5895/102/1322 5896/103/1322
f 5852/77/71 5851/74/71 5882/99/71 5883/104/71
f 5839/78/72 5838/75/72 5869/101/72 5870/105/72
f 5866/79/73 5865/76/73 5896/103/73 5897/106/73
f 5853/80/74 5852/77/74 5883/104/74 5884/107/74
f 5840/81/75 5839/78/75 5870/105/75 5871/108/75
f 6301/109/76 5866/79/1323 5897/106/76
f 5854/83/78 5853/80/78 5884/107/78 5885/110/78
f 5841/84/1324 5840/81/1324 5871/108/1324 5872/111/1324
f 5855/85/1062 5854/83/1062 5885/110/1062 5886/112/1062
f 5842/86/81 5841/84/81 5872/111/81 5873/113/81
f 5889/118/112 5888/116/112 5919/143/112 5920/145/112
f 5876/119/113 5875/117/113 5906/144/113 5907/146/113
f 5890/120/114 5889/118/114 5920/145/114 5921/147/114
f 5877/121/115 5876/119/115 5907/146/115 5908/148/115
f 5891/122/116 5890/120/116 5921/147/116 5922/149/116
f 5878/123/117 5877/121/117 5908/148/117 5909/150/117
f 5892/124/118 5891/122/118 5922/149/118 5923/151/118
f 5879/125/119 5878/123/119 5909/150/119 5910/152/119
f 5893/126/120 5892/124/120 5923/151/120 5924/153/120
f 5880/127/121 5879/125/121 5910/152/121 5911/154/121
f 5867/129/122 6302/155/123 5898/156/123
f 5894/130/124 5893/126/124 5924/153/124 5925/157/124
f 5881/98/125 5880/127/125 5911/154/125 5912/158/125
f 5868/100/126 5867/129/126 5898/156/126 5899/159/126
f 5895/102/127 5894/130/127 5925/157/127 5926/160/127
f 5882/99/128 5881/98/128 5912/158/128 5913/161/128
f 5869/101/1325 5868/100/1325 5899/159/1325 5900/162/1325
f 5896/103/1066 5895/102/1066 5926/160/1066 5927/163/1066
f 5883/104/131 5882/99/131 5913/161/131 5914/131/131
f 5870/105/1326 5869/101/1326 5900/162/1326 5901/133/1326
f 5897/106/133 5896/103/133 5927/163/133 5928/136/133
f 5884/107/101 5883/104/101 5914/131/101 5915/132/101
f 5871/108/102 5870/105/102 5901/133/102 5902/134/102
f 6301/135/76 5897/106/76 5928/136/103
f 5885/110/104 5884/107/104 5915/132/104 5916/137/104
f 5872/111/1327 5871/108/1327 5902/134/1327 5903/138/1327
f 5886/112/106 5885/110/106 5916/137/106 5917/139/106
f 5873/113/107 5872/111/107 5903/138/107 5904/140/107
f 5887/114/108 5886/112/108 5917/139/108 5918/141/108
f 5874/115/109 5873/113/109 5904/140/109 5905/142/109
f 5888/116/110 5887/114/110 5918/141/110 5919/143/110
f 5875/117/111 5874/115/111 5905/142/111 5906/144/111
f 5922/149/144 5921/147/144 5952/174/144 5953/176/144
f 5909/150/145 5908/148/145 5939/175/145 5940/177/145
f 5923/151/146 5922/149/146 5953/176/146 5954/178/146
f 5910/152/147 5909/150/147 5940/177/147 5941/179/147
f 5924/153/148 5923/151/148 5954/178/148 5955/180/148
f 5911/154/149 5910/152/149 5941/179/149 5942/181/149
f 5898/156/123 6302/182/123 5929/183/150
f 5925/157/151 5924/153/151 5955/180/151 5956/184/151
f 5912/158/1328 5911/154/1328 5942/181/1328 5943/185/1328
f 5899/159/153 5898/156/153 5929/183/153 5930/186/153
f 5926/160/154 5925/157/154 5956/184/154 5957/187/154
f 5913/161/155 5912/158/155 5943/185/155 5944/188/155
f 5900/162/156 5899/159/156 5930/186/156 5931/189/156
f 5927/163/157 5926/160/157 5957/187/157 5958/190/157
f 5914/131/158 5913/161/158 5944/188/158 5945/191/158
f 5901/133/1329 5900/162/1329 5931/189/1329 5932/192/1329
f 5928/136/160 5927/163/160 5958/190/160 5959/193/160
f 5915/132/1330 5914/131/1330 5945/191/1330 5946/194/1330
f 5902/134/162 5901/133/162 5932/192/162 5933/195/162
f 6301/196/163 5928/136/164 5959/193/163
f 5916/137/165 5915/132/165 5946/194/165 5947/164/165
f 5903/138/1331 5902/134/1331 5933/195/1331 5934/166/1331
f 5917/139/134 5916/137/134 5947/164/134 5948/165/134
f 5904/140/135 5903/138/135 5934/166/135 5935/167/135
f 5918/141/136 5917/139/136 5948/165/136 5949/168/136
f 5905/142/137 5904/140/137 5935/167/137 5936/169/137
f 5919/143/138 5918/141/138 5949/168/138 5950/170/138
f 5906/144/139 5905/142/139 5936/169/139 5937/171/139
f 5920/145/140 5919/143/140 5950/170/140 5951/172/140
f 5907/146/141 5906/144/141 5937/171/141 5938/173/141
f 5921/147/142 5920/145/142 5951/172/142 5952/174/142
f 5908/148/143 5907/146/143 5938/173/143 5939/175/143
f 5955/180/177 5954/178/177 5985/207/177 5986/209/177
f 5942/181/178 5941/179/178 5972/208/178 5973/210/178
f 5929/183/179 6302/211/180 5960/212/180
f 5956/184/181 5955/180/181 5986/209/181 5987/213/181
f 5943/185/182 5942/181/182 5973/210/182 5974/214/182
f 5930/186/183 5929/183/183 5960/212/183 5961/215/183
f 5957/187/184 5956/184/184 5987/213/184 5988/216/184
f 5944/188/185 5943/185/185 5974/214/185 5975/217/185
f 5931/189/1332 5930/186/1332 5961/215/1332 5962/218/1332
f 5958/190/1333 5957/187/1333 5988/216/1333 5989/219/1333
f 5945/191/188 5944/188/188 5975/217/188 5976/220/188
f 5932/192/189 5931/189/189 5962/218/189 5963/221/189
f 5959/193/190 5958/190/190 5989/219/190 5990/222/190
f 5946/194/191 5945/191/191 5976/220/191 5977/223/191
f 5933/195/192 5932/192/192 5963/221/192 5964/224/192
f 6301/225/163 5959/193/163 5990/222/193
f 5947/164/194 5946/194/194 5977/223/194 5978/226/194
f 5934/166/1334 5933/195/1334 5964/224/1334 5965/227/1334
f 5948/165/1335 5947/164/1335 5978/226/1335 5979/228/1335
f 5935/167/197 5934/166/197 5965/227/197 5966/229/197
f 5949/168/1336 5948/165/1336 5979/228/1336 5980/197/1336
f 5936/169/1337 5935/167/1337 5966/229/1337 5967/199/1337
f 5950/170/167 5949/168/167 5980/197/167 5981/198/167
f 5937/171/1338 5936/169/1338 5967/199/1338 5968/200/1338
f 5951/172/169 5950/170/169 5981/198/169 5982/201/169
f 5938/173/170 5937/171/170 5968/200/170 5969/202/170
f 5952/174/1339 5951/172/1339 5982/201/1339 5983/203/1339
f 5939/175/172 5938/173/172 5969/202/172 5970/204/172
f 5953/176/173 5952/174/173 5983/203/173 5984/205/173
f 5940/177/1340 5939/175/1340 5970/204/1340 5971/206/1340
f 5954/178/175 5953/176/175 5984/205/175 5985/207/175
f 5941/179/1341 5940/177/1341 5971/206/1341 5972/208/1341
f 5988/216/1342 5987/213/1342 6018/242/1342 6019/245/1342
f 5975/217/213 5974/214/213 6005/243/213 6006/246/213
f 5962/218/214 5961/215/214 5992/244/214 5993/247/214
f 5989/219/215 5988/216/215 6019/245/215 6020/248/215
f 5976/220/216 5975/217/216 6006/246/216 6007/249/216
f 5963/221/217 5962/218/217 5993/247/217 5994/250/217
f 5990/222/218 5989/219/218 6020/248/218 6021/251/218
f 5977/223/219 5976/220/219 6007/249/219 6008/252/219
f 5964/224/220 5963/221/220 5994/250/220 5995/253/220
f 6301/254/221 5990/222/222 6021/251/221
f 5978/226/223 5977/223/223 6008/252/223 6009/255/223
f 5965/227/1343 5964/224/1343 5995/253/1343 5996/256/1343
f 5979/228/225 5978/226/225 6009/255/225 6010/257/225
f 5966/229/1344 5965/227/1344 5996/256/1344 5997/258/1344
f 5980/197/1345 5979/228/1345 6010/257/1345 6011/259/1345
f 5967/199/1346 5966/229/1346 5997/258/1346 5998/260/1346
f 5981/198/229 5980/197/229 6011/259/229 6012/261/229
f 5968/200/1347 5967/199/1347 5998/260/1347 5999/262/1347
f 5982/201/231 5981/198/231 6012/261/231 6013/230/231
f 5969/202/232 5968/200/232 5999/262/232 6000/232/232
f 5983/203/1348 5982/201/1348 6013/230/1348 6014/231/1348
f 5970/204/201 5969/202/201 6000/232/201 6001/233/201
f 5984/205/1349 5983/203/1349 6014/231/1349 6015/234/1349
f 5971/206/1350 5970/204/1350 6001/233/1350 6002/235/1350
f 5985/207/204 5984/205/204 6015/234/204 6016/236/204
f 5972/208/205 5971/206/205 6002/235/205 6003/237/205
f 5986/209/206 5985/207/206 6016/236/206 6017/238/206
f 5973/210/207 5972/208/207 6003/237/207 6004/239/207
f 5960/212/180 6302/240/180 5991/241/208
f 5987/213/209 5986/209/209 6017/238/209 6018/242/209
f 5974/214/210 5973/210/210 6004/239/210 6005/243/210
f 5961/215/211 5960/212/211 5991/241/211 5992/244/211
f 6021/251/248 6020/248/248 6051/277/248 6052/280/248
f 6008/252/249 6007/249/249 6038/278/249 6039/281/249
f 5995/253/250 5994/250/250 6025/279/250 6026/282/250
f 6301/283/221 6021/251/221 6052/280/251
f 6009/255/252 6008/252/252 6039/281/252 6040/284/252
f 5996/256/1351 5995/253/1351 6026/282/1351 6027/285/1351
f 6010/257/1078 6009/255/1078 6040/284/1078 6041/286/1078
f 5997/258/255 5996/256/255 6027/285/255 6028/287/255
f 6011/259/256 6010/257/256 6041/286/256 6042/288/256
f 5998/260/1352 5997/258/1352 6028/287/1352 6029/289/1352
f 6012/261/258 6011/259/258 6042/288/258 6043/290/258
f 5999/262/259 5998/260/259 6029/289/259 6030/291/259
f 6013/230/1353 6012/261/1353 6043/290/1353 6044/292/1353
f 6000/232/1354 5999/262/1354 6030/291/1354 6031/293/1354
f 6014/231/262 6013/230/262 6044/292/262 6045/294/262
f 6001/233/263 6000/232/263 6031/293/263 6032/295/263
f 6015/234/264 6014/231/264 6045/294/264 6046/263/264
f 6002/235/265 6001/233/265 6032/295/265 6033/265/265
f 6016/236/233 6015/234/233 6046/263/233 6047/264/233
f 6003/237/1074 6002/235/1074 6033/265/1074 6034/266/1074
f 6017/238/235 6016/236/235 6047/264/235 6048/267/235
f 6004/239/236 6003/237/236 6034/266/236 6035/268/236
f 5991/241/1355 6302/269/1356 6022/270/1356
f 6018/242/239 6017/238/239 6048/267/239 6049/271/239
f 6005/243/240 6004/239/240 6035/268/240 6036/272/240
f 5992/244/241 5991/241/241 6022/270/241 6023/273/241
f 6019/245/242 6018/242/242 6049/271/242 6050/274/242
f 6006/246/243 6005/243/243 6036/272/243 6037/275/243
f 5993/247/244 5992/244/244 6023/273/244 6024/276/244
f 6020/248/245 6019/245/245 6050/274/245 6051/277/245
f 6007/249/246 6006/246/246 6037/275/246 6038/278/246
f 5994/250/247 5993/247/247 6024/276/247 6025/279/247
f 6041/286/1082 6040/284/1082 6071/312/1082 6072/314/1082
f 6028/287/283 6027/285/283 6058/313/283 6059/315/283
f 6042/288/284 6041/286/284 6072/314/284 6073/316/284
f 6029/289/1357 6028/287/1357 6059/315/1357 6060/317/1357
f 6043/290/286 6042/288/286 6073/316/286 6074/318/286
f 6030/291/287 6029/289/287 6060/317/287 6061/319/287
f 6044/292/1358 6043/290/1358 6074/318/1358 6075/320/1358
f 6031/293/1359 6030/291/1359 6061/319/1359 6062/321/1359
f 6045/294/290 6044/292/290 6075/320/290 6076/322/290
f 6032/295/291 6031/293/291 6062/321/291 6063/323/291
f 6046/263/292 6045/294/292 6076/322/292 6077/324/292
f 6033/265/293 6032/295/293 6063/323/293 6064/325/293
f 6047/264/294 6046/263/294 6077/324/294 6078/326/294
f 6034/266/1083 6033/265/1083 6064/325/1083 6065/327/1083
f 6048/267/296 6047/264/296 6078/326/296 6079/296/296
f 6035/268/297 6034/266/297 6065/327/297 6066/298/297
f 6022/270/1356 6302/328/1356 6053/300/1360
f 6049/271/266 6048/267/266 6079/296/266 6080/297/266
f 6036/272/267 6035/268/267 6066/298/267 6067/299/267
f 6023/273/268 6022/270/268 6053/300/268 6054/301/268
f 6050/274/269 6049/271/269 6080/297/269 6081/302/269
f 6037/275/270 6036/272/270 6067/299/270 6068/303/270
f 6024/276/271 6023/273/271 6054/301/271 6055/304/271
f 6051/277/272 6050/274/272 6081/302/272 6082/305/272
f 6038/278/273 6037/275/273 6068/303/273 6069/306/273
f 6025/279/274 6024/276/274 6055/304/274 6056/307/274
f 6052/280/275 6051/277/275 6082/305/275 6083/308/275
f 6039/281/276 6038/278/276 6069/306/276 6070/309/276
f 6026/282/277 6025/279/277 6056/307/277 6057/310/277
f 6301/311/278 6052/280/279 6083/308/278
f 6040/284/280 6039/281/280 6070/309/280 6071/312/280
f 6027/285/1361 6026/282/1361 6057/310/1361 6058/313/1361
f 6074/318/312 6073/316/312 6104/343/312 6105/345/312
f 6061/319/1362 6060/317/1362 6091/344/1362 6092/346/1362
f 6075/320/314 6074/318/314 6105/345/314 6106/347/314
f 6062/321/315 6061/319/315 6092/346/315 6093/348/315
f 6076/322/1363 6075/320/1363 6106/347/1363 6107/349/1363
f 6063/323/317 6062/321/317 6093/348/317 6094/350/317
f 6077/324/1364 6076/322/1364 6107/349/1364 6108/351/1364
f 6064/325/1365 6063/323/1365 6094/350/1365 6095/352/1365
f 6078/326/320 6077/324/320 6108/351/320 6109/353/320
f 6065/327/321 6064/325/321 6095/352/321 6096/354/321
f 6079/296/322 6078/326/322 6109/353/322 6110/355/322
f 6066/298/323 6065/327/323 6096/354/323 6097/356/323
f 6053/300/324 6302/357/325 6084/358/325
f 6080/297/326 6079/296/326 6110/355/326 6111/359/326
f 6067/299/327 6066/298/327 6097/356/327 6098/360/327
f 6054/301/328 6053/300/328 6084/358/328 6085/361/328
f 6081/302/1366 6080/297/1366 6111/359/1366 6112/329/1366
f 6068/303/330 6067/299/330 6098/360/330 6099/331/330
f 6055/304/331 6054/301/331 6085/361/331 6086/333/331
f 6082/305/299 6081/302/299 6112/329/299 6113/330/299
f 6069/306/300 6068/303/300 6099/331/300 6100/332/300
f 6056/307/301 6055/304/301 6086/333/301 6087/334/301
f 6083/308/302 6082/305/302 6113/330/302 6114/335/302
f 6070/309/303 6069/306/303 6100/332/303 6101/336/303
f 6057/310/304 6056/307/304 6087/334/304 6088/337/304
f 6301/338/278 6083/308/278 6114/335/305
f 6071/312/306 6070/309/306 6101/336/306 6102/339/306
f 6058/313/307 6057/310/307 6088/337/307 6089/340/307
f 6072/314/308 6071/312/308 6102/339/308 6103/341/308
f 6059/315/1367 6058/313/1367 6089/340/1367 6090/342/1367
f 6073/316/1368 6072/314/1368 6103/341/1368 6104/343/1368
f 6060/317/1369 6059/315/1369 6090/342/1369 6091/344/1369
f 6107/349/1370 6106/347/1370 6137/374/1370 6138/376/1370
f 6094/350/345 6093/348/345 6124/375/345 6125/377/345
f 6108/351/346 6107/349/346 6138/376/346 6139/378/346
f 6095/352/1371 6094/350/1371 6125/377/1371 6126/379/1371
f 6109/353/348 6108/351/348 6139/378/348 6140/380/348
f 6096/354/1372 6095/352/1372 6126/379/1372 6127/381/1372
f 6110/355/350 6109/353/350 6140/380/350 6141/382/350
f 6097/356/351 6096/354/351 6127/381/351 6128/383/351
f 6084/358/325 6302/384/325 6115/385/352
f 6111/359/353 6110/355/353 6141/382/353 6142/386/353
f 6098/360/354 6097/356/354 6128/383/354 6129/387/354
f 6085/361/355 6084/358/355 6115/385/355 6116/388/355
f 6112/329/356 6111/359/356 6142/386/356 6143/389/356
f 6099/331/357 6098/360/357 6129/387/357 6130/390/357
f 6086/333/1373 6085/361/1373 6116/388/1373 6117/391/1373
f 6113/330/359 6112/329/359 6143/389/359 6144/392/359
f 6100/332/360 6099/331/360 6130/390/360 6131/393/360
f 6087/334/361 6086/333/361 6117/391/361 6118/394/361
f 6114/335/362 6113/330/362 6144/392/362 6145/363/362
f 6101/336/363 6100/332/363 6131/393/363 6132/364/363
f 6088/337/364 6087/334/364 6118/394/364 6119/366/364
f 6301/362/332 6114/335/1374 6145/363/332
f 6102/339/334 6101/336/334 6132/364/334 6133/365/334
f 6089/340/335 6088/337/335 6119/366/335 6120/367/335
f 6103/341/1375 6102/339/1375 6133/365/1375 6134/368/1375
f 6090/342/337 6089/340/337 6120/367/337 6121/369/337
f 6104/343/1376 6103/341/1376 6134/368/1376 6135/370/1376
f 6091/344/1377 6090/342/1377 6121/369/1377 6122/371/1377
f 6105/345/340 6104/343/340 6135/370/340 6136/372/340
f 6092/346/1378 6091/344/1378 6122/371/1378 6123/373/1378
f 6106/347/342 6105/345/342 6136/372/342 6137/374/342
f 6093/348/343 6092/346/343 6123/373/343 6124/375/343
f 6140/380/375 6139/378/375 6170/405/375 6171/407/375
f 6127/381/376 6126/379/376 6157/406/376 6158/408/376
f 6141/382/377 6140/380/377 6171/407/377 6172/409/377
f 6128/383/1379 6127/381/1379 6158/408/1379 6159/410/1379
f 6115/385/379 6302/411/380 6146/412/380
f 6142/386/381 6141/382/381 6172/409/381 6173/413/381
f 6129/387/382 6128/383/382 6159/410/382 6160/414/382
f 6116/388/383 6115/385/383 6146/412/383 6147/415/383
f 6143/389/384 6142/386/384 6173/413/384 6174/416/384
f 6130/390/385 6129/387/385 6160/414/385 6161/417/385
f 6117/391/386 6116/388/386 6147/415/386 6148/418/386
f 6144/392/387 6143/389/387 6174/416/387 6175/419/387
f 6131/393/388 6130/390/388 6161/417/388 6162/420/388
f 6118/394/1380 6117/391/1380 6148/418/1380 6149/421/1380
f 6145/363/390 6144/392/390 6175/419/390 6176/422/390
f 6132/364/391 6131/393/391 6162/420/391 6163/423/391
f 6119/366/392 6118/394/392 6149/421/392 6150/424/392
f 6301/425/332 6145/363/332 6176/422/393
f 6133/365/1381 6132/364/1381 6163/423/1381 6164/426/1381
f 6120/367/1382 6119/366/1382 6150/424/1382 6151/427/1382
f 6134/368/396 6133/365/396 6164/426/396 6165/395/396
f 6121/369/1383 6120/367/1383 6151/427/1383 6152/397/1383
f 6135/370/365 6134/368/365 6165/395/365 6166/396/365
f 6122/371/1384 6121/369/1384 6152/397/1384 6153/398/1384
f 6136/372/367 6135/370/367 6166/396/367 6167/399/367
f 6123/373/368 6122/371/368 6153/398/368 6154/400/368
f 6137/374/1089 6136/372/1089 6167/399/1089 6168/401/1089
f 6124/375/370 6123/373/370 6154/400/370 6155/402/370
f 6138/376/371 6137/374/371 6168/401/371 6169/403/371
f 6125/377/372 6124/375/372 6155/402/372 6156/404/372
f 6139/378/373 6138/376/373 6169/403/373 6170/405/373
f 6126/379/374 6125/377/374 6156/404/374 6157/406/374
f 6146/412/380 6302/440/380 6177/441/408
f 6173/413/409 6172/409/409 6203/438/409 6204/442/409
f 6160/414/410 6159/410/410 6190/439/410 6191/443/410
f 6147/415/411 6146/412/411 6177/441/411 6178/444/411
f 6174/416/412 6173/413/412 6204/442/412 6205/445/412
f 6161/417/1385 6160/414/1385 6191/443/1385 6192/446/1385
f 6148/418/414 6147/415/414 6178/444/414 6179/447/414
f 6175/419/415 6174/416/415 6205/445/415 6206/448/415
f 6162/420/1386 6161/417/1386 6192/446/1386 6193/449/1386
f 6149/421/1387 6148/418/1387 6179/447/1387 6180/450/1387
f 6176/422/418 6175/419/418 6206/448/418 6207/451/418
f 6163/423/419 6162/420/419 6193/449/419 6194/452/419
f 6150/424/420 6149/421/420 6180/450/420 6181/453/420
f 6301/454/421 6176/422/422 6207/451/421
f 6164/426/423 6163/423/423 6194/452/423 6195/455/423
f 6151/427/1388 6150/424/1388 6181/453/1388 6182/456/1388
f 6165/395/425 6164/426/425 6195/455/425 6196/457/425
f 6152/397/426 6151/427/426 6182/456/426 6183/458/426
f 6166/396/427 6165/395/427 6196/457/427 6197/459/427
f 6153/398/428 6152/397/428 6183/458/428 6184/460/428
f 6167/399/429 6166/396/429 6197/459/429 6198/428/429
f 6154/400/430 6153/398/430 6184/460/430 6185/430/430
f 6168/401/398 6167/399/398 6198/428/398 6199/429/398
f 6155/402/399 6154/400/399 6185/430/399 6186/431/399
f 6169/403/400 6168/401/400 6199/429/400 6200/432/400
f 6156/404/401 6155/402/401 6186/431/401 6187/433/401
f 6170/405/402 6169/403/402 6200/432/402 6201/434/402
f 6157/406/403 6156/404/403 6187/433/403 6188/435/403
f 6171/407/404 6170/405/404 6201/434/404 6202/436/404
f 6158/408/405 6157/406/405 6188/435/405 6189/437/405
f 6172/409/406 6171/407/406 6202/436/406 6203/438/406
f 6159/410/407 6158/408/407 6189/437/407 6190/439/407
f 6179/447/444 6178/444/444 6209/473/444 6210/476/444
f 6206/448/445 6205/445/445 6236/474/445 6237/477/445
f 6193/449/1389 6192/446/1389 6223/475/1389 6224/478/1389
f 6180/450/447 6179/447/447 6210/476/447 6211/479/447
f 6207/451/448 6206/448/448 6237/477/448 6238/480/448
f 6194/452/449 6193/449/449 6224/478/449 6225/481/449
f 6181/453/450 6180/450/450 6211/479/450 6212/482/450
f 6301/483/421 6207/451/421 6238/480/1390
f 6195/455/1391 6194/452/1391 6225/481/1391 6226/484/1391
f 6182/456/453 6181/453/453 6212/482/453 6213/485/453
f 6196/457/1096 6195/455/1096 6226/484/1096 6227/486/1096
f 6183/458/455 6182/456/455 6213/485/455 6214/487/455
f 6197/459/1392 6196/457/1392 6227/486/1392 6228/488/1392
f 6184/460/457 6183/458/457 6214/487/457 6215/489/457
f 6198/428/458 6197/459/458 6228/488/458 6229/490/458
f 6185/430/459 6184/460/459 6215/489/459 6216/491/459
f 6199/429/460 6198/428/460 6229/490/460 6230/492/460
f 6186/431/1393 6185/430/1393 6216/491/1393 6217/493/1393
f 6200/432/462 6199/429/462 6230/492/462 6231/461/462
f 6187/433/463 6186/431/463 6217/493/463 6218/463/463
f 6201/434/431 6200/432/431 6231/461/431 6232/462/431
f 6188/435/1394 6187/433/1394 6218/463/1394 6219/464/1394
f 6202/436/433 6201/434/433 6232/462/433 6233/465/433
f 6189/437/1095 6188/435/1095 6219/464/1095 6220/466/1095
f 6203/438/435 6202/436/435 6233/465/435 6234/467/435
f 6190/439/1395 6189/437/1395 6220/466/1395 6221/468/1395
f 6177/441/437 6302/469/438 6208/470/438
f 6204/442/439 6203/438/439 6234/467/439 6235/471/439
f 6191/443/440 6190/439/440 6221/468/440 6222/472/440
f 6178/444/441 6177/441/441 6208/470/441 6209/473/441
f 6205/445/442 6204/442/442 6235/471/442 6236/474/442
f 6192/446/1396 6191/443/1396 6222/472/1396 6223/475/1396
f 6212/482/478 6211/479/478 6242/508/478 6243/511/478
f 6301/512/1397 6238/480/480 6269/509/1397
f 6226/484/481 6225/481/481 6256/510/481 6257/513/481
f 6213/485/482 6212/482/482 6243/511/482 6244/514/482
f 6227/486/1398 6226/484/1398 6257/513/1398 6258/515/1398
f 6214/487/484 6213/485/484 6244/514/484 6245/516/484
f 6228/488/485 6227/486/485 6258/515/485 6259/517/485
f 6215/489/1399 6214/487/1399 6245/516/1399 6246/518/1399
f 6229/490/487 6228/488/487 6259/517/487 6260/519/487
f 6216/491/488 6215/489/488 6246/518/488 6247/520/488
f 6230/492/489 6229/490/489 6260/519/489 6261/521/489
f 6217/493/490 6216/491/490 6247/520/490 6248/522/490
f 6231/461/491 6230/492/491 6261/521/491 6262/523/491
f 6218/463/492 6217/493/492 6248/522/492 6249/524/492
f 6232/462/1097 6231/461/1097 6262/523/1097 6263/525/1097
f 6219/464/494 6218/463/494 6249/524/494 6250/526/494
f 6233/465/495 6232/462/495 6263/525/495 6264/494/495
f 6220/466/1400 6219/464/1400 6250/526/1400 6251/496/1400
f 6234/467/464 6233/465/464 6264/494/464 6265/495/464
f 6221/468/465 6220/466/465 6251/496/465 6252/497/465
f 6208/470/438 6302/498/438 6239/499/466
f 6235/471/467 6234/467/467 6265/495/467 6266/500/467
f 6222/472/468 6221/468/468 6252/497/468 6253/501/468
f 6209/473/469 6208/470/469 6239/499/469 6240/502/469
f 6236/474/1401 6235/471/1401 6266/500/1401 6267/503/1401
f 6223/475/1402 6222/472/1402 6253/501/1402 6254/504/1402
f 6210/476/1403 6209/473/1403 6240/502/1403 6241/505/1403
f 6237/477/1404 6236/474/1404 6267/503/1404 6268/506/1404
f 6224/478/1405 6223/475/1405 6254/504/1405 6255/507/1405
f 6211/479/475 6210/476/475 6241/505/475 6242/508/475
f 6238/480/476 6237/477/476 6268/506/476 6269/509/476
f 6225/481/477 6224/478/477 6255/507/477 6256/510/477
f 6245/516/511 6244/514/511 6275/542/511 6276/544/511
f 6259/517/512 6258/515/512 6289/543/512 6290/545/512
f 6246/518/1406 6245/516/1406 6276/544/1406 6277/546/1406
f 6260/519/514 6259/517/514 6290/545/514 6291/547/514
f 6247/520/515 6246/518/515 6277/546/515 6278/548/515
f 6261/521/516 6260/519/516 6291/547/516 6292/549/516
f 6248/522/517 6247/520/517 6278/548/517 6279/550/517
f 6262/523/518 6261/521/518 6292/549/518 6293/551/518
f 6249/524/519 6248/522/519 6279/550/519 6280/552/519
f 6263/525/520 6262/523/520 6293/551/520 6294/553/520
f 6250/526/521 6249/524/521 6280/552/521 6281/554/521
f 6264/494/522 6263/525/522 6294/553/522 6295/555/522
f 6251/496/523 6250/526/523 6281/554/523 6282/556/523
f 6265/495/1407 6264/494/1407 6295/555/1407 6296/557/1407
f 6252/497/525 6251/496/525 6282/556/525 6283/558/525
f 6239/499/1408 6302/559/1409 6270/527/1409
f 6266/500/528 6265/495/528 6296/557/528 6297/529/528
f 6253/501/529 6252/497/529 6283/558/529 6284/531/529
f 6240/502/497 6239/499/497 6270/527/497 6271/528/497
f 6267/503/1410 6266/500/1410 6297/529/1410 6298/530/1410
f 6254/504/1411 6253/501/1411 6284/531/1411 6285/532/1411
f 6241/505/500 6240/502/500 6271/528/500 6272/533/500
f 6268/506/501 6267/503/501 6298/530/501 6299/534/501
f 6255/507/1412 6254/504/1412 6285/532/1412 6286/535/1412
f 6242/508/503 6241/505/503 6272/533/503 6273/536/503
f 6269/509/504 6268/506/504 6299/534/504 6300/537/504
f 6256/510/505 6255/507/505 6286/535/505 6287/538/505
f 6243/511/506 6242/508/506 6273/536/506 6274/539/506
f 6301/540/1397 6269/509/1397 6300/537/507
f 6257/513/508 6256/510/508 6287/538/508 6288/541/508
f 6244/514/1413 6243/511/1413 6274/539/1413 6275/542/1413
f 6258/515/510 6257/513/510 6288/541/510 6289/543/510
f 6278/548/543 6277/546/543 6310/573/543 6311/575/543
f 6292/549/544 6291/547/544 6324/574/544 6325/576/544
f 6279/550/545 6278/548/545 6311/575/545 6312/577/545
f 6293/551/546 6292/549/546 6325/576/546 6326/578/546
f 6280/552/547 6279/550/547 6312/577/547 6313/579/547
f 6294/553/548 6293/551/548 6326/578/548 6327/580/548
f 6281/554/549 6280/552/549 6313/579/549 6314/581/549
f 6295/555/550 6294/553/550 6327/580/550 6328/582/550
f 6282/556/551 6281/554/551 6314/581/551 6315/583/551
f 6296/557/1414 6295/555/1414 6328/582/1414 6329/584/1414
f 6283/558/553 6282/556/553 6315/583/553 6316/585/553
f 6270/527/1409 6302/586/1409 6303/587/1415
f 6297/529/555 6296/557/555 6329/584/555 6330/588/555
f 6284/531/556 6283/558/556 6316/585/556 6317/589/556
f 6271/528/557 6270/527/557 6303/587/557 6304/590/557
f 6298/530/1416 6297/529/1416 6330/588/1416 6331/591/1416
f 6285/532/559 6284/531/559 6317/589/559 6318/592/559
f 6272/533/560 6271/528/560 6304/590/560 6305/560/560
f 6299/534/561 6298/530/561 6331/591/561 6332/562/561
f 6286/535/562 6285/532/562 6318/592/562 6319/564/562
f 6273/536/530 6272/533/530 6305/560/530 6306/561/530
f 6300/537/531 6299/534/531 6332/562/531 6333/563/531
f 6287/538/532 6286/535/532 6319/564/532 6320/565/532
f 6274/539/533 6273/536/533 6306/561/533 6307/566/533
f 6301/567/1417 6300/537/535 6333/563/1417
f 6288/541/536 6287/538/536 6320/565/536 6321/568/536
f 6275/542/1418 6274/539/1418 6307/566/1418 6308/569/1418
f 6289/543/538 6288/541/538 6321/568/538 6322/570/538
f 6276/544/539 6275/542/539 6308/569/539 6309/571/539
f 6290/545/540 6289/543/540 6322/570/540 6323/572/540
f 6277/546/1419 6276/544/1419 6309/571/1419 6310/573/1419
f 6291/547/542 6290/545/542 6323/572/542 6324/574/542
f 6313/579/573 6312/577/573 6343/603/573 6344/605/573
f 6327/580/574 6326/578/574 6357/604/574 6358/606/574
f 6314/581/575 6313/579/575 6344/605/575 6345/607/575
f 6328/582/576 6327/580/576 6358/606/576 6359/608/576
f 6315/583/1420 6314/581/1420 6345/607/1420 6346/609/1420
f 6329/584/578 6328/582/578 6359/608/578 6360/610/578
f 6316/585/579 6315/583/579 6346/609/579 6347/611/579
f 6303/587/580 6302/612/581 6334/613/581
f 6330/588/582 6329/584/582 6360/610/582 6361/614/582
f 6317/589/583 6316/585/583 6347/611/583 6348/615/583
f 6304/590/584 6303/587/584 6334/613/584 6335/616/584
f 6331/591/1421 6330/588/1421 6361/614/1421 6362/617/1421
f 6318/592/586 6317/589/586 6348/615/586 6349/618/586
f 6305/560/1422 6304/590/1422 6335/616/1422 6336/619/1422
f 6332/562/1423 6331/591/1423 6362/617/1423 6363/620/1423
f 6319/564/589 6318/592/589 6349/618/589 6350/621/589
f 6306/561/590 6305/560/590 6336/619/590 6337/622/590
f 6333/563/591 6332/562/591 6363/620/591 6364/623/591
f 6320/565/592 6319/564/592 6350/621/592 6351/624/592
f 6307/566/593 6306/561/593 6337/622/593 6338/593/593
f 6301/625/1417 6333/563/1417 6364/623/594
f 6321/568/595 6320/565/595 6351/624/595 6352/595/595
f 6308/569/563 6307/566/563 6338/593/563 6339/594/563
f 6322/570/1424 6321/568/1424 6352/595/1424 6353/596/1424
f 6309/571/565 6308/569/565 6339/594/565 6340/597/565
f 6323/572/566 6322/570/566 6353/596/566 6354/598/566
f 6310/573/1425 6309/571/1425 6340/597/1425 6341/599/1425
f 6324/574/568 6323/572/568 6354/598/568 6355/600/568
f 6311/575/569 6310/573/569 6341/599/569 6342/601/569
f 6325/576/570 6324/574/570 6355/600/570 6356/602/570
f 6312/577/571 6311/575/571 6342/601/571 6343/603/571
f 6326/578/572 6325/576/572 6356/602/572 6357/604/572
f 6346/609/606 6345/607/606 6376/636/606 6377/638/606
f 6360/610/607 6359/608/607 6390/637/607 6391/639/607
f 6347/611/608 6346/609/608 6377/638/608 6378/640/608
f 6334/613/581 6302/641/581 6365/642/609
f 6361/614/610 6360/610/610 6391/639/610 6392/643/610
f 6348/615/611 6347/611/611 6378/640/611 6379/644/611
f 6335/616/612 6334/613/612 6365/642/612 6366/645/612
f 6362/617/613 6361/614/613 6392/643/613 6393/646/613
f 6349/618/1426 6348/615/1426 6379/644/1426 6380/647/1426
f 6336/619/1427 6335/616/1427 6366/645/1427 6367/648/1427
f 6363/620/1428 6362/617/1428 6393/646/1428 6394/649/1428
f 6350/621/1429 6349/618/1429 6380/647/1429 6381/650/1429
f 6337/622/618 6336/619/618 6367/648/618 6368/651/618
f 6364/623/619 6363/620/619 6394/649/619 6395/652/619
f 6351/624/620 6350/621/620 6381/650/620 6382/653/620
f 6338/593/621 6337/622/621 6368/651/621 6369/654/621
f 6301/655/622 6364/623/1430 6395/652/622
f 6352/595/624 6351/624/624 6382/653/624 6383/656/624
f 6339/594/625 6338/593/625 6369/654/625 6370/657/625
f 6353/596/626 6352/595/626 6383/656/626 6384/658/626
f 6340/597/627 6339/594/627 6370/657/627 6371/626/627
f 6354/598/1431 6353/596/1431 6384/658/1431 6385/628/1431
f 6341/599/1432 6340/597/1432 6371/626/1432 6372/627/1432
f 6355/600/597 6354/598/597 6385/628/597 6386/629/597
f 6342/601/598 6341/599/598 6372/627/598 6373/630/598
f 6356/602/1101 6355/600/1101 6386/629/1101 6387/631/1101
f 6343/603/1102 6342/601/1102 6373/630/1102 6374/632/1102
f 6357/604/601 6356/602/601 6387/631/601 6388/633/601
f 6344/605/602 6343/603/602 6374/632/602 6375/634/602
f 6358/606/603 6357/604/603 6388/633/603 6389/635/603
f 6345/607/1433 6344/605/1433 6375/634/1433 6376/636/1433
f 6359/608/605 6358/606/605 6389/635/605 6390/637/605
f 6379/644/641 6378/640/641 6409/669/641 6410/673/641
f 6366/645/642 6365/642/642 6396/671/642 6397/674/642
f 6393/646/643 6392/643/643 6423/672/643 6424/675/643
f 6380/647/1434 6379/644/1434 6410/673/1434 6411/676/1434
f 6367/648/645 6366/645/645 6397/674/645 6398/677/645
f 6394/649/646 6393/646/646 6424/675/646 6425/678/646
f 6381/650/1435 6380/647/1435 6411/676/1435 6412/679/1435
f 6368/651/1436 6367/648/1436 6398/677/1436 6399/680/1436
f 6395/652/649 6394/649/649 6425/678/649 6426/681/649
f 6382/653/650 6381/650/650 6412/679/650 6413/682/650
f 6369/654/651 6368/651/651 6399/680/651 6400/683/651
f 6301/684/622 6395/652/622 6426/681/652
f 6383/656/653 6382/653/653 6413/682/653 6414/685/653
f 6370/657/654 6369/654/654 6400/683/654 6401/686/654
f 6384/658/655 6383/656/655 6414/685/655 6415/687/655
f 6371/626/656 6370/657/656 6401/686/656 6402/688/656
f 6385/628/657 6384/658/657 6415/687/657 6416/689/657
f 6372/627/1437 6371/626/1437 6402/688/1437 6403/690/1437
f 6386/629/659 6385/628/659 6416/689/659 6417/691/659
f 6373/630/660 6372/627/660 6403/690/660 6404/659/660
f 6387/631/1107 6386/629/1107 6417/691/1107 6418/661/1107
f 6374/632/1105 6373/630/1105 6404/659/1105 6405/660/1105
f 6388/633/630 6387/631/630 6418/661/630 6419/662/630
f 6375/634/631 6374/632/631 6405/660/631 6406/663/631
f 6389/635/632 6388/633/632 6419/662/632 6420/664/632
f 6376/636/633 6375/634/633 6406/663/633 6407/665/633
f 6390/637/634 6389/635/634 6420/664/634 6421/666/634
f 6377/638/635 6376/636/635 6407/665/635 6408/667/635
f 6391/639/636 6390/637/636 6421/666/636 6422/668/636
f 6378/640/637 6377/638/637 6408/667/637 6409/669/637
f 6365/642/638 6302/670/639 6396/671/639
f 6392/643/640 6391/639/640 6422/668/640 6423/672/640
f 6412/679/675 6411/676/675 6442/705/675 6443/708/675
f 6399/680/1438 6398/677/1438 6429/706/1438 6430/709/1438
f 6426/681/677 6425/678/677 6456/707/677 6457/710/677
f 6413/682/678 6412/679/678 6443/708/678 6444/711/678
f 6400/683/679 6399/680/679 6430/709/679 6431/712/679
f 6301/713/680 6426/681/681 6457/710/680
f 6414/685/682 6413/682/682 6444/711/682 6445/714/682
f 6401/686/683 6400/683/683 6431/712/683 6432/715/683
f 6415/687/684 6414/685/684 6445/714/684 6446/716/684
f 6402/688/685 6401/686/685 6432/715/685 6433/717/685
f 6416/689/686 6415/687/686 6446/716/686 6447/718/686
f 6403/690/1439 6402/688/1439 6433/717/1439 6434/719/1439
f 6417/691/688 6416/689/688 6447/718/688 6448/720/688
f 6404/659/689 6403/690/689 6434/719/689 6435/721/689
f 6418/661/1111 6417/691/1111 6448/720/1111 6449/722/1111
f 6405/660/1112 6404/659/1112 6435/721/1112 6436/723/1112
f 6419/662/692 6418/661/692 6449/722/692 6450/724/692
f 6406/663/693 6405/660/693 6436/723/693 6437/692/693
f 6420/664/694 6419/662/694 6450/724/694 6451/694/694
f 6407/665/662 6406/663/662 6437/692/662 6438/693/662
f 6421/666/663 6420/664/663 6451/694/663 6452/695/663
f 6408/667/664 6407/665/664 6438/693/664 6439/696/664
f 6422/668/665 6421/666/665 6452/695/665 6453/697/665
f 6409/669/666 6408/667/666 6439/696/666 6440/698/666
f 6396/671/639 6302/699/639 6427/700/667
f 6423/672/668 6422/668/668 6453/697/668 6454/701/668
f 6410/673/669 6409/669/669 6440/698/669 6441/702/669
f 6397/674/670 6396/671/670 6427/700/670 6428/703/670
f 6424/675/671 6423/672/671 6454/701/671 6455/704/671
f 6411/676/672 6410/673/672 6441/702/672 6442/705/672
f 6398/677/673 6397/674/673 6428/703/673 6429/706/673
f 6425/678/674 6424/675/674 6455/704/674 6456/707/674
f 6445/714/711 6444/711/711 6475/740/711 6476/743/711
f 6432/715/712 6431/712/712 6462/741/712 6463/744/712
f 6446/716/1113 6445/714/1113 6476/743/1113 6477/745/1113
f 6433/717/714 6432/715/714 6463/744/714 6464/746/714
f 6447/718/1114 6446/716/1114 6477/745/1114 6478/747/1114
f 6434/719/1440 6433/717/1440 6464/746/1440 6465/748/1440
f 6448/720/1441 6447/718/1441 6478/747/1441 6479/749/1441
f 6435/721/718 6434/719/718 6465/748/718 6466/750/718
f 6449/722/719 6448/720/719 6479/749/719 6480/751/719
f 6436/723/720 6435/721/720 6466/750/720 6467/752/720
f 6450/724/721 6449/722/721 6480/751/721 6481/753/721
f 6437/692/1442 6436/723/1442 6467/752/1442 6468/754/1442
f 6451/694/723 6450/724/723 6481/753/723 6482/755/723
f 6438/693/1115 6437/692/1115 6468/754/1115 6469/756/1115
f 6452/695/725 6451/694/725 6482/755/725 6483/757/725
f 6439/696/1116 6438/693/1116 6469/756/1116 6470/725/1116
f 6453/697/727 6452/695/727 6483/757/727 6484/729/727
f 6440/698/695 6439/696/695 6470/725/695 6471/726/695
f 6427/700/696 6302/727/697 6458/728/697
f 6454/701/698 6453/697/698 6484/729/698 6485/730/698
f 6441/702/699 6440/698/699 6471/726/699 6472/731/699
f 6428/703/700 6427/700/700 6458/728/700 6459/732/700
f 6455/704/1443 6454/701/1443 6485/730/1443 6486/733/1443
f 6442/705/702 6441/702/702 6472/731/702 6473/734/702
f 6429/706/1444 6428/703/1444 6459/732/1444 6460/735/1444
f 6456/707/1445 6455/704/1445 6486/733/1445 6487/736/1445
f 6443/708/705 6442/705/705 6473/734/705 6474/737/705
f 6430/709/706 6429/706/706 6460/735/706 6461/738/706
f 6457/710/707 6456/707/707 6487/736/707 6488/739/707
f 6444/711/708 6443/708/708 6474/737/708 6475/740/708
f 6431/712/709 6430/709/709 6461/738/709 6462/741/709
f 6301/742/680 6457/710/680 6488/739/1446
f 6478/747/742 6477/745/742 6508/772/742 6509/774/742
f 6465/748/1447 6464/746/1447 6495/773/1447 6496/775/1447
f 6479/749/744 6478/747/744 6509/774/744 6510/776/744
f 6466/750/1448 6465/748/1448 6496/775/1448 6497/777/1448
f 6480/751/746 6479/749/746 6510/776/746 6511/778/746
f 6467/752/747 6466/750/747 6497/777/747 6498/779/747
f 6481/753/1449 6480/751/1449 6511/778/1449 6512/780/1449
f 6468/754/749 6467/752/749 6498/779/749 6499/781/749
f 6482/755/1120 6481/753/1120 6512/780/1120 6513/782/1120
f 6469/756/751 6468/754/751 6499/781/751 6500/783/751
f 6483/757/752 6482/755/752 6513/782/752 6514/784/752
f 6470/725/1121 6469/756/1121 6500/783/1121 6501/785/1121
f 6484/729/754 6483/757/754 6514/784/754 6515/786/754
f 6471/726/755 6470/725/755 6501/785/755 6502/787/755
f 6458/728/697 6302/788/697 6489/789/756
f 6485/730/757 6484/729/757 6515/786/757 6516/790/757
f 6472/731/758 6471/726/758 6502/787/758 6503/758/758
f 6459/732/759 6458/728/759 6489/789/759 6490/760/759
f 6486/733/1450 6485/730/1450 6516/790/1450 6517/762/1450
f 6473/734/728 6472/731/728 6503/758/728 6504/759/728
f 6460/735/729 6459/732/729 6490/760/729 6491/761/729
f 6487/736/730 6486/733/730 6517/762/730 6518/763/730
f 6474/737/731 6473/734/731 6504/759/731 6505/764/731
f 6461/738/732 6460/735/732 6491/761/732 6492/765/732
f 6488/739/733 6487/736/733 6518/763/733 6519/766/733
f 6475/740/734 6474/737/734 6505/764/734 6506/767/734
f 6462/741/735 6461/738/735 6492/765/735 6493/768/735
f 6301/769/1451 6488/739/737 6519/766/1451
f 6476/743/738 6475/740/738 6506/767/738 6507/770/738
f 6463/744/739 6462/741/739 6493/768/739 6494/771/739
f 6477/745/1119 6476/743/1119 6507/770/1119 6508/772/1119
f 6464/746/741 6463/744/741 6494/771/741 6495/773/741
f 6511/778/1123 6510/776/1123 6541/803/1123 6542/805/1123
f 6498/779/1124 6497/777/1124 6528/804/1124 6529/806/1124
f 6512/780/774 6511/778/774 6542/805/774 6543/807/774
f 6499/781/775 6498/779/775 6529/806/775 6530/808/775
f 6513/782/776 6512/780/776 6543/807/776 6544/809/776
f 6500/783/1452 6499/781/1452 6530/808/1452 6531/810/1452
f 6514/784/778 6513/782/778 6544/809/778 6545/811/778
f 6501/785/1125 6500/783/1125 6531/810/1125 6532/812/1125
f 6515/786/1453 6514/784/1453 6545/811/1453 6546/813/1453
f 6502/787/781 6501/785/781 6532/812/781 6533/814/781
f 6489/789/1454 6302/815/1455 6520/816/1455
f 6516/790/784 6515/786/784 6546/813/784 6547/817/784
f 6503/758/1456 6502/787/1456 6533/814/1456 6534/818/1456
f 6490/760/786 6489/789/786 6520/816/786 6521/819/786
f 6517/762/787 6516/790/787 6547/817/787 6548/820/787
f 6504/759/788 6503/758/788 6534/818/788 6535/821/788
f 6491/761/789 6490/760/789 6521/819/789 6522/822/789
f 6518/763/790 6517/762/790 6548/820/790 6549/823/790
f 6505/764/791 6504/759/791 6535/821/791 6536/791/791
f 6492/765/792 6491/761/792 6522/822/792 6523/793/792
f 6519/766/793 6518/763/793 6549/823/793 6550/796/793
f 6506/767/1457 6505/764/1457 6536/791/1457 6537/792/1457
f 6493/768/762 6492/765/762 6523/793/762 6524/794/762
f 6301/795/1451 6519/766/1451 6550/796/763
f 6507/770/764 6506/767/764 6537/792/764 6538/797/764
f 6494/771/1458 6493/768/1458 6524/794/1458 6525/798/1458
f 6508/772/1122 6507/770/1122 6538/797/1122 6539/799/1122
f 6495/773/767 6494/771/767 6525/798/767 6526/800/767
f 6509/774/1459 6508/772/1459 6539/799/1459 6540/801/1459
f 6496/775/769 6495/773/769 6526/800/769 6527/802/769
f 6510/776/770 6509/774/770 6540/801/770 6541/803/770
f 6497/777/771 6496/775/771 6527/802/771 6528/804/771
f 6544/848/804 6543/844/804 6574/845/804 6575/849/804
f 6531/850/1460 6530/846/1460 6561/847/1460 6562/851/1460
f 6545/852/806 6544/848/806 6575/849/806 6576/853/806
f 6532/854/1130 6531/850/1130 6562/851/1130 6563/855/1130
f 6546/856/1461 6545/852/1461 6576/853/1461 6577/857/1461
f 6533/858/809 6532/854/809 6563/855/809 6564/859/809
f 6520/860/1455 6302/861/1455 6551/862/1462
f 6547/863/811 6546/856/811 6577/857/811 6578/864/811
f 6534/865/1463 6533/858/1463 6564/859/1463 6565/866/1463
f 6521/867/813 6520/860/813 6551/862/813 6552/868/813
f 6548/869/814 6547/863/814 6578/864/814 6579/870/814
f 6535/871/815 6534/865/815 6565/866/815 6566/872/815
f 6522/873/816 6521/867/816 6552/868/816 6553/874/816
f 6549/875/817 6548/869/817 6579/870/817 6580/876/817
f 6536/877/818 6535/871/818 6566/872/818 6567/878/818
f 6523/879/819 6522/873/819 6553/874/819 6554/880/819
f 6550/881/820 6549/875/820 6580/876/820 6581/882/820
f 6537/883/1464 6536/877/1464 6567/878/1464 6568/884/1464
f 6524/885/822 6523/879/822 6554/880/822 6555/886/822
f 6301/887/1465 6550/881/824 6581/882/1465
f 6538/825/825 6537/883/825 6568/884/825 6569/826/825
f 6525/829/1466 6524/885/1466 6555/886/1466 6556/830/1466
f 6539/824/1127 6538/825/1127 6569/826/1127 6570/827/1127
f 6526/828/795 6525/829/795 6556/830/795 6557/831/795
f 6540/832/1467 6539/824/1467 6570/827/1467 6571/833/1467
f 6527/834/797 6526/828/797 6557/831/797 6558/835/797
f 6541/836/798 6540/832/798 6571/833/798 6572/837/798
f 6528/838/799 6527/834/799 6558/835/799 6559/839/799
f 6542/840/1128 6541/836/1128 6572/837/1128 6573/841/1128
f 6529/842/1129 6528/838/1129 6559/839/1129 6560/843/1129
f 6543/844/802 6542/840/802 6573/841/802 6574/845/802
f 6530/846/803 6529/842/803 6560/843/803 6561/847/803
f 6577/857/837 6576/853/837 6607/898/837 6608/900/837
f 6564/859/838 6563/855/838 6594/899/838 6595/901/838
f 6551/862/839 6302/902/840 6582/903/840
f 6578/864/841 6577/857/841 6608/900/841 6609/904/841
f 6565/866/842 6564/859/842 6595/901/842 6596/905/842
f 6552/868/843 6551/862/843 6582/903/843 6583/906/843
f 6579/870/1468 6578/864/1468 6609/904/1468 6610/907/1468
f 6566/872/1469 6565/866/1469 6596/905/1469 6597/908/1469
f 6553/874/846 6552/868/846 6583/906/846 6584/909/846
f 6580/876/847 6579/870/847 6610/907/847 6611/910/847
f 6567/878/1470 6566/872/1470 6597/908/1470 6598/911/1470
f 6554/880/849 6553/874/849 6584/909/849 6585/912/849
f 6581/882/850 6580/876/850 6611/910/850 6612/913/850
f 6568/884/851 6567/878/851 6598/911/851 6599/914/851
f 6555/886/852 6554/880/852 6585/912/852 6586/915/852
f 6301/916/1465 6581/882/1465 6612/913/853
f 6569/826/854 6568/884/854 6599/914/854 6600/917/854
f 6556/830/855 6555/886/855 6586/915/855 6587/918/855
f 6570/827/856 6569/826/856 6600/917/856 6601/919/856
f 6557/831/857 6556/830/857 6587/918/857 6588/920/857
f 6571/833/1471 6570/827/1471 6601/919/1471 6602/888/1471
f 6558/835/859 6557/831/859 6588/920/859 6589/890/859
f 6572/837/827 6571/833/827 6602/888/827 6603/889/827
f 6559/839/1472 6558/835/1472 6589/890/1472 6590/891/1472
f 6573/841/1132 6572/837/1132 6603/889/1132 6604/892/1132
f 6560/843/1133 6559/839/1133 6590/891/1133 6591/893/1133
f 6574/845/1473 6573/841/1473 6604/892/1473 6605/894/1473
f 6561/847/832 6560/843/832 6591/893/832 6592/895/832
f 6575/849/1134 6574/845/1134 6605/894/1134 6606/896/1134
f 6562/851/1474 6561/847/1474 6592/895/1474 6593/897/1474
f 6576/853/835 6575/849/835 6606/896/835 6607/898/835
f 6563/855/836 6562/851/836 6593/897/836 6594/899/836
f 6607/898/888 6606/896/888 6637/949/888 6638/951/888
f 6594/899/1142 6593/897/1142 6624/950/1142 6625/952/1142
f 6608/900/890 6607/898/890 6638/951/890 6639/921/890
f 6595/901/891 6594/899/891 6625/952/891 6626/923/891
f 6582/903/840 6302/953/840 6613/925/892
f 6609/904/860 6608/900/860 6639/921/860 6640/922/860
f 6596/905/861 6595/901/861 6626/923/861 6627/924/861
f 6583/906/862 6582/903/862 6613/925/862 6614/926/862
f 6610/907/863 6609/904/863 6640/922/863 6641/927/863
f 6597/908/864 6596/905/864 6627/924/864 6628/928/864
f 6584/909/1475 6583/906/1475 6614/926/1475 6615/929/1475
f 6611/910/1476 6610/907/1476 6641/927/1476 6642/930/1476
f 6598/911/867 6597/908/867 6628/928/867 6629/931/867
f 6585/912/868 6584/909/868 6615/929/868 6616/932/868
f 6612/913/869 6611/910/869 6642/930/869 6643/933/869
f 6599/914/870 6598/911/870 6629/931/870 6630/934/870
f 6586/915/871 6585/912/871 6616/932/871 6617/935/871
f 6301/936/872 6612/913/1477 6643/933/872
f 6600/917/874 6599/914/874 6630/934/874 6631/937/874
f 6587/918/875 6586/915/875 6617/935/875 6618/938/875
f 6601/919/1138 6600/917/1138 6631/937/1138 6632/939/1138
f 6588/920/877 6587/918/877 6618/938/877 6619/940/877
f 6602/888/1139 6601/919/1139 6632/939/1139 6633/941/1139
f 6589/890/1478 6588/920/1478 6619/940/1478 6620/942/1478
f 6603/889/1479 6602/888/1479 6633/941/1479 6634/943/1479
f 6590/891/881 6589/890/881 6620/942/881 6621/944/881
f 6604/892/1480 6603/889/1480 6634/943/1480 6635/945/1480
f 6591/893/883 6590/891/883 6621/944/883 6622/946/883
f 6605/894/884 6604/892/884 6635/945/884 6636/947/884
f 6592/895/1481 6591/893/1481 6622/946/1481 6623/948/1481
f 6606/896/886 6605/894/886 6636/947/886 6637/949/886
f 6593/897/1141 6592/895/1141 6623/948/1141 6624/950/1141
f 6613/925/918 6302/982/919 6644/983/919
f 6640/922/920 6639/921/920 6670/980/920 6671/984/920
f 6627/924/1482 6626/923/1482 6657/981/1482 6658/985/1482
f 6614/926/922 6613/925/922 6644/983/922 6645/986/922
f 6641/927/923 6640/922/923 6671/984/923 6672/954/923
f 6628/928/924 6627/924/924 6658/985/924 6659/956/924
f 6615/929/925 6614/926/925 6645/986/925 6646/958/925
f 6642/930/893 6641/927/893 6672/954/893 6673/955/893
f 6629/931/894 6628/928/894 6659/956/894 6660/957/894
f 6616/932/895 6615/929/895 6646/958/895 6647/959/895
f 6643/933/896 6642/930/896 6673/955/896 6674/960/896
f 6630/934/1483 6629/931/1483 6660/957/1483 6661/961/1483
f 6617/935/898 6616/932/898 6647/959/898 6648/962/898
f 6301/963/872 6643/933/872 6674/960/899
f 6631/937/900 6630/934/900 6661/961/900 6662/964/900
f 6618/938/901 6617/935/901 6648/962/901 6649/965/901
f 6632/939/902 6631/937/902 6662/964/902 6663/966/902
f 6619/940/903 6618/938/903 6649/965/903 6650/967/903
f 6633/941/904 6632/939/904 6663/966/904 6664/968/904
f 6620/942/905 6619/940/905 6650/967/905 6651/969/905
f 6634/943/906 6633/941/906 6664/968/906 6665/970/906
f 6621/944/907 6620/942/907 6651/969/907 6652/971/907
f 6635/945/1144 6634/943/1144 6665/970/1144 6666/972/1144
f 6622/946/1145 6621/944/1145 6652/971/1145 6653/973/1145
f 6636/947/910 6635/945/910 6666/972/910 6667/974/910
f 6623/948/911 6622/946/911 6653/973/911 6654/975/911
f 6637/949/912 6636/947/912 6667/974/912 6668/976/912
f 6624/950/913 6623/948/913 6654/975/913 6655/977/913
f 6638/951/914 6637/949/914 6668/976/914 6669/978/914
f 6625/952/915 6624/950/915 6655/977/915 6656/979/915
f 6639/921/916 6638/951/916 6669/978/916 6670/980/916
f 6626/923/917 6625/952/917 6656/979/917 6657/981/917
f 6646/958/952 6645/986/952 6676/1013/952 6677/1016/952
f 6673/955/1148 6672/954/1148 6703/1014/1148 6704/1017/1148
f 6660/957/954 6659/956/954 6690/1015/954 6691/1018/954
f 6647/959/1484 6646/958/1484 6677/1016/1484 6678/1019/1484
f 6674/960/956 6673/955/956 6704/1017/956 6705/988/956
f 6661/961/957 6660/957/957 6691/1018/957 6692/989/957
f 6648/962/958 6647/959/958 6678/1019/958 6679/991/958
f 6301/987/926 6674/960/927 6705/988/926
f 6662/964/928 6661/961/928 6692/989/928 6693/990/928
f 6649/965/929 6648/962/929 6679/991/929 6680/992/929
f 6663/966/1485 6662/964/1485 6693/990/1485 6694/993/1485
f 6650/967/931 6649/965/931 6680/992/931 6681/994/931
f 6664/968/932 6663/966/932 6694/993/932 6695/995/932
f 6651/969/1486 6650/967/1486 6681/994/1486 6682/996/1486
f 6665/970/934 6664/968/934 6695/995/934 6696/997/934
f 6652/971/935 6651/969/935 6682/996/935 6683/998/935
f 6666/972/1146 6665/970/1146 6696/997/1146 6697/999/1146
f 6653/973/1147 6652/971/1147 6683/998/1147 6684/1000/1147
f 6667/974/938 6666/972/938 6697/999/938 6698/1001/938
f 6654/975/939 6653/973/939 6684/1000/939 6685/1002/939
f 6668/976/940 6667/974/940 6698/1001/940 6699/1003/940
f 6655/977/941 6654/975/941 6685/1002/941 6686/1004/941
f 6669/978/942 6668/976/942 6699/1003/942 6700/1005/942
f 6656/979/943 6655/977/943 6686/1004/943 6687/1006/943
f 6670/980/944 6669/978/944 6700/1005/944 6701/1007/944
f 6657/981/945 6656/979/945 6687/1006/945 6688/1008/945
f 6644/983/919 6302/1009/919 6675/1010/946
f 6671/984/947 6670/980/947 6701/1007/947 6702/1011/947
f 6658/985/948 6657/981/948 6688/1008/948 6689/1012/948
f 6645/986/949 6644/983/949 6675/1010/949 6676/1013/949
f 6672/954/950 6671/984/950 6702/1011/950 6703/1014/950
f 6659/956/951 6658/985/951 6689/1012/951 6690/1015/951
f 6679/991/1487 6678/1019/1487 6709/1046/1487 6710/1049/1487
f 6301/1050/926 6705/988/926 6736/1047/1488
f 6693/990/988 6692/989/988 6723/1048/988 6724/1051/988
f 6680/992/989 6679/991/989 6710/1049/989 6711/1052/989
f 6694/993/990 6693/990/990 6724/1051/990 6725/1020/990
f 6681/994/991 6680/992/991 6711/1052/991 6712/1022/991
f 6695/995/1489 6694/993/1489 6725/1020/1489 6726/1021/1489
f 6682/996/960 6681/994/960 6712/1022/960 6713/1023/960
f 6696/997/961 6695/995/961 6726/1021/961 6727/1024/961
f 6683/998/1490 6682/996/1490 6713/1023/1490 6714/1025/1490
f 6697/999/963 6696/997/963 6727/1024/963 6728/1026/963
f 6684/1000/964 6683/998/964 6714/1025/964 6715/1027/964
f 6698/1001/1491 6697/999/1491 6728/1026/1491 6729/1028/1491
f 6685/1002/966 6684/1000/966 6715/1027/966 6716/1029/966
f 6699/1003/967 6698/1001/967 6729/1028/967 6730/1030/967
f 6686/1004/1492 6685/1002/1492 6716/1029/1492 6717/1031/1492
f 6700/1005/969 6699/1003/969 6730/1030/969 6731/1032/969
f 6687/1006/970 6686/1004/970 6717/1031/970 6718/1033/970
f 6701/1007/971 6700/1005/971 6731/1032/971 6732/1034/971
f 6688/1008/972 6687/1006/972 6718/1033/972 6719/1035/972
f 6675/1010/973 6302/1036/974 6706/1037/974
f 6702/1011/1493 6701/1007/1493 6732/1034/1493 6733/1038/1493
f 6689/1012/976 6688/1008/976 6719/1035/976 6720/1039/976
f 6676/1013/977 6675/1010/977 6706/1037/977 6707/1040/977
f 6703/1014/978 6702/1011/978 6733/1038/978 6734/1041/978
f 6690/1015/979 6689/1012/979 6720/1039/979 6721/1042/979
f 6677/1016/980 6676/1013/980 6707/1040/980 6708/1043/980
f 6704/1017/981 6703/1014/981 6734/1041/981 6735/1044/981
f 6691/1018/982 6690/1015/982 6721/1042/982 6722/1045/982
f 6678/1019/983 6677/1016/983 6708/1043/983 6709/1046/983
f 6705/988/984 6704/1017/984 6735/1044/984 6736/1047/984
f 6692/989/985 6691/1018/985 6722/1045/985 6723/1048/985
f 6712/1022/1494 6711/1052/1494 6742/1081/1494 6743/1083/1494
f 6726/1021/1154 6725/1020/1154 6756/1082/1154 6757/1084/1154
f 6713/1023/1495 6712/1022/1495 6743/1083/1495 6744/1085/1495
f 6727/1024/1023 6726/1021/1023 6757/1084/1023 6758/1053/1023
f 6714/1025/1496 6713/1023/1496 6744/1085/1496 6745/1055/1496
f 6728/1026/992 6727/1024/992 6758/1053/992 6759/1054/992
f 6715/1027/993 6714/1025/993 6745/1055/993 6746/1056/993
f 6729/1028/1497 6728/1026/1497 6759/1054/1497 6760/1057/1497
f 6716/1029/995 6715/1027/995 6746/1056/995 6747/1058/995
f 6730/1030/1498 6729/1028/1498 6760/1057/1498 6761/1059/1498
f 6717/1031/1153 6716/1029/1153 6747/1058/1153 6748/1060/1153
f 6731/1032/998 6730/1030/998 6761/1059/998 6762/1061/998
f 6718/1033/999 6717/1031/999 6748/1060/999 6749/1062/999
f 6732/1034/1000 6731/1032/1000 6762/1061/1000 6763/1063/1000
f 6719/1035/1001 6718/1033/1001 6749/1062/1001 6750/1064/1001
f 6706/1037/974 6302/1065/974 6737/1066/1002
f 6733/1038/1003 6732/1034/1003 6763/1063/1003 6764/1067/1003
f 6720/1039/1004 6719/1035/1004 6750/1064/1004 6751/1068/1004
f 6707/1040/1005 6706/1037/1005 6737/1066/1005 6738/1069/1005
f 6734/1041/1499 6733/1038/1499 6764/1067/1499 6765/1070/1499
f 6721/1042/1007 6720/1039/1007 6751/1068/1007 6752/1071/1007
f 6708/1043/1008 6707/1040/1008 6738/1069/1008 6739/1072/1008
f 6735/1044/1009 6734/1041/1009 6765/1070/1009 6766/1073/1009
f 6722/1045/1010 6721/1042/1010 6752/1071/1010 6753/1074/1010
f 6709/1046/1011 6708/1043/1011 6739/1072/1011 6740/1075/1011
f 6736/1047/1012 6735/1044/1012 6766/1073/1012 6767/1076/1012
f 6723/1048/1013 6722/1045/1013 6753/1074/1013 6754/1077/1013
f 6710/1049/1014 6709/1046/1014 6740/1075/1014 6741/1078/1014
f 6301/1079/1500 6736/1047/1016 6767/1076/1500
f 6724/1051/1017 6723/1048/1017 6754/1077/1017 6755/1080/1017
f 6711/1052/1018 6710/1049/1018 6741/1078/1018 6742/1081/1018
f 6725/1020/1019 6724/1051/1019 6755/1080/1019 6756/1082/1019
f 6745/1055/1052 6744/1085/1052 6774/13/1052 5790/17/1052
f 6759/1054/1053 6758/1053/1053 5798/15/1053 5799/19/1053
f 6746/1056/1054 6745/1055/1054 5790/17/1054 6775/21/1054
f 6760/1057/1055 6759/1054/1055 5799/19/1055 6780/23/1055
f 6747/1058/1056 6746/1056/1056 6775/21/1056 6776/25/1056
f 6761/1059/1025 6760/1057/1025 6780/23/1025 5800/27/1025
f 6748/1060/1026 6747/1058/1026 6776/25/1026 5791/29/1026
f 6762/1061/1027 6761/1059/1027 5800/27/1027 5801/31/1027
f 6749/1062/1028 6748/1060/1028 5791/29/1028 5792/33/1028
f 6763/1063/1029 6762/1061/1029 5801/31/1029 5802/35/1029
f 6750/1064/1030 6749/1062/1030 5792/33/1030 5793/37/1030
f 6737/1066/1501 6302/1086/1303 6768/39/1303
f 6764/1067/1032 6763/1063/1032 5802/35/1032 6781/42/1032
f 6751/1068/1033 6750/1064/1033 5793/37/1033 5794/44/1033
f 6738/1069/1502 6737/1066/1502 6768/39/1502 6769/46/1502
f 6765/1070/1503 6764/1067/1503 6781/42/1503 6782/48/1503
f 6752/1071/1036 6751/1068/1036 5794/44/1036 6777/50/1036
f 6739/1072/1037 6738/1069/1037 6769/46/1037 6770/52/1037
f 6766/1073/1038 6765/1070/1038 6782/48/1038 5803/54/1038
f 6753/1074/1039 6752/1071/1039 6777/50/1039 5795/56/1039
f 6740/1075/1040 6739/1072/1040 6770/52/1040 6771/58/1040
f 6767/1076/1156 6766/1073/1156 5803/54/1156 5804/60/1156
f 6754/1077/1042 6753/1074/1042 5795/56/1042 5796/62/1042
f 6741/1078/1043 6740/1075/1043 6771/58/1043 6772/2/1043
f 6301/1087/1500 6767/1076/1500 5804/60/1044
f 6755/1080/1045 6754/1077/1045 5796/62/1045 6778/6/1045
f 6742/1081/1504 6741/1078/1504 6772/2/1504 6773/1/1504
f 6756/1082/1047 6755/1080/1047 6778/6/1047 6779/5/1047
f 6743/1083/1048 6742/1081/1048 6773/1/1048 5789/9/1048
f 6757/1084/1049 6756/1082/1049 6779/5/1049 5797/11/1049
f 6744/1085/1505 6743/1083/1505 5789/9/1505 6774/13/1505
f 6758/1053/1051 6757/1084/1051 5797/11/1051 5798/15/1051
f 7770/25/11 7769/21/11 6808/22/11 6809/26/11
f 6794/27/12 7774/23/12 6822/24/12 6823/28/12
f 6785/29/13 7770/25/13 6809/26/13 6810/30/13
f 6795/31/14 6794/27/14 6823/28/14 6824/32/14
f 6786/33/15 6785/29/15 6810/30/15 6811/34/15
f 6796/35/1506 6795/31/1506 6824/32/1506 6825/36/1506
f 6787/37/17 6786/33/17 6811/34/17 6812/38/17
f 7762/39/1303 7296/40/1303 6799/41/1304
f 7775/42/20 6796/35/20 6825/36/20 6826/43/20
f 6788/44/21 6787/37/21 6812/38/21 6813/45/21
f 7763/46/22 7762/39/22 6799/41/22 6800/47/22
f 7776/48/1306 7775/42/1306 6826/43/1306 6827/49/1306
f 7771/50/1507 6788/44/1507 6813/45/1507 6814/51/1507
f 7764/52/25 7763/46/25 6800/47/25 6801/53/25
f 6797/54/26 7776/48/26 6827/49/26 6828/55/26
f 6789/56/1508 7771/50/1508 6814/51/1508 6815/57/1508
f 7765/58/28 7764/52/28 6801/53/28 6802/59/28
f 6798/60/29 6797/54/29 6828/55/29 6829/61/29
f 6790/62/30 6789/56/30 6815/57/30 6816/63/30
f 7766/2/31 7765/58/31 6802/59/31 6803/3/31
f 7295/64/1509 6798/60/33 6829/61/1509
f 7772/6/34 6790/62/34 6816/63/34 6817/7/34
f 7767/1/1307 7766/2/1307 6803/3/1307 6804/4/1307
f 7773/5/2 7772/6/2 6817/7/2 6818/8/2
f 6783/9/3 7767/1/3 6804/4/3 6805/10/3
f 6791/11/4 7773/5/4 6818/8/4 6819/12/4
f 7768/13/1308 6783/9/1308 6805/10/1308 6806/14/1308
f 6792/15/6 6791/11/6 6819/12/6 6820/16/6
f 6784/17/7 7768/13/7 6806/14/7 6807/18/7
f 6793/19/8 6792/15/8 6820/16/8 6821/20/8
f 7769/21/9 6784/17/9 6807/18/9 6808/22/9
f 7774/23/10 6793/19/10 6821/20/10 6822/24/10
f 6817/7/51 6816/63/51 6847/80/51 6848/83/51
f 6804/4/1510 6803/3/1510 6834/81/1510 6835/84/1510
f 6818/8/1060 6817/7/1060 6848/83/1060 6849/85/1060
f 6805/10/1311 6804/4/1311 6835/84/1311 6836/86/1311
f 6819/12/55 6818/8/55 6849/85/55 6850/87/55
f 6806/14/56 6805/10/56 6836/86/56 6837/88/56
f 6820/16/57 6819/12/57 6850/87/57 6851/89/57
f 6807/18/58 6806/14/58 6837/88/58 6838/90/58
f 6821/20/59 6820/16/59 6851/89/59 6852/91/59
f 6808/22/60 6807/18/60 6838/90/60 6839/92/60
f 6822/24/61 6821/20/61 6852/91/61 6853/93/61
f 6809/26/62 6808/22/62 6839/92/62 6840/94/62
f 6823/28/63 6822/24/63 6853/93/63 6854/95/63
f 6810/30/64 6809/26/64 6840/94/64 6841/96/64
f 6824/32/65 6823/28/65 6854/95/65 6855/97/65
f 6811/34/1061 6810/30/1061 6841/96/1061 6842/65/1061
f 6825/36/67 6824/32/67 6855/97/67 6856/69/67
f 6812/38/35 6811/34/35 6842/65/35 6843/66/35
f 6799/41/36 7296/67/37 6830/68/37
f 6826/43/38 6825/36/38 6856/69/38 6857/70/38
f 6813/45/1511 6812/38/1511 6843/66/1511 6844/71/1511
f 6800/47/40 6799/41/40 6830/68/40 6831/72/40
f 6827/49/1318 6826/43/1318 6857/70/1318 6858/73/1318
f 6814/51/42 6813/45/42 6844/71/42 6845/74/42
f 6801/53/1512 6800/47/1512 6831/72/1512 6832/75/1512
f 6828/55/1513 6827/49/1513 6858/73/1513 6859/76/1513
f 6815/57/45 6814/51/45 6845/74/45 6846/77/45
f 6802/59/46 6801/53/46 6832/75/46 6833/78/46
f 6829/61/47 6828/55/47 6859/76/47 6860/79/47
f 6816/63/1514 6815/57/1514 6846/77/1514 6847/80/1514
f 6803/3/49 6802/59/49 6833/78/49 6834/81/49
f 7295/82/1509 6829/61/1509 6860/79/50
f 6850/87/1515 6849/85/1515 6880/112/1515 6881/114/1515
f 6837/88/83 6836/86/83 6867/113/83 6868/115/83
f 6851/89/84 6850/87/84 6881/114/84 6882/116/84
f 6838/90/85 6837/88/85 6868/115/85 6869/117/85
f 6852/91/86 6851/89/86 6882/116/86 6883/118/86
f 6839/92/87 6838/90/87 6869/117/87 6870/119/87
f 6853/93/88 6852/91/88 6883/118/88 6884/120/88
f 6840/94/89 6839/92/89 6870/119/89 6871/121/89
f 6854/95/90 6853/93/90 6884/120/90 6885/122/90
f 6841/96/1516 6840/94/1516 6871/121/1516 6872/123/1516
f 6855/97/92 6854/95/92 6885/122/92 6886/124/92
f 6842/65/1063 6841/96/1063 6872/123/1063 6873/125/1063
f 6856/69/94 6855/97/94 6886/124/94 6887/126/94
f 6843/66/1517 6842/65/1517 6873/125/1517 6874/127/1517
f 6830/68/37 7296/128/37 6861/129/96
f 6857/70/97 6856/69/97 6887/126/97 6888/130/97
f 6844/71/1518 6843/66/1518 6874/127/1518 6875/98/1518
f 6831/72/99 6830/68/99 6861/129/99 6862/100/99
f 6858/73/100 6857/70/100 6888/130/100 6889/102/100
f 6845/74/68 6844/71/68 6875/98/68 6876/99/68
f 6832/75/69 6831/72/69 6862/100/69 6863/101/69
f 6859/76/70 6858/73/70 6889/102/70 6890/103/70
f 6846/77/71 6845/74/71 6876/99/71 6877/104/71
f 6833/78/72 6832/75/72 6863/101/72 6864/105/72
f 6860/79/73 6859/76/73 6890/103/73 6891/106/73
f 6847/80/1519 6846/77/1519 6877/104/1519 6878/107/1519
f 6834/81/75 6833/78/75 6864/105/75 6865/108/75
f 7295/109/76 6860/79/1323 6891/106/76
f 6848/83/1520 6847/80/1520 6878/107/1520 6879/110/1520
f 6835/84/1324 6834/81/1324 6865/108/1324 6866/111/1324
f 6849/85/1062 6848/83/1062 6879/110/1062 6880/112/1062
f 6836/86/81 6835/84/81 6866/111/81 6867/113/81
f 6883/118/112 6882/116/112 6913/143/112 6914/145/112
f 6870/119/113 6869/117/113 6900/144/113 6901/146/113
f 6884/120/114 6883/118/114 6914/145/114 6915/147/114
f 6871/121/115 6870/119/115 6901/146/115 6902/148/115
f 6885/122/116 6884/120/116 6915/147/116 6916/149/116
f 6872/123/117 6871/121/117 6902/148/117 6903/150/117
f 6886/124/118 6885/122/118 6916/149/118 6917/151/118
f 6873/125/1065 6872/123/1065 6903/150/1065 6904/152/1065
f 6887/126/120 6886/124/120 6917/151/120 6918/153/120
f 6874/127/121 6873/125/121 6904/152/121 6905/154/121
f 6861/129/122 7296/155/123 6892/156/123
f 6888/130/124 6887/126/124 6918/153/124 6919/157/124
f 6875/98/125 6874/127/125 6905/154/125 6906/158/125
f 6862/100/126 6861/129/126 6892/156/126 6893/159/126
f 6889/102/127 6888/130/127 6919/157/127 6920/160/127
f 6876/99/128 6875/98/128 6906/158/128 6907/161/128
f 6863/101/129 6862/100/129 6893/159/129 6894/162/129
f 6890/103/130 6889/102/130 6920/160/130 6921/163/130
f 6877/104/131 6876/99/131 6907/161/131 6908/131/131
f 6864/105/132 6863/101/132 6894/162/132 6895/133/132
f 6891/106/133 6890/103/133 6921/163/133 6922/136/133
f 6878/107/101 6877/104/101 6908/131/101 6909/132/101
f 6865/108/102 6864/105/102 6895/133/102 6896/134/102
f 7295/135/76 6891/106/76 6922/136/103
f 6879/110/104 6878/107/104 6909/132/104 6910/137/104
f 6866/111/1327 6865/108/1327 6896/134/1327 6897/138/1327
f 6880/112/1064 6879/110/1064 6910/137/1064 6911/139/1064
f 6867/113/107 6866/111/107 6897/138/107 6898/140/107
f 6881/114/108 6880/112/108 6911/139/108 6912/141/108
f 6868/115/109 6867/113/109 6898/140/109 6899/142/109
f 6882/116/110 6881/114/110 6912/141/110 6913/143/110
f 6869/117/111 6868/115/111 6899/142/111 6900/144/111
f 6916/149/144 6915/147/144 6946/174/144 6947/176/144
f 6903/150/145 6902/148/145 6933/175/145 6934/177/145
f 6917/151/146 6916/149/146 6947/176/146 6948/178/146
f 6904/152/1068 6903/150/1068 6934/177/1068 6935/179/1068
f 6918/153/148 6917/151/148 6948/178/148 6949/180/148
f 6905/154/149 6904/152/149 6935/179/149 6936/181/149
f 6892/156/123 7296/182/123 6923/183/1521
f 6919/157/151 6918/153/151 6949/180/151 6950/184/151
f 6906/158/152 6905/154/152 6936/181/152 6937/185/152
f 6893/159/153 6892/156/153 6923/183/153 6924/186/153
f 6920/160/154 6919/157/154 6950/184/154 6951/187/154
f 6907/161/155 6906/158/155 6937/185/155 6938/188/155
f 6894/162/156 6893/159/156 6924/186/156 6925/189/156
f 6921/163/157 6920/160/157 6951/187/157 6952/190/157
f 6908/131/158 6907/161/158 6938/188/158 6939/191/158
f 6895/133/1522 6894/162/1522 6925/189/1522 6926/192/1522
f 6922/136/160 6921/163/160 6952/190/160 6953/193/160
f 6909/132/161 6908/131/161 6939/191/161 6940/194/161
f 6896/134/162 6895/133/162 6926/192/162 6927/195/162
f 7295/196/163 6922/136/164 6953/193/163
f 6910/137/165 6909/132/165 6940/194/165 6941/164/165
f 6897/138/1331 6896/134/1331 6927/195/1331 6928/166/1331
f 6911/139/1067 6910/137/1067 6941/164/1067 6942/165/1067
f 6898/140/135 6897/138/135 6928/166/135 6929/167/135
f 6912/141/136 6911/139/136 6942/165/136 6943/168/136
f 6899/142/1523 6898/140/1523 6929/167/1523 6930/169/1523
f 6913/143/138 6912/141/138 6943/168/138 6944/170/138
f 6900/144/139 6899/142/139 6930/169/139 6931/171/139
f 6914/145/140 6913/143/140 6944/170/140 6945/172/140
f 6901/146/141 6900/144/141 6931/171/141 6932/173/141
f 6915/147/142 6914/145/142 6945/172/142 6946/174/142
f 6902/148/143 6901/146/143 6932/173/143 6933/175/143
f 6949/180/177 6948/178/177 6979/207/177 6980/209/177
f 6936/181/178 6935/179/178 6966/208/178 6967/210/178
f 6923/183/179 7296/211/180 6954/212/180
f 6950/184/181 6949/180/181 6980/209/181 6981/213/181
f 6937/185/182 6936/181/182 6967/210/182 6968/214/182
f 6924/186/183 6923/183/183 6954/212/183 6955/215/183
f 6951/187/184 6950/184/184 6981/213/184 6982/216/184
f 6938/188/185 6937/185/185 6968/214/185 6969/217/185
f 6925/189/186 6924/186/186 6955/215/186 6956/218/186
f 6952/190/187 6951/187/187 6982/216/187 6983/219/187
f 6939/191/188 6938/188/188 6969/217/188 6970/220/188
f 6926/192/189 6925/189/189 6956/218/189 6957/221/189
f 6953/193/190 6952/190/190 6983/219/190 6984/222/190
f 6940/194/191 6939/191/191 6970/220/191 6971/223/191
f 6927/195/192 6926/192/192 6957/221/192 6958/224/192
f 7295/225/163 6953/193/163 6984/222/1524
f 6941/164/194 6940/194/194 6971/223/194 6972/226/194
f 6928/166/195 6927/195/195 6958/224/195 6959/227/195
f 6942/165/1335 6941/164/1335 6972/226/1335 6973/228/1335
f 6929/167/197 6928/166/197 6959/227/197 6960/229/197
f 6943/168/1525 6942/165/1525 6973/228/1525 6974/197/1525
f 6930/169/1337 6929/167/1337 6960/229/1337 6961/199/1337
f 6944/170/167 6943/168/167 6974/197/167 6975/198/167
f 6931/171/1338 6930/169/1338 6961/199/1338 6962/200/1338
f 6945/172/169 6944/170/169 6975/198/169 6976/201/169
f 6932/173/170 6931/171/170 6962/200/170 6963/202/170
f 6946/174/1339 6945/172/1339 6976/201/1339 6977/203/1339
f 6933/175/172 6932/173/172 6963/202/172 6964/204/172
f 6947/176/173 6946/174/173 6977/203/173 6978/205/173
f 6934/177/1526 6933/175/1526 6964/204/1526 6965/206/1526
f 6948/178/175 6947/176/175 6978/205/175 6979/207/175
f 6935/179/1341 6934/177/1341 6965/206/1341 6966/208/1341
f 6982/216/1342 6981/213/1342 7012/242/1342 7013/245/1342
f 6969/217/213 6968/214/213 6999/243/213 7000/246/213
f 6956/218/214 6955/215/214 6986/244/214 6987/247/214
f 6983/219/215 6982/216/215 7013/245/215 7014/248/215
f 6970/220/216 6969/217/216 7000/246/216 7001/249/216
f 6957/221/217 6956/218/217 6987/247/217 6988/250/217
f 6984/222/218 6983/219/218 7014/248/218 7015/251/218
f 6971/223/219 6970/220/219 7001/249/219 7002/252/219
f 6958/224/220 6957/221/220 6988/250/220 6989/253/220
f 7295/254/221 6984/222/222 7015/251/221
f 6972/226/223 6971/223/223 7002/252/223 7003/255/223
f 6959/227/224 6958/224/224 6989/253/224 6990/256/224
f 6973/228/225 6972/226/225 7003/255/225 7004/257/225
f 6960/229/1344 6959/227/1344 6990/256/1344 6991/258/1344
f 6974/197/1527 6973/228/1527 7004/257/1527 7005/259/1527
f 6961/199/1346 6960/229/1346 6991/258/1346 6992/260/1346
f 6975/198/229 6974/197/229 7005/259/229 7006/261/229
f 6962/200/1347 6961/199/1347 6992/260/1347 6993/262/1347
f 6976/201/231 6975/198/231 7006/261/231 7007/230/231
f 6963/202/232 6962/200/232 6993/262/232 6994/232/232
f 6977/203/1348 6976/201/1348 7007/230/1348 7008/231/1348
f 6964/204/201 6963/202/201 6994/232/201 6995/233/201
f 6978/205/1349 6977/203/1349 7008/231/1349 7009/234/1349
f 6965/206/1350 6964/204/1350 6995/233/1350 6996/235/1350
f 6979/207/204 6978/205/204 7009/234/204 7010/236/204
f 6966/208/205 6965/206/205 6996/235/205 6997/237/205
f 6980/209/206 6979/207/206 7010/236/206 7011/238/206
f 6967/210/207 6966/208/207 6997/237/207 6998/239/207
f 6954/212/180 7296/240/180 6985/241/208
f 6981/213/209 6980/209/209 7011/238/209 7012/242/209
f 6968/214/210 6967/210/210 6998/239/210 6999/243/210
f 6955/215/211 6954/212/211 6985/241/211 6986/244/211
f 7015/251/248 7014/248/248 7045/277/248 7046/280/248
f 7002/252/249 7001/249/249 7032/278/249 7033/281/249
f 6989/253/250 6988/250/250 7019/279/250 7020/282/250
f 7295/283/221 7015/251/221 7046/280/251
f 7003/255/252 7002/252/252 7033/281/252 7034/284/252
f 6990/256/1351 6989/253/1351 7020/282/1351 7021/285/1351
f 7004/257/1078 7003/255/1078 7034/284/1078 7035/286/1078
f 6991/258/255 6990/256/255 7021/285/255 7022/287/255
f 7005/259/256 7004/257/256 7035/286/256 7036/288/256
f 6992/260/1352 6991/258/1352 7022/287/1352 7023/289/1352
f 7006/261/258 7005/259/258 7036/288/258 7037/290/258
f 6993/262/259 6992/260/259 7023/289/259 7024/291/259
f 7007/230/1353 7006/261/1353 7037/290/1353 7038/292/1353
f 6994/232/1354 6993/262/1354 7024/291/1354 7025/293/1354
f 7008/231/262 7007/230/262 7038/292/262 7039/294/262
f 6995/233/263 6994/232/263 7025/293/263 7026/295/263
f 7009/234/264 7008/231/264 7039/294/264 7040/263/264
f 6996/235/265 6995/233/265 7026/295/265 7027/265/265
f 7010/236/233 7009/234/233 7040/263/233 7041/264/233
f 6997/237/1074 6996/235/1074 7027/265/1074 7028/266/1074
f 7011/238/235 7010/236/235 7041/264/235 7042/267/235
f 6998/239/236 6997/237/236 7028/266/236 7029/268/236
f 6985/241/1355 7296/269/1356 7016/270/1356
f 7012/242/239 7011/238/239 7042/267/239 7043/271/239
f 6999/243/240 6998/239/240 7029/268/240 7030/272/240
f 6986/244/241 6985/241/241 7016/270/241 7017/273/241
f 7013/245/242 7012/242/242 7043/271/242 7044/274/242
f 7000/246/243 6999/243/243 7030/272/243 7031/275/243
f 6987/247/244 6986/244/244 7017/273/244 7018/276/244
f 7014/248/245 7013/245/245 7044/274/245 7045/277/245
f 7001/249/246 7000/246/246 7031/275/246 7032/278/246
f 6988/250/247 6987/247/247 7018/276/247 7019/279/247
f 7035/286/1082 7034/284/1082 7065/312/1082 7066/314/1082
f 7022/287/283 7021/285/283 7052/313/283 7053/315/283
f 7036/288/284 7035/286/284 7066/314/284 7067/316/284
f 7023/289/1357 7022/287/1357 7053/315/1357 7054/317/1357
f 7037/290/286 7036/288/286 7067/316/286 7068/318/286
f 7024/291/287 7023/289/287 7054/317/287 7055/319/287
f 7038/292/1358 7037/290/1358 7068/318/1358 7069/320/1358
f 7025/293/1359 7024/291/1359 7055/319/1359 7056/321/1359
f 7039/294/290 7038/292/290 7069/320/290 7070/322/290
f 7026/295/291 7025/293/291 7056/321/291 7057/323/291
f 7040/263/292 7039/294/292 7070/322/292 7071/324/292
f 7027/265/293 7026/295/293 7057/323/293 7058/325/293
f 7041/264/294 7040/263/294 7071/324/294 7072/326/294
f 7028/266/1083 7027/265/1083 7058/325/1083 7059/327/1083
f 7042/267/296 7041/264/296 7072/326/296 7073/296/296
f 7029/268/297 7028/266/297 7059/327/297 7060/298/297
f 7016/270/1356 7296/328/1356 7047/300/1360
f 7043/271/266 7042/267/266 7073/296/266 7074/297/266
f 7030/272/267 7029/268/267 7060/298/267 7061/299/267
f 7017/273/268 7016/270/268 7047/300/268 7048/301/268
f 7044/274/269 7043/271/269 7074/297/269 7075/302/269
f 7031/275/270 7030/272/270 7061/299/270 7062/303/270
f 7018/276/271 7017/273/271 7048/301/271 7049/304/271
f 7045/277/272 7044/274/272 7075/302/272 7076/305/272
f 7032/278/273 7031/275/273 7062/303/273 7063/306/273
f 7019/279/274 7018/276/274 7049/304/274 7050/307/274
f 7046/280/275 7045/277/275 7076/305/275 7077/308/275
f 7033/281/276 7032/278/276 7063/306/276 7064/309/276
f 7020/282/277 7019/279/277 7050/307/277 7051/310/277
f 7295/311/278 7046/280/279 7077/308/278
f 7034/284/280 7033/281/280 7064/309/280 7065/312/280
f 7021/285/1361 7020/282/1361 7051/310/1361 7052/313/1361
f 7068/318/312 7067/316/312 7098/343/312 7099/345/312
f 7055/319/1362 7054/317/1362 7085/344/1362 7086/346/1362
f 7069/320/314 7068/318/314 7099/345/314 7100/347/314
f 7056/321/315 7055/319/315 7086/346/315 7087/348/315
f 7070/322/1363 7069/320/1363 7100/347/1363 7101/349/1363
f 7057/323/317 7056/321/317 7087/348/317 7088/350/317
f 7071/324/1085 7070/322/1085 7101/349/1085 7102/351/1085
f 7058/325/1528 7057/323/1528 7088/350/1528 7089/352/1528
f 7072/326/320 7071/324/320 7102/351/320 7103/353/320
f 7059/327/321 7058/325/321 7089/352/321 7090/354/321
f 7073/296/322 7072/326/322 7103/353/322 7104/355/322
f 7060/298/323 7059/327/323 7090/354/323 7091/356/323
f 7047/300/324 7296/357/325 7078/358/325
f 7074/297/326 7073/296/326 7104/355/326 7105/359/326
f 7061/299/327 7060/298/327 7091/356/327 7092/360/327
f 7048/301/328 7047/300/328 7078/358/328 7079/361/328
f 7075/302/1366 7074/297/1366 7105/359/1366 7106/329/1366
f 7062/303/330 7061/299/330 7092/360/330 7093/331/330
f 7049/304/331 7048/301/331 7079/361/331 7080/333/331
f 7076/305/299 7075/302/299 7106/329/299 7107/330/299
f 7063/306/300 7062/303/300 7093/331/300 7094/332/300
f 7050/307/301 7049/304/301 7080/333/301 7081/334/301
f 7077/308/302 7076/305/302 7107/330/302 7108/335/302
f 7064/309/303 7063/306/303 7094/332/303 7095/336/303
f 7051/310/304 7050/307/304 7081/334/304 7082/337/304
f 7295/338/278 7077/308/278 7108/335/305
f 7065/312/306 7064/309/306 7095/336/306 7096/339/306
f 7052/313/1529 7051/310/1529 7082/337/1529 7083/340/1529
f 7066/314/308 7065/312/308 7096/339/308 7097/341/308
f 7053/315/1367 7052/313/1367 7083/340/1367 7084/342/1367
f 7067/316/1530 7066/314/1530 7097/341/1530 7098/343/1530
f 7054/317/1369 7053/315/1369 7084/342/1369 7085/344/1369
f 7101/349/1370 7100/347/1370 7131/374/1370 7132/376/1370
f 7088/350/345 7087/348/345 7118/375/345 7119/377/345
f 7102/351/346 7101/349/346 7132/376/346 7133/378/346
f 7089/352/1371 7088/350/1371 7119/377/1371 7120/379/1371
f 7103/353/348 7102/351/348 7133/378/348 7134/380/348
f 7090/354/1372 7089/352/1372 7120/379/1372 7121/381/1372
f 7104/355/350 7103/353/350 7134/380/350 7135/382/350
f 7091/356/351 7090/354/351 7121/381/351 7122/383/351
f 7078/358/325 7296/384/325 7109/385/352
f 7105/359/353 7104/355/353 7135/382/353 7136/386/353
f 7092/360/354 7091/356/354 7122/383/354 7123/387/354
f 7079/361/355 7078/358/355 7109/385/355 7110/388/355
f 7106/329/356 7105/359/356 7136/386/356 7137/389/356
f 7093/331/357 7092/360/357 7123/387/357 7124/390/357
f 7080/333/358 7079/361/358 7110/388/358 7111/391/358
f 7107/330/1531 7106/329/1531 7137/389/1531 7138/392/1531
f 7094/332/360 7093/331/360 7124/390/360 7125/393/360
f 7081/334/361 7080/333/361 7111/391/361 7112/394/361
f 7108/335/362 7107/330/362 7138/392/362 7139/363/362
f 7095/336/363 7094/332/363 7125/393/363 7126/364/363
f 7082/337/364 7081/334/364 7112/394/364 7113/366/364
f 7295/362/332 7108/335/1374 7139/363/332
f 7096/339/334 7095/336/334 7126/364/334 7127/365/334
f 7083/340/1532 7082/337/1532 7113/366/1532 7114/367/1532
f 7097/341/1375 7096/339/1375 7127/365/1375 7128/368/1375
f 7084/342/337 7083/340/337 7114/367/337 7115/369/337
f 7098/343/1376 7097/341/1376 7128/368/1376 7129/370/1376
f 7085/344/1377 7084/342/1377 7115/369/1377 7116/371/1377
f 7099/345/340 7098/343/340 7129/370/340 7130/372/340
f 7086/346/1378 7085/344/1378 7116/371/1378 7117/373/1378
f 7100/347/342 7099/345/342 7130/372/342 7131/374/342
f 7087/348/343 7086/346/343 7117/373/343 7118/375/343
f 7134/380/375 7133/378/375 7164/405/375 7165/407/375
f 7121/381/376 7120/379/376 7151/406/376 7152/408/376
f 7135/382/377 7134/380/377 7165/407/377 7166/409/377
f 7122/383/1379 7121/381/1379 7152/408/1379 7153/410/1379
f 7109/385/1533 7296/411/380 7140/412/380
f 7136/386/381 7135/382/381 7166/409/381 7167/413/381
f 7123/387/382 7122/383/382 7153/410/382 7154/414/382
f 7110/388/383 7109/385/383 7140/412/383 7141/415/383
f 7137/389/384 7136/386/384 7167/413/384 7168/416/384
f 7124/390/385 7123/387/385 7154/414/385 7155/417/385
f 7111/391/386 7110/388/386 7141/415/386 7142/418/386
f 7138/392/387 7137/389/387 7168/416/387 7169/419/387
f 7125/393/388 7124/390/388 7155/417/388 7156/420/388
f 7112/394/389 7111/391/389 7142/418/389 7143/421/389
f 7139/363/390 7138/392/390 7169/419/390 7170/422/390
f 7126/364/391 7125/393/391 7156/420/391 7157/423/391
f 7113/366/392 7112/394/392 7143/421/392 7144/424/392
f 7295/425/332 7139/363/332 7170/422/393
f 7127/365/1381 7126/364/1381 7157/423/1381 7158/426/1381
f 7114/367/1382 7113/366/1382 7144/424/1382 7145/427/1382
f 7128/368/396 7127/365/396 7158/426/396 7159/395/396
f 7115/369/397 7114/367/397 7145/427/397 7146/397/397
f 7129/370/365 7128/368/365 7159/395/365 7160/396/365
f 7116/371/366 7115/369/366 7146/397/366 7147/398/366
f 7130/372/367 7129/370/367 7160/396/367 7161/399/367
f 7117/373/368 7116/371/368 7147/398/368 7148/400/368
f 7131/374/369 7130/372/369 7161/399/369 7162/401/369
f 7118/375/370 7117/373/370 7148/400/370 7149/402/370
f 7132/376/371 7131/374/371 7162/401/371 7163/403/371
f 7119/377/372 7118/375/372 7149/402/372 7150/404/372
f 7133/378/373 7132/376/373 7163/403/373 7164/405/373
f 7120/379/374 7119/377/374 7150/404/374 7151/406/374
f 7140/412/380 7296/440/380 7171/441/408
f 7167/413/409 7166/409/409 7197/438/409 7198/442/409
f 7154/414/410 7153/410/410 7184/439/410 7185/443/410
f 7141/415/411 7140/412/411 7171/441/411 7172/444/411
f 7168/416/412 7167/413/412 7198/442/412 7199/445/412
f 7155/417/413 7154/414/413 7185/443/413 7186/446/413
f 7142/418/414 7141/415/414 7172/444/414 7173/447/414
f 7169/419/415 7168/416/415 7199/445/415 7200/448/415
f 7156/420/416 7155/417/416 7186/446/416 7187/449/416
f 7143/421/417 7142/418/417 7173/447/417 7174/450/417
f 7170/422/418 7169/419/418 7200/448/418 7201/451/418
f 7157/423/419 7156/420/419 7187/449/419 7188/452/419
f 7144/424/420 7143/421/420 7174/450/420 7175/453/420
f 7295/454/421 7170/422/422 7201/451/421
f 7158/426/423 7157/423/423 7188/452/423 7189/455/423
f 7145/427/1388 7144/424/1388 7175/453/1388 7176/456/1388
f 7159/395/1534 7158/426/1534 7189/455/1534 7190/457/1534
f 7146/397/426 7145/427/426 7176/456/426 7177/458/426
f 7160/396/427 7159/395/427 7190/457/427 7191/459/427
f 7147/398/428 7146/397/428 7177/458/428 7178/460/428
f 7161/399/429 7160/396/429 7191/459/429 7192/428/429
f 7148/400/430 7147/398/430 7178/460/430 7179/430/430
f 7162/401/398 7161/399/398 7192/428/398 7193/429/398
f 7149/402/399 7148/400/399 7179/430/399 7180/431/399
f 7163/403/400 7162/401/400 7193/429/400 7194/432/400
f 7150/404/401 7149/402/401 7180/431/401 7181/433/401
f 7164/405/402 7163/403/402 7194/432/402 7195/434/402
f 7151/406/403 7150/404/403 7181/433/403 7182/435/403
f 7165/407/404 7164/405/404 7195/434/404 7196/436/404
f 7152/408/1535 7151/406/1535 7182/435/1535 7183/437/1535
f 7166/409/406 7165/407/406 7196/436/406 7197/438/406
f 7153/410/407 7152/408/407 7183/437/407 7184/439/407
f 7173/447/1536 7172/444/1536 7203/473/1536 7204/476/1536
f 7200/448/1537 7199/445/1537 7230/474/1537 7231/477/1537
f 7187/449/446 7186/446/446 7217/475/446 7218/478/446
f 7174/450/447 7173/447/447 7204/476/447 7205/479/447
f 7201/451/448 7200/448/448 7231/477/448 7232/480/448
f 7188/452/449 7187/449/449 7218/478/449 7219/481/449
f 7175/453/450 7174/450/450 7205/479/450 7206/482/450
f 7295/483/421 7201/451/421 7232/480/1390
f 7189/455/452 7188/452/452 7219/481/452 7220/484/452
f 7176/456/1538 7175/453/1538 7206/482/1538 7207/485/1538
f 7190/457/1096 7189/455/1096 7220/484/1096 7221/486/1096
f 7177/458/455 7176/456/455 7207/485/455 7208/487/455
f 7191/459/1539 7190/457/1539 7221/486/1539 7222/488/1539
f 7178/460/457 7177/458/457 7208/487/457 7209/489/457
f 7192/428/458 7191/459/458 7222/488/458 7223/490/458
f 7179/430/459 7178/460/459 7209/489/459 7210/491/459
f 7193/429/460 7192/428/460 7223/490/460 7224/492/460
f 7180/431/461 7179/430/461 7210/491/461 7211/493/461
f 7194/432/462 7193/429/462 7224/492/462 7225/461/462
f 7181/433/463 7180/431/463 7211/493/463 7212/463/463
f 7195/434/431 7194/432/431 7225/461/431 7226/462/431
f 7182/435/1540 7181/433/1540 7212/463/1540 7213/464/1540
f 7196/436/433 7195/434/433 7226/462/433 7227/465/433
f 7183/437/1095 7182/435/1095 7213/464/1095 7214/466/1095
f 7197/438/435 7196/436/435 7227/465/435 7228/467/435
f 7184/439/436 7183/437/436 7214/466/436 7215/468/436
f 7171/441/437 7296/469/438 7202/470/438
f 7198/442/439 7197/438/439 7228/467/439 7229/471/439
f 7185/443/440 7184/439/440 7215/468/440 7216/472/440
f 7172/444/441 7171/441/441 7202/470/441 7203/473/441
f 7199/445/442 7198/442/442 7229/471/442 7230/474/442
f 7186/446/443 7185/443/443 7216/472/443 7217/475/443
f 7206/482/478 7205/479/478 7236/508/478 7237/511/478
f 7295/512/479 7232/480/480 7263/509/479
f 7220/484/481 7219/481/481 7250/510/481 7251/513/481
f 7207/485/482 7206/482/482 7237/511/482 7238/514/482
f 7221/486/483 7220/484/483 7251/513/483 7252/515/483
f 7208/487/1541 7207/485/1541 7238/514/1541 7239/516/1541
f 7222/488/485 7221/486/485 7252/515/485 7253/517/485
f 7209/489/1399 7208/487/1399 7239/516/1399 7240/518/1399
f 7223/490/487 7222/488/487 7253/517/487 7254/519/487
f 7210/491/1542 7209/489/1542 7240/518/1542 7241/520/1542
f 7224/492/489 7223/490/489 7254/519/489 7255/521/489
f 7211/493/490 7210/491/490 7241/520/490 7242/522/490
f 7225/461/1543 7224/492/1543 7255/521/1543 7256/523/1543
f 7212/463/492 7211/493/492 7242/522/492 7243/524/492
f 7226/462/1097 7225/461/1097 7256/523/1097 7257/525/1097
f 7213/464/494 7212/463/494 7243/524/494 7244/526/494
f 7227/465/495 7226/462/495 7257/525/495 7258/494/495
f 7214/466/496 7213/464/496 7244/526/496 7245/496/496
f 7228/467/464 7227/465/464 7258/494/464 7259/495/464
f 7215/468/465 7214/466/465 7245/496/465 7246/497/465
f 7202/470/438 7296/498/438 7233/499/466
f 7229/471/467 7228/467/467 7259/495/467 7260/500/467
f 7216/472/468 7215/468/468 7246/497/468 7247/501/468
f 7203/473/469 7202/470/469 7233/499/469 7234/502/469
f 7230/474/1401 7229/471/1401 7260/500/1401 7261/503/1401
f 7217/475/471 7216/472/471 7247/501/471 7248/504/471
f 7204/476/472 7203/473/472 7234/502/472 7235/505/472
f 7231/477/473 7230/474/473 7261/503/473 7262/506/473
f 7218/478/474 7217/475/474 7248/504/474 7249/507/474
f 7205/479/475 7204/476/475 7235/505/475 7236/508/475
f 7232/480/476 7231/477/476 7262/506/476 7263/509/476
f 7219/481/477 7218/478/477 7249/507/477 7250/510/477
f 7239/516/511 7238/514/511 7269/542/511 7270/544/511
f 7253/517/512 7252/515/512 7283/543/512 7284/545/512
f 7240/518/1406 7239/516/1406 7270/544/1406 7271/546/1406
f 7254/519/514 7253/517/514 7284/545/514 7285/547/514
f 7241/520/515 7240/518/515 7271/546/515 7272/548/515
f 7255/521/1544 7254/519/1544 7285/547/1544 7286/549/1544
f 7242/522/1545 7241/520/1545 7272/548/1545 7273/550/1545
f 7256/523/518 7255/521/518 7286/549/518 7287/551/518
f 7243/524/519 7242/522/519 7273/550/519 7274/552/519
f 7257/525/520 7256/523/520 7287/551/520 7288/553/520
f 7244/526/521 7243/524/521 7274/552/521 7275/554/521
f 7258/494/522 7257/525/522 7288/553/522 7289/555/522
f 7245/496/523 7244/526/523 7275/554/523 7276/556/523
f 7259/495/524 7258/494/524 7289/555/524 7290/557/524
f 7246/497/525 7245/496/525 7276/556/525 7277/558/525
f 7233/499/1408 7296/559/1409 7264/527/1409
f 7260/500/528 7259/495/528 7290/557/528 7291/529/528
f 7247/501/529 7246/497/529 7277/558/529 7278/531/529
f 7234/502/497 7233/499/497 7264/527/497 7265/528/497
f 7261/503/1410 7260/500/1410 7291/529/1410 7292/530/1410
f 7248/504/499 7247/501/499 7278/531/499 7279/532/499
f 7235/505/500 7234/502/500 7265/528/500 7266/533/500
f 7262/506/501 7261/503/501 7292/530/501 7293/534/501
f 7249/507/502 7248/504/502 7279/532/502 7280/535/502
f 7236/508/503 7235/505/503 7266/533/503 7267/536/503
f 7263/509/504 7262/506/504 7293/534/504 7294/537/504
f 7250/510/505 7249/507/505 7280/535/505 7281/538/505
f 7237/511/506 7236/508/506 7267/536/506 7268/539/506
f 7295/540/479 7263/509/479 7294/537/507
f 7251/513/508 7250/510/508 7281/538/508 7282/541/508
f 7238/514/1546 7237/511/1546 7268/539/1546 7269/542/1546
f 7252/515/510 7251/513/510 7282/541/510 7283/543/510
f 7272/548/543 7271/546/543 7304/573/543 7305/575/543
f 7286/549/544 7285/547/544 7318/574/544 7319/576/544
f 7273/550/545 7272/548/545 7305/575/545 7306/577/545
f 7287/551/546 7286/549/546 7319/576/546 7320/578/546
f 7274/552/547 7273/550/547 7306/577/547 7307/579/547
f 7288/553/548 7287/551/548 7320/578/548 7321/580/548
f 7275/554/549 7274/552/549 7307/579/549 7308/581/549
f 7289/555/550 7288/553/550 7321/580/550 7322/582/550
f 7276/556/551 7275/554/551 7308/581/551 7309/583/551
f 7290/557/552 7289/555/552 7322/582/552 7323/584/552
f 7277/558/553 7276/556/553 7309/583/553 7310/585/553
f 7264/527/1409 7296/586/1409 7297/587/1415
f 7291/529/555 7290/557/555 7323/584/555 7324/588/555
f 7278/531/556 7277/558/556 7310/585/556 7311/589/556
f 7265/528/557 7264/527/557 7297/587/557 7298/590/557
f 7292/530/1416 7291/529/1416 7324/588/1416 7325/591/1416
f 7279/532/559 7278/531/559 7311/589/559 7312/592/559
f 7266/533/560 7265/528/560 7298/590/560 7299/560/560
f 7293/534/561 7292/530/561 7325/591/561 7326/562/561
f 7280/535/562 7279/532/562 7312/592/562 7313/564/562
f 7267/536/530 7266/533/530 7299/560/530 7300/561/530
f 7294/537/531 7293/534/531 7326/562/531 7327/563/531
f 7281/538/532 7280/535/532 7313/564/532 7314/565/532
f 7268/539/533 7267/536/533 7300/561/533 7301/566/533
f 7295/567/534 7294/537/535 7327/563/534
f 7282/541/536 7281/538/536 7314/565/536 7315/568/536
f 7269/542/1547 7268/539/1547 7301/566/1547 7302/569/1547
f 7283/543/538 7282/541/538 7315/568/538 7316/570/538
f 7270/544/539 7269/542/539 7302/569/539 7303/571/539
f 7284/545/540 7283/543/540 7316/570/540 7317/572/540
f 7271/546/1419 7270/544/1419 7303/571/1419 7304/573/1419
f 7285/547/542 7284/545/542 7317/572/542 7318/574/542
f 7307/579/573 7306/577/573 7337/603/573 7338/605/573
f 7321/580/1548 7320/578/1548 7351/604/1548 7352/606/1548
f 7308/581/575 7307/579/575 7338/605/575 7339/607/575
f 7322/582/576 7321/580/576 7352/606/576 7353/608/576
f 7309/583/577 7308/581/577 7339/607/577 7340/609/577
f 7323/584/578 7322/582/578 7353/608/578 7354/610/578
f 7310/585/579 7309/583/579 7340/609/579 7341/611/579
f 7297/587/580 7296/612/581 7328/613/581
f 7324/588/582 7323/584/582 7354/610/582 7355/614/582
f 7311/589/583 7310/585/583 7341/611/583 7342/615/583
f 7298/590/584 7297/587/584 7328/613/584 7329/616/584
f 7325/591/1421 7324/588/1421 7355/614/1421 7356/617/1421
f 7312/592/586 7311/589/586 7342/615/586 7343/618/586
f 7299/560/587 7298/590/587 7329/616/587 7330/619/587
f 7326/562/588 7325/591/588 7356/617/588 7357/620/588
f 7313/564/589 7312/592/589 7343/618/589 7344/621/589
f 7300/561/590 7299/560/590 7330/619/590 7331/622/590
f 7327/563/591 7326/562/591 7357/620/591 7358/623/591
f 7314/565/592 7313/564/592 7344/621/592 7345/624/592
f 7301/566/593 7300/561/593 7331/622/593 7332/593/593
f 7295/625/534 7327/563/534 7358/623/594
f 7315/568/595 7314/565/595 7345/624/595 7346/595/595
f 7302/569/563 7301/566/563 7332/593/563 7333/594/563
f 7316/570/564 7315/568/564 7346/595/564 7347/596/564
f 7303/571/1549 7302/569/1549 7333/594/1549 7334/597/1549
f 7317/572/566 7316/570/566 7347/596/566 7348/598/566
f 7304/573/1425 7303/571/1425 7334/597/1425 7335/599/1425
f 7318/574/568 7317/572/568 7348/598/568 7349/600/568
f 7305/575/1550 7304/573/1550 7335/599/1550 7336/601/1550
f 7319/576/570 7318/574/570 7349/600/570 7350/602/570
f 7306/577/571 7305/575/571 7336/601/571 7337/603/571
f 7320/578/1551 7319/576/1551 7350/602/1551 7351/604/1551
f 7340/609/606 7339/607/606 7370/636/606 7371/638/606
f 7354/610/607 7353/608/607 7384/637/607 7385/639/607
f 7341/611/608 7340/609/608 7371/638/608 7372/640/608
f 7328/613/581 7296/641/581 7359/642/609
f 7355/614/610 7354/610/610 7385/639/610 7386/643/610
f 7342/615/611 7341/611/611 7372/640/611 7373/644/611
f 7329/616/612 7328/613/612 7359/642/612 7360/645/612
f 7356/617/613 7355/614/613 7386/643/613 7387/646/613
f 7343/618/614 7342/615/614 7373/644/614 7374/647/614
f 7330/619/615 7329/616/615 7360/645/615 7361/648/615
f 7357/620/616 7356/617/616 7387/646/616 7388/649/616
f 7344/621/617 7343/618/617 7374/647/617 7375/650/617
f 7331/622/618 7330/619/618 7361/648/618 7362/651/618
f 7358/623/619 7357/620/619 7388/649/619 7389/652/619
f 7345/624/620 7344/621/620 7375/650/620 7376/653/620
f 7332/593/621 7331/622/621 7362/651/621 7363/654/621
f 7295/655/622 7358/623/1430 7389/652/622
f 7346/595/624 7345/624/624 7376/653/624 7377/656/624
f 7333/594/625 7332/593/625 7363/654/625 7364/657/625
f 7347/596/626 7346/595/626 7377/656/626 7378/658/626
f 7334/597/627 7333/594/627 7364/657/627 7365/626/627
f 7348/598/1552 7347/596/1552 7378/658/1552 7379/628/1552
f 7335/599/596 7334/597/596 7365/626/596 7366/627/596
f 7349/600/597 7348/598/597 7379/628/597 7380/629/597
f 7336/601/1553 7335/599/1553 7366/627/1553 7367/630/1553
f 7350/602/1101 7349/600/1101 7380/629/1101 7381/631/1101
f 7337/603/1102 7336/601/1102 7367/630/1102 7368/632/1102
f 7351/604/1554 7350/602/1554 7381/631/1554 7382/633/1554
f 7338/605/602 7337/603/602 7368/632/602 7369/634/602
f 7352/606/603 7351/604/603 7382/633/603 7383/635/603
f 7339/607/1555 7338/605/1555 7369/634/1555 7370/636/1555
f 7353/608/605 7352/606/605 7383/635/605 7384/637/605
f 7373/644/641 7372/640/641 7403/669/641 7404/673/641
f 7360/645/642 7359/642/642 7390/671/642 7391/674/642
f 7387/646/643 7386/643/643 7417/672/643 7418/675/643
f 7374/647/644 7373/644/644 7404/673/644 7405/676/644
f 7361/648/645 7360/645/645 7391/674/645 7392/677/645
f 7388/649/646 7387/646/646 7418/675/646 7419/678/646
f 7375/650/647 7374/647/647 7405/676/647 7406/679/647
f 7362/651/1436 7361/648/1436 7392/677/1436 7393/680/1436
f 7389/652/649 7388/649/649 7419/678/649 7420/681/649
f 7376/653/650 7375/650/650 7406/679/650 7407/682/650
f 7363/654/651 7362/651/651 7393/680/651 7394/683/651
f 7295/684/622 7389/652/622 7420/681/652
f 7377/656/653 7376/653/653 7407/682/653 7408/685/653
f 7364/657/654 7363/654/654 7394/683/654 7395/686/654
f 7378/658/1556 7377/656/1556 7408/685/1556 7409/687/1556
f 7365/626/656 7364/657/656 7395/686/656 7396/688/656
f 7379/628/657 7378/658/657 7409/687/657 7410/689/657
f 7366/627/1437 7365/626/1437 7396/688/1437 7397/690/1437
f 7380/629/659 7379/628/659 7410/689/659 7411/691/659
f 7367/630/660 7366/627/660 7397/690/660 7398/659/660
f 7381/631/1107 7380/629/1107 7411/691/1107 7412/661/1107
f 7368/632/1105 7367/630/1105 7398/659/1105 7399/660/1105
f 7382/633/630 7381/631/630 7412/661/630 7413/662/630
f 7369/634/631 7368/632/631 7399/660/631 7400/663/631
f 7383/635/632 7382/633/632 7413/662/632 7414/664/632
f 7370/636/633 7369/634/633 7400/663/633 7401/665/633
f 7384/637/634 7383/635/634 7414/664/634 7415/666/634
f 7371/638/1557 7370/636/1557 7401/665/1557 7402/667/1557
f 7385/639/636 7384/637/636 7415/666/636 7416/668/636
f 7372/640/637 7371/638/637 7402/667/637 7403/669/637
f 7359/642/638 7296/670/639 7390/671/639
f 7386/643/640 7385/639/640 7416/668/640 7417/672/640
f 7406/679/675 7405/676/675 7436/705/675 7437/708/675
f 7393/680/1438 7392/677/1438 7423/706/1438 7424/709/1438
f 7420/681/677 7419/678/677 7450/707/677 7451/710/677
f 7407/682/678 7406/679/678 7437/708/678 7438/711/678
f 7394/683/679 7393/680/679 7424/709/679 7425/712/679
f 7295/713/680 7420/681/681 7451/710/680
f 7408/685/682 7407/682/682 7438/711/682 7439/714/682
f 7395/686/683 7394/683/683 7425/712/683 7426/715/683
f 7409/687/684 7408/685/684 7439/714/684 7440/716/684
f 7396/688/685 7395/686/685 7426/715/685 7427/717/685
f 7410/689/686 7409/687/686 7440/716/686 7441/718/686
f 7397/690/687 7396/688/687 7427/717/687 7428/719/687
f 7411/691/688 7410/689/688 7441/718/688 7442/720/688
f 7398/659/689 7397/690/689 7428/719/689 7429/721/689
f 7412/661/1111 7411/691/1111 7442/720/1111 7443/722/1111
f 7399/660/1112 7398/659/1112 7429/721/1112 7430/723/1112
f 7413/662/692 7412/661/692 7443/722/692 7444/724/692
f 7400/663/693 7399/660/693 7430/723/693 7431/692/693
f 7414/664/694 7413/662/694 7444/724/694 7445/694/694
f 7401/665/662 7400/663/662 7431/692/662 7432/693/662
f 7415/666/663 7414/664/663 7445/694/663 7446/695/663
f 7402/667/664 7401/665/664 7432/693/664 7433/696/664
f 7416/668/665 7415/666/665 7446/695/665 7447/697/665
f 7403/669/666 7402/667/666 7433/696/666 7434/698/666
f 7390/671/639 7296/699/639 7421/700/1558
f 7417/672/668 7416/668/668 7447/697/668 7448/701/668
f 7404/673/1559 7403/669/1559 7434/698/1559 7435/702/1559
f 7391/674/670 7390/671/670 7421/700/670 7422/703/670
f 7418/675/671 7417/672/671 7448/701/671 7449/704/671
f 7405/676/672 7404/673/672 7435/702/672 7436/705/672
f 7392/677/673 7391/674/673 7422/703/673 7423/706/673
f 7419/678/674 7418/675/674 7449/704/674 7450/707/674
f 7439/714/711 7438/711/711 7469/740/711 7470/743/711
f 7426/715/712 7425/712/712 7456/741/712 7457/744/712
f 7440/716/1113 7439/714/1113 7470/743/1113 7471/745/1113
f 7427/717/714 7426/715/714 7457/744/714 7458/746/714
f 7441/718/1114 7440/716/1114 7471/745/1114 7472/747/1114
f 7428/719/1440 7427/717/1440 7458/746/1440 7459/748/1440
f 7442/720/1441 7441/718/1441 7472/747/1441 7473/749/1441
f 7429/721/718 7428/719/718 7459/748/718 7460/750/718
f 7443/722/719 7442/720/719 7473/749/719 7474/751/719
f 7430/723/720 7429/721/720 7460/750/720 7461/752/720
f 7444/724/721 7443/722/721 7474/751/721 7475/753/721
f 7431/692/1442 7430/723/1442 7461/752/1442 7462/754/1442
f 7445/694/723 7444/724/723 7475/753/723 7476/755/723
f 7432/693/1115 7431/692/1115 7462/754/1115 7463/756/1115
f 7446/695/725 7445/694/725 7476/755/725 7477/757/725
f 7433/696/1116 7432/693/1116 7463/756/1116 7464/725/1116
f 7447/697/727 7446/695/727 7477/757/727 7478/729/727
f 7434/698/695 7433/696/695 7464/725/695 7465/726/695
f 7421/700/696 7296/727/697 7452/728/697
f 7448/701/698 7447/697/698 7478/729/698 7479/730/698
f 7435/702/699 7434/698/699 7465/726/699 7466/731/699
f 7422/703/700 7421/700/700 7452/728/700 7453/732/700
f 7449/704/701 7448/701/701 7479/730/701 7480/733/701
f 7436/705/702 7435/702/702 7466/731/702 7467/734/702
f 7423/706/1444 7422/703/1444 7453/732/1444 7454/735/1444
f 7450/707/1445 7449/704/1445 7480/733/1445 7481/736/1445
f 7437/708/705 7436/705/705 7467/734/705 7468/737/705
f 7424/709/706 7423/706/706 7454/735/706 7455/738/706
f 7451/710/707 7450/707/707 7481/736/707 7482/739/707
f 7438/711/708 7437/708/708 7468/737/708 7469/740/708
f 7425/712/709 7424/709/709 7455/738/709 7456/741/709
f 7295/742/680 7451/710/680 7482/739/1446
f 7472/747/742 7471/745/742 7502/772/742 7503/774/742
f 7459/748/1560 7458/746/1560 7489/773/1560 7490/775/1560
f 7473/749/744 7472/747/744 7503/774/744 7504/776/744
f 7460/750/745 7459/748/745 7490/775/745 7491/777/745
f 7474/751/746 7473/749/746 7504/776/746 7505/778/746
f 7461/752/747 7460/750/747 7491/777/747 7492/779/747
f 7475/753/748 7474/751/748 7505/778/748 7506/780/748
f 7462/754/749 7461/752/749 7492/779/749 7493/781/749
f 7476/755/1120 7475/753/1120 7506/780/1120 7507/782/1120
f 7463/756/751 7462/754/751 7493/781/751 7494/783/751
f 7477/757/752 7476/755/752 7507/782/752 7508/784/752
f 7464/725/1121 7463/756/1121 7494/783/1121 7495/785/1121
f 7478/729/754 7477/757/754 7508/784/754 7509/786/754
f 7465/726/755 7464/725/755 7495/785/755 7496/787/755
f 7452/728/697 7296/788/697 7483/789/756
f 7479/730/757 7478/729/757 7509/786/757 7510/790/757
f 7466/731/758 7465/726/758 7496/787/758 7497/758/758
f 7453/732/759 7452/728/759 7483/789/759 7484/760/759
f 7480/733/1450 7479/730/1450 7510/790/1450 7511/762/1450
f 7467/734/1561 7466/731/1561 7497/758/1561 7498/759/1561
f 7454/735/729 7453/732/729 7484/760/729 7485/761/729
f 7481/736/730 7480/733/730 7511/762/730 7512/763/730
f 7468/737/1562 7467/734/1562 7498/759/1562 7499/764/1562
f 7455/738/732 7454/735/732 7485/761/732 7486/765/732
f 7482/739/733 7481/736/733 7512/763/733 7513/766/733
f 7469/740/734 7468/737/734 7499/764/734 7500/767/734
f 7456/741/735 7455/738/735 7486/765/735 7487/768/735
f 7295/769/1451 7482/739/737 7513/766/1451
f 7470/743/738 7469/740/738 7500/767/738 7501/770/738
f 7457/744/739 7456/741/739 7487/768/739 7488/771/739
f 7471/745/1119 7470/743/1119 7501/770/1119 7502/772/1119
f 7458/746/741 7457/744/741 7488/771/741 7489/773/741
f 7505/778/1123 7504/776/1123 7535/803/1123 7536/805/1123
f 7492/779/1124 7491/777/1124 7522/804/1124 7523/806/1124
f 7506/780/774 7505/778/774 7536/805/774 7537/807/774
f 7493/781/775 7492/779/775 7523/806/775 7524/808/775
f 7507/782/776 7506/780/776 7537/807/776 7538/809/776
f 7494/783/1452 7493/781/1452 7524/808/1452 7525/810/1452
f 7508/784/778 7507/782/778 7538/809/778 7539/811/778
f 7495/785/1125 7494/783/1125 7525/810/1125 7526/812/1125
f 7509/786/1453 7508/784/1453 7539/811/1453 7540/813/1453
f 7496/787/781 7495/785/781 7526/812/781 7527/814/781
f 7483/789/1454 7296/815/1455 7514/816/1455
f 7510/790/784 7509/786/784 7540/813/784 7541/817/784
f 7497/758/1456 7496/787/1456 7527/814/1456 7528/818/1456
f 7484/760/786 7483/789/786 7514/816/786 7515/819/786
f 7511/762/787 7510/790/787 7541/817/787 7542/820/787
f 7498/759/788 7497/758/788 7528/818/788 7529/821/788
f 7485/761/789 7484/760/789 7515/819/789 7516/822/789
f 7512/763/790 7511/762/790 7542/820/790 7543/823/790
f 7499/764/791 7498/759/791 7529/821/791 7530/791/791
f 7486/765/792 7485/761/792 7516/822/792 7517/793/792
f 7513/766/793 7512/763/793 7543/823/793 7544/796/793
f 7500/767/1457 7499/764/1457 7530/791/1457 7531/792/1457
f 7487/768/762 7486/765/762 7517/793/762 7518/794/762
f 7295/795/1451 7513/766/1451 7544/796/763
f 7501/770/764 7500/767/764 7531/792/764 7532/797/764
f 7488/771/1458 7487/768/1458 7518/794/1458 7519/798/1458
f 7502/772/1122 7501/770/1122 7532/797/1122 7533/799/1122
f 7489/773/767 7488/771/767 7519/798/767 7520/800/767
f 7503/774/1459 7502/772/1459 7533/799/1459 7534/801/1459
f 7490/775/769 7489/773/769 7520/800/769 7521/802/769
f 7504/776/770 7503/774/770 7534/801/770 7535/803/770
f 7491/777/771 7490/775/771 7521/802/771 7522/804/771
f 7538/848/804 7537/844/804 7568/845/804 7569/849/804
f 7525/850/1460 7524/846/1460 7555/847/1460 7556/851/1460
f 7539/852/806 7538/848/806 7569/849/806 7570/853/806
f 7526/854/1130 7525/850/1130 7556/851/1130 7557/855/1130
f 7540/856/1461 7539/852/1461 7570/853/1461 7571/857/1461
f 7527/858/809 7526/854/809 7557/855/809 7558/859/809
f 7514/860/1455 7296/861/1455 7545/862/1462
f 7541/863/811 7540/856/811 7571/857/811 7572/864/811
f 7528/865/1463 7527/858/1463 7558/859/1463 7559/866/1463
f 7515/867/813 7514/860/813 7545/862/813 7546/868/813
f 7542/869/814 7541/863/814 7572/864/814 7573/870/814
f 7529/871/815 7528/865/815 7559/866/815 7560/872/815
f 7516/873/816 7515/867/816 7546/868/816 7547/874/816
f 7543/875/817 7542/869/817 7573/870/817 7574/876/817
f 7530/877/818 7529/871/818 7560/872/818 7561/878/818
f 7517/879/819 7516/873/819 7547/874/819 7548/880/819
f 7544/881/820 7543/875/820 7574/876/820 7575/882/820
f 7531/883/1464 7530/877/1464 7561/878/1464 7562/884/1464
f 7518/885/822 7517/879/822 7548/880/822 7549/886/822
f 7295/887/1465 7544/881/824 7575/882/1465
f 7532/825/825 7531/883/825 7562/884/825 7563/826/825
f 7519/829/1466 7518/885/1466 7549/886/1466 7550/830/1466
f 7533/824/1127 7532/825/1127 7563/826/1127 7564/827/1127
f 7520/828/795 7519/829/795 7550/830/795 7551/831/795
f 7534/832/1467 7533/824/1467 7564/827/1467 7565/833/1467
f 7521/834/797 7520/828/797 7551/831/797 7552/835/797
f 7535/836/798 7534/832/798 7565/833/798 7566/837/798
f 7522/838/799 7521/834/799 7552/835/799 7553/839/799
f 7536/840/1128 7535/836/1128 7566/837/1128 7567/841/1128
f 7523/842/1129 7522/838/1129 7553/839/1129 7554/843/1129
f 7537/844/802 7536/840/802 7567/841/802 7568/845/802
f 7524/846/803 7523/842/803 7554/843/803 7555/847/803
f 7571/857/837 7570/853/837 7601/898/837 7602/900/837
f 7558/859/838 7557/855/838 7588/899/838 7589/901/838
f 7545/862/839 7296/902/840 7576/903/840
f 7572/864/841 7571/857/841 7602/900/841 7603/904/841
f 7559/866/842 7558/859/842 7589/901/842 7590/905/842
f 7546/868/843 7545/862/843 7576/903/843 7577/906/843
f 7573/870/1468 7572/864/1468 7603/904/1468 7604/907/1468
f 7560/872/845 7559/866/845 7590/905/845 7591/908/845
f 7547/874/846 7546/868/846 7577/906/846 7578/909/846
f 7574/876/847 7573/870/847 7604/907/847 7605/910/847
f 7561/878/848 7560/872/848 7591/908/848 7592/911/848
f 7548/880/849 7547/874/849 7578/909/849 7579/912/849
f 7575/882/850 7574/876/850 7605/910/850 7606/913/850
f 7562/884/851 7561/878/851 7592/911/851 7593/914/851
f 7549/886/852 7548/880/852 7579/912/852 7580/915/852
f 7295/916/1465 7575/882/1465 7606/913/853
f 7563/826/854 7562/884/854 7593/914/854 7594/917/854
f 7550/830/855 7549/886/855 7580/915/855 7581/918/855
f 7564/827/1563 7563/826/1563 7594/917/1563 7595/919/1563
f 7551/831/857 7550/830/857 7581/918/857 7582/920/857
f 7565/833/858 7564/827/858 7595/919/858 7596/888/858
f 7552/835/859 7551/831/859 7582/920/859 7583/890/859
f 7566/837/827 7565/833/827 7596/888/827 7597/889/827
f 7553/839/1472 7552/835/1472 7583/890/1472 7584/891/1472
f 7567/841/1132 7566/837/1132 7597/889/1132 7598/892/1132
f 7554/843/1133 7553/839/1133 7584/891/1133 7585/893/1133
f 7568/845/1473 7567/841/1473 7598/892/1473 7599/894/1473
f 7555/847/832 7554/843/832 7585/893/832 7586/895/832
f 7569/849/1134 7568/845/1134 7599/894/1134 7600/896/1134
f 7556/851/834 7555/847/834 7586/895/834 7587/897/834
f 7570/853/835 7569/849/835 7600/896/835 7601/898/835
f 7557/855/1135 7556/851/1135 7587/897/1135 7588/899/1135
f 7601/898/888 7600/896/888 7631/949/888 7632/951/888
f 7588/899/1142 7587/897/1142 7618/950/1142 7619/952/1142
f 7602/900/890 7601/898/890 7632/951/890 7633/921/890
f 7589/901/891 7588/899/891 7619/952/891 7620/923/891
f 7576/903/840 7296/953/840 7607/925/892
f 7603/904/860 7602/900/860 7633/921/860 7634/922/860
f 7590/905/861 7589/901/861 7620/923/861 7621/924/861
f 7577/906/862 7576/903/862 7607/925/862 7608/926/862
f 7604/907/1564 7603/904/1564 7634/922/1564 7635/927/1564
f 7591/908/864 7590/905/864 7621/924/864 7622/928/864
f 7578/909/1475 7577/906/1475 7608/926/1475 7609/929/1475
f 7605/910/1476 7604/907/1476 7635/927/1476 7636/930/1476
f 7592/911/867 7591/908/867 7622/928/867 7623/931/867
f 7579/912/868 7578/909/868 7609/929/868 7610/932/868
f 7606/913/869 7605/910/869 7636/930/869 7637/933/869
f 7593/914/870 7592/911/870 7623/931/870 7624/934/870
f 7580/915/871 7579/912/871 7610/932/871 7611/935/871
f 7295/936/872 7606/913/1477 7637/933/872
f 7594/917/874 7593/914/874 7624/934/874 7625/937/874
f 7581/918/875 7580/915/875 7611/935/875 7612/938/875
f 7595/919/1138 7594/917/1138 7625/937/1138 7626/939/1138
f 7582/920/877 7581/918/877 7612/938/877 7613/940/877
f 7596/888/1139 7595/919/1139 7626/939/1139 7627/941/1139
f 7583/890/1478 7582/920/1478 7613/940/1478 7614/942/1478
f 7597/889/1479 7596/888/1479 7627/941/1479 7628/943/1479
f 7584/891/881 7583/890/881 7614/942/881 7615/944/881
f 7598/892/1480 7597/889/1480 7628/943/1480 7629/945/1480
f 7585/893/883 7584/891/883 7615/944/883 7616/946/883
f 7599/894/884 7598/892/884 7629/945/884 7630/947/884
f 7586/895/1481 7585/893/1481 7616/946/1481 7617/948/1481
f 7600/896/886 7599/894/886 7630/947/886 7631/949/886
f 7587/897/1141 7586/895/1141 7617/948/1141 7618/950/1141
f 7607/925/1565 7296/982/919 7638/983/919
f 7634/922/920 7633/921/920 7664/980/920 7665/984/920
f 7621/924/921 7620/923/921 7651/981/921 7652/985/921
f 7608/926/922 7607/925/922 7638/983/922 7639/986/922
f 7635/927/923 7634/922/923 7665/984/923 7666/954/923
f 7622/928/924 7621/924/924 7652/985/924 7653/956/924
f 7609/929/925 7608/926/925 7639/986/925 7640/958/925
f 7636/930/893 7635/927/893 7666/954/893 7667/955/893
f 7623/931/894 7622/928/894 7653/956/894 7654/957/894
f 7610/932/1566 7609/929/1566 7640/958/1566 7641/959/1566
f 7637/933/896 7636/930/896 7667/955/896 7668/960/896
f 7624/934/897 7623/931/897 7654/957/897 7655/961/897
f 7611/935/898 7610/932/898 7641/959/898 7642/962/898
f 7295/963/872 7637/933/872 7668/960/899
f 7625/937/900 7624/934/900 7655/961/900 7656/964/900
f 7612/938/901 7611/935/901 7642/962/901 7643/965/901
f 7626/939/902 7625/937/902 7656/964/902 7657/966/902
f 7613/940/903 7612/938/903 7643/965/903 7644/967/903
f 7627/941/904 7626/939/904 7657/966/904 7658/968/904
f 7614/942/1567 7613/940/1567 7644/967/1567 7645/969/1567
f 7628/943/906 7627/941/906 7658/968/906 7659/970/906
f 7615/944/907 7614/942/907 7645/969/907 7646/971/907
f 7629/945/1144 7628/943/1144 7659/970/1144 7660/972/1144
f 7616/946/1145 7615/944/1145 7646/971/1145 7647/973/1145
f 7630/947/910 7629/945/910 7660/972/910 7661/974/910
f 7617/948/911 7616/946/911 7647/973/911 7648/975/911
f 7631/949/912 7630/947/912 7661/974/912 7662/976/912
f 7618/950/913 7617/948/913 7648/975/913 7649/977/913
f 7632/951/914 7631/949/914 7662/976/914 7663/978/914
f 7619/952/915 7618/950/915 7649/977/915 7650/979/915
f 7633/921/916 7632/951/916 7663/978/916 7664/980/916
f 7620/923/917 7619/952/917 7650/979/917 7651/981/917
f 7640/958/952 7639/986/952 7670/1013/952 7671/1016/952
f 7667/955/953 7666/954/953 7697/1014/953 7698/1017/953
f 7654/957/1568 7653/956/1568 7684/1015/1568 7685/1018/1568
f 7641/959/1484 7640/958/1484 7671/1016/1484 7672/1019/1484
f 7668/960/956 7667/955/956 7698/1017/956 7699/988/956
f 7655/961/957 7654/957/957 7685/1018/957 7686/989/957
f 7642/962/958 7641/959/958 7672/1019/958 7673/991/958
f 7295/987/926 7668/960/927 7699/988/926
f 7656/964/928 7655/961/928 7686/989/928 7687/990/928
f 7643/965/929 7642/962/929 7673/991/929 7674/992/929
f 7657/966/930 7656/964/930 7687/990/930 7688/993/930
f 7644/967/931 7643/965/931 7674/992/931 7675/994/931
f 7658/968/932 7657/966/932 7688/993/932 7689/995/932
f 7645/969/1486 7644/967/1486 7675/994/1486 7676/996/1486
f 7659/970/934 7658/968/934 7689/995/934 7690/997/934
f 7646/971/935 7645/969/935 7676/996/935 7677/998/935
f 7660/972/1146 7659/970/1146 7690/997/1146 7691/999/1146
f 7647/973/1147 7646/971/1147 7677/998/1147 7678/1000/1147
f 7661/974/938 7660/972/938 7691/999/938 7692/1001/938
f 7648/975/939 7647/973/939 7678/1000/939 7679/1002/939
f 7662/976/940 7661/974/940 7692/1001/940 7693/1003/940
f 7649/977/941 7648/975/941 7679/1002/941 7680/1004/941
f 7663/978/942 7662/976/942 7693/1003/942 7694/1005/942
f 7650/979/943 7649/977/943 7680/1004/943 7681/1006/943
f 7664/980/944 7663/978/944 7694/1005/944 7695/1007/944
f 7651/981/945 7650/979/945 7681/1006/945 7682/1008/945
f 7638/983/919 7296/1009/919 7669/1010/946
f 7665/984/947 7664/980/947 7695/1007/947 7696/1011/947
f 7652/985/948 7651/981/948 7682/1008/948 7683/1012/948
f 7639/986/949 7638/983/949 7669/1010/949 7670/1013/949
f 7666/954/950 7665/984/950 7696/1011/950 7697/1014/950
f 7653/956/951 7652/985/951 7683/1012/951 7684/1015/951
f 7673/991/986 7672/1019/986 7703/1046/986 7704/1049/986
f 7295/1050/926 7699/988/926 7730/1047/1488
f 7687/990/1569 7686/989/1569 7717/1048/1569 7718/1051/1569
f 7674/992/989 7673/991/989 7704/1049/989 7705/1052/989
f 7688/993/990 7687/990/990 7718/1051/990 7719/1020/990
f 7675/994/991 7674/992/991 7705/1052/991 7706/1022/991
f 7689/995/959 7688/993/959 7719/1020/959 7720/1021/959
f 7676/996/1570 7675/994/1570 7706/1022/1570 7707/1023/1570
f 7690/997/961 7689/995/961 7720/1021/961 7721/1024/961
f 7677/998/962 7676/996/962 7707/1023/962 7708/1025/962
f 7691/999/963 7690/997/963 7721/1024/963 7722/1026/963
f 7678/1000/964 7677/998/964 7708/1025/964 7709/1027/964
f 7692/1001/965 7691/999/965 7722/1026/965 7723/1028/965
f 7679/1002/966 7678/1000/966 7709/1027/966 7710/1029/966
f 7693/1003/967 7692/1001/967 7723/1028/967 7724/1030/967
f 7680/1004/968 7679/1002/968 7710/1029/968 7711/1031/968
f 7694/1005/969 7693/1003/969 7724/1030/969 7725/1032/969
f 7681/1006/970 7680/1004/970 7711/1031/970 7712/1033/970
f 7695/1007/971 7694/1005/971 7725/1032/971 7726/1034/971
f 7682/1008/1571 7681/1006/1571 7712/1033/1571 7713/1035/1571
f 7669/1010/973 7296/1036/974 7700/1037/974
f 7696/1011/975 7695/1007/975 7726/1034/975 7727/1038/975
f 7683/1012/976 7682/1008/976 7713/1035/976 7714/1039/976
f 7670/1013/977 7669/1010/977 7700/1037/977 7701/1040/977
f 7697/1014/978 7696/1011/978 7727/1038/978 7728/1041/978
f 7684/1015/1572 7683/1012/1572 7714/1039/1572 7715/1042/1572
f 7671/1016/1573 7670/1013/1573 7701/1040/1573 7702/1043/1573
f 7698/1017/1574 7697/1014/1574 7728/1041/1574 7729/1044/1574
f 7685/1018/1575 7684/1015/1575 7715/1042/1575 7716/1045/1575
f 7672/1019/983 7671/1016/983 7702/1043/983 7703/1046/983
f 7699/988/984 7698/1017/984 7729/1044/984 7730/1047/984
f 7686/989/985 7685/1018/985 7716/1045/985 7717/1048/985
f 7706/1022/1020 7705/1052/1020 7736/1081/1020 7737/1083/1020
f 7720/1021/1154 7719/1020/1154 7750/1082/1154 7751/1084/1154
f 7707/1023/1495 7706/1022/1495 7737/1083/1495 7738/1085/1495
f 7721/1024/1023 7720/1021/1023 7751/1084/1023 7752/1053/1023
f 7708/1025/1024 7707/1023/1024 7738/1085/1024 7739/1055/1024
f 7722/1026/992 7721/1024/992 7752/1053/992 7753/1054/992
f 7709/1027/993 7708/1025/993 7739/1055/993 7740/1056/993
f 7723/1028/994 7722/1026/994 7753/1054/994 7754/1057/994
f 7710/1029/995 7709/1027/995 7740/1056/995 7741/1058/995
f 7724/1030/996 7723/1028/996 7754/1057/996 7755/1059/996
f 7711/1031/1153 7710/1029/1153 7741/1058/1153 7742/1060/1153
f 7725/1032/998 7724/1030/998 7755/1059/998 7756/1061/998
f 7712/1033/1576 7711/1031/1576 7742/1060/1576 7743/1062/1576
f 7726/1034/1000 7725/1032/1000 7756/1061/1000 7757/1063/1000
f 7713/1035/1001 7712/1033/1001 7743/1062/1001 7744/1064/1001
f 7700/1037/974 7296/1065/974 7731/1066/1002
f 7727/1038/1003 7726/1034/1003 7757/1063/1003 7758/1067/1003
f 7714/1039/1004 7713/1035/1004 7744/1064/1004 7745/1068/1004
f 7701/1040/1005 7700/1037/1005 7731/1066/1005 7732/1069/1005
f 7728/1041/1499 7727/1038/1499 7758/1067/1499 7759/1070/1499
f 7715/1042/1007 7714/1039/1007 7745/1068/1007 7746/1071/1007
f 7702/1043/1577 7701/1040/1577 7732/1069/1577 7733/1072/1577
f 7729/1044/1578 7728/1041/1578 7759/1070/1578 7760/1073/1578
f 7716/1045/1010 7715/1042/1010 7746/1071/1010 7747/1074/1010
f 7703/1046/1011 7702/1043/1011 7733/1072/1011 7734/1075/1011
f 7730/1047/1012 7729/1044/1012 7760/1073/1012 7761/1076/1012
f 7717/1048/1013 7716/1045/1013 7747/1074/1013 7748/1077/1013
f 7704/1049/1014 7703/1046/1014 7734/1075/1014 7735/1078/1014
f 7295/1079/1500 7730/1047/1016 7761/1076/1500
f 7718/1051/1017 7717/1048/1017 7748/1077/1017 7749/1080/1017
f 7705/1052/1018 7704/1049/1018 7735/1078/1018 7736/1081/1018
f 7719/1020/1579 7718/1051/1579 7749/1080/1579 7750/1082/1579
f 7739/1055/1052 7738/1085/1052 7768/13/1052 6784/17/1052
f 7753/1054/1053 7752/1053/1053 6792/15/1053 6793/19/1053
f 7740/1056/1054 7739/1055/1054 6784/17/1054 7769/21/1054
f 7754/1057/1055 7753/1054/1055 6793/19/1055 7774/23/1055
f 7741/1058/1056 7740/1056/1056 7769/21/1056 7770/25/1056
f 7755/1059/1025 7754/1057/1025 7774/23/1025 6794/27/1025
f 7742/1060/1026 7741/1058/1026 7770/25/1026 6785/29/1026
f 7756/1061/1027 7755/1059/1027 6794/27/1027 6795/31/1027
f 7743/1062/1028 7742/1060/1028 6785/29/1028 6786/33/1028
f 7757/1063/1580 7756/1061/1580 6795/31/1580 6796/35/1580
f 7744/1064/1030 7743/1062/1030 6786/33/1030 6787/37/1030
f 7731/1066/1501 7296/1086/1303 7762/39/1303
f 7758/1067/1032 7757/1063/1032 6796/35/1032 7775/42/1032
f 7745/1068/1033 7744/1064/1033 6787/37/1033 6788/44/1033
f 7732/1069/1034 7731/1066/1034 7762/39/1034 7763/46/1034
f 7759/1070/1503 7758/1067/1503 7775/42/1503 7776/48/1503
f 7746/1071/1036 7745/1068/1036 6788/44/1036 7771/50/1036
f 7733/1072/1037 7732/1069/1037 7763/46/1037 7764/52/1037
f 7760/1073/1038 7759/1070/1038 7776/48/1038 6797/54/1038
f 7747/1074/1039 7746/1071/1039 7771/50/1039 6789/56/1039
f 7734/1075/1040 7733/1072/1040 7764/52/1040 7765/58/1040
f 7761/1076/1041 7760/1073/1041 6797/54/1041 6798/60/1041
f 7748/1077/1042 7747/1074/1042 6789/56/1042 6790/62/1042
f 7735/1078/1043 7734/1075/1043 7765/58/1043 7766/2/1043
f 7295/1087/1500 7761/1076/1500 6798/60/1044
f 7749/1080/1045 7748/1077/1045 6790/62/1045 7772/6/1045
f 7736/1081/1504 7735/1078/1504 7766/2/1504 7767/1/1504
f 7750/1082/1047 7749/1080/1047 7772/6/1047 7773/5/1047
f 7737/1083/1048 7736/1081/1048 7767/1/1048 6783/9/1048
f 7751/1084/1049 7750/1082/1049 7773/5/1049 6791/11/1049
f 7738/1085/1505 7737/1083/1505 6783/9/1505 7768/13/1505
f 7752/1053/1051 7751/1084/1051 6791/11/1051 6792/15/1051
f 8764/25/11 8763/21/11 7802/22/11 7803/26/11
f 7788/27/12 8768/23/12 7816/24/12 7817/28/12
f 7779/29/13 8764/25/13 7803/26/13 7804/30/13
f 7789/31/14 7788/27/14 7817/28/14 7818/32/14
f 7780/33/15 7779/29/15 7804/30/15 7805/34/15
f 7790/35/1506 7789/31/1506 7818/32/1506 7819/36/1506
f 7781/37/17 7780/33/17 7805/34/17 7806/38/17
f 8756/39/1303 8290/40/1303 7793/41/1304
f 8769/42/20 7790/35/20 7819/36/20 7820/43/20
f 7782/44/21 7781/37/21 7806/38/21 7807/45/21
f 8757/46/22 8756/39/22 7793/41/22 7794/47/22
f 8770/48/1306 8769/42/1306 7820/43/1306 7821/49/1306
f 8765/50/24 7782/44/24 7807/45/24 7808/51/24
f 8758/52/25 8757/46/25 7794/47/25 7795/53/25
f 7791/54/26 8770/48/26 7821/49/26 7822/55/26
f 7783/56/1508 8765/50/1508 7808/51/1508 7809/57/1508
f 8759/58/28 8758/52/28 7795/53/28 7796/59/28
f 7792/60/29 7791/54/29 7822/55/29 7823/61/29
f 7784/62/30 7783/56/30 7809/57/30 7810/63/30
f 8760/2/31 8759/58/31 7796/59/31 7797/3/31
f 8289/64/1509 7792/60/33 7823/61/32
f 8766/6/34 7784/62/34 7810/63/34 7811/7/34
f 8761/1/1307 8760/2/1307 7797/3/1307 7798/4/1307
f 8767/5/2 8766/6/2 7811/7/2 7812/8/2
f 7777/9/3 8761/1/3 7798/4/3 7799/10/3
f 7785/11/4 8767/5/4 7812/8/4 7813/12/4
f 8762/13/1308 7777/9/1308 7799/10/1308 7800/14/1308
f 7786/15/6 7785/11/6 7813/12/6 7814/16/6
f 7778/17/7 8762/13/7 7800/14/7 7801/18/7
f 7787/19/8 7786/15/8 7814/16/8 7815/20/8
f 8763/21/9 7778/17/9 7801/18/9 7802/22/9
f 8768/23/10 7787/19/10 7815/20/10 7816/24/10
f 7811/7/51 7810/63/51 7841/80/51 7842/83/51
f 7798/4/1510 7797/3/1510 7828/81/1510 7829/84/1510
f 7812/8/1060 7811/7/1060 7842/83/1060 7843/85/1060
f 7799/10/54 7798/4/54 7829/84/54 7830/86/54
f 7813/12/55 7812/8/55 7843/85/55 7844/87/55
f 7800/14/56 7799/10/56 7830/86/56 7831/88/56
f 7814/16/57 7813/12/57 7844/87/57 7845/89/57
f 7801/18/58 7800/14/58 7831/88/58 7832/90/58
f 7815/20/59 7814/16/59 7845/89/59 7846/91/59
f 7802/22/60 7801/18/60 7832/90/60 7833/92/60
f 7816/24/61 7815/20/61 7846/91/61 7847/93/61
f 7803/26/62 7802/22/62 7833/92/62 7834/94/62
f 7817/28/63 7816/24/63 7847/93/63 7848/95/63
f 7804/30/64 7803/26/64 7834/94/64 7835/96/64
f 7818/32/65 7817/28/65 7848/95/65 7849/97/65
f 7805/34/1061 7804/30/1061 7835/96/1061 7836/65/1061
f 7819/36/67 7818/32/67 7849/97/67 7850/69/67
f 7806/38/35 7805/34/35 7836/65/35 7837/66/35
f 7793/41/36 8290/67/37 7824/68/37
f 7820/43/38 7819/36/38 7850/69/38 7851/70/38
f 7807/45/1511 7806/38/1511 7837/66/1511 7838/71/1511
f 7794/47/40 7793/41/40 7824/68/40 7825/72/40
f 7821/49/1318 7820/43/1318 7851/70/1318 7852/73/1318
f 7808/51/42 7807/45/42 7838/71/42 7839/74/42
f 7795/53/1512 7794/47/1512 7825/72/1512 7826/75/1512
f 7822/55/1513 7821/49/1513 7852/73/1513 7853/76/1513
f 7809/57/45 7808/51/45 7839/74/45 7840/77/45
f 7796/59/46 7795/53/46 7826/75/46 7827/78/46
f 7823/61/47 7822/55/47 7853/76/47 7854/79/47
f 7810/63/1514 7809/57/1514 7840/77/1514 7841/80/1514
f 7797/3/49 7796/59/49 7827/78/49 7828/81/49
f 8289/82/1509 7823/61/32 7854/79/50
f 7844/87/1515 7843/85/1515 7874/112/1515 7875/114/1515
f 7831/88/83 7830/86/83 7861/113/83 7862/115/83
f 7845/89/84 7844/87/84 7875/114/84 7876/116/84
f 7832/90/85 7831/88/85 7862/115/85 7863/117/85
f 7846/91/86 7845/89/86 7876/116/86 7877/118/86
f 7833/92/87 7832/90/87 7863/117/87 7864/119/87
f 7847/93/88 7846/91/88 7877/118/88 7878/120/88
f 7834/94/89 7833/92/89 7864/119/89 7865/121/89
f 7848/95/90 7847/93/90 7878/120/90 7879/122/90
f 7835/96/1516 7834/94/1516 7865/121/1516 7866/123/1516
f 7849/97/92 7848/95/92 7879/122/92 7880/124/92
f 7836/65/93 7835/96/93 7866/123/93 7867/125/93
f 7850/69/94 7849/97/94 7880/124/94 7881/126/94
f 7837/66/95 7836/65/95 7867/125/95 7868/127/95
f 7824/68/37 8290/128/37 7855/129/96
f 7851/70/97 7850/69/97 7881/126/97 7882/130/97
f 7838/71/1581 7837/66/1581 7868/127/1581 7869/98/1581
f 7825/72/99 7824/68/99 7855/129/99 7856/100/99
f 7852/73/100 7851/70/100 7882/130/100 7883/102/100
f 7839/74/68 7838/71/68 7869/98/68 7870/99/68
f 7826/75/1582 7825/72/1582 7856/100/1582 7857/101/1582
f 7853/76/1583 7852/73/1583 7883/102/1583 7884/103/1583
f 7840/77/71 7839/74/71 7870/99/71 7871/104/71
f 7827/78/72 7826/75/72 7857/101/72 7858/105/72
f 7854/79/73 7853/76/73 7884/103/73 7885/106/73
f 7841/80/1584 7840/77/1584 7871/104/1584 7872/107/1584
f 7828/81/75 7827/78/75 7858/105/75 7859/108/75
f 8289/109/76 7854/79/1323 7885/106/76
f 7842/83/78 7841/80/78 7872/107/78 7873/110/78
f 7829/84/79 7828/81/79 7859/108/79 7860/111/79
f 7843/85/80 7842/83/80 7873/110/80 7874/112/80
f 7830/86/81 7829/84/81 7860/111/81 7861/113/81
f 7877/118/112 7876/116/112 7907/143/112 7908/145/112
f 7864/119/113 7863/117/113 7894/144/113 7895/146/113
f 7878/120/114 7877/118/114 7908/145/114 7909/147/114
f 7865/121/115 7864/119/115 7895/146/115 7896/148/115
f 7879/122/116 7878/120/116 7909/147/116 7910/149/116
f 7866/123/117 7865/121/117 7896/148/117 7897/150/117
f 7880/124/118 7879/122/118 7910/149/118 7911/151/118
f 7867/125/1065 7866/123/1065 7897/150/1065 7898/152/1065
f 7881/126/120 7880/124/120 7911/151/120 7912/153/120
f 7868/127/121 7867/125/121 7898/152/121 7899/154/121
f 7855/129/122 8290/155/123 7886/156/123
f 7882/130/124 7881/126/124 7912/153/124 7913/157/124
f 7869/98/1585 7868/127/1585 7899/154/1585 7900/158/1585
f 7856/100/126 7855/129/126 7886/156/126 7887/159/126
f 7883/102/127 7882/130/127 7913/157/127 7914/160/127
f 7870/99/128 7869/98/128 7900/158/128 7901/161/128
f 7857/101/129 7856/100/129 7887/159/129 7888/162/129
f 7884/103/130 7883/102/130 7914/160/130 7915/163/130
f 7871/104/131 7870/99/131 7901/161/131 7902/131/131
f 7858/105/1586 7857/101/1586 7888/162/1586 7889/133/1586
f 7885/106/133 7884/103/133 7915/163/133 7916/136/133
f 7872/107/1587 7871/104/1587 7902/131/1587 7903/132/1587
f 7859/108/102 7858/105/102 7889/133/102 7890/134/102
f 8289/135/76 7885/106/76 7916/136/103
f 7873/110/1588 7872/107/1588 7903/132/1588 7904/137/1588
f 7860/111/105 7859/108/105 7890/134/105 7891/138/105
f 7874/112/1064 7873/110/1064 7904/137/1064 7905/139/1064
f 7861/113/107 7860/111/107 7891/138/107 7892/140/107
f 7875/114/108 7874/112/108 7905/139/108 7906/141/108
f 7862/115/1589 7861/113/1589 7892/140/1589 7893/142/1589
f 7876/116/110 7875/114/110 7906/141/110 7907/143/110
f 7863/117/111 7862/115/111 7893/142/111 7894/144/111
f 7910/149/144 7909/147/144 7940/174/144 7941/176/144
f 7897/150/145 7896/148/145 7927/175/145 7928/177/145
f 7911/151/146 7910/149/146 7941/176/146 7942/178/146
f 7898/152/1068 7897/150/1068 7928/177/1068 7929/179/1068
f 7912/153/148 7911/151/148 7942/178/148 7943/180/148
f 7899/154/1590 7898/152/1590 7929/179/1590 7930/181/1590
f 7886/156/123 8290/182/123 7917/183/150
f 7913/157/151 7912/153/151 7943/180/151 7944/184/151
f 7900/158/152 7899/154/152 7930/181/152 7931/185/152
f 7887/159/153 7886/156/153 7917/183/153 7918/186/153
f 7914/160/154 7913/157/154 7944/184/154 7945/187/154
f 7901/161/155 7900/158/155 7931/185/155 7932/188/155
f 7888/162/156 7887/159/156 7918/186/156 7919/189/156
f 7915/163/157 7914/160/157 7945/187/157 7946/190/157
f 7902/131/158 7901/161/158 7932/188/158 7933/191/158
f 7889/133/1522 7888/162/1522 7919/189/1522 7920/192/1522
f 7916/136/160 7915/163/160 7946/190/160 7947/193/160
f 7903/132/161 7902/131/161 7933/191/161 7934/194/161
f 7890/134/162 7889/133/162 7920/192/162 7921/195/162
f 8289/196/163 7916/136/164 7947/193/163
f 7904/137/1591 7903/132/1591 7934/194/1591 7935/164/1591
f 7891/138/166 7890/134/166 7921/195/166 7922/166/166
f 7905/139/1067 7904/137/1067 7935/164/1067 7936/165/1067
f 7892/140/135 7891/138/135 7922/166/135 7923/167/135
f 7906/141/136 7905/139/136 7936/165/136 7937/168/136
f 7893/142/1523 7892/140/1523 7923/167/1523 7924/169/1523
f 7907/143/138 7906/141/138 7937/168/138 7938/170/138
f 7894/144/139 7893/142/139 7924/169/139 7925/171/139
f 7908/145/140 7907/143/140 7938/170/140 7939/172/140
f 7895/146/141 7894/144/141 7925/171/141 7926/173/141
f 7909/147/142 7908/145/142 7939/172/142 7940/174/142
f 7896/148/143 7895/146/143 7926/173/143 7927/175/143
f 7943/180/177 7942/178/177 7973/207/177 7974/209/177
f 7930/181/178 7929/179/178 7960/208/178 7961/210/178
f 7917/183/179 8290/211/180 7948/212/180
f 7944/184/181 7943/180/181 7974/209/181 7975/213/181
f 7931/185/182 7930/181/182 7961/210/182 7962/214/182
f 7918/186/183 7917/183/183 7948/212/183 7949/215/183
f 7945/187/1592 7944/184/1592 7975/213/1592 7976/216/1592
f 7932/188/1593 7931/185/1593 7962/214/1593 7963/217/1593
f 7919/189/1594 7918/186/1594 7949/215/1594 7950/218/1594
f 7946/190/1595 7945/187/1595 7976/216/1595 7977/219/1595
f 7933/191/1596 7932/188/1596 7963/217/1596 7964/220/1596
f 7920/192/189 7919/189/189 7950/218/189 7951/221/189
f 7947/193/190 7946/190/190 7977/219/190 7978/222/190
f 7934/194/191 7933/191/191 7964/220/191 7965/223/191
f 7921/195/192 7920/192/192 7951/221/192 7952/224/192
f 8289/225/163 7947/193/163 7978/222/1524
f 7935/164/194 7934/194/194 7965/223/194 7966/226/194
f 7922/166/195 7921/195/195 7952/224/195 7953/227/195
f 7936/165/196 7935/164/196 7966/226/196 7967/228/196
f 7923/167/197 7922/166/197 7953/227/197 7954/229/197
f 7937/168/1336 7936/165/1336 7967/228/1336 7968/197/1336
f 7924/169/1337 7923/167/1337 7954/229/1337 7955/199/1337
f 7938/170/167 7937/168/167 7968/197/167 7969/198/167
f 7925/171/168 7924/169/168 7955/199/168 7956/200/168
f 7939/172/169 7938/170/169 7969/198/169 7970/201/169
f 7926/173/170 7925/171/170 7956/200/170 7957/202/170
f 7940/174/171 7939/172/171 7970/201/171 7971/203/171
f 7927/175/172 7926/173/172 7957/202/172 7958/204/172
f 7941/176/173 7940/174/173 7971/203/173 7972/205/173
f 7928/177/1340 7927/175/1340 7958/204/1340 7959/206/1340
f 7942/178/175 7941/176/175 7972/205/175 7973/207/175
f 7929/179/176 7928/177/176 7959/206/176 7960/208/176
f 7976/216/1342 7975/213/1342 8006/242/1342 8007/245/1342
f 7963/217/213 7962/214/213 7993/243/213 7994/246/213
f 7950/218/1072 7949/215/1072 7980/244/1072 7981/247/1072
f 7977/219/1597 7976/216/1597 8007/245/1597 8008/248/1597
f 7964/220/216 7963/217/216 7994/246/216 7995/249/216
f 7951/221/217 7950/218/217 7981/247/217 7982/250/217
f 7978/222/218 7977/219/218 8008/248/218 8009/251/218
f 7965/223/219 7964/220/219 7995/249/219 7996/252/219
f 7952/224/220 7951/221/220 7982/250/220 7983/253/220
f 8289/254/1598 7978/222/222 8009/251/1598
f 7966/226/223 7965/223/223 7996/252/223 7997/255/223
f 7953/227/1599 7952/224/1599 7983/253/1599 7984/256/1599
f 7967/228/1600 7966/226/1600 7997/255/1600 7998/257/1600
f 7954/229/1344 7953/227/1344 7984/256/1344 7985/258/1344
f 7968/197/227 7967/228/227 7998/257/227 7999/259/227
f 7955/199/1601 7954/229/1601 7985/258/1601 7986/260/1601
f 7969/198/229 7968/197/229 7999/259/229 8000/261/229
f 7956/200/230 7955/199/230 7986/260/230 7987/262/230
f 7970/201/1602 7969/198/1602 8000/261/1602 8001/230/1602
f 7957/202/1603 7956/200/1603 7987/262/1603 7988/232/1603
f 7971/203/200 7970/201/200 8001/230/200 8002/231/200
f 7958/204/201 7957/202/201 7988/232/201 7989/233/201
f 7972/205/1071 7971/203/1071 8002/231/1071 8003/234/1071
f 7959/206/203 7958/204/203 7989/233/203 7990/235/203
f 7973/207/204 7972/205/204 8003/234/204 8004/236/204
f 7960/208/1604 7959/206/1604 7990/235/1604 7991/237/1604
f 7974/209/206 7973/207/206 8004/236/206 8005/238/206
f 7961/210/207 7960/208/207 7991/237/207 7992/239/207
f 7948/212/180 8290/240/180 7979/241/208
f 7975/213/209 7974/209/209 8005/238/209 8006/242/209
f 7962/214/210 7961/210/210 7992/239/210 7993/243/210
f 7949/215/211 7948/212/211 7979/241/211 7980/244/211
f 8009/251/248 8008/248/248 8039/277/248 8040/280/248
f 7996/252/1605 7995/249/1605 8026/278/1605 8027/281/1605
f 7983/253/250 7982/250/250 8013/279/250 8014/282/250
f 8289/283/1598 8009/251/1598 8040/280/251
f 7997/255/252 7996/252/252 8027/281/252 8028/284/252
f 7984/256/253 7983/253/253 8014/282/253 8015/285/253
f 7998/257/1078 7997/255/1078 8028/284/1078 8029/286/1078
f 7985/258/255 7984/256/255 8015/285/255 8016/287/255
f 7999/259/256 7998/257/256 8029/286/256 8030/288/256
f 7986/260/1352 7985/258/1352 8016/287/1352 8017/289/1352
f 8000/261/258 7999/259/258 8030/288/258 8031/290/258
f 7987/262/259 7986/260/259 8017/289/259 8018/291/259
f 8001/230/260 8000/261/260 8031/290/260 8032/292/260
f 7988/232/261 7987/262/261 8018/291/261 8019/293/261
f 8002/231/262 8001/230/262 8032/292/262 8033/294/262
f 7989/233/263 7988/232/263 8019/293/263 8020/295/263
f 8003/234/264 8002/231/264 8033/294/264 8034/263/264
f 7990/235/265 7989/233/265 8020/295/265 8021/265/265
f 8004/236/233 8003/234/233 8034/263/233 8035/264/233
f 7991/237/1074 7990/235/1074 8021/265/1074 8022/266/1074
f 8005/238/1606 8004/236/1606 8035/264/1606 8036/267/1606
f 7992/239/236 7991/237/236 8022/266/236 8023/268/236
f 7979/241/1355 8290/269/1356 8010/270/1356
f 8006/242/239 8005/238/239 8036/267/239 8037/271/239
f 7993/243/1607 7992/239/1607 8023/268/1607 8024/272/1607
f 7980/244/241 7979/241/241 8010/270/241 8011/273/241
f 8007/245/242 8006/242/242 8037/271/242 8038/274/242
f 7994/246/243 7993/243/243 8024/272/243 8025/275/243
f 7981/247/244 7980/244/244 8011/273/244 8012/276/244
f 8008/248/245 8007/245/245 8038/274/245 8039/277/245
f 7995/249/246 7994/246/246 8025/275/246 8026/278/246
f 7982/250/247 7981/247/247 8012/276/247 8013/279/247
f 8029/286/1082 8028/284/1082 8059/312/1082 8060/314/1082
f 8016/287/283 8015/285/283 8046/313/283 8047/315/283
f 8030/288/284 8029/286/284 8060/314/284 8061/316/284
f 8017/289/1357 8016/287/1357 8047/315/1357 8048/317/1357
f 8031/290/286 8030/288/286 8061/316/286 8062/318/286
f 8018/291/287 8017/289/287 8048/317/287 8049/319/287
f 8032/292/1608 8031/290/1608 8062/318/1608 8063/320/1608
f 8019/293/1609 8018/291/1609 8049/319/1609 8050/321/1609
f 8033/294/290 8032/292/290 8063/320/290 8064/322/290
f 8020/295/291 8019/293/291 8050/321/291 8051/323/291
f 8034/263/292 8033/294/292 8064/322/292 8065/324/292
f 8021/265/293 8020/295/293 8051/323/293 8052/325/293
f 8035/264/294 8034/263/294 8065/324/294 8066/326/294
f 8022/266/1083 8021/265/1083 8052/325/1083 8053/327/1083
f 8036/267/1610 8035/264/1610 8066/326/1610 8067/296/1610
f 8023/268/297 8022/266/297 8053/327/297 8054/298/297
f 8010/270/1356 8290/328/1356 8041/300/1360
f 8037/271/266 8036/267/266 8067/296/266 8068/297/266
f 8024/272/1611 8023/268/1611 8054/298/1611 8055/299/1611
f 8011/273/268 8010/270/268 8041/300/268 8042/301/268
f 8038/274/269 8037/271/269 8068/297/269 8069/302/269
f 8025/275/270 8024/272/270 8055/299/270 8056/303/270
f 8012/276/271 8011/273/271 8042/301/271 8043/304/271
f 8039/277/272 8038/274/272 8069/302/272 8070/305/272
f 8026/278/273 8025/275/273 8056/303/273 8057/306/273
f 8013/279/274 8012/276/274 8043/304/274 8044/307/274
f 8040/280/275 8039/277/275 8070/305/275 8071/308/275
f 8027/281/1612 8026/278/1612 8057/306/1612 8058/309/1612
f 8014/282/277 8013/279/277 8044/307/277 8045/310/277
f 8289/311/1613 8040/280/279 8071/308/1613
f 8028/284/280 8027/281/280 8058/309/280 8059/312/280
f 8015/285/281 8014/282/281 8045/310/281 8046/313/281
f 8062/318/312 8061/316/312 8092/343/312 8093/345/312
f 8049/319/313 8048/317/313 8079/344/313 8080/346/313
f 8063/320/1614 8062/318/1614 8093/345/1614 8094/347/1614
f 8050/321/1615 8049/319/1615 8080/346/1615 8081/348/1615
f 8064/322/316 8063/320/316 8094/347/316 8095/349/316
f 8051/323/317 8050/321/317 8081/348/317 8082/350/317
f 8065/324/1085 8064/322/1085 8095/349/1085 8096/351/1085
f 8052/325/319 8051/323/319 8082/350/319 8083/352/319
f 8066/326/320 8065/324/320 8096/351/320 8097/353/320
f 8053/327/1616 8052/325/1616 8083/352/1616 8084/354/1616
f 8067/296/322 8066/326/322 8097/353/322 8098/355/322
f 8054/298/323 8053/327/323 8084/354/323 8085/356/323
f 8041/300/324 8290/357/325 8072/358/325
f 8068/297/326 8067/296/326 8098/355/326 8099/359/326
f 8055/299/327 8054/298/327 8085/356/327 8086/360/327
f 8042/301/328 8041/300/328 8072/358/328 8073/361/328
f 8069/302/1366 8068/297/1366 8099/359/1366 8100/329/1366
f 8056/303/330 8055/299/330 8086/360/330 8087/331/330
f 8043/304/1086 8042/301/1086 8073/361/1086 8074/333/1086
f 8070/305/1617 8069/302/1617 8100/329/1617 8101/330/1617
f 8057/306/300 8056/303/300 8087/331/300 8088/332/300
f 8044/307/301 8043/304/301 8074/333/301 8075/334/301
f 8071/308/302 8070/305/302 8101/330/302 8102/335/302
f 8058/309/303 8057/306/303 8088/332/303 8089/336/303
f 8045/310/304 8044/307/304 8075/334/304 8076/337/304
f 8289/338/1613 8071/308/1613 8102/335/305
f 8059/312/306 8058/309/306 8089/336/306 8090/339/306
f 8046/313/1529 8045/310/1529 8076/337/1529 8077/340/1529
f 8060/314/1618 8059/312/1618 8090/339/1618 8091/341/1618
f 8047/315/1367 8046/313/1367 8077/340/1367 8078/342/1367
f 8061/316/310 8060/314/310 8091/341/310 8092/343/310
f 8048/317/1619 8047/315/1619 8078/342/1619 8079/344/1619
f 8095/349/344 8094/347/344 8125/374/344 8126/376/344
f 8082/350/345 8081/348/345 8112/375/345 8113/377/345
f 8096/351/346 8095/349/346 8126/376/346 8127/378/346
f 8083/352/1620 8082/350/1620 8113/377/1620 8114/379/1620
f 8097/353/348 8096/351/348 8127/378/348 8128/380/348
f 8084/354/349 8083/352/349 8114/379/349 8115/381/349
f 8098/355/350 8097/353/350 8128/380/350 8129/382/350
f 8085/356/351 8084/354/351 8115/381/351 8116/383/351
f 8072/358/325 8290/384/325 8103/385/1621
f 8099/359/353 8098/355/353 8129/382/353 8130/386/353
f 8086/360/354 8085/356/354 8116/383/354 8117/387/354
f 8073/361/355 8072/358/355 8103/385/355 8104/388/355
f 8100/329/356 8099/359/356 8130/386/356 8131/389/356
f 8087/331/1622 8086/360/1622 8117/387/1622 8118/390/1622
f 8074/333/1623 8073/361/1623 8104/388/1623 8105/391/1623
f 8101/330/1624 8100/329/1624 8131/389/1624 8132/392/1624
f 8088/332/1625 8087/331/1625 8118/390/1625 8119/393/1625
f 8075/334/361 8074/333/361 8105/391/361 8106/394/361
f 8102/335/362 8101/330/362 8132/392/362 8133/363/362
f 8089/336/363 8088/332/363 8119/393/363 8120/364/363
f 8076/337/364 8075/334/364 8106/394/364 8107/366/364
f 8289/362/332 8102/335/1374 8133/363/332
f 8090/339/334 8089/336/334 8120/364/334 8121/365/334
f 8077/340/1532 8076/337/1532 8107/366/1532 8108/367/1532
f 8091/341/336 8090/339/336 8121/365/336 8122/368/336
f 8078/342/337 8077/340/337 8108/367/337 8109/369/337
f 8092/343/1626 8091/341/1626 8122/368/1626 8123/370/1626
f 8079/344/1377 8078/342/1377 8109/369/1377 8110/371/1377
f 8093/345/340 8092/343/340 8123/370/340 8124/372/340
f 8080/346/341 8079/344/341 8110/371/341 8111/373/341
f 8094/347/342 8093/345/342 8124/372/342 8125/374/342
f 8081/348/343 8080/346/343 8111/373/343 8112/375/343
f 8128/380/375 8127/378/375 8158/405/375 8159/407/375
f 8115/381/376 8114/379/376 8145/406/376 8146/408/376
f 8129/382/377 8128/380/377 8159/407/377 8160/409/377
f 8116/383/1379 8115/381/1379 8146/408/1379 8147/410/1379
f 8103/385/379 8290/411/380 8134/412/380
f 8130/386/381 8129/382/381 8160/409/381 8161/413/381
f 8117/387/382 8116/383/382 8147/410/382 8148/414/382
f 8104/388/383 8103/385/383 8134/412/383 8135/415/383
f 8131/389/384 8130/386/384 8161/413/384 8162/416/384
f 8118/390/385 8117/387/385 8148/414/385 8149/417/385
f 8105/391/386 8104/388/386 8135/415/386 8136/418/386
f 8132/392/387 8131/389/387 8162/416/387 8163/419/387
f 8119/393/388 8118/390/388 8149/417/388 8150/420/388
f 8106/394/1380 8105/391/1380 8136/418/1380 8137/421/1380
f 8133/363/390 8132/392/390 8163/419/390 8164/422/390
f 8120/364/391 8119/393/391 8150/420/391 8151/423/391
f 8107/366/392 8106/394/392 8137/421/392 8138/424/392
f 8289/425/332 8133/363/332 8164/422/393
f 8121/365/1381 8120/364/1381 8151/423/1381 8152/426/1381
f 8108/367/395 8107/366/395 8138/424/395 8139/427/395
f 8122/368/396 8121/365/396 8152/426/396 8153/395/396
f 8109/369/397 8108/367/397 8139/427/397 8140/397/397
f 8123/370/365 8122/368/365 8153/395/365 8154/396/365
f 8110/371/366 8109/369/366 8140/397/366 8141/398/366
f 8124/372/367 8123/370/367 8154/396/367 8155/399/367
f 8111/373/368 8110/371/368 8141/398/368 8142/400/368
f 8125/374/369 8124/372/369 8155/399/369 8156/401/369
f 8112/375/370 8111/373/370 8142/400/370 8143/402/370
f 8126/376/371 8125/374/371 8156/401/371 8157/403/371
f 8113/377/372 8112/375/372 8143/402/372 8144/404/372
f 8127/378/373 8126/376/373 8157/403/373 8158/405/373
f 8114/379/374 8113/377/374 8144/404/374 8145/406/374
f 8134/412/380 8290/440/380 8165/441/408
f 8161/413/409 8160/409/409 8191/438/409 8192/442/409
f 8148/414/410 8147/410/410 8178/439/410 8179/443/410
f 8135/415/411 8134/412/411 8165/441/411 8166/444/411
f 8162/416/412 8161/413/412 8192/442/412 8193/445/412
f 8149/417/413 8148/414/413 8179/443/413 8180/446/413
f 8136/418/414 8135/415/414 8166/444/414 8167/447/414
f 8163/419/415 8162/416/415 8193/445/415 8194/448/415
f 8150/420/416 8149/417/416 8180/446/416 8181/449/416
f 8137/421/1387 8136/418/1387 8167/447/1387 8168/450/1387
f 8164/422/418 8163/419/418 8194/448/418 8195/451/418
f 8151/423/419 8150/420/419 8181/449/419 8182/452/419
f 8138/424/420 8137/421/420 8168/450/420 8169/453/420
f 8289/454/421 8164/422/422 8195/451/421
f 8152/426/423 8151/423/423 8182/452/423 8183/455/423
f 8139/427/424 8138/424/424 8169/453/424 8170/456/424
f 8153/395/425 8152/426/425 8183/455/425 8184/457/425
f 8140/397/426 8139/427/426 8170/456/426 8171/458/426
f 8154/396/427 8153/395/427 8184/457/427 8185/459/427
f 8141/398/1627 8140/397/1627 8171/458/1627 8172/460/1627
f 8155/399/429 8154/396/429 8185/459/429 8186/428/429
f 8142/400/430 8141/398/430 8172/460/430 8173/430/430
f 8156/401/398 8155/399/398 8186/428/398 8187/429/398
f 8143/402/399 8142/400/399 8173/430/399 8174/431/399
f 8157/403/400 8156/401/400 8187/429/400 8188/432/400
f 8144/404/401 8143/402/401 8174/431/401 8175/433/401
f 8158/405/402 8157/403/402 8188/432/402 8189/434/402
f 8145/406/403 8144/404/403 8175/433/403 8176/435/403
f 8159/407/404 8158/405/404 8189/434/404 8190/436/404
f 8146/408/405 8145/406/405 8176/435/405 8177/437/405
f 8160/409/406 8159/407/406 8190/436/406 8191/438/406
f 8147/410/407 8146/408/407 8177/437/407 8178/439/407
f 8167/447/444 8166/444/444 8197/473/444 8198/476/444
f 8194/448/445 8193/445/445 8224/474/445 8225/477/445
f 8181/449/446 8180/446/446 8211/475/446 8212/478/446
f 8168/450/447 8167/447/447 8198/476/447 8199/479/447
f 8195/451/448 8194/448/448 8225/477/448 8226/480/448
f 8182/452/449 8181/449/449 8212/478/449 8213/481/449
f 8169/453/450 8168/450/450 8199/479/450 8200/482/450
f 8289/483/421 8195/451/421 8226/480/451
f 8183/455/452 8182/452/452 8213/481/452 8214/484/452
f 8170/456/453 8169/453/453 8200/482/453 8201/485/453
f 8184/457/454 8183/455/454 8214/484/454 8215/486/454
f 8171/458/455 8170/456/455 8201/485/455 8202/487/455
f 8185/459/1392 8184/457/1392 8215/486/1392 8216/488/1392
f 8172/460/1628 8171/458/1628 8202/487/1628 8203/489/1628
f 8186/428/458 8185/459/458 8216/488/458 8217/490/458
f 8173/430/1629 8172/460/1629 8203/489/1629 8204/491/1629
f 8187/429/460 8186/428/460 8217/490/460 8218/492/460
f 8174/431/461 8173/430/461 8204/491/461 8205/493/461
f 8188/432/1630 8187/429/1630 8218/492/1630 8219/461/1630
f 8175/433/463 8174/431/463 8205/493/463 8206/463/463
f 8189/434/431 8188/432/431 8219/461/431 8220/462/431
f 8176/435/1394 8175/433/1394 8206/463/1394 8207/464/1394
f 8190/436/433 8189/434/433 8220/462/433 8221/465/433
f 8177/437/434 8176/435/434 8207/464/434 8208/466/434
f 8191/438/435 8190/436/435 8221/465/435 8222/467/435
f 8178/439/436 8177/437/436 8208/466/436 8209/468/436
f 8165/441/437 8290/469/438 8196/470/438
f 8192/442/439 8191/438/439 8222/467/439 8223/471/439
f 8179/443/440 8178/439/440 8209/468/440 8210/472/440
f 8166/444/441 8165/441/441 8196/470/441 8197/473/441
f 8193/445/442 8192/442/442 8223/471/442 8224/474/442
f 8180/446/443 8179/443/443 8210/472/443 8211/475/443
f 8200/482/478 8199/479/478 8230/508/478 8231/511/478
f 8289/512/479 8226/480/480 8257/509/479
f 8214/484/481 8213/481/481 8244/510/481 8245/513/481
f 8201/485/482 8200/482/482 8231/511/482 8232/514/482
f 8215/486/483 8214/484/483 8245/513/483 8246/515/483
f 8202/487/1541 8201/485/1541 8232/514/1541 8233/516/1541
f 8216/488/485 8215/486/485 8246/515/485 8247/517/485
f 8203/489/1399 8202/487/1399 8233/516/1399 8234/518/1399
f 8217/490/487 8216/488/487 8247/517/487 8248/519/487
f 8204/491/1542 8203/489/1542 8234/518/1542 8235/520/1542
f 8218/492/489 8217/490/489 8248/519/489 8249/521/489
f 8205/493/490 8204/491/490 8235/520/490 8236/522/490
f 8219/461/1543 8218/492/1543 8249/521/1543 8250/523/1543
f 8206/463/492 8205/493/492 8236/522/492 8237/524/492
f 8220/462/1097 8219/461/1097 8250/523/1097 8251/525/1097
f 8207/464/494 8206/463/494 8237/524/494 8238/526/494
f 8221/465/495 8220/462/495 8251/525/495 8252/494/495
f 8208/466/496 8207/464/496 8238/526/496 8239/496/496
f 8222/467/464 8221/465/464 8252/494/464 8253/495/464
f 8209/468/465 8208/466/465 8239/496/465 8240/497/465
f 8196/470/438 8290/498/438 8227/499/466
f 8223/471/467 8222/467/467 8253/495/467 8254/500/467
f 8210/472/468 8209/468/468 8240/497/468 8241/501/468
f 8197/473/469 8196/470/469 8227/499/469 8228/502/469
f 8224/474/1401 8223/471/1401 8254/500/1401 8255/503/1401
f 8211/475/471 8210/472/471 8241/501/471 8242/504/471
f 8198/476/472 8197/473/472 8228/502/472 8229/505/472
f 8225/477/473 8224/474/473 8255/503/473 8256/506/473
f 8212/478/474 8211/475/474 8242/504/474 8243/507/474
f 8199/479/475 8198/476/475 8229/505/475 8230/508/475
f 8226/480/476 8225/477/476 8256/506/476 8257/509/476
f 8213/481/477 8212/478/477 8243/507/477 8244/510/477
f 8233/516/511 8232/514/511 8263/542/511 8264/544/511
f 8247/517/512 8246/515/512 8277/543/512 8278/545/512
f 8234/518/1406 8233/516/1406 8264/544/1406 8265/546/1406
f 8248/519/514 8247/517/514 8278/545/514 8279/547/514
f 8235/520/515 8234/518/515 8265/546/515 8266/548/515
f 8249/521/516 8248/519/516 8279/547/516 8280/549/516
f 8236/522/517 8235/520/517 8266/548/517 8267/550/517
f 8250/523/518 8249/521/518 8280/549/518 8281/551/518
f 8237/524/519 8236/522/519 8267/550/519 8268/552/519
f 8251/525/520 8250/523/520 8281/551/520 8282/553/520
f 8238/526/521 8237/524/521 8268/552/521 8269/554/521
f 8252/494/522 8251/525/522 8282/553/522 8283/555/522
f 8239/496/523 8238/526/523 8269/554/523 8270/556/523
f 8253/495/524 8252/494/524 8283/555/524 8284/557/524
f 8240/497/525 8239/496/525 8270/556/525 8271/558/525
f 8227/499/1408 8290/559/1409 8258/527/1409
f 8254/500/528 8253/495/528 8284/557/528 8285/529/528
f 8241/501/529 8240/497/529 8271/558/529 8272/531/529
f 8228/502/497 8227/499/497 8258/527/497 8259/528/497
f 8255/503/1410 8254/500/1410 8285/529/1410 8286/530/1410
f 8242/504/499 8241/501/499 8272/531/499 8273/532/499
f 8229/505/500 8228/502/500 8259/528/500 8260/533/500
f 8256/506/501 8255/503/501 8286/530/501 8287/534/501
f 8243/507/502 8242/504/502 8273/532/502 8274/535/502
f 8230/508/503 8229/505/503 8260/533/503 8261/536/503
f 8257/509/504 8256/506/504 8287/534/504 8288/537/504
f 8244/510/505 8243/507/505 8274/535/505 8275/538/505
f 8231/511/506 8230/508/506 8261/536/506 8262/539/506
f 8289/540/479 8257/509/479 8288/537/507
f 8245/513/508 8244/510/508 8275/538/508 8276/541/508
f 8232/514/1546 8231/511/1546 8262/539/1546 8263/542/1546
f 8246/515/510 8245/513/510 8276/541/510 8277/543/510
f 8266/548/543 8265/546/543 8298/573/543 8299/575/543
f 8280/549/1631 8279/547/1631 8312/574/1631 8313/576/1631
f 8267/550/1632 8266/548/1632 8299/575/1632 8300/577/1632
f 8281/551/546 8280/549/546 8313/576/546 8314/578/546
f 8268/552/547 8267/550/547 8300/577/547 8301/579/547
f 8282/553/548 8281/551/548 8314/578/548 8315/580/548
f 8269/554/549 8268/552/549 8301/579/549 8302/581/549
f 8283/555/550 8282/553/550 8315/580/550 8316/582/550
f 8270/556/551 8269/554/551 8302/581/551 8303/583/551
f 8284/557/552 8283/555/552 8316/582/552 8317/584/552
f 8271/558/553 8270/556/553 8303/583/553 8304/585/553
f 8258/527/1409 8290/586/1409 8291/587/1415
f 8285/529/555 8284/557/555 8317/584/555 8318/588/555
f 8272/531/556 8271/558/556 8304/585/556 8305/589/556
f 8259/528/557 8258/527/557 8291/587/557 8292/590/557
f 8286/530/1416 8285/529/1416 8318/588/1416 8319/591/1416
f 8273/532/559 8272/531/559 8305/589/559 8306/592/559
f 8260/533/560 8259/528/560 8292/590/560 8293/560/560
f 8287/534/561 8286/530/561 8319/591/561 8320/562/561
f 8274/535/562 8273/532/562 8306/592/562 8307/564/562
f 8261/536/530 8260/533/530 8293/560/530 8294/561/530
f 8288/537/531 8287/534/531 8320/562/531 8321/563/531
f 8275/538/532 8274/535/532 8307/564/532 8308/565/532
f 8262/539/533 8261/536/533 8294/561/533 8295/566/533
f 8289/567/534 8288/537/535 8321/563/534
f 8276/541/536 8275/538/536 8308/565/536 8309/568/536
f 8263/542/1547 8262/539/1547 8295/566/1547 8296/569/1547
f 8277/543/538 8276/541/538 8309/568/538 8310/570/538
f 8264/544/539 8263/542/539 8296/569/539 8297/571/539
f 8278/545/540 8277/543/540 8310/570/540 8311/572/540
f 8265/546/1419 8264/544/1419 8297/571/1419 8298/573/1419
f 8279/547/542 8278/545/542 8311/572/542 8312/574/542
f 8301/579/573 8300/577/573 8331/603/573 8332/605/573
f 8315/580/1548 8314/578/1548 8345/604/1548 8346/606/1548
f 8302/581/1633 8301/579/1633 8332/605/1633 8333/607/1633
f 8316/582/576 8315/580/576 8346/606/576 8347/608/576
f 8303/583/577 8302/581/577 8333/607/577 8334/609/577
f 8317/584/578 8316/582/578 8347/608/578 8348/610/578
f 8304/585/579 8303/583/579 8334/609/579 8335/611/579
f 8291/587/580 8290/612/581 8322/613/581
f 8318/588/582 8317/584/582 8348/610/582 8349/614/582
f 8305/589/583 8304/585/583 8335/611/583 8336/615/583
f 8292/590/584 8291/587/584 8322/613/584 8323/616/584
f 8319/591/1421 8318/588/1421 8349/614/1421 8350/617/1421
f 8306/592/586 8305/589/586 8336/615/586 8337/618/586
f 8293/560/587 8292/590/587 8323/616/587 8324/619/587
f 8320/562/588 8319/591/588 8350/617/588 8351/620/588
f 8307/564/589 8306/592/589 8337/618/589 8338/621/589
f 8294/561/590 8293/560/590 8324/619/590 8325/622/590
f 8321/563/591 8320/562/591 8351/620/591 8352/623/591
f 8308/565/592 8307/564/592 8338/621/592 8339/624/592
f 8295/566/593 8294/561/593 8325/622/593 8326/593/593
f 8289/625/534 8321/563/534 8352/623/594
f 8309/568/595 8308/565/595 8339/624/595 8340/595/595
f 8296/569/1634 8295/566/1634 8326/593/1634 8327/594/1634
f 8310/570/564 8309/568/564 8340/595/564 8341/596/564
f 8297/571/1549 8296/569/1549 8327/594/1549 8328/597/1549
f 8311/572/1635 8310/570/1635 8341/596/1635 8342/598/1635
f 8298/573/1425 8297/571/1425 8328/597/1425 8329/599/1425
f 8312/574/568 8311/572/568 8342/598/568 8343/600/568
f 8299/575/1550 8298/573/1550 8329/599/1550 8330/601/1550
f 8313/576/570 8312/574/570 8343/600/570 8344/602/570
f 8300/577/571 8299/575/571 8330/601/571 8331/603/571
f 8314/578/1551 8313/576/1551 8344/602/1551 8345/604/1551
f 8334/609/606 8333/607/606 8364/636/606 8365/638/606
f 8348/610/607 8347/608/607 8378/637/607 8379/639/607
f 8335/611/608 8334/609/608 8365/638/608 8366/640/608
f 8322/613/581 8290/641/581 8353/642/609
f 8349/614/610 8348/610/610 8379/639/610 8380/643/610
f 8336/615/611 8335/611/611 8366/640/611 8367/644/611
f 8323/616/612 8322/613/612 8353/642/612 8354/645/612
f 8350/617/613 8349/614/613 8380/643/613 8381/646/613
f 8337/618/614 8336/615/614 8367/644/614 8368/647/614
f 8324/619/615 8323/616/615 8354/645/615 8355/648/615
f 8351/620/616 8350/617/616 8381/646/616 8382/649/616
f 8338/621/617 8337/618/617 8368/647/617 8369/650/617
f 8325/622/618 8324/619/618 8355/648/618 8356/651/618
f 8352/623/619 8351/620/619 8382/649/619 8383/652/619
f 8339/624/620 8338/621/620 8369/650/620 8370/653/620
f 8326/593/621 8325/622/621 8356/651/621 8357/654/621
f 8289/655/622 8352/623/623 8383/652/622
f 8340/595/624 8339/624/624 8370/653/624 8371/656/624
f 8327/594/1636 8326/593/1636 8357/654/1636 8358/657/1636
f 8341/596/626 8340/595/626 8371/656/626 8372/658/626
f 8328/597/627 8327/594/627 8358/657/627 8359/626/627
f 8342/598/1431 8341/596/1431 8372/658/1431 8373/628/1431
f 8329/599/596 8328/597/596 8359/626/596 8360/627/596
f 8343/600/597 8342/598/597 8373/628/597 8374/629/597
f 8330/601/598 8329/599/598 8360/627/598 8361/630/598
f 8344/602/1101 8343/600/1101 8374/629/1101 8375/631/1101
f 8331/603/1102 8330/601/1102 8361/630/1102 8362/632/1102
f 8345/604/601 8344/602/601 8375/631/601 8376/633/601
f 8332/605/602 8331/603/602 8362/632/602 8363/634/602
f 8346/606/603 8345/604/603 8376/633/603 8377/635/603
f 8333/607/1433 8332/605/1433 8363/634/1433 8364/636/1433
f 8347/608/605 8346/606/605 8377/635/605 8378/637/605
f 8367/644/641 8366/640/641 8397/669/641 8398/673/641
f 8354/645/642 8353/642/642 8384/671/642 8385/674/642
f 8381/646/643 8380/643/643 8411/672/643 8412/675/643
f 8368/647/644 8367/644/644 8398/673/644 8399/676/644
f 8355/648/645 8354/645/645 8385/674/645 8386/677/645
f 8382/649/646 8381/646/646 8412/675/646 8413/678/646
f 8369/650/647 8368/647/647 8399/676/647 8400/679/647
f 8356/651/648 8355/648/648 8386/677/648 8387/680/648
f 8383/652/649 8382/649/649 8413/678/649 8414/681/649
f 8370/653/650 8369/650/650 8400/679/650 8401/682/650
f 8357/654/651 8356/651/651 8387/680/651 8388/683/651
f 8289/684/622 8383/652/622 8414/681/652
f 8371/656/1637 8370/653/1637 8401/682/1637 8402/685/1637
f 8358/657/654 8357/654/654 8388/683/654 8389/686/654
f 8372/658/655 8371/656/655 8402/685/655 8403/687/655
f 8359/626/656 8358/657/656 8389/686/656 8390/688/656
f 8373/628/657 8372/658/657 8403/687/657 8404/689/657
f 8360/627/658 8359/626/658 8390/688/658 8391/690/658
f 8374/629/659 8373/628/659 8404/689/659 8405/691/659
f 8361/630/660 8360/627/660 8391/690/660 8392/659/660
f 8375/631/1107 8374/629/1107 8405/691/1107 8406/661/1107
f 8362/632/1105 8361/630/1105 8392/659/1105 8393/660/1105
f 8376/633/630 8375/631/630 8406/661/630 8407/662/630
f 8363/634/631 8362/632/631 8393/660/631 8394/663/631
f 8377/635/632 8376/633/632 8407/662/632 8408/664/632
f 8364/636/633 8363/634/633 8394/663/633 8395/665/633
f 8378/637/634 8377/635/634 8408/664/634 8409/666/634
f 8365/638/1557 8364/636/1557 8395/665/1557 8396/667/1557
f 8379/639/636 8378/637/636 8409/666/636 8410/668/636
f 8366/640/1638 8365/638/1638 8396/667/1638 8397/669/1638
f 8353/642/638 8290/670/639 8384/671/639
f 8380/643/640 8379/639/640 8410/668/640 8411/672/640
f 8400/679/675 8399/676/675 8430/705/675 8431/708/675
f 8387/680/676 8386/677/676 8417/706/676 8418/709/676
f 8414/681/677 8413/678/677 8444/707/677 8445/710/677
f 8401/682/678 8400/679/678 8431/708/678 8432/711/678
f 8388/683/679 8387/680/679 8418/709/679 8419/712/679
f 8289/713/680 8414/681/681 8445/710/680
f 8402/685/1639 8401/682/1639 8432/711/1639 8433/714/1639
f 8389/686/1640 8388/683/1640 8419/712/1640 8420/715/1640
f 8403/687/1110 8402/685/1110 8433/714/1110 8434/716/1110
f 8390/688/685 8389/686/685 8420/715/685 8421/717/685
f 8404/689/686 8403/687/686 8434/716/686 8435/718/686
f 8391/690/687 8390/688/687 8421/717/687 8422/719/687
f 8405/691/688 8404/689/688 8435/718/688 8436/720/688
f 8392/659/689 8391/690/689 8422/719/689 8423/721/689
f 8406/661/1111 8405/691/1111 8436/720/1111 8437/722/1111
f 8393/660/1112 8392/659/1112 8423/721/1112 8424/723/1112
f 8407/662/692 8406/661/692 8437/722/692 8438/724/692
f 8394/663/693 8393/660/693 8424/723/693 8425/692/693
f 8408/664/694 8407/662/694 8438/724/694 8439/694/694
f 8395/665/662 8394/663/662 8425/692/662 8426/693/662
f 8409/666/663 8408/664/663 8439/694/663 8440/695/663
f 8396/667/1108 8395/665/1108 8426/693/1108 8427/696/1108
f 8410/668/665 8409/666/665 8440/695/665 8441/697/665
f 8397/669/1641 8396/667/1641 8427/696/1641 8428/698/1641
f 8384/671/639 8290/699/639 8415/700/667
f 8411/672/668 8410/668/668 8441/697/668 8442/701/668
f 8398/673/669 8397/669/669 8428/698/669 8429/702/669
f 8385/674/670 8384/671/670 8415/700/670 8416/703/670
f 8412/675/671 8411/672/671 8442/701/671 8443/704/671
f 8399/676/672 8398/673/672 8429/702/672 8430/705/672
f 8386/677/673 8385/674/673 8416/703/673 8417/706/673
f 8413/678/674 8412/675/674 8443/704/674 8444/707/674
f 8433/714/711 8432/711/711 8463/740/711 8464/743/711
f 8420/715/1642 8419/712/1642 8450/741/1642 8451/744/1642
f 8434/716/713 8433/714/713 8464/743/713 8465/745/713
f 8421/717/714 8420/715/714 8451/744/714 8452/746/714
f 8435/718/1643 8434/716/1643 8465/745/1643 8466/747/1643
f 8422/719/716 8421/717/716 8452/746/716 8453/748/716
f 8436/720/717 8435/718/717 8466/747/717 8467/749/717
f 8423/721/718 8422/719/718 8453/748/718 8454/750/718
f 8437/722/1644 8436/720/1644 8467/749/1644 8468/751/1644
f 8424/723/1645 8423/721/1645 8454/750/1645 8455/752/1645
f 8438/724/721 8437/722/721 8468/751/721 8469/753/721
f 8425/692/722 8424/723/722 8455/752/722 8456/754/722
f 8439/694/723 8438/724/723 8469/753/723 8470/755/723
f 8426/693/1646 8425/692/1646 8456/754/1646 8457/756/1646
f 8440/695/725 8439/694/725 8470/755/725 8471/757/725
f 8427/696/726 8426/693/726 8457/756/726 8458/725/726
f 8441/697/727 8440/695/727 8471/757/727 8472/729/727
f 8428/698/695 8427/696/695 8458/725/695 8459/726/695
f 8415/700/696 8290/727/697 8446/728/697
f 8442/701/698 8441/697/698 8472/729/698 8473/730/698
f 8429/702/1647 8428/698/1647 8459/726/1647 8460/731/1647
f 8416/703/700 8415/700/700 8446/728/700 8447/732/700
f 8443/704/701 8442/701/701 8473/730/701 8474/733/701
f 8430/705/702 8429/702/702 8460/731/702 8461/734/702
f 8417/706/703 8416/703/703 8447/732/703 8448/735/703
f 8444/707/704 8443/704/704 8474/733/704 8475/736/704
f 8431/708/705 8430/705/705 8461/734/705 8462/737/705
f 8418/709/706 8417/706/706 8448/735/706 8449/738/706
f 8445/710/707 8444/707/707 8475/736/707 8476/739/707
f 8432/711/1648 8431/708/1648 8462/737/1648 8463/740/1648
f 8419/712/709 8418/709/709 8449/738/709 8450/741/709
f 8289/742/680 8445/710/680 8476/739/710
f 8466/747/742 8465/745/742 8496/772/742 8497/774/742
f 8453/748/1560 8452/746/1560 8483/773/1560 8484/775/1560
f 8467/749/744 8466/747/744 8497/774/744 8498/776/744
f 8454/750/745 8453/748/745 8484/775/745 8485/777/745
f 8468/751/1649 8467/749/1649 8498/776/1649 8499/778/1649
f 8455/752/1650 8454/750/1650 8485/777/1650 8486/779/1650
f 8469/753/748 8468/751/748 8499/778/748 8500/780/748
f 8456/754/749 8455/752/749 8486/779/749 8487/781/749
f 8470/755/1120 8469/753/1120 8500/780/1120 8501/782/1120
f 8457/756/751 8456/754/751 8487/781/751 8488/783/751
f 8471/757/752 8470/755/752 8501/782/752 8502/784/752
f 8458/725/1121 8457/756/1121 8488/783/1121 8489/785/1121
f 8472/729/754 8471/757/754 8502/784/754 8503/786/754
f 8459/726/755 8458/725/755 8489/785/755 8490/787/755
f 8446/728/697 8290/788/697 8477/789/756
f 8473/730/757 8472/729/757 8503/786/757 8504/790/757
f 8460/731/758 8459/726/758 8490/787/758 8491/758/758
f 8447/732/759 8446/728/759 8477/789/759 8478/760/759
f 8474/733/1450 8473/730/1450 8504/790/1450 8505/762/1450
f 8461/734/728 8460/731/728 8491/758/728 8492/759/728
f 8448/735/1117 8447/732/1117 8478/760/1117 8479/761/1117
f 8475/736/1118 8474/733/1118 8505/762/1118 8506/763/1118
f 8462/737/731 8461/734/731 8492/759/731 8493/764/731
f 8449/738/732 8448/735/732 8479/761/732 8480/765/732
f 8476/739/733 8475/736/733 8506/763/733 8507/766/733
f 8463/740/734 8462/737/734 8493/764/734 8494/767/734
f 8450/741/735 8449/738/735 8480/765/735 8481/768/735
f 8289/769/736 8476/739/737 8507/766/736
f 8464/743/738 8463/740/738 8494/767/738 8495/770/738
f 8451/744/739 8450/741/739 8481/768/739 8482/771/739
f 8465/745/1119 8464/743/1119 8495/770/1119 8496/772/1119
f 8452/746/1651 8451/744/1651 8482/771/1651 8483/773/1651
f 8499/778/772 8498/776/772 8529/803/772 8530/805/772
f 8486/779/773 8485/777/773 8516/804/773 8517/806/773
f 8500/780/774 8499/778/774 8530/805/774 8531/807/774
f 8487/781/775 8486/779/775 8517/806/775 8518/808/775
f 8501/782/776 8500/780/776 8531/807/776 8532/809/776
f 8488/783/777 8487/781/777 8518/808/777 8519/810/777
f 8502/784/778 8501/782/778 8532/809/778 8533/811/778
f 8489/785/779 8488/783/779 8519/810/779 8520/812/779
f 8503/786/780 8502/784/780 8533/811/780 8534/813/780
f 8490/787/781 8489/785/781 8520/812/781 8521/814/781
f 8477/789/1454 8290/815/1455 8508/816/1455
f 8504/790/784 8503/786/784 8534/813/784 8535/817/784
f 8491/758/785 8490/787/785 8521/814/785 8522/818/785
f 8478/760/786 8477/789/786 8508/816/786 8509/819/786
f 8505/762/787 8504/790/787 8535/817/787 8536/820/787
f 8492/759/788 8491/758/788 8522/818/788 8523/821/788
f 8479/761/789 8478/760/789 8509/819/789 8510/822/789
f 8506/763/790 8505/762/790 8536/820/790 8537/823/790
f 8493/764/1652 8492/759/1652 8523/821/1652 8524/791/1652
f 8480/765/792 8479/761/792 8510/822/792 8511/793/792
f 8507/766/793 8506/763/793 8537/823/793 8538/796/793
f 8494/767/761 8493/764/761 8524/791/761 8525/792/761
f 8481/768/762 8480/765/762 8511/793/762 8512/794/762
f 8289/795/736 8507/766/736 8538/796/763
f 8495/770/764 8494/767/764 8525/792/764 8526/797/764
f 8482/771/1653 8481/768/1653 8512/794/1653 8513/798/1653
f 8496/772/766 8495/770/766 8526/797/766 8527/799/766
f 8483/773/767 8482/771/767 8513/798/767 8514/800/767
f 8497/774/768 8496/772/768 8527/799/768 8528/801/768
f 8484/775/1654 8483/773/1654 8514/800/1654 8515/802/1654
f 8498/776/770 8497/774/770 8528/801/770 8529/803/770
f 8485/777/771 8484/775/771 8515/802/771 8516/804/771
f 8532/848/804 8531/844/804 8562/845/804 8563/849/804
f 8519/850/805 8518/846/805 8549/847/805 8550/851/805
f 8533/852/806 8532/848/806 8563/849/806 8564/853/806
f 8520/854/807 8519/850/807 8550/851/807 8551/855/807
f 8534/856/808 8533/852/808 8564/853/808 8565/857/808
f 8521/858/809 8520/854/809 8551/855/809 8552/859/809
f 8508/860/1455 8290/861/1455 8539/862/1462
f 8535/863/811 8534/856/811 8565/857/811 8566/864/811
f 8522/865/812 8521/858/812 8552/859/812 8553/866/812
f 8509/867/813 8508/860/813 8539/862/813 8540/868/813
f 8536/869/814 8535/863/814 8566/864/814 8567/870/814
f 8523/871/815 8522/865/815 8553/866/815 8554/872/815
f 8510/873/816 8509/867/816 8540/868/816 8541/874/816
f 8537/875/817 8536/869/817 8567/870/817 8568/876/817
f 8524/877/1655 8523/871/1655 8554/872/1655 8555/878/1655
f 8511/879/819 8510/873/819 8541/874/819 8542/880/819
f 8538/881/820 8537/875/820 8568/876/820 8569/882/820
f 8525/883/821 8524/877/821 8555/878/821 8556/884/821
f 8512/885/822 8511/879/822 8542/880/822 8543/886/822
f 8289/887/823 8538/881/824 8569/882/823
f 8526/825/825 8525/883/825 8556/884/825 8557/826/825
f 8513/829/1656 8512/885/1656 8543/886/1656 8544/830/1656
f 8527/824/794 8526/825/794 8557/826/794 8558/827/794
f 8514/828/795 8513/829/795 8544/830/795 8545/831/795
f 8528/832/796 8527/824/796 8558/827/796 8559/833/796
f 8515/834/797 8514/828/797 8545/831/797 8546/835/797
f 8529/836/798 8528/832/798 8559/833/798 8560/837/798
f 8516/838/799 8515/834/799 8546/835/799 8547/839/799
f 8530/840/800 8529/836/800 8560/837/800 8561/841/800
f 8517/842/801 8516/838/801 8547/839/801 8548/843/801
f 8531/844/802 8530/840/802 8561/841/802 8562/845/802
f 8518/846/803 8517/842/803 8548/843/803 8549/847/803
f 8565/857/837 8564/853/837 8595/898/837 8596/900/837
f 8552/859/838 8551/855/838 8582/899/838 8583/901/838
f 8539/862/839 8290/902/840 8570/903/840
f 8566/864/841 8565/857/841 8596/900/841 8597/904/841
f 8553/866/842 8552/859/842 8583/901/842 8584/905/842
f 8540/868/843 8539/862/843 8570/903/843 8571/906/843
f 8567/870/1468 8566/864/1468 8597/904/1468 8598/907/1468
f 8554/872/845 8553/866/845 8584/905/845 8585/908/845
f 8541/874/1136 8540/868/1136 8571/906/1136 8572/909/1136
f 8568/876/1137 8567/870/1137 8598/907/1137 8599/910/1137
f 8555/878/848 8554/872/848 8585/908/848 8586/911/848
f 8542/880/849 8541/874/849 8572/909/849 8573/912/849
f 8569/882/850 8568/876/850 8599/910/850 8600/913/850
f 8556/884/851 8555/878/851 8586/911/851 8587/914/851
f 8543/886/852 8542/880/852 8573/912/852 8574/915/852
f 8289/916/823 8569/882/823 8600/913/853
f 8557/826/854 8556/884/854 8587/914/854 8588/917/854
f 8544/830/855 8543/886/855 8574/915/855 8575/918/855
f 8558/827/1563 8557/826/1563 8588/917/1563 8589/919/1563
f 8545/831/1657 8544/830/1657 8575/918/1657 8576/920/1657
f 8559/833/858 8558/827/858 8589/919/858 8590/888/858
f 8546/835/859 8545/831/859 8576/920/859 8577/890/859
f 8560/837/827 8559/833/827 8590/888/827 8591/889/827
f 8547/839/828 8546/835/828 8577/890/828 8578/891/828
f 8561/841/829 8560/837/829 8591/889/829 8592/892/829
f 8548/843/830 8547/839/830 8578/891/830 8579/893/830
f 8562/845/831 8561/841/831 8592/892/831 8593/894/831
f 8549/847/832 8548/843/832 8579/893/832 8580/895/832
f 8563/849/1134 8562/845/1134 8593/894/1134 8594/896/1134
f 8550/851/834 8549/847/834 8580/895/834 8581/897/834
f 8564/853/835 8563/849/835 8594/896/835 8595/898/835
f 8551/855/1135 8550/851/1135 8581/897/1135 8582/899/1135
f 8595/898/888 8594/896/888 8625/949/888 8626/951/888
f 8582/899/889 8581/897/889 8612/950/889 8613/952/889
f 8596/900/890 8595/898/890 8626/951/890 8627/921/890
f 8583/901/891 8582/899/891 8613/952/891 8614/923/891
f 8570/903/840 8290/953/840 8601/925/892
f 8597/904/860 8596/900/860 8627/921/860 8628/922/860
f 8584/905/861 8583/901/861 8614/923/861 8615/924/861
f 8571/906/862 8570/903/862 8601/925/862 8602/926/862
f 8598/907/863 8597/904/863 8628/922/863 8629/927/863
f 8585/908/864 8584/905/864 8615/924/864 8616/928/864
f 8572/909/865 8571/906/865 8602/926/865 8603/929/865
f 8599/910/866 8598/907/866 8629/927/866 8630/930/866
f 8586/911/867 8585/908/867 8616/928/867 8617/931/867
f 8573/912/868 8572/909/868 8603/929/868 8604/932/868
f 8600/913/869 8599/910/869 8630/930/869 8631/933/869
f 8587/914/870 8586/911/870 8617/931/870 8618/934/870
f 8574/915/871 8573/912/871 8604/932/871 8605/935/871
f 8289/936/872 8600/913/1477 8631/933/872
f 8588/917/874 8587/914/874 8618/934/874 8619/937/874
f 8575/918/875 8574/915/875 8605/935/875 8606/938/875
f 8589/919/876 8588/917/876 8619/937/876 8620/939/876
f 8576/920/877 8575/918/877 8606/938/877 8607/940/877
f 8590/888/1658 8589/919/1658 8620/939/1658 8621/941/1658
f 8577/890/1478 8576/920/1478 8607/940/1478 8608/942/1478
f 8591/889/880 8590/888/880 8621/941/880 8622/943/880
f 8578/891/881 8577/890/881 8608/942/881 8609/944/881
f 8592/892/882 8591/889/882 8622/943/882 8623/945/882
f 8579/893/1140 8578/891/1140 8609/944/1140 8610/946/1140
f 8593/894/884 8592/892/884 8623/945/884 8624/947/884
f 8580/895/885 8579/893/885 8610/946/885 8611/948/885
f 8594/896/886 8593/894/886 8624/947/886 8625/949/886
f 8581/897/1659 8580/895/1659 8611/948/1659 8612/950/1659
f 8601/925/918 8290/982/919 8632/983/919
f 8628/922/920 8627/921/920 8658/980/920 8659/984/920
f 8615/924/921 8614/923/921 8645/981/921 8646/985/921
f 8602/926/922 8601/925/922 8632/983/922 8633/986/922
f 8629/927/923 8628/922/923 8659/984/923 8660/954/923
f 8616/928/924 8615/924/924 8646/985/924 8647/956/924
f 8603/929/925 8602/926/925 8633/986/925 8634/958/925
f 8630/930/893 8629/927/893 8660/954/893 8661/955/893
f 8617/931/894 8616/928/894 8647/956/894 8648/957/894
f 8604/932/1566 8603/929/1566 8634/958/1566 8635/959/1566
f 8631/933/896 8630/930/896 8661/955/896 8662/960/896
f 8618/934/897 8617/931/897 8648/957/897 8649/961/897
f 8605/935/898 8604/932/898 8635/959/898 8636/962/898
f 8289/963/872 8631/933/872 8662/960/899
f 8619/937/1660 8618/934/1660 8649/961/1660 8650/964/1660
f 8606/938/901 8605/935/901 8636/962/901 8637/965/901
f 8620/939/902 8619/937/902 8650/964/902 8651/966/902
f 8607/940/903 8606/938/903 8637/965/903 8638/967/903
f 8621/941/904 8620/939/904 8651/966/904 8652/968/904
f 8608/942/1567 8607/940/1567 8638/967/1567 8639/969/1567
f 8622/943/906 8621/941/906 8652/968/906 8653/970/906
f 8609/944/907 8608/942/907 8639/969/907 8640/971/907
f 8623/945/908 8622/943/908 8653/970/908 8654/972/908
f 8610/946/1145 8609/944/1145 8640/971/1145 8641/973/1145
f 8624/947/910 8623/945/910 8654/972/910 8655/974/910
f 8611/948/911 8610/946/911 8641/973/911 8642/975/911
f 8625/949/912 8624/947/912 8655/974/912 8656/976/912
f 8612/950/913 8611/948/913 8642/975/913 8643/977/913
f 8626/951/914 8625/949/914 8656/976/914 8657/978/914
f 8613/952/915 8612/950/915 8643/977/915 8644/979/915
f 8627/921/916 8626/951/916 8657/978/916 8658/980/916
f 8614/923/1661 8613/952/1661 8644/979/1661 8645/981/1661
f 8634/958/952 8633/986/952 8664/1013/952 8665/1016/952
f 8661/955/953 8660/954/953 8691/1014/953 8692/1017/953
f 8648/957/1568 8647/956/1568 8678/1015/1568 8679/1018/1568
f 8635/959/1484 8634/958/1484 8665/1016/1484 8666/1019/1484
f 8662/960/956 8661/955/956 8692/1017/956 8693/988/956
f 8649/961/957 8648/957/957 8679/1018/957 8680/989/957
f 8636/962/958 8635/959/958 8666/1019/958 8667/991/958
f 8289/987/926 8662/960/927 8693/988/926
f 8650/964/1662 8649/961/1662 8680/989/1662 8681/990/1662
f 8637/965/929 8636/962/929 8667/991/929 8668/992/929
f 8651/966/930 8650/964/930 8681/990/930 8682/993/930
f 8638/967/931 8637/965/931 8668/992/931 8669/994/931
f 8652/968/932 8651/966/932 8682/993/932 8683/995/932
f 8639/969/933 8638/967/933 8669/994/933 8670/996/933
f 8653/970/934 8652/968/934 8683/995/934 8684/997/934
f 8640/971/935 8639/969/935 8670/996/935 8671/998/935
f 8654/972/1146 8653/970/1146 8684/997/1146 8685/999/1146
f 8641/973/1147 8640/971/1147 8671/998/1147 8672/1000/1147
f 8655/974/938 8654/972/938 8685/999/938 8686/1001/938
f 8642/975/939 8641/973/939 8672/1000/939 8673/1002/939
f 8656/976/940 8655/974/940 8686/1001/940 8687/1003/940
f 8643/977/941 8642/975/941 8673/1002/941 8674/1004/941
f 8657/978/942 8656/976/942 8687/1003/942 8688/1005/942
f 8644/979/943 8643/977/943 8674/1004/943 8675/1006/943
f 8658/980/944 8657/978/944 8688/1005/944 8689/1007/944
f 8645/981/1663 8644/979/1663 8675/1006/1663 8676/1008/1663
f 8632/983/919 8290/1009/919 8663/1010/946
f 8659/984/947 8658/980/947 8689/1007/947 8690/1011/947
f 8646/985/948 8645/981/948 8676/1008/948 8677/1012/948
f 8633/986/949 8632/983/949 8663/1010/949 8664/1013/949
f 8660/954/950 8659/984/950 8690/1011/950 8691/1014/950
f 8647/956/951 8646/985/951 8677/1012/951 8678/1015/951
f 8667/991/986 8666/1019/986 8697/1046/986 8698/1049/986
f 8289/1050/926 8693/988/926 8724/1047/1488
f 8681/990/988 8680/989/988 8711/1048/988 8712/1051/988
f 8668/992/989 8667/991/989 8698/1049/989 8699/1052/989
f 8682/993/1152 8681/990/1152 8712/1051/1152 8713/1020/1152
f 8669/994/991 8668/992/991 8699/1052/991 8700/1022/991
f 8683/995/959 8682/993/959 8713/1020/959 8714/1021/959
f 8670/996/1570 8669/994/1570 8700/1022/1570 8701/1023/1570
f 8684/997/961 8683/995/961 8714/1021/961 8715/1024/961
f 8671/998/962 8670/996/962 8701/1023/962 8702/1025/962
f 8685/999/963 8684/997/963 8715/1024/963 8716/1026/963
f 8672/1000/964 8671/998/964 8702/1025/964 8703/1027/964
f 8686/1001/965 8685/999/965 8716/1026/965 8717/1028/965
f 8673/1002/966 8672/1000/966 8703/1027/966 8704/1029/966
f 8687/1003/967 8686/1001/967 8717/1028/967 8718/1030/967
f 8674/1004/968 8673/1002/968 8704/1029/968 8705/1031/968
f 8688/1005/969 8687/1003/969 8718/1030/969 8719/1032/969
f 8675/1006/1151 8674/1004/1151 8705/1031/1151 8706/1033/1151
f 8689/1007/971 8688/1005/971 8719/1032/971 8720/1034/971
f 8676/1008/972 8675/1006/972 8706/1033/972 8707/1035/972
f 8663/1010/973 8290/1036/974 8694/1037/974
f 8690/1011/975 8689/1007/975 8720/1034/975 8721/1038/975
f 8677/1012/976 8676/1008/976 8707/1035/976 8708/1039/976
f 8664/1013/977 8663/1010/977 8694/1037/977 8695/1040/977
f 8691/1014/978 8690/1011/978 8721/1038/978 8722/1041/978
f 8678/1015/1572 8677/1012/1572 8708/1039/1572 8709/1042/1572
f 8665/1016/1573 8664/1013/1573 8695/1040/1573 8696/1043/1573
f 8692/1017/1574 8691/1014/1574 8722/1041/1574 8723/1044/1574
f 8679/1018/1575 8678/1015/1575 8709/1042/1575 8710/1045/1575
f 8666/1019/983 8665/1016/983 8696/1043/983 8697/1046/983
f 8693/988/984 8692/1017/984 8723/1044/984 8724/1047/984
f 8680/989/985 8679/1018/985 8710/1045/985 8711/1048/985
f 8700/1022/1020 8699/1052/1020 8730/1081/1020 8731/1083/1020
f 8714/1021/1021 8713/1020/1021 8744/1082/1021 8745/1084/1021
f 8701/1023/1495 8700/1022/1495 8731/1083/1495 8732/1085/1495
f 8715/1024/1023 8714/1021/1023 8745/1084/1023 8746/1053/1023
f 8702/1025/1024 8701/1023/1024 8732/1085/1024 8733/1055/1024
f 8716/1026/992 8715/1024/992 8746/1053/992 8747/1054/992
f 8703/1027/993 8702/1025/993 8733/1055/993 8734/1056/993
f 8717/1028/994 8716/1026/994 8747/1054/994 8748/1057/994
f 8704/1029/995 8703/1027/995 8734/1056/995 8735/1058/995
f 8718/1030/996 8717/1028/996 8748/1057/996 8749/1059/996
f 8705/1031/997 8704/1029/997 8735/1058/997 8736/1060/997
f 8719/1032/998 8718/1030/998 8749/1059/998 8750/1061/998
f 8706/1033/1576 8705/1031/1576 8736/1060/1576 8737/1062/1576
f 8720/1034/1000 8719/1032/1000 8750/1061/1000 8751/1063/1000
f 8707/1035/1001 8706/1033/1001 8737/1062/1001 8738/1064/1001
f 8694/1037/974 8290/1065/974 8725/1066/1002
f 8721/1038/1003 8720/1034/1003 8751/1063/1003 8752/1067/1003
f 8708/1039/1004 8707/1035/1004 8738/1064/1004 8739/1068/1004
f 8695/1040/1005 8694/1037/1005 8725/1066/1005 8726/1069/1005
f 8722/1041/1499 8721/1038/1499 8752/1067/1499 8753/1070/1499
f 8709/1042/1007 8708/1039/1007 8739/1068/1007 8740/1071/1007
f 8696/1043/1008 8695/1040/1008 8726/1069/1008 8727/1072/1008
f 8723/1044/1009 8722/1041/1009 8753/1070/1009 8754/1073/1009
f 8710/1045/1010 8709/1042/1010 8740/1071/1010 8741/1074/1010
f 8697/1046/1011 8696/1043/1011 8727/1072/1011 8728/1075/1011
f 8724/1047/1012 8723/1044/1012 8754/1073/1012 8755/1076/1012
f 8711/1048/1013 8710/1045/1013 8741/1074/1013 8742/1077/1013
f 8698/1049/1014 8697/1046/1014 8728/1075/1014 8729/1078/1014
f 8289/1079/1015 8724/1047/1016 8755/1076/1015
f 8712/1051/1017 8711/1048/1017 8742/1077/1017 8743/1080/1017
f 8699/1052/1664 8698/1049/1664 8729/1078/1664 8730/1081/1664
f 8713/1020/1579 8712/1051/1579 8743/1080/1579 8744/1082/1579
f 8733/1055/1052 8732/1085/1052 8762/13/1052 7778/17/1052
f 8747/1054/1053 8746/1053/1053 7786/15/1053 7787/19/1053
f 8734/1056/1054 8733/1055/1054 7778/17/1054 8763/21/1054
f 8748/1057/1055 8747/1054/1055 7787/19/1055 8768/23/1055
f 8735/1058/1056 8734/1056/1056 8763/21/1056 8764/25/1056
f 8749/1059/1025 8748/1057/1025 8768/23/1025 7788/27/1025
f 8736/1060/1026 8735/1058/1026 8764/25/1026 7779/29/1026
f 8750/1061/1027 8749/1059/1027 7788/27/1027 7789/31/1027
f 8737/1062/1028 8736/1060/1028 7779/29/1028 7780/33/1028
f 8751/1063/1580 8750/1061/1580 7789/31/1580 7790/35/1580
f 8738/1064/1030 8737/1062/1030 7780/33/1030 7781/37/1030
f 8725/1066/1501 8290/1086/1303 8756/39/1303
f 8752/1067/1032 8751/1063/1032 7790/35/1032 8769/42/1032
f 8739/1068/1033 8738/1064/1033 7781/37/1033 7782/44/1033
f 8726/1069/1034 8725/1066/1034 8756/39/1034 8757/46/1034
f 8753/1070/1503 8752/1067/1503 8769/42/1503 8770/48/1503
f 8740/1071/1036 8739/1068/1036 7782/44/1036 8765/50/1036
f 8727/1072/1037 8726/1069/1037 8757/46/1037 8758/52/1037
f 8754/1073/1038 8753/1070/1038 8770/48/1038 7791/54/1038
f 8741/1074/1039 8740/1071/1039 8765/50/1039 7783/56/1039
f 8728/1075/1040 8727/1072/1040 8758/52/1040 8759/58/1040
f 8755/1076/1041 8754/1073/1041 7791/54/1041 7792/60/1041
f 8742/1077/1042 8741/1074/1042 7783/56/1042 7784/62/1042
f 8729/1078/1043 8728/1075/1043 8759/58/1043 8760/2/1043
f 8289/1087/1015 8755/1076/1015 7792/60/1044
f 8743/1080/1045 8742/1077/1045 7784/62/1045 8766/6/1045
f 8730/1081/1504 8729/1078/1504 8760/2/1504 8761/1/1504
f 8744/1082/1047 8743/1080/1047 8766/6/1047 8767/5/1047
f 8731/1083/1048 8730/1081/1048 8761/1/1048 7777/9/1048
f 8745/1084/1049 8744/1082/1049 8767/5/1049 7785/11/1049
f 8732/1085/1505 8731/1083/1505 7777/9/1505 8762/13/1505
f 8746/1053/1051 8745/1084/1051 7785/11/1051 7786/15/1051
f 9758/25/11 9757/21/11 8796/22/11 8797/26/11
f 8782/27/12 9762/23/12 8810/24/12 8811/28/12
f 8773/29/13 9758/25/13 8797/26/13 8798/30/13
f 8783/31/14 8782/27/14 8811/28/14 8812/32/14
f 8774/33/15 8773/29/15 8798/30/15 8799/34/15
f 8784/35/16 8783/31/16 8812/32/16 8813/36/16
f 8775/37/17 8774/33/17 8799/34/17 8800/38/17
f 9750/39/1303 9284/40/1303 8787/41/1304
f 9763/42/20 8784/35/20 8813/36/20 8814/43/20
f 8776/44/21 8775/37/21 8800/38/21 8801/45/21
f 9751/46/1305 9750/39/1305 8787/41/1305 8788/47/1305
f 9764/48/1306 9763/42/1306 8814/43/1306 8815/49/1306
f 9759/50/24 8776/44/24 8801/45/24 8802/51/24
f 9752/52/25 9751/46/25 8788/47/25 8789/53/25
f 8785/54/26 9764/48/26 8815/49/26 8816/55/26
f 8777/56/27 9759/50/27 8802/51/27 8803/57/27
f 9753/58/28 9752/52/28 8789/53/28 8790/59/28
f 8786/60/1059 8785/54/1059 8816/55/1059 8817/61/1059
f 8778/62/30 8777/56/30 8803/57/30 8804/63/30
f 9754/2/31 9753/58/31 8790/59/31 8791/3/31
f 9283/64/1509 8786/60/33 8817/61/1509
f 9760/6/34 8778/62/34 8804/63/34 8805/7/34
f 9755/1/1307 9754/2/1307 8791/3/1307 8792/4/1307
f 9761/5/2 9760/6/2 8805/7/2 8806/8/2
f 8771/9/3 9755/1/3 8792/4/3 8793/10/3
f 8779/11/4 9761/5/4 8806/8/4 8807/12/4
f 9756/13/1308 8771/9/1308 8793/10/1308 8794/14/1308
f 8780/15/6 8779/11/6 8807/12/6 8808/16/6
f 8772/17/7 9756/13/7 8794/14/7 8795/18/7
f 8781/19/8 8780/15/8 8808/16/8 8809/20/8
f 9757/21/9 8772/17/9 8795/18/9 8796/22/9
f 9762/23/10 8781/19/10 8809/20/10 8810/24/10
f 8805/7/51 8804/63/51 8835/80/51 8836/83/51
f 8792/4/52 8791/3/52 8822/81/52 8823/84/52
f 8806/8/53 8805/7/53 8836/83/53 8837/85/53
f 8793/10/1311 8792/4/1311 8823/84/1311 8824/86/1311
f 8807/12/1665 8806/8/1665 8837/85/1665 8838/87/1665
f 8794/14/56 8793/10/56 8824/86/56 8825/88/56
f 8808/16/57 8807/12/57 8838/87/57 8839/89/57
f 8795/18/1314 8794/14/1314 8825/88/1314 8826/90/1314
f 8809/20/59 8808/16/59 8839/89/59 8840/91/59
f 8796/22/60 8795/18/60 8826/90/60 8827/92/60
f 8810/24/1315 8809/20/1315 8840/91/1315 8841/93/1315
f 8797/26/62 8796/22/62 8827/92/62 8828/94/62
f 8811/28/63 8810/24/63 8841/93/63 8842/95/63
f 8798/30/1666 8797/26/1666 8828/94/1666 8829/96/1666
f 8812/32/65 8811/28/65 8842/95/65 8843/97/65
f 8799/34/66 8798/30/66 8829/96/66 8830/65/66
f 8813/36/67 8812/32/67 8843/97/67 8844/69/67
f 8800/38/35 8799/34/35 8830/65/35 8831/66/35
f 8787/41/36 9284/67/37 8818/68/37
f 8814/43/38 8813/36/38 8844/69/38 8845/70/38
f 8801/45/39 8800/38/39 8831/66/39 8832/71/39
f 8788/47/40 8787/41/40 8818/68/40 8819/72/40
f 8815/49/1318 8814/43/1318 8845/70/1318 8846/73/1318
f 8802/51/42 8801/45/42 8832/71/42 8833/74/42
f 8789/53/43 8788/47/43 8819/72/43 8820/75/43
f 8816/55/44 8815/49/44 8846/73/44 8847/76/44
f 8803/57/45 8802/51/45 8833/74/45 8834/77/45
f 8790/59/46 8789/53/46 8820/75/46 8821/78/46
f 8817/61/47 8816/55/47 8847/76/47 8848/79/47
f 8804/63/48 8803/57/48 8834/77/48 8835/80/48
f 8791/3/49 8790/59/49 8821/78/49 8822/81/49
f 9283/82/1509 8817/61/1509 8848/79/50
f 8838/87/1515 8837/85/1515 8868/112/1515 8869/114/1515
f 8825/88/83 8824/86/83 8855/113/83 8856/115/83
f 8839/89/84 8838/87/84 8869/114/84 8870/116/84
f 8826/90/1667 8825/88/1667 8856/115/1667 8857/117/1667
f 8840/91/86 8839/89/86 8870/116/86 8871/118/86
f 8827/92/87 8826/90/87 8857/117/87 8858/119/87
f 8841/93/1668 8840/91/1668 8871/118/1668 8872/120/1668
f 8828/94/89 8827/92/89 8858/119/89 8859/121/89
f 8842/95/90 8841/93/90 8872/120/90 8873/122/90
f 8829/96/1516 8828/94/1516 8859/121/1516 8860/123/1516
f 8843/97/92 8842/95/92 8873/122/92 8874/124/92
f 8830/65/93 8829/96/93 8860/123/93 8861/125/93
f 8844/69/94 8843/97/94 8874/124/94 8875/126/94
f 8831/66/95 8830/65/95 8861/125/95 8862/127/95
f 8818/68/37 9284/128/37 8849/129/96
f 8845/70/1669 8844/69/1669 8875/126/1669 8876/130/1669
f 8832/71/98 8831/66/98 8862/127/98 8863/98/98
f 8819/72/99 8818/68/99 8849/129/99 8850/100/99
f 8846/73/100 8845/70/100 8876/130/100 8877/102/100
f 8833/74/68 8832/71/68 8863/98/68 8864/99/68
f 8820/75/69 8819/72/69 8850/100/69 8851/101/69
f 8847/76/70 8846/73/70 8877/102/70 8878/103/70
f 8834/77/71 8833/74/71 8864/99/71 8865/104/71
f 8821/78/72 8820/75/72 8851/101/72 8852/105/72
f 8848/79/73 8847/76/73 8878/103/73 8879/106/73
f 8835/80/74 8834/77/74 8865/104/74 8866/107/74
f 8822/81/1670 8821/78/1670 8852/105/1670 8853/108/1670
f 9283/109/76 8848/79/1323 8879/106/76
f 8836/83/78 8835/80/78 8866/107/78 8867/110/78
f 8823/84/79 8822/81/79 8853/108/79 8854/111/79
f 8837/85/80 8836/83/80 8867/110/80 8868/112/80
f 8824/86/81 8823/84/81 8854/111/81 8855/113/81
f 8871/118/112 8870/116/112 8901/143/112 8902/145/112
f 8858/119/113 8857/117/113 8888/144/113 8889/146/113
f 8872/120/114 8871/118/114 8902/145/114 8903/147/114
f 8859/121/115 8858/119/115 8889/146/115 8890/148/115
f 8873/122/116 8872/120/116 8903/147/116 8904/149/116
f 8860/123/117 8859/121/117 8890/148/117 8891/150/117
f 8874/124/118 8873/122/118 8904/149/118 8905/151/118
f 8861/125/1065 8860/123/1065 8891/150/1065 8892/152/1065
f 8875/126/120 8874/124/120 8905/151/120 8906/153/120
f 8862/127/121 8861/125/121 8892/152/121 8893/154/121
f 8849/129/122 9284/155/123 8880/156/123
f 8876/130/124 8875/126/124 8906/153/124 8907/157/124
f 8863/98/125 8862/127/125 8893/154/125 8894/158/125
f 8850/100/126 8849/129/126 8880/156/126 8881/159/126
f 8877/102/127 8876/130/127 8907/157/127 8908/160/127
f 8864/99/128 8863/98/128 8894/158/128 8895/161/128
f 8851/101/1325 8850/100/1325 8881/159/1325 8882/162/1325
f 8878/103/130 8877/102/130 8908/160/130 8909/163/130
f 8865/104/131 8864/99/131 8895/161/131 8896/131/131
f 8852/105/1586 8851/101/1586 8882/162/1586 8883/133/1586
f 8879/106/133 8878/103/133 8909/163/133 8910/136/133
f 8866/107/101 8865/104/101 8896/131/101 8897/132/101
f 8853/108/102 8852/105/102 8883/133/102 8884/134/102
f 9283/135/76 8879/106/76 8910/136/103
f 8867/110/104 8866/107/104 8897/132/104 8898/137/104
f 8854/111/1327 8853/108/1327 8884/134/1327 8885/138/1327
f 8868/112/1064 8867/110/1064 8898/137/1064 8899/139/1064
f 8855/113/107 8854/111/107 8885/138/107 8886/140/107
f 8869/114/108 8868/112/108 8899/139/108 8900/141/108
f 8856/115/1589 8855/113/1589 8886/140/1589 8887/142/1589
f 8870/116/110 8869/114/110 8900/141/110 8901/143/110
f 8857/117/111 8856/115/111 8887/142/111 8888/144/111
f 8904/149/144 8903/147/144 8934/174/144 8935/176/144
f 8891/150/145 8890/148/145 8921/175/145 8922/177/145
f 8905/151/146 8904/149/146 8935/176/146 8936/178/146
f 8892/152/1068 8891/150/1068 8922/177/1068 8923/179/1068
f 8906/153/148 8905/151/148 8936/178/148 8937/180/148
f 8893/154/1671 8892/152/1671 8923/179/1671 8924/181/1671
f 8880/156/123 9284/182/123 8911/183/150
f 8907/157/151 8906/153/151 8937/180/151 8938/184/151
f 8894/158/152 8893/154/152 8924/181/152 8925/185/152
f 8881/159/153 8880/156/153 8911/183/153 8912/186/153
f 8908/160/154 8907/157/154 8938/184/154 8939/187/154
f 8895/161/155 8894/158/155 8925/185/155 8926/188/155
f 8882/162/156 8881/159/156 8912/186/156 8913/189/156
f 8909/163/157 8908/160/157 8939/187/157 8940/190/157
f 8896/131/158 8895/161/158 8926/188/158 8927/191/158
f 8883/133/159 8882/162/159 8913/189/159 8914/192/159
f 8910/136/160 8909/163/160 8940/190/160 8941/193/160
f 8897/132/161 8896/131/161 8927/191/161 8928/194/161
f 8884/134/162 8883/133/162 8914/192/162 8915/195/162
f 9283/196/163 8910/136/164 8941/193/163
f 8898/137/1672 8897/132/1672 8928/194/1672 8929/164/1672
f 8885/138/166 8884/134/166 8915/195/166 8916/166/166
f 8899/139/1067 8898/137/1067 8929/164/1067 8930/165/1067
f 8886/140/135 8885/138/135 8916/166/135 8917/167/135
f 8900/141/136 8899/139/136 8930/165/136 8931/168/136
f 8887/142/137 8886/140/137 8917/167/137 8918/169/137
f 8901/143/138 8900/141/138 8931/168/138 8932/170/138
f 8888/144/139 8887/142/139 8918/169/139 8919/171/139
f 8902/145/140 8901/143/140 8932/170/140 8933/172/140
f 8889/146/141 8888/144/141 8919/171/141 8920/173/141
f 8903/147/142 8902/145/142 8933/172/142 8934/174/142
f 8890/148/143 8889/146/143 8920/173/143 8921/175/143
f 8937/180/177 8936/178/177 8967/207/177 8968/209/177
f 8924/181/178 8923/179/178 8954/208/178 8955/210/178
f 8911/183/1673 9284/211/180 8942/212/180
f 8938/184/181 8937/180/181 8968/209/181 8969/213/181
f 8925/185/182 8924/181/182 8955/210/182 8956/214/182
f 8912/186/183 8911/183/183 8942/212/183 8943/215/183
f 8939/187/184 8938/184/184 8969/213/184 8970/216/184
f 8926/188/1593 8925/185/1593 8956/214/1593 8957/217/1593
f 8913/189/1594 8912/186/1594 8943/215/1594 8944/218/1594
f 8940/190/1595 8939/187/1595 8970/216/1595 8971/219/1595
f 8927/191/1596 8926/188/1596 8957/217/1596 8958/220/1596
f 8914/192/189 8913/189/189 8944/218/189 8945/221/189
f 8941/193/190 8940/190/190 8971/219/190 8972/222/190
f 8928/194/191 8927/191/191 8958/220/191 8959/223/191
f 8915/195/192 8914/192/192 8945/221/192 8946/224/192
f 9283/225/163 8941/193/163 8972/222/1524
f 8929/164/194 8928/194/194 8959/223/194 8960/226/194
f 8916/166/1334 8915/195/1334 8946/224/1334 8947/227/1334
f 8930/165/1335 8929/164/1335 8960/226/1335 8961/228/1335
f 8917/167/197 8916/166/197 8947/227/197 8948/229/197
f 8931/168/1336 8930/165/1336 8961/228/1336 8962/197/1336
f 8918/169/1337 8917/167/1337 8948/229/1337 8949/199/1337
f 8932/170/167 8931/168/167 8962/197/167 8963/198/167
f 8919/171/168 8918/169/168 8949/199/168 8950/200/168
f 8933/172/169 8932/170/169 8963/198/169 8964/201/169
f 8920/173/170 8919/171/170 8950/200/170 8951/202/170
f 8934/174/171 8933/172/171 8964/201/171 8965/203/171
f 8921/175/172 8920/173/172 8951/202/172 8952/204/172
f 8935/176/173 8934/174/173 8965/203/173 8966/205/173
f 8922/177/1340 8921/175/1340 8952/204/1340 8953/206/1340
f 8936/178/175 8935/176/175 8966/205/175 8967/207/175
f 8923/179/1341 8922/177/1341 8953/206/1341 8954/208/1341
f 8970/216/1342 8969/213/1342 9000/242/1342 9001/245/1342
f 8957/217/213 8956/214/213 8987/243/213 8988/246/213
f 8944/218/1072 8943/215/1072 8974/244/1072 8975/247/1072
f 8971/219/1597 8970/216/1597 9001/245/1597 9002/248/1597
f 8958/220/216 8957/217/216 8988/246/216 8989/249/216
f 8945/221/217 8944/218/217 8975/247/217 8976/250/217
f 8972/222/218 8971/219/218 9002/248/218 9003/251/218
f 8959/223/219 8958/220/219 8989/249/219 8990/252/219
f 8946/224/220 8945/221/220 8976/250/220 8977/253/220
f 9283/254/1598 8972/222/222 9003/251/1598
f 8960/226/223 8959/223/223 8990/252/223 8991/255/223
f 8947/227/1599 8946/224/1599 8977/253/1599 8978/256/1599
f 8961/228/1600 8960/226/1600 8991/255/1600 8992/257/1600
f 8948/229/1344 8947/227/1344 8978/256/1344 8979/258/1344
f 8962/197/1527 8961/228/1527 8992/257/1527 8993/259/1527
f 8949/199/1601 8948/229/1601 8979/258/1601 8980/260/1601
f 8963/198/229 8962/197/229 8993/259/229 8994/261/229
f 8950/200/230 8949/199/230 8980/260/230 8981/262/230
f 8964/201/1602 8963/198/1602 8994/261/1602 8995/230/1602
f 8951/202/1603 8950/200/1603 8981/262/1603 8982/232/1603
f 8965/203/200 8964/201/200 8995/230/200 8996/231/200
f 8952/204/201 8951/202/201 8982/232/201 8983/233/201
f 8966/205/1071 8965/203/1071 8996/231/1071 8997/234/1071
f 8953/206/1350 8952/204/1350 8983/233/1350 8984/235/1350
f 8967/207/204 8966/205/204 8997/234/204 8998/236/204
f 8954/208/1604 8953/206/1604 8984/235/1604 8985/237/1604
f 8968/209/206 8967/207/206 8998/236/206 8999/238/206
f 8955/210/207 8954/208/207 8985/237/207 8986/239/207
f 8942/212/180 9284/240/180 8973/241/208
f 8969/213/209 8968/209/209 8999/238/209 9000/242/209
f 8956/214/210 8955/210/210 8986/239/210 8987/243/210
f 8943/215/211 8942/212/211 8973/241/211 8974/244/211
f 9003/251/248 9002/248/248 9033/277/248 9034/280/248
f 8990/252/1605 8989/249/1605 9020/278/1605 9021/281/1605
f 8977/253/250 8976/250/250 9007/279/250 9008/282/250
f 9283/283/1598 9003/251/1598 9034/280/251
f 8991/255/252 8990/252/252 9021/281/252 9022/284/252
f 8978/256/253 8977/253/253 9008/282/253 9009/285/253
f 8992/257/1078 8991/255/1078 9022/284/1078 9023/286/1078
f 8979/258/255 8978/256/255 9009/285/255 9010/287/255
f 8993/259/256 8992/257/256 9023/286/256 9024/288/256
f 8980/260/1352 8979/258/1352 9010/287/1352 9011/289/1352
f 8994/261/258 8993/259/258 9024/288/258 9025/290/258
f 8981/262/259 8980/260/259 9011/289/259 9012/291/259
f 8995/230/1674 8994/261/1674 9025/290/1674 9026/292/1674
f 8982/232/1675 8981/262/1675 9012/291/1675 9013/293/1675
f 8996/231/262 8995/230/262 9026/292/262 9027/294/262
f 8983/233/263 8982/232/263 9013/293/263 9014/295/263
f 8997/234/264 8996/231/264 9027/294/264 9028/263/264
f 8984/235/265 8983/233/265 9014/295/265 9015/265/265
f 8998/236/233 8997/234/233 9028/263/233 9029/264/233
f 8985/237/1074 8984/235/1074 9015/265/1074 9016/266/1074
f 8999/238/1606 8998/236/1606 9029/264/1606 9030/267/1606
f 8986/239/236 8985/237/236 9016/266/236 9017/268/236
f 8973/241/1355 9284/269/1356 9004/270/1356
f 9000/242/239 8999/238/239 9030/267/239 9031/271/239
f 8987/243/1607 8986/239/1607 9017/268/1607 9018/272/1607
f 8974/244/241 8973/241/241 9004/270/241 9005/273/241
f 9001/245/242 9000/242/242 9031/271/242 9032/274/242
f 8988/246/243 8987/243/243 9018/272/243 9019/275/243
f 8975/247/244 8974/244/244 9005/273/244 9006/276/244
f 9002/248/245 9001/245/245 9032/274/245 9033/277/245
f 8989/249/246 8988/246/246 9019/275/246 9020/278/246
f 8976/250/247 8975/247/247 9006/276/247 9007/279/247
f 9023/286/1082 9022/284/1082 9053/312/1082 9054/314/1082
f 9010/287/283 9009/285/283 9040/313/283 9041/315/283
f 9024/288/284 9023/286/284 9054/314/284 9055/316/284
f 9011/289/1357 9010/287/1357 9041/315/1357 9042/317/1357
f 9025/290/286 9024/288/286 9055/316/286 9056/318/286
f 9012/291/287 9011/289/287 9042/317/287 9043/319/287
f 9026/292/288 9025/290/288 9056/318/288 9057/320/288
f 9013/293/289 9012/291/289 9043/319/289 9044/321/289
f 9027/294/290 9026/292/290 9057/320/290 9058/322/290
f 9014/295/291 9013/293/291 9044/321/291 9045/323/291
f 9028/263/292 9027/294/292 9058/322/292 9059/324/292
f 9015/265/293 9014/295/293 9045/323/293 9046/325/293
f 9029/264/294 9028/263/294 9059/324/294 9060/326/294
f 9016/266/1083 9015/265/1083 9046/325/1083 9047/327/1083
f 9030/267/1610 9029/264/1610 9060/326/1610 9061/296/1610
f 9017/268/297 9016/266/297 9047/327/297 9048/298/297
f 9004/270/1356 9284/328/1356 9035/300/1360
f 9031/271/266 9030/267/266 9061/296/266 9062/297/266
f 9018/272/1611 9017/268/1611 9048/298/1611 9049/299/1611
f 9005/273/268 9004/270/268 9035/300/268 9036/301/268
f 9032/274/269 9031/271/269 9062/297/269 9063/302/269
f 9019/275/270 9018/272/270 9049/299/270 9050/303/270
f 9006/276/271 9005/273/271 9036/301/271 9037/304/271
f 9033/277/272 9032/274/272 9063/302/272 9064/305/272
f 9020/278/273 9019/275/273 9050/303/273 9051/306/273
f 9007/279/274 9006/276/274 9037/304/274 9038/307/274
f 9034/280/275 9033/277/275 9064/305/275 9065/308/275
f 9021/281/1612 9020/278/1612 9051/306/1612 9052/309/1612
f 9008/282/277 9007/279/277 9038/307/277 9039/310/277
f 9283/311/1613 9034/280/279 9065/308/1613
f 9022/284/280 9021/281/280 9052/309/280 9053/312/280
f 9009/285/281 9008/282/281 9039/310/281 9040/313/281
f 9056/318/312 9055/316/312 9086/343/312 9087/345/312
f 9043/319/313 9042/317/313 9073/344/313 9074/346/313
f 9057/320/1614 9056/318/1614 9087/345/1614 9088/347/1614
f 9044/321/1615 9043/319/1615 9074/346/1615 9075/348/1615
f 9058/322/316 9057/320/316 9088/347/316 9089/349/316
f 9045/323/317 9044/321/317 9075/348/317 9076/350/317
f 9059/324/1085 9058/322/1085 9089/349/1085 9090/351/1085
f 9046/325/319 9045/323/319 9076/350/319 9077/352/319
f 9060/326/320 9059/324/320 9090/351/320 9091/353/320
f 9047/327/321 9046/325/321 9077/352/321 9078/354/321
f 9061/296/322 9060/326/322 9091/353/322 9092/355/322
f 9048/298/323 9047/327/323 9078/354/323 9079/356/323
f 9035/300/324 9284/357/325 9066/358/325
f 9062/297/326 9061/296/326 9092/355/326 9093/359/326
f 9049/299/327 9048/298/327 9079/356/327 9080/360/327
f 9036/301/328 9035/300/328 9066/358/328 9067/361/328
f 9063/302/1366 9062/297/1366 9093/359/1366 9094/329/1366
f 9050/303/330 9049/299/330 9080/360/330 9081/331/330
f 9037/304/1086 9036/301/1086 9067/361/1086 9068/333/1086
f 9064/305/1617 9063/302/1617 9094/329/1617 9095/330/1617
f 9051/306/300 9050/303/300 9081/331/300 9082/332/300
f 9038/307/301 9037/304/301 9068/333/301 9069/334/301
f 9065/308/302 9064/305/302 9095/330/302 9096/335/302
f 9052/309/303 9051/306/303 9082/332/303 9083/336/303
f 9039/310/304 9038/307/304 9069/334/304 9070/337/304
f 9283/338/1613 9065/308/1613 9096/335/305
f 9053/312/306 9052/309/306 9083/336/306 9084/339/306
f 9040/313/1529 9039/310/1529 9070/337/1529 9071/340/1529
f 9054/314/308 9053/312/308 9084/339/308 9085/341/308
f 9041/315/1367 9040/313/1367 9071/340/1367 9072/342/1367
f 9055/316/310 9054/314/310 9085/341/310 9086/343/310
f 9042/317/1619 9041/315/1619 9072/342/1619 9073/344/1619
f 9089/349/344 9088/347/344 9119/374/344 9120/376/344
f 9076/350/345 9075/348/345 9106/375/345 9107/377/345
f 9090/351/346 9089/349/346 9120/376/346 9121/378/346
f 9077/352/1620 9076/350/1620 9107/377/1620 9108/379/1620
f 9091/353/348 9090/351/348 9121/378/348 9122/380/348
f 9078/354/349 9077/352/349 9108/379/349 9109/381/349
f 9092/355/350 9091/353/350 9122/380/350 9123/382/350
f 9079/356/351 9078/354/351 9109/381/351 9110/383/351
f 9066/358/325 9284/384/325 9097/385/352
f 9093/359/353 9092/355/353 9123/382/353 9124/386/353
f 9080/360/354 9079/356/354 9110/383/354 9111/387/354
f 9067/361/355 9066/358/355 9097/385/355 9098/388/355
f 9094/329/1676 9093/359/1676 9124/386/1676 9125/389/1676
f 9081/331/1622 9080/360/1622 9111/387/1622 9112/390/1622
f 9068/333/1623 9067/361/1623 9098/388/1623 9099/391/1623
f 9095/330/1624 9094/329/1624 9125/389/1624 9126/392/1624
f 9082/332/1625 9081/331/1625 9112/390/1625 9113/393/1625
f 9069/334/361 9068/333/361 9099/391/361 9100/394/361
f 9096/335/362 9095/330/362 9126/392/362 9127/363/362
f 9083/336/363 9082/332/363 9113/393/363 9114/364/363
f 9070/337/364 9069/334/364 9100/394/364 9101/366/364
f 9283/362/332 9096/335/1374 9127/363/332
f 9084/339/334 9083/336/334 9114/364/334 9115/365/334
f 9071/340/335 9070/337/335 9101/366/335 9102/367/335
f 9085/341/336 9084/339/336 9115/365/336 9116/368/336
f 9072/342/337 9071/340/337 9102/367/337 9103/369/337
f 9086/343/1626 9085/341/1626 9116/368/1626 9117/370/1626
f 9073/344/1377 9072/342/1377 9103/369/1377 9104/371/1377
f 9087/345/340 9086/343/340 9117/370/340 9118/372/340
f 9074/346/341 9073/344/341 9104/371/341 9105/373/341
f 9088/347/342 9087/345/342 9118/372/342 9119/374/342
f 9075/348/343 9074/346/343 9105/373/343 9106/375/343
f 9122/380/375 9121/378/375 9152/405/375 9153/407/375
f 9109/381/376 9108/379/376 9139/406/376 9140/408/376
f 9123/382/377 9122/380/377 9153/407/377 9154/409/377
f 9110/383/1677 9109/381/1677 9140/408/1677 9141/410/1677
f 9097/385/379 9284/411/380 9128/412/380
f 9124/386/381 9123/382/381 9154/409/381 9155/413/381
f 9111/387/382 9110/383/382 9141/410/382 9142/414/382
f 9098/388/383 9097/385/383 9128/412/383 9129/415/383
f 9125/389/384 9124/386/384 9155/413/384 9156/416/384
f 9112/390/385 9111/387/385 9142/414/385 9143/417/385
f 9099/391/386 9098/388/386 9129/415/386 9130/418/386
f 9126/392/387 9125/389/387 9156/416/387 9157/419/387
f 9113/393/388 9112/390/388 9143/417/388 9144/420/388
f 9100/394/1380 9099/391/1380 9130/418/1380 9131/421/1380
f 9127/363/390 9126/392/390 9157/419/390 9158/422/390
f 9114/364/391 9113/393/391 9144/420/391 9145/423/391
f 9101/366/392 9100/394/392 9131/421/392 9132/424/392
f 9283/425/332 9127/363/332 9158/422/393
f 9115/365/1678 9114/364/1678 9145/423/1678 9146/426/1678
f 9102/367/395 9101/366/395 9132/424/395 9133/427/395
f 9116/368/396 9115/365/396 9146/426/396 9147/395/396
f 9103/369/397 9102/367/397 9133/427/397 9134/397/397
f 9117/370/365 9116/368/365 9147/395/365 9148/396/365
f 9104/371/1384 9103/369/1384 9134/397/1384 9135/398/1384
f 9118/372/367 9117/370/367 9148/396/367 9149/399/367
f 9105/373/368 9104/371/368 9135/398/368 9136/400/368
f 9119/374/369 9118/372/369 9149/399/369 9150/401/369
f 9106/375/370 9105/373/370 9136/400/370 9137/402/370
f 9120/376/371 9119/374/371 9150/401/371 9151/403/371
f 9107/377/372 9106/375/372 9137/402/372 9138/404/372
f 9121/378/373 9120/376/373 9151/403/373 9152/405/373
f 9108/379/374 9107/377/374 9138/404/374 9139/406/374
f 9128/412/380 9284/440/380 9159/441/408
f 9155/413/409 9154/409/409 9185/438/409 9186/442/409
f 9142/414/410 9141/410/410 9172/439/410 9173/443/410
f 9129/415/411 9128/412/411 9159/441/411 9160/444/411
f 9156/416/412 9155/413/412 9186/442/412 9187/445/412
f 9143/417/413 9142/414/413 9173/443/413 9174/446/413
f 9130/418/414 9129/415/414 9160/444/414 9161/447/414
f 9157/419/415 9156/416/415 9187/445/415 9188/448/415
f 9144/420/416 9143/417/416 9174/446/416 9175/449/416
f 9131/421/1387 9130/418/1387 9161/447/1387 9162/450/1387
f 9158/422/418 9157/419/418 9188/448/418 9189/451/418
f 9145/423/419 9144/420/419 9175/449/419 9176/452/419
f 9132/424/420 9131/421/420 9162/450/420 9163/453/420
f 9283/454/421 9158/422/422 9189/451/421
f 9146/426/423 9145/423/423 9176/452/423 9177/455/423
f 9133/427/424 9132/424/424 9163/453/424 9164/456/424
f 9147/395/425 9146/426/425 9177/455/425 9178/457/425
f 9134/397/426 9133/427/426 9164/456/426 9165/458/426
f 9148/396/427 9147/395/427 9178/457/427 9179/459/427
f 9135/398/1627 9134/397/1627 9165/458/1627 9166/460/1627
f 9149/399/429 9148/396/429 9179/459/429 9180/428/429
f 9136/400/430 9135/398/430 9166/460/430 9167/430/430
f 9150/401/398 9149/399/398 9180/428/398 9181/429/398
f 9137/402/399 9136/400/399 9167/430/399 9168/431/399
f 9151/403/400 9150/401/400 9181/429/400 9182/432/400
f 9138/404/401 9137/402/401 9168/431/401 9169/433/401
f 9152/405/402 9151/403/402 9182/432/402 9183/434/402
f 9139/406/403 9138/404/403 9169/433/403 9170/435/403
f 9153/407/404 9152/405/404 9183/434/404 9184/436/404
f 9140/408/405 9139/406/405 9170/435/405 9171/437/405
f 9154/409/406 9153/407/406 9184/436/406 9185/438/406
f 9141/410/407 9140/408/407 9171/437/407 9172/439/407
f 9161/447/1679 9160/444/1679 9191/473/1679 9192/476/1679
f 9188/448/1680 9187/445/1680 9218/474/1680 9219/477/1680
f 9175/449/446 9174/446/446 9205/475/446 9206/478/446
f 9162/450/447 9161/447/447 9192/476/447 9193/479/447
f 9189/451/448 9188/448/448 9219/477/448 9220/480/448
f 9176/452/449 9175/449/449 9206/478/449 9207/481/449
f 9163/453/450 9162/450/450 9193/479/450 9194/482/450
f 9283/483/421 9189/451/421 9220/480/1390
f 9177/455/452 9176/452/452 9207/481/452 9208/484/452
f 9164/456/453 9163/453/453 9194/482/453 9195/485/453
f 9178/457/454 9177/455/454 9208/484/454 9209/486/454
f 9165/458/455 9164/456/455 9195/485/455 9196/487/455
f 9179/459/1392 9178/457/1392 9209/486/1392 9210/488/1392
f 9166/460/1628 9165/458/1628 9196/487/1628 9197/489/1628
f 9180/428/458 9179/459/458 9210/488/458 9211/490/458
f 9167/430/459 9166/460/459 9197/489/459 9198/491/459
f 9181/429/460 9180/428/460 9211/490/460 9212/492/460
f 9168/431/461 9167/430/461 9198/491/461 9199/493/461
f 9182/432/462 9181/429/462 9212/492/462 9213/461/462
f 9169/433/463 9168/431/463 9199/493/463 9200/463/463
f 9183/434/431 9182/432/431 9213/461/431 9214/462/431
f 9170/435/1394 9169/433/1394 9200/463/1394 9201/464/1394
f 9184/436/433 9183/434/433 9214/462/433 9215/465/433
f 9171/437/434 9170/435/434 9201/464/434 9202/466/434
f 9185/438/435 9184/436/435 9215/465/435 9216/467/435
f 9172/439/436 9171/437/436 9202/466/436 9203/468/436
f 9159/441/437 9284/469/438 9190/470/438
f 9186/442/439 9185/438/439 9216/467/439 9217/471/439
f 9173/443/440 9172/439/440 9203/468/440 9204/472/440
f 9160/444/441 9159/441/441 9190/470/441 9191/473/441
f 9187/445/442 9186/442/442 9217/471/442 9218/474/442
f 9174/446/443 9173/443/443 9204/472/443 9205/475/443
f 9194/482/478 9193/479/478 9224/508/478 9225/511/478
f 9283/512/1397 9220/480/480 9251/509/1397
f 9208/484/481 9207/481/481 9238/510/481 9239/513/481
f 9195/485/482 9194/482/482 9225/511/482 9226/514/482
f 9209/486/1398 9208/484/1398 9239/513/1398 9240/515/1398
f 9196/487/484 9195/485/484 9226/514/484 9227/516/484
f 9210/488/485 9209/486/485 9240/515/485 9241/517/485
f 9197/489/1681 9196/487/1681 9227/516/1681 9228/518/1681
f 9211/490/487 9210/488/487 9241/517/487 9242/519/487
f 9198/491/488 9197/489/488 9228/518/488 9229/520/488
f 9212/492/489 9211/490/489 9242/519/489 9243/521/489
f 9199/493/490 9198/491/490 9229/520/490 9230/522/490
f 9213/461/491 9212/492/491 9243/521/491 9244/523/491
f 9200/463/492 9199/493/492 9230/522/492 9231/524/492
f 9214/462/1097 9213/461/1097 9244/523/1097 9245/525/1097
f 9201/464/494 9200/463/494 9231/524/494 9232/526/494
f 9215/465/495 9214/462/495 9245/525/495 9246/494/495
f 9202/466/1400 9201/464/1400 9232/526/1400 9233/496/1400
f 9216/467/464 9215/465/464 9246/494/464 9247/495/464
f 9203/468/465 9202/466/465 9233/496/465 9234/497/465
f 9190/470/438 9284/498/438 9221/499/466
f 9217/471/467 9216/467/467 9247/495/467 9248/500/467
f 9204/472/468 9203/468/468 9234/497/468 9235/501/468
f 9191/473/469 9190/470/469 9221/499/469 9222/502/469
f 9218/474/1401 9217/471/1401 9248/500/1401 9249/503/1401
f 9205/475/1402 9204/472/1402 9235/501/1402 9236/504/1402
f 9192/476/1403 9191/473/1403 9222/502/1403 9223/505/1403
f 9219/477/1404 9218/474/1404 9249/503/1404 9250/506/1404
f 9206/478/1405 9205/475/1405 9236/504/1405 9237/507/1405
f 9193/479/475 9192/476/475 9223/505/475 9224/508/475
f 9220/480/476 9219/477/476 9250/506/476 9251/509/476
f 9207/481/477 9206/478/477 9237/507/477 9238/510/477
f 9227/516/511 9226/514/511 9257/542/511 9258/544/511
f 9241/517/512 9240/515/512 9271/543/512 9272/545/512
f 9228/518/1406 9227/516/1406 9258/544/1406 9259/546/1406
f 9242/519/514 9241/517/514 9272/545/514 9273/547/514
f 9229/520/515 9228/518/515 9259/546/515 9260/548/515
f 9243/521/516 9242/519/516 9273/547/516 9274/549/516
f 9230/522/517 9229/520/517 9260/548/517 9261/550/517
f 9244/523/518 9243/521/518 9274/549/518 9275/551/518
f 9231/524/519 9230/522/519 9261/550/519 9262/552/519
f 9245/525/520 9244/523/520 9275/551/520 9276/553/520
f 9232/526/521 9231/524/521 9262/552/521 9263/554/521
f 9246/494/522 9245/525/522 9276/553/522 9277/555/522
f 9233/496/523 9232/526/523 9263/554/523 9264/556/523
f 9247/495/1407 9246/494/1407 9277/555/1407 9278/557/1407
f 9234/497/525 9233/496/525 9264/556/525 9265/558/525
f 9221/499/1408 9284/559/1409 9252/527/1409
f 9248/500/528 9247/495/528 9278/557/528 9279/529/528
f 9235/501/529 9234/497/529 9265/558/529 9266/531/529
f 9222/502/497 9221/499/497 9252/527/497 9253/528/497
f 9249/503/1410 9248/500/1410 9279/529/1410 9280/530/1410
f 9236/504/499 9235/501/499 9266/531/499 9267/532/499
f 9223/505/500 9222/502/500 9253/528/500 9254/533/500
f 9250/506/501 9249/503/501 9280/530/501 9281/534/501
f 9237/507/1412 9236/504/1412 9267/532/1412 9268/535/1412
f 9224/508/503 9223/505/503 9254/533/503 9255/536/503
f 9251/509/504 9250/506/504 9281/534/504 9282/537/504
f 9238/510/505 9237/507/505 9268/535/505 9269/538/505
f 9225/511/506 9224/508/506 9255/536/506 9256/539/506
f 9283/540/1397 9251/509/1397 9282/537/507
f 9239/513/508 9238/510/508 9269/538/508 9270/541/508
f 9226/514/1413 9225/511/1413 9256/539/1413 9257/542/1413
f 9240/515/510 9239/513/510 9270/541/510 9271/543/510
f 9260/548/543 9259/546/543 9292/573/543 9293/575/543
f 9274/549/544 9273/547/544 9306/574/544 9307/576/544
f 9261/550/545 9260/548/545 9293/575/545 9294/577/545
f 9275/551/546 9274/549/546 9307/576/546 9308/578/546
f 9262/552/547 9261/550/547 9294/577/547 9295/579/547
f 9276/553/548 9275/551/548 9308/578/548 9309/580/548
f 9263/554/549 9262/552/549 9295/579/549 9296/581/549
f 9277/555/550 9276/553/550 9309/580/550 9310/582/550
f 9264/556/551 9263/554/551 9296/581/551 9297/583/551
f 9278/557/1414 9277/555/1414 9310/582/1414 9311/584/1414
f 9265/558/553 9264/556/553 9297/583/553 9298/585/553
f 9252/527/1409 9284/586/1409 9285/587/1415
f 9279/529/555 9278/557/555 9311/584/555 9312/588/555
f 9266/531/556 9265/558/556 9298/585/556 9299/589/556
f 9253/528/557 9252/527/557 9285/587/557 9286/590/557
f 9280/530/1416 9279/529/1416 9312/588/1416 9313/591/1416
f 9267/532/559 9266/531/559 9299/589/559 9300/592/559
f 9254/533/560 9253/528/560 9286/590/560 9287/560/560
f 9281/534/561 9280/530/561 9313/591/561 9314/562/561
f 9268/535/562 9267/532/562 9300/592/562 9301/564/562
f 9255/536/530 9254/533/530 9287/560/530 9288/561/530
f 9282/537/531 9281/534/531 9314/562/531 9315/563/531
f 9269/538/532 9268/535/532 9301/564/532 9302/565/532
f 9256/539/533 9255/536/533 9288/561/533 9289/566/533
f 9283/567/1417 9282/537/535 9315/563/1417
f 9270/541/536 9269/538/536 9302/565/536 9303/568/536
f 9257/542/1418 9256/539/1418 9289/566/1418 9290/569/1418
f 9271/543/538 9270/541/538 9303/568/538 9304/570/538
f 9258/544/539 9257/542/539 9290/569/539 9291/571/539
f 9272/545/540 9271/543/540 9304/570/540 9305/572/540
f 9259/546/1419 9258/544/1419 9291/571/1419 9292/573/1419
f 9273/547/542 9272/545/542 9305/572/542 9306/574/542
f 9295/579/573 9294/577/573 9325/603/573 9326/605/573
f 9309/580/574 9308/578/574 9339/604/574 9340/606/574
f 9296/581/1633 9295/579/1633 9326/605/1633 9327/607/1633
f 9310/582/576 9309/580/576 9340/606/576 9341/608/576
f 9297/583/1420 9296/581/1420 9327/607/1420 9328/609/1420
f 9311/584/578 9310/582/578 9341/608/578 9342/610/578
f 9298/585/579 9297/583/579 9328/609/579 9329/611/579
f 9285/587/580 9284/612/581 9316/613/581
f 9312/588/582 9311/584/582 9342/610/582 9343/614/582
f 9299/589/583 9298/585/583 9329/611/583 9330/615/583
f 9286/590/584 9285/587/584 9316/613/584 9317/616/584
f 9313/591/1421 9312/588/1421 9343/614/1421 9344/617/1421
f 9300/592/586 9299/589/586 9330/615/586 9331/618/586
f 9287/560/1422 9286/590/1422 9317/616/1422 9318/619/1422
f 9314/562/1423 9313/591/1423 9344/617/1423 9345/620/1423
f 9301/564/589 9300/592/589 9331/618/589 9332/621/589
f 9288/561/590 9287/560/590 9318/619/590 9319/622/590
f 9315/563/591 9314/562/591 9345/620/591 9346/623/591
f 9302/565/592 9301/564/592 9332/621/592 9333/624/592
f 9289/566/593 9288/561/593 9319/622/593 9320/593/593
f 9283/625/1417 9315/563/1417 9346/623/594
f 9303/568/595 9302/565/595 9333/624/595 9334/595/595
f 9290/569/1634 9289/566/1634 9320/593/1634 9321/594/1634
f 9304/570/1424 9303/568/1424 9334/595/1424 9335/596/1424
f 9291/571/1549 9290/569/1549 9321/594/1549 9322/597/1549
f 9305/572/1635 9304/570/1635 9335/596/1635 9336/598/1635
f 9292/573/1425 9291/571/1425 9322/597/1425 9323/599/1425
f 9306/574/568 9305/572/568 9336/598/568 9337/600/568
f 9293/575/569 9292/573/569 9323/599/569 9324/601/569
f 9307/576/570 9306/574/570 9337/600/570 9338/602/570
f 9294/577/571 9293/575/571 9324/601/571 9325/603/571
f 9308/578/572 9307/576/572 9338/602/572 9339/604/572
f 9328/609/606 9327/607/606 9358/636/606 9359/638/606
f 9342/610/607 9341/608/607 9372/637/607 9373/639/607
f 9329/611/608 9328/609/608 9359/638/608 9360/640/608
f 9316/613/581 9284/641/581 9347/642/609
f 9343/614/610 9342/610/610 9373/639/610 9374/643/610
f 9330/615/611 9329/611/611 9360/640/611 9361/644/611
f 9317/616/612 9316/613/612 9347/642/612 9348/645/612
f 9344/617/613 9343/614/613 9374/643/613 9375/646/613
f 9331/618/1426 9330/615/1426 9361/644/1426 9362/647/1426
f 9318/619/1427 9317/616/1427 9348/645/1427 9349/648/1427
f 9345/620/1428 9344/617/1428 9375/646/1428 9376/649/1428
f 9332/621/1429 9331/618/1429 9362/647/1429 9363/650/1429
f 9319/622/618 9318/619/618 9349/648/618 9350/651/618
f 9346/623/619 9345/620/619 9376/649/619 9377/652/619
f 9333/624/620 9332/621/620 9363/650/620 9364/653/620
f 9320/593/621 9319/622/621 9350/651/621 9351/654/621
f 9283/655/622 9346/623/1430 9377/652/622
f 9334/595/624 9333/624/624 9364/653/624 9365/656/624
f 9321/594/625 9320/593/625 9351/654/625 9352/657/625
f 9335/596/626 9334/595/626 9365/656/626 9366/658/626
f 9322/597/627 9321/594/627 9352/657/627 9353/626/627
f 9336/598/1431 9335/596/1431 9366/658/1431 9367/628/1431
f 9323/599/1432 9322/597/1432 9353/626/1432 9354/627/1432
f 9337/600/597 9336/598/597 9367/628/597 9368/629/597
f 9324/601/598 9323/599/598 9354/627/598 9355/630/598
f 9338/602/1101 9337/600/1101 9368/629/1101 9369/631/1101
f 9325/603/1102 9324/601/1102 9355/630/1102 9356/632/1102
f 9339/604/601 9338/602/601 9369/631/601 9370/633/601
f 9326/605/602 9325/603/602 9356/632/602 9357/634/602
f 9340/606/603 9339/604/603 9370/633/603 9371/635/603
f 9327/607/1433 9326/605/1433 9357/634/1433 9358/636/1433
f 9341/608/605 9340/606/605 9371/635/605 9372/637/605
f 9361/644/641 9360/640/641 9391/669/641 9392/673/641
f 9348/645/642 9347/642/642 9378/671/642 9379/674/642
f 9375/646/643 9374/643/643 9405/672/643 9406/675/643
f 9362/647/1434 9361/644/1434 9392/673/1434 9393/676/1434
f 9349/648/645 9348/645/645 9379/674/645 9380/677/645
f 9376/649/646 9375/646/646 9406/675/646 9407/678/646
f 9363/650/1435 9362/647/1435 9393/676/1435 9394/679/1435
f 9350/651/648 9349/648/648 9380/677/648 9381/680/648
f 9377/652/649 9376/649/649 9407/678/649 9408/681/649
f 9364/653/650 9363/650/650 9394/679/650 9395/682/650
f 9351/654/651 9350/651/651 9381/680/651 9382/683/651
f 9283/684/622 9377/652/622 9408/681/652
f 9365/656/1637 9364/653/1637 9395/682/1637 9396/685/1637
f 9352/657/654 9351/654/654 9382/683/654 9383/686/654
f 9366/658/655 9365/656/655 9396/685/655 9397/687/655
f 9353/626/656 9352/657/656 9383/686/656 9384/688/656
f 9367/628/657 9366/658/657 9397/687/657 9398/689/657
f 9354/627/658 9353/626/658 9384/688/658 9385/690/658
f 9368/629/659 9367/628/659 9398/689/659 9399/691/659
f 9355/630/660 9354/627/660 9385/690/660 9386/659/660
f 9369/631/1107 9368/629/1107 9399/691/1107 9400/661/1107
f 9356/632/1105 9355/630/1105 9386/659/1105 9387/660/1105
f 9370/633/630 9369/631/630 9400/661/630 9401/662/630
f 9357/634/631 9356/632/631 9387/660/631 9388/663/631
f 9371/635/632 9370/633/632 9401/662/632 9402/664/632
f 9358/636/633 9357/634/633 9388/663/633 9389/665/633
f 9372/637/634 9371/635/634 9402/664/634 9403/666/634
f 9359/638/635 9358/636/635 9389/665/635 9390/667/635
f 9373/639/636 9372/637/636 9403/666/636 9404/668/636
f 9360/640/1638 9359/638/1638 9390/667/1638 9391/669/1638
f 9347/642/638 9284/670/639 9378/671/639
f 9374/643/640 9373/639/640 9404/668/640 9405/672/640
f 9394/679/675 9393/676/675 9424/705/675 9425/708/675
f 9381/680/1438 9380/677/1438 9411/706/1438 9412/709/1438
f 9408/681/677 9407/678/677 9438/707/677 9439/710/677
f 9395/682/678 9394/679/678 9425/708/678 9426/711/678
f 9382/683/679 9381/680/679 9412/709/679 9413/712/679
f 9283/713/680 9408/681/681 9439/710/680
f 9396/685/1639 9395/682/1639 9426/711/1639 9427/714/1639
f 9383/686/683 9382/683/683 9413/712/683 9414/715/683
f 9397/687/1110 9396/685/1110 9427/714/1110 9428/716/1110
f 9384/688/685 9383/686/685 9414/715/685 9415/717/685
f 9398/689/686 9397/687/686 9428/716/686 9429/718/686
f 9385/690/1439 9384/688/1439 9415/717/1439 9416/719/1439
f 9399/691/688 9398/689/688 9429/718/688 9430/720/688
f 9386/659/689 9385/690/689 9416/719/689 9417/721/689
f 9400/661/1111 9399/691/1111 9430/720/1111 9431/722/1111
f 9387/660/691 9386/659/691 9417/721/691 9418/723/691
f 9401/662/692 9400/661/692 9431/722/692 9432/724/692
f 9388/663/693 9387/660/693 9418/723/693 9419/692/693
f 9402/664/694 9401/662/694 9432/724/694 9433/694/694
f 9389/665/662 9388/663/662 9419/692/662 9420/693/662
f 9403/666/663 9402/664/663 9433/694/663 9434/695/663
f 9390/667/1108 9389/665/1108 9420/693/1108 9421/696/1108
f 9404/668/665 9403/666/665 9434/695/665 9435/697/665
f 9391/669/1641 9390/667/1641 9421/696/1641 9422/698/1641
f 9378/671/639 9284/699/639 9409/700/667
f 9405/672/668 9404/668/668 9435/697/668 9436/701/668
f 9392/673/669 9391/669/669 9422/698/669 9423/702/669
f 9379/674/670 9378/671/670 9409/700/670 9410/703/670
f 9406/675/671 9405/672/671 9436/701/671 9437/704/671
f 9393/676/672 9392/673/672 9423/702/672 9424/705/672
f 9380/677/673 9379/674/673 9410/703/673 9411/706/673
f 9407/678/674 9406/675/674 9437/704/674 9438/707/674
f 9427/714/711 9426/711/711 9457/740/711 9458/743/711
f 9414/715/712 9413/712/712 9444/741/712 9445/744/712
f 9428/716/713 9427/714/713 9458/743/713 9459/745/713
f 9415/717/714 9414/715/714 9445/744/714 9446/746/714
f 9429/718/1643 9428/716/1643 9459/745/1643 9460/747/1643
f 9416/719/1440 9415/717/1440 9446/746/1440 9447/748/1440
f 9430/720/717 9429/718/717 9460/747/717 9461/749/717
f 9417/721/718 9416/719/718 9447/748/718 9448/750/718
f 9431/722/1644 9430/720/1644 9461/749/1644 9462/751/1644
f 9418/723/1645 9417/721/1645 9448/750/1645 9449/752/1645
f 9432/724/721 9431/722/721 9462/751/721 9463/753/721
f 9419/692/722 9418/723/722 9449/752/722 9450/754/722
f 9433/694/723 9432/724/723 9463/753/723 9464/755/723
f 9420/693/1646 9419/692/1646 9450/754/1646 9451/756/1646
f 9434/695/725 9433/694/725 9464/755/725 9465/757/725
f 9421/696/726 9420/693/726 9451/756/726 9452/725/726
f 9435/697/727 9434/695/727 9465/757/727 9466/729/727
f 9422/698/695 9421/696/695 9452/725/695 9453/726/695
f 9409/700/696 9284/727/697 9440/728/697
f 9436/701/698 9435/697/698 9466/729/698 9467/730/698
f 9423/702/699 9422/698/699 9453/726/699 9454/731/699
f 9410/703/700 9409/700/700 9440/728/700 9441/732/700
f 9437/704/701 9436/701/701 9467/730/701 9468/733/701
f 9424/705/702 9423/702/702 9454/731/702 9455/734/702
f 9411/706/703 9410/703/703 9441/732/703 9442/735/703
f 9438/707/704 9437/704/704 9468/733/704 9469/736/704
f 9425/708/705 9424/705/705 9455/734/705 9456/737/705
f 9412/709/706 9411/706/706 9442/735/706 9443/738/706
f 9439/710/707 9438/707/707 9469/736/707 9470/739/707
f 9426/711/708 9425/708/708 9456/737/708 9457/740/708
f 9413/712/709 9412/709/709 9443/738/709 9444/741/709
f 9283/742/680 9439/710/680 9470/739/1446
f 9460/747/742 9459/745/742 9490/772/742 9491/774/742
f 9447/748/1447 9446/746/1447 9477/773/1447 9478/775/1447
f 9461/749/744 9460/747/744 9491/774/744 9492/776/744
f 9448/750/745 9447/748/745 9478/775/745 9479/777/745
f 9462/751/1649 9461/749/1649 9492/776/1649 9493/778/1649
f 9449/752/1650 9448/750/1650 9479/777/1650 9480/779/1650
f 9463/753/748 9462/751/748 9493/778/748 9494/780/748
f 9450/754/749 9449/752/749 9480/779/749 9481/781/749
f 9464/755/1120 9463/753/1120 9494/780/1120 9495/782/1120
f 9451/756/751 9450/754/751 9481/781/751 9482/783/751
f 9465/757/752 9464/755/752 9495/782/752 9496/784/752
f 9452/725/1121 9451/756/1121 9482/783/1121 9483/785/1121
f 9466/729/754 9465/757/754 9496/784/754 9497/786/754
f 9453/726/755 9452/725/755 9483/785/755 9484/787/755
f 9440/728/697 9284/788/697 9471/789/756
f 9467/730/757 9466/729/757 9497/786/757 9498/790/757
f 9454/731/758 9453/726/758 9484/787/758 9485/758/758
f 9441/732/759 9440/728/759 9471/789/759 9472/760/759
f 9468/733/1450 9467/730/1450 9498/790/1450 9499/762/1450
f 9455/734/728 9454/731/728 9485/758/728 9486/759/728
f 9442/735/1117 9441/732/1117 9472/760/1117 9473/761/1117
f 9469/736/1118 9468/733/1118 9499/762/1118 9500/763/1118
f 9456/737/731 9455/734/731 9486/759/731 9487/764/731
f 9443/738/732 9442/735/732 9473/761/732 9474/765/732
f 9470/739/733 9469/736/733 9500/763/733 9501/766/733
f 9457/740/734 9456/737/734 9487/764/734 9488/767/734
f 9444/741/735 9443/738/735 9474/765/735 9475/768/735
f 9283/769/736 9470/739/737 9501/766/736
f 9458/743/738 9457/740/738 9488/767/738 9489/770/738
f 9445/744/739 9444/741/739 9475/768/739 9476/771/739
f 9459/745/1119 9458/743/1119 9489/770/1119 9490/772/1119
f 9446/746/1651 9445/744/1651 9476/771/1651 9477/773/1651
f 9493/778/1123 9492/776/1123 9523/803/1123 9524/805/1123
f 9480/779/1124 9479/777/1124 9510/804/1124 9511/806/1124
f 9494/780/774 9493/778/774 9524/805/774 9525/807/774
f 9481/781/775 9480/779/775 9511/806/775 9512/808/775
f 9495/782/776 9494/780/776 9525/807/776 9526/809/776
f 9482/783/777 9481/781/777 9512/808/777 9513/810/777
f 9496/784/778 9495/782/778 9526/809/778 9527/811/778
f 9483/785/779 9482/783/779 9513/810/779 9514/812/779
f 9497/786/780 9496/784/780 9527/811/780 9528/813/780
f 9484/787/781 9483/785/781 9514/812/781 9515/814/781
f 9471/789/1454 9284/815/1455 9502/816/1455
f 9498/790/784 9497/786/784 9528/813/784 9529/817/784
f 9485/758/785 9484/787/785 9515/814/785 9516/818/785
f 9472/760/786 9471/789/786 9502/816/786 9503/819/786
f 9499/762/787 9498/790/787 9529/817/787 9530/820/787
f 9486/759/788 9485/758/788 9516/818/788 9517/821/788
f 9473/761/789 9472/760/789 9503/819/789 9504/822/789
f 9500/763/790 9499/762/790 9530/820/790 9531/823/790
f 9487/764/1652 9486/759/1652 9517/821/1652 9518/791/1652
f 9474/765/792 9473/761/792 9504/822/792 9505/793/792
f 9501/766/793 9500/763/793 9531/823/793 9532/796/793
f 9488/767/761 9487/764/761 9518/791/761 9519/792/761
f 9475/768/762 9474/765/762 9505/793/762 9506/794/762
f 9283/795/736 9501/766/736 9532/796/763
f 9489/770/764 9488/767/764 9519/792/764 9520/797/764
f 9476/771/1653 9475/768/1653 9506/794/1653 9507/798/1653
f 9490/772/766 9489/770/766 9520/797/766 9521/799/766
f 9477/773/767 9476/771/767 9507/798/767 9508/800/767
f 9491/774/768 9490/772/768 9521/799/768 9522/801/768
f 9478/775/769 9477/773/769 9508/800/769 9509/802/769
f 9492/776/770 9491/774/770 9522/801/770 9523/803/770
f 9479/777/771 9478/775/771 9509/802/771 9510/804/771
f 9526/848/804 9525/844/804 9556/845/804 9557/849/804
f 9513/850/805 9512/846/805 9543/847/805 9544/851/805
f 9527/852/806 9526/848/806 9557/849/806 9558/853/806
f 9514/854/807 9513/850/807 9544/851/807 9545/855/807
f 9528/856/808 9527/852/808 9558/853/808 9559/857/808
f 9515/858/809 9514/854/809 9545/855/809 9546/859/809
f 9502/860/1455 9284/861/1455 9533/862/1462
f 9529/863/811 9528/856/811 9559/857/811 9560/864/811
f 9516/865/812 9515/858/812 9546/859/812 9547/866/812
f 9503/867/813 9502/860/813 9533/862/813 9534/868/813
f 9530/869/814 9529/863/814 9560/864/814 9561/870/814
f 9517/871/1682 9516/865/1682 9547/866/1682 9548/872/1682
f 9504/873/816 9503/867/816 9534/868/816 9535/874/816
f 9531/875/817 9530/869/817 9561/870/817 9562/876/817
f 9518/877/1655 9517/871/1655 9548/872/1655 9549/878/1655
f 9505/879/819 9504/873/819 9535/874/819 9536/880/819
f 9532/881/820 9531/875/820 9562/876/820 9563/882/820
f 9519/883/821 9518/877/821 9549/878/821 9550/884/821
f 9506/885/822 9505/879/822 9536/880/822 9537/886/822
f 9283/887/823 9532/881/824 9563/882/823
f 9520/825/825 9519/883/825 9550/884/825 9551/826/825
f 9507/829/1656 9506/885/1656 9537/886/1656 9538/830/1656
f 9521/824/794 9520/825/794 9551/826/794 9552/827/794
f 9508/828/795 9507/829/795 9538/830/795 9539/831/795
f 9522/832/796 9521/824/796 9552/827/796 9553/833/796
f 9509/834/797 9508/828/797 9539/831/797 9540/835/797
f 9523/836/798 9522/832/798 9553/833/798 9554/837/798
f 9510/838/799 9509/834/799 9540/835/799 9541/839/799
f 9524/840/800 9523/836/800 9554/837/800 9555/841/800
f 9511/842/801 9510/838/801 9541/839/801 9542/843/801
f 9525/844/802 9524/840/802 9555/841/802 9556/845/802
f 9512/846/803 9511/842/803 9542/843/803 9543/847/803
f 9559/857/837 9558/853/837 9589/898/837 9590/900/837
f 9546/859/838 9545/855/838 9576/899/838 9577/901/838
f 9533/862/839 9284/902/840 9564/903/840
f 9560/864/841 9559/857/841 9590/900/841 9591/904/841
f 9547/866/842 9546/859/842 9577/901/842 9578/905/842
f 9534/868/843 9533/862/843 9564/903/843 9565/906/843
f 9561/870/1468 9560/864/1468 9591/904/1468 9592/907/1468
f 9548/872/845 9547/866/845 9578/905/845 9579/908/845
f 9535/874/1136 9534/868/1136 9565/906/1136 9566/909/1136
f 9562/876/1137 9561/870/1137 9592/907/1137 9593/910/1137
f 9549/878/848 9548/872/848 9579/908/848 9580/911/848
f 9536/880/849 9535/874/849 9566/909/849 9567/912/849
f 9563/882/850 9562/876/850 9593/910/850 9594/913/850
f 9550/884/851 9549/878/851 9580/911/851 9581/914/851
f 9537/886/852 9536/880/852 9567/912/852 9568/915/852
f 9283/916/823 9563/882/823 9594/913/853
f 9551/826/854 9550/884/854 9581/914/854 9582/917/854
f 9538/830/1683 9537/886/1683 9568/915/1683 9569/918/1683
f 9552/827/1563 9551/826/1563 9582/917/1563 9583/919/1563
f 9539/831/1657 9538/830/1657 9569/918/1657 9570/920/1657
f 9553/833/1471 9552/827/1471 9583/919/1471 9584/888/1471
f 9540/835/859 9539/831/859 9570/920/859 9571/890/859
f 9554/837/827 9553/833/827 9584/888/827 9585/889/827
f 9541/839/828 9540/835/828 9571/890/828 9572/891/828
f 9555/841/829 9554/837/829 9585/889/829 9586/892/829
f 9542/843/830 9541/839/830 9572/891/830 9573/893/830
f 9556/845/831 9555/841/831 9586/892/831 9587/894/831
f 9543/847/832 9542/843/832 9573/893/832 9574/895/832
f 9557/849/1134 9556/845/1134 9587/894/1134 9588/896/1134
f 9544/851/1474 9543/847/1474 9574/895/1474 9575/897/1474
f 9558/853/835 9557/849/835 9588/896/835 9589/898/835
f 9545/855/1135 9544/851/1135 9575/897/1135 9576/899/1135
f 9589/898/888 9588/896/888 9619/949/888 9620/951/888
f 9576/899/889 9575/897/889 9606/950/889 9607/952/889
f 9590/900/890 9589/898/890 9620/951/890 9621/921/890
f 9577/901/891 9576/899/891 9607/952/891 9608/923/891
f 9564/903/840 9284/953/840 9595/925/892
f 9591/904/860 9590/900/860 9621/921/860 9622/922/860
f 9578/905/1684 9577/901/1684 9608/923/1684 9609/924/1684
f 9565/906/862 9564/903/862 9595/925/862 9596/926/862
f 9592/907/863 9591/904/863 9622/922/863 9623/927/863
f 9579/908/864 9578/905/864 9609/924/864 9610/928/864
f 9566/909/1685 9565/906/1685 9596/926/1685 9597/929/1685
f 9593/910/1686 9592/907/1686 9623/927/1686 9624/930/1686
f 9580/911/867 9579/908/867 9610/928/867 9611/931/867
f 9567/912/868 9566/909/868 9597/929/868 9598/932/868
f 9594/913/869 9593/910/869 9624/930/869 9625/933/869
f 9581/914/1687 9580/911/1687 9611/931/1687 9612/934/1687
f 9568/915/871 9567/912/871 9598/932/871 9599/935/871
f 9283/936/872 9594/913/873 9625/933/872
f 9582/917/874 9581/914/874 9612/934/874 9613/937/874
f 9569/918/875 9568/915/875 9599/935/875 9600/938/875
f 9583/919/876 9582/917/876 9613/937/876 9614/939/876
f 9570/920/877 9569/918/877 9600/938/877 9601/940/877
f 9584/888/1658 9583/919/1658 9614/939/1658 9615/941/1658
f 9571/890/879 9570/920/879 9601/940/879 9602/942/879
f 9585/889/880 9584/888/880 9615/941/880 9616/943/880
f 9572/891/881 9571/890/881 9602/942/881 9603/944/881
f 9586/892/882 9585/889/882 9616/943/882 9617/945/882
f 9573/893/1140 9572/891/1140 9603/944/1140 9604/946/1140
f 9587/894/884 9586/892/884 9617/945/884 9618/947/884
f 9574/895/885 9573/893/885 9604/946/885 9605/948/885
f 9588/896/886 9587/894/886 9618/947/886 9619/949/886
f 9575/897/1659 9574/895/1659 9605/948/1659 9606/950/1659
f 9595/925/918 9284/982/919 9626/983/919
f 9622/922/920 9621/921/920 9652/980/920 9653/984/920
f 9609/924/921 9608/923/921 9639/981/921 9640/985/921
f 9596/926/922 9595/925/922 9626/983/922 9627/986/922
f 9623/927/923 9622/922/923 9653/984/923 9654/954/923
f 9610/928/1688 9609/924/1688 9640/985/1688 9641/956/1688
f 9597/929/925 9596/926/925 9627/986/925 9628/958/925
f 9624/930/893 9623/927/893 9654/954/893 9655/955/893
f 9611/931/1689 9610/928/1689 9641/956/1689 9642/957/1689
f 9598/932/1690 9597/929/1690 9628/958/1690 9629/959/1690
f 9625/933/896 9624/930/896 9655/955/896 9656/960/896
f 9612/934/897 9611/931/897 9642/957/897 9643/961/897
f 9599/935/898 9598/932/898 9629/959/898 9630/962/898
f 9283/963/872 9625/933/872 9656/960/899
f 9613/937/1660 9612/934/1660 9643/961/1660 9644/964/1660
f 9600/938/901 9599/935/901 9630/962/901 9631/965/901
f 9614/939/1691 9613/937/1691 9644/964/1691 9645/966/1691
f 9601/940/903 9600/938/903 9631/965/903 9632/967/903
f 9615/941/904 9614/939/904 9645/966/904 9646/968/904
f 9602/942/905 9601/940/905 9632/967/905 9633/969/905
f 9616/943/906 9615/941/906 9646/968/906 9647/970/906
f 9603/944/907 9602/942/907 9633/969/907 9634/971/907
f 9617/945/1144 9616/943/1144 9647/970/1144 9648/972/1144
f 9604/946/1145 9603/944/1145 9634/971/1145 9635/973/1145
f 9618/947/910 9617/945/910 9648/972/910 9649/974/910
f 9605/948/911 9604/946/911 9635/973/911 9636/975/911
f 9619/949/912 9618/947/912 9649/974/912 9650/976/912
f 9606/950/913 9605/948/913 9636/975/913 9637/977/913
f 9620/951/914 9619/949/914 9650/976/914 9651/978/914
f 9607/952/1692 9606/950/1692 9637/977/1692 9638/979/1692
f 9621/921/916 9620/951/916 9651/978/916 9652/980/916
f 9608/923/1661 9607/952/1661 9638/979/1661 9639/981/1661
f 9628/958/952 9627/986/952 9658/1013/952 9659/1016/952
f 9655/955/953 9654/954/953 9685/1014/953 9686/1017/953
f 9642/957/954 9641/956/954 9672/1015/954 9673/1018/954
f 9629/959/1693 9628/958/1693 9659/1016/1693 9660/1019/1693
f 9656/960/956 9655/955/956 9686/1017/956 9687/988/956
f 9643/961/957 9642/957/957 9673/1018/957 9674/989/957
f 9630/962/958 9629/959/958 9660/1019/958 9661/991/958
f 9283/987/926 9656/960/927 9687/988/926
f 9644/964/1662 9643/961/1662 9674/989/1662 9675/990/1662
f 9631/965/929 9630/962/929 9661/991/929 9662/992/929
f 9645/966/930 9644/964/930 9675/990/930 9676/993/930
f 9632/967/931 9631/965/931 9662/992/931 9663/994/931
f 9646/968/932 9645/966/932 9676/993/932 9677/995/932
f 9633/969/933 9632/967/933 9663/994/933 9664/996/933
f 9647/970/934 9646/968/934 9677/995/934 9678/997/934
f 9634/971/935 9633/969/935 9664/996/935 9665/998/935
f 9648/972/1146 9647/970/1146 9678/997/1146 9679/999/1146
f 9635/973/1147 9634/971/1147 9665/998/1147 9666/1000/1147
f 9649/974/938 9648/972/938 9679/999/938 9680/1001/938
f 9636/975/939 9635/973/939 9666/1000/939 9667/1002/939
f 9650/976/940 9649/974/940 9680/1001/940 9681/1003/940
f 9637/977/941 9636/975/941 9667/1002/941 9668/1004/941
f 9651/978/942 9650/976/942 9681/1003/942 9682/1005/942
f 9638/979/1694 9637/977/1694 9668/1004/1694 9669/1006/1694
f 9652/980/944 9651/978/944 9682/1005/944 9683/1007/944
f 9639/981/1663 9638/979/1663 9669/1006/1663 9670/1008/1663
f 9626/983/919 9284/1009/919 9657/1010/946
f 9653/984/947 9652/980/947 9683/1007/947 9684/1011/947
f 9640/985/948 9639/981/948 9670/1008/948 9671/1012/948
f 9627/986/949 9626/983/949 9657/1010/949 9658/1013/949
f 9654/954/950 9653/984/950 9684/1011/950 9685/1014/950
f 9641/956/951 9640/985/951 9671/1012/951 9672/1015/951
f 9661/991/986 9660/1019/986 9691/1046/986 9692/1049/986
f 9283/1050/926 9687/988/926 9718/1047/1488
f 9675/990/988 9674/989/988 9705/1048/988 9706/1051/988
f 9662/992/1695 9661/991/1695 9692/1049/1695 9693/1052/1695
f 9676/993/1152 9675/990/1152 9706/1051/1152 9707/1020/1152
f 9663/994/991 9662/992/991 9693/1052/991 9694/1022/991
f 9677/995/959 9676/993/959 9707/1020/959 9708/1021/959
f 9664/996/960 9663/994/960 9694/1022/960 9695/1023/960
f 9678/997/961 9677/995/961 9708/1021/961 9709/1024/961
f 9665/998/962 9664/996/962 9695/1023/962 9696/1025/962
f 9679/999/963 9678/997/963 9709/1024/963 9710/1026/963
f 9666/1000/964 9665/998/964 9696/1025/964 9697/1027/964
f 9680/1001/965 9679/999/965 9710/1026/965 9711/1028/965
f 9667/1002/966 9666/1000/966 9697/1027/966 9698/1029/966
f 9681/1003/967 9680/1001/967 9711/1028/967 9712/1030/967
f 9668/1004/968 9667/1002/968 9698/1029/968 9699/1031/968
f 9682/1005/969 9681/1003/969 9712/1030/969 9713/1032/969
f 9669/1006/1151 9668/1004/1151 9699/1031/1151 9700/1033/1151
f 9683/1007/971 9682/1005/971 9713/1032/971 9714/1034/971
f 9670/1008/972 9669/1006/972 9700/1033/972 9701/1035/972
f 9657/1010/973 9284/1036/974 9688/1037/974
f 9684/1011/975 9683/1007/975 9714/1034/975 9715/1038/975
f 9671/1012/976 9670/1008/976 9701/1035/976 9702/1039/976
f 9658/1013/977 9657/1010/977 9688/1037/977 9689/1040/977
f 9685/1014/978 9684/1011/978 9715/1038/978 9716/1041/978
f 9672/1015/979 9671/1012/979 9702/1039/979 9703/1042/979
f 9659/1016/1696 9658/1013/1696 9689/1040/1696 9690/1043/1696
f 9686/1017/1697 9685/1014/1697 9716/1041/1697 9717/1044/1697
f 9673/1018/982 9672/1015/982 9703/1042/982 9704/1045/982
f 9660/1019/983 9659/1016/983 9690/1043/983 9691/1046/983
f 9687/988/984 9686/1017/984 9717/1044/984 9718/1047/984
f 9674/989/985 9673/1018/985 9704/1045/985 9705/1048/985
f 9694/1022/1494 9693/1052/1494 9724/1081/1494 9725/1083/1494
f 9708/1021/1021 9707/1020/1021 9738/1082/1021 9739/1084/1021
f 9695/1023/1495 9694/1022/1495 9725/1083/1495 9726/1085/1495
f 9709/1024/1023 9708/1021/1023 9739/1084/1023 9740/1053/1023
f 9696/1025/1496 9695/1023/1496 9726/1085/1496 9727/1055/1496
f 9710/1026/992 9709/1024/992 9740/1053/992 9741/1054/992
f 9697/1027/993 9696/1025/993 9727/1055/993 9728/1056/993
f 9711/1028/1497 9710/1026/1497 9741/1054/1497 9742/1057/1497
f 9698/1029/995 9697/1027/995 9728/1056/995 9729/1058/995
f 9712/1030/1498 9711/1028/1498 9742/1057/1498 9743/1059/1498
f 9699/1031/997 9698/1029/997 9729/1058/997 9730/1060/997
f 9713/1032/998 9712/1030/998 9743/1059/998 9744/1061/998
f 9700/1033/999 9699/1031/999 9730/1060/999 9731/1062/999
f 9714/1034/1000 9713/1032/1000 9744/1061/1000 9745/1063/1000
f 9701/1035/1001 9700/1033/1001 9731/1062/1001 9732/1064/1001
f 9688/1037/974 9284/1065/974 9719/1066/1698
f 9715/1038/1003 9714/1034/1003 9745/1063/1003 9746/1067/1003
f 9702/1039/1004 9701/1035/1004 9732/1064/1004 9733/1068/1004
f 9689/1040/1005 9688/1037/1005 9719/1066/1005 9720/1069/1005
f 9716/1041/1499 9715/1038/1499 9746/1067/1499 9747/1070/1499
f 9703/1042/1007 9702/1039/1007 9733/1068/1007 9734/1071/1007
f 9690/1043/1008 9689/1040/1008 9720/1069/1008 9721/1072/1008
f 9717/1044/1009 9716/1041/1009 9747/1070/1009 9748/1073/1009
f 9704/1045/1010 9703/1042/1010 9734/1071/1010 9735/1074/1010
f 9691/1046/1011 9690/1043/1011 9721/1072/1011 9722/1075/1011
f 9718/1047/1012 9717/1044/1012 9748/1073/1012 9749/1076/1012
f 9705/1048/1013 9704/1045/1013 9735/1074/1013 9736/1077/1013
f 9692/1049/1014 9691/1046/1014 9722/1075/1014 9723/1078/1014
f 9283/1079/1015 9718/1047/1016 9749/1076/1015
f 9706/1051/1017 9705/1048/1017 9736/1077/1017 9737/1080/1017
f 9693/1052/1699 9692/1049/1699 9723/1078/1699 9724/1081/1699
f 9707/1020/1019 9706/1051/1019 9737/1080/1019 9738/1082/1019
f 9727/1055/1052 9726/1085/1052 9756/13/1052 8772/17/1052
f 9741/1054/1700 9740/1053/1700 8780/15/1700 8781/19/1700
f 9728/1056/1701 9727/1055/1701 8772/17/1701 9757/21/1701
f 9742/1057/1055 9741/1054/1055 8781/19/1055 9762/23/1055
f 9729/1058/1056 9728/1056/1056 9757/21/1056 9758/25/1056
f 9743/1059/1025 9742/1057/1025 9762/23/1025 8782/27/1025
f 9730/1060/1026 9729/1058/1026 9758/25/1026 8773/29/1026
f 9744/1061/1027 9743/1059/1027 8782/27/1027 8783/31/1027
f 9731/1062/1028 9730/1060/1028 8773/29/1028 8774/33/1028
f 9745/1063/1029 9744/1061/1029 8783/31/1029 8784/35/1029
f 9732/1064/1030 9731/1062/1030 8774/33/1030 8775/37/1030
f 9719/1066/1501 9284/1086/1303 9750/39/1303
f 9746/1067/1032 9745/1063/1032 8784/35/1032 9763/42/1032
f 9733/1068/1033 9732/1064/1033 8775/37/1033 8776/44/1033
f 9720/1069/1502 9719/1066/1502 9750/39/1502 9751/46/1502
f 9747/1070/1503 9746/1067/1503 9763/42/1503 9764/48/1503
f 9734/1071/1036 9733/1068/1036 8776/44/1036 9759/50/1036
f 9721/1072/1037 9720/1069/1037 9751/46/1037 9752/52/1037
f 9748/1073/1038 9747/1070/1038 9764/48/1038 8785/54/1038
f 9735/1074/1039 9734/1071/1039 9759/50/1039 8777/56/1039
f 9722/1075/1040 9721/1072/1040 9752/52/1040 9753/58/1040
f 9749/1076/1156 9748/1073/1156 8785/54/1156 8786/60/1156
f 9736/1077/1042 9735/1074/1042 8777/56/1042 8778/62/1042
f 9723/1078/1043 9722/1075/1043 9753/58/1043 9754/2/1043
f 9283/1087/1015 9749/1076/1015 8786/60/1044
f 9737/1080/1045 9736/1077/1045 8778/62/1045 9760/6/1045
f 9724/1081/1504 9723/1078/1504 9754/2/1504 9755/1/1504
f 9738/1082/1047 9737/1080/1047 9760/6/1047 9761/5/1047
f 9725/1083/1048 9724/1081/1048 9755/1/1048 8771/9/1048
f 9739/1084/1049 9738/1082/1049 9761/5/1049 8779/11/1049
f 9726/1085/1505 9725/1083/1505 8771/9/1505 9756/13/1505
f 9740/1053/1051 9739/1084/1051 8779/11/1051 8780/15/1051
f 9765/1088/1199 9784/1088/1199 9785/1088/1178 9766/1088/1178
f 9766/1088/1178 9785/1088/1178 9786/1088/1179 9767/1088/1179
f 9767/1088/1179 9786/1088/1179 9787/1088/1180 9768/1088/1180
f 9768/1088/1180 9787/1088/1180 9788/1088/1205 9769/1088/1205
f 9769/1088/1205 9788/1088/1205 9789/1088/1206 9770/1088/1206
f 9770/1088/1206 9789/1088/1206 9790/1088/1207 9771/1088/1207
f 9771/1088/1207 9790/1088/1207 9791/1088/1184 9772/1088/1184
f 9772/1088/1184 9791/1088/1184 9792/1088/1185 9773/1088/1185
f 9773/1088/1185 9792/1088/1185 9793/1088/1203 9774/1088/1187
f 9774/1088/1187 9793/1088/1203 9794/1088/1188 9775/1088/1208
f 9775/1088/1208 9794/1088/1188 9795/1088/1189 9776/1088/1189
f 9776/1088/1189 9795/1088/1189 9796/1088/1190 9777/1088/1190
f 9777/1088/1190 9796/1088/1190 9797/1088/1191 9778/1088/1191
f 9778/1088/1191 9797/1088/1191 9798/1088/1192 9779/1088/1192
f 9779/1088/1192 9798/1088/1192 9799/1088/1194 9780/1088/1194
f 9780/1088/1194 9799/1088/1194 9800/1088/1196 9781/1088/1196
f 9781/1088/1196 9800/1088/1196 9801/1088/1197 9782/1088/1197
f 9782/1088/1197 9801/1088/1197 9802/1088/1198 9783/1088/1198
f 9783/1088/1198 9802/1088/1198 9784/1088/1199 9765/1088/1199
f 9803/1088/1199 9822/1088/1199 9823/1088/1178 9804/1088/1178
f 9804/1088/1178 9823/1088/1178 9824/1088/1179 9805/1088/1179
f 9805/1088/1179 9824/1088/1179 9825/1088/1180 9806/1088/1180
f 9806/1088/1180 9825/1088/1180 9826/1088/1181 9807/1088/1181
f 9807/1088/1181 9826/1088/1181 9827/1088/1182 9808/1088/1182
f 9808/1088/1182 9827/1088/1182 9828/1088/1183 9809/1088/1183
f 9809/1088/1183 9828/1088/1183 9829/1088/1184 9810/1088/1184
f 9810/1088/1184 9829/1088/1184 9830/1088/1185 9811/1088/1185
f 9811/1088/1185 9830/1088/1185 9831/1088/1203 9812/1088/1203
f 9812/1088/1203 9831/1088/1203 9832/1088/1188 9813/1088/1188
f 9813/1088/1188 9832/1088/1188 9833/1088/1189 9814/1088/1189
f 9814/1088/1189 9833/1088/1189 9834/1088/1190 9815/1088/1190
f 9815/1088/1190 9834/1088/1190 9835/1088/1191 9816/1088/1191
f 9816/1088/1191 9835/1088/1191 9836/1088/1192 9817/1088/1192
f 9817/1088/1192 9836/1088/1192 9837/1088/1194 9818/1088/1194
f 9818/1088/1194 9837/1088/1194 9838/1088/1196 9819/1088/1196
f 9819/1088/1196 9838/1088/1196 9839/1088/1197 9820/1088/1197
f 9820/1088/1197 9839/1088/1197 9840/1088/1198 9821/1088/1198
f 9821/1088/1198 9840/1088/1198 9822/1088/1199 9803/1088/1199
f 9841/1088/1199 9860/1088/1199 9861/1088/1178 9842/1088/1178
f 9842/1088/1178 9861/1088/1178 9862/1088/1179 9843/1088/1179
f 9843/1088/1179 9862/1088/1179 9863/1088/1180 9844/1088/1180
f 9844/1088/1180 9863/1088/1180 9864/1088/1181 9845/1088/1181
f 9845/1088/1181 9864/1088/1181 9865/1088/1182 9846/1088/1182
f 9846/1088/1182 9865/1088/1182 9866/1088/1183 9847/1088/1183
f 9847/1088/1183 9866/1088/1183 9867/1088/1184 9848/1088/1184
f 9848/1088/1184 9867/1088/1184 9868/1088/1185 9849/1088/1185
f 9849/1088/1185 9868/1088/1185 9869/1088/1203 9850/1088/1203
f 9850/1088/1203 9869/1088/1203 9870/1088/1188 9851/1088/1188
f 9851/1088/1188 9870/1088/1188 9871/1088/1189 9852/1088/1189
f 9852/1088/1189 9871/1088/1189 9872/1088/1190 9853/1088/1190
f 9853/1088/1190 9872/1088/1190 9873/1088/1191 9854/1088/1191
f 9854/1088/1191 9873/1088/1191 9874/1088/1192 9855/1088/1192
f 9855/1088/1192 9874/1088/1192 9875/1088/1194 9856/1088/1194
f 9856/1088/1194 9875/1088/1194 9876/1088/1196 9857/1088/1196
f 9857/1088/1196 9876/1088/1196 9877/1088/1197 9858/1088/1197
f 9858/1088/1197 9877/1088/1197 9878/1088/1198 9859/1088/1198
f 9859/1088/1198 9878/1088/1198 9860/1088/1199 9841/1088/1199
f 9879/1088/1199 9898/1088/1199 9899/1088/1178 9880/1088/1178
f 9880/1088/1178 9899/1088/1178 9900/1088/1179 9881/1088/1179
f 9881/1088/1179 9900/1088/1179 9901/1088/1180 9882/1088/1180
f 9882/1088/1180 9901/1088/1180 9902/1088/1181 9883/1088/1181
f 9883/1088/1181 9902/1088/1181 9903/1088/1182 9884/1088/1182
f 9884/1088/1182 9903/1088/1182 9904/1088/1201 9885/1088/1183
f 9885/1088/1183 9904/1088/1201 9905/1088/1184 9886/1088/1184
f 9886/1088/1184 9905/1088/1184 9906/1088/1185 9887/1088/1185
f 9887/1088/1185 9906/1088/1185 9907/1088/1187 9888/1088/1187
f 9888/1088/1187 9907/1088/1187 9908/1088/1188 9889/1088/1188
f 9889/1088/1188 9908/1088/1188 9909/1088/1189 9890/1088/1189
f 9890/1088/1189 9909/1088/1189 9910/1088/1190 9891/1088/1190
f 9891/1088/1190 9910/1088/1190 9911/1088/1191 9892/1088/1191
f 9892/1088/1191 9911/1088/1191 9912/1088/1192 9893/1088/1192
f 9893/1088/1192 9912/1088/1192 9913/1088/1194 9894/1088/1194
f 9894/1088/1194 9913/1088/1194 9914/1088/1196 9895/1088/1196
f 9895/1088/1196 9914/1088/1196 9915/1088/1197 9896/1088/1197
f 9896/1088/1197 9915/1088/1197 9916/1088/1198 9897/1088/1198
f 9897/1088/1198 9916/1088/1198 9898/1088/1199 9879/1088/1199
f 9917/1088/1199 9936/1088/1199 9937/1088/1178 9918/1088/1178
f 9918/1088/1178 9937/1088/1178 9938/1088/1179 9919/1088/1179
f 9919/1088/1179 9938/1088/1179 9939/1088/1204 9920/1088/1204
f 9920/1088/1204 9939/1088/1204 9940/1088/1205 9921/1088/1205
f 9921/1088/1205 9940/1088/1205 9941/1088/1206 9922/1088/1206
f 9922/1088/1206 9941/1088/1206 9942/1088/1207 9923/1088/1207
f 9923/1088/1207 9942/1088/1207 9943/1088/1184 9924/1088/1184
f 9924/1088/1184 9943/1088/1184 9944/1088/1185 9925/1088/1185
f 9925/1088/1185 9944/1088/1185 9945/1088/1203 9926/1088/1203
f 9926/1088/1203 9945/1088/1203 9946/1088/1188 9927/1088/1188
f 9927/1088/1188 9946/1088/1188 9947/1088/1189 9928/1088/1189
f 9928/1088/1189 9947/1088/1189 9948/1088/1190 9929/1088/1190
f 9929/1088/1190 9948/1088/1190 9949/1088/1191 9930/1088/1191
f 9930/1088/1191 9949/1088/1191 9950/1088/1192 9931/1088/1192
f 9931/1088/1192 9950/1088/1192 9951/1088/1194 9932/1088/1194
f 9932/1088/1194 9951/1088/1194 9952/1088/1195 9933/1088/1196
f 9933/1088/1196 9952/1088/1195 9953/1088/1197 9934/1088/1197
f 9934/1088/1197 9953/1088/1197 9954/1088/1198 9935/1088/1198
f 9935/1088/1198 9954/1088/1198 9936/1088/1199 9917/1088/1199
f 9955/1088/1199 9974/1088/1199 9975/1088/1178 9956/1088/1178
f 9956/1088/1178 9975/1088/1178 9976/1088/1179 9957/1088/1179
f 9957/1088/1179 9976/1088/1179 9977/1088/1204 9958/1088/1204
f 9958/1088/1204 9977/1088/1204 9978/1088/1205 9959/1088/1205
f 9959/1088/1205 9978/1088/1205 9979/1088/1182 9960/1088/1182
f 9960/1088/1182 9979/1088/1182 9980/1088/1201 9961/1088/1201
f 9961/1088/1201 9980/1088/1201 9981/1088/1184 9962/1088/1184
f 9962/1088/1184 9981/1088/1184 9982/1088/1185 9963/1088/1185
f 9963/1088/1185 9982/1088/1185 9983/1088/1203 9964/1088/1203
f 9964/1088/1203 9983/1088/1203 9984/1088/1188 9965/1088/1188
f 9965/1088/1188 9984/1088/1188 9985/1088/1189 9966/1088/1189
f 9966/1088/1189 9985/1088/1189 9986/1088/1190 9967/1088/1190
f 9967/1088/1190 9986/1088/1190 9987/1088/1191 9968/1088/1191
f 9968/1088/1191 9987/1088/1191 9988/1088/1192 9969/1088/1192
f 9969/1088/1192 9988/1088/1192 9989/1088/1193 9970/1088/1194
f 9970/1088/1194 9989/1088/1193 9990/1088/1196 9971/1088/1196
f 9971/1088/1196 9990/1088/1196 9991/1088/1197 9972/1088/1197
f 9972/1088/1197 9991/1088/1197 9992/1088/1198 9973/1088/1215
f 9973/1088/1215 9992/1088/1198 9974/1088/1199 9955/1088/1199
f 9993/1088/1177 10012/1088/1177 10013/1088/1178 9994/1088/1178
f 9994/1088/1178 10013/1088/1178 10014/1088/1179 9995/1088/1179
f 9995/1088/1179 10014/1088/1179 10015/1088/1204 9996/1088/1204
f 9996/1088/1204 10015/1088/1204 10016/1088/1205 9997/1088/1205
f 9997/1088/1205 10016/1088/1205 10017/1088/1182 9998/1088/1182
f 9998/1088/1182 10017/1088/1182 10018/1088/1201 9999/1088/1201
f 9999/1088/1201 10018/1088/1201 10019/1088/1184 10000/1088/1184
f 10000/1088/1184 10019/1088/1184 10020/1088/1185 10001/1088/1185
f 10001/1088/1185 10020/1088/1185 10021/1088/1203 10002/1088/1203
f 10002/1088/1203 10021/1088/1203 10022/1088/1188 10003/1088/1188
f 10003/1088/1188 10022/1088/1188 10023/1088/1189 10004/1088/1189
f 10004/1088/1189 10023/1088/1189 10024/1088/1190 10005/1088/1190
f 10005/1088/1190 10024/1088/1190 10025/1088/1191 10006/1088/1191
f 10006/1088/1191 10025/1088/1191 10026/1088/1192 10007/1088/1192
f 10007/1088/1192 10026/1088/1192 10027/1088/1194 10008/1088/1194
f 10008/1088/1194 10027/1088/1194 10028/1088/1196 10009/1088/1196
f 10009/1088/1196 10028/1088/1196 10029/1088/1197 10010/1088/1197
f 10010/1088/1197 10029/1088/1197 10030/1088/1198 10011/1088/1198
f 10011/1088/1198 10030/1088/1198 10012/1088/1177 9993/1088/1177
f 10031/1088/1199 10050/1088/1199 10051/1088/1178 10032/1088/1178
f 10032/1088/1178 10051/1088/1178 10052/1088/1179 10033/1088/1179
f 10033/1088/1179 10052/1088/1179 10053/1088/1204 10034/1088/1204
f 10034/1088/1204 10053/1088/1204 10054/1088/1181 10035/1088/1181
f 10035/1088/1181 10054/1088/1181 10055/1088/1182 10036/1088/1182
f 10036/1088/1182 10055/1088/1182 10056/1088/1183 10037/1088/1183
f 10037/1088/1183 10056/1088/1183 10057/1088/1184 10038/1088/1184
f 10038/1088/1184 10057/1088/1184 10058/1088/1185 10039/1088/1185
f 10039/1088/1185 10058/1088/1185 10059/1088/1203 10040/1088/1203
f 10040/1088/1203 10059/1088/1203 10060/1088/1188 10041/1088/1188
f 10041/1088/1188 10060/1088/1188 10061/1088/1189 10042/1088/1189
f 10042/1088/1189 10061/1088/1189 10062/1088/1190 10043/1088/1190
f 10043/1088/1190 10062/1088/1190 10063/1088/1191 10044/1088/1191
f 10044/1088/1191 10063/1088/1191 10064/1088/1192 10045/1088/1192
f 10045/1088/1192 10064/1088/1192 10065/1088/1194 10046/1088/1194
f 10046/1088/1194 10065/1088/1194 10066/1088/1196 10047/1088/1196
f 10047/1088/1196 10066/1088/1196 10067/1088/1197 10048/1088/1197
f 10048/1088/1197 10067/1088/1197 10068/1088/1198 10049/1088/1198
f 10049/1088/1198 10068/1088/1198 10050/1088/1199 10031/1088/1199
f 10069/1088/1199 10088/1088/1199 10089/1088/1178 10070/1088/1178
f 10070/1088/1178 10089/1088/1178 10090/1088/1179 10071/1088/1179
f 10071/1088/1179 10090/1088/1179 10091/1088/1204 10072/1088/1204
f 10072/1088/1204 10091/1088/1204 10092/1088/1205 10073/1088/1205
f 10073/1088/1205 10092/1088/1205 10093/1088/1206 10074/1088/1206
f 10074/1088/1206 10093/1088/1206 10094/1088/1207 10075/1088/1207
f 10075/1088/1207 10094/1088/1207 10095/1088/1184 10076/1088/1184
f 10076/1088/1184 10095/1088/1184 10096/1088/1185 10077/1088/1185
f 10077/1088/1185 10096/1088/1185 10097/1088/1203 10078/1088/1203
f 10078/1088/1203 10097/1088/1203 10098/1088/1188 10079/1088/1188
f 10079/1088/1188 10098/1088/1188 10099/1088/1189 10080/1088/1189
f 10080/1088/1189 10099/1088/1189 10100/1088/1190 10081/1088/1190
f 10081/1088/1190 10100/1088/1190 10101/1088/1191 10082/1088/1191
f 10082/1088/1191 10101/1088/1191 10102/1088/1192 10083/1088/1192
f 10083/1088/1192 10102/1088/1192 10103/1088/1194 10084/1088/1194
f 10084/1088/1194 10103/1088/1194 10104/1088/1196 10085/1088/1195
f 10085/1088/1195 10104/1088/1196 10105/1088/1197 10086/1088/1197
f 10086/1088/1197 10105/1088/1197 10106/1088/1198 10087/1088/1198
f 10087/1088/1198 10106/1088/1198 10088/1088/1199 10069/1088/1199
f 10107/1088/1199 10126/1088/1199 10127/1088/1178 10108/1088/1178
f 10108/1088/1178 10127/1088/1178 10128/1088/1179 10109/1088/1179
f 10109/1088/1179 10128/1088/1179 10129/1088/1204 10110/1088/1204
f 10110/1088/1204 10129/1088/1204 10130/1088/1181 10111/1088/1181
f 10111/1088/1181 10130/1088/1181 10131/1088/1182 10112/1088/1182
f 10112/1088/1182 10131/1088/1182 10132/1088/1183 10113/1088/1183
f 10113/1088/1183 10132/1088/1183 10133/1088/1184 10114/1088/1184
f 10114/1088/1184 10133/1088/1184 10134/1088/1702 10115/1088/1702
f 10115/1088/1702 10134/1088/1702 10135/1088/1187 10116/1088/1203
f 10116/1088/1203 10135/1088/1187 10136/1088/1188 10117/1088/1188
f 10117/1088/1188 10136/1088/1188 10137/1088/1189 10118/1088/1189
f 10118/1088/1189 10137/1088/1189 10138/1088/1190 10119/1088/1190
f 10119/1088/1190 10138/1088/1190 10139/1088/1191 10120/1088/1191
f 10120/1088/1191 10139/1088/1191 10140/1088/1211 10121/1088/1211
f 10121/1088/1211 10140/1088/1211 10141/1088/1194 10122/1088/1194
f 10122/1088/1194 10141/1088/1194 10142/1088/1196 10123/1088/1196
f 10123/1088/1196 10142/1088/1196 10143/1088/1197 10124/1088/1197
f 10124/1088/1197 10143/1088/1197 10144/1088/1215 10125/1088/1215
f 10125/1088/1215 10144/1088/1215 10126/1088/1199 10107/1088/1199
f 10145/1088/1199 10164/1088/1199 10165/1088/1178 10146/1088/1178
f 10146/1088/1178 10165/1088/1178 10166/1088/1179 10147/1088/1179
f 10147/1088/1179 10166/1088/1179 10167/1088/1204 10148/1088/1204
f 10148/1088/1204 10167/1088/1204 10168/1088/1205 10149/1088/1205
f 10149/1088/1205 10168/1088/1205 10169/1088/1206 10150/1088/1206
f 10150/1088/1206 10169/1088/1206 10170/1088/1207 10151/1088/1207
f 10151/1088/1207 10170/1088/1207 10171/1088/1184 10152/1088/1184
f 10152/1088/1184 10171/1088/1184 10172/1088/1185 10153/1088/1185
f 10153/1088/1185 10172/1088/1185 10173/1088/1203 10154/1088/1203
f 10154/1088/1203 10173/1088/1203 10174/1088/1188 10155/1088/1188
f 10155/1088/1188 10174/1088/1188 10175/1088/1189 10156/1088/1189
f 10156/1088/1189 10175/1088/1189 10176/1088/1190 10157/1088/1190
f 10157/1088/1190 10176/1088/1190 10177/1088/1191 10158/1088/1191
f 10158/1088/1191 10177/1088/1191 10178/1088/1192 10159/1088/1192
f 10159/1088/1192 10178/1088/1192 10179/1088/1193 10160/1088/1194
f 10160/1088/1194 10179/1088/1193 10180/1088/1195 10161/1088/1196
f 10161/1088/1196 10180/1088/1195 10181/1088/1197 10162/1088/1197
f 10162/1088/1197 10181/1088/1197 10182/1088/1198 10163/1088/1198
f 10163/1088/1198 10182/1088/1198 10164/1088/1199 10145/1088/1199
f 10183/1088/1235 10202/1088/1235 10203/1088/1217 10184/1088/1217
f 10184/1088/1217 10203/1088/1217 10204/1088/1218 10185/1088/1218
f 10185/1088/1218 10204/1088/1218 10205/1088/1219 10186/1088/1219
f 10186/1088/1219 10205/1088/1219 10206/1088/1220 10187/1088/1220
f 10187/1088/1220 10206/1088/1220 10207/1088/1221 10188/1088/1221
f 10188/1088/1221 10207/1088/1221 10208/1088/1222 10189/1088/1222
f 10189/1088/1222 10208/1088/1222 10209/1088/1223 10190/1088/1223
f 10190/1088/1223 10209/1088/1223 10210/1088/1244 10191/1088/1244
f 10191/1088/1244 10210/1088/1244 10211/1088/1243 10192/1088/1243
f 10192/1088/1243 10211/1088/1243 10212/1088/1226 10193/1088/1226
f 10193/1088/1226 10212/1088/1226 10213/1088/1227 10194/1088/1227
f 10194/1088/1227 10213/1088/1227 10214/1088/1228 10195/1088/1228
f 10195/1088/1228 10214/1088/1228 10215/1088/1229 10196/1088/1229
f 10196/1088/1229 10215/1088/1229 10216/1088/1230 10197/1088/1230
f 10197/1088/1230 10216/1088/1230 10217/1088/1245 10198/1088/1245
f 10198/1088/1245 10217/1088/1245 10218/1088/1232 10199/1088/1232
f 10199/1088/1232 10218/1088/1232 10219/1088/1233 10200/1088/1233
f 10200/1088/1233 10219/1088/1233 10220/1088/1234 10201/1088/1234
f 10201/1088/1234 10220/1088/1234 10202/1088/1235 10183/1088/1235
f 10221/1088/1216 10240/1088/1216 10241/1088/1217 10222/1088/1217
f 10222/1088/1217 10241/1088/1217 10242/1088/1218 10223/1088/1218
f 10223/1088/1218 10242/1088/1218 10243/1088/1219 10224/1088/1219
f 10224/1088/1219 10243/1088/1219 10244/1088/1220 10225/1088/1220
f 10225/1088/1220 10244/1088/1220 10245/1088/1221 10226/1088/1221
f 10226/1088/1221 10245/1088/1221 10246/1088/1246 10227/1088/1246
f 10227/1088/1246 10246/1088/1246 10247/1088/1247 10228/1088/1247
f 10228/1088/1247 10247/1088/1247 10248/1088/1703 10229/1088/1703
f 10229/1088/1703 10248/1088/1703 10249/1088/1225 10230/1088/1225
f 10230/1088/1225 10249/1088/1225 10250/1088/1704 10231/1088/1704
f 10231/1088/1704 10250/1088/1704 10251/1088/1227 10232/1088/1227
f 10232/1088/1227 10251/1088/1227 10252/1088/1228 10233/1088/1228
f 10233/1088/1228 10252/1088/1228 10253/1088/1238 10234/1088/1238
f 10234/1088/1238 10253/1088/1238 10254/1088/1230 10235/1088/1230
f 10235/1088/1230 10254/1088/1230 10255/1088/1231 10236/1088/1231
f 10236/1088/1231 10255/1088/1231 10256/1088/1705 10237/1088/1705
f 10237/1088/1705 10256/1088/1705 10257/1088/1248 10238/1088/1248
f 10238/1088/1248 10257/1088/1248 10258/1088/1706 10239/1088/1706
f 10239/1088/1706 10258/1088/1706 10240/1088/1216 10221/1088/1216
f 10259/1088/1216 10278/1088/1216 10279/1088/1217 10260/1088/1217
f 10260/1088/1217 10279/1088/1217 10280/1088/1218 10261/1088/1218
f 10261/1088/1218 10280/1088/1218 10281/1088/1219 10262/1088/1219
f 10262/1088/1219 10281/1088/1219 10282/1088/1220 10263/1088/1220
f 10263/1088/1220 10282/1088/1220 10283/1088/1221 10264/1088/1221
f 10264/1088/1221 10283/1088/1221 10284/1088/1246 10265/1088/1246
f 10265/1088/1246 10284/1088/1246 10285/1088/1247 10266/1088/1247
f 10266/1088/1247 10285/1088/1247 10286/1088/1703 10267/1088/1703
f 10267/1088/1703 10286/1088/1703 10287/1088/1225 10268/1088/1225
f 10268/1088/1225 10287/1088/1225 10288/1088/1704 10269/1088/1704
f 10269/1088/1704 10288/1088/1704 10289/1088/1227 10270/1088/1227
f 10270/1088/1227 10289/1088/1227 10290/1088/1228 10271/1088/1228
f 10271/1088/1228 10290/1088/1228 10291/1088/1238 10272/1088/1238
f 10272/1088/1238 10291/1088/1238 10292/1088/1230 10273/1088/1230
f 10273/1088/1230 10292/1088/1230 10293/1088/1231 10274/1088/1231
f 10274/1088/1231 10293/1088/1231 10294/1088/1705 10275/1088/1705
f 10275/1088/1705 10294/1088/1705 10295/1088/1248 10276/1088/1248
f 10276/1088/1248 10295/1088/1248 10296/1088/1707 10277/1088/1707
f 10277/1088/1707 10296/1088/1707 10278/1088/1216 10259/1088/1216
f 10297/1088/1216 10316/1088/1216 10317/1088/1217 10298/1088/1217
f 10298/1088/1217 10317/1088/1217 10318/1088/1218 10299/1088/1218
f 10299/1088/1218 10318/1088/1218 10319/1088/1219 10300/1088/1219
f 10300/1088/1219 10319/1088/1219 10320/1088/1220 10301/1088/1220
f 10301/1088/1220 10320/1088/1220 10321/1088/1221 10302/1088/1221
f 10302/1088/1221 10321/1088/1221 10322/1088/1246 10303/1088/1246
f 10303/1088/1246 10322/1088/1246 10323/1088/1247 10304/1088/1247
f 10304/1088/1247 10323/1088/1247 10324/1088/1224 10305/1088/1224
f 10305/1088/1224 10324/1088/1224 10325/1088/1225 10306/1088/1225
f 10306/1088/1225 10325/1088/1225 10326/1088/1704 10307/1088/1704
f 10307/1088/1704 10326/1088/1704 10327/1088/1237 10308/1088/1237
f 10308/1088/1237 10327/1088/1237 10328/1088/1228 10309/1088/1228
f 10309/1088/1228 10328/1088/1228 10329/1088/1238 10310/1088/1238
f 10310/1088/1238 10329/1088/1238 10330/1088/1230 10311/1088/1230
f 10311/1088/1230 10330/1088/1230 10331/1088/1708 10312/1088/1708
f 10312/1088/1708 10331/1088/1708 10332/1088/1705 10313/1088/1705
f 10313/1088/1705 10332/1088/1705 10333/1088/1248 10314/1088/1248
f 10314/1088/1248 10333/1088/1248 10334/1088/1706 10315/1088/1706
f 10315/1088/1706 10334/1088/1706 10316/1088/1216 10297/1088/1216
f 10335/1088/1250 10354/1088/1250 10355/1088/1242 10336/1088/1242
f 10336/1088/1242 10355/1088/1242 10356/1088/1218 10337/1088/1218
f 10337/1088/1218 10356/1088/1218 10357/1088/1219 10338/1088/1219
f 10338/1088/1219 10357/1088/1219 10358/1088/1220 10339/1088/1220
f 10339/1088/1220 10358/1088/1220 10359/1088/1221 10340/1088/1221
f 10340/1088/1221 10359/1088/1221 10360/1088/1709 10341/1088/1709
f 10341/1088/1709 10360/1088/1709 10361/1088/1710 10342/1088/1710
f 10342/1088/1710 10361/1088/1710 10362/1088/1244 10343/1088/1244
f 10343/1088/1244 10362/1088/1244 10363/1088/1243 10344/1088/1243
f 10344/1088/1243 10363/1088/1243 10364/1088/1241 10345/1088/1241
f 10345/1088/1241 10364/1088/1241 10365/1088/1237 10346/1088/1237
f 10346/1088/1237 10365/1088/1237 10366/1088/1228 10347/1088/1228
f 10347/1088/1228 10366/1088/1228 10367/1088/1229 10348/1088/1229
f 10348/1088/1229 10367/1088/1229 10368/1088/1230 10349/1088/1230
f 10349/1088/1230 10368/1088/1230 10369/1088/1711 10350/1088/1711
f 10350/1088/1711 10369/1088/1711 10370/1088/1712 10351/1088/1712
f 10351/1088/1712 10370/1088/1712 10371/1088/1713 10352/1088/1713
f 10352/1088/1713 10371/1088/1713 10372/1088/1234 10353/1088/1234
f 10353/1088/1234 10372/1088/1234 10354/1088/1250 10335/1088/1250
f 10373/1088/1250 10392/1088/1250 10393/1088/1242 10374/1088/1242
f 10374/1088/1242 10393/1088/1242 10394/1088/1218 10375/1088/1218
f 10375/1088/1218 10394/1088/1218 10395/1088/1219 10376/1088/1219
f 10376/1088/1219 10395/1088/1219 10396/1088/1220 10377/1088/1220
f 10377/1088/1220 10396/1088/1220 10397/1088/1221 10378/1088/1221
f 10378/1088/1221 10397/1088/1221 10398/1088/1222 10379/1088/1222
f 10379/1088/1222 10398/1088/1222 10399/1088/1710 10380/1088/1710
f 10380/1088/1710 10399/1088/1710 10400/1088/1244 10381/1088/1244
f 10381/1088/1244 10400/1088/1244 10401/1088/1243 10382/1088/1243
f 10382/1088/1243 10401/1088/1243 10402/1088/1241 10383/1088/1241
f 10383/1088/1241 10402/1088/1241 10403/1088/1237 10384/1088/1237
f 10384/1088/1237 10403/1088/1237 10404/1088/1228 10385/1088/1228
f 10385/1088/1228 10404/1088/1228 10405/1088/1238 10386/1088/1238
f 10386/1088/1238 10405/1088/1238 10406/1088/1230 10387/1088/1230
f 10387/1088/1230 10406/1088/1230 10407/1088/1711 10388/1088/1711
f 10388/1088/1711 10407/1088/1711 10408/1088/1232 10389/1088/1712
f 10389/1088/1712 10408/1088/1232 10409/1088/1713 10390/1088/1713
f 10390/1088/1713 10409/1088/1713 10410/1088/1234 10391/1088/1234
f 10391/1088/1234 10410/1088/1234 10392/1088/1250 10373/1088/1250
f 10411/1088/1250 10430/1088/1250 10431/1088/1242 10412/1088/1242
f 10412/1088/1242 10431/1088/1242 10432/1088/1218 10413/1088/1218
f 10413/1088/1218 10432/1088/1218 10433/1088/1219 10414/1088/1219
f 10414/1088/1219 10433/1088/1219 10434/1088/1220 10415/1088/1220
f 10415/1088/1220 10434/1088/1220 10435/1088/1221 10416/1088/1221
f 10416/1088/1221 10435/1088/1221 10436/1088/1709 10417/1088/1709
f 10417/1088/1709 10436/1088/1709 10437/1088/1710 10418/1088/1710
f 10418/1088/1710 10437/1088/1710 10438/1088/1244 10419/1088/1244
f 10419/1088/1244 10438/1088/1244 10439/1088/1714 10420/1088/1714
f 10420/1088/1714 10439/1088/1714 10440/1088/1241 10421/1088/1241
f 10421/1088/1241 10440/1088/1241 10441/1088/1237 10422/1088/1237
f 10422/1088/1237 10441/1088/1237 10442/1088/1228 10423/1088/1228
f 10423/1088/1228 10442/1088/1228 10443/1088/1229 10424/1088/1229
f 10424/1088/1229 10443/1088/1229 10444/1088/1230 10425/1088/1230
f 10425/1088/1230 10444/1088/1230 10445/1088/1711 10426/1088/1711
f 10426/1088/1711 10445/1088/1711 10446/1088/1712 10427/1088/1712
f 10427/1088/1712 10446/1088/1712 10447/1088/1713 10428/1088/1713
f 10428/1088/1713 10447/1088/1713 10448/1088/1234 10429/1088/1234
f 10429/1088/1234 10448/1088/1234 10430/1088/1250 10411/1088/1250
f 10449/1088/1216 10468/1088/1216 10469/1088/1242 10450/1088/1242
f 10450/1088/1242 10469/1088/1242 10470/1088/1218 10451/1088/1218
f 10451/1088/1218 10470/1088/1218 10471/1088/1219 10452/1088/1219
f 10452/1088/1219 10471/1088/1219 10472/1088/1220 10453/1088/1220
f 10453/1088/1220 10472/1088/1220 10473/1088/1221 10454/1088/1221
f 10454/1088/1221 10473/1088/1221 10474/1088/1246 10455/1088/1246
f 10455/1088/1246 10474/1088/1246 10475/1088/1247 10456/1088/1247
f 10456/1088/1247 10475/1088/1247 10476/1088/1244 10457/1088/1244
f 10457/1088/1244 10476/1088/1244 10477/1088/1243 10458/1088/1243
f 10458/1088/1243 10477/1088/1243 10478/1088/1226 10459/1088/1226
f 10459/1088/1226 10478/1088/1226 10479/1088/1237 10460/1088/1237
f 10460/1088/1237 10479/1088/1237 10480/1088/1228 10461/1088/1228
f 10461/1088/1228 10480/1088/1228 10481/1088/1238 10462/1088/1238
f 10462/1088/1238 10481/1088/1238 10482/1088/1230 10463/1088/1230
f 10463/1088/1230 10482/1088/1230 10483/1088/1708 10464/1088/1708
f 10464/1088/1708 10483/1088/1708 10484/1088/1232 10465/1088/1232
f 10465/1088/1232 10484/1088/1232 10485/1088/1248 10466/1088/1248
f 10466/1088/1248 10485/1088/1248 10486/1088/1234 10467/1088/1234
f 10467/1088/1234 10486/1088/1234 10468/1088/1216 10449/1088/1216
f 10487/1088/1216 10506/1088/1216 10507/1088/1217 10488/1088/1217
f 10488/1088/1217 10507/1088/1217 10508/1088/1218 10489/1088/1218
f 10489/1088/1218 10508/1088/1218 10509/1088/1219 10490/1088/1219
f 10490/1088/1219 10509/1088/1219 10510/1088/1220 10491/1088/1220
f 10491/1088/1220 10510/1088/1220 10511/1088/1221 10492/1088/1221
f 10492/1088/1221 10511/1088/1221 10512/1088/1246 10493/1088/1246
f 10493/1088/1246 10512/1088/1246 10513/1088/1247 10494/1088/1247
f 10494/1088/1247 10513/1088/1247 10514/1088/1244 10495/1088/1244
f 10495/1088/1244 10514/1088/1244 10515/1088/1225 10496/1088/1225
f 10496/1088/1225 10515/1088/1225 10516/1088/1704 10497/1088/1704
f 10497/1088/1704 10516/1088/1704 10517/1088/1227 10498/1088/1227
f 10498/1088/1227 10517/1088/1227 10518/1088/1228 10499/1088/1228
f 10499/1088/1228 10518/1088/1228 10519/1088/1238 10500/1088/1238
f 10500/1088/1238 10519/1088/1238 10520/1088/1230 10501/1088/1230
f 10501/1088/1230 10520/1088/1230 10521/1088/1708 10502/1088/1708
f 10502/1088/1708 10521/1088/1708 10522/1088/1232 10503/1088/1232
f 10503/1088/1232 10522/1088/1232 10523/1088/1248 10504/1088/1248
f 10504/1088/1248 10523/1088/1248 10524/1088/1234 10505/1088/1234
f 10505/1088/1234 10524/1088/1234 10506/1088/1216 10487/1088/1216
f 10525/1088/1216 10544/1088/1216 10545/1088/1217 10526/1088/1217
f 10526/1088/1217 10545/1088/1217 10546/1088/1218 10527/1088/1218
f 10527/1088/1218 10546/1088/1218 10547/1088/1219 10528/1088/1219
f 10528/1088/1219 10547/1088/1219 10548/1088/1220 10529/1088/1220
f 10529/1088/1220 10548/1088/1220 10549/1088/1221 10530/1088/1221
f 10530/1088/1221 10549/1088/1221 10550/1088/1246 10531/1088/1246
f 10531/1088/1246 10550/1088/1246 10551/1088/1247 10532/1088/1247
f 10532/1088/1247 10551/1088/1247 10552/1088/1703 10533/1088/1703
f 10533/1088/1703 10552/1088/1703 10553/1088/1225 10534/1088/1225
f 10534/1088/1225 10553/1088/1225 10554/1088/1704 10535/1088/1704
f 10535/1088/1704 10554/1088/1704 10555/1088/1715 10536/1088/1715
f 10536/1088/1715 10555/1088/1715 10556/1088/1228 10537/1088/1228
f 10537/1088/1228 10556/1088/1228 10557/1088/1238 10538/1088/1238
f 10538/1088/1238 10557/1088/1238 10558/1088/1230 10539/1088/1230
f 10539/1088/1230 10558/1088/1230 10559/1088/1708 10540/1088/1708
f 10540/1088/1708 10559/1088/1708 10560/1088/1705 10541/1088/1705
f 10541/1088/1705 10560/1088/1705 10561/1088/1248 10542/1088/1248
f 10542/1088/1248 10561/1088/1248 10562/1088/1706 10543/1088/1706
f 10543/1088/1706 10562/1088/1706 10544/1088/1216 10525/1088/1216
f 10563/1088/1216 10582/1088/1216 10583/1088/1242 10564/1088/1242
f 10564/1088/1242 10583/1088/1242 10584/1088/1218 10565/1088/1218
f 10565/1088/1218 10584/1088/1218 10585/1088/1219 10566/1088/1219
f 10566/1088/1219 10585/1088/1219 10586/1088/1220 10567/1088/1220
f 10567/1088/1220 10586/1088/1220 10587/1088/1221 10568/1088/1221
f 10568/1088/1221 10587/1088/1221 10588/1088/1246 10569/1088/1246
f 10569/1088/1246 10588/1088/1246 10589/1088/1247 10570/1088/1247
f 10570/1088/1247 10589/1088/1247 10590/1088/1716 10571/1088/1703
f 10571/1088/1703 10590/1088/1716 10591/1088/1243 10572/1088/1243
f 10572/1088/1243 10591/1088/1243 10592/1088/1226 10573/1088/1226
f 10573/1088/1226 10592/1088/1226 10593/1088/1237 10574/1088/1237
f 10574/1088/1237 10593/1088/1237 10594/1088/1228 10575/1088/1228
f 10575/1088/1228 10594/1088/1228 10595/1088/1238 10576/1088/1238
f 10576/1088/1238 10595/1088/1238 10596/1088/1230 10577/1088/1230
f 10577/1088/1230 10596/1088/1230 10597/1088/1708 10578/1088/1708
f 10578/1088/1708 10597/1088/1708 10598/1088/1705 10579/1088/1705
f 10579/1088/1705 10598/1088/1705 10599/1088/1248 10580/1088/1248
f 10580/1088/1248 10599/1088/1248 10600/1088/1706 10581/1088/1706
f 10581/1088/1706 10600/1088/1706 10582/1088/1216 10563/1088/1216
f 10601/1088/1252 10620/1088/1252 10621/1088/1254 10602/1088/1254
f 10602/1088/1254 10621/1088/1254 10622/1088/1255 10603/1088/1255
f 10603/1088/1255 10622/1088/1255 10623/1088/1256 10604/1088/1256
f 10604/1088/1256 10623/1088/1256 10624/1088/1257 10605/1088/1257
f 10605/1088/1257 10624/1088/1257 10625/1088/1258 10606/1088/1258
f 10606/1088/1258 10625/1088/1258 10626/1088/1259 10607/1088/1259
f 10607/1088/1259 10626/1088/1259 10627/1088/1260 10608/1088/1260
f 10608/1088/1260 10627/1088/1260 10628/1088/1261 10609/1088/1261
f 10609/1088/1261 10628/1088/1261 10629/1088/1262 10610/1088/1262
f 10610/1088/1262 10629/1088/1262 10630/1088/1263 10611/1088/1263
f 10611/1088/1263 10630/1088/1263 10631/1088/1274 10612/1088/1274
f 10612/1088/1274 10631/1088/1274 10632/1088/1265 10613/1088/1265
f 10613/1088/1265 10632/1088/1265 10633/1088/1266 10614/1088/1266
f 10614/1088/1266 10633/1088/1266 10634/1088/1267 10615/1088/1267
f 10615/1088/1267 10634/1088/1267 10635/1088/1268 10616/1088/1268
f 10616/1088/1268 10635/1088/1268 10636/1088/1269 10617/1088/1269
f 10617/1088/1269 10636/1088/1269 10637/1088/1270 10618/1088/1270
f 10618/1088/1270 10637/1088/1270 10638/1088/1271 10619/1088/1271
f 10619/1088/1271 10638/1088/1271 10620/1088/1252 10601/1088/1252
f 10639/1088/1252 10658/1088/1252 10659/1088/1254 10640/1088/1254
f 10640/1088/1254 10659/1088/1254 10660/1088/1255 10641/1088/1255
f 10641/1088/1255 10660/1088/1255 10661/1088/1256 10642/1088/1256
f 10642/1088/1256 10661/1088/1256 10662/1088/1257 10643/1088/1257
f 10643/1088/1257 10662/1088/1257 10663/1088/1258 10644/1088/1258
f 10644/1088/1258 10663/1088/1258 10664/1088/1259 10645/1088/1259
f 10645/1088/1259 10664/1088/1259 10665/1088/1260 10646/1088/1260
f 10646/1088/1260 10665/1088/1260 10666/1088/1261 10647/1088/1261
f 10647/1088/1261 10666/1088/1261 10667/1088/1262 10648/1088/1262
f 10648/1088/1262 10667/1088/1262 10668/1088/1263 10649/1088/1263
f 10649/1088/1263 10668/1088/1263 10669/1088/1264 10650/1088/1264
f 10650/1088/1264 10669/1088/1264 10670/1088/1265 10651/1088/1265
f 10651/1088/1265 10670/1088/1265 10671/1088/1266 10652/1088/1266
f 10652/1088/1266 10671/1088/1266 10672/1088/1267 10653/1088/1267
f 10653/1088/1267 10672/1088/1267 10673/1088/1268 10654/1088/1268
f 10654/1088/1268 10673/1088/1268 10674/1088/1269 10655/1088/1269
f 10655/1088/1269 10674/1088/1269 10675/1088/1276 10656/1088/1276
f 10656/1088/1276 10675/1088/1276 10676/1088/1271 10657/1088/1271
f 10657/1088/1271 10676/1088/1271 10658/1088/1252 10639/1088/1252
f 10677/1088/1252 10696/1088/1252 10697/1088/1253 10678/1088/1253
f 10678/1088/1253 10697/1088/1253 10698/1088/1255 10679/1088/1255
f 10679/1088/1255 10698/1088/1255 10699/1088/1256 10680/1088/1256
f 10680/1088/1256 10699/1088/1256 10700/1088/1257 10681/1088/1257
f 10681/1088/1257 10700/1088/1257 10701/1088/1258 10682/1088/1258
f 10682/1088/1258 10701/1088/1258 10702/1088/1259 10683/1088/1259
f 10683/1088/1259 10702/1088/1259 10703/1088/1260 10684/1088/1260
f 10684/1088/1260 10703/1088/1260 10704/1088/1261 10685/1088/1261
f 10685/1088/1261 10704/1088/1261 10705/1088/1262 10686/1088/1262
f 10686/1088/1262 10705/1088/1262 10706/1088/1263 10687/1088/1263
f 10687/1088/1263 10706/1088/1263 10707/1088/1274 10688/1088/1274
f 10688/1088/1274 10707/1088/1274 10708/1088/1265 10689/1088/1265
f 10689/1088/1265 10708/1088/1265 10709/1088/1266 10690/1088/1266
f 10690/1088/1266 10709/1088/1266 10710/1088/1267 10691/1088/1267
f 10691/1088/1267 10710/1088/1267 10711/1088/1268 10692/1088/1268
f 10692/1088/1268 10711/1088/1268 10712/1088/1269 10693/1088/1269
f 10693/1088/1269 10712/1088/1269 10713/1088/1276 10694/1088/1276
f 10694/1088/1276 10713/1088/1276 10714/1088/1271 10695/1088/1271
f 10695/1088/1271 10714/1088/1271 10696/1088/1252 10677/1088/1252
f 10715/1088/1252 10734/1088/1252 10735/1088/1253 10716/1088/1253
f 10716/1088/1253 10735/1088/1253 10736/1088/1255 10717/1088/1255
f 10717/1088/1255 10736/1088/1255 10737/1088/1256 10718/1088/1256
f 10718/1088/1256 10737/1088/1256 10738/1088/1257 10719/1088/1257
f 10719/1088/1257 10738/1088/1257 10739/1088/1258 10720/1088/1258
f 10720/1088/1258 10739/1088/1258 10740/1088/1259 10721/1088/1259
f 10721/1088/1259 10740/1088/1259 10741/1088/1260 10722/1088/1260
f 10722/1088/1260 10741/1088/1260 10742/1088/1261 10723/1088/1261
f 10723/1088/1261 10742/1088/1261 10743/1088/1262 10724/1088/1262
f 10724/1088/1262 10743/1088/1262 10744/1088/1263 10725/1088/1263
f 10725/1088/1263 10744/1088/1263 10745/1088/1274 10726/1088/1274
f 10726/1088/1274 10745/1088/1274 10746/1088/1265 10727/1088/1265
f 10727/1088/1265 10746/1088/1265 10747/1088/1266 10728/1088/1266
f 10728/1088/1266 10747/1088/1266 10748/1088/1267 10729/1088/1267
f 10729/1088/1267 10748/1088/1267 10749/1088/1268 10730/1088/1268
f 10730/1088/1268 10749/1088/1268 10750/1088/1269 10731/1088/1269
f 10731/1088/1269 10750/1088/1269 10751/1088/1276 10732/1088/1276
f 10732/1088/1276 10751/1088/1276 10752/1088/1271 10733/1088/1271
f 10733/1088/1271 10752/1088/1271 10734/1088/1252 10715/1088/1252
f 10753/1088/1252 10772/1088/1252 10773/1088/1253 10754/1088/1253
f 10754/1088/1253 10773/1088/1253 10774/1088/1255 10755/1088/1255
f 10755/1088/1255 10774/1088/1255 10775/1088/1256 10756/1088/1256
f 10756/1088/1256 10775/1088/1256 10776/1088/1257 10757/1088/1257
f 10757/1088/1257 10776/1088/1257 10777/1088/1258 10758/1088/1258
f 10758/1088/1258 10777/1088/1258 10778/1088/1259 10759/1088/1259
f 10759/1088/1259 10778/1088/1259 10779/1088/1260 10760/1088/1260
f 10760/1088/1260 10779/1088/1260 10780/1088/1261 10761/1088/1261
f 10761/1088/1261 10780/1088/1261 10781/1088/1262 10762/1088/1262
f 10762/1088/1262 10781/1088/1262 10782/1088/1263 10763/1088/1263
f 10763/1088/1263 10782/1088/1263 10783/1088/1264 10764/1088/1264
f 10764/1088/1264 10783/1088/1264 10784/1088/1265 10765/1088/1265
f 10765/1088/1265 10784/1088/1265 10785/1088/1266 10766/1088/1266
f 10766/1088/1266 10785/1088/1266 10786/1088/1267 10767/1088/1267
f 10767/1088/1267 10786/1088/1267 10787/1088/1268 10768/1088/1268
f 10768/1088/1268 10787/1088/1268 10788/1088/1275 10769/1088/1275
f 10769/1088/1275 10788/1088/1275 10789/1088/1270 10770/1088/1270
f 10770/1088/1270 10789/1088/1270 10790/1088/1271 10771/1088/1271
f 10771/1088/1271 10790/1088/1271 10772/1088/1252 10753/1088/1252
f 10791/1088/1252 10810/1088/1252 10811/1088/1253 10792/1088/1253
f 10792/1088/1253 10811/1088/1253 10812/1088/1255 10793/1088/1255
f 10793/1088/1255 10812/1088/1255 10813/1088/1256 10794/1088/1256
f 10794/1088/1256 10813/1088/1256 10814/1088/1257 10795/1088/1257
f 10795/1088/1257 10814/1088/1257 10815/1088/1258 10796/1088/1258
f 10796/1088/1258 10815/1088/1258 10816/1088/1259 10797/1088/1259
f 10797/1088/1259 10816/1088/1259 10817/1088/1260 10798/1088/1260
f 10798/1088/1260 10817/1088/1260 10818/1088/1261 10799/1088/1261
f 10799/1088/1261 10818/1088/1261 10819/1088/1262 10800/1088/1262
f 10800/1088/1262 10819/1088/1262 10820/1088/1263 10801/1088/1263
f 10801/1088/1263 10820/1088/1263 10821/1088/1274 10802/1088/1274
f 10802/1088/1274 10821/1088/1274 10822/1088/1265 10803/1088/1265
f 10803/1088/1265 10822/1088/1265 10823/1088/1266 10804/1088/1266
f 10804/1088/1266 10823/1088/1266 10824/1088/1267 10805/1088/1267
f 10805/1088/1267 10824/1088/1267 10825/1088/1268 10806/1088/1268
f 10806/1088/1268 10825/1088/1268 10826/1088/1269 10807/1088/1269
f 10807/1088/1269 10826/1088/1269 10827/1088/1276 10808/1088/1276
f 10808/1088/1276 10827/1088/1276 10828/1088/1271 10809/1088/1271
f 10809/1088/1271 10828/1088/1271 10810/1088/1252 10791/1088/1252
f 10829/1088/1252 10848/1088/1252 10849/1088/1254 10830/1088/1254
f 10830/1088/1254 10849/1088/1254 10850/1088/1255 10831/1088/1255
f 10831/1088/1255 10850/1088/1255 10851/1088/1256 10832/1088/1256
f 10832/1088/1256 10851/1088/1256 10852/1088/1257 10833/1088/1257
f 10833/1088/1257 10852/1088/1257 10853/1088/1258 10834/1088/1258
f 10834/1088/1258 10853/1088/1258 10854/1088/1259 10835/1088/1259
f 10835/1088/1259 10854/1088/1259 10855/1088/1260 10836/1088/1260
f 10836/1088/1260 10855/1088/1260 10856/1088/1261 10837/1088/1261
f 10837/1088/1261 10856/1088/1261 10857/1088/1262 10838/1088/1262
f 10838/1088/1262 10857/1088/1262 10858/1088/1263 10839/1088/1263
f 10839/1088/1263 10858/1088/1263 10859/1088/1274 10840/1088/1274
f 10840/1088/1274 10859/1088/1274 10860/1088/1265 10841/1088/1265
f 10841/1088/1265 10860/1088/1265 10861/1088/1266 10842/1088/1266
f 10842/1088/1266 10861/1088/1266 10862/1088/1267 10843/1088/1267
f 10843/1088/1267 10862/1088/1267 10863/1088/1268 10844/1088/1268
f 10844/1088/1268 10863/1088/1268 10864/1088/1269 10845/1088/1269
f 10845/1088/1269 10864/1088/1269 10865/1088/1270 10846/1088/1270
f 10846/1088/1270 10865/1088/1270 10866/1088/1271 10847/1088/1271
f 10847/1088/1271 10866/1088/1271 10848/1088/1252 10829/1088/1252
f 10867/1088/1252 10886/1088/1252 10887/1088/1253 10868/1088/1253
f 10868/1088/1253 10887/1088/1253 10888/1088/1255 10869/1088/1255
f 10869/1088/1255 10888/1088/1255 10889/1088/1256 10870/1088/1256
f 10870/1088/1256 10889/1088/1256 10890/1088/1257 10871/1088/1257
f 10871/1088/1257 10890/1088/1257 10891/1088/1258 10872/1088/1258
f 10872/1088/1258 10891/1088/1258 10892/1088/1259 10873/1088/1259
f 10873/1088/1259 10892/1088/1259 10893/1088/1717 10874/1088/1717
f 10874/1088/1717 10893/1088/1717 10894/1088/1718 10875/1088/1718
f 10875/1088/1718 10894/1088/1718 10895/1088/1262 10876/1088/1262
f 10876/1088/1262 10895/1088/1262 10896/1088/1263 10877/1088/1263
f 10877/1088/1263 10896/1088/1263 10897/1088/1274 10878/1088/1274
f 10878/1088/1274 10897/1088/1274 10898/1088/1265 10879/1088/1265
f 10879/1088/1265 10898/1088/1265 10899/1088/1266 10880/1088/1266
f 10880/1088/1266 10899/1088/1266 10900/1088/1267 10881/1088/1267
f 10881/1088/1267 10900/1088/1267 10901/1088/1719 10882/1088/1719
f 10882/1088/1719 10901/1088/1719 10902/1088/1269 10883/1088/1269
f 10883/1088/1269 10902/1088/1269 10903/1088/1720 10884/1088/1276
f 10884/1088/1276 10903/1088/1720 10904/1088/1271 10885/1088/1271
f 10885/1088/1271 10904/1088/1271 10886/1088/1252 10867/1088/1252
f 10905/1088/1252 10924/1088/1252 10925/1088/1254 10906/1088/1254
f 10906/1088/1254 10925/1088/1254 10926/1088/1255 10907/1088/1255
f 10907/1088/1255 10926/1088/1255 10927/1088/1256 10908/1088/1256
f 10908/1088/1256 10927/1088/1256 10928/1088/1257 10909/1088/1257
f 10909/1088/1257 10928/1088/1257 10929/1088/1258 10910/1088/1258
f 10910/1088/1258 10929/1088/1258 10930/1088/1259 10911/1088/1259
f 10911/1088/1259 10930/1088/1259 10931/1088/1260 10912/1088/1260
f 10912/1088/1260 10931/1088/1260 10932/1088/1261 10913/1088/1261
f 10913/1088/1261 10932/1088/1261 10933/1088/1262 10914/1088/1262
f 10914/1088/1262 10933/1088/1262 10934/1088/1263 10915/1088/1263
f 10915/1088/1263 10934/1088/1263 10935/1088/1274 10916/1088/1264
f 10916/1088/1264 10935/1088/1274 10936/1088/1265 10917/1088/1265
f 10917/1088/1265 10936/1088/1265 10937/1088/1266 10918/1088/1266
f 10918/1088/1266 10937/1088/1266 10938/1088/1267 10919/1088/1267
f 10919/1088/1267 10938/1088/1267 10939/1088/1268 10920/1088/1268
f 10920/1088/1268 10939/1088/1268 10940/1088/1269 10921/1088/1275
f 10921/1088/1275 10940/1088/1269 10941/1088/1270 10922/1088/1270
f 10922/1088/1270 10941/1088/1270 10942/1088/1271 10923/1088/1271
f 10923/1088/1271 10942/1088/1271 10924/1088/1252 10905/1088/1252
f 10943/1088/1252 10962/1088/1252 10963/1088/1253 10944/1088/1253
f 10944/1088/1253 10963/1088/1253 10964/1088/1255 10945/1088/1255
f 10945/1088/1255 10964/1088/1255 10965/1088/1256 10946/1088/1256
f 10946/1088/1256 10965/1088/1256 10966/1088/1721 10947/1088/1721
f 10947/1088/1721 10966/1088/1721 10967/1088/1258 10948/1088/1258
f 10948/1088/1258 10967/1088/1258 10968/1088/1259 10949/1088/1259
f 10949/1088/1259 10968/1088/1259 10969/1088/1260 10950/1088/1717
f 10950/1088/1717 10969/1088/1260 10970/1088/1718 10951/1088/1718
f 10951/1088/1718 10970/1088/1718 10971/1088/1722 10952/1088/1722
f 10952/1088/1722 10971/1088/1722 10972/1088/1263 10953/1088/1263
f 10953/1088/1263 10972/1088/1263 10973/1088/1274 10954/1088/1274
f 10954/1088/1274 10973/1088/1274 10974/1088/1265 10955/1088/1265
f 10955/1088/1265 10974/1088/1265 10975/1088/1266 10956/1088/1266
f 10956/1088/1266 10975/1088/1266 10976/1088/1267 10957/1088/1267
f 10957/1088/1267 10976/1088/1267 10977/1088/1268 10958/1088/1719
f 10958/1088/1719 10977/1088/1268 10978/1088/1269 10959/1088/1269
f 10959/1088/1269 10978/1088/1269 10979/1088/1276 10960/1088/1276
f 10960/1088/1276 10979/1088/1276 10980/1088/1271 10961/1088/1271
f 10961/1088/1271 10980/1088/1271 10962/1088/1252 10943/1088/1252
f 10981/1088/1252 11000/1088/1252 11001/1088/1254 10982/1088/1254
f 10982/1088/1254 11001/1088/1254 11002/1088/1255 10983/1088/1255
f 10983/1088/1255 11002/1088/1255 11003/1088/1256 10984/1088/1256
f 10984/1088/1256 11003/1088/1256 11004/1088/1257 10985/1088/1257
f 10985/1088/1257 11004/1088/1257 11005/1088/1258 10986/1088/1258
f 10986/1088/1258 11005/1088/1258 11006/1088/1259 10987/1088/1259
f 10987/1088/1259 11006/1088/1259 11007/1088/1260 10988/1088/1260
f 10988/1088/1260 11007/1088/1260 11008/1088/1261 10989/1088/1261
f 10989/1088/1261 11008/1088/1261 11009/1088/1262 10990/1088/1262
f 10990/1088/1262 11009/1088/1262 11010/1088/1263 10991/1088/1263
f 10991/1088/1263 11010/1088/1263 11011/1088/1274 10992/1088/1274
f 10992/1088/1274 11011/1088/1274 11012/1088/1265 10993/1088/1265
f 10993/1088/1265 11012/1088/1265 11013/1088/1266 10994/1088/1266
f 10994/1088/1266 11013/1088/1266 11014/1088/1267 10995/1088/1267
f 10995/1088/1267 11014/1088/1267 11015/1088/1268 10996/1088/1268
f 10996/1088/1268 11015/1088/1268 11016/1088/1269 10997/1088/1269
f 10997/1088/1269 11016/1088/1269 11017/1088/1270 10998/1088/1270
f 10998/1088/1270 11017/1088/1270 11018/1088/1271 10999/1088/1271
f 10999/1088/1271 11018/1088/1271 11000/1088/1252 10981/1088/1252
f 11019/1088/1277 11038/1088/1277 11039/1088/1278 11020/1088/1278
f 11020/1088/1278 11039/1088/1278 11040/1088/1279 11021/1088/1279
f 11021/1088/1279 11040/1088/1279 11041/1088/1280 11022/1088/1280
f 11022/1088/1280 11041/1088/1280 11042/1088/1281 11023/1088/1281
f 11023/1088/1281 11042/1088/1281 11043/1088/1282 11024/1088/1282
f 11024/1088/1282 11043/1088/1282 11044/1088/1283 11025/1088/1283
f 11025/1088/1283 11044/1088/1283 11045/1088/1284 11026/1088/1284
f 11026/1088/1284 11045/1088/1284 11046/1088/1285 11027/1088/1285
f 11027/1088/1285 11046/1088/1285 11047/1088/1286 11028/1088/1286
f 11028/1088/1286 11047/1088/1286 11048/1088/1287 11029/1088/1287
f 11029/1088/1287 11048/1088/1287 11049/1088/1297 11030/1088/1297
f 11030/1088/1297 11049/1088/1297 11050/1088/1289 11031/1088/1289
f 11031/1088/1289 11050/1088/1289 11051/1088/1290 11032/1088/1290
f 11032/1088/1290 11051/1088/1290 11052/1088/1291 11033/1088/1291
f 11033/1088/1291 11052/1088/1291 11053/1088/1292 11034/1088/1292
f 11034/1088/1292 11053/1088/1292 11054/1088/1298 11035/1088/1298
f 11035/1088/1298 11054/1088/1298 11055/1088/1294 11036/1088/1294
f 11036/1088/1294 11055/1088/1294 11056/1088/1295 11037/1088/1295
f 11037/1088/1295 11056/1088/1295 11038/1088/1277 11019/1088/1277
f 11057/1088/1277 11076/1088/1277 11077/1088/1278 11058/1088/1278
f 11058/1088/1278 11077/1088/1278 11078/1088/1279 11059/1088/1279
f 11059/1088/1279 11078/1088/1279 11079/1088/1280 11060/1088/1280
f 11060/1088/1280 11079/1088/1280 11080/1088/1723 11061/1088/1723
f 11061/1088/1723 11080/1088/1723 11081/1088/1282 11062/1088/1282
f 11062/1088/1282 11081/1088/1282 11082/1088/1283 11063/1088/1283
f 11063/1088/1283 11082/1088/1283 11083/1088/1284 11064/1088/1284
f 11064/1088/1284 11083/1088/1284 11084/1088/1285 11065/1088/1285
f 11065/1088/1285 11084/1088/1285 11085/1088/1286 11066/1088/1286
f 11066/1088/1286 11085/1088/1286 11086/1088/1287 11067/1088/1287
f 11067/1088/1287 11086/1088/1287 11087/1088/1297 11068/1088/1297
f 11068/1088/1297 11087/1088/1297 11088/1088/1289 11069/1088/1289
f 11069/1088/1289 11088/1088/1289 11089/1088/1300 11070/1088/1300
f 11070/1088/1300 11089/1088/1300 11090/1088/1291 11071/1088/1291
f 11071/1088/1291 11090/1088/1291 11091/1088/1292 11072/1088/1292
f 11072/1088/1292 11091/1088/1292 11092/1088/1298 11073/1088/1298
f 11073/1088/1298 11092/1088/1298 11093/1088/1299 11074/1088/1299
f 11074/1088/1299 11093/1088/1299 11094/1088/1295 11075/1088/1295
f 11075/1088/1295 11094/1088/1295 11076/1088/1277 11057/1088/1277
f 11095/1088/1277 11114/1088/1277 11115/1088/1724 11096/1088/1724
f 11096/1088/1724 11115/1088/1724 11116/1088/1725 11097/1088/1725
f 11097/1088/1725 11116/1088/1725 11117/1088/1280 11098/1088/1280
f 11098/1088/1280 11117/1088/1280 11118/1088/1301 11099/1088/1301
f 11099/1088/1301 11118/1088/1301 11119/1088/1282 11100/1088/1282
f 11100/1088/1282 11119/1088/1282 11120/1088/1302 11101/1088/1302
f 11101/1088/1302 11120/1088/1302 11121/1088/1284 11102/1088/1284
f 11102/1088/1284 11121/1088/1284 11122/1088/1285 11103/1088/1285
f 11103/1088/1285 11122/1088/1285 11123/1088/1726 11104/1088/1726
f 11104/1088/1726 11123/1088/1726 11124/1088/1287 11105/1088/1287
f 11105/1088/1287 11124/1088/1287 11125/1088/1297 11106/1088/1297
f 11106/1088/1297 11125/1088/1297 11126/1088/1289 11107/1088/1289
f 11107/1088/1289 11126/1088/1289 11127/1088/1290 11108/1088/1290
f 11108/1088/1290 11127/1088/1290 11128/1088/1291 11109/1088/1291
f 11109/1088/1291 11128/1088/1291 11129/1088/1292 11110/1088/1292
f 11110/1088/1292 11129/1088/1292 11130/1088/1293 11111/1088/1293
f 11111/1088/1293 11130/1088/1293 11131/1088/1299 11112/1088/1299
f 11112/1088/1299 11131/1088/1299 11132/1088/1295 11113/1088/1295
f 11113/1088/1295 11132/1088/1295 11114/1088/1277 11095/1088/1277
f 11133/1088/1277 11152/1088/1277 11153/1088/1278 11134/1088/1278
f 11134/1088/1278 11153/1088/1278 11154/1088/1279 11135/1088/1279
f 11135/1088/1279 11154/1088/1279 11155/1088/1280 11136/1088/1280
f 11136/1088/1280 11155/1088/1280 11156/1088/1281 11137/1088/1281
f 11137/1088/1281 11156/1088/1281 11157/1088/1282 11138/1088/1282
f 11138/1088/1282 11157/1088/1282 11158/1088/1283 11139/1088/1283
f 11139/1088/1283 11158/1088/1283 11159/1088/1284 11140/1088/1284
f 11140/1088/1284 11159/1088/1284 11160/1088/1285 11141/1088/1285
f 11141/1088/1285 11160/1088/1285 11161/1088/1286 11142/1088/1286
f 11142/1088/1286 11161/1088/1286 11162/1088/1287 11143/1088/1287
f 11143/1088/1287 11162/1088/1287 11163/1088/1288 11144/1088/1288
f 11144/1088/1288 11163/1088/1288 11164/1088/1289 11145/1088/1289
f 11145/1088/1289 11164/1088/1289 11165/1088/1290 11146/1088/1290
f 11146/1088/1290 11165/1088/1290 11166/1088/1291 11147/1088/1291
f 11147/1088/1291 11166/1088/1291 11167/1088/1292 11148/1088/1292
f 11148/1088/1292 11167/1088/1292 11168/1088/1298 11149/1088/1298
f 11149/1088/1298 11168/1088/1298 11169/1088/1299 11150/1088/1299
f 11150/1088/1299 11169/1088/1299 11170/1088/1295 11151/1088/1295
f 11151/1088/1295 11170/1088/1295 11152/1088/1277 11133/1088/1277
f 11171/1088/1277 11190/1088/1277 11191/1088/1296 11172/1088/1296
f 11172/1088/1296 11191/1088/1296 11192/1088/1279 11173/1088/1279
f 11173/1088/1279 11192/1088/1279 11193/1088/1280 11174/1088/1280
f 11174/1088/1280 11193/1088/1280 11194/1088/1281 11175/1088/1281
f 11175/1088/1281 11194/1088/1281 11195/1088/1282 11176/1088/1282
f 11176/1088/1282 11195/1088/1282 11196/1088/1283 11177/1088/1283
f 11177/1088/1283 11196/1088/1283 11197/1088/1284 11178/1088/1284
f 11178/1088/1284 11197/1088/1284 11198/1088/1285 11179/1088/1285
f 11179/1088/1285 11198/1088/1285 11199/1088/1286 11180/1088/1286
f 11180/1088/1286 11199/1088/1286 11200/1088/1287 11181/1088/1287
f 11181/1088/1287 11200/1088/1287 11201/1088/1288 11182/1088/1288
f 11182/1088/1288 11201/1088/1288 11202/1088/1289 11183/1088/1289
f 11183/1088/1289 11202/1088/1289 11203/1088/1290 11184/1088/1290
f 11184/1088/1290 11203/1088/1290 11204/1088/1291 11185/1088/1291
f 11185/1088/1291 11204/1088/1291 11205/1088/1292 11186/1088/1292
f 11186/1088/1292 11205/1088/1292 11206/1088/1298 11187/1088/1298
f 11187/1088/1298 11206/1088/1298 11207/1088/1294 11188/1088/1294
f 11188/1088/1294 11207/1088/1294 11208/1088/1295 11189/1088/1295
f 11189/1088/1295 11208/1088/1295 11190/1088/1277 11171/1088/1277
f 11209/1088/1277 11228/1088/1277 11229/1088/1724 11210/1088/1724
f 11210/1088/1724 11229/1088/1724 11230/1088/1279 11211/1088/1279
f 11211/1088/1279 11230/1088/1279 11231/1088/1280 11212/1088/1280
f 11212/1088/1280 11231/1088/1280 11232/1088/1281 11213/1088/1281
f 11213/1088/1281 11232/1088/1281 11233/1088/1282 11214/1088/1282
f 11214/1088/1282 11233/1088/1282 11234/1088/1283 11215/1088/1283
f 11215/1088/1283 11234/1088/1283 11235/1088/1284 11216/1088/1284
f 11216/1088/1284 11235/1088/1284 11236/1088/1285 11217/1088/1285
f 11217/1088/1285 11236/1088/1285 11237/1088/1286 11218/1088/1286
f 11218/1088/1286 11237/1088/1286 11238/1088/1287 11219/1088/1287
f 11219/1088/1287 11238/1088/1287 11239/1088/1297 11220/1088/1297
f 11220/1088/1297 11239/1088/1297 11240/1088/1289 11221/1088/1289
f 11221/1088/1289 11240/1088/1289 11241/1088/1290 11222/1088/1290
f 11222/1088/1290 11241/1088/1290 11242/1088/1291 11223/1088/1291
f 11223/1088/1291 11242/1088/1291 11243/1088/1292 11224/1088/1292
f 11224/1088/1292 11243/1088/1292 11244/1088/1298 11225/1088/1298
f 11225/1088/1298 11244/1088/1298 11245/1088/1299 11226/1088/1299
f 11226/1088/1299 11245/1088/1299 11246/1088/1295 11227/1088/1295
f 11227/1088/1295 11246/1088/1295 11228/1088/1277 11209/1088/1277
f 11247/1088/1277 11266/1088/1277 11267/1088/1296 11248/1088/1296
f 11248/1088/1296 11267/1088/1296 11268/1088/1279 11249/1088/1279
f 11249/1088/1279 11268/1088/1279 11269/1088/1280 11250/1088/1280
f 11250/1088/1280 11269/1088/1280 11270/1088/1281 11251/1088/1281
f 11251/1088/1281 11270/1088/1281 11271/1088/1282 11252/1088/1282
f 11252/1088/1282 11271/1088/1282 11272/1088/1283 11253/1088/1283
f 11253/1088/1283 11272/1088/1283 11273/1088/1284 11254/1088/1284
f 11254/1088/1284 11273/1088/1284 11274/1088/1285 11255/1088/1285
f 11255/1088/1285 11274/1088/1285 11275/1088/1286 11256/1088/1286
f 11256/1088/1286 11275/1088/1286 11276/1088/1287 11257/1088/1287
f 11257/1088/1287 11276/1088/1287 11277/1088/1297 11258/1088/1297
f 11258/1088/1297 11277/1088/1297 11278/1088/1289 11259/1088/1289
f 11259/1088/1289 11278/1088/1289 11279/1088/1290 11260/1088/1290
f 11260/1088/1290 11279/1088/1290 11280/1088/1291 11261/1088/1291
f 11261/1088/1291 11280/1088/1291 11281/1088/1292 11262/1088/1292
f 11262/1088/1292 11281/1088/1292 11282/1088/1293 11263/1088/1293
f 11263/1088/1293 11282/1088/1293 11283/1088/1294 11264/1088/1294
f 11264/1088/1294 11283/1088/1294 11284/1088/1295 11265/1088/1295
f 11265/1088/1295 11284/1088/1295 11266/1088/1277 11247/1088/1277
f 11285/1088/1277 11304/1088/1277 11305/1088/1724 11286/1088/1724
f 11286/1088/1724 11305/1088/1724 11306/1088/1279 11287/1088/1279
f 11287/1088/1279 11306/1088/1279 11307/1088/1280 11288/1088/1280
f 11288/1088/1280 11307/1088/1280 11308/1088/1281 11289/1088/1281
f 11289/1088/1281 11308/1088/1281 11309/1088/1282 11290/1088/1282
f 11290/1088/1282 11309/1088/1282 11310/1088/1283 11291/1088/1283
f 11291/1088/1283 11310/1088/1283 11311/1088/1284 11292/1088/1284
f 11292/1088/1284 11311/1088/1284 11312/1088/1727 11293/1088/1727
f 11293/1088/1727 11312/1088/1727 11313/1088/1726 11294/1088/1726
f 11294/1088/1726 11313/1088/1726 11314/1088/1287 11295/1088/1287
f 11295/1088/1287 11314/1088/1287 11315/1088/1288 11296/1088/1288
f 11296/1088/1288 11315/1088/1288 11316/1088/1289 11297/1088/1289
f 11297/1088/1289 11316/1088/1289 11317/1088/1290 11298/1088/1290
f 11298/1088/1290 11317/1088/1290 11318/1088/1291 11299/1088/1291
f 11299/1088/1291 11318/1088/1291 11319/1088/1292 11300/1088/1292
f 11300/1088/1292 11319/1088/1292 11320/1088/1298 11301/1088/1298
f 11301/1088/1298 11320/1088/1298 11321/1088/1728 11302/1088/1299
f 11302/1088/1299 11321/1088/1728 11322/1088/1295 11303/1088/1295
f 11303/1088/1295 11322/1088/1295 11304/1088/1277 11285/1088/1277
f 11323/1088/1277 11342/1088/1277 11343/1088/1296 11324/1088/1296
f 11324/1088/1296 11343/1088/1296 11344/1088/1279 11325/1088/1279
f 11325/1088/1279 11344/1088/1279 11345/1088/1280 11326/1088/1280
f 11326/1088/1280 11345/1088/1280 11346/1088/1301 11327/1088/1301
f 11327/1088/1301 11346/1088/1301 11347/1088/1282 11328/1088/1282
f 11328/1088/1282 11347/1088/1282 11348/1088/1283 11329/1088/1302
f 11329/1088/1302 11348/1088/1283 11349/1088/1284 11330/1088/1284
f 11330/1088/1284 11349/1088/1284 11350/1088/1285 11331/1088/1285
f 11331/1088/1285 11350/1088/1285 11351/1088/1286 11332/1088/1286
f 11332/1088/1286 11351/1088/1286 11352/1088/1287 11333/1088/1287
f 11333/1088/1287 11352/1088/1287 11353/1088/1297 11334/1088/1297
f 11334/1088/1297 11353/1088/1297 11354/1088/1289 11335/1088/1289
f 11335/1088/1289 11354/1088/1289 11355/1088/1290 11336/1088/1290
f 11336/1088/1290 11355/1088/1290 11356/1088/1291 11337/1088/1291
f 11337/1088/1291 11356/1088/1291 11357/1088/1292 11338/1088/1292
f 11338/1088/1292 11357/1088/1292 11358/1088/1293 11339/1088/1293
f 11339/1088/1293 11358/1088/1293 11359/1088/1294 11340/1088/1294
f 11340/1088/1294 11359/1088/1294 11360/1088/1295 11341/1088/1295
f 11341/1088/1295 11360/1088/1295 11342/1088/1277 11323/1088/1277
f 11361/1088/1277 11380/1088/1277 11381/1088/1724 11362/1088/1724
f 11362/1088/1724 11381/1088/1724 11382/1088/1279 11363/1088/1279
f 11363/1088/1279 11382/1088/1279 11383/1088/1280 11364/1088/1280
f 11364/1088/1280 11383/1088/1280 11384/1088/1281 11365/1088/1281
f 11365/1088/1281 11384/1088/1281 11385/1088/1282 11366/1088/1282
f 11366/1088/1282 11385/1088/1282 11386/1088/1283 11367/1088/1283
f 11367/1088/1283 11386/1088/1283 11387/1088/1284 11368/1088/1284
f 11368/1088/1284 11387/1088/1284 11388/1088/1285 11369/1088/1285
f 11369/1088/1285 11388/1088/1285 11389/1088/1286 11370/1088/1286
f 11370/1088/1286 11389/1088/1286 11390/1088/1287 11371/1088/1287
f 11371/1088/1287 11390/1088/1287 11391/1088/1297 11372/1088/1297
f 11372/1088/1297 11391/1088/1297 11392/1088/1289 11373/1088/1289
f 11373/1088/1289 11392/1088/1289 11393/1088/1290 11374/1088/1290
f 11374/1088/1290 11393/1088/1290 11394/1088/1291 11375/1088/1291
f 11375/1088/1291 11394/1088/1291 11395/1088/1292 11376/1088/1292
f 11376/1088/1292 11395/1088/1292 11396/1088/1298 11377/1088/1298
f 11377/1088/1298 11396/1088/1298 11397/1088/1299 11378/1088/1299
f 11378/1088/1299 11397/1088/1299 11398/1088/1729 11379/1088/1729
f 11379/1088/1729 11398/1088/1729 11380/1088/1277 11361/1088/1277
f 11399/1088/1277 11418/1088/1277 11419/1088/1296 11400/1088/1296
f 11400/1088/1296 11419/1088/1296 11420/1088/1279 11401/1088/1279
f 11401/1088/1279 11420/1088/1279 11421/1088/1280 11402/1088/1280
f 11402/1088/1280 11421/1088/1280 11422/1088/1281 11403/1088/1281
f 11403/1088/1281 11422/1088/1281 11423/1088/1282 11404/1088/1282
f 11404/1088/1282 11423/1088/1282 11424/1088/1283 11405/1088/1283
f 11405/1088/1283 11424/1088/1283 11425/1088/1284 11406/1088/1284
f 11406/1088/1284 11425/1088/1284 11426/1088/1285 11407/1088/1285
f 11407/1088/1285 11426/1088/1285 11427/1088/1286 11408/1088/1286
f 11408/1088/1286 11427/1088/1286 11428/1088/1287 11409/1088/1287
f 11409/1088/1287 11428/1088/1287 11429/1088/1288 11410/1088/1288
f 11410/1088/1288 11429/1088/1288 11430/1088/1289 11411/1088/1289
f 11411/1088/1289 11430/1088/1289 11431/1088/1290 11412/1088/1290
f 11412/1088/1290 11431/1088/1290 11432/1088/1291 11413/1088/1291
f 11413/1088/1291 11432/1088/1291 11433/1088/1292 11414/1088/1292
f 11414/1088/1292 11433/1088/1292 11434/1088/1298 11415/1088/1298
f 11415/1088/1298 11434/1088/1298 11435/1088/1294 11416/1088/1294
f 11416/1088/1294 11435/1088/1294 11436/1088/1295 11417/1088/1295
f 11417/1088/1295 11436/1088/1295 11418/1088/1277 11399/1088/1277
