# Blender 4.5.1 LTS
# www.blender.org
mtllib metano.mtl
o metano
v 0.000000 0.357131 -0.293090
v 0.000000 0.293090 -0.357131
v 0.000000 0.176800 -0.426832
v 0.000000 0.134112 -0.442106
v 0.000000 0.090132 -0.453123
v 0.000000 0.045284 -0.459775
v 0.000000 -0.045284 -0.459775
v 0.000000 -0.090132 -0.453123
v 0.000000 -0.217785 -0.407448
v 0.000000 -0.256673 -0.384139
v 0.000000 -0.293090 -0.357131
v 0.000000 -0.357131 -0.293090
v 0.000000 -0.384139 -0.256673
v 0.000000 -0.407448 -0.217785
v 0.000000 -0.453123 -0.090132
v 0.000000 -0.459775 -0.045284
v 0.008834 0.459775 -0.044414
v 0.017584 0.453123 -0.088400
v 0.026164 0.442106 -0.131535
v 0.034492 0.426832 -0.173403
v 0.042488 0.407448 -0.213601
v 0.050075 0.384139 -0.251742
v 0.057179 0.357131 -0.287458
v 0.063733 0.326683 -0.320406
v 0.069673 0.293090 -0.350269
v 0.074942 0.256673 -0.376758
v 0.079489 0.217785 -0.399619
v 0.083271 0.176800 -0.418631
v 0.086251 0.134112 -0.433611
v 0.088400 0.090132 -0.444416
v 0.089698 0.045284 -0.450941
v 0.090132 -0.000000 -0.453123
v 0.089698 -0.045284 -0.450941
v 0.088400 -0.090132 -0.444416
v 0.086251 -0.134112 -0.433611
v 0.083271 -0.176800 -0.418631
v 0.079489 -0.217785 -0.399619
v 0.074942 -0.256673 -0.376758
v 0.069673 -0.293090 -0.350269
v 0.063733 -0.326683 -0.320406
v 0.057179 -0.357131 -0.287458
v 0.050075 -0.384139 -0.251742
v 0.042488 -0.407448 -0.213601
v 0.034492 -0.426832 -0.173403
v 0.026164 -0.442106 -0.131535
v 0.017584 -0.453123 -0.088400
v 0.008834 -0.459775 -0.044414
v 0.017329 0.459775 -0.041837
v 0.034492 0.453123 -0.083271
v 0.051322 0.442106 -0.123903
v 0.067658 0.426832 -0.163342
v 0.083343 0.407448 -0.201207
v 0.098225 0.384139 -0.237135
v 0.112161 0.357131 -0.270780
v 0.125016 0.326683 -0.301816
v 0.136668 0.293090 -0.329946
v 0.147004 0.256673 -0.354898
v 0.155923 0.217785 -0.376432
v 0.163342 0.176800 -0.394342
v 0.169187 0.134112 -0.408453
v 0.173403 0.090132 -0.418631
v 0.175948 0.045284 -0.424777
v 0.176800 -0.000000 -0.426832
v 0.175948 -0.045284 -0.424777
v 0.173403 -0.090132 -0.418631
v 0.169187 -0.134112 -0.408453
v 0.163342 -0.176800 -0.394342
v 0.155923 -0.217785 -0.376432
v 0.147004 -0.256673 -0.354898
v 0.136668 -0.293090 -0.329946
v 0.125016 -0.326683 -0.301816
v 0.112161 -0.357131 -0.270780
v 0.098225 -0.384139 -0.237135
v 0.083343 -0.407448 -0.201207
v 0.067658 -0.426832 -0.163342
v 0.051322 -0.442106 -0.123903
v 0.034492 -0.453123 -0.083271
v 0.017329 -0.459775 -0.041837
v 0.025158 0.459775 -0.037652
v 0.050075 0.453123 -0.074942
v 0.074508 0.442106 -0.111510
v 0.098225 0.426832 -0.147004
v 0.120995 0.407448 -0.181082
v 0.142600 0.384139 -0.213416
v 0.162832 0.357131 -0.243695
v 0.181496 0.326683 -0.271627
v 0.198411 0.293090 -0.296943
v 0.213416 0.256673 -0.319400
v 0.226366 0.217785 -0.338780
v 0.237135 0.176800 -0.354898
v 0.245621 0.134112 -0.367598
v 0.251742 0.090132 -0.376758
v 0.255437 0.045284 -0.382289
v 0.256673 -0.000000 -0.384139
v 0.255437 -0.045284 -0.382289
v 0.251742 -0.090132 -0.376758
v 0.245621 -0.134112 -0.367598
v 0.237135 -0.176800 -0.354898
v 0.226366 -0.217785 -0.338780
v 0.213416 -0.256673 -0.319400
v 0.198411 -0.293090 -0.296943
v 0.181496 -0.326683 -0.271627
v 0.162832 -0.357131 -0.243695
v 0.142600 -0.384139 -0.213416
v 0.120995 -0.407448 -0.181082
v 0.098225 -0.426832 -0.147004
v 0.074508 -0.442106 -0.111510
v 0.050075 -0.453123 -0.074942
v 0.025158 -0.459775 -0.037652
v 0.032021 0.459775 -0.032021
v 0.063733 0.453123 -0.063733
v 0.094831 0.442106 -0.094831
v 0.125016 0.426832 -0.125016
v 0.153997 0.407448 -0.153997
v 0.181496 0.384139 -0.181495
v 0.207246 0.357131 -0.207246
v 0.231000 0.326683 -0.231000
v 0.252530 0.293090 -0.252530
v 0.271627 0.256673 -0.271627
v 0.288109 0.217785 -0.288109
v 0.301816 0.176800 -0.301816
v 0.312616 0.134112 -0.312616
v 0.320406 0.090132 -0.320406
v 0.325110 0.045284 -0.325110
v 0.326683 -0.000000 -0.326683
v 0.325110 -0.045284 -0.325110
v 0.320406 -0.090132 -0.320406
v 0.312616 -0.134112 -0.312616
v 0.301816 -0.176800 -0.301816
v 0.288109 -0.217785 -0.288109
v 0.271627 -0.256673 -0.271627
v 0.252530 -0.293090 -0.252530
v 0.231000 -0.326683 -0.231000
v 0.207246 -0.357131 -0.207246
v 0.181496 -0.384139 -0.181495
v 0.153997 -0.407448 -0.153997
v 0.125016 -0.426832 -0.125016
v 0.094831 -0.442106 -0.094831
v 0.063733 -0.453123 -0.063733
v 0.032021 -0.459775 -0.032021
v 0.037652 0.459775 -0.025158
v 0.074942 0.453123 -0.050074
v 0.111510 0.442106 -0.074508
v 0.147004 0.426832 -0.098225
v 0.181082 0.407448 -0.120995
v 0.213416 0.384139 -0.142600
v 0.243695 0.357131 -0.162832
v 0.271627 0.326683 -0.181496
v 0.296943 0.293090 -0.198411
v 0.319400 0.256673 -0.213416
v 0.338780 0.217785 -0.226366
v 0.354898 0.176800 -0.237135
v 0.367598 0.134112 -0.245621
v 0.376758 0.090132 -0.251741
v 0.382289 0.045284 -0.255437
v 0.384139 -0.000000 -0.256673
v 0.382289 -0.045284 -0.255437
v 0.376758 -0.090132 -0.251741
v 0.367598 -0.134112 -0.245621
v 0.354898 -0.176800 -0.237135
v 0.338780 -0.217785 -0.226366
v 0.319400 -0.256673 -0.213416
v 0.296943 -0.293090 -0.198411
v 0.271627 -0.326683 -0.181496
v 0.243695 -0.357131 -0.162832
v 0.213416 -0.384139 -0.142600
v 0.181082 -0.407448 -0.120995
v 0.147004 -0.426832 -0.098225
v 0.111510 -0.442106 -0.074508
v 0.074942 -0.453123 -0.050074
v 0.037652 -0.459775 -0.025158
v 0.041837 0.459775 -0.017329
v 0.083271 0.453123 -0.034492
v 0.123903 0.442106 -0.051322
v 0.163342 0.426832 -0.067658
v 0.201207 0.407448 -0.083343
v 0.237135 0.384139 -0.098225
v 0.270780 0.357131 -0.112161
v 0.301816 0.326683 -0.125016
v 0.329946 0.293090 -0.136668
v 0.354898 0.256673 -0.147004
v 0.376432 0.217785 -0.155923
v 0.394342 0.176800 -0.163342
v 0.408453 0.134112 -0.169187
v 0.418631 0.090132 -0.173403
v 0.424777 0.045284 -0.175948
v 0.426832 -0.000000 -0.176800
v 0.424777 -0.045284 -0.175948
v 0.418631 -0.090132 -0.173403
v 0.408453 -0.134112 -0.169187
v 0.394342 -0.176800 -0.163342
v 0.376432 -0.217785 -0.155923
v 0.354898 -0.256673 -0.147004
v 0.329946 -0.293090 -0.136668
v 0.301816 -0.326683 -0.125016
v 0.270780 -0.357131 -0.112161
v 0.237135 -0.384139 -0.098225
v 0.201207 -0.407448 -0.083343
v 0.163342 -0.426832 -0.067658
v 0.123903 -0.442106 -0.051322
v 0.083271 -0.453123 -0.034492
v 0.041837 -0.459775 -0.017329
v 0.044414 0.459775 -0.008834
v 0.088400 0.453123 -0.017584
v 0.131535 0.442106 -0.026164
v 0.173403 0.426832 -0.034492
v 0.213601 0.407448 -0.042488
v 0.251742 0.384139 -0.050074
v 0.287458 0.357131 -0.057179
v 0.320406 0.326683 -0.063733
v 0.350269 0.293090 -0.069673
v 0.376758 0.256673 -0.074942
v 0.399619 0.217785 -0.079489
v 0.418631 0.176800 -0.083271
v 0.433611 0.134112 -0.086251
v 0.444416 0.090132 -0.088400
v 0.450941 0.045284 -0.089698
v 0.453123 -0.000000 -0.090132
v 0.450941 -0.045284 -0.089698
v 0.444416 -0.090132 -0.088400
v 0.433611 -0.134112 -0.086251
v 0.418631 -0.176800 -0.083271
v 0.399619 -0.217785 -0.079489
v 0.376758 -0.256673 -0.074942
v 0.350269 -0.293090 -0.069673
v 0.320406 -0.326683 -0.063733
v 0.287458 -0.357131 -0.057179
v 0.251742 -0.384139 -0.050074
v 0.213601 -0.407448 -0.042488
v 0.173403 -0.426832 -0.034492
v 0.131535 -0.442106 -0.026164
v 0.088400 -0.453123 -0.017584
v 0.044414 -0.459775 -0.008834
v 0.045284 0.459775 -0.000000
v 0.090132 0.453123 -0.000000
v 0.134111 0.442106 -0.000000
v 0.176800 0.426832 -0.000000
v 0.217785 0.407448 -0.000000
v 0.256673 0.384139 -0.000000
v 0.293090 0.357131 -0.000000
v 0.326683 0.326683 -0.000000
v 0.357131 0.293090 -0.000000
v 0.384139 0.256673 -0.000000
v 0.407448 0.217785 -0.000000
v 0.426832 0.176800 -0.000000
v 0.442106 0.134112 -0.000000
v 0.453123 0.090132 -0.000000
v 0.459775 0.045284 -0.000000
v 0.462000 0.000000 0.000000
v 0.459775 -0.045284 0.000000
v 0.453123 -0.090132 0.000000
v 0.442106 -0.134112 0.000000
v 0.426832 -0.176800 0.000000
v 0.407448 -0.217785 0.000000
v 0.384139 -0.256673 0.000000
v 0.357131 -0.293090 0.000000
v 0.326683 -0.326683 0.000000
v 0.293090 -0.357131 0.000000
v 0.256673 -0.384139 0.000000
v 0.217785 -0.407448 0.000000
v 0.176800 -0.426832 0.000000
v 0.134111 -0.442106 0.000000
v 0.090132 -0.453123 0.000000
v 0.045284 -0.459775 0.000000
v 0.044414 0.459775 0.008834
v 0.088400 0.453123 0.017584
v 0.131535 0.442106 0.026164
v 0.173403 0.426832 0.034492
v 0.213601 0.407448 0.042488
v 0.251742 0.384139 0.050075
v 0.287458 0.357131 0.057179
v 0.320406 0.326683 0.063733
v 0.350269 0.293090 0.069673
v 0.376758 0.256673 0.074942
v 0.399619 0.217785 0.079489
v 0.418631 0.176800 0.083271
v 0.433611 0.134112 0.086251
v 0.444416 0.090132 0.088400
v 0.450941 0.045284 0.089698
v 0.453123 0.000000 0.090132
v 0.450941 -0.045284 0.089698
v 0.444416 -0.090132 0.088400
v 0.433611 -0.134112 0.086251
v 0.418631 -0.176800 0.083271
v 0.399619 -0.217785 0.079489
v 0.376758 -0.256673 0.074942
v 0.350269 -0.293090 0.069673
v 0.320406 -0.326683 0.063733
v 0.287458 -0.357131 0.057179
v 0.251742 -0.384139 0.050075
v 0.213601 -0.407448 0.042488
v 0.173403 -0.426832 0.034492
v 0.131535 -0.442106 0.026164
v 0.088400 -0.453123 0.017584
v 0.044414 -0.459775 0.008834
v 0.041837 0.459775 0.017329
v 0.083271 0.453123 0.034492
v 0.123903 0.442106 0.051322
v 0.163342 0.426832 0.067658
v 0.201207 0.407448 0.083343
v 0.237135 0.384139 0.098225
v 0.270779 0.357131 0.112161
v 0.301816 0.326683 0.125016
v 0.329946 0.293090 0.136668
v 0.354898 0.256673 0.147004
v 0.376432 0.217785 0.155923
v 0.394342 0.176800 0.163342
v 0.408453 0.134112 0.169187
v 0.418631 0.090132 0.173403
v 0.424777 0.045284 0.175948
v 0.426832 0.000000 0.176800
v 0.424777 -0.045284 0.175948
v 0.418631 -0.090132 0.173403
v 0.408453 -0.134112 0.169187
v 0.394342 -0.176800 0.163342
v 0.376432 -0.217785 0.155923
v 0.354898 -0.256673 0.147004
v 0.329946 -0.293090 0.136668
v 0.301816 -0.326683 0.125016
v 0.270779 -0.357131 0.112161
v 0.237135 -0.384139 0.098225
v 0.201207 -0.407448 0.083343
v 0.163342 -0.426832 0.067658
v 0.123903 -0.442106 0.051322
v 0.083271 -0.453123 0.034492
v 0.041837 -0.459775 0.017329
v 0.037652 0.459775 0.025158
v 0.074942 0.453123 0.050074
v 0.111510 0.442106 0.074508
v 0.147004 0.426832 0.098225
v 0.181082 0.407448 0.120995
v 0.213416 0.384139 0.142600
v 0.243695 0.357131 0.162832
v 0.271627 0.326683 0.181496
v 0.296943 0.293090 0.198411
v 0.319400 0.256673 0.213416
v 0.338780 0.217785 0.226366
v 0.354898 0.176800 0.237135
v 0.367598 0.134112 0.245621
v 0.376758 0.090132 0.251742
v 0.382289 0.045284 0.255437
v 0.384139 0.000000 0.256673
v 0.382289 -0.045284 0.255437
v 0.376758 -0.090132 0.251742
v 0.367598 -0.134112 0.245621
v 0.354898 -0.176800 0.237135
v 0.338780 -0.217785 0.226366
v 0.319400 -0.256673 0.213416
v 0.296943 -0.293090 0.198411
v 0.271627 -0.326683 0.181496
v 0.243695 -0.357131 0.162832
v 0.213416 -0.384139 0.142600
v 0.181082 -0.407448 0.120995
v 0.147004 -0.426832 0.098225
v 0.111510 -0.442106 0.074508
v 0.074942 -0.453123 0.050074
v 0.037652 -0.459775 0.025158
v 0.032021 0.459775 0.032021
v 0.063733 0.453123 0.063733
v 0.094831 0.442106 0.094831
v 0.125016 0.426832 0.125016
v 0.153997 0.407448 0.153997
v 0.181495 0.384139 0.181496
v 0.207246 0.357131 0.207246
v 0.231000 0.326683 0.231000
v 0.252530 0.293090 0.252530
v 0.271627 0.256673 0.271627
v 0.288109 0.217785 0.288109
v 0.301816 0.176800 0.301816
v 0.312616 0.134112 0.312616
v 0.320406 0.090132 0.320406
v 0.325110 0.045284 0.325110
v 0.326683 0.000000 0.326683
v 0.325110 -0.045284 0.325110
v 0.320406 -0.090132 0.320406
v 0.312616 -0.134112 0.312616
v 0.301816 -0.176800 0.301816
v 0.288109 -0.217785 0.288109
v 0.271627 -0.256673 0.271627
v 0.252530 -0.293090 0.252530
v 0.231000 -0.326683 0.231000
v 0.207246 -0.357131 0.207246
v 0.181495 -0.384139 0.181496
v 0.153997 -0.407448 0.153997
v 0.125016 -0.426832 0.125016
v 0.094831 -0.442106 0.094831
v 0.063733 -0.453123 0.063733
v 0.032021 -0.459775 0.032021
v 0.025158 0.459775 0.037652
v 0.050074 0.453123 0.074942
v 0.074508 0.442106 0.111510
v 0.098225 0.426832 0.147004
v 0.120995 0.407448 0.181082
v 0.142600 0.384139 0.213416
v 0.162832 0.357131 0.243695
v 0.181496 0.326683 0.271627
v 0.198411 0.293090 0.296943
v 0.213416 0.256673 0.319400
v 0.226366 0.217785 0.338780
v 0.237135 0.176800 0.354898
v 0.245621 0.134112 0.367598
v 0.251741 0.090132 0.376758
v 0.255437 0.045284 0.382289
v 0.256673 0.000000 0.384139
v 0.255437 -0.045284 0.382289
v 0.251741 -0.090132 0.376758
v 0.245621 -0.134112 0.367598
v 0.237135 -0.176800 0.354898
v 0.226366 -0.217785 0.338780
v 0.213416 -0.256673 0.319400
v 0.198411 -0.293090 0.296943
v 0.181496 -0.326683 0.271627
v 0.162832 -0.357131 0.243695
v 0.142600 -0.384139 0.213416
v 0.120995 -0.407448 0.181082
v 0.098225 -0.426832 0.147004
v 0.074508 -0.442106 0.111510
v 0.050074 -0.453123 0.074942
v 0.025158 -0.459775 0.037652
v 0.017329 0.459775 0.041837
v 0.034492 0.453123 0.083271
v 0.051322 0.442106 0.123903
v 0.067658 0.426832 0.163342
v 0.083343 0.407448 0.201207
v 0.098225 0.384139 0.237135
v 0.112160 0.357131 0.270779
v 0.125016 0.326683 0.301816
v 0.136668 0.293090 0.329946
v 0.147004 0.256673 0.354898
v 0.155923 0.217785 0.376432
v 0.163342 0.176800 0.394342
v 0.169187 0.134112 0.408453
v 0.173402 0.090132 0.418631
v 0.175948 0.045284 0.424777
v 0.176800 0.000000 0.426832
v 0.175948 -0.045284 0.424777
v 0.173402 -0.090132 0.418631
v 0.169187 -0.134112 0.408453
v 0.163342 -0.176800 0.394342
v 0.155923 -0.217785 0.376432
v 0.147004 -0.256673 0.354898
v 0.136668 -0.293090 0.329946
v 0.125016 -0.326683 0.301816
v 0.112160 -0.357131 0.270779
v 0.098225 -0.384139 0.237135
v 0.083343 -0.407448 0.201207
v 0.067658 -0.426832 0.163342
v 0.051322 -0.442106 0.123903
v 0.034492 -0.453123 0.083271
v 0.017329 -0.459775 0.041837
v 0.008834 0.459775 0.044414
v 0.017584 0.453123 0.088400
v 0.026164 0.442106 0.131535
v 0.034492 0.426832 0.173403
v 0.042488 0.407448 0.213601
v 0.050074 0.384139 0.251741
v 0.057179 0.357131 0.287458
v 0.063733 0.326683 0.320406
v 0.069673 0.293090 0.350269
v 0.074942 0.256673 0.376758
v 0.079489 0.217785 0.399618
v 0.083271 0.176800 0.418631
v 0.086251 0.134112 0.433611
v 0.088400 0.090132 0.444416
v 0.089698 0.045284 0.450941
v 0.090132 0.000000 0.453123
v 0.089698 -0.045284 0.450941
v 0.088400 -0.090132 0.444416
v 0.086251 -0.134112 0.433611
v 0.083271 -0.176800 0.418631
v 0.079489 -0.217785 0.399618
v 0.074942 -0.256673 0.376758
v 0.069673 -0.293090 0.350269
v 0.063733 -0.326683 0.320406
v 0.057179 -0.357131 0.287458
v 0.050074 -0.384139 0.251741
v 0.042488 -0.407448 0.213601
v 0.034492 -0.426832 0.173403
v 0.026164 -0.442106 0.131535
v 0.017584 -0.453123 0.088400
v 0.008834 -0.459775 0.044414
v 0.000000 0.459775 0.045284
v 0.000000 0.453123 0.090132
v 0.000000 0.442106 0.134111
v 0.000000 0.426832 0.176800
v 0.000000 0.407448 0.217785
v 0.000000 0.384139 0.256673
v 0.000000 0.357131 0.293090
v 0.000000 0.326683 0.326683
v 0.000000 0.293090 0.357131
v 0.000000 0.256673 0.384139
v 0.000000 0.217785 0.407447
v 0.000000 0.176800 0.426832
v 0.000000 0.134112 0.442106
v 0.000000 0.090132 0.453123
v 0.000000 0.045284 0.459775
v 0.000000 0.000000 0.462000
v 0.000000 -0.045284 0.459775
v 0.000000 -0.090132 0.453123
v 0.000000 -0.134112 0.442106
v 0.000000 -0.176800 0.426832
v 0.000000 -0.217785 0.407447
v 0.000000 -0.256673 0.384139
v 0.000000 -0.293090 0.357131
v 0.000000 -0.326683 0.326683
v 0.000000 -0.357131 0.293090
v 0.000000 -0.384139 0.256673
v 0.000000 -0.407448 0.217785
v 0.000000 -0.426832 0.176800
v 0.000000 -0.442106 0.134111
v 0.000000 -0.453123 0.090132
v 0.000000 -0.459775 0.045284
v 0.000000 -0.462000 0.000000
v 0.000000 0.462000 -0.000000
v -0.008834 0.459775 0.044414
v -0.017584 0.453123 0.088400
v -0.026164 0.442106 0.131535
v -0.034492 0.426832 0.173403
v -0.042488 0.407448 0.213601
v -0.050075 0.384139 0.251741
v -0.057179 0.357131 0.287458
v -0.063733 0.326683 0.320406
v -0.069673 0.293090 0.350269
v -0.074942 0.256673 0.376758
v -0.079489 0.217785 0.399618
v -0.083271 0.176800 0.418631
v -0.086251 0.134112 0.433611
v -0.088400 0.090132 0.444416
v -0.089698 0.045284 0.450941
v -0.090132 0.000000 0.453122
v -0.089698 -0.045284 0.450941
v -0.088400 -0.090132 0.444416
v -0.086251 -0.134112 0.433611
v -0.083271 -0.176800 0.418631
v -0.079489 -0.217785 0.399618
v -0.074942 -0.256673 0.376758
v -0.069673 -0.293090 0.350269
v -0.063733 -0.326683 0.320406
v -0.057179 -0.357131 0.287458
v -0.050075 -0.384139 0.251741
v -0.042488 -0.407448 0.213601
v -0.034492 -0.426832 0.173403
v -0.026164 -0.442106 0.131535
v -0.017584 -0.453123 0.088400
v -0.008834 -0.459775 0.044414
v -0.017329 0.459775 0.041837
v -0.034492 0.453123 0.083271
v -0.051322 0.442106 0.123903
v -0.067658 0.426832 0.163342
v -0.083343 0.407448 0.201207
v -0.098225 0.384139 0.237135
v -0.112161 0.357131 0.270779
v -0.125016 0.326683 0.301816
v -0.136668 0.293090 0.329946
v -0.147004 0.256673 0.354898
v -0.155923 0.217785 0.376432
v -0.163342 0.176800 0.394342
v -0.169187 0.134112 0.408453
v -0.173403 0.090132 0.418631
v -0.175948 0.045284 0.424777
v -0.176800 0.000000 0.426832
v -0.175948 -0.045284 0.424777
v -0.173403 -0.090132 0.418631
v -0.169187 -0.134112 0.408453
v -0.163342 -0.176800 0.394342
v -0.155923 -0.217785 0.376432
v -0.147004 -0.256673 0.354898
v -0.136668 -0.293090 0.329946
v -0.125016 -0.326683 0.301816
v -0.112161 -0.357131 0.270779
v -0.098225 -0.384139 0.237135
v -0.083343 -0.407448 0.201207
v -0.067658 -0.426832 0.163342
v -0.051322 -0.442106 0.123903
v -0.034492 -0.453123 0.083271
v -0.017329 -0.459775 0.041837
v -0.025158 0.459775 0.037652
v -0.050074 0.453123 0.074942
v -0.074508 0.442106 0.111510
v -0.098225 0.426832 0.147004
v -0.120995 0.407448 0.181082
v -0.142600 0.384139 0.213416
v -0.162832 0.357131 0.243695
v -0.181496 0.326683 0.271627
v -0.198411 0.293090 0.296943
v -0.213416 0.256673 0.319400
v -0.226366 0.217785 0.338780
v -0.237135 0.176800 0.354898
v -0.245621 0.134112 0.367598
v -0.251741 0.090132 0.376758
v -0.255437 0.045284 0.382289
v -0.256673 0.000000 0.384139
v -0.255437 -0.045284 0.382289
v -0.251741 -0.090132 0.376758
v -0.245621 -0.134112 0.367598
v -0.237135 -0.176800 0.354898
v -0.226366 -0.217785 0.338780
v -0.213416 -0.256673 0.319400
v -0.198411 -0.293090 0.296943
v -0.181496 -0.326683 0.271627
v -0.162832 -0.357131 0.243695
v -0.142600 -0.384139 0.213416
v -0.120995 -0.407448 0.181082
v -0.098225 -0.426832 0.147004
v -0.074508 -0.442106 0.111510
v -0.050074 -0.453123 0.074942
v -0.025158 -0.459775 0.037652
v -0.032021 0.459775 0.032021
v -0.063733 0.453123 0.063733
v -0.094831 0.442106 0.094831
v -0.125016 0.426832 0.125016
v -0.153997 0.407448 0.153997
v -0.181495 0.384139 0.181495
v -0.207246 0.357131 0.207246
v -0.231000 0.326683 0.231000
v -0.252530 0.293090 0.252530
v -0.271627 0.256673 0.271627
v -0.288109 0.217785 0.288109
v -0.301816 0.176800 0.301816
v -0.312616 0.134112 0.312616
v -0.320406 0.090132 0.320406
v -0.325110 0.045284 0.325110
v -0.326683 0.000000 0.326683
v -0.325110 -0.045284 0.325110
v -0.320406 -0.090132 0.320406
v -0.312616 -0.134112 0.312616
v -0.301816 -0.176800 0.301816
v -0.288109 -0.217785 0.288109
v -0.271627 -0.256673 0.271627
v -0.252530 -0.293090 0.252530
v -0.231000 -0.326683 0.231000
v -0.207246 -0.357131 0.207246
v -0.181495 -0.384139 0.181495
v -0.153997 -0.407448 0.153997
v -0.125016 -0.426832 0.125016
v -0.094831 -0.442106 0.094831
v -0.063733 -0.453123 0.063733
v -0.032021 -0.459775 0.032021
v -0.037652 0.459775 0.025158
v -0.074942 0.453123 0.050074
v -0.111510 0.442106 0.074508
v -0.147004 0.426832 0.098225
v -0.181082 0.407448 0.120995
v -0.213416 0.384139 0.142600
v -0.243695 0.357131 0.162832
v -0.271627 0.326683 0.181495
v -0.296943 0.293090 0.198411
v -0.319400 0.256673 0.213416
v -0.338780 0.217785 0.226366
v -0.354898 0.176800 0.237135
v -0.367598 0.134112 0.245621
v -0.376758 0.090132 0.251741
v -0.382289 0.045284 0.255437
v -0.384139 0.000000 0.256673
v -0.382289 -0.045284 0.255437
v -0.376758 -0.090132 0.251741
v -0.367598 -0.134112 0.245621
v -0.354898 -0.176800 0.237135
v -0.338780 -0.217785 0.226366
v -0.319400 -0.256673 0.213416
v -0.296943 -0.293090 0.198411
v -0.271627 -0.326683 0.181495
v -0.243695 -0.357131 0.162832
v -0.213416 -0.384139 0.142600
v -0.181082 -0.407448 0.120995
v -0.147004 -0.426832 0.098225
v -0.111510 -0.442106 0.074508
v -0.074942 -0.453123 0.050074
v -0.037652 -0.459775 0.025158
v -0.041837 0.459775 0.017329
v -0.083271 0.453123 0.034492
v -0.123903 0.442106 0.051322
v -0.163342 0.426832 0.067658
v -0.201207 0.407448 0.083343
v -0.237135 0.384139 0.098225
v -0.270779 0.357131 0.112160
v -0.301816 0.326683 0.125016
v -0.329946 0.293090 0.136668
v -0.354898 0.256673 0.147003
v -0.376432 0.217785 0.155923
v -0.394341 0.176800 0.163342
v -0.408453 0.134112 0.169187
v -0.418631 0.090132 0.173402
v -0.424777 0.045284 0.175948
v -0.426832 0.000000 0.176799
v -0.424777 -0.045284 0.175948
v -0.418631 -0.090132 0.173402
v -0.408453 -0.134112 0.169187
v -0.394341 -0.176800 0.163342
v -0.376432 -0.217785 0.155923
v -0.354898 -0.256673 0.147003
v -0.329946 -0.293090 0.136668
v -0.301816 -0.326683 0.125016
v -0.270779 -0.357131 0.112160
v -0.237135 -0.384139 0.098225
v -0.201207 -0.407448 0.083343
v -0.163342 -0.426832 0.067658
v -0.123903 -0.442106 0.051322
v -0.083271 -0.453123 0.034492
v -0.041837 -0.459775 0.017329
v -0.044414 0.459775 0.008834
v -0.088400 0.453123 0.017584
v -0.131535 0.442106 0.026164
v -0.173403 0.426832 0.034492
v -0.213600 0.407448 0.042488
v -0.251741 0.384139 0.050074
v -0.287458 0.357131 0.057179
v -0.320406 0.326683 0.063733
v -0.350269 0.293090 0.069673
v -0.376758 0.256673 0.074942
v -0.399618 0.217785 0.079489
v -0.418631 0.176800 0.083271
v -0.433611 0.134112 0.086251
v -0.444416 0.090132 0.088400
v -0.450940 0.045284 0.089698
v -0.453122 0.000000 0.090131
v -0.450940 -0.045284 0.089698
v -0.444416 -0.090132 0.088400
v -0.433611 -0.134112 0.086251
v -0.418631 -0.176800 0.083271
v -0.399618 -0.217785 0.079489
v -0.376758 -0.256673 0.074942
v -0.350269 -0.293090 0.069673
v -0.320406 -0.326683 0.063733
v -0.287458 -0.357131 0.057179
v -0.251741 -0.384139 0.050074
v -0.213600 -0.407448 0.042488
v -0.173403 -0.426832 0.034492
v -0.131535 -0.442106 0.026164
v -0.088400 -0.453123 0.017584
v -0.044414 -0.459775 0.008834
v -0.045284 0.459775 -0.000000
v -0.090132 0.453123 -0.000000
v -0.134111 0.442106 -0.000000
v -0.176800 0.426832 -0.000000
v -0.217785 0.407448 -0.000000
v -0.256673 0.384139 -0.000000
v -0.293089 0.357131 -0.000000
v -0.326683 0.326683 -0.000000
v -0.357131 0.293090 -0.000000
v -0.384139 0.256673 -0.000000
v -0.407447 0.217785 -0.000000
v -0.426832 0.176800 -0.000000
v -0.442106 0.134112 -0.000000
v -0.453123 0.090132 -0.000000
v -0.459775 0.045284 -0.000000
v -0.462000 0.000000 0.000000
v -0.459775 -0.045284 0.000000
v -0.453123 -0.090132 0.000000
v -0.442106 -0.134112 0.000000
v -0.426832 -0.176800 0.000000
v -0.407447 -0.217785 0.000000
v -0.384139 -0.256673 0.000000
v -0.357131 -0.293090 0.000000
v -0.326683 -0.326683 0.000000
v -0.293089 -0.357131 0.000000
v -0.256673 -0.384139 0.000000
v -0.217785 -0.407448 0.000000
v -0.176800 -0.426832 0.000000
v -0.134111 -0.442106 0.000000
v -0.090132 -0.453123 0.000000
v -0.045284 -0.459775 0.000000
v -0.044414 0.459775 -0.008834
v -0.088400 0.453123 -0.017584
v -0.131535 0.442106 -0.026164
v -0.173403 0.426832 -0.034492
v -0.213600 0.407448 -0.042488
v -0.251741 0.384139 -0.050075
v -0.287458 0.357131 -0.057179
v -0.320406 0.326683 -0.063733
v -0.350269 0.293090 -0.069673
v -0.376758 0.256673 -0.074942
v -0.399618 0.217785 -0.079489
v -0.418631 0.176800 -0.083271
v -0.433611 0.134112 -0.086251
v -0.444416 0.090132 -0.088400
v -0.450940 0.045284 -0.089698
v -0.453122 -0.000000 -0.090132
v -0.450940 -0.045284 -0.089698
v -0.444416 -0.090132 -0.088400
v -0.433611 -0.134112 -0.086251
v -0.418631 -0.176800 -0.083271
v -0.399618 -0.217785 -0.079489
v -0.376758 -0.256673 -0.074942
v -0.350269 -0.293090 -0.069673
v -0.320406 -0.326683 -0.063733
v -0.287458 -0.357131 -0.057179
v -0.251741 -0.384139 -0.050075
v -0.213600 -0.407448 -0.042488
v -0.173403 -0.426832 -0.034492
v -0.131535 -0.442106 -0.026164
v -0.088400 -0.453123 -0.017584
v -0.044414 -0.459775 -0.008834
v -0.041837 0.459775 -0.017329
v -0.083271 0.453123 -0.034492
v -0.123903 0.442106 -0.051322
v -0.163342 0.426832 -0.067658
v -0.201207 0.407448 -0.083343
v -0.237135 0.384139 -0.098225
v -0.270779 0.357131 -0.112161
v -0.301816 0.326683 -0.125016
v -0.329946 0.293090 -0.136668
v -0.354898 0.256673 -0.147004
v -0.376432 0.217785 -0.155923
v -0.394341 0.176800 -0.163342
v -0.408453 0.134112 -0.169187
v -0.418631 0.090132 -0.173403
v -0.424777 0.045284 -0.175948
v -0.426832 -0.000000 -0.176800
v -0.424777 -0.045284 -0.175948
v -0.418631 -0.090132 -0.173403
v -0.408453 -0.134112 -0.169187
v -0.394341 -0.176800 -0.163342
v -0.376432 -0.217785 -0.155923
v -0.354898 -0.256673 -0.147004
v -0.329946 -0.293090 -0.136668
v -0.301816 -0.326683 -0.125016
v -0.270779 -0.357131 -0.112161
v -0.237135 -0.384139 -0.098225
v -0.201207 -0.407448 -0.083343
v -0.163342 -0.426832 -0.067658
v -0.123903 -0.442106 -0.051322
v -0.083271 -0.453123 -0.034492
v -0.041837 -0.459775 -0.017329
v -0.037652 0.459775 -0.025158
v -0.074942 0.453123 -0.050074
v -0.111510 0.442106 -0.074508
v -0.147004 0.426832 -0.098225
v -0.181082 0.407448 -0.120995
v -0.213416 0.384139 -0.142600
v -0.243695 0.357131 -0.162832
v -0.271627 0.326683 -0.181495
v -0.296943 0.293090 -0.198411
v -0.319400 0.256673 -0.213416
v -0.338780 0.217785 -0.226366
v -0.354898 0.176800 -0.237135
v -0.367598 0.134112 -0.245621
v -0.376758 0.090132 -0.251742
v -0.382289 0.045284 -0.255437
v -0.384138 -0.000000 -0.256673
v -0.382289 -0.045284 -0.255437
v -0.376758 -0.090132 -0.251742
v -0.367598 -0.134112 -0.245621
v -0.354898 -0.176800 -0.237135
v -0.338780 -0.217785 -0.226366
v -0.319400 -0.256673 -0.213416
v -0.296943 -0.293090 -0.198411
v -0.271627 -0.326683 -0.181495
v -0.243695 -0.357131 -0.162832
v -0.213416 -0.384139 -0.142600
v -0.181082 -0.407448 -0.120995
v -0.147004 -0.426832 -0.098225
v -0.111510 -0.442106 -0.074508
v -0.074942 -0.453123 -0.050074
v -0.037652 -0.459775 -0.025158
v -0.032021 0.459775 -0.032021
v -0.063733 0.453123 -0.063733
v -0.094831 0.442106 -0.094831
v -0.125016 0.426832 -0.125016
v -0.153997 0.407448 -0.153997
v -0.181495 0.384139 -0.181495
v -0.207245 0.357131 -0.207246
v -0.231000 0.326683 -0.231000
v -0.252529 0.293090 -0.252530
v -0.271627 0.256673 -0.271627
v -0.288109 0.217785 -0.288109
v -0.301816 0.176800 -0.301816
v -0.312616 0.134112 -0.312616
v -0.320406 0.090132 -0.320406
v -0.325110 0.045284 -0.325110
v -0.326683 -0.000000 -0.326683
v -0.325110 -0.045284 -0.325110
v -0.320406 -0.090132 -0.320406
v -0.312616 -0.134112 -0.312616
v -0.301816 -0.176800 -0.301816
v -0.288109 -0.217785 -0.288109
v -0.271627 -0.256673 -0.271627
v -0.252529 -0.293090 -0.252530
v -0.231000 -0.326683 -0.231000
v -0.207245 -0.357131 -0.207246
v -0.181495 -0.384139 -0.181495
v -0.153997 -0.407448 -0.153997
v -0.125016 -0.426832 -0.125016
v -0.094831 -0.442106 -0.094831
v -0.063733 -0.453123 -0.063733
v -0.032021 -0.459775 -0.032021
v -0.025158 0.459775 -0.037652
v -0.050074 0.453123 -0.074942
v -0.074508 0.442106 -0.111510
v -0.098225 0.426832 -0.147004
v -0.120995 0.407448 -0.181082
v -0.142600 0.384139 -0.213416
v -0.162832 0.357131 -0.243695
v -0.181495 0.326683 -0.271627
v -0.198411 0.293090 -0.296943
v -0.213416 0.256673 -0.319400
v -0.226366 0.217785 -0.338780
v -0.237135 0.176800 -0.354898
v -0.245621 0.134112 -0.367598
v -0.251741 0.090132 -0.376758
v -0.255437 0.045284 -0.382289
v -0.256673 -0.000000 -0.384139
v -0.255437 -0.045284 -0.382289
v -0.251741 -0.090132 -0.376758
v -0.245621 -0.134112 -0.367598
v -0.237135 -0.176800 -0.354898
v -0.226366 -0.217785 -0.338780
v -0.213416 -0.256673 -0.319400
v -0.198411 -0.293090 -0.296943
v -0.181495 -0.326683 -0.271627
v -0.162832 -0.357131 -0.243695
v -0.142600 -0.384139 -0.213416
v -0.120995 -0.407448 -0.181082
v -0.098225 -0.426832 -0.147004
v -0.074508 -0.442106 -0.111510
v -0.050074 -0.453123 -0.074942
v -0.025158 -0.459775 -0.037652
v -0.017329 0.459775 -0.041837
v -0.034492 0.453123 -0.083271
v -0.051322 0.442106 -0.123903
v -0.067658 0.426832 -0.163342
v -0.083343 0.407448 -0.201207
v -0.098224 0.384139 -0.237135
v -0.112160 0.357131 -0.270779
v -0.125016 0.326683 -0.301816
v -0.136668 0.293090 -0.329946
v -0.147003 0.256673 -0.354898
v -0.155923 0.217785 -0.376432
v -0.163342 0.176800 -0.394341
v -0.169187 0.134112 -0.408453
v -0.173402 0.090132 -0.418631
v -0.175948 0.045284 -0.424777
v -0.176799 -0.000000 -0.426832
v -0.175948 -0.045284 -0.424777
v -0.173402 -0.090132 -0.418631
v -0.169187 -0.134112 -0.408453
v -0.163342 -0.176800 -0.394341
v -0.155923 -0.217785 -0.376432
v -0.147003 -0.256673 -0.354898
v -0.136668 -0.293090 -0.329946
v -0.125016 -0.326683 -0.301816
v -0.112160 -0.357131 -0.270779
v -0.098224 -0.384139 -0.237135
v -0.083343 -0.407448 -0.201207
v -0.067658 -0.426832 -0.163342
v -0.051322 -0.442106 -0.123903
v -0.034492 -0.453123 -0.083271
v -0.017329 -0.459775 -0.041837
v -0.008834 0.459775 -0.044414
v -0.017584 0.453123 -0.088400
v -0.026164 0.442106 -0.131535
v -0.034492 0.426832 -0.173403
v -0.042488 0.407448 -0.213600
v -0.050074 0.384139 -0.251741
v -0.057179 0.357131 -0.287458
v -0.063733 0.326683 -0.320406
v -0.069673 0.293090 -0.350269
v -0.074942 0.256673 -0.376758
v -0.079489 0.217785 -0.399618
v -0.083271 0.176800 -0.418631
v -0.086251 0.134112 -0.433611
v -0.088400 0.090132 -0.444416
v -0.089698 0.045284 -0.450940
v -0.090131 -0.000000 -0.453122
v -0.089698 -0.045284 -0.450940
v -0.088400 -0.090132 -0.444416
v -0.086251 -0.134112 -0.433611
v -0.083271 -0.176800 -0.418631
v -0.079489 -0.217785 -0.399618
v -0.074942 -0.256673 -0.376758
v -0.069673 -0.293090 -0.350269
v -0.063733 -0.326683 -0.320406
v -0.057179 -0.357131 -0.287458
v -0.050074 -0.384139 -0.251741
v -0.042488 -0.407448 -0.213600
v -0.034492 -0.426832 -0.173403
v -0.026164 -0.442106 -0.131535
v -0.017584 -0.453123 -0.088400
v -0.008834 -0.459775 -0.044414
v 0.000000 0.459775 -0.045284
v 0.000000 0.453123 -0.090132
v 0.000000 0.442106 -0.134111
v 0.000000 0.426832 -0.176800
v 0.000000 0.407448 -0.217785
v 0.000000 0.384139 -0.256673
v 0.000000 0.326683 -0.326683
v 0.000000 0.256673 -0.384139
v 0.000000 0.217785 -0.407447
v 0.000000 -0.000000 -0.461999
v 0.000000 -0.134112 -0.442106
v 0.000000 -0.176800 -0.426832
v 0.000000 -0.326683 -0.326683
v 0.000000 -0.426832 -0.176800
v 0.000000 -0.442106 -0.134111
v 0.106066 -0.086617 -0.061216
v 0.065879 -0.110049 -0.077776
v 0.018554 -0.121555 -0.085908
v -0.030782 -0.119888 -0.084730
v -0.076783 -0.105230 -0.074371
v -0.114463 -0.079169 -0.055952
v -0.139739 -0.044528 -0.031470
v -0.149872 -0.005062 -0.003578
v -0.143764 0.034952 0.024702
v -0.122077 0.071179 0.050305
v -0.087162 0.099693 0.070457
v -0.042800 0.117403 0.082974
v 0.006199 0.122391 0.086499
v 0.054526 0.114116 0.080650
v 0.096945 0.093474 0.066062
v 0.128858 0.062704 0.044315
v 0.146808 0.025138 0.017766
v 0.148848 -0.015152 -0.010708
v 0.134759 -0.053800 -0.038022
v 0.106066 -0.115475 -0.020384
v 0.065879 -0.138906 -0.036944
v -0.030782 -0.148746 -0.043898
v -0.076783 -0.134088 -0.033539
v -0.114463 -0.108026 -0.015120
v -0.149872 -0.033920 0.037254
v -0.143764 0.006095 0.065534
v -0.122077 0.042322 0.091137
v 0.096945 0.064617 0.106894
v 0.146808 -0.003720 0.058598
v 0.134759 -0.082657 0.002809
v 0.018554 -0.150412 -0.045076
v -0.139739 -0.073386 0.009362
v -0.087161 0.070835 0.111289
v -0.042800 0.088545 0.123806
v 0.006199 0.093533 0.127331
v 0.054526 0.085258 0.121482
v 0.128858 0.033846 0.085147
v 0.148848 -0.044009 0.030123
v 0.106066 -0.144333 0.020447
v 0.065879 -0.167764 0.003887
v 0.018554 -0.179270 -0.004244
v -0.030782 -0.177603 -0.003067
v -0.076783 -0.162945 0.007293
v -0.114463 -0.136884 0.025712
v -0.149872 -0.062777 0.078086
v -0.143764 -0.022763 0.106366
v -0.122077 0.013464 0.131969
v -0.087161 0.041978 0.152121
v -0.042800 0.059688 0.164638
v 0.054526 0.056400 0.162314
v 0.096945 0.035759 0.147726
v 0.148848 -0.072867 0.070955
v 0.134759 -0.111515 0.043641
v -0.139739 -0.102243 0.050194
v 0.006199 0.064676 0.168163
v 0.128858 0.004988 0.125979
v 0.146808 -0.032577 0.099430
v 0.065879 -0.196622 0.044719
v 0.018554 -0.208128 0.036587
v -0.030782 -0.206461 0.037765
v -0.139739 -0.131101 0.091026
v -0.143764 -0.051620 0.147198
v -0.122077 -0.015393 0.172801
v -0.087161 0.013120 0.192953
v 0.006199 0.035818 0.208995
v 0.146808 -0.061435 0.140262
v 0.148848 -0.101725 0.111787
v 0.134759 -0.140372 0.084473
v 0.106066 -0.173190 0.061279
v -0.076783 -0.191803 0.048125
v -0.114463 -0.165741 0.066544
v -0.149872 -0.091635 0.118918
v -0.042800 0.030830 0.205470
v 0.054526 0.027543 0.203146
v 0.096945 0.006902 0.188558
v 0.128858 -0.023869 0.166811
v 0.106066 -0.202048 0.102111
v 0.065879 -0.225479 0.085551
v 0.018554 -0.236985 0.077419
v -0.139739 -0.159958 0.131858
v -0.087161 -0.015738 0.233785
v -0.042800 0.001973 0.246301
v 0.006199 0.006960 0.249826
v 0.134759 -0.169230 0.125305
v -0.030782 -0.235319 0.078597
v -0.076783 -0.220661 0.088957
v -0.114462 -0.194599 0.107376
v -0.149872 -0.120493 0.159750
v -0.143764 -0.080478 0.188030
v -0.122077 -0.044251 0.213633
v 0.054526 -0.001314 0.243978
v 0.096945 -0.021956 0.229390
v 0.128858 -0.052726 0.207643
v 0.146807 -0.090292 0.181094
v 0.148848 -0.130582 0.152619
v -0.030782 -0.264176 0.119429
v -0.139739 -0.188816 0.172689
v -0.149872 -0.149350 0.200582
v -0.143764 -0.109336 0.228862
v -0.122077 -0.073109 0.254465
v 0.006199 -0.021897 0.290658
v 0.054526 -0.030172 0.284810
v 0.096945 -0.050813 0.270222
v 0.148848 -0.159440 0.193451
v 0.134759 -0.198087 0.166137
v 0.106066 -0.230905 0.142943
v 0.065880 -0.254337 0.126383
v 0.018554 -0.265843 0.118251
v -0.076783 -0.249518 0.129789
v -0.114462 -0.223457 0.148207
v -0.087162 -0.044595 0.274616
v -0.042801 -0.026885 0.287133
v 0.128858 -0.081584 0.248475
v 0.146807 -0.119150 0.221926
v -0.030782 -0.293034 0.160261
v -0.076783 -0.278376 0.170621
v -0.149872 -0.178208 0.241413
v -0.122077 -0.101966 0.295296
v -0.087162 -0.073453 0.315448
v -0.042801 -0.055742 0.327965
v 0.006199 -0.050754 0.331490
v 0.054526 -0.059030 0.325642
v 0.096945 -0.079671 0.311054
v 0.128858 -0.110442 0.289307
v 0.106066 -0.259764 0.183776
v 0.065880 -0.283195 0.167216
v 0.018554 -0.294701 0.159084
v -0.114462 -0.252315 0.189040
v -0.139739 -0.217674 0.213522
v -0.143764 -0.138193 0.269693
v 0.146807 -0.148007 0.262757
v 0.148848 -0.188297 0.234283
v 0.134759 -0.226946 0.206969
v -0.087162 -0.102309 0.356279
v -0.042801 -0.084599 0.368796
v 0.006199 -0.079611 0.372321
v 0.054526 -0.087886 0.366472
v 0.096945 -0.108528 0.351885
v 0.146807 -0.176864 0.303589
v 0.148848 -0.217155 0.275115
v 0.106066 -0.288622 0.224609
v 0.065880 -0.312054 0.208049
v 0.018554 -0.323560 0.199917
v -0.030782 -0.321894 0.201095
v -0.076783 -0.307236 0.211454
v -0.114462 -0.281174 0.229872
v -0.139739 -0.246532 0.254354
v -0.149872 -0.207066 0.282245
v -0.143764 -0.167051 0.310524
v -0.122077 -0.130823 0.336127
v 0.128858 -0.139299 0.330137
v 0.134759 -0.255804 0.247802
v 0.065880 -0.340911 0.248881
v 0.018554 -0.352417 0.240750
v -0.030782 -0.350751 0.241928
v -0.076783 -0.336092 0.252287
v -0.114462 -0.310030 0.270705
v -0.139739 -0.275389 0.295186
v -0.143764 -0.195907 0.351357
v 0.134759 -0.284660 0.288634
v 0.106066 -0.317479 0.265440
v -0.149872 -0.235923 0.323077
v -0.122077 -0.159681 0.376959
v -0.087162 -0.131167 0.397111
v -0.042801 -0.113457 0.409627
v 0.006199 -0.108469 0.413152
v 0.054526 -0.116744 0.407304
v 0.096945 -0.137386 0.392716
v 0.128858 -0.168157 0.370970
v 0.146807 -0.205722 0.344421
v 0.148848 -0.246013 0.315947
v -0.149872 -0.264780 0.363909
v -0.143764 -0.224765 0.392189
v -0.122077 -0.188538 0.417791
v -0.087162 -0.160024 0.437943
v -0.042801 -0.142314 0.450459
v 0.006199 -0.137326 0.453984
v 0.054526 -0.145601 0.448136
v 0.096945 -0.166243 0.433548
v 0.128858 -0.197014 0.411802
v 0.146807 -0.234580 0.385253
v 0.106066 -0.346339 0.306273
v 0.065879 -0.369771 0.289714
v 0.018554 -0.381277 0.281583
v -0.030783 -0.379611 0.282761
v -0.076783 -0.364952 0.293120
v -0.114463 -0.338890 0.311538
v -0.139739 -0.304248 0.336018
v 0.148848 -0.274872 0.356778
v 0.134758 -0.313520 0.329466
v 0.106066 -0.375195 0.347106
v 0.065879 -0.398627 0.330547
v -0.030783 -0.408467 0.323594
v -0.076783 -0.393808 0.333953
v -0.143764 -0.253621 0.433020
v 0.054527 -0.174456 0.488965
v 0.018554 -0.410133 0.322413
v -0.114463 -0.367746 0.352368
v -0.139739 -0.333104 0.376850
v -0.149872 -0.293638 0.404741
v -0.122077 -0.217396 0.458623
v -0.087161 -0.188882 0.478774
v -0.042800 -0.171172 0.491290
v 0.006199 -0.166184 0.494815
v 0.096945 -0.195101 0.474379
v 0.128858 -0.225872 0.452632
v 0.146808 -0.263438 0.426084
v 0.148848 -0.303728 0.397610
v 0.134758 -0.342377 0.370297
v 0.065879 -0.427483 0.371376
v -0.114463 -0.396603 0.393200
v 0.146808 -0.292295 0.466916
v -0.106066 -0.086617 0.061216
v -0.065879 -0.110049 0.077776
v -0.018554 -0.121555 0.085908
v 0.030782 -0.119888 0.084730
v 0.076783 -0.105230 0.074371
v 0.114463 -0.079169 0.055952
v 0.139739 -0.044528 0.031470
v 0.149872 -0.005062 0.003578
v 0.143764 0.034952 -0.024702
v 0.122077 0.071179 -0.050305
v 0.087162 0.099693 -0.070457
v 0.042800 0.117403 -0.082974
v -0.006199 0.122391 -0.086499
v -0.054526 0.114116 -0.080650
v -0.096945 0.093474 -0.066062
v -0.128858 0.062704 -0.044315
v -0.146808 0.025138 -0.017766
v -0.148848 -0.015152 0.010708
v -0.134759 -0.053800 0.038022
v -0.106066 -0.115475 0.020384
v -0.065879 -0.138906 0.036944
v -0.018554 -0.150412 0.045076
v 0.076783 -0.134088 0.033539
v 0.114463 -0.108026 0.015120
v 0.139739 -0.073386 -0.009362
v 0.149872 -0.033920 -0.037254
v 0.143764 0.006095 -0.065534
v 0.122077 0.042322 -0.091137
v -0.148848 -0.044009 -0.030123
v -0.134759 -0.082657 -0.002809
v 0.030782 -0.148746 0.043899
v 0.087161 0.070835 -0.111289
v 0.042800 0.088545 -0.123806
v -0.006199 0.093533 -0.127331
v -0.054526 0.085258 -0.121483
v -0.096945 0.064617 -0.106894
v -0.128858 0.033846 -0.085147
v -0.146808 -0.003720 -0.058598
v -0.106066 -0.144333 -0.020447
v -0.065879 -0.167764 -0.003887
v -0.018554 -0.179270 0.004244
v 0.030782 -0.177604 0.003067
v 0.076783 -0.162945 -0.007293
v 0.139739 -0.102243 -0.050194
v 0.143764 -0.022763 -0.106366
v 0.122077 0.013464 -0.131969
v 0.042800 0.059688 -0.164638
v -0.006199 0.064676 -0.168163
v -0.054526 0.056400 -0.162314
v -0.096945 0.035759 -0.147726
v -0.128858 0.004988 -0.125979
v -0.146808 -0.032577 -0.099430
v -0.148848 -0.072867 -0.070955
v -0.134759 -0.111515 -0.043641
v 0.114463 -0.136884 -0.025712
v 0.149872 -0.062777 -0.078086
v 0.087161 0.041978 -0.152121
v -0.106066 -0.173190 -0.061279
v -0.065879 -0.196622 -0.044719
v -0.018554 -0.208128 -0.036587
v 0.030782 -0.206461 -0.037765
v 0.076783 -0.191803 -0.048125
v 0.114463 -0.165741 -0.066544
v 0.139739 -0.131101 -0.091026
v 0.149872 -0.091635 -0.118918
v 0.143764 -0.051620 -0.147198
v 0.122077 -0.015393 -0.172801
v 0.087161 0.013120 -0.192953
v 0.042800 0.030830 -0.205470
v -0.006199 0.035818 -0.208995
v -0.054526 0.027543 -0.203146
v -0.128858 -0.023869 -0.166811
v -0.146808 -0.061435 -0.140262
v -0.148848 -0.101725 -0.111787
v -0.134759 -0.140372 -0.084473
v -0.096945 0.006902 -0.188558
v -0.106066 -0.202048 -0.102111
v 0.122077 -0.044251 -0.213633
v -0.006199 0.006960 -0.249826
v -0.054526 -0.001315 -0.243978
v -0.096945 -0.021956 -0.229390
v -0.128858 -0.052727 -0.207643
v -0.146808 -0.090292 -0.181093
v -0.148848 -0.130582 -0.152619
v -0.065880 -0.225479 -0.085551
v -0.018554 -0.236985 -0.077420
v 0.030782 -0.235319 -0.078597
v 0.076783 -0.220661 -0.088957
v 0.114462 -0.194599 -0.107375
v 0.139739 -0.159959 -0.131857
v 0.149872 -0.120493 -0.159750
v 0.143764 -0.080478 -0.188030
v 0.087162 -0.015738 -0.233784
v 0.042801 0.001973 -0.246301
v -0.134759 -0.169230 -0.125305
v -0.065880 -0.254337 -0.126383
v 0.114462 -0.223457 -0.148207
v 0.087162 -0.044595 -0.274616
v 0.042801 -0.026885 -0.287133
v -0.006199 -0.021897 -0.290658
v -0.054526 -0.030172 -0.284810
v -0.096945 -0.050813 -0.270222
v -0.146807 -0.119150 -0.221926
v -0.106066 -0.230905 -0.142943
v -0.018554 -0.265843 -0.118251
v 0.030782 -0.264176 -0.119429
v 0.076783 -0.249518 -0.129789
v 0.139739 -0.188816 -0.172689
v 0.149872 -0.149350 -0.200582
v 0.143764 -0.109336 -0.228862
v 0.122077 -0.073109 -0.254465
v -0.128858 -0.081584 -0.248475
v -0.148848 -0.159440 -0.193451
v -0.134759 -0.198087 -0.166137
v -0.065880 -0.283194 -0.167215
v 0.030782 -0.293034 -0.160261
v 0.076783 -0.278376 -0.170621
v 0.114462 -0.252314 -0.189039
v 0.139739 -0.217674 -0.213521
v 0.149872 -0.178208 -0.241413
v 0.143764 -0.138193 -0.269693
v 0.122077 -0.101966 -0.295296
v 0.042801 -0.055742 -0.327965
v -0.006199 -0.050754 -0.331490
v -0.054526 -0.059030 -0.325642
v -0.128858 -0.110442 -0.289307
v -0.106066 -0.259764 -0.183776
v -0.018554 -0.294701 -0.159084
v 0.087162 -0.073452 -0.315447
v -0.096945 -0.079670 -0.311052
v -0.146808 -0.148007 -0.262757
v -0.148848 -0.188297 -0.234283
v -0.134759 -0.226946 -0.206969
v -0.106066 -0.288621 -0.224608
v -0.065880 -0.312052 -0.208048
v -0.018554 -0.323559 -0.199917
v 0.076783 -0.307234 -0.211454
v 0.114462 -0.281172 -0.229872
v 0.087162 -0.102309 -0.356279
v -0.054526 -0.087886 -0.366472
v -0.096945 -0.108528 -0.351885
v 0.030782 -0.321894 -0.201095
v 0.139739 -0.246532 -0.254354
v 0.149872 -0.207066 -0.282245
v 0.143764 -0.167051 -0.310524
v 0.122077 -0.130823 -0.336127
v 0.042801 -0.084599 -0.368794
v -0.006199 -0.079611 -0.372319
v -0.128858 -0.139299 -0.330137
v -0.146808 -0.176865 -0.303588
v -0.148848 -0.217155 -0.275115
v -0.134759 -0.255804 -0.247802
v 0.149872 -0.235923 -0.323078
v 0.143764 -0.195907 -0.351357
v 0.122077 -0.159680 -0.376959
v 0.087162 -0.131166 -0.397110
v -0.006199 -0.108467 -0.413151
v -0.054526 -0.116743 -0.407303
v -0.128858 -0.168155 -0.370969
v -0.146808 -0.205722 -0.344421
v -0.106066 -0.317479 -0.265440
v -0.065880 -0.340911 -0.248880
v -0.018554 -0.352417 -0.240748
v 0.030782 -0.350750 -0.241926
v 0.076783 -0.336092 -0.252285
v 0.114462 -0.310030 -0.270704
v 0.139739 -0.275389 -0.295185
v 0.042801 -0.113457 -0.409627
v -0.096945 -0.137386 -0.392716
v -0.148848 -0.246013 -0.315947
v -0.134759 -0.284661 -0.288633
v -0.065880 -0.369768 -0.289712
v -0.018554 -0.381274 -0.281580
v 0.030782 -0.379607 -0.282758
v 0.076783 -0.364949 -0.293117
v 0.114462 -0.338888 -0.311536
v 0.143764 -0.224765 -0.392189
v -0.096945 -0.166243 -0.433548
v -0.134759 -0.313518 -0.329465
v -0.106066 -0.346339 -0.306273
v 0.139739 -0.304248 -0.336018
v 0.149872 -0.264781 -0.363909
v 0.122077 -0.188538 -0.417789
v 0.087161 -0.160023 -0.437940
v 0.042800 -0.142313 -0.450456
v -0.006199 -0.137325 -0.453980
v -0.054527 -0.145600 -0.448132
v -0.128858 -0.197014 -0.411799
v -0.146808 -0.234581 -0.385251
v -0.148848 -0.274872 -0.356778
v -0.018554 -0.410133 -0.322416
v 0.087161 -0.188879 -0.478773
v 0.042800 -0.171169 -0.491289
v -0.006199 -0.166181 -0.494813
v -0.054527 -0.174456 -0.488965
v -0.096945 -0.195098 -0.474378
v -0.148848 -0.303728 -0.397611
v -0.106066 -0.375195 -0.347104
v -0.065879 -0.398627 -0.330544
v 0.030783 -0.408466 -0.323590
v 0.076783 -0.393808 -0.333950
v 0.114463 -0.367746 -0.352368
v 0.139739 -0.333104 -0.376850
v 0.149872 -0.293638 -0.404741
v 0.143764 -0.253623 -0.433020
v 0.122077 -0.217396 -0.458623
v -0.128858 -0.225872 -0.452632
v -0.146808 -0.263438 -0.426084
v -0.134759 -0.342377 -0.370297
v -0.065879 -0.427483 -0.371376
v -0.018554 -0.438989 -0.363245
v -0.061216 -0.086617 0.106066
v -0.077776 -0.110049 0.065879
v -0.085908 -0.121555 0.018554
v -0.084730 -0.119888 -0.030782
v -0.074371 -0.105230 -0.076783
v -0.055952 -0.079169 -0.114463
v -0.031470 -0.044528 -0.139739
v -0.003578 -0.005062 -0.149872
v 0.024702 0.034952 -0.143764
v 0.050305 0.071179 -0.122077
v 0.070457 0.099693 -0.087162
v 0.082974 0.117403 -0.042800
v 0.086499 0.122391 0.006199
v 0.080650 0.114116 0.054526
v 0.066062 0.093474 0.096945
v 0.044315 0.062704 0.128858
v 0.017766 0.025138 0.146808
v -0.010708 -0.015152 0.148848
v -0.038023 -0.053800 0.134759
v -0.102048 -0.057760 0.106066
v -0.125562 -0.091031 -0.030782
v -0.096784 -0.050311 -0.114463
v -0.072302 -0.015670 -0.139739
v -0.044409 0.023795 -0.149872
v -0.016129 0.063810 -0.143764
v 0.009474 0.100037 -0.122077
v 0.042142 0.146261 -0.042800
v 0.045667 0.151248 0.006199
v -0.118608 -0.081191 0.065879
v -0.126740 -0.092697 0.018554
v -0.115202 -0.076373 -0.076783
v 0.029625 0.128550 -0.087161
v 0.039818 0.142973 0.054526
v 0.025230 0.122332 0.096945
v 0.003483 0.091561 0.128858
v -0.023066 0.053995 0.146808
v -0.051540 0.013706 0.148848
v -0.078854 -0.024942 0.134759
v -0.167572 -0.063840 0.018554
v -0.113134 0.013187 -0.139739
v 0.001310 0.175118 -0.042800
v -0.037348 0.120419 0.128858
v -0.142880 -0.028902 0.106066
v -0.159440 -0.052334 0.065879
v -0.166394 -0.062173 -0.030782
v -0.156035 -0.047515 -0.076783
v -0.137616 -0.021453 -0.114463
v -0.085241 0.052653 -0.149872
v -0.056961 0.092667 -0.143764
v -0.031358 0.128894 -0.122077
v -0.011206 0.157408 -0.087161
v 0.004835 0.180106 0.006199
v -0.001013 0.171831 0.054526
v -0.015601 0.151189 0.096945
v -0.063898 0.082853 0.146808
v -0.092372 0.042563 0.148848
v -0.119686 0.003916 0.134759
v -0.196867 -0.018657 -0.076783
v -0.126073 0.081511 -0.149872
v -0.072190 0.157752 -0.122077
v -0.052038 0.186265 -0.087161
v -0.035996 0.208963 0.006199
v -0.041845 0.200688 0.054526
v -0.056433 0.180047 0.096945
v -0.078180 0.149276 0.128858
v -0.183712 -0.000045 0.106066
v -0.200272 -0.023476 0.065879
v -0.208404 -0.034982 0.018554
v -0.207226 -0.033316 -0.030782
v -0.178448 0.007404 -0.114463
v -0.153966 0.042045 -0.139739
v -0.097793 0.121525 -0.143764
v -0.039522 0.203976 -0.042800
v -0.104730 0.111711 0.146808
v -0.133204 0.071421 0.148848
v -0.160518 0.032773 0.134759
v -0.224544 0.028813 0.106066
v -0.241104 0.005382 0.065879
v -0.249236 -0.006124 0.018554
v -0.113022 0.186610 -0.122077
v -0.080353 0.232833 -0.042800
v -0.076828 0.237821 0.006199
v -0.082677 0.229546 0.054526
v -0.097265 0.208905 0.096945
v -0.145561 0.140568 0.146808
v -0.174036 0.100279 0.148848
v -0.248058 -0.004458 -0.030782
v -0.237699 0.010200 -0.076783
v -0.219280 0.036262 -0.114462
v -0.194798 0.070902 -0.139739
v -0.166905 0.110368 -0.149872
v -0.138625 0.150382 -0.143764
v -0.092870 0.215123 -0.087162
v -0.119012 0.178134 0.128858
v -0.201350 0.061631 0.134759
v -0.288890 0.024400 -0.030782
v -0.260112 0.065119 -0.114462
v -0.133702 0.243980 -0.087162
v -0.121185 0.261691 -0.042801
v -0.123508 0.258403 0.054526
v -0.265376 0.057671 0.106066
v -0.281937 0.034240 0.065880
v -0.290069 0.022734 0.018554
v -0.278531 0.039058 -0.076783
v -0.235630 0.099760 -0.139739
v -0.207737 0.139225 -0.149872
v -0.179457 0.179240 -0.143764
v -0.153854 0.215466 -0.122077
v -0.117660 0.266678 0.006199
v -0.138096 0.237762 0.096945
v -0.159843 0.206991 0.128858
v -0.186393 0.169426 0.146808
v -0.214868 0.129136 0.148848
v -0.242182 0.090489 0.134759
v -0.306208 0.086529 0.106066
v -0.322768 0.063098 0.065880
v -0.330900 0.051592 0.018554
v -0.319363 0.067916 -0.076783
v -0.283014 0.119347 0.134759
v -0.329722 0.053257 -0.030782
v -0.300944 0.093977 -0.114462
v -0.276462 0.128617 -0.139739
v -0.248569 0.168083 -0.149872
v -0.220289 0.208097 -0.143764
v -0.194686 0.244324 -0.122077
v -0.174534 0.272838 -0.087162
v -0.162017 0.290548 -0.042801
v -0.158492 0.295536 0.006199
v -0.164340 0.287261 0.054526
v -0.178928 0.266620 0.096945
v -0.200676 0.235849 0.128858
v -0.227225 0.198283 0.146808
v -0.255700 0.157994 0.148848
v -0.371732 0.080449 0.018554
v -0.289401 0.196941 -0.149872
v -0.235517 0.273182 -0.122077
v -0.215365 0.301696 -0.087162
v -0.202849 0.319406 -0.042801
v -0.199323 0.324394 0.006199
v -0.205172 0.316119 0.054526
v -0.347040 0.115386 0.106066
v -0.363601 0.091955 0.065880
v -0.370555 0.082115 -0.030782
v -0.360195 0.096773 -0.076783
v -0.341776 0.122835 -0.114462
v -0.317294 0.157475 -0.139739
v -0.261121 0.236955 -0.143764
v -0.219760 0.295476 0.096945
v -0.241507 0.264706 0.128858
v -0.268057 0.227141 0.146808
v -0.296532 0.186851 0.148848
v -0.323846 0.148204 0.134759
v -0.387872 0.144244 0.106066
v -0.404432 0.120813 0.065880
v -0.412564 0.109307 0.018554
v -0.411387 0.110973 -0.030782
v -0.401027 0.125631 -0.076783
v -0.243680 0.348263 -0.042801
v -0.240154 0.353251 0.006199
v -0.308888 0.255999 0.146808
v -0.337363 0.215709 0.148848
v -0.382607 0.151692 -0.114462
v -0.358125 0.186332 -0.139739
v -0.330233 0.225798 -0.149872
v -0.301953 0.265813 -0.143764
v -0.276349 0.302039 -0.122077
v -0.256197 0.330553 -0.087162
v -0.246004 0.344976 0.054526
v -0.260592 0.324335 0.096945
v -0.282339 0.293564 0.128858
v -0.364678 0.177061 0.134759
v -0.428703 0.173101 0.106066
v -0.453395 0.138164 0.018554
v -0.452218 0.139830 -0.030782
v -0.441858 0.154488 -0.076783
v -0.423439 0.180550 -0.114462
v -0.398957 0.215190 -0.139739
v -0.371064 0.254656 -0.149872
v -0.342784 0.294670 -0.143764
v -0.284512 0.377121 -0.042801
v -0.280987 0.382109 0.006199
v -0.301424 0.353192 0.096945
v -0.405509 0.205919 0.134759
v -0.445262 0.149669 0.065879
v -0.317182 0.330898 -0.122077
v -0.297030 0.359412 -0.087161
v -0.286837 0.373835 0.054527
v -0.323172 0.322422 0.128858
v -0.349721 0.284856 0.146808
v -0.378195 0.244566 0.148848
v -0.486094 0.178526 0.065879
v -0.494226 0.167020 0.018554
v -0.493048 0.168686 -0.030783
v -0.482688 0.183345 -0.076783
v -0.464270 0.209407 -0.114463
v -0.439788 0.244047 -0.139739
v -0.411896 0.283514 -0.149872
v -0.419027 0.273423 0.148848
v -0.469536 0.201959 0.106066
v -0.383616 0.323528 -0.143764
v -0.358012 0.359754 -0.122077
v -0.337860 0.388268 -0.087161
v -0.325344 0.405978 -0.042800
v -0.321818 0.410965 0.006199
v -0.327667 0.402690 0.054527
v -0.342255 0.382049 0.096945
v -0.364003 0.351278 0.128858
v -0.390553 0.313713 0.146808
v -0.446342 0.234776 0.134759
v -0.535060 0.195880 0.018554
v -0.378692 0.417126 -0.087161
v -0.366175 0.434836 -0.042800
v -0.368498 0.431548 0.054527
v -0.404834 0.380136 0.128858
v -0.431384 0.342571 0.146808
v -0.459859 0.302282 0.148848
v 0.061216 -0.086617 -0.106066
v 0.077776 -0.110049 -0.065879
v 0.085908 -0.121555 -0.018554
v 0.084730 -0.119888 0.030782
v 0.074371 -0.105230 0.076783
v 0.055952 -0.079169 0.114463
v 0.031470 -0.044528 0.139739
v 0.003578 -0.005062 0.149872
v -0.024702 0.034952 0.143764
v -0.050305 0.071179 0.122077
v -0.070457 0.099693 0.087162
v -0.082974 0.117403 0.042800
v -0.086499 0.122391 -0.006199
v -0.080650 0.114116 -0.054526
v -0.066062 0.093474 -0.096945
v -0.044315 0.062704 -0.128858
v -0.017766 0.025138 -0.146808
v 0.010708 -0.015152 -0.148848
v 0.038023 -0.053800 -0.134759
v 0.016129 0.063810 0.143764
v -0.009474 0.100037 0.122077
v -0.029625 0.128550 0.087162
v -0.042142 0.146261 0.042800
v -0.045667 0.151248 -0.006199
v -0.039819 0.142973 -0.054526
v -0.003483 0.091561 -0.128858
v 0.078854 -0.024942 -0.134759
v 0.102048 -0.057760 -0.106066
v 0.118608 -0.081191 -0.065879
v 0.126740 -0.092697 -0.018554
v 0.125562 -0.091031 0.030782
v 0.115203 -0.076373 0.076783
v 0.096784 -0.050311 0.114463
v 0.072302 -0.015670 0.139739
v 0.044409 0.023796 0.149872
v -0.025230 0.122332 -0.096945
v 0.023066 0.053995 -0.146808
v 0.051540 0.013706 -0.148848
v 0.142880 -0.028902 -0.106066
v 0.159440 -0.052334 -0.065879
v 0.167572 -0.063840 -0.018554
v 0.166394 -0.062173 0.030782
v 0.156034 -0.047515 0.076783
v 0.137616 -0.021454 0.114463
v 0.113134 0.013187 0.139739
v 0.085241 0.052653 0.149872
v 0.011207 0.157408 0.087161
v -0.001310 0.175118 0.042800
v -0.004835 0.180106 -0.006199
v 0.037348 0.120419 -0.128858
v 0.063898 0.082853 -0.146808
v 0.092372 0.042563 -0.148848
v 0.056961 0.092667 0.143764
v 0.031358 0.128894 0.122077
v 0.001013 0.171831 -0.054526
v 0.015601 0.151189 -0.096945
v 0.119686 0.003916 -0.134759
v 0.207226 -0.033315 0.030782
v 0.178448 0.007404 0.114463
v 0.072190 0.157752 0.122077
v 0.052038 0.186265 0.087161
v 0.035996 0.208963 -0.006199
v 0.041845 0.200688 -0.054526
v 0.056433 0.180047 -0.096945
v 0.160518 0.032773 -0.134759
v 0.183712 -0.000045 -0.106066
v 0.200272 -0.023476 -0.065879
v 0.208404 -0.034982 -0.018554
v 0.196866 -0.018657 0.076783
v 0.153966 0.042045 0.139739
v 0.126073 0.081511 0.149872
v 0.097793 0.121525 0.143764
v 0.039522 0.203976 0.042800
v 0.078180 0.149276 -0.128858
v 0.104730 0.111711 -0.146808
v 0.133204 0.071421 -0.148848
v 0.224544 0.028813 -0.106066
v 0.241104 0.005382 -0.065879
v 0.249236 -0.006124 -0.018554
v 0.248058 -0.004458 0.030782
v 0.237698 0.010200 0.076783
v 0.194797 0.070902 0.139739
v 0.166905 0.110368 0.149872
v 0.174036 0.100279 -0.148848
v 0.201350 0.061631 -0.134759
v 0.219280 0.036262 0.114462
v 0.138625 0.150382 0.143764
v 0.113022 0.186609 0.122077
v 0.092870 0.215123 0.087162
v 0.080353 0.232833 0.042801
v 0.076828 0.237821 -0.006199
v 0.082676 0.229546 -0.054526
v 0.097265 0.208904 -0.096945
v 0.119012 0.178134 -0.128858
v 0.145561 0.140568 -0.146807
v 0.265376 0.057671 -0.106066
v 0.290068 0.022734 -0.018554
v 0.288890 0.024400 0.030782
v 0.117660 0.266678 -0.006199
v 0.123508 0.258403 -0.054526
v 0.138096 0.237762 -0.096945
v 0.159844 0.206992 -0.128858
v 0.281937 0.034240 -0.065880
v 0.278531 0.039058 0.076783
v 0.260112 0.065119 0.114462
v 0.235630 0.099760 0.139739
v 0.207737 0.139225 0.149872
v 0.179457 0.179240 0.143764
v 0.153853 0.215466 0.122077
v 0.133701 0.243980 0.087162
v 0.121185 0.261690 0.042801
v 0.186393 0.169426 -0.146807
v 0.214868 0.129136 -0.148848
v 0.242182 0.090489 -0.134759
v 0.300944 0.093977 0.114462
v 0.220288 0.208098 0.143764
v 0.194685 0.244324 0.122077
v 0.174533 0.272838 0.087162
v 0.162016 0.290548 0.042801
v 0.158491 0.295536 -0.006199
v 0.164340 0.287261 -0.054526
v 0.178928 0.266620 -0.096945
v 0.227225 0.198284 -0.146807
v 0.306208 0.086528 -0.106066
v 0.322768 0.063097 -0.065880
v 0.330900 0.051591 -0.018554
v 0.329722 0.053257 0.030782
v 0.319363 0.067915 0.076783
v 0.276462 0.128617 0.139739
v 0.248569 0.168083 0.149872
v 0.200676 0.235849 -0.128858
v 0.255700 0.157994 -0.148848
v 0.283014 0.119346 -0.134759
v 0.347040 0.115386 -0.106066
v 0.363600 0.091955 -0.065880
v 0.371732 0.080449 -0.018554
v 0.370554 0.082115 0.030782
v 0.360194 0.096773 0.076783
v 0.289401 0.196941 0.149872
v 0.261121 0.236955 0.143764
v 0.268057 0.227141 -0.146807
v 0.296531 0.186852 -0.148848
v 0.323846 0.148204 -0.134759
v 0.341776 0.122835 0.114462
v 0.317294 0.157475 0.139739
v 0.235517 0.273181 0.122077
v 0.215365 0.301695 0.087162
v 0.202848 0.319405 0.042801
v 0.199323 0.324393 -0.006199
v 0.205171 0.316118 -0.054526
v 0.219760 0.295476 -0.096945
v 0.241507 0.264706 -0.128858
v 0.330233 0.225799 0.149872
v 0.301952 0.265813 0.143764
v 0.276349 0.302039 0.122077
v 0.256196 0.330553 0.087162
v 0.243680 0.348263 0.042801
v 0.240154 0.353251 -0.006199
v 0.246003 0.344976 -0.054526
v 0.260591 0.324335 -0.096945
v 0.387872 0.144244 -0.106066
v 0.404432 0.120812 -0.065880
v 0.412564 0.109306 -0.018554
v 0.411386 0.110972 0.030782
v 0.401026 0.125631 0.076783
v 0.382607 0.151692 0.114462
v 0.358125 0.186332 0.139739
v 0.282339 0.293564 -0.128858
v 0.308889 0.255999 -0.146807
v 0.337363 0.215709 -0.148848
v 0.364678 0.177061 -0.134759
v 0.398957 0.215190 0.139739
v 0.342784 0.294670 0.143764
v 0.317181 0.330897 0.122077
v 0.297029 0.359411 0.087162
v 0.284512 0.377121 0.042801
v 0.280987 0.382109 -0.006199
v 0.286836 0.373834 -0.054526
v 0.301424 0.353192 -0.096945
v 0.323171 0.322422 -0.128858
v 0.349720 0.284856 -0.146807
v 0.428702 0.173100 -0.106066
v 0.445262 0.149669 -0.065879
v 0.453393 0.138163 -0.018554
v 0.452216 0.139829 0.030783
v 0.441856 0.154488 0.076783
v 0.423438 0.180549 0.114463
v 0.371064 0.254657 0.149872
v 0.378195 0.244566 -0.148848
v 0.405509 0.205918 -0.134758
v 0.469534 0.201957 -0.106066
v 0.486094 0.178526 -0.065879
v 0.494226 0.167020 -0.018554
v 0.493048 0.168686 0.030783
v 0.482688 0.183345 0.076783
v 0.464270 0.209407 0.114463
v 0.439788 0.244047 0.139739
v 0.419027 0.273423 -0.148848
v 0.446341 0.234775 -0.134758
v 0.411896 0.283514 0.149872
v 0.383616 0.323528 0.143764
v 0.358012 0.359754 0.122077
v 0.337860 0.388268 0.087161
v 0.325344 0.405978 0.042800
v 0.321818 0.410965 -0.006199
v 0.327667 0.402690 -0.054527
v 0.342256 0.382049 -0.096945
v 0.364003 0.351278 -0.128858
v 0.390553 0.313713 -0.146808
v 0.480621 0.272906 0.139739
v 0.424447 0.352386 0.143764
v 0.398844 0.388613 0.122077
v 0.378692 0.417126 0.087161
v 0.366175 0.434836 0.042800
v 0.362650 0.439823 -0.006199
v 0.368499 0.431548 -0.054527
v 0.383087 0.410907 -0.096945
v 0.431384 0.342571 -0.146808
v 0.000000 -0.480582 0.768197
v 0.000000 -0.507197 0.741582
v 0.000000 -0.555525 0.712615
v 0.000000 -0.573265 0.706267
v 0.000000 -0.591543 0.701689
v 0.000000 -0.610181 0.698925
v 0.000000 -0.647819 0.698925
v 0.000000 -0.666457 0.701689
v 0.000000 -0.719508 0.720671
v 0.000000 -0.735670 0.730358
v 0.000000 -0.750804 0.741582
v 0.000000 -0.777418 0.768197
v 0.000000 -0.788642 0.783331
v 0.000000 -0.798329 0.799492
v 0.000000 -0.817311 0.852543
v 0.000000 -0.820076 0.871181
v 0.003671 -0.437925 0.871542
v 0.007308 -0.440689 0.853262
v 0.010873 -0.445267 0.835336
v 0.014334 -0.451615 0.817937
v 0.017657 -0.459671 0.801231
v 0.020810 -0.469358 0.785380
v 0.023763 -0.480582 0.770537
v 0.026486 -0.493236 0.756844
v 0.028955 -0.507197 0.744434
v 0.031145 -0.522331 0.733425
v 0.033034 -0.538492 0.723925
v 0.034606 -0.555525 0.716024
v 0.035844 -0.573265 0.709798
v 0.036738 -0.591543 0.705308
v 0.037277 -0.610181 0.702596
v 0.037457 -0.629000 0.701689
v 0.037277 -0.647819 0.702596
v 0.036738 -0.666457 0.705308
v 0.035844 -0.684735 0.709798
v 0.034606 -0.702475 0.716024
v 0.033034 -0.719508 0.723925
v 0.031145 -0.735670 0.733425
v 0.028955 -0.750804 0.744434
v 0.026486 -0.764765 0.756844
v 0.023763 -0.777418 0.770537
v 0.020810 -0.788642 0.785380
v 0.017657 -0.798329 0.801231
v 0.014334 -0.806385 0.817937
v 0.010873 -0.812733 0.835336
v 0.007308 -0.817311 0.853262
v 0.003671 -0.820076 0.871542
v 0.007202 -0.437925 0.872613
v 0.014334 -0.440689 0.855394
v 0.021329 -0.445267 0.838508
v 0.028118 -0.451615 0.822118
v 0.034636 -0.459671 0.806381
v 0.040821 -0.469358 0.791450
v 0.046612 -0.480582 0.777468
v 0.051955 -0.493236 0.764570
v 0.056797 -0.507197 0.752880
v 0.061092 -0.522331 0.742510
v 0.064799 -0.538492 0.733561
v 0.067882 -0.555525 0.726118
v 0.070311 -0.573265 0.720253
v 0.072063 -0.591543 0.716024
v 0.073121 -0.610181 0.713469
v 0.073475 -0.629000 0.712615
v 0.073121 -0.647819 0.713469
v 0.072063 -0.666457 0.716024
v 0.070311 -0.684735 0.720253
v 0.067882 -0.702475 0.726118
v 0.064799 -0.719508 0.733561
v 0.061092 -0.735670 0.742510
v 0.056797 -0.750804 0.752880
v 0.051955 -0.764765 0.764570
v 0.046612 -0.777418 0.777468
v 0.040821 -0.788642 0.791450
v 0.034636 -0.798329 0.806381
v 0.028118 -0.806385 0.822118
v 0.021329 -0.812733 0.838508
v 0.014334 -0.817311 0.855394
v 0.007202 -0.820076 0.872613
v 0.010455 -0.437925 0.874352
v 0.020810 -0.440689 0.858855
v 0.030965 -0.445267 0.843658
v 0.040821 -0.451615 0.828908
v 0.050284 -0.459671 0.814745
v 0.059262 -0.469358 0.801308
v 0.067670 -0.480582 0.788724
v 0.075427 -0.493236 0.777116
v 0.082457 -0.507197 0.766595
v 0.088692 -0.522331 0.757262
v 0.094074 -0.538492 0.749208
v 0.098550 -0.555525 0.742510
v 0.102076 -0.573265 0.737232
v 0.104620 -0.591543 0.733425
v 0.106156 -0.610181 0.731127
v 0.106670 -0.629000 0.730358
v 0.106156 -0.647819 0.731127
v 0.104620 -0.666457 0.733425
v 0.102076 -0.684735 0.737232
v 0.098550 -0.702475 0.742510
v 0.094074 -0.719508 0.749208
v 0.088692 -0.735670 0.757262
v 0.082457 -0.750804 0.766595
v 0.075427 -0.764765 0.777116
v 0.067670 -0.777418 0.788724
v 0.059262 -0.788642 0.801308
v 0.050284 -0.798329 0.814745
v 0.040821 -0.806385 0.828908
v 0.030965 -0.812733 0.843658
v 0.020810 -0.817311 0.858855
v 0.010455 -0.820076 0.874352
v 0.013307 -0.437925 0.876693
v 0.026486 -0.440689 0.863514
v 0.039410 -0.445267 0.850590
v 0.051955 -0.451615 0.838045
v 0.063999 -0.459671 0.826001
v 0.075427 -0.469358 0.814573
v 0.086128 -0.480582 0.803872
v 0.096000 -0.493236 0.794000
v 0.104947 -0.507197 0.785053
v 0.112884 -0.522331 0.777116
v 0.119734 -0.538492 0.770266
v 0.125430 -0.555525 0.764570
v 0.129919 -0.573265 0.760081
v 0.133156 -0.591543 0.756844
v 0.135111 -0.610181 0.754889
v 0.135765 -0.629000 0.754236
v 0.135111 -0.647819 0.754889
v 0.133156 -0.666457 0.756844
v 0.129919 -0.684735 0.760081
v 0.125430 -0.702475 0.764570
v 0.119734 -0.719508 0.770266
v 0.112884 -0.735670 0.777116
v 0.104947 -0.750804 0.785053
v 0.096000 -0.764765 0.794000
v 0.086128 -0.777418 0.803872
v 0.075427 -0.788642 0.814573
v 0.063999 -0.798329 0.826001
v 0.051955 -0.806385 0.838045
v 0.039410 -0.812733 0.850590
v 0.026486 -0.817311 0.863514
v 0.013307 -0.820076 0.876693
v 0.015648 -0.437925 0.879545
v 0.031145 -0.440689 0.869190
v 0.046342 -0.445267 0.859035
v 0.061092 -0.451615 0.849179
v 0.075255 -0.459671 0.839716
v 0.088692 -0.469358 0.830738
v 0.101276 -0.480582 0.822330
v 0.112884 -0.493236 0.814573
v 0.123405 -0.507197 0.807543
v 0.132738 -0.522331 0.801308
v 0.140792 -0.538492 0.795926
v 0.147490 -0.555525 0.791450
v 0.152768 -0.573265 0.787924
v 0.156575 -0.591543 0.785380
v 0.158873 -0.610181 0.783844
v 0.159642 -0.629000 0.783331
v 0.158873 -0.647819 0.783844
v 0.156575 -0.666457 0.785380
v 0.152768 -0.684735 0.787924
v 0.147490 -0.702475 0.791450
v 0.140792 -0.719508 0.795926
v 0.132738 -0.735670 0.801308
v 0.123405 -0.750804 0.807543
v 0.112884 -0.764765 0.814573
v 0.101276 -0.777418 0.822330
v 0.088692 -0.788642 0.830738
v 0.075255 -0.798329 0.839716
v 0.061092 -0.806385 0.849179
v 0.046342 -0.812733 0.859035
v 0.031145 -0.817311 0.869190
v 0.015648 -0.820076 0.879545
v 0.017387 -0.437925 0.882798
v 0.034606 -0.440689 0.875666
v 0.051492 -0.445267 0.868671
v 0.067882 -0.451615 0.861882
v 0.083619 -0.459671 0.855364
v 0.098550 -0.469358 0.849179
v 0.112532 -0.480582 0.843388
v 0.125430 -0.493236 0.838045
v 0.137120 -0.507197 0.833203
v 0.147490 -0.522331 0.828908
v 0.156439 -0.538492 0.825201
v 0.163882 -0.555525 0.822118
v 0.169747 -0.573265 0.819689
v 0.173976 -0.591543 0.817937
v 0.176531 -0.610181 0.816879
v 0.177385 -0.629000 0.816525
v 0.176531 -0.647819 0.816879
v 0.173976 -0.666457 0.817937
v 0.169747 -0.684735 0.819689
v 0.163882 -0.702475 0.822118
v 0.156439 -0.719508 0.825201
v 0.147490 -0.735670 0.828908
v 0.137120 -0.750804 0.833203
v 0.125430 -0.764765 0.838045
v 0.112532 -0.777418 0.843388
v 0.098550 -0.788642 0.849179
v 0.083619 -0.798329 0.855364
v 0.067882 -0.806385 0.861882
v 0.051492 -0.812733 0.868671
v 0.034606 -0.817311 0.875666
v 0.017387 -0.820076 0.882798
v 0.018458 -0.437925 0.886329
v 0.036738 -0.440689 0.882692
v 0.054664 -0.445267 0.879127
v 0.072063 -0.451615 0.875666
v 0.088769 -0.459671 0.872343
v 0.104620 -0.469358 0.869190
v 0.119463 -0.480582 0.866237
v 0.133156 -0.493236 0.863514
v 0.145566 -0.507197 0.861045
v 0.156575 -0.522331 0.858855
v 0.166075 -0.538492 0.856966
v 0.173976 -0.555525 0.855394
v 0.180202 -0.573265 0.854156
v 0.184692 -0.591543 0.853262
v 0.187404 -0.610181 0.852723
v 0.188311 -0.629000 0.852543
v 0.187404 -0.647819 0.852723
v 0.184692 -0.666457 0.853262
v 0.180202 -0.684735 0.854156
v 0.173976 -0.702475 0.855394
v 0.166075 -0.719508 0.856966
v 0.156575 -0.735670 0.858855
v 0.145566 -0.750804 0.861045
v 0.133156 -0.764765 0.863514
v 0.119463 -0.777418 0.866237
v 0.104620 -0.788642 0.869190
v 0.088769 -0.798329 0.872343
v 0.072063 -0.806385 0.875666
v 0.054664 -0.812733 0.879127
v 0.036738 -0.817311 0.882692
v 0.018458 -0.820076 0.886329
v 0.018819 -0.437925 0.890000
v 0.037457 -0.440689 0.890000
v 0.055735 -0.445267 0.890000
v 0.073475 -0.451615 0.890000
v 0.090508 -0.459671 0.890000
v 0.106669 -0.469358 0.890000
v 0.121803 -0.480582 0.890000
v 0.135765 -0.493236 0.890000
v 0.148418 -0.507197 0.890000
v 0.159642 -0.522331 0.890000
v 0.169329 -0.538492 0.890000
v 0.177385 -0.555525 0.890000
v 0.183733 -0.573265 0.890000
v 0.188311 -0.591543 0.890000
v 0.191075 -0.610181 0.890000
v 0.192000 -0.629000 0.890000
v 0.191075 -0.647819 0.890000
v 0.188311 -0.666457 0.890000
v 0.183733 -0.684735 0.890000
v 0.177385 -0.702475 0.890000
v 0.169329 -0.719508 0.890000
v 0.159642 -0.735670 0.890000
v 0.148418 -0.750804 0.890000
v 0.135765 -0.764765 0.890000
v 0.121803 -0.777418 0.890000
v 0.106669 -0.788642 0.890000
v 0.090508 -0.798329 0.890000
v 0.073475 -0.806385 0.890000
v 0.055735 -0.812733 0.890000
v 0.037457 -0.817311 0.890000
v 0.018819 -0.820076 0.890000
v 0.018458 -0.437925 0.893672
v 0.036738 -0.440689 0.897308
v 0.054664 -0.445267 0.900873
v 0.072063 -0.451615 0.904334
v 0.088769 -0.459671 0.907657
v 0.104620 -0.469358 0.910810
v 0.119463 -0.480582 0.913763
v 0.133156 -0.493236 0.916486
v 0.145566 -0.507197 0.918955
v 0.156575 -0.522331 0.921145
v 0.166075 -0.538492 0.923034
v 0.173976 -0.555525 0.924606
v 0.180202 -0.573265 0.925845
v 0.184692 -0.591543 0.926738
v 0.187404 -0.610181 0.927277
v 0.188311 -0.629000 0.927457
v 0.187404 -0.647819 0.927277
v 0.184692 -0.666457 0.926738
v 0.180202 -0.684735 0.925845
v 0.173976 -0.702475 0.924606
v 0.166075 -0.719508 0.923034
v 0.156575 -0.735670 0.921145
v 0.145566 -0.750804 0.918955
v 0.133156 -0.764765 0.916486
v 0.119463 -0.777418 0.913763
v 0.104620 -0.788642 0.910810
v 0.088769 -0.798329 0.907657
v 0.072063 -0.806385 0.904334
v 0.054664 -0.812733 0.900873
v 0.036738 -0.817311 0.897308
v 0.018458 -0.820076 0.893672
v 0.017387 -0.437925 0.897202
v 0.034606 -0.440689 0.904334
v 0.051492 -0.445267 0.911329
v 0.067882 -0.451615 0.918118
v 0.083619 -0.459671 0.924636
v 0.098550 -0.469358 0.930821
v 0.112532 -0.480582 0.936612
v 0.125430 -0.493236 0.941955
v 0.137120 -0.507197 0.946797
v 0.147490 -0.522331 0.951092
v 0.156439 -0.538492 0.954799
v 0.163882 -0.555525 0.957882
v 0.169747 -0.573265 0.960311
v 0.173976 -0.591543 0.962064
v 0.176531 -0.610181 0.963122
v 0.177385 -0.629000 0.963475
v 0.176531 -0.647819 0.963122
v 0.173976 -0.666457 0.962064
v 0.169747 -0.684735 0.960311
v 0.163882 -0.702475 0.957882
v 0.156439 -0.719508 0.954799
v 0.147490 -0.735670 0.951092
v 0.137120 -0.750804 0.946797
v 0.125430 -0.764765 0.941955
v 0.112532 -0.777418 0.936612
v 0.098550 -0.788642 0.930821
v 0.083619 -0.798329 0.924636
v 0.067882 -0.806385 0.918118
v 0.051492 -0.812733 0.911329
v 0.034606 -0.817311 0.904334
v 0.017387 -0.820076 0.897202
v 0.015648 -0.437925 0.900455
v 0.031145 -0.440689 0.910810
v 0.046342 -0.445267 0.920965
v 0.061092 -0.451615 0.930821
v 0.075255 -0.459671 0.940284
v 0.088692 -0.469358 0.949262
v 0.101276 -0.480582 0.957670
v 0.112884 -0.493236 0.965427
v 0.123405 -0.507197 0.972457
v 0.132738 -0.522331 0.978692
v 0.140792 -0.538492 0.984074
v 0.147490 -0.555525 0.988550
v 0.152768 -0.573265 0.992076
v 0.156575 -0.591543 0.994620
v 0.158873 -0.610181 0.996156
v 0.159642 -0.629000 0.996669
v 0.158873 -0.647819 0.996156
v 0.156575 -0.666457 0.994620
v 0.152768 -0.684735 0.992076
v 0.147490 -0.702475 0.988550
v 0.140792 -0.719508 0.984074
v 0.132738 -0.735670 0.978692
v 0.123405 -0.750804 0.972457
v 0.112884 -0.764765 0.965427
v 0.101276 -0.777418 0.957670
v 0.088692 -0.788642 0.949262
v 0.075255 -0.798329 0.940284
v 0.061092 -0.806385 0.930821
v 0.046342 -0.812733 0.920965
v 0.031145 -0.817311 0.910810
v 0.015648 -0.820076 0.900455
v 0.013307 -0.437925 0.903307
v 0.026486 -0.440689 0.916486
v 0.039410 -0.445267 0.929410
v 0.051955 -0.451615 0.941955
v 0.063999 -0.459671 0.953999
v 0.075427 -0.469358 0.965427
v 0.086128 -0.480582 0.976128
v 0.096000 -0.493236 0.986000
v 0.104947 -0.507197 0.994947
v 0.112884 -0.522331 1.002884
v 0.119734 -0.538492 1.009734
v 0.125430 -0.555525 1.015430
v 0.129919 -0.573265 1.019919
v 0.133156 -0.591543 1.023156
v 0.135111 -0.610181 1.025111
v 0.135764 -0.629000 1.025765
v 0.135111 -0.647819 1.025111
v 0.133156 -0.666457 1.023156
v 0.129919 -0.684735 1.019919
v 0.125430 -0.702475 1.015430
v 0.119734 -0.719508 1.009734
v 0.112884 -0.735670 1.002884
v 0.104947 -0.750804 0.994947
v 0.096000 -0.764765 0.986000
v 0.086128 -0.777418 0.976128
v 0.075427 -0.788642 0.965427
v 0.063999 -0.798329 0.953999
v 0.051955 -0.806385 0.941955
v 0.039410 -0.812733 0.929410
v 0.026486 -0.817311 0.916486
v 0.013307 -0.820076 0.903307
v 0.010455 -0.437925 0.905648
v 0.020810 -0.440689 0.921145
v 0.030965 -0.445267 0.936342
v 0.040821 -0.451615 0.951092
v 0.050284 -0.459671 0.965255
v 0.059262 -0.469358 0.978692
v 0.067670 -0.480582 0.991276
v 0.075427 -0.493236 1.002884
v 0.082457 -0.507197 1.013405
v 0.088692 -0.522331 1.022738
v 0.094074 -0.538492 1.030792
v 0.098550 -0.555525 1.037490
v 0.102076 -0.573265 1.042768
v 0.104620 -0.591543 1.046575
v 0.106156 -0.610181 1.048874
v 0.106669 -0.629000 1.049642
v 0.106156 -0.647819 1.048874
v 0.104620 -0.666457 1.046575
v 0.102076 -0.684735 1.042768
v 0.098550 -0.702475 1.037490
v 0.094074 -0.719508 1.030792
v 0.088692 -0.735670 1.022738
v 0.082457 -0.750804 1.013405
v 0.075427 -0.764765 1.002884
v 0.067670 -0.777418 0.991276
v 0.059262 -0.788642 0.978692
v 0.050284 -0.798329 0.965255
v 0.040821 -0.806385 0.951092
v 0.030965 -0.812733 0.936342
v 0.020810 -0.817311 0.921145
v 0.010455 -0.820076 0.905648
v 0.007202 -0.437925 0.907387
v 0.014334 -0.440689 0.924606
v 0.021329 -0.445267 0.941492
v 0.028118 -0.451615 0.957882
v 0.034636 -0.459671 0.973619
v 0.040821 -0.469358 0.988550
v 0.046612 -0.480582 1.002532
v 0.051955 -0.493236 1.015430
v 0.056797 -0.507197 1.027120
v 0.061092 -0.522331 1.037490
v 0.064799 -0.538492 1.046440
v 0.067882 -0.555525 1.053882
v 0.070311 -0.573265 1.059747
v 0.072063 -0.591543 1.063977
v 0.073121 -0.610181 1.066531
v 0.073475 -0.629000 1.067385
v 0.073121 -0.647819 1.066531
v 0.072063 -0.666457 1.063977
v 0.070311 -0.684735 1.059747
v 0.067882 -0.702475 1.053882
v 0.064799 -0.719508 1.046440
v 0.061092 -0.735670 1.037490
v 0.056797 -0.750804 1.027120
v 0.051955 -0.764765 1.015430
v 0.046612 -0.777418 1.002532
v 0.040821 -0.788642 0.988550
v 0.034636 -0.798329 0.973619
v 0.028118 -0.806385 0.957882
v 0.021329 -0.812733 0.941492
v 0.014334 -0.817311 0.924606
v 0.007202 -0.820076 0.907387
v 0.003671 -0.437925 0.908458
v 0.007308 -0.440689 0.926738
v 0.010873 -0.445267 0.944664
v 0.014334 -0.451615 0.962063
v 0.017657 -0.459671 0.978769
v 0.020810 -0.469358 0.994620
v 0.023763 -0.480582 1.009463
v 0.026486 -0.493236 1.023156
v 0.028955 -0.507197 1.035566
v 0.031145 -0.522331 1.046575
v 0.033034 -0.538492 1.056075
v 0.034606 -0.555525 1.063977
v 0.035844 -0.573265 1.070202
v 0.036738 -0.591543 1.074692
v 0.037277 -0.610181 1.077404
v 0.037457 -0.629000 1.078311
v 0.037277 -0.647819 1.077404
v 0.036738 -0.666457 1.074692
v 0.035844 -0.684735 1.070202
v 0.034606 -0.702475 1.063977
v 0.033034 -0.719508 1.056075
v 0.031145 -0.735670 1.046575
v 0.028955 -0.750804 1.035566
v 0.026486 -0.764765 1.023156
v 0.023763 -0.777418 1.009463
v 0.020810 -0.788642 0.994620
v 0.017657 -0.798329 0.978769
v 0.014334 -0.806385 0.962063
v 0.010873 -0.812733 0.944664
v 0.007308 -0.817311 0.926738
v 0.003671 -0.820076 0.908458
v 0.000000 -0.437925 0.908819
v 0.000000 -0.440689 0.927457
v 0.000000 -0.445267 0.945735
v 0.000000 -0.451615 0.963475
v 0.000000 -0.459671 0.980508
v 0.000000 -0.469358 0.996669
v 0.000000 -0.480582 1.011804
v 0.000000 -0.493236 1.025765
v 0.000000 -0.507197 1.038418
v 0.000000 -0.522331 1.049642
v 0.000000 -0.538492 1.059329
v 0.000000 -0.555525 1.067385
v 0.000000 -0.573265 1.073733
v 0.000000 -0.591543 1.078311
v 0.000000 -0.610181 1.081075
v 0.000000 -0.629000 1.082000
v 0.000000 -0.647819 1.081075
v 0.000000 -0.666457 1.078311
v 0.000000 -0.684735 1.073733
v 0.000000 -0.702475 1.067385
v 0.000000 -0.719508 1.059329
v 0.000000 -0.735670 1.049642
v 0.000000 -0.750804 1.038418
v 0.000000 -0.764765 1.025765
v 0.000000 -0.777418 1.011804
v 0.000000 -0.788642 0.996669
v 0.000000 -0.798329 0.980508
v 0.000000 -0.806385 0.963475
v 0.000000 -0.812733 0.945735
v 0.000000 -0.817311 0.927457
v 0.000000 -0.820076 0.908819
v 0.000000 -0.821000 0.890000
v 0.000000 -0.437000 0.890000
v -0.003671 -0.437925 0.908458
v -0.007308 -0.440689 0.926738
v -0.010873 -0.445267 0.944664
v -0.014334 -0.451615 0.962063
v -0.017657 -0.459671 0.978769
v -0.020810 -0.469358 0.994620
v -0.023763 -0.480582 1.009463
v -0.026486 -0.493236 1.023156
v -0.028955 -0.507197 1.035566
v -0.031145 -0.522331 1.046575
v -0.033034 -0.538492 1.056075
v -0.034606 -0.555525 1.063977
v -0.035844 -0.573265 1.070202
v -0.036738 -0.591543 1.074692
v -0.037277 -0.610181 1.077404
v -0.037457 -0.629000 1.078311
v -0.037277 -0.647819 1.077404
v -0.036738 -0.666457 1.074692
v -0.035844 -0.684735 1.070202
v -0.034606 -0.702475 1.063977
v -0.033034 -0.719508 1.056075
v -0.031145 -0.735670 1.046575
v -0.028955 -0.750804 1.035566
v -0.026486 -0.764765 1.023156
v -0.023763 -0.777418 1.009463
v -0.020810 -0.788642 0.994620
v -0.017657 -0.798329 0.978769
v -0.014334 -0.806385 0.962063
v -0.010873 -0.812733 0.944664
v -0.007308 -0.817311 0.926738
v -0.003671 -0.820076 0.908458
v -0.007202 -0.437925 0.907387
v -0.014334 -0.440689 0.924606
v -0.021329 -0.445267 0.941492
v -0.028118 -0.451615 0.957882
v -0.034636 -0.459671 0.973619
v -0.040821 -0.469358 0.988550
v -0.046612 -0.480582 1.002532
v -0.051955 -0.493236 1.015430
v -0.056797 -0.507197 1.027120
v -0.061092 -0.522331 1.037490
v -0.064799 -0.538492 1.046440
v -0.067882 -0.555525 1.053882
v -0.070311 -0.573265 1.059747
v -0.072063 -0.591543 1.063977
v -0.073121 -0.610181 1.066531
v -0.073475 -0.629000 1.067385
v -0.073121 -0.647819 1.066531
v -0.072063 -0.666457 1.063977
v -0.070311 -0.684735 1.059747
v -0.067882 -0.702475 1.053882
v -0.064799 -0.719508 1.046440
v -0.061092 -0.735670 1.037490
v -0.056797 -0.750804 1.027120
v -0.051955 -0.764765 1.015430
v -0.046612 -0.777418 1.002532
v -0.040821 -0.788642 0.988550
v -0.034636 -0.798329 0.973619
v -0.028118 -0.806385 0.957882
v -0.021329 -0.812733 0.941492
v -0.014334 -0.817311 0.924606
v -0.007202 -0.820076 0.907387
v -0.010455 -0.437925 0.905648
v -0.020810 -0.440689 0.921145
v -0.030965 -0.445267 0.936342
v -0.040821 -0.451615 0.951092
v -0.050284 -0.459671 0.965255
v -0.059262 -0.469358 0.978692
v -0.067670 -0.480582 0.991276
v -0.075427 -0.493236 1.002884
v -0.082457 -0.507197 1.013405
v -0.088692 -0.522331 1.022738
v -0.094074 -0.538492 1.030792
v -0.098550 -0.555525 1.037490
v -0.102076 -0.573265 1.042768
v -0.104620 -0.591543 1.046575
v -0.106156 -0.610181 1.048873
v -0.106669 -0.629000 1.049642
v -0.106156 -0.647819 1.048873
v -0.104620 -0.666457 1.046575
v -0.102076 -0.684735 1.042768
v -0.098550 -0.702475 1.037490
v -0.094074 -0.719508 1.030792
v -0.088692 -0.735670 1.022738
v -0.082457 -0.750804 1.013405
v -0.075427 -0.764765 1.002884
v -0.067670 -0.777418 0.991276
v -0.059262 -0.788642 0.978692
v -0.050284 -0.798329 0.965255
v -0.040821 -0.806385 0.951092
v -0.030965 -0.812733 0.936342
v -0.020810 -0.817311 0.921145
v -0.010455 -0.820076 0.905648
v -0.013307 -0.437925 0.903307
v -0.026486 -0.440689 0.916486
v -0.039410 -0.445267 0.929410
v -0.051955 -0.451615 0.941955
v -0.063999 -0.459671 0.953999
v -0.075427 -0.469358 0.965427
v -0.086128 -0.480582 0.976128
v -0.096000 -0.493236 0.986000
v -0.104947 -0.507197 0.994947
v -0.112884 -0.522331 1.002884
v -0.119734 -0.538492 1.009734
v -0.125430 -0.555525 1.015430
v -0.129919 -0.573265 1.019919
v -0.133156 -0.591543 1.023156
v -0.135111 -0.610181 1.025111
v -0.135764 -0.629000 1.025764
v -0.135111 -0.647819 1.025111
v -0.133156 -0.666457 1.023156
v -0.129919 -0.684735 1.019919
v -0.125430 -0.702475 1.015430
v -0.119734 -0.719508 1.009734
v -0.112884 -0.735670 1.002884
v -0.104947 -0.750804 0.994947
v -0.096000 -0.764765 0.986000
v -0.086128 -0.777418 0.976128
v -0.075427 -0.788642 0.965427
v -0.063999 -0.798329 0.953999
v -0.051955 -0.806385 0.941955
v -0.039410 -0.812733 0.929410
v -0.026486 -0.817311 0.916486
v -0.013307 -0.820076 0.903307
v -0.015648 -0.437925 0.900455
v -0.031145 -0.440689 0.910810
v -0.046342 -0.445267 0.920965
v -0.061092 -0.451615 0.930821
v -0.075255 -0.459671 0.940284
v -0.088692 -0.469358 0.949262
v -0.101276 -0.480582 0.957670
v -0.112884 -0.493236 0.965427
v -0.123405 -0.507197 0.972457
v -0.132738 -0.522331 0.978692
v -0.140792 -0.538492 0.984074
v -0.147490 -0.555525 0.988550
v -0.152768 -0.573265 0.992076
v -0.156575 -0.591543 0.994620
v -0.158873 -0.610181 0.996156
v -0.159642 -0.629000 0.996669
v -0.158873 -0.647819 0.996156
v -0.156575 -0.666457 0.994620
v -0.152768 -0.684735 0.992076
v -0.147490 -0.702475 0.988550
v -0.140792 -0.719508 0.984074
v -0.132738 -0.735670 0.978692
v -0.123405 -0.750804 0.972457
v -0.112884 -0.764765 0.965427
v -0.101276 -0.777418 0.957670
v -0.088692 -0.788642 0.949262
v -0.075255 -0.798329 0.940284
v -0.061092 -0.806385 0.930821
v -0.046342 -0.812733 0.920965
v -0.031145 -0.817311 0.910810
v -0.015648 -0.820076 0.900455
v -0.017387 -0.437925 0.897202
v -0.034606 -0.440689 0.904334
v -0.051492 -0.445267 0.911329
v -0.067882 -0.451615 0.918118
v -0.083619 -0.459671 0.924636
v -0.098550 -0.469358 0.930821
v -0.112532 -0.480582 0.936612
v -0.125430 -0.493236 0.941955
v -0.137120 -0.507197 0.946797
v -0.147490 -0.522331 0.951092
v -0.156439 -0.538492 0.954799
v -0.163882 -0.555525 0.957882
v -0.169747 -0.573265 0.960311
v -0.173976 -0.591543 0.962063
v -0.176531 -0.610181 0.963121
v -0.177385 -0.629000 0.963475
v -0.176531 -0.647819 0.963121
v -0.173976 -0.666457 0.962063
v -0.169747 -0.684735 0.960311
v -0.163882 -0.702475 0.957882
v -0.156439 -0.719508 0.954799
v -0.147490 -0.735670 0.951092
v -0.137120 -0.750804 0.946797
v -0.125430 -0.764765 0.941955
v -0.112532 -0.777418 0.936612
v -0.098550 -0.788642 0.930821
v -0.083619 -0.798329 0.924636
v -0.067882 -0.806385 0.918118
v -0.051492 -0.812733 0.911329
v -0.034606 -0.817311 0.904334
v -0.017387 -0.820076 0.897202
v -0.018458 -0.437925 0.893672
v -0.036738 -0.440689 0.897308
v -0.054664 -0.445267 0.900873
v -0.072063 -0.451615 0.904334
v -0.088769 -0.459671 0.907657
v -0.104620 -0.469358 0.910810
v -0.119463 -0.480582 0.913763
v -0.133156 -0.493236 0.916486
v -0.145566 -0.507197 0.918955
v -0.156575 -0.522331 0.921145
v -0.166075 -0.538492 0.923034
v -0.173976 -0.555525 0.924606
v -0.180202 -0.573265 0.925844
v -0.184692 -0.591543 0.926738
v -0.187404 -0.610181 0.927277
v -0.188311 -0.629000 0.927457
v -0.187404 -0.647819 0.927277
v -0.184692 -0.666457 0.926738
v -0.180202 -0.684735 0.925844
v -0.173976 -0.702475 0.924606
v -0.166075 -0.719508 0.923034
v -0.156575 -0.735670 0.921145
v -0.145566 -0.750804 0.918955
v -0.133156 -0.764765 0.916486
v -0.119463 -0.777418 0.913763
v -0.104620 -0.788642 0.910810
v -0.088769 -0.798329 0.907657
v -0.072063 -0.806385 0.904334
v -0.054664 -0.812733 0.900873
v -0.036738 -0.817311 0.897308
v -0.018458 -0.820076 0.893672
v -0.018819 -0.437925 0.890000
v -0.037457 -0.440689 0.890000
v -0.055735 -0.445267 0.890000
v -0.073475 -0.451615 0.890000
v -0.090508 -0.459671 0.890000
v -0.106669 -0.469358 0.890000
v -0.121803 -0.480582 0.890000
v -0.135764 -0.493236 0.890000
v -0.148418 -0.507197 0.890000
v -0.159642 -0.522331 0.890000
v -0.169329 -0.538492 0.890000
v -0.177385 -0.555525 0.890000
v -0.183732 -0.573265 0.890000
v -0.188311 -0.591543 0.890000
v -0.191075 -0.610181 0.890000
v -0.192000 -0.629000 0.890000
v -0.191075 -0.647819 0.890000
v -0.188311 -0.666457 0.890000
v -0.183732 -0.684735 0.890000
v -0.177385 -0.702475 0.890000
v -0.169329 -0.719508 0.890000
v -0.159642 -0.735670 0.890000
v -0.148418 -0.750804 0.890000
v -0.135764 -0.764765 0.890000
v -0.121803 -0.777418 0.890000
v -0.106669 -0.788642 0.890000
v -0.090508 -0.798329 0.890000
v -0.073475 -0.806385 0.890000
v -0.055735 -0.812733 0.890000
v -0.037457 -0.817311 0.890000
v -0.018819 -0.820076 0.890000
v -0.018458 -0.437925 0.886329
v -0.036738 -0.440689 0.882692
v -0.054664 -0.445267 0.879127
v -0.072063 -0.451615 0.875666
v -0.088769 -0.459671 0.872343
v -0.104620 -0.469358 0.869190
v -0.119463 -0.480582 0.866237
v -0.133156 -0.493236 0.863514
v -0.145566 -0.507197 0.861045
v -0.156575 -0.522331 0.858855
v -0.166075 -0.538492 0.856966
v -0.173976 -0.555525 0.855394
v -0.180202 -0.573265 0.854156
v -0.184692 -0.591543 0.853262
v -0.187404 -0.610181 0.852723
v -0.188311 -0.629000 0.852543
v -0.187404 -0.647819 0.852723
v -0.184692 -0.666457 0.853262
v -0.180202 -0.684735 0.854156
v -0.173976 -0.702475 0.855394
v -0.166075 -0.719508 0.856966
v -0.156575 -0.735670 0.858855
v -0.145566 -0.750804 0.861045
v -0.133156 -0.764765 0.863514
v -0.119463 -0.777418 0.866237
v -0.104620 -0.788642 0.869190
v -0.088769 -0.798329 0.872343
v -0.072063 -0.806385 0.875666
v -0.054664 -0.812733 0.879127
v -0.036738 -0.817311 0.882692
v -0.018458 -0.820076 0.886329
v -0.017387 -0.437925 0.882798
v -0.034606 -0.440689 0.875666
v -0.051492 -0.445267 0.868671
v -0.067882 -0.451615 0.861882
v -0.083619 -0.459671 0.855364
v -0.098550 -0.469358 0.849179
v -0.112532 -0.480582 0.843388
v -0.125430 -0.493236 0.838045
v -0.137120 -0.507197 0.833203
v -0.147490 -0.522331 0.828908
v -0.156439 -0.538492 0.825201
v -0.163882 -0.555525 0.822118
v -0.169747 -0.573265 0.819689
v -0.173976 -0.591543 0.817937
v -0.176531 -0.610181 0.816879
v -0.177385 -0.629000 0.816525
v -0.176531 -0.647819 0.816879
v -0.173976 -0.666457 0.817937
v -0.169747 -0.684735 0.819689
v -0.163882 -0.702475 0.822118
v -0.156439 -0.719508 0.825201
v -0.147490 -0.735670 0.828908
v -0.137120 -0.750804 0.833203
v -0.125430 -0.764765 0.838045
v -0.112532 -0.777418 0.843388
v -0.098550 -0.788642 0.849179
v -0.083619 -0.798329 0.855364
v -0.067882 -0.806385 0.861882
v -0.051492 -0.812733 0.868671
v -0.034606 -0.817311 0.875666
v -0.017387 -0.820076 0.882798
v -0.015648 -0.437925 0.879545
v -0.031145 -0.440689 0.869190
v -0.046342 -0.445267 0.859035
v -0.061092 -0.451615 0.849179
v -0.075255 -0.459671 0.839716
v -0.088692 -0.469358 0.830738
v -0.101276 -0.480582 0.822330
v -0.112884 -0.493236 0.814573
v -0.123405 -0.507197 0.807543
v -0.132738 -0.522331 0.801308
v -0.140792 -0.538492 0.795926
v -0.147490 -0.555525 0.791450
v -0.152768 -0.573265 0.787924
v -0.156575 -0.591543 0.785380
v -0.158873 -0.610181 0.783844
v -0.159642 -0.629000 0.783331
v -0.158873 -0.647819 0.783844
v -0.156575 -0.666457 0.785380
v -0.152768 -0.684735 0.787924
v -0.147490 -0.702475 0.791450
v -0.140792 -0.719508 0.795926
v -0.132738 -0.735670 0.801308
v -0.123405 -0.750804 0.807543
v -0.112884 -0.764765 0.814573
v -0.101276 -0.777418 0.822330
v -0.088692 -0.788642 0.830738
v -0.075255 -0.798329 0.839716
v -0.061092 -0.806385 0.849179
v -0.046342 -0.812733 0.859035
v -0.031145 -0.817311 0.869190
v -0.015648 -0.820076 0.879545
v -0.013307 -0.437925 0.876693
v -0.026486 -0.440689 0.863514
v -0.039410 -0.445267 0.850590
v -0.051955 -0.451615 0.838045
v -0.063999 -0.459671 0.826001
v -0.075427 -0.469358 0.814573
v -0.086128 -0.480582 0.803872
v -0.096000 -0.493236 0.794000
v -0.104947 -0.507197 0.785053
v -0.112884 -0.522331 0.777116
v -0.119734 -0.538492 0.770267
v -0.125430 -0.555525 0.764570
v -0.129918 -0.573265 0.760082
v -0.133156 -0.591543 0.756844
v -0.135111 -0.610181 0.754889
v -0.135764 -0.629000 0.754236
v -0.135111 -0.647819 0.754889
v -0.133156 -0.666457 0.756844
v -0.129918 -0.684735 0.760082
v -0.125430 -0.702475 0.764570
v -0.119734 -0.719508 0.770267
v -0.112884 -0.735670 0.777116
v -0.104947 -0.750804 0.785053
v -0.096000 -0.764765 0.794000
v -0.086128 -0.777418 0.803872
v -0.075427 -0.788642 0.814573
v -0.063999 -0.798329 0.826001
v -0.051955 -0.806385 0.838045
v -0.039410 -0.812733 0.850590
v -0.026486 -0.817311 0.863514
v -0.013307 -0.820076 0.876693
v -0.010455 -0.437925 0.874352
v -0.020810 -0.440689 0.858855
v -0.030964 -0.445267 0.843658
v -0.040821 -0.451615 0.828908
v -0.050284 -0.459671 0.814745
v -0.059262 -0.469358 0.801308
v -0.067670 -0.480582 0.788724
v -0.075427 -0.493236 0.777116
v -0.082457 -0.507197 0.766595
v -0.088692 -0.522331 0.757262
v -0.094074 -0.538492 0.749208
v -0.098550 -0.555525 0.742510
v -0.102076 -0.573265 0.737232
v -0.104620 -0.591543 0.733425
v -0.106156 -0.610181 0.731127
v -0.106669 -0.629000 0.730358
v -0.106156 -0.647819 0.731127
v -0.104620 -0.666457 0.733425
v -0.102076 -0.684735 0.737232
v -0.098550 -0.702475 0.742510
v -0.094074 -0.719508 0.749208
v -0.088692 -0.735670 0.757262
v -0.082457 -0.750804 0.766595
v -0.075427 -0.764765 0.777116
v -0.067670 -0.777418 0.788724
v -0.059262 -0.788642 0.801308
v -0.050284 -0.798329 0.814745
v -0.040821 -0.806385 0.828908
v -0.030964 -0.812733 0.843658
v -0.020810 -0.817311 0.858855
v -0.010455 -0.820076 0.874352
v -0.007202 -0.437925 0.872613
v -0.014334 -0.440689 0.855394
v -0.021329 -0.445267 0.838508
v -0.028118 -0.451615 0.822118
v -0.034636 -0.459671 0.806381
v -0.040821 -0.469358 0.791450
v -0.046612 -0.480582 0.777468
v -0.051955 -0.493236 0.764570
v -0.056797 -0.507197 0.752880
v -0.061092 -0.522331 0.742510
v -0.064799 -0.538492 0.733561
v -0.067882 -0.555525 0.726118
v -0.070311 -0.573265 0.720253
v -0.072063 -0.591543 0.716024
v -0.073121 -0.610181 0.713469
v -0.073475 -0.629000 0.712615
v -0.073121 -0.647819 0.713469
v -0.072063 -0.666457 0.716024
v -0.070311 -0.684735 0.720253
v -0.067882 -0.702475 0.726118
v -0.064799 -0.719508 0.733561
v -0.061092 -0.735670 0.742510
v -0.056797 -0.750804 0.752880
v -0.051955 -0.764765 0.764570
v -0.046612 -0.777418 0.777468
v -0.040821 -0.788642 0.791450
v -0.034636 -0.798329 0.806381
v -0.028118 -0.806385 0.822118
v -0.021329 -0.812733 0.838508
v -0.014334 -0.817311 0.855394
v -0.007202 -0.820076 0.872613
v -0.003671 -0.437925 0.871542
v -0.007308 -0.440689 0.853262
v -0.010873 -0.445267 0.835336
v -0.014334 -0.451615 0.817937
v -0.017657 -0.459671 0.801231
v -0.020810 -0.469358 0.785380
v -0.023763 -0.480582 0.770537
v -0.026486 -0.493236 0.756844
v -0.028955 -0.507197 0.744434
v -0.031145 -0.522331 0.733425
v -0.033034 -0.538492 0.723925
v -0.034606 -0.555525 0.716024
v -0.035844 -0.573265 0.709798
v -0.036738 -0.591543 0.705308
v -0.037277 -0.610181 0.702596
v -0.037457 -0.629000 0.701689
v -0.037277 -0.647819 0.702596
v -0.036738 -0.666457 0.705308
v -0.035844 -0.684735 0.709798
v -0.034606 -0.702475 0.716024
v -0.033034 -0.719508 0.723925
v -0.031145 -0.735670 0.733425
v -0.028955 -0.750804 0.744434
v -0.026486 -0.764765 0.756844
v -0.023763 -0.777418 0.770537
v -0.020810 -0.788642 0.785380
v -0.017657 -0.798329 0.801231
v -0.014334 -0.806385 0.817937
v -0.010873 -0.812733 0.835336
v -0.007308 -0.817311 0.853262
v -0.003671 -0.820076 0.871542
v 0.000000 -0.437925 0.871181
v 0.000000 -0.440689 0.852543
v 0.000000 -0.445267 0.834265
v 0.000000 -0.451615 0.816525
v 0.000000 -0.459671 0.799492
v 0.000000 -0.469358 0.783331
v 0.000000 -0.493236 0.754236
v 0.000000 -0.522331 0.730358
v 0.000000 -0.538492 0.720671
v 0.000000 -0.629000 0.698000
v 0.000000 -0.684735 0.706268
v 0.000000 -0.702475 0.712615
v 0.000000 -0.764765 0.754236
v 0.000000 -0.806385 0.816525
v 0.000000 -0.812733 0.834265
v 0.000000 -0.480582 -1.011804
v 0.000000 -0.507197 -1.038418
v 0.000000 -0.555525 -1.067385
v 0.000000 -0.573265 -1.073733
v 0.000000 -0.591543 -1.078311
v 0.000000 -0.610181 -1.081076
v 0.000000 -0.647819 -1.081076
v 0.000000 -0.666457 -1.078311
v 0.000000 -0.719508 -1.059329
v 0.000000 -0.735670 -1.049642
v 0.000000 -0.750804 -1.038418
v 0.000000 -0.777418 -1.011804
v 0.000000 -0.788642 -0.996670
v 0.000000 -0.798329 -0.980508
v 0.000000 -0.817311 -0.927458
v 0.000000 -0.820076 -0.908819
v 0.003671 -0.437925 -0.908458
v 0.007308 -0.440689 -0.926738
v 0.010873 -0.445267 -0.944664
v 0.014334 -0.451615 -0.962064
v 0.017657 -0.459671 -0.978769
v 0.020810 -0.469358 -0.994620
v 0.023763 -0.480582 -1.009463
v 0.026486 -0.493236 -1.023156
v 0.028955 -0.507197 -1.035566
v 0.031145 -0.522331 -1.046575
v 0.033034 -0.538492 -1.056075
v 0.034606 -0.555525 -1.063977
v 0.035844 -0.573265 -1.070202
v 0.036738 -0.591543 -1.074692
v 0.037277 -0.610181 -1.077404
v 0.037457 -0.629000 -1.078311
v 0.037277 -0.647819 -1.077404
v 0.036738 -0.666457 -1.074692
v 0.035844 -0.684735 -1.070202
v 0.034606 -0.702475 -1.063977
v 0.033034 -0.719508 -1.056075
v 0.031145 -0.735670 -1.046575
v 0.028955 -0.750804 -1.035566
v 0.026486 -0.764765 -1.023156
v 0.023763 -0.777418 -1.009463
v 0.020810 -0.788642 -0.994620
v 0.017657 -0.798329 -0.978769
v 0.014334 -0.806385 -0.962064
v 0.010873 -0.812733 -0.944664
v 0.007308 -0.817311 -0.926738
v 0.003671 -0.820076 -0.908458
v 0.007202 -0.437925 -0.907387
v 0.014334 -0.440689 -0.924606
v 0.021329 -0.445267 -0.941492
v 0.028118 -0.451615 -0.957882
v 0.034636 -0.459671 -0.973619
v 0.040821 -0.469358 -0.988550
v 0.046612 -0.480582 -1.002532
v 0.051955 -0.493236 -1.015430
v 0.056797 -0.507197 -1.027120
v 0.061092 -0.522331 -1.037490
v 0.064799 -0.538492 -1.046440
v 0.067882 -0.555525 -1.053882
v 0.070311 -0.573265 -1.059747
v 0.072063 -0.591543 -1.063977
v 0.073121 -0.610181 -1.066531
v 0.073475 -0.629000 -1.067385
v 0.073121 -0.647819 -1.066531
v 0.072063 -0.666457 -1.063977
v 0.070311 -0.684735 -1.059747
v 0.067882 -0.702475 -1.053882
v 0.064799 -0.719508 -1.046440
v 0.061092 -0.735670 -1.037490
v 0.056797 -0.750804 -1.027120
v 0.051955 -0.764765 -1.015430
v 0.046612 -0.777418 -1.002532
v 0.040821 -0.788642 -0.988550
v 0.034636 -0.798329 -0.973619
v 0.028118 -0.806385 -0.957882
v 0.021329 -0.812733 -0.941492
v 0.014334 -0.817311 -0.924606
v 0.007202 -0.820076 -0.907387
v 0.010455 -0.437925 -0.905648
v 0.020810 -0.440689 -0.921145
v 0.030965 -0.445267 -0.936342
v 0.040821 -0.451615 -0.951093
v 0.050284 -0.459671 -0.965255
v 0.059262 -0.469358 -0.978693
v 0.067670 -0.480582 -0.991276
v 0.075427 -0.493236 -1.002884
v 0.082457 -0.507197 -1.013405
v 0.088692 -0.522331 -1.022738
v 0.094074 -0.538492 -1.030792
v 0.098550 -0.555525 -1.037490
v 0.102076 -0.573265 -1.042768
v 0.104620 -0.591543 -1.046575
v 0.106156 -0.610181 -1.048874
v 0.106670 -0.629000 -1.049642
v 0.106156 -0.647819 -1.048874
v 0.104620 -0.666457 -1.046575
v 0.102076 -0.684735 -1.042768
v 0.098550 -0.702475 -1.037490
v 0.094074 -0.719508 -1.030792
v 0.088692 -0.735670 -1.022738
v 0.082457 -0.750804 -1.013405
v 0.075427 -0.764765 -1.002884
v 0.067670 -0.777418 -0.991276
v 0.059262 -0.788642 -0.978693
v 0.050284 -0.798329 -0.965255
v 0.040821 -0.806385 -0.951093
v 0.030965 -0.812733 -0.936342
v 0.020810 -0.817311 -0.921145
v 0.010455 -0.820076 -0.905648
v 0.013307 -0.437925 -0.903307
v 0.026486 -0.440689 -0.916487
v 0.039410 -0.445267 -0.929411
v 0.051955 -0.451615 -0.941955
v 0.063999 -0.459671 -0.953999
v 0.075427 -0.469358 -0.965427
v 0.086128 -0.480582 -0.976128
v 0.096000 -0.493236 -0.986000
v 0.104947 -0.507197 -0.994947
v 0.112884 -0.522331 -1.002884
v 0.119734 -0.538492 -1.009734
v 0.125430 -0.555525 -1.015430
v 0.129919 -0.573265 -1.019919
v 0.133156 -0.591543 -1.023156
v 0.135111 -0.610181 -1.025111
v 0.135765 -0.629000 -1.025765
v 0.135111 -0.647819 -1.025111
v 0.133156 -0.666457 -1.023156
v 0.129919 -0.684735 -1.019919
v 0.125430 -0.702475 -1.015430
v 0.119734 -0.719508 -1.009734
v 0.112884 -0.735670 -1.002884
v 0.104947 -0.750804 -0.994947
v 0.096000 -0.764765 -0.986000
v 0.086128 -0.777418 -0.976128
v 0.075427 -0.788642 -0.965427
v 0.063999 -0.798329 -0.953999
v 0.051955 -0.806385 -0.941955
v 0.039410 -0.812733 -0.929411
v 0.026486 -0.817311 -0.916487
v 0.013307 -0.820076 -0.903307
v 0.015648 -0.437925 -0.900456
v 0.031145 -0.440689 -0.910810
v 0.046342 -0.445267 -0.920965
v 0.061092 -0.451615 -0.930821
v 0.075255 -0.459671 -0.940284
v 0.088692 -0.469358 -0.949262
v 0.101276 -0.480582 -0.957671
v 0.112884 -0.493236 -0.965427
v 0.123405 -0.507197 -0.972457
v 0.132738 -0.522331 -0.978693
v 0.140792 -0.538492 -0.984074
v 0.147490 -0.555525 -0.988550
v 0.152768 -0.573265 -0.992076
v 0.156575 -0.591543 -0.994620
v 0.158873 -0.610181 -0.996156
v 0.159642 -0.629000 -0.996670
v 0.158873 -0.647819 -0.996156
v 0.156575 -0.666457 -0.994620
v 0.152768 -0.684735 -0.992076
v 0.147490 -0.702475 -0.988550
v 0.140792 -0.719508 -0.984074
v 0.132738 -0.735670 -0.978693
v 0.123405 -0.750804 -0.972457
v 0.112884 -0.764765 -0.965427
v 0.101276 -0.777418 -0.957671
v 0.088692 -0.788642 -0.949262
v 0.075255 -0.798329 -0.940284
v 0.061092 -0.806385 -0.930821
v 0.046342 -0.812733 -0.920965
v 0.031145 -0.817311 -0.910810
v 0.015648 -0.820076 -0.900456
v 0.017387 -0.437925 -0.897202
v 0.034606 -0.440689 -0.904334
v 0.051492 -0.445267 -0.911329
v 0.067882 -0.451615 -0.918118
v 0.083619 -0.459671 -0.924636
v 0.098550 -0.469358 -0.930821
v 0.112532 -0.480582 -0.936612
v 0.125430 -0.493236 -0.941955
v 0.137120 -0.507197 -0.946797
v 0.147490 -0.522331 -0.951093
v 0.156439 -0.538492 -0.954799
v 0.163882 -0.555525 -0.957882
v 0.169747 -0.573265 -0.960312
v 0.173976 -0.591543 -0.962063
v 0.176531 -0.610181 -0.963122
v 0.177385 -0.629000 -0.963475
v 0.176531 -0.647819 -0.963122
v 0.173976 -0.666457 -0.962063
v 0.169747 -0.684735 -0.960312
v 0.163882 -0.702475 -0.957882
v 0.156439 -0.719508 -0.954799
v 0.147490 -0.735670 -0.951093
v 0.137120 -0.750804 -0.946797
v 0.125430 -0.764765 -0.941955
v 0.112532 -0.777418 -0.936612
v 0.098550 -0.788642 -0.930821
v 0.083619 -0.798329 -0.924636
v 0.067882 -0.806385 -0.918118
v 0.051492 -0.812733 -0.911329
v 0.034606 -0.817311 -0.904334
v 0.017387 -0.820076 -0.897202
v 0.018458 -0.437925 -0.893672
v 0.036738 -0.440689 -0.897308
v 0.054664 -0.445267 -0.900873
v 0.072063 -0.451615 -0.904334
v 0.088769 -0.459671 -0.907657
v 0.104620 -0.469358 -0.910810
v 0.119463 -0.480582 -0.913763
v 0.133156 -0.493236 -0.916487
v 0.145566 -0.507197 -0.918955
v 0.156575 -0.522331 -0.921145
v 0.166075 -0.538492 -0.923035
v 0.173976 -0.555525 -0.924606
v 0.180202 -0.573265 -0.925845
v 0.184692 -0.591543 -0.926738
v 0.187404 -0.610181 -0.927277
v 0.188311 -0.629000 -0.927457
v 0.187404 -0.647819 -0.927277
v 0.184692 -0.666457 -0.926738
v 0.180202 -0.684735 -0.925845
v 0.173976 -0.702475 -0.924606
v 0.166075 -0.719508 -0.923035
v 0.156575 -0.735670 -0.921145
v 0.145566 -0.750804 -0.918955
v 0.133156 -0.764765 -0.916487
v 0.119463 -0.777418 -0.913763
v 0.104620 -0.788642 -0.910810
v 0.088769 -0.798329 -0.907657
v 0.072063 -0.806385 -0.904334
v 0.054664 -0.812733 -0.900873
v 0.036738 -0.817311 -0.897308
v 0.018458 -0.820076 -0.893672
v 0.018819 -0.437925 -0.890000
v 0.037457 -0.440689 -0.890000
v 0.055735 -0.445267 -0.890000
v 0.073475 -0.451615 -0.890000
v 0.090508 -0.459671 -0.890000
v 0.106669 -0.469358 -0.890000
v 0.121803 -0.480582 -0.890000
v 0.135765 -0.493236 -0.890000
v 0.148418 -0.507197 -0.890000
v 0.159642 -0.522331 -0.890000
v 0.169329 -0.538492 -0.890000
v 0.177385 -0.555525 -0.890000
v 0.183733 -0.573265 -0.890000
v 0.188311 -0.591543 -0.890000
v 0.191075 -0.610181 -0.890000
v 0.192000 -0.629000 -0.890000
v 0.191075 -0.647819 -0.890000
v 0.188311 -0.666457 -0.890000
v 0.183733 -0.684735 -0.890000
v 0.177385 -0.702475 -0.890000
v 0.169329 -0.719508 -0.890000
v 0.159642 -0.735670 -0.890000
v 0.148418 -0.750804 -0.890000
v 0.135765 -0.764765 -0.890000
v 0.121803 -0.777418 -0.890000
v 0.106669 -0.788642 -0.890000
v 0.090508 -0.798329 -0.890000
v 0.073475 -0.806385 -0.890000
v 0.055735 -0.812733 -0.890000
v 0.037457 -0.817311 -0.890000
v 0.018819 -0.820076 -0.890000
v 0.018458 -0.437925 -0.886329
v 0.036738 -0.440689 -0.882693
v 0.054664 -0.445267 -0.879127
v 0.072063 -0.451615 -0.875666
v 0.088769 -0.459671 -0.872343
v 0.104620 -0.469358 -0.869190
v 0.119463 -0.480582 -0.866237
v 0.133156 -0.493236 -0.863514
v 0.145566 -0.507197 -0.861045
v 0.156575 -0.522331 -0.858856
v 0.166075 -0.538492 -0.856966
v 0.173976 -0.555525 -0.855394
v 0.180202 -0.573265 -0.854156
v 0.184692 -0.591543 -0.853263
v 0.187404 -0.610181 -0.852723
v 0.188311 -0.629000 -0.852543
v 0.187404 -0.647819 -0.852723
v 0.184692 -0.666457 -0.853263
v 0.180202 -0.684735 -0.854156
v 0.173976 -0.702475 -0.855394
v 0.166075 -0.719508 -0.856966
v 0.156575 -0.735670 -0.858856
v 0.145566 -0.750804 -0.861045
v 0.133156 -0.764765 -0.863514
v 0.119463 -0.777418 -0.866237
v 0.104620 -0.788642 -0.869190
v 0.088769 -0.798329 -0.872343
v 0.072063 -0.806385 -0.875666
v 0.054664 -0.812733 -0.879127
v 0.036738 -0.817311 -0.882693
v 0.018458 -0.820076 -0.886329
v 0.017387 -0.437925 -0.882798
v 0.034606 -0.440689 -0.875666
v 0.051492 -0.445267 -0.868671
v 0.067882 -0.451615 -0.861882
v 0.083619 -0.459671 -0.855364
v 0.098550 -0.469358 -0.849180
v 0.112532 -0.480582 -0.843388
v 0.125430 -0.493236 -0.838045
v 0.137120 -0.507197 -0.833203
v 0.147490 -0.522331 -0.828908
v 0.156439 -0.538492 -0.825201
v 0.163882 -0.555525 -0.822118
v 0.169747 -0.573265 -0.819689
v 0.173976 -0.591543 -0.817937
v 0.176531 -0.610181 -0.816879
v 0.177385 -0.629000 -0.816525
v 0.176531 -0.647819 -0.816879
v 0.173976 -0.666457 -0.817937
v 0.169747 -0.684735 -0.819689
v 0.163882 -0.702475 -0.822118
v 0.156439 -0.719508 -0.825201
v 0.147490 -0.735670 -0.828908
v 0.137120 -0.750804 -0.833203
v 0.125430 -0.764765 -0.838045
v 0.112532 -0.777418 -0.843388
v 0.098550 -0.788642 -0.849180
v 0.083619 -0.798329 -0.855364
v 0.067882 -0.806385 -0.861882
v 0.051492 -0.812733 -0.868671
v 0.034606 -0.817311 -0.875666
v 0.017387 -0.820076 -0.882798
v 0.015648 -0.437925 -0.879545
v 0.031145 -0.440689 -0.869190
v 0.046342 -0.445267 -0.859036
v 0.061092 -0.451615 -0.849180
v 0.075255 -0.459671 -0.839716
v 0.088692 -0.469358 -0.830738
v 0.101276 -0.480582 -0.822330
v 0.112884 -0.493236 -0.814573
v 0.123405 -0.507197 -0.807544
v 0.132738 -0.522331 -0.801308
v 0.140792 -0.538492 -0.795926
v 0.147490 -0.555525 -0.791450
v 0.152768 -0.573265 -0.787924
v 0.156575 -0.591543 -0.785380
v 0.158873 -0.610181 -0.783844
v 0.159642 -0.629000 -0.783331
v 0.158873 -0.647819 -0.783844
v 0.156575 -0.666457 -0.785380
v 0.152768 -0.684735 -0.787924
v 0.147490 -0.702475 -0.791450
v 0.140792 -0.719508 -0.795926
v 0.132738 -0.735670 -0.801308
v 0.123405 -0.750804 -0.807544
v 0.112884 -0.764765 -0.814573
v 0.101276 -0.777418 -0.822330
v 0.088692 -0.788642 -0.830738
v 0.075255 -0.798329 -0.839716
v 0.061092 -0.806385 -0.849180
v 0.046342 -0.812733 -0.859036
v 0.031145 -0.817311 -0.869190
v 0.015648 -0.820076 -0.879545
v 0.013307 -0.437925 -0.876693
v 0.026486 -0.440689 -0.863514
v 0.039410 -0.445267 -0.850590
v 0.051955 -0.451615 -0.838045
v 0.063999 -0.459671 -0.826001
v 0.075427 -0.469358 -0.814573
v 0.086128 -0.480582 -0.803872
v 0.096000 -0.493236 -0.794000
v 0.104947 -0.507197 -0.785053
v 0.112884 -0.522331 -0.777116
v 0.119734 -0.538492 -0.770267
v 0.125430 -0.555525 -0.764570
v 0.129919 -0.573265 -0.760082
v 0.133156 -0.591543 -0.756844
v 0.135111 -0.610181 -0.754889
v 0.135764 -0.629000 -0.754236
v 0.135111 -0.647819 -0.754889
v 0.133156 -0.666457 -0.756844
v 0.129919 -0.684735 -0.760082
v 0.125430 -0.702475 -0.764570
v 0.119734 -0.719508 -0.770267
v 0.112884 -0.735670 -0.777116
v 0.104947 -0.750804 -0.785053
v 0.096000 -0.764765 -0.794000
v 0.086128 -0.777418 -0.803872
v 0.075427 -0.788642 -0.814573
v 0.063999 -0.798329 -0.826001
v 0.051955 -0.806385 -0.838045
v 0.039410 -0.812733 -0.850590
v 0.026486 -0.817311 -0.863514
v 0.013307 -0.820076 -0.876693
v 0.010455 -0.437925 -0.874353
v 0.020810 -0.440689 -0.858856
v 0.030965 -0.445267 -0.843659
v 0.040821 -0.451615 -0.828908
v 0.050284 -0.459671 -0.814745
v 0.059262 -0.469358 -0.801308
v 0.067670 -0.480582 -0.788724
v 0.075427 -0.493236 -0.777116
v 0.082457 -0.507197 -0.766595
v 0.088692 -0.522331 -0.757263
v 0.094074 -0.538492 -0.749208
v 0.098550 -0.555525 -0.742510
v 0.102076 -0.573265 -0.737232
v 0.104620 -0.591543 -0.733425
v 0.106156 -0.610181 -0.731127
v 0.106669 -0.629000 -0.730358
v 0.106156 -0.647819 -0.731127
v 0.104620 -0.666457 -0.733425
v 0.102076 -0.684735 -0.737232
v 0.098550 -0.702475 -0.742510
v 0.094074 -0.719508 -0.749208
v 0.088692 -0.735670 -0.757263
v 0.082457 -0.750804 -0.766595
v 0.075427 -0.764765 -0.777116
v 0.067670 -0.777418 -0.788724
v 0.059262 -0.788642 -0.801308
v 0.050284 -0.798329 -0.814745
v 0.040821 -0.806385 -0.828908
v 0.030965 -0.812733 -0.843659
v 0.020810 -0.817311 -0.858856
v 0.010455 -0.820076 -0.874353
v 0.007202 -0.437925 -0.872613
v 0.014334 -0.440689 -0.855394
v 0.021329 -0.445267 -0.838508
v 0.028118 -0.451615 -0.822118
v 0.034636 -0.459671 -0.806382
v 0.040821 -0.469358 -0.791450
v 0.046612 -0.480582 -0.777468
v 0.051955 -0.493236 -0.764570
v 0.056797 -0.507197 -0.752880
v 0.061092 -0.522331 -0.742510
v 0.064799 -0.538492 -0.733561
v 0.067882 -0.555525 -0.726118
v 0.070311 -0.573265 -0.720253
v 0.072063 -0.591543 -0.716024
v 0.073121 -0.610181 -0.713469
v 0.073475 -0.629000 -0.712615
v 0.073121 -0.647819 -0.713469
v 0.072063 -0.666457 -0.716024
v 0.070311 -0.684735 -0.720253
v 0.067882 -0.702475 -0.726118
v 0.064799 -0.719508 -0.733561
v 0.061092 -0.735670 -0.742510
v 0.056797 -0.750804 -0.752880
v 0.051955 -0.764765 -0.764570
v 0.046612 -0.777418 -0.777468
v 0.040821 -0.788642 -0.791450
v 0.034636 -0.798329 -0.806382
v 0.028118 -0.806385 -0.822118
v 0.021329 -0.812733 -0.838508
v 0.014334 -0.817311 -0.855394
v 0.007202 -0.820076 -0.872613
v 0.003671 -0.437925 -0.871542
v 0.007308 -0.440689 -0.853263
v 0.010873 -0.445267 -0.835336
v 0.014334 -0.451615 -0.817937
v 0.017657 -0.459671 -0.801231
v 0.020810 -0.469358 -0.785380
v 0.023763 -0.480582 -0.770537
v 0.026486 -0.493236 -0.756844
v 0.028955 -0.507197 -0.744434
v 0.031145 -0.522331 -0.733425
v 0.033034 -0.538492 -0.723925
v 0.034606 -0.555525 -0.716024
v 0.035844 -0.573265 -0.709798
v 0.036738 -0.591543 -0.705308
v 0.037277 -0.610181 -0.702596
v 0.037457 -0.629000 -0.701689
v 0.037277 -0.647819 -0.702596
v 0.036738 -0.666457 -0.705308
v 0.035844 -0.684735 -0.709798
v 0.034606 -0.702475 -0.716024
v 0.033034 -0.719508 -0.723925
v 0.031145 -0.735670 -0.733425
v 0.028955 -0.750804 -0.744434
v 0.026486 -0.764765 -0.756844
v 0.023763 -0.777418 -0.770537
v 0.020810 -0.788642 -0.785380
v 0.017657 -0.798329 -0.801231
v 0.014334 -0.806385 -0.817937
v 0.010873 -0.812733 -0.835336
v 0.007308 -0.817311 -0.853263
v 0.003671 -0.820076 -0.871542
v 0.000000 -0.437925 -0.871181
v 0.000000 -0.440689 -0.852543
v 0.000000 -0.445267 -0.834266
v 0.000000 -0.451615 -0.816525
v 0.000000 -0.459671 -0.799492
v 0.000000 -0.469358 -0.783331
v 0.000000 -0.480582 -0.768197
v 0.000000 -0.493236 -0.754236
v 0.000000 -0.507197 -0.741582
v 0.000000 -0.522331 -0.730358
v 0.000000 -0.538492 -0.720671
v 0.000000 -0.555525 -0.712615
v 0.000000 -0.573265 -0.706268
v 0.000000 -0.591543 -0.701689
v 0.000000 -0.610181 -0.698925
v 0.000000 -0.629000 -0.698000
v 0.000000 -0.647819 -0.698925
v 0.000000 -0.666457 -0.701689
v 0.000000 -0.684735 -0.706268
v 0.000000 -0.702475 -0.712615
v 0.000000 -0.719508 -0.720671
v 0.000000 -0.735670 -0.730358
v 0.000000 -0.750804 -0.741582
v 0.000000 -0.764765 -0.754236
v 0.000000 -0.777418 -0.768197
v 0.000000 -0.788642 -0.783331
v 0.000000 -0.798329 -0.799492
v 0.000000 -0.806385 -0.816525
v 0.000000 -0.812733 -0.834266
v 0.000000 -0.817311 -0.852543
v 0.000000 -0.820076 -0.871181
v 0.000000 -0.821000 -0.890000
v 0.000000 -0.437000 -0.890000
v -0.003671 -0.437925 -0.871542
v -0.007308 -0.440689 -0.853263
v -0.010873 -0.445267 -0.835336
v -0.014334 -0.451615 -0.817937
v -0.017657 -0.459671 -0.801231
v -0.020810 -0.469358 -0.785380
v -0.023763 -0.480582 -0.770537
v -0.026486 -0.493236 -0.756844
v -0.028955 -0.507197 -0.744434
v -0.031145 -0.522331 -0.733425
v -0.033034 -0.538492 -0.723925
v -0.034606 -0.555525 -0.716024
v -0.035844 -0.573265 -0.709798
v -0.036738 -0.591543 -0.705308
v -0.037277 -0.610181 -0.702596
v -0.037457 -0.629000 -0.701689
v -0.037277 -0.647819 -0.702596
v -0.036738 -0.666457 -0.705308
v -0.035844 -0.684735 -0.709798
v -0.034606 -0.702475 -0.716024
v -0.033034 -0.719508 -0.723925
v -0.031145 -0.735670 -0.733425
v -0.028955 -0.750804 -0.744434
v -0.026486 -0.764765 -0.756844
v -0.023763 -0.777418 -0.770537
v -0.020810 -0.788642 -0.785380
v -0.017657 -0.798329 -0.801231
v -0.014334 -0.806385 -0.817937
v -0.010873 -0.812733 -0.835336
v -0.007308 -0.817311 -0.853263
v -0.003671 -0.820076 -0.871542
v -0.007202 -0.437925 -0.872613
v -0.014334 -0.440689 -0.855394
v -0.021329 -0.445267 -0.838508
v -0.028118 -0.451615 -0.822118
v -0.034636 -0.459671 -0.806382
v -0.040821 -0.469358 -0.791450
v -0.046612 -0.480582 -0.777468
v -0.051955 -0.493236 -0.764570
v -0.056797 -0.507197 -0.752880
v -0.061092 -0.522331 -0.742510
v -0.064799 -0.538492 -0.733561
v -0.067882 -0.555525 -0.726118
v -0.070311 -0.573265 -0.720253
v -0.072063 -0.591543 -0.716024
v -0.073121 -0.610181 -0.713470
v -0.073475 -0.629000 -0.712615
v -0.073121 -0.647819 -0.713470
v -0.072063 -0.666457 -0.716024
v -0.070311 -0.684735 -0.720253
v -0.067882 -0.702475 -0.726118
v -0.064799 -0.719508 -0.733561
v -0.061092 -0.735670 -0.742510
v -0.056797 -0.750804 -0.752880
v -0.051955 -0.764765 -0.764570
v -0.046612 -0.777418 -0.777468
v -0.040821 -0.788642 -0.791450
v -0.034636 -0.798329 -0.806382
v -0.028118 -0.806385 -0.822118
v -0.021329 -0.812733 -0.838508
v -0.014334 -0.817311 -0.855394
v -0.007202 -0.820076 -0.872613
v -0.010455 -0.437925 -0.874353
v -0.020810 -0.440689 -0.858856
v -0.030965 -0.445267 -0.843659
v -0.040821 -0.451615 -0.828908
v -0.050284 -0.459671 -0.814745
v -0.059262 -0.469358 -0.801308
v -0.067670 -0.480582 -0.788724
v -0.075427 -0.493236 -0.777116
v -0.082457 -0.507197 -0.766595
v -0.088692 -0.522331 -0.757263
v -0.094074 -0.538492 -0.749208
v -0.098550 -0.555525 -0.742510
v -0.102076 -0.573265 -0.737232
v -0.104620 -0.591543 -0.733425
v -0.106156 -0.610181 -0.731127
v -0.106669 -0.629000 -0.730358
v -0.106156 -0.647819 -0.731127
v -0.104620 -0.666457 -0.733425
v -0.102076 -0.684735 -0.737232
v -0.098550 -0.702475 -0.742510
v -0.094074 -0.719508 -0.749208
v -0.088692 -0.735670 -0.757263
v -0.082457 -0.750804 -0.766595
v -0.075427 -0.764765 -0.777116
v -0.067670 -0.777418 -0.788724
v -0.059262 -0.788642 -0.801308
v -0.050284 -0.798329 -0.814745
v -0.040821 -0.806385 -0.828908
v -0.030965 -0.812733 -0.843659
v -0.020810 -0.817311 -0.858856
v -0.010455 -0.820076 -0.874353
v -0.013307 -0.437925 -0.876693
v -0.026486 -0.440689 -0.863514
v -0.039410 -0.445267 -0.850590
v -0.051955 -0.451615 -0.838045
v -0.063999 -0.459671 -0.826001
v -0.075427 -0.469358 -0.814573
v -0.086128 -0.480582 -0.803872
v -0.096000 -0.493236 -0.794000
v -0.104947 -0.507197 -0.785053
v -0.112884 -0.522331 -0.777116
v -0.119734 -0.538492 -0.770267
v -0.125430 -0.555525 -0.764570
v -0.129919 -0.573265 -0.760082
v -0.133156 -0.591543 -0.756844
v -0.135111 -0.610181 -0.754889
v -0.135764 -0.629000 -0.754236
v -0.135111 -0.647819 -0.754889
v -0.133156 -0.666457 -0.756844
v -0.129919 -0.684735 -0.760082
v -0.125430 -0.702475 -0.764570
v -0.119734 -0.719508 -0.770267
v -0.112884 -0.735670 -0.777116
v -0.104947 -0.750804 -0.785053
v -0.096000 -0.764765 -0.794000
v -0.086128 -0.777418 -0.803872
v -0.075427 -0.788642 -0.814573
v -0.063999 -0.798329 -0.826001
v -0.051955 -0.806385 -0.838045
v -0.039410 -0.812733 -0.850590
v -0.026486 -0.817311 -0.863514
v -0.013307 -0.820076 -0.876693
v -0.015648 -0.437925 -0.879545
v -0.031145 -0.440689 -0.869190
v -0.046342 -0.445267 -0.859036
v -0.061092 -0.451615 -0.849180
v -0.075255 -0.459671 -0.839716
v -0.088692 -0.469358 -0.830738
v -0.101276 -0.480582 -0.822330
v -0.112884 -0.493236 -0.814573
v -0.123405 -0.507197 -0.807544
v -0.132738 -0.522331 -0.801308
v -0.140792 -0.538492 -0.795926
v -0.147490 -0.555525 -0.791450
v -0.152768 -0.573265 -0.787924
v -0.156575 -0.591543 -0.785380
v -0.158873 -0.610181 -0.783844
v -0.159642 -0.629000 -0.783331
v -0.158873 -0.647819 -0.783844
v -0.156575 -0.666457 -0.785380
v -0.152768 -0.684735 -0.787924
v -0.147490 -0.702475 -0.791450
v -0.140792 -0.719508 -0.795926
v -0.132738 -0.735670 -0.801308
v -0.123405 -0.750804 -0.807544
v -0.112884 -0.764765 -0.814573
v -0.101276 -0.777418 -0.822330
v -0.088692 -0.788642 -0.830738
v -0.075255 -0.798329 -0.839716
v -0.061092 -0.806385 -0.849180
v -0.046342 -0.812733 -0.859036
v -0.031145 -0.817311 -0.869190
v -0.015648 -0.820076 -0.879545
v -0.017387 -0.437925 -0.882798
v -0.034606 -0.440689 -0.875666
v -0.051492 -0.445267 -0.868671
v -0.067882 -0.451615 -0.861882
v -0.083619 -0.459671 -0.855364
v -0.098550 -0.469358 -0.849180
v -0.112532 -0.480582 -0.843388
v -0.125430 -0.493236 -0.838045
v -0.137120 -0.507197 -0.833203
v -0.147490 -0.522331 -0.828908
v -0.156439 -0.538492 -0.825201
v -0.163882 -0.555525 -0.822118
v -0.169747 -0.573265 -0.819689
v -0.173976 -0.591543 -0.817937
v -0.176531 -0.610181 -0.816879
v -0.177385 -0.629000 -0.816525
v -0.176531 -0.647819 -0.816879
v -0.173976 -0.666457 -0.817937
v -0.169747 -0.684735 -0.819689
v -0.163882 -0.702475 -0.822118
v -0.156439 -0.719508 -0.825201
v -0.147490 -0.735670 -0.828908
v -0.137120 -0.750804 -0.833203
v -0.125430 -0.764765 -0.838045
v -0.112532 -0.777418 -0.843388
v -0.098550 -0.788642 -0.849180
v -0.083619 -0.798329 -0.855364
v -0.067882 -0.806385 -0.861882
v -0.051492 -0.812733 -0.868671
v -0.034606 -0.817311 -0.875666
v -0.017387 -0.820076 -0.882798
v -0.018458 -0.437925 -0.886329
v -0.036738 -0.440689 -0.882693
v -0.054664 -0.445267 -0.879127
v -0.072063 -0.451615 -0.875666
v -0.088769 -0.459671 -0.872343
v -0.104620 -0.469358 -0.869190
v -0.119463 -0.480582 -0.866238
v -0.133156 -0.493236 -0.863514
v -0.145566 -0.507197 -0.861045
v -0.156575 -0.522331 -0.858856
v -0.166075 -0.538492 -0.856966
v -0.173976 -0.555525 -0.855394
v -0.180202 -0.573265 -0.854156
v -0.184692 -0.591543 -0.853263
v -0.187404 -0.610181 -0.852723
v -0.188311 -0.629000 -0.852543
v -0.187404 -0.647819 -0.852723
v -0.184692 -0.666457 -0.853263
v -0.180202 -0.684735 -0.854156
v -0.173976 -0.702475 -0.855394
v -0.166075 -0.719508 -0.856966
v -0.156575 -0.735670 -0.858856
v -0.145566 -0.750804 -0.861045
v -0.133156 -0.764765 -0.863514
v -0.119463 -0.777418 -0.866238
v -0.104620 -0.788642 -0.869190
v -0.088769 -0.798329 -0.872343
v -0.072063 -0.806385 -0.875666
v -0.054664 -0.812733 -0.879127
v -0.036738 -0.817311 -0.882693
v -0.018458 -0.820076 -0.886329
v -0.018819 -0.437925 -0.890000
v -0.037457 -0.440689 -0.890000
v -0.055735 -0.445267 -0.890000
v -0.073475 -0.451615 -0.890000
v -0.090508 -0.459671 -0.890000
v -0.106669 -0.469358 -0.890000
v -0.121803 -0.480582 -0.890000
v -0.135764 -0.493236 -0.890000
v -0.148418 -0.507197 -0.890000
v -0.159642 -0.522331 -0.890000
v -0.169329 -0.538492 -0.890000
v -0.177385 -0.555525 -0.890000
v -0.183732 -0.573265 -0.890000
v -0.188311 -0.591543 -0.890000
v -0.191075 -0.610181 -0.890000
v -0.192000 -0.629000 -0.890000
v -0.191075 -0.647819 -0.890000
v -0.188311 -0.666457 -0.890000
v -0.183732 -0.684735 -0.890000
v -0.177385 -0.702475 -0.890000
v -0.169329 -0.719508 -0.890000
v -0.159642 -0.735670 -0.890000
v -0.148418 -0.750804 -0.890000
v -0.135764 -0.764765 -0.890000
v -0.121803 -0.777418 -0.890000
v -0.106669 -0.788642 -0.890000
v -0.090508 -0.798329 -0.890000
v -0.073475 -0.806385 -0.890000
v -0.055735 -0.812733 -0.890000
v -0.037457 -0.817311 -0.890000
v -0.018819 -0.820076 -0.890000
v -0.018458 -0.437925 -0.893672
v -0.036738 -0.440689 -0.897308
v -0.054664 -0.445267 -0.900873
v -0.072063 -0.451615 -0.904334
v -0.088769 -0.459671 -0.907657
v -0.104620 -0.469358 -0.910810
v -0.119463 -0.480582 -0.913763
v -0.133156 -0.493236 -0.916487
v -0.145566 -0.507197 -0.918955
v -0.156575 -0.522331 -0.921145
v -0.166075 -0.538492 -0.923035
v -0.173976 -0.555525 -0.924606
v -0.180202 -0.573265 -0.925845
v -0.184692 -0.591543 -0.926738
v -0.187404 -0.610181 -0.927277
v -0.188311 -0.629000 -0.927458
v -0.187404 -0.647819 -0.927277
v -0.184692 -0.666457 -0.926738
v -0.180202 -0.684735 -0.925845
v -0.173976 -0.702475 -0.924606
v -0.166075 -0.719508 -0.923035
v -0.156575 -0.735670 -0.921145
v -0.145566 -0.750804 -0.918955
v -0.133156 -0.764765 -0.916487
v -0.119463 -0.777418 -0.913763
v -0.104620 -0.788642 -0.910810
v -0.088769 -0.798329 -0.907657
v -0.072063 -0.806385 -0.904334
v -0.054664 -0.812733 -0.900873
v -0.036738 -0.817311 -0.897308
v -0.018458 -0.820076 -0.893672
v -0.017387 -0.437925 -0.897202
v -0.034606 -0.440689 -0.904334
v -0.051492 -0.445267 -0.911329
v -0.067882 -0.451615 -0.918118
v -0.083619 -0.459671 -0.924636
v -0.098550 -0.469358 -0.930821
v -0.112532 -0.480582 -0.936612
v -0.125430 -0.493236 -0.941955
v -0.137120 -0.507197 -0.946797
v -0.147490 -0.522331 -0.951093
v -0.156439 -0.538492 -0.954799
v -0.163882 -0.555525 -0.957882
v -0.169747 -0.573265 -0.960312
v -0.173976 -0.591543 -0.962064
v -0.176531 -0.610181 -0.963121
v -0.177385 -0.629000 -0.963475
v -0.176531 -0.647819 -0.963121
v -0.173976 -0.666457 -0.962064
v -0.169747 -0.684735 -0.960312
v -0.163882 -0.702475 -0.957882
v -0.156439 -0.719508 -0.954799
v -0.147490 -0.735670 -0.951093
v -0.137120 -0.750804 -0.946797
v -0.125430 -0.764765 -0.941955
v -0.112532 -0.777418 -0.936612
v -0.098550 -0.788642 -0.930821
v -0.083619 -0.798329 -0.924636
v -0.067882 -0.806385 -0.918118
v -0.051492 -0.812733 -0.911329
v -0.034606 -0.817311 -0.904334
v -0.017387 -0.820076 -0.897202
v -0.015648 -0.437925 -0.900456
v -0.031145 -0.440689 -0.910810
v -0.046342 -0.445267 -0.920965
v -0.061092 -0.451615 -0.930821
v -0.075255 -0.459671 -0.940284
v -0.088692 -0.469358 -0.949262
v -0.101276 -0.480582 -0.957671
v -0.112884 -0.493236 -0.965427
v -0.123405 -0.507197 -0.972457
v -0.132738 -0.522331 -0.978693
v -0.140792 -0.538492 -0.984074
v -0.147490 -0.555525 -0.988550
v -0.152768 -0.573265 -0.992076
v -0.156575 -0.591543 -0.994620
v -0.158873 -0.610181 -0.996156
v -0.159642 -0.629000 -0.996670
v -0.158873 -0.647819 -0.996156
v -0.156575 -0.666457 -0.994620
v -0.152768 -0.684735 -0.992076
v -0.147490 -0.702475 -0.988550
v -0.140792 -0.719508 -0.984074
v -0.132738 -0.735670 -0.978693
v -0.123405 -0.750804 -0.972457
v -0.112884 -0.764765 -0.965427
v -0.101276 -0.777418 -0.957671
v -0.088692 -0.788642 -0.949262
v -0.075255 -0.798329 -0.940284
v -0.061092 -0.806385 -0.930821
v -0.046342 -0.812733 -0.920965
v -0.031145 -0.817311 -0.910810
v -0.015648 -0.820076 -0.900456
v -0.013307 -0.437925 -0.903307
v -0.026486 -0.440689 -0.916486
v -0.039410 -0.445267 -0.929411
v -0.051955 -0.451615 -0.941955
v -0.063999 -0.459671 -0.953999
v -0.075427 -0.469358 -0.965427
v -0.086128 -0.480582 -0.976128
v -0.096000 -0.493236 -0.986000
v -0.104947 -0.507197 -0.994947
v -0.112884 -0.522331 -1.002884
v -0.119734 -0.538492 -1.009734
v -0.125430 -0.555525 -1.015430
v -0.129918 -0.573265 -1.019919
v -0.133156 -0.591543 -1.023156
v -0.135111 -0.610181 -1.025111
v -0.135764 -0.629000 -1.025764
v -0.135111 -0.647819 -1.025111
v -0.133156 -0.666457 -1.023156
v -0.129918 -0.684735 -1.019919
v -0.125430 -0.702475 -1.015430
v -0.119734 -0.719508 -1.009734
v -0.112884 -0.735670 -1.002884
v -0.104947 -0.750804 -0.994947
v -0.096000 -0.764765 -0.986000
v -0.086128 -0.777418 -0.976128
v -0.075427 -0.788642 -0.965427
v -0.063999 -0.798329 -0.953999
v -0.051955 -0.806385 -0.941955
v -0.039410 -0.812733 -0.929411
v -0.026486 -0.817311 -0.916486
v -0.013307 -0.820076 -0.903307
v -0.010455 -0.437925 -0.905648
v -0.020810 -0.440689 -0.921145
v -0.030964 -0.445267 -0.936342
v -0.040821 -0.451615 -0.951093
v -0.050284 -0.459671 -0.965255
v -0.059262 -0.469358 -0.978693
v -0.067670 -0.480582 -0.991276
v -0.075427 -0.493236 -1.002884
v -0.082457 -0.507197 -1.013405
v -0.088692 -0.522331 -1.022738
v -0.094074 -0.538492 -1.030792
v -0.098550 -0.555525 -1.037490
v -0.102076 -0.573265 -1.042768
v -0.104620 -0.591543 -1.046575
v -0.106156 -0.610181 -1.048873
v -0.106669 -0.629000 -1.049642
v -0.106156 -0.647819 -1.048873
v -0.104620 -0.666457 -1.046575
v -0.102076 -0.684735 -1.042768
v -0.098550 -0.702475 -1.037490
v -0.094074 -0.719508 -1.030792
v -0.088692 -0.735670 -1.022738
v -0.082457 -0.750804 -1.013405
v -0.075427 -0.764765 -1.002884
v -0.067670 -0.777418 -0.991276
v -0.059262 -0.788642 -0.978693
v -0.050284 -0.798329 -0.965255
v -0.040821 -0.806385 -0.951093
v -0.030964 -0.812733 -0.936342
v -0.020810 -0.817311 -0.921145
v -0.010455 -0.820076 -0.905648
v -0.007202 -0.437925 -0.907387
v -0.014334 -0.440689 -0.924606
v -0.021329 -0.445267 -0.941492
v -0.028118 -0.451615 -0.957882
v -0.034636 -0.459671 -0.973619
v -0.040821 -0.469358 -0.988550
v -0.046612 -0.480582 -1.002532
v -0.051955 -0.493236 -1.015430
v -0.056797 -0.507197 -1.027120
v -0.061092 -0.522331 -1.037490
v -0.064799 -0.538492 -1.046439
v -0.067882 -0.555525 -1.053882
v -0.070311 -0.573265 -1.059747
v -0.072063 -0.591543 -1.063977
v -0.073121 -0.610181 -1.066531
v -0.073475 -0.629000 -1.067385
v -0.073121 -0.647819 -1.066531
v -0.072063 -0.666457 -1.063977
v -0.070311 -0.684735 -1.059747
v -0.067882 -0.702475 -1.053882
v -0.064799 -0.719508 -1.046439
v -0.061092 -0.735670 -1.037490
v -0.056797 -0.750804 -1.027120
v -0.051955 -0.764765 -1.015430
v -0.046612 -0.777418 -1.002532
v -0.040821 -0.788642 -0.988550
v -0.034636 -0.798329 -0.973619
v -0.028118 -0.806385 -0.957882
v -0.021329 -0.812733 -0.941492
v -0.014334 -0.817311 -0.924606
v -0.007202 -0.820076 -0.907387
v -0.003671 -0.437925 -0.908458
v -0.007308 -0.440689 -0.926738
v -0.010873 -0.445267 -0.944664
v -0.014334 -0.451615 -0.962063
v -0.017657 -0.459671 -0.978769
v -0.020810 -0.469358 -0.994620
v -0.023763 -0.480582 -1.009463
v -0.026486 -0.493236 -1.023156
v -0.028955 -0.507197 -1.035566
v -0.031145 -0.522331 -1.046575
v -0.033034 -0.538492 -1.056075
v -0.034606 -0.555525 -1.063977
v -0.035844 -0.573265 -1.070202
v -0.036738 -0.591543 -1.074692
v -0.037277 -0.610181 -1.077404
v -0.037457 -0.629000 -1.078311
v -0.037277 -0.647819 -1.077404
v -0.036738 -0.666457 -1.074692
v -0.035844 -0.684735 -1.070202
v -0.034606 -0.702475 -1.063977
v -0.033034 -0.719508 -1.056075
v -0.031145 -0.735670 -1.046575
v -0.028955 -0.750804 -1.035566
v -0.026486 -0.764765 -1.023156
v -0.023763 -0.777418 -1.009463
v -0.020810 -0.788642 -0.994620
v -0.017657 -0.798329 -0.978769
v -0.014334 -0.806385 -0.962063
v -0.010873 -0.812733 -0.944664
v -0.007308 -0.817311 -0.926738
v -0.003671 -0.820076 -0.908458
v 0.000000 -0.437925 -0.908819
v 0.000000 -0.440689 -0.927457
v 0.000000 -0.445267 -0.945735
v 0.000000 -0.451615 -0.963475
v 0.000000 -0.459671 -0.980508
v 0.000000 -0.469358 -0.996669
v 0.000000 -0.493236 -1.025765
v 0.000000 -0.522331 -1.049642
v 0.000000 -0.538492 -1.059329
v 0.000000 -0.629000 -1.082000
v 0.000000 -0.684735 -1.073733
v 0.000000 -0.702475 -1.067385
v 0.000000 -0.764765 -1.025765
v 0.000000 -0.806385 -0.963475
v 0.000000 -0.812733 -0.945735
v -0.890000 0.777418 -0.121804
v -0.890000 0.750804 -0.148418
v -0.890000 0.702475 -0.177385
v -0.890000 0.684735 -0.183733
v -0.890000 0.666457 -0.188311
v -0.890000 0.647819 -0.191075
v -0.890000 0.610181 -0.191075
v -0.890000 0.591543 -0.188311
v -0.890000 0.538492 -0.169329
v -0.890000 0.522331 -0.159642
v -0.890000 0.507197 -0.148418
v -0.890000 0.480582 -0.121804
v -0.890000 0.469358 -0.106670
v -0.890000 0.459671 -0.090508
v -0.890000 0.440689 -0.037457
v -0.890000 0.437925 -0.018819
v -0.886329 0.820076 -0.018458
v -0.882693 0.817311 -0.036738
v -0.879127 0.812733 -0.054664
v -0.875666 0.806385 -0.072063
v -0.872343 0.798329 -0.088769
v -0.869190 0.788642 -0.104620
v -0.866237 0.777418 -0.119463
v -0.863514 0.764765 -0.133156
v -0.861045 0.750804 -0.145566
v -0.858855 0.735670 -0.156575
v -0.856966 0.719508 -0.166075
v -0.855394 0.702475 -0.173976
v -0.854156 0.684735 -0.180202
v -0.853262 0.666457 -0.184692
v -0.852723 0.647819 -0.187404
v -0.852543 0.629000 -0.188311
v -0.852723 0.610181 -0.187404
v -0.853262 0.591543 -0.184692
v -0.854156 0.573265 -0.180202
v -0.855394 0.555525 -0.173976
v -0.856966 0.538492 -0.166075
v -0.858855 0.522331 -0.156575
v -0.861045 0.507197 -0.145566
v -0.863514 0.493236 -0.133156
v -0.866237 0.480582 -0.119463
v -0.869190 0.469358 -0.104620
v -0.872343 0.459671 -0.088769
v -0.875666 0.451615 -0.072063
v -0.879127 0.445267 -0.054664
v -0.882693 0.440689 -0.036738
v -0.886329 0.437925 -0.018458
v -0.882798 0.820076 -0.017387
v -0.875666 0.817311 -0.034606
v -0.868671 0.812733 -0.051492
v -0.861882 0.806385 -0.067882
v -0.855364 0.798329 -0.083619
v -0.849179 0.788642 -0.098550
v -0.843388 0.777418 -0.112532
v -0.838045 0.764765 -0.125430
v -0.833203 0.750804 -0.137120
v -0.828908 0.735670 -0.147490
v -0.825201 0.719508 -0.156439
v -0.822118 0.702475 -0.163882
v -0.819689 0.684735 -0.169747
v -0.817937 0.666457 -0.173976
v -0.816879 0.647819 -0.176531
v -0.816525 0.629000 -0.177385
v -0.816879 0.610181 -0.176531
v -0.817937 0.591543 -0.173976
v -0.819689 0.573265 -0.169747
v -0.822118 0.555525 -0.163882
v -0.825201 0.538492 -0.156439
v -0.828908 0.522331 -0.147490
v -0.833203 0.507197 -0.137120
v -0.838045 0.493236 -0.125430
v -0.843388 0.480582 -0.112532
v -0.849179 0.469358 -0.098550
v -0.855364 0.459671 -0.083619
v -0.861882 0.451615 -0.067882
v -0.868671 0.445267 -0.051492
v -0.875666 0.440689 -0.034606
v -0.882798 0.437925 -0.017387
v -0.879545 0.820076 -0.015648
v -0.869190 0.817311 -0.031145
v -0.859036 0.812733 -0.046342
v -0.849179 0.806385 -0.061092
v -0.839716 0.798329 -0.075255
v -0.830738 0.788642 -0.088692
v -0.822330 0.777418 -0.101276
v -0.814573 0.764765 -0.112884
v -0.807544 0.750804 -0.123405
v -0.801308 0.735670 -0.132738
v -0.795926 0.719508 -0.140792
v -0.791450 0.702475 -0.147490
v -0.787924 0.684735 -0.152768
v -0.785380 0.666457 -0.156575
v -0.783844 0.647819 -0.158873
v -0.783331 0.629000 -0.159642
v -0.783844 0.610181 -0.158873
v -0.785380 0.591543 -0.156575
v -0.787924 0.573265 -0.152768
v -0.791450 0.555525 -0.147490
v -0.795926 0.538492 -0.140792
v -0.801308 0.522331 -0.132738
v -0.807544 0.507197 -0.123405
v -0.814573 0.493236 -0.112884
v -0.822330 0.480582 -0.101276
v -0.830738 0.469358 -0.088692
v -0.839716 0.459671 -0.075255
v -0.849179 0.451615 -0.061092
v -0.859036 0.445267 -0.046342
v -0.869190 0.440689 -0.031145
v -0.879545 0.437925 -0.015648
v -0.876693 0.820076 -0.013307
v -0.863514 0.817311 -0.026486
v -0.850590 0.812733 -0.039410
v -0.838045 0.806385 -0.051955
v -0.826001 0.798329 -0.063999
v -0.814573 0.788642 -0.075427
v -0.803872 0.777418 -0.086128
v -0.794000 0.764765 -0.096000
v -0.785053 0.750804 -0.104947
v -0.777116 0.735670 -0.112884
v -0.770267 0.719508 -0.119734
v -0.764570 0.702475 -0.125430
v -0.760082 0.684735 -0.129919
v -0.756844 0.666457 -0.133156
v -0.754889 0.647819 -0.135111
v -0.754236 0.629000 -0.135764
v -0.754889 0.610181 -0.135111
v -0.756844 0.591543 -0.133156
v -0.760082 0.573265 -0.129919
v -0.764570 0.555525 -0.125430
v -0.770267 0.538492 -0.119734
v -0.777116 0.522331 -0.112884
v -0.785053 0.507197 -0.104947
v -0.794000 0.493236 -0.096000
v -0.803872 0.480582 -0.086128
v -0.814573 0.469358 -0.075427
v -0.826001 0.459671 -0.063999
v -0.838045 0.451615 -0.051955
v -0.850590 0.445267 -0.039410
v -0.863514 0.440689 -0.026486
v -0.876693 0.437925 -0.013307
v -0.874352 0.820076 -0.010455
v -0.858855 0.817311 -0.020810
v -0.843658 0.812733 -0.030965
v -0.828908 0.806385 -0.040821
v -0.814745 0.798329 -0.050284
v -0.801308 0.788642 -0.059262
v -0.788724 0.777418 -0.067670
v -0.777116 0.764765 -0.075427
v -0.766595 0.750804 -0.082457
v -0.757263 0.735670 -0.088692
v -0.749208 0.719508 -0.094074
v -0.742510 0.702475 -0.098550
v -0.737232 0.684735 -0.102076
v -0.733425 0.666457 -0.104620
v -0.731127 0.647819 -0.106156
v -0.730358 0.629000 -0.106669
v -0.731127 0.610181 -0.106156
v -0.733425 0.591543 -0.104620
v -0.737232 0.573265 -0.102076
v -0.742510 0.555525 -0.098550
v -0.749208 0.538492 -0.094074
v -0.757263 0.522331 -0.088692
v -0.766595 0.507197 -0.082457
v -0.777116 0.493236 -0.075427
v -0.788724 0.480582 -0.067670
v -0.801308 0.469358 -0.059262
v -0.814745 0.459671 -0.050284
v -0.828908 0.451615 -0.040821
v -0.843658 0.445267 -0.030965
v -0.858855 0.440689 -0.020810
v -0.874352 0.437925 -0.010455
v -0.872613 0.820076 -0.007202
v -0.855394 0.817311 -0.014334
v -0.838508 0.812733 -0.021329
v -0.822118 0.806385 -0.028118
v -0.806381 0.798329 -0.034636
v -0.791450 0.788642 -0.040821
v -0.777468 0.777418 -0.046612
v -0.764570 0.764765 -0.051955
v -0.752880 0.750804 -0.056797
v -0.742510 0.735670 -0.061092
v -0.733561 0.719508 -0.064799
v -0.726118 0.702475 -0.067882
v -0.720253 0.684735 -0.070311
v -0.716024 0.666457 -0.072063
v -0.713469 0.647819 -0.073121
v -0.712615 0.629000 -0.073475
v -0.713469 0.610181 -0.073121
v -0.716024 0.591543 -0.072063
v -0.720253 0.573265 -0.070311
v -0.726118 0.555525 -0.067882
v -0.733561 0.538492 -0.064799
v -0.742510 0.522331 -0.061092
v -0.752880 0.507197 -0.056797
v -0.764570 0.493236 -0.051955
v -0.777468 0.480582 -0.046612
v -0.791450 0.469358 -0.040821
v -0.806381 0.459671 -0.034636
v -0.822118 0.451615 -0.028118
v -0.838508 0.445267 -0.021329
v -0.855394 0.440689 -0.014334
v -0.872613 0.437925 -0.007202
v -0.871542 0.820076 -0.003671
v -0.853262 0.817311 -0.007308
v -0.835336 0.812733 -0.010873
v -0.817937 0.806385 -0.014334
v -0.801231 0.798329 -0.017657
v -0.785380 0.788642 -0.020810
v -0.770537 0.777418 -0.023763
v -0.756844 0.764765 -0.026486
v -0.744434 0.750804 -0.028955
v -0.733425 0.735670 -0.031145
v -0.723925 0.719508 -0.033034
v -0.716024 0.702475 -0.034606
v -0.709798 0.684735 -0.035844
v -0.705308 0.666457 -0.036738
v -0.702596 0.647819 -0.037277
v -0.701689 0.629000 -0.037457
v -0.702596 0.610181 -0.037277
v -0.705308 0.591543 -0.036738
v -0.709798 0.573265 -0.035844
v -0.716024 0.555525 -0.034606
v -0.723925 0.538492 -0.033034
v -0.733425 0.522331 -0.031145
v -0.744434 0.507197 -0.028955
v -0.756844 0.493236 -0.026486
v -0.770537 0.480582 -0.023763
v -0.785380 0.469358 -0.020810
v -0.801231 0.459671 -0.017657
v -0.817937 0.451615 -0.014334
v -0.835336 0.445267 -0.010873
v -0.853262 0.440689 -0.007308
v -0.871542 0.437925 -0.003671
v -0.871181 0.820076 -0.000000
v -0.852543 0.817311 -0.000000
v -0.834265 0.812733 -0.000000
v -0.816525 0.806385 -0.000000
v -0.799492 0.798329 -0.000000
v -0.783331 0.788642 -0.000000
v -0.768197 0.777418 -0.000000
v -0.754236 0.764765 -0.000000
v -0.741582 0.750804 -0.000000
v -0.730358 0.735670 -0.000000
v -0.720671 0.719508 -0.000000
v -0.712615 0.702475 -0.000000
v -0.706268 0.684735 -0.000000
v -0.701689 0.666457 -0.000000
v -0.698925 0.647819 -0.000000
v -0.698000 0.629000 -0.000000
v -0.698925 0.610181 -0.000000
v -0.701689 0.591543 -0.000000
v -0.706268 0.573265 -0.000000
v -0.712615 0.555525 -0.000000
v -0.720671 0.538492 -0.000000
v -0.730358 0.522331 -0.000000
v -0.741582 0.507197 -0.000000
v -0.754236 0.493236 -0.000000
v -0.768197 0.480582 -0.000000
v -0.783331 0.469358 -0.000000
v -0.799492 0.459671 -0.000000
v -0.816525 0.451615 -0.000000
v -0.834265 0.445267 -0.000000
v -0.852543 0.440689 -0.000000
v -0.871181 0.437925 -0.000000
v -0.871542 0.820076 0.003671
v -0.853262 0.817311 0.007308
v -0.835336 0.812733 0.010873
v -0.817937 0.806385 0.014334
v -0.801231 0.798329 0.017657
v -0.785380 0.788642 0.020810
v -0.770537 0.777418 0.023763
v -0.756844 0.764765 0.026486
v -0.744434 0.750804 0.028955
v -0.733425 0.735670 0.031145
v -0.723925 0.719508 0.033034
v -0.716024 0.702475 0.034606
v -0.709798 0.684735 0.035844
v -0.705308 0.666457 0.036738
v -0.702596 0.647819 0.037277
v -0.701689 0.629000 0.037457
v -0.702596 0.610181 0.037277
v -0.705308 0.591543 0.036738
v -0.709798 0.573265 0.035844
v -0.716024 0.555525 0.034606
v -0.723925 0.538492 0.033034
v -0.733425 0.522331 0.031145
v -0.744434 0.507197 0.028955
v -0.756844 0.493236 0.026486
v -0.770537 0.480582 0.023763
v -0.785380 0.469358 0.020810
v -0.801231 0.459671 0.017657
v -0.817937 0.451615 0.014334
v -0.835336 0.445267 0.010873
v -0.853262 0.440689 0.007308
v -0.871542 0.437925 0.003671
v -0.872613 0.820076 0.007202
v -0.855394 0.817311 0.014334
v -0.838508 0.812733 0.021329
v -0.822118 0.806385 0.028118
v -0.806381 0.798329 0.034636
v -0.791450 0.788642 0.040821
v -0.777468 0.777418 0.046612
v -0.764570 0.764765 0.051955
v -0.752880 0.750804 0.056797
v -0.742510 0.735670 0.061092
v -0.733561 0.719508 0.064799
v -0.726118 0.702475 0.067882
v -0.720253 0.684735 0.070311
v -0.716024 0.666457 0.072063
v -0.713469 0.647819 0.073121
v -0.712615 0.629000 0.073475
v -0.713469 0.610181 0.073121
v -0.716024 0.591543 0.072063
v -0.720253 0.573265 0.070311
v -0.726118 0.555525 0.067882
v -0.733561 0.538492 0.064799
v -0.742510 0.522331 0.061092
v -0.752880 0.507197 0.056797
v -0.764570 0.493236 0.051955
v -0.777468 0.480582 0.046612
v -0.791450 0.469358 0.040821
v -0.806381 0.459671 0.034636
v -0.822118 0.451615 0.028118
v -0.838508 0.445267 0.021329
v -0.855394 0.440689 0.014334
v -0.872613 0.437925 0.007202
v -0.874352 0.820076 0.010455
v -0.858855 0.817311 0.020810
v -0.843658 0.812733 0.030965
v -0.828908 0.806385 0.040821
v -0.814745 0.798329 0.050284
v -0.801308 0.788642 0.059262
v -0.788724 0.777418 0.067670
v -0.777116 0.764765 0.075427
v -0.766595 0.750804 0.082457
v -0.757263 0.735670 0.088692
v -0.749208 0.719508 0.094074
v -0.742510 0.702475 0.098550
v -0.737232 0.684735 0.102076
v -0.733425 0.666457 0.104620
v -0.731127 0.647819 0.106156
v -0.730358 0.629000 0.106669
v -0.731127 0.610181 0.106156
v -0.733425 0.591543 0.104620
v -0.737232 0.573265 0.102076
v -0.742510 0.555525 0.098550
v -0.749208 0.538492 0.094074
v -0.757263 0.522331 0.088692
v -0.766595 0.507197 0.082457
v -0.777116 0.493236 0.075427
v -0.788724 0.480582 0.067670
v -0.801308 0.469358 0.059262
v -0.814745 0.459671 0.050284
v -0.828908 0.451615 0.040821
v -0.843658 0.445267 0.030965
v -0.858855 0.440689 0.020810
v -0.874352 0.437925 0.010455
v -0.876693 0.820076 0.013307
v -0.863514 0.817311 0.026486
v -0.850590 0.812733 0.039410
v -0.838045 0.806385 0.051955
v -0.826001 0.798329 0.063999
v -0.814573 0.788642 0.075427
v -0.803872 0.777418 0.086128
v -0.794000 0.764765 0.096000
v -0.785053 0.750804 0.104947
v -0.777116 0.735670 0.112884
v -0.770267 0.719508 0.119734
v -0.764570 0.702475 0.125430
v -0.760082 0.684735 0.129919
v -0.756844 0.666457 0.133156
v -0.754889 0.647819 0.135111
v -0.754236 0.629000 0.135765
v -0.754889 0.610181 0.135111
v -0.756844 0.591543 0.133156
v -0.760082 0.573265 0.129919
v -0.764570 0.555525 0.125430
v -0.770267 0.538492 0.119734
v -0.777116 0.522331 0.112884
v -0.785053 0.507197 0.104947
v -0.794000 0.493236 0.096000
v -0.803872 0.480582 0.086128
v -0.814573 0.469358 0.075427
v -0.826001 0.459671 0.063999
v -0.838045 0.451615 0.051955
v -0.850590 0.445267 0.039410
v -0.863514 0.440689 0.026486
v -0.876693 0.437925 0.013307
v -0.879545 0.820076 0.015648
v -0.869190 0.817311 0.031145
v -0.859036 0.812733 0.046342
v -0.849179 0.806385 0.061092
v -0.839716 0.798329 0.075255
v -0.830738 0.788642 0.088692
v -0.822330 0.777418 0.101276
v -0.814573 0.764765 0.112884
v -0.807544 0.750804 0.123405
v -0.801308 0.735670 0.132738
v -0.795926 0.719508 0.140792
v -0.791450 0.702475 0.147490
v -0.787924 0.684735 0.152768
v -0.785380 0.666457 0.156575
v -0.783844 0.647819 0.158873
v -0.783331 0.629000 0.159642
v -0.783844 0.610181 0.158873
v -0.785380 0.591543 0.156575
v -0.787924 0.573265 0.152768
v -0.791450 0.555525 0.147490
v -0.795926 0.538492 0.140792
v -0.801308 0.522331 0.132738
v -0.807544 0.507197 0.123405
v -0.814573 0.493236 0.112884
v -0.822330 0.480582 0.101276
v -0.830738 0.469358 0.088692
v -0.839716 0.459671 0.075255
v -0.849179 0.451615 0.061092
v -0.859036 0.445267 0.046342
v -0.869190 0.440689 0.031145
v -0.879545 0.437925 0.015648
v -0.882798 0.820076 0.017387
v -0.875666 0.817311 0.034606
v -0.868671 0.812733 0.051492
v -0.861882 0.806385 0.067882
v -0.855364 0.798329 0.083619
v -0.849180 0.788642 0.098550
v -0.843388 0.777418 0.112532
v -0.838045 0.764765 0.125430
v -0.833203 0.750804 0.137120
v -0.828908 0.735670 0.147490
v -0.825201 0.719508 0.156439
v -0.822118 0.702475 0.163882
v -0.819689 0.684735 0.169747
v -0.817937 0.666457 0.173976
v -0.816879 0.647819 0.176531
v -0.816525 0.629000 0.177385
v -0.816879 0.610181 0.176531
v -0.817937 0.591543 0.173976
v -0.819689 0.573265 0.169747
v -0.822118 0.555525 0.163882
v -0.825201 0.538492 0.156439
v -0.828908 0.522331 0.147490
v -0.833203 0.507197 0.137120
v -0.838045 0.493236 0.125430
v -0.843388 0.480582 0.112532
v -0.849180 0.469358 0.098550
v -0.855364 0.459671 0.083619
v -0.861882 0.451615 0.067882
v -0.868671 0.445267 0.051492
v -0.875666 0.440689 0.034606
v -0.882798 0.437925 0.017387
v -0.886329 0.820076 0.018458
v -0.882693 0.817311 0.036738
v -0.879127 0.812733 0.054664
v -0.875666 0.806385 0.072063
v -0.872343 0.798329 0.088769
v -0.869190 0.788642 0.104620
v -0.866237 0.777418 0.119463
v -0.863514 0.764765 0.133156
v -0.861045 0.750804 0.145566
v -0.858855 0.735670 0.156575
v -0.856966 0.719508 0.166075
v -0.855394 0.702475 0.173976
v -0.854156 0.684735 0.180202
v -0.853263 0.666457 0.184692
v -0.852723 0.647819 0.187404
v -0.852543 0.629000 0.188311
v -0.852723 0.610181 0.187404
v -0.853263 0.591543 0.184692
v -0.854156 0.573265 0.180202
v -0.855394 0.555525 0.173976
v -0.856966 0.538492 0.166075
v -0.858855 0.522331 0.156575
v -0.861045 0.507197 0.145566
v -0.863514 0.493236 0.133156
v -0.866237 0.480582 0.119463
v -0.869190 0.469358 0.104620
v -0.872343 0.459671 0.088769
v -0.875666 0.451615 0.072063
v -0.879127 0.445267 0.054664
v -0.882693 0.440689 0.036738
v -0.886329 0.437925 0.018458
v -0.890000 0.820076 0.018819
v -0.890000 0.817311 0.037457
v -0.890000 0.812733 0.055735
v -0.890000 0.806385 0.073475
v -0.890000 0.798329 0.090508
v -0.890000 0.788642 0.106669
v -0.890000 0.777418 0.121803
v -0.890000 0.764765 0.135765
v -0.890000 0.750804 0.148418
v -0.890000 0.735670 0.159642
v -0.890000 0.719508 0.169329
v -0.890000 0.702475 0.177385
v -0.890000 0.684735 0.183733
v -0.890000 0.666457 0.188311
v -0.890000 0.647819 0.191075
v -0.890000 0.629000 0.192000
v -0.890000 0.610181 0.191075
v -0.890000 0.591543 0.188311
v -0.890000 0.573265 0.183733
v -0.890000 0.555525 0.177385
v -0.890000 0.538492 0.169329
v -0.890000 0.522331 0.159642
v -0.890000 0.507197 0.148418
v -0.890000 0.493236 0.135765
v -0.890000 0.480582 0.121803
v -0.890000 0.469358 0.106669
v -0.890000 0.459671 0.090508
v -0.890000 0.451615 0.073475
v -0.890000 0.445267 0.055735
v -0.890000 0.440689 0.037457
v -0.890000 0.437925 0.018819
v -0.890000 0.437000 -0.000000
v -0.890000 0.821000 -0.000000
v -0.893672 0.820076 0.018458
v -0.897308 0.817311 0.036738
v -0.900873 0.812733 0.054664
v -0.904334 0.806385 0.072063
v -0.907657 0.798329 0.088769
v -0.910810 0.788642 0.104620
v -0.913763 0.777418 0.119463
v -0.916486 0.764765 0.133156
v -0.918955 0.750804 0.145566
v -0.921145 0.735670 0.156575
v -0.923035 0.719508 0.166075
v -0.924606 0.702475 0.173976
v -0.925845 0.684735 0.180202
v -0.926738 0.666457 0.184692
v -0.927277 0.647819 0.187404
v -0.927458 0.629000 0.188311
v -0.927277 0.610181 0.187404
v -0.926738 0.591543 0.184692
v -0.925845 0.573265 0.180202
v -0.924606 0.555525 0.173976
v -0.923035 0.538492 0.166075
v -0.921145 0.522331 0.156575
v -0.918955 0.507197 0.145566
v -0.916486 0.493236 0.133156
v -0.913763 0.480582 0.119463
v -0.910810 0.469358 0.104620
v -0.907657 0.459671 0.088769
v -0.904334 0.451615 0.072063
v -0.900873 0.445267 0.054664
v -0.897308 0.440689 0.036738
v -0.893672 0.437925 0.018458
v -0.897202 0.820076 0.017387
v -0.904334 0.817311 0.034606
v -0.911329 0.812733 0.051492
v -0.918118 0.806385 0.067882
v -0.924636 0.798329 0.083619
v -0.930821 0.788642 0.098550
v -0.936612 0.777418 0.112532
v -0.941955 0.764765 0.125430
v -0.946797 0.750804 0.137120
v -0.951092 0.735670 0.147490
v -0.954799 0.719508 0.156439
v -0.957882 0.702475 0.163882
v -0.960312 0.684735 0.169747
v -0.962064 0.666457 0.173976
v -0.963121 0.647819 0.176531
v -0.963475 0.629000 0.177385
v -0.963121 0.610181 0.176531
v -0.962064 0.591543 0.173976
v -0.960312 0.573265 0.169747
v -0.957882 0.555525 0.163882
v -0.954799 0.538492 0.156439
v -0.951092 0.522331 0.147490
v -0.946797 0.507197 0.137120
v -0.941955 0.493236 0.125430
v -0.936612 0.480582 0.112532
v -0.930821 0.469358 0.098550
v -0.924636 0.459671 0.083619
v -0.918118 0.451615 0.067882
v -0.911329 0.445267 0.051492
v -0.904334 0.440689 0.034606
v -0.897202 0.437925 0.017387
v -0.900456 0.820076 0.015648
v -0.910810 0.817311 0.031145
v -0.920965 0.812733 0.046342
v -0.930821 0.806385 0.061092
v -0.940284 0.798329 0.075255
v -0.949262 0.788642 0.088692
v -0.957671 0.777418 0.101276
v -0.965427 0.764765 0.112884
v -0.972457 0.750804 0.123405
v -0.978693 0.735670 0.132738
v -0.984074 0.719508 0.140792
v -0.988550 0.702475 0.147490
v -0.992076 0.684735 0.152768
v -0.994620 0.666457 0.156575
v -0.996156 0.647819 0.158873
v -0.996670 0.629000 0.159642
v -0.996156 0.610181 0.158873
v -0.994620 0.591543 0.156575
v -0.992076 0.573265 0.152768
v -0.988550 0.555525 0.147490
v -0.984074 0.538492 0.140792
v -0.978693 0.522331 0.132738
v -0.972457 0.507197 0.123405
v -0.965427 0.493236 0.112884
v -0.957671 0.480582 0.101276
v -0.949262 0.469358 0.088692
v -0.940284 0.459671 0.075255
v -0.930821 0.451615 0.061092
v -0.920965 0.445267 0.046342
v -0.910810 0.440689 0.031145
v -0.900456 0.437925 0.015648
v -0.903307 0.820076 0.013307
v -0.916486 0.817311 0.026486
v -0.929410 0.812733 0.039410
v -0.941955 0.806385 0.051955
v -0.953999 0.798329 0.063999
v -0.965427 0.788642 0.075427
v -0.976128 0.777418 0.086128
v -0.986000 0.764765 0.096000
v -0.994947 0.750804 0.104947
v -1.002884 0.735670 0.112884
v -1.009734 0.719508 0.119734
v -1.015430 0.702475 0.125430
v -1.019919 0.684735 0.129918
v -1.023156 0.666457 0.133156
v -1.025111 0.647819 0.135111
v -1.025765 0.629000 0.135764
v -1.025111 0.610181 0.135111
v -1.023156 0.591543 0.133156
v -1.019919 0.573265 0.129918
v -1.015430 0.555525 0.125430
v -1.009734 0.538492 0.119734
v -1.002884 0.522331 0.112884
v -0.994947 0.507197 0.104947
v -0.986000 0.493236 0.096000
v -0.976128 0.480582 0.086128
v -0.965427 0.469358 0.075427
v -0.953999 0.459671 0.063999
v -0.941955 0.451615 0.051955
v -0.929410 0.445267 0.039410
v -0.916486 0.440689 0.026486
v -0.903307 0.437925 0.013307
v -0.905648 0.820076 0.010455
v -0.921145 0.817311 0.020810
v -0.936342 0.812733 0.030964
v -0.951092 0.806385 0.040821
v -0.965255 0.798329 0.050284
v -0.978693 0.788642 0.059262
v -0.991276 0.777418 0.067670
v -1.002884 0.764765 0.075427
v -1.013405 0.750804 0.082457
v -1.022738 0.735670 0.088692
v -1.030792 0.719508 0.094074
v -1.037490 0.702475 0.098550
v -1.042768 0.684735 0.102076
v -1.046575 0.666457 0.104620
v -1.048873 0.647819 0.106156
v -1.049642 0.629000 0.106669
v -1.048873 0.610181 0.106156
v -1.046575 0.591543 0.104620
v -1.042768 0.573265 0.102076
v -1.037490 0.555525 0.098550
v -1.030792 0.538492 0.094074
v -1.022738 0.522331 0.088692
v -1.013405 0.507197 0.082457
v -1.002884 0.493236 0.075427
v -0.991276 0.480582 0.067670
v -0.978693 0.469358 0.059262
v -0.965255 0.459671 0.050284
v -0.951092 0.451615 0.040821
v -0.936342 0.445267 0.030964
v -0.921145 0.440689 0.020810
v -0.905648 0.437925 0.010455
v -0.907387 0.820076 0.007202
v -0.924606 0.817311 0.014334
v -0.941492 0.812733 0.021329
v -0.957882 0.806385 0.028118
v -0.973619 0.798329 0.034636
v -0.988550 0.788642 0.040821
v -1.002532 0.777418 0.046612
v -1.015430 0.764765 0.051955
v -1.027120 0.750804 0.056797
v -1.037490 0.735670 0.061092
v -1.046440 0.719508 0.064799
v -1.053882 0.702475 0.067882
v -1.059747 0.684735 0.070311
v -1.063977 0.666457 0.072063
v -1.066531 0.647819 0.073121
v -1.067385 0.629000 0.073475
v -1.066531 0.610181 0.073121
v -1.063977 0.591543 0.072063
v -1.059747 0.573265 0.070311
v -1.053882 0.555525 0.067882
v -1.046440 0.538492 0.064799
v -1.037490 0.522331 0.061092
v -1.027120 0.507197 0.056797
v -1.015430 0.493236 0.051955
v -1.002532 0.480582 0.046612
v -0.988550 0.469358 0.040821
v -0.973619 0.459671 0.034636
v -0.957882 0.451615 0.028118
v -0.941492 0.445267 0.021329
v -0.924606 0.440689 0.014334
v -0.907387 0.437925 0.007202
v -0.908458 0.820076 0.003671
v -0.926738 0.817311 0.007308
v -0.944664 0.812733 0.010873
v -0.962063 0.806385 0.014334
v -0.978769 0.798329 0.017657
v -0.994620 0.788642 0.020810
v -1.009463 0.777418 0.023763
v -1.023156 0.764765 0.026486
v -1.035566 0.750804 0.028955
v -1.046575 0.735670 0.031145
v -1.056075 0.719508 0.033034
v -1.063977 0.702475 0.034606
v -1.070202 0.684735 0.035844
v -1.074692 0.666457 0.036738
v -1.077404 0.647819 0.037277
v -1.078311 0.629000 0.037457
v -1.077404 0.610181 0.037277
v -1.074692 0.591543 0.036738
v -1.070202 0.573265 0.035844
v -1.063977 0.555525 0.034606
v -1.056075 0.538492 0.033034
v -1.046575 0.522331 0.031145
v -1.035566 0.507197 0.028955
v -1.023156 0.493236 0.026486
v -1.009463 0.480582 0.023763
v -0.994620 0.469358 0.020810
v -0.978769 0.459671 0.017657
v -0.962063 0.451615 0.014334
v -0.944664 0.445267 0.010873
v -0.926738 0.440689 0.007308
v -0.908458 0.437925 0.003671
v -0.908819 0.820076 -0.000000
v -0.927457 0.817311 -0.000000
v -0.945735 0.812733 -0.000000
v -0.963475 0.806385 -0.000000
v -0.980508 0.798329 -0.000000
v -0.996670 0.788642 -0.000000
v -1.011804 0.777418 -0.000000
v -1.025765 0.764765 -0.000000
v -1.038418 0.750804 -0.000000
v -1.049642 0.735670 -0.000000
v -1.059329 0.719508 -0.000000
v -1.067385 0.702475 -0.000000
v -1.073733 0.684735 -0.000000
v -1.078311 0.666457 -0.000000
v -1.081075 0.647819 -0.000000
v -1.082000 0.629000 -0.000000
v -1.081075 0.610181 -0.000000
v -1.078311 0.591543 -0.000000
v -1.073733 0.573265 -0.000000
v -1.067385 0.555525 -0.000000
v -1.059329 0.538492 -0.000000
v -1.049642 0.522331 -0.000000
v -1.038418 0.507197 -0.000000
v -1.025765 0.493236 -0.000000
v -1.011804 0.480582 -0.000000
v -0.996670 0.469358 -0.000000
v -0.980508 0.459671 -0.000000
v -0.963475 0.451615 -0.000000
v -0.945735 0.445267 -0.000000
v -0.927457 0.440689 -0.000000
v -0.908819 0.437925 -0.000000
v -0.908458 0.820076 -0.003671
v -0.926738 0.817311 -0.007308
v -0.944664 0.812733 -0.010873
v -0.962063 0.806385 -0.014334
v -0.978769 0.798329 -0.017657
v -0.994620 0.788642 -0.020810
v -1.009463 0.777418 -0.023763
v -1.023156 0.764765 -0.026486
v -1.035566 0.750804 -0.028955
v -1.046575 0.735670 -0.031145
v -1.056075 0.719508 -0.033034
v -1.063977 0.702475 -0.034606
v -1.070202 0.684735 -0.035844
v -1.074692 0.666457 -0.036738
v -1.077404 0.647819 -0.037277
v -1.078311 0.629000 -0.037457
v -1.077404 0.610181 -0.037277
v -1.074692 0.591543 -0.036738
v -1.070202 0.573265 -0.035844
v -1.063977 0.555525 -0.034606
v -1.056075 0.538492 -0.033034
v -1.046575 0.522331 -0.031145
v -1.035566 0.507197 -0.028955
v -1.023156 0.493236 -0.026486
v -1.009463 0.480582 -0.023763
v -0.994620 0.469358 -0.020810
v -0.978769 0.459671 -0.017657
v -0.962063 0.451615 -0.014334
v -0.944664 0.445267 -0.010873
v -0.926738 0.440689 -0.007308
v -0.908458 0.437925 -0.003671
v -0.907387 0.820076 -0.007202
v -0.924606 0.817311 -0.014334
v -0.941492 0.812733 -0.021329
v -0.957882 0.806385 -0.028118
v -0.973619 0.798329 -0.034636
v -0.988550 0.788642 -0.040821
v -1.002532 0.777418 -0.046612
v -1.015430 0.764765 -0.051955
v -1.027120 0.750804 -0.056797
v -1.037490 0.735670 -0.061092
v -1.046439 0.719508 -0.064799
v -1.053882 0.702475 -0.067882
v -1.059747 0.684735 -0.070311
v -1.063977 0.666457 -0.072063
v -1.066531 0.647819 -0.073121
v -1.067385 0.629000 -0.073475
v -1.066531 0.610181 -0.073121
v -1.063977 0.591543 -0.072063
v -1.059747 0.573265 -0.070311
v -1.053882 0.555525 -0.067882
v -1.046439 0.538492 -0.064799
v -1.037490 0.522331 -0.061092
v -1.027120 0.507197 -0.056797
v -1.015430 0.493236 -0.051955
v -1.002532 0.480582 -0.046612
v -0.988550 0.469358 -0.040821
v -0.973619 0.459671 -0.034636
v -0.957882 0.451615 -0.028118
v -0.941492 0.445267 -0.021329
v -0.924606 0.440689 -0.014334
v -0.907387 0.437925 -0.007202
v -0.905648 0.820076 -0.010455
v -0.921145 0.817311 -0.020810
v -0.936342 0.812733 -0.030965
v -0.951092 0.806385 -0.040821
v -0.965255 0.798329 -0.050284
v -0.978693 0.788642 -0.059262
v -0.991276 0.777418 -0.067670
v -1.002884 0.764765 -0.075427
v -1.013405 0.750804 -0.082457
v -1.022738 0.735670 -0.088692
v -1.030792 0.719508 -0.094074
v -1.037490 0.702475 -0.098550
v -1.042768 0.684735 -0.102076
v -1.046575 0.666457 -0.104620
v -1.048873 0.647819 -0.106156
v -1.049642 0.629000 -0.106669
v -1.048873 0.610181 -0.106156
v -1.046575 0.591543 -0.104620
v -1.042768 0.573265 -0.102076
v -1.037490 0.555525 -0.098550
v -1.030792 0.538492 -0.094074
v -1.022738 0.522331 -0.088692
v -1.013405 0.507197 -0.082457
v -1.002884 0.493236 -0.075427
v -0.991276 0.480582 -0.067670
v -0.978693 0.469358 -0.059262
v -0.965255 0.459671 -0.050284
v -0.951092 0.451615 -0.040821
v -0.936342 0.445267 -0.030965
v -0.921145 0.440689 -0.020810
v -0.905648 0.437925 -0.010455
v -0.903307 0.820076 -0.013307
v -0.916486 0.817311 -0.026486
v -0.929410 0.812733 -0.039410
v -0.941955 0.806385 -0.051955
v -0.953999 0.798329 -0.063999
v -0.965427 0.788642 -0.075427
v -0.976128 0.777418 -0.086128
v -0.986000 0.764765 -0.096000
v -0.994947 0.750804 -0.104947
v -1.002884 0.735670 -0.112884
v -1.009734 0.719508 -0.119734
v -1.015430 0.702475 -0.125430
v -1.019919 0.684735 -0.129919
v -1.023156 0.666457 -0.133156
v -1.025111 0.647819 -0.135111
v -1.025764 0.629000 -0.135764
v -1.025111 0.610181 -0.135111
v -1.023156 0.591543 -0.133156
v -1.019919 0.573265 -0.129919
v -1.015430 0.555525 -0.125430
v -1.009734 0.538492 -0.119734
v -1.002884 0.522331 -0.112884
v -0.994947 0.507197 -0.104947
v -0.986000 0.493236 -0.096000
v -0.976128 0.480582 -0.086128
v -0.965427 0.469358 -0.075427
v -0.953999 0.459671 -0.063999
v -0.941955 0.451615 -0.051955
v -0.929410 0.445267 -0.039410
v -0.916486 0.440689 -0.026486
v -0.903307 0.437925 -0.013307
v -0.900456 0.820076 -0.015648
v -0.910810 0.817311 -0.031145
v -0.920965 0.812733 -0.046342
v -0.930821 0.806385 -0.061092
v -0.940284 0.798329 -0.075255
v -0.949262 0.788642 -0.088692
v -0.957670 0.777418 -0.101276
v -0.965427 0.764765 -0.112884
v -0.972457 0.750804 -0.123405
v -0.978693 0.735670 -0.132738
v -0.984074 0.719508 -0.140792
v -0.988550 0.702475 -0.147490
v -0.992076 0.684735 -0.152768
v -0.994620 0.666457 -0.156575
v -0.996156 0.647819 -0.158873
v -0.996669 0.629000 -0.159642
v -0.996156 0.610181 -0.158873
v -0.994620 0.591543 -0.156575
v -0.992076 0.573265 -0.152768
v -0.988550 0.555525 -0.147490
v -0.984074 0.538492 -0.140792
v -0.978693 0.522331 -0.132738
v -0.972457 0.507197 -0.123405
v -0.965427 0.493236 -0.112884
v -0.957670 0.480582 -0.101276
v -0.949262 0.469358 -0.088692
v -0.940284 0.459671 -0.075255
v -0.930821 0.451615 -0.061092
v -0.920965 0.445267 -0.046342
v -0.910810 0.440689 -0.031145
v -0.900456 0.437925 -0.015648
v -0.897202 0.820076 -0.017387
v -0.904334 0.817311 -0.034606
v -0.911329 0.812733 -0.051492
v -0.918118 0.806385 -0.067882
v -0.924636 0.798329 -0.083619
v -0.930821 0.788642 -0.098550
v -0.936612 0.777418 -0.112532
v -0.941955 0.764765 -0.125430
v -0.946797 0.750804 -0.137120
v -0.951092 0.735670 -0.147490
v -0.954799 0.719508 -0.156439
v -0.957882 0.702475 -0.163882
v -0.960311 0.684735 -0.169747
v -0.962063 0.666457 -0.173976
v -0.963121 0.647819 -0.176531
v -0.963475 0.629000 -0.177385
v -0.963121 0.610181 -0.176531
v -0.962063 0.591543 -0.173976
v -0.960311 0.573265 -0.169747
v -0.957882 0.555525 -0.163882
v -0.954799 0.538492 -0.156439
v -0.951092 0.522331 -0.147490
v -0.946797 0.507197 -0.137120
v -0.941955 0.493236 -0.125430
v -0.936612 0.480582 -0.112532
v -0.930821 0.469358 -0.098550
v -0.924636 0.459671 -0.083619
v -0.918118 0.451615 -0.067882
v -0.911329 0.445267 -0.051492
v -0.904334 0.440689 -0.034606
v -0.897202 0.437925 -0.017387
v -0.893672 0.820076 -0.018458
v -0.897308 0.817311 -0.036738
v -0.900873 0.812733 -0.054664
v -0.904334 0.806385 -0.072063
v -0.907657 0.798329 -0.088769
v -0.910810 0.788642 -0.104620
v -0.913763 0.777418 -0.119463
v -0.916486 0.764765 -0.133156
v -0.918955 0.750804 -0.145566
v -0.921145 0.735670 -0.156575
v -0.923034 0.719508 -0.166075
v -0.924606 0.702475 -0.173976
v -0.925844 0.684735 -0.180202
v -0.926738 0.666457 -0.184692
v -0.927277 0.647819 -0.187404
v -0.927457 0.629000 -0.188311
v -0.927277 0.610181 -0.187404
v -0.926738 0.591543 -0.184692
v -0.925844 0.573265 -0.180202
v -0.924606 0.555525 -0.173976
v -0.923034 0.538492 -0.166075
v -0.921145 0.522331 -0.156575
v -0.918955 0.507197 -0.145566
v -0.916486 0.493236 -0.133156
v -0.913763 0.480582 -0.119463
v -0.910810 0.469358 -0.104620
v -0.907657 0.459671 -0.088769
v -0.904334 0.451615 -0.072063
v -0.900873 0.445267 -0.054664
v -0.897308 0.440689 -0.036738
v -0.893672 0.437925 -0.018458
v -0.890000 0.820076 -0.018819
v -0.890000 0.817311 -0.037457
v -0.890000 0.812733 -0.055735
v -0.890000 0.806385 -0.073475
v -0.890000 0.798329 -0.090508
v -0.890000 0.788642 -0.106669
v -0.890000 0.764765 -0.135764
v -0.890000 0.735670 -0.159642
v -0.890000 0.719508 -0.169329
v -0.890000 0.629000 -0.192000
v -0.890000 0.573265 -0.183732
v -0.890000 0.555525 -0.177385
v -0.890000 0.493236 -0.135764
v -0.890000 0.451615 -0.073475
v -0.890000 0.445267 -0.055735
v 0.890000 0.777418 -0.121804
v 0.890000 0.750804 -0.148418
v 0.890000 0.702475 -0.177385
v 0.890000 0.684735 -0.183733
v 0.890000 0.666457 -0.188311
v 0.890000 0.647819 -0.191075
v 0.890000 0.610181 -0.191075
v 0.890000 0.591543 -0.188311
v 0.890000 0.538492 -0.169329
v 0.890000 0.522331 -0.159642
v 0.890000 0.507197 -0.148418
v 0.890000 0.480582 -0.121804
v 0.890000 0.469358 -0.106670
v 0.890000 0.459671 -0.090508
v 0.890000 0.440689 -0.037457
v 0.890000 0.437925 -0.018819
v 0.893672 0.820076 -0.018458
v 0.897308 0.817311 -0.036738
v 0.900873 0.812733 -0.054664
v 0.904334 0.806385 -0.072063
v 0.907657 0.798329 -0.088769
v 0.910810 0.788642 -0.104620
v 0.913763 0.777418 -0.119463
v 0.916486 0.764765 -0.133156
v 0.918955 0.750804 -0.145566
v 0.921145 0.735670 -0.156575
v 0.923034 0.719508 -0.166075
v 0.924606 0.702475 -0.173976
v 0.925845 0.684735 -0.180202
v 0.926738 0.666457 -0.184692
v 0.927277 0.647819 -0.187404
v 0.927458 0.629000 -0.188311
v 0.927277 0.610181 -0.187404
v 0.926738 0.591543 -0.184692
v 0.925845 0.573265 -0.180202
v 0.924606 0.555525 -0.173976
v 0.923034 0.538492 -0.166075
v 0.921145 0.522331 -0.156575
v 0.918955 0.507197 -0.145566
v 0.916486 0.493236 -0.133156
v 0.913763 0.480582 -0.119463
v 0.910810 0.469358 -0.104620
v 0.907657 0.459671 -0.088769
v 0.904334 0.451615 -0.072063
v 0.900873 0.445267 -0.054664
v 0.897308 0.440689 -0.036738
v 0.893672 0.437925 -0.018458
v 0.897202 0.820076 -0.017387
v 0.904334 0.817311 -0.034606
v 0.911329 0.812733 -0.051492
v 0.918118 0.806385 -0.067882
v 0.924636 0.798329 -0.083619
v 0.930821 0.788642 -0.098550
v 0.936612 0.777418 -0.112532
v 0.941955 0.764765 -0.125430
v 0.946797 0.750804 -0.137120
v 0.951092 0.735670 -0.147490
v 0.954799 0.719508 -0.156439
v 0.957882 0.702475 -0.163882
v 0.960312 0.684735 -0.169747
v 0.962064 0.666457 -0.173976
v 0.963122 0.647819 -0.176531
v 0.963475 0.629000 -0.177385
v 0.963122 0.610181 -0.176531
v 0.962064 0.591543 -0.173976
v 0.960312 0.573265 -0.169747
v 0.957882 0.555525 -0.163882
v 0.954799 0.538492 -0.156439
v 0.951092 0.522331 -0.147490
v 0.946797 0.507197 -0.137120
v 0.941955 0.493236 -0.125430
v 0.936612 0.480582 -0.112532
v 0.930821 0.469358 -0.098550
v 0.924636 0.459671 -0.083619
v 0.918118 0.451615 -0.067882
v 0.911329 0.445267 -0.051492
v 0.904334 0.440689 -0.034606
v 0.897202 0.437925 -0.017387
v 0.900456 0.820076 -0.015648
v 0.910810 0.817311 -0.031145
v 0.920965 0.812733 -0.046342
v 0.930821 0.806385 -0.061092
v 0.940284 0.798329 -0.075255
v 0.949262 0.788642 -0.088692
v 0.957671 0.777418 -0.101276
v 0.965427 0.764765 -0.112884
v 0.972457 0.750804 -0.123405
v 0.978692 0.735670 -0.132738
v 0.984074 0.719508 -0.140792
v 0.988550 0.702475 -0.147490
v 0.992076 0.684735 -0.152768
v 0.994620 0.666457 -0.156575
v 0.996156 0.647819 -0.158873
v 0.996670 0.629000 -0.159642
v 0.996156 0.610181 -0.158873
v 0.994620 0.591543 -0.156575
v 0.992076 0.573265 -0.152768
v 0.988550 0.555525 -0.147490
v 0.984074 0.538492 -0.140792
v 0.978692 0.522331 -0.132738
v 0.972457 0.507197 -0.123405
v 0.965427 0.493236 -0.112884
v 0.957671 0.480582 -0.101276
v 0.949262 0.469358 -0.088692
v 0.940284 0.459671 -0.075255
v 0.930821 0.451615 -0.061092
v 0.920965 0.445267 -0.046342
v 0.910810 0.440689 -0.031145
v 0.900456 0.437925 -0.015648
v 0.903307 0.820076 -0.013307
v 0.916486 0.817311 -0.026486
v 0.929410 0.812733 -0.039410
v 0.941955 0.806385 -0.051955
v 0.953999 0.798329 -0.063999
v 0.965427 0.788642 -0.075427
v 0.976128 0.777418 -0.086128
v 0.986000 0.764765 -0.096000
v 0.994947 0.750804 -0.104947
v 1.002884 0.735670 -0.112884
v 1.009734 0.719508 -0.119734
v 1.015430 0.702475 -0.125430
v 1.019919 0.684735 -0.129919
v 1.023156 0.666457 -0.133156
v 1.025111 0.647819 -0.135111
v 1.025765 0.629000 -0.135764
v 1.025111 0.610181 -0.135111
v 1.023156 0.591543 -0.133156
v 1.019919 0.573265 -0.129919
v 1.015430 0.555525 -0.125430
v 1.009734 0.538492 -0.119734
v 1.002884 0.522331 -0.112884
v 0.994947 0.507197 -0.104947
v 0.986000 0.493236 -0.096000
v 0.976128 0.480582 -0.086128
v 0.965427 0.469358 -0.075427
v 0.953999 0.459671 -0.063999
v 0.941955 0.451615 -0.051955
v 0.929410 0.445267 -0.039410
v 0.916486 0.440689 -0.026486
v 0.903307 0.437925 -0.013307
v 0.905648 0.820076 -0.010455
v 0.921145 0.817311 -0.020810
v 0.936342 0.812733 -0.030965
v 0.951092 0.806385 -0.040821
v 0.965255 0.798329 -0.050284
v 0.978692 0.788642 -0.059262
v 0.991276 0.777418 -0.067670
v 1.002884 0.764765 -0.075427
v 1.013405 0.750804 -0.082457
v 1.022738 0.735670 -0.088692
v 1.030792 0.719508 -0.094074
v 1.037490 0.702475 -0.098550
v 1.042768 0.684735 -0.102076
v 1.046575 0.666457 -0.104620
v 1.048874 0.647819 -0.106156
v 1.049642 0.629000 -0.106669
v 1.048874 0.610181 -0.106156
v 1.046575 0.591543 -0.104620
v 1.042768 0.573265 -0.102076
v 1.037490 0.555525 -0.098550
v 1.030792 0.538492 -0.094074
v 1.022738 0.522331 -0.088692
v 1.013405 0.507197 -0.082457
v 1.002884 0.493236 -0.075427
v 0.991276 0.480582 -0.067670
v 0.978692 0.469358 -0.059262
v 0.965255 0.459671 -0.050284
v 0.951092 0.451615 -0.040821
v 0.936342 0.445267 -0.030965
v 0.921145 0.440689 -0.020810
v 0.905648 0.437925 -0.010455
v 0.907387 0.820076 -0.007202
v 0.924606 0.817311 -0.014334
v 0.941492 0.812733 -0.021329
v 0.957882 0.806385 -0.028118
v 0.973619 0.798329 -0.034636
v 0.988550 0.788642 -0.040821
v 1.002532 0.777418 -0.046612
v 1.015430 0.764765 -0.051955
v 1.027120 0.750804 -0.056797
v 1.037490 0.735670 -0.061092
v 1.046440 0.719508 -0.064799
v 1.053882 0.702475 -0.067882
v 1.059747 0.684735 -0.070311
v 1.063977 0.666457 -0.072063
v 1.066531 0.647819 -0.073121
v 1.067385 0.629000 -0.073475
v 1.066531 0.610181 -0.073121
v 1.063977 0.591543 -0.072063
v 1.059747 0.573265 -0.070311
v 1.053882 0.555525 -0.067882
v 1.046440 0.538492 -0.064799
v 1.037490 0.522331 -0.061092
v 1.027120 0.507197 -0.056797
v 1.015430 0.493236 -0.051955
v 1.002532 0.480582 -0.046612
v 0.988550 0.469358 -0.040821
v 0.973619 0.459671 -0.034636
v 0.957882 0.451615 -0.028118
v 0.941492 0.445267 -0.021329
v 0.924606 0.440689 -0.014334
v 0.907387 0.437925 -0.007202
v 0.908458 0.820076 -0.003671
v 0.926738 0.817311 -0.007308
v 0.944664 0.812733 -0.010873
v 0.962063 0.806385 -0.014334
v 0.978769 0.798329 -0.017657
v 0.994620 0.788642 -0.020810
v 1.009463 0.777418 -0.023763
v 1.023156 0.764765 -0.026486
v 1.035566 0.750804 -0.028955
v 1.046575 0.735670 -0.031145
v 1.056075 0.719508 -0.033034
v 1.063977 0.702475 -0.034606
v 1.070202 0.684735 -0.035844
v 1.074692 0.666457 -0.036738
v 1.077404 0.647819 -0.037277
v 1.078311 0.629000 -0.037457
v 1.077404 0.610181 -0.037277
v 1.074692 0.591543 -0.036738
v 1.070202 0.573265 -0.035844
v 1.063977 0.555525 -0.034606
v 1.056075 0.538492 -0.033034
v 1.046575 0.522331 -0.031145
v 1.035566 0.507197 -0.028955
v 1.023156 0.493236 -0.026486
v 1.009463 0.480582 -0.023763
v 0.994620 0.469358 -0.020810
v 0.978769 0.459671 -0.017657
v 0.962063 0.451615 -0.014334
v 0.944664 0.445267 -0.010873
v 0.926738 0.440689 -0.007308
v 0.908458 0.437925 -0.003671
v 0.908819 0.820076 -0.000000
v 0.927457 0.817311 -0.000000
v 0.945735 0.812733 -0.000000
v 0.963475 0.806385 -0.000000
v 0.980508 0.798329 -0.000000
v 0.996670 0.788642 -0.000000
v 1.011804 0.777418 -0.000000
v 1.025765 0.764765 -0.000000
v 1.038418 0.750804 -0.000000
v 1.049642 0.735670 -0.000000
v 1.059329 0.719508 -0.000000
v 1.067385 0.702475 -0.000000
v 1.073733 0.684735 -0.000000
v 1.078311 0.666457 -0.000000
v 1.081076 0.647819 -0.000000
v 1.082000 0.629000 -0.000000
v 1.081076 0.610181 -0.000000
v 1.078311 0.591543 -0.000000
v 1.073733 0.573265 -0.000000
v 1.067385 0.555525 -0.000000
v 1.059329 0.538492 -0.000000
v 1.049642 0.522331 -0.000000
v 1.038418 0.507197 -0.000000
v 1.025765 0.493236 -0.000000
v 1.011804 0.480582 -0.000000
v 0.996670 0.469358 -0.000000
v 0.980508 0.459671 -0.000000
v 0.963475 0.451615 -0.000000
v 0.945735 0.445267 -0.000000
v 0.927457 0.440689 -0.000000
v 0.908819 0.437925 -0.000000
v 0.908458 0.820076 0.003671
v 0.926738 0.817311 0.007308
v 0.944664 0.812733 0.010873
v 0.962063 0.806385 0.014334
v 0.978769 0.798329 0.017657
v 0.994620 0.788642 0.020810
v 1.009463 0.777418 0.023763
v 1.023156 0.764765 0.026486
v 1.035566 0.750804 0.028955
v 1.046575 0.735670 0.031145
v 1.056075 0.719508 0.033034
v 1.063977 0.702475 0.034606
v 1.070202 0.684735 0.035844
v 1.074692 0.666457 0.036738
v 1.077404 0.647819 0.037277
v 1.078311 0.629000 0.037457
v 1.077404 0.610181 0.037277
v 1.074692 0.591543 0.036738
v 1.070202 0.573265 0.035844
v 1.063977 0.555525 0.034606
v 1.056075 0.538492 0.033034
v 1.046575 0.522331 0.031145
v 1.035566 0.507197 0.028955
v 1.023156 0.493236 0.026486
v 1.009463 0.480582 0.023763
v 0.994620 0.469358 0.020810
v 0.978769 0.459671 0.017657
v 0.962063 0.451615 0.014334
v 0.944664 0.445267 0.010873
v 0.926738 0.440689 0.007308
v 0.908458 0.437925 0.003671
v 0.907387 0.820076 0.007202
v 0.924606 0.817311 0.014334
v 0.941492 0.812733 0.021329
v 0.957882 0.806385 0.028118
v 0.973619 0.798329 0.034636
v 0.988550 0.788642 0.040821
v 1.002532 0.777418 0.046612
v 1.015430 0.764765 0.051955
v 1.027120 0.750804 0.056797
v 1.037490 0.735670 0.061092
v 1.046440 0.719508 0.064799
v 1.053882 0.702475 0.067882
v 1.059747 0.684735 0.070311
v 1.063977 0.666457 0.072063
v 1.066531 0.647819 0.073121
v 1.067385 0.629000 0.073475
v 1.066531 0.610181 0.073121
v 1.063977 0.591543 0.072063
v 1.059747 0.573265 0.070311
v 1.053882 0.555525 0.067882
v 1.046440 0.538492 0.064799
v 1.037490 0.522331 0.061092
v 1.027120 0.507197 0.056797
v 1.015430 0.493236 0.051955
v 1.002532 0.480582 0.046612
v 0.988550 0.469358 0.040821
v 0.973619 0.459671 0.034636
v 0.957882 0.451615 0.028118
v 0.941492 0.445267 0.021329
v 0.924606 0.440689 0.014334
v 0.907387 0.437925 0.007202
v 0.905648 0.820076 0.010455
v 0.921145 0.817311 0.020810
v 0.936342 0.812733 0.030965
v 0.951092 0.806385 0.040821
v 0.965255 0.798329 0.050284
v 0.978692 0.788642 0.059262
v 0.991276 0.777418 0.067670
v 1.002884 0.764765 0.075427
v 1.013405 0.750804 0.082457
v 1.022738 0.735670 0.088692
v 1.030792 0.719508 0.094074
v 1.037490 0.702475 0.098550
v 1.042768 0.684735 0.102076
v 1.046575 0.666457 0.104620
v 1.048874 0.647819 0.106156
v 1.049642 0.629000 0.106669
v 1.048874 0.610181 0.106156
v 1.046575 0.591543 0.104620
v 1.042768 0.573265 0.102076
v 1.037490 0.555525 0.098550
v 1.030792 0.538492 0.094074
v 1.022738 0.522331 0.088692
v 1.013405 0.507197 0.082457
v 1.002884 0.493236 0.075427
v 0.991276 0.480582 0.067670
v 0.978692 0.469358 0.059262
v 0.965255 0.459671 0.050284
v 0.951092 0.451615 0.040821
v 0.936342 0.445267 0.030965
v 0.921145 0.440689 0.020810
v 0.905648 0.437925 0.010455
v 0.903307 0.820076 0.013307
v 0.916486 0.817311 0.026486
v 0.929410 0.812733 0.039410
v 0.941955 0.806385 0.051955
v 0.953999 0.798329 0.063999
v 0.965427 0.788642 0.075427
v 0.976128 0.777418 0.086128
v 0.986000 0.764765 0.096000
v 0.994947 0.750804 0.104947
v 1.002884 0.735670 0.112884
v 1.009734 0.719508 0.119734
v 1.015430 0.702475 0.125430
v 1.019919 0.684735 0.129919
v 1.023156 0.666457 0.133156
v 1.025111 0.647819 0.135111
v 1.025764 0.629000 0.135765
v 1.025111 0.610181 0.135111
v 1.023156 0.591543 0.133156
v 1.019919 0.573265 0.129919
v 1.015430 0.555525 0.125430
v 1.009734 0.538492 0.119734
v 1.002884 0.522331 0.112884
v 0.994947 0.507197 0.104947
v 0.986000 0.493236 0.096000
v 0.976128 0.480582 0.086128
v 0.965427 0.469358 0.075427
v 0.953999 0.459671 0.063999
v 0.941955 0.451615 0.051955
v 0.929410 0.445267 0.039410
v 0.916486 0.440689 0.026486
v 0.903307 0.437925 0.013307
v 0.900456 0.820076 0.015648
v 0.910810 0.817311 0.031145
v 0.920965 0.812733 0.046342
v 0.930821 0.806385 0.061092
v 0.940284 0.798329 0.075255
v 0.949262 0.788642 0.088692
v 0.957671 0.777418 0.101276
v 0.965427 0.764765 0.112884
v 0.972457 0.750804 0.123405
v 0.978692 0.735670 0.132738
v 0.984074 0.719508 0.140792
v 0.988550 0.702475 0.147490
v 0.992076 0.684735 0.152768
v 0.994620 0.666457 0.156575
v 0.996156 0.647819 0.158873
v 0.996670 0.629000 0.159642
v 0.996156 0.610181 0.158873
v 0.994620 0.591543 0.156575
v 0.992076 0.573265 0.152768
v 0.988550 0.555525 0.147490
v 0.984074 0.538492 0.140792
v 0.978692 0.522331 0.132738
v 0.972457 0.507197 0.123405
v 0.965427 0.493236 0.112884
v 0.957671 0.480582 0.101276
v 0.949262 0.469358 0.088692
v 0.940284 0.459671 0.075255
v 0.930821 0.451615 0.061092
v 0.920965 0.445267 0.046342
v 0.910810 0.440689 0.031145
v 0.900456 0.437925 0.015648
v 0.897202 0.820076 0.017387
v 0.904334 0.817311 0.034606
v 0.911329 0.812733 0.051492
v 0.918118 0.806385 0.067882
v 0.924636 0.798329 0.083619
v 0.930821 0.788642 0.098550
v 0.936612 0.777418 0.112532
v 0.941955 0.764765 0.125430
v 0.946797 0.750804 0.137120
v 0.951092 0.735670 0.147490
v 0.954799 0.719508 0.156439
v 0.957882 0.702475 0.163882
v 0.960311 0.684735 0.169747
v 0.962063 0.666457 0.173976
v 0.963121 0.647819 0.176531
v 0.963475 0.629000 0.177385
v 0.963121 0.610181 0.176531
v 0.962063 0.591543 0.173976
v 0.960311 0.573265 0.169747
v 0.957882 0.555525 0.163882
v 0.954799 0.538492 0.156439
v 0.951092 0.522331 0.147490
v 0.946797 0.507197 0.137120
v 0.941955 0.493236 0.125430
v 0.936612 0.480582 0.112532
v 0.930821 0.469358 0.098550
v 0.924636 0.459671 0.083619
v 0.918118 0.451615 0.067882
v 0.911329 0.445267 0.051492
v 0.904334 0.440689 0.034606
v 0.897202 0.437925 0.017387
v 0.893672 0.820076 0.018458
v 0.897308 0.817311 0.036738
v 0.900873 0.812733 0.054664
v 0.904334 0.806385 0.072063
v 0.907657 0.798329 0.088769
v 0.910810 0.788642 0.104620
v 0.913763 0.777418 0.119463
v 0.916486 0.764765 0.133156
v 0.918955 0.750804 0.145566
v 0.921145 0.735670 0.156575
v 0.923034 0.719508 0.166075
v 0.924606 0.702475 0.173976
v 0.925844 0.684735 0.180202
v 0.926738 0.666457 0.184692
v 0.927277 0.647819 0.187404
v 0.927457 0.629000 0.188311
v 0.927277 0.610181 0.187404
v 0.926738 0.591543 0.184692
v 0.925844 0.573265 0.180202
v 0.924606 0.555525 0.173976
v 0.923034 0.538492 0.166075
v 0.921145 0.522331 0.156575
v 0.918955 0.507197 0.145566
v 0.916486 0.493236 0.133156
v 0.913763 0.480582 0.119463
v 0.910810 0.469358 0.104620
v 0.907657 0.459671 0.088769
v 0.904334 0.451615 0.072063
v 0.900873 0.445267 0.054664
v 0.897308 0.440689 0.036738
v 0.893672 0.437925 0.018458
v 0.890000 0.820076 0.018819
v 0.890000 0.817311 0.037457
v 0.890000 0.812733 0.055735
v 0.890000 0.806385 0.073475
v 0.890000 0.798329 0.090508
v 0.890000 0.788642 0.106669
v 0.890000 0.777418 0.121803
v 0.890000 0.764765 0.135765
v 0.890000 0.750804 0.148418
v 0.890000 0.735670 0.159642
v 0.890000 0.719508 0.169329
v 0.890000 0.702475 0.177385
v 0.890000 0.684735 0.183733
v 0.890000 0.666457 0.188311
v 0.890000 0.647819 0.191075
v 0.890000 0.629000 0.192000
v 0.890000 0.610181 0.191075
v 0.890000 0.591543 0.188311
v 0.890000 0.573265 0.183733
v 0.890000 0.555525 0.177385
v 0.890000 0.538492 0.169329
v 0.890000 0.522331 0.159642
v 0.890000 0.507197 0.148418
v 0.890000 0.493236 0.135765
v 0.890000 0.480582 0.121803
v 0.890000 0.469358 0.106669
v 0.890000 0.459671 0.090508
v 0.890000 0.451615 0.073475
v 0.890000 0.445267 0.055735
v 0.890000 0.440689 0.037457
v 0.890000 0.437925 0.018819
v 0.890000 0.437000 -0.000000
v 0.890000 0.821000 -0.000000
v 0.886329 0.820076 0.018458
v 0.882693 0.817311 0.036738
v 0.879127 0.812733 0.054664
v 0.875666 0.806385 0.072063
v 0.872343 0.798329 0.088769
v 0.869190 0.788642 0.104620
v 0.866237 0.777418 0.119463
v 0.863514 0.764765 0.133156
v 0.861045 0.750804 0.145566
v 0.858855 0.735670 0.156575
v 0.856966 0.719508 0.166075
v 0.855394 0.702475 0.173976
v 0.854156 0.684735 0.180202
v 0.853262 0.666457 0.184692
v 0.852723 0.647819 0.187404
v 0.852543 0.629000 0.188311
v 0.852723 0.610181 0.187404
v 0.853262 0.591543 0.184692
v 0.854156 0.573265 0.180202
v 0.855394 0.555525 0.173976
v 0.856966 0.538492 0.166075
v 0.858855 0.522331 0.156575
v 0.861045 0.507197 0.145566
v 0.863514 0.493236 0.133156
v 0.866237 0.480582 0.119463
v 0.869190 0.469358 0.104620
v 0.872343 0.459671 0.088769
v 0.875666 0.451615 0.072063
v 0.879127 0.445267 0.054664
v 0.882693 0.440689 0.036738
v 0.886329 0.437925 0.018458
v 0.882798 0.820076 0.017387
v 0.875666 0.817311 0.034606
v 0.868671 0.812733 0.051492
v 0.861882 0.806385 0.067882
v 0.855364 0.798329 0.083619
v 0.849179 0.788642 0.098550
v 0.843388 0.777418 0.112532
v 0.838045 0.764765 0.125430
v 0.833203 0.750804 0.137120
v 0.828908 0.735670 0.147490
v 0.825201 0.719508 0.156439
v 0.822118 0.702475 0.163882
v 0.819689 0.684735 0.169747
v 0.817937 0.666457 0.173976
v 0.816879 0.647819 0.176531
v 0.816525 0.629000 0.177385
v 0.816879 0.610181 0.176531
v 0.817937 0.591543 0.173976
v 0.819689 0.573265 0.169747
v 0.822118 0.555525 0.163882
v 0.825201 0.538492 0.156439
v 0.828908 0.522331 0.147490
v 0.833203 0.507197 0.137120
v 0.838045 0.493236 0.125430
v 0.843388 0.480582 0.112532
v 0.849179 0.469358 0.098550
v 0.855364 0.459671 0.083619
v 0.861882 0.451615 0.067882
v 0.868671 0.445267 0.051492
v 0.875666 0.440689 0.034606
v 0.882798 0.437925 0.017387
v 0.879545 0.820076 0.015648
v 0.869190 0.817311 0.031145
v 0.859036 0.812733 0.046342
v 0.849179 0.806385 0.061092
v 0.839716 0.798329 0.075255
v 0.830738 0.788642 0.088692
v 0.822330 0.777418 0.101276
v 0.814573 0.764765 0.112884
v 0.807543 0.750804 0.123405
v 0.801308 0.735670 0.132738
v 0.795926 0.719508 0.140792
v 0.791450 0.702475 0.147490
v 0.787924 0.684735 0.152768
v 0.785380 0.666457 0.156575
v 0.783844 0.647819 0.158873
v 0.783331 0.629000 0.159642
v 0.783844 0.610181 0.158873
v 0.785380 0.591543 0.156575
v 0.787924 0.573265 0.152768
v 0.791450 0.555525 0.147490
v 0.795926 0.538492 0.140792
v 0.801308 0.522331 0.132738
v 0.807543 0.507197 0.123405
v 0.814573 0.493236 0.112884
v 0.822330 0.480582 0.101276
v 0.830738 0.469358 0.088692
v 0.839716 0.459671 0.075255
v 0.849179 0.451615 0.061092
v 0.859036 0.445267 0.046342
v 0.869190 0.440689 0.031145
v 0.879545 0.437925 0.015648
v 0.876693 0.820076 0.013307
v 0.863514 0.817311 0.026486
v 0.850590 0.812733 0.039410
v 0.838045 0.806385 0.051955
v 0.826001 0.798329 0.063999
v 0.814573 0.788642 0.075427
v 0.803872 0.777418 0.086128
v 0.794000 0.764765 0.096000
v 0.785053 0.750804 0.104947
v 0.777116 0.735670 0.112884
v 0.770267 0.719508 0.119734
v 0.764570 0.702475 0.125430
v 0.760082 0.684735 0.129918
v 0.756844 0.666457 0.133156
v 0.754889 0.647819 0.135111
v 0.754236 0.629000 0.135764
v 0.754889 0.610181 0.135111
v 0.756844 0.591543 0.133156
v 0.760082 0.573265 0.129918
v 0.764570 0.555525 0.125430
v 0.770267 0.538492 0.119734
v 0.777116 0.522331 0.112884
v 0.785053 0.507197 0.104947
v 0.794000 0.493236 0.096000
v 0.803872 0.480582 0.086128
v 0.814573 0.469358 0.075427
v 0.826001 0.459671 0.063999
v 0.838045 0.451615 0.051955
v 0.850590 0.445267 0.039410
v 0.863514 0.440689 0.026486
v 0.876693 0.437925 0.013307
v 0.874352 0.820076 0.010455
v 0.858855 0.817311 0.020810
v 0.843658 0.812733 0.030964
v 0.828908 0.806385 0.040821
v 0.814745 0.798329 0.050284
v 0.801308 0.788642 0.059262
v 0.788724 0.777418 0.067670
v 0.777116 0.764765 0.075427
v 0.766595 0.750804 0.082457
v 0.757262 0.735670 0.088692
v 0.749208 0.719508 0.094074
v 0.742510 0.702475 0.098550
v 0.737232 0.684735 0.102076
v 0.733425 0.666457 0.104620
v 0.731127 0.647819 0.106156
v 0.730358 0.629000 0.106669
v 0.731127 0.610181 0.106156
v 0.733425 0.591543 0.104620
v 0.737232 0.573265 0.102076
v 0.742510 0.555525 0.098550
v 0.749208 0.538492 0.094074
v 0.757262 0.522331 0.088692
v 0.766595 0.507197 0.082457
v 0.777116 0.493236 0.075427
v 0.788724 0.480582 0.067670
v 0.801308 0.469358 0.059262
v 0.814745 0.459671 0.050284
v 0.828908 0.451615 0.040821
v 0.843658 0.445267 0.030964
v 0.858855 0.440689 0.020810
v 0.874352 0.437925 0.010455
v 0.872613 0.820076 0.007202
v 0.855394 0.817311 0.014334
v 0.838508 0.812733 0.021329
v 0.822118 0.806385 0.028118
v 0.806381 0.798329 0.034636
v 0.791450 0.788642 0.040821
v 0.777468 0.777418 0.046612
v 0.764570 0.764765 0.051955
v 0.752880 0.750804 0.056797
v 0.742510 0.735670 0.061092
v 0.733561 0.719508 0.064799
v 0.726118 0.702475 0.067882
v 0.720253 0.684735 0.070311
v 0.716024 0.666457 0.072063
v 0.713470 0.647819 0.073121
v 0.712615 0.629000 0.073475
v 0.713470 0.610181 0.073121
v 0.716024 0.591543 0.072063
v 0.720253 0.573265 0.070311
v 0.726118 0.555525 0.067882
v 0.733561 0.538492 0.064799
v 0.742510 0.522331 0.061092
v 0.752880 0.507197 0.056797
v 0.764570 0.493236 0.051955
v 0.777468 0.480582 0.046612
v 0.791450 0.469358 0.040821
v 0.806381 0.459671 0.034636
v 0.822118 0.451615 0.028118
v 0.838508 0.445267 0.021329
v 0.855394 0.440689 0.014334
v 0.872613 0.437925 0.007202
v 0.871542 0.820076 0.003671
v 0.853263 0.817311 0.007308
v 0.835336 0.812733 0.010873
v 0.817937 0.806385 0.014334
v 0.801231 0.798329 0.017657
v 0.785380 0.788642 0.020810
v 0.770537 0.777418 0.023763
v 0.756844 0.764765 0.026486
v 0.744434 0.750804 0.028955
v 0.733425 0.735670 0.031145
v 0.723925 0.719508 0.033034
v 0.716024 0.702475 0.034606
v 0.709798 0.684735 0.035844
v 0.705308 0.666457 0.036738
v 0.702596 0.647819 0.037277
v 0.701689 0.629000 0.037457
v 0.702596 0.610181 0.037277
v 0.705308 0.591543 0.036738
v 0.709798 0.573265 0.035844
v 0.716024 0.555525 0.034606
v 0.723925 0.538492 0.033034
v 0.733425 0.522331 0.031145
v 0.744434 0.507197 0.028955
v 0.756844 0.493236 0.026486
v 0.770537 0.480582 0.023763
v 0.785380 0.469358 0.020810
v 0.801231 0.459671 0.017657
v 0.817937 0.451615 0.014334
v 0.835336 0.445267 0.010873
v 0.853263 0.440689 0.007308
v 0.871542 0.437925 0.003671
v 0.871181 0.820076 -0.000000
v 0.852543 0.817311 -0.000000
v 0.834265 0.812733 -0.000000
v 0.816525 0.806385 -0.000000
v 0.799492 0.798329 -0.000000
v 0.783331 0.788642 -0.000000
v 0.768197 0.777418 -0.000000
v 0.754236 0.764765 -0.000000
v 0.741582 0.750804 -0.000000
v 0.730358 0.735670 -0.000000
v 0.720671 0.719508 -0.000000
v 0.712615 0.702475 -0.000000
v 0.706268 0.684735 -0.000000
v 0.701689 0.666457 -0.000000
v 0.698925 0.647819 -0.000000
v 0.698000 0.629000 -0.000000
v 0.698925 0.610181 -0.000000
v 0.701689 0.591543 -0.000000
v 0.706268 0.573265 -0.000000
v 0.712615 0.555525 -0.000000
v 0.720671 0.538492 -0.000000
v 0.730358 0.522331 -0.000000
v 0.741582 0.507197 -0.000000
v 0.754236 0.493236 -0.000000
v 0.768197 0.480582 -0.000000
v 0.783331 0.469358 -0.000000
v 0.799492 0.459671 -0.000000
v 0.816525 0.451615 -0.000000
v 0.834265 0.445267 -0.000000
v 0.852543 0.440689 -0.000000
v 0.871181 0.437925 -0.000000
v 0.871542 0.820076 -0.003671
v 0.853263 0.817311 -0.007308
v 0.835336 0.812733 -0.010873
v 0.817937 0.806385 -0.014334
v 0.801231 0.798329 -0.017657
v 0.785380 0.788642 -0.020810
v 0.770537 0.777418 -0.023763
v 0.756844 0.764765 -0.026486
v 0.744434 0.750804 -0.028955
v 0.733425 0.735670 -0.031145
v 0.723925 0.719508 -0.033034
v 0.716024 0.702475 -0.034606
v 0.709798 0.684735 -0.035844
v 0.705308 0.666457 -0.036738
v 0.702596 0.647819 -0.037277
v 0.701689 0.629000 -0.037457
v 0.702596 0.610181 -0.037277
v 0.705308 0.591543 -0.036738
v 0.709798 0.573265 -0.035844
v 0.716024 0.555525 -0.034606
v 0.723925 0.538492 -0.033034
v 0.733425 0.522331 -0.031145
v 0.744434 0.507197 -0.028955
v 0.756844 0.493236 -0.026486
v 0.770537 0.480582 -0.023763
v 0.785380 0.469358 -0.020810
v 0.801231 0.459671 -0.017657
v 0.817937 0.451615 -0.014334
v 0.835336 0.445267 -0.010873
v 0.853263 0.440689 -0.007308
v 0.871542 0.437925 -0.003671
v 0.872613 0.820076 -0.007202
v 0.855394 0.817311 -0.014334
v 0.838508 0.812733 -0.021329
v 0.822118 0.806385 -0.028118
v 0.806382 0.798329 -0.034636
v 0.791450 0.788642 -0.040821
v 0.777468 0.777418 -0.046612
v 0.764570 0.764765 -0.051955
v 0.752880 0.750804 -0.056797
v 0.742510 0.735670 -0.061092
v 0.733561 0.719508 -0.064799
v 0.726118 0.702475 -0.067882
v 0.720253 0.684735 -0.070311
v 0.716024 0.666457 -0.072063
v 0.713470 0.647819 -0.073121
v 0.712615 0.629000 -0.073475
v 0.713470 0.610181 -0.073121
v 0.716024 0.591543 -0.072063
v 0.720253 0.573265 -0.070311
v 0.726118 0.555525 -0.067882
v 0.733561 0.538492 -0.064799
v 0.742510 0.522331 -0.061092
v 0.752880 0.507197 -0.056797
v 0.764570 0.493236 -0.051955
v 0.777468 0.480582 -0.046612
v 0.791450 0.469358 -0.040821
v 0.806382 0.459671 -0.034636
v 0.822118 0.451615 -0.028118
v 0.838508 0.445267 -0.021329
v 0.855394 0.440689 -0.014334
v 0.872613 0.437925 -0.007202
v 0.874352 0.820076 -0.010455
v 0.858855 0.817311 -0.020810
v 0.843658 0.812733 -0.030965
v 0.828908 0.806385 -0.040821
v 0.814745 0.798329 -0.050284
v 0.801308 0.788642 -0.059262
v 0.788724 0.777418 -0.067670
v 0.777116 0.764765 -0.075427
v 0.766595 0.750804 -0.082457
v 0.757263 0.735670 -0.088692
v 0.749208 0.719508 -0.094074
v 0.742510 0.702475 -0.098550
v 0.737232 0.684735 -0.102076
v 0.733425 0.666457 -0.104620
v 0.731127 0.647819 -0.106156
v 0.730358 0.629000 -0.106669
v 0.731127 0.610181 -0.106156
v 0.733425 0.591543 -0.104620
v 0.737232 0.573265 -0.102076
v 0.742510 0.555525 -0.098550
v 0.749208 0.538492 -0.094074
v 0.757263 0.522331 -0.088692
v 0.766595 0.507197 -0.082457
v 0.777116 0.493236 -0.075427
v 0.788724 0.480582 -0.067670
v 0.801308 0.469358 -0.059262
v 0.814745 0.459671 -0.050284
v 0.828908 0.451615 -0.040821
v 0.843658 0.445267 -0.030965
v 0.858855 0.440689 -0.020810
v 0.874352 0.437925 -0.010455
v 0.876693 0.820076 -0.013307
v 0.863514 0.817311 -0.026486
v 0.850590 0.812733 -0.039410
v 0.838045 0.806385 -0.051955
v 0.826001 0.798329 -0.063999
v 0.814573 0.788642 -0.075427
v 0.803872 0.777418 -0.086128
v 0.794000 0.764765 -0.096000
v 0.785053 0.750804 -0.104947
v 0.777116 0.735670 -0.112884
v 0.770267 0.719508 -0.119734
v 0.764570 0.702475 -0.125430
v 0.760082 0.684735 -0.129919
v 0.756844 0.666457 -0.133156
v 0.754889 0.647819 -0.135111
v 0.754236 0.629000 -0.135764
v 0.754889 0.610181 -0.135111
v 0.756844 0.591543 -0.133156
v 0.760082 0.573265 -0.129919
v 0.764570 0.555525 -0.125430
v 0.770267 0.538492 -0.119734
v 0.777116 0.522331 -0.112884
v 0.785053 0.507197 -0.104947
v 0.794000 0.493236 -0.096000
v 0.803872 0.480582 -0.086128
v 0.814573 0.469358 -0.075427
v 0.826001 0.459671 -0.063999
v 0.838045 0.451615 -0.051955
v 0.850590 0.445267 -0.039410
v 0.863514 0.440689 -0.026486
v 0.876693 0.437925 -0.013307
v 0.879545 0.820076 -0.015648
v 0.869190 0.817311 -0.031145
v 0.859036 0.812733 -0.046342
v 0.849179 0.806385 -0.061092
v 0.839716 0.798329 -0.075255
v 0.830738 0.788642 -0.088692
v 0.822330 0.777418 -0.101276
v 0.814573 0.764765 -0.112884
v 0.807544 0.750804 -0.123405
v 0.801308 0.735670 -0.132738
v 0.795926 0.719508 -0.140792
v 0.791450 0.702475 -0.147490
v 0.787924 0.684735 -0.152768
v 0.785380 0.666457 -0.156575
v 0.783844 0.647819 -0.158873
v 0.783331 0.629000 -0.159642
v 0.783844 0.610181 -0.158873
v 0.785380 0.591543 -0.156575
v 0.787924 0.573265 -0.152768
v 0.791450 0.555525 -0.147490
v 0.795926 0.538492 -0.140792
v 0.801308 0.522331 -0.132738
v 0.807544 0.507197 -0.123405
v 0.814573 0.493236 -0.112884
v 0.822330 0.480582 -0.101276
v 0.830738 0.469358 -0.088692
v 0.839716 0.459671 -0.075255
v 0.849179 0.451615 -0.061092
v 0.859036 0.445267 -0.046342
v 0.869190 0.440689 -0.031145
v 0.879545 0.437925 -0.015648
v 0.882798 0.820076 -0.017387
v 0.875666 0.817311 -0.034606
v 0.868671 0.812733 -0.051492
v 0.861882 0.806385 -0.067882
v 0.855364 0.798329 -0.083619
v 0.849180 0.788642 -0.098550
v 0.843388 0.777418 -0.112532
v 0.838045 0.764765 -0.125430
v 0.833203 0.750804 -0.137120
v 0.828908 0.735670 -0.147490
v 0.825201 0.719508 -0.156439
v 0.822118 0.702475 -0.163882
v 0.819689 0.684735 -0.169747
v 0.817937 0.666457 -0.173976
v 0.816879 0.647819 -0.176531
v 0.816525 0.629000 -0.177385
v 0.816879 0.610181 -0.176531
v 0.817937 0.591543 -0.173976
v 0.819689 0.573265 -0.169747
v 0.822118 0.555525 -0.163882
v 0.825201 0.538492 -0.156439
v 0.828908 0.522331 -0.147490
v 0.833203 0.507197 -0.137120
v 0.838045 0.493236 -0.125430
v 0.843388 0.480582 -0.112532
v 0.849180 0.469358 -0.098550
v 0.855364 0.459671 -0.083619
v 0.861882 0.451615 -0.067882
v 0.868671 0.445267 -0.051492
v 0.875666 0.440689 -0.034606
v 0.882798 0.437925 -0.017387
v 0.886329 0.820076 -0.018458
v 0.882693 0.817311 -0.036738
v 0.879127 0.812733 -0.054664
v 0.875666 0.806385 -0.072063
v 0.872343 0.798329 -0.088769
v 0.869190 0.788642 -0.104620
v 0.866237 0.777418 -0.119463
v 0.863514 0.764765 -0.133156
v 0.861045 0.750804 -0.145566
v 0.858856 0.735670 -0.156575
v 0.856966 0.719508 -0.166075
v 0.855394 0.702475 -0.173976
v 0.854156 0.684735 -0.180202
v 0.853263 0.666457 -0.184692
v 0.852723 0.647819 -0.187404
v 0.852543 0.629000 -0.188311
v 0.852723 0.610181 -0.187404
v 0.853263 0.591543 -0.184692
v 0.854156 0.573265 -0.180202
v 0.855394 0.555525 -0.173976
v 0.856966 0.538492 -0.166075
v 0.858856 0.522331 -0.156575
v 0.861045 0.507197 -0.145566
v 0.863514 0.493236 -0.133156
v 0.866237 0.480582 -0.119463
v 0.869190 0.469358 -0.104620
v 0.872343 0.459671 -0.088769
v 0.875666 0.451615 -0.072063
v 0.879127 0.445267 -0.054664
v 0.882693 0.440689 -0.036738
v 0.886329 0.437925 -0.018458
v 0.890000 0.820076 -0.018819
v 0.890000 0.817311 -0.037457
v 0.890000 0.812733 -0.055735
v 0.890000 0.806385 -0.073475
v 0.890000 0.798329 -0.090508
v 0.890000 0.788642 -0.106669
v 0.890000 0.764765 -0.135764
v 0.890000 0.735670 -0.159642
v 0.890000 0.719508 -0.169329
v 0.890000 0.629000 -0.192000
v 0.890000 0.573265 -0.183732
v 0.890000 0.555525 -0.177385
v 0.890000 0.493236 -0.135764
v 0.890000 0.451615 -0.073475
v 0.890000 0.445267 -0.055735
v 0.106066 -0.404052 0.387935
v 0.018554 -0.438990 0.363244
v -0.030783 -0.437324 0.364422
v -0.076783 -0.422665 0.374782
v -0.139739 -0.361962 0.417681
v -0.149872 -0.322496 0.445573
v -0.143764 -0.282481 0.473852
v -0.122077 -0.246253 0.499455
v -0.087161 -0.217739 0.519606
v -0.042800 -0.200029 0.532122
v 0.006199 -0.195041 0.535647
v 0.054527 -0.203317 0.529799
v 0.096945 -0.223958 0.515211
v 0.128858 -0.254730 0.493464
v 0.148848 -0.332586 0.438442
v 0.134758 -0.371234 0.411129
v 0.106066 -0.432909 0.428768
v 0.065879 -0.456341 0.412208
v -0.076783 -0.451522 0.415614
v -0.139739 -0.390819 0.458514
v -0.149872 -0.351352 0.486405
v -0.122077 -0.275110 0.540287
v 0.146808 -0.321153 0.507748
v 0.148848 -0.361443 0.479274
v 0.018554 -0.467848 0.404076
v -0.030782 -0.466181 0.405254
v -0.114462 -0.425461 0.434031
v -0.143764 -0.311339 0.514684
v -0.087162 -0.246597 0.560437
v -0.042801 -0.228887 0.572954
v 0.006198 -0.223899 0.576479
v 0.054526 -0.232174 0.570631
v 0.096945 -0.252815 0.556043
v 0.128858 -0.283587 0.534297
v 0.134759 -0.400091 0.451961
v 0.106066 -0.461766 0.469600
v -0.030782 -0.495038 0.446086
v -0.042801 -0.257744 0.613786
v 0.096945 -0.281672 0.596875
v 0.146807 -0.350010 0.548580
v 0.134759 -0.428948 0.492793
v 0.065880 -0.485199 0.453040
v 0.018554 -0.496705 0.444908
v -0.076782 -0.480381 0.456445
v -0.114462 -0.454319 0.474863
v -0.139739 -0.419678 0.499345
v -0.149872 -0.380211 0.527236
v -0.143764 -0.340196 0.555516
v -0.122078 -0.303969 0.581118
v -0.087162 -0.275455 0.601269
v 0.006198 -0.252756 0.617311
v 0.054526 -0.261032 0.611463
v 0.128858 -0.312444 0.575128
v 0.148848 -0.390300 0.520106
v -0.076782 -0.509237 0.497277
v -0.139739 -0.448535 0.540177
v -0.149872 -0.409068 0.568069
v -0.143764 -0.369053 0.596348
v -0.122078 -0.332826 0.621950
v -0.087162 -0.304312 0.642102
v 0.006198 -0.281613 0.658143
v 0.054526 -0.289888 0.652295
v 0.096945 -0.310530 0.637707
v 0.128858 -0.341301 0.615961
v 0.148848 -0.419157 0.560938
v 0.106066 -0.490625 0.510431
v 0.065880 -0.514057 0.493872
v 0.018554 -0.525563 0.485740
v -0.030782 -0.523896 0.486918
v -0.114462 -0.483176 0.515695
v -0.042801 -0.286602 0.654618
v 0.146807 -0.378868 0.589412
v 0.134759 -0.457806 0.533625
v 0.106066 -0.519482 0.551264
v 0.065880 -0.542913 0.534704
v -0.149872 -0.437926 0.608900
v -0.087162 -0.333169 0.682934
v 0.054526 -0.318746 0.693127
v 0.096945 -0.339388 0.678539
v 0.146807 -0.407725 0.630244
v 0.134759 -0.486663 0.574457
v 0.018554 -0.554420 0.526572
v -0.030782 -0.552754 0.527749
v -0.076782 -0.538096 0.538109
v -0.114462 -0.512034 0.556527
v -0.139739 -0.477393 0.581008
v -0.143764 -0.397912 0.637179
v -0.122078 -0.361684 0.662782
v -0.042801 -0.315460 0.695449
v 0.006198 -0.310472 0.698974
v 0.128858 -0.370159 0.656792
v 0.148848 -0.448016 0.601770
v 0.065880 -0.571771 0.575536
v -0.030782 -0.581611 0.568582
v -0.076782 -0.566953 0.578941
v -0.139739 -0.506250 0.621841
v -0.149872 -0.466783 0.649732
v -0.087162 -0.362027 0.723765
v 0.096945 -0.368245 0.719371
v 0.128858 -0.399016 0.697625
v 0.146807 -0.436582 0.671076
v 0.106066 -0.548342 0.592097
v 0.018554 -0.583280 0.567406
v -0.114462 -0.540893 0.597360
v -0.143764 -0.426769 0.678010
v -0.122078 -0.390541 0.703612
v -0.042801 -0.344316 0.736278
v 0.006198 -0.339328 0.739803
v 0.054526 -0.347603 0.733955
v 0.148848 -0.476874 0.642602
v 0.134759 -0.515523 0.615289
v 0.106066 -0.577198 0.632930
v 0.065880 -0.600630 0.616370
v -0.030782 -0.610470 0.609417
v -0.076782 -0.595811 0.619775
v 0.148848 -0.505730 0.683435
v 0.134759 -0.544379 0.656122
v 0.018556 -0.612136 0.608237
v -0.114462 -0.569751 0.638191
v -0.139738 -0.535110 0.662672
v -0.149872 -0.495643 0.690563
v -0.143765 -0.455628 0.718842
v -0.122078 -0.419400 0.744444
v -0.087163 -0.390885 0.764595
v -0.042802 -0.373174 0.777112
v 0.006197 -0.368186 0.780637
v 0.054525 -0.376461 0.774789
v 0.096944 -0.397102 0.760202
v 0.128857 -0.427873 0.738456
v 0.146807 -0.465440 0.711908
v 0.065881 -0.629486 0.657201
v 0.018556 -0.640993 0.649069
v -0.122078 -0.448256 0.785277
v 0.096944 -0.425959 0.801034
v 0.146807 -0.494296 0.752740
v 0.134759 -0.573235 0.696954
v 0.106067 -0.606055 0.673760
v -0.030781 -0.639328 0.650246
v -0.076781 -0.624670 0.660605
v -0.114462 -0.598608 0.679023
v -0.139738 -0.563967 0.703504
v -0.149872 -0.524501 0.731395
v -0.143765 -0.484485 0.759674
v -0.087163 -0.419743 0.805427
v -0.042802 -0.402032 0.817944
v 0.006197 -0.397044 0.821469
v 0.054525 -0.405319 0.815621
v 0.128857 -0.456731 0.779288
v 0.148848 -0.534588 0.724266
v 0.106067 -0.634912 0.714593
v -0.076781 -0.653526 0.701437
v -0.114462 -0.627465 0.719855
v -0.139738 -0.592824 0.744336
v -0.087163 -0.448600 0.846260
v -0.042802 -0.430889 0.858776
v 0.006197 -0.425900 0.862301
v 0.054525 -0.434175 0.856454
v 0.148848 -0.563444 0.765099
v 0.065881 -0.658345 0.698032
v 0.018556 -0.669851 0.689900
v -0.030781 -0.668186 0.691078
v -0.149872 -0.553358 0.772227
v -0.143765 -0.513343 0.800505
v -0.122078 -0.477115 0.826108
v 0.096944 -0.454817 0.841865
v 0.128857 -0.485589 0.820119
v 0.146807 -0.523155 0.793571
v 0.134759 -0.602094 0.737785
v -0.122078 -0.505971 0.866940
v 0.146807 -0.552011 0.834404
v 0.106067 -0.663770 0.755424
v 0.065881 -0.687202 0.738864
v 0.018556 -0.698709 0.730732
v -0.030781 -0.697043 0.731910
v -0.076781 -0.682385 0.742269
v -0.114462 -0.656323 0.760686
v -0.139738 -0.621682 0.785167
v -0.149872 -0.582216 0.813058
v -0.143765 -0.542200 0.841337
v -0.087163 -0.477458 0.887091
v -0.042802 -0.459747 0.899607
v 0.006197 -0.454759 0.903132
v 0.054525 -0.463034 0.897285
v 0.096944 -0.483675 0.882697
v 0.128857 -0.514446 0.860951
v 0.148848 -0.592303 0.805930
v 0.134759 -0.630952 0.778617
v 0.018556 -0.727566 0.771565
v -0.139738 -0.650539 0.826000
v 0.006197 -0.483615 0.943965
v 0.134759 -0.659808 0.819449
v 0.106067 -0.692628 0.796256
v 0.065881 -0.716060 0.779696
v -0.030781 -0.725901 0.772741
v -0.076781 -0.711243 0.783100
v -0.114462 -0.685181 0.801518
v -0.149872 -0.611073 0.853890
v -0.143765 -0.571058 0.882169
v -0.122078 -0.534830 0.907772
v -0.087163 -0.506316 0.927923
v -0.042802 -0.488605 0.940439
v 0.054525 -0.491891 0.938116
v 0.096944 -0.512533 0.923529
v 0.128857 -0.543304 0.901783
v 0.146807 -0.580870 0.875235
v 0.148848 -0.621160 0.846762
v 0.106067 -0.721484 0.837088
v 0.065881 -0.744917 0.820529
v 0.018556 -0.756423 0.812397
v -0.030781 -0.754757 0.813574
v -0.076781 -0.740099 0.823933
v -0.114462 -0.714038 0.842351
v -0.139738 -0.679396 0.866832
v -0.149872 -0.639930 0.894723
v -0.143765 -0.599914 0.923002
v -0.122078 -0.563687 0.948604
v -0.087163 -0.535172 0.968755
v -0.042802 -0.517461 0.981272
v 0.006197 -0.512473 0.984797
v 0.054525 -0.520748 0.978949
v 0.096944 -0.541389 0.964362
v 0.128857 -0.572160 0.942616
v 0.146807 -0.609726 0.916068
v 0.148848 -0.650017 0.887594
v 0.134759 -0.688666 0.860281
v -0.106066 -0.404052 -0.387935
v 0.030783 -0.437324 -0.364422
v 0.076783 -0.422665 -0.374782
v 0.114463 -0.396603 -0.393200
v 0.139739 -0.361962 -0.417681
v 0.149872 -0.322496 -0.445573
v 0.143764 -0.282481 -0.473852
v 0.122077 -0.246253 -0.499455
v 0.087161 -0.217739 -0.519606
v 0.042800 -0.200029 -0.532122
v -0.006199 -0.195041 -0.535647
v -0.054527 -0.203317 -0.529799
v -0.096945 -0.223958 -0.515211
v -0.128858 -0.254730 -0.493464
v -0.146808 -0.292296 -0.466916
v -0.148848 -0.332586 -0.438442
v -0.134759 -0.371234 -0.411128
v 0.042800 -0.228886 -0.572954
v -0.006199 -0.223898 -0.576479
v -0.128858 -0.283586 -0.534297
v -0.106066 -0.432909 -0.428768
v -0.065880 -0.456341 -0.412208
v -0.018554 -0.467848 -0.404076
v 0.030782 -0.466181 -0.405254
v 0.076782 -0.451523 -0.415613
v 0.114462 -0.425461 -0.434031
v 0.139739 -0.390820 -0.458513
v 0.149872 -0.351354 -0.486404
v 0.143764 -0.311339 -0.514684
v 0.122078 -0.275111 -0.540286
v 0.087162 -0.246597 -0.560438
v -0.054526 -0.232174 -0.570631
v -0.096945 -0.252816 -0.556043
v -0.146807 -0.321153 -0.507748
v -0.148848 -0.361443 -0.479274
v -0.134759 -0.400091 -0.451961
v 0.149872 -0.380211 -0.527237
v 0.122078 -0.303968 -0.581119
v 0.087162 -0.275454 -0.601270
v 0.042801 -0.257744 -0.613786
v -0.054526 -0.261031 -0.611463
v -0.128858 -0.312443 -0.575129
v -0.148848 -0.390300 -0.520107
v -0.106066 -0.461767 -0.469600
v -0.065880 -0.485199 -0.453040
v -0.018554 -0.496705 -0.444908
v 0.030782 -0.495039 -0.446086
v 0.076782 -0.480381 -0.456445
v 0.114462 -0.454319 -0.474863
v 0.139739 -0.419678 -0.499345
v 0.143764 -0.340196 -0.555516
v -0.006198 -0.252756 -0.617311
v -0.096945 -0.281673 -0.596875
v -0.146807 -0.350010 -0.548580
v -0.134759 -0.428949 -0.492793
v 0.030782 -0.523896 -0.486918
v 0.114462 -0.483176 -0.515696
v 0.149872 -0.409068 -0.568069
v -0.054526 -0.289888 -0.652295
v -0.106066 -0.490625 -0.510431
v -0.065880 -0.514056 -0.493872
v -0.018554 -0.525563 -0.485740
v 0.076782 -0.509238 -0.497277
v 0.139739 -0.448535 -0.540177
v 0.143764 -0.369054 -0.596348
v 0.122078 -0.332827 -0.621950
v 0.087162 -0.304313 -0.642101
v 0.042801 -0.286602 -0.654618
v -0.006198 -0.281614 -0.658143
v -0.096945 -0.310531 -0.637707
v -0.128858 -0.341302 -0.615960
v -0.146807 -0.378868 -0.589412
v -0.148848 -0.419158 -0.560938
v -0.134759 -0.457806 -0.533625
v -0.065880 -0.542913 -0.534704
v -0.018554 -0.554420 -0.526573
v 0.030782 -0.552753 -0.527750
v 0.114462 -0.512033 -0.556528
v 0.042801 -0.315459 -0.695450
v -0.054526 -0.318746 -0.693127
v -0.134759 -0.486663 -0.574457
v -0.106066 -0.519482 -0.551263
v 0.076782 -0.538096 -0.538109
v 0.139739 -0.477393 -0.581008
v 0.149872 -0.437927 -0.608900
v 0.143764 -0.397912 -0.637179
v 0.122078 -0.361684 -0.662782
v 0.087162 -0.333170 -0.682933
v -0.006198 -0.310472 -0.698974
v -0.096945 -0.339388 -0.678539
v -0.128858 -0.370159 -0.656792
v -0.146807 -0.407725 -0.630244
v -0.148848 -0.448016 -0.601770
v 0.030782 -0.581611 -0.568582
v 0.114462 -0.540891 -0.597359
v 0.122078 -0.390541 -0.703614
v 0.087162 -0.362027 -0.723765
v 0.042801 -0.344316 -0.736282
v -0.006198 -0.339329 -0.739807
v -0.054526 -0.347604 -0.733959
v -0.096945 -0.368245 -0.719371
v -0.146807 -0.436582 -0.671076
v -0.106066 -0.548342 -0.592097
v -0.065880 -0.571774 -0.575538
v -0.018554 -0.583280 -0.567406
v 0.076782 -0.566955 -0.578943
v 0.139739 -0.506252 -0.621841
v 0.149872 -0.466785 -0.649732
v 0.143764 -0.426769 -0.678010
v -0.128858 -0.399016 -0.697623
v -0.148848 -0.476874 -0.642602
v -0.134759 -0.515523 -0.615289
v 0.143764 -0.455625 -0.718843
v 0.122078 -0.419397 -0.744445
v -0.006198 -0.368184 -0.780636
v -0.096945 -0.397101 -0.760201
v -0.146807 -0.465439 -0.711908
v -0.134759 -0.544379 -0.656122
v -0.106067 -0.577197 -0.632928
v -0.065881 -0.600630 -0.616369
v -0.018556 -0.612136 -0.608237
v 0.030781 -0.610470 -0.609414
v 0.076781 -0.595812 -0.619773
v 0.114462 -0.569751 -0.638191
v 0.139738 -0.535110 -0.662672
v 0.149872 -0.495643 -0.690563
v 0.087163 -0.390885 -0.764595
v 0.042802 -0.373174 -0.777112
v -0.054525 -0.376461 -0.774789
v -0.128857 -0.427873 -0.738456
v -0.148848 -0.505730 -0.683434
v 0.030781 -0.639327 -0.650247
v -0.054525 -0.405317 -0.815622
v -0.106067 -0.606055 -0.673760
v -0.065881 -0.629487 -0.657200
v -0.018556 -0.640994 -0.649069
v 0.076781 -0.624670 -0.660605
v 0.114462 -0.598608 -0.679023
v 0.139738 -0.563967 -0.703504
v 0.149872 -0.524500 -0.731395
v 0.143765 -0.484485 -0.759674
v 0.122078 -0.448257 -0.785276
v 0.087163 -0.419743 -0.805427
v 0.042802 -0.402032 -0.817944
v -0.006197 -0.397044 -0.821469
v -0.096944 -0.425960 -0.801034
v -0.128857 -0.456731 -0.779288
v -0.146807 -0.494297 -0.752740
v -0.148848 -0.534588 -0.724266
v -0.134759 -0.573236 -0.696953
v 0.139738 -0.592824 -0.744336
v 0.143765 -0.513342 -0.800506
v -0.054525 -0.434175 -0.856454
v -0.106067 -0.634913 -0.714592
v -0.065881 -0.658345 -0.698032
v -0.018556 -0.669851 -0.689900
v 0.030781 -0.668186 -0.691078
v 0.076781 -0.653527 -0.701437
v 0.114462 -0.627466 -0.719855
v 0.149872 -0.553358 -0.772227
v 0.122078 -0.477115 -0.826108
v 0.087163 -0.448601 -0.846259
v 0.042802 -0.430890 -0.858775
v -0.006197 -0.425901 -0.862301
v -0.096944 -0.454817 -0.841866
v -0.128857 -0.485589 -0.820120
v -0.146807 -0.523155 -0.793571
v -0.148848 -0.563445 -0.765098
v -0.134759 -0.602094 -0.737785
v 0.114462 -0.656322 -0.760687
v 0.149872 -0.582215 -0.813059
v -0.106067 -0.663770 -0.755424
v -0.065881 -0.687202 -0.738864
v -0.018556 -0.698709 -0.730732
v 0.030781 -0.697043 -0.731910
v 0.076781 -0.682385 -0.742269
v 0.139738 -0.621682 -0.785167
v 0.143765 -0.542200 -0.841338
v 0.122078 -0.505973 -0.866940
v 0.087163 -0.477458 -0.887091
v 0.042802 -0.459747 -0.899607
v -0.006197 -0.454759 -0.903133
v -0.054525 -0.463034 -0.897285
v -0.096944 -0.483675 -0.882697
v -0.128857 -0.514446 -0.860951
v -0.146807 -0.552012 -0.834403
v -0.148848 -0.592303 -0.805930
v -0.134759 -0.630952 -0.778617
v -0.106067 -0.692627 -0.796256
v -0.018556 -0.727566 -0.771565
v 0.122078 -0.534829 -0.907772
v -0.096944 -0.512532 -0.923530
v -0.128857 -0.543303 -0.901784
v -0.065881 -0.716060 -0.779696
v 0.030781 -0.725901 -0.772742
v 0.076781 -0.711243 -0.783100
v 0.114462 -0.685181 -0.801518
v 0.139738 -0.650540 -0.825999
v 0.149872 -0.611073 -0.853890
v 0.143765 -0.571058 -0.882169
v 0.087163 -0.506316 -0.927923
v 0.042802 -0.488605 -0.940439
v -0.006197 -0.483616 -0.943964
v -0.054525 -0.491891 -0.938117
v -0.146807 -0.580870 -0.875235
v -0.148848 -0.621160 -0.846762
v -0.134759 -0.659809 -0.819449
v -0.106067 -0.721484 -0.837088
v -0.065881 -0.744917 -0.820529
v -0.018556 -0.756423 -0.812397
v 0.030781 -0.754757 -0.813574
v 0.076781 -0.740099 -0.823933
v 0.114462 -0.714038 -0.842351
v 0.139738 -0.679396 -0.866832
v 0.149872 -0.639930 -0.894723
v 0.143765 -0.599914 -0.923002
v 0.122078 -0.563687 -0.948604
v 0.087163 -0.535172 -0.968755
v 0.042802 -0.517461 -0.981272
v -0.006197 -0.512473 -0.984797
v -0.054525 -0.520748 -0.978949
v -0.096944 -0.541389 -0.964362
v -0.128857 -0.572160 -0.942616
v -0.146807 -0.609726 -0.916068
v -0.148848 -0.650017 -0.887594
v -0.134759 -0.688666 -0.860281
v -0.510365 0.230815 0.106066
v -0.526925 0.207383 0.065879
v -0.533878 0.197544 -0.030783
v -0.523519 0.212202 -0.076783
v -0.505101 0.238264 -0.114463
v -0.480619 0.272905 -0.139739
v -0.452728 0.312372 -0.149872
v -0.424448 0.352387 -0.143764
v -0.398846 0.388614 -0.122077
v -0.362654 0.439826 0.006199
v -0.383090 0.410909 0.096945
v -0.487172 0.263633 0.134758
v -0.567757 0.236240 0.065879
v -0.574711 0.226401 -0.030783
v -0.521452 0.301762 -0.139739
v -0.493560 0.341229 -0.149872
v -0.465281 0.381244 -0.143764
v -0.439678 0.417471 -0.122077
v -0.419527 0.445985 -0.087161
v -0.407011 0.463695 -0.042800
v -0.403486 0.468683 0.006199
v -0.409334 0.460408 0.054527
v -0.423922 0.439766 0.096945
v -0.445669 0.408995 0.128858
v -0.472217 0.371429 0.146808
v -0.551197 0.259673 0.106066
v -0.575888 0.224735 0.018554
v -0.564351 0.241059 -0.076782
v -0.545933 0.267121 -0.114462
v -0.500690 0.331140 0.148848
v -0.528003 0.292491 0.134759
v -0.616720 0.253592 0.018554
v -0.615543 0.255258 -0.030782
v -0.586765 0.295978 -0.114462
v -0.506113 0.410101 -0.143764
v -0.447843 0.492553 -0.042801
v -0.444318 0.497541 0.006198
v -0.486500 0.437853 0.128858
v -0.513049 0.400287 0.146807
v -0.541522 0.359996 0.148848
v -0.568836 0.321348 0.134759
v -0.592030 0.288531 0.106066
v -0.608590 0.265100 0.065880
v -0.605185 0.269918 -0.076782
v -0.562284 0.330620 -0.139739
v -0.534392 0.370086 -0.149872
v -0.480509 0.446328 -0.122078
v -0.460358 0.474841 -0.087162
v -0.450164 0.489265 0.054526
v -0.464752 0.468623 0.096945
v -0.575224 0.398943 -0.149872
v -0.546944 0.438958 -0.143764
v -0.521341 0.475185 -0.122078
v -0.501190 0.503699 -0.087162
v -0.488673 0.521409 -0.042801
v -0.485148 0.526397 0.006198
v -0.505584 0.497481 0.096945
v -0.527331 0.466710 0.128858
v -0.582354 0.388855 0.148848
v -0.632859 0.317388 0.106066
v -0.649418 0.293955 0.065880
v -0.657550 0.282449 0.018554
v -0.656372 0.284115 -0.030782
v -0.646013 0.298774 -0.076782
v -0.627595 0.324836 -0.114462
v -0.603114 0.359477 -0.139739
v -0.490999 0.518125 0.054526
v -0.553880 0.429146 0.146807
v -0.609666 0.350206 0.134759
v -0.673692 0.346244 0.106066
v -0.690251 0.322812 0.065880
v -0.698382 0.311305 0.018554
v -0.697205 0.312972 -0.030782
v -0.686846 0.327630 -0.076782
v -0.668428 0.353692 -0.114462
v -0.616056 0.427800 -0.149872
v -0.562176 0.504044 -0.122078
v -0.542025 0.532558 -0.087162
v -0.529509 0.550269 -0.042801
v -0.525984 0.555257 0.006198
v -0.568165 0.495568 0.128858
v -0.594713 0.458002 0.146807
v -0.623186 0.417711 0.148848
v -0.650499 0.379062 0.134759
v -0.643946 0.388335 -0.139739
v -0.587777 0.467817 -0.143764
v -0.531831 0.546983 0.054526
v -0.546418 0.526341 0.096945
v -0.714523 0.375101 0.106066
v -0.731083 0.351669 0.065880
v -0.739214 0.340163 0.018554
v -0.738037 0.341829 -0.030782
v -0.727678 0.356488 -0.076782
v -0.684779 0.417191 -0.139739
v -0.656888 0.456658 -0.149872
v -0.603008 0.532901 -0.122078
v -0.570341 0.579126 -0.042801
v -0.587251 0.555197 0.096945
v -0.608997 0.524426 0.128858
v -0.664018 0.446569 0.148848
v -0.691331 0.407920 0.134759
v -0.709260 0.382552 -0.114462
v -0.628608 0.496674 -0.143764
v -0.582854 0.561416 -0.087162
v -0.566813 0.584114 0.006198
v -0.572661 0.575839 0.054526
v -0.635544 0.486860 0.146807
v -0.643838 0.561758 -0.122078
v -0.623687 0.590272 -0.087162
v -0.611170 0.607983 -0.042801
v -0.607645 0.612971 0.006198
v -0.613494 0.604696 0.054526
v -0.628081 0.584054 0.096945
v -0.649828 0.553283 0.128858
v -0.676376 0.515717 0.146807
v -0.704850 0.475427 0.148848
v -0.755354 0.403961 0.106067
v -0.771913 0.380529 0.065881
v -0.780045 0.369022 0.018556
v -0.778868 0.370688 -0.030781
v -0.768509 0.385346 -0.076781
v -0.750091 0.411408 -0.114462
v -0.725611 0.446049 -0.139738
v -0.697720 0.485516 -0.149872
v -0.669441 0.525531 -0.143765
v -0.732161 0.436780 0.134759
v -0.796187 0.432817 0.106067
v -0.812746 0.409385 0.065881
v -0.820878 0.397878 0.018556
v -0.819700 0.399544 -0.030781
v -0.809342 0.414202 -0.076781
v -0.790924 0.440264 -0.114462
v -0.766443 0.474905 -0.139738
v -0.738552 0.514372 -0.149872
v -0.710274 0.554388 -0.143765
v -0.664521 0.619130 -0.087163
v -0.652005 0.636841 -0.042802
v -0.648479 0.641829 0.006197
v -0.654327 0.633555 0.054525
v -0.668914 0.612913 0.096944
v -0.717208 0.544576 0.146807
v -0.745681 0.504285 0.148848
v -0.772994 0.465636 0.134759
v -0.684671 0.590617 -0.122078
v -0.690659 0.582143 0.128857
v -0.837019 0.461675 0.106067
v -0.853578 0.438242 0.065881
v -0.861710 0.426736 0.018556
v -0.860532 0.428402 -0.030781
v -0.850174 0.443060 -0.076781
v -0.831756 0.469122 -0.114462
v -0.807275 0.503763 -0.139738
v -0.779384 0.543230 -0.149872
v -0.751106 0.583245 -0.143765
v -0.705353 0.647988 -0.087163
v -0.692836 0.665699 -0.042802
v -0.689311 0.670687 0.006197
v -0.695159 0.662412 0.054525
v -0.709746 0.641771 0.096944
v -0.731492 0.611000 0.128857
v -0.758040 0.573433 0.146807
v -0.786513 0.533142 0.148848
v -0.813826 0.494494 0.134759
v -0.725503 0.619475 -0.122078
v -0.894410 0.467100 0.065881
v -0.902542 0.455593 0.018556
v -0.901364 0.457259 -0.030781
v -0.891005 0.471917 -0.076781
v -0.872588 0.497979 -0.114462
v -0.848107 0.532620 -0.139738
v -0.820216 0.572087 -0.149872
v -0.791937 0.612103 -0.143765
v -0.746185 0.676845 -0.087163
v -0.733668 0.694556 -0.042802
v -0.730143 0.699545 0.006197
v -0.735991 0.691270 0.054525
v -0.772324 0.639857 0.128857
v -0.827345 0.562000 0.148848
v -0.877850 0.490534 0.106067
v -0.766335 0.648332 -0.122078
v -0.750577 0.670630 0.096944
v -0.798871 0.602292 0.146807
v -0.854657 0.523353 0.134759
v -0.943373 0.484451 0.018556
v -0.942196 0.486117 -0.030781
v -0.913420 0.526837 -0.114462
v -0.888939 0.561478 -0.139738
v -0.861048 0.600945 -0.149872
v -0.832769 0.640960 -0.143765
v -0.807167 0.677188 -0.122078
v -0.787016 0.705703 -0.087163
v -0.774500 0.723414 -0.042802
v -0.776823 0.720127 0.054525
v -0.791410 0.699486 0.096944
v -0.813156 0.668715 0.128857
v -0.839704 0.631148 0.146807
v -0.868177 0.590858 0.148848
v -0.895490 0.552209 0.134759
v -0.918681 0.519391 0.106067
v -0.935241 0.495959 0.065881
v -0.931836 0.500776 -0.076781
v -0.770974 0.728404 0.006197
v -0.959514 0.548248 0.106067
v -0.976074 0.524815 0.065881
v -0.984205 0.513308 0.018556
v -0.983028 0.514974 -0.030781
v -0.972669 0.529633 -0.076781
v -0.954252 0.555694 -0.114462
v -0.929771 0.590336 -0.139738
v -0.901880 0.629802 -0.149872
v -0.873601 0.669818 -0.143765
v -0.847999 0.706046 -0.122078
v -0.827848 0.734560 -0.087163
v -0.815332 0.752272 -0.042802
v -0.811807 0.757260 0.006197
v -0.817655 0.748985 0.054525
v -0.832242 0.728344 0.096944
v -0.853988 0.697572 0.128857
v -0.880535 0.660006 0.146807
v -0.909009 0.619715 0.148848
v -0.936321 0.581066 0.134759
v 0.510365 0.230815 -0.106066
v 0.526925 0.207383 -0.065879
v 0.535056 0.195877 -0.018553
v 0.533878 0.197544 0.030783
v 0.523519 0.212202 0.076783
v 0.505101 0.238264 0.114463
v 0.452728 0.312372 0.149872
v 0.404836 0.380138 -0.128858
v 0.459859 0.302281 -0.148848
v 0.487172 0.263633 -0.134758
v 0.551197 0.259672 -0.106066
v 0.567757 0.236240 -0.065879
v 0.575888 0.224734 -0.018554
v 0.574711 0.226401 0.030783
v 0.564351 0.241059 0.076783
v 0.545933 0.267121 0.114463
v 0.493560 0.341229 0.149872
v 0.445669 0.408995 -0.128858
v 0.472217 0.371429 -0.146808
v 0.500691 0.331138 -0.148848
v 0.528004 0.292490 -0.134758
v 0.521451 0.301762 0.139739
v 0.465281 0.381244 0.143764
v 0.439678 0.417471 0.122078
v 0.419527 0.445985 0.087162
v 0.407011 0.463696 0.042801
v 0.403486 0.468684 -0.006198
v 0.409334 0.460409 -0.054526
v 0.423921 0.439767 -0.096945
v 0.592029 0.288530 -0.106066
v 0.608589 0.265098 -0.065880
v 0.616720 0.253592 -0.018554
v 0.615543 0.255258 0.030782
v 0.605183 0.269916 0.076782
v 0.586765 0.295978 0.114462
v 0.562284 0.330619 0.139739
v 0.534392 0.370086 0.149872
v 0.480511 0.446328 0.122078
v 0.513049 0.400287 -0.146807
v 0.541522 0.359996 -0.148848
v 0.506112 0.410101 0.143764
v 0.460358 0.474841 0.087162
v 0.447841 0.492552 0.042801
v 0.444316 0.497540 -0.006198
v 0.450164 0.489265 -0.054526
v 0.464752 0.468623 -0.096945
v 0.486499 0.437853 -0.128858
v 0.568836 0.321349 -0.134759
v 0.546944 0.438958 0.143764
v 0.501190 0.503699 0.087162
v 0.488673 0.521409 0.042801
v 0.485148 0.526397 -0.006198
v 0.490996 0.518122 -0.054526
v 0.505584 0.497481 -0.096945
v 0.527331 0.466710 -0.128858
v 0.553880 0.429144 -0.146807
v 0.609668 0.350207 -0.134759
v 0.632859 0.317388 -0.106066
v 0.649418 0.293955 -0.065880
v 0.657550 0.282449 -0.018554
v 0.656372 0.284115 0.030782
v 0.646013 0.298774 0.076782
v 0.627595 0.324836 0.114462
v 0.603114 0.359477 0.139739
v 0.575223 0.398944 0.149872
v 0.521343 0.475187 0.122078
v 0.582353 0.388855 -0.148848
v 0.673692 0.346244 -0.106066
v 0.690251 0.322812 -0.065880
v 0.698382 0.311305 -0.018554
v 0.697205 0.312972 0.030782
v 0.643947 0.388333 0.139739
v 0.616056 0.427800 0.149872
v 0.587778 0.467816 0.143764
v 0.529509 0.550269 0.042801
v 0.531832 0.546982 -0.054526
v 0.546419 0.526340 -0.096945
v 0.594713 0.458002 -0.146807
v 0.623186 0.417711 -0.148848
v 0.650499 0.379062 -0.134759
v 0.686845 0.327631 0.076782
v 0.668427 0.353693 0.114462
v 0.562175 0.504045 0.122078
v 0.542024 0.532559 0.087162
v 0.525983 0.555258 -0.006198
v 0.568164 0.495570 -0.128858
v 0.714523 0.375101 -0.106066
v 0.731083 0.351669 -0.065880
v 0.739214 0.340163 -0.018554
v 0.738037 0.341829 0.030782
v 0.727678 0.356488 0.076782
v 0.709260 0.382550 0.114462
v 0.684779 0.417191 0.139739
v 0.656888 0.456658 0.149872
v 0.628609 0.496673 0.143764
v 0.608997 0.524426 -0.128858
v 0.635545 0.486860 -0.146807
v 0.664018 0.446569 -0.148848
v 0.691331 0.407920 -0.134759
v 0.603006 0.532902 0.122078
v 0.582854 0.561416 0.087162
v 0.570338 0.579126 0.042801
v 0.566813 0.584114 -0.006198
v 0.572661 0.575839 -0.054526
v 0.587249 0.555197 -0.096945
v 0.755356 0.403960 -0.106066
v 0.771916 0.380528 -0.065880
v 0.780048 0.369022 -0.018554
v 0.778870 0.370688 0.030782
v 0.697720 0.485516 0.149872
v 0.669441 0.525531 0.143764
v 0.643838 0.561758 0.122078
v 0.611171 0.607983 0.042801
v 0.607645 0.612971 -0.006198
v 0.613494 0.604696 -0.054526
v 0.628081 0.584054 -0.096945
v 0.704850 0.475427 -0.148848
v 0.732163 0.436778 -0.134759
v 0.768509 0.385346 0.076781
v 0.750091 0.411408 0.114462
v 0.725610 0.446049 0.139738
v 0.623688 0.590274 0.087163
v 0.649827 0.553286 -0.128857
v 0.676375 0.515719 -0.146807
v 0.796187 0.432817 -0.106067
v 0.812746 0.409385 -0.065881
v 0.820878 0.397878 -0.018556
v 0.819700 0.399544 0.030781
v 0.809342 0.414202 0.076781
v 0.790924 0.440264 0.114462
v 0.766443 0.474905 0.139738
v 0.738552 0.514372 0.149872
v 0.710274 0.554388 0.143765
v 0.684672 0.590616 0.122078
v 0.664521 0.619130 0.087163
v 0.652004 0.636841 0.042802
v 0.648479 0.641830 -0.006197
v 0.654327 0.633555 -0.054525
v 0.668914 0.612913 -0.096944
v 0.690660 0.582142 -0.128857
v 0.745681 0.504285 -0.148848
v 0.772994 0.465636 -0.134759
v 0.717207 0.544577 -0.146807
v 0.853578 0.438242 -0.065881
v 0.861710 0.426736 -0.018556
v 0.831756 0.469122 0.114462
v 0.779384 0.543230 0.149872
v 0.751106 0.583245 0.143765
v 0.725504 0.619473 0.122078
v 0.692836 0.665699 0.042802
v 0.689311 0.670687 -0.006197
v 0.695159 0.662412 -0.054525
v 0.709746 0.641771 -0.096944
v 0.731492 0.611000 -0.128857
v 0.758040 0.573433 -0.146807
v 0.786513 0.533142 -0.148848
v 0.813826 0.494494 -0.134759
v 0.837018 0.461676 -0.106067
v 0.860531 0.428403 0.030781
v 0.850173 0.443061 0.076781
v 0.807274 0.503764 0.139738
v 0.705352 0.647989 0.087163
v 0.902542 0.455593 -0.018556
v 0.891005 0.471917 0.076781
v 0.848107 0.532620 0.139738
v 0.746184 0.676845 0.087163
v 0.730143 0.699545 -0.006197
v 0.735991 0.691270 -0.054525
v 0.798872 0.602291 -0.146807
v 0.827345 0.562000 -0.148848
v 0.854658 0.523351 -0.134759
v 0.877850 0.490534 -0.106067
v 0.894409 0.467101 -0.065881
v 0.901363 0.457261 0.030781
v 0.872587 0.497981 0.114462
v 0.820215 0.572089 0.149872
v 0.791937 0.612104 0.143765
v 0.766335 0.648332 0.122078
v 0.733667 0.694558 0.042802
v 0.750577 0.670630 -0.096944
v 0.772323 0.639859 -0.128857
v 0.918682 0.519390 -0.106067
v 0.935242 0.495958 -0.065881
v 0.943373 0.484451 -0.018556
v 0.942196 0.486117 0.030781
v 0.931837 0.500775 0.076781
v 0.888939 0.561478 0.139738
v 0.861048 0.600945 0.149872
v 0.832769 0.640960 0.143765
v 0.807167 0.677188 0.122078
v 0.787016 0.705703 0.087163
v 0.774500 0.723414 0.042802
v 0.770975 0.728402 -0.006197
v 0.776823 0.720127 -0.054525
v 0.791410 0.699486 -0.096944
v 0.813156 0.668715 -0.128857
v 0.839704 0.631148 -0.146807
v 0.868177 0.590858 -0.148848
v 0.895490 0.552209 -0.134759
v 0.913419 0.526838 0.114462
v 0.959514 0.548248 -0.106067
v 0.976074 0.524815 -0.065881
v 0.984205 0.513309 -0.018556
v 0.983028 0.514974 0.030781
v 0.972669 0.529633 0.076781
v 0.954252 0.555694 0.114462
v 0.929771 0.590336 0.139738
v 0.901880 0.629802 0.149872
v 0.873601 0.669818 0.143765
v 0.847999 0.706046 0.122078
v 0.827848 0.734560 0.087163
v 0.815332 0.752272 0.042802
v 0.811807 0.757260 -0.006197
v 0.817655 0.748985 -0.054525
v 0.832242 0.728344 -0.096944
v 0.853987 0.697572 -0.128857
v 0.880535 0.660006 -0.146807
v 0.909008 0.619715 -0.148848
v 0.936321 0.581066 -0.134759
vn -0.0000 0.4701 -0.8826
vn -0.0000 0.5542 -0.8324
vn 0.1624 0.5542 -0.8164
vn 0.1722 0.4701 -0.8656
vn -0.0000 -0.7715 -0.6362
vn -0.0000 -0.7056 -0.7086
vn 0.1382 -0.7056 -0.6950
vn 0.1241 -0.7715 -0.6240
vn -0.0000 0.3816 -0.9243
vn 0.1803 0.3816 -0.9066
vn -0.0000 -0.8301 -0.5577
vn 0.1088 -0.8301 -0.5470
vn -0.0000 0.2894 -0.9572
vn 0.1867 0.2894 -0.9388
vn -0.0000 -0.8806 -0.4738
vn 0.0924 -0.8806 -0.4647
vn -0.0000 0.1945 -0.9809
vn 0.1914 0.1945 -0.9621
vn -0.0000 0.9949 -0.1010
vn -0.0000 1.0000 -0.0000
vn 0.0197 0.9949 -0.0991
vn -0.0000 -0.9228 -0.3853
vn 0.0752 -0.9228 -0.3779
vn -0.0000 0.0977 -0.9952
vn 0.1942 0.0977 -0.9761
vn -0.0000 0.9802 -0.1980
vn 0.0386 0.9802 -0.1942
vn -0.0000 -0.9561 -0.2931
vn 0.0572 -0.9561 -0.2875
vn -0.0000 -0.0000 -1.0000
vn 0.1951 -0.0000 -0.9808
vn -0.0000 0.9561 -0.2931
vn 0.0572 0.9561 -0.2875
vn -0.0000 -0.9802 -0.1980
vn 0.0386 -0.9802 -0.1942
vn -0.0000 -0.0977 -0.9952
vn 0.1942 -0.0977 -0.9761
vn -0.0000 0.9228 -0.3853
vn 0.0752 0.9228 -0.3779
vn -0.0000 -0.9949 -0.1010
vn 0.0197 -0.9949 -0.0991
vn -0.0000 -0.1945 -0.9809
vn 0.1914 -0.1945 -0.9621
vn -0.0000 0.8806 -0.4738
vn 0.0924 0.8806 -0.4647
vn -0.0000 -1.0000 -0.0000
vn -0.0000 -0.2894 -0.9572
vn 0.1867 -0.2894 -0.9388
vn -0.0000 0.8301 -0.5577
vn 0.1088 0.8301 -0.5470
vn -0.0000 -0.3816 -0.9243
vn 0.1803 -0.3816 -0.9066
vn -0.0000 0.7715 -0.6362
vn 0.1241 0.7715 -0.6240
vn -0.0000 -0.4701 -0.8826
vn 0.1722 -0.4701 -0.8656
vn -0.0000 0.7056 -0.7086
vn 0.1382 0.7056 -0.6950
vn -0.0000 -0.5542 -0.8324
vn 0.1624 -0.5542 -0.8164
vn -0.0000 0.6329 -0.7742
vn 0.1510 0.6329 -0.7594
vn -0.0000 -0.6329 -0.7742
vn 0.1510 -0.6329 -0.7594
vn 0.3754 -0.1945 -0.9062
vn 0.3663 -0.2894 -0.8843
vn 0.1813 0.8806 -0.4377
vn 0.2134 0.8301 -0.5152
vn 0.3537 -0.3816 -0.8540
vn 0.2435 0.7715 -0.5878
vn 0.3378 -0.4701 -0.8154
vn 0.2712 0.7056 -0.6547
vn 0.3186 -0.5542 -0.7690
vn 0.2963 0.6329 -0.7153
vn 0.2963 -0.6329 -0.7153
vn 0.3186 0.5542 -0.7690
vn 0.2712 -0.7056 -0.6547
vn 0.3378 0.4701 -0.8154
vn 0.2435 -0.7715 -0.5878
vn 0.3537 0.3816 -0.8540
vn 0.2134 -0.8301 -0.5152
vn 0.3663 0.2894 -0.8843
vn 0.1813 -0.8806 -0.4377
vn 0.3754 0.1945 -0.9062
vn 0.0387 0.9949 -0.0934
vn 0.1474 -0.9228 -0.3560
vn 0.3809 0.0977 -0.9195
vn 0.0758 0.9802 -0.1830
vn 0.1122 -0.9561 -0.2708
vn 0.3827 -0.0000 -0.9239
vn 0.1122 0.9561 -0.2708
vn 0.0758 -0.9802 -0.1830
vn 0.3809 -0.0977 -0.9195
vn 0.1474 0.9228 -0.3560
vn 0.0387 -0.9949 -0.0934
vn 0.5135 -0.3816 -0.7685
vn 0.4903 -0.4701 -0.7339
vn 0.3535 0.7715 -0.5290
vn 0.3937 0.7056 -0.5892
vn 0.4625 -0.5542 -0.6921
vn 0.4301 0.6329 -0.6438
vn 0.4301 -0.6329 -0.6438
vn 0.4625 0.5542 -0.6921
vn 0.3937 -0.7056 -0.5892
vn 0.4903 0.4701 -0.7339
vn 0.3535 -0.7715 -0.5290
vn 0.5135 0.3816 -0.7685
vn 0.3098 -0.8301 -0.4637
vn 0.5318 0.2894 -0.7959
vn 0.2632 -0.8806 -0.3939
vn 0.5450 0.1945 -0.8156
vn 0.0561 0.9949 -0.0840
vn 0.2141 -0.9228 -0.3204
vn 0.5529 0.0977 -0.8275
vn 0.1100 0.9802 -0.1647
vn 0.1628 -0.9561 -0.2437
vn 0.5556 -0.0000 -0.8315
vn 0.1628 0.9561 -0.2437
vn 0.1100 -0.9802 -0.1647
vn 0.5529 -0.0977 -0.8275
vn 0.2141 0.9228 -0.3204
vn 0.0561 -0.9949 -0.0840
vn 0.5450 -0.1945 -0.8156
vn 0.2632 0.8806 -0.3939
vn 0.5318 -0.2894 -0.7959
vn 0.3098 0.8301 -0.4637
vn 0.5886 -0.5542 -0.5886
vn 0.5475 -0.6329 -0.5475
vn 0.5475 0.6329 -0.5475
vn 0.5886 0.5542 -0.5886
vn 0.5011 -0.7056 -0.5011
vn 0.6241 0.4701 -0.6241
vn 0.4499 -0.7715 -0.4499
vn 0.6536 0.3816 -0.6536
vn 0.3943 -0.8301 -0.3943
vn 0.6768 0.2894 -0.6768
vn 0.3350 -0.8806 -0.3350
vn 0.6936 0.1945 -0.6936
vn 0.0715 0.9949 -0.0715
vn 0.2724 -0.9228 -0.2724
vn 0.7037 0.0977 -0.7037
vn 0.1400 0.9802 -0.1400
vn 0.2072 -0.9561 -0.2072
vn 0.7071 -0.0000 -0.7071
vn 0.2072 0.9561 -0.2072
vn 0.1400 -0.9802 -0.1400
vn 0.7037 -0.0977 -0.7037
vn 0.2724 0.9228 -0.2724
vn 0.0715 -0.9949 -0.0715
vn 0.6936 -0.1945 -0.6936
vn 0.3350 0.8806 -0.3350
vn 0.6768 -0.2894 -0.6768
vn 0.3943 0.8301 -0.3943
vn 0.6536 -0.3816 -0.6536
vn 0.4499 0.7715 -0.4499
vn 0.6241 -0.4701 -0.6241
vn 0.5011 0.7056 -0.5011
vn 0.5892 -0.7056 -0.3937
vn 0.5290 -0.7715 -0.3535
vn 0.7339 0.4701 -0.4903
vn 0.7685 0.3816 -0.5135
vn 0.4637 -0.8301 -0.3098
vn 0.7959 0.2894 -0.5318
vn 0.3939 -0.8806 -0.2632
vn 0.8156 0.1945 -0.5450
vn 0.0840 0.9949 -0.0561
vn 0.3204 -0.9228 -0.2141
vn 0.8275 0.0977 -0.5529
vn 0.1647 0.9802 -0.1100
vn 0.2437 -0.9561 -0.1628
vn 0.8315 -0.0000 -0.5556
vn 0.2437 0.9561 -0.1628
vn 0.1647 -0.9802 -0.1100
vn 0.8275 -0.0977 -0.5529
vn 0.3204 0.9228 -0.2141
vn 0.0840 -0.9949 -0.0561
vn 0.8156 -0.1945 -0.5450
vn 0.3939 0.8806 -0.2632
vn 0.7959 -0.2894 -0.5318
vn 0.4637 0.8301 -0.3098
vn 0.7685 -0.3816 -0.5135
vn 0.5290 0.7715 -0.3535
vn 0.7339 -0.4701 -0.4903
vn 0.5892 0.7056 -0.3937
vn 0.6921 -0.5542 -0.4625
vn 0.6438 0.6329 -0.4301
vn 0.6438 -0.6329 -0.4301
vn 0.6921 0.5542 -0.4625
vn 0.5152 -0.8301 -0.2134
vn 0.4377 -0.8806 -0.1813
vn 0.8843 0.2894 -0.3663
vn 0.9062 0.1945 -0.3754
vn 0.0934 0.9949 -0.0387
vn 0.3560 -0.9228 -0.1474
vn 0.9195 0.0977 -0.3809
vn 0.1830 0.9802 -0.0758
vn 0.2708 -0.9561 -0.1122
vn 0.9239 -0.0000 -0.3827
vn 0.2708 0.9561 -0.1122
vn 0.1830 -0.9802 -0.0758
vn 0.9195 -0.0977 -0.3809
vn 0.3560 0.9228 -0.1474
vn 0.0934 -0.9949 -0.0387
vn 0.9062 -0.1945 -0.3754
vn 0.4377 0.8806 -0.1813
vn 0.8843 -0.2894 -0.3663
vn 0.5152 0.8301 -0.2134
vn 0.8540 -0.3816 -0.3537
vn 0.5878 0.7715 -0.2435
vn 0.8154 -0.4701 -0.3378
vn 0.6547 0.7056 -0.2712
vn 0.7690 -0.5542 -0.3186
vn 0.7153 0.6329 -0.2963
vn 0.7153 -0.6329 -0.2963
vn 0.7690 0.5542 -0.3186
vn 0.6547 -0.7056 -0.2712
vn 0.8154 0.4701 -0.3378
vn 0.5878 -0.7715 -0.2435
vn 0.8540 0.3816 -0.3537
vn 0.3779 -0.9228 -0.0752
vn 0.2875 -0.9561 -0.0572
vn 0.9761 0.0977 -0.1942
vn 0.9808 -0.0000 -0.1951
vn 0.1942 0.9802 -0.0386
vn 0.2875 0.9561 -0.0572
vn 0.1942 -0.9802 -0.0386
vn 0.9761 -0.0977 -0.1942
vn 0.3779 0.9228 -0.0752
vn 0.0991 -0.9949 -0.0197
vn 0.9621 -0.1945 -0.1914
vn 0.4647 0.8806 -0.0924
vn 0.9388 -0.2894 -0.1867
vn 0.5470 0.8301 -0.1088
vn 0.9066 -0.3816 -0.1803
vn 0.6240 0.7715 -0.1241
vn 0.8656 -0.4701 -0.1722
vn 0.6950 0.7056 -0.1382
vn 0.8164 -0.5542 -0.1624
vn 0.7594 0.6329 -0.1510
vn 0.7594 -0.6329 -0.1510
vn 0.8164 0.5542 -0.1624
vn 0.6950 -0.7056 -0.1382
vn 0.8656 0.4701 -0.1722
vn 0.6240 -0.7715 -0.1241
vn 0.9066 0.3816 -0.1803
vn 0.5470 -0.8301 -0.1088
vn 0.9388 0.2894 -0.1867
vn 0.4647 -0.8806 -0.0924
vn 0.9621 0.1945 -0.1914
vn 0.0991 0.9949 -0.0197
vn 0.1980 -0.9802 -0.0000
vn 0.1010 -0.9949 -0.0000
vn 0.9952 -0.0977 -0.0000
vn 0.9809 -0.1945 -0.0000
vn 0.3853 0.9228 -0.0000
vn 0.4738 0.8806 -0.0000
vn 0.9572 -0.2894 -0.0000
vn 0.5577 0.8301 -0.0000
vn 0.9243 -0.3816 -0.0000
vn 0.6362 0.7715 -0.0000
vn 0.8826 -0.4701 -0.0000
vn 0.7086 0.7056 -0.0000
vn 0.8324 -0.5542 -0.0000
vn 0.7742 0.6329 -0.0000
vn 0.7742 -0.6329 -0.0000
vn 0.8324 0.5542 -0.0000
vn 0.7086 -0.7056 -0.0000
vn 0.8826 0.4701 -0.0000
vn 0.6362 -0.7715 -0.0000
vn 0.9243 0.3816 -0.0000
vn 0.5577 -0.8301 -0.0000
vn 0.9572 0.2894 -0.0000
vn 0.4738 -0.8806 -0.0000
vn 0.9809 0.1945 -0.0000
vn 0.1010 0.9949 -0.0000
vn 0.3853 -0.9228 -0.0000
vn 0.9952 0.0977 -0.0000
vn 0.1980 0.9802 -0.0000
vn 0.2931 -0.9561 -0.0000
vn 1.0000 -0.0000 -0.0000
vn 0.2931 0.9561 -0.0000
vn 0.9388 -0.2894 0.1867
vn 0.9066 -0.3816 0.1803
vn 0.5470 0.8301 0.1088
vn 0.6240 0.7715 0.1241
vn 0.8656 -0.4701 0.1722
vn 0.6950 0.7056 0.1382
vn 0.8164 -0.5542 0.1624
vn 0.7594 0.6329 0.1510
vn 0.7594 -0.6329 0.1510
vn 0.8164 0.5542 0.1624
vn 0.6950 -0.7056 0.1382
vn 0.8656 0.4701 0.1722
vn 0.6240 -0.7715 0.1241
vn 0.9066 0.3816 0.1803
vn 0.5470 -0.8301 0.1088
vn 0.9388 0.2894 0.1867
vn 0.4647 -0.8806 0.0924
vn 0.9621 0.1945 0.1914
vn 0.0991 0.9949 0.0197
vn 0.3779 -0.9228 0.0752
vn 0.9761 0.0977 0.1942
vn 0.1942 0.9802 0.0386
vn 0.2875 -0.9561 0.0572
vn 0.9808 -0.0000 0.1951
vn 0.2875 0.9561 0.0572
vn 0.1942 -0.9802 0.0386
vn 0.9761 -0.0977 0.1942
vn 0.3779 0.9228 0.0752
vn 0.0991 -0.9949 0.0197
vn 0.9621 -0.1945 0.1914
vn 0.4647 0.8806 0.0924
vn 0.8154 -0.4701 0.3378
vn 0.7690 -0.5542 0.3186
vn 0.6547 0.7056 0.2712
vn 0.7153 0.6329 0.2963
vn 0.7153 -0.6329 0.2963
vn 0.7690 0.5542 0.3186
vn 0.6547 -0.7056 0.2712
vn 0.8154 0.4701 0.3378
vn 0.5878 -0.7715 0.2435
vn 0.8540 0.3816 0.3537
vn 0.5152 -0.8301 0.2134
vn 0.8843 0.2894 0.3663
vn 0.4377 -0.8806 0.1813
vn 0.9062 0.1945 0.3754
vn 0.0934 0.9949 0.0387
vn 0.3560 -0.9228 0.1474
vn 0.9195 0.0977 0.3809
vn 0.1830 0.9802 0.0758
vn 0.2708 -0.9561 0.1122
vn 0.9239 -0.0000 0.3827
vn 0.2708 0.9561 0.1122
vn 0.1830 -0.9802 0.0758
vn 0.9195 -0.0977 0.3809
vn 0.3560 0.9228 0.1474
vn 0.0934 -0.9949 0.0387
vn 0.9062 -0.1945 0.3754
vn 0.4377 0.8806 0.1813
vn 0.8843 -0.2894 0.3663
vn 0.5152 0.8301 0.2134
vn 0.8540 -0.3816 0.3537
vn 0.5878 0.7715 0.2435
vn 0.6438 -0.6329 0.4301
vn 0.5892 -0.7056 0.3937
vn 0.6921 0.5542 0.4625
vn 0.7339 0.4701 0.4903
vn 0.5290 -0.7715 0.3535
vn 0.7685 0.3816 0.5135
vn 0.4637 -0.8301 0.3098
vn 0.7959 0.2894 0.5318
vn 0.3939 -0.8806 0.2632
vn 0.8156 0.1945 0.5450
vn 0.0840 0.9949 0.0561
vn 0.3204 -0.9228 0.2141
vn 0.8275 0.0977 0.5529
vn 0.1647 0.9802 0.1100
vn 0.2437 -0.9561 0.1628
vn 0.8315 -0.0000 0.5556
vn 0.2437 0.9561 0.1628
vn 0.1647 -0.9802 0.1100
vn 0.8275 -0.0977 0.5529
vn 0.3204 0.9228 0.2141
vn 0.0840 -0.9949 0.0561
vn 0.8156 -0.1945 0.5450
vn 0.3939 0.8806 0.2632
vn 0.7959 -0.2894 0.5318
vn 0.4637 0.8301 0.3098
vn 0.7685 -0.3816 0.5135
vn 0.5290 0.7715 0.3535
vn 0.7339 -0.4701 0.4903
vn 0.5892 0.7056 0.3937
vn 0.6921 -0.5542 0.4625
vn 0.6438 0.6329 0.4301
vn 0.4499 -0.7715 0.4499
vn 0.3943 -0.8301 0.3943
vn 0.6536 0.3816 0.6536
vn 0.6768 0.2894 0.6768
vn 0.3350 -0.8806 0.3350
vn 0.6936 0.1945 0.6936
vn 0.0715 0.9949 0.0715
vn 0.2724 -0.9228 0.2724
vn 0.7037 0.0977 0.7037
vn 0.1400 0.9802 0.1400
vn 0.2072 -0.9561 0.2072
vn 0.7071 -0.0000 0.7071
vn 0.2072 0.9561 0.2072
vn 0.1400 -0.9802 0.1400
vn 0.7037 -0.0977 0.7037
vn 0.2724 0.9228 0.2724
vn 0.0715 -0.9949 0.0715
vn 0.6936 -0.1945 0.6936
vn 0.3350 0.8806 0.3350
vn 0.6768 -0.2894 0.6768
vn 0.3943 0.8301 0.3943
vn 0.6536 -0.3816 0.6536
vn 0.4499 0.7715 0.4499
vn 0.6241 -0.4701 0.6241
vn 0.5011 0.7056 0.5011
vn 0.5886 -0.5542 0.5886
vn 0.5475 0.6329 0.5475
vn 0.5475 -0.6329 0.5475
vn 0.5886 0.5542 0.5886
vn 0.5011 -0.7056 0.5011
vn 0.6241 0.4701 0.6241
vn 0.0561 0.9949 0.0840
vn 0.2632 -0.8806 0.3939
vn 0.2141 -0.9228 0.3204
vn 0.5450 0.1945 0.8156
vn 0.5529 0.0977 0.8275
vn 0.1100 0.9802 0.1647
vn 0.1628 -0.9561 0.2437
vn 0.5556 -0.0000 0.8315
vn 0.1628 0.9561 0.2437
vn 0.1100 -0.9802 0.1647
vn 0.5529 -0.0977 0.8275
vn 0.2141 0.9228 0.3204
vn 0.0561 -0.9949 0.0840
vn 0.5450 -0.1945 0.8156
vn 0.2632 0.8806 0.3939
vn 0.5318 -0.2894 0.7959
vn 0.3098 0.8301 0.4637
vn 0.5135 -0.3816 0.7685
vn 0.3535 0.7715 0.5290
vn 0.4903 -0.4701 0.7339
vn 0.3937 0.7056 0.5892
vn 0.4625 -0.5542 0.6921
vn 0.4301 0.6329 0.6438
vn 0.4301 -0.6329 0.6438
vn 0.4625 0.5542 0.6921
vn 0.3937 -0.7056 0.5892
vn 0.4903 0.4701 0.7339
vn 0.3535 -0.7715 0.5290
vn 0.5135 0.3816 0.7685
vn 0.3098 -0.8301 0.4637
vn 0.5318 0.2894 0.7959
vn 0.0758 0.9802 0.1830
vn 0.1122 0.9561 0.2708
vn 0.1122 -0.9561 0.2708
vn 0.0758 -0.9802 0.1830
vn 0.3827 -0.0000 0.9239
vn 0.3809 -0.0977 0.9195
vn 0.1474 0.9228 0.3560
vn 0.0387 -0.9949 0.0934
vn 0.3754 -0.1945 0.9062
vn 0.1813 0.8806 0.4377
vn 0.3663 -0.2894 0.8843
vn 0.2134 0.8301 0.5152
vn 0.3537 -0.3816 0.8540
vn 0.2435 0.7715 0.5878
vn 0.3378 -0.4701 0.8154
vn 0.2712 0.7056 0.6547
vn 0.3186 -0.5542 0.7691
vn 0.2963 0.6329 0.7153
vn 0.2963 -0.6329 0.7153
vn 0.3186 0.5542 0.7691
vn 0.2712 -0.7056 0.6547
vn 0.3378 0.4701 0.8154
vn 0.2435 -0.7715 0.5878
vn 0.3537 0.3816 0.8540
vn 0.2134 -0.8301 0.5152
vn 0.3663 0.2894 0.8843
vn 0.1813 -0.8806 0.4377
vn 0.3754 0.1945 0.9062
vn 0.0387 0.9949 0.0934
vn 0.1474 -0.9228 0.3560
vn 0.3809 0.0977 0.9195
vn 0.0752 0.9228 0.3779
vn 0.0924 0.8806 0.4647
vn 0.0197 -0.9949 0.0991
vn 0.1914 -0.1945 0.9621
vn 0.1867 -0.2894 0.9388
vn 0.1088 0.8301 0.5470
vn 0.1803 -0.3816 0.9066
vn 0.1241 0.7715 0.6240
vn 0.1722 -0.4701 0.8656
vn 0.1382 0.7056 0.6950
vn 0.1624 -0.5542 0.8164
vn 0.1510 0.6329 0.7594
vn 0.1510 -0.6329 0.7594
vn 0.1624 0.5542 0.8164
vn 0.1382 -0.7056 0.6950
vn 0.1722 0.4701 0.8656
vn 0.1241 -0.7715 0.6240
vn 0.1803 0.3816 0.9066
vn 0.1088 -0.8301 0.5470
vn 0.1867 0.2894 0.9388
vn 0.0924 -0.8806 0.4647
vn 0.1914 0.1945 0.9621
vn 0.0197 0.9949 0.0991
vn 0.0752 -0.9228 0.3779
vn 0.1942 0.0977 0.9761
vn 0.0386 0.9802 0.1942
vn 0.0572 -0.9561 0.2875
vn 0.1951 -0.0000 0.9808
vn 0.0572 0.9561 0.2875
vn 0.0386 -0.9802 0.1942
vn 0.1942 -0.0977 0.9761
vn -0.0000 0.8301 0.5577
vn -0.0000 0.7715 0.6362
vn -0.0000 -0.3816 0.9243
vn -0.0000 -0.4701 0.8826
vn -0.0000 0.7056 0.7086
vn -0.0000 -0.5542 0.8324
vn -0.0000 0.6329 0.7742
vn -0.0000 -0.6329 0.7742
vn -0.0000 0.5542 0.8324
vn -0.0000 -0.7056 0.7086
vn -0.0000 0.4701 0.8826
vn -0.0000 -0.7715 0.6362
vn -0.0000 0.3816 0.9243
vn -0.0000 -0.8301 0.5577
vn -0.0000 0.2894 0.9572
vn -0.0000 -0.8806 0.4738
vn -0.0000 0.1945 0.9809
vn -0.0000 0.9949 0.1010
vn -0.0000 -0.9228 0.3853
vn -0.0000 0.0977 0.9952
vn -0.0000 0.9802 0.1980
vn -0.0000 -0.9561 0.2931
vn -0.0000 -0.0000 1.0000
vn -0.0000 0.9561 0.2931
vn -0.0000 -0.9802 0.1980
vn -0.0000 -0.0977 0.9952
vn -0.0000 0.9228 0.3853
vn -0.0000 -0.9949 0.1010
vn -0.0000 -0.1945 0.9809
vn -0.0000 0.8806 0.4738
vn -0.0000 -0.2894 0.9572
vn -0.1382 0.7056 0.6950
vn -0.1510 0.6329 0.7594
vn -0.1624 -0.5542 0.8164
vn -0.1510 -0.6329 0.7594
vn -0.1624 0.5542 0.8164
vn -0.1382 -0.7056 0.6950
vn -0.1722 0.4701 0.8656
vn -0.1241 -0.7715 0.6240
vn -0.1803 0.3816 0.9066
vn -0.1088 -0.8301 0.5470
vn -0.1867 0.2894 0.9388
vn -0.0924 -0.8806 0.4647
vn -0.1914 0.1945 0.9621
vn -0.0197 0.9949 0.0991
vn -0.0752 -0.9228 0.3779
vn -0.1942 0.0977 0.9761
vn -0.0386 0.9802 0.1942
vn -0.0572 -0.9561 0.2875
vn -0.1951 -0.0000 0.9808
vn -0.0572 0.9561 0.2875
vn -0.0386 -0.9802 0.1942
vn -0.1942 -0.0977 0.9761
vn -0.0752 0.9228 0.3779
vn -0.0197 -0.9949 0.0991
vn -0.1914 -0.1945 0.9621
vn -0.0924 0.8806 0.4647
vn -0.1867 -0.2894 0.9388
vn -0.1088 0.8301 0.5470
vn -0.1803 -0.3816 0.9066
vn -0.1241 0.7715 0.6240
vn -0.1722 -0.4701 0.8656
vn -0.3186 0.5542 0.7691
vn -0.3378 0.4701 0.8154
vn -0.2712 -0.7056 0.6547
vn -0.2435 -0.7715 0.5878
vn -0.3537 0.3816 0.8540
vn -0.2134 -0.8301 0.5152
vn -0.3663 0.2894 0.8843
vn -0.1813 -0.8806 0.4377
vn -0.3754 0.1945 0.9062
vn -0.0387 0.9949 0.0934
vn -0.1474 -0.9228 0.3560
vn -0.3809 0.0977 0.9195
vn -0.0758 0.9802 0.1830
vn -0.1122 -0.9561 0.2708
vn -0.3827 -0.0000 0.9239
vn -0.1122 0.9561 0.2708
vn -0.0758 -0.9802 0.1830
vn -0.3809 -0.0977 0.9195
vn -0.1474 0.9228 0.3560
vn -0.0387 -0.9949 0.0934
vn -0.3754 -0.1945 0.9062
vn -0.1813 0.8806 0.4377
vn -0.3663 -0.2894 0.8843
vn -0.2134 0.8301 0.5152
vn -0.3537 -0.3816 0.8540
vn -0.2435 0.7715 0.5878
vn -0.3378 -0.4701 0.8154
vn -0.2712 0.7056 0.6547
vn -0.3186 -0.5542 0.7691
vn -0.2963 0.6329 0.7153
vn -0.2963 -0.6329 0.7153
vn -0.5135 0.3816 0.7685
vn -0.5318 0.2894 0.7959
vn -0.3098 -0.8301 0.4637
vn -0.2632 -0.8806 0.3939
vn -0.5450 0.1945 0.8156
vn -0.0561 0.9949 0.0840
vn -0.2141 -0.9228 0.3204
vn -0.5529 0.0977 0.8275
vn -0.1100 0.9802 0.1647
vn -0.1628 -0.9561 0.2437
vn -0.5556 -0.0000 0.8315
vn -0.1628 0.9561 0.2437
vn -0.1100 -0.9802 0.1647
vn -0.5529 -0.0977 0.8275
vn -0.2141 0.9228 0.3204
vn -0.0561 -0.9949 0.0840
vn -0.5450 -0.1945 0.8156
vn -0.2632 0.8806 0.3939
vn -0.5318 -0.2894 0.7959
vn -0.3098 0.8301 0.4637
vn -0.5135 -0.3816 0.7685
vn -0.3535 0.7715 0.5290
vn -0.4903 -0.4701 0.7339
vn -0.3937 0.7056 0.5892
vn -0.4625 -0.5542 0.6921
vn -0.4301 0.6329 0.6438
vn -0.4301 -0.6329 0.6438
vn -0.4625 0.5542 0.6921
vn -0.3937 -0.7056 0.5892
vn -0.4903 0.4701 0.7339
vn -0.3535 -0.7715 0.5290
vn -0.6936 0.1945 0.6936
vn -0.7037 0.0977 0.7037
vn -0.0715 0.9949 0.0715
vn -0.1400 0.9802 0.1400
vn -0.2724 -0.9228 0.2724
vn -0.2072 -0.9561 0.2072
vn -0.7071 -0.0000 0.7071
vn -0.2072 0.9561 0.2072
vn -0.1400 -0.9802 0.1400
vn -0.7037 -0.0977 0.7037
vn -0.2724 0.9228 0.2724
vn -0.0715 -0.9949 0.0715
vn -0.6936 -0.1945 0.6936
vn -0.3350 0.8806 0.3350
vn -0.6768 -0.2894 0.6768
vn -0.3943 0.8301 0.3943
vn -0.6536 -0.3816 0.6536
vn -0.4499 0.7715 0.4499
vn -0.6241 -0.4701 0.6241
vn -0.5011 0.7056 0.5011
vn -0.5886 -0.5542 0.5886
vn -0.5475 0.6329 0.5475
vn -0.5475 -0.6329 0.5475
vn -0.5886 0.5542 0.5886
vn -0.5011 -0.7056 0.5011
vn -0.6241 0.4701 0.6241
vn -0.4499 -0.7715 0.4499
vn -0.6536 0.3816 0.6536
vn -0.3943 -0.8301 0.3943
vn -0.6768 0.2894 0.6768
vn -0.3350 -0.8806 0.3350
vn -0.8315 -0.0000 0.5556
vn -0.8275 -0.0977 0.5529
vn -0.2437 0.9561 0.1628
vn -0.3204 0.9228 0.2141
vn -0.1647 -0.9802 0.1100
vn -0.0840 -0.9949 0.0561
vn -0.8156 -0.1945 0.5450
vn -0.3939 0.8806 0.2632
vn -0.7959 -0.2894 0.5318
vn -0.4637 0.8301 0.3098
vn -0.7685 -0.3816 0.5135
vn -0.5290 0.7715 0.3535
vn -0.7339 -0.4701 0.4903
vn -0.5892 0.7056 0.3937
vn -0.6921 -0.5542 0.4625
vn -0.6438 0.6329 0.4301
vn -0.6438 -0.6329 0.4301
vn -0.6921 0.5542 0.4625
vn -0.5892 -0.7056 0.3937
vn -0.7339 0.4701 0.4903
vn -0.5290 -0.7715 0.3535
vn -0.7685 0.3816 0.5135
vn -0.4637 -0.8301 0.3098
vn -0.7959 0.2894 0.5318
vn -0.3939 -0.8806 0.2632
vn -0.8156 0.1945 0.5450
vn -0.0840 0.9949 0.0561
vn -0.3204 -0.9228 0.2141
vn -0.8275 0.0977 0.5529
vn -0.1647 0.9802 0.1100
vn -0.2437 -0.9561 0.1628
vn -0.9062 -0.1945 0.3754
vn -0.8843 -0.2894 0.3663
vn -0.4377 0.8806 0.1813
vn -0.5152 0.8301 0.2134
vn -0.8540 -0.3816 0.3537
vn -0.5878 0.7715 0.2435
vn -0.8154 -0.4701 0.3378
vn -0.6547 0.7056 0.2712
vn -0.7691 -0.5542 0.3186
vn -0.7153 0.6329 0.2963
vn -0.7153 -0.6329 0.2963
vn -0.7691 0.5542 0.3186
vn -0.6547 -0.7056 0.2712
vn -0.8154 0.4701 0.3378
vn -0.5878 -0.7715 0.2435
vn -0.8540 0.3816 0.3537
vn -0.5152 -0.8301 0.2134
vn -0.8843 0.2894 0.3663
vn -0.4377 -0.8806 0.1813
vn -0.9062 0.1945 0.3754
vn -0.0934 0.9949 0.0387
vn -0.3560 -0.9228 0.1474
vn -0.9195 0.0977 0.3808
vn -0.1830 0.9802 0.0758
vn -0.2708 -0.9561 0.1122
vn -0.9239 -0.0000 0.3827
vn -0.2708 0.9561 0.1122
vn -0.1830 -0.9802 0.0758
vn -0.9195 -0.0977 0.3808
vn -0.3560 0.9228 0.1474
vn -0.0934 -0.9949 0.0387
vn -0.9066 -0.3816 0.1803
vn -0.8656 -0.4701 0.1722
vn -0.6240 0.7715 0.1241
vn -0.6950 0.7056 0.1382
vn -0.8164 -0.5542 0.1624
vn -0.7594 0.6329 0.1510
vn -0.7594 -0.6329 0.1510
vn -0.8164 0.5542 0.1624
vn -0.6950 -0.7056 0.1382
vn -0.8656 0.4701 0.1722
vn -0.6240 -0.7715 0.1241
vn -0.9066 0.3816 0.1803
vn -0.5470 -0.8301 0.1088
vn -0.9388 0.2894 0.1867
vn -0.4647 -0.8806 0.0924
vn -0.9621 0.1945 0.1914
vn -0.0991 0.9949 0.0197
vn -0.3779 -0.9228 0.0752
vn -0.9761 0.0977 0.1942
vn -0.1942 0.9802 0.0386
vn -0.2875 -0.9561 0.0572
vn -0.9808 -0.0000 0.1951
vn -0.2875 0.9561 0.0572
vn -0.1942 -0.9802 0.0386
vn -0.9761 -0.0977 0.1942
vn -0.3779 0.9228 0.0752
vn -0.0991 -0.9949 0.0197
vn -0.9621 -0.1945 0.1914
vn -0.4647 0.8806 0.0924
vn -0.9388 -0.2894 0.1867
vn -0.5470 0.8301 0.1088
vn -0.8324 -0.5542 -0.0000
vn -0.7742 -0.6329 -0.0000
vn -0.7742 0.6329 -0.0000
vn -0.8324 0.5542 -0.0000
vn -0.7086 -0.7056 -0.0000
vn -0.8826 0.4701 -0.0000
vn -0.6362 -0.7715 -0.0000
vn -0.9243 0.3816 -0.0000
vn -0.5577 -0.8301 -0.0000
vn -0.9572 0.2894 -0.0000
vn -0.4738 -0.8806 -0.0000
vn -0.9809 0.1945 -0.0000
vn -0.1010 0.9949 -0.0000
vn -0.3853 -0.9228 -0.0000
vn -0.9952 0.0977 -0.0000
vn -0.1980 0.9802 -0.0000
vn -0.2931 -0.9561 -0.0000
vn -1.0000 -0.0000 -0.0000
vn -0.2931 0.9561 -0.0000
vn -0.1980 -0.9802 -0.0000
vn -0.9952 -0.0977 -0.0000
vn -0.3853 0.9228 -0.0000
vn -0.1010 -0.9949 -0.0000
vn -0.9809 -0.1945 -0.0000
vn -0.4738 0.8806 -0.0000
vn -0.9572 -0.2894 -0.0000
vn -0.5577 0.8301 -0.0000
vn -0.9243 -0.3816 -0.0000
vn -0.6362 0.7715 -0.0000
vn -0.8826 -0.4701 -0.0000
vn -0.7086 0.7056 -0.0000
vn -0.6950 -0.7056 -0.1382
vn -0.6240 -0.7715 -0.1241
vn -0.8656 0.4701 -0.1722
vn -0.9066 0.3816 -0.1803
vn -0.5470 -0.8301 -0.1088
vn -0.9388 0.2894 -0.1867
vn -0.4647 -0.8806 -0.0924
vn -0.9621 0.1945 -0.1914
vn -0.0991 0.9949 -0.0197
vn -0.3779 -0.9228 -0.0752
vn -0.9761 0.0977 -0.1942
vn -0.1942 0.9802 -0.0386
vn -0.2875 -0.9561 -0.0572
vn -0.9808 -0.0000 -0.1951
vn -0.2875 0.9561 -0.0572
vn -0.1942 -0.9802 -0.0386
vn -0.9761 -0.0977 -0.1942
vn -0.3779 0.9228 -0.0752
vn -0.0991 -0.9949 -0.0197
vn -0.9621 -0.1945 -0.1914
vn -0.4647 0.8806 -0.0924
vn -0.9388 -0.2894 -0.1867
vn -0.5470 0.8301 -0.1088
vn -0.9066 -0.3816 -0.1803
vn -0.6240 0.7715 -0.1241
vn -0.8656 -0.4701 -0.1722
vn -0.6950 0.7056 -0.1382
vn -0.8164 -0.5542 -0.1624
vn -0.7594 0.6329 -0.1510
vn -0.7594 -0.6329 -0.1510
vn -0.8164 0.5542 -0.1624
vn -0.5152 -0.8301 -0.2134
vn -0.4377 -0.8806 -0.1813
vn -0.8843 0.2894 -0.3663
vn -0.9062 0.1945 -0.3754
vn -0.0934 0.9949 -0.0387
vn -0.3560 -0.9228 -0.1474
vn -0.9195 0.0977 -0.3809
vn -0.1830 0.9802 -0.0758
vn -0.2708 -0.9561 -0.1122
vn -0.9239 -0.0000 -0.3827
vn -0.2708 0.9561 -0.1122
vn -0.1830 -0.9802 -0.0758
vn -0.9195 -0.0977 -0.3809
vn -0.3560 0.9228 -0.1474
vn -0.0934 -0.9949 -0.0387
vn -0.9062 -0.1945 -0.3754
vn -0.4377 0.8806 -0.1813
vn -0.8843 -0.2894 -0.3663
vn -0.5152 0.8301 -0.2134
vn -0.8540 -0.3816 -0.3537
vn -0.5878 0.7715 -0.2435
vn -0.8154 -0.4701 -0.3378
vn -0.6547 0.7056 -0.2712
vn -0.7691 -0.5542 -0.3186
vn -0.7153 0.6329 -0.2963
vn -0.7153 -0.6329 -0.2963
vn -0.7691 0.5542 -0.3186
vn -0.6547 -0.7056 -0.2712
vn -0.8154 0.4701 -0.3378
vn -0.5878 -0.7715 -0.2435
vn -0.8540 0.3816 -0.3537
vn -0.8156 0.1945 -0.5450
vn -0.8275 0.0977 -0.5529
vn -0.0840 0.9949 -0.0561
vn -0.1647 0.9802 -0.1100
vn -0.3204 -0.9228 -0.2141
vn -0.2437 -0.9561 -0.1628
vn -0.8315 -0.0000 -0.5556
vn -0.2437 0.9561 -0.1628
vn -0.1647 -0.9802 -0.1100
vn -0.8275 -0.0977 -0.5529
vn -0.3204 0.9228 -0.2141
vn -0.0840 -0.9949 -0.0561
vn -0.8156 -0.1945 -0.5450
vn -0.3939 0.8806 -0.2632
vn -0.7959 -0.2894 -0.5318
vn -0.4637 0.8301 -0.3098
vn -0.7685 -0.3816 -0.5135
vn -0.5290 0.7715 -0.3535
vn -0.7339 -0.4701 -0.4903
vn -0.5892 0.7056 -0.3937
vn -0.6921 -0.5542 -0.4625
vn -0.6438 0.6329 -0.4301
vn -0.6438 -0.6329 -0.4301
vn -0.6921 0.5542 -0.4625
vn -0.5892 -0.7056 -0.3937
vn -0.7339 0.4701 -0.4903
vn -0.5290 -0.7715 -0.3535
vn -0.7685 0.3816 -0.5135
vn -0.4637 -0.8301 -0.3098
vn -0.7959 0.2894 -0.5318
vn -0.3939 -0.8806 -0.2632
vn -0.7071 -0.0000 -0.7071
vn -0.7037 -0.0977 -0.7037
vn -0.2072 0.9561 -0.2072
vn -0.2724 0.9228 -0.2724
vn -0.1400 -0.9802 -0.1400
vn -0.0715 -0.9949 -0.0715
vn -0.6936 -0.1945 -0.6936
vn -0.3350 0.8806 -0.3350
vn -0.6768 -0.2894 -0.6768
vn -0.3943 0.8301 -0.3943
vn -0.6536 -0.3816 -0.6536
vn -0.4499 0.7715 -0.4499
vn -0.6241 -0.4701 -0.6241
vn -0.5011 0.7056 -0.5011
vn -0.5886 -0.5542 -0.5886
vn -0.5475 0.6329 -0.5475
vn -0.5475 -0.6329 -0.5475
vn -0.5886 0.5542 -0.5886
vn -0.5011 -0.7056 -0.5011
vn -0.6241 0.4701 -0.6241
vn -0.4499 -0.7715 -0.4499
vn -0.6536 0.3816 -0.6536
vn -0.3943 -0.8301 -0.3943
vn -0.6768 0.2894 -0.6768
vn -0.3350 -0.8806 -0.3350
vn -0.6936 0.1945 -0.6936
vn -0.0715 0.9949 -0.0715
vn -0.2724 -0.9228 -0.2724
vn -0.7037 0.0977 -0.7037
vn -0.1400 0.9802 -0.1400
vn -0.2072 -0.9561 -0.2072
vn -0.5450 -0.1945 -0.8156
vn -0.5318 -0.2894 -0.7959
vn -0.2632 0.8806 -0.3939
vn -0.3098 0.8301 -0.4637
vn -0.5135 -0.3816 -0.7685
vn -0.3535 0.7715 -0.5290
vn -0.4903 -0.4701 -0.7339
vn -0.3937 0.7056 -0.5892
vn -0.4625 -0.5542 -0.6921
vn -0.4301 0.6329 -0.6438
vn -0.4301 -0.6329 -0.6438
vn -0.4625 0.5542 -0.6921
vn -0.3937 -0.7056 -0.5892
vn -0.4903 0.4701 -0.7339
vn -0.3535 -0.7715 -0.5290
vn -0.5135 0.3816 -0.7685
vn -0.3098 -0.8301 -0.4637
vn -0.5318 0.2894 -0.7959
vn -0.2632 -0.8806 -0.3939
vn -0.5450 0.1945 -0.8156
vn -0.0561 0.9949 -0.0840
vn -0.2141 -0.9228 -0.3204
vn -0.5529 0.0977 -0.8275
vn -0.1100 0.9802 -0.1647
vn -0.1628 -0.9561 -0.2437
vn -0.5556 -0.0000 -0.8315
vn -0.1628 0.9561 -0.2437
vn -0.1100 -0.9802 -0.1647
vn -0.5529 -0.0977 -0.8275
vn -0.2141 0.9228 -0.3204
vn -0.0561 -0.9949 -0.0840
vn -0.3537 -0.3816 -0.8540
vn -0.3378 -0.4701 -0.8154
vn -0.2435 0.7715 -0.5878
vn -0.2712 0.7056 -0.6547
vn -0.3186 -0.5542 -0.7691
vn -0.2963 0.6329 -0.7153
vn -0.2963 -0.6329 -0.7153
vn -0.3186 0.5542 -0.7691
vn -0.2712 -0.7056 -0.6547
vn -0.3378 0.4701 -0.8154
vn -0.2435 -0.7715 -0.5878
vn -0.3537 0.3816 -0.8540
vn -0.2134 -0.8301 -0.5152
vn -0.3663 0.2894 -0.8843
vn -0.1813 -0.8806 -0.4377
vn -0.3754 0.1945 -0.9062
vn -0.0387 0.9949 -0.0934
vn -0.1474 -0.9228 -0.3560
vn -0.3809 0.0977 -0.9195
vn -0.0758 0.9802 -0.1830
vn -0.1122 -0.9561 -0.2708
vn -0.3827 -0.0000 -0.9239
vn -0.1122 0.9561 -0.2708
vn -0.0758 -0.9802 -0.1830
vn -0.3809 -0.0977 -0.9195
vn -0.1474 0.9228 -0.3560
vn -0.0387 -0.9949 -0.0934
vn -0.3754 -0.1945 -0.9062
vn -0.1813 0.8806 -0.4377
vn -0.3663 -0.2894 -0.8843
vn -0.2134 0.8301 -0.5152
vn -0.1624 -0.5542 -0.8164
vn -0.1510 -0.6329 -0.7594
vn -0.1510 0.6329 -0.7594
vn -0.1624 0.5542 -0.8164
vn -0.1382 -0.7056 -0.6950
vn -0.1722 0.4701 -0.8656
vn -0.1241 -0.7715 -0.6240
vn -0.1803 0.3816 -0.9066
vn -0.1088 -0.8301 -0.5470
vn -0.1867 0.2894 -0.9388
vn -0.0924 -0.8806 -0.4647
vn -0.1914 0.1945 -0.9621
vn -0.0197 0.9949 -0.0991
vn -0.0752 -0.9228 -0.3779
vn -0.1942 0.0977 -0.9761
vn -0.0386 0.9802 -0.1942
vn -0.0572 -0.9561 -0.2875
vn -0.1951 -0.0000 -0.9808
vn -0.0572 0.9561 -0.2875
vn -0.0386 -0.9802 -0.1942
vn -0.1942 -0.0977 -0.9761
vn -0.0752 0.9228 -0.3779
vn -0.0197 -0.9949 -0.0991
vn -0.1914 -0.1945 -0.9621
vn -0.0924 0.8806 -0.4647
vn -0.1867 -0.2894 -0.9388
vn -0.1088 0.8301 -0.5470
vn -0.1803 -0.3816 -0.9066
vn -0.1241 0.7715 -0.6240
vn -0.1722 -0.4701 -0.8656
vn -0.1382 0.7056 -0.6950
vn 0.7071 -0.5775 -0.4081
vn 0.4392 -0.7337 -0.5185
vn 0.1237 -0.8104 -0.5727
vn -0.2052 -0.7993 -0.5649
vn -0.5119 -0.7015 -0.4958
vn -0.7631 -0.5278 -0.3730
vn -0.9316 -0.2969 -0.2098
vn -0.9991 -0.0337 -0.0238
vn -0.9584 0.2330 0.1647
vn -0.8138 0.4745 0.3354
vn -0.8139 0.4745 0.3354
vn -0.5811 0.6646 0.4697
vn -0.2853 0.7827 0.5532
vn 0.0413 0.8159 0.5767
vn 0.3635 0.7608 0.5377
vn 0.6463 0.6232 0.4404
vn 0.8591 0.4180 0.2954
vn 0.9787 0.1676 0.1184
vn 0.9923 -0.1010 -0.0714
vn 0.8984 -0.3587 -0.2535
vn 0.7071 -0.5774 -0.4081
vn -0.7071 -0.5775 0.4081
vn -0.4392 -0.7337 0.5185
vn -0.1237 -0.8104 0.5727
vn 0.2052 -0.7993 0.5649
vn 0.5119 -0.7015 0.4958
vn 0.7631 -0.5278 0.3730
vn 0.9316 -0.2969 0.2098
vn 0.9991 -0.0337 0.0238
vn 0.9584 0.2330 -0.1647
vn 0.8138 0.4745 -0.3354
vn 0.8139 0.4745 -0.3354
vn 0.5811 0.6646 -0.4697
vn 0.2853 0.7827 -0.5532
vn -0.0413 0.8159 -0.5767
vn -0.3635 0.7608 -0.5377
vn -0.6463 0.6232 -0.4404
vn -0.8591 0.4180 -0.2954
vn -0.9787 0.1676 -0.1184
vn -0.9923 -0.1010 0.0714
vn -0.8984 -0.3587 0.2535
vn -0.7071 -0.5774 0.4081
vn -0.4081 -0.5775 0.7071
vn -0.5185 -0.7337 0.4392
vn -0.5727 -0.8104 0.1237
vn -0.5649 -0.7993 -0.2052
vn -0.4958 -0.7015 -0.5119
vn -0.3730 -0.5278 -0.7631
vn -0.2098 -0.2969 -0.9316
vn -0.0238 -0.0337 -0.9991
vn 0.1647 0.2330 -0.9584
vn 0.3354 0.4745 -0.8138
vn 0.4697 0.6646 -0.5811
vn 0.5532 0.7827 -0.2853
vn 0.5767 0.8159 0.0413
vn 0.5377 0.7608 0.3635
vn 0.4404 0.6232 0.6463
vn 0.2954 0.4180 0.8591
vn 0.1184 0.1676 0.9787
vn -0.0714 -0.1010 0.9923
vn -0.2535 -0.3587 0.8984
vn -0.4081 -0.5774 0.7071
vn 0.3354 0.4745 -0.8139
vn 0.4081 -0.5775 -0.7071
vn 0.5185 -0.7337 -0.4392
vn 0.5727 -0.8104 -0.1237
vn 0.5649 -0.7993 0.2052
vn 0.4958 -0.7015 0.5119
vn 0.3730 -0.5278 0.7631
vn 0.2098 -0.2969 0.9316
vn 0.0238 -0.0337 0.9991
vn -0.1647 0.2330 0.9584
vn -0.3354 0.4745 0.8138
vn -0.3354 0.4745 0.8139
vn -0.4697 0.6646 0.5811
vn -0.5532 0.7827 0.2853
vn -0.5767 0.8159 -0.0413
vn -0.5377 0.7608 -0.3635
vn -0.4404 0.6232 -0.6463
vn -0.2954 0.4180 -0.8591
vn -0.1184 0.1676 -0.9787
vn 0.0714 -0.1010 -0.9923
vn 0.2535 -0.3587 -0.8984
vn 0.4081 -0.5774 -0.7071
vn 0.3185 -0.5541 -0.7691
vn 0.3185 0.5542 -0.7690
vn 0.0758 0.9802 -0.1829
vn 0.3808 -0.0977 -0.9195
vn 0.5135 0.3816 -0.7686
vn 0.1100 0.9802 -0.1646
vn 0.0714 0.9949 -0.0714
vn 0.0714 -0.9949 -0.0714
vn 0.1646 0.9802 -0.1100
vn 0.1829 0.9802 -0.0758
vn 0.7691 -0.5541 -0.3186
vn 0.7690 0.5542 -0.3185
vn 0.6950 0.7056 -0.1383
vn 0.7594 0.6329 -0.1511
vn 0.7594 -0.6329 -0.1511
vn 0.6950 0.7056 0.1383
vn 0.7594 0.6329 0.1511
vn 0.7594 -0.6329 0.1511
vn 0.7691 -0.5541 0.3186
vn 0.7690 0.5542 0.3185
vn 0.1829 0.9802 0.0758
vn 0.1646 0.9802 0.1100
vn 0.0714 0.9949 0.0714
vn 0.0714 -0.9949 0.0715
vn 0.1100 0.9802 0.1646
vn 0.5135 -0.3816 0.7686
vn 0.5135 0.3816 0.7686
vn 0.0758 0.9802 0.1829
vn 0.3808 -0.0977 0.9195
vn 0.3185 -0.5542 0.7690
vn 0.3185 0.5542 0.7690
vn 0.3808 0.0977 0.9195
vn 0.1383 0.7056 0.6950
vn 0.1511 0.6329 0.7594
vn 0.1511 -0.6329 0.7594
vn 0.1383 -0.7056 0.6950
vn -0.1383 0.7056 0.6950
vn -0.1511 0.6329 0.7594
vn -0.1511 -0.6329 0.7594
vn -0.1383 -0.7056 0.6950
vn -0.3185 0.5542 0.7690
vn -0.0758 0.9802 0.1829
vn -0.3185 -0.5542 0.7690
vn -0.5135 0.3816 0.7686
vn -0.1100 0.9802 0.1646
vn -0.5135 -0.3816 0.7686
vn -0.0714 0.9949 0.0714
vn -0.0714 -0.9949 0.0715
vn -0.1646 0.9802 0.1100
vn -0.7691 -0.5541 0.3186
vn -0.7690 0.5542 0.3185
vn -0.9195 0.0977 0.3809
vn -0.1829 0.9802 0.0758
vn -0.9195 -0.0977 0.3809
vn -0.1829 0.9802 -0.0758
vn -0.7691 -0.5541 -0.3186
vn -0.7690 0.5542 -0.3185
vn -0.1646 0.9802 -0.1100
vn -0.0714 0.9949 -0.0714
vn -0.0714 -0.9949 -0.0714
vn -0.1100 0.9802 -0.1646
vn -0.3185 0.5542 -0.7690
vn -0.0758 0.9802 -0.1829
vn -0.3185 -0.5541 -0.7691
vn -0.1624 -0.5541 -0.8164
vn 0.1383 -0.7056 -0.6950
vn 0.1383 0.7056 -0.6950
vn 0.1511 0.6329 -0.7594
vn 0.1511 -0.6329 -0.7594
vn 0.3185 -0.5542 -0.7690
vn 0.3808 0.0977 -0.9195
vn 0.5135 -0.3816 -0.7686
vn 0.2725 -0.9228 -0.2724
vn 0.2725 0.9228 -0.2724
vn 0.0714 -0.9949 -0.0715
vn 0.6437 0.6329 -0.4301
vn 0.6437 -0.6329 -0.4301
vn 0.6950 -0.7056 -0.1383
vn 0.7691 -0.5542 0.3185
vn 0.0714 0.9949 0.0715
vn 0.3186 -0.5541 0.7691
vn 0.3186 0.5542 0.7690
vn 0.1624 -0.5541 0.8164
vn -0.3186 0.5542 0.7690
vn -0.3186 -0.5541 0.7691
vn -0.0714 0.9949 0.0715
vn -0.7691 -0.5542 0.3185
vn -0.9195 -0.0977 -0.3808
vn -0.0840 -0.9949 -0.0562
vn -0.6437 0.6329 -0.4301
vn -0.6437 -0.6329 -0.4301
vn -0.2725 -0.9228 -0.2724
vn -0.2725 0.9228 -0.2724
vn -0.0714 -0.9949 -0.0715
vn -0.5135 0.3816 -0.7686
vn -0.1383 0.7056 -0.6950
vn -0.1511 0.6329 -0.7594
vn -0.1511 -0.6329 -0.7594
vn -0.1383 -0.7056 -0.6950
vn 0.3186 0.5542 -0.7691
vn 0.0758 -0.9802 -0.1829
vn 0.1100 -0.9802 -0.1646
vn 0.0714 0.9949 -0.0715
vn 0.1646 -0.9802 -0.1100
vn 0.1829 -0.9802 -0.0758
vn 0.7691 0.5541 -0.3186
vn 0.7691 0.5541 0.3186
vn 0.1829 -0.9802 0.0758
vn 0.1646 -0.9802 0.1100
vn 0.0714 -0.9949 0.0714
vn 0.1100 -0.9802 0.1646
vn 0.0758 -0.9802 0.1829
vn -0.3185 0.5541 0.7691
vn -0.0758 -0.9802 0.1829
vn -0.1100 -0.9802 0.1646
vn -0.0714 -0.9949 0.0714
vn -0.1646 -0.9802 0.1100
vn -0.7686 -0.3816 0.5135
vn -0.4637 -0.8300 0.3098
vn -0.7690 -0.5542 0.3185
vn -0.1829 -0.9802 0.0758
vn -0.6950 0.7056 0.1383
vn -0.7594 0.6329 0.1511
vn -0.7594 -0.6329 0.1511
vn -0.6950 -0.7056 0.1383
vn -0.6950 -0.7056 -0.1383
vn -0.6950 0.7056 -0.1383
vn -0.7594 0.6329 -0.1511
vn -0.7594 -0.6329 -0.1511
vn -0.1829 -0.9802 -0.0758
vn -0.7690 -0.5542 -0.3185
vn -0.7691 0.5541 -0.3186
vn -0.1646 -0.9802 -0.1100
vn -0.0715 0.9949 -0.0714
vn -0.1100 -0.9802 -0.1646
vn -0.3185 0.5541 -0.7691
vn -0.0758 -0.9802 -0.1829
vn -0.3185 -0.5542 -0.7690
vn 0.1624 0.5541 -0.8164
vn 0.3186 0.5541 -0.7691
vn 0.7686 -0.3816 -0.5135
vn 0.9195 0.0977 -0.3808
vn 0.9195 -0.0977 -0.3808
vn 0.7690 -0.5542 -0.3185
vn 0.6950 -0.7056 0.1383
vn 0.7690 -0.5542 0.3185
vn 0.9195 0.0977 0.3808
vn 0.9195 -0.0977 0.3808
vn 0.7686 -0.3816 0.5135
vn 0.0715 0.9949 0.0714
vn 0.3186 0.5541 0.7691
vn -0.3186 0.5541 0.7691
vn -0.7691 0.5541 0.3186
vn -0.7690 -0.5542 -0.3186
vn -0.0714 0.9949 -0.0715
vn -0.3185 0.5542 -0.7691
vn -0.9991 -0.0337 -0.0239
vn -0.9991 -0.0338 -0.0239
vn 0.4392 -0.7336 -0.5185
vn 0.0413 0.8159 0.5766
vn 0.8590 0.4180 0.2954
vn -0.2854 0.7827 0.5531
vn -0.2052 -0.7993 -0.5648
vn -0.5119 -0.7016 -0.4958
vn 0.9991 -0.0338 0.0239
vn 0.2853 0.7827 -0.5531
vn -0.0413 0.8159 -0.5766
vn 0.2052 -0.7993 0.5648
vn 0.5119 -0.7016 0.4958
vn -0.0413 0.8160 -0.5766
vn -0.0239 -0.0337 -0.9991
vn -0.5185 -0.7336 0.4392
vn -0.5649 -0.7992 -0.2052
vn -0.0239 -0.0338 -0.9991
vn 0.2954 0.4180 0.8590
vn 0.5532 0.7827 -0.2854
vn 0.5531 0.7827 -0.2854
vn 0.5766 0.8159 0.0413
vn 0.0239 -0.0337 0.9991
vn 0.0239 -0.0338 0.9991
vn -0.5531 0.7827 0.2853
vn -0.2954 0.4180 -0.8590
vn 0.5185 -0.7336 -0.4392
vn -0.1185 0.1676 -0.9787
vt 0.750000 0.656250
vt 0.750000 0.687500
vt 0.718750 0.687500
vt 0.718750 0.656250
vt 0.750000 0.218750
vt 0.750000 0.250000
vt 0.718750 0.250000
vt 0.718750 0.218750
vt 0.750000 0.625000
vt 0.718750 0.625000
vt 0.750000 0.187500
vt 0.718750 0.187500
vt 0.750000 0.593750
vt 0.718750 0.593750
vt 0.750000 0.156250
vt 0.718750 0.156250
vt 0.750000 0.562500
vt 0.718750 0.562500
vt 0.750000 0.968750
vt 0.734375 1.000000
vt 0.718750 0.968750
vt 0.750000 0.125000
vt 0.718750 0.125000
vt 0.750000 0.531250
vt 0.718750 0.531250
vt 0.750000 0.937500
vt 0.718750 0.937500
vt 0.750000 0.093750
vt 0.718750 0.093750
vt 0.750000 0.500000
vt 0.718750 0.500000
vt 0.750000 0.906250
vt 0.718750 0.906250
vt 0.750000 0.062500
vt 0.718750 0.062500
vt 0.750000 0.468750
vt 0.718750 0.468750
vt 0.750000 0.875000
vt 0.718750 0.875000
vt 0.750000 0.031250
vt 0.718750 0.031250
vt 0.750000 0.437500
vt 0.718750 0.437500
vt 0.750000 0.843750
vt 0.718750 0.843750
vt 0.734375 0.000000
vt 0.750000 0.406250
vt 0.718750 0.406250
vt 0.750000 0.812500
vt 0.718750 0.812500
vt 0.750000 0.375000
vt 0.718750 0.375000
vt 0.750000 0.781250
vt 0.718750 0.781250
vt 0.750000 0.343750
vt 0.718750 0.343750
vt 0.750000 0.750000
vt 0.718750 0.750000
vt 0.750000 0.312500
vt 0.718750 0.312500
vt 0.750000 0.718750
vt 0.718750 0.718750
vt 0.750000 0.281250
vt 0.718750 0.281250
vt 0.687500 0.437500
vt 0.687500 0.406250
vt 0.687500 0.843750
vt 0.687500 0.812500
vt 0.687500 0.375000
vt 0.687500 0.781250
vt 0.687500 0.343750
vt 0.687500 0.750000
vt 0.687500 0.312500
vt 0.687500 0.718750
vt 0.687500 0.281250
vt 0.687500 0.687500
vt 0.687500 0.250000
vt 0.687500 0.656250
vt 0.687500 0.218750
vt 0.687500 0.625000
vt 0.687500 0.187500
vt 0.687500 0.593750
vt 0.687500 0.156250
vt 0.687500 0.562500
vt 0.703125 1.000000
vt 0.687500 0.968750
vt 0.687500 0.125000
vt 0.687500 0.531250
vt 0.687500 0.937500
vt 0.687500 0.093750
vt 0.687500 0.500000
vt 0.687500 0.906250
vt 0.687500 0.062500
vt 0.687500 0.468750
vt 0.687500 0.875000
vt 0.687500 0.031250
vt 0.703125 0.000000
vt 0.656250 0.375000
vt 0.656250 0.343750
vt 0.656250 0.781250
vt 0.656250 0.750000
vt 0.656250 0.312500
vt 0.656250 0.718750
vt 0.656250 0.281250
vt 0.656250 0.687500
vt 0.656250 0.250000
vt 0.656250 0.656250
vt 0.656250 0.218750
vt 0.656250 0.625000
vt 0.656250 0.187500
vt 0.656250 0.593750
vt 0.656250 0.156250
vt 0.656250 0.562500
vt 0.671875 1.000000
vt 0.656250 0.968750
vt 0.656250 0.125000
vt 0.656250 0.531250
vt 0.656250 0.937500
vt 0.656250 0.093750
vt 0.656250 0.500000
vt 0.656250 0.906250
vt 0.656250 0.062500
vt 0.656250 0.468750
vt 0.656250 0.875000
vt 0.656250 0.031250
vt 0.656250 0.437500
vt 0.656250 0.843750
vt 0.671875 0.000000
vt 0.656250 0.406250
vt 0.656250 0.812500
vt 0.625000 0.312500
vt 0.625000 0.281250
vt 0.625000 0.718750
vt 0.625000 0.687500
vt 0.625000 0.250000
vt 0.625000 0.656250
vt 0.625000 0.218750
vt 0.625000 0.625000
vt 0.625000 0.187500
vt 0.625000 0.593750
vt 0.625000 0.156250
vt 0.625000 0.562500
vt 0.640625 1.000000
vt 0.625000 0.968750
vt 0.625000 0.125000
vt 0.625000 0.531250
vt 0.625000 0.937500
vt 0.625000 0.093750
vt 0.625000 0.500000
vt 0.625000 0.906250
vt 0.625000 0.062500
vt 0.625000 0.468750
vt 0.625000 0.875000
vt 0.625000 0.031250
vt 0.625000 0.437500
vt 0.625000 0.843750
vt 0.640625 0.000000
vt 0.625000 0.406250
vt 0.625000 0.812500
vt 0.625000 0.375000
vt 0.625000 0.781250
vt 0.625000 0.343750
vt 0.625000 0.750000
vt 0.593750 0.250000
vt 0.593750 0.218750
vt 0.593750 0.656250
vt 0.593750 0.625000
vt 0.593750 0.187500
vt 0.593750 0.593750
vt 0.593750 0.156250
vt 0.593750 0.562500
vt 0.609375 1.000000
vt 0.593750 0.968750
vt 0.593750 0.125000
vt 0.593750 0.531250
vt 0.593750 0.937500
vt 0.593750 0.093750
vt 0.593750 0.500000
vt 0.593750 0.906250
vt 0.593750 0.062500
vt 0.593750 0.468750
vt 0.593750 0.875000
vt 0.593750 0.031250
vt 0.593750 0.437500
vt 0.593750 0.843750
vt 0.609375 0.000000
vt 0.593750 0.406250
vt 0.593750 0.812500
vt 0.593750 0.375000
vt 0.593750 0.781250
vt 0.593750 0.343750
vt 0.593750 0.750000
vt 0.593750 0.312500
vt 0.593750 0.718750
vt 0.593750 0.281250
vt 0.593750 0.687500
vt 0.562500 0.187500
vt 0.562500 0.156250
vt 0.562500 0.593750
vt 0.562500 0.562500
vt 0.578125 1.000000
vt 0.562500 0.968750
vt 0.562500 0.125000
vt 0.562500 0.531250
vt 0.562500 0.937500
vt 0.562500 0.093750
vt 0.562500 0.500000
vt 0.562500 0.906250
vt 0.562500 0.062500
vt 0.562500 0.468750
vt 0.562500 0.875000
vt 0.562500 0.031250
vt 0.562500 0.437500
vt 0.562500 0.843750
vt 0.578125 0.000000
vt 0.562500 0.406250
vt 0.562500 0.812500
vt 0.562500 0.375000
vt 0.562500 0.781250
vt 0.562500 0.343750
vt 0.562500 0.750000
vt 0.562500 0.312500
vt 0.562500 0.718750
vt 0.562500 0.281250
vt 0.562500 0.687500
vt 0.562500 0.250000
vt 0.562500 0.656250
vt 0.562500 0.218750
vt 0.562500 0.625000
vt 0.531250 0.125000
vt 0.531250 0.093750
vt 0.531250 0.531250
vt 0.531250 0.500000
vt 0.531250 0.937500
vt 0.531250 0.906250
vt 0.531250 0.062500
vt 0.531250 0.468750
vt 0.531250 0.875000
vt 0.531250 0.031250
vt 0.531250 0.437500
vt 0.531250 0.843750
vt 0.546875 0.000000
vt 0.531250 0.406250
vt 0.531250 0.812500
vt 0.531250 0.375000
vt 0.531250 0.781250
vt 0.531250 0.343750
vt 0.531250 0.750000
vt 0.531250 0.312500
vt 0.531250 0.718750
vt 0.531250 0.281250
vt 0.531250 0.687500
vt 0.531250 0.250000
vt 0.531250 0.656250
vt 0.531250 0.218750
vt 0.531250 0.625000
vt 0.531250 0.187500
vt 0.531250 0.593750
vt 0.531250 0.156250
vt 0.531250 0.562500
vt 0.546875 1.000000
vt 0.531250 0.968750
vt 0.500000 0.062500
vt 0.500000 0.031250
vt 0.500000 0.468750
vt 0.500000 0.437500
vt 0.500000 0.875000
vt 0.500000 0.843750
vt 0.515625 0.000000
vt 0.500000 0.406250
vt 0.500000 0.812500
vt 0.500000 0.375000
vt 0.500000 0.781250
vt 0.500000 0.343750
vt 0.500000 0.750000
vt 0.500000 0.312500
vt 0.500000 0.718750
vt 0.500000 0.281250
vt 0.500000 0.687500
vt 0.500000 0.250000
vt 0.500000 0.656250
vt 0.500000 0.218750
vt 0.500000 0.625000
vt 0.500000 0.187500
vt 0.500000 0.593750
vt 0.500000 0.156250
vt 0.500000 0.562500
vt 0.515625 1.000000
vt 0.500000 0.968750
vt 0.500000 0.125000
vt 0.500000 0.531250
vt 0.500000 0.937500
vt 0.500000 0.093750
vt 0.500000 0.500000
vt 0.500000 0.906250
vt 0.468750 0.406250
vt 0.468750 0.375000
vt 0.468750 0.812500
vt 0.468750 0.781250
vt 0.468750 0.343750
vt 0.468750 0.750000
vt 0.468750 0.312500
vt 0.468750 0.718750
vt 0.468750 0.281250
vt 0.468750 0.687500
vt 0.468750 0.250000
vt 0.468750 0.656250
vt 0.468750 0.218750
vt 0.468750 0.625000
vt 0.468750 0.187500
vt 0.468750 0.593750
vt 0.468750 0.156250
vt 0.468750 0.562500
vt 0.484375 1.000000
vt 0.468750 0.968750
vt 0.468750 0.125000
vt 0.468750 0.531250
vt 0.468750 0.937500
vt 0.468750 0.093750
vt 0.468750 0.500000
vt 0.468750 0.906250
vt 0.468750 0.062500
vt 0.468750 0.468750
vt 0.468750 0.875000
vt 0.468750 0.031250
vt 0.468750 0.437500
vt 0.468750 0.843750
vt 0.484375 0.000000
vt 0.437500 0.343750
vt 0.437500 0.312500
vt 0.437500 0.750000
vt 0.437500 0.718750
vt 0.437500 0.281250
vt 0.437500 0.687500
vt 0.437500 0.250000
vt 0.437500 0.656250
vt 0.437500 0.218750
vt 0.437500 0.625000
vt 0.437500 0.187500
vt 0.437500 0.593750
vt 0.437500 0.156250
vt 0.437500 0.562500
vt 0.453125 1.000000
vt 0.437500 0.968750
vt 0.437500 0.125000
vt 0.437500 0.531250
vt 0.437500 0.937500
vt 0.437500 0.093750
vt 0.437500 0.500000
vt 0.437500 0.906250
vt 0.437500 0.062500
vt 0.437500 0.468750
vt 0.437500 0.875000
vt 0.437500 0.031250
vt 0.437500 0.437500
vt 0.437500 0.843750
vt 0.453125 0.000000
vt 0.437500 0.406250
vt 0.437500 0.812500
vt 0.437500 0.375000
vt 0.437500 0.781250
vt 0.406250 0.281250
vt 0.406250 0.250000
vt 0.406250 0.687500
vt 0.406250 0.656250
vt 0.406250 0.218750
vt 0.406250 0.625000
vt 0.406250 0.187500
vt 0.406250 0.593750
vt 0.406250 0.156250
vt 0.406250 0.562500
vt 0.421875 1.000000
vt 0.406250 0.968750
vt 0.406250 0.125000
vt 0.406250 0.531250
vt 0.406250 0.937500
vt 0.406250 0.093750
vt 0.406250 0.500000
vt 0.406250 0.906250
vt 0.406250 0.062500
vt 0.406250 0.468750
vt 0.406250 0.875000
vt 0.406250 0.031250
vt 0.406250 0.437500
vt 0.406250 0.843750
vt 0.421875 0.000000
vt 0.406250 0.406250
vt 0.406250 0.812500
vt 0.406250 0.375000
vt 0.406250 0.781250
vt 0.406250 0.343750
vt 0.406250 0.750000
vt 0.406250 0.312500
vt 0.406250 0.718750
vt 0.375000 0.218750
vt 0.375000 0.187500
vt 0.375000 0.625000
vt 0.375000 0.593750
vt 0.375000 0.156250
vt 0.375000 0.562500
vt 0.390625 1.000000
vt 0.375000 0.968750
vt 0.375000 0.125000
vt 0.375000 0.531250
vt 0.375000 0.937500
vt 0.375000 0.093750
vt 0.375000 0.500000
vt 0.375000 0.906250
vt 0.375000 0.062500
vt 0.375000 0.468750
vt 0.375000 0.875000
vt 0.375000 0.031250
vt 0.375000 0.437500
vt 0.375000 0.843750
vt 0.390625 0.000000
vt 0.375000 0.406250
vt 0.375000 0.812500
vt 0.375000 0.375000
vt 0.375000 0.781250
vt 0.375000 0.343750
vt 0.375000 0.750000
vt 0.375000 0.312500
vt 0.375000 0.718750
vt 0.375000 0.281250
vt 0.375000 0.687500
vt 0.375000 0.250000
vt 0.375000 0.656250
vt 0.359375 1.000000
vt 0.343750 0.968750
vt 0.343750 0.156250
vt 0.343750 0.125000
vt 0.343750 0.562500
vt 0.343750 0.531250
vt 0.343750 0.937500
vt 0.343750 0.093750
vt 0.343750 0.500000
vt 0.343750 0.906250
vt 0.343750 0.062500
vt 0.343750 0.468750
vt 0.343750 0.875000
vt 0.343750 0.031250
vt 0.343750 0.437500
vt 0.343750 0.843750
vt 0.359375 0.000000
vt 0.343750 0.406250
vt 0.343750 0.812500
vt 0.343750 0.375000
vt 0.343750 0.781250
vt 0.343750 0.343750
vt 0.343750 0.750000
vt 0.343750 0.312500
vt 0.343750 0.718750
vt 0.343750 0.281250
vt 0.343750 0.687500
vt 0.343750 0.250000
vt 0.343750 0.656250
vt 0.343750 0.218750
vt 0.343750 0.625000
vt 0.343750 0.187500
vt 0.343750 0.593750
vt 0.312500 0.937500
vt 0.312500 0.906250
vt 0.312500 0.093750
vt 0.312500 0.062500
vt 0.312500 0.500000
vt 0.312500 0.468750
vt 0.312500 0.875000
vt 0.312500 0.031250
vt 0.312500 0.437500
vt 0.312500 0.843750
vt 0.328125 0.000000
vt 0.312500 0.406250
vt 0.312500 0.812500
vt 0.312500 0.375000
vt 0.312500 0.781250
vt 0.312500 0.343750
vt 0.312500 0.750000
vt 0.312500 0.312500
vt 0.312500 0.718750
vt 0.312500 0.281250
vt 0.312500 0.687500
vt 0.312500 0.250000
vt 0.312500 0.656250
vt 0.312500 0.218750
vt 0.312500 0.625000
vt 0.312500 0.187500
vt 0.312500 0.593750
vt 0.312500 0.156250
vt 0.312500 0.562500
vt 0.328125 1.000000
vt 0.312500 0.968750
vt 0.312500 0.125000
vt 0.312500 0.531250
vt 0.281250 0.875000
vt 0.281250 0.843750
vt 0.296875 0.000000
vt 0.281250 0.031250
vt 0.281250 0.437500
vt 0.281250 0.406250
vt 0.281250 0.812500
vt 0.281250 0.375000
vt 0.281250 0.781250
vt 0.281250 0.343750
vt 0.281250 0.750000
vt 0.281250 0.312500
vt 0.281250 0.718750
vt 0.281250 0.281250
vt 0.281250 0.687500
vt 0.281250 0.250000
vt 0.281250 0.656250
vt 0.281250 0.218750
vt 0.281250 0.625000
vt 0.281250 0.187500
vt 0.281250 0.593750
vt 0.281250 0.156250
vt 0.281250 0.562500
vt 0.296875 1.000000
vt 0.281250 0.968750
vt 0.281250 0.125000
vt 0.281250 0.531250
vt 0.281250 0.937500
vt 0.281250 0.093750
vt 0.281250 0.500000
vt 0.281250 0.906250
vt 0.281250 0.062500
vt 0.281250 0.468750
vt 0.250000 0.812500
vt 0.250000 0.781250
vt 0.250000 0.375000
vt 0.250000 0.343750
vt 0.250000 0.750000
vt 0.250000 0.312500
vt 0.250000 0.718750
vt 0.250000 0.281250
vt 0.250000 0.687500
vt 0.250000 0.250000
vt 0.250000 0.656250
vt 0.250000 0.218750
vt 0.250000 0.625000
vt 0.250000 0.187500
vt 0.250000 0.593750
vt 0.250000 0.156250
vt 0.250000 0.562500
vt 0.265625 1.000000
vt 0.250000 0.968750
vt 0.250000 0.125000
vt 0.250000 0.531250
vt 0.250000 0.937500
vt 0.250000 0.093750
vt 0.250000 0.500000
vt 0.250000 0.906250
vt 0.250000 0.062500
vt 0.250000 0.468750
vt 0.250000 0.875000
vt 0.250000 0.031250
vt 0.250000 0.437500
vt 0.250000 0.843750
vt 0.265625 0.000000
vt 0.250000 0.406250
vt 0.218750 0.750000
vt 0.218750 0.718750
vt 0.218750 0.312500
vt 0.218750 0.281250
vt 0.218750 0.687500
vt 0.218750 0.250000
vt 0.218750 0.656250
vt 0.218750 0.218750
vt 0.218750 0.625000
vt 0.218750 0.187500
vt 0.218750 0.593750
vt 0.218750 0.156250
vt 0.218750 0.562500
vt 0.234375 1.000000
vt 0.218750 0.968750
vt 0.218750 0.125000
vt 0.218750 0.531250
vt 0.218750 0.937500
vt 0.218750 0.093750
vt 0.218750 0.500000
vt 0.218750 0.906250
vt 0.218750 0.062500
vt 0.218750 0.468750
vt 0.218750 0.875000
vt 0.218750 0.031250
vt 0.218750 0.437500
vt 0.218750 0.843750
vt 0.234375 0.000000
vt 0.218750 0.406250
vt 0.218750 0.812500
vt 0.218750 0.375000
vt 0.218750 0.781250
vt 0.218750 0.343750
vt 0.187500 0.687500
vt 0.187500 0.656250
vt 0.187500 0.250000
vt 0.187500 0.218750
vt 0.187500 0.625000
vt 0.187500 0.187500
vt 0.187500 0.593750
vt 0.187500 0.156250
vt 0.187500 0.562500
vt 0.203125 1.000000
vt 0.187500 0.968750
vt 0.187500 0.125000
vt 0.187500 0.531250
vt 0.187500 0.937500
vt 0.187500 0.093750
vt 0.187500 0.500000
vt 0.187500 0.906250
vt 0.187500 0.062500
vt 0.187500 0.468750
vt 0.187500 0.875000
vt 0.187500 0.031250
vt 0.187500 0.437500
vt 0.187500 0.843750
vt 0.203125 0.000000
vt 0.187500 0.406250
vt 0.187500 0.812500
vt 0.187500 0.375000
vt 0.187500 0.781250
vt 0.187500 0.343750
vt 0.187500 0.750000
vt 0.187500 0.312500
vt 0.187500 0.718750
vt 0.187500 0.281250
vt 0.156250 0.625000
vt 0.156250 0.593750
vt 0.156250 0.187500
vt 0.156250 0.156250
vt 0.156250 0.562500
vt 0.171875 1.000000
vt 0.156250 0.968750
vt 0.156250 0.125000
vt 0.156250 0.531250
vt 0.156250 0.937500
vt 0.156250 0.093750
vt 0.156250 0.500000
vt 0.156250 0.906250
vt 0.156250 0.062500
vt 0.156250 0.468750
vt 0.156250 0.875000
vt 0.156250 0.031250
vt 0.156250 0.437500
vt 0.156250 0.843750
vt 0.171875 0.000000
vt 0.156250 0.406250
vt 0.156250 0.812500
vt 0.156250 0.375000
vt 0.156250 0.781250
vt 0.156250 0.343750
vt 0.156250 0.750000
vt 0.156250 0.312500
vt 0.156250 0.718750
vt 0.156250 0.281250
vt 0.156250 0.687500
vt 0.156250 0.250000
vt 0.156250 0.656250
vt 0.156250 0.218750
vt 0.125000 0.562500
vt 0.125000 0.531250
vt 0.125000 0.968750
vt 0.125000 0.937500
vt 0.125000 0.125000
vt 0.125000 0.093750
vt 0.125000 0.500000
vt 0.125000 0.906250
vt 0.125000 0.062500
vt 0.125000 0.468750
vt 0.125000 0.875000
vt 0.125000 0.031250
vt 0.125000 0.437500
vt 0.125000 0.843750
vt 0.140625 0.000000
vt 0.125000 0.406250
vt 0.125000 0.812500
vt 0.125000 0.375000
vt 0.125000 0.781250
vt 0.125000 0.343750
vt 0.125000 0.750000
vt 0.125000 0.312500
vt 0.125000 0.718750
vt 0.125000 0.281250
vt 0.125000 0.687500
vt 0.125000 0.250000
vt 0.125000 0.656250
vt 0.125000 0.218750
vt 0.125000 0.625000
vt 0.125000 0.187500
vt 0.125000 0.593750
vt 0.125000 0.156250
vt 0.140625 1.000000
vt 0.093750 0.500000
vt 0.093750 0.468750
vt 0.093750 0.906250
vt 0.093750 0.875000
vt 0.093750 0.062500
vt 0.093750 0.031250
vt 0.093750 0.437500
vt 0.093750 0.843750
vt 0.109375 0.000000
vt 0.093750 0.406250
vt 0.093750 0.812500
vt 0.093750 0.375000
vt 0.093750 0.781250
vt 0.093750 0.343750
vt 0.093750 0.750000
vt 0.093750 0.312500
vt 0.093750 0.718750
vt 0.093750 0.281250
vt 0.093750 0.687500
vt 0.093750 0.250000
vt 0.093750 0.656250
vt 0.093750 0.218750
vt 0.093750 0.625000
vt 0.093750 0.187500
vt 0.093750 0.593750
vt 0.093750 0.156250
vt 0.093750 0.562500
vt 0.109375 1.000000
vt 0.093750 0.968750
vt 0.093750 0.125000
vt 0.093750 0.531250
vt 0.093750 0.937500
vt 0.093750 0.093750
vt 0.062500 0.437500
vt 0.062500 0.406250
vt 0.062500 0.843750
vt 0.062500 0.812500
vt 0.062500 0.375000
vt 0.062500 0.781250
vt 0.062500 0.343750
vt 0.062500 0.750000
vt 0.062500 0.312500
vt 0.062500 0.718750
vt 0.062500 0.281250
vt 0.062500 0.687500
vt 0.062500 0.250000
vt 0.062500 0.656250
vt 0.062500 0.218750
vt 0.062500 0.625000
vt 0.062500 0.187500
vt 0.062500 0.593750
vt 0.062500 0.156250
vt 0.062500 0.562500
vt 0.078125 1.000000
vt 0.062500 0.968750
vt 0.062500 0.125000
vt 0.062500 0.531250
vt 0.062500 0.937500
vt 0.062500 0.093750
vt 0.062500 0.500000
vt 0.062500 0.906250
vt 0.062500 0.062500
vt 0.062500 0.468750
vt 0.062500 0.875000
vt 0.062500 0.031250
vt 0.078125 0.000000
vt 0.031250 0.375000
vt 0.031250 0.343750
vt 0.031250 0.781250
vt 0.031250 0.750000
vt 0.031250 0.312500
vt 0.031250 0.718750
vt 0.031250 0.281250
vt 0.031250 0.687500
vt 0.031250 0.250000
vt 0.031250 0.656250
vt 0.031250 0.218750
vt 0.031250 0.625000
vt 0.031250 0.187500
vt 0.031250 0.593750
vt 0.031250 0.156250
vt 0.031250 0.562500
vt 0.046875 1.000000
vt 0.031250 0.968750
vt 0.031250 0.125000
vt 0.031250 0.531250
vt 0.031250 0.937500
vt 0.031250 0.093750
vt 0.031250 0.500000
vt 0.031250 0.906250
vt 0.031250 0.062500
vt 0.031250 0.468750
vt 0.031250 0.875000
vt 0.031250 0.031250
vt 0.031250 0.437500
vt 0.031250 0.843750
vt 0.046875 0.000000
vt 0.031250 0.406250
vt 0.031250 0.812500
vt 0.000000 0.312500
vt 0.000000 0.281250
vt 0.000000 0.718750
vt 0.000000 0.687500
vt 0.000000 0.250000
vt 0.000000 0.656250
vt 0.000000 0.218750
vt 0.000000 0.625000
vt 0.000000 0.187500
vt 0.000000 0.593750
vt 0.000000 0.156250
vt 0.000000 0.562500
vt 0.015625 1.000000
vt 0.000000 0.968750
vt 0.000000 0.125000
vt 0.000000 0.531250
vt 0.000000 0.937500
vt 0.000000 0.093750
vt 0.000000 0.500000
vt 0.000000 0.906250
vt 0.000000 0.062500
vt 0.000000 0.468750
vt 0.000000 0.875000
vt 0.000000 0.031250
vt 0.000000 0.437500
vt 0.000000 0.843750
vt 0.015625 0.000000
vt 0.000000 0.406250
vt 0.000000 0.812500
vt 0.000000 0.375000
vt 0.000000 0.781250
vt 0.000000 0.343750
vt 0.000000 0.750000
vt 1.000000 0.218750
vt 1.000000 0.250000
vt 0.968750 0.250000
vt 0.968750 0.218750
vt 1.000000 0.625000
vt 1.000000 0.656250
vt 0.968750 0.656250
vt 0.968750 0.625000
vt 1.000000 0.187500
vt 0.968750 0.187500
vt 1.000000 0.593750
vt 0.968750 0.593750
vt 1.000000 0.156250
vt 0.968750 0.156250
vt 1.000000 0.562500
vt 0.968750 0.562500
vt 1.000000 0.968750
vt 0.984375 1.000000
vt 0.968750 0.968750
vt 1.000000 0.125000
vt 0.968750 0.125000
vt 1.000000 0.531250
vt 0.968750 0.531250
vt 1.000000 0.937500
vt 0.968750 0.937500
vt 1.000000 0.093750
vt 0.968750 0.093750
vt 1.000000 0.500000
vt 0.968750 0.500000
vt 1.000000 0.906250
vt 0.968750 0.906250
vt 1.000000 0.062500
vt 0.968750 0.062500
vt 1.000000 0.468750
vt 0.968750 0.468750
vt 1.000000 0.875000
vt 0.968750 0.875000
vt 1.000000 0.031250
vt 0.968750 0.031250
vt 1.000000 0.437500
vt 0.968750 0.437500
vt 1.000000 0.843750
vt 0.968750 0.843750
vt 0.984375 0.000000
vt 1.000000 0.406250
vt 0.968750 0.406250
vt 1.000000 0.812500
vt 0.968750 0.812500
vt 1.000000 0.375000
vt 0.968750 0.375000
vt 1.000000 0.781250
vt 0.968750 0.781250
vt 1.000000 0.343750
vt 0.968750 0.343750
vt 1.000000 0.750000
vt 0.968750 0.750000
vt 1.000000 0.312500
vt 0.968750 0.312500
vt 1.000000 0.718750
vt 0.968750 0.718750
vt 1.000000 0.281250
vt 0.968750 0.281250
vt 1.000000 0.687500
vt 0.968750 0.687500
vt 0.937500 0.187500
vt 0.937500 0.156250
vt 0.937500 0.593750
vt 0.937500 0.562500
vt 0.953125 1.000000
vt 0.937500 0.968750
vt 0.937500 0.125000
vt 0.937500 0.531250
vt 0.937500 0.937500
vt 0.937500 0.093750
vt 0.937500 0.500000
vt 0.937500 0.906250
vt 0.937500 0.062500
vt 0.937500 0.468750
vt 0.937500 0.875000
vt 0.937500 0.031250
vt 0.937500 0.437500
vt 0.937500 0.843750
vt 0.953125 0.000000
vt 0.937500 0.406250
vt 0.937500 0.812500
vt 0.937500 0.375000
vt 0.937500 0.781250
vt 0.937500 0.343750
vt 0.937500 0.750000
vt 0.937500 0.312500
vt 0.937500 0.718750
vt 0.937500 0.281250
vt 0.937500 0.687500
vt 0.937500 0.250000
vt 0.937500 0.656250
vt 0.937500 0.218750
vt 0.937500 0.625000
vt 0.906250 0.562500
vt 0.906250 0.531250
vt 0.906250 0.968750
vt 0.906250 0.937500
vt 0.906250 0.125000
vt 0.906250 0.093750
vt 0.906250 0.500000
vt 0.906250 0.906250
vt 0.906250 0.062500
vt 0.906250 0.468750
vt 0.906250 0.875000
vt 0.906250 0.031250
vt 0.906250 0.437500
vt 0.906250 0.843750
vt 0.921875 0.000000
vt 0.906250 0.406250
vt 0.906250 0.812500
vt 0.906250 0.375000
vt 0.906250 0.781250
vt 0.906250 0.343750
vt 0.906250 0.750000
vt 0.906250 0.312500
vt 0.906250 0.718750
vt 0.906250 0.281250
vt 0.906250 0.687500
vt 0.906250 0.250000
vt 0.906250 0.656250
vt 0.906250 0.218750
vt 0.906250 0.625000
vt 0.906250 0.187500
vt 0.906250 0.593750
vt 0.906250 0.156250
vt 0.921875 1.000000
vt 0.875000 0.500000
vt 0.875000 0.468750
vt 0.875000 0.906250
vt 0.875000 0.875000
vt 0.875000 0.062500
vt 0.875000 0.031250
vt 0.875000 0.437500
vt 0.875000 0.843750
vt 0.890625 0.000000
vt 0.875000 0.406250
vt 0.875000 0.812500
vt 0.875000 0.375000
vt 0.875000 0.781250
vt 0.875000 0.343750
vt 0.875000 0.750000
vt 0.875000 0.312500
vt 0.875000 0.718750
vt 0.875000 0.281250
vt 0.875000 0.687500
vt 0.875000 0.250000
vt 0.875000 0.656250
vt 0.875000 0.218750
vt 0.875000 0.625000
vt 0.875000 0.187500
vt 0.875000 0.593750
vt 0.875000 0.156250
vt 0.875000 0.562500
vt 0.890625 1.000000
vt 0.875000 0.968750
vt 0.875000 0.125000
vt 0.875000 0.531250
vt 0.875000 0.937500
vt 0.875000 0.093750
vt 0.843750 0.437500
vt 0.843750 0.406250
vt 0.843750 0.843750
vt 0.843750 0.812500
vt 0.843750 0.375000
vt 0.843750 0.781250
vt 0.843750 0.343750
vt 0.843750 0.750000
vt 0.843750 0.312500
vt 0.843750 0.718750
vt 0.843750 0.281250
vt 0.843750 0.687500
vt 0.843750 0.250000
vt 0.843750 0.656250
vt 0.843750 0.218750
vt 0.843750 0.625000
vt 0.843750 0.187500
vt 0.843750 0.593750
vt 0.843750 0.156250
vt 0.843750 0.562500
vt 0.859375 1.000000
vt 0.843750 0.968750
vt 0.843750 0.125000
vt 0.843750 0.531250
vt 0.843750 0.937500
vt 0.843750 0.093750
vt 0.843750 0.500000
vt 0.843750 0.906250
vt 0.843750 0.062500
vt 0.843750 0.468750
vt 0.843750 0.875000
vt 0.843750 0.031250
vt 0.859375 0.000000
vt 0.812500 0.375000
vt 0.812500 0.343750
vt 0.812500 0.781250
vt 0.812500 0.750000
vt 0.812500 0.312500
vt 0.812500 0.718750
vt 0.812500 0.281250
vt 0.812500 0.687500
vt 0.812500 0.250000
vt 0.812500 0.656250
vt 0.812500 0.218750
vt 0.812500 0.625000
vt 0.812500 0.187500
vt 0.812500 0.593750
vt 0.812500 0.156250
vt 0.812500 0.562500
vt 0.828125 1.000000
vt 0.812500 0.968750
vt 0.812500 0.125000
vt 0.812500 0.531250
vt 0.812500 0.937500
vt 0.812500 0.093750
vt 0.812500 0.500000
vt 0.812500 0.906250
vt 0.812500 0.062500
vt 0.812500 0.468750
vt 0.812500 0.875000
vt 0.812500 0.031250
vt 0.812500 0.437500
vt 0.812500 0.843750
vt 0.828125 0.000000
vt 0.812500 0.406250
vt 0.812500 0.812500
vt 0.781250 0.312500
vt 0.781250 0.281250
vt 0.781250 0.718750
vt 0.781250 0.687500
vt 0.781250 0.250000
vt 0.781250 0.656250
vt 0.781250 0.218750
vt 0.781250 0.625000
vt 0.781250 0.187500
vt 0.781250 0.593750
vt 0.781250 0.156250
vt 0.781250 0.562500
vt 0.796875 1.000000
vt 0.781250 0.968750
vt 0.781250 0.125000
vt 0.781250 0.531250
vt 0.781250 0.937500
vt 0.781250 0.093750
vt 0.781250 0.500000
vt 0.781250 0.906250
vt 0.781250 0.062500
vt 0.781250 0.468750
vt 0.781250 0.875000
vt 0.781250 0.031250
vt 0.781250 0.437500
vt 0.781250 0.843750
vt 0.796875 0.000000
vt 0.781250 0.406250
vt 0.781250 0.812500
vt 0.781250 0.375000
vt 0.781250 0.781250
vt 0.781250 0.343750
vt 0.781250 0.750000
vt 0.765625 1.000000
vt 0.765625 0.000000
vt 0.000000 0.000000
s 1
usemtl Carbon
f 988/1/1 987/2/2 26/3/3 27/4/4
f 12/5/5 992/6/6 40/7/7 41/8/8
f 3/9/9 988/1/1 27/4/4 28/10/10
f 13/11/11 12/5/5 41/8/8 42/12/12
f 4/13/13 3/9/9 28/10/10 29/14/14
f 14/15/15 13/11/11 42/12/12 43/16/16
f 5/17/17 4/13/13 29/14/14 30/18/18
f 980/19/19 514/20/20 17/21/21
f 993/22/22 14/15/15 43/16/16 44/23/23
f 6/24/24 5/17/17 30/18/18 31/25/25
f 981/26/26 980/19/19 17/21/21 18/27/27
f 994/28/28 993/22/22 44/23/23 45/29/29
f 989/30/30 6/24/24 31/25/25 32/31/31
f 982/32/32 981/26/26 18/27/27 19/33/33
f 15/34/34 994/28/28 45/29/29 46/35/35
f 7/36/36 989/30/30 32/31/31 33/37/37
f 983/38/38 982/32/32 19/33/33 20/39/39
f 16/40/40 15/34/34 46/35/35 47/41/41
f 8/42/42 7/36/36 33/37/37 34/43/43
f 984/44/44 983/38/38 20/39/39 21/45/45
f 513/46/46 16/40/40 47/41/41
f 990/47/47 8/42/42 34/43/43 35/48/48
f 985/49/49 984/44/44 21/45/45 22/50/50
f 991/51/51 990/47/47 35/48/48 36/52/52
f 1/53/53 985/49/49 22/50/50 23/54/54
f 9/55/55 991/51/51 36/52/52 37/56/56
f 986/57/57 1/53/53 23/54/54 24/58/58
f 10/59/59 9/55/55 37/56/56 38/60/60
f 2/61/61 986/57/57 24/58/58 25/62/62
f 11/63/63 10/59/59 38/60/60 39/64/64
f 987/2/2 2/61/61 25/62/62 26/3/3
f 992/6/6 11/63/63 39/64/64 40/7/7
f 35/48/48 34/43/43 65/65/65 66/66/66
f 22/50/50 21/45/45 52/67/67 53/68/68
f 36/52/52 35/48/48 66/66/66 67/69/69
f 23/54/54 22/50/50 53/68/68 54/70/70
f 37/56/56 36/52/52 67/69/69 68/71/71
f 24/58/58 23/54/54 54/70/70 55/72/72
f 38/60/60 37/56/56 68/71/71 69/73/73
f 25/62/62 24/58/58 55/72/72 56/74/74
f 39/64/64 38/60/60 69/73/73 70/75/75
f 26/3/3 25/62/62 56/74/74 57/76/76
f 40/7/7 39/64/64 70/75/75 71/77/77
f 27/4/4 26/3/3 57/76/76 58/78/78
f 41/8/8 40/7/7 71/77/77 72/79/79
f 28/10/10 27/4/4 58/78/78 59/80/80
f 42/12/12 41/8/8 72/79/79 73/81/81
f 29/14/14 28/10/10 59/80/80 60/82/82
f 43/16/16 42/12/12 73/81/81 74/83/83
f 30/18/18 29/14/14 60/82/82 61/84/84
f 17/21/21 514/85/20 48/86/85
f 44/23/23 43/16/16 74/83/83 75/87/86
f 31/25/25 30/18/18 61/84/84 62/88/87
f 18/27/27 17/21/21 48/86/85 49/89/88
f 45/29/29 44/23/23 75/87/86 76/90/89
f 32/31/31 31/25/25 62/88/87 63/91/90
f 19/33/33 18/27/27 49/89/88 50/92/91
f 46/35/35 45/29/29 76/90/89 77/93/92
f 33/37/37 32/31/31 63/91/90 64/94/93
f 20/39/39 19/33/33 50/92/91 51/95/94
f 47/41/41 46/35/35 77/93/92 78/96/95
f 34/43/43 33/37/37 64/94/93 65/65/65
f 21/45/45 20/39/39 51/95/94 52/67/67
f 513/97/46 47/41/41 78/96/95
f 68/71/71 67/69/69 98/98/96 99/99/97
f 55/72/72 54/70/70 85/100/98 86/101/99
f 69/73/73 68/71/71 99/99/97 100/102/100
f 56/74/74 55/72/72 86/101/99 87/103/101
f 70/75/75 69/73/73 100/102/100 101/104/102
f 57/76/76 56/74/74 87/103/101 88/105/103
f 71/77/77 70/75/75 101/104/102 102/106/104
f 58/78/78 57/76/76 88/105/103 89/107/105
f 72/79/79 71/77/77 102/106/104 103/108/106
f 59/80/80 58/78/78 89/107/105 90/109/107
f 73/81/81 72/79/79 103/108/106 104/110/108
f 60/82/82 59/80/80 90/109/107 91/111/109
f 74/83/83 73/81/81 104/110/108 105/112/110
f 61/84/84 60/82/82 91/111/109 92/113/111
f 48/86/85 514/114/20 79/115/112
f 75/87/86 74/83/83 105/112/110 106/116/113
f 62/88/87 61/84/84 92/113/111 93/117/114
f 49/89/88 48/86/85 79/115/112 80/118/115
f 76/90/89 75/87/86 106/116/113 107/119/116
f 63/91/90 62/88/87 93/117/114 94/120/117
f 50/92/91 49/89/88 80/118/115 81/121/118
f 77/93/92 76/90/89 107/119/116 108/122/119
f 64/94/93 63/91/90 94/120/117 95/123/120
f 51/95/94 50/92/91 81/121/118 82/124/121
f 78/96/95 77/93/92 108/122/119 109/125/122
f 65/65/65 64/94/93 95/123/120 96/126/123
f 52/67/67 51/95/94 82/124/121 83/127/124
f 513/128/46 78/96/95 109/125/122
f 66/66/66 65/65/65 96/126/123 97/129/125
f 53/68/68 52/67/67 83/127/124 84/130/126
f 67/69/69 66/66/66 97/129/125 98/98/96
f 54/70/70 53/68/68 84/130/126 85/100/98
f 101/104/102 100/102/100 131/131/127 132/132/128
f 88/105/103 87/103/101 118/133/129 119/134/130
f 102/106/104 101/104/102 132/132/128 133/135/131
f 89/107/105 88/105/103 119/134/130 120/136/132
f 103/108/106 102/106/104 133/135/131 134/137/133
f 90/109/107 89/107/105 120/136/132 121/138/134
f 104/110/108 103/108/106 134/137/133 135/139/135
f 91/111/109 90/109/107 121/138/134 122/140/136
f 105/112/110 104/110/108 135/139/135 136/141/137
f 92/113/111 91/111/109 122/140/136 123/142/138
f 79/115/112 514/143/20 110/144/139
f 106/116/113 105/112/110 136/141/137 137/145/140
f 93/117/114 92/113/111 123/142/138 124/146/141
f 80/118/115 79/115/112 110/144/139 111/147/142
f 107/119/116 106/116/113 137/145/140 138/148/143
f 94/120/117 93/117/114 124/146/141 125/149/144
f 81/121/118 80/118/115 111/147/142 112/150/145
f 108/122/119 107/119/116 138/148/143 139/151/146
f 95/123/120 94/120/117 125/149/144 126/152/147
f 82/124/121 81/121/118 112/150/145 113/153/148
f 109/125/122 108/122/119 139/151/146 140/154/149
f 96/126/123 95/123/120 126/152/147 127/155/150
f 83/127/124 82/124/121 113/153/148 114/156/151
f 513/157/46 109/125/122 140/154/149
f 97/129/125 96/126/123 127/155/150 128/158/152
f 84/130/126 83/127/124 114/156/151 115/159/153
f 98/98/96 97/129/125 128/158/152 129/160/154
f 85/100/98 84/130/126 115/159/153 116/161/155
f 99/99/97 98/98/96 129/160/154 130/162/156
f 86/101/99 85/100/98 116/161/155 117/163/157
f 100/102/100 99/99/97 130/162/156 131/131/127
f 87/103/101 86/101/99 117/163/157 118/133/129
f 134/137/133 133/135/131 164/164/158 165/165/159
f 121/138/134 120/136/132 151/166/160 152/167/161
f 135/139/135 134/137/133 165/165/159 166/168/162
f 122/140/136 121/138/134 152/167/161 153/169/163
f 136/141/137 135/139/135 166/168/162 167/170/164
f 123/142/138 122/140/136 153/169/163 154/171/165
f 110/144/139 514/172/20 141/173/166
f 137/145/140 136/141/137 167/170/164 168/174/167
f 124/146/141 123/142/138 154/171/165 155/175/168
f 111/147/142 110/144/139 141/173/166 142/176/169
f 138/148/143 137/145/140 168/174/167 169/177/170
f 125/149/144 124/146/141 155/175/168 156/178/171
f 112/150/145 111/147/142 142/176/169 143/179/172
f 139/151/146 138/148/143 169/177/170 170/180/173
f 126/152/147 125/149/144 156/178/171 157/181/174
f 113/153/148 112/150/145 143/179/172 144/182/175
f 140/154/149 139/151/146 170/180/173 171/183/176
f 127/155/150 126/152/147 157/181/174 158/184/177
f 114/156/151 113/153/148 144/182/175 145/185/178
f 513/186/46 140/154/149 171/183/176
f 128/158/152 127/155/150 158/184/177 159/187/179
f 115/159/153 114/156/151 145/185/178 146/188/180
f 129/160/154 128/158/152 159/187/179 160/189/181
f 116/161/155 115/159/153 146/188/180 147/190/182
f 130/162/156 129/160/154 160/189/181 161/191/183
f 117/163/157 116/161/155 147/190/182 148/192/184
f 131/131/127 130/162/156 161/191/183 162/193/185
f 118/133/129 117/163/157 148/192/184 149/194/186
f 132/132/128 131/131/127 162/193/185 163/195/187
f 119/134/130 118/133/129 149/194/186 150/196/188
f 133/135/131 132/132/128 163/195/187 164/164/158
f 120/136/132 119/134/130 150/196/188 151/166/160
f 167/170/164 166/168/162 197/197/189 198/198/190
f 154/171/165 153/169/163 184/199/191 185/200/192
f 141/173/166 514/201/20 172/202/193
f 168/174/167 167/170/164 198/198/190 199/203/194
f 155/175/168 154/171/165 185/200/192 186/204/195
f 142/176/169 141/173/166 172/202/193 173/205/196
f 169/177/170 168/174/167 199/203/194 200/206/197
f 156/178/171 155/175/168 186/204/195 187/207/198
f 143/179/172 142/176/169 173/205/196 174/208/199
f 170/180/173 169/177/170 200/206/197 201/209/200
f 157/181/174 156/178/171 187/207/198 188/210/201
f 144/182/175 143/179/172 174/208/199 175/211/202
f 171/183/176 170/180/173 201/209/200 202/212/203
f 158/184/177 157/181/174 188/210/201 189/213/204
f 145/185/178 144/182/175 175/211/202 176/214/205
f 513/215/46 171/183/176 202/212/203
f 159/187/179 158/184/177 189/213/204 190/216/206
f 146/188/180 145/185/178 176/214/205 177/217/207
f 160/189/181 159/187/179 190/216/206 191/218/208
f 147/190/182 146/188/180 177/217/207 178/219/209
f 161/191/183 160/189/181 191/218/208 192/220/210
f 148/192/184 147/190/182 178/219/209 179/221/211
f 162/193/185 161/191/183 192/220/210 193/222/212
f 149/194/186 148/192/184 179/221/211 180/223/213
f 163/195/187 162/193/185 193/222/212 194/224/214
f 150/196/188 149/194/186 180/223/213 181/225/215
f 164/164/158 163/195/187 194/224/214 195/226/216
f 151/166/160 150/196/188 181/225/215 182/227/217
f 165/165/159 164/164/158 195/226/216 196/228/218
f 152/167/161 151/166/160 182/227/217 183/229/219
f 166/168/162 165/165/159 196/228/218 197/197/189
f 153/169/163 152/167/161 183/229/219 184/199/191
f 200/206/197 199/203/194 230/230/220 231/231/221
f 187/207/198 186/204/195 217/232/222 218/233/223
f 174/208/199 173/205/196 204/234/224 205/235/225
f 201/209/200 200/206/197 231/231/221 232/236/226
f 188/210/201 187/207/198 218/233/223 219/237/227
f 175/211/202 174/208/199 205/235/225 206/238/228
f 202/212/203 201/209/200 232/236/226 233/239/229
f 189/213/204 188/210/201 219/237/227 220/240/230
f 176/214/205 175/211/202 206/238/228 207/241/231
f 513/242/46 202/212/203 233/239/229
f 190/216/206 189/213/204 220/240/230 221/243/232
f 177/217/207 176/214/205 207/241/231 208/244/233
f 191/218/208 190/216/206 221/243/232 222/245/234
f 178/219/209 177/217/207 208/244/233 209/246/235
f 192/220/210 191/218/208 222/245/234 223/247/236
f 179/221/211 178/219/209 209/246/235 210/248/237
f 193/222/212 192/220/210 223/247/236 224/249/238
f 180/223/213 179/221/211 210/248/237 211/250/239
f 194/224/214 193/222/212 224/249/238 225/251/240
f 181/225/215 180/223/213 211/250/239 212/252/241
f 195/226/216 194/224/214 225/251/240 226/253/242
f 182/227/217 181/225/215 212/252/241 213/254/243
f 196/228/218 195/226/216 226/253/242 227/255/244
f 183/229/219 182/227/217 213/254/243 214/256/245
f 197/197/189 196/228/218 227/255/244 228/257/246
f 184/199/191 183/229/219 214/256/245 215/258/247
f 198/198/190 197/197/189 228/257/246 229/259/248
f 185/200/192 184/199/191 215/258/247 216/260/249
f 172/202/193 514/261/20 203/262/250
f 199/203/194 198/198/190 229/259/248 230/230/220
f 186/204/195 185/200/192 216/260/249 217/232/222
f 173/205/196 172/202/193 203/262/250 204/234/224
f 233/239/229 232/236/226 263/263/251 264/264/252
f 220/240/230 219/237/227 250/265/253 251/266/254
f 207/241/231 206/238/228 237/267/255 238/268/256
f 513/269/46 233/239/229 264/264/252
f 221/243/232 220/240/230 251/266/254 252/270/257
f 208/244/233 207/241/231 238/268/256 239/271/258
f 222/245/234 221/243/232 252/270/257 253/272/259
f 209/246/235 208/244/233 239/271/258 240/273/260
f 223/247/236 222/245/234 253/272/259 254/274/261
f 210/248/237 209/246/235 240/273/260 241/275/262
f 224/249/238 223/247/236 254/274/261 255/276/263
f 211/250/239 210/248/237 241/275/262 242/277/264
f 225/251/240 224/249/238 255/276/263 256/278/265
f 212/252/241 211/250/239 242/277/264 243/279/266
f 226/253/242 225/251/240 256/278/265 257/280/267
f 213/254/243 212/252/241 243/279/266 244/281/268
f 227/255/244 226/253/242 257/280/267 258/282/269
f 214/256/245 213/254/243 244/281/268 245/283/270
f 228/257/246 227/255/244 258/282/269 259/284/271
f 215/258/247 214/256/245 245/283/270 246/285/272
f 229/259/248 228/257/246 259/284/271 260/286/273
f 216/260/249 215/258/247 246/285/272 247/287/274
f 203/262/250 514/288/20 234/289/275
f 230/230/220 229/259/248 260/286/273 261/290/276
f 217/232/222 216/260/249 247/287/274 248/291/277
f 204/234/224 203/262/250 234/289/275 235/292/278
f 231/231/221 230/230/220 261/290/276 262/293/279
f 218/233/223 217/232/222 248/291/277 249/294/280
f 205/235/225 204/234/224 235/292/278 236/295/281
f 232/236/226 231/231/221 262/293/279 263/263/251
f 219/237/227 218/233/223 249/294/280 250/265/253
f 206/238/228 205/235/225 236/295/281 237/267/255
f 253/272/259 252/270/257 283/296/282 284/297/283
f 240/273/260 239/271/258 270/298/284 271/299/285
f 254/274/261 253/272/259 284/297/283 285/300/286
f 241/275/262 240/273/260 271/299/285 272/301/287
f 255/276/263 254/274/261 285/300/286 286/302/288
f 242/277/264 241/275/262 272/301/287 273/303/289
f 256/278/265 255/276/263 286/302/288 287/304/290
f 243/279/266 242/277/264 273/303/289 274/305/291
f 257/280/267 256/278/265 287/304/290 288/306/292
f 244/281/268 243/279/266 274/305/291 275/307/293
f 258/282/269 257/280/267 288/306/292 289/308/294
f 245/283/270 244/281/268 275/307/293 276/309/295
f 259/284/271 258/282/269 289/308/294 290/310/296
f 246/285/272 245/283/270 276/309/295 277/311/297
f 260/286/273 259/284/271 290/310/296 291/312/298
f 247/287/274 246/285/272 277/311/297 278/313/299
f 234/289/275 514/314/20 265/315/300
f 261/290/276 260/286/273 291/312/298 292/316/301
f 248/291/277 247/287/274 278/313/299 279/317/302
f 235/292/278 234/289/275 265/315/300 266/318/303
f 262/293/279 261/290/276 292/316/301 293/319/304
f 249/294/280 248/291/277 279/317/302 280/320/305
f 236/295/281 235/292/278 266/318/303 267/321/306
f 263/263/251 262/293/279 293/319/304 294/322/307
f 250/265/253 249/294/280 280/320/305 281/323/308
f 237/267/255 236/295/281 267/321/306 268/324/309
f 264/264/252 263/263/251 294/322/307 295/325/310
f 251/266/254 250/265/253 281/323/308 282/326/311
f 238/268/256 237/267/255 268/324/309 269/327/312
f 513/328/46 264/264/252 295/325/310
f 252/270/257 251/266/254 282/326/311 283/296/282
f 239/271/258 238/268/256 269/327/312 270/298/284
f 286/302/288 285/300/286 316/329/313 317/330/314
f 273/303/289 272/301/287 303/331/315 304/332/316
f 287/304/290 286/302/288 317/330/314 318/333/317
f 274/305/291 273/303/289 304/332/316 305/334/318
f 288/306/292 287/304/290 318/333/317 319/335/319
f 275/307/293 274/305/291 305/334/318 306/336/320
f 289/308/294 288/306/292 319/335/319 320/337/321
f 276/309/295 275/307/293 306/336/320 307/338/322
f 290/310/296 289/308/294 320/337/321 321/339/323
f 277/311/297 276/309/295 307/338/322 308/340/324
f 291/312/298 290/310/296 321/339/323 322/341/325
f 278/313/299 277/311/297 308/340/324 309/342/326
f 265/315/300 514/343/20 296/344/327
f 292/316/301 291/312/298 322/341/325 323/345/328
f 279/317/302 278/313/299 309/342/326 310/346/329
f 266/318/303 265/315/300 296/344/327 297/347/330
f 293/319/304 292/316/301 323/345/328 324/348/331
f 280/320/305 279/317/302 310/346/329 311/349/332
f 267/321/306 266/318/303 297/347/330 298/350/333
f 294/322/307 293/319/304 324/348/331 325/351/334
f 281/323/308 280/320/305 311/349/332 312/352/335
f 268/324/309 267/321/306 298/350/333 299/353/336
f 295/325/310 294/322/307 325/351/334 326/354/337
f 282/326/311 281/323/308 312/352/335 313/355/338
f 269/327/312 268/324/309 299/353/336 300/356/339
f 513/357/46 295/325/310 326/354/337
f 283/296/282 282/326/311 313/355/338 314/358/340
f 270/298/284 269/327/312 300/356/339 301/359/341
f 284/297/283 283/296/282 314/358/340 315/360/342
f 271/299/285 270/298/284 301/359/341 302/361/343
f 285/300/286 284/297/283 315/360/342 316/329/313
f 272/301/287 271/299/285 302/361/343 303/331/315
f 319/335/319 318/333/317 349/362/344 350/363/345
f 306/336/320 305/334/318 336/364/346 337/365/347
f 320/337/321 319/335/319 350/363/345 351/366/348
f 307/338/322 306/336/320 337/365/347 338/367/349
f 321/339/323 320/337/321 351/366/348 352/368/350
f 308/340/324 307/338/322 338/367/349 339/369/351
f 322/341/325 321/339/323 352/368/350 353/370/352
f 309/342/326 308/340/324 339/369/351 340/371/353
f 296/344/327 514/372/20 327/373/354
f 323/345/328 322/341/325 353/370/352 354/374/355
f 310/346/329 309/342/326 340/371/353 341/375/356
f 297/347/330 296/344/327 327/373/354 328/376/357
f 324/348/331 323/345/328 354/374/355 355/377/358
f 311/349/332 310/346/329 341/375/356 342/378/359
f 298/350/333 297/347/330 328/376/357 329/379/360
f 325/351/334 324/348/331 355/377/358 356/380/361
f 312/352/335 311/349/332 342/378/359 343/381/362
f 299/353/336 298/350/333 329/379/360 330/382/363
f 326/354/337 325/351/334 356/380/361 357/383/364
f 313/355/338 312/352/335 343/381/362 344/384/365
f 300/356/339 299/353/336 330/382/363 331/385/366
f 513/386/46 326/354/337 357/383/364
f 314/358/340 313/355/338 344/384/365 345/387/367
f 301/359/341 300/356/339 331/385/366 332/388/368
f 315/360/342 314/358/340 345/387/367 346/389/369
f 302/361/343 301/359/341 332/388/368 333/390/370
f 316/329/313 315/360/342 346/389/369 347/391/371
f 303/331/315 302/361/343 333/390/370 334/392/372
f 317/330/314 316/329/313 347/391/371 348/393/373
f 304/332/316 303/331/315 334/392/372 335/394/374
f 318/333/317 317/330/314 348/393/373 349/362/344
f 305/334/318 304/332/316 335/394/374 336/364/346
f 352/368/350 351/366/348 382/395/375 383/396/376
f 339/369/351 338/367/349 369/397/377 370/398/378
f 353/370/352 352/368/350 383/396/376 384/399/379
f 340/371/353 339/369/351 370/398/378 371/400/380
f 327/373/354 514/401/20 358/402/381
f 354/374/355 353/370/352 384/399/379 385/403/382
f 341/375/356 340/371/353 371/400/380 372/404/383
f 328/376/357 327/373/354 358/402/381 359/405/384
f 355/377/358 354/374/355 385/403/382 386/406/385
f 342/378/359 341/375/356 372/404/383 373/407/386
f 329/379/360 328/376/357 359/405/384 360/408/387
f 356/380/361 355/377/358 386/406/385 387/409/388
f 343/381/362 342/378/359 373/407/386 374/410/389
f 330/382/363 329/379/360 360/408/387 361/411/390
f 357/383/364 356/380/361 387/409/388 388/412/391
f 344/384/365 343/381/362 374/410/389 375/413/392
f 331/385/366 330/382/363 361/411/390 362/414/393
f 513/415/46 357/383/364 388/412/391
f 345/387/367 344/384/365 375/413/392 376/416/394
f 332/388/368 331/385/366 362/414/393 363/417/395
f 346/389/369 345/387/367 376/416/394 377/418/396
f 333/390/370 332/388/368 363/417/395 364/419/397
f 347/391/371 346/389/369 377/418/396 378/420/398
f 334/392/372 333/390/370 364/419/397 365/421/399
f 348/393/373 347/391/371 378/420/398 379/422/400
f 335/394/374 334/392/372 365/421/399 366/423/401
f 349/362/344 348/393/373 379/422/400 380/424/402
f 336/364/346 335/394/374 366/423/401 367/425/403
f 350/363/345 349/362/344 380/424/402 381/426/404
f 337/365/347 336/364/346 367/425/403 368/427/405
f 351/366/348 350/363/345 381/426/404 382/395/375
f 338/367/349 337/365/347 368/427/405 369/397/377
f 358/402/381 514/428/20 389/429/406
f 385/403/382 384/399/379 415/430/407 416/431/408
f 372/404/383 371/400/380 402/432/409 403/433/410
f 359/405/384 358/402/381 389/429/406 390/434/411
f 386/406/385 385/403/382 416/431/408 417/435/412
f 373/407/386 372/404/383 403/433/410 404/436/413
f 360/408/387 359/405/384 390/434/411 391/437/414
f 387/409/388 386/406/385 417/435/412 418/438/415
f 374/410/389 373/407/386 404/436/413 405/439/416
f 361/411/390 360/408/387 391/437/414 392/440/417
f 388/412/391 387/409/388 418/438/415 419/441/418
f 375/413/392 374/410/389 405/439/416 406/442/419
f 362/414/393 361/411/390 392/440/417 393/443/420
f 513/444/46 388/412/391 419/441/418
f 376/416/394 375/413/392 406/442/419 407/445/421
f 363/417/395 362/414/393 393/443/420 394/446/422
f 377/418/396 376/416/394 407/445/421 408/447/423
f 364/419/397 363/417/395 394/446/422 395/448/424
f 378/420/398 377/418/396 408/447/423 409/449/425
f 365/421/399 364/419/397 395/448/424 396/450/426
f 379/422/400 378/420/398 409/449/425 410/451/427
f 366/423/401 365/421/399 396/450/426 397/452/428
f 380/424/402 379/422/400 410/451/427 411/453/429
f 367/425/403 366/423/401 397/452/428 398/454/430
f 381/426/404 380/424/402 411/453/429 412/455/431
f 368/427/405 367/425/403 398/454/430 399/456/432
f 382/395/375 381/426/404 412/455/431 413/457/433
f 369/397/377 368/427/405 399/456/432 400/458/434
f 383/396/376 382/395/375 413/457/433 414/459/435
f 370/398/378 369/397/377 400/458/434 401/460/436
f 384/399/379 383/396/376 414/459/435 415/430/407
f 371/400/380 370/398/378 401/460/436 402/432/409
f 391/437/414 390/434/411 421/461/437 422/462/438
f 418/438/415 417/435/412 448/463/439 449/464/440
f 405/439/416 404/436/413 435/465/441 436/466/442
f 392/440/417 391/437/414 422/462/438 423/467/443
f 419/441/418 418/438/415 449/464/440 450/468/444
f 406/442/419 405/439/416 436/466/442 437/469/445
f 393/443/420 392/440/417 423/467/443 424/470/446
f 513/471/46 419/441/418 450/468/444
f 407/445/421 406/442/419 437/469/445 438/472/447
f 394/446/422 393/443/420 424/470/446 425/473/448
f 408/447/423 407/445/421 438/472/447 439/474/449
f 395/448/424 394/446/422 425/473/448 426/475/450
f 409/449/425 408/447/423 439/474/449 440/476/451
f 396/450/426 395/448/424 426/475/450 427/477/452
f 410/451/427 409/449/425 440/476/451 441/478/453
f 397/452/428 396/450/426 427/477/452 428/479/454
f 411/453/429 410/451/427 441/478/453 442/480/455
f 398/454/430 397/452/428 428/479/454 429/481/456
f 412/455/431 411/453/429 442/480/455 443/482/457
f 399/456/432 398/454/430 429/481/456 430/483/458
f 413/457/433 412/455/431 443/482/457 444/484/459
f 400/458/434 399/456/432 430/483/458 431/485/460
f 414/459/435 413/457/433 444/484/459 445/486/461
f 401/460/436 400/458/434 431/485/460 432/487/462
f 415/430/407 414/459/435 445/486/461 446/488/463
f 402/432/409 401/460/436 432/487/462 433/489/464
f 389/429/406 514/490/20 420/491/465
f 416/431/408 415/430/407 446/488/463 447/492/466
f 403/433/410 402/432/409 433/489/464 434/493/467
f 390/434/411 389/429/406 420/491/465 421/461/437
f 417/435/412 416/431/408 447/492/466 448/463/439
f 404/436/413 403/433/410 434/493/467 435/465/441
f 424/470/446 423/467/443 454/494/468 455/495/469
f 513/496/46 450/468/444 481/497/470
f 438/472/447 437/469/445 468/498/471 469/499/472
f 425/473/448 424/470/446 455/495/469 456/500/473
f 439/474/449 438/472/447 469/499/472 470/501/474
f 426/475/450 425/473/448 456/500/473 457/502/475
f 440/476/451 439/474/449 470/501/474 471/503/476
f 427/477/452 426/475/450 457/502/475 458/504/477
f 441/478/453 440/476/451 471/503/476 472/505/478
f 428/479/454 427/477/452 458/504/477 459/506/479
f 442/480/455 441/478/453 472/505/478 473/507/480
f 429/481/456 428/479/454 459/506/479 460/508/481
f 443/482/457 442/480/455 473/507/480 474/509/482
f 430/483/458 429/481/456 460/508/481 461/510/483
f 444/484/459 443/482/457 474/509/482 475/511/484
f 431/485/460 430/483/458 461/510/483 462/512/485
f 445/486/461 444/484/459 475/511/484 476/513/486
f 432/487/462 431/485/460 462/512/485 463/514/487
f 446/488/463 445/486/461 476/513/486 477/515/488
f 433/489/464 432/487/462 463/514/487 464/516/489
f 420/491/465 514/517/20 451/518/490
f 447/492/466 446/488/463 477/515/488 478/519/491
f 434/493/467 433/489/464 464/516/489 465/520/492
f 421/461/437 420/491/465 451/518/490 452/521/493
f 448/463/439 447/492/466 478/519/491 479/522/494
f 435/465/441 434/493/467 465/520/492 466/523/495
f 422/462/438 421/461/437 452/521/493 453/524/496
f 449/464/440 448/463/439 479/522/494 480/525/497
f 436/466/442 435/465/441 466/523/495 467/526/498
f 423/467/443 422/462/438 453/524/496 454/494/468
f 450/468/444 449/464/440 480/525/497 481/497/470
f 437/469/445 436/466/442 467/526/498 468/498/471
f 457/502/475 456/500/473 487/527/499 488/528/500
f 471/503/476 470/501/474 501/529/501 502/530/502
f 458/504/477 457/502/475 488/528/500 489/531/503
f 472/505/478 471/503/476 502/530/502 503/532/504
f 459/506/479 458/504/477 489/531/503 490/533/505
f 473/507/480 472/505/478 503/532/504 504/534/506
f 460/508/481 459/506/479 490/533/505 491/535/507
f 474/509/482 473/507/480 504/534/506 505/536/508
f 461/510/483 460/508/481 491/535/507 492/537/509
f 475/511/484 474/509/482 505/536/508 506/538/510
f 462/512/485 461/510/483 492/537/509 493/539/511
f 476/513/486 475/511/484 506/538/510 507/540/512
f 463/514/487 462/512/485 493/539/511 494/541/513
f 477/515/488 476/513/486 507/540/512 508/542/514
f 464/516/489 463/514/487 494/541/513 495/543/515
f 451/518/490 514/544/20 482/545/516
f 478/519/491 477/515/488 508/542/514 509/546/517
f 465/520/492 464/516/489 495/543/515 496/547/518
f 452/521/493 451/518/490 482/545/516 483/548/519
f 479/522/494 478/519/491 509/546/517 510/549/520
f 466/523/495 465/520/492 496/547/518 497/550/521
f 453/524/496 452/521/493 483/548/519 484/551/522
f 480/525/497 479/522/494 510/549/520 511/552/523
f 467/526/498 466/523/495 497/550/521 498/553/524
f 454/494/468 453/524/496 484/551/522 485/554/525
f 481/497/470 480/525/497 511/552/523 512/555/526
f 468/498/471 467/526/498 498/553/524 499/556/527
f 455/495/469 454/494/468 485/554/525 486/557/528
f 513/558/46 481/497/470 512/555/526
f 469/499/472 468/498/471 499/556/527 500/559/529
f 456/500/473 455/495/469 486/557/528 487/527/499
f 470/501/474 469/499/472 500/559/529 501/529/501
f 490/533/505 489/531/503 522/560/530 523/561/531
f 504/534/506 503/532/504 536/562/532 537/563/533
f 491/535/507 490/533/505 523/561/531 524/564/534
f 505/536/508 504/534/506 537/563/533 538/565/535
f 492/537/509 491/535/507 524/564/534 525/566/536
f 506/538/510 505/536/508 538/565/535 539/567/537
f 493/539/511 492/537/509 525/566/536 526/568/538
f 507/540/512 506/538/510 539/567/537 540/569/539
f 494/541/513 493/539/511 526/568/538 527/570/540
f 508/542/514 507/540/512 540/569/539 541/571/541
f 495/543/515 494/541/513 527/570/540 528/572/542
f 482/545/516 514/573/20 515/574/543
f 509/546/517 508/542/514 541/571/541 542/575/544
f 496/547/518 495/543/515 528/572/542 529/576/545
f 483/548/519 482/545/516 515/574/543 516/577/546
f 510/549/520 509/546/517 542/575/544 543/578/547
f 497/550/521 496/547/518 529/576/545 530/579/548
f 484/551/522 483/548/519 516/577/546 517/580/549
f 511/552/523 510/549/520 543/578/547 544/581/550
f 498/553/524 497/550/521 530/579/548 531/582/551
f 485/554/525 484/551/522 517/580/549 518/583/552
f 512/555/526 511/552/523 544/581/550 545/584/553
f 499/556/527 498/553/524 531/582/551 532/585/554
f 486/557/528 485/554/525 518/583/552 519/586/555
f 513/587/46 512/555/526 545/584/553
f 500/559/529 499/556/527 532/585/554 533/588/556
f 487/527/499 486/557/528 519/586/555 520/589/557
f 501/529/501 500/559/529 533/588/556 534/590/558
f 488/528/500 487/527/499 520/589/557 521/591/559
f 502/530/502 501/529/501 534/590/558 535/592/560
f 489/531/503 488/528/500 521/591/559 522/560/530
f 503/532/504 502/530/502 535/592/560 536/562/532
f 525/566/536 524/564/534 555/593/561 556/594/562
f 539/567/537 538/565/535 569/595/563 570/596/564
f 526/568/538 525/566/536 556/594/562 557/597/565
f 540/569/539 539/567/537 570/596/564 571/598/566
f 527/570/540 526/568/538 557/597/565 558/599/567
f 541/571/541 540/569/539 571/598/566 572/600/568
f 528/572/542 527/570/540 558/599/567 559/601/569
f 515/574/543 514/602/20 546/603/570
f 542/575/544 541/571/541 572/600/568 573/604/571
f 529/576/545 528/572/542 559/601/569 560/605/572
f 516/577/546 515/574/543 546/603/570 547/606/573
f 543/578/547 542/575/544 573/604/571 574/607/574
f 530/579/548 529/576/545 560/605/572 561/608/575
f 517/580/549 516/577/546 547/606/573 548/609/576
f 544/581/550 543/578/547 574/607/574 575/610/577
f 531/582/551 530/579/548 561/608/575 562/611/578
f 518/583/552 517/580/549 548/609/576 549/612/579
f 545/584/553 544/581/550 575/610/577 576/613/580
f 532/585/554 531/582/551 562/611/578 563/614/581
f 519/586/555 518/583/552 549/612/579 550/615/582
f 513/616/46 545/584/553 576/613/580
f 533/588/556 532/585/554 563/614/581 564/617/583
f 520/589/557 519/586/555 550/615/582 551/618/584
f 534/590/558 533/588/556 564/617/583 565/619/585
f 521/591/559 520/589/557 551/618/584 552/620/586
f 535/592/560 534/590/558 565/619/585 566/621/587
f 522/560/530 521/591/559 552/620/586 553/622/588
f 536/562/532 535/592/560 566/621/587 567/623/589
f 523/561/531 522/560/530 553/622/588 554/624/590
f 537/563/533 536/562/532 567/623/589 568/625/591
f 524/564/534 523/561/531 554/624/590 555/593/561
f 538/565/535 537/563/533 568/625/591 569/595/563
f 558/599/567 557/597/565 588/626/592 589/627/593
f 572/600/568 571/598/566 602/628/594 603/629/595
f 559/601/569 558/599/567 589/627/593 590/630/596
f 546/603/570 514/631/20 577/632/597
f 573/604/571 572/600/568 603/629/595 604/633/598
f 560/605/572 559/601/569 590/630/596 591/634/599
f 547/606/573 546/603/570 577/632/597 578/635/600
f 574/607/574 573/604/571 604/633/598 605/636/601
f 561/608/575 560/605/572 591/634/599 592/637/602
f 548/609/576 547/606/573 578/635/600 579/638/603
f 575/610/577 574/607/574 605/636/601 606/639/604
f 562/611/578 561/608/575 592/637/602 593/640/605
f 549/612/579 548/609/576 579/638/603 580/641/606
f 576/613/580 575/610/577 606/639/604 607/642/607
f 563/614/581 562/611/578 593/640/605 594/643/608
f 550/615/582 549/612/579 580/641/606 581/644/609
f 513/645/46 576/613/580 607/642/607
f 564/617/583 563/614/581 594/643/608 595/646/610
f 551/618/584 550/615/582 581/644/609 582/647/611
f 565/619/585 564/617/583 595/646/610 596/648/612
f 552/620/586 551/618/584 582/647/611 583/649/613
f 566/621/587 565/619/585 596/648/612 597/650/614
f 553/622/588 552/620/586 583/649/613 584/651/615
f 567/623/589 566/621/587 597/650/614 598/652/616
f 554/624/590 553/622/588 584/651/615 585/653/617
f 568/625/591 567/623/589 598/652/616 599/654/618
f 555/593/561 554/624/590 585/653/617 586/655/619
f 569/595/563 568/625/591 599/654/618 600/656/620
f 556/594/562 555/593/561 586/655/619 587/657/621
f 570/596/564 569/595/563 600/656/620 601/658/622
f 557/597/565 556/594/562 587/657/621 588/626/592
f 571/598/566 570/596/564 601/658/622 602/628/594
f 591/634/599 590/630/596 621/659/623 622/660/624
f 578/635/600 577/632/597 608/661/625 609/662/626
f 605/636/601 604/633/598 635/663/627 636/664/628
f 592/637/602 591/634/599 622/660/624 623/665/629
f 579/638/603 578/635/600 609/662/626 610/666/630
f 606/639/604 605/636/601 636/664/628 637/667/631
f 593/640/605 592/637/602 623/665/629 624/668/632
f 580/641/606 579/638/603 610/666/630 611/669/633
f 607/642/607 606/639/604 637/667/631 638/670/634
f 594/643/608 593/640/605 624/668/632 625/671/635
f 581/644/609 580/641/606 611/669/633 612/672/636
f 513/673/46 607/642/607 638/670/634
f 595/646/610 594/643/608 625/671/635 626/674/637
f 582/647/611 581/644/609 612/672/636 613/675/638
f 596/648/612 595/646/610 626/674/637 627/676/639
f 583/649/613 582/647/611 613/675/638 614/677/640
f 597/650/614 596/648/612 627/676/639 628/678/641
f 584/651/615 583/649/613 614/677/640 615/679/642
f 598/652/616 597/650/614 628/678/641 629/680/643
f 585/653/617 584/651/615 615/679/642 616/681/644
f 599/654/618 598/652/616 629/680/643 630/682/645
f 586/655/619 585/653/617 616/681/644 617/683/646
f 600/656/620 599/654/618 630/682/645 631/684/647
f 587/657/621 586/655/619 617/683/646 618/685/648
f 601/658/622 600/656/620 631/684/647 632/686/649
f 588/626/592 587/657/621 618/685/648 619/687/650
f 602/628/594 601/658/622 632/686/649 633/688/651
f 589/627/593 588/626/592 619/687/650 620/689/652
f 603/629/595 602/628/594 633/688/651 634/690/653
f 590/630/596 589/627/593 620/689/652 621/659/623
f 577/632/597 514/691/20 608/661/625
f 604/633/598 603/629/595 634/690/653 635/663/627
f 624/668/632 623/665/629 654/692/654 655/693/655
f 611/669/633 610/666/630 641/694/656 642/695/657
f 638/670/634 637/667/631 668/696/658 669/697/659
f 625/671/635 624/668/632 655/693/655 656/698/660
f 612/672/636 611/669/633 642/695/657 643/699/661
f 513/700/46 638/670/634 669/697/659
f 626/674/637 625/671/635 656/698/660 657/701/662
f 613/675/638 612/672/636 643/699/661 644/702/663
f 627/676/639 626/674/637 657/701/662 658/703/664
f 614/677/640 613/675/638 644/702/663 645/704/665
f 628/678/641 627/676/639 658/703/664 659/705/666
f 615/679/642 614/677/640 645/704/665 646/706/667
f 629/680/643 628/678/641 659/705/666 660/707/668
f 616/681/644 615/679/642 646/706/667 647/708/669
f 630/682/645 629/680/643 660/707/668 661/709/670
f 617/683/646 616/681/644 647/708/669 648/710/671
f 631/684/647 630/682/645 661/709/670 662/711/672
f 618/685/648 617/683/646 648/710/671 649/712/673
f 632/686/649 631/684/647 662/711/672 663/713/674
f 619/687/650 618/685/648 649/712/673 650/714/675
f 633/688/651 632/686/649 663/713/674 664/715/676
f 620/689/652 619/687/650 650/714/675 651/716/677
f 634/690/653 633/688/651 664/715/676 665/717/678
f 621/659/623 620/689/652 651/716/677 652/718/679
f 608/661/625 514/719/20 639/720/680
f 635/663/627 634/690/653 665/717/678 666/721/681
f 622/660/624 621/659/623 652/718/679 653/722/682
f 609/662/626 608/661/625 639/720/680 640/723/683
f 636/664/628 635/663/627 666/721/681 667/724/684
f 623/665/629 622/660/624 653/722/682 654/692/654
f 610/666/630 609/662/626 640/723/683 641/694/656
f 637/667/631 636/664/628 667/724/684 668/696/658
f 657/701/662 656/698/660 687/725/685 688/726/686
f 644/702/663 643/699/661 674/727/687 675/728/688
f 658/703/664 657/701/662 688/726/686 689/729/689
f 645/704/665 644/702/663 675/728/688 676/730/690
f 659/705/666 658/703/664 689/729/689 690/731/691
f 646/706/667 645/704/665 676/730/690 677/732/692
f 660/707/668 659/705/666 690/731/691 691/733/693
f 647/708/669 646/706/667 677/732/692 678/734/694
f 661/709/670 660/707/668 691/733/693 692/735/695
f 648/710/671 647/708/669 678/734/694 679/736/696
f 662/711/672 661/709/670 692/735/695 693/737/697
f 649/712/673 648/710/671 679/736/696 680/738/698
f 663/713/674 662/711/672 693/737/697 694/739/699
f 650/714/675 649/712/673 680/738/698 681/740/700
f 664/715/676 663/713/674 694/739/699 695/741/701
f 651/716/677 650/714/675 681/740/700 682/742/702
f 665/717/678 664/715/676 695/741/701 696/743/703
f 652/718/679 651/716/677 682/742/702 683/744/704
f 639/720/680 514/745/20 670/746/705
f 666/721/681 665/717/678 696/743/703 697/747/706
f 653/722/682 652/718/679 683/744/704 684/748/707
f 640/723/683 639/720/680 670/746/705 671/749/708
f 667/724/684 666/721/681 697/747/706 698/750/709
f 654/692/654 653/722/682 684/748/707 685/751/710
f 641/694/656 640/723/683 671/749/708 672/752/711
f 668/696/658 667/724/684 698/750/709 699/753/712
f 655/693/655 654/692/654 685/751/710 686/754/713
f 642/695/657 641/694/656 672/752/711 673/755/714
f 669/697/659 668/696/658 699/753/712 700/756/715
f 656/698/660 655/693/655 686/754/713 687/725/685
f 643/699/661 642/695/657 673/755/714 674/727/687
f 513/757/46 669/697/659 700/756/715
f 690/731/691 689/729/689 720/758/716 721/759/717
f 677/732/692 676/730/690 707/760/718 708/761/719
f 691/733/693 690/731/691 721/759/717 722/762/720
f 678/734/694 677/732/692 708/761/719 709/763/721
f 692/735/695 691/733/693 722/762/720 723/764/722
f 679/736/696 678/734/694 709/763/721 710/765/723
f 693/737/697 692/735/695 723/764/722 724/766/724
f 680/738/698 679/736/696 710/765/723 711/767/725
f 694/739/699 693/737/697 724/766/724 725/768/726
f 681/740/700 680/738/698 711/767/725 712/769/727
f 695/741/701 694/739/699 725/768/726 726/770/728
f 682/742/702 681/740/700 712/769/727 713/771/729
f 696/743/703 695/741/701 726/770/728 727/772/730
f 683/744/704 682/742/702 713/771/729 714/773/731
f 670/746/705 514/774/20 701/775/732
f 697/747/706 696/743/703 727/772/730 728/776/733
f 684/748/707 683/744/704 714/773/731 715/777/734
f 671/749/708 670/746/705 701/775/732 702/778/735
f 698/750/709 697/747/706 728/776/733 729/779/736
f 685/751/710 684/748/707 715/777/734 716/780/737
f 672/752/711 671/749/708 702/778/735 703/781/738
f 699/753/712 698/750/709 729/779/736 730/782/739
f 686/754/713 685/751/710 716/780/737 717/783/740
f 673/755/714 672/752/711 703/781/738 704/784/741
f 700/756/715 699/753/712 730/782/739 731/785/742
f 687/725/685 686/754/713 717/783/740 718/786/743
f 674/727/687 673/755/714 704/784/741 705/787/744
f 513/788/46 700/756/715 731/785/742
f 688/726/686 687/725/685 718/786/743 719/789/745
f 675/728/688 674/727/687 705/787/744 706/790/746
f 689/729/689 688/726/686 719/789/745 720/758/716
f 676/730/690 675/728/688 706/790/746 707/760/718
f 723/764/722 722/762/720 753/791/747 754/792/748
f 710/765/723 709/763/721 740/793/749 741/794/750
f 724/766/724 723/764/722 754/792/748 755/795/751
f 711/767/725 710/765/723 741/794/750 742/796/752
f 725/768/726 724/766/724 755/795/751 756/797/753
f 712/769/727 711/767/725 742/796/752 743/798/754
f 726/770/728 725/768/726 756/797/753 757/799/755
f 713/771/729 712/769/727 743/798/754 744/800/756
f 727/772/730 726/770/728 757/799/755 758/801/757
f 714/773/731 713/771/729 744/800/756 745/802/758
f 701/775/732 514/803/20 732/804/759
f 728/776/733 727/772/730 758/801/757 759/805/760
f 715/777/734 714/773/731 745/802/758 746/806/761
f 702/778/735 701/775/732 732/804/759 733/807/762
f 729/779/736 728/776/733 759/805/760 760/808/763
f 716/780/737 715/777/734 746/806/761 747/809/764
f 703/781/738 702/778/735 733/807/762 734/810/765
f 730/782/739 729/779/736 760/808/763 761/811/766
f 717/783/740 716/780/737 747/809/764 748/812/767
f 704/784/741 703/781/738 734/810/765 735/813/768
f 731/785/742 730/782/739 761/811/766 762/814/769
f 718/786/743 717/783/740 748/812/767 749/815/770
f 705/787/744 704/784/741 735/813/768 736/816/771
f 513/817/46 731/785/742 762/814/769
f 719/789/745 718/786/743 749/815/770 750/818/772
f 706/790/746 705/787/744 736/816/771 737/819/773
f 720/758/716 719/789/745 750/818/772 751/820/774
f 707/760/718 706/790/746 737/819/773 738/821/775
f 721/759/717 720/758/716 751/820/774 752/822/776
f 708/761/719 707/760/718 738/821/775 739/823/777
f 722/762/720 721/759/717 752/822/776 753/791/747
f 709/763/721 708/761/719 739/823/777 740/793/749
f 756/824/753 755/825/751 786/826/778 787/827/779
f 743/828/754 742/829/752 773/830/780 774/831/781
f 757/832/755 756/824/753 787/827/779 788/833/782
f 744/834/756 743/828/754 774/831/781 775/835/783
f 758/836/757 757/832/755 788/833/782 789/837/784
f 745/838/758 744/834/756 775/835/783 776/839/785
f 732/840/759 514/841/20 763/842/786
f 759/843/760 758/836/757 789/837/784 790/844/787
f 746/845/761 745/838/758 776/839/785 777/846/788
f 733/847/762 732/840/759 763/842/786 764/848/789
f 760/849/763 759/843/760 790/844/787 791/850/790
f 747/851/764 746/845/761 777/846/788 778/852/791
f 734/853/765 733/847/762 764/848/789 765/854/792
f 761/855/766 760/849/763 791/850/790 792/856/793
f 748/857/767 747/851/764 778/852/791 779/858/794
f 735/859/768 734/853/765 765/854/792 766/860/795
f 762/861/769 761/855/766 792/856/793 793/862/796
f 749/863/770 748/857/767 779/858/794 780/864/797
f 736/865/771 735/859/768 766/860/795 767/866/798
f 513/867/46 762/861/769 793/862/796
f 750/868/772 749/863/770 780/864/797 781/869/799
f 737/870/773 736/865/771 767/866/798 768/871/800
f 751/872/774 750/868/772 781/869/799 782/873/801
f 738/874/775 737/870/773 768/871/800 769/875/802
f 752/876/776 751/872/774 782/873/801 783/877/803
f 739/878/777 738/874/775 769/875/802 770/879/804
f 753/880/747 752/876/776 783/877/803 784/881/805
f 740/882/749 739/878/777 770/879/804 771/883/806
f 754/884/748 753/880/747 784/881/805 785/885/807
f 741/886/750 740/882/749 771/883/806 772/887/808
f 755/825/751 754/884/748 785/885/807 786/826/778
f 742/829/752 741/886/750 772/887/808 773/830/780
f 789/837/784 788/833/782 819/888/809 820/889/810
f 776/839/785 775/835/783 806/890/811 807/891/812
f 763/842/786 514/892/20 794/893/813
f 790/844/787 789/837/784 820/889/810 821/894/814
f 777/846/788 776/839/785 807/891/812 808/895/815
f 764/848/789 763/842/786 794/893/813 795/896/816
f 791/850/790 790/844/787 821/894/814 822/897/817
f 778/852/791 777/846/788 808/895/815 809/898/818
f 765/854/792 764/848/789 795/896/816 796/899/819
f 792/856/793 791/850/790 822/897/817 823/900/820
f 779/858/794 778/852/791 809/898/818 810/901/821
f 766/860/795 765/854/792 796/899/819 797/902/822
f 793/862/796 792/856/793 823/900/820 824/903/823
f 780/864/797 779/858/794 810/901/821 811/904/824
f 767/866/798 766/860/795 797/902/822 798/905/825
f 513/906/46 793/862/796 824/903/823
f 781/869/799 780/864/797 811/904/824 812/907/826
f 768/871/800 767/866/798 798/905/825 799/908/827
f 782/873/801 781/869/799 812/907/826 813/909/828
f 769/875/802 768/871/800 799/908/827 800/910/829
f 783/877/803 782/873/801 813/909/828 814/911/830
f 770/879/804 769/875/802 800/910/829 801/912/831
f 784/881/805 783/877/803 814/911/830 815/913/832
f 771/883/806 770/879/804 801/912/831 802/914/833
f 785/885/807 784/881/805 815/913/832 816/915/834
f 772/887/808 771/883/806 802/914/833 803/916/835
f 786/826/778 785/885/807 816/915/834 817/917/836
f 773/830/780 772/887/808 803/916/835 804/918/837
f 787/827/779 786/826/778 817/917/836 818/919/838
f 774/831/781 773/830/780 804/918/837 805/920/839
f 788/833/782 787/827/779 818/919/838 819/888/809
f 775/835/783 774/831/781 805/920/839 806/890/811
f 808/895/815 807/891/812 838/921/840 839/922/841
f 795/896/816 794/893/813 825/923/842 826/924/843
f 822/897/817 821/894/814 852/925/844 853/926/845
f 809/898/818 808/895/815 839/922/841 840/927/846
f 796/899/819 795/896/816 826/924/843 827/928/847
f 823/900/820 822/897/817 853/926/845 854/929/848
f 810/901/821 809/898/818 840/927/846 841/930/849
f 797/902/822 796/899/819 827/928/847 828/931/850
f 824/903/823 823/900/820 854/929/848 855/932/851
f 811/904/824 810/901/821 841/930/849 842/933/852
f 798/905/825 797/902/822 828/931/850 829/934/853
f 513/935/46 824/903/823 855/932/851
f 812/907/826 811/904/824 842/933/852 843/936/854
f 799/908/827 798/905/825 829/934/853 830/937/855
f 813/909/828 812/907/826 843/936/854 844/938/856
f 800/910/829 799/908/827 830/937/855 831/939/857
f 814/911/830 813/909/828 844/938/856 845/940/858
f 801/912/831 800/910/829 831/939/857 832/941/859
f 815/913/832 814/911/830 845/940/858 846/942/860
f 802/914/833 801/912/831 832/941/859 833/943/861
f 816/915/834 815/913/832 846/942/860 847/944/862
f 803/916/835 802/914/833 833/943/861 834/945/863
f 817/917/836 816/915/834 847/944/862 848/946/864
f 804/918/837 803/916/835 834/945/863 835/947/865
f 818/919/838 817/917/836 848/946/864 849/948/866
f 805/920/839 804/918/837 835/947/865 836/949/867
f 819/888/809 818/919/838 849/948/866 850/950/868
f 806/890/811 805/920/839 836/949/867 837/951/869
f 820/889/810 819/888/809 850/950/868 851/952/870
f 807/891/812 806/890/811 837/951/869 838/921/840
f 794/893/813 514/953/20 825/923/842
f 821/894/814 820/889/810 851/952/870 852/925/844
f 841/930/849 840/927/846 871/954/871 872/955/872
f 828/931/850 827/928/847 858/956/873 859/957/874
f 855/932/851 854/929/848 885/958/875 886/959/876
f 842/933/852 841/930/849 872/955/872 873/960/877
f 829/934/853 828/931/850 859/957/874 860/961/878
f 513/962/46 855/932/851 886/959/876
f 843/936/854 842/933/852 873/960/877 874/963/879
f 830/937/855 829/934/853 860/961/878 861/964/880
f 844/938/856 843/936/854 874/963/879 875/965/881
f 831/939/857 830/937/855 861/964/880 862/966/882
f 845/940/858 844/938/856 875/965/881 876/967/883
f 832/941/859 831/939/857 862/966/882 863/968/884
f 846/942/860 845/940/858 876/967/883 877/969/885
f 833/943/861 832/941/859 863/968/884 864/970/886
f 847/944/862 846/942/860 877/969/885 878/971/887
f 834/945/863 833/943/861 864/970/886 865/972/888
f 848/946/864 847/944/862 878/971/887 879/973/889
f 835/947/865 834/945/863 865/972/888 866/974/890
f 849/948/866 848/946/864 879/973/889 880/975/891
f 836/949/867 835/947/865 866/974/890 867/976/892
f 850/950/868 849/948/866 880/975/891 881/977/893
f 837/951/869 836/949/867 867/976/892 868/978/894
f 851/952/870 850/950/868 881/977/893 882/979/895
f 838/921/840 837/951/869 868/978/894 869/980/896
f 825/923/842 514/981/20 856/982/897
f 852/925/844 851/952/870 882/979/895 883/983/898
f 839/922/841 838/921/840 869/980/896 870/984/899
f 826/924/843 825/923/842 856/982/897 857/985/900
f 853/926/845 852/925/844 883/983/898 884/986/901
f 840/927/846 839/922/841 870/984/899 871/954/871
f 827/928/847 826/924/843 857/985/900 858/956/873
f 854/929/848 853/926/845 884/986/901 885/958/875
f 874/963/879 873/960/877 904/987/902 905/988/903
f 861/964/880 860/961/878 891/989/904 892/990/905
f 875/965/881 874/963/879 905/988/903 906/991/906
f 862/966/882 861/964/880 892/990/905 893/992/907
f 876/967/883 875/965/881 906/991/906 907/993/908
f 863/968/884 862/966/882 893/992/907 894/994/909
f 877/969/885 876/967/883 907/993/908 908/995/910
f 864/970/886 863/968/884 894/994/909 895/996/911
f 878/971/887 877/969/885 908/995/910 909/997/912
f 865/972/888 864/970/886 895/996/911 896/998/913
f 879/973/889 878/971/887 909/997/912 910/999/914
f 866/974/890 865/972/888 896/998/913 897/1000/915
f 880/975/891 879/973/889 910/999/914 911/1001/916
f 867/976/892 866/974/890 897/1000/915 898/1002/917
f 881/977/893 880/975/891 911/1001/916 912/1003/918
f 868/978/894 867/976/892 898/1002/917 899/1004/919
f 882/979/895 881/977/893 912/1003/918 913/1005/920
f 869/980/896 868/978/894 899/1004/919 900/1006/921
f 856/982/897 514/1007/20 887/1008/922
f 883/983/898 882/979/895 913/1005/920 914/1009/923
f 870/984/899 869/980/896 900/1006/921 901/1010/924
f 857/985/900 856/982/897 887/1008/922 888/1011/925
f 884/986/901 883/983/898 914/1009/923 915/1012/926
f 871/954/871 870/984/899 901/1010/924 902/1013/927
f 858/956/873 857/985/900 888/1011/925 889/1014/928
f 885/958/875 884/986/901 915/1012/926 916/1015/929
f 872/955/872 871/954/871 902/1013/927 903/1016/930
f 859/957/874 858/956/873 889/1014/928 890/1017/931
f 886/959/876 885/958/875 916/1015/929 917/1018/932
f 873/960/877 872/955/872 903/1016/930 904/987/902
f 860/961/878 859/957/874 890/1017/931 891/989/904
f 513/1019/46 886/959/876 917/1018/932
f 907/993/908 906/991/906 937/1020/933 938/1021/934
f 894/994/909 893/992/907 924/1022/935 925/1023/936
f 908/995/910 907/993/908 938/1021/934 939/1024/937
f 895/996/911 894/994/909 925/1023/936 926/1025/938
f 909/997/912 908/995/910 939/1024/937 940/1026/939
f 896/998/913 895/996/911 926/1025/938 927/1027/940
f 910/999/914 909/997/912 940/1026/939 941/1028/941
f 897/1000/915 896/998/913 927/1027/940 928/1029/942
f 911/1001/916 910/999/914 941/1028/941 942/1030/943
f 898/1002/917 897/1000/915 928/1029/942 929/1031/944
f 912/1003/918 911/1001/916 942/1030/943 943/1032/945
f 899/1004/919 898/1002/917 929/1031/944 930/1033/946
f 913/1005/920 912/1003/918 943/1032/945 944/1034/947
f 900/1006/921 899/1004/919 930/1033/946 931/1035/948
f 887/1008/922 514/1036/20 918/1037/949
f 914/1009/923 913/1005/920 944/1034/947 945/1038/950
f 901/1010/924 900/1006/921 931/1035/948 932/1039/951
f 888/1011/925 887/1008/922 918/1037/949 919/1040/952
f 915/1012/926 914/1009/923 945/1038/950 946/1041/953
f 902/1013/927 901/1010/924 932/1039/951 933/1042/954
f 889/1014/928 888/1011/925 919/1040/952 920/1043/955
f 916/1015/929 915/1012/926 946/1041/953 947/1044/956
f 903/1016/930 902/1013/927 933/1042/954 934/1045/957
f 890/1017/931 889/1014/928 920/1043/955 921/1046/958
f 917/1018/932 916/1015/929 947/1044/956 948/1047/959
f 904/987/902 903/1016/930 934/1045/957 935/1048/960
f 891/989/904 890/1017/931 921/1046/958 922/1049/961
f 513/1050/46 917/1018/932 948/1047/959
f 905/988/903 904/987/902 935/1048/960 936/1051/962
f 892/990/905 891/989/904 922/1049/961 923/1052/963
f 906/991/906 905/988/903 936/1051/962 937/1020/933
f 893/992/907 892/990/905 923/1052/963 924/1022/935
f 940/1026/939 939/1024/937 970/1053/964 971/1054/965
f 927/1027/940 926/1025/938 957/1055/966 958/1056/967
f 941/1028/941 940/1026/939 971/1054/965 972/1057/968
f 928/1029/942 927/1027/940 958/1056/967 959/1058/969
f 942/1030/943 941/1028/941 972/1057/968 973/1059/970
f 929/1031/944 928/1029/942 959/1058/969 960/1060/971
f 943/1032/945 942/1030/943 973/1059/970 974/1061/972
f 930/1033/946 929/1031/944 960/1060/971 961/1062/973
f 944/1034/947 943/1032/945 974/1061/972 975/1063/974
f 931/1035/948 930/1033/946 961/1062/973 962/1064/975
f 918/1037/949 514/1065/20 949/1066/976
f 945/1038/950 944/1034/947 975/1063/974 976/1067/977
f 932/1039/951 931/1035/948 962/1064/975 963/1068/978
f 919/1040/952 918/1037/949 949/1066/976 950/1069/979
f 946/1041/953 945/1038/950 976/1067/977 977/1070/980
f 933/1042/954 932/1039/951 963/1068/978 964/1071/981
f 920/1043/955 919/1040/952 950/1069/979 951/1072/982
f 947/1044/956 946/1041/953 977/1070/980 978/1073/983
f 934/1045/957 933/1042/954 964/1071/981 965/1074/984
f 921/1046/958 920/1043/955 951/1072/982 952/1075/985
f 948/1047/959 947/1044/956 978/1073/983 979/1076/986
f 935/1048/960 934/1045/957 965/1074/984 966/1077/987
f 922/1049/961 921/1046/958 952/1075/985 953/1078/988
f 513/1079/46 948/1047/959 979/1076/986
f 936/1051/962 935/1048/960 966/1077/987 967/1080/989
f 923/1052/963 922/1049/961 953/1078/988 954/1081/990
f 937/1020/933 936/1051/962 967/1080/989 968/1082/991
f 924/1022/935 923/1052/963 954/1081/990 955/1083/992
f 938/1021/934 937/1020/933 968/1082/991 969/1084/993
f 925/1023/936 924/1022/935 955/1083/992 956/1085/994
f 939/1024/937 938/1021/934 969/1084/993 970/1053/964
f 926/1025/938 925/1023/936 956/1085/994 957/1055/966
f 973/1059/970 972/1057/968 992/6/6 12/5/5
f 960/1060/971 959/1058/969 988/1/1 3/9/9
f 974/1061/972 973/1059/970 12/5/5 13/11/11
f 961/1062/973 960/1060/971 3/9/9 4/13/13
f 975/1063/974 974/1061/972 13/11/11 14/15/15
f 962/1064/975 961/1062/973 4/13/13 5/17/17
f 949/1066/976 514/1086/20 980/19/19
f 976/1067/977 975/1063/974 14/15/15 993/22/22
f 963/1068/978 962/1064/975 5/17/17 6/24/24
f 950/1069/979 949/1066/976 980/19/19 981/26/26
f 977/1070/980 976/1067/977 993/22/22 994/28/28
f 964/1071/981 963/1068/978 6/24/24 989/30/30
f 951/1072/982 950/1069/979 981/26/26 982/32/32
f 978/1073/983 977/1070/980 994/28/28 15/34/34
f 965/1074/984 964/1071/981 989/30/30 7/36/36
f 952/1075/985 951/1072/982 982/32/32 983/38/38
f 979/1076/986 978/1073/983 15/34/34 16/40/40
f 966/1077/987 965/1074/984 7/36/36 8/42/42
f 953/1078/988 952/1075/985 983/38/38 984/44/44
f 513/1087/46 979/1076/986 16/40/40
f 967/1080/989 966/1077/987 8/42/42 990/47/47
f 954/1081/990 953/1078/988 984/44/44 985/49/49
f 968/1082/991 967/1080/989 990/47/47 991/51/51
f 955/1083/992 954/1081/990 985/49/49 1/53/53
f 969/1084/993 968/1082/991 991/51/51 9/55/55
f 956/1085/994 955/1083/992 1/53/53 986/57/57
f 970/1053/964 969/1084/993 9/55/55 10/59/59
f 957/1055/966 956/1085/994 986/57/57 2/61/61
f 971/1054/965 970/1053/964 10/59/59 11/63/63
f 958/1056/967 957/1055/966 2/61/61 987/2/2
f 972/1057/968 971/1054/965 11/63/63 992/6/6
f 959/1058/969 958/1056/967 987/2/2 988/1/1
f 995/1088/995 1014/1088/995 1015/1088/996 996/1088/996
f 996/1088/996 1015/1088/996 1025/1088/997 997/1088/997
f 997/1088/997 1025/1088/997 1016/1088/998 998/1088/998
f 998/1088/998 1016/1088/998 1017/1088/999 999/1088/999
f 999/1088/999 1017/1088/999 1018/1088/1000 1000/1088/1000
f 1000/1088/1000 1018/1088/1000 1026/1088/1001 1001/1088/1001
f 1001/1088/1001 1026/1088/1001 1019/1088/1002 1002/1088/1002
f 1002/1088/1002 1019/1088/1002 1020/1088/1003 1003/1088/1003
f 1003/1088/1003 1020/1088/1003 1021/1088/1004 1004/1088/1005
f 1004/1088/1005 1021/1088/1004 1027/1088/1006 1005/1088/1006
f 1005/1088/1006 1027/1088/1006 1028/1088/1007 1006/1088/1007
f 1006/1088/1007 1028/1088/1007 1029/1088/1008 1007/1088/1008
f 1007/1088/1008 1029/1088/1008 1030/1088/1009 1008/1088/1009
f 1008/1088/1009 1030/1088/1009 1022/1088/1010 1009/1088/1010
f 1009/1088/1010 1022/1088/1010 1031/1088/1011 1010/1088/1011
f 1010/1088/1011 1031/1088/1011 1023/1088/1012 1011/1088/1012
f 1011/1088/1012 1023/1088/1012 1032/1088/1013 1012/1088/1013
f 1012/1088/1013 1032/1088/1013 1024/1088/1014 1013/1088/1014
f 1013/1088/1014 1024/1088/1014 1014/1088/995 995/1088/995
f 1014/1088/995 1033/1088/995 1034/1088/996 1015/1088/996
f 1015/1088/996 1034/1088/996 1035/1088/997 1025/1088/997
f 1025/1088/997 1035/1088/997 1036/1088/998 1016/1088/998
f 1016/1088/998 1036/1088/998 1037/1088/999 1017/1088/999
f 1017/1088/999 1037/1088/999 1038/1088/1000 1018/1088/1000
f 1018/1088/1000 1038/1088/1000 1048/1088/1001 1026/1088/1001
f 1026/1088/1001 1048/1088/1001 1039/1088/1002 1019/1088/1002
f 1019/1088/1002 1039/1088/1002 1040/1088/1003 1020/1088/1003
f 1020/1088/1003 1040/1088/1003 1041/1088/1004 1021/1088/1004
f 1021/1088/1004 1041/1088/1004 1042/1088/1006 1027/1088/1006
f 1027/1088/1006 1042/1088/1006 1043/1088/1007 1028/1088/1007
f 1028/1088/1007 1043/1088/1007 1049/1088/1008 1029/1088/1008
f 1029/1088/1008 1049/1088/1008 1044/1088/1009 1030/1088/1009
f 1030/1088/1009 1044/1088/1009 1045/1088/1010 1022/1088/1010
f 1022/1088/1010 1045/1088/1010 1050/1088/1011 1031/1088/1011
f 1031/1088/1011 1050/1088/1011 1051/1088/1012 1023/1088/1012
f 1023/1088/1012 1051/1088/1012 1046/1088/1013 1032/1088/1013
f 1032/1088/1013 1046/1088/1013 1047/1088/1014 1024/1088/1014
f 1024/1088/1014 1047/1088/1014 1033/1088/995 1014/1088/995
f 1033/1088/995 1063/1088/995 1052/1088/996 1034/1088/996
f 1034/1088/996 1052/1088/996 1053/1088/997 1035/1088/997
f 1035/1088/997 1053/1088/997 1054/1088/998 1036/1088/998
f 1036/1088/998 1054/1088/998 1064/1088/999 1037/1088/999
f 1037/1088/999 1064/1088/999 1065/1088/1000 1038/1088/1000
f 1038/1088/1000 1065/1088/1000 1055/1088/1001 1048/1088/1001
f 1048/1088/1001 1055/1088/1001 1066/1088/1002 1039/1088/1002
f 1039/1088/1002 1066/1088/1002 1056/1088/1003 1040/1088/1003
f 1040/1088/1003 1056/1088/1003 1057/1088/1004 1041/1088/1004
f 1041/1088/1004 1057/1088/1004 1058/1088/1006 1042/1088/1006
f 1042/1088/1006 1058/1088/1006 1067/1088/1007 1043/1088/1007
f 1043/1088/1007 1067/1088/1007 1059/1088/1008 1049/1088/1008
f 1049/1088/1008 1059/1088/1008 1068/1088/1009 1044/1088/1009
f 1044/1088/1009 1068/1088/1009 1069/1088/1010 1045/1088/1010
f 1045/1088/1010 1069/1088/1010 1070/1088/1011 1050/1088/1011
f 1050/1088/1011 1070/1088/1011 1060/1088/1012 1051/1088/1012
f 1051/1088/1012 1060/1088/1012 1061/1088/1013 1046/1088/1013
f 1046/1088/1013 1061/1088/1013 1062/1088/1014 1047/1088/1014
f 1047/1088/1014 1062/1088/1014 1063/1088/995 1033/1088/995
f 1063/1088/995 1071/1088/995 1072/1088/996 1052/1088/996
f 1052/1088/996 1072/1088/996 1073/1088/997 1053/1088/997
f 1053/1088/997 1073/1088/997 1079/1088/998 1054/1088/998
f 1054/1088/998 1079/1088/998 1080/1088/999 1064/1088/999
f 1064/1088/999 1080/1088/999 1081/1088/1000 1065/1088/1000
f 1065/1088/1000 1081/1088/1000 1074/1088/1001 1055/1088/1001
f 1055/1088/1001 1074/1088/1001 1082/1088/1002 1066/1088/1002
f 1066/1088/1002 1082/1088/1002 1083/1088/1003 1056/1088/1003
f 1056/1088/1003 1083/1088/1003 1084/1088/1004 1057/1088/1004
f 1057/1088/1004 1084/1088/1004 1075/1088/1006 1058/1088/1006
f 1058/1088/1006 1075/1088/1006 1076/1088/1007 1067/1088/1007
f 1067/1088/1007 1076/1088/1007 1077/1088/1008 1059/1088/1008
f 1059/1088/1008 1077/1088/1008 1085/1088/1009 1068/1088/1009
f 1068/1088/1009 1085/1088/1009 1086/1088/1010 1069/1088/1010
f 1069/1088/1010 1086/1088/1010 1087/1088/1011 1070/1088/1011
f 1070/1088/1011 1087/1088/1011 1088/1088/1012 1060/1088/1012
f 1060/1088/1012 1088/1088/1012 1089/1088/1013 1061/1088/1013
f 1061/1088/1013 1089/1088/1013 1078/1088/1014 1062/1088/1014
f 1062/1088/1014 1078/1088/1014 1071/1088/995 1063/1088/995
f 1071/1088/995 1100/1088/1015 1101/1088/996 1072/1088/996
f 1072/1088/996 1101/1088/996 1102/1088/997 1073/1088/997
f 1073/1088/997 1102/1088/997 1090/1088/998 1079/1088/998
f 1079/1088/998 1090/1088/998 1103/1088/999 1080/1088/999
f 1080/1088/999 1103/1088/999 1104/1088/1000 1081/1088/1000
f 1081/1088/1000 1104/1088/1000 1091/1088/1001 1074/1088/1001
f 1074/1088/1001 1091/1088/1001 1092/1088/1002 1082/1088/1002
f 1082/1088/1002 1092/1088/1002 1093/1088/1003 1083/1088/1003
f 1083/1088/1003 1093/1088/1003 1094/1088/1004 1084/1088/1004
f 1084/1088/1004 1094/1088/1004 1105/1088/1006 1075/1088/1006
f 1075/1088/1006 1105/1088/1006 1106/1088/1007 1076/1088/1007
f 1076/1088/1007 1106/1088/1007 1095/1088/1008 1077/1088/1008
f 1077/1088/1008 1095/1088/1008 1096/1088/1009 1085/1088/1009
f 1085/1088/1009 1096/1088/1009 1097/1088/1010 1086/1088/1010
f 1086/1088/1010 1097/1088/1010 1107/1088/1011 1087/1088/1011
f 1087/1088/1011 1107/1088/1011 1108/1088/1012 1088/1088/1012
f 1088/1088/1012 1108/1088/1012 1098/1088/1013 1089/1088/1013
f 1089/1088/1013 1098/1088/1013 1099/1088/1014 1078/1088/1014
f 1078/1088/1014 1099/1088/1014 1100/1088/1015 1071/1088/995
f 1100/1088/1015 1119/1088/1015 1120/1088/996 1101/1088/996
f 1101/1088/996 1120/1088/996 1121/1088/997 1102/1088/997
f 1102/1088/997 1121/1088/997 1109/1088/998 1090/1088/998
f 1090/1088/998 1109/1088/998 1110/1088/999 1103/1088/999
f 1103/1088/999 1110/1088/999 1122/1088/1000 1104/1088/1000
f 1104/1088/1000 1122/1088/1000 1123/1088/1001 1091/1088/1001
f 1091/1088/1001 1123/1088/1001 1111/1088/1002 1092/1088/1002
f 1092/1088/1002 1111/1088/1002 1124/1088/1003 1093/1088/1003
f 1093/1088/1003 1124/1088/1003 1112/1088/1005 1094/1088/1004
f 1094/1088/1004 1112/1088/1005 1113/1088/1006 1105/1088/1006
f 1105/1088/1006 1113/1088/1006 1114/1088/1007 1106/1088/1007
f 1106/1088/1007 1114/1088/1007 1115/1088/1008 1095/1088/1008
f 1095/1088/1008 1115/1088/1008 1116/1088/1009 1096/1088/1009
f 1096/1088/1009 1116/1088/1009 1117/1088/1010 1097/1088/1010
f 1097/1088/1010 1117/1088/1010 1118/1088/1011 1107/1088/1011
f 1107/1088/1011 1118/1088/1011 1125/1088/1012 1108/1088/1012
f 1108/1088/1012 1125/1088/1012 1126/1088/1013 1098/1088/1013
f 1098/1088/1013 1126/1088/1013 1127/1088/1014 1099/1088/1014
f 1099/1088/1014 1127/1088/1014 1119/1088/1015 1100/1088/1015
f 1119/1088/1015 1135/1088/995 1136/1088/996 1120/1088/996
f 1120/1088/996 1136/1088/996 1137/1088/997 1121/1088/997
f 1121/1088/997 1137/1088/997 1138/1088/998 1109/1088/998
f 1109/1088/998 1138/1088/998 1139/1088/999 1110/1088/999
f 1110/1088/999 1139/1088/999 1140/1088/1000 1122/1088/1000
f 1122/1088/1000 1140/1088/1000 1141/1088/1001 1123/1088/1001
f 1123/1088/1001 1141/1088/1001 1142/1088/1002 1111/1088/1002
f 1111/1088/1002 1142/1088/1002 1143/1088/1003 1124/1088/1003
f 1124/1088/1003 1143/1088/1003 1144/1088/1005 1112/1088/1005
f 1112/1088/1005 1144/1088/1005 1128/1088/1006 1113/1088/1006
f 1113/1088/1006 1128/1088/1006 1129/1088/1007 1114/1088/1007
f 1114/1088/1007 1129/1088/1007 1130/1088/1008 1115/1088/1008
f 1115/1088/1008 1130/1088/1008 1131/1088/1009 1116/1088/1009
f 1116/1088/1009 1131/1088/1009 1132/1088/1010 1117/1088/1010
f 1117/1088/1010 1132/1088/1010 1145/1088/1011 1118/1088/1011
f 1118/1088/1011 1145/1088/1011 1133/1088/1012 1125/1088/1012
f 1125/1088/1012 1133/1088/1012 1134/1088/1013 1126/1088/1013
f 1126/1088/1013 1134/1088/1013 1146/1088/1014 1127/1088/1014
f 1127/1088/1014 1146/1088/1014 1135/1088/995 1119/1088/1015
f 1135/1088/995 1155/1088/1015 1147/1088/996 1136/1088/996
f 1136/1088/996 1147/1088/996 1148/1088/997 1137/1088/997
f 1137/1088/997 1148/1088/997 1149/1088/998 1138/1088/998
f 1138/1088/998 1149/1088/998 1150/1088/999 1139/1088/999
f 1139/1088/999 1150/1088/999 1151/1088/1000 1140/1088/1000
f 1140/1088/1000 1151/1088/1000 1152/1088/1001 1141/1088/1001
f 1141/1088/1001 1152/1088/1001 1156/1088/1002 1142/1088/1002
f 1142/1088/1002 1156/1088/1002 1153/1088/1003 1143/1088/1003
f 1143/1088/1003 1153/1088/1003 1157/1088/1005 1144/1088/1005
f 1144/1088/1005 1157/1088/1005 1158/1088/1006 1128/1088/1006
f 1128/1088/1006 1158/1088/1006 1159/1088/1007 1129/1088/1007
f 1129/1088/1007 1159/1088/1007 1160/1088/1008 1130/1088/1008
f 1130/1088/1008 1160/1088/1008 1161/1088/1009 1131/1088/1009
f 1131/1088/1009 1161/1088/1009 1162/1088/1010 1132/1088/1010
f 1132/1088/1010 1162/1088/1010 1163/1088/1011 1145/1088/1011
f 1145/1088/1011 1163/1088/1011 1164/1088/1012 1133/1088/1012
f 1133/1088/1012 1164/1088/1012 1165/1088/1013 1134/1088/1013
f 1134/1088/1013 1165/1088/1013 1154/1088/1014 1146/1088/1014
f 1146/1088/1014 1154/1088/1014 1155/1088/1015 1135/1088/995
f 1155/1088/1015 1176/1088/995 1177/1088/996 1147/1088/996
f 1147/1088/996 1177/1088/996 1178/1088/997 1148/1088/997
f 1148/1088/997 1178/1088/997 1179/1088/998 1149/1088/998
f 1149/1088/998 1179/1088/998 1180/1088/999 1150/1088/999
f 1150/1088/999 1180/1088/999 1181/1088/1000 1151/1088/1000
f 1151/1088/1000 1181/1088/1000 1182/1088/1001 1152/1088/1001
f 1152/1088/1001 1182/1088/1001 1166/1088/1002 1156/1088/1002
f 1156/1088/1002 1166/1088/1002 1167/1088/1003 1153/1088/1003
f 1153/1088/1003 1167/1088/1003 1168/1088/1004 1157/1088/1005
f 1157/1088/1005 1168/1088/1004 1169/1088/1006 1158/1088/1006
f 1158/1088/1006 1169/1088/1006 1170/1088/1007 1159/1088/1007
f 1159/1088/1007 1170/1088/1007 1171/1088/1008 1160/1088/1008
f 1160/1088/1008 1171/1088/1008 1172/1088/1009 1161/1088/1009
f 1161/1088/1009 1172/1088/1009 1173/1088/1010 1162/1088/1010
f 1162/1088/1010 1173/1088/1010 1174/1088/1011 1163/1088/1011
f 1163/1088/1011 1174/1088/1011 1175/1088/1012 1164/1088/1012
f 1164/1088/1012 1175/1088/1012 1183/1088/1013 1165/1088/1013
f 1165/1088/1013 1183/1088/1013 1184/1088/1014 1154/1088/1014
f 1154/1088/1014 1184/1088/1014 1176/1088/995 1155/1088/1015
f 1176/1088/995 1185/1088/995 1186/1088/996 1177/1088/996
f 1177/1088/996 1186/1088/996 1191/1088/997 1178/1088/997
f 1178/1088/997 1191/1088/997 1187/1088/998 1179/1088/998
f 1179/1088/998 1187/1088/998 1188/1088/999 1180/1088/999
f 1180/1088/999 1188/1088/999 1192/1088/1000 1181/1088/1000
f 1181/1088/1000 1192/1088/1000 1193/1088/1001 1182/1088/1001
f 1182/1088/1001 1193/1088/1001 1194/1088/1002 1166/1088/1002
f 1166/1088/1002 1194/1088/1002 1189/1088/1003 1167/1088/1003
f 1167/1088/1003 1189/1088/1003 1195/1088/1004 1168/1088/1004
f 1168/1088/1004 1195/1088/1004 1196/1088/1006 1169/1088/1006
f 1169/1088/1006 1196/1088/1006 1197/1088/1007 1170/1088/1007
f 1170/1088/1007 1197/1088/1007 1198/1088/1008 1171/1088/1008
f 1171/1088/1008 1198/1088/1008 1190/1088/1009 1172/1088/1009
f 1172/1088/1009 1190/1088/1009 1199/1088/1010 1173/1088/1010
f 1173/1088/1010 1199/1088/1010 1200/1088/1011 1174/1088/1011
f 1174/1088/1011 1200/1088/1011 1201/1088/1012 1175/1088/1012
f 1175/1088/1012 1201/1088/1012 1202/1088/1013 1183/1088/1013
f 1183/1088/1013 1202/1088/1013 1203/1088/1014 1184/1088/1014
f 1184/1088/1014 1203/1088/1014 1185/1088/995 1176/1088/995
f 1185/1088/995 5828/1088/995 1204/1088/996 1186/1088/996
f 1186/1088/996 1204/1088/996 5829/1088/997 1191/1088/997
f 1191/1088/997 5829/1088/997 5830/1088/998 1187/1088/998
f 1187/1088/998 5830/1088/998 5831/1088/999 1188/1088/999
f 1188/1088/999 5831/1088/999 1205/1088/1000 1192/1088/1000
f 1192/1088/1000 1205/1088/1000 5832/1088/1001 1193/1088/1001
f 1193/1088/1001 5832/1088/1001 5833/1088/1002 1194/1088/1002
f 1194/1088/1002 5833/1088/1002 5834/1088/1003 1189/1088/1003
f 1189/1088/1003 5834/1088/1003 5835/1088/1004 1195/1088/1004
f 1195/1088/1004 5835/1088/1004 5836/1088/1006 1196/1088/1006
f 1196/1088/1006 5836/1088/1006 5837/1088/1007 1197/1088/1007
f 1197/1088/1007 5837/1088/1007 5838/1088/1008 1198/1088/1008
f 1198/1088/1008 5838/1088/1008 5839/1088/1009 1190/1088/1009
f 1190/1088/1009 5839/1088/1009 5840/1088/1010 1199/1088/1010
f 1199/1088/1010 5840/1088/1010 5841/1088/1011 1200/1088/1011
f 1200/1088/1011 5841/1088/1011 1206/1088/1012 1201/1088/1012
f 1201/1088/1012 1206/1088/1012 5842/1088/1013 1202/1088/1013
f 1202/1088/1013 5842/1088/1013 5843/1088/1014 1203/1088/1014
f 1203/1088/1014 5843/1088/1014 5828/1088/995 1185/1088/995
f 1207/1088/1016 1226/1088/1016 1227/1088/1017 1208/1088/1017
f 1208/1088/1017 1227/1088/1017 1228/1088/1018 1209/1088/1018
f 1209/1088/1018 1228/1088/1018 1237/1088/1019 1210/1088/1019
f 1210/1088/1019 1237/1088/1019 1229/1088/1020 1211/1088/1020
f 1211/1088/1020 1229/1088/1020 1230/1088/1021 1212/1088/1021
f 1212/1088/1021 1230/1088/1021 1231/1088/1022 1213/1088/1022
f 1213/1088/1022 1231/1088/1022 1232/1088/1023 1214/1088/1023
f 1214/1088/1023 1232/1088/1023 1233/1088/1024 1215/1088/1024
f 1215/1088/1024 1233/1088/1024 1234/1088/1025 1216/1088/1026
f 1216/1088/1026 1234/1088/1025 1238/1088/1027 1217/1088/1027
f 1217/1088/1027 1238/1088/1027 1239/1088/1028 1218/1088/1028
f 1218/1088/1028 1239/1088/1028 1240/1088/1029 1219/1088/1029
f 1219/1088/1029 1240/1088/1029 1241/1088/1030 1220/1088/1030
f 1220/1088/1030 1241/1088/1030 1242/1088/1031 1221/1088/1031
f 1221/1088/1031 1242/1088/1031 1243/1088/1032 1222/1088/1032
f 1222/1088/1032 1243/1088/1032 1244/1088/1033 1223/1088/1033
f 1223/1088/1033 1244/1088/1033 1235/1088/1034 1224/1088/1034
f 1224/1088/1034 1235/1088/1034 1236/1088/1035 1225/1088/1035
f 1225/1088/1035 1236/1088/1035 1226/1088/1016 1207/1088/1016
f 1226/1088/1016 1245/1088/1016 1246/1088/1017 1227/1088/1017
f 1227/1088/1017 1246/1088/1017 1247/1088/1018 1228/1088/1018
f 1228/1088/1018 1247/1088/1018 1248/1088/1019 1237/1088/1019
f 1237/1088/1019 1248/1088/1019 1249/1088/1020 1229/1088/1020
f 1229/1088/1020 1249/1088/1020 1261/1088/1021 1230/1088/1021
f 1230/1088/1021 1261/1088/1021 1250/1088/1022 1231/1088/1022
f 1231/1088/1022 1250/1088/1022 1262/1088/1023 1232/1088/1023
f 1232/1088/1023 1262/1088/1023 1251/1088/1024 1233/1088/1024
f 1233/1088/1024 1251/1088/1024 1252/1088/1025 1234/1088/1025
f 1234/1088/1025 1252/1088/1025 1263/1088/1027 1238/1088/1027
f 1238/1088/1027 1263/1088/1027 1253/1088/1028 1239/1088/1028
f 1239/1088/1028 1253/1088/1028 1254/1088/1029 1240/1088/1029
f 1240/1088/1029 1254/1088/1029 1255/1088/1030 1241/1088/1030
f 1241/1088/1030 1255/1088/1030 1256/1088/1031 1242/1088/1031
f 1242/1088/1031 1256/1088/1031 1257/1088/1032 1243/1088/1032
f 1243/1088/1032 1257/1088/1032 1258/1088/1033 1244/1088/1033
f 1244/1088/1033 1258/1088/1033 1259/1088/1034 1235/1088/1034
f 1235/1088/1034 1259/1088/1034 1260/1088/1035 1236/1088/1035
f 1236/1088/1035 1260/1088/1035 1245/1088/1016 1226/1088/1016
f 1245/1088/1016 1264/1088/1016 1265/1088/1017 1246/1088/1017
f 1246/1088/1017 1265/1088/1017 1266/1088/1018 1247/1088/1018
f 1247/1088/1018 1266/1088/1018 1267/1088/1019 1248/1088/1019
f 1248/1088/1019 1267/1088/1019 1268/1088/1020 1249/1088/1020
f 1249/1088/1020 1268/1088/1020 1269/1088/1021 1261/1088/1021
f 1261/1088/1021 1269/1088/1021 1270/1088/1022 1250/1088/1022
f 1250/1088/1022 1270/1088/1022 1271/1088/1023 1262/1088/1023
f 1262/1088/1023 1271/1088/1023 1272/1088/1024 1251/1088/1024
f 1251/1088/1024 1272/1088/1024 1273/1088/1025 1252/1088/1025
f 1252/1088/1025 1273/1088/1025 1274/1088/1027 1263/1088/1027
f 1263/1088/1027 1274/1088/1027 1275/1088/1028 1253/1088/1028
f 1253/1088/1028 1275/1088/1028 1276/1088/1029 1254/1088/1029
f 1254/1088/1029 1276/1088/1029 1277/1088/1030 1255/1088/1030
f 1255/1088/1030 1277/1088/1030 1282/1088/1031 1256/1088/1031
f 1256/1088/1031 1282/1088/1031 1278/1088/1032 1257/1088/1032
f 1257/1088/1032 1278/1088/1032 1279/1088/1033 1258/1088/1033
f 1258/1088/1033 1279/1088/1033 1280/1088/1034 1259/1088/1034
f 1259/1088/1034 1280/1088/1034 1281/1088/1035 1260/1088/1035
f 1260/1088/1035 1281/1088/1035 1264/1088/1016 1245/1088/1016
f 1264/1088/1016 1283/1088/1036 1291/1088/1017 1265/1088/1017
f 1265/1088/1017 1291/1088/1017 1292/1088/1018 1266/1088/1018
f 1266/1088/1018 1292/1088/1018 1293/1088/1019 1267/1088/1019
f 1267/1088/1019 1293/1088/1019 1294/1088/1020 1268/1088/1020
f 1268/1088/1020 1294/1088/1020 1295/1088/1021 1269/1088/1021
f 1269/1088/1021 1295/1088/1021 1296/1088/1022 1270/1088/1022
f 1270/1088/1022 1296/1088/1022 1297/1088/1023 1271/1088/1023
f 1271/1088/1023 1297/1088/1023 1298/1088/1024 1272/1088/1024
f 1272/1088/1024 1298/1088/1024 1284/1088/1025 1273/1088/1025
f 1273/1088/1025 1284/1088/1025 1299/1088/1027 1274/1088/1027
f 1274/1088/1027 1299/1088/1027 1300/1088/1028 1275/1088/1028
f 1275/1088/1028 1300/1088/1028 1285/1088/1029 1276/1088/1029
f 1276/1088/1029 1285/1088/1029 1286/1088/1030 1277/1088/1030
f 1277/1088/1030 1286/1088/1030 1287/1088/1031 1282/1088/1031
f 1282/1088/1031 1287/1088/1031 1288/1088/1032 1278/1088/1032
f 1278/1088/1032 1288/1088/1032 1289/1088/1033 1279/1088/1033
f 1279/1088/1033 1289/1088/1033 1290/1088/1034 1280/1088/1034
f 1280/1088/1034 1290/1088/1034 1301/1088/1035 1281/1088/1035
f 1281/1088/1035 1301/1088/1035 1283/1088/1036 1264/1088/1016
f 1283/1088/1036 1310/1088/1036 1302/1088/1017 1291/1088/1017
f 1291/1088/1017 1302/1088/1017 1311/1088/1018 1292/1088/1018
f 1292/1088/1018 1311/1088/1018 1312/1088/1019 1293/1088/1019
f 1293/1088/1019 1312/1088/1019 1313/1088/1020 1294/1088/1020
f 1294/1088/1020 1313/1088/1020 1303/1088/1021 1295/1088/1021
f 1295/1088/1021 1303/1088/1021 1314/1088/1022 1296/1088/1022
f 1296/1088/1022 1314/1088/1022 1315/1088/1023 1297/1088/1023
f 1297/1088/1023 1315/1088/1023 1316/1088/1024 1298/1088/1024
f 1298/1088/1024 1316/1088/1024 1317/1088/1026 1284/1088/1025
f 1284/1088/1025 1317/1088/1026 1304/1088/1027 1299/1088/1027
f 1299/1088/1027 1304/1088/1027 1305/1088/1028 1300/1088/1028
f 1300/1088/1028 1305/1088/1028 1306/1088/1029 1285/1088/1029
f 1285/1088/1029 1306/1088/1029 1307/1088/1030 1286/1088/1030
f 1286/1088/1030 1307/1088/1030 1308/1088/1031 1287/1088/1031
f 1287/1088/1031 1308/1088/1031 1318/1088/1032 1288/1088/1032
f 1288/1088/1032 1318/1088/1032 1309/1088/1033 1289/1088/1033
f 1289/1088/1033 1309/1088/1033 1319/1088/1034 1290/1088/1034
f 1290/1088/1034 1319/1088/1034 1320/1088/1035 1301/1088/1035
f 1301/1088/1035 1320/1088/1035 1310/1088/1036 1283/1088/1036
f 1310/1088/1036 1333/1088/1016 1321/1088/1017 1302/1088/1017
f 1302/1088/1017 1321/1088/1017 1334/1088/1018 1311/1088/1018
f 1311/1088/1018 1334/1088/1018 1322/1088/1019 1312/1088/1019
f 1312/1088/1019 1322/1088/1019 1323/1088/1020 1313/1088/1020
f 1313/1088/1020 1323/1088/1020 1324/1088/1021 1303/1088/1021
f 1303/1088/1021 1324/1088/1021 1325/1088/1022 1314/1088/1022
f 1314/1088/1022 1325/1088/1022 1326/1088/1023 1315/1088/1023
f 1315/1088/1023 1326/1088/1023 1327/1088/1024 1316/1088/1024
f 1316/1088/1024 1327/1088/1024 1328/1088/1026 1317/1088/1026
f 1317/1088/1026 1328/1088/1026 1335/1088/1027 1304/1088/1027
f 1304/1088/1027 1335/1088/1027 1329/1088/1028 1305/1088/1028
f 1305/1088/1028 1329/1088/1028 1330/1088/1029 1306/1088/1029
f 1306/1088/1029 1330/1088/1029 1331/1088/1030 1307/1088/1030
f 1307/1088/1030 1331/1088/1030 1336/1088/1031 1308/1088/1031
f 1308/1088/1031 1336/1088/1031 1332/1088/1032 1318/1088/1032
f 1318/1088/1032 1332/1088/1032 1337/1088/1033 1309/1088/1033
f 1309/1088/1033 1337/1088/1033 1338/1088/1034 1319/1088/1034
f 1319/1088/1034 1338/1088/1034 1339/1088/1035 1320/1088/1035
f 1320/1088/1035 1339/1088/1035 1333/1088/1016 1310/1088/1036
f 1333/1088/1016 1340/1088/1016 1341/1088/1017 1321/1088/1017
f 1321/1088/1017 1341/1088/1017 1342/1088/1018 1334/1088/1018
f 1334/1088/1018 1342/1088/1018 1348/1088/1019 1322/1088/1019
f 1322/1088/1019 1348/1088/1019 1343/1088/1020 1323/1088/1020
f 1323/1088/1020 1343/1088/1020 1344/1088/1021 1324/1088/1021
f 1324/1088/1021 1344/1088/1021 1349/1088/1022 1325/1088/1022
f 1325/1088/1022 1349/1088/1022 1350/1088/1023 1326/1088/1023
f 1326/1088/1023 1350/1088/1023 1351/1088/1024 1327/1088/1024
f 1327/1088/1024 1351/1088/1024 1352/1088/1026 1328/1088/1026
f 1328/1088/1026 1352/1088/1026 1345/1088/1027 1335/1088/1027
f 1335/1088/1027 1345/1088/1027 1353/1088/1028 1329/1088/1028
f 1329/1088/1028 1353/1088/1028 1354/1088/1029 1330/1088/1029
f 1330/1088/1029 1354/1088/1029 1346/1088/1030 1331/1088/1030
f 1331/1088/1030 1346/1088/1030 1347/1088/1031 1336/1088/1031
f 1336/1088/1031 1347/1088/1031 1355/1088/1032 1332/1088/1032
f 1332/1088/1032 1355/1088/1032 1356/1088/1033 1337/1088/1033
f 1337/1088/1033 1356/1088/1033 1357/1088/1034 1338/1088/1034
f 1338/1088/1034 1357/1088/1034 1358/1088/1035 1339/1088/1035
f 1339/1088/1035 1358/1088/1035 1340/1088/1016 1333/1088/1016
f 1340/1088/1016 1367/1088/1036 1368/1088/1017 1341/1088/1017
f 1341/1088/1017 1368/1088/1017 1369/1088/1018 1342/1088/1018
f 1342/1088/1018 1369/1088/1018 1370/1088/1019 1348/1088/1019
f 1348/1088/1019 1370/1088/1019 1371/1088/1020 1343/1088/1020
f 1343/1088/1020 1371/1088/1020 1372/1088/1021 1344/1088/1021
f 1344/1088/1021 1372/1088/1021 1373/1088/1022 1349/1088/1022
f 1349/1088/1022 1373/1088/1022 1359/1088/1023 1350/1088/1023
f 1350/1088/1023 1359/1088/1023 1360/1088/1024 1351/1088/1024
f 1351/1088/1024 1360/1088/1024 1361/1088/1025 1352/1088/1026
f 1352/1088/1026 1361/1088/1025 1362/1088/1027 1345/1088/1027
f 1345/1088/1027 1362/1088/1027 1374/1088/1028 1353/1088/1028
f 1353/1088/1028 1374/1088/1028 1363/1088/1029 1354/1088/1029
f 1354/1088/1029 1363/1088/1029 1364/1088/1030 1346/1088/1030
f 1346/1088/1030 1364/1088/1030 1375/1088/1031 1347/1088/1031
f 1347/1088/1031 1375/1088/1031 1365/1088/1032 1355/1088/1032
f 1355/1088/1032 1365/1088/1032 1366/1088/1033 1356/1088/1033
f 1356/1088/1033 1366/1088/1033 1376/1088/1034 1357/1088/1034
f 1357/1088/1034 1376/1088/1034 1377/1088/1035 1358/1088/1035
f 1358/1088/1035 1377/1088/1035 1367/1088/1036 1340/1088/1016
f 1367/1088/1036 1386/1088/1016 1378/1088/1017 1368/1088/1017
f 1368/1088/1017 1378/1088/1017 1379/1088/1018 1369/1088/1018
f 1369/1088/1018 1379/1088/1018 1380/1088/1019 1370/1088/1019
f 1370/1088/1019 1380/1088/1019 1381/1088/1020 1371/1088/1020
f 1371/1088/1020 1381/1088/1020 1382/1088/1021 1372/1088/1021
f 1372/1088/1021 1382/1088/1021 1387/1088/1022 1373/1088/1022
f 1373/1088/1022 1387/1088/1022 1388/1088/1023 1359/1088/1023
f 1359/1088/1023 1388/1088/1023 1383/1088/1024 1360/1088/1024
f 1360/1088/1024 1383/1088/1024 1389/1088/1026 1361/1088/1025
f 1361/1088/1025 1389/1088/1026 1390/1088/1027 1362/1088/1027
f 1362/1088/1027 1390/1088/1027 1391/1088/1028 1374/1088/1028
f 1374/1088/1028 1391/1088/1028 1392/1088/1029 1363/1088/1029
f 1363/1088/1029 1392/1088/1029 1393/1088/1030 1364/1088/1030
f 1364/1088/1030 1393/1088/1030 1384/1088/1031 1375/1088/1031
f 1375/1088/1031 1384/1088/1031 1394/1088/1032 1365/1088/1032
f 1365/1088/1032 1394/1088/1032 1395/1088/1033 1366/1088/1033
f 1366/1088/1033 1395/1088/1033 1396/1088/1034 1376/1088/1034
f 1376/1088/1034 1396/1088/1034 1385/1088/1035 1377/1088/1035
f 1377/1088/1035 1385/1088/1035 1386/1088/1016 1367/1088/1036
f 1386/1088/1016 1404/1088/1016 1405/1088/1017 1378/1088/1017
f 1378/1088/1017 1405/1088/1017 1397/1088/1018 1379/1088/1018
f 1379/1088/1018 1397/1088/1018 1406/1088/1019 1380/1088/1019
f 1380/1088/1019 1406/1088/1019 1407/1088/1020 1381/1088/1020
f 1381/1088/1020 1407/1088/1020 1408/1088/1021 1382/1088/1021
f 1382/1088/1021 1408/1088/1021 1409/1088/1022 1387/1088/1022
f 1387/1088/1022 1409/1088/1022 1410/1088/1023 1388/1088/1023
f 1388/1088/1023 1410/1088/1023 1411/1088/1024 1383/1088/1024
f 1383/1088/1024 1411/1088/1024 1412/1088/1026 1389/1088/1026
f 1389/1088/1026 1412/1088/1026 1398/1088/1027 1390/1088/1027
f 1390/1088/1027 1398/1088/1027 1399/1088/1028 1391/1088/1028
f 1391/1088/1028 1399/1088/1028 1400/1088/1029 1392/1088/1029
f 1392/1088/1029 1400/1088/1029 1401/1088/1030 1393/1088/1030
f 1393/1088/1030 1401/1088/1030 1402/1088/1031 1384/1088/1031
f 1384/1088/1031 1402/1088/1031 1413/1088/1032 1394/1088/1032
f 1394/1088/1032 1413/1088/1032 1414/1088/1033 1395/1088/1033
f 1395/1088/1033 1414/1088/1033 1403/1088/1034 1396/1088/1034
f 1396/1088/1034 1403/1088/1034 1415/1088/1035 1385/1088/1035
f 1385/1088/1035 1415/1088/1035 1404/1088/1016 1386/1088/1016
f 1404/1088/1016 6053/1088/1016 1416/1088/1017 1405/1088/1017
f 1405/1088/1017 1416/1088/1017 1417/1088/1018 1397/1088/1018
f 1397/1088/1018 1417/1088/1018 6054/1088/1019 1406/1088/1019
f 1406/1088/1019 6054/1088/1019 6055/1088/1020 1407/1088/1020
f 1407/1088/1020 6055/1088/1020 6056/1088/1021 1408/1088/1021
f 1408/1088/1021 6056/1088/1021 6057/1088/1022 1409/1088/1022
f 1409/1088/1022 6057/1088/1022 6058/1088/1023 1410/1088/1023
f 1410/1088/1023 6058/1088/1023 6059/1088/1024 1411/1088/1024
f 1411/1088/1024 6059/1088/1024 6060/1088/1026 1412/1088/1026
f 1412/1088/1026 6060/1088/1026 6061/1088/1027 1398/1088/1027
f 1398/1088/1027 6061/1088/1027 6062/1088/1028 1399/1088/1028
f 1399/1088/1028 6062/1088/1028 6063/1088/1029 1400/1088/1029
f 1400/1088/1029 6063/1088/1029 6064/1088/1030 1401/1088/1030
f 1401/1088/1030 6064/1088/1030 6065/1088/1031 1402/1088/1031
f 1402/1088/1031 6065/1088/1031 6066/1088/1032 1413/1088/1032
f 1413/1088/1032 6066/1088/1032 6067/1088/1033 1414/1088/1033
f 1414/1088/1033 6067/1088/1033 6068/1088/1034 1403/1088/1034
f 1403/1088/1034 6068/1088/1034 6069/1088/1035 1415/1088/1035
f 1415/1088/1035 6069/1088/1035 6053/1088/1016 1404/1088/1016
f 1418/1088/1037 1437/1088/1037 1446/1088/1038 1419/1088/1038
f 1419/1088/1038 1446/1088/1038 1447/1088/1039 1420/1088/1039
f 1420/1088/1039 1447/1088/1039 1438/1088/1040 1421/1088/1040
f 1421/1088/1040 1438/1088/1040 1448/1088/1041 1422/1088/1041
f 1422/1088/1041 1448/1088/1041 1439/1088/1042 1423/1088/1042
f 1423/1088/1042 1439/1088/1042 1440/1088/1043 1424/1088/1043
f 1424/1088/1043 1440/1088/1043 1441/1088/1044 1425/1088/1044
f 1425/1088/1044 1441/1088/1044 1442/1088/1045 1426/1088/1045
f 1426/1088/1045 1442/1088/1045 1443/1088/1046 1427/1088/1046
f 1427/1088/1046 1443/1088/1046 1449/1088/1047 1428/1088/1047
f 1428/1088/1047 1449/1088/1047 1444/1088/1048 1429/1088/1048
f 1429/1088/1048 1444/1088/1048 1445/1088/1049 1430/1088/1049
f 1430/1088/1049 1445/1088/1049 1450/1088/1050 1431/1088/1050
f 1431/1088/1050 1450/1088/1050 1451/1088/1051 1432/1088/1051
f 1432/1088/1051 1451/1088/1051 1452/1088/1052 1433/1088/1052
f 1433/1088/1052 1452/1088/1052 1453/1088/1053 1434/1088/1053
f 1434/1088/1053 1453/1088/1053 1454/1088/1054 1435/1088/1054
f 1435/1088/1054 1454/1088/1054 1455/1088/1055 1436/1088/1055
f 1436/1088/1055 1455/1088/1055 1437/1088/1037 1418/1088/1037
f 1437/1088/1037 1460/1088/1037 1461/1088/1038 1446/1088/1038
f 1446/1088/1038 1461/1088/1038 1456/1088/1039 1447/1088/1039
f 1447/1088/1039 1456/1088/1039 1462/1088/1040 1438/1088/1040
f 1438/1088/1040 1462/1088/1040 1463/1088/1041 1448/1088/1041
f 1448/1088/1041 1463/1088/1041 1464/1088/1042 1439/1088/1042
f 1439/1088/1042 1464/1088/1042 1457/1088/1043 1440/1088/1043
f 1440/1088/1043 1457/1088/1043 1465/1088/1044 1441/1088/1044
f 1441/1088/1044 1465/1088/1044 1466/1088/1045 1442/1088/1045
f 1442/1088/1045 1466/1088/1045 1467/1088/1046 1443/1088/1046
f 1443/1088/1046 1467/1088/1046 1468/1088/1047 1449/1088/1047
f 1449/1088/1047 1468/1088/1047 1458/1088/1048 1444/1088/1048
f 1444/1088/1048 1458/1088/1048 1469/1088/1049 1445/1088/1049
f 1445/1088/1049 1469/1088/1049 1470/1088/1050 1450/1088/1050
f 1450/1088/1050 1470/1088/1050 1471/1088/1051 1451/1088/1051
f 1451/1088/1051 1471/1088/1051 1459/1088/1052 1452/1088/1052
f 1452/1088/1052 1459/1088/1052 1472/1088/1053 1453/1088/1053
f 1453/1088/1053 1472/1088/1053 1473/1088/1054 1454/1088/1054
f 1454/1088/1054 1473/1088/1054 1474/1088/1055 1455/1088/1055
f 1455/1088/1055 1474/1088/1055 1460/1088/1037 1437/1088/1037
f 1460/1088/1037 1483/1088/1037 1484/1088/1038 1461/1088/1038
f 1461/1088/1038 1484/1088/1038 1485/1088/1039 1456/1088/1039
f 1456/1088/1039 1485/1088/1039 1486/1088/1040 1462/1088/1040
f 1462/1088/1040 1486/1088/1040 1475/1088/1041 1463/1088/1041
f 1463/1088/1041 1475/1088/1041 1487/1088/1042 1464/1088/1042
f 1464/1088/1042 1487/1088/1042 1488/1088/1043 1457/1088/1043
f 1457/1088/1043 1488/1088/1043 1476/1088/1044 1465/1088/1044
f 1465/1088/1044 1476/1088/1044 1489/1088/1045 1466/1088/1045
f 1466/1088/1045 1489/1088/1045 1477/1088/1046 1467/1088/1046
f 1467/1088/1046 1477/1088/1046 1478/1088/1047 1468/1088/1047
f 1468/1088/1047 1478/1088/1047 1490/1088/1048 1458/1088/1048
f 1458/1088/1048 1490/1088/1048 1479/1088/1049 1469/1088/1049
f 1469/1088/1049 1479/1088/1049 1480/1088/1050 1470/1088/1050
f 1470/1088/1050 1480/1088/1050 1481/1088/1051 1471/1088/1051
f 1471/1088/1051 1481/1088/1051 1482/1088/1052 1459/1088/1052
f 1459/1088/1052 1482/1088/1052 1491/1088/1053 1472/1088/1053
f 1472/1088/1053 1491/1088/1053 1492/1088/1054 1473/1088/1054
f 1473/1088/1054 1492/1088/1054 1493/1088/1055 1474/1088/1055
f 1474/1088/1055 1493/1088/1055 1483/1088/1037 1460/1088/1037
f 1483/1088/1037 1494/1088/1037 1495/1088/1038 1484/1088/1038
f 1484/1088/1038 1495/1088/1038 1496/1088/1039 1485/1088/1039
f 1485/1088/1039 1496/1088/1039 1504/1088/1040 1486/1088/1040
f 1486/1088/1040 1504/1088/1040 1505/1088/1041 1475/1088/1041
f 1475/1088/1041 1505/1088/1041 1506/1088/1042 1487/1088/1042
f 1487/1088/1042 1506/1088/1042 1507/1088/1043 1488/1088/1043
f 1488/1088/1043 1507/1088/1043 1508/1088/1044 1476/1088/1044
f 1476/1088/1044 1508/1088/1044 1509/1088/1045 1489/1088/1045
f 1489/1088/1045 1509/1088/1045 1497/1088/1046 1477/1088/1046
f 1477/1088/1046 1497/1088/1046 1510/1088/1047 1478/1088/1047
f 1478/1088/1047 1510/1088/1047 1498/1088/1048 1490/1088/1048
f 1490/1088/1048 1498/1088/1048 1499/1088/1049 1479/1088/1049
f 1479/1088/1049 1499/1088/1049 1500/1088/1050 1480/1088/1050
f 1480/1088/1050 1500/1088/1050 1501/1088/1051 1481/1088/1051
f 1481/1088/1051 1501/1088/1051 1511/1088/1052 1482/1088/1052
f 1482/1088/1052 1511/1088/1052 1502/1088/1053 1491/1088/1053
f 1491/1088/1053 1502/1088/1053 1503/1088/1054 1492/1088/1054
f 1492/1088/1054 1503/1088/1054 1512/1088/1055 1493/1088/1055
f 1493/1088/1055 1512/1088/1055 1494/1088/1037 1483/1088/1037
f 1494/1088/1037 1518/1088/1056 1519/1088/1038 1495/1088/1038
f 1495/1088/1038 1519/1088/1038 1520/1088/1039 1496/1088/1039
f 1496/1088/1039 1520/1088/1039 1513/1088/1040 1504/1088/1040
f 1504/1088/1040 1513/1088/1040 1521/1088/1041 1505/1088/1041
f 1505/1088/1041 1521/1088/1041 1514/1088/1042 1506/1088/1042
f 1506/1088/1042 1514/1088/1042 1522/1088/1043 1507/1088/1043
f 1507/1088/1043 1522/1088/1043 1523/1088/1044 1508/1088/1044
f 1508/1088/1044 1523/1088/1044 1524/1088/1045 1509/1088/1045
f 1509/1088/1045 1524/1088/1045 1525/1088/1057 1497/1088/1046
f 1497/1088/1046 1525/1088/1057 1515/1088/1047 1510/1088/1047
f 1510/1088/1047 1515/1088/1047 1516/1088/1048 1498/1088/1048
f 1498/1088/1048 1516/1088/1048 1526/1088/1049 1499/1088/1049
f 1499/1088/1049 1526/1088/1049 1517/1088/1050 1500/1088/1050
f 1500/1088/1050 1517/1088/1050 1527/1088/1051 1501/1088/1051
f 1501/1088/1051 1527/1088/1051 1528/1088/1052 1511/1088/1052
f 1511/1088/1052 1528/1088/1052 1529/1088/1053 1502/1088/1053
f 1502/1088/1053 1529/1088/1053 1530/1088/1054 1503/1088/1054
f 1503/1088/1054 1530/1088/1054 1531/1088/1055 1512/1088/1055
f 1512/1088/1055 1531/1088/1055 1518/1088/1056 1494/1088/1037
f 1518/1088/1056 1532/1088/1056 1533/1088/1038 1519/1088/1038
f 1519/1088/1038 1533/1088/1038 1534/1088/1039 1520/1088/1039
f 1520/1088/1039 1534/1088/1039 1537/1088/1040 1513/1088/1040
f 1513/1088/1040 1537/1088/1040 1535/1088/1041 1521/1088/1041
f 1521/1088/1041 1535/1088/1041 1538/1088/1042 1514/1088/1042
f 1514/1088/1042 1538/1088/1042 1539/1088/1043 1522/1088/1043
f 1522/1088/1043 1539/1088/1043 1540/1088/1044 1523/1088/1044
f 1523/1088/1044 1540/1088/1044 1541/1088/1045 1524/1088/1045
f 1524/1088/1045 1541/1088/1045 1542/1088/1057 1525/1088/1057
f 1525/1088/1057 1542/1088/1057 1543/1088/1047 1515/1088/1047
f 1515/1088/1047 1543/1088/1047 1544/1088/1048 1516/1088/1048
f 1516/1088/1048 1544/1088/1048 1545/1088/1049 1526/1088/1049
f 1526/1088/1049 1545/1088/1049 1546/1088/1050 1517/1088/1050
f 1517/1088/1050 1546/1088/1050 1547/1088/1051 1527/1088/1051
f 1527/1088/1051 1547/1088/1051 1548/1088/1052 1528/1088/1052
f 1528/1088/1052 1548/1088/1052 1549/1088/1053 1529/1088/1053
f 1529/1088/1053 1549/1088/1053 1550/1088/1054 1530/1088/1054
f 1530/1088/1054 1550/1088/1054 1536/1088/1055 1531/1088/1055
f 1531/1088/1055 1536/1088/1055 1532/1088/1056 1518/1088/1056
f 1532/1088/1056 1558/1088/1037 1559/1088/1038 1533/1088/1038
f 1533/1088/1038 1559/1088/1038 1551/1088/1039 1534/1088/1039
f 1534/1088/1039 1551/1088/1039 1560/1088/1040 1537/1088/1040
f 1537/1088/1040 1560/1088/1040 1561/1088/1041 1535/1088/1041
f 1535/1088/1041 1561/1088/1041 1562/1088/1042 1538/1088/1042
f 1538/1088/1042 1562/1088/1042 1563/1088/1043 1539/1088/1043
f 1539/1088/1043 1563/1088/1043 1552/1088/1044 1540/1088/1044
f 1540/1088/1044 1552/1088/1044 1564/1088/1045 1541/1088/1045
f 1541/1088/1045 1564/1088/1045 1553/1088/1057 1542/1088/1057
f 1542/1088/1057 1553/1088/1057 1554/1088/1047 1543/1088/1047
f 1543/1088/1047 1554/1088/1047 1555/1088/1048 1544/1088/1048
f 1544/1088/1048 1555/1088/1048 1556/1088/1049 1545/1088/1049
f 1545/1088/1049 1556/1088/1049 1557/1088/1050 1546/1088/1050
f 1546/1088/1050 1557/1088/1050 1565/1088/1051 1547/1088/1051
f 1547/1088/1051 1565/1088/1051 1566/1088/1052 1548/1088/1052
f 1548/1088/1052 1566/1088/1052 1567/1088/1053 1549/1088/1053
f 1549/1088/1053 1567/1088/1053 1568/1088/1054 1550/1088/1054
f 1550/1088/1054 1568/1088/1054 1569/1088/1055 1536/1088/1055
f 1536/1088/1055 1569/1088/1055 1558/1088/1037 1532/1088/1056
f 1558/1088/1037 1570/1088/1056 1571/1088/1038 1559/1088/1038
f 1559/1088/1038 1571/1088/1038 1572/1088/1039 1551/1088/1039
f 1551/1088/1039 1572/1088/1039 1573/1088/1040 1560/1088/1040
f 1560/1088/1040 1573/1088/1040 1574/1088/1041 1561/1088/1041
f 1561/1088/1041 1574/1088/1041 1579/1088/1042 1562/1088/1042
f 1562/1088/1042 1579/1088/1042 1580/1088/1043 1563/1088/1043
f 1563/1088/1043 1580/1088/1043 1581/1088/1044 1552/1088/1044
f 1552/1088/1044 1581/1088/1044 1582/1088/1045 1564/1088/1045
f 1564/1088/1045 1582/1088/1045 1583/1088/1057 1553/1088/1057
f 1553/1088/1057 1583/1088/1057 1584/1088/1047 1554/1088/1047
f 1554/1088/1047 1584/1088/1047 1575/1088/1048 1555/1088/1048
f 1555/1088/1048 1575/1088/1048 1576/1088/1049 1556/1088/1049
f 1556/1088/1049 1576/1088/1049 1585/1088/1050 1557/1088/1050
f 1557/1088/1050 1585/1088/1050 1586/1088/1051 1565/1088/1051
f 1565/1088/1051 1586/1088/1051 1587/1088/1052 1566/1088/1052
f 1566/1088/1052 1587/1088/1052 1577/1088/1053 1567/1088/1053
f 1567/1088/1053 1577/1088/1053 1578/1088/1054 1568/1088/1054
f 1568/1088/1054 1578/1088/1054 1588/1088/1055 1569/1088/1055
f 1569/1088/1055 1588/1088/1055 1570/1088/1056 1558/1088/1037
f 1570/1088/1056 1589/1088/1037 1601/1088/1038 1571/1088/1038
f 1571/1088/1038 1601/1088/1038 1590/1088/1039 1572/1088/1039
f 1572/1088/1039 1590/1088/1039 1591/1088/1040 1573/1088/1040
f 1573/1088/1040 1591/1088/1040 1592/1088/1041 1574/1088/1041
f 1574/1088/1041 1592/1088/1041 1593/1088/1042 1579/1088/1042
f 1579/1088/1042 1593/1088/1042 1594/1088/1043 1580/1088/1043
f 1580/1088/1043 1594/1088/1043 1595/1088/1044 1581/1088/1044
f 1581/1088/1044 1595/1088/1044 1596/1088/1045 1582/1088/1045
f 1582/1088/1045 1596/1088/1045 1602/1088/1057 1583/1088/1057
f 1583/1088/1057 1602/1088/1057 1603/1088/1047 1584/1088/1047
f 1584/1088/1047 1603/1088/1047 1597/1088/1048 1575/1088/1048
f 1575/1088/1048 1597/1088/1048 1598/1088/1049 1576/1088/1049
f 1576/1088/1049 1598/1088/1049 1604/1088/1050 1585/1088/1050
f 1585/1088/1050 1604/1088/1050 1599/1088/1051 1586/1088/1051
f 1586/1088/1051 1599/1088/1051 1605/1088/1052 1587/1088/1052
f 1587/1088/1052 1605/1088/1052 1606/1088/1053 1577/1088/1053
f 1577/1088/1053 1606/1088/1053 1607/1088/1054 1578/1088/1054
f 1578/1088/1054 1607/1088/1054 1600/1088/1055 1588/1088/1055
f 1588/1088/1055 1600/1088/1055 1589/1088/1037 1570/1088/1056
f 1589/1088/1037 1616/1088/1037 1608/1088/1038 1601/1088/1038
f 1601/1088/1038 1608/1088/1038 1609/1088/1039 1590/1088/1039
f 1590/1088/1039 1609/1088/1039 1610/1088/1040 1591/1088/1040
f 1591/1088/1040 1610/1088/1040 1611/1088/1041 1592/1088/1041
f 1592/1088/1041 1611/1088/1041 1612/1088/1042 1593/1088/1042
f 1593/1088/1042 1612/1088/1042 1613/1088/1043 1594/1088/1043
f 1594/1088/1043 1613/1088/1043 1614/1088/1044 1595/1088/1044
f 1595/1088/1044 1614/1088/1044 1617/1088/1045 1596/1088/1045
f 1596/1088/1045 1617/1088/1045 1618/1088/1046 1602/1088/1057
f 1602/1088/1057 1618/1088/1046 1619/1088/1047 1603/1088/1047
f 1603/1088/1047 1619/1088/1047 1620/1088/1048 1597/1088/1048
f 1597/1088/1048 1620/1088/1048 1621/1088/1049 1598/1088/1049
f 1598/1088/1049 1621/1088/1049 1622/1088/1050 1604/1088/1050
f 1604/1088/1050 1622/1088/1050 1623/1088/1051 1599/1088/1051
f 1599/1088/1051 1623/1088/1051 1624/1088/1052 1605/1088/1052
f 1605/1088/1052 1624/1088/1052 1625/1088/1053 1606/1088/1053
f 1606/1088/1053 1625/1088/1053 1615/1088/1054 1607/1088/1054
f 1607/1088/1054 1615/1088/1054 1626/1088/1055 1600/1088/1055
f 1600/1088/1055 1626/1088/1055 1616/1088/1037 1589/1088/1037
f 1616/1088/1037 6279/1088/1056 6280/1088/1038 1608/1088/1038
f 1608/1088/1038 6280/1088/1038 1627/1088/1039 1609/1088/1039
f 1609/1088/1039 1627/1088/1039 6281/1088/1040 1610/1088/1040
f 1610/1088/1040 6281/1088/1040 6282/1088/1041 1611/1088/1041
f 1611/1088/1041 6282/1088/1041 6283/1088/1042 1612/1088/1042
f 1612/1088/1042 6283/1088/1042 6284/1088/1043 1613/1088/1043
f 1613/1088/1043 6284/1088/1043 6285/1088/1044 1614/1088/1044
f 1614/1088/1044 6285/1088/1044 6286/1088/1045 1617/1088/1045
f 1617/1088/1045 6286/1088/1045 6287/1088/1046 1618/1088/1046
f 1618/1088/1046 6287/1088/1046 1628/1088/1047 1619/1088/1047
f 1619/1088/1047 1628/1088/1047 1629/1088/1048 1620/1088/1048
f 1620/1088/1048 1629/1088/1048 6288/1088/1049 1621/1088/1049
f 1621/1088/1049 6288/1088/1049 1630/1088/1050 1622/1088/1050
f 1622/1088/1050 1630/1088/1050 6289/1088/1051 1623/1088/1051
f 1623/1088/1051 6289/1088/1051 1631/1088/1052 1624/1088/1052
f 1624/1088/1052 1631/1088/1052 1632/1088/1053 1625/1088/1053
f 1625/1088/1053 1632/1088/1053 1633/1088/1054 1615/1088/1054
f 1615/1088/1054 1633/1088/1054 6290/1088/1055 1626/1088/1055
f 1626/1088/1055 6290/1088/1055 6279/1088/1056 1616/1088/1037
f 1634/1088/1058 1661/1088/1058 1662/1088/1059 1635/1088/1059
f 1635/1088/1059 1662/1088/1059 1663/1088/1060 1636/1088/1060
f 1636/1088/1060 1663/1088/1060 1664/1088/1061 1637/1088/1061
f 1637/1088/1061 1664/1088/1061 1665/1088/1062 1638/1088/1062
f 1638/1088/1062 1665/1088/1062 1666/1088/1063 1639/1088/1063
f 1639/1088/1063 1666/1088/1063 1667/1088/1064 1640/1088/1064
f 1640/1088/1064 1667/1088/1064 1668/1088/1065 1641/1088/1065
f 1641/1088/1065 1668/1088/1065 1653/1088/1066 1642/1088/1066
f 1642/1088/1066 1653/1088/1066 1654/1088/1067 1643/1088/1068
f 1643/1088/1068 1654/1088/1067 1655/1088/1069 1644/1088/1069
f 1644/1088/1069 1655/1088/1069 1656/1088/1070 1645/1088/1070
f 1645/1088/1070 1656/1088/1070 1657/1088/1071 1646/1088/1071
f 1646/1088/1071 1657/1088/1071 1658/1088/1072 1647/1088/1072
f 1647/1088/1072 1658/1088/1072 1669/1088/1073 1648/1088/1073
f 1648/1088/1073 1669/1088/1073 1659/1088/1074 1649/1088/1074
f 1649/1088/1074 1659/1088/1074 1670/1088/1075 1650/1088/1075
f 1650/1088/1075 1670/1088/1075 1671/1088/1076 1651/1088/1076
f 1651/1088/1076 1671/1088/1076 1660/1088/1077 1652/1088/1077
f 1652/1088/1077 1660/1088/1077 1661/1088/1058 1634/1088/1058
f 1661/1088/1058 1672/1088/1058 1673/1088/1059 1662/1088/1059
f 1662/1088/1059 1673/1088/1059 1674/1088/1060 1663/1088/1060
f 1663/1088/1060 1674/1088/1060 1675/1088/1061 1664/1088/1061
f 1664/1088/1061 1675/1088/1061 1676/1088/1062 1665/1088/1062
f 1665/1088/1062 1676/1088/1062 1677/1088/1063 1666/1088/1063
f 1666/1088/1063 1677/1088/1063 1678/1088/1064 1667/1088/1064
f 1667/1088/1064 1678/1088/1064 1679/1088/1065 1668/1088/1065
f 1668/1088/1065 1679/1088/1065 1686/1088/1066 1653/1088/1066
f 1653/1088/1066 1686/1088/1066 1687/1088/1067 1654/1088/1067
f 1654/1088/1067 1687/1088/1067 1680/1088/1069 1655/1088/1069
f 1655/1088/1069 1680/1088/1069 1681/1088/1070 1656/1088/1070
f 1656/1088/1070 1681/1088/1070 1682/1088/1071 1657/1088/1071
f 1657/1088/1071 1682/1088/1071 1688/1088/1072 1658/1088/1072
f 1658/1088/1072 1688/1088/1072 1689/1088/1073 1669/1088/1073
f 1669/1088/1073 1689/1088/1073 1683/1088/1074 1659/1088/1074
f 1659/1088/1074 1683/1088/1074 1684/1088/1075 1670/1088/1075
f 1670/1088/1075 1684/1088/1075 1685/1088/1076 1671/1088/1076
f 1671/1088/1076 1685/1088/1076 1690/1088/1077 1660/1088/1077
f 1660/1088/1077 1690/1088/1077 1672/1088/1058 1661/1088/1058
f 1672/1088/1058 1699/1088/1058 1700/1088/1059 1673/1088/1059
f 1673/1088/1059 1700/1088/1059 1701/1088/1060 1674/1088/1060
f 1674/1088/1060 1701/1088/1060 1691/1088/1061 1675/1088/1061
f 1675/1088/1061 1691/1088/1061 1702/1088/1062 1676/1088/1062
f 1676/1088/1062 1702/1088/1062 1692/1088/1063 1677/1088/1063
f 1677/1088/1063 1692/1088/1063 1703/1088/1064 1678/1088/1064
f 1678/1088/1064 1703/1088/1064 1704/1088/1065 1679/1088/1065
f 1679/1088/1065 1704/1088/1065 1705/1088/1066 1686/1088/1066
f 1686/1088/1066 1705/1088/1066 1693/1088/1067 1687/1088/1067
f 1687/1088/1067 1693/1088/1067 1694/1088/1069 1680/1088/1069
f 1680/1088/1069 1694/1088/1069 1706/1088/1070 1681/1088/1070
f 1681/1088/1070 1706/1088/1070 1695/1088/1071 1682/1088/1071
f 1682/1088/1071 1695/1088/1071 1696/1088/1072 1688/1088/1072
f 1688/1088/1072 1696/1088/1072 1697/1088/1073 1689/1088/1073
f 1689/1088/1073 1697/1088/1073 1707/1088/1074 1683/1088/1074
f 1683/1088/1074 1707/1088/1074 1708/1088/1075 1684/1088/1075
f 1684/1088/1075 1708/1088/1075 1709/1088/1076 1685/1088/1076
f 1685/1088/1076 1709/1088/1076 1698/1088/1077 1690/1088/1077
f 1690/1088/1077 1698/1088/1077 1699/1088/1058 1672/1088/1058
f 1699/1088/1058 1710/1088/1058 1711/1088/1059 1700/1088/1059
f 1700/1088/1059 1711/1088/1059 1712/1088/1060 1701/1088/1060
f 1701/1088/1060 1712/1088/1060 1713/1088/1061 1691/1088/1061
f 1691/1088/1061 1713/1088/1061 1714/1088/1062 1702/1088/1062
f 1702/1088/1062 1714/1088/1062 1719/1088/1063 1692/1088/1063
f 1692/1088/1063 1719/1088/1063 1715/1088/1064 1703/1088/1064
f 1703/1088/1064 1715/1088/1064 1716/1088/1065 1704/1088/1065
f 1704/1088/1065 1716/1088/1065 1720/1088/1066 1705/1088/1066
f 1705/1088/1066 1720/1088/1066 1721/1088/1068 1693/1088/1067
f 1693/1088/1067 1721/1088/1068 1722/1088/1069 1694/1088/1069
f 1694/1088/1069 1722/1088/1069 1723/1088/1070 1706/1088/1070
f 1706/1088/1070 1723/1088/1070 1724/1088/1071 1695/1088/1071
f 1695/1088/1071 1724/1088/1071 1725/1088/1072 1696/1088/1072
f 1696/1088/1072 1725/1088/1072 1726/1088/1073 1697/1088/1073
f 1697/1088/1073 1726/1088/1073 1727/1088/1074 1707/1088/1074
f 1707/1088/1074 1727/1088/1074 1728/1088/1075 1708/1088/1075
f 1708/1088/1075 1728/1088/1075 1717/1088/1076 1709/1088/1076
f 1709/1088/1076 1717/1088/1076 1718/1088/1077 1698/1088/1077
f 1698/1088/1077 1718/1088/1077 1710/1088/1058 1699/1088/1058
f 1710/1088/1058 1729/1088/1058 1736/1088/1059 1711/1088/1059
f 1711/1088/1059 1736/1088/1059 1730/1088/1060 1712/1088/1060
f 1712/1088/1060 1730/1088/1060 1731/1088/1061 1713/1088/1061
f 1713/1088/1061 1731/1088/1061 1737/1088/1062 1714/1088/1062
f 1714/1088/1062 1737/1088/1062 1738/1088/1063 1719/1088/1063
f 1719/1088/1063 1738/1088/1063 1739/1088/1064 1715/1088/1064
f 1715/1088/1064 1739/1088/1064 1740/1088/1065 1716/1088/1065
f 1716/1088/1065 1740/1088/1065 1741/1088/1066 1720/1088/1066
f 1720/1088/1066 1741/1088/1066 1742/1088/1068 1721/1088/1068
f 1721/1088/1068 1742/1088/1068 1743/1088/1069 1722/1088/1069
f 1722/1088/1069 1743/1088/1069 1744/1088/1070 1723/1088/1070
f 1723/1088/1070 1744/1088/1070 1732/1088/1071 1724/1088/1071
f 1724/1088/1071 1732/1088/1071 1733/1088/1072 1725/1088/1072
f 1725/1088/1072 1733/1088/1072 1734/1088/1073 1726/1088/1073
f 1726/1088/1073 1734/1088/1073 1735/1088/1074 1727/1088/1074
f 1727/1088/1074 1735/1088/1074 1745/1088/1075 1728/1088/1075
f 1728/1088/1075 1745/1088/1075 1746/1088/1076 1717/1088/1076
f 1717/1088/1076 1746/1088/1076 1747/1088/1077 1718/1088/1077
f 1718/1088/1077 1747/1088/1077 1729/1088/1058 1710/1088/1058
f 1729/1088/1058 1757/1088/1058 1758/1088/1059 1736/1088/1059
f 1736/1088/1059 1758/1088/1059 1759/1088/1060 1730/1088/1060
f 1730/1088/1060 1759/1088/1060 1760/1088/1061 1731/1088/1061
f 1731/1088/1061 1760/1088/1061 1761/1088/1062 1737/1088/1062
f 1737/1088/1062 1761/1088/1062 1748/1088/1063 1738/1088/1063
f 1738/1088/1063 1748/1088/1063 1762/1088/1064 1739/1088/1064
f 1739/1088/1064 1762/1088/1064 1763/1088/1065 1740/1088/1065
f 1740/1088/1065 1763/1088/1065 1749/1088/1066 1741/1088/1066
f 1741/1088/1066 1749/1088/1066 1750/1088/1068 1742/1088/1068
f 1742/1088/1068 1750/1088/1068 1751/1088/1069 1743/1088/1069
f 1743/1088/1069 1751/1088/1069 1752/1088/1070 1744/1088/1070
f 1744/1088/1070 1752/1088/1070 1753/1088/1071 1732/1088/1071
f 1732/1088/1071 1753/1088/1071 1754/1088/1072 1733/1088/1072
f 1733/1088/1072 1754/1088/1072 1755/1088/1073 1734/1088/1073
f 1734/1088/1073 1755/1088/1073 1764/1088/1074 1735/1088/1074
f 1735/1088/1074 1764/1088/1074 1756/1088/1075 1745/1088/1075
f 1745/1088/1075 1756/1088/1075 1765/1088/1076 1746/1088/1076
f 1746/1088/1076 1765/1088/1076 1766/1088/1077 1747/1088/1077
f 1747/1088/1077 1766/1088/1077 1757/1088/1058 1729/1088/1058
f 1757/1088/1058 1767/1088/1078 1768/1088/1059 1758/1088/1059
f 1758/1088/1059 1768/1088/1059 1769/1088/1060 1759/1088/1060
f 1759/1088/1060 1769/1088/1060 1770/1088/1061 1760/1088/1061
f 1760/1088/1061 1770/1088/1061 1771/1088/1062 1761/1088/1062
f 1761/1088/1062 1771/1088/1062 1777/1088/1063 1748/1088/1063
f 1748/1088/1063 1777/1088/1063 1778/1088/1064 1762/1088/1064
f 1762/1088/1064 1778/1088/1064 1772/1088/1065 1763/1088/1065
f 1763/1088/1065 1772/1088/1065 1773/1088/1066 1749/1088/1066
f 1749/1088/1066 1773/1088/1066 1779/1088/1068 1750/1088/1068
f 1750/1088/1068 1779/1088/1068 1780/1088/1069 1751/1088/1069
f 1751/1088/1069 1780/1088/1069 1781/1088/1070 1752/1088/1070
f 1752/1088/1070 1781/1088/1070 1782/1088/1071 1753/1088/1071
f 1753/1088/1071 1782/1088/1071 1783/1088/1072 1754/1088/1072
f 1754/1088/1072 1783/1088/1072 1784/1088/1073 1755/1088/1073
f 1755/1088/1073 1784/1088/1073 1785/1088/1074 1764/1088/1074
f 1764/1088/1074 1785/1088/1074 1774/1088/1075 1756/1088/1075
f 1756/1088/1075 1774/1088/1075 1775/1088/1076 1765/1088/1076
f 1765/1088/1076 1775/1088/1076 1776/1088/1077 1766/1088/1077
f 1766/1088/1077 1776/1088/1077 1767/1088/1078 1757/1088/1058
f 1767/1088/1078 1794/1088/1078 1795/1088/1059 1768/1088/1059
f 1768/1088/1059 1795/1088/1059 1796/1088/1060 1769/1088/1060
f 1769/1088/1060 1796/1088/1060 1797/1088/1061 1770/1088/1061
f 1770/1088/1061 1797/1088/1061 1798/1088/1062 1771/1088/1062
f 1771/1088/1062 1798/1088/1062 1799/1088/1063 1777/1088/1063
f 1777/1088/1063 1799/1088/1063 1800/1088/1064 1778/1088/1064
f 1778/1088/1064 1800/1088/1064 1786/1088/1065 1772/1088/1065
f 1772/1088/1065 1786/1088/1065 1787/1088/1066 1773/1088/1066
f 1773/1088/1066 1787/1088/1066 1788/1088/1068 1779/1088/1068
f 1779/1088/1068 1788/1088/1068 1789/1088/1069 1780/1088/1069
f 1780/1088/1069 1789/1088/1069 1790/1088/1070 1781/1088/1070
f 1781/1088/1070 1790/1088/1070 1791/1088/1071 1782/1088/1071
f 1782/1088/1071 1791/1088/1071 1792/1088/1072 1783/1088/1072
f 1783/1088/1072 1792/1088/1072 1793/1088/1073 1784/1088/1073
f 1784/1088/1073 1793/1088/1073 1801/1088/1074 1785/1088/1074
f 1785/1088/1074 1801/1088/1074 1802/1088/1075 1774/1088/1075
f 1774/1088/1075 1802/1088/1075 1803/1088/1076 1775/1088/1076
f 1775/1088/1076 1803/1088/1076 1804/1088/1077 1776/1088/1077
f 1776/1088/1077 1804/1088/1077 1794/1088/1078 1767/1088/1078
f 1794/1088/1078 1815/1088/1058 1816/1088/1059 1795/1088/1059
f 1795/1088/1059 1816/1088/1059 1817/1088/1060 1796/1088/1060
f 1796/1088/1060 1817/1088/1060 1818/1088/1061 1797/1088/1061
f 1797/1088/1061 1818/1088/1061 1819/1088/1062 1798/1088/1062
f 1798/1088/1062 1819/1088/1062 1820/1088/1063 1799/1088/1063
f 1799/1088/1063 1820/1088/1063 1805/1088/1064 1800/1088/1064
f 1800/1088/1064 1805/1088/1064 1821/1088/1065 1786/1088/1065
f 1786/1088/1065 1821/1088/1065 1806/1088/1066 1787/1088/1066
f 1787/1088/1066 1806/1088/1066 1807/1088/1068 1788/1088/1068
f 1788/1088/1068 1807/1088/1068 1808/1088/1069 1789/1088/1069
f 1789/1088/1069 1808/1088/1069 1809/1088/1070 1790/1088/1070
f 1790/1088/1070 1809/1088/1070 1810/1088/1071 1791/1088/1071
f 1791/1088/1071 1810/1088/1071 1811/1088/1072 1792/1088/1072
f 1792/1088/1072 1811/1088/1072 1812/1088/1073 1793/1088/1073
f 1793/1088/1073 1812/1088/1073 1813/1088/1074 1801/1088/1074
f 1801/1088/1074 1813/1088/1074 1814/1088/1075 1802/1088/1075
f 1802/1088/1075 1814/1088/1075 1822/1088/1076 1803/1088/1076
f 1803/1088/1076 1822/1088/1076 1823/1088/1077 1804/1088/1077
f 1804/1088/1077 1823/1088/1077 1815/1088/1058 1794/1088/1078
f 1815/1088/1058 1824/1088/1058 1825/1088/1059 1816/1088/1059
f 1816/1088/1059 1825/1088/1059 1826/1088/1060 1817/1088/1060
f 1817/1088/1060 1826/1088/1060 1827/1088/1061 1818/1088/1061
f 1818/1088/1061 1827/1088/1061 1828/1088/1062 1819/1088/1062
f 1819/1088/1062 1828/1088/1062 1829/1088/1063 1820/1088/1063
f 1820/1088/1063 1829/1088/1063 1830/1088/1064 1805/1088/1064
f 1805/1088/1064 1830/1088/1064 1833/1088/1065 1821/1088/1065
f 1821/1088/1065 1833/1088/1065 1834/1088/1066 1806/1088/1066
f 1806/1088/1066 1834/1088/1066 1835/1088/1067 1807/1088/1068
f 1807/1088/1068 1835/1088/1067 1836/1088/1069 1808/1088/1069
f 1808/1088/1069 1836/1088/1069 1837/1088/1070 1809/1088/1070
f 1809/1088/1070 1837/1088/1070 1838/1088/1071 1810/1088/1071
f 1810/1088/1071 1838/1088/1071 1839/1088/1072 1811/1088/1072
f 1811/1088/1072 1839/1088/1072 1840/1088/1073 1812/1088/1073
f 1812/1088/1073 1840/1088/1073 1841/1088/1074 1813/1088/1074
f 1813/1088/1074 1841/1088/1074 1842/1088/1075 1814/1088/1075
f 1814/1088/1075 1842/1088/1075 1831/1088/1076 1822/1088/1076
f 1822/1088/1076 1831/1088/1076 1832/1088/1077 1823/1088/1077
f 1823/1088/1077 1832/1088/1077 1824/1088/1058 1815/1088/1058
f 1824/1088/1058 6500/1088/1078 6501/1088/1059 1825/1088/1059
f 1825/1088/1059 6501/1088/1059 6502/1088/1060 1826/1088/1060
f 1826/1088/1060 6502/1088/1060 6503/1088/1061 1827/1088/1061
f 1827/1088/1061 6503/1088/1061 6504/1088/1062 1828/1088/1062
f 1828/1088/1062 6504/1088/1062 6505/1088/1063 1829/1088/1063
f 1829/1088/1063 6505/1088/1063 1843/1088/1064 1830/1088/1064
f 1830/1088/1064 1843/1088/1064 6506/1088/1065 1833/1088/1065
f 1833/1088/1065 6506/1088/1065 1844/1088/1066 1834/1088/1066
f 1834/1088/1066 1844/1088/1066 1845/1088/1067 1835/1088/1067
f 1835/1088/1067 1845/1088/1067 1846/1088/1069 1836/1088/1069
f 1836/1088/1069 1846/1088/1069 1847/1088/1070 1837/1088/1070
f 1837/1088/1070 1847/1088/1070 1848/1088/1071 1838/1088/1071
f 1838/1088/1071 1848/1088/1071 1849/1088/1072 1839/1088/1072
f 1839/1088/1072 1849/1088/1072 1850/1088/1073 1840/1088/1073
f 1840/1088/1073 1850/1088/1073 6507/1088/1074 1841/1088/1074
f 1841/1088/1074 6507/1088/1074 1851/1088/1075 1842/1088/1075
f 1842/1088/1075 1851/1088/1075 6508/1088/1076 1831/1088/1076
f 1831/1088/1076 6508/1088/1076 6509/1088/1077 1832/1088/1077
f 1832/1088/1077 6509/1088/1077 6500/1088/1078 1824/1088/1058
usemtl Hydrogen
f 2839/1/1 2838/2/2 1877/3/3 1878/4/4
f 1863/5/5 2843/6/6 1891/7/7 1892/8/8
f 1854/9/9 2839/1/1 1878/4/4 1879/10/10
f 1864/11/11 1863/5/5 1892/8/8 1893/12/12
f 1855/13/13 1854/9/9 1879/10/10 1880/14/14
f 1865/15/15 1864/11/11 1893/12/12 1894/16/16
f 1856/17/17 1855/13/13 1880/14/14 1881/18/18
f 2831/19/19 2365/20/20 1868/21/21
f 2844/22/22 1865/15/15 1894/16/16 1895/23/23
f 1857/24/24 1856/17/17 1881/18/18 1882/25/25
f 2832/26/26 2831/19/19 1868/21/21 1869/27/27
f 2845/28/28 2844/22/22 1895/23/23 1896/29/29
f 2840/30/30 1857/24/24 1882/25/25 1883/31/31
f 2833/32/32 2832/26/26 1869/27/27 1870/33/33
f 1866/34/34 2845/28/28 1896/29/29 1897/35/35
f 1858/36/36 2840/30/30 1883/31/31 1884/37/37
f 2834/38/38 2833/32/32 1870/33/33 1871/39/39
f 1867/40/40 1866/34/34 1897/35/35 1898/41/41
f 1859/42/42 1858/36/36 1884/37/37 1885/43/43
f 2835/44/44 2834/38/38 1871/39/39 1872/45/45
f 2364/46/46 1867/40/40 1898/41/41
f 2841/47/47 1859/42/42 1885/43/43 1886/48/48
f 2836/49/49 2835/44/44 1872/45/45 1873/50/50
f 2842/51/51 2841/47/47 1886/48/48 1887/52/52
f 1852/53/53 2836/49/49 1873/50/50 1874/54/54
f 1860/55/55 2842/51/51 1887/52/52 1888/56/56
f 2837/57/57 1852/53/53 1874/54/54 1875/58/58
f 1861/59/59 1860/55/55 1888/56/56 1889/60/60
f 1853/61/61 2837/57/57 1875/58/58 1876/62/62
f 1862/63/63 1861/59/59 1889/60/60 1890/64/64
f 2838/2/2 1853/61/61 1876/62/62 1877/3/3
f 2843/6/6 1862/63/63 1890/64/64 1891/7/7
f 1873/50/50 1872/45/45 1903/67/67 1904/68/68
f 1887/52/52 1886/48/48 1917/66/66 1918/69/69
f 1874/54/54 1873/50/50 1904/68/68 1905/70/70
f 1888/56/56 1887/52/52 1918/69/69 1919/71/71
f 1875/58/58 1874/54/54 1905/70/70 1906/72/72
f 1889/60/60 1888/56/56 1919/71/71 1920/73/1079
f 1876/62/62 1875/58/58 1906/72/72 1907/74/74
f 1890/64/64 1889/60/60 1920/73/1079 1921/75/75
f 1877/3/3 1876/62/62 1907/74/74 1908/76/1080
f 1891/7/7 1890/64/64 1921/75/75 1922/77/77
f 1878/4/4 1877/3/3 1908/76/1080 1909/78/78
f 1892/8/8 1891/7/7 1922/77/77 1923/79/79
f 1879/10/10 1878/4/4 1909/78/78 1910/80/80
f 1893/12/12 1892/8/8 1923/79/79 1924/81/81
f 1880/14/14 1879/10/10 1910/80/80 1911/82/82
f 1894/16/16 1893/12/12 1924/81/81 1925/83/83
f 1881/18/18 1880/14/14 1911/82/82 1912/84/84
f 1868/21/21 2365/85/20 1899/86/85
f 1895/23/23 1894/16/16 1925/83/83 1926/87/86
f 1882/25/25 1881/18/18 1912/84/84 1913/88/87
f 1869/27/27 1868/21/21 1899/86/85 1900/89/1081
f 1896/29/29 1895/23/23 1926/87/86 1927/90/89
f 1883/31/31 1882/25/25 1913/88/87 1914/91/90
f 1870/33/33 1869/27/27 1900/89/1081 1901/92/91
f 1897/35/35 1896/29/29 1927/90/89 1928/93/92
f 1884/37/37 1883/31/31 1914/91/90 1915/94/1082
f 1871/39/39 1870/33/33 1901/92/91 1902/95/94
f 1898/41/41 1897/35/35 1928/93/92 1929/96/95
f 1885/43/43 1884/37/37 1915/94/1082 1916/65/65
f 1872/45/45 1871/39/39 1902/95/94 1903/67/67
f 2364/97/46 1898/41/41 1929/96/95
f 1886/48/48 1885/43/43 1916/65/65 1917/66/66
f 1906/72/72 1905/70/70 1936/100/98 1937/101/99
f 1920/73/1079 1919/71/71 1950/99/97 1951/102/100
f 1907/74/74 1906/72/72 1937/101/99 1938/103/101
f 1921/75/75 1920/73/1079 1951/102/100 1952/104/102
f 1908/76/1080 1907/74/74 1938/103/101 1939/105/103
f 1922/77/77 1921/75/75 1952/104/102 1953/106/104
f 1909/78/78 1908/76/1080 1939/105/103 1940/107/105
f 1923/79/79 1922/77/77 1953/106/104 1954/108/106
f 1910/80/80 1909/78/78 1940/107/105 1941/109/1083
f 1924/81/81 1923/79/79 1954/108/106 1955/110/108
f 1911/82/82 1910/80/80 1941/109/1083 1942/111/109
f 1925/83/83 1924/81/81 1955/110/108 1956/112/110
f 1912/84/84 1911/82/82 1942/111/109 1943/113/111
f 1899/86/85 2365/114/20 1930/115/112
f 1926/87/86 1925/83/83 1956/112/110 1957/116/113
f 1913/88/87 1912/84/84 1943/113/111 1944/117/114
f 1900/89/1081 1899/86/85 1930/115/112 1931/118/1084
f 1927/90/89 1926/87/86 1957/116/113 1958/119/116
f 1914/91/90 1913/88/87 1944/117/114 1945/120/117
f 1901/92/91 1900/89/1081 1931/118/1084 1932/121/118
f 1928/93/92 1927/90/89 1958/119/116 1959/122/119
f 1915/94/1082 1914/91/90 1945/120/117 1946/123/120
f 1902/95/94 1901/92/91 1932/121/118 1933/124/121
f 1929/96/95 1928/93/92 1959/122/119 1960/125/122
f 1916/65/65 1915/94/1082 1946/123/120 1947/126/123
f 1903/67/67 1902/95/94 1933/124/121 1934/127/124
f 2364/128/46 1929/96/95 1960/125/122
f 1917/66/66 1916/65/65 1947/126/123 1948/129/125
f 1904/68/68 1903/67/67 1934/127/124 1935/130/126
f 1918/69/69 1917/66/66 1948/129/125 1949/98/96
f 1905/70/70 1904/68/68 1935/130/126 1936/100/98
f 1919/71/71 1918/69/69 1949/98/96 1950/99/97
f 1939/105/103 1938/103/101 1969/133/129 1970/134/130
f 1953/106/104 1952/104/102 1983/132/128 1984/135/131
f 1940/107/105 1939/105/103 1970/134/130 1971/136/132
f 1954/108/106 1953/106/104 1984/135/131 1985/137/133
f 1941/109/1083 1940/107/105 1971/136/132 1972/138/134
f 1955/110/108 1954/108/106 1985/137/133 1986/139/135
f 1942/111/109 1941/109/1083 1972/138/134 1973/140/136
f 1956/112/110 1955/110/108 1986/139/135 1987/141/137
f 1943/113/111 1942/111/109 1973/140/136 1974/142/138
f 1930/115/112 2365/143/20 1961/144/1085
f 1957/116/113 1956/112/110 1987/141/137 1988/145/140
f 1944/117/114 1943/113/111 1974/142/138 1975/146/141
f 1931/118/1084 1930/115/112 1961/144/1085 1962/147/142
f 1958/119/116 1957/116/113 1988/145/140 1989/148/143
f 1945/120/117 1944/117/114 1975/146/141 1976/149/144
f 1932/121/118 1931/118/1084 1962/147/142 1963/150/145
f 1959/122/119 1958/119/116 1989/148/143 1990/151/146
f 1946/123/120 1945/120/117 1976/149/144 1977/152/147
f 1933/124/121 1932/121/118 1963/150/145 1964/153/148
f 1960/125/122 1959/122/119 1990/151/146 1991/154/1086
f 1947/126/123 1946/123/120 1977/152/147 1978/155/150
f 1934/127/124 1933/124/121 1964/153/148 1965/156/151
f 2364/157/46 1960/125/122 1991/154/1086
f 1948/129/125 1947/126/123 1978/155/150 1979/158/152
f 1935/130/126 1934/127/124 1965/156/151 1966/159/153
f 1949/98/96 1948/129/125 1979/158/152 1980/160/154
f 1936/100/98 1935/130/126 1966/159/153 1967/161/155
f 1950/99/97 1949/98/96 1980/160/154 1981/162/156
f 1937/101/99 1936/100/98 1967/161/155 1968/163/157
f 1951/102/100 1950/99/97 1981/162/156 1982/131/127
f 1938/103/101 1937/101/99 1968/163/157 1969/133/129
f 1952/104/102 1951/102/100 1982/131/127 1983/132/128
f 1972/138/134 1971/136/132 2002/166/160 2003/167/161
f 1986/139/135 1985/137/133 2016/165/159 2017/168/162
f 1973/140/136 1972/138/134 2003/167/161 2004/169/163
f 1987/141/137 1986/139/135 2017/168/162 2018/170/164
f 1974/142/138 1973/140/136 2004/169/163 2005/171/165
f 1961/144/1085 2365/172/20 1992/173/166
f 1988/145/140 1987/141/137 2018/170/164 2019/174/167
f 1975/146/141 1974/142/138 2005/171/165 2006/175/168
f 1962/147/142 1961/144/1085 1992/173/166 1993/176/1087
f 1989/148/143 1988/145/140 2019/174/167 2020/177/170
f 1976/149/144 1975/146/141 2006/175/168 2007/178/171
f 1963/150/145 1962/147/142 1993/176/1087 1994/179/172
f 1990/151/146 1989/148/143 2020/177/170 2021/180/173
f 1977/152/147 1976/149/144 2007/178/171 2008/181/174
f 1964/153/148 1963/150/145 1994/179/172 1995/182/175
f 1991/154/1086 1990/151/146 2021/180/173 2022/183/176
f 1978/155/150 1977/152/147 2008/181/174 2009/184/177
f 1965/156/151 1964/153/148 1995/182/175 1996/185/178
f 2364/186/46 1991/154/1086 2022/183/176
f 1979/158/152 1978/155/150 2009/184/177 2010/187/179
f 1966/159/153 1965/156/151 1996/185/178 1997/188/180
f 1980/160/154 1979/158/152 2010/187/179 2011/189/181
f 1967/161/155 1966/159/153 1997/188/180 1998/190/182
f 1981/162/156 1980/160/154 2011/189/181 2012/191/183
f 1968/163/157 1967/161/155 1998/190/182 1999/192/184
f 1982/131/127 1981/162/156 2012/191/183 2013/193/185
f 1969/133/129 1968/163/157 1999/192/184 2000/194/186
f 1983/132/128 1982/131/127 2013/193/185 2014/195/187
f 1970/134/130 1969/133/129 2000/194/186 2001/196/188
f 1984/135/131 1983/132/128 2014/195/187 2015/164/158
f 1971/136/132 1970/134/130 2001/196/188 2002/166/160
f 1985/137/133 1984/135/131 2015/164/158 2016/165/159
f 2005/171/165 2004/169/163 2035/199/191 2036/200/192
f 1992/173/166 2365/201/20 2023/202/193
f 2019/174/167 2018/170/164 2049/198/190 2050/203/194
f 2006/175/168 2005/171/165 2036/200/192 2037/204/195
f 1993/176/1087 1992/173/166 2023/202/193 2024/205/1088
f 2020/177/170 2019/174/167 2050/203/194 2051/206/197
f 2007/178/171 2006/175/168 2037/204/195 2038/207/198
f 1994/179/172 1993/176/1087 2024/205/1088 2025/208/199
f 2021/180/173 2020/177/170 2051/206/197 2052/209/200
f 2008/181/174 2007/178/171 2038/207/198 2039/210/201
f 1995/182/175 1994/179/172 2025/208/199 2026/211/202
f 2022/183/176 2021/180/173 2052/209/200 2053/212/203
f 2009/184/177 2008/181/174 2039/210/201 2040/213/204
f 1996/185/178 1995/182/175 2026/211/202 2027/214/205
f 2364/215/46 2022/183/176 2053/212/203
f 2010/187/179 2009/184/177 2040/213/204 2041/216/206
f 1997/188/180 1996/185/178 2027/214/205 2028/217/207
f 2011/189/181 2010/187/179 2041/216/206 2042/218/208
f 1998/190/182 1997/188/180 2028/217/207 2029/219/209
f 2012/191/183 2011/189/181 2042/218/208 2043/220/210
f 1999/192/184 1998/190/182 2029/219/209 2030/221/211
f 2013/193/185 2012/191/183 2043/220/210 2044/222/1089
f 2000/194/186 1999/192/184 2030/221/211 2031/223/213
f 2014/195/187 2013/193/185 2044/222/1089 2045/224/214
f 2001/196/188 2000/194/186 2031/223/213 2032/225/1090
f 2015/164/158 2014/195/187 2045/224/214 2046/226/216
f 2002/166/160 2001/196/188 2032/225/1090 2033/227/217
f 2016/165/159 2015/164/158 2046/226/216 2047/228/218
f 2003/167/161 2002/166/160 2033/227/217 2034/229/219
f 2017/168/162 2016/165/159 2047/228/218 2048/197/189
f 2004/169/163 2003/167/161 2034/229/219 2035/199/191
f 2018/170/164 2017/168/162 2048/197/189 2049/198/190
f 2038/207/198 2037/204/195 2068/232/222 2069/233/223
f 2025/208/199 2024/205/1088 2055/234/224 2056/235/225
f 2052/209/200 2051/206/197 2082/231/221 2083/236/226
f 2039/210/201 2038/207/198 2069/233/223 2070/237/227
f 2026/211/202 2025/208/199 2056/235/225 2057/238/228
f 2053/212/203 2052/209/200 2083/236/226 2084/239/229
f 2040/213/204 2039/210/201 2070/237/227 2071/240/230
f 2027/214/205 2026/211/202 2057/238/228 2058/241/231
f 2364/242/46 2053/212/203 2084/239/229
f 2041/216/206 2040/213/204 2071/240/230 2072/243/232
f 2028/217/207 2027/214/205 2058/241/231 2059/244/233
f 2042/218/208 2041/216/206 2072/243/232 2073/245/234
f 2029/219/209 2028/217/207 2059/244/233 2060/246/235
f 2043/220/210 2042/218/208 2073/245/234 2074/247/236
f 2030/221/211 2029/219/209 2060/246/235 2061/248/1091
f 2044/222/1089 2043/220/210 2074/247/236 2075/249/238
f 2031/223/213 2030/221/211 2061/248/1091 2062/250/1092
f 2045/224/214 2044/222/1089 2075/249/238 2076/251/1093
f 2032/225/1090 2031/223/213 2062/250/1092 2063/252/241
f 2046/226/216 2045/224/214 2076/251/1093 2077/253/242
f 2033/227/217 2032/225/1090 2063/252/241 2064/254/243
f 2047/228/218 2046/226/216 2077/253/242 2078/255/244
f 2034/229/219 2033/227/217 2064/254/243 2065/256/245
f 2048/197/189 2047/228/218 2078/255/244 2079/257/246
f 2035/199/191 2034/229/219 2065/256/245 2066/258/247
f 2049/198/190 2048/197/189 2079/257/246 2080/259/248
f 2036/200/192 2035/199/191 2066/258/247 2067/260/249
f 2023/202/193 2365/261/20 2054/262/250
f 2050/203/194 2049/198/190 2080/259/248 2081/230/220
f 2037/204/195 2036/200/192 2067/260/249 2068/232/222
f 2024/205/1088 2023/202/193 2054/262/250 2055/234/224
f 2051/206/197 2050/203/194 2081/230/220 2082/231/221
f 2071/240/230 2070/237/227 2101/265/253 2102/266/254
f 2058/241/231 2057/238/228 2088/267/255 2089/268/256
f 2364/269/46 2084/239/229 2115/264/252
f 2072/243/232 2071/240/230 2102/266/254 2103/270/257
f 2059/244/233 2058/241/231 2089/268/256 2090/271/258
f 2073/245/234 2072/243/232 2103/270/257 2104/272/259
f 2060/246/235 2059/244/233 2090/271/258 2091/273/260
f 2074/247/236 2073/245/234 2104/272/259 2105/274/261
f 2061/248/1091 2060/246/235 2091/273/260 2092/275/262
f 2075/249/238 2074/247/236 2105/274/261 2106/276/263
f 2062/250/1092 2061/248/1091 2092/275/262 2093/277/264
f 2076/251/1093 2075/249/238 2106/276/263 2107/278/265
f 2063/252/241 2062/250/1092 2093/277/264 2094/279/266
f 2077/253/242 2076/251/1093 2107/278/265 2108/280/267
f 2064/254/243 2063/252/241 2094/279/266 2095/281/268
f 2078/255/244 2077/253/242 2108/280/267 2109/282/269
f 2065/256/245 2064/254/243 2095/281/268 2096/283/270
f 2079/257/246 2078/255/244 2109/282/269 2110/284/271
f 2066/258/247 2065/256/245 2096/283/270 2097/285/272
f 2080/259/248 2079/257/246 2110/284/271 2111/286/273
f 2067/260/249 2066/258/247 2097/285/272 2098/287/274
f 2054/262/250 2365/288/20 2085/289/275
f 2081/230/220 2080/259/248 2111/286/273 2112/290/276
f 2068/232/222 2067/260/249 2098/287/274 2099/291/277
f 2055/234/224 2054/262/250 2085/289/275 2086/292/278
f 2082/231/221 2081/230/220 2112/290/276 2113/293/279
f 2069/233/223 2068/232/222 2099/291/277 2100/294/280
f 2056/235/225 2055/234/224 2086/292/278 2087/295/281
f 2083/236/226 2082/231/221 2113/293/279 2114/263/251
f 2070/237/227 2069/233/223 2100/294/280 2101/265/253
f 2057/238/228 2056/235/225 2087/295/281 2088/267/255
f 2084/239/229 2083/236/226 2114/263/251 2115/264/252
f 2104/272/259 2103/270/257 2134/296/282 2135/297/283
f 2091/273/260 2090/271/258 2121/298/284 2122/299/285
f 2105/274/261 2104/272/259 2135/297/283 2136/300/286
f 2092/275/262 2091/273/260 2122/299/285 2123/301/1094
f 2106/276/263 2105/274/261 2136/300/286 2137/302/288
f 2093/277/264 2092/275/262 2123/301/1094 2124/303/1095
f 2107/278/265 2106/276/263 2137/302/288 2138/304/1096
f 2094/279/266 2093/277/264 2124/303/1095 2125/305/291
f 2108/280/267 2107/278/265 2138/304/1096 2139/306/292
f 2095/281/268 2094/279/266 2125/305/291 2126/307/293
f 2109/282/269 2108/280/267 2139/306/292 2140/308/294
f 2096/283/270 2095/281/268 2126/307/293 2127/309/295
f 2110/284/271 2109/282/269 2140/308/294 2141/310/296
f 2097/285/272 2096/283/270 2127/309/295 2128/311/297
f 2111/286/273 2110/284/271 2141/310/296 2142/312/298
f 2098/287/274 2097/285/272 2128/311/297 2129/313/299
f 2085/289/275 2365/314/20 2116/315/300
f 2112/290/276 2111/286/273 2142/312/298 2143/316/301
f 2099/291/277 2098/287/274 2129/313/299 2130/317/302
f 2086/292/278 2085/289/275 2116/315/300 2117/318/303
f 2113/293/279 2112/290/276 2143/316/301 2144/319/304
f 2100/294/280 2099/291/277 2130/317/302 2131/320/305
f 2087/295/281 2086/292/278 2117/318/303 2118/321/306
f 2114/263/251 2113/293/279 2144/319/304 2145/322/307
f 2101/265/253 2100/294/280 2131/320/305 2132/323/308
f 2088/267/255 2087/295/281 2118/321/306 2119/324/309
f 2115/264/252 2114/263/251 2145/322/307 2146/325/310
f 2102/266/254 2101/265/253 2132/323/308 2133/326/311
f 2089/268/256 2088/267/255 2119/324/309 2120/327/312
f 2364/328/46 2115/264/252 2146/325/310
f 2103/270/257 2102/266/254 2133/326/311 2134/296/282
f 2090/271/258 2089/268/256 2120/327/312 2121/298/284
f 2137/302/288 2136/300/286 2167/329/313 2168/330/1097
f 2124/303/1095 2123/301/1094 2154/331/315 2155/332/316
f 2138/304/1096 2137/302/288 2168/330/1097 2169/333/317
f 2125/305/291 2124/303/1095 2155/332/316 2156/334/1098
f 2139/306/292 2138/304/1096 2169/333/317 2170/335/319
f 2126/307/293 2125/305/291 2156/334/1098 2157/336/320
f 2140/308/294 2139/306/292 2170/335/319 2171/337/321
f 2127/309/295 2126/307/293 2157/336/320 2158/338/322
f 2141/310/296 2140/308/294 2171/337/321 2172/339/323
f 2128/311/297 2127/309/295 2158/338/322 2159/340/324
f 2142/312/298 2141/310/296 2172/339/323 2173/341/325
f 2129/313/299 2128/311/297 2159/340/324 2160/342/326
f 2116/315/300 2365/343/20 2147/344/327
f 2143/316/301 2142/312/298 2173/341/325 2174/345/328
f 2130/317/302 2129/313/299 2160/342/326 2161/346/329
f 2117/318/303 2116/315/300 2147/344/327 2148/347/1099
f 2144/319/304 2143/316/301 2174/345/328 2175/348/331
f 2131/320/305 2130/317/302 2161/346/329 2162/349/332
f 2118/321/306 2117/318/303 2148/347/1099 2149/350/333
f 2145/322/307 2144/319/304 2175/348/331 2176/351/334
f 2132/323/308 2131/320/305 2162/349/332 2163/352/335
f 2119/324/309 2118/321/306 2149/350/333 2150/353/336
f 2146/325/310 2145/322/307 2176/351/334 2177/354/337
f 2133/326/311 2132/323/308 2163/352/335 2164/355/338
f 2120/327/312 2119/324/309 2150/353/336 2151/356/339
f 2364/357/46 2146/325/310 2177/354/337
f 2134/296/282 2133/326/311 2164/355/338 2165/358/340
f 2121/298/284 2120/327/312 2151/356/339 2152/359/341
f 2135/297/283 2134/296/282 2165/358/340 2166/360/342
f 2122/299/285 2121/298/284 2152/359/341 2153/361/343
f 2136/300/286 2135/297/283 2166/360/342 2167/329/313
f 2123/301/1094 2122/299/285 2153/361/343 2154/331/315
f 2170/335/319 2169/333/317 2200/362/344 2201/363/345
f 2157/336/320 2156/334/1098 2187/364/346 2188/365/347
f 2171/337/321 2170/335/319 2201/363/345 2202/366/348
f 2158/338/322 2157/336/320 2188/365/347 2189/367/349
f 2172/339/323 2171/337/321 2202/366/348 2203/368/350
f 2159/340/324 2158/338/322 2189/367/349 2190/369/351
f 2173/341/325 2172/339/323 2203/368/350 2204/370/352
f 2160/342/326 2159/340/324 2190/369/351 2191/371/353
f 2147/344/327 2365/372/20 2178/373/354
f 2174/345/328 2173/341/325 2204/370/352 2205/374/355
f 2161/346/329 2160/342/326 2191/371/353 2192/375/356
f 2148/347/1099 2147/344/327 2178/373/354 2179/376/1100
f 2175/348/331 2174/345/328 2205/374/355 2206/377/358
f 2162/349/332 2161/346/329 2192/375/356 2193/378/359
f 2149/350/333 2148/347/1099 2179/376/1100 2180/379/360
f 2176/351/334 2175/348/331 2206/377/358 2207/380/361
f 2163/352/335 2162/349/332 2193/378/359 2194/381/362
f 2150/353/336 2149/350/333 2180/379/360 2181/382/363
f 2177/354/337 2176/351/334 2207/380/361 2208/383/364
f 2164/355/338 2163/352/335 2194/381/362 2195/384/365
f 2151/356/339 2150/353/336 2181/382/363 2182/385/366
f 2364/386/46 2177/354/337 2208/383/364
f 2165/358/340 2164/355/338 2195/384/365 2196/387/367
f 2152/359/341 2151/356/339 2182/385/366 2183/388/368
f 2166/360/342 2165/358/340 2196/387/367 2197/389/369
f 2153/361/343 2152/359/341 2183/388/368 2184/390/370
f 2167/329/313 2166/360/342 2197/389/369 2198/391/371
f 2154/331/315 2153/361/343 2184/390/370 2185/392/372
f 2168/330/1097 2167/329/313 2198/391/371 2199/393/373
f 2155/332/316 2154/331/315 2185/392/372 2186/394/374
f 2169/333/317 2168/330/1097 2199/393/373 2200/362/344
f 2156/334/1098 2155/332/316 2186/394/374 2187/364/346
f 2203/368/350 2202/366/348 2233/395/375 2234/396/376
f 2190/369/351 2189/367/349 2220/397/377 2221/398/378
f 2204/370/352 2203/368/350 2234/396/376 2235/399/379
f 2191/371/353 2190/369/351 2221/398/378 2222/400/380
f 2178/373/354 2365/401/20 2209/402/1101
f 2205/374/355 2204/370/352 2235/399/379 2236/403/382
f 2192/375/356 2191/371/353 2222/400/380 2223/404/383
f 2179/376/1100 2178/373/354 2209/402/1101 2210/405/384
f 2206/377/358 2205/374/355 2236/403/382 2237/406/385
f 2193/378/359 2192/375/356 2223/404/383 2224/407/386
f 2180/379/360 2179/376/1100 2210/405/384 2211/408/387
f 2207/380/361 2206/377/358 2237/406/385 2238/409/388
f 2194/381/362 2193/378/359 2224/407/386 2225/410/389
f 2181/382/363 2180/379/360 2211/408/387 2212/411/390
f 2208/383/364 2207/380/361 2238/409/388 2239/412/1102
f 2195/384/365 2194/381/362 2225/410/389 2226/413/392
f 2182/385/366 2181/382/363 2212/411/390 2213/414/393
f 2364/415/46 2208/383/364 2239/412/1102
f 2196/387/367 2195/384/365 2226/413/392 2227/416/394
f 2183/388/368 2182/385/366 2213/414/393 2214/417/395
f 2197/389/369 2196/387/367 2227/416/394 2228/418/396
f 2184/390/370 2183/388/368 2214/417/395 2215/419/397
f 2198/391/371 2197/389/369 2228/418/396 2229/420/398
f 2185/392/372 2184/390/370 2215/419/397 2216/421/399
f 2199/393/373 2198/391/371 2229/420/398 2230/422/400
f 2186/394/374 2185/392/372 2216/421/399 2217/423/401
f 2200/362/344 2199/393/373 2230/422/400 2231/424/402
f 2187/364/346 2186/394/374 2217/423/401 2218/425/403
f 2201/363/345 2200/362/344 2231/424/402 2232/426/404
f 2188/365/347 2187/364/346 2218/425/403 2219/427/405
f 2202/366/348 2201/363/345 2232/426/404 2233/395/375
f 2189/367/349 2188/365/347 2219/427/405 2220/397/377
f 2209/402/1101 2365/428/20 2240/429/406
f 2236/403/382 2235/399/379 2266/430/407 2267/431/408
f 2223/404/383 2222/400/380 2253/432/409 2254/433/410
f 2210/405/384 2209/402/1101 2240/429/406 2241/434/1103
f 2237/406/385 2236/403/382 2267/431/408 2268/435/412
f 2224/407/386 2223/404/383 2254/433/410 2255/436/413
f 2211/408/387 2210/405/384 2241/434/1103 2242/437/414
f 2238/409/388 2237/406/385 2268/435/412 2269/438/415
f 2225/410/389 2224/407/386 2255/436/413 2256/439/416
f 2212/411/390 2211/408/387 2242/437/414 2243/440/417
f 2239/412/1102 2238/409/388 2269/438/415 2270/441/418
f 2226/413/392 2225/410/389 2256/439/416 2257/442/419
f 2213/414/393 2212/411/390 2243/440/417 2244/443/420
f 2364/444/46 2239/412/1102 2270/441/418
f 2227/416/394 2226/413/392 2257/442/419 2258/445/421
f 2214/417/395 2213/414/393 2244/443/420 2245/446/422
f 2228/418/396 2227/416/394 2258/445/421 2259/447/1104
f 2215/419/397 2214/417/395 2245/446/422 2246/448/424
f 2229/420/398 2228/418/396 2259/447/1104 2260/449/425
f 2216/421/399 2215/419/397 2246/448/424 2247/450/426
f 2230/422/400 2229/420/398 2260/449/425 2261/451/427
f 2217/423/401 2216/421/399 2247/450/426 2248/452/428
f 2231/424/402 2230/422/400 2261/451/427 2262/453/429
f 2218/425/403 2217/423/401 2248/452/428 2249/454/430
f 2232/426/404 2231/424/402 2262/453/429 2263/455/431
f 2219/427/405 2218/425/403 2249/454/430 2250/456/432
f 2233/395/375 2232/426/404 2263/455/431 2264/457/433
f 2220/397/377 2219/427/405 2250/456/432 2251/458/1105
f 2234/396/376 2233/395/375 2264/457/433 2265/459/435
f 2221/398/378 2220/397/377 2251/458/1105 2252/460/436
f 2235/399/379 2234/396/376 2265/459/435 2266/430/407
f 2222/400/380 2221/398/378 2252/460/436 2253/432/409
f 2242/437/414 2241/434/1103 2272/461/1106 2273/462/438
f 2269/438/415 2268/435/412 2299/463/439 2300/464/440
f 2256/439/416 2255/436/413 2286/465/441 2287/466/1107
f 2243/440/417 2242/437/414 2273/462/438 2274/467/443
f 2270/441/418 2269/438/415 2300/464/440 2301/468/444
f 2257/442/419 2256/439/416 2287/466/1107 2288/469/445
f 2244/443/420 2243/440/417 2274/467/443 2275/470/446
f 2364/471/46 2270/441/418 2301/468/444
f 2258/445/421 2257/442/419 2288/469/445 2289/472/447
f 2245/446/422 2244/443/420 2275/470/446 2276/473/448
f 2259/447/1104 2258/445/421 2289/472/447 2290/474/449
f 2246/448/424 2245/446/422 2276/473/448 2277/475/450
f 2260/449/425 2259/447/1104 2290/474/449 2291/476/451
f 2247/450/426 2246/448/424 2277/475/450 2278/477/452
f 2261/451/427 2260/449/425 2291/476/451 2292/478/1108
f 2248/452/428 2247/450/426 2278/477/452 2279/479/454
f 2262/453/429 2261/451/427 2292/478/1108 2293/480/455
f 2249/454/430 2248/452/428 2279/479/454 2280/481/1109
f 2263/455/431 2262/453/429 2293/480/455 2294/482/457
f 2250/456/432 2249/454/430 2280/481/1109 2281/483/458
f 2264/457/433 2263/455/431 2294/482/457 2295/484/459
f 2251/458/1105 2250/456/432 2281/483/458 2282/485/460
f 2265/459/435 2264/457/433 2295/484/459 2296/486/461
f 2252/460/436 2251/458/1105 2282/485/460 2283/487/462
f 2266/430/407 2265/459/435 2296/486/461 2297/488/463
f 2253/432/409 2252/460/436 2283/487/462 2284/489/464
f 2240/429/406 2365/490/20 2271/491/465
f 2267/431/408 2266/430/407 2297/488/463 2298/492/466
f 2254/433/410 2253/432/409 2284/489/464 2285/493/1110
f 2241/434/1103 2240/429/406 2271/491/465 2272/461/1106
f 2268/435/412 2267/431/408 2298/492/466 2299/463/439
f 2255/436/413 2254/433/410 2285/493/1110 2286/465/441
f 2275/470/446 2274/467/443 2305/494/468 2306/495/469
f 2364/496/46 2301/468/444 2332/497/470
f 2289/472/447 2288/469/445 2319/498/471 2320/499/472
f 2276/473/448 2275/470/446 2306/495/469 2307/500/473
f 2290/474/449 2289/472/447 2320/499/472 2321/501/474
f 2277/475/450 2276/473/448 2307/500/473 2308/502/475
f 2291/476/451 2290/474/449 2321/501/474 2322/503/476
f 2278/477/452 2277/475/450 2308/502/475 2309/504/1111
f 2292/478/1108 2291/476/451 2322/503/476 2323/505/478
f 2279/479/454 2278/477/452 2309/504/1111 2310/506/1112
f 2293/480/455 2292/478/1108 2323/505/478 2324/507/1113
f 2280/481/1109 2279/479/454 2310/506/1112 2311/508/481
f 2294/482/457 2293/480/455 2324/507/1113 2325/509/1114
f 2281/483/458 2280/481/1109 2311/508/481 2312/510/483
f 2295/484/459 2294/482/457 2325/509/1114 2326/511/484
f 2282/485/460 2281/483/458 2312/510/483 2313/512/485
f 2296/486/461 2295/484/459 2326/511/484 2327/513/486
f 2283/487/462 2282/485/460 2313/512/485 2314/514/487
f 2297/488/463 2296/486/461 2327/513/486 2328/515/488
f 2284/489/464 2283/487/462 2314/514/487 2315/516/489
f 2271/491/465 2365/517/20 2302/518/490
f 2298/492/466 2297/488/463 2328/515/488 2329/519/491
f 2285/493/1110 2284/489/464 2315/516/489 2316/520/492
f 2272/461/1106 2271/491/465 2302/518/490 2303/521/493
f 2299/463/439 2298/492/466 2329/519/491 2330/522/494
f 2286/465/441 2285/493/1110 2316/520/492 2317/523/495
f 2273/462/438 2272/461/1106 2303/521/493 2304/524/496
f 2300/464/440 2299/463/439 2330/522/494 2331/525/497
f 2287/466/1107 2286/465/441 2317/523/495 2318/526/498
f 2274/467/443 2273/462/438 2304/524/496 2305/494/468
f 2301/468/444 2300/464/440 2331/525/497 2332/497/470
f 2288/469/445 2287/466/1107 2318/526/498 2319/498/471
f 2308/502/475 2307/500/473 2338/527/499 2339/528/500
f 2322/503/476 2321/501/474 2352/529/501 2353/530/502
f 2309/504/1111 2308/502/475 2339/528/500 2340/531/503
f 2323/505/478 2322/503/476 2353/530/502 2354/532/504
f 2310/506/1112 2309/504/1111 2340/531/503 2341/533/505
f 2324/507/1113 2323/505/478 2354/532/504 2355/534/506
f 2311/508/481 2310/506/1112 2341/533/505 2342/535/507
f 2325/509/1114 2324/507/1113 2355/534/506 2356/536/508
f 2312/510/483 2311/508/481 2342/535/507 2343/537/509
f 2326/511/484 2325/509/1114 2356/536/508 2357/538/510
f 2313/512/485 2312/510/483 2343/537/509 2344/539/511
f 2327/513/486 2326/511/484 2357/538/510 2358/540/512
f 2314/514/487 2313/512/485 2344/539/511 2345/541/513
f 2328/515/488 2327/513/486 2358/540/512 2359/542/514
f 2315/516/489 2314/514/487 2345/541/513 2346/543/515
f 2302/518/490 2365/544/20 2333/545/516
f 2329/519/491 2328/515/488 2359/542/514 2360/546/517
f 2316/520/492 2315/516/489 2346/543/515 2347/547/518
f 2303/521/493 2302/518/490 2333/545/516 2334/548/519
f 2330/522/494 2329/519/491 2360/546/517 2361/549/520
f 2317/523/495 2316/520/492 2347/547/518 2348/550/521
f 2304/524/496 2303/521/493 2334/548/519 2335/551/522
f 2331/525/497 2330/522/494 2361/549/520 2362/552/523
f 2318/526/498 2317/523/495 2348/550/521 2349/553/524
f 2305/494/468 2304/524/496 2335/551/522 2336/554/525
f 2332/497/470 2331/525/497 2362/552/523 2363/555/526
f 2319/498/471 2318/526/498 2349/553/524 2350/556/527
f 2306/495/469 2305/494/468 2336/554/525 2337/557/528
f 2364/558/46 2332/497/470 2363/555/526
f 2320/499/472 2319/498/471 2350/556/527 2351/559/529
f 2307/500/473 2306/495/469 2337/557/528 2338/527/499
f 2321/501/474 2320/499/472 2351/559/529 2352/529/501
f 2341/533/505 2340/531/503 2373/560/1115 2374/561/1116
f 2355/534/506 2354/532/504 2387/562/532 2388/563/1117
f 2342/535/507 2341/533/505 2374/561/1116 2375/564/534
f 2356/536/508 2355/534/506 2388/563/1117 2389/565/1118
f 2343/537/509 2342/535/507 2375/564/534 2376/566/536
f 2357/538/510 2356/536/508 2389/565/1118 2390/567/537
f 2344/539/511 2343/537/509 2376/566/536 2377/568/538
f 2358/540/512 2357/538/510 2390/567/537 2391/569/539
f 2345/541/513 2344/539/511 2377/568/538 2378/570/540
f 2359/542/514 2358/540/512 2391/569/539 2392/571/541
f 2346/543/515 2345/541/513 2378/570/540 2379/572/542
f 2333/545/516 2365/573/20 2366/574/543
f 2360/546/517 2359/542/514 2392/571/541 2393/575/544
f 2347/547/518 2346/543/515 2379/572/542 2380/576/545
f 2334/548/519 2333/545/516 2366/574/543 2367/577/546
f 2361/549/520 2360/546/517 2393/575/544 2394/578/547
f 2348/550/521 2347/547/518 2380/576/545 2381/579/548
f 2335/551/522 2334/548/519 2367/577/546 2368/580/549
f 2362/552/523 2361/549/520 2394/578/547 2395/581/550
f 2349/553/524 2348/550/521 2381/579/548 2382/582/551
f 2336/554/525 2335/551/522 2368/580/549 2369/583/552
f 2363/555/526 2362/552/523 2395/581/550 2396/584/553
f 2350/556/527 2349/553/524 2382/582/551 2383/585/554
f 2337/557/528 2336/554/525 2369/583/552 2370/586/555
f 2364/587/46 2363/555/526 2396/584/553
f 2351/559/529 2350/556/527 2383/585/554 2384/588/556
f 2338/527/499 2337/557/528 2370/586/555 2371/589/557
f 2352/529/501 2351/559/529 2384/588/556 2385/590/558
f 2339/528/500 2338/527/499 2371/589/557 2372/591/559
f 2353/530/502 2352/529/501 2385/590/558 2386/592/560
f 2340/531/503 2339/528/500 2372/591/559 2373/560/1115
f 2354/532/504 2353/530/502 2386/592/560 2387/562/532
f 2376/566/536 2375/564/534 2406/593/1119 2407/594/562
f 2390/567/537 2389/565/1118 2420/595/563 2421/596/564
f 2377/568/538 2376/566/536 2407/594/562 2408/597/565
f 2391/569/539 2390/567/537 2421/596/564 2422/598/566
f 2378/570/540 2377/568/538 2408/597/565 2409/599/567
f 2392/571/541 2391/569/539 2422/598/566 2423/600/568
f 2379/572/542 2378/570/540 2409/599/567 2410/601/569
f 2366/574/543 2365/602/20 2397/603/570
f 2393/575/544 2392/571/541 2423/600/568 2424/604/571
f 2380/576/545 2379/572/542 2410/601/569 2411/605/572
f 2367/577/546 2366/574/543 2397/603/570 2398/606/1120
f 2394/578/547 2393/575/544 2424/604/571 2425/607/574
f 2381/579/548 2380/576/545 2411/605/572 2412/608/575
f 2368/580/549 2367/577/546 2398/606/1120 2399/609/576
f 2395/581/550 2394/578/547 2425/607/574 2426/610/577
f 2382/582/551 2381/579/548 2412/608/575 2413/611/578
f 2369/583/552 2368/580/549 2399/609/576 2400/612/579
f 2396/584/553 2395/581/550 2426/610/577 2427/613/580
f 2383/585/554 2382/582/551 2413/611/578 2414/614/581
f 2370/586/555 2369/583/552 2400/612/579 2401/615/582
f 2364/616/46 2396/584/553 2427/613/580
f 2384/588/556 2383/585/554 2414/614/581 2415/617/583
f 2371/589/557 2370/586/555 2401/615/582 2402/618/584
f 2385/590/558 2384/588/556 2415/617/583 2416/619/585
f 2372/591/559 2371/589/557 2402/618/584 2403/620/586
f 2386/592/560 2385/590/558 2416/619/585 2417/621/587
f 2373/560/1115 2372/591/559 2403/620/586 2404/622/588
f 2387/562/532 2386/592/560 2417/621/587 2418/623/1121
f 2374/561/1116 2373/560/1115 2404/622/588 2405/624/590
f 2388/563/1117 2387/562/532 2418/623/1121 2419/625/591
f 2375/564/534 2374/561/1116 2405/624/590 2406/593/1119
f 2389/565/1118 2388/563/1117 2419/625/591 2420/595/563
f 2409/599/567 2408/597/565 2439/626/1122 2440/627/593
f 2423/600/568 2422/598/566 2453/628/594 2454/629/595
f 2410/601/569 2409/599/567 2440/627/593 2441/630/596
f 2397/603/570 2365/631/20 2428/632/597
f 2424/604/571 2423/600/568 2454/629/595 2455/633/598
f 2411/605/572 2410/601/569 2441/630/596 2442/634/599
f 2398/606/1120 2397/603/570 2428/632/597 2429/635/1123
f 2425/607/574 2424/604/571 2455/633/598 2456/636/601
f 2412/608/575 2411/605/572 2442/634/599 2443/637/602
f 2399/609/576 2398/606/1120 2429/635/1123 2430/638/603
f 2426/610/577 2425/607/574 2456/636/601 2457/639/604
f 2413/611/578 2412/608/575 2443/637/602 2444/640/605
f 2400/612/579 2399/609/576 2430/638/603 2431/641/606
f 2427/613/580 2426/610/577 2457/639/604 2458/642/607
f 2414/614/581 2413/611/578 2444/640/605 2445/643/608
f 2401/615/582 2400/612/579 2431/641/606 2432/644/609
f 2364/645/46 2427/613/580 2458/642/607
f 2415/617/583 2414/614/581 2445/643/608 2446/646/610
f 2402/618/584 2401/615/582 2432/644/609 2433/647/611
f 2416/619/585 2415/617/583 2446/646/610 2447/648/1124
f 2403/620/586 2402/618/584 2433/647/611 2434/649/613
f 2417/621/587 2416/619/585 2447/648/1124 2448/650/614
f 2404/622/588 2403/620/586 2434/649/613 2435/651/615
f 2418/623/1121 2417/621/587 2448/650/614 2449/652/616
f 2405/624/590 2404/622/588 2435/651/615 2436/653/617
f 2419/625/591 2418/623/1121 2449/652/616 2450/654/618
f 2406/593/1119 2405/624/590 2436/653/617 2437/655/619
f 2420/595/563 2419/625/591 2450/654/618 2451/656/620
f 2407/594/562 2406/593/1119 2437/655/619 2438/657/621
f 2421/596/564 2420/595/563 2451/656/620 2452/658/622
f 2408/597/565 2407/594/562 2438/657/621 2439/626/1122
f 2422/598/566 2421/596/564 2452/658/622 2453/628/594
f 2442/634/599 2441/630/596 2472/659/623 2473/660/624
f 2429/635/1123 2428/632/597 2459/661/1125 2460/662/626
f 2456/636/601 2455/633/598 2486/663/627 2487/664/628
f 2443/637/602 2442/634/599 2473/660/624 2474/665/629
f 2430/638/603 2429/635/1123 2460/662/626 2461/666/630
f 2457/639/604 2456/636/601 2487/664/628 2488/667/631
f 2444/640/605 2443/637/602 2474/665/629 2475/668/632
f 2431/641/606 2430/638/603 2461/666/630 2462/669/633
f 2458/642/607 2457/639/604 2488/667/631 2489/670/1126
f 2445/643/608 2444/640/605 2475/668/632 2476/671/635
f 2432/644/609 2431/641/606 2462/669/633 2463/672/636
f 2364/673/46 2458/642/607 2489/670/1126
f 2446/646/610 2445/643/608 2476/671/635 2477/674/637
f 2433/647/611 2432/644/609 2463/672/636 2464/675/638
f 2447/648/1124 2446/646/610 2477/674/637 2478/676/639
f 2434/649/613 2433/647/611 2464/675/638 2465/677/640
f 2448/650/614 2447/648/1124 2478/676/639 2479/678/641
f 2435/651/615 2434/649/613 2465/677/640 2466/679/642
f 2449/652/616 2448/650/614 2479/678/641 2480/680/643
f 2436/653/617 2435/651/615 2466/679/642 2467/681/644
f 2450/654/618 2449/652/616 2480/680/643 2481/682/645
f 2437/655/619 2436/653/617 2467/681/644 2468/683/646
f 2451/656/620 2450/654/618 2481/682/645 2482/684/647
f 2438/657/621 2437/655/619 2468/683/646 2469/685/648
f 2452/658/622 2451/656/620 2482/684/647 2483/686/649
f 2439/626/1122 2438/657/621 2469/685/648 2470/687/650
f 2453/628/594 2452/658/622 2483/686/649 2484/688/651
f 2440/627/593 2439/626/1122 2470/687/650 2471/689/652
f 2454/629/595 2453/628/594 2484/688/651 2485/690/653
f 2441/630/596 2440/627/593 2471/689/652 2472/659/623
f 2428/632/597 2365/691/20 2459/661/1125
f 2455/633/598 2454/629/595 2485/690/653 2486/663/627
f 2475/668/632 2474/665/629 2505/692/654 2506/693/655
f 2462/669/633 2461/666/630 2492/694/656 2493/695/657
f 2489/670/1126 2488/667/631 2519/696/658 2520/697/659
f 2476/671/635 2475/668/632 2506/693/655 2507/698/660
f 2463/672/636 2462/669/633 2493/695/657 2494/699/661
f 2364/700/46 2489/670/1126 2520/697/659
f 2477/674/637 2476/671/635 2507/698/660 2508/701/662
f 2464/675/638 2463/672/636 2494/699/661 2495/702/663
f 2478/676/639 2477/674/637 2508/701/662 2509/703/664
f 2465/677/640 2464/675/638 2495/702/663 2496/704/665
f 2479/678/641 2478/676/639 2509/703/664 2510/705/666
f 2466/679/642 2465/677/640 2496/704/665 2497/706/667
f 2480/680/643 2479/678/641 2510/705/666 2511/707/668
f 2467/681/644 2466/679/642 2497/706/667 2498/708/669
f 2481/682/645 2480/680/643 2511/707/668 2512/709/670
f 2468/683/646 2467/681/644 2498/708/669 2499/710/671
f 2482/684/647 2481/682/645 2512/709/670 2513/711/672
f 2469/685/648 2468/683/646 2499/710/671 2500/712/673
f 2483/686/649 2482/684/647 2513/711/672 2514/713/674
f 2470/687/650 2469/685/648 2500/712/673 2501/714/675
f 2484/688/651 2483/686/649 2514/713/674 2515/715/676
f 2471/689/652 2470/687/650 2501/714/675 2502/716/677
f 2485/690/653 2484/688/651 2515/715/676 2516/717/678
f 2472/659/623 2471/689/652 2502/716/677 2503/718/679
f 2459/661/1125 2365/719/20 2490/720/680
f 2486/663/627 2485/690/653 2516/717/678 2517/721/681
f 2473/660/624 2472/659/623 2503/718/679 2504/722/682
f 2460/662/626 2459/661/1125 2490/720/680 2491/723/1127
f 2487/664/628 2486/663/627 2517/721/681 2518/724/684
f 2474/665/629 2473/660/624 2504/722/682 2505/692/654
f 2461/666/630 2460/662/626 2491/723/1127 2492/694/656
f 2488/667/631 2487/664/628 2518/724/684 2519/696/658
f 2508/701/662 2507/698/660 2538/725/685 2539/726/686
f 2495/702/663 2494/699/661 2525/727/687 2526/728/688
f 2509/703/664 2508/701/662 2539/726/686 2540/729/689
f 2496/704/665 2495/702/663 2526/728/688 2527/730/690
f 2510/705/666 2509/703/664 2540/729/689 2541/731/691
f 2497/706/667 2496/704/665 2527/730/690 2528/732/692
f 2511/707/668 2510/705/666 2541/731/691 2542/733/1128
f 2498/708/669 2497/706/667 2528/732/692 2529/734/694
f 2512/709/670 2511/707/668 2542/733/1128 2543/735/695
f 2499/710/671 2498/708/669 2529/734/694 2530/736/1129
f 2513/711/672 2512/709/670 2543/735/695 2544/737/697
f 2500/712/673 2499/710/671 2530/736/1129 2531/738/698
f 2514/713/674 2513/711/672 2544/737/697 2545/739/699
f 2501/714/675 2500/712/673 2531/738/698 2532/740/700
f 2515/715/676 2514/713/674 2545/739/699 2546/741/701
f 2502/716/677 2501/714/675 2532/740/700 2533/742/702
f 2516/717/678 2515/715/676 2546/741/701 2547/743/703
f 2503/718/679 2502/716/677 2533/742/702 2534/744/704
f 2490/720/680 2365/745/20 2521/746/705
f 2517/721/681 2516/717/678 2547/743/703 2548/747/706
f 2504/722/682 2503/718/679 2534/744/704 2535/748/1130
f 2491/723/1127 2490/720/680 2521/746/705 2522/749/1131
f 2518/724/684 2517/721/681 2548/747/706 2549/750/709
f 2505/692/654 2504/722/682 2535/748/1130 2536/751/710
f 2492/694/656 2491/723/1127 2522/749/1131 2523/752/711
f 2519/696/658 2518/724/684 2549/750/709 2550/753/712
f 2506/693/655 2505/692/654 2536/751/710 2537/754/1132
f 2493/695/657 2492/694/656 2523/752/711 2524/755/714
f 2520/697/659 2519/696/658 2550/753/712 2551/756/715
f 2507/698/660 2506/693/655 2537/754/1132 2538/725/685
f 2494/699/661 2493/695/657 2524/755/714 2525/727/687
f 2364/757/46 2520/697/659 2551/756/715
f 2541/731/691 2540/729/689 2571/758/716 2572/759/717
f 2528/732/692 2527/730/690 2558/760/718 2559/761/719
f 2542/733/1128 2541/731/691 2572/759/717 2573/762/720
f 2529/734/694 2528/732/692 2559/761/719 2560/763/721
f 2543/735/695 2542/733/1128 2573/762/720 2574/764/722
f 2530/736/1129 2529/734/694 2560/763/721 2561/765/723
f 2544/737/697 2543/735/695 2574/764/722 2575/766/724
f 2531/738/698 2530/736/1129 2561/765/723 2562/767/725
f 2545/739/699 2544/737/697 2575/766/724 2576/768/726
f 2532/740/700 2531/738/698 2562/767/725 2563/769/727
f 2546/741/701 2545/739/699 2576/768/726 2577/770/728
f 2533/742/702 2532/740/700 2563/769/727 2564/771/729
f 2547/743/703 2546/741/701 2577/770/728 2578/772/730
f 2534/744/704 2533/742/702 2564/771/729 2565/773/731
f 2521/746/705 2365/774/20 2552/775/732
f 2548/747/706 2547/743/703 2578/772/730 2579/776/733
f 2535/748/1130 2534/744/704 2565/773/731 2566/777/734
f 2522/749/1131 2521/746/705 2552/775/732 2553/778/735
f 2549/750/709 2548/747/706 2579/776/733 2580/779/736
f 2536/751/710 2535/748/1130 2566/777/734 2567/780/737
f 2523/752/711 2522/749/1131 2553/778/735 2554/781/738
f 2550/753/712 2549/750/709 2580/779/736 2581/782/739
f 2537/754/1132 2536/751/710 2567/780/737 2568/783/740
f 2524/755/714 2523/752/711 2554/781/738 2555/784/741
f 2551/756/715 2550/753/712 2581/782/739 2582/785/742
f 2538/725/685 2537/754/1132 2568/783/740 2569/786/743
f 2525/727/687 2524/755/714 2555/784/741 2556/787/744
f 2364/788/46 2551/756/715 2582/785/742
f 2539/726/686 2538/725/685 2569/786/743 2570/789/745
f 2526/728/688 2525/727/687 2556/787/744 2557/790/746
f 2540/729/689 2539/726/686 2570/789/745 2571/758/716
f 2527/730/690 2526/728/688 2557/790/746 2558/760/718
f 2574/764/722 2573/762/720 2604/791/747 2605/792/748
f 2561/765/723 2560/763/721 2591/793/749 2592/794/750
f 2575/766/724 2574/764/722 2605/792/748 2606/795/751
f 2562/767/725 2561/765/723 2592/794/750 2593/796/752
f 2576/768/726 2575/766/724 2606/795/751 2607/797/753
f 2563/769/727 2562/767/725 2593/796/752 2594/798/754
f 2577/770/728 2576/768/726 2607/797/753 2608/799/755
f 2564/771/729 2563/769/727 2594/798/754 2595/800/756
f 2578/772/730 2577/770/728 2608/799/755 2609/801/757
f 2565/773/731 2564/771/729 2595/800/756 2596/802/758
f 2552/775/732 2365/803/20 2583/804/759
f 2579/776/733 2578/772/730 2609/801/757 2610/805/760
f 2566/777/734 2565/773/731 2596/802/758 2597/806/761
f 2553/778/735 2552/775/732 2583/804/759 2584/807/762
f 2580/779/736 2579/776/733 2610/805/760 2611/808/763
f 2567/780/737 2566/777/734 2597/806/761 2598/809/764
f 2554/781/738 2553/778/735 2584/807/762 2585/810/765
f 2581/782/739 2580/779/736 2611/808/763 2612/811/766
f 2568/783/740 2567/780/737 2598/809/764 2599/812/767
f 2555/784/741 2554/781/738 2585/810/765 2586/813/768
f 2582/785/742 2581/782/739 2612/811/766 2613/814/769
f 2569/786/743 2568/783/740 2599/812/767 2600/815/770
f 2556/787/744 2555/784/741 2586/813/768 2587/816/771
f 2364/817/46 2582/785/742 2613/814/769
f 2570/789/745 2569/786/743 2600/815/770 2601/818/772
f 2557/790/746 2556/787/744 2587/816/771 2588/819/773
f 2571/758/716 2570/789/745 2601/818/772 2602/820/774
f 2558/760/718 2557/790/746 2588/819/773 2589/821/775
f 2572/759/717 2571/758/716 2602/820/774 2603/822/776
f 2559/761/719 2558/760/718 2589/821/775 2590/823/777
f 2573/762/720 2572/759/717 2603/822/776 2604/791/747
f 2560/763/721 2559/761/719 2590/823/777 2591/793/749
f 2607/824/753 2606/825/751 2637/826/778 2638/827/779
f 2594/828/754 2593/829/752 2624/830/780 2625/831/781
f 2608/832/755 2607/824/753 2638/827/779 2639/833/782
f 2595/834/756 2594/828/754 2625/831/781 2626/835/783
f 2609/836/757 2608/832/755 2639/833/782 2640/837/784
f 2596/838/758 2595/834/756 2626/835/783 2627/839/785
f 2583/840/759 2365/841/20 2614/842/786
f 2610/843/760 2609/836/757 2640/837/784 2641/844/787
f 2597/845/761 2596/838/758 2627/839/785 2628/846/788
f 2584/847/762 2583/840/759 2614/842/786 2615/848/789
f 2611/849/763 2610/843/760 2641/844/787 2642/850/790
f 2598/851/764 2597/845/761 2628/846/788 2629/852/791
f 2585/853/765 2584/847/762 2615/848/789 2616/854/792
f 2612/855/766 2611/849/763 2642/850/790 2643/856/793
f 2599/857/767 2598/851/764 2629/852/791 2630/858/794
f 2586/859/768 2585/853/765 2616/854/792 2617/860/795
f 2613/861/769 2612/855/766 2643/856/793 2644/862/796
f 2600/863/770 2599/857/767 2630/858/794 2631/864/797
f 2587/865/771 2586/859/768 2617/860/795 2618/866/798
f 2364/867/46 2613/861/769 2644/862/796
f 2601/868/772 2600/863/770 2631/864/797 2632/869/799
f 2588/870/773 2587/865/771 2618/866/798 2619/871/800
f 2602/872/774 2601/868/772 2632/869/799 2633/873/801
f 2589/874/775 2588/870/773 2619/871/800 2620/875/802
f 2603/876/776 2602/872/774 2633/873/801 2634/877/803
f 2590/878/777 2589/874/775 2620/875/802 2621/879/804
f 2604/880/747 2603/876/776 2634/877/803 2635/881/805
f 2591/882/749 2590/878/777 2621/879/804 2622/883/806
f 2605/884/748 2604/880/747 2635/881/805 2636/885/807
f 2592/886/750 2591/882/749 2622/883/806 2623/887/808
f 2606/825/751 2605/884/748 2636/885/807 2637/826/778
f 2593/829/752 2592/886/750 2623/887/808 2624/830/780
f 2640/837/784 2639/833/782 2670/888/809 2671/889/810
f 2627/839/785 2626/835/783 2657/890/811 2658/891/812
f 2614/842/786 2365/892/20 2645/893/813
f 2641/844/787 2640/837/784 2671/889/810 2672/894/814
f 2628/846/788 2627/839/785 2658/891/812 2659/895/815
f 2615/848/789 2614/842/786 2645/893/813 2646/896/1133
f 2642/850/790 2641/844/787 2672/894/814 2673/897/817
f 2629/852/791 2628/846/788 2659/895/815 2660/898/818
f 2616/854/792 2615/848/789 2646/896/1133 2647/899/819
f 2643/856/793 2642/850/790 2673/897/817 2674/900/820
f 2630/858/794 2629/852/791 2660/898/818 2661/901/821
f 2617/860/795 2616/854/792 2647/899/819 2648/902/822
f 2644/862/796 2643/856/793 2674/900/820 2675/903/823
f 2631/864/797 2630/858/794 2661/901/821 2662/904/824
f 2618/866/798 2617/860/795 2648/902/822 2649/905/825
f 2364/906/46 2644/862/796 2675/903/823
f 2632/869/799 2631/864/797 2662/904/824 2663/907/826
f 2619/871/800 2618/866/798 2649/905/825 2650/908/827
f 2633/873/801 2632/869/799 2663/907/826 2664/909/828
f 2620/875/802 2619/871/800 2650/908/827 2651/910/829
f 2634/877/803 2633/873/801 2664/909/828 2665/911/830
f 2621/879/804 2620/875/802 2651/910/829 2652/912/831
f 2635/881/805 2634/877/803 2665/911/830 2666/913/1134
f 2622/883/806 2621/879/804 2652/912/831 2653/914/833
f 2636/885/807 2635/881/805 2666/913/1134 2667/915/834
f 2623/887/808 2622/883/806 2653/914/833 2654/916/1135
f 2637/826/778 2636/885/807 2667/915/834 2668/917/836
f 2624/830/780 2623/887/808 2654/916/1135 2655/918/837
f 2638/827/779 2637/826/778 2668/917/836 2669/919/838
f 2625/831/781 2624/830/780 2655/918/837 2656/920/839
f 2639/833/782 2638/827/779 2669/919/838 2670/888/809
f 2626/835/783 2625/831/781 2656/920/839 2657/890/811
f 2648/902/822 2647/899/819 2678/928/847 2679/931/850
f 2675/903/823 2674/900/820 2705/929/848 2706/932/851
f 2662/904/824 2661/901/821 2692/930/849 2693/933/852
f 2649/905/825 2648/902/822 2679/931/850 2680/934/853
f 2364/935/46 2675/903/823 2706/932/851
f 2663/907/826 2662/904/824 2693/933/852 2694/936/854
f 2650/908/827 2649/905/825 2680/934/853 2681/937/855
f 2664/909/828 2663/907/826 2694/936/854 2695/938/856
f 2651/910/829 2650/908/827 2681/937/855 2682/939/857
f 2665/911/830 2664/909/828 2695/938/856 2696/940/858
f 2652/912/831 2651/910/829 2682/939/857 2683/941/859
f 2666/913/1134 2665/911/830 2696/940/858 2697/942/860
f 2653/914/833 2652/912/831 2683/941/859 2684/943/861
f 2667/915/834 2666/913/1134 2697/942/860 2698/944/862
f 2654/916/1135 2653/914/833 2684/943/861 2685/945/863
f 2668/917/836 2667/915/834 2698/944/862 2699/946/864
f 2655/918/837 2654/916/1135 2685/945/863 2686/947/865
f 2669/919/838 2668/917/836 2699/946/864 2700/948/866
f 2656/920/839 2655/918/837 2686/947/865 2687/949/867
f 2670/888/809 2669/919/838 2700/948/866 2701/950/868
f 2657/890/811 2656/920/839 2687/949/867 2688/951/869
f 2671/889/810 2670/888/809 2701/950/868 2702/952/870
f 2658/891/812 2657/890/811 2688/951/869 2689/921/840
f 2645/893/813 2365/953/20 2676/923/842
f 2672/894/814 2671/889/810 2702/952/870 2703/925/844
f 2659/895/815 2658/891/812 2689/921/840 2690/922/841
f 2646/896/1133 2645/893/813 2676/923/842 2677/924/1136
f 2673/897/817 2672/894/814 2703/925/844 2704/926/845
f 2660/898/818 2659/895/815 2690/922/841 2691/927/846
f 2647/899/819 2646/896/1133 2677/924/1136 2678/928/847
f 2674/900/820 2673/897/817 2704/926/845 2705/929/848
f 2661/901/821 2660/898/818 2691/927/846 2692/930/849
f 2681/937/855 2680/934/853 2711/961/878 2712/964/880
f 2695/938/856 2694/936/854 2725/963/879 2726/965/881
f 2682/939/857 2681/937/855 2712/964/880 2713/966/882
f 2696/940/858 2695/938/856 2726/965/881 2727/967/883
f 2683/941/859 2682/939/857 2713/966/882 2714/968/884
f 2697/942/860 2696/940/858 2727/967/883 2728/969/885
f 2684/943/861 2683/941/859 2714/968/884 2715/970/886
f 2698/944/862 2697/942/860 2728/969/885 2729/971/887
f 2685/945/863 2684/943/861 2715/970/886 2716/972/888
f 2699/946/864 2698/944/862 2729/971/887 2730/973/889
f 2686/947/865 2685/945/863 2716/972/888 2717/974/890
f 2700/948/866 2699/946/864 2730/973/889 2731/975/891
f 2687/949/867 2686/947/865 2717/974/890 2718/976/892
f 2701/950/868 2700/948/866 2731/975/891 2732/977/893
f 2688/951/869 2687/949/867 2718/976/892 2719/978/894
f 2702/952/870 2701/950/868 2732/977/893 2733/979/895
f 2689/921/840 2688/951/869 2719/978/894 2720/980/896
f 2676/923/842 2365/981/20 2707/982/1137
f 2703/925/844 2702/952/870 2733/979/895 2734/983/898
f 2690/922/841 2689/921/840 2720/980/896 2721/984/899
f 2677/924/1136 2676/923/842 2707/982/1137 2708/985/900
f 2704/926/845 2703/925/844 2734/983/898 2735/986/901
f 2691/927/846 2690/922/841 2721/984/899 2722/954/871
f 2678/928/847 2677/924/1136 2708/985/900 2709/956/873
f 2705/929/848 2704/926/845 2735/986/901 2736/958/875
f 2692/930/849 2691/927/846 2722/954/871 2723/955/872
f 2679/931/850 2678/928/847 2709/956/873 2710/957/874
f 2706/932/851 2705/929/848 2736/958/875 2737/959/1138
f 2693/933/852 2692/930/849 2723/955/872 2724/960/877
f 2680/934/853 2679/931/850 2710/957/874 2711/961/878
f 2364/962/46 2706/932/851 2737/959/1138
f 2694/936/854 2693/933/852 2724/960/877 2725/963/879
f 2714/968/884 2713/966/882 2744/992/907 2745/994/909
f 2728/969/885 2727/967/883 2758/993/908 2759/995/910
f 2715/970/886 2714/968/884 2745/994/909 2746/996/911
f 2729/971/887 2728/969/885 2759/995/910 2760/997/912
f 2716/972/888 2715/970/886 2746/996/911 2747/998/913
f 2730/973/889 2729/971/887 2760/997/912 2761/999/914
f 2717/974/890 2716/972/888 2747/998/913 2748/1000/915
f 2731/975/891 2730/973/889 2761/999/914 2762/1001/916
f 2718/976/892 2717/974/890 2748/1000/915 2749/1002/917
f 2732/977/893 2731/975/891 2762/1001/916 2763/1003/918
f 2719/978/894 2718/976/892 2749/1002/917 2750/1004/919
f 2733/979/895 2732/977/893 2763/1003/918 2764/1005/920
f 2720/980/896 2719/978/894 2750/1004/919 2751/1006/921
f 2707/982/1137 2365/1007/20 2738/1008/922
f 2734/983/898 2733/979/895 2764/1005/920 2765/1009/923
f 2721/984/899 2720/980/896 2751/1006/921 2752/1010/924
f 2708/985/900 2707/982/1137 2738/1008/922 2739/1011/1139
f 2735/986/901 2734/983/898 2765/1009/923 2766/1012/926
f 2722/954/871 2721/984/899 2752/1010/924 2753/1013/927
f 2709/956/873 2708/985/900 2739/1011/1139 2740/1014/928
f 2736/958/875 2735/986/901 2766/1012/926 2767/1015/929
f 2723/955/872 2722/954/871 2753/1013/927 2754/1016/930
f 2710/957/874 2709/956/873 2740/1014/928 2741/1017/931
f 2737/959/1138 2736/958/875 2767/1015/929 2768/1018/932
f 2724/960/877 2723/955/872 2754/1016/930 2755/987/902
f 2711/961/878 2710/957/874 2741/1017/931 2742/989/904
f 2364/1019/46 2737/959/1138 2768/1018/932
f 2725/963/879 2724/960/877 2755/987/902 2756/988/903
f 2712/964/880 2711/961/878 2742/989/904 2743/990/905
f 2726/965/881 2725/963/879 2756/988/903 2757/991/906
f 2713/966/882 2712/964/880 2743/990/905 2744/992/907
f 2727/967/883 2726/965/881 2757/991/906 2758/993/908
f 2747/998/913 2746/996/911 2777/1025/938 2778/1027/1140
f 2761/999/914 2760/997/912 2791/1026/939 2792/1028/941
f 2748/1000/915 2747/998/913 2778/1027/1140 2779/1029/942
f 2762/1001/916 2761/999/914 2792/1028/941 2793/1030/943
f 2749/1002/917 2748/1000/915 2779/1029/942 2780/1031/944
f 2763/1003/918 2762/1001/916 2793/1030/943 2794/1032/945
f 2750/1004/919 2749/1002/917 2780/1031/944 2781/1033/946
f 2764/1005/920 2763/1003/918 2794/1032/945 2795/1034/947
f 2751/1006/921 2750/1004/919 2781/1033/946 2782/1035/948
f 2738/1008/922 2365/1036/20 2769/1037/949
f 2765/1009/923 2764/1005/920 2795/1034/947 2796/1038/950
f 2752/1010/924 2751/1006/921 2782/1035/948 2783/1039/951
f 2739/1011/1139 2738/1008/922 2769/1037/949 2770/1040/1141
f 2766/1012/926 2765/1009/923 2796/1038/950 2797/1041/953
f 2753/1013/927 2752/1010/924 2783/1039/951 2784/1042/954
f 2740/1014/928 2739/1011/1139 2770/1040/1141 2771/1043/955
f 2767/1015/929 2766/1012/926 2797/1041/953 2798/1044/956
f 2754/1016/930 2753/1013/927 2784/1042/954 2785/1045/957
f 2741/1017/931 2740/1014/928 2771/1043/955 2772/1046/958
f 2768/1018/932 2767/1015/929 2798/1044/956 2799/1047/959
f 2755/987/902 2754/1016/930 2785/1045/957 2786/1048/960
f 2742/989/904 2741/1017/931 2772/1046/958 2773/1049/961
f 2364/1050/46 2768/1018/932 2799/1047/959
f 2756/988/903 2755/987/902 2786/1048/960 2787/1051/962
f 2743/990/905 2742/989/904 2773/1049/961 2774/1052/963
f 2757/991/906 2756/988/903 2787/1051/962 2788/1020/933
f 2744/992/907 2743/990/905 2774/1052/963 2775/1022/935
f 2758/993/908 2757/991/906 2788/1020/933 2789/1021/934
f 2745/994/909 2744/992/907 2775/1022/935 2776/1023/936
f 2759/995/910 2758/993/908 2789/1021/934 2790/1024/1142
f 2746/996/911 2745/994/909 2776/1023/936 2777/1025/938
f 2760/997/912 2759/995/910 2790/1024/1142 2791/1026/939
f 2780/1031/944 2779/1029/942 2810/1058/969 2811/1060/971
f 2794/1032/945 2793/1030/943 2824/1059/970 2825/1061/972
f 2781/1033/946 2780/1031/944 2811/1060/971 2812/1062/973
f 2795/1034/947 2794/1032/945 2825/1061/972 2826/1063/974
f 2782/1035/948 2781/1033/946 2812/1062/973 2813/1064/975
f 2769/1037/949 2365/1065/20 2800/1066/976
f 2796/1038/950 2795/1034/947 2826/1063/974 2827/1067/977
f 2783/1039/951 2782/1035/948 2813/1064/975 2814/1068/978
f 2770/1040/1141 2769/1037/949 2800/1066/976 2801/1069/979
f 2797/1041/953 2796/1038/950 2827/1067/977 2828/1070/980
f 2784/1042/954 2783/1039/951 2814/1068/978 2815/1071/981
f 2771/1043/955 2770/1040/1141 2801/1069/979 2802/1072/982
f 2798/1044/956 2797/1041/953 2828/1070/980 2829/1073/983
f 2785/1045/957 2784/1042/954 2815/1071/981 2816/1074/984
f 2772/1046/958 2771/1043/955 2802/1072/982 2803/1075/985
f 2799/1047/959 2798/1044/956 2829/1073/983 2830/1076/986
f 2786/1048/960 2785/1045/957 2816/1074/984 2817/1077/987
f 2773/1049/961 2772/1046/958 2803/1075/985 2804/1078/988
f 2364/1079/46 2799/1047/959 2830/1076/986
f 2787/1051/962 2786/1048/960 2817/1077/987 2818/1080/989
f 2774/1052/963 2773/1049/961 2804/1078/988 2805/1081/990
f 2788/1020/933 2787/1051/962 2818/1080/989 2819/1082/991
f 2775/1022/935 2774/1052/963 2805/1081/990 2806/1083/992
f 2789/1021/934 2788/1020/933 2819/1082/991 2820/1084/993
f 2776/1023/936 2775/1022/935 2806/1083/992 2807/1085/994
f 2790/1024/1142 2789/1021/934 2820/1084/993 2821/1053/1143
f 2777/1025/938 2776/1023/936 2807/1085/994 2808/1055/966
f 2791/1026/939 2790/1024/1142 2821/1053/1143 2822/1054/965
f 2778/1027/1140 2777/1025/938 2808/1055/966 2809/1056/967
f 2792/1028/941 2791/1026/939 2822/1054/965 2823/1057/968
f 2779/1029/942 2778/1027/1140 2809/1056/967 2810/1058/969
f 2793/1030/943 2792/1028/941 2823/1057/968 2824/1059/970
f 2813/1064/975 2812/1062/973 1855/13/13 1856/17/17
f 2800/1066/976 2365/1086/20 2831/19/19
f 2827/1067/977 2826/1063/974 1865/15/15 2844/22/22
f 2814/1068/978 2813/1064/975 1856/17/17 1857/24/24
f 2801/1069/979 2800/1066/976 2831/19/19 2832/26/26
f 2828/1070/980 2827/1067/977 2844/22/22 2845/28/28
f 2815/1071/981 2814/1068/978 1857/24/24 2840/30/30
f 2802/1072/982 2801/1069/979 2832/26/26 2833/32/32
f 2829/1073/983 2828/1070/980 2845/28/28 1866/34/34
f 2816/1074/984 2815/1071/981 2840/30/30 1858/36/36
f 2803/1075/985 2802/1072/982 2833/32/32 2834/38/38
f 2830/1076/986 2829/1073/983 1866/34/34 1867/40/40
f 2817/1077/987 2816/1074/984 1858/36/36 1859/42/42
f 2804/1078/988 2803/1075/985 2834/38/38 2835/44/44
f 2364/1087/46 2830/1076/986 1867/40/40
f 2818/1080/989 2817/1077/987 1859/42/42 2841/47/47
f 2805/1081/990 2804/1078/988 2835/44/44 2836/49/49
f 2819/1082/991 2818/1080/989 2841/47/47 2842/51/51
f 2806/1083/992 2805/1081/990 2836/49/49 1852/53/53
f 2820/1084/993 2819/1082/991 2842/51/51 1860/55/55
f 2807/1085/994 2806/1083/992 1852/53/53 2837/57/57
f 2821/1053/1143 2820/1084/993 1860/55/55 1861/59/59
f 2808/1055/966 2807/1085/994 2837/57/57 1853/61/61
f 2822/1054/965 2821/1053/1143 1861/59/59 1862/63/63
f 2809/1056/967 2808/1055/966 1853/61/61 2838/2/2
f 2823/1057/968 2822/1054/965 1862/63/63 2843/6/6
f 2810/1058/969 2809/1056/967 2838/2/2 2839/1/1
f 2824/1059/970 2823/1057/968 2843/6/6 1863/5/5
f 2811/1060/971 2810/1058/969 2839/1/1 1854/9/9
f 2825/1061/972 2824/1059/970 1863/5/5 1864/11/11
f 2812/1062/973 2811/1060/971 1854/9/9 1855/13/13
f 2826/1063/974 2825/1061/972 1864/11/11 1865/15/15
f 3833/1/1 3832/2/2 2871/3/3 2872/4/4
f 2857/5/5 3837/6/6 2885/7/1144 2886/8/8
f 2848/9/9 3833/1/1 2872/4/4 2873/10/10
f 2858/11/11 2857/5/5 2886/8/8 2887/12/12
f 2849/13/13 2848/9/9 2873/10/10 2874/14/14
f 2859/15/15 2858/11/11 2887/12/12 2888/16/16
f 2850/17/17 2849/13/13 2874/14/14 2875/18/18
f 3825/19/19 3359/20/20 2862/21/21
f 3838/22/22 2859/15/15 2888/16/16 2889/23/23
f 2851/24/24 2850/17/17 2875/18/18 2876/25/25
f 3826/26/26 3825/19/19 2862/21/21 2863/27/27
f 3839/28/28 3838/22/22 2889/23/23 2890/29/29
f 3834/30/30 2851/24/24 2876/25/25 2877/31/31
f 3827/32/32 3826/26/26 2863/27/27 2864/33/33
f 2860/34/34 3839/28/28 2890/29/29 2891/35/35
f 2852/36/36 3834/30/30 2877/31/31 2878/37/37
f 3828/38/38 3827/32/32 2864/33/33 2865/39/39
f 2861/40/40 2860/34/34 2891/35/35 2892/41/41
f 2853/42/42 2852/36/36 2878/37/37 2879/43/43
f 3829/44/44 3828/38/38 2865/39/39 2866/45/45
f 3358/46/46 2861/40/40 2892/41/41
f 3835/47/47 2853/42/42 2879/43/43 2880/48/48
f 3830/49/49 3829/44/44 2866/45/45 2867/50/50
f 3836/51/51 3835/47/47 2880/48/48 2881/52/52
f 2846/53/53 3830/49/49 2867/50/50 2868/54/54
f 2854/55/55 3836/51/51 2881/52/52 2882/56/56
f 3831/57/57 2846/53/53 2868/54/54 2869/58/1145
f 2855/59/59 2854/55/55 2882/56/56 2883/60/60
f 2847/61/61 3831/57/57 2869/58/1145 2870/62/1146
f 2856/63/63 2855/59/59 2883/60/60 2884/64/1147
f 3832/2/2 2847/61/61 2870/62/1146 2871/3/3
f 3837/6/6 2856/63/63 2884/64/1147 2885/7/1144
f 2867/50/50 2866/45/45 2897/67/67 2898/68/68
f 2881/52/52 2880/48/48 2911/66/66 2912/69/69
f 2868/54/54 2867/50/50 2898/68/68 2899/70/70
f 2882/56/56 2881/52/52 2912/69/69 2913/71/71
f 2869/58/1145 2868/54/54 2899/70/70 2900/72/72
f 2883/60/60 2882/56/56 2913/71/71 2914/73/1148
f 2870/62/1146 2869/58/1145 2900/72/72 2901/74/74
f 2884/64/1147 2883/60/60 2914/73/1148 2915/75/75
f 2871/3/3 2870/62/1146 2901/74/74 2902/76/1080
f 2885/7/1144 2884/64/1147 2915/75/75 2916/77/77
f 2872/4/4 2871/3/3 2902/76/1080 2903/78/78
f 2886/8/8 2885/7/1144 2916/77/77 2917/79/79
f 2873/10/10 2872/4/4 2903/78/78 2904/80/80
f 2887/12/12 2886/8/8 2917/79/79 2918/81/81
f 2874/14/14 2873/10/10 2904/80/80 2905/82/82
f 2888/16/16 2887/12/12 2918/81/81 2919/83/83
f 2875/18/18 2874/14/14 2905/82/82 2906/84/84
f 2862/21/21 3359/85/20 2893/86/85
f 2889/23/23 2888/16/16 2919/83/83 2920/87/86
f 2876/25/25 2875/18/18 2906/84/84 2907/88/1149
f 2863/27/27 2862/21/21 2893/86/85 2894/89/1081
f 2890/29/29 2889/23/23 2920/87/86 2921/90/89
f 2877/31/31 2876/25/25 2907/88/1149 2908/91/90
f 2864/33/33 2863/27/27 2894/89/1081 2895/92/91
f 2891/35/35 2890/29/29 2921/90/89 2922/93/92
f 2878/37/37 2877/31/31 2908/91/90 2909/94/1082
f 2865/39/39 2864/33/33 2895/92/91 2896/95/94
f 2892/41/41 2891/35/35 2922/93/92 2923/96/95
f 2879/43/43 2878/37/37 2909/94/1082 2910/65/65
f 2866/45/45 2865/39/39 2896/95/94 2897/67/67
f 3358/97/46 2892/41/41 2923/96/95
f 2880/48/48 2879/43/43 2910/65/65 2911/66/66
f 2900/72/72 2899/70/70 2930/100/98 2931/101/99
f 2914/73/1148 2913/71/71 2944/99/97 2945/102/100
f 2901/74/74 2900/72/72 2931/101/99 2932/103/101
f 2915/75/75 2914/73/1148 2945/102/100 2946/104/102
f 2902/76/1080 2901/74/74 2932/103/101 2933/105/103
f 2916/77/77 2915/75/75 2946/104/102 2947/106/104
f 2903/78/78 2902/76/1080 2933/105/103 2934/107/105
f 2917/79/79 2916/77/77 2947/106/104 2948/108/106
f 2904/80/80 2903/78/78 2934/107/105 2935/109/1083
f 2918/81/81 2917/79/79 2948/108/106 2949/110/108
f 2905/82/82 2904/80/80 2935/109/1083 2936/111/109
f 2919/83/83 2918/81/81 2949/110/108 2950/112/110
f 2906/84/84 2905/82/82 2936/111/109 2937/113/111
f 2893/86/85 3359/114/20 2924/115/112
f 2920/87/86 2919/83/83 2950/112/110 2951/116/113
f 2907/88/1149 2906/84/84 2937/113/111 2938/117/114
f 2894/89/1081 2893/86/85 2924/115/112 2925/118/1084
f 2921/90/89 2920/87/86 2951/116/113 2952/119/116
f 2908/91/90 2907/88/1149 2938/117/114 2939/120/117
f 2895/92/91 2894/89/1081 2925/118/1084 2926/121/118
f 2922/93/92 2921/90/89 2952/119/116 2953/122/119
f 2909/94/1082 2908/91/90 2939/120/117 2940/123/120
f 2896/95/94 2895/92/91 2926/121/118 2927/124/121
f 2923/96/95 2922/93/92 2953/122/119 2954/125/122
f 2910/65/65 2909/94/1082 2940/123/120 2941/126/123
f 2897/67/67 2896/95/94 2927/124/121 2928/127/124
f 3358/128/46 2923/96/95 2954/125/122
f 2911/66/66 2910/65/65 2941/126/123 2942/129/125
f 2898/68/68 2897/67/67 2928/127/124 2929/130/126
f 2912/69/69 2911/66/66 2942/129/125 2943/98/1150
f 2899/70/70 2898/68/68 2929/130/126 2930/100/98
f 2913/71/71 2912/69/69 2943/98/1150 2944/99/97
f 2933/105/103 2932/103/101 2963/133/129 2964/134/130
f 2947/106/104 2946/104/102 2977/132/128 2978/135/131
f 2934/107/105 2933/105/103 2964/134/130 2965/136/132
f 2948/108/106 2947/106/104 2978/135/131 2979/137/133
f 2935/109/1083 2934/107/105 2965/136/132 2966/138/134
f 2949/110/108 2948/108/106 2979/137/133 2980/139/135
f 2936/111/109 2935/109/1083 2966/138/134 2967/140/136
f 2950/112/110 2949/110/108 2980/139/135 2981/141/137
f 2937/113/111 2936/111/109 2967/140/136 2968/142/138
f 2924/115/112 3359/143/20 2955/144/1085
f 2951/116/113 2950/112/110 2981/141/137 2982/145/1151
f 2938/117/114 2937/113/111 2968/142/138 2969/146/141
f 2925/118/1084 2924/115/112 2955/144/1085 2956/147/142
f 2952/119/116 2951/116/113 2982/145/1151 2983/148/143
f 2939/120/117 2938/117/114 2969/146/141 2970/149/144
f 2926/121/118 2925/118/1084 2956/147/142 2957/150/145
f 2953/122/119 2952/119/116 2983/148/143 2984/151/146
f 2940/123/120 2939/120/117 2970/149/144 2971/152/147
f 2927/124/121 2926/121/118 2957/150/145 2958/153/1152
f 2954/125/122 2953/122/119 2984/151/146 2985/154/1153
f 2941/126/123 2940/123/120 2971/152/147 2972/155/150
f 2928/127/124 2927/124/121 2958/153/1152 2959/156/151
f 3358/157/46 2954/125/122 2985/154/1153
f 2942/129/125 2941/126/123 2972/155/150 2973/158/152
f 2929/130/126 2928/127/124 2959/156/151 2960/159/153
f 2943/98/1150 2942/129/125 2973/158/152 2974/160/154
f 2930/100/98 2929/130/126 2960/159/153 2961/161/155
f 2944/99/97 2943/98/1150 2974/160/154 2975/162/156
f 2931/101/99 2930/100/98 2961/161/155 2962/163/157
f 2945/102/100 2944/99/97 2975/162/156 2976/131/127
f 2932/103/101 2931/101/99 2962/163/157 2963/133/129
f 2946/104/102 2945/102/100 2976/131/127 2977/132/128
f 2966/138/134 2965/136/132 2996/166/160 2997/167/161
f 2980/139/135 2979/137/133 3010/165/159 3011/168/162
f 2967/140/136 2966/138/134 2997/167/161 2998/169/163
f 2981/141/137 2980/139/135 3011/168/162 3012/170/164
f 2968/142/138 2967/140/136 2998/169/163 2999/171/165
f 2955/144/1085 3359/172/20 2986/173/166
f 2982/145/1151 2981/141/137 3012/170/164 3013/174/167
f 2969/146/141 2968/142/138 2999/171/165 3000/175/168
f 2956/147/142 2955/144/1085 2986/173/166 2987/176/1087
f 2983/148/143 2982/145/1151 3013/174/167 3014/177/170
f 2970/149/144 2969/146/141 3000/175/168 3001/178/171
f 2957/150/145 2956/147/142 2987/176/1087 2988/179/172
f 2984/151/146 2983/148/143 3014/177/170 3015/180/173
f 2971/152/147 2970/149/144 3001/178/171 3002/181/174
f 2958/153/1152 2957/150/145 2988/179/172 2989/182/175
f 2985/154/1153 2984/151/146 3015/180/173 3016/183/176
f 2972/155/150 2971/152/147 3002/181/174 3003/184/177
f 2959/156/151 2958/153/1152 2989/182/175 2990/185/178
f 3358/186/46 2985/154/1153 3016/183/176
f 2973/158/152 2972/155/150 3003/184/177 3004/187/179
f 2960/159/153 2959/156/151 2990/185/178 2991/188/180
f 2974/160/154 2973/158/152 3004/187/179 3005/189/181
f 2961/161/155 2960/159/153 2991/188/180 2992/190/182
f 2975/162/156 2974/160/154 3005/189/181 3006/191/183
f 2962/163/157 2961/161/155 2992/190/182 2993/192/184
f 2976/131/127 2975/162/156 3006/191/183 3007/193/185
f 2963/133/129 2962/163/157 2993/192/184 2994/194/1154
f 2977/132/128 2976/131/127 3007/193/185 3008/195/1155
f 2964/134/130 2963/133/129 2994/194/1154 2995/196/188
f 2978/135/131 2977/132/128 3008/195/1155 3009/164/158
f 2965/136/132 2964/134/130 2995/196/188 2996/166/160
f 2979/137/133 2978/135/131 3009/164/158 3010/165/159
f 2999/171/165 2998/169/163 3029/199/191 3030/200/192
f 2986/173/166 3359/201/20 3017/202/193
f 3013/174/167 3012/170/164 3043/198/190 3044/203/194
f 3000/175/168 2999/171/165 3030/200/192 3031/204/195
f 2987/176/1087 2986/173/166 3017/202/193 3018/205/1088
f 3014/177/170 3013/174/167 3044/203/194 3045/206/197
f 3001/178/171 3000/175/168 3031/204/195 3032/207/198
f 2988/179/172 2987/176/1087 3018/205/1088 3019/208/199
f 3015/180/173 3014/177/170 3045/206/197 3046/209/200
f 3002/181/174 3001/178/171 3032/207/198 3033/210/201
f 2989/182/175 2988/179/172 3019/208/199 3020/211/202
f 3016/183/176 3015/180/173 3046/209/200 3047/212/203
f 3003/184/177 3002/181/174 3033/210/201 3034/213/204
f 2990/185/178 2989/182/175 3020/211/202 3021/214/205
f 3358/215/46 3016/183/176 3047/212/203
f 3004/187/179 3003/184/177 3034/213/204 3035/216/206
f 2991/188/180 2990/185/178 3021/214/205 3022/217/207
f 3005/189/181 3004/187/179 3035/216/206 3036/218/208
f 2992/190/182 2991/188/180 3022/217/207 3023/219/209
f 3006/191/183 3005/189/181 3036/218/208 3037/220/210
f 2993/192/184 2992/190/182 3023/219/209 3024/221/211
f 3007/193/185 3006/191/183 3037/220/210 3038/222/1089
f 2994/194/1154 2993/192/184 3024/221/211 3025/223/213
f 3008/195/1155 3007/193/185 3038/222/1089 3039/224/214
f 2995/196/188 2994/194/1154 3025/223/213 3026/225/1090
f 3009/164/158 3008/195/1155 3039/224/214 3040/226/216
f 2996/166/160 2995/196/188 3026/225/1090 3027/227/217
f 3010/165/159 3009/164/158 3040/226/216 3041/228/218
f 2997/167/161 2996/166/160 3027/227/217 3028/229/219
f 3011/168/162 3010/165/159 3041/228/218 3042/197/189
f 2998/169/163 2997/167/161 3028/229/219 3029/199/191
f 3012/170/164 3011/168/162 3042/197/189 3043/198/190
f 3032/207/198 3031/204/195 3062/232/222 3063/233/223
f 3019/208/199 3018/205/1088 3049/234/224 3050/235/225
f 3046/209/200 3045/206/197 3076/231/221 3077/236/226
f 3033/210/201 3032/207/198 3063/233/223 3064/237/227
f 3020/211/202 3019/208/199 3050/235/225 3051/238/228
f 3047/212/203 3046/209/200 3077/236/226 3078/239/229
f 3034/213/204 3033/210/201 3064/237/227 3065/240/230
f 3021/214/205 3020/211/202 3051/238/228 3052/241/231
f 3358/242/46 3047/212/203 3078/239/229
f 3035/216/206 3034/213/204 3065/240/230 3066/243/232
f 3022/217/207 3021/214/205 3052/241/231 3053/244/233
f 3036/218/208 3035/216/206 3066/243/232 3067/245/234
f 3023/219/209 3022/217/207 3053/244/233 3054/246/235
f 3037/220/210 3036/218/208 3067/245/234 3068/247/236
f 3024/221/211 3023/219/209 3054/246/235 3055/248/1091
f 3038/222/1089 3037/220/210 3068/247/236 3069/249/238
f 3025/223/213 3024/221/211 3055/248/1091 3056/250/239
f 3039/224/214 3038/222/1089 3069/249/238 3070/251/240
f 3026/225/1090 3025/223/213 3056/250/239 3057/252/241
f 3040/226/216 3039/224/214 3070/251/240 3071/253/1156
f 3027/227/217 3026/225/1090 3057/252/241 3058/254/243
f 3041/228/218 3040/226/216 3071/253/1156 3072/255/244
f 3028/229/219 3027/227/217 3058/254/243 3059/256/245
f 3042/197/189 3041/228/218 3072/255/244 3073/257/246
f 3029/199/191 3028/229/219 3059/256/245 3060/258/247
f 3043/198/190 3042/197/189 3073/257/246 3074/259/248
f 3030/200/192 3029/199/191 3060/258/247 3061/260/249
f 3017/202/193 3359/261/20 3048/262/250
f 3044/203/194 3043/198/190 3074/259/248 3075/230/220
f 3031/204/195 3030/200/192 3061/260/249 3062/232/222
f 3018/205/1088 3017/202/193 3048/262/250 3049/234/224
f 3045/206/197 3044/203/194 3075/230/220 3076/231/221
f 3065/240/230 3064/237/227 3095/265/253 3096/266/254
f 3052/241/231 3051/238/228 3082/267/255 3083/268/256
f 3358/269/46 3078/239/229 3109/264/252
f 3066/243/232 3065/240/230 3096/266/254 3097/270/257
f 3053/244/233 3052/241/231 3083/268/256 3084/271/258
f 3067/245/234 3066/243/232 3097/270/257 3098/272/259
f 3054/246/235 3053/244/233 3084/271/258 3085/273/260
f 3068/247/236 3067/245/234 3098/272/259 3099/274/261
f 3055/248/1091 3054/246/235 3085/273/260 3086/275/262
f 3069/249/238 3068/247/236 3099/274/261 3100/276/263
f 3056/250/239 3055/248/1091 3086/275/262 3087/277/264
f 3070/251/240 3069/249/238 3100/276/263 3101/278/265
f 3057/252/241 3056/250/239 3087/277/264 3088/279/266
f 3071/253/1156 3070/251/240 3101/278/265 3102/280/267
f 3058/254/243 3057/252/241 3088/279/266 3089/281/268
f 3072/255/244 3071/253/1156 3102/280/267 3103/282/269
f 3059/256/245 3058/254/243 3089/281/268 3090/283/270
f 3073/257/246 3072/255/244 3103/282/269 3104/284/271
f 3060/258/247 3059/256/245 3090/283/270 3091/285/272
f 3074/259/248 3073/257/246 3104/284/271 3105/286/273
f 3061/260/249 3060/258/247 3091/285/272 3092/287/274
f 3048/262/250 3359/288/20 3079/289/275
f 3075/230/220 3074/259/248 3105/286/273 3106/290/276
f 3062/232/222 3061/260/249 3092/287/274 3093/291/277
f 3049/234/224 3048/262/250 3079/289/275 3080/292/278
f 3076/231/221 3075/230/220 3106/290/276 3107/293/279
f 3063/233/223 3062/232/222 3093/291/277 3094/294/280
f 3050/235/225 3049/234/224 3080/292/278 3081/295/281
f 3077/236/226 3076/231/221 3107/293/279 3108/263/251
f 3064/237/227 3063/233/223 3094/294/280 3095/265/253
f 3051/238/228 3050/235/225 3081/295/281 3082/267/255
f 3078/239/229 3077/236/226 3108/263/251 3109/264/252
f 3098/272/259 3097/270/257 3128/296/282 3129/297/283
f 3085/273/260 3084/271/258 3115/298/284 3116/299/285
f 3099/274/261 3098/272/259 3129/297/283 3130/300/286
f 3086/275/262 3085/273/260 3116/299/285 3117/301/287
f 3100/276/263 3099/274/261 3130/300/286 3131/302/288
f 3087/277/264 3086/275/262 3117/301/287 3118/303/1095
f 3101/278/265 3100/276/263 3131/302/288 3132/304/1096
f 3088/279/266 3087/277/264 3118/303/1095 3119/305/291
f 3102/280/267 3101/278/265 3132/304/1096 3133/306/292
f 3089/281/268 3088/279/266 3119/305/291 3120/307/293
f 3103/282/269 3102/280/267 3133/306/292 3134/308/294
f 3090/283/270 3089/281/268 3120/307/293 3121/309/295
f 3104/284/271 3103/282/269 3134/308/294 3135/310/296
f 3091/285/272 3090/283/270 3121/309/295 3122/311/297
f 3105/286/273 3104/284/271 3135/310/296 3136/312/298
f 3092/287/274 3091/285/272 3122/311/297 3123/313/299
f 3079/289/275 3359/314/20 3110/315/300
f 3106/290/276 3105/286/273 3136/312/298 3137/316/301
f 3093/291/277 3092/287/274 3123/313/299 3124/317/302
f 3080/292/278 3079/289/275 3110/315/300 3111/318/303
f 3107/293/279 3106/290/276 3137/316/301 3138/319/304
f 3094/294/280 3093/291/277 3124/317/302 3125/320/305
f 3081/295/281 3080/292/278 3111/318/303 3112/321/306
f 3108/263/251 3107/293/279 3138/319/304 3139/322/307
f 3095/265/253 3094/294/280 3125/320/305 3126/323/308
f 3082/267/255 3081/295/281 3112/321/306 3113/324/309
f 3109/264/252 3108/263/251 3139/322/307 3140/325/310
f 3096/266/254 3095/265/253 3126/323/308 3127/326/311
f 3083/268/256 3082/267/255 3113/324/309 3114/327/312
f 3358/328/46 3109/264/252 3140/325/310
f 3097/270/257 3096/266/254 3127/326/311 3128/296/282
f 3084/271/258 3083/268/256 3114/327/312 3115/298/284
f 3131/302/288 3130/300/286 3161/329/313 3162/330/1157
f 3118/303/1095 3117/301/287 3148/331/315 3149/332/316
f 3132/304/1096 3131/302/288 3162/330/1157 3163/333/317
f 3119/305/291 3118/303/1095 3149/332/316 3150/334/1098
f 3133/306/292 3132/304/1096 3163/333/317 3164/335/319
f 3120/307/293 3119/305/291 3150/334/1098 3151/336/320
f 3134/308/294 3133/306/292 3164/335/319 3165/337/321
f 3121/309/295 3120/307/293 3151/336/320 3152/338/322
f 3135/310/296 3134/308/294 3165/337/321 3166/339/323
f 3122/311/297 3121/309/295 3152/338/322 3153/340/324
f 3136/312/298 3135/310/296 3166/339/323 3167/341/325
f 3123/313/299 3122/311/297 3153/340/324 3154/342/326
f 3110/315/300 3359/343/20 3141/344/327
f 3137/316/301 3136/312/298 3167/341/325 3168/345/328
f 3124/317/302 3123/313/299 3154/342/326 3155/346/329
f 3111/318/303 3110/315/300 3141/344/327 3142/347/1099
f 3138/319/304 3137/316/301 3168/345/328 3169/348/331
f 3125/320/305 3124/317/302 3155/346/329 3156/349/332
f 3112/321/306 3111/318/303 3142/347/1099 3143/350/333
f 3139/322/307 3138/319/304 3169/348/331 3170/351/334
f 3126/323/308 3125/320/305 3156/349/332 3157/352/335
f 3113/324/309 3112/321/306 3143/350/333 3144/353/336
f 3140/325/310 3139/322/307 3170/351/334 3171/354/337
f 3127/326/311 3126/323/308 3157/352/335 3158/355/338
f 3114/327/312 3113/324/309 3144/353/336 3145/356/339
f 3358/357/46 3140/325/310 3171/354/337
f 3128/296/282 3127/326/311 3158/355/338 3159/358/340
f 3115/298/284 3114/327/312 3145/356/339 3146/359/341
f 3129/297/283 3128/296/282 3159/358/340 3160/360/342
f 3116/299/285 3115/298/284 3146/359/341 3147/361/343
f 3130/300/286 3129/297/283 3160/360/342 3161/329/313
f 3117/301/287 3116/299/285 3147/361/343 3148/331/315
f 3164/335/319 3163/333/317 3194/362/344 3195/363/345
f 3151/336/320 3150/334/1098 3181/364/346 3182/365/347
f 3165/337/321 3164/335/319 3195/363/345 3196/366/348
f 3152/338/322 3151/336/320 3182/365/347 3183/367/349
f 3166/339/323 3165/337/321 3196/366/348 3197/368/350
f 3153/340/324 3152/338/322 3183/367/349 3184/369/351
f 3167/341/325 3166/339/323 3197/368/350 3198/370/352
f 3154/342/326 3153/340/324 3184/369/351 3185/371/353
f 3141/344/327 3359/372/20 3172/373/354
f 3168/345/328 3167/341/325 3198/370/352 3199/374/355
f 3155/346/329 3154/342/326 3185/371/353 3186/375/356
f 3142/347/1099 3141/344/327 3172/373/354 3173/376/1100
f 3169/348/331 3168/345/328 3199/374/355 3200/377/358
f 3156/349/332 3155/346/329 3186/375/356 3187/378/359
f 3143/350/333 3142/347/1099 3173/376/1100 3174/379/360
f 3170/351/334 3169/348/331 3200/377/358 3201/380/361
f 3157/352/335 3156/349/332 3187/378/359 3188/381/362
f 3144/353/336 3143/350/333 3174/379/360 3175/382/363
f 3171/354/337 3170/351/334 3201/380/361 3202/383/364
f 3158/355/338 3157/352/335 3188/381/362 3189/384/365
f 3145/356/339 3144/353/336 3175/382/363 3176/385/366
f 3358/386/46 3171/354/337 3202/383/364
f 3159/358/340 3158/355/338 3189/384/365 3190/387/367
f 3146/359/341 3145/356/339 3176/385/366 3177/388/368
f 3160/360/342 3159/358/340 3190/387/367 3191/389/369
f 3147/361/343 3146/359/341 3177/388/368 3178/390/370
f 3161/329/313 3160/360/342 3191/389/369 3192/391/371
f 3148/331/315 3147/361/343 3178/390/370 3179/392/372
f 3162/330/1157 3161/329/313 3192/391/371 3193/393/373
f 3149/332/316 3148/331/315 3179/392/372 3180/394/374
f 3163/333/317 3162/330/1157 3193/393/373 3194/362/344
f 3150/334/1098 3149/332/316 3180/394/374 3181/364/346
f 3197/368/350 3196/366/348 3227/395/375 3228/396/376
f 3184/369/351 3183/367/349 3214/397/377 3215/398/378
f 3198/370/352 3197/368/350 3228/396/376 3229/399/379
f 3185/371/353 3184/369/351 3215/398/378 3216/400/380
f 3172/373/354 3359/401/20 3203/402/1158
f 3199/374/355 3198/370/352 3229/399/379 3230/403/382
f 3186/375/356 3185/371/353 3216/400/380 3217/404/383
f 3173/376/1100 3172/373/354 3203/402/1158 3204/405/384
f 3200/377/358 3199/374/355 3230/403/382 3231/406/385
f 3187/378/359 3186/375/356 3217/404/383 3218/407/386
f 3174/379/360 3173/376/1100 3204/405/384 3205/408/387
f 3201/380/361 3200/377/358 3231/406/385 3232/409/388
f 3188/381/362 3187/378/359 3218/407/386 3219/410/389
f 3175/382/363 3174/379/360 3205/408/387 3206/411/390
f 3202/383/364 3201/380/361 3232/409/388 3233/412/1102
f 3189/384/365 3188/381/362 3219/410/389 3220/413/392
f 3176/385/366 3175/382/363 3206/411/390 3207/414/393
f 3358/415/46 3202/383/364 3233/412/1102
f 3190/387/367 3189/384/365 3220/413/392 3221/416/394
f 3177/388/368 3176/385/366 3207/414/393 3208/417/395
f 3191/389/369 3190/387/367 3221/416/394 3222/418/396
f 3178/390/370 3177/388/368 3208/417/395 3209/419/397
f 3192/391/371 3191/389/369 3222/418/396 3223/420/398
f 3179/392/372 3178/390/370 3209/419/397 3210/421/399
f 3193/393/373 3192/391/371 3223/420/398 3224/422/400
f 3180/394/374 3179/392/372 3210/421/399 3211/423/401
f 3194/362/344 3193/393/373 3224/422/400 3225/424/402
f 3181/364/346 3180/394/374 3211/423/401 3212/425/403
f 3195/363/345 3194/362/344 3225/424/402 3226/426/404
f 3182/365/347 3181/364/346 3212/425/403 3213/427/405
f 3196/366/348 3195/363/345 3226/426/404 3227/395/375
f 3183/367/349 3182/365/347 3213/427/405 3214/397/377
f 3203/402/1158 3359/428/20 3234/429/406
f 3230/403/382 3229/399/379 3260/430/407 3261/431/408
f 3217/404/383 3216/400/380 3247/432/409 3248/433/410
f 3204/405/384 3203/402/1158 3234/429/406 3235/434/1103
f 3231/406/385 3230/403/382 3261/431/408 3262/435/412
f 3218/407/386 3217/404/383 3248/433/410 3249/436/413
f 3205/408/387 3204/405/384 3235/434/1103 3236/437/414
f 3232/409/388 3231/406/385 3262/435/412 3263/438/415
f 3219/410/389 3218/407/386 3249/436/413 3250/439/416
f 3206/411/390 3205/408/387 3236/437/414 3237/440/417
f 3233/412/1102 3232/409/388 3263/438/415 3264/441/418
f 3220/413/392 3219/410/389 3250/439/416 3251/442/419
f 3207/414/393 3206/411/390 3237/440/417 3238/443/420
f 3358/444/46 3233/412/1102 3264/441/418
f 3221/416/394 3220/413/392 3251/442/419 3252/445/421
f 3208/417/395 3207/414/393 3238/443/420 3239/446/422
f 3222/418/396 3221/416/394 3252/445/421 3253/447/423
f 3209/419/397 3208/417/395 3239/446/422 3240/448/424
f 3223/420/398 3222/418/396 3253/447/423 3254/449/425
f 3210/421/399 3209/419/397 3240/448/424 3241/450/426
f 3224/422/400 3223/420/398 3254/449/425 3255/451/427
f 3211/423/401 3210/421/399 3241/450/426 3242/452/428
f 3225/424/402 3224/422/400 3255/451/427 3256/453/429
f 3212/425/403 3211/423/401 3242/452/428 3243/454/430
f 3226/426/404 3225/424/402 3256/453/429 3257/455/431
f 3213/427/405 3212/425/403 3243/454/430 3244/456/432
f 3227/395/375 3226/426/404 3257/455/431 3258/457/433
f 3214/397/377 3213/427/405 3244/456/432 3245/458/434
f 3228/396/376 3227/395/375 3258/457/433 3259/459/435
f 3215/398/378 3214/397/377 3245/458/434 3246/460/436
f 3229/399/379 3228/396/376 3259/459/435 3260/430/407
f 3216/400/380 3215/398/378 3246/460/436 3247/432/409
f 3236/437/414 3235/434/1103 3266/461/1106 3267/462/438
f 3263/438/415 3262/435/412 3293/463/439 3294/464/440
f 3250/439/416 3249/436/413 3280/465/441 3281/466/442
f 3237/440/417 3236/437/414 3267/462/438 3268/467/443
f 3264/441/418 3263/438/415 3294/464/440 3295/468/444
f 3251/442/419 3250/439/416 3281/466/442 3282/469/445
f 3238/443/420 3237/440/417 3268/467/443 3269/470/446
f 3358/471/46 3264/441/418 3295/468/444
f 3252/445/421 3251/442/419 3282/469/445 3283/472/447
f 3239/446/422 3238/443/420 3269/470/446 3270/473/448
f 3253/447/423 3252/445/421 3283/472/447 3284/474/449
f 3240/448/424 3239/446/422 3270/473/448 3271/475/450
f 3254/449/425 3253/447/423 3284/474/449 3285/476/451
f 3241/450/426 3240/448/424 3271/475/450 3272/477/452
f 3255/451/427 3254/449/425 3285/476/451 3286/478/1159
f 3242/452/428 3241/450/426 3272/477/452 3273/479/454
f 3256/453/429 3255/451/427 3286/478/1159 3287/480/455
f 3243/454/430 3242/452/428 3273/479/454 3274/481/1160
f 3257/455/431 3256/453/429 3287/480/455 3288/482/457
f 3244/456/432 3243/454/430 3274/481/1160 3275/483/458
f 3258/457/433 3257/455/431 3288/482/457 3289/484/459
f 3245/458/434 3244/456/432 3275/483/458 3276/485/460
f 3259/459/435 3258/457/433 3289/484/459 3290/486/461
f 3246/460/436 3245/458/434 3276/485/460 3277/487/462
f 3260/430/407 3259/459/435 3290/486/461 3291/488/463
f 3247/432/409 3246/460/436 3277/487/462 3278/489/464
f 3234/429/406 3359/490/20 3265/491/465
f 3261/431/408 3260/430/407 3291/488/463 3292/492/466
f 3248/433/410 3247/432/409 3278/489/464 3279/493/467
f 3235/434/1103 3234/429/406 3265/491/465 3266/461/1106
f 3262/435/412 3261/431/408 3292/492/466 3293/463/439
f 3249/436/413 3248/433/410 3279/493/467 3280/465/441
f 3269/470/446 3268/467/443 3299/494/468 3300/495/469
f 3358/496/46 3295/468/444 3326/497/470
f 3283/472/447 3282/469/445 3313/498/471 3314/499/472
f 3270/473/448 3269/470/446 3300/495/469 3301/500/473
f 3284/474/449 3283/472/447 3314/499/472 3315/501/474
f 3271/475/450 3270/473/448 3301/500/473 3302/502/475
f 3285/476/451 3284/474/449 3315/501/474 3316/503/476
f 3272/477/452 3271/475/450 3302/502/475 3303/504/477
f 3286/478/1159 3285/476/451 3316/503/476 3317/505/1161
f 3273/479/454 3272/477/452 3303/504/477 3304/506/479
f 3287/480/455 3286/478/1159 3317/505/1161 3318/507/480
f 3274/481/1160 3273/479/454 3304/506/479 3305/508/481
f 3288/482/457 3287/480/455 3318/507/480 3319/509/482
f 3275/483/458 3274/481/1160 3305/508/481 3306/510/483
f 3289/484/459 3288/482/457 3319/509/482 3320/511/484
f 3276/485/460 3275/483/458 3306/510/483 3307/512/485
f 3290/486/461 3289/484/459 3320/511/484 3321/513/486
f 3277/487/462 3276/485/460 3307/512/485 3308/514/487
f 3291/488/463 3290/486/461 3321/513/486 3322/515/488
f 3278/489/464 3277/487/462 3308/514/487 3309/516/489
f 3265/491/465 3359/517/20 3296/518/490
f 3292/492/466 3291/488/463 3322/515/488 3323/519/491
f 3279/493/467 3278/489/464 3309/516/489 3310/520/492
f 3266/461/1106 3265/491/465 3296/518/490 3297/521/493
f 3293/463/439 3292/492/466 3323/519/491 3324/522/494
f 3280/465/441 3279/493/467 3310/520/492 3311/523/495
f 3267/462/438 3266/461/1106 3297/521/493 3298/524/496
f 3294/464/440 3293/463/439 3324/522/494 3325/525/497
f 3281/466/442 3280/465/441 3311/523/495 3312/526/498
f 3268/467/443 3267/462/438 3298/524/496 3299/494/468
f 3295/468/444 3294/464/440 3325/525/497 3326/497/470
f 3282/469/445 3281/466/442 3312/526/498 3313/498/471
f 3302/502/475 3301/500/473 3332/527/499 3333/528/500
f 3316/503/476 3315/501/474 3346/529/501 3347/530/502
f 3303/504/477 3302/502/475 3333/528/500 3334/531/503
f 3317/505/1161 3316/503/476 3347/530/502 3348/532/504
f 3304/506/479 3303/504/477 3334/531/503 3335/533/505
f 3318/507/480 3317/505/1161 3348/532/504 3349/534/506
f 3305/508/481 3304/506/479 3335/533/505 3336/535/507
f 3319/509/482 3318/507/480 3349/534/506 3350/536/508
f 3306/510/483 3305/508/481 3336/535/507 3337/537/509
f 3320/511/484 3319/509/482 3350/536/508 3351/538/510
f 3307/512/485 3306/510/483 3337/537/509 3338/539/511
f 3321/513/486 3320/511/484 3351/538/510 3352/540/512
f 3308/514/487 3307/512/485 3338/539/511 3339/541/513
f 3322/515/488 3321/513/486 3352/540/512 3353/542/514
f 3309/516/489 3308/514/487 3339/541/513 3340/543/515
f 3296/518/490 3359/544/20 3327/545/516
f 3323/519/491 3322/515/488 3353/542/514 3354/546/517
f 3310/520/492 3309/516/489 3340/543/515 3341/547/518
f 3297/521/493 3296/518/490 3327/545/516 3328/548/519
f 3324/522/494 3323/519/491 3354/546/517 3355/549/520
f 3311/523/495 3310/520/492 3341/547/518 3342/550/521
f 3298/524/496 3297/521/493 3328/548/519 3329/551/522
f 3325/525/497 3324/522/494 3355/549/520 3356/552/523
f 3312/526/498 3311/523/495 3342/550/521 3343/553/524
f 3299/494/468 3298/524/496 3329/551/522 3330/554/525
f 3326/497/470 3325/525/497 3356/552/523 3357/555/526
f 3313/498/471 3312/526/498 3343/553/524 3344/556/527
f 3300/495/469 3299/494/468 3330/554/525 3331/557/528
f 3358/558/46 3326/497/470 3357/555/526
f 3314/499/472 3313/498/471 3344/556/527 3345/559/529
f 3301/500/473 3300/495/469 3331/557/528 3332/527/499
f 3315/501/474 3314/499/472 3345/559/529 3346/529/501
f 3335/533/505 3334/531/503 3367/560/530 3368/561/531
f 3349/534/506 3348/532/504 3381/562/532 3382/563/533
f 3336/535/507 3335/533/505 3368/561/531 3369/564/534
f 3350/536/508 3349/534/506 3382/563/533 3383/565/535
f 3337/537/509 3336/535/507 3369/564/534 3370/566/536
f 3351/538/510 3350/536/508 3383/565/535 3384/567/537
f 3338/539/511 3337/537/509 3370/566/536 3371/568/538
f 3352/540/512 3351/538/510 3384/567/537 3385/569/539
f 3339/541/513 3338/539/511 3371/568/538 3372/570/540
f 3353/542/514 3352/540/512 3385/569/539 3386/571/541
f 3340/543/515 3339/541/513 3372/570/540 3373/572/542
f 3327/545/516 3359/573/20 3360/574/543
f 3354/546/517 3353/542/514 3386/571/541 3387/575/544
f 3341/547/518 3340/543/515 3373/572/542 3374/576/545
f 3328/548/519 3327/545/516 3360/574/543 3361/577/546
f 3355/549/520 3354/546/517 3387/575/544 3388/578/547
f 3342/550/521 3341/547/518 3374/576/545 3375/579/548
f 3329/551/522 3328/548/519 3361/577/546 3362/580/549
f 3356/552/523 3355/549/520 3388/578/547 3389/581/550
f 3343/553/524 3342/550/521 3375/579/548 3376/582/551
f 3330/554/525 3329/551/522 3362/580/549 3363/583/552
f 3357/555/526 3356/552/523 3389/581/550 3390/584/553
f 3344/556/527 3343/553/524 3376/582/551 3377/585/554
f 3331/557/528 3330/554/525 3363/583/552 3364/586/555
f 3358/587/46 3357/555/526 3390/584/553
f 3345/559/529 3344/556/527 3377/585/554 3378/588/556
f 3332/527/499 3331/557/528 3364/586/555 3365/589/557
f 3346/529/501 3345/559/529 3378/588/556 3379/590/558
f 3333/528/500 3332/527/499 3365/589/557 3366/591/559
f 3347/530/502 3346/529/501 3379/590/558 3380/592/560
f 3334/531/503 3333/528/500 3366/591/559 3367/560/530
f 3348/532/504 3347/530/502 3380/592/560 3381/562/532
f 3370/566/536 3369/564/534 3400/593/1162 3401/594/562
f 3384/567/537 3383/565/535 3414/595/563 3415/596/564
f 3371/568/538 3370/566/536 3401/594/562 3402/597/565
f 3385/569/539 3384/567/537 3415/596/564 3416/598/566
f 3372/570/540 3371/568/538 3402/597/565 3403/599/567
f 3386/571/541 3385/569/539 3416/598/566 3417/600/568
f 3373/572/542 3372/570/540 3403/599/567 3404/601/569
f 3360/574/543 3359/602/20 3391/603/570
f 3387/575/544 3386/571/541 3417/600/568 3418/604/571
f 3374/576/545 3373/572/542 3404/601/569 3405/605/572
f 3361/577/546 3360/574/543 3391/603/570 3392/606/1120
f 3388/578/547 3387/575/544 3418/604/571 3419/607/574
f 3375/579/548 3374/576/545 3405/605/572 3406/608/575
f 3362/580/549 3361/577/546 3392/606/1120 3393/609/576
f 3389/581/550 3388/578/547 3419/607/574 3420/610/577
f 3376/582/551 3375/579/548 3406/608/575 3407/611/578
f 3363/583/552 3362/580/549 3393/609/576 3394/612/579
f 3390/584/553 3389/581/550 3420/610/577 3421/613/580
f 3377/585/554 3376/582/551 3407/611/578 3408/614/581
f 3364/586/555 3363/583/552 3394/612/579 3395/615/582
f 3358/616/46 3390/584/553 3421/613/580
f 3378/588/556 3377/585/554 3408/614/581 3409/617/583
f 3365/589/557 3364/586/555 3395/615/582 3396/618/584
f 3379/590/558 3378/588/556 3409/617/583 3410/619/585
f 3366/591/559 3365/589/557 3396/618/584 3397/620/586
f 3380/592/560 3379/590/558 3410/619/585 3411/621/587
f 3367/560/530 3366/591/559 3397/620/586 3398/622/588
f 3381/562/532 3380/592/560 3411/621/587 3412/623/1163
f 3368/561/531 3367/560/530 3398/622/588 3399/624/590
f 3382/563/533 3381/562/532 3412/623/1163 3413/625/591
f 3369/564/534 3368/561/531 3399/624/590 3400/593/1162
f 3383/565/535 3382/563/533 3413/625/591 3414/595/563
f 3403/599/567 3402/597/565 3433/626/592 3434/627/593
f 3417/600/568 3416/598/566 3447/628/594 3448/629/595
f 3404/601/569 3403/599/567 3434/627/593 3435/630/596
f 3391/603/570 3359/631/20 3422/632/597
f 3418/604/571 3417/600/568 3448/629/595 3449/633/598
f 3405/605/572 3404/601/569 3435/630/596 3436/634/599
f 3392/606/1120 3391/603/570 3422/632/597 3423/635/1123
f 3419/607/574 3418/604/571 3449/633/598 3450/636/601
f 3406/608/575 3405/605/572 3436/634/599 3437/637/602
f 3393/609/576 3392/606/1120 3423/635/1123 3424/638/603
f 3420/610/577 3419/607/574 3450/636/601 3451/639/604
f 3407/611/578 3406/608/575 3437/637/602 3438/640/605
f 3394/612/579 3393/609/576 3424/638/603 3425/641/606
f 3421/613/580 3420/610/577 3451/639/604 3452/642/607
f 3408/614/581 3407/611/578 3438/640/605 3439/643/608
f 3395/615/582 3394/612/579 3425/641/606 3426/644/609
f 3358/645/46 3421/613/580 3452/642/607
f 3409/617/583 3408/614/581 3439/643/608 3440/646/610
f 3396/618/584 3395/615/582 3426/644/609 3427/647/611
f 3410/619/585 3409/617/583 3440/646/610 3441/648/612
f 3397/620/586 3396/618/584 3427/647/611 3428/649/613
f 3411/621/587 3410/619/585 3441/648/612 3442/650/614
f 3398/622/588 3397/620/586 3428/649/613 3429/651/615
f 3412/623/1163 3411/621/587 3442/650/614 3443/652/616
f 3399/624/590 3398/622/588 3429/651/615 3430/653/617
f 3413/625/591 3412/623/1163 3443/652/616 3444/654/618
f 3400/593/1162 3399/624/590 3430/653/617 3431/655/619
f 3414/595/563 3413/625/591 3444/654/618 3445/656/620
f 3401/594/562 3400/593/1162 3431/655/619 3432/657/621
f 3415/596/564 3414/595/563 3445/656/620 3446/658/622
f 3402/597/565 3401/594/562 3432/657/621 3433/626/592
f 3416/598/566 3415/596/564 3446/658/622 3447/628/594
f 3436/634/599 3435/630/596 3466/659/623 3467/660/624
f 3423/635/1123 3422/632/597 3453/661/1164 3454/662/626
f 3450/636/601 3449/633/598 3480/663/627 3481/664/628
f 3437/637/602 3436/634/599 3467/660/624 3468/665/629
f 3424/638/603 3423/635/1123 3454/662/626 3455/666/630
f 3451/639/604 3450/636/601 3481/664/628 3482/667/631
f 3438/640/605 3437/637/602 3468/665/629 3469/668/632
f 3425/641/606 3424/638/603 3455/666/630 3456/669/633
f 3452/642/607 3451/639/604 3482/667/631 3483/670/1126
f 3439/643/608 3438/640/605 3469/668/632 3470/671/635
f 3426/644/609 3425/641/606 3456/669/633 3457/672/636
f 3358/673/46 3452/642/607 3483/670/1126
f 3440/646/610 3439/643/608 3470/671/635 3471/674/637
f 3427/647/611 3426/644/609 3457/672/636 3458/675/638
f 3441/648/612 3440/646/610 3471/674/637 3472/676/639
f 3428/649/613 3427/647/611 3458/675/638 3459/677/640
f 3442/650/614 3441/648/612 3472/676/639 3473/678/641
f 3429/651/615 3428/649/613 3459/677/640 3460/679/642
f 3443/652/616 3442/650/614 3473/678/641 3474/680/643
f 3430/653/617 3429/651/615 3460/679/642 3461/681/644
f 3444/654/618 3443/652/616 3474/680/643 3475/682/645
f 3431/655/619 3430/653/617 3461/681/644 3462/683/646
f 3445/656/620 3444/654/618 3475/682/645 3476/684/647
f 3432/657/621 3431/655/619 3462/683/646 3463/685/648
f 3446/658/622 3445/656/620 3476/684/647 3477/686/649
f 3433/626/592 3432/657/621 3463/685/648 3464/687/650
f 3447/628/594 3446/658/622 3477/686/649 3478/688/651
f 3434/627/593 3433/626/592 3464/687/650 3465/689/652
f 3448/629/595 3447/628/594 3478/688/651 3479/690/653
f 3435/630/596 3434/627/593 3465/689/652 3466/659/623
f 3422/632/597 3359/691/20 3453/661/1164
f 3449/633/598 3448/629/595 3479/690/653 3480/663/627
f 3469/668/632 3468/665/629 3499/692/654 3500/693/655
f 3456/669/633 3455/666/630 3486/694/656 3487/695/657
f 3483/670/1126 3482/667/631 3513/696/658 3514/697/659
f 3470/671/635 3469/668/632 3500/693/655 3501/698/660
f 3457/672/636 3456/669/633 3487/695/657 3488/699/661
f 3358/700/46 3483/670/1126 3514/697/659
f 3471/674/637 3470/671/635 3501/698/660 3502/701/662
f 3458/675/638 3457/672/636 3488/699/661 3489/702/663
f 3472/676/639 3471/674/637 3502/701/662 3503/703/664
f 3459/677/640 3458/675/638 3489/702/663 3490/704/665
f 3473/678/641 3472/676/639 3503/703/664 3504/705/666
f 3460/679/642 3459/677/640 3490/704/665 3491/706/667
f 3474/680/643 3473/678/641 3504/705/666 3505/707/668
f 3461/681/644 3460/679/642 3491/706/667 3492/708/669
f 3475/682/645 3474/680/643 3505/707/668 3506/709/670
f 3462/683/646 3461/681/644 3492/708/669 3493/710/671
f 3476/684/647 3475/682/645 3506/709/670 3507/711/672
f 3463/685/648 3462/683/646 3493/710/671 3494/712/673
f 3477/686/649 3476/684/647 3507/711/672 3508/713/674
f 3464/687/650 3463/685/648 3494/712/673 3495/714/675
f 3478/688/651 3477/686/649 3508/713/674 3509/715/676
f 3465/689/652 3464/687/650 3495/714/675 3496/716/677
f 3479/690/653 3478/688/651 3509/715/676 3510/717/678
f 3466/659/623 3465/689/652 3496/716/677 3497/718/679
f 3453/661/1164 3359/719/20 3484/720/680
f 3480/663/627 3479/690/653 3510/717/678 3511/721/681
f 3467/660/624 3466/659/623 3497/718/679 3498/722/682
f 3454/662/626 3453/661/1164 3484/720/680 3485/723/1127
f 3481/664/628 3480/663/627 3511/721/681 3512/724/684
f 3468/665/629 3467/660/624 3498/722/682 3499/692/654
f 3455/666/630 3454/662/626 3485/723/1127 3486/694/656
f 3482/667/631 3481/664/628 3512/724/684 3513/696/658
f 3502/701/662 3501/698/660 3532/725/685 3533/726/686
f 3489/702/663 3488/699/661 3519/727/687 3520/728/688
f 3503/703/664 3502/701/662 3533/726/686 3534/729/689
f 3490/704/665 3489/702/663 3520/728/688 3521/730/690
f 3504/705/666 3503/703/664 3534/729/689 3535/731/691
f 3491/706/667 3490/704/665 3521/730/690 3522/732/692
f 3505/707/668 3504/705/666 3535/731/691 3536/733/1165
f 3492/708/669 3491/706/667 3522/732/692 3523/734/694
f 3506/709/670 3505/707/668 3536/733/1165 3537/735/695
f 3493/710/671 3492/708/669 3523/734/694 3524/736/1129
f 3507/711/672 3506/709/670 3537/735/695 3538/737/697
f 3494/712/673 3493/710/671 3524/736/1129 3525/738/698
f 3508/713/674 3507/711/672 3538/737/697 3539/739/699
f 3495/714/675 3494/712/673 3525/738/698 3526/740/700
f 3509/715/676 3508/713/674 3539/739/699 3540/741/701
f 3496/716/677 3495/714/675 3526/740/700 3527/742/702
f 3510/717/678 3509/715/676 3540/741/701 3541/743/703
f 3497/718/679 3496/716/677 3527/742/702 3528/744/704
f 3484/720/680 3359/745/20 3515/746/705
f 3511/721/681 3510/717/678 3541/743/703 3542/747/706
f 3498/722/682 3497/718/679 3528/744/704 3529/748/1130
f 3485/723/1127 3484/720/680 3515/746/705 3516/749/1131
f 3512/724/684 3511/721/681 3542/747/706 3543/750/709
f 3499/692/654 3498/722/682 3529/748/1130 3530/751/710
f 3486/694/656 3485/723/1127 3516/749/1131 3517/752/711
f 3513/696/658 3512/724/684 3543/750/709 3544/753/712
f 3500/693/655 3499/692/654 3530/751/710 3531/754/1132
f 3487/695/657 3486/694/656 3517/752/711 3518/755/714
f 3514/697/659 3513/696/658 3544/753/712 3545/756/715
f 3501/698/660 3500/693/655 3531/754/1132 3532/725/685
f 3488/699/661 3487/695/657 3518/755/714 3519/727/687
f 3358/757/46 3514/697/659 3545/756/715
f 3535/731/691 3534/729/689 3565/758/716 3566/759/717
f 3522/732/692 3521/730/690 3552/760/718 3553/761/719
f 3536/733/1165 3535/731/691 3566/759/717 3567/762/720
f 3523/734/694 3522/732/692 3553/761/719 3554/763/721
f 3537/735/695 3536/733/1165 3567/762/720 3568/764/722
f 3524/736/1129 3523/734/694 3554/763/721 3555/765/723
f 3538/737/697 3537/735/695 3568/764/722 3569/766/724
f 3525/738/698 3524/736/1129 3555/765/723 3556/767/725
f 3539/739/699 3538/737/697 3569/766/724 3570/768/726
f 3526/740/700 3525/738/698 3556/767/725 3557/769/727
f 3540/741/701 3539/739/699 3570/768/726 3571/770/728
f 3527/742/702 3526/740/700 3557/769/727 3558/771/729
f 3541/743/703 3540/741/701 3571/770/728 3572/772/730
f 3528/744/704 3527/742/702 3558/771/729 3559/773/731
f 3515/746/705 3359/774/20 3546/775/732
f 3542/747/706 3541/743/703 3572/772/730 3573/776/733
f 3529/748/1130 3528/744/704 3559/773/731 3560/777/734
f 3516/749/1131 3515/746/705 3546/775/732 3547/778/735
f 3543/750/709 3542/747/706 3573/776/733 3574/779/736
f 3530/751/710 3529/748/1130 3560/777/734 3561/780/737
f 3517/752/711 3516/749/1131 3547/778/735 3548/781/738
f 3544/753/712 3543/750/709 3574/779/736 3575/782/739
f 3531/754/1132 3530/751/710 3561/780/737 3562/783/740
f 3518/755/714 3517/752/711 3548/781/738 3549/784/741
f 3545/756/715 3544/753/712 3575/782/739 3576/785/742
f 3532/725/685 3531/754/1132 3562/783/740 3563/786/743
f 3519/727/687 3518/755/714 3549/784/741 3550/787/744
f 3358/788/46 3545/756/715 3576/785/742
f 3533/726/686 3532/725/685 3563/786/743 3564/789/745
f 3520/728/688 3519/727/687 3550/787/744 3551/790/746
f 3534/729/689 3533/726/686 3564/789/745 3565/758/716
f 3521/730/690 3520/728/688 3551/790/746 3552/760/718
f 3568/764/722 3567/762/720 3598/791/747 3599/792/748
f 3555/765/723 3554/763/721 3585/793/749 3586/794/750
f 3569/766/724 3568/764/722 3599/792/748 3600/795/751
f 3556/767/725 3555/765/723 3586/794/750 3587/796/752
f 3570/768/726 3569/766/724 3600/795/751 3601/797/753
f 3557/769/727 3556/767/725 3587/796/752 3588/798/754
f 3571/770/728 3570/768/726 3601/797/753 3602/799/755
f 3558/771/729 3557/769/727 3588/798/754 3589/800/756
f 3572/772/730 3571/770/728 3602/799/755 3603/801/757
f 3559/773/731 3558/771/729 3589/800/756 3590/802/758
f 3546/775/732 3359/803/20 3577/804/759
f 3573/776/733 3572/772/730 3603/801/757 3604/805/760
f 3560/777/734 3559/773/731 3590/802/758 3591/806/761
f 3547/778/735 3546/775/732 3577/804/759 3578/807/762
f 3574/779/736 3573/776/733 3604/805/760 3605/808/763
f 3561/780/737 3560/777/734 3591/806/761 3592/809/764
f 3548/781/738 3547/778/735 3578/807/762 3579/810/765
f 3575/782/739 3574/779/736 3605/808/763 3606/811/766
f 3562/783/740 3561/780/737 3592/809/764 3593/812/767
f 3549/784/741 3548/781/738 3579/810/765 3580/813/768
f 3576/785/742 3575/782/739 3606/811/766 3607/814/769
f 3563/786/743 3562/783/740 3593/812/767 3594/815/770
f 3550/787/744 3549/784/741 3580/813/768 3581/816/771
f 3358/817/46 3576/785/742 3607/814/769
f 3564/789/745 3563/786/743 3594/815/770 3595/818/772
f 3551/790/746 3550/787/744 3581/816/771 3582/819/773
f 3565/758/716 3564/789/745 3595/818/772 3596/820/774
f 3552/760/718 3551/790/746 3582/819/773 3583/821/775
f 3566/759/717 3565/758/716 3596/820/774 3597/822/776
f 3553/761/719 3552/760/718 3583/821/775 3584/823/777
f 3567/762/720 3566/759/717 3597/822/776 3598/791/747
f 3554/763/721 3553/761/719 3584/823/777 3585/793/749
f 3601/824/753 3600/825/751 3631/826/778 3632/827/779
f 3588/828/754 3587/829/752 3618/830/780 3619/831/781
f 3602/832/755 3601/824/753 3632/827/779 3633/833/782
f 3589/834/756 3588/828/754 3619/831/781 3620/835/783
f 3603/836/757 3602/832/755 3633/833/782 3634/837/784
f 3590/838/758 3589/834/756 3620/835/783 3621/839/785
f 3577/840/759 3359/841/20 3608/842/786
f 3604/843/760 3603/836/757 3634/837/784 3635/844/787
f 3591/845/761 3590/838/758 3621/839/785 3622/846/788
f 3578/847/762 3577/840/759 3608/842/786 3609/848/789
f 3605/849/763 3604/843/760 3635/844/787 3636/850/790
f 3592/851/764 3591/845/761 3622/846/788 3623/852/791
f 3579/853/765 3578/847/762 3609/848/789 3610/854/792
f 3606/855/766 3605/849/763 3636/850/790 3637/856/793
f 3593/857/767 3592/851/764 3623/852/791 3624/858/794
f 3580/859/768 3579/853/765 3610/854/792 3611/860/795
f 3607/861/769 3606/855/766 3637/856/793 3638/862/796
f 3594/863/770 3593/857/767 3624/858/794 3625/864/797
f 3581/865/771 3580/859/768 3611/860/795 3612/866/798
f 3358/867/46 3607/861/769 3638/862/796
f 3595/868/772 3594/863/770 3625/864/797 3626/869/799
f 3582/870/773 3581/865/771 3612/866/798 3613/871/800
f 3596/872/774 3595/868/772 3626/869/799 3627/873/801
f 3583/874/775 3582/870/773 3613/871/800 3614/875/802
f 3597/876/776 3596/872/774 3627/873/801 3628/877/803
f 3584/878/777 3583/874/775 3614/875/802 3615/879/804
f 3598/880/747 3597/876/776 3628/877/803 3629/881/805
f 3585/882/749 3584/878/777 3615/879/804 3616/883/806
f 3599/884/748 3598/880/747 3629/881/805 3630/885/807
f 3586/886/750 3585/882/749 3616/883/806 3617/887/808
f 3600/825/751 3599/884/748 3630/885/807 3631/826/778
f 3587/829/752 3586/886/750 3617/887/808 3618/830/780
f 3634/837/784 3633/833/782 3664/888/809 3665/889/810
f 3621/839/785 3620/835/783 3651/890/811 3652/891/812
f 3608/842/786 3359/892/20 3639/893/813
f 3635/844/787 3634/837/784 3665/889/810 3666/894/814
f 3622/846/788 3621/839/785 3652/891/812 3653/895/815
f 3609/848/789 3608/842/786 3639/893/813 3640/896/1133
f 3636/850/790 3635/844/787 3666/894/814 3667/897/817
f 3623/852/791 3622/846/788 3653/895/815 3654/898/818
f 3610/854/792 3609/848/789 3640/896/1133 3641/899/819
f 3637/856/793 3636/850/790 3667/897/817 3668/900/820
f 3624/858/794 3623/852/791 3654/898/818 3655/901/1166
f 3611/860/795 3610/854/792 3641/899/819 3642/902/822
f 3638/862/796 3637/856/793 3668/900/820 3669/903/823
f 3625/864/797 3624/858/794 3655/901/1166 3656/904/824
f 3612/866/798 3611/860/795 3642/902/822 3643/905/825
f 3358/906/46 3638/862/796 3669/903/823
f 3626/869/799 3625/864/797 3656/904/824 3657/907/826
f 3613/871/800 3612/866/798 3643/905/825 3644/908/827
f 3627/873/801 3626/869/799 3657/907/826 3658/909/828
f 3614/875/802 3613/871/800 3644/908/827 3645/910/829
f 3628/877/803 3627/873/801 3658/909/828 3659/911/830
f 3615/879/804 3614/875/802 3645/910/829 3646/912/831
f 3629/881/805 3628/877/803 3659/911/830 3660/913/1134
f 3616/883/806 3615/879/804 3646/912/831 3647/914/833
f 3630/885/807 3629/881/805 3660/913/1134 3661/915/834
f 3617/887/808 3616/883/806 3647/914/833 3648/916/1135
f 3631/826/778 3630/885/807 3661/915/834 3662/917/836
f 3618/830/780 3617/887/808 3648/916/1135 3649/918/837
f 3632/827/779 3631/826/778 3662/917/836 3663/919/838
f 3619/831/781 3618/830/780 3649/918/837 3650/920/839
f 3633/833/782 3632/827/779 3663/919/838 3664/888/809
f 3620/835/783 3619/831/781 3650/920/839 3651/890/811
f 3642/902/822 3641/899/819 3672/928/847 3673/931/850
f 3669/903/823 3668/900/820 3699/929/848 3700/932/1167
f 3656/904/824 3655/901/1166 3686/930/849 3687/933/852
f 3643/905/825 3642/902/822 3673/931/850 3674/934/853
f 3358/935/46 3669/903/823 3700/932/1167
f 3657/907/826 3656/904/824 3687/933/852 3688/936/854
f 3644/908/827 3643/905/825 3674/934/853 3675/937/855
f 3658/909/828 3657/907/826 3688/936/854 3689/938/856
f 3645/910/829 3644/908/827 3675/937/855 3676/939/857
f 3659/911/830 3658/909/828 3689/938/856 3690/940/858
f 3646/912/831 3645/910/829 3676/939/857 3677/941/859
f 3660/913/1134 3659/911/830 3690/940/858 3691/942/860
f 3647/914/833 3646/912/831 3677/941/859 3678/943/1168
f 3661/915/834 3660/913/1134 3691/942/860 3692/944/1169
f 3648/916/1135 3647/914/833 3678/943/1168 3679/945/863
f 3662/917/836 3661/915/834 3692/944/1169 3693/946/864
f 3649/918/837 3648/916/1135 3679/945/863 3680/947/865
f 3663/919/838 3662/917/836 3693/946/864 3694/948/866
f 3650/920/839 3649/918/837 3680/947/865 3681/949/867
f 3664/888/809 3663/919/838 3694/948/866 3695/950/868
f 3651/890/811 3650/920/839 3681/949/867 3682/951/869
f 3665/889/810 3664/888/809 3695/950/868 3696/952/870
f 3652/891/812 3651/890/811 3682/951/869 3683/921/840
f 3639/893/813 3359/953/20 3670/923/842
f 3666/894/814 3665/889/810 3696/952/870 3697/925/844
f 3653/895/815 3652/891/812 3683/921/840 3684/922/841
f 3640/896/1133 3639/893/813 3670/923/842 3671/924/1136
f 3667/897/817 3666/894/814 3697/925/844 3698/926/845
f 3654/898/818 3653/895/815 3684/922/841 3685/927/846
f 3641/899/819 3640/896/1133 3671/924/1136 3672/928/847
f 3668/900/820 3667/897/817 3698/926/845 3699/929/848
f 3655/901/1166 3654/898/818 3685/927/846 3686/930/849
f 3675/937/855 3674/934/853 3705/961/878 3706/964/880
f 3689/938/856 3688/936/854 3719/963/879 3720/965/881
f 3676/939/857 3675/937/855 3706/964/880 3707/966/882
f 3690/940/858 3689/938/856 3720/965/881 3721/967/883
f 3677/941/859 3676/939/857 3707/966/882 3708/968/884
f 3691/942/860 3690/940/858 3721/967/883 3722/969/885
f 3678/943/1168 3677/941/859 3708/968/884 3709/970/886
f 3692/944/1169 3691/942/860 3722/969/885 3723/971/887
f 3679/945/863 3678/943/1168 3709/970/886 3710/972/888
f 3693/946/864 3692/944/1169 3723/971/887 3724/973/889
f 3680/947/865 3679/945/863 3710/972/888 3711/974/890
f 3694/948/866 3693/946/864 3724/973/889 3725/975/891
f 3681/949/867 3680/947/865 3711/974/890 3712/976/892
f 3695/950/868 3694/948/866 3725/975/891 3726/977/893
f 3682/951/869 3681/949/867 3712/976/892 3713/978/894
f 3696/952/870 3695/950/868 3726/977/893 3727/979/895
f 3683/921/840 3682/951/869 3713/978/894 3714/980/896
f 3670/923/842 3359/981/20 3701/982/1137
f 3697/925/844 3696/952/870 3727/979/895 3728/983/1170
f 3684/922/841 3683/921/840 3714/980/896 3715/984/899
f 3671/924/1136 3670/923/842 3701/982/1137 3702/985/900
f 3698/926/845 3697/925/844 3728/983/1170 3729/986/901
f 3685/927/846 3684/922/841 3715/984/899 3716/954/871
f 3672/928/847 3671/924/1136 3702/985/900 3703/956/873
f 3699/929/848 3698/926/845 3729/986/901 3730/958/875
f 3686/930/849 3685/927/846 3716/954/871 3717/955/872
f 3673/931/850 3672/928/847 3703/956/873 3704/957/1171
f 3700/932/1167 3699/929/848 3730/958/875 3731/959/1172
f 3687/933/852 3686/930/849 3717/955/872 3718/960/877
f 3674/934/853 3673/931/850 3704/957/1171 3705/961/878
f 3358/962/46 3700/932/1167 3731/959/1172
f 3688/936/854 3687/933/852 3718/960/877 3719/963/879
f 3708/968/884 3707/966/882 3738/992/907 3739/994/909
f 3722/969/885 3721/967/883 3752/993/908 3753/995/910
f 3709/970/886 3708/968/884 3739/994/909 3740/996/911
f 3723/971/887 3722/969/885 3753/995/910 3754/997/912
f 3710/972/888 3709/970/886 3740/996/911 3741/998/913
f 3724/973/889 3723/971/887 3754/997/912 3755/999/914
f 3711/974/890 3710/972/888 3741/998/913 3742/1000/915
f 3725/975/891 3724/973/889 3755/999/914 3756/1001/916
f 3712/976/892 3711/974/890 3742/1000/915 3743/1002/1173
f 3726/977/893 3725/975/891 3756/1001/916 3757/1003/918
f 3713/978/894 3712/976/892 3743/1002/1173 3744/1004/919
f 3727/979/895 3726/977/893 3757/1003/918 3758/1005/920
f 3714/980/896 3713/978/894 3744/1004/919 3745/1006/921
f 3701/982/1137 3359/1007/20 3732/1008/922
f 3728/983/1170 3727/979/895 3758/1005/920 3759/1009/923
f 3715/984/899 3714/980/896 3745/1006/921 3746/1010/924
f 3702/985/900 3701/982/1137 3732/1008/922 3733/1011/1139
f 3729/986/901 3728/983/1170 3759/1009/923 3760/1012/926
f 3716/954/871 3715/984/899 3746/1010/924 3747/1013/927
f 3703/956/873 3702/985/900 3733/1011/1139 3734/1014/928
f 3730/958/875 3729/986/901 3760/1012/926 3761/1015/929
f 3717/955/872 3716/954/871 3747/1013/927 3748/1016/930
f 3704/957/1171 3703/956/873 3734/1014/928 3735/1017/931
f 3731/959/1172 3730/958/875 3761/1015/929 3762/1018/932
f 3718/960/877 3717/955/872 3748/1016/930 3749/987/902
f 3705/961/878 3704/957/1171 3735/1017/931 3736/989/904
f 3358/1019/46 3731/959/1172 3762/1018/932
f 3719/963/879 3718/960/877 3749/987/902 3750/988/903
f 3706/964/880 3705/961/878 3736/989/904 3737/990/905
f 3720/965/881 3719/963/879 3750/988/903 3751/991/906
f 3707/966/882 3706/964/880 3737/990/905 3738/992/907
f 3721/967/883 3720/965/881 3751/991/906 3752/993/908
f 3741/998/913 3740/996/911 3771/1025/938 3772/1027/1140
f 3755/999/914 3754/997/912 3785/1026/939 3786/1028/941
f 3742/1000/915 3741/998/913 3772/1027/1140 3773/1029/942
f 3756/1001/916 3755/999/914 3786/1028/941 3787/1030/943
f 3743/1002/1173 3742/1000/915 3773/1029/942 3774/1031/944
f 3757/1003/918 3756/1001/916 3787/1030/943 3788/1032/945
f 3744/1004/919 3743/1002/1173 3774/1031/944 3775/1033/946
f 3758/1005/920 3757/1003/918 3788/1032/945 3789/1034/947
f 3745/1006/921 3744/1004/919 3775/1033/946 3776/1035/948
f 3732/1008/922 3359/1036/20 3763/1037/949
f 3759/1009/923 3758/1005/920 3789/1034/947 3790/1038/950
f 3746/1010/924 3745/1006/921 3776/1035/948 3777/1039/951
f 3733/1011/1139 3732/1008/922 3763/1037/949 3764/1040/1141
f 3760/1012/926 3759/1009/923 3790/1038/950 3791/1041/953
f 3747/1013/927 3746/1010/924 3777/1039/951 3778/1042/954
f 3734/1014/928 3733/1011/1139 3764/1040/1141 3765/1043/955
f 3761/1015/929 3760/1012/926 3791/1041/953 3792/1044/956
f 3748/1016/930 3747/1013/927 3778/1042/954 3779/1045/957
f 3735/1017/931 3734/1014/928 3765/1043/955 3766/1046/958
f 3762/1018/932 3761/1015/929 3792/1044/956 3793/1047/959
f 3749/987/902 3748/1016/930 3779/1045/957 3780/1048/960
f 3736/989/904 3735/1017/931 3766/1046/958 3767/1049/961
f 3358/1050/46 3762/1018/932 3793/1047/959
f 3750/988/903 3749/987/902 3780/1048/960 3781/1051/962
f 3737/990/905 3736/989/904 3767/1049/961 3768/1052/963
f 3751/991/906 3750/988/903 3781/1051/962 3782/1020/933
f 3738/992/907 3737/990/905 3768/1052/963 3769/1022/935
f 3752/993/908 3751/991/906 3782/1020/933 3783/1021/934
f 3739/994/909 3738/992/907 3769/1022/935 3770/1023/936
f 3753/995/910 3752/993/908 3783/1021/934 3784/1024/1142
f 3740/996/911 3739/994/909 3770/1023/936 3771/1025/938
f 3754/997/912 3753/995/910 3784/1024/1142 3785/1026/939
f 3774/1031/944 3773/1029/942 3804/1058/969 3805/1060/971
f 3788/1032/945 3787/1030/943 3818/1059/970 3819/1061/972
f 3775/1033/946 3774/1031/944 3805/1060/971 3806/1062/973
f 3789/1034/947 3788/1032/945 3819/1061/972 3820/1063/974
f 3776/1035/948 3775/1033/946 3806/1062/973 3807/1064/975
f 3763/1037/949 3359/1065/20 3794/1066/976
f 3790/1038/950 3789/1034/947 3820/1063/974 3821/1067/977
f 3777/1039/951 3776/1035/948 3807/1064/975 3808/1068/978
f 3764/1040/1141 3763/1037/949 3794/1066/976 3795/1069/979
f 3791/1041/953 3790/1038/950 3821/1067/977 3822/1070/980
f 3778/1042/954 3777/1039/951 3808/1068/978 3809/1071/981
f 3765/1043/955 3764/1040/1141 3795/1069/979 3796/1072/982
f 3792/1044/956 3791/1041/953 3822/1070/980 3823/1073/983
f 3779/1045/957 3778/1042/954 3809/1071/981 3810/1074/984
f 3766/1046/958 3765/1043/955 3796/1072/982 3797/1075/985
f 3793/1047/959 3792/1044/956 3823/1073/983 3824/1076/986
f 3780/1048/960 3779/1045/957 3810/1074/984 3811/1077/987
f 3767/1049/961 3766/1046/958 3797/1075/985 3798/1078/988
f 3358/1079/46 3793/1047/959 3824/1076/986
f 3781/1051/962 3780/1048/960 3811/1077/987 3812/1080/989
f 3768/1052/963 3767/1049/961 3798/1078/988 3799/1081/990
f 3782/1020/933 3781/1051/962 3812/1080/989 3813/1082/991
f 3769/1022/935 3768/1052/963 3799/1081/990 3800/1083/992
f 3783/1021/934 3782/1020/933 3813/1082/991 3814/1084/993
f 3770/1023/936 3769/1022/935 3800/1083/992 3801/1085/1174
f 3784/1024/1142 3783/1021/934 3814/1084/993 3815/1053/964
f 3771/1025/938 3770/1023/936 3801/1085/1174 3802/1055/1175
f 3785/1026/939 3784/1024/1142 3815/1053/964 3816/1054/1176
f 3772/1027/1140 3771/1025/938 3802/1055/1175 3803/1056/967
f 3786/1028/941 3785/1026/939 3816/1054/1176 3817/1057/1177
f 3773/1029/942 3772/1027/1140 3803/1056/967 3804/1058/969
f 3787/1030/943 3786/1028/941 3817/1057/1177 3818/1059/970
f 3807/1064/975 3806/1062/973 2849/13/13 2850/17/17
f 3794/1066/976 3359/1086/20 3825/19/19
f 3821/1067/977 3820/1063/974 2859/15/15 3838/22/22
f 3808/1068/978 3807/1064/975 2850/17/17 2851/24/24
f 3795/1069/979 3794/1066/976 3825/19/19 3826/26/26
f 3822/1070/980 3821/1067/977 3838/22/22 3839/28/28
f 3809/1071/981 3808/1068/978 2851/24/24 3834/30/30
f 3796/1072/982 3795/1069/979 3826/26/26 3827/32/32
f 3823/1073/983 3822/1070/980 3839/28/28 2860/34/34
f 3810/1074/984 3809/1071/981 3834/30/30 2852/36/36
f 3797/1075/985 3796/1072/982 3827/32/32 3828/38/38
f 3824/1076/986 3823/1073/983 2860/34/34 2861/40/40
f 3811/1077/987 3810/1074/984 2852/36/36 2853/42/42
f 3798/1078/988 3797/1075/985 3828/38/38 3829/44/44
f 3358/1087/46 3824/1076/986 2861/40/40
f 3812/1080/989 3811/1077/987 2853/42/42 3835/47/47
f 3799/1081/990 3798/1078/988 3829/44/44 3830/49/49
f 3813/1082/991 3812/1080/989 3835/47/47 3836/51/51
f 3800/1083/992 3799/1081/990 3830/49/49 2846/53/53
f 3814/1084/993 3813/1082/991 3836/51/51 2854/55/55
f 3801/1085/1174 3800/1083/992 2846/53/53 3831/57/57
f 3815/1053/964 3814/1084/993 2854/55/55 2855/59/59
f 3802/1055/1175 3801/1085/1174 3831/57/57 2847/61/61
f 3816/1054/1176 3815/1053/964 2855/59/59 2856/63/63
f 3803/1056/967 3802/1055/1175 2847/61/61 3832/2/2
f 3817/1057/1177 3816/1054/1176 2856/63/63 3837/6/6
f 3804/1058/969 3803/1056/967 3832/2/2 3833/1/1
f 3818/1059/970 3817/1057/1177 3837/6/6 2857/5/5
f 3805/1060/971 3804/1058/969 3833/1/1 2848/9/9
f 3819/1061/972 3818/1059/970 2857/5/5 2858/11/11
f 3806/1062/973 3805/1060/971 2848/9/9 2849/13/13
f 3820/1063/974 3819/1061/972 2858/11/11 2859/15/15
f 4827/1/1 4826/2/2 3865/3/3 3866/4/4
f 3851/5/5 4831/6/6 3879/7/7 3880/8/8
f 3842/9/9 4827/1/1 3866/4/4 3867/10/10
f 3852/11/11 3851/5/5 3880/8/8 3881/12/12
f 3843/13/13 3842/9/9 3867/10/10 3868/14/14
f 3853/15/15 3852/11/11 3881/12/12 3882/16/16
f 3844/17/17 3843/13/13 3868/14/14 3869/18/18
f 4819/19/19 4353/20/20 3856/21/21
f 4832/22/22 3853/15/15 3882/16/16 3883/23/23
f 3845/24/24 3844/17/17 3869/18/18 3870/25/25
f 4820/26/26 4819/19/19 3856/21/21 3857/27/27
f 4833/28/28 4832/22/22 3883/23/23 3884/29/29
f 4828/30/30 3845/24/24 3870/25/25 3871/31/31
f 4821/32/32 4820/26/26 3857/27/27 3858/33/33
f 3854/34/34 4833/28/28 3884/29/29 3885/35/35
f 3846/36/36 4828/30/30 3871/31/31 3872/37/37
f 4822/38/38 4821/32/32 3858/33/33 3859/39/39
f 3855/40/40 3854/34/34 3885/35/35 3886/41/41
f 3847/42/42 3846/36/36 3872/37/37 3873/43/43
f 4823/44/44 4822/38/38 3859/39/39 3860/45/45
f 4352/46/46 3855/40/40 3886/41/41
f 4829/47/47 3847/42/42 3873/43/43 3874/48/48
f 4824/49/49 4823/44/44 3860/45/45 3861/50/50
f 4830/51/51 4829/47/47 3874/48/48 3875/52/52
f 3840/53/53 4824/49/49 3861/50/50 3862/54/54
f 3848/55/55 4830/51/51 3875/52/52 3876/56/56
f 4825/57/57 3840/53/53 3862/54/54 3863/58/58
f 3849/59/59 3848/55/55 3876/56/56 3877/60/60
f 3841/61/61 4825/57/57 3863/58/58 3864/62/62
f 3850/63/63 3849/59/59 3877/60/60 3878/64/64
f 4826/2/2 3841/61/61 3864/62/62 3865/3/3
f 4831/6/6 3850/63/63 3878/64/64 3879/7/7
f 3861/50/50 3860/45/45 3891/67/67 3892/68/68
f 3875/52/52 3874/48/48 3905/66/66 3906/69/69
f 3862/54/54 3861/50/50 3892/68/68 3893/70/70
f 3876/56/56 3875/52/52 3906/69/69 3907/71/71
f 3863/58/58 3862/54/54 3893/70/70 3894/72/72
f 3877/60/60 3876/56/56 3907/71/71 3908/73/1148
f 3864/62/62 3863/58/58 3894/72/72 3895/74/74
f 3878/64/64 3877/60/60 3908/73/1148 3909/75/75
f 3865/3/3 3864/62/62 3895/74/74 3896/76/1178
f 3879/7/7 3878/64/64 3909/75/75 3910/77/77
f 3866/4/4 3865/3/3 3896/76/1178 3897/78/78
f 3880/8/8 3879/7/7 3910/77/77 3911/79/79
f 3867/10/10 3866/4/4 3897/78/78 3898/80/80
f 3881/12/12 3880/8/8 3911/79/79 3912/81/81
f 3868/14/14 3867/10/10 3898/80/80 3899/82/82
f 3882/16/16 3881/12/12 3912/81/81 3913/83/83
f 3869/18/18 3868/14/14 3899/82/82 3900/84/84
f 3856/21/21 4353/85/20 3887/86/85
f 3883/23/23 3882/16/16 3913/83/83 3914/87/86
f 3870/25/25 3869/18/18 3900/84/84 3901/88/87
f 3857/27/27 3856/21/21 3887/86/85 3888/89/88
f 3884/29/29 3883/23/23 3914/87/86 3915/90/89
f 3871/31/31 3870/25/25 3901/88/87 3902/91/90
f 3858/33/33 3857/27/27 3888/89/88 3889/92/91
f 3885/35/35 3884/29/29 3915/90/89 3916/93/1179
f 3872/37/37 3871/31/31 3902/91/90 3903/94/93
f 3859/39/39 3858/33/33 3889/92/91 3890/95/94
f 3886/41/41 3885/35/35 3916/93/1179 3917/96/95
f 3873/43/43 3872/37/37 3903/94/93 3904/65/65
f 3860/45/45 3859/39/39 3890/95/94 3891/67/67
f 4352/97/46 3886/41/41 3917/96/95
f 3874/48/48 3873/43/43 3904/65/65 3905/66/66
f 3894/72/72 3893/70/70 3924/100/98 3925/101/99
f 3908/73/1148 3907/71/71 3938/99/97 3939/102/100
f 3895/74/74 3894/72/72 3925/101/99 3926/103/101
f 3909/75/75 3908/73/1148 3939/102/100 3940/104/102
f 3896/76/1178 3895/74/74 3926/103/101 3927/105/103
f 3910/77/77 3909/75/75 3940/104/102 3941/106/104
f 3897/78/78 3896/76/1178 3927/105/103 3928/107/105
f 3911/79/79 3910/77/77 3941/106/104 3942/108/106
f 3898/80/80 3897/78/78 3928/107/105 3929/109/107
f 3912/81/81 3911/79/79 3942/108/106 3943/110/108
f 3899/82/82 3898/80/80 3929/109/107 3930/111/109
f 3913/83/83 3912/81/81 3943/110/108 3944/112/110
f 3900/84/84 3899/82/82 3930/111/109 3931/113/111
f 3887/86/85 4353/114/20 3918/115/112
f 3914/87/86 3913/83/83 3944/112/110 3945/116/113
f 3901/88/87 3900/84/84 3931/113/111 3932/117/114
f 3888/89/88 3887/86/85 3918/115/112 3919/118/115
f 3915/90/89 3914/87/86 3945/116/113 3946/119/116
f 3902/91/90 3901/88/87 3932/117/114 3933/120/117
f 3889/92/91 3888/89/88 3919/118/115 3920/121/118
f 3916/93/1179 3915/90/89 3946/119/116 3947/122/1180
f 3903/94/93 3902/91/90 3933/120/117 3934/123/120
f 3890/95/94 3889/92/91 3920/121/118 3921/124/121
f 3917/96/95 3916/93/1179 3947/122/1180 3948/125/122
f 3904/65/65 3903/94/93 3934/123/120 3935/126/123
f 3891/67/67 3890/95/94 3921/124/121 3922/127/124
f 4352/128/46 3917/96/95 3948/125/122
f 3905/66/66 3904/65/65 3935/126/123 3936/129/125
f 3892/68/68 3891/67/67 3922/127/124 3923/130/126
f 3906/69/69 3905/66/66 3936/129/125 3937/98/96
f 3893/70/70 3892/68/68 3923/130/126 3924/100/98
f 3907/71/71 3906/69/69 3937/98/96 3938/99/97
f 3927/105/103 3926/103/101 3957/133/129 3958/134/130
f 3941/106/104 3940/104/102 3971/132/128 3972/135/131
f 3928/107/105 3927/105/103 3958/134/130 3959/136/132
f 3942/108/106 3941/106/104 3972/135/131 3973/137/133
f 3929/109/107 3928/107/105 3959/136/132 3960/138/134
f 3943/110/108 3942/108/106 3973/137/133 3974/139/135
f 3930/111/109 3929/109/107 3960/138/134 3961/140/136
f 3944/112/110 3943/110/108 3974/139/135 3975/141/137
f 3931/113/111 3930/111/109 3961/140/136 3962/142/138
f 3918/115/112 4353/143/20 3949/144/1181
f 3945/116/113 3944/112/110 3975/141/137 3976/145/140
f 3932/117/114 3931/113/111 3962/142/138 3963/146/141
f 3919/118/115 3918/115/112 3949/144/1181 3950/147/142
f 3946/119/116 3945/116/113 3976/145/140 3977/148/143
f 3933/120/117 3932/117/114 3963/146/141 3964/149/144
f 3920/121/118 3919/118/115 3950/147/142 3951/150/145
f 3947/122/1180 3946/119/116 3977/148/143 3978/151/146
f 3934/123/120 3933/120/117 3964/149/144 3965/152/147
f 3921/124/121 3920/121/118 3951/150/145 3952/153/148
f 3948/125/122 3947/122/1180 3978/151/146 3979/154/1086
f 3935/126/123 3934/123/120 3965/152/147 3966/155/150
f 3922/127/124 3921/124/121 3952/153/148 3953/156/151
f 4352/157/46 3948/125/122 3979/154/1086
f 3936/129/125 3935/126/123 3966/155/150 3967/158/152
f 3923/130/126 3922/127/124 3953/156/151 3954/159/153
f 3937/98/96 3936/129/125 3967/158/152 3968/160/154
f 3924/100/98 3923/130/126 3954/159/153 3955/161/155
f 3938/99/97 3937/98/96 3968/160/154 3969/162/156
f 3925/101/99 3924/100/98 3955/161/155 3956/163/157
f 3939/102/100 3938/99/97 3969/162/156 3970/131/127
f 3926/103/101 3925/101/99 3956/163/157 3957/133/129
f 3940/104/102 3939/102/100 3970/131/127 3971/132/128
f 3960/138/134 3959/136/132 3990/166/160 3991/167/161
f 3974/139/135 3973/137/133 4004/165/159 4005/168/162
f 3961/140/136 3960/138/134 3991/167/161 3992/169/163
f 3975/141/137 3974/139/135 4005/168/162 4006/170/164
f 3962/142/138 3961/140/136 3992/169/163 3993/171/165
f 3949/144/1181 4353/172/20 3980/173/166
f 3976/145/140 3975/141/137 4006/170/164 4007/174/167
f 3963/146/141 3962/142/138 3993/171/165 3994/175/168
f 3950/147/142 3949/144/1181 3980/173/166 3981/176/169
f 3977/148/143 3976/145/140 4007/174/167 4008/177/170
f 3964/149/144 3963/146/141 3994/175/168 3995/178/171
f 3951/150/145 3950/147/142 3981/176/169 3982/179/172
f 3978/151/146 3977/148/143 4008/177/170 4009/180/1182
f 3965/152/147 3964/149/144 3995/178/171 3996/181/174
f 3952/153/148 3951/150/145 3982/179/172 3983/182/175
f 3979/154/1086 3978/151/146 4009/180/1182 4010/183/176
f 3966/155/150 3965/152/147 3996/181/174 3997/184/177
f 3953/156/151 3952/153/148 3983/182/175 3984/185/178
f 4352/186/46 3979/154/1086 4010/183/176
f 3967/158/152 3966/155/150 3997/184/177 3998/187/179
f 3954/159/153 3953/156/151 3984/185/178 3985/188/180
f 3968/160/154 3967/158/152 3998/187/179 3999/189/181
f 3955/161/155 3954/159/153 3985/188/180 3986/190/182
f 3969/162/156 3968/160/154 3999/189/181 4000/191/183
f 3956/163/157 3955/161/155 3986/190/182 3987/192/184
f 3970/131/127 3969/162/156 4000/191/183 4001/193/185
f 3957/133/129 3956/163/157 3987/192/184 3988/194/186
f 3971/132/128 3970/131/127 4001/193/185 4002/195/187
f 3958/134/130 3957/133/129 3988/194/186 3989/196/188
f 3972/135/131 3971/132/128 4002/195/187 4003/164/158
f 3959/136/132 3958/134/130 3989/196/188 3990/166/160
f 3973/137/133 3972/135/131 4003/164/158 4004/165/159
f 3993/171/165 3992/169/163 4023/199/191 4024/200/192
f 3980/173/166 4353/201/20 4011/202/193
f 4007/174/167 4006/170/164 4037/198/190 4038/203/194
f 3994/175/168 3993/171/165 4024/200/192 4025/204/195
f 3981/176/169 3980/173/166 4011/202/193 4012/205/196
f 4008/177/170 4007/174/167 4038/203/194 4039/206/197
f 3995/178/171 3994/175/168 4025/204/195 4026/207/198
f 3982/179/172 3981/176/169 4012/205/196 4013/208/199
f 4009/180/1182 4008/177/170 4039/206/197 4040/209/1183
f 3996/181/174 3995/178/171 4026/207/198 4027/210/201
f 3983/182/175 3982/179/172 4013/208/199 4014/211/202
f 4010/183/176 4009/180/1182 4040/209/1183 4041/212/203
f 3997/184/177 3996/181/174 4027/210/201 4028/213/204
f 3984/185/178 3983/182/175 4014/211/202 4015/214/205
f 4352/215/46 4010/183/176 4041/212/203
f 3998/187/179 3997/184/177 4028/213/204 4029/216/206
f 3985/188/180 3984/185/178 4015/214/205 4016/217/207
f 3999/189/181 3998/187/179 4029/216/206 4030/218/208
f 3986/190/182 3985/188/180 4016/217/207 4017/219/209
f 4000/191/183 3999/189/181 4030/218/208 4031/220/210
f 3987/192/184 3986/190/182 4017/219/209 4018/221/211
f 4001/193/185 4000/191/183 4031/220/210 4032/222/212
f 3988/194/186 3987/192/184 4018/221/211 4019/223/213
f 4002/195/187 4001/193/185 4032/222/212 4033/224/214
f 3989/196/188 3988/194/186 4019/223/213 4020/225/1184
f 4003/164/158 4002/195/187 4033/224/214 4034/226/216
f 3990/166/160 3989/196/188 4020/225/1184 4021/227/217
f 4004/165/159 4003/164/158 4034/226/216 4035/228/218
f 3991/167/161 3990/166/160 4021/227/217 4022/229/219
f 4005/168/162 4004/165/159 4035/228/218 4036/197/189
f 3992/169/163 3991/167/161 4022/229/219 4023/199/191
f 4006/170/164 4005/168/162 4036/197/189 4037/198/190
f 4026/207/198 4025/204/195 4056/232/222 4057/233/223
f 4013/208/199 4012/205/196 4043/234/224 4044/235/225
f 4040/209/1183 4039/206/197 4070/231/221 4071/236/226
f 4027/210/201 4026/207/198 4057/233/223 4058/237/227
f 4014/211/202 4013/208/199 4044/235/225 4045/238/228
f 4041/212/203 4040/209/1183 4071/236/226 4072/239/229
f 4028/213/204 4027/210/201 4058/237/227 4059/240/230
f 4015/214/205 4014/211/202 4045/238/228 4046/241/231
f 4352/242/46 4041/212/203 4072/239/229
f 4029/216/206 4028/213/204 4059/240/230 4060/243/232
f 4016/217/207 4015/214/205 4046/241/231 4047/244/233
f 4030/218/208 4029/216/206 4060/243/232 4061/245/234
f 4017/219/209 4016/217/207 4047/244/233 4048/246/235
f 4031/220/210 4030/218/208 4061/245/234 4062/247/236
f 4018/221/211 4017/219/209 4048/246/235 4049/248/237
f 4032/222/212 4031/220/210 4062/247/236 4063/249/238
f 4019/223/213 4018/221/211 4049/248/237 4050/250/239
f 4033/224/214 4032/222/212 4063/249/238 4064/251/240
f 4020/225/1184 4019/223/213 4050/250/239 4051/252/241
f 4034/226/216 4033/224/214 4064/251/240 4065/253/242
f 4021/227/217 4020/225/1184 4051/252/241 4052/254/243
f 4035/228/218 4034/226/216 4065/253/242 4066/255/244
f 4022/229/219 4021/227/217 4052/254/243 4053/256/245
f 4036/197/189 4035/228/218 4066/255/244 4067/257/246
f 4023/199/191 4022/229/219 4053/256/245 4054/258/247
f 4037/198/190 4036/197/189 4067/257/246 4068/259/248
f 4024/200/192 4023/199/191 4054/258/247 4055/260/249
f 4011/202/193 4353/261/20 4042/262/250
f 4038/203/194 4037/198/190 4068/259/248 4069/230/220
f 4025/204/195 4024/200/192 4055/260/249 4056/232/222
f 4012/205/196 4011/202/193 4042/262/250 4043/234/224
f 4039/206/197 4038/203/194 4069/230/220 4070/231/221
f 4059/240/230 4058/237/227 4089/265/253 4090/266/254
f 4046/241/231 4045/238/228 4076/267/255 4077/268/256
f 4352/269/46 4072/239/229 4103/264/252
f 4060/243/232 4059/240/230 4090/266/254 4091/270/257
f 4047/244/233 4046/241/231 4077/268/256 4078/271/258
f 4061/245/234 4060/243/232 4091/270/257 4092/272/259
f 4048/246/235 4047/244/233 4078/271/258 4079/273/260
f 4062/247/236 4061/245/234 4092/272/259 4093/274/261
f 4049/248/237 4048/246/235 4079/273/260 4080/275/262
f 4063/249/238 4062/247/236 4093/274/261 4094/276/263
f 4050/250/239 4049/248/237 4080/275/262 4081/277/264
f 4064/251/240 4063/249/238 4094/276/263 4095/278/265
f 4051/252/241 4050/250/239 4081/277/264 4082/279/266
f 4065/253/242 4064/251/240 4095/278/265 4096/280/267
f 4052/254/243 4051/252/241 4082/279/266 4083/281/268
f 4066/255/244 4065/253/242 4096/280/267 4097/282/269
f 4053/256/245 4052/254/243 4083/281/268 4084/283/270
f 4067/257/246 4066/255/244 4097/282/269 4098/284/271
f 4054/258/247 4053/256/245 4084/283/270 4085/285/272
f 4068/259/248 4067/257/246 4098/284/271 4099/286/273
f 4055/260/249 4054/258/247 4085/285/272 4086/287/274
f 4042/262/250 4353/288/20 4073/289/275
f 4069/230/220 4068/259/248 4099/286/273 4100/290/276
f 4056/232/222 4055/260/249 4086/287/274 4087/291/277
f 4043/234/224 4042/262/250 4073/289/275 4074/292/278
f 4070/231/221 4069/230/220 4100/290/276 4101/293/279
f 4057/233/223 4056/232/222 4087/291/277 4088/294/280
f 4044/235/225 4043/234/224 4074/292/278 4075/295/281
f 4071/236/226 4070/231/221 4101/293/279 4102/263/251
f 4058/237/227 4057/233/223 4088/294/280 4089/265/253
f 4045/238/228 4044/235/225 4075/295/281 4076/267/255
f 4072/239/229 4071/236/226 4102/263/251 4103/264/252
f 4092/272/259 4091/270/257 4122/296/282 4123/297/283
f 4079/273/260 4078/271/258 4109/298/284 4110/299/285
f 4093/274/261 4092/272/259 4123/297/283 4124/300/286
f 4080/275/262 4079/273/260 4110/299/285 4111/301/287
f 4094/276/263 4093/274/261 4124/300/286 4125/302/288
f 4081/277/264 4080/275/262 4111/301/287 4112/303/289
f 4095/278/265 4094/276/263 4125/302/288 4126/304/290
f 4082/279/266 4081/277/264 4112/303/289 4113/305/291
f 4096/280/267 4095/278/265 4126/304/290 4127/306/292
f 4083/281/268 4082/279/266 4113/305/291 4114/307/293
f 4097/282/269 4096/280/267 4127/306/292 4128/308/294
f 4084/283/270 4083/281/268 4114/307/293 4115/309/295
f 4098/284/271 4097/282/269 4128/308/294 4129/310/296
f 4085/285/272 4084/283/270 4115/309/295 4116/311/297
f 4099/286/273 4098/284/271 4129/310/296 4130/312/298
f 4086/287/274 4085/285/272 4116/311/297 4117/313/299
f 4073/289/275 4353/314/20 4104/315/300
f 4100/290/276 4099/286/273 4130/312/298 4131/316/301
f 4087/291/277 4086/287/274 4117/313/299 4118/317/302
f 4074/292/278 4073/289/275 4104/315/300 4105/318/303
f 4101/293/279 4100/290/276 4131/316/301 4132/319/304
f 4088/294/280 4087/291/277 4118/317/302 4119/320/305
f 4075/295/281 4074/292/278 4105/318/303 4106/321/306
f 4102/263/251 4101/293/279 4132/319/304 4133/322/307
f 4089/265/253 4088/294/280 4119/320/305 4120/323/308
f 4076/267/255 4075/295/281 4106/321/306 4107/324/309
f 4103/264/252 4102/263/251 4133/322/307 4134/325/310
f 4090/266/254 4089/265/253 4120/323/308 4121/326/311
f 4077/268/256 4076/267/255 4107/324/309 4108/327/312
f 4352/328/46 4103/264/252 4134/325/310
f 4091/270/257 4090/266/254 4121/326/311 4122/296/282
f 4078/271/258 4077/268/256 4108/327/312 4109/298/284
f 4125/302/288 4124/300/286 4155/329/313 4156/330/314
f 4112/303/289 4111/301/287 4142/331/315 4143/332/316
f 4126/304/290 4125/302/288 4156/330/314 4157/333/317
f 4113/305/291 4112/303/289 4143/332/316 4144/334/1185
f 4127/306/292 4126/304/290 4157/333/317 4158/335/319
f 4114/307/293 4113/305/291 4144/334/1185 4145/336/320
f 4128/308/294 4127/306/292 4158/335/319 4159/337/321
f 4115/309/295 4114/307/293 4145/336/320 4146/338/322
f 4129/310/296 4128/308/294 4159/337/321 4160/339/323
f 4116/311/297 4115/309/295 4146/338/322 4147/340/324
f 4130/312/298 4129/310/296 4160/339/323 4161/341/325
f 4117/313/299 4116/311/297 4147/340/324 4148/342/326
f 4104/315/300 4353/343/20 4135/344/327
f 4131/316/301 4130/312/298 4161/341/325 4162/345/328
f 4118/317/302 4117/313/299 4148/342/326 4149/346/329
f 4105/318/303 4104/315/300 4135/344/327 4136/347/330
f 4132/319/304 4131/316/301 4162/345/328 4163/348/331
f 4119/320/305 4118/317/302 4149/346/329 4150/349/332
f 4106/321/306 4105/318/303 4136/347/330 4137/350/333
f 4133/322/307 4132/319/304 4163/348/331 4164/351/1186
f 4120/323/308 4119/320/305 4150/349/332 4151/352/335
f 4107/324/309 4106/321/306 4137/350/333 4138/353/336
f 4134/325/310 4133/322/307 4164/351/1186 4165/354/337
f 4121/326/311 4120/323/308 4151/352/335 4152/355/338
f 4108/327/312 4107/324/309 4138/353/336 4139/356/339
f 4352/357/46 4134/325/310 4165/354/337
f 4122/296/282 4121/326/311 4152/355/338 4153/358/340
f 4109/298/284 4108/327/312 4139/356/339 4140/359/341
f 4123/297/283 4122/296/282 4153/358/340 4154/360/342
f 4110/299/285 4109/298/284 4140/359/341 4141/361/343
f 4124/300/286 4123/297/283 4154/360/342 4155/329/313
f 4111/301/287 4110/299/285 4141/361/343 4142/331/315
f 4158/335/319 4157/333/317 4188/362/344 4189/363/345
f 4145/336/320 4144/334/1185 4175/364/346 4176/365/347
f 4159/337/321 4158/335/319 4189/363/345 4190/366/348
f 4146/338/322 4145/336/320 4176/365/347 4177/367/349
f 4160/339/323 4159/337/321 4190/366/348 4191/368/350
f 4147/340/324 4146/338/322 4177/367/349 4178/369/351
f 4161/341/325 4160/339/323 4191/368/350 4192/370/352
f 4148/342/326 4147/340/324 4178/369/351 4179/371/353
f 4135/344/327 4353/372/20 4166/373/354
f 4162/345/328 4161/341/325 4192/370/352 4193/374/355
f 4149/346/329 4148/342/326 4179/371/353 4180/375/356
f 4136/347/330 4135/344/327 4166/373/354 4167/376/357
f 4163/348/331 4162/345/328 4193/374/355 4194/377/358
f 4150/349/332 4149/346/329 4180/375/356 4181/378/359
f 4137/350/333 4136/347/330 4167/376/357 4168/379/360
f 4164/351/1186 4163/348/331 4194/377/358 4195/380/1187
f 4151/352/335 4150/349/332 4181/378/359 4182/381/362
f 4138/353/336 4137/350/333 4168/379/360 4169/382/363
f 4165/354/337 4164/351/1186 4195/380/1187 4196/383/364
f 4152/355/338 4151/352/335 4182/381/362 4183/384/365
f 4139/356/339 4138/353/336 4169/382/363 4170/385/366
f 4352/386/46 4165/354/337 4196/383/364
f 4153/358/340 4152/355/338 4183/384/365 4184/387/367
f 4140/359/341 4139/356/339 4170/385/366 4171/388/368
f 4154/360/342 4153/358/340 4184/387/367 4185/389/369
f 4141/361/343 4140/359/341 4171/388/368 4172/390/370
f 4155/329/313 4154/360/342 4185/389/369 4186/391/371
f 4142/331/315 4141/361/343 4172/390/370 4173/392/372
f 4156/330/314 4155/329/313 4186/391/371 4187/393/373
f 4143/332/316 4142/331/315 4173/392/372 4174/394/374
f 4157/333/317 4156/330/314 4187/393/373 4188/362/344
f 4144/334/1185 4143/332/316 4174/394/374 4175/364/346
f 4191/368/350 4190/366/348 4221/395/375 4222/396/376
f 4178/369/351 4177/367/349 4208/397/377 4209/398/378
f 4192/370/352 4191/368/350 4222/396/376 4223/399/379
f 4179/371/353 4178/369/351 4209/398/378 4210/400/380
f 4166/373/354 4353/401/20 4197/402/1158
f 4193/374/355 4192/370/352 4223/399/379 4224/403/382
f 4180/375/356 4179/371/353 4210/400/380 4211/404/383
f 4167/376/357 4166/373/354 4197/402/1158 4198/405/384
f 4194/377/358 4193/374/355 4224/403/382 4225/406/385
f 4181/378/359 4180/375/356 4211/404/383 4212/407/386
f 4168/379/360 4167/376/357 4198/405/384 4199/408/387
f 4195/380/1187 4194/377/358 4225/406/385 4226/409/388
f 4182/381/362 4181/378/359 4212/407/386 4213/410/389
f 4169/382/363 4168/379/360 4199/408/387 4200/411/390
f 4196/383/364 4195/380/1187 4226/409/388 4227/412/1188
f 4183/384/365 4182/381/362 4213/410/389 4214/413/392
f 4170/385/366 4169/382/363 4200/411/390 4201/414/393
f 4352/415/46 4196/383/364 4227/412/1188
f 4184/387/367 4183/384/365 4214/413/392 4215/416/394
f 4171/388/368 4170/385/366 4201/414/393 4202/417/395
f 4185/389/369 4184/387/367 4215/416/394 4216/418/396
f 4172/390/370 4171/388/368 4202/417/395 4203/419/397
f 4186/391/371 4185/389/369 4216/418/396 4217/420/398
f 4173/392/372 4172/390/370 4203/419/397 4204/421/399
f 4187/393/373 4186/391/371 4217/420/398 4218/422/400
f 4174/394/374 4173/392/372 4204/421/399 4205/423/401
f 4188/362/344 4187/393/373 4218/422/400 4219/424/402
f 4175/364/346 4174/394/374 4205/423/401 4206/425/403
f 4189/363/345 4188/362/344 4219/424/402 4220/426/404
f 4176/365/347 4175/364/346 4206/425/403 4207/427/405
f 4190/366/348 4189/363/345 4220/426/404 4221/395/375
f 4177/367/349 4176/365/347 4207/427/405 4208/397/377
f 4197/402/1158 4353/428/20 4228/429/406
f 4224/403/382 4223/399/379 4254/430/407 4255/431/408
f 4211/404/383 4210/400/380 4241/432/409 4242/433/410
f 4198/405/384 4197/402/1158 4228/429/406 4229/434/411
f 4225/406/385 4224/403/382 4255/431/408 4256/435/412
f 4212/407/386 4211/404/383 4242/433/410 4243/436/413
f 4199/408/387 4198/405/384 4229/434/411 4230/437/414
f 4226/409/388 4225/406/385 4256/435/412 4257/438/1189
f 4213/410/389 4212/407/386 4243/436/413 4244/439/416
f 4200/411/390 4199/408/387 4230/437/414 4231/440/417
f 4227/412/1188 4226/409/388 4257/438/1189 4258/441/418
f 4214/413/392 4213/410/389 4244/439/416 4245/442/419
f 4201/414/393 4200/411/390 4231/440/417 4232/443/420
f 4352/444/46 4227/412/1188 4258/441/418
f 4215/416/394 4214/413/392 4245/442/419 4246/445/421
f 4202/417/395 4201/414/393 4232/443/420 4233/446/422
f 4216/418/396 4215/416/394 4246/445/421 4247/447/423
f 4203/419/397 4202/417/395 4233/446/422 4234/448/424
f 4217/420/398 4216/418/396 4247/447/423 4248/449/425
f 4204/421/399 4203/419/397 4234/448/424 4235/450/426
f 4218/422/400 4217/420/398 4248/449/425 4249/451/427
f 4205/423/401 4204/421/399 4235/450/426 4236/452/428
f 4219/424/402 4218/422/400 4249/451/427 4250/453/429
f 4206/425/403 4205/423/401 4236/452/428 4237/454/430
f 4220/426/404 4219/424/402 4250/453/429 4251/455/431
f 4207/427/405 4206/425/403 4237/454/430 4238/456/432
f 4221/395/375 4220/426/404 4251/455/431 4252/457/433
f 4208/397/377 4207/427/405 4238/456/432 4239/458/434
f 4222/396/376 4221/395/375 4252/457/433 4253/459/435
f 4209/398/378 4208/397/377 4239/458/434 4240/460/436
f 4223/399/379 4222/396/376 4253/459/435 4254/430/407
f 4210/400/380 4209/398/378 4240/460/436 4241/432/409
f 4230/437/414 4229/434/411 4260/461/437 4261/462/438
f 4257/438/1189 4256/435/412 4287/463/439 4288/464/1190
f 4244/439/416 4243/436/413 4274/465/441 4275/466/442
f 4231/440/417 4230/437/414 4261/462/438 4262/467/443
f 4258/441/418 4257/438/1189 4288/464/1190 4289/468/444
f 4245/442/419 4244/439/416 4275/466/442 4276/469/445
f 4232/443/420 4231/440/417 4262/467/443 4263/470/446
f 4352/471/46 4258/441/418 4289/468/444
f 4246/445/421 4245/442/419 4276/469/445 4277/472/447
f 4233/446/422 4232/443/420 4263/470/446 4264/473/448
f 4247/447/423 4246/445/421 4277/472/447 4278/474/449
f 4234/448/424 4233/446/422 4264/473/448 4265/475/450
f 4248/449/425 4247/447/423 4278/474/449 4279/476/451
f 4235/450/426 4234/448/424 4265/475/450 4266/477/452
f 4249/451/427 4248/449/425 4279/476/451 4280/478/1108
f 4236/452/428 4235/450/426 4266/477/452 4267/479/454
f 4250/453/429 4249/451/427 4280/478/1108 4281/480/455
f 4237/454/430 4236/452/428 4267/479/454 4268/481/456
f 4251/455/431 4250/453/429 4281/480/455 4282/482/457
f 4238/456/432 4237/454/430 4268/481/456 4269/483/458
f 4252/457/433 4251/455/431 4282/482/457 4283/484/459
f 4239/458/434 4238/456/432 4269/483/458 4270/485/460
f 4253/459/435 4252/457/433 4283/484/459 4284/486/461
f 4240/460/436 4239/458/434 4270/485/460 4271/487/462
f 4254/430/407 4253/459/435 4284/486/461 4285/488/463
f 4241/432/409 4240/460/436 4271/487/462 4272/489/464
f 4228/429/406 4353/490/20 4259/491/465
f 4255/431/408 4254/430/407 4285/488/463 4286/492/466
f 4242/433/410 4241/432/409 4272/489/464 4273/493/467
f 4229/434/411 4228/429/406 4259/491/465 4260/461/437
f 4256/435/412 4255/431/408 4286/492/466 4287/463/439
f 4243/436/413 4242/433/410 4273/493/467 4274/465/441
f 4263/470/446 4262/467/443 4293/494/468 4294/495/469
f 4352/496/46 4289/468/444 4320/497/470
f 4277/472/447 4276/469/445 4307/498/471 4308/499/472
f 4264/473/448 4263/470/446 4294/495/469 4295/500/473
f 4278/474/449 4277/472/447 4308/499/472 4309/501/474
f 4265/475/450 4264/473/448 4295/500/473 4296/502/475
f 4279/476/451 4278/474/449 4309/501/474 4310/503/476
f 4266/477/452 4265/475/450 4296/502/475 4297/504/477
f 4280/478/1108 4279/476/451 4310/503/476 4311/505/478
f 4267/479/454 4266/477/452 4297/504/477 4298/506/1112
f 4281/480/455 4280/478/1108 4311/505/478 4312/507/1113
f 4268/481/456 4267/479/454 4298/506/1112 4299/508/481
f 4282/482/457 4281/480/455 4312/507/1113 4313/509/482
f 4269/483/458 4268/481/456 4299/508/481 4300/510/483
f 4283/484/459 4282/482/457 4313/509/482 4314/511/484
f 4270/485/460 4269/483/458 4300/510/483 4301/512/485
f 4284/486/461 4283/484/459 4314/511/484 4315/513/486
f 4271/487/462 4270/485/460 4301/512/485 4302/514/487
f 4285/488/463 4284/486/461 4315/513/486 4316/515/488
f 4272/489/464 4271/487/462 4302/514/487 4303/516/489
f 4259/491/465 4353/517/20 4290/518/490
f 4286/492/466 4285/488/463 4316/515/488 4317/519/491
f 4273/493/467 4272/489/464 4303/516/489 4304/520/492
f 4260/461/437 4259/491/465 4290/518/490 4291/521/493
f 4287/463/439 4286/492/466 4317/519/491 4318/522/494
f 4274/465/441 4273/493/467 4304/520/492 4305/523/495
f 4261/462/438 4260/461/437 4291/521/493 4292/524/496
f 4288/464/1190 4287/463/439 4318/522/494 4319/525/497
f 4275/466/442 4274/465/441 4305/523/495 4306/526/498
f 4262/467/443 4261/462/438 4292/524/496 4293/494/468
f 4289/468/444 4288/464/1190 4319/525/497 4320/497/470
f 4276/469/445 4275/466/442 4306/526/498 4307/498/471
f 4296/502/475 4295/500/473 4326/527/499 4327/528/500
f 4310/503/476 4309/501/474 4340/529/501 4341/530/502
f 4297/504/477 4296/502/475 4327/528/500 4328/531/503
f 4311/505/478 4310/503/476 4341/530/502 4342/532/504
f 4298/506/1112 4297/504/477 4328/531/503 4329/533/505
f 4312/507/1113 4311/505/478 4342/532/504 4343/534/506
f 4299/508/481 4298/506/1112 4329/533/505 4330/535/507
f 4313/509/482 4312/507/1113 4343/534/506 4344/536/508
f 4300/510/483 4299/508/481 4330/535/507 4331/537/509
f 4314/511/484 4313/509/482 4344/536/508 4345/538/510
f 4301/512/485 4300/510/483 4331/537/509 4332/539/511
f 4315/513/486 4314/511/484 4345/538/510 4346/540/512
f 4302/514/487 4301/512/485 4332/539/511 4333/541/513
f 4316/515/488 4315/513/486 4346/540/512 4347/542/514
f 4303/516/489 4302/514/487 4333/541/513 4334/543/515
f 4290/518/490 4353/544/20 4321/545/516
f 4317/519/491 4316/515/488 4347/542/514 4348/546/517
f 4304/520/492 4303/516/489 4334/543/515 4335/547/518
f 4291/521/493 4290/518/490 4321/545/516 4322/548/519
f 4318/522/494 4317/519/491 4348/546/517 4349/549/520
f 4305/523/495 4304/520/492 4335/547/518 4336/550/521
f 4292/524/496 4291/521/493 4322/548/519 4323/551/522
f 4319/525/497 4318/522/494 4349/549/520 4350/552/523
f 4306/526/498 4305/523/495 4336/550/521 4337/553/524
f 4293/494/468 4292/524/496 4323/551/522 4324/554/525
f 4320/497/470 4319/525/497 4350/552/523 4351/555/526
f 4307/498/471 4306/526/498 4337/553/524 4338/556/527
f 4294/495/469 4293/494/468 4324/554/525 4325/557/528
f 4352/558/46 4320/497/470 4351/555/526
f 4308/499/472 4307/498/471 4338/556/527 4339/559/529
f 4295/500/473 4294/495/469 4325/557/528 4326/527/499
f 4309/501/474 4308/499/472 4339/559/529 4340/529/501
f 4329/533/505 4328/531/503 4361/560/530 4362/561/1116
f 4343/534/506 4342/532/504 4375/562/532 4376/563/1117
f 4330/535/507 4329/533/505 4362/561/1116 4363/564/534
f 4344/536/508 4343/534/506 4376/563/1117 4377/565/1118
f 4331/537/509 4330/535/507 4363/564/534 4364/566/536
f 4345/538/510 4344/536/508 4377/565/1118 4378/567/537
f 4332/539/511 4331/537/509 4364/566/536 4365/568/538
f 4346/540/512 4345/538/510 4378/567/537 4379/569/539
f 4333/541/513 4332/539/511 4365/568/538 4366/570/540
f 4347/542/514 4346/540/512 4379/569/539 4380/571/541
f 4334/543/515 4333/541/513 4366/570/540 4367/572/542
f 4321/545/516 4353/573/20 4354/574/543
f 4348/546/517 4347/542/514 4380/571/541 4381/575/544
f 4335/547/518 4334/543/515 4367/572/542 4368/576/545
f 4322/548/519 4321/545/516 4354/574/543 4355/577/546
f 4349/549/520 4348/546/517 4381/575/544 4382/578/547
f 4336/550/521 4335/547/518 4368/576/545 4369/579/548
f 4323/551/522 4322/548/519 4355/577/546 4356/580/549
f 4350/552/523 4349/549/520 4382/578/547 4383/581/550
f 4337/553/524 4336/550/521 4369/579/548 4370/582/551
f 4324/554/525 4323/551/522 4356/580/549 4357/583/552
f 4351/555/526 4350/552/523 4383/581/550 4384/584/553
f 4338/556/527 4337/553/524 4370/582/551 4371/585/554
f 4325/557/528 4324/554/525 4357/583/552 4358/586/555
f 4352/587/46 4351/555/526 4384/584/553
f 4339/559/529 4338/556/527 4371/585/554 4372/588/556
f 4326/527/499 4325/557/528 4358/586/555 4359/589/557
f 4340/529/501 4339/559/529 4372/588/556 4373/590/558
f 4327/528/500 4326/527/499 4359/589/557 4360/591/559
f 4341/530/502 4340/529/501 4373/590/558 4374/592/560
f 4328/531/503 4327/528/500 4360/591/559 4361/560/530
f 4342/532/504 4341/530/502 4374/592/560 4375/562/532
f 4364/566/536 4363/564/534 4394/593/1191 4395/594/562
f 4378/567/537 4377/565/1118 4408/595/563 4409/596/564
f 4365/568/538 4364/566/536 4395/594/562 4396/597/565
f 4379/569/539 4378/567/537 4409/596/564 4410/598/566
f 4366/570/540 4365/568/538 4396/597/565 4397/599/567
f 4380/571/541 4379/569/539 4410/598/566 4411/600/568
f 4367/572/542 4366/570/540 4397/599/567 4398/601/569
f 4354/574/543 4353/602/20 4385/603/570
f 4381/575/544 4380/571/541 4411/600/568 4412/604/571
f 4368/576/545 4367/572/542 4398/601/569 4399/605/572
f 4355/577/546 4354/574/543 4385/603/570 4386/606/573
f 4382/578/547 4381/575/544 4412/604/571 4413/607/574
f 4369/579/548 4368/576/545 4399/605/572 4400/608/575
f 4356/580/549 4355/577/546 4386/606/573 4387/609/576
f 4383/581/550 4382/578/547 4413/607/574 4414/610/1192
f 4370/582/551 4369/579/548 4400/608/575 4401/611/578
f 4357/583/552 4356/580/549 4387/609/576 4388/612/579
f 4384/584/553 4383/581/550 4414/610/1192 4415/613/580
f 4371/585/554 4370/582/551 4401/611/578 4402/614/581
f 4358/586/555 4357/583/552 4388/612/579 4389/615/582
f 4352/616/46 4384/584/553 4415/613/580
f 4372/588/556 4371/585/554 4402/614/581 4403/617/583
f 4359/589/557 4358/586/555 4389/615/582 4390/618/584
f 4373/590/558 4372/588/556 4403/617/583 4404/619/585
f 4360/591/559 4359/589/557 4390/618/584 4391/620/586
f 4374/592/560 4373/590/558 4404/619/585 4405/621/587
f 4361/560/530 4360/591/559 4391/620/586 4392/622/588
f 4375/562/532 4374/592/560 4405/621/587 4406/623/1121
f 4362/561/1116 4361/560/530 4392/622/588 4393/624/590
f 4376/563/1117 4375/562/532 4406/623/1121 4407/625/591
f 4363/564/534 4362/561/1116 4393/624/590 4394/593/1191
f 4377/565/1118 4376/563/1117 4407/625/591 4408/595/563
f 4397/599/567 4396/597/565 4427/626/592 4428/627/593
f 4411/600/568 4410/598/566 4441/628/594 4442/629/595
f 4398/601/569 4397/599/567 4428/627/593 4429/630/596
f 4385/603/570 4353/631/20 4416/632/597
f 4412/604/571 4411/600/568 4442/629/595 4443/633/598
f 4399/605/572 4398/601/569 4429/630/596 4430/634/599
f 4386/606/573 4385/603/570 4416/632/597 4417/635/600
f 4413/607/574 4412/604/571 4443/633/598 4444/636/601
f 4400/608/575 4399/605/572 4430/634/599 4431/637/602
f 4387/609/576 4386/606/573 4417/635/600 4418/638/603
f 4414/610/1192 4413/607/574 4444/636/601 4445/639/1193
f 4401/611/578 4400/608/575 4431/637/602 4432/640/605
f 4388/612/579 4387/609/576 4418/638/603 4419/641/606
f 4415/613/580 4414/610/1192 4445/639/1193 4446/642/607
f 4402/614/581 4401/611/578 4432/640/605 4433/643/608
f 4389/615/582 4388/612/579 4419/641/606 4420/644/609
f 4352/645/46 4415/613/580 4446/642/607
f 4403/617/583 4402/614/581 4433/643/608 4434/646/610
f 4390/618/584 4389/615/582 4420/644/609 4421/647/611
f 4404/619/585 4403/617/583 4434/646/610 4435/648/612
f 4391/620/586 4390/618/584 4421/647/611 4422/649/613
f 4405/621/587 4404/619/585 4435/648/612 4436/650/614
f 4392/622/588 4391/620/586 4422/649/613 4423/651/615
f 4406/623/1121 4405/621/587 4436/650/614 4437/652/616
f 4393/624/590 4392/622/588 4423/651/615 4424/653/617
f 4407/625/591 4406/623/1121 4437/652/616 4438/654/618
f 4394/593/1191 4393/624/590 4424/653/617 4425/655/619
f 4408/595/563 4407/625/591 4438/654/618 4439/656/620
f 4395/594/562 4394/593/1191 4425/655/619 4426/657/621
f 4409/596/564 4408/595/563 4439/656/620 4440/658/622
f 4396/597/565 4395/594/562 4426/657/621 4427/626/592
f 4410/598/566 4409/596/564 4440/658/622 4441/628/594
f 4430/634/599 4429/630/596 4460/659/623 4461/660/624
f 4417/635/600 4416/632/597 4447/661/625 4448/662/626
f 4444/636/601 4443/633/598 4474/663/627 4475/664/628
f 4431/637/602 4430/634/599 4461/660/624 4462/665/629
f 4418/638/603 4417/635/600 4448/662/626 4449/666/630
f 4445/639/1193 4444/636/601 4475/664/628 4476/667/631
f 4432/640/605 4431/637/602 4462/665/629 4463/668/632
f 4419/641/606 4418/638/603 4449/666/630 4450/669/633
f 4446/642/607 4445/639/1193 4476/667/631 4477/670/1194
f 4433/643/608 4432/640/605 4463/668/632 4464/671/635
f 4420/644/609 4419/641/606 4450/669/633 4451/672/636
f 4352/673/46 4446/642/607 4477/670/1194
f 4434/646/610 4433/643/608 4464/671/635 4465/674/637
f 4421/647/611 4420/644/609 4451/672/636 4452/675/638
f 4435/648/612 4434/646/610 4465/674/637 4466/676/639
f 4422/649/613 4421/647/611 4452/675/638 4453/677/640
f 4436/650/614 4435/648/612 4466/676/639 4467/678/641
f 4423/651/615 4422/649/613 4453/677/640 4454/679/642
f 4437/652/616 4436/650/614 4467/678/641 4468/680/643
f 4424/653/617 4423/651/615 4454/679/642 4455/681/644
f 4438/654/618 4437/652/616 4468/680/643 4469/682/645
f 4425/655/619 4424/653/617 4455/681/644 4456/683/646
f 4439/656/620 4438/654/618 4469/682/645 4470/684/647
f 4426/657/621 4425/655/619 4456/683/646 4457/685/648
f 4440/658/622 4439/656/620 4470/684/647 4471/686/649
f 4427/626/592 4426/657/621 4457/685/648 4458/687/650
f 4441/628/594 4440/658/622 4471/686/649 4472/688/651
f 4428/627/593 4427/626/592 4458/687/650 4459/689/652
f 4442/629/595 4441/628/594 4472/688/651 4473/690/653
f 4429/630/596 4428/627/593 4459/689/652 4460/659/623
f 4416/632/597 4353/691/20 4447/661/625
f 4443/633/598 4442/629/595 4473/690/653 4474/663/627
f 4463/668/632 4462/665/629 4493/692/654 4494/693/655
f 4450/669/633 4449/666/630 4480/694/656 4481/695/657
f 4477/670/1194 4476/667/631 4507/696/1195 4508/697/659
f 4464/671/635 4463/668/632 4494/693/655 4495/698/660
f 4451/672/636 4450/669/633 4481/695/657 4482/699/661
f 4352/700/46 4477/670/1194 4508/697/659
f 4465/674/637 4464/671/635 4495/698/660 4496/701/662
f 4452/675/638 4451/672/636 4482/699/661 4483/702/663
f 4466/676/639 4465/674/637 4496/701/662 4497/703/1196
f 4453/677/640 4452/675/638 4483/702/663 4484/704/665
f 4467/678/641 4466/676/639 4497/703/1196 4498/705/666
f 4454/679/642 4453/677/640 4484/704/665 4485/706/667
f 4468/680/643 4467/678/641 4498/705/666 4499/707/668
f 4455/681/644 4454/679/642 4485/706/667 4486/708/669
f 4469/682/645 4468/680/643 4499/707/668 4500/709/670
f 4456/683/646 4455/681/644 4486/708/669 4487/710/671
f 4470/684/647 4469/682/645 4500/709/670 4501/711/672
f 4457/685/648 4456/683/646 4487/710/671 4488/712/673
f 4471/686/649 4470/684/647 4501/711/672 4502/713/674
f 4458/687/650 4457/685/648 4488/712/673 4489/714/675
f 4472/688/651 4471/686/649 4502/713/674 4503/715/1197
f 4459/689/652 4458/687/650 4489/714/675 4490/716/677
f 4473/690/653 4472/688/651 4503/715/1197 4504/717/678
f 4460/659/623 4459/689/652 4490/716/677 4491/718/679
f 4447/661/625 4353/719/20 4478/720/680
f 4474/663/627 4473/690/653 4504/717/678 4505/721/681
f 4461/660/624 4460/659/623 4491/718/679 4492/722/682
f 4448/662/626 4447/661/625 4478/720/680 4479/723/683
f 4475/664/628 4474/663/627 4505/721/681 4506/724/684
f 4462/665/629 4461/660/624 4492/722/682 4493/692/654
f 4449/666/630 4448/662/626 4479/723/683 4480/694/656
f 4476/667/631 4475/664/628 4506/724/684 4507/696/1195
f 4496/701/662 4495/698/660 4526/725/685 4527/726/686
f 4483/702/663 4482/699/661 4513/727/687 4514/728/688
f 4497/703/1196 4496/701/662 4527/726/686 4528/729/689
f 4484/704/665 4483/702/663 4514/728/688 4515/730/690
f 4498/705/666 4497/703/1196 4528/729/689 4529/731/691
f 4485/706/667 4484/704/665 4515/730/690 4516/732/692
f 4499/707/668 4498/705/666 4529/731/691 4530/733/1198
f 4486/708/669 4485/706/667 4516/732/692 4517/734/694
f 4500/709/670 4499/707/668 4530/733/1198 4531/735/695
f 4487/710/671 4486/708/669 4517/734/694 4518/736/1129
f 4501/711/672 4500/709/670 4531/735/695 4532/737/697
f 4488/712/673 4487/710/671 4518/736/1129 4519/738/698
f 4502/713/674 4501/711/672 4532/737/697 4533/739/699
f 4489/714/675 4488/712/673 4519/738/698 4520/740/700
f 4503/715/1197 4502/713/674 4533/739/699 4534/741/701
f 4490/716/677 4489/714/675 4520/740/700 4521/742/702
f 4504/717/678 4503/715/1197 4534/741/701 4535/743/703
f 4491/718/679 4490/716/677 4521/742/702 4522/744/704
f 4478/720/680 4353/745/20 4509/746/705
f 4505/721/681 4504/717/678 4535/743/703 4536/747/706
f 4492/722/682 4491/718/679 4522/744/704 4523/748/1130
f 4479/723/683 4478/720/680 4509/746/705 4510/749/708
f 4506/724/684 4505/721/681 4536/747/706 4537/750/709
f 4493/692/654 4492/722/682 4523/748/1130 4524/751/710
f 4480/694/656 4479/723/683 4510/749/708 4511/752/711
f 4507/696/1195 4506/724/684 4537/750/709 4538/753/1199
f 4494/693/655 4493/692/654 4524/751/710 4525/754/1132
f 4481/695/657 4480/694/656 4511/752/711 4512/755/714
f 4508/697/659 4507/696/1195 4538/753/1199 4539/756/715
f 4495/698/660 4494/693/655 4525/754/1132 4526/725/685
f 4482/699/661 4481/695/657 4512/755/714 4513/727/687
f 4352/757/46 4508/697/659 4539/756/715
f 4529/731/691 4528/729/689 4559/758/716 4560/759/717
f 4516/732/692 4515/730/690 4546/760/718 4547/761/1200
f 4530/733/1198 4529/731/691 4560/759/717 4561/762/720
f 4517/734/694 4516/732/692 4547/761/1200 4548/763/1201
f 4531/735/695 4530/733/1198 4561/762/720 4562/764/1202
f 4518/736/1129 4517/734/694 4548/763/1201 4549/765/723
f 4532/737/697 4531/735/695 4562/764/1202 4563/766/1203
f 4519/738/698 4518/736/1129 4549/765/723 4550/767/725
f 4533/739/699 4532/737/697 4563/766/1203 4564/768/726
f 4520/740/700 4519/738/698 4550/767/725 4551/769/727
f 4534/741/701 4533/739/699 4564/768/726 4565/770/728
f 4521/742/702 4520/740/700 4551/769/727 4552/771/729
f 4535/743/703 4534/741/701 4565/770/728 4566/772/730
f 4522/744/704 4521/742/702 4552/771/729 4553/773/731
f 4509/746/705 4353/774/20 4540/775/732
f 4536/747/706 4535/743/703 4566/772/730 4567/776/733
f 4523/748/1130 4522/744/704 4553/773/731 4554/777/734
f 4510/749/708 4509/746/705 4540/775/732 4541/778/735
f 4537/750/709 4536/747/706 4567/776/733 4568/779/736
f 4524/751/710 4523/748/1130 4554/777/734 4555/780/737
f 4511/752/711 4510/749/708 4541/778/735 4542/781/738
f 4538/753/1199 4537/750/709 4568/779/736 4569/782/739
f 4525/754/1132 4524/751/710 4555/780/737 4556/783/740
f 4512/755/714 4511/752/711 4542/781/738 4543/784/741
f 4539/756/715 4538/753/1199 4569/782/739 4570/785/742
f 4526/725/685 4525/754/1132 4556/783/740 4557/786/743
f 4513/727/687 4512/755/714 4543/784/741 4544/787/744
f 4352/788/46 4539/756/715 4570/785/742
f 4527/726/686 4526/725/685 4557/786/743 4558/789/745
f 4514/728/688 4513/727/687 4544/787/744 4545/790/746
f 4528/729/689 4527/726/686 4558/789/745 4559/758/716
f 4515/730/690 4514/728/688 4545/790/746 4546/760/718
f 4562/764/1202 4561/762/720 4592/791/747 4593/792/748
f 4549/765/723 4548/763/1201 4579/793/749 4580/794/750
f 4563/766/1203 4562/764/1202 4593/792/748 4594/795/751
f 4550/767/725 4549/765/723 4580/794/750 4581/796/752
f 4564/768/726 4563/766/1203 4594/795/751 4595/797/753
f 4551/769/727 4550/767/725 4581/796/752 4582/798/754
f 4565/770/728 4564/768/726 4595/797/753 4596/799/755
f 4552/771/729 4551/769/727 4582/798/754 4583/800/756
f 4566/772/730 4565/770/728 4596/799/755 4597/801/757
f 4553/773/731 4552/771/729 4583/800/756 4584/802/758
f 4540/775/732 4353/803/20 4571/804/759
f 4567/776/733 4566/772/730 4597/801/757 4598/805/760
f 4554/777/734 4553/773/731 4584/802/758 4585/806/761
f 4541/778/735 4540/775/732 4571/804/759 4572/807/762
f 4568/779/736 4567/776/733 4598/805/760 4599/808/763
f 4555/780/737 4554/777/734 4585/806/761 4586/809/764
f 4542/781/738 4541/778/735 4572/807/762 4573/810/765
f 4569/782/739 4568/779/736 4599/808/763 4600/811/766
f 4556/783/740 4555/780/737 4586/809/764 4587/812/767
f 4543/784/741 4542/781/738 4573/810/765 4574/813/768
f 4570/785/742 4569/782/739 4600/811/766 4601/814/769
f 4557/786/743 4556/783/740 4587/812/767 4588/815/770
f 4544/787/744 4543/784/741 4574/813/768 4575/816/771
f 4352/817/46 4570/785/742 4601/814/769
f 4558/789/745 4557/786/743 4588/815/770 4589/818/772
f 4545/790/746 4544/787/744 4575/816/771 4576/819/773
f 4559/758/716 4558/789/745 4589/818/772 4590/820/774
f 4546/760/718 4545/790/746 4576/819/773 4577/821/775
f 4560/759/717 4559/758/716 4590/820/774 4591/822/776
f 4547/761/1200 4546/760/718 4577/821/775 4578/823/777
f 4561/762/720 4560/759/717 4591/822/776 4592/791/747
f 4548/763/1201 4547/761/1200 4578/823/777 4579/793/749
f 4595/824/753 4594/825/751 4625/826/1204 4626/827/779
f 4582/828/754 4581/829/752 4612/830/780 4613/831/781
f 4596/832/755 4595/824/753 4626/827/779 4627/833/782
f 4583/834/756 4582/828/754 4613/831/781 4614/835/783
f 4597/836/757 4596/832/755 4627/833/782 4628/837/784
f 4584/838/758 4583/834/756 4614/835/783 4615/839/785
f 4571/840/759 4353/841/20 4602/842/786
f 4598/843/760 4597/836/757 4628/837/784 4629/844/787
f 4585/845/761 4584/838/758 4615/839/785 4616/846/788
f 4572/847/762 4571/840/759 4602/842/786 4603/848/789
f 4599/849/763 4598/843/760 4629/844/787 4630/850/790
f 4586/851/764 4585/845/761 4616/846/788 4617/852/791
f 4573/853/765 4572/847/762 4603/848/789 4604/854/792
f 4600/855/766 4599/849/763 4630/850/790 4631/856/793
f 4587/857/767 4586/851/764 4617/852/791 4618/858/794
f 4574/859/768 4573/853/765 4604/854/792 4605/860/795
f 4601/861/769 4600/855/766 4631/856/793 4632/862/796
f 4588/863/770 4587/857/767 4618/858/794 4619/864/797
f 4575/865/771 4574/859/768 4605/860/795 4606/866/798
f 4352/867/46 4601/861/769 4632/862/796
f 4589/868/772 4588/863/770 4619/864/797 4620/869/799
f 4576/870/773 4575/865/771 4606/866/798 4607/871/800
f 4590/872/774 4589/868/772 4620/869/799 4621/873/801
f 4577/874/775 4576/870/773 4607/871/800 4608/875/802
f 4591/876/776 4590/872/774 4621/873/801 4622/877/803
f 4578/878/777 4577/874/775 4608/875/802 4609/879/1205
f 4592/880/747 4591/876/776 4622/877/803 4623/881/805
f 4579/882/749 4578/878/777 4609/879/1205 4610/883/1206
f 4593/884/748 4592/880/747 4623/881/805 4624/885/1207
f 4580/886/750 4579/882/749 4610/883/1206 4611/887/808
f 4594/825/751 4593/884/748 4624/885/1207 4625/826/1204
f 4581/829/752 4580/886/750 4611/887/808 4612/830/780
f 4628/837/784 4627/833/782 4658/888/809 4659/889/810
f 4615/839/785 4614/835/783 4645/890/811 4646/891/812
f 4602/842/786 4353/892/20 4633/893/813
f 4629/844/787 4628/837/784 4659/889/810 4660/894/814
f 4616/846/788 4615/839/785 4646/891/812 4647/895/815
f 4603/848/789 4602/842/786 4633/893/813 4634/896/816
f 4630/850/790 4629/844/787 4660/894/814 4661/897/817
f 4617/852/791 4616/846/788 4647/895/815 4648/898/818
f 4604/854/792 4603/848/789 4634/896/816 4635/899/819
f 4631/856/793 4630/850/790 4661/897/817 4662/900/1208
f 4618/858/794 4617/852/791 4648/898/818 4649/901/821
f 4605/860/795 4604/854/792 4635/899/819 4636/902/822
f 4632/862/796 4631/856/793 4662/900/1208 4663/903/823
f 4619/864/797 4618/858/794 4649/901/821 4650/904/824
f 4606/866/798 4605/860/795 4636/902/822 4637/905/825
f 4352/906/46 4632/862/796 4663/903/823
f 4620/869/799 4619/864/797 4650/904/824 4651/907/826
f 4607/871/800 4606/866/798 4637/905/825 4638/908/827
f 4621/873/801 4620/869/799 4651/907/826 4652/909/828
f 4608/875/802 4607/871/800 4638/908/827 4639/910/829
f 4622/877/803 4621/873/801 4652/909/828 4653/911/830
f 4609/879/1205 4608/875/802 4639/910/829 4640/912/831
f 4623/881/805 4622/877/803 4653/911/830 4654/913/1209
f 4610/883/1206 4609/879/1205 4640/912/831 4641/914/833
f 4624/885/1207 4623/881/805 4654/913/1209 4655/915/834
f 4611/887/808 4610/883/1206 4641/914/833 4642/916/1210
f 4625/826/1204 4624/885/1207 4655/915/834 4656/917/836
f 4612/830/780 4611/887/808 4642/916/1210 4643/918/837
f 4626/827/779 4625/826/1204 4656/917/836 4657/919/838
f 4613/831/781 4612/830/780 4643/918/837 4644/920/839
f 4627/833/782 4626/827/779 4657/919/838 4658/888/809
f 4614/835/783 4613/831/781 4644/920/839 4645/890/811
f 4636/902/822 4635/899/819 4666/928/847 4667/931/850
f 4663/903/823 4662/900/1208 4693/929/1211 4694/932/851
f 4650/904/824 4649/901/821 4680/930/849 4681/933/852
f 4637/905/825 4636/902/822 4667/931/850 4668/934/853
f 4352/935/46 4663/903/823 4694/932/851
f 4651/907/826 4650/904/824 4681/933/852 4682/936/854
f 4638/908/827 4637/905/825 4668/934/853 4669/937/855
f 4652/909/828 4651/907/826 4682/936/854 4683/938/856
f 4639/910/829 4638/908/827 4669/937/855 4670/939/857
f 4653/911/830 4652/909/828 4683/938/856 4684/940/858
f 4640/912/831 4639/910/829 4670/939/857 4671/941/859
f 4654/913/1209 4653/911/830 4684/940/858 4685/942/860
f 4641/914/833 4640/912/831 4671/941/859 4672/943/861
f 4655/915/834 4654/913/1209 4685/942/860 4686/944/862
f 4642/916/1210 4641/914/833 4672/943/861 4673/945/863
f 4656/917/836 4655/915/834 4686/944/862 4687/946/864
f 4643/918/837 4642/916/1210 4673/945/863 4674/947/865
f 4657/919/838 4656/917/836 4687/946/864 4688/948/866
f 4644/920/839 4643/918/837 4674/947/865 4675/949/867
f 4658/888/809 4657/919/838 4688/948/866 4689/950/868
f 4645/890/811 4644/920/839 4675/949/867 4676/951/869
f 4659/889/810 4658/888/809 4689/950/868 4690/952/870
f 4646/891/812 4645/890/811 4676/951/869 4677/921/840
f 4633/893/813 4353/953/20 4664/923/842
f 4660/894/814 4659/889/810 4690/952/870 4691/925/844
f 4647/895/815 4646/891/812 4677/921/840 4678/922/841
f 4634/896/816 4633/893/813 4664/923/842 4665/924/843
f 4661/897/817 4660/894/814 4691/925/844 4692/926/845
f 4648/898/818 4647/895/815 4678/922/841 4679/927/846
f 4635/899/819 4634/896/816 4665/924/843 4666/928/847
f 4662/900/1208 4661/897/817 4692/926/845 4693/929/1211
f 4649/901/821 4648/898/818 4679/927/846 4680/930/849
f 4669/937/855 4668/934/853 4699/961/878 4700/964/880
f 4683/938/856 4682/936/854 4713/963/879 4714/965/881
f 4670/939/857 4669/937/855 4700/964/880 4701/966/882
f 4684/940/858 4683/938/856 4714/965/881 4715/967/883
f 4671/941/859 4670/939/857 4701/966/882 4702/968/884
f 4685/942/860 4684/940/858 4715/967/883 4716/969/885
f 4672/943/861 4671/941/859 4702/968/884 4703/970/886
f 4686/944/862 4685/942/860 4716/969/885 4717/971/887
f 4673/945/863 4672/943/861 4703/970/886 4704/972/888
f 4687/946/864 4686/944/862 4717/971/887 4718/973/889
f 4674/947/865 4673/945/863 4704/972/888 4705/974/890
f 4688/948/866 4687/946/864 4718/973/889 4719/975/891
f 4675/949/867 4674/947/865 4705/974/890 4706/976/892
f 4689/950/868 4688/948/866 4719/975/891 4720/977/893
f 4676/951/869 4675/949/867 4706/976/892 4707/978/894
f 4690/952/870 4689/950/868 4720/977/893 4721/979/895
f 4677/921/840 4676/951/869 4707/978/894 4708/980/896
f 4664/923/842 4353/981/20 4695/982/1212
f 4691/925/844 4690/952/870 4721/979/895 4722/983/898
f 4678/922/841 4677/921/840 4708/980/896 4709/984/899
f 4665/924/843 4664/923/842 4695/982/1212 4696/985/900
f 4692/926/845 4691/925/844 4722/983/898 4723/986/901
f 4679/927/846 4678/922/841 4709/984/899 4710/954/871
f 4666/928/847 4665/924/843 4696/985/900 4697/956/873
f 4693/929/1211 4692/926/845 4723/986/901 4724/958/875
f 4680/930/849 4679/927/846 4710/954/871 4711/955/872
f 4667/931/850 4666/928/847 4697/956/873 4698/957/874
f 4694/932/851 4693/929/1211 4724/958/875 4725/959/1138
f 4681/933/852 4680/930/849 4711/955/872 4712/960/877
f 4668/934/853 4667/931/850 4698/957/874 4699/961/878
f 4352/962/46 4694/932/851 4725/959/1138
f 4682/936/854 4681/933/852 4712/960/877 4713/963/879
f 4702/968/884 4701/966/882 4732/992/907 4733/994/909
f 4716/969/885 4715/967/883 4746/993/908 4747/995/910
f 4703/970/886 4702/968/884 4733/994/909 4734/996/911
f 4717/971/887 4716/969/885 4747/995/910 4748/997/912
f 4704/972/888 4703/970/886 4734/996/911 4735/998/913
f 4718/973/889 4717/971/887 4748/997/912 4749/999/914
f 4705/974/890 4704/972/888 4735/998/913 4736/1000/915
f 4719/975/891 4718/973/889 4749/999/914 4750/1001/916
f 4706/976/892 4705/974/890 4736/1000/915 4737/1002/917
f 4720/977/893 4719/975/891 4750/1001/916 4751/1003/918
f 4707/978/894 4706/976/892 4737/1002/917 4738/1004/919
f 4721/979/895 4720/977/893 4751/1003/918 4752/1005/920
f 4708/980/896 4707/978/894 4738/1004/919 4739/1006/921
f 4695/982/1212 4353/1007/20 4726/1008/922
f 4722/983/898 4721/979/895 4752/1005/920 4753/1009/923
f 4709/984/899 4708/980/896 4739/1006/921 4740/1010/924
f 4696/985/900 4695/982/1212 4726/1008/922 4727/1011/925
f 4723/986/901 4722/983/898 4753/1009/923 4754/1012/926
f 4710/954/871 4709/984/899 4740/1010/924 4741/1013/927
f 4697/956/873 4696/985/900 4727/1011/925 4728/1014/928
f 4724/958/875 4723/986/901 4754/1012/926 4755/1015/1213
f 4711/955/872 4710/954/871 4741/1013/927 4742/1016/930
f 4698/957/874 4697/956/873 4728/1014/928 4729/1017/931
f 4725/959/1138 4724/958/875 4755/1015/1213 4756/1018/932
f 4712/960/877 4711/955/872 4742/1016/930 4743/987/902
f 4699/961/878 4698/957/874 4729/1017/931 4730/989/904
f 4352/1019/46 4725/959/1138 4756/1018/932
f 4713/963/879 4712/960/877 4743/987/902 4744/988/903
f 4700/964/880 4699/961/878 4730/989/904 4731/990/905
f 4714/965/881 4713/963/879 4744/988/903 4745/991/906
f 4701/966/882 4700/964/880 4731/990/905 4732/992/907
f 4715/967/883 4714/965/881 4745/991/906 4746/993/908
f 4735/998/913 4734/996/911 4765/1025/938 4766/1027/1214
f 4749/999/914 4748/997/912 4779/1026/939 4780/1028/941
f 4736/1000/915 4735/998/913 4766/1027/1214 4767/1029/942
f 4750/1001/916 4749/999/914 4780/1028/941 4781/1030/943
f 4737/1002/917 4736/1000/915 4767/1029/942 4768/1031/944
f 4751/1003/918 4750/1001/916 4781/1030/943 4782/1032/945
f 4738/1004/919 4737/1002/917 4768/1031/944 4769/1033/946
f 4752/1005/920 4751/1003/918 4782/1032/945 4783/1034/947
f 4739/1006/921 4738/1004/919 4769/1033/946 4770/1035/948
f 4726/1008/922 4353/1036/20 4757/1037/949
f 4753/1009/923 4752/1005/920 4783/1034/947 4784/1038/950
f 4740/1010/924 4739/1006/921 4770/1035/948 4771/1039/951
f 4727/1011/925 4726/1008/922 4757/1037/949 4758/1040/952
f 4754/1012/926 4753/1009/923 4784/1038/950 4785/1041/953
f 4741/1013/927 4740/1010/924 4771/1039/951 4772/1042/954
f 4728/1014/928 4727/1011/925 4758/1040/952 4759/1043/955
f 4755/1015/1213 4754/1012/926 4785/1041/953 4786/1044/1215
f 4742/1016/930 4741/1013/927 4772/1042/954 4773/1045/957
f 4729/1017/931 4728/1014/928 4759/1043/955 4760/1046/958
f 4756/1018/932 4755/1015/1213 4786/1044/1215 4787/1047/959
f 4743/987/902 4742/1016/930 4773/1045/957 4774/1048/960
f 4730/989/904 4729/1017/931 4760/1046/958 4761/1049/961
f 4352/1050/46 4756/1018/932 4787/1047/959
f 4744/988/903 4743/987/902 4774/1048/960 4775/1051/962
f 4731/990/905 4730/989/904 4761/1049/961 4762/1052/963
f 4745/991/906 4744/988/903 4775/1051/962 4776/1020/933
f 4732/992/907 4731/990/905 4762/1052/963 4763/1022/935
f 4746/993/908 4745/991/906 4776/1020/933 4777/1021/934
f 4733/994/909 4732/992/907 4763/1022/935 4764/1023/936
f 4747/995/910 4746/993/908 4777/1021/934 4778/1024/1216
f 4734/996/911 4733/994/909 4764/1023/936 4765/1025/938
f 4748/997/912 4747/995/910 4778/1024/1216 4779/1026/939
f 4768/1031/944 4767/1029/942 4798/1058/969 4799/1060/971
f 4782/1032/945 4781/1030/943 4812/1059/970 4813/1061/972
f 4769/1033/946 4768/1031/944 4799/1060/971 4800/1062/973
f 4783/1034/947 4782/1032/945 4813/1061/972 4814/1063/974
f 4770/1035/948 4769/1033/946 4800/1062/973 4801/1064/975
f 4757/1037/949 4353/1065/20 4788/1066/976
f 4784/1038/950 4783/1034/947 4814/1063/974 4815/1067/977
f 4771/1039/951 4770/1035/948 4801/1064/975 4802/1068/978
f 4758/1040/952 4757/1037/949 4788/1066/976 4789/1069/979
f 4785/1041/953 4784/1038/950 4815/1067/977 4816/1070/980
f 4772/1042/954 4771/1039/951 4802/1068/978 4803/1071/981
f 4759/1043/955 4758/1040/952 4789/1069/979 4790/1072/982
f 4786/1044/1215 4785/1041/953 4816/1070/980 4817/1073/983
f 4773/1045/957 4772/1042/954 4803/1071/981 4804/1074/984
f 4760/1046/958 4759/1043/955 4790/1072/982 4791/1075/985
f 4787/1047/959 4786/1044/1215 4817/1073/983 4818/1076/986
f 4774/1048/960 4773/1045/957 4804/1074/984 4805/1077/987
f 4761/1049/961 4760/1046/958 4791/1075/985 4792/1078/988
f 4352/1079/46 4787/1047/959 4818/1076/986
f 4775/1051/962 4774/1048/960 4805/1077/987 4806/1080/989
f 4762/1052/963 4761/1049/961 4792/1078/988 4793/1081/990
f 4776/1020/933 4775/1051/962 4806/1080/989 4807/1082/991
f 4763/1022/935 4762/1052/963 4793/1081/990 4794/1083/992
f 4777/1021/934 4776/1020/933 4807/1082/991 4808/1084/993
f 4764/1023/936 4763/1022/935 4794/1083/992 4795/1085/994
f 4778/1024/1216 4777/1021/934 4808/1084/993 4809/1053/964
f 4765/1025/938 4764/1023/936 4795/1085/994 4796/1055/966
f 4779/1026/939 4778/1024/1216 4809/1053/964 4810/1054/965
f 4766/1027/1214 4765/1025/938 4796/1055/966 4797/1056/967
f 4780/1028/941 4779/1026/939 4810/1054/965 4811/1057/968
f 4767/1029/942 4766/1027/1214 4797/1056/967 4798/1058/969
f 4781/1030/943 4780/1028/941 4811/1057/968 4812/1059/970
f 4801/1064/975 4800/1062/973 3843/13/13 3844/17/17
f 4788/1066/976 4353/1086/20 4819/19/19
f 4815/1067/977 4814/1063/974 3853/15/15 4832/22/22
f 4802/1068/978 4801/1064/975 3844/17/17 3845/24/24
f 4789/1069/979 4788/1066/976 4819/19/19 4820/26/26
f 4816/1070/980 4815/1067/977 4832/22/22 4833/28/28
f 4803/1071/981 4802/1068/978 3845/24/24 4828/30/30
f 4790/1072/982 4789/1069/979 4820/26/26 4821/32/32
f 4817/1073/983 4816/1070/980 4833/28/28 3854/34/34
f 4804/1074/984 4803/1071/981 4828/30/30 3846/36/36
f 4791/1075/985 4790/1072/982 4821/32/32 4822/38/38
f 4818/1076/986 4817/1073/983 3854/34/34 3855/40/40
f 4805/1077/987 4804/1074/984 3846/36/36 3847/42/42
f 4792/1078/988 4791/1075/985 4822/38/38 4823/44/44
f 4352/1087/46 4818/1076/986 3855/40/40
f 4806/1080/989 4805/1077/987 3847/42/42 4829/47/47
f 4793/1081/990 4792/1078/988 4823/44/44 4824/49/49
f 4807/1082/991 4806/1080/989 4829/47/47 4830/51/51
f 4794/1083/992 4793/1081/990 4824/49/49 3840/53/53
f 4808/1084/993 4807/1082/991 4830/51/51 3848/55/55
f 4795/1085/994 4794/1083/992 3840/53/53 4825/57/57
f 4809/1053/964 4808/1084/993 3848/55/55 3849/59/59
f 4796/1055/966 4795/1085/994 4825/57/57 3841/61/61
f 4810/1054/965 4809/1053/964 3849/59/59 3850/63/63
f 4797/1056/967 4796/1055/966 3841/61/61 4826/2/2
f 4811/1057/968 4810/1054/965 3850/63/63 4831/6/6
f 4798/1058/969 4797/1056/967 4826/2/2 4827/1/1
f 4812/1059/970 4811/1057/968 4831/6/6 3851/5/5
f 4799/1060/971 4798/1058/969 4827/1/1 3842/9/9
f 4813/1061/972 4812/1059/970 3851/5/5 3852/11/11
f 4800/1062/973 4799/1060/971 3842/9/9 3843/13/13
f 4814/1063/974 4813/1061/972 3852/11/11 3853/15/15
f 5821/1/1 5820/2/2 4859/3/1217 4860/4/4
f 4845/5/5 5825/6/6 4873/7/7 4874/8/8
f 4836/9/9 5821/1/1 4860/4/4 4861/10/10
f 4846/11/11 4845/5/5 4874/8/8 4875/12/12
f 4837/13/13 4836/9/9 4861/10/10 4862/14/14
f 4847/15/15 4846/11/11 4875/12/12 4876/16/16
f 4838/17/17 4837/13/13 4862/14/14 4863/18/18
f 5813/19/19 5347/20/20 4850/21/21
f 5826/22/22 4847/15/15 4876/16/16 4877/23/23
f 4839/24/24 4838/17/17 4863/18/18 4864/25/25
f 5814/26/26 5813/19/19 4850/21/21 4851/27/27
f 5827/28/28 5826/22/22 4877/23/23 4878/29/29
f 5822/30/30 4839/24/24 4864/25/25 4865/31/31
f 5815/32/32 5814/26/26 4851/27/27 4852/33/33
f 4848/34/34 5827/28/28 4878/29/29 4879/35/35
f 4840/36/36 5822/30/30 4865/31/31 4866/37/37
f 5816/38/38 5815/32/32 4852/33/33 4853/39/39
f 4849/40/40 4848/34/34 4879/35/35 4880/41/41
f 4841/42/42 4840/36/36 4866/37/37 4867/43/43
f 5817/44/44 5816/38/38 4853/39/39 4854/45/45
f 5346/46/46 4849/40/40 4880/41/41
f 5823/47/47 4841/42/42 4867/43/43 4868/48/48
f 5818/49/49 5817/44/44 4854/45/45 4855/50/50
f 5824/51/51 5823/47/47 4868/48/48 4869/52/52
f 4834/53/53 5818/49/49 4855/50/50 4856/54/54
f 4842/55/55 5824/51/51 4869/52/52 4870/56/56
f 5819/57/57 4834/53/53 4856/54/54 4857/58/58
f 4843/59/59 4842/55/55 4870/56/56 4871/60/60
f 4835/61/61 5819/57/57 4857/58/58 4858/62/62
f 4844/63/63 4843/59/59 4871/60/60 4872/64/64
f 5820/2/2 4835/61/61 4858/62/62 4859/3/1217
f 5825/6/6 4844/63/63 4872/64/64 4873/7/7
f 4855/50/50 4854/45/45 4885/67/67 4886/68/68
f 4869/52/52 4868/48/48 4899/66/66 4900/69/69
f 4856/54/54 4855/50/50 4886/68/68 4887/70/70
f 4870/56/56 4869/52/52 4900/69/69 4901/71/71
f 4857/58/58 4856/54/54 4887/70/70 4888/72/72
f 4871/60/60 4870/56/56 4901/71/71 4902/73/1148
f 4858/62/62 4857/58/58 4888/72/72 4889/74/74
f 4872/64/64 4871/60/60 4902/73/1148 4903/75/75
f 4859/3/1217 4858/62/62 4889/74/74 4890/76/1218
f 4873/7/7 4872/64/64 4903/75/75 4904/77/77
f 4860/4/4 4859/3/1217 4890/76/1218 4891/78/78
f 4874/8/8 4873/7/7 4904/77/77 4905/79/79
f 4861/10/10 4860/4/4 4891/78/78 4892/80/80
f 4875/12/12 4874/8/8 4905/79/79 4906/81/81
f 4862/14/14 4861/10/10 4892/80/80 4893/82/82
f 4876/16/16 4875/12/12 4906/81/81 4907/83/83
f 4863/18/18 4862/14/14 4893/82/82 4894/84/84
f 4850/21/21 5347/85/20 4881/86/85
f 4877/23/23 4876/16/16 4907/83/83 4908/87/86
f 4864/25/25 4863/18/18 4894/84/84 4895/88/87
f 4851/27/27 4850/21/21 4881/86/85 4882/89/88
f 4878/29/29 4877/23/23 4908/87/86 4909/90/89
f 4865/31/31 4864/25/25 4895/88/87 4896/91/90
f 4852/33/33 4851/27/27 4882/89/88 4883/92/91
f 4879/35/35 4878/29/29 4909/90/89 4910/93/1179
f 4866/37/37 4865/31/31 4896/91/90 4897/94/93
f 4853/39/39 4852/33/33 4883/92/91 4884/95/94
f 4880/41/41 4879/35/35 4910/93/1179 4911/96/95
f 4867/43/43 4866/37/37 4897/94/93 4898/65/65
f 4854/45/45 4853/39/39 4884/95/94 4885/67/67
f 5346/97/46 4880/41/41 4911/96/95
f 4868/48/48 4867/43/43 4898/65/65 4899/66/66
f 4888/72/72 4887/70/70 4918/100/98 4919/101/99
f 4902/73/1148 4901/71/71 4932/99/97 4933/102/100
f 4889/74/74 4888/72/72 4919/101/99 4920/103/101
f 4903/75/75 4902/73/1148 4933/102/100 4934/104/102
f 4890/76/1218 4889/74/74 4920/103/101 4921/105/103
f 4904/77/77 4903/75/75 4934/104/102 4935/106/104
f 4891/78/78 4890/76/1218 4921/105/103 4922/107/105
f 4905/79/79 4904/77/77 4935/106/104 4936/108/106
f 4892/80/80 4891/78/78 4922/107/105 4923/109/107
f 4906/81/81 4905/79/79 4936/108/106 4937/110/108
f 4893/82/82 4892/80/80 4923/109/107 4924/111/109
f 4907/83/83 4906/81/81 4937/110/108 4938/112/110
f 4894/84/84 4893/82/82 4924/111/109 4925/113/111
f 4881/86/85 5347/114/20 4912/115/112
f 4908/87/86 4907/83/83 4938/112/110 4939/116/113
f 4895/88/87 4894/84/84 4925/113/111 4926/117/114
f 4882/89/88 4881/86/85 4912/115/112 4913/118/115
f 4909/90/89 4908/87/86 4939/116/113 4940/119/116
f 4896/91/90 4895/88/87 4926/117/114 4927/120/117
f 4883/92/91 4882/89/88 4913/118/115 4914/121/118
f 4910/93/1179 4909/90/89 4940/119/116 4941/122/1180
f 4897/94/93 4896/91/90 4927/120/117 4928/123/120
f 4884/95/94 4883/92/91 4914/121/118 4915/124/121
f 4911/96/95 4910/93/1179 4941/122/1180 4942/125/122
f 4898/65/65 4897/94/93 4928/123/120 4929/126/123
f 4885/67/67 4884/95/94 4915/124/121 4916/127/124
f 5346/128/46 4911/96/95 4942/125/122
f 4899/66/66 4898/65/65 4929/126/123 4930/129/125
f 4886/68/68 4885/67/67 4916/127/124 4917/130/126
f 4900/69/69 4899/66/66 4930/129/125 4931/98/96
f 4887/70/70 4886/68/68 4917/130/126 4918/100/98
f 4901/71/71 4900/69/69 4931/98/96 4932/99/97
f 4921/105/103 4920/103/101 4951/133/129 4952/134/130
f 4935/106/104 4934/104/102 4965/132/128 4966/135/131
f 4922/107/105 4921/105/103 4952/134/130 4953/136/132
f 4936/108/106 4935/106/104 4966/135/131 4967/137/133
f 4923/109/107 4922/107/105 4953/136/132 4954/138/134
f 4937/110/108 4936/108/106 4967/137/133 4968/139/135
f 4924/111/109 4923/109/107 4954/138/134 4955/140/136
f 4938/112/110 4937/110/108 4968/139/135 4969/141/137
f 4925/113/111 4924/111/109 4955/140/136 4956/142/138
f 4912/115/112 5347/143/20 4943/144/139
f 4939/116/113 4938/112/110 4969/141/137 4970/145/140
f 4926/117/114 4925/113/111 4956/142/138 4957/146/141
f 4913/118/115 4912/115/112 4943/144/139 4944/147/142
f 4940/119/116 4939/116/113 4970/145/140 4971/148/143
f 4927/120/117 4926/117/114 4957/146/141 4958/149/144
f 4914/121/118 4913/118/115 4944/147/142 4945/150/145
f 4941/122/1180 4940/119/116 4971/148/143 4972/151/146
f 4928/123/120 4927/120/117 4958/149/144 4959/152/147
f 4915/124/121 4914/121/118 4945/150/145 4946/153/148
f 4942/125/122 4941/122/1180 4972/151/146 4973/154/1086
f 4929/126/123 4928/123/120 4959/152/147 4960/155/150
f 4916/127/124 4915/124/121 4946/153/148 4947/156/151
f 5346/157/46 4942/125/122 4973/154/1086
f 4930/129/125 4929/126/123 4960/155/150 4961/158/152
f 4917/130/126 4916/127/124 4947/156/151 4948/159/153
f 4931/98/96 4930/129/125 4961/158/152 4962/160/154
f 4918/100/98 4917/130/126 4948/159/153 4949/161/155
f 4932/99/97 4931/98/96 4962/160/154 4963/162/156
f 4919/101/99 4918/100/98 4949/161/155 4950/163/157
f 4933/102/100 4932/99/97 4963/162/156 4964/131/127
f 4920/103/101 4919/101/99 4950/163/157 4951/133/129
f 4934/104/102 4933/102/100 4964/131/127 4965/132/128
f 4954/138/134 4953/136/132 4984/166/160 4985/167/161
f 4968/139/135 4967/137/133 4998/165/159 4999/168/162
f 4955/140/136 4954/138/134 4985/167/161 4986/169/163
f 4969/141/137 4968/139/135 4999/168/162 5000/170/164
f 4956/142/138 4955/140/136 4986/169/163 4987/171/165
f 4943/144/139 5347/172/20 4974/173/166
f 4970/145/140 4969/141/137 5000/170/164 5001/174/167
f 4957/146/141 4956/142/138 4987/171/165 4988/175/168
f 4944/147/142 4943/144/139 4974/173/166 4975/176/169
f 4971/148/143 4970/145/140 5001/174/167 5002/177/170
f 4958/149/144 4957/146/141 4988/175/168 4989/178/171
f 4945/150/145 4944/147/142 4975/176/169 4976/179/172
f 4972/151/146 4971/148/143 5002/177/170 5003/180/1182
f 4959/152/147 4958/149/144 4989/178/171 4990/181/174
f 4946/153/148 4945/150/145 4976/179/172 4977/182/175
f 4973/154/1086 4972/151/146 5003/180/1182 5004/183/176
f 4960/155/150 4959/152/147 4990/181/174 4991/184/177
f 4947/156/151 4946/153/148 4977/182/175 4978/185/178
f 5346/186/46 4973/154/1086 5004/183/176
f 4961/158/152 4960/155/150 4991/184/177 4992/187/179
f 4948/159/153 4947/156/151 4978/185/178 4979/188/180
f 4962/160/154 4961/158/152 4992/187/179 4993/189/1219
f 4949/161/155 4948/159/153 4979/188/180 4980/190/182
f 4963/162/156 4962/160/154 4993/189/1219 4994/191/183
f 4950/163/157 4949/161/155 4980/190/182 4981/192/184
f 4964/131/127 4963/162/156 4994/191/183 4995/193/185
f 4951/133/129 4950/163/157 4981/192/184 4982/194/186
f 4965/132/128 4964/131/127 4995/193/185 4996/195/187
f 4952/134/130 4951/133/129 4982/194/186 4983/196/188
f 4966/135/131 4965/132/128 4996/195/187 4997/164/158
f 4953/136/132 4952/134/130 4983/196/188 4984/166/160
f 4967/137/133 4966/135/131 4997/164/158 4998/165/159
f 4987/171/165 4986/169/163 5017/199/191 5018/200/192
f 4974/173/166 5347/201/20 5005/202/193
f 5001/174/167 5000/170/164 5031/198/190 5032/203/194
f 4988/175/168 4987/171/165 5018/200/192 5019/204/1220
f 4975/176/169 4974/173/166 5005/202/193 5006/205/196
f 5002/177/170 5001/174/167 5032/203/194 5033/206/197
f 4989/178/171 4988/175/168 5019/204/1220 5020/207/198
f 4976/179/172 4975/176/169 5006/205/196 5007/208/199
f 5003/180/1182 5002/177/170 5033/206/197 5034/209/1183
f 4990/181/174 4989/178/171 5020/207/198 5021/210/1221
f 4977/182/175 4976/179/172 5007/208/199 5008/211/202
f 5004/183/176 5003/180/1182 5034/209/1183 5035/212/203
f 4991/184/177 4990/181/174 5021/210/1221 5022/213/204
f 4978/185/178 4977/182/175 5008/211/202 5009/214/205
f 5346/215/46 5004/183/176 5035/212/203
f 4992/187/179 4991/184/177 5022/213/204 5023/216/206
f 4979/188/180 4978/185/178 5009/214/205 5010/217/207
f 4993/189/1219 4992/187/179 5023/216/206 5024/218/208
f 4980/190/182 4979/188/180 5010/217/207 5011/219/209
f 4994/191/183 4993/189/1219 5024/218/208 5025/220/210
f 4981/192/184 4980/190/182 5011/219/209 5012/221/211
f 4995/193/185 4994/191/183 5025/220/210 5026/222/1222
f 4982/194/186 4981/192/184 5012/221/211 5013/223/213
f 4996/195/187 4995/193/185 5026/222/1222 5027/224/214
f 4983/196/188 4982/194/186 5013/223/213 5014/225/1090
f 4997/164/158 4996/195/187 5027/224/214 5028/226/216
f 4984/166/160 4983/196/188 5014/225/1090 5015/227/217
f 4998/165/159 4997/164/158 5028/226/216 5029/228/218
f 4985/167/161 4984/166/160 5015/227/217 5016/229/219
f 4999/168/162 4998/165/159 5029/228/218 5030/197/189
f 4986/169/163 4985/167/161 5016/229/219 5017/199/191
f 5000/170/164 4999/168/162 5030/197/189 5031/198/190
f 5020/207/198 5019/204/1220 5050/232/222 5051/233/223
f 5007/208/199 5006/205/196 5037/234/224 5038/235/225
f 5034/209/1183 5033/206/197 5064/231/221 5065/236/226
f 5021/210/1221 5020/207/198 5051/233/223 5052/237/227
f 5008/211/202 5007/208/199 5038/235/225 5039/238/228
f 5035/212/203 5034/209/1183 5065/236/226 5066/239/229
f 5022/213/204 5021/210/1221 5052/237/227 5053/240/230
f 5009/214/205 5008/211/202 5039/238/228 5040/241/231
f 5346/242/46 5035/212/203 5066/239/229
f 5023/216/206 5022/213/204 5053/240/230 5054/243/232
f 5010/217/207 5009/214/205 5040/241/231 5041/244/233
f 5024/218/208 5023/216/206 5054/243/232 5055/245/234
f 5011/219/209 5010/217/207 5041/244/233 5042/246/235
f 5025/220/210 5024/218/208 5055/245/234 5056/247/236
f 5012/221/211 5011/219/209 5042/246/235 5043/248/1091
f 5026/222/1222 5025/220/210 5056/247/236 5057/249/238
f 5013/223/213 5012/221/211 5043/248/1091 5044/250/1092
f 5027/224/214 5026/222/1222 5057/249/238 5058/251/1093
f 5014/225/1090 5013/223/213 5044/250/1092 5045/252/241
f 5028/226/216 5027/224/214 5058/251/1093 5059/253/1156
f 5015/227/217 5014/225/1090 5045/252/241 5046/254/243
f 5029/228/218 5028/226/216 5059/253/1156 5060/255/244
f 5016/229/219 5015/227/217 5046/254/243 5047/256/245
f 5030/197/189 5029/228/218 5060/255/244 5061/257/246
f 5017/199/191 5016/229/219 5047/256/245 5048/258/247
f 5031/198/190 5030/197/189 5061/257/246 5062/259/248
f 5018/200/192 5017/199/191 5048/258/247 5049/260/249
f 5005/202/193 5347/261/20 5036/262/250
f 5032/203/194 5031/198/190 5062/259/248 5063/230/220
f 5019/204/1220 5018/200/192 5049/260/249 5050/232/222
f 5006/205/196 5005/202/193 5036/262/250 5037/234/224
f 5033/206/197 5032/203/194 5063/230/220 5064/231/221
f 5053/240/230 5052/237/227 5083/265/253 5084/266/254
f 5040/241/231 5039/238/228 5070/267/255 5071/268/256
f 5346/269/46 5066/239/229 5097/264/252
f 5054/243/232 5053/240/230 5084/266/254 5085/270/257
f 5041/244/233 5040/241/231 5071/268/256 5072/271/258
f 5055/245/234 5054/243/232 5085/270/257 5086/272/259
f 5042/246/235 5041/244/233 5072/271/258 5073/273/260
f 5056/247/236 5055/245/234 5086/272/259 5087/274/261
f 5043/248/1091 5042/246/235 5073/273/260 5074/275/262
f 5057/249/238 5056/247/236 5087/274/261 5088/276/263
f 5044/250/1092 5043/248/1091 5074/275/262 5075/277/264
f 5058/251/1093 5057/249/238 5088/276/263 5089/278/265
f 5045/252/241 5044/250/1092 5075/277/264 5076/279/266
f 5059/253/1156 5058/251/1093 5089/278/265 5090/280/267
f 5046/254/243 5045/252/241 5076/279/266 5077/281/268
f 5060/255/244 5059/253/1156 5090/280/267 5091/282/269
f 5047/256/245 5046/254/243 5077/281/268 5078/283/270
f 5061/257/246 5060/255/244 5091/282/269 5092/284/271
f 5048/258/247 5047/256/245 5078/283/270 5079/285/272
f 5062/259/248 5061/257/246 5092/284/271 5093/286/273
f 5049/260/249 5048/258/247 5079/285/272 5080/287/274
f 5036/262/250 5347/288/20 5067/289/275
f 5063/230/220 5062/259/248 5093/286/273 5094/290/276
f 5050/232/222 5049/260/249 5080/287/274 5081/291/277
f 5037/234/224 5036/262/250 5067/289/275 5068/292/278
f 5064/231/221 5063/230/220 5094/290/276 5095/293/279
f 5051/233/223 5050/232/222 5081/291/277 5082/294/280
f 5038/235/225 5037/234/224 5068/292/278 5069/295/281
f 5065/236/226 5064/231/221 5095/293/279 5096/263/251
f 5052/237/227 5051/233/223 5082/294/280 5083/265/253
f 5039/238/228 5038/235/225 5069/295/281 5070/267/255
f 5066/239/229 5065/236/226 5096/263/251 5097/264/252
f 5086/272/259 5085/270/257 5116/296/282 5117/297/283
f 5073/273/260 5072/271/258 5103/298/284 5104/299/285
f 5087/274/261 5086/272/259 5117/297/283 5118/300/286
f 5074/275/262 5073/273/260 5104/299/285 5105/301/1094
f 5088/276/263 5087/274/261 5118/300/286 5119/302/288
f 5075/277/264 5074/275/262 5105/301/1094 5106/303/1095
f 5089/278/265 5088/276/263 5119/302/288 5120/304/1096
f 5076/279/266 5075/277/264 5106/303/1095 5107/305/291
f 5090/280/267 5089/278/265 5120/304/1096 5121/306/1223
f 5077/281/268 5076/279/266 5107/305/291 5108/307/293
f 5091/282/269 5090/280/267 5121/306/1223 5122/308/294
f 5078/283/270 5077/281/268 5108/307/293 5109/309/295
f 5092/284/271 5091/282/269 5122/308/294 5123/310/296
f 5079/285/272 5078/283/270 5109/309/295 5110/311/297
f 5093/286/273 5092/284/271 5123/310/296 5124/312/298
f 5080/287/274 5079/285/272 5110/311/297 5111/313/299
f 5067/289/275 5347/314/20 5098/315/300
f 5094/290/276 5093/286/273 5124/312/298 5125/316/301
f 5081/291/277 5080/287/274 5111/313/299 5112/317/302
f 5068/292/278 5067/289/275 5098/315/300 5099/318/303
f 5095/293/279 5094/290/276 5125/316/301 5126/319/304
f 5082/294/280 5081/291/277 5112/317/302 5113/320/305
f 5069/295/281 5068/292/278 5099/318/303 5100/321/306
f 5096/263/251 5095/293/279 5126/319/304 5127/322/307
f 5083/265/253 5082/294/280 5113/320/305 5114/323/308
f 5070/267/255 5069/295/281 5100/321/306 5101/324/309
f 5097/264/252 5096/263/251 5127/322/307 5128/325/310
f 5084/266/254 5083/265/253 5114/323/308 5115/326/311
f 5071/268/256 5070/267/255 5101/324/309 5102/327/312
f 5346/328/46 5097/264/252 5128/325/310
f 5085/270/257 5084/266/254 5115/326/311 5116/296/282
f 5072/271/258 5071/268/256 5102/327/312 5103/298/284
f 5119/302/288 5118/300/286 5149/329/313 5150/330/1224
f 5106/303/1095 5105/301/1094 5136/331/315 5137/332/316
f 5120/304/1096 5119/302/288 5150/330/1224 5151/333/317
f 5107/305/291 5106/303/1095 5137/332/316 5138/334/1098
f 5121/306/1223 5120/304/1096 5151/333/317 5152/335/319
f 5108/307/293 5107/305/291 5138/334/1098 5139/336/320
f 5122/308/294 5121/306/1223 5152/335/319 5153/337/321
f 5109/309/295 5108/307/293 5139/336/320 5140/338/322
f 5123/310/296 5122/308/294 5153/337/321 5154/339/323
f 5110/311/297 5109/309/295 5140/338/322 5141/340/324
f 5124/312/298 5123/310/296 5154/339/323 5155/341/325
f 5111/313/299 5110/311/297 5141/340/324 5142/342/326
f 5098/315/300 5347/343/20 5129/344/327
f 5125/316/301 5124/312/298 5155/341/325 5156/345/328
f 5112/317/302 5111/313/299 5142/342/326 5143/346/1225
f 5099/318/303 5098/315/300 5129/344/327 5130/347/330
f 5126/319/304 5125/316/301 5156/345/328 5157/348/331
f 5113/320/305 5112/317/302 5143/346/1225 5144/349/332
f 5100/321/306 5099/318/303 5130/347/330 5131/350/333
f 5127/322/307 5126/319/304 5157/348/331 5158/351/1186
f 5114/323/308 5113/320/305 5144/349/332 5145/352/1226
f 5101/324/309 5100/321/306 5131/350/333 5132/353/336
f 5128/325/310 5127/322/307 5158/351/1186 5159/354/337
f 5115/326/311 5114/323/308 5145/352/1226 5146/355/338
f 5102/327/312 5101/324/309 5132/353/336 5133/356/339
f 5346/357/46 5128/325/310 5159/354/337
f 5116/296/282 5115/326/311 5146/355/338 5147/358/340
f 5103/298/284 5102/327/312 5133/356/339 5134/359/341
f 5117/297/283 5116/296/282 5147/358/340 5148/360/342
f 5104/299/285 5103/298/284 5134/359/341 5135/361/343
f 5118/300/286 5117/297/283 5148/360/342 5149/329/313
f 5105/301/1094 5104/299/285 5135/361/343 5136/331/315
f 5152/335/319 5151/333/317 5182/362/344 5183/363/345
f 5139/336/320 5138/334/1098 5169/364/346 5170/365/347
f 5153/337/321 5152/335/319 5183/363/345 5184/366/348
f 5140/338/322 5139/336/320 5170/365/347 5171/367/349
f 5154/339/323 5153/337/321 5184/366/348 5185/368/350
f 5141/340/324 5140/338/322 5171/367/349 5172/369/351
f 5155/341/325 5154/339/323 5185/368/350 5186/370/352
f 5142/342/326 5141/340/324 5172/369/351 5173/371/353
f 5129/344/327 5347/372/20 5160/373/354
f 5156/345/328 5155/341/325 5186/370/352 5187/374/355
f 5143/346/1225 5142/342/326 5173/371/353 5174/375/356
f 5130/347/330 5129/344/327 5160/373/354 5161/376/357
f 5157/348/331 5156/345/328 5187/374/355 5188/377/358
f 5144/349/332 5143/346/1225 5174/375/356 5175/378/359
f 5131/350/333 5130/347/330 5161/376/357 5162/379/360
f 5158/351/1186 5157/348/331 5188/377/358 5189/380/1187
f 5145/352/1226 5144/349/332 5175/378/359 5176/381/362
f 5132/353/336 5131/350/333 5162/379/360 5163/382/363
f 5159/354/337 5158/351/1186 5189/380/1187 5190/383/364
f 5146/355/338 5145/352/1226 5176/381/362 5177/384/365
f 5133/356/339 5132/353/336 5163/382/363 5164/385/366
f 5346/386/46 5159/354/337 5190/383/364
f 5147/358/340 5146/355/338 5177/384/365 5178/387/367
f 5134/359/341 5133/356/339 5164/385/366 5165/388/368
f 5148/360/342 5147/358/340 5178/387/367 5179/389/1227
f 5135/361/343 5134/359/341 5165/388/368 5166/390/370
f 5149/329/313 5148/360/342 5179/389/1227 5180/391/371
f 5136/331/315 5135/361/343 5166/390/370 5167/392/372
f 5150/330/1224 5149/329/313 5180/391/371 5181/393/373
f 5137/332/316 5136/331/315 5167/392/372 5168/394/374
f 5151/333/317 5150/330/1224 5181/393/373 5182/362/344
f 5138/334/1098 5137/332/316 5168/394/374 5169/364/346
f 5185/368/350 5184/366/348 5215/395/375 5216/396/376
f 5172/369/351 5171/367/349 5202/397/377 5203/398/378
f 5186/370/352 5185/368/350 5216/396/376 5217/399/379
f 5173/371/353 5172/369/351 5203/398/378 5204/400/380
f 5160/373/354 5347/401/20 5191/402/1228
f 5187/374/355 5186/370/352 5217/399/379 5218/403/382
f 5174/375/356 5173/371/353 5204/400/380 5205/404/383
f 5161/376/357 5160/373/354 5191/402/1228 5192/405/384
f 5188/377/358 5187/374/355 5218/403/382 5219/406/385
f 5175/378/359 5174/375/356 5205/404/383 5206/407/386
f 5162/379/360 5161/376/357 5192/405/384 5193/408/387
f 5189/380/1187 5188/377/358 5219/406/385 5220/409/388
f 5176/381/362 5175/378/359 5206/407/386 5207/410/389
f 5163/382/363 5162/379/360 5193/408/387 5194/411/390
f 5190/383/364 5189/380/1187 5220/409/388 5221/412/1188
f 5177/384/365 5176/381/362 5207/410/389 5208/413/392
f 5164/385/366 5163/382/363 5194/411/390 5195/414/393
f 5346/415/46 5190/383/364 5221/412/1188
f 5178/387/367 5177/384/365 5208/413/392 5209/416/394
f 5165/388/368 5164/385/366 5195/414/393 5196/417/395
f 5179/389/1227 5178/387/367 5209/416/394 5210/418/396
f 5166/390/370 5165/388/368 5196/417/395 5197/419/397
f 5180/391/371 5179/389/1227 5210/418/396 5211/420/398
f 5167/392/372 5166/390/370 5197/419/397 5198/421/399
f 5181/393/373 5180/391/371 5211/420/398 5212/422/400
f 5168/394/374 5167/392/372 5198/421/399 5199/423/401
f 5182/362/344 5181/393/373 5212/422/400 5213/424/402
f 5169/364/346 5168/394/374 5199/423/401 5200/425/403
f 5183/363/345 5182/362/344 5213/424/402 5214/426/404
f 5170/365/347 5169/364/346 5200/425/403 5201/427/405
f 5184/366/348 5183/363/345 5214/426/404 5215/395/375
f 5171/367/349 5170/365/347 5201/427/405 5202/397/377
f 5191/402/1228 5347/428/20 5222/429/406
f 5218/403/382 5217/399/379 5248/430/407 5249/431/408
f 5205/404/383 5204/400/380 5235/432/409 5236/433/410
f 5192/405/384 5191/402/1228 5222/429/406 5223/434/411
f 5219/406/385 5218/403/382 5249/431/408 5250/435/412
f 5206/407/386 5205/404/383 5236/433/410 5237/436/413
f 5193/408/387 5192/405/384 5223/434/411 5224/437/414
f 5220/409/388 5219/406/385 5250/435/412 5251/438/1189
f 5207/410/389 5206/407/386 5237/436/413 5238/439/416
f 5194/411/390 5193/408/387 5224/437/414 5225/440/417
f 5221/412/1188 5220/409/388 5251/438/1189 5252/441/418
f 5208/413/392 5207/410/389 5238/439/416 5239/442/419
f 5195/414/393 5194/411/390 5225/440/417 5226/443/420
f 5346/444/46 5221/412/1188 5252/441/418
f 5209/416/394 5208/413/392 5239/442/419 5240/445/421
f 5196/417/395 5195/414/393 5226/443/420 5227/446/422
f 5210/418/396 5209/416/394 5240/445/421 5241/447/423
f 5197/419/397 5196/417/395 5227/446/422 5228/448/424
f 5211/420/398 5210/418/396 5241/447/423 5242/449/425
f 5198/421/399 5197/419/397 5228/448/424 5229/450/426
f 5212/422/400 5211/420/398 5242/449/425 5243/451/427
f 5199/423/401 5198/421/399 5229/450/426 5230/452/428
f 5213/424/402 5212/422/400 5243/451/427 5244/453/429
f 5200/425/403 5199/423/401 5230/452/428 5231/454/430
f 5214/426/404 5213/424/402 5244/453/429 5245/455/431
f 5201/427/405 5200/425/403 5231/454/430 5232/456/432
f 5215/395/375 5214/426/404 5245/455/431 5246/457/433
f 5202/397/377 5201/427/405 5232/456/432 5233/458/434
f 5216/396/376 5215/395/375 5246/457/433 5247/459/435
f 5203/398/378 5202/397/377 5233/458/434 5234/460/436
f 5217/399/379 5216/396/376 5247/459/435 5248/430/407
f 5204/400/380 5203/398/378 5234/460/436 5235/432/409
f 5224/437/414 5223/434/411 5254/461/437 5255/462/438
f 5251/438/1189 5250/435/412 5281/463/439 5282/464/1190
f 5238/439/416 5237/436/413 5268/465/441 5269/466/442
f 5225/440/417 5224/437/414 5255/462/438 5256/467/443
f 5252/441/418 5251/438/1189 5282/464/1190 5283/468/444
f 5239/442/419 5238/439/416 5269/466/442 5270/469/445
f 5226/443/420 5225/440/417 5256/467/443 5257/470/446
f 5346/471/46 5252/441/418 5283/468/444
f 5240/445/421 5239/442/419 5270/469/445 5271/472/447
f 5227/446/422 5226/443/420 5257/470/446 5258/473/448
f 5241/447/423 5240/445/421 5271/472/447 5272/474/449
f 5228/448/424 5227/446/422 5258/473/448 5259/475/450
f 5242/449/425 5241/447/423 5272/474/449 5273/476/451
f 5229/450/426 5228/448/424 5259/475/450 5260/477/452
f 5243/451/427 5242/449/425 5273/476/451 5274/478/1108
f 5230/452/428 5229/450/426 5260/477/452 5261/479/454
f 5244/453/429 5243/451/427 5274/478/1108 5275/480/455
f 5231/454/430 5230/452/428 5261/479/454 5262/481/1229
f 5245/455/431 5244/453/429 5275/480/455 5276/482/457
f 5232/456/432 5231/454/430 5262/481/1229 5263/483/458
f 5246/457/433 5245/455/431 5276/482/457 5277/484/459
f 5233/458/434 5232/456/432 5263/483/458 5264/485/460
f 5247/459/435 5246/457/433 5277/484/459 5278/486/461
f 5234/460/436 5233/458/434 5264/485/460 5265/487/462
f 5248/430/407 5247/459/435 5278/486/461 5279/488/463
f 5235/432/409 5234/460/436 5265/487/462 5266/489/464
f 5222/429/406 5347/490/20 5253/491/465
f 5249/431/408 5248/430/407 5279/488/463 5280/492/466
f 5236/433/410 5235/432/409 5266/489/464 5267/493/467
f 5223/434/411 5222/429/406 5253/491/465 5254/461/437
f 5250/435/412 5249/431/408 5280/492/466 5281/463/439
f 5237/436/413 5236/433/410 5267/493/467 5268/465/441
f 5257/470/446 5256/467/443 5287/494/468 5288/495/469
f 5346/496/46 5283/468/444 5314/497/470
f 5271/472/447 5270/469/445 5301/498/471 5302/499/472
f 5258/473/448 5257/470/446 5288/495/469 5289/500/473
f 5272/474/449 5271/472/447 5302/499/472 5303/501/474
f 5259/475/450 5258/473/448 5289/500/473 5290/502/475
f 5273/476/451 5272/474/449 5303/501/474 5304/503/476
f 5260/477/452 5259/475/450 5290/502/475 5291/504/477
f 5274/478/1108 5273/476/451 5304/503/476 5305/505/478
f 5261/479/454 5260/477/452 5291/504/477 5292/506/1112
f 5275/480/455 5274/478/1108 5305/505/478 5306/507/1113
f 5262/481/1229 5261/479/454 5292/506/1112 5293/508/481
f 5276/482/457 5275/480/455 5306/507/1113 5307/509/482
f 5263/483/458 5262/481/1229 5293/508/481 5294/510/483
f 5277/484/459 5276/482/457 5307/509/482 5308/511/484
f 5264/485/460 5263/483/458 5294/510/483 5295/512/485
f 5278/486/461 5277/484/459 5308/511/484 5309/513/486
f 5265/487/462 5264/485/460 5295/512/485 5296/514/487
f 5279/488/463 5278/486/461 5309/513/486 5310/515/488
f 5266/489/464 5265/487/462 5296/514/487 5297/516/489
f 5253/491/465 5347/517/20 5284/518/490
f 5280/492/466 5279/488/463 5310/515/488 5311/519/491
f 5267/493/467 5266/489/464 5297/516/489 5298/520/492
f 5254/461/437 5253/491/465 5284/518/490 5285/521/493
f 5281/463/439 5280/492/466 5311/519/491 5312/522/494
f 5268/465/441 5267/493/467 5298/520/492 5299/523/495
f 5255/462/438 5254/461/437 5285/521/493 5286/524/496
f 5282/464/1190 5281/463/439 5312/522/494 5313/525/497
f 5269/466/442 5268/465/441 5299/523/495 5300/526/498
f 5256/467/443 5255/462/438 5286/524/496 5287/494/468
f 5283/468/444 5282/464/1190 5313/525/497 5314/497/470
f 5270/469/445 5269/466/442 5300/526/498 5301/498/471
f 5290/502/475 5289/500/473 5320/527/499 5321/528/500
f 5304/503/476 5303/501/474 5334/529/501 5335/530/502
f 5291/504/477 5290/502/475 5321/528/500 5322/531/503
f 5305/505/478 5304/503/476 5335/530/502 5336/532/504
f 5292/506/1112 5291/504/477 5322/531/503 5323/533/505
f 5306/507/1113 5305/505/478 5336/532/504 5337/534/506
f 5293/508/481 5292/506/1112 5323/533/505 5324/535/507
f 5307/509/482 5306/507/1113 5337/534/506 5338/536/508
f 5294/510/483 5293/508/481 5324/535/507 5325/537/509
f 5308/511/484 5307/509/482 5338/536/508 5339/538/510
f 5295/512/485 5294/510/483 5325/537/509 5326/539/511
f 5309/513/486 5308/511/484 5339/538/510 5340/540/512
f 5296/514/487 5295/512/485 5326/539/511 5327/541/513
f 5310/515/488 5309/513/486 5340/540/512 5341/542/514
f 5297/516/489 5296/514/487 5327/541/513 5328/543/515
f 5284/518/490 5347/544/20 5315/545/516
f 5311/519/491 5310/515/488 5341/542/514 5342/546/517
f 5298/520/492 5297/516/489 5328/543/515 5329/547/518
f 5285/521/493 5284/518/490 5315/545/516 5316/548/519
f 5312/522/494 5311/519/491 5342/546/517 5343/549/520
f 5299/523/495 5298/520/492 5329/547/518 5330/550/521
f 5286/524/496 5285/521/493 5316/548/519 5317/551/522
f 5313/525/497 5312/522/494 5343/549/520 5344/552/523
f 5300/526/498 5299/523/495 5330/550/521 5331/553/524
f 5287/494/468 5286/524/496 5317/551/522 5318/554/525
f 5314/497/470 5313/525/497 5344/552/523 5345/555/526
f 5301/498/471 5300/526/498 5331/553/524 5332/556/527
f 5288/495/469 5287/494/468 5318/554/525 5319/557/528
f 5346/558/46 5314/497/470 5345/555/526
f 5302/499/472 5301/498/471 5332/556/527 5333/559/529
f 5289/500/473 5288/495/469 5319/557/528 5320/527/499
f 5303/501/474 5302/499/472 5333/559/529 5334/529/501
f 5323/533/505 5322/531/503 5355/560/530 5356/561/1116
f 5337/534/506 5336/532/504 5369/562/532 5370/563/1117
f 5324/535/507 5323/533/505 5356/561/1116 5357/564/534
f 5338/536/508 5337/534/506 5370/563/1117 5371/565/535
f 5325/537/509 5324/535/507 5357/564/534 5358/566/536
f 5339/538/510 5338/536/508 5371/565/535 5372/567/537
f 5326/539/511 5325/537/509 5358/566/536 5359/568/538
f 5340/540/512 5339/538/510 5372/567/537 5373/569/539
f 5327/541/513 5326/539/511 5359/568/538 5360/570/540
f 5341/542/514 5340/540/512 5373/569/539 5374/571/541
f 5328/543/515 5327/541/513 5360/570/540 5361/572/542
f 5315/545/516 5347/573/20 5348/574/543
f 5342/546/517 5341/542/514 5374/571/541 5375/575/544
f 5329/547/518 5328/543/515 5361/572/542 5362/576/545
f 5316/548/519 5315/545/516 5348/574/543 5349/577/546
f 5343/549/520 5342/546/517 5375/575/544 5376/578/547
f 5330/550/521 5329/547/518 5362/576/545 5363/579/548
f 5317/551/522 5316/548/519 5349/577/546 5350/580/549
f 5344/552/523 5343/549/520 5376/578/547 5377/581/550
f 5331/553/524 5330/550/521 5363/579/548 5364/582/551
f 5318/554/525 5317/551/522 5350/580/549 5351/583/552
f 5345/555/526 5344/552/523 5377/581/550 5378/584/553
f 5332/556/527 5331/553/524 5364/582/551 5365/585/554
f 5319/557/528 5318/554/525 5351/583/552 5352/586/555
f 5346/587/46 5345/555/526 5378/584/553
f 5333/559/529 5332/556/527 5365/585/554 5366/588/556
f 5320/527/499 5319/557/528 5352/586/555 5353/589/557
f 5334/529/501 5333/559/529 5366/588/556 5367/590/558
f 5321/528/500 5320/527/499 5353/589/557 5354/591/559
f 5335/530/502 5334/529/501 5367/590/558 5368/592/560
f 5322/531/503 5321/528/500 5354/591/559 5355/560/530
f 5336/532/504 5335/530/502 5368/592/560 5369/562/532
f 5358/566/536 5357/564/534 5388/593/1230 5389/594/562
f 5372/567/537 5371/565/535 5402/595/563 5403/596/564
f 5359/568/538 5358/566/536 5389/594/562 5390/597/565
f 5373/569/539 5372/567/537 5403/596/564 5404/598/566
f 5360/570/540 5359/568/538 5390/597/565 5391/599/567
f 5374/571/541 5373/569/539 5404/598/566 5405/600/568
f 5361/572/542 5360/570/540 5391/599/567 5392/601/569
f 5348/574/543 5347/602/20 5379/603/570
f 5375/575/544 5374/571/541 5405/600/568 5406/604/571
f 5362/576/545 5361/572/542 5392/601/569 5393/605/572
f 5349/577/546 5348/574/543 5379/603/570 5380/606/573
f 5376/578/547 5375/575/544 5406/604/571 5407/607/574
f 5363/579/548 5362/576/545 5393/605/572 5394/608/575
f 5350/580/549 5349/577/546 5380/606/573 5381/609/576
f 5377/581/550 5376/578/547 5407/607/574 5408/610/1192
f 5364/582/551 5363/579/548 5394/608/575 5395/611/578
f 5351/583/552 5350/580/549 5381/609/576 5382/612/579
f 5378/584/553 5377/581/550 5408/610/1192 5409/613/580
f 5365/585/554 5364/582/551 5395/611/578 5396/614/581
f 5352/586/555 5351/583/552 5382/612/579 5383/615/582
f 5346/616/46 5378/584/553 5409/613/580
f 5366/588/556 5365/585/554 5396/614/581 5397/617/583
f 5353/589/557 5352/586/555 5383/615/582 5384/618/584
f 5367/590/558 5366/588/556 5397/617/583 5398/619/585
f 5354/591/559 5353/589/557 5384/618/584 5385/620/586
f 5368/592/560 5367/590/558 5398/619/585 5399/621/587
f 5355/560/530 5354/591/559 5385/620/586 5386/622/588
f 5369/562/532 5368/592/560 5399/621/587 5400/623/1121
f 5356/561/1116 5355/560/530 5386/622/588 5387/624/590
f 5370/563/1117 5369/562/532 5400/623/1121 5401/625/591
f 5357/564/534 5356/561/1116 5387/624/590 5388/593/1230
f 5371/565/535 5370/563/1117 5401/625/591 5402/595/563
f 5391/599/567 5390/597/565 5421/626/592 5422/627/593
f 5405/600/568 5404/598/566 5435/628/594 5436/629/595
f 5392/601/569 5391/599/567 5422/627/593 5423/630/596
f 5379/603/570 5347/631/20 5410/632/597
f 5406/604/571 5405/600/568 5436/629/595 5437/633/598
f 5393/605/572 5392/601/569 5423/630/596 5424/634/599
f 5380/606/573 5379/603/570 5410/632/597 5411/635/600
f 5407/607/574 5406/604/571 5437/633/598 5438/636/601
f 5394/608/575 5393/605/572 5424/634/599 5425/637/602
f 5381/609/576 5380/606/573 5411/635/600 5412/638/603
f 5408/610/1192 5407/607/574 5438/636/601 5439/639/1193
f 5395/611/578 5394/608/575 5425/637/602 5426/640/605
f 5382/612/579 5381/609/576 5412/638/603 5413/641/606
f 5409/613/580 5408/610/1192 5439/639/1193 5440/642/607
f 5396/614/581 5395/611/578 5426/640/605 5427/643/608
f 5383/615/582 5382/612/579 5413/641/606 5414/644/609
f 5346/645/46 5409/613/580 5440/642/607
f 5397/617/583 5396/614/581 5427/643/608 5428/646/610
f 5384/618/584 5383/615/582 5414/644/609 5415/647/611
f 5398/619/585 5397/617/583 5428/646/610 5429/648/612
f 5385/620/586 5384/618/584 5415/647/611 5416/649/613
f 5399/621/587 5398/619/585 5429/648/612 5430/650/614
f 5386/622/588 5385/620/586 5416/649/613 5417/651/615
f 5400/623/1121 5399/621/587 5430/650/614 5431/652/616
f 5387/624/590 5386/622/588 5417/651/615 5418/653/617
f 5401/625/591 5400/623/1121 5431/652/616 5432/654/618
f 5388/593/1230 5387/624/590 5418/653/617 5419/655/619
f 5402/595/563 5401/625/591 5432/654/618 5433/656/620
f 5389/594/562 5388/593/1230 5419/655/619 5420/657/621
f 5403/596/564 5402/595/563 5433/656/620 5434/658/622
f 5390/597/565 5389/594/562 5420/657/621 5421/626/592
f 5404/598/566 5403/596/564 5434/658/622 5435/628/594
f 5424/634/599 5423/630/596 5454/659/623 5455/660/624
f 5411/635/600 5410/632/597 5441/661/1164 5442/662/626
f 5438/636/601 5437/633/598 5468/663/627 5469/664/628
f 5425/637/602 5424/634/599 5455/660/624 5456/665/629
f 5412/638/603 5411/635/600 5442/662/626 5443/666/630
f 5439/639/1193 5438/636/601 5469/664/628 5470/667/631
f 5426/640/605 5425/637/602 5456/665/629 5457/668/632
f 5413/641/606 5412/638/603 5443/666/630 5444/669/633
f 5440/642/607 5439/639/1193 5470/667/631 5471/670/1194
f 5427/643/608 5426/640/605 5457/668/632 5458/671/635
f 5414/644/609 5413/641/606 5444/669/633 5445/672/636
f 5346/673/46 5440/642/607 5471/670/1194
f 5428/646/610 5427/643/608 5458/671/635 5459/674/637
f 5415/647/611 5414/644/609 5445/672/636 5446/675/638
f 5429/648/612 5428/646/610 5459/674/637 5460/676/639
f 5416/649/613 5415/647/611 5446/675/638 5447/677/640
f 5430/650/614 5429/648/612 5460/676/639 5461/678/641
f 5417/651/615 5416/649/613 5447/677/640 5448/679/642
f 5431/652/616 5430/650/614 5461/678/641 5462/680/643
f 5418/653/617 5417/651/615 5448/679/642 5449/681/644
f 5432/654/618 5431/652/616 5462/680/643 5463/682/645
f 5419/655/619 5418/653/617 5449/681/644 5450/683/646
f 5433/656/620 5432/654/618 5463/682/645 5464/684/647
f 5420/657/621 5419/655/619 5450/683/646 5451/685/648
f 5434/658/622 5433/656/620 5464/684/647 5465/686/649
f 5421/626/592 5420/657/621 5451/685/648 5452/687/650
f 5435/628/594 5434/658/622 5465/686/649 5466/688/651
f 5422/627/593 5421/626/592 5452/687/650 5453/689/652
f 5436/629/595 5435/628/594 5466/688/651 5467/690/653
f 5423/630/596 5422/627/593 5453/689/652 5454/659/623
f 5410/632/597 5347/691/20 5441/661/1164
f 5437/633/598 5436/629/595 5467/690/653 5468/663/627
f 5457/668/632 5456/665/629 5487/692/654 5488/693/655
f 5444/669/633 5443/666/630 5474/694/656 5475/695/657
f 5471/670/1194 5470/667/631 5501/696/1195 5502/697/659
f 5458/671/635 5457/668/632 5488/693/655 5489/698/660
f 5445/672/636 5444/669/633 5475/695/657 5476/699/661
f 5346/700/46 5471/670/1194 5502/697/659
f 5459/674/637 5458/671/635 5489/698/660 5490/701/662
f 5446/675/638 5445/672/636 5476/699/661 5477/702/663
f 5460/676/639 5459/674/637 5490/701/662 5491/703/664
f 5447/677/640 5446/675/638 5477/702/663 5478/704/665
f 5461/678/641 5460/676/639 5491/703/664 5492/705/666
f 5448/679/642 5447/677/640 5478/704/665 5479/706/667
f 5462/680/643 5461/678/641 5492/705/666 5493/707/668
f 5449/681/644 5448/679/642 5479/706/667 5480/708/669
f 5463/682/645 5462/680/643 5493/707/668 5494/709/670
f 5450/683/646 5449/681/644 5480/708/669 5481/710/671
f 5464/684/647 5463/682/645 5494/709/670 5495/711/672
f 5451/685/648 5450/683/646 5481/710/671 5482/712/673
f 5465/686/649 5464/684/647 5495/711/672 5496/713/674
f 5452/687/650 5451/685/648 5482/712/673 5483/714/675
f 5466/688/651 5465/686/649 5496/713/674 5497/715/676
f 5453/689/652 5452/687/650 5483/714/675 5484/716/677
f 5467/690/653 5466/688/651 5497/715/676 5498/717/678
f 5454/659/623 5453/689/652 5484/716/677 5485/718/679
f 5441/661/1164 5347/719/20 5472/720/680
f 5468/663/627 5467/690/653 5498/717/678 5499/721/681
f 5455/660/624 5454/659/623 5485/718/679 5486/722/682
f 5442/662/626 5441/661/1164 5472/720/680 5473/723/683
f 5469/664/628 5468/663/627 5499/721/681 5500/724/684
f 5456/665/629 5455/660/624 5486/722/682 5487/692/654
f 5443/666/630 5442/662/626 5473/723/683 5474/694/656
f 5470/667/631 5469/664/628 5500/724/684 5501/696/1195
f 5490/701/662 5489/698/660 5520/725/685 5521/726/686
f 5477/702/663 5476/699/661 5507/727/687 5508/728/688
f 5491/703/664 5490/701/662 5521/726/686 5522/729/689
f 5478/704/665 5477/702/663 5508/728/688 5509/730/690
f 5492/705/666 5491/703/664 5522/729/689 5523/731/691
f 5479/706/667 5478/704/665 5509/730/690 5510/732/692
f 5493/707/668 5492/705/666 5523/731/691 5524/733/1198
f 5480/708/669 5479/706/667 5510/732/692 5511/734/694
f 5494/709/670 5493/707/668 5524/733/1198 5525/735/695
f 5481/710/671 5480/708/669 5511/734/694 5512/736/1231
f 5495/711/672 5494/709/670 5525/735/695 5526/737/697
f 5482/712/673 5481/710/671 5512/736/1231 5513/738/698
f 5496/713/674 5495/711/672 5526/737/697 5527/739/699
f 5483/714/675 5482/712/673 5513/738/698 5514/740/700
f 5497/715/676 5496/713/674 5527/739/699 5528/741/701
f 5484/716/677 5483/714/675 5514/740/700 5515/742/702
f 5498/717/678 5497/715/676 5528/741/701 5529/743/703
f 5485/718/679 5484/716/677 5515/742/702 5516/744/704
f 5472/720/680 5347/745/20 5503/746/705
f 5499/721/681 5498/717/678 5529/743/703 5530/747/706
f 5486/722/682 5485/718/679 5516/744/704 5517/748/1130
f 5473/723/683 5472/720/680 5503/746/705 5504/749/708
f 5500/724/684 5499/721/681 5530/747/706 5531/750/709
f 5487/692/654 5486/722/682 5517/748/1130 5518/751/710
f 5474/694/656 5473/723/683 5504/749/708 5505/752/711
f 5501/696/1195 5500/724/684 5531/750/709 5532/753/1199
f 5488/693/655 5487/692/654 5518/751/710 5519/754/1132
f 5475/695/657 5474/694/656 5505/752/711 5506/755/714
f 5502/697/659 5501/696/1195 5532/753/1199 5533/756/715
f 5489/698/660 5488/693/655 5519/754/1132 5520/725/685
f 5476/699/661 5475/695/657 5506/755/714 5507/727/687
f 5346/757/46 5502/697/659 5533/756/715
f 5523/731/691 5522/729/689 5553/758/716 5554/759/717
f 5510/732/692 5509/730/690 5540/760/718 5541/761/719
f 5524/733/1198 5523/731/691 5554/759/717 5555/762/720
f 5511/734/694 5510/732/692 5541/761/719 5542/763/721
f 5525/735/695 5524/733/1198 5555/762/720 5556/764/722
f 5512/736/1231 5511/734/694 5542/763/721 5543/765/723
f 5526/737/697 5525/735/695 5556/764/722 5557/766/724
f 5513/738/698 5512/736/1231 5543/765/723 5544/767/725
f 5527/739/699 5526/737/697 5557/766/724 5558/768/726
f 5514/740/700 5513/738/698 5544/767/725 5545/769/727
f 5528/741/701 5527/739/699 5558/768/726 5559/770/728
f 5515/742/702 5514/740/700 5545/769/727 5546/771/729
f 5529/743/703 5528/741/701 5559/770/728 5560/772/730
f 5516/744/704 5515/742/702 5546/771/729 5547/773/731
f 5503/746/705 5347/774/20 5534/775/732
f 5530/747/706 5529/743/703 5560/772/730 5561/776/733
f 5517/748/1130 5516/744/704 5547/773/731 5548/777/734
f 5504/749/708 5503/746/705 5534/775/732 5535/778/735
f 5531/750/709 5530/747/706 5561/776/733 5562/779/736
f 5518/751/710 5517/748/1130 5548/777/734 5549/780/737
f 5505/752/711 5504/749/708 5535/778/735 5536/781/738
f 5532/753/1199 5531/750/709 5562/779/736 5563/782/739
f 5519/754/1132 5518/751/710 5549/780/737 5550/783/740
f 5506/755/714 5505/752/711 5536/781/738 5537/784/741
f 5533/756/715 5532/753/1199 5563/782/739 5564/785/742
f 5520/725/685 5519/754/1132 5550/783/740 5551/786/743
f 5507/727/687 5506/755/714 5537/784/741 5538/787/744
f 5346/788/46 5533/756/715 5564/785/742
f 5521/726/686 5520/725/685 5551/786/743 5552/789/745
f 5508/728/688 5507/727/687 5538/787/744 5539/790/746
f 5522/729/689 5521/726/686 5552/789/745 5553/758/716
f 5509/730/690 5508/728/688 5539/790/746 5540/760/718
f 5556/764/722 5555/762/720 5586/791/747 5587/792/748
f 5543/765/723 5542/763/721 5573/793/749 5574/794/750
f 5557/766/724 5556/764/722 5587/792/748 5588/795/751
f 5544/767/725 5543/765/723 5574/794/750 5575/796/752
f 5558/768/726 5557/766/724 5588/795/751 5589/797/753
f 5545/769/727 5544/767/725 5575/796/752 5576/798/754
f 5559/770/728 5558/768/726 5589/797/753 5590/799/755
f 5546/771/729 5545/769/727 5576/798/754 5577/800/756
f 5560/772/730 5559/770/728 5590/799/755 5591/801/757
f 5547/773/731 5546/771/729 5577/800/756 5578/802/758
f 5534/775/732 5347/803/20 5565/804/759
f 5561/776/733 5560/772/730 5591/801/757 5592/805/760
f 5548/777/734 5547/773/731 5578/802/758 5579/806/761
f 5535/778/735 5534/775/732 5565/804/759 5566/807/762
f 5562/779/736 5561/776/733 5592/805/760 5593/808/763
f 5549/780/737 5548/777/734 5579/806/761 5580/809/764
f 5536/781/738 5535/778/735 5566/807/762 5567/810/765
f 5563/782/739 5562/779/736 5593/808/763 5594/811/766
f 5550/783/740 5549/780/737 5580/809/764 5581/812/767
f 5537/784/741 5536/781/738 5567/810/765 5568/813/768
f 5564/785/742 5563/782/739 5594/811/766 5595/814/769
f 5551/786/743 5550/783/740 5581/812/767 5582/815/770
f 5538/787/744 5537/784/741 5568/813/768 5569/816/771
f 5346/817/46 5564/785/742 5595/814/769
f 5552/789/745 5551/786/743 5582/815/770 5583/818/772
f 5539/790/746 5538/787/744 5569/816/771 5570/819/773
f 5553/758/716 5552/789/745 5583/818/772 5584/820/774
f 5540/760/718 5539/790/746 5570/819/773 5571/821/775
f 5554/759/717 5553/758/716 5584/820/774 5585/822/776
f 5541/761/719 5540/760/718 5571/821/775 5572/823/777
f 5555/762/720 5554/759/717 5585/822/776 5586/791/747
f 5542/763/721 5541/761/719 5572/823/777 5573/793/749
f 5589/824/753 5588/825/751 5619/826/778 5620/827/779
f 5576/828/754 5575/829/752 5606/830/780 5607/831/781
f 5590/832/755 5589/824/753 5620/827/779 5621/833/782
f 5577/834/756 5576/828/754 5607/831/781 5608/835/783
f 5591/836/757 5590/832/755 5621/833/782 5622/837/784
f 5578/838/758 5577/834/756 5608/835/783 5609/839/785
f 5565/840/759 5347/841/20 5596/842/786
f 5592/843/760 5591/836/757 5622/837/784 5623/844/787
f 5579/845/761 5578/838/758 5609/839/785 5610/846/788
f 5566/847/762 5565/840/759 5596/842/786 5597/848/789
f 5593/849/763 5592/843/760 5623/844/787 5624/850/790
f 5580/851/764 5579/845/761 5610/846/788 5611/852/791
f 5567/853/765 5566/847/762 5597/848/789 5598/854/792
f 5594/855/766 5593/849/763 5624/850/790 5625/856/793
f 5581/857/767 5580/851/764 5611/852/791 5612/858/794
f 5568/859/768 5567/853/765 5598/854/792 5599/860/795
f 5595/861/769 5594/855/766 5625/856/793 5626/862/796
f 5582/863/770 5581/857/767 5612/858/794 5613/864/797
f 5569/865/771 5568/859/768 5599/860/795 5600/866/798
f 5346/867/46 5595/861/769 5626/862/796
f 5583/868/772 5582/863/770 5613/864/797 5614/869/799
f 5570/870/773 5569/865/771 5600/866/798 5601/871/800
f 5584/872/774 5583/868/772 5614/869/799 5615/873/801
f 5571/874/775 5570/870/773 5601/871/800 5602/875/802
f 5585/876/776 5584/872/774 5615/873/801 5616/877/803
f 5572/878/777 5571/874/775 5602/875/802 5603/879/804
f 5586/880/747 5585/876/776 5616/877/803 5617/881/805
f 5573/882/749 5572/878/777 5603/879/804 5604/883/806
f 5587/884/748 5586/880/747 5617/881/805 5618/885/807
f 5574/886/750 5573/882/749 5604/883/806 5605/887/808
f 5588/825/751 5587/884/748 5618/885/807 5619/826/778
f 5575/829/752 5574/886/750 5605/887/808 5606/830/780
f 5622/837/784 5621/833/782 5652/888/809 5653/889/810
f 5609/839/785 5608/835/783 5639/890/811 5640/891/812
f 5596/842/786 5347/892/20 5627/893/813
f 5623/844/787 5622/837/784 5653/889/810 5654/894/814
f 5610/846/788 5609/839/785 5640/891/812 5641/895/815
f 5597/848/789 5596/842/786 5627/893/813 5628/896/816
f 5624/850/790 5623/844/787 5654/894/814 5655/897/817
f 5611/852/791 5610/846/788 5641/895/815 5642/898/818
f 5598/854/792 5597/848/789 5628/896/816 5629/899/819
f 5625/856/793 5624/850/790 5655/897/817 5656/900/1208
f 5612/858/794 5611/852/791 5642/898/818 5643/901/821
f 5599/860/795 5598/854/792 5629/899/819 5630/902/822
f 5626/862/796 5625/856/793 5656/900/1208 5657/903/823
f 5613/864/797 5612/858/794 5643/901/821 5644/904/824
f 5600/866/798 5599/860/795 5630/902/822 5631/905/825
f 5346/906/46 5626/862/796 5657/903/823
f 5614/869/799 5613/864/797 5644/904/824 5645/907/826
f 5601/871/800 5600/866/798 5631/905/825 5632/908/827
f 5615/873/801 5614/869/799 5645/907/826 5646/909/828
f 5602/875/802 5601/871/800 5632/908/827 5633/910/829
f 5616/877/803 5615/873/801 5646/909/828 5647/911/830
f 5603/879/804 5602/875/802 5633/910/829 5634/912/831
f 5617/881/805 5616/877/803 5647/911/830 5648/913/1232
f 5604/883/806 5603/879/804 5634/912/831 5635/914/833
f 5618/885/807 5617/881/805 5648/913/1232 5649/915/834
f 5605/887/808 5604/883/806 5635/914/833 5636/916/1210
f 5619/826/778 5618/885/807 5649/915/834 5650/917/836
f 5606/830/780 5605/887/808 5636/916/1210 5637/918/837
f 5620/827/779 5619/826/778 5650/917/836 5651/919/838
f 5607/831/781 5606/830/780 5637/918/837 5638/920/839
f 5621/833/782 5620/827/779 5651/919/838 5652/888/809
f 5608/835/783 5607/831/781 5638/920/839 5639/890/811
f 5630/902/822 5629/899/819 5660/928/847 5661/931/850
f 5657/903/823 5656/900/1208 5687/929/1211 5688/932/851
f 5644/904/824 5643/901/821 5674/930/849 5675/933/852
f 5631/905/825 5630/902/822 5661/931/850 5662/934/853
f 5346/935/46 5657/903/823 5688/932/851
f 5645/907/826 5644/904/824 5675/933/852 5676/936/854
f 5632/908/827 5631/905/825 5662/934/853 5663/937/855
f 5646/909/828 5645/907/826 5676/936/854 5677/938/856
f 5633/910/829 5632/908/827 5663/937/855 5664/939/857
f 5647/911/830 5646/909/828 5677/938/856 5678/940/858
f 5634/912/831 5633/910/829 5664/939/857 5665/941/859
f 5648/913/1232 5647/911/830 5678/940/858 5679/942/860
f 5635/914/833 5634/912/831 5665/941/859 5666/943/861
f 5649/915/834 5648/913/1232 5679/942/860 5680/944/862
f 5636/916/1210 5635/914/833 5666/943/861 5667/945/863
f 5650/917/836 5649/915/834 5680/944/862 5681/946/864
f 5637/918/837 5636/916/1210 5667/945/863 5668/947/865
f 5651/919/838 5650/917/836 5681/946/864 5682/948/866
f 5638/920/839 5637/918/837 5668/947/865 5669/949/867
f 5652/888/809 5651/919/838 5682/948/866 5683/950/868
f 5639/890/811 5638/920/839 5669/949/867 5670/951/869
f 5653/889/810 5652/888/809 5683/950/868 5684/952/870
f 5640/891/812 5639/890/811 5670/951/869 5671/921/840
f 5627/893/813 5347/953/20 5658/923/842
f 5654/894/814 5653/889/810 5684/952/870 5685/925/844
f 5641/895/815 5640/891/812 5671/921/840 5672/922/841
f 5628/896/816 5627/893/813 5658/923/842 5659/924/843
f 5655/897/817 5654/894/814 5685/925/844 5686/926/845
f 5642/898/818 5641/895/815 5672/922/841 5673/927/846
f 5629/899/819 5628/896/816 5659/924/843 5660/928/847
f 5656/900/1208 5655/897/817 5686/926/845 5687/929/1211
f 5643/901/821 5642/898/818 5673/927/846 5674/930/849
f 5663/937/855 5662/934/853 5693/961/878 5694/964/880
f 5677/938/856 5676/936/854 5707/963/879 5708/965/881
f 5664/939/857 5663/937/855 5694/964/880 5695/966/882
f 5678/940/858 5677/938/856 5708/965/881 5709/967/883
f 5665/941/859 5664/939/857 5695/966/882 5696/968/884
f 5679/942/860 5678/940/858 5709/967/883 5710/969/885
f 5666/943/861 5665/941/859 5696/968/884 5697/970/886
f 5680/944/862 5679/942/860 5710/969/885 5711/971/887
f 5667/945/863 5666/943/861 5697/970/886 5698/972/888
f 5681/946/864 5680/944/862 5711/971/887 5712/973/889
f 5668/947/865 5667/945/863 5698/972/888 5699/974/890
f 5682/948/866 5681/946/864 5712/973/889 5713/975/891
f 5669/949/867 5668/947/865 5699/974/890 5700/976/892
f 5683/950/868 5682/948/866 5713/975/891 5714/977/893
f 5670/951/869 5669/949/867 5700/976/892 5701/978/894
f 5684/952/870 5683/950/868 5714/977/893 5715/979/895
f 5671/921/840 5670/951/869 5701/978/894 5702/980/896
f 5658/923/842 5347/981/20 5689/982/1233
f 5685/925/844 5684/952/870 5715/979/895 5716/983/898
f 5672/922/841 5671/921/840 5702/980/896 5703/984/899
f 5659/924/843 5658/923/842 5689/982/1233 5690/985/900
f 5686/926/845 5685/925/844 5716/983/898 5717/986/901
f 5673/927/846 5672/922/841 5703/984/899 5704/954/871
f 5660/928/847 5659/924/843 5690/985/900 5691/956/873
f 5687/929/1211 5686/926/845 5717/986/901 5718/958/875
f 5674/930/849 5673/927/846 5704/954/871 5705/955/872
f 5661/931/850 5660/928/847 5691/956/873 5692/957/874
f 5688/932/851 5687/929/1211 5718/958/875 5719/959/1138
f 5675/933/852 5674/930/849 5705/955/872 5706/960/877
f 5662/934/853 5661/931/850 5692/957/874 5693/961/878
f 5346/962/46 5688/932/851 5719/959/1138
f 5676/936/854 5675/933/852 5706/960/877 5707/963/879
f 5696/968/884 5695/966/882 5726/992/907 5727/994/909
f 5710/969/885 5709/967/883 5740/993/908 5741/995/910
f 5697/970/886 5696/968/884 5727/994/909 5728/996/911
f 5711/971/887 5710/969/885 5741/995/910 5742/997/912
f 5698/972/888 5697/970/886 5728/996/911 5729/998/913
f 5712/973/889 5711/971/887 5742/997/912 5743/999/914
f 5699/974/890 5698/972/888 5729/998/913 5730/1000/915
f 5713/975/891 5712/973/889 5743/999/914 5744/1001/916
f 5700/976/892 5699/974/890 5730/1000/915 5731/1002/917
f 5714/977/893 5713/975/891 5744/1001/916 5745/1003/918
f 5701/978/894 5700/976/892 5731/1002/917 5732/1004/919
f 5715/979/895 5714/977/893 5745/1003/918 5746/1005/920
f 5702/980/896 5701/978/894 5732/1004/919 5733/1006/921
f 5689/982/1233 5347/1007/20 5720/1008/922
f 5716/983/898 5715/979/895 5746/1005/920 5747/1009/923
f 5703/984/899 5702/980/896 5733/1006/921 5734/1010/924
f 5690/985/900 5689/982/1233 5720/1008/922 5721/1011/925
f 5717/986/901 5716/983/898 5747/1009/923 5748/1012/926
f 5704/954/871 5703/984/899 5734/1010/924 5735/1013/927
f 5691/956/873 5690/985/900 5721/1011/925 5722/1014/928
f 5718/958/875 5717/986/901 5748/1012/926 5749/1015/1213
f 5705/955/872 5704/954/871 5735/1013/927 5736/1016/930
f 5692/957/874 5691/956/873 5722/1014/928 5723/1017/931
f 5719/959/1138 5718/958/875 5749/1015/1213 5750/1018/932
f 5706/960/877 5705/955/872 5736/1016/930 5737/987/902
f 5693/961/878 5692/957/874 5723/1017/931 5724/989/904
f 5346/1019/46 5719/959/1138 5750/1018/932
f 5707/963/879 5706/960/877 5737/987/902 5738/988/903
f 5694/964/880 5693/961/878 5724/989/904 5725/990/905
f 5708/965/881 5707/963/879 5738/988/903 5739/991/906
f 5695/966/882 5694/964/880 5725/990/905 5726/992/907
f 5709/967/883 5708/965/881 5739/991/906 5740/993/908
f 5729/998/913 5728/996/911 5759/1025/938 5760/1027/1234
f 5743/999/914 5742/997/912 5773/1026/939 5774/1028/941
f 5730/1000/915 5729/998/913 5760/1027/1234 5761/1029/942
f 5744/1001/916 5743/999/914 5774/1028/941 5775/1030/943
f 5731/1002/917 5730/1000/915 5761/1029/942 5762/1031/944
f 5745/1003/918 5744/1001/916 5775/1030/943 5776/1032/945
f 5732/1004/919 5731/1002/917 5762/1031/944 5763/1033/946
f 5746/1005/920 5745/1003/918 5776/1032/945 5777/1034/947
f 5733/1006/921 5732/1004/919 5763/1033/946 5764/1035/948
f 5720/1008/922 5347/1036/20 5751/1037/949
f 5747/1009/923 5746/1005/920 5777/1034/947 5778/1038/950
f 5734/1010/924 5733/1006/921 5764/1035/948 5765/1039/951
f 5721/1011/925 5720/1008/922 5751/1037/949 5752/1040/952
f 5748/1012/926 5747/1009/923 5778/1038/950 5779/1041/953
f 5735/1013/927 5734/1010/924 5765/1039/951 5766/1042/954
f 5722/1014/928 5721/1011/925 5752/1040/952 5753/1043/955
f 5749/1015/1213 5748/1012/926 5779/1041/953 5780/1044/1215
f 5736/1016/930 5735/1013/927 5766/1042/954 5767/1045/957
f 5723/1017/931 5722/1014/928 5753/1043/955 5754/1046/958
f 5750/1018/932 5749/1015/1213 5780/1044/1215 5781/1047/959
f 5737/987/902 5736/1016/930 5767/1045/957 5768/1048/960
f 5724/989/904 5723/1017/931 5754/1046/958 5755/1049/961
f 5346/1050/46 5750/1018/932 5781/1047/959
f 5738/988/903 5737/987/902 5768/1048/960 5769/1051/962
f 5725/990/905 5724/989/904 5755/1049/961 5756/1052/963
f 5739/991/906 5738/988/903 5769/1051/962 5770/1020/933
f 5726/992/907 5725/990/905 5756/1052/963 5757/1022/935
f 5740/993/908 5739/991/906 5770/1020/933 5771/1021/934
f 5727/994/909 5726/992/907 5757/1022/935 5758/1023/936
f 5741/995/910 5740/993/908 5771/1021/934 5772/1024/1216
f 5728/996/911 5727/994/909 5758/1023/936 5759/1025/938
f 5742/997/912 5741/995/910 5772/1024/1216 5773/1026/939
f 5762/1031/944 5761/1029/942 5792/1058/969 5793/1060/971
f 5776/1032/945 5775/1030/943 5806/1059/970 5807/1061/972
f 5763/1033/946 5762/1031/944 5793/1060/971 5794/1062/973
f 5777/1034/947 5776/1032/945 5807/1061/972 5808/1063/974
f 5764/1035/948 5763/1033/946 5794/1062/973 5795/1064/975
f 5751/1037/949 5347/1065/20 5782/1066/976
f 5778/1038/950 5777/1034/947 5808/1063/974 5809/1067/977
f 5765/1039/951 5764/1035/948 5795/1064/975 5796/1068/978
f 5752/1040/952 5751/1037/949 5782/1066/976 5783/1069/979
f 5779/1041/953 5778/1038/950 5809/1067/977 5810/1070/980
f 5766/1042/954 5765/1039/951 5796/1068/978 5797/1071/981
f 5753/1043/955 5752/1040/952 5783/1069/979 5784/1072/982
f 5780/1044/1215 5779/1041/953 5810/1070/980 5811/1073/983
f 5767/1045/957 5766/1042/954 5797/1071/981 5798/1074/984
f 5754/1046/958 5753/1043/955 5784/1072/982 5785/1075/985
f 5781/1047/959 5780/1044/1215 5811/1073/983 5812/1076/986
f 5768/1048/960 5767/1045/957 5798/1074/984 5799/1077/987
f 5755/1049/961 5754/1046/958 5785/1075/985 5786/1078/988
f 5346/1079/46 5781/1047/959 5812/1076/986
f 5769/1051/962 5768/1048/960 5799/1077/987 5800/1080/989
f 5756/1052/963 5755/1049/961 5786/1078/988 5787/1081/990
f 5770/1020/933 5769/1051/962 5800/1080/989 5801/1082/991
f 5757/1022/935 5756/1052/963 5787/1081/990 5788/1083/992
f 5771/1021/934 5770/1020/933 5801/1082/991 5802/1084/993
f 5758/1023/936 5757/1022/935 5788/1083/992 5789/1085/994
f 5772/1024/1216 5771/1021/934 5802/1084/993 5803/1053/964
f 5759/1025/938 5758/1023/936 5789/1085/994 5790/1055/966
f 5773/1026/939 5772/1024/1216 5803/1053/964 5804/1054/965
f 5760/1027/1234 5759/1025/938 5790/1055/966 5791/1056/967
f 5774/1028/941 5773/1026/939 5804/1054/965 5805/1057/968
f 5761/1029/942 5760/1027/1234 5791/1056/967 5792/1058/969
f 5775/1030/943 5774/1028/941 5805/1057/968 5806/1059/970
f 5795/1064/975 5794/1062/973 4837/13/13 4838/17/17
f 5782/1066/976 5347/1086/20 5813/19/19
f 5809/1067/977 5808/1063/974 4847/15/15 5826/22/22
f 5796/1068/978 5795/1064/975 4838/17/17 4839/24/24
f 5783/1069/979 5782/1066/976 5813/19/19 5814/26/26
f 5810/1070/980 5809/1067/977 5826/22/22 5827/28/28
f 5797/1071/981 5796/1068/978 4839/24/24 5822/30/30
f 5784/1072/982 5783/1069/979 5814/26/26 5815/32/32
f 5811/1073/983 5810/1070/980 5827/28/28 4848/34/34
f 5798/1074/984 5797/1071/981 5822/30/30 4840/36/36
f 5785/1075/985 5784/1072/982 5815/32/32 5816/38/38
f 5812/1076/986 5811/1073/983 4848/34/34 4849/40/40
f 5799/1077/987 5798/1074/984 4840/36/36 4841/42/42
f 5786/1078/988 5785/1075/985 5816/38/38 5817/44/44
f 5346/1087/46 5812/1076/986 4849/40/40
f 5800/1080/989 5799/1077/987 4841/42/42 5823/47/47
f 5787/1081/990 5786/1078/988 5817/44/44 5818/49/49
f 5801/1082/991 5800/1080/989 5823/47/47 5824/51/51
f 5788/1083/992 5787/1081/990 5818/49/49 4834/53/53
f 5802/1084/993 5801/1082/991 5824/51/51 4842/55/55
f 5789/1085/994 5788/1083/992 4834/53/53 5819/57/57
f 5803/1053/964 5802/1084/993 4842/55/55 4843/59/59
f 5790/1055/966 5789/1085/994 5819/57/57 4835/61/61
f 5804/1054/965 5803/1053/964 4843/59/59 4844/63/63
f 5791/1056/967 5790/1055/966 4835/61/61 5820/2/2
f 5805/1057/968 5804/1054/965 4844/63/63 5825/6/6
f 5792/1058/969 5791/1056/967 5820/2/2 5821/1/1
f 5806/1059/970 5805/1057/968 5825/6/6 4845/5/5
f 5793/1060/971 5792/1058/969 5821/1/1 4836/9/9
f 5807/1061/972 5806/1059/970 4845/5/5 4846/11/11
f 5794/1062/973 5793/1060/971 4836/9/9 4837/13/13
f 5808/1063/974 5807/1061/972 4846/11/11 4847/15/15
f 5828/1088/995 5844/1088/995 5845/1088/996 1204/1088/996
f 1204/1088/996 5845/1088/996 5852/1088/997 5829/1088/997
f 5829/1088/997 5852/1088/997 5853/1088/998 5830/1088/998
f 5830/1088/998 5853/1088/998 5846/1088/999 5831/1088/999
f 5831/1088/999 5846/1088/999 5854/1088/1000 1205/1088/1000
f 1205/1088/1000 5854/1088/1000 5847/1088/1001 5832/1088/1001
f 5832/1088/1001 5847/1088/1001 5848/1088/1002 5833/1088/1002
f 5833/1088/1002 5848/1088/1002 5855/1088/1003 5834/1088/1003
f 5834/1088/1003 5855/1088/1003 5849/1088/1004 5835/1088/1004
f 5835/1088/1004 5849/1088/1004 5856/1088/1006 5836/1088/1006
f 5836/1088/1006 5856/1088/1006 5857/1088/1007 5837/1088/1007
f 5837/1088/1007 5857/1088/1007 5858/1088/1008 5838/1088/1008
f 5838/1088/1008 5858/1088/1008 5859/1088/1009 5839/1088/1009
f 5839/1088/1009 5859/1088/1009 5860/1088/1010 5840/1088/1010
f 5840/1088/1010 5860/1088/1010 5861/1088/1011 5841/1088/1011
f 5841/1088/1011 5861/1088/1011 5850/1088/1012 1206/1088/1012
f 1206/1088/1012 5850/1088/1012 5851/1088/1013 5842/1088/1013
f 5842/1088/1013 5851/1088/1013 5862/1088/1014 5843/1088/1014
f 5843/1088/1014 5862/1088/1014 5844/1088/995 5828/1088/995
f 5844/1088/995 5863/1088/1015 5869/1088/996 5845/1088/996
f 5845/1088/996 5869/1088/996 5870/1088/997 5852/1088/997
f 5852/1088/997 5870/1088/997 5864/1088/998 5853/1088/998
f 5853/1088/998 5864/1088/998 5871/1088/999 5846/1088/999
f 5846/1088/999 5871/1088/999 5872/1088/1000 5854/1088/1000
f 5854/1088/1000 5872/1088/1000 5873/1088/1001 5847/1088/1001
f 5847/1088/1001 5873/1088/1001 5874/1088/1235 5848/1088/1002
f 5848/1088/1002 5874/1088/1235 5875/1088/1003 5855/1088/1003
f 5855/1088/1003 5875/1088/1003 5876/1088/1005 5849/1088/1004
f 5849/1088/1004 5876/1088/1005 5877/1088/1006 5856/1088/1006
f 5856/1088/1006 5877/1088/1006 5865/1088/1007 5857/1088/1007
f 5857/1088/1007 5865/1088/1007 5878/1088/1008 5858/1088/1008
f 5858/1088/1008 5878/1088/1008 5879/1088/1009 5859/1088/1009
f 5859/1088/1009 5879/1088/1009 5866/1088/1010 5860/1088/1010
f 5860/1088/1010 5866/1088/1010 5880/1088/1011 5861/1088/1011
f 5861/1088/1011 5880/1088/1011 5867/1088/1012 5850/1088/1012
f 5850/1088/1012 5867/1088/1012 5881/1088/1013 5851/1088/1013
f 5851/1088/1013 5881/1088/1013 5868/1088/1014 5862/1088/1014
f 5862/1088/1014 5868/1088/1014 5863/1088/1015 5844/1088/995
f 5863/1088/1015 5893/1088/1015 5894/1088/996 5869/1088/996
f 5869/1088/996 5894/1088/996 5895/1088/997 5870/1088/997
f 5870/1088/997 5895/1088/997 5896/1088/998 5864/1088/998
f 5864/1088/998 5896/1088/998 5882/1088/999 5871/1088/999
f 5871/1088/999 5882/1088/999 5897/1088/1000 5872/1088/1000
f 5872/1088/1000 5897/1088/1000 5883/1088/1001 5873/1088/1001
f 5873/1088/1001 5883/1088/1001 5884/1088/1002 5874/1088/1235
f 5874/1088/1235 5884/1088/1002 5885/1088/1003 5875/1088/1003
f 5875/1088/1003 5885/1088/1003 5886/1088/1005 5876/1088/1005
f 5876/1088/1005 5886/1088/1005 5887/1088/1006 5877/1088/1006
f 5877/1088/1006 5887/1088/1006 5898/1088/1007 5865/1088/1007
f 5865/1088/1007 5898/1088/1007 5888/1088/1008 5878/1088/1008
f 5878/1088/1008 5888/1088/1008 5889/1088/1009 5879/1088/1009
f 5879/1088/1009 5889/1088/1009 5890/1088/1010 5866/1088/1010
f 5866/1088/1010 5890/1088/1010 5891/1088/1011 5880/1088/1011
f 5880/1088/1011 5891/1088/1011 5899/1088/1012 5867/1088/1012
f 5867/1088/1012 5899/1088/1012 5892/1088/1013 5881/1088/1013
f 5881/1088/1013 5892/1088/1013 5900/1088/1014 5868/1088/1014
f 5868/1088/1014 5900/1088/1014 5893/1088/1015 5863/1088/1015
f 5893/1088/1015 5901/1088/1015 5902/1088/996 5894/1088/996
f 5894/1088/996 5902/1088/996 5909/1088/997 5895/1088/997
f 5895/1088/997 5909/1088/997 5910/1088/998 5896/1088/998
f 5896/1088/998 5910/1088/998 5911/1088/999 5882/1088/999
f 5882/1088/999 5911/1088/999 5912/1088/1000 5897/1088/1000
f 5897/1088/1000 5912/1088/1000 5913/1088/1001 5883/1088/1001
f 5883/1088/1001 5913/1088/1001 5903/1088/1002 5884/1088/1002
f 5884/1088/1002 5903/1088/1002 5914/1088/1003 5885/1088/1003
f 5885/1088/1003 5914/1088/1003 5915/1088/1005 5886/1088/1005
f 5886/1088/1005 5915/1088/1005 5904/1088/1006 5887/1088/1006
f 5887/1088/1006 5904/1088/1006 5916/1088/1007 5898/1088/1007
f 5898/1088/1007 5916/1088/1007 5917/1088/1008 5888/1088/1008
f 5888/1088/1008 5917/1088/1008 5905/1088/1009 5889/1088/1009
f 5889/1088/1009 5905/1088/1009 5906/1088/1010 5890/1088/1010
f 5890/1088/1010 5906/1088/1010 5918/1088/1011 5891/1088/1011
f 5891/1088/1011 5918/1088/1011 5907/1088/1012 5899/1088/1012
f 5899/1088/1012 5907/1088/1012 5919/1088/1013 5892/1088/1013
f 5892/1088/1013 5919/1088/1013 5908/1088/1014 5900/1088/1014
f 5900/1088/1014 5908/1088/1014 5901/1088/1015 5893/1088/1015
f 5901/1088/1015 5929/1088/995 5920/1088/996 5902/1088/996
f 5902/1088/996 5920/1088/996 5930/1088/997 5909/1088/997
f 5909/1088/997 5930/1088/997 5921/1088/998 5910/1088/998
f 5910/1088/998 5921/1088/998 5922/1088/999 5911/1088/999
f 5911/1088/999 5922/1088/999 5931/1088/1000 5912/1088/1000
f 5912/1088/1000 5931/1088/1000 5923/1088/1001 5913/1088/1001
f 5913/1088/1001 5923/1088/1001 5924/1088/1002 5903/1088/1002
f 5903/1088/1002 5924/1088/1002 5932/1088/1003 5914/1088/1003
f 5914/1088/1003 5932/1088/1003 5933/1088/1005 5915/1088/1005
f 5915/1088/1005 5933/1088/1005 5925/1088/1006 5904/1088/1006
f 5904/1088/1006 5925/1088/1006 5934/1088/1007 5916/1088/1007
f 5916/1088/1007 5934/1088/1007 5935/1088/1008 5917/1088/1008
f 5917/1088/1008 5935/1088/1008 5936/1088/1009 5905/1088/1009
f 5905/1088/1009 5936/1088/1009 5926/1088/1010 5906/1088/1010
f 5906/1088/1010 5926/1088/1010 5927/1088/1011 5918/1088/1011
f 5918/1088/1011 5927/1088/1011 5928/1088/1012 5907/1088/1012
f 5907/1088/1012 5928/1088/1012 5937/1088/1013 5919/1088/1013
f 5919/1088/1013 5937/1088/1013 5938/1088/1014 5908/1088/1014
f 5908/1088/1014 5938/1088/1014 5929/1088/995 5901/1088/1015
f 5929/1088/995 5939/1088/995 5940/1088/996 5920/1088/996
f 5920/1088/996 5940/1088/996 5945/1088/997 5930/1088/997
f 5930/1088/997 5945/1088/997 5941/1088/998 5921/1088/998
f 5921/1088/998 5941/1088/998 5942/1088/999 5922/1088/999
f 5922/1088/999 5942/1088/999 5946/1088/1000 5931/1088/1000
f 5931/1088/1000 5946/1088/1000 5947/1088/1001 5923/1088/1001
f 5923/1088/1001 5947/1088/1001 5948/1088/1236 5924/1088/1002
f 5924/1088/1002 5948/1088/1236 5949/1088/1003 5932/1088/1003
f 5932/1088/1003 5949/1088/1003 5950/1088/1005 5933/1088/1005
f 5933/1088/1005 5950/1088/1005 5951/1088/1006 5925/1088/1006
f 5925/1088/1006 5951/1088/1006 5952/1088/1007 5934/1088/1007
f 5934/1088/1007 5952/1088/1007 5953/1088/1008 5935/1088/1008
f 5935/1088/1008 5953/1088/1008 5954/1088/1009 5936/1088/1009
f 5936/1088/1009 5954/1088/1009 5955/1088/1010 5926/1088/1010
f 5926/1088/1010 5955/1088/1010 5956/1088/1011 5927/1088/1011
f 5927/1088/1011 5956/1088/1011 5957/1088/1012 5928/1088/1012
f 5928/1088/1012 5957/1088/1012 5943/1088/1013 5937/1088/1013
f 5937/1088/1013 5943/1088/1013 5944/1088/1014 5938/1088/1014
f 5938/1088/1014 5944/1088/1014 5939/1088/995 5929/1088/995
f 5939/1088/995 5964/1088/1015 5958/1088/1237 5940/1088/996
f 5940/1088/996 5958/1088/1237 5959/1088/997 5945/1088/997
f 5945/1088/997 5959/1088/997 5965/1088/998 5941/1088/998
f 5941/1088/998 5965/1088/998 5966/1088/999 5942/1088/999
f 5942/1088/999 5966/1088/999 5967/1088/1000 5946/1088/1000
f 5946/1088/1000 5967/1088/1000 5968/1088/1001 5947/1088/1001
f 5947/1088/1001 5968/1088/1001 5969/1088/1236 5948/1088/1236
f 5948/1088/1236 5969/1088/1236 5970/1088/1003 5949/1088/1003
f 5949/1088/1003 5970/1088/1003 5960/1088/1005 5950/1088/1005
f 5950/1088/1005 5960/1088/1005 5971/1088/1006 5951/1088/1006
f 5951/1088/1006 5971/1088/1006 5972/1088/1007 5952/1088/1007
f 5952/1088/1007 5972/1088/1007 5973/1088/1238 5953/1088/1008
f 5953/1088/1008 5973/1088/1238 5974/1088/1009 5954/1088/1009
f 5954/1088/1009 5974/1088/1009 5961/1088/1010 5955/1088/1010
f 5955/1088/1010 5961/1088/1010 5975/1088/1011 5956/1088/1011
f 5956/1088/1011 5975/1088/1011 5962/1088/1012 5957/1088/1012
f 5957/1088/1012 5962/1088/1012 5976/1088/1013 5943/1088/1013
f 5943/1088/1013 5976/1088/1013 5963/1088/1014 5944/1088/1014
f 5944/1088/1014 5963/1088/1014 5964/1088/1015 5939/1088/995
f 5964/1088/1015 5977/1088/1015 5986/1088/996 5958/1088/1237
f 5958/1088/1237 5986/1088/996 5987/1088/997 5959/1088/997
f 5959/1088/997 5987/1088/997 5988/1088/998 5965/1088/998
f 5965/1088/998 5988/1088/998 5978/1088/999 5966/1088/999
f 5966/1088/999 5978/1088/999 5979/1088/1000 5967/1088/1000
f 5967/1088/1000 5979/1088/1000 5980/1088/1001 5968/1088/1001
f 5968/1088/1001 5980/1088/1001 5989/1088/1236 5969/1088/1236
f 5969/1088/1236 5989/1088/1236 5990/1088/1003 5970/1088/1003
f 5970/1088/1003 5990/1088/1003 5991/1088/1005 5960/1088/1005
f 5960/1088/1005 5991/1088/1005 5981/1088/1006 5971/1088/1006
f 5971/1088/1006 5981/1088/1006 5982/1088/1007 5972/1088/1007
f 5972/1088/1007 5982/1088/1007 5983/1088/1008 5973/1088/1238
f 5973/1088/1238 5983/1088/1008 5984/1088/1009 5974/1088/1009
f 5974/1088/1009 5984/1088/1009 5992/1088/1010 5961/1088/1010
f 5961/1088/1010 5992/1088/1010 5993/1088/1011 5975/1088/1011
f 5975/1088/1011 5993/1088/1011 5994/1088/1012 5962/1088/1012
f 5962/1088/1012 5994/1088/1012 5985/1088/1013 5976/1088/1013
f 5976/1088/1013 5985/1088/1013 5995/1088/1014 5963/1088/1014
f 5963/1088/1014 5995/1088/1014 5977/1088/1015 5964/1088/1015
f 5977/1088/1015 5998/1088/1015 5999/1088/996 5986/1088/996
f 5986/1088/996 5999/1088/996 6000/1088/997 5987/1088/997
f 5987/1088/997 6000/1088/997 6001/1088/998 5988/1088/998
f 5988/1088/998 6001/1088/998 6002/1088/999 5978/1088/999
f 5978/1088/999 6002/1088/999 6003/1088/1000 5979/1088/1000
f 5979/1088/1000 6003/1088/1000 6004/1088/1001 5980/1088/1001
f 5980/1088/1001 6004/1088/1001 6005/1088/1236 5989/1088/1236
f 5989/1088/1236 6005/1088/1236 6006/1088/1003 5990/1088/1003
f 5990/1088/1003 6006/1088/1003 5996/1088/1005 5991/1088/1005
f 5991/1088/1005 5996/1088/1005 6007/1088/1006 5981/1088/1006
f 5981/1088/1006 6007/1088/1006 6008/1088/1007 5982/1088/1007
f 5982/1088/1007 6008/1088/1007 6009/1088/1008 5983/1088/1008
f 5983/1088/1008 6009/1088/1008 6010/1088/1009 5984/1088/1009
f 5984/1088/1009 6010/1088/1009 6011/1088/1010 5992/1088/1010
f 5992/1088/1010 6011/1088/1010 6012/1088/1239 5993/1088/1011
f 5993/1088/1011 6012/1088/1239 5997/1088/1012 5994/1088/1012
f 5994/1088/1012 5997/1088/1012 6013/1088/1013 5985/1088/1013
f 5985/1088/1013 6013/1088/1013 6014/1088/1014 5995/1088/1014
f 5995/1088/1014 6014/1088/1014 5998/1088/1015 5977/1088/1015
f 5998/1088/1015 6019/1088/1015 6020/1088/996 5999/1088/996
f 5999/1088/996 6020/1088/996 6015/1088/997 6000/1088/997
f 6000/1088/997 6015/1088/997 6021/1088/998 6001/1088/998
f 6001/1088/998 6021/1088/998 6022/1088/999 6002/1088/999
f 6002/1088/999 6022/1088/999 6023/1088/1000 6003/1088/1000
f 6003/1088/1000 6023/1088/1000 6016/1088/1001 6004/1088/1001
f 6004/1088/1001 6016/1088/1001 6024/1088/1236 6005/1088/1236
f 6005/1088/1236 6024/1088/1236 6025/1088/1003 6006/1088/1003
f 6006/1088/1003 6025/1088/1003 6026/1088/1005 5996/1088/1005
f 5996/1088/1005 6026/1088/1005 6027/1088/1006 6007/1088/1006
f 6007/1088/1006 6027/1088/1006 6028/1088/1240 6008/1088/1007
f 6008/1088/1007 6028/1088/1240 6017/1088/1238 6009/1088/1008
f 6009/1088/1008 6017/1088/1238 6029/1088/1009 6010/1088/1009
f 6010/1088/1009 6029/1088/1009 6030/1088/1010 6011/1088/1010
f 6011/1088/1010 6030/1088/1010 6031/1088/1011 6012/1088/1239
f 6012/1088/1239 6031/1088/1011 6032/1088/1012 5997/1088/1012
f 5997/1088/1012 6032/1088/1012 6033/1088/1013 6013/1088/1013
f 6013/1088/1013 6033/1088/1013 6018/1088/1014 6014/1088/1014
f 6014/1088/1014 6018/1088/1014 6019/1088/1015 5998/1088/1015
f 6019/1088/1015 6034/1088/1015 6035/1088/996 6020/1088/996
f 6020/1088/996 6035/1088/996 6036/1088/997 6015/1088/997
f 6015/1088/997 6036/1088/997 6037/1088/1241 6021/1088/998
f 6021/1088/998 6037/1088/1241 6038/1088/1242 6022/1088/999
f 6022/1088/999 6038/1088/1242 6039/1088/1000 6023/1088/1000
f 6023/1088/1000 6039/1088/1000 6040/1088/1001 6016/1088/1001
f 6016/1088/1001 6040/1088/1001 6041/1088/1236 6024/1088/1236
f 6024/1088/1236 6041/1088/1236 6042/1088/1003 6025/1088/1003
f 6025/1088/1003 6042/1088/1003 6043/1088/1005 6026/1088/1005
f 6026/1088/1005 6043/1088/1005 6044/1088/1006 6027/1088/1006
f 6027/1088/1006 6044/1088/1006 6045/1088/1240 6028/1088/1240
f 6028/1088/1240 6045/1088/1240 6046/1088/1238 6017/1088/1238
f 6017/1088/1238 6046/1088/1238 6047/1088/1009 6029/1088/1009
f 6029/1088/1009 6047/1088/1009 6048/1088/1010 6030/1088/1010
f 6030/1088/1010 6048/1088/1010 6049/1088/1239 6031/1088/1011
f 6031/1088/1011 6049/1088/1239 6050/1088/1012 6032/1088/1012
f 6032/1088/1012 6050/1088/1012 6051/1088/1013 6033/1088/1013
f 6033/1088/1013 6051/1088/1013 6052/1088/1014 6018/1088/1014
f 6018/1088/1014 6052/1088/1014 6034/1088/1015 6019/1088/1015
f 6053/1088/1016 6073/1088/1016 6074/1088/1017 1416/1088/1017
f 1416/1088/1017 6074/1088/1017 6075/1088/1018 1417/1088/1018
f 1417/1088/1018 6075/1088/1018 6076/1088/1019 6054/1088/1019
f 6054/1088/1019 6076/1088/1019 6077/1088/1020 6055/1088/1020
f 6055/1088/1020 6077/1088/1020 6078/1088/1021 6056/1088/1021
f 6056/1088/1021 6078/1088/1021 6079/1088/1022 6057/1088/1022
f 6057/1088/1022 6079/1088/1022 6080/1088/1023 6058/1088/1023
f 6058/1088/1023 6080/1088/1023 6081/1088/1024 6059/1088/1024
f 6059/1088/1024 6081/1088/1024 6082/1088/1026 6060/1088/1026
f 6060/1088/1026 6082/1088/1026 6083/1088/1027 6061/1088/1027
f 6061/1088/1027 6083/1088/1027 6070/1088/1028 6062/1088/1028
f 6062/1088/1028 6070/1088/1028 6071/1088/1029 6063/1088/1029
f 6063/1088/1029 6071/1088/1029 6084/1088/1030 6064/1088/1030
f 6064/1088/1030 6084/1088/1030 6085/1088/1031 6065/1088/1031
f 6065/1088/1031 6085/1088/1031 6072/1088/1032 6066/1088/1032
f 6066/1088/1032 6072/1088/1032 6086/1088/1033 6067/1088/1033
f 6067/1088/1033 6086/1088/1033 6087/1088/1034 6068/1088/1034
f 6068/1088/1034 6087/1088/1034 6088/1088/1035 6069/1088/1035
f 6069/1088/1035 6088/1088/1035 6073/1088/1016 6053/1088/1016
f 6073/1088/1016 6096/1088/1036 6097/1088/1017 6074/1088/1017
f 6074/1088/1017 6097/1088/1017 6098/1088/1018 6075/1088/1018
f 6075/1088/1018 6098/1088/1018 6099/1088/1019 6076/1088/1019
f 6076/1088/1019 6099/1088/1019 6100/1088/1020 6077/1088/1020
f 6077/1088/1020 6100/1088/1020 6101/1088/1021 6078/1088/1021
f 6078/1088/1021 6101/1088/1021 6102/1088/1022 6079/1088/1022
f 6079/1088/1022 6102/1088/1022 6089/1088/1023 6080/1088/1023
f 6080/1088/1023 6089/1088/1023 6103/1088/1024 6081/1088/1024
f 6081/1088/1024 6103/1088/1024 6090/1088/1026 6082/1088/1026
f 6082/1088/1026 6090/1088/1026 6091/1088/1027 6083/1088/1027
f 6083/1088/1027 6091/1088/1027 6092/1088/1028 6070/1088/1028
f 6070/1088/1028 6092/1088/1028 6104/1088/1029 6071/1088/1029
f 6071/1088/1029 6104/1088/1029 6093/1088/1030 6084/1088/1030
f 6084/1088/1030 6093/1088/1030 6105/1088/1031 6085/1088/1031
f 6085/1088/1031 6105/1088/1031 6094/1088/1032 6072/1088/1032
f 6072/1088/1032 6094/1088/1032 6106/1088/1033 6086/1088/1033
f 6086/1088/1033 6106/1088/1033 6095/1088/1034 6087/1088/1034
f 6087/1088/1034 6095/1088/1034 6107/1088/1035 6088/1088/1035
f 6088/1088/1035 6107/1088/1035 6096/1088/1036 6073/1088/1016
f 6096/1088/1036 6112/1088/1016 6113/1088/1017 6097/1088/1017
f 6097/1088/1017 6113/1088/1017 6114/1088/1018 6098/1088/1018
f 6098/1088/1018 6114/1088/1018 6108/1088/1019 6099/1088/1019
f 6099/1088/1019 6108/1088/1019 6115/1088/1020 6100/1088/1020
f 6100/1088/1020 6115/1088/1020 6109/1088/1021 6101/1088/1021
f 6101/1088/1021 6109/1088/1021 6116/1088/1022 6102/1088/1022
f 6102/1088/1022 6116/1088/1022 6110/1088/1023 6089/1088/1023
f 6089/1088/1023 6110/1088/1023 6117/1088/1024 6103/1088/1024
f 6103/1088/1024 6117/1088/1024 6118/1088/1026 6090/1088/1026
f 6090/1088/1026 6118/1088/1026 6119/1088/1027 6091/1088/1027
f 6091/1088/1027 6119/1088/1027 6120/1088/1028 6092/1088/1028
f 6092/1088/1028 6120/1088/1028 6121/1088/1029 6104/1088/1029
f 6104/1088/1029 6121/1088/1029 6111/1088/1030 6093/1088/1030
f 6093/1088/1030 6111/1088/1030 6122/1088/1031 6105/1088/1031
f 6105/1088/1031 6122/1088/1031 6123/1088/1032 6094/1088/1032
f 6094/1088/1032 6123/1088/1032 6124/1088/1033 6106/1088/1033
f 6106/1088/1033 6124/1088/1033 6125/1088/1034 6095/1088/1034
f 6095/1088/1034 6125/1088/1034 6126/1088/1035 6107/1088/1035
f 6107/1088/1035 6126/1088/1035 6112/1088/1016 6096/1088/1036
f 6112/1088/1016 6134/1088/1036 6127/1088/1017 6113/1088/1017
f 6113/1088/1017 6127/1088/1017 6128/1088/1018 6114/1088/1018
f 6114/1088/1018 6128/1088/1018 6129/1088/1019 6108/1088/1019
f 6108/1088/1019 6129/1088/1019 6135/1088/1020 6115/1088/1020
f 6115/1088/1020 6135/1088/1020 6130/1088/1021 6109/1088/1021
f 6109/1088/1021 6130/1088/1021 6136/1088/1022 6116/1088/1022
f 6116/1088/1022 6136/1088/1022 6137/1088/1023 6110/1088/1023
f 6110/1088/1023 6137/1088/1023 6138/1088/1024 6117/1088/1024
f 6117/1088/1024 6138/1088/1024 6139/1088/1026 6118/1088/1026
f 6118/1088/1026 6139/1088/1026 6140/1088/1027 6119/1088/1027
f 6119/1088/1027 6140/1088/1027 6131/1088/1028 6120/1088/1028
f 6120/1088/1028 6131/1088/1028 6141/1088/1029 6121/1088/1029
f 6121/1088/1029 6141/1088/1029 6132/1088/1030 6111/1088/1030
f 6111/1088/1030 6132/1088/1030 6142/1088/1031 6122/1088/1031
f 6122/1088/1031 6142/1088/1031 6143/1088/1032 6123/1088/1032
f 6123/1088/1032 6143/1088/1032 6144/1088/1033 6124/1088/1033
f 6124/1088/1033 6144/1088/1033 6145/1088/1034 6125/1088/1034
f 6125/1088/1034 6145/1088/1034 6133/1088/1035 6126/1088/1035
f 6126/1088/1035 6133/1088/1035 6134/1088/1036 6112/1088/1016
f 6134/1088/1036 6155/1088/1036 6156/1088/1017 6127/1088/1017
f 6127/1088/1017 6156/1088/1017 6157/1088/1018 6128/1088/1018
f 6128/1088/1018 6157/1088/1018 6146/1088/1019 6129/1088/1019
f 6129/1088/1019 6146/1088/1019 6158/1088/1020 6135/1088/1020
f 6135/1088/1020 6158/1088/1020 6147/1088/1021 6130/1088/1021
f 6130/1088/1021 6147/1088/1021 6159/1088/1022 6136/1088/1022
f 6136/1088/1022 6159/1088/1022 6160/1088/1023 6137/1088/1023
f 6137/1088/1023 6160/1088/1023 6161/1088/1024 6138/1088/1024
f 6138/1088/1024 6161/1088/1024 6148/1088/1026 6139/1088/1026
f 6139/1088/1026 6148/1088/1026 6149/1088/1027 6140/1088/1027
f 6140/1088/1027 6149/1088/1027 6150/1088/1028 6131/1088/1028
f 6131/1088/1028 6150/1088/1028 6151/1088/1029 6141/1088/1029
f 6141/1088/1029 6151/1088/1029 6152/1088/1030 6132/1088/1030
f 6132/1088/1030 6152/1088/1030 6153/1088/1031 6142/1088/1031
f 6142/1088/1031 6153/1088/1031 6162/1088/1032 6143/1088/1032
f 6143/1088/1032 6162/1088/1032 6154/1088/1033 6144/1088/1033
f 6144/1088/1033 6154/1088/1033 6163/1088/1034 6145/1088/1034
f 6145/1088/1034 6163/1088/1034 6164/1088/1035 6133/1088/1035
f 6133/1088/1035 6164/1088/1035 6155/1088/1036 6134/1088/1036
f 6155/1088/1036 6171/1088/1036 6172/1088/1017 6156/1088/1017
f 6156/1088/1017 6172/1088/1017 6173/1088/1018 6157/1088/1018
f 6157/1088/1018 6173/1088/1018 6174/1088/1019 6146/1088/1019
f 6146/1088/1019 6174/1088/1019 6175/1088/1020 6158/1088/1020
f 6158/1088/1020 6175/1088/1020 6176/1088/1021 6147/1088/1021
f 6147/1088/1021 6176/1088/1021 6177/1088/1022 6159/1088/1022
f 6159/1088/1022 6177/1088/1022 6178/1088/1243 6160/1088/1023
f 6160/1088/1023 6178/1088/1243 6165/1088/1024 6161/1088/1024
f 6161/1088/1024 6165/1088/1024 6166/1088/1025 6148/1088/1026
f 6148/1088/1026 6166/1088/1025 6179/1088/1027 6149/1088/1027
f 6149/1088/1027 6179/1088/1027 6180/1088/1028 6150/1088/1028
f 6150/1088/1028 6180/1088/1028 6167/1088/1029 6151/1088/1029
f 6151/1088/1029 6167/1088/1029 6181/1088/1030 6152/1088/1030
f 6152/1088/1030 6181/1088/1030 6168/1088/1031 6153/1088/1031
f 6153/1088/1031 6168/1088/1031 6182/1088/1032 6162/1088/1032
f 6162/1088/1032 6182/1088/1032 6169/1088/1033 6154/1088/1033
f 6154/1088/1033 6169/1088/1033 6183/1088/1034 6163/1088/1034
f 6163/1088/1034 6183/1088/1034 6170/1088/1035 6164/1088/1035
f 6164/1088/1035 6170/1088/1035 6171/1088/1036 6155/1088/1036
f 6171/1088/1036 6186/1088/1036 6187/1088/1017 6172/1088/1017
f 6172/1088/1017 6187/1088/1017 6188/1088/1018 6173/1088/1018
f 6173/1088/1018 6188/1088/1018 6184/1088/1019 6174/1088/1019
f 6174/1088/1019 6184/1088/1019 6189/1088/1020 6175/1088/1020
f 6175/1088/1020 6189/1088/1020 6190/1088/1021 6176/1088/1021
f 6176/1088/1021 6190/1088/1021 6191/1088/1022 6177/1088/1022
f 6177/1088/1022 6191/1088/1022 6192/1088/1243 6178/1088/1243
f 6178/1088/1243 6192/1088/1243 6193/1088/1024 6165/1088/1024
f 6165/1088/1024 6193/1088/1024 6194/1088/1026 6166/1088/1025
f 6166/1088/1025 6194/1088/1026 6195/1088/1027 6179/1088/1027
f 6179/1088/1027 6195/1088/1027 6196/1088/1028 6180/1088/1028
f 6180/1088/1028 6196/1088/1028 6197/1088/1029 6167/1088/1029
f 6167/1088/1029 6197/1088/1029 6185/1088/1030 6181/1088/1030
f 6181/1088/1030 6185/1088/1030 6198/1088/1031 6168/1088/1031
f 6168/1088/1031 6198/1088/1031 6199/1088/1032 6182/1088/1032
f 6182/1088/1032 6199/1088/1032 6200/1088/1033 6169/1088/1033
f 6169/1088/1033 6200/1088/1033 6201/1088/1034 6183/1088/1034
f 6183/1088/1034 6201/1088/1034 6202/1088/1035 6170/1088/1035
f 6170/1088/1035 6202/1088/1035 6186/1088/1036 6171/1088/1036
f 6186/1088/1036 6206/1088/1036 6207/1088/1017 6187/1088/1017
f 6187/1088/1017 6207/1088/1017 6208/1088/1018 6188/1088/1018
f 6188/1088/1018 6208/1088/1018 6209/1088/1019 6184/1088/1019
f 6184/1088/1019 6209/1088/1019 6210/1088/1020 6189/1088/1020
f 6189/1088/1020 6210/1088/1020 6211/1088/1021 6190/1088/1021
f 6190/1088/1021 6211/1088/1021 6203/1088/1022 6191/1088/1022
f 6191/1088/1022 6203/1088/1022 6212/1088/1243 6192/1088/1243
f 6192/1088/1243 6212/1088/1243 6204/1088/1024 6193/1088/1024
f 6193/1088/1024 6204/1088/1024 6213/1088/1026 6194/1088/1026
f 6194/1088/1026 6213/1088/1026 6214/1088/1027 6195/1088/1027
f 6195/1088/1027 6214/1088/1027 6215/1088/1028 6196/1088/1028
f 6196/1088/1028 6215/1088/1028 6216/1088/1029 6197/1088/1029
f 6197/1088/1029 6216/1088/1029 6205/1088/1030 6185/1088/1030
f 6185/1088/1030 6205/1088/1030 6217/1088/1031 6198/1088/1031
f 6198/1088/1031 6217/1088/1031 6218/1088/1032 6199/1088/1032
f 6199/1088/1032 6218/1088/1032 6219/1088/1033 6200/1088/1033
f 6200/1088/1033 6219/1088/1033 6220/1088/1034 6201/1088/1034
f 6201/1088/1034 6220/1088/1034 6221/1088/1035 6202/1088/1035
f 6202/1088/1035 6221/1088/1035 6206/1088/1036 6186/1088/1036
f 6206/1088/1036 6224/1088/1036 6225/1088/1017 6207/1088/1017
f 6207/1088/1017 6225/1088/1017 6226/1088/1018 6208/1088/1018
f 6208/1088/1018 6226/1088/1018 6227/1088/1019 6209/1088/1019
f 6209/1088/1019 6227/1088/1019 6228/1088/1020 6210/1088/1020
f 6210/1088/1020 6228/1088/1020 6222/1088/1021 6211/1088/1021
f 6211/1088/1021 6222/1088/1021 6229/1088/1022 6203/1088/1022
f 6203/1088/1022 6229/1088/1022 6223/1088/1243 6212/1088/1243
f 6212/1088/1243 6223/1088/1243 6230/1088/1024 6204/1088/1024
f 6204/1088/1024 6230/1088/1024 6231/1088/1026 6213/1088/1026
f 6213/1088/1026 6231/1088/1026 6232/1088/1027 6214/1088/1027
f 6214/1088/1027 6232/1088/1027 6233/1088/1028 6215/1088/1028
f 6215/1088/1028 6233/1088/1028 6234/1088/1029 6216/1088/1029
f 6216/1088/1029 6234/1088/1029 6235/1088/1030 6205/1088/1030
f 6205/1088/1030 6235/1088/1030 6236/1088/1031 6217/1088/1031
f 6217/1088/1031 6236/1088/1031 6237/1088/1032 6218/1088/1032
f 6218/1088/1032 6237/1088/1032 6238/1088/1033 6219/1088/1033
f 6219/1088/1033 6238/1088/1033 6239/1088/1034 6220/1088/1034
f 6220/1088/1034 6239/1088/1034 6240/1088/1035 6221/1088/1035
f 6221/1088/1035 6240/1088/1035 6224/1088/1036 6206/1088/1036
f 6224/1088/1036 6241/1088/1036 6246/1088/1017 6225/1088/1017
f 6225/1088/1017 6246/1088/1017 6242/1088/1018 6226/1088/1018
f 6226/1088/1018 6242/1088/1018 6247/1088/1019 6227/1088/1019
f 6227/1088/1019 6247/1088/1019 6248/1088/1020 6228/1088/1020
f 6228/1088/1020 6248/1088/1020 6249/1088/1021 6222/1088/1021
f 6222/1088/1021 6249/1088/1021 6250/1088/1022 6229/1088/1022
f 6229/1088/1022 6250/1088/1022 6251/1088/1243 6223/1088/1243
f 6223/1088/1243 6251/1088/1243 6252/1088/1024 6230/1088/1024
f 6230/1088/1024 6252/1088/1024 6243/1088/1026 6231/1088/1026
f 6231/1088/1026 6243/1088/1026 6253/1088/1027 6232/1088/1027
f 6232/1088/1027 6253/1088/1027 6254/1088/1244 6233/1088/1028
f 6233/1088/1028 6254/1088/1244 6255/1088/1245 6234/1088/1029
f 6234/1088/1029 6255/1088/1245 6256/1088/1030 6235/1088/1030
f 6235/1088/1030 6256/1088/1030 6244/1088/1031 6236/1088/1031
f 6236/1088/1031 6244/1088/1031 6245/1088/1032 6237/1088/1032
f 6237/1088/1032 6245/1088/1032 6257/1088/1033 6238/1088/1033
f 6238/1088/1033 6257/1088/1033 6258/1088/1034 6239/1088/1034
f 6239/1088/1034 6258/1088/1034 6259/1088/1035 6240/1088/1035
f 6240/1088/1035 6259/1088/1035 6241/1088/1036 6224/1088/1036
f 6241/1088/1036 6260/1088/1036 6261/1088/1017 6246/1088/1017
f 6246/1088/1017 6261/1088/1017 6262/1088/1018 6242/1088/1018
f 6242/1088/1018 6262/1088/1018 6263/1088/1246 6247/1088/1019
f 6247/1088/1019 6263/1088/1246 6264/1088/1247 6248/1088/1020
f 6248/1088/1020 6264/1088/1247 6265/1088/1021 6249/1088/1021
f 6249/1088/1021 6265/1088/1021 6266/1088/1022 6250/1088/1022
f 6250/1088/1022 6266/1088/1022 6267/1088/1243 6251/1088/1243
f 6251/1088/1243 6267/1088/1243 6268/1088/1024 6252/1088/1024
f 6252/1088/1024 6268/1088/1024 6269/1088/1026 6243/1088/1026
f 6243/1088/1026 6269/1088/1026 6270/1088/1027 6253/1088/1027
f 6253/1088/1027 6270/1088/1027 6271/1088/1244 6254/1088/1244
f 6254/1088/1244 6271/1088/1244 6272/1088/1248 6255/1088/1245
f 6255/1088/1245 6272/1088/1248 6273/1088/1030 6256/1088/1030
f 6256/1088/1030 6273/1088/1030 6274/1088/1031 6244/1088/1031
f 6244/1088/1031 6274/1088/1031 6275/1088/1032 6245/1088/1032
f 6245/1088/1032 6275/1088/1032 6276/1088/1033 6257/1088/1033
f 6257/1088/1033 6276/1088/1033 6277/1088/1034 6258/1088/1034
f 6258/1088/1034 6277/1088/1034 6278/1088/1035 6259/1088/1035
f 6259/1088/1035 6278/1088/1035 6260/1088/1036 6241/1088/1036
f 6279/1088/1056 6304/1088/1056 6291/1088/1038 6280/1088/1038
f 6280/1088/1038 6291/1088/1038 6305/1088/1039 1627/1088/1039
f 1627/1088/1039 6305/1088/1039 6292/1088/1040 6281/1088/1040
f 6281/1088/1040 6292/1088/1040 6306/1088/1041 6282/1088/1041
f 6282/1088/1041 6306/1088/1041 6307/1088/1042 6283/1088/1042
f 6283/1088/1042 6307/1088/1042 6293/1088/1043 6284/1088/1043
f 6284/1088/1043 6293/1088/1043 6294/1088/1044 6285/1088/1044
f 6285/1088/1044 6294/1088/1044 6295/1088/1045 6286/1088/1045
f 6286/1088/1045 6295/1088/1045 6296/1088/1046 6287/1088/1046
f 6287/1088/1046 6296/1088/1046 6297/1088/1047 1628/1088/1047
f 1628/1088/1047 6297/1088/1047 6298/1088/1048 1629/1088/1048
f 1629/1088/1048 6298/1088/1048 6299/1088/1049 6288/1088/1049
f 6288/1088/1049 6299/1088/1049 6300/1088/1050 1630/1088/1050
f 1630/1088/1050 6300/1088/1050 6301/1088/1051 6289/1088/1051
f 6289/1088/1051 6301/1088/1051 6302/1088/1052 1631/1088/1052
f 1631/1088/1052 6302/1088/1052 6303/1088/1053 1632/1088/1053
f 1632/1088/1053 6303/1088/1053 6308/1088/1054 1633/1088/1054
f 1633/1088/1054 6308/1088/1054 6309/1088/1055 6290/1088/1055
f 6290/1088/1055 6309/1088/1055 6304/1088/1056 6279/1088/1056
f 6304/1088/1056 6320/1088/1056 6321/1088/1038 6291/1088/1038
f 6291/1088/1038 6321/1088/1038 6310/1088/1039 6305/1088/1039
f 6305/1088/1039 6310/1088/1039 6311/1088/1040 6292/1088/1040
f 6292/1088/1040 6311/1088/1040 6322/1088/1041 6306/1088/1041
f 6306/1088/1041 6322/1088/1041 6312/1088/1042 6307/1088/1042
f 6307/1088/1042 6312/1088/1042 6323/1088/1043 6293/1088/1043
f 6293/1088/1043 6323/1088/1043 6324/1088/1044 6294/1088/1044
f 6294/1088/1044 6324/1088/1044 6313/1088/1045 6295/1088/1045
f 6295/1088/1045 6313/1088/1045 6325/1088/1046 6296/1088/1046
f 6296/1088/1046 6325/1088/1046 6326/1088/1047 6297/1088/1047
f 6297/1088/1047 6326/1088/1047 6314/1088/1048 6298/1088/1048
f 6298/1088/1048 6314/1088/1048 6315/1088/1049 6299/1088/1049
f 6299/1088/1049 6315/1088/1049 6327/1088/1050 6300/1088/1050
f 6300/1088/1050 6327/1088/1050 6328/1088/1051 6301/1088/1051
f 6301/1088/1051 6328/1088/1051 6316/1088/1052 6302/1088/1052
f 6302/1088/1052 6316/1088/1052 6317/1088/1053 6303/1088/1053
f 6303/1088/1053 6317/1088/1053 6318/1088/1054 6308/1088/1054
f 6308/1088/1054 6318/1088/1054 6319/1088/1055 6309/1088/1055
f 6309/1088/1055 6319/1088/1055 6320/1088/1056 6304/1088/1056
f 6320/1088/1056 6338/1088/1037 6339/1088/1038 6321/1088/1038
f 6321/1088/1038 6339/1088/1038 6340/1088/1039 6310/1088/1039
f 6310/1088/1039 6340/1088/1039 6341/1088/1040 6311/1088/1040
f 6311/1088/1040 6341/1088/1040 6342/1088/1041 6322/1088/1041
f 6322/1088/1041 6342/1088/1041 6343/1088/1042 6312/1088/1042
f 6312/1088/1042 6343/1088/1042 6344/1088/1043 6323/1088/1043
f 6323/1088/1043 6344/1088/1043 6329/1088/1044 6324/1088/1044
f 6324/1088/1044 6329/1088/1044 6330/1088/1045 6313/1088/1045
f 6313/1088/1045 6330/1088/1045 6331/1088/1057 6325/1088/1046
f 6325/1088/1046 6331/1088/1057 6332/1088/1047 6326/1088/1047
f 6326/1088/1047 6332/1088/1047 6333/1088/1048 6314/1088/1048
f 6314/1088/1048 6333/1088/1048 6334/1088/1049 6315/1088/1049
f 6315/1088/1049 6334/1088/1049 6345/1088/1050 6327/1088/1050
f 6327/1088/1050 6345/1088/1050 6335/1088/1051 6328/1088/1051
f 6328/1088/1051 6335/1088/1051 6336/1088/1052 6316/1088/1052
f 6316/1088/1052 6336/1088/1052 6346/1088/1053 6317/1088/1053
f 6317/1088/1053 6346/1088/1053 6337/1088/1054 6318/1088/1054
f 6318/1088/1054 6337/1088/1054 6347/1088/1055 6319/1088/1055
f 6319/1088/1055 6347/1088/1055 6338/1088/1037 6320/1088/1056
f 6338/1088/1037 6348/1088/1037 6349/1088/1038 6339/1088/1038
f 6339/1088/1038 6349/1088/1038 6350/1088/1039 6340/1088/1039
f 6340/1088/1039 6350/1088/1039 6351/1088/1040 6341/1088/1040
f 6341/1088/1040 6351/1088/1040 6352/1088/1041 6342/1088/1041
f 6342/1088/1041 6352/1088/1041 6353/1088/1042 6343/1088/1042
f 6343/1088/1042 6353/1088/1042 6363/1088/1043 6344/1088/1043
f 6344/1088/1043 6363/1088/1043 6354/1088/1249 6329/1088/1044
f 6329/1088/1044 6354/1088/1249 6364/1088/1045 6330/1088/1045
f 6330/1088/1045 6364/1088/1045 6355/1088/1057 6331/1088/1057
f 6331/1088/1057 6355/1088/1057 6356/1088/1047 6332/1088/1047
f 6332/1088/1047 6356/1088/1047 6357/1088/1048 6333/1088/1048
f 6333/1088/1048 6357/1088/1048 6358/1088/1049 6334/1088/1049
f 6334/1088/1049 6358/1088/1049 6365/1088/1050 6345/1088/1050
f 6345/1088/1050 6365/1088/1050 6366/1088/1051 6335/1088/1051
f 6335/1088/1051 6366/1088/1051 6359/1088/1052 6336/1088/1052
f 6336/1088/1052 6359/1088/1052 6360/1088/1053 6346/1088/1053
f 6346/1088/1053 6360/1088/1053 6361/1088/1054 6337/1088/1054
f 6337/1088/1054 6361/1088/1054 6362/1088/1055 6347/1088/1055
f 6347/1088/1055 6362/1088/1055 6348/1088/1037 6338/1088/1037
f 6348/1088/1037 6367/1088/1056 6368/1088/1250 6349/1088/1038
f 6349/1088/1038 6368/1088/1250 6369/1088/1039 6350/1088/1039
f 6350/1088/1039 6369/1088/1039 6370/1088/1251 6351/1088/1040
f 6351/1088/1040 6370/1088/1251 6371/1088/1041 6352/1088/1041
f 6352/1088/1041 6371/1088/1041 6380/1088/1042 6353/1088/1042
f 6353/1088/1042 6380/1088/1042 6372/1088/1043 6363/1088/1043
f 6363/1088/1043 6372/1088/1043 6373/1088/1249 6354/1088/1249
f 6354/1088/1249 6373/1088/1249 6381/1088/1045 6364/1088/1045
f 6364/1088/1045 6381/1088/1045 6374/1088/1057 6355/1088/1057
f 6355/1088/1057 6374/1088/1057 6382/1088/1047 6356/1088/1047
f 6356/1088/1047 6382/1088/1047 6375/1088/1048 6357/1088/1048
f 6357/1088/1048 6375/1088/1048 6383/1088/1049 6358/1088/1049
f 6358/1088/1049 6383/1088/1049 6384/1088/1050 6365/1088/1050
f 6365/1088/1050 6384/1088/1050 6376/1088/1051 6366/1088/1051
f 6366/1088/1051 6376/1088/1051 6377/1088/1052 6359/1088/1052
f 6359/1088/1052 6377/1088/1052 6385/1088/1053 6360/1088/1053
f 6360/1088/1053 6385/1088/1053 6378/1088/1054 6361/1088/1054
f 6361/1088/1054 6378/1088/1054 6379/1088/1055 6362/1088/1055
f 6362/1088/1055 6379/1088/1055 6367/1088/1056 6348/1088/1037
f 6367/1088/1056 6395/1088/1056 6396/1088/1038 6368/1088/1250
f 6368/1088/1250 6396/1088/1038 6397/1088/1039 6369/1088/1039
f 6369/1088/1039 6397/1088/1039 6398/1088/1040 6370/1088/1251
f 6370/1088/1251 6398/1088/1040 6399/1088/1041 6371/1088/1041
f 6371/1088/1041 6399/1088/1041 6400/1088/1042 6380/1088/1042
f 6380/1088/1042 6400/1088/1042 6401/1088/1043 6372/1088/1043
f 6372/1088/1043 6401/1088/1043 6402/1088/1252 6373/1088/1249
f 6373/1088/1249 6402/1088/1252 6403/1088/1045 6381/1088/1045
f 6381/1088/1045 6403/1088/1045 6386/1088/1057 6374/1088/1057
f 6374/1088/1057 6386/1088/1057 6387/1088/1047 6382/1088/1047
f 6382/1088/1047 6387/1088/1047 6388/1088/1048 6375/1088/1048
f 6375/1088/1048 6388/1088/1048 6389/1088/1049 6383/1088/1049
f 6383/1088/1049 6389/1088/1049 6390/1088/1050 6384/1088/1050
f 6384/1088/1050 6390/1088/1050 6391/1088/1051 6376/1088/1051
f 6376/1088/1051 6391/1088/1051 6392/1088/1052 6377/1088/1052
f 6377/1088/1052 6392/1088/1052 6393/1088/1053 6385/1088/1053
f 6385/1088/1053 6393/1088/1053 6394/1088/1054 6378/1088/1054
f 6378/1088/1054 6394/1088/1054 6404/1088/1055 6379/1088/1055
f 6379/1088/1055 6404/1088/1055 6395/1088/1056 6367/1088/1056
f 6395/1088/1056 6405/1088/1037 6406/1088/1038 6396/1088/1038
f 6396/1088/1038 6406/1088/1038 6407/1088/1039 6397/1088/1039
f 6397/1088/1039 6407/1088/1039 6408/1088/1040 6398/1088/1040
f 6398/1088/1040 6408/1088/1040 6409/1088/1041 6399/1088/1041
f 6399/1088/1041 6409/1088/1041 6410/1088/1042 6400/1088/1042
f 6400/1088/1042 6410/1088/1042 6411/1088/1043 6401/1088/1043
f 6401/1088/1043 6411/1088/1043 6412/1088/1252 6402/1088/1252
f 6402/1088/1252 6412/1088/1252 6413/1088/1045 6403/1088/1045
f 6403/1088/1045 6413/1088/1045 6422/1088/1046 6386/1088/1057
f 6386/1088/1057 6422/1088/1046 6414/1088/1047 6387/1088/1047
f 6387/1088/1047 6414/1088/1047 6415/1088/1048 6388/1088/1048
f 6388/1088/1048 6415/1088/1048 6416/1088/1049 6389/1088/1049
f 6389/1088/1049 6416/1088/1049 6417/1088/1050 6390/1088/1050
f 6390/1088/1050 6417/1088/1050 6418/1088/1051 6391/1088/1051
f 6391/1088/1051 6418/1088/1051 6423/1088/1253 6392/1088/1052
f 6392/1088/1052 6423/1088/1253 6419/1088/1053 6393/1088/1053
f 6393/1088/1053 6419/1088/1053 6420/1088/1054 6394/1088/1054
f 6394/1088/1054 6420/1088/1054 6421/1088/1055 6404/1088/1055
f 6404/1088/1055 6421/1088/1055 6405/1088/1037 6395/1088/1056
f 6405/1088/1037 6424/1088/1056 6425/1088/1038 6406/1088/1038
f 6406/1088/1038 6425/1088/1038 6426/1088/1039 6407/1088/1039
f 6407/1088/1039 6426/1088/1039 6427/1088/1040 6408/1088/1040
f 6408/1088/1040 6427/1088/1040 6428/1088/1041 6409/1088/1041
f 6409/1088/1041 6428/1088/1041 6429/1088/1042 6410/1088/1042
f 6410/1088/1042 6429/1088/1042 6430/1088/1043 6411/1088/1043
f 6411/1088/1043 6430/1088/1043 6431/1088/1252 6412/1088/1252
f 6412/1088/1252 6431/1088/1252 6432/1088/1045 6413/1088/1045
f 6413/1088/1045 6432/1088/1045 6442/1088/1046 6422/1088/1046
f 6422/1088/1046 6442/1088/1046 6433/1088/1047 6414/1088/1047
f 6414/1088/1047 6433/1088/1047 6434/1088/1048 6415/1088/1048
f 6415/1088/1048 6434/1088/1048 6435/1088/1049 6416/1088/1049
f 6416/1088/1049 6435/1088/1049 6436/1088/1050 6417/1088/1050
f 6417/1088/1050 6436/1088/1050 6437/1088/1051 6418/1088/1051
f 6418/1088/1051 6437/1088/1051 6438/1088/1052 6423/1088/1253
f 6423/1088/1253 6438/1088/1052 6439/1088/1053 6419/1088/1053
f 6419/1088/1053 6439/1088/1053 6440/1088/1054 6420/1088/1054
f 6420/1088/1054 6440/1088/1054 6441/1088/1055 6421/1088/1055
f 6421/1088/1055 6441/1088/1055 6424/1088/1056 6405/1088/1037
f 6424/1088/1056 6457/1088/1056 6443/1088/1250 6425/1088/1038
f 6425/1088/1038 6443/1088/1250 6444/1088/1039 6426/1088/1039
f 6426/1088/1039 6444/1088/1039 6445/1088/1040 6427/1088/1040
f 6427/1088/1040 6445/1088/1040 6446/1088/1041 6428/1088/1041
f 6428/1088/1041 6446/1088/1041 6447/1088/1042 6429/1088/1042
f 6429/1088/1042 6447/1088/1042 6448/1088/1043 6430/1088/1043
f 6430/1088/1043 6448/1088/1043 6449/1088/1252 6431/1088/1252
f 6431/1088/1252 6449/1088/1252 6450/1088/1045 6432/1088/1045
f 6432/1088/1045 6450/1088/1045 6458/1088/1057 6442/1088/1046
f 6442/1088/1046 6458/1088/1057 6451/1088/1047 6433/1088/1047
f 6433/1088/1047 6451/1088/1047 6452/1088/1254 6434/1088/1048
f 6434/1088/1048 6452/1088/1254 6453/1088/1049 6435/1088/1049
f 6435/1088/1049 6453/1088/1049 6454/1088/1050 6436/1088/1050
f 6436/1088/1050 6454/1088/1050 6459/1088/1051 6437/1088/1051
f 6437/1088/1051 6459/1088/1051 6455/1088/1052 6438/1088/1052
f 6438/1088/1052 6455/1088/1052 6460/1088/1053 6439/1088/1053
f 6439/1088/1053 6460/1088/1053 6456/1088/1054 6440/1088/1054
f 6440/1088/1054 6456/1088/1054 6461/1088/1055 6441/1088/1055
f 6441/1088/1055 6461/1088/1055 6457/1088/1056 6424/1088/1056
f 6457/1088/1056 6477/1088/1056 6478/1088/1038 6443/1088/1250
f 6443/1088/1250 6478/1088/1038 6462/1088/1039 6444/1088/1039
f 6444/1088/1039 6462/1088/1039 6463/1088/1040 6445/1088/1040
f 6445/1088/1040 6463/1088/1040 6479/1088/1041 6446/1088/1041
f 6446/1088/1041 6479/1088/1041 6464/1088/1042 6447/1088/1042
f 6447/1088/1042 6464/1088/1042 6465/1088/1043 6448/1088/1043
f 6448/1088/1043 6465/1088/1043 6466/1088/1252 6449/1088/1252
f 6449/1088/1252 6466/1088/1252 6467/1088/1045 6450/1088/1045
f 6450/1088/1045 6467/1088/1045 6468/1088/1057 6458/1088/1057
f 6458/1088/1057 6468/1088/1057 6469/1088/1047 6451/1088/1047
f 6451/1088/1047 6469/1088/1047 6470/1088/1254 6452/1088/1254
f 6452/1088/1254 6470/1088/1254 6480/1088/1049 6453/1088/1049
f 6453/1088/1049 6480/1088/1049 6471/1088/1050 6454/1088/1050
f 6454/1088/1050 6471/1088/1050 6472/1088/1051 6459/1088/1051
f 6459/1088/1051 6472/1088/1051 6473/1088/1052 6455/1088/1052
f 6455/1088/1052 6473/1088/1052 6474/1088/1053 6460/1088/1053
f 6460/1088/1053 6474/1088/1053 6475/1088/1054 6456/1088/1054
f 6456/1088/1054 6475/1088/1054 6476/1088/1055 6461/1088/1055
f 6461/1088/1055 6476/1088/1055 6477/1088/1056 6457/1088/1056
f 6477/1088/1056 6481/1088/1037 6482/1088/1038 6478/1088/1038
f 6478/1088/1038 6482/1088/1038 6483/1088/1039 6462/1088/1039
f 6462/1088/1039 6483/1088/1039 6484/1088/1040 6463/1088/1040
f 6463/1088/1040 6484/1088/1040 6485/1088/1041 6479/1088/1041
f 6479/1088/1041 6485/1088/1041 6486/1088/1042 6464/1088/1042
f 6464/1088/1042 6486/1088/1042 6487/1088/1043 6465/1088/1043
f 6465/1088/1043 6487/1088/1043 6488/1088/1252 6466/1088/1252
f 6466/1088/1252 6488/1088/1252 6489/1088/1045 6467/1088/1045
f 6467/1088/1045 6489/1088/1045 6490/1088/1057 6468/1088/1057
f 6468/1088/1057 6490/1088/1057 6491/1088/1047 6469/1088/1047
f 6469/1088/1047 6491/1088/1047 6492/1088/1255 6470/1088/1254
f 6470/1088/1254 6492/1088/1255 6493/1088/1256 6480/1088/1049
f 6480/1088/1049 6493/1088/1256 6494/1088/1050 6471/1088/1050
f 6471/1088/1050 6494/1088/1050 6495/1088/1051 6472/1088/1051
f 6472/1088/1051 6495/1088/1051 6496/1088/1253 6473/1088/1052
f 6473/1088/1052 6496/1088/1253 6497/1088/1053 6474/1088/1053
f 6474/1088/1053 6497/1088/1053 6498/1088/1054 6475/1088/1054
f 6475/1088/1054 6498/1088/1054 6499/1088/1055 6476/1088/1055
f 6476/1088/1055 6499/1088/1055 6481/1088/1037 6477/1088/1056
f 6500/1088/1078 6510/1088/1078 6511/1088/1059 6501/1088/1059
f 6501/1088/1059 6511/1088/1059 6512/1088/1060 6502/1088/1060
f 6502/1088/1060 6512/1088/1060 6513/1088/1061 6503/1088/1061
f 6503/1088/1061 6513/1088/1061 6514/1088/1062 6504/1088/1062
f 6504/1088/1062 6514/1088/1062 6515/1088/1063 6505/1088/1063
f 6505/1088/1063 6515/1088/1063 6521/1088/1064 1843/1088/1064
f 1843/1088/1064 6521/1088/1064 6516/1088/1065 6506/1088/1065
f 6506/1088/1065 6516/1088/1065 6522/1088/1066 1844/1088/1066
f 1844/1088/1066 6522/1088/1066 6523/1088/1068 1845/1088/1067
f 1845/1088/1067 6523/1088/1068 6524/1088/1069 1846/1088/1069
f 1846/1088/1069 6524/1088/1069 6525/1088/1070 1847/1088/1070
f 1847/1088/1070 6525/1088/1070 6526/1088/1071 1848/1088/1071
f 1848/1088/1071 6526/1088/1071 6527/1088/1072 1849/1088/1072
f 1849/1088/1072 6527/1088/1072 6528/1088/1073 1850/1088/1073
f 1850/1088/1073 6528/1088/1073 6517/1088/1074 6507/1088/1074
f 6507/1088/1074 6517/1088/1074 6518/1088/1075 1851/1088/1075
f 1851/1088/1075 6518/1088/1075 6519/1088/1076 6508/1088/1076
f 6508/1088/1076 6519/1088/1076 6520/1088/1077 6509/1088/1077
f 6509/1088/1077 6520/1088/1077 6510/1088/1078 6500/1088/1078
f 6510/1088/1078 6529/1088/1078 6530/1088/1059 6511/1088/1059
f 6511/1088/1059 6530/1088/1059 6531/1088/1060 6512/1088/1060
f 6512/1088/1060 6531/1088/1060 6532/1088/1061 6513/1088/1061
f 6513/1088/1061 6532/1088/1061 6533/1088/1062 6514/1088/1062
f 6514/1088/1062 6533/1088/1062 6534/1088/1063 6515/1088/1063
f 6515/1088/1063 6534/1088/1063 6535/1088/1064 6521/1088/1064
f 6521/1088/1064 6535/1088/1064 6536/1088/1065 6516/1088/1065
f 6516/1088/1065 6536/1088/1065 6540/1088/1066 6522/1088/1066
f 6522/1088/1066 6540/1088/1066 6537/1088/1068 6523/1088/1068
f 6523/1088/1068 6537/1088/1068 6541/1088/1069 6524/1088/1069
f 6524/1088/1069 6541/1088/1069 6542/1088/1070 6525/1088/1070
f 6525/1088/1070 6542/1088/1070 6543/1088/1071 6526/1088/1071
f 6526/1088/1071 6543/1088/1071 6544/1088/1072 6527/1088/1072
f 6527/1088/1072 6544/1088/1072 6545/1088/1073 6528/1088/1073
f 6528/1088/1073 6545/1088/1073 6546/1088/1074 6517/1088/1074
f 6517/1088/1074 6546/1088/1074 6538/1088/1075 6518/1088/1075
f 6518/1088/1075 6538/1088/1075 6539/1088/1076 6519/1088/1076
f 6519/1088/1076 6539/1088/1076 6547/1088/1077 6520/1088/1077
f 6520/1088/1077 6547/1088/1077 6529/1088/1078 6510/1088/1078
f 6529/1088/1078 6557/1088/1078 6558/1088/1059 6530/1088/1059
f 6530/1088/1059 6558/1088/1059 6559/1088/1060 6531/1088/1060
f 6531/1088/1060 6559/1088/1060 6560/1088/1061 6532/1088/1061
f 6532/1088/1061 6560/1088/1061 6561/1088/1062 6533/1088/1062
f 6533/1088/1062 6561/1088/1062 6562/1088/1063 6534/1088/1063
f 6534/1088/1063 6562/1088/1063 6563/1088/1064 6535/1088/1064
f 6535/1088/1064 6563/1088/1064 6564/1088/1065 6536/1088/1065
f 6536/1088/1065 6564/1088/1065 6548/1088/1066 6540/1088/1066
f 6540/1088/1066 6548/1088/1066 6565/1088/1068 6537/1088/1068
f 6537/1088/1068 6565/1088/1068 6549/1088/1069 6541/1088/1069
f 6541/1088/1069 6549/1088/1069 6550/1088/1070 6542/1088/1070
f 6542/1088/1070 6550/1088/1070 6551/1088/1071 6543/1088/1071
f 6543/1088/1071 6551/1088/1071 6552/1088/1072 6544/1088/1072
f 6544/1088/1072 6552/1088/1072 6553/1088/1073 6545/1088/1073
f 6545/1088/1073 6553/1088/1073 6554/1088/1074 6546/1088/1074
f 6546/1088/1074 6554/1088/1074 6555/1088/1075 6538/1088/1075
f 6538/1088/1075 6555/1088/1075 6566/1088/1076 6539/1088/1076
f 6539/1088/1076 6566/1088/1076 6556/1088/1077 6547/1088/1077
f 6547/1088/1077 6556/1088/1077 6557/1088/1078 6529/1088/1078
f 6557/1088/1078 6567/1088/1058 6568/1088/1059 6558/1088/1059
f 6558/1088/1059 6568/1088/1059 6569/1088/1060 6559/1088/1060
f 6559/1088/1060 6569/1088/1060 6570/1088/1061 6560/1088/1061
f 6560/1088/1061 6570/1088/1061 6580/1088/1062 6561/1088/1062
f 6561/1088/1062 6580/1088/1062 6581/1088/1063 6562/1088/1063
f 6562/1088/1063 6581/1088/1063 6571/1088/1064 6563/1088/1064
f 6563/1088/1064 6571/1088/1064 6572/1088/1065 6564/1088/1065
f 6564/1088/1065 6572/1088/1065 6573/1088/1066 6548/1088/1066
f 6548/1088/1066 6573/1088/1066 6582/1088/1068 6565/1088/1068
f 6565/1088/1068 6582/1088/1068 6583/1088/1069 6549/1088/1069
f 6549/1088/1069 6583/1088/1069 6574/1088/1070 6550/1088/1070
f 6550/1088/1070 6574/1088/1070 6584/1088/1071 6551/1088/1071
f 6551/1088/1071 6584/1088/1071 6575/1088/1072 6552/1088/1072
f 6552/1088/1072 6575/1088/1072 6576/1088/1073 6553/1088/1073
f 6553/1088/1073 6576/1088/1073 6585/1088/1074 6554/1088/1074
f 6554/1088/1074 6585/1088/1074 6577/1088/1075 6555/1088/1075
f 6555/1088/1075 6577/1088/1075 6578/1088/1076 6566/1088/1076
f 6566/1088/1076 6578/1088/1076 6579/1088/1077 6556/1088/1077
f 6556/1088/1077 6579/1088/1077 6567/1088/1058 6557/1088/1078
f 6567/1088/1058 6586/1088/1078 6587/1088/1059 6568/1088/1059
f 6568/1088/1059 6587/1088/1059 6588/1088/1060 6569/1088/1060
f 6569/1088/1060 6588/1088/1060 6589/1088/1061 6570/1088/1061
f 6570/1088/1061 6589/1088/1061 6590/1088/1062 6580/1088/1062
f 6580/1088/1062 6590/1088/1062 6591/1088/1063 6581/1088/1063
f 6581/1088/1063 6591/1088/1063 6592/1088/1064 6571/1088/1064
f 6571/1088/1064 6592/1088/1064 6593/1088/1257 6572/1088/1065
f 6572/1088/1065 6593/1088/1257 6594/1088/1066 6573/1088/1066
f 6573/1088/1066 6594/1088/1066 6599/1088/1068 6582/1088/1068
f 6582/1088/1068 6599/1088/1068 6600/1088/1069 6583/1088/1069
f 6583/1088/1069 6600/1088/1069 6601/1088/1070 6574/1088/1070
f 6574/1088/1070 6601/1088/1070 6602/1088/1071 6584/1088/1071
f 6584/1088/1071 6602/1088/1071 6603/1088/1072 6575/1088/1072
f 6575/1088/1072 6603/1088/1072 6604/1088/1073 6576/1088/1073
f 6576/1088/1073 6604/1088/1073 6595/1088/1074 6585/1088/1074
f 6585/1088/1074 6595/1088/1074 6596/1088/1075 6577/1088/1075
f 6577/1088/1075 6596/1088/1075 6597/1088/1076 6578/1088/1076
f 6578/1088/1076 6597/1088/1076 6598/1088/1077 6579/1088/1077
f 6579/1088/1077 6598/1088/1077 6586/1088/1078 6567/1088/1058
f 6586/1088/1078 6605/1088/1078 6606/1088/1059 6587/1088/1059
f 6587/1088/1059 6606/1088/1059 6607/1088/1060 6588/1088/1060
f 6588/1088/1060 6607/1088/1060 6608/1088/1061 6589/1088/1061
f 6589/1088/1061 6608/1088/1061 6618/1088/1062 6590/1088/1062
f 6590/1088/1062 6618/1088/1062 6619/1088/1063 6591/1088/1063
f 6591/1088/1063 6619/1088/1063 6620/1088/1064 6592/1088/1064
f 6592/1088/1064 6620/1088/1064 6609/1088/1258 6593/1088/1257
f 6593/1088/1257 6609/1088/1258 6610/1088/1066 6594/1088/1066
f 6594/1088/1066 6610/1088/1066 6611/1088/1068 6599/1088/1068
f 6599/1088/1068 6611/1088/1068 6621/1088/1069 6600/1088/1069
f 6600/1088/1069 6621/1088/1069 6612/1088/1259 6601/1088/1070
f 6601/1088/1070 6612/1088/1259 6613/1088/1071 6602/1088/1071
f 6602/1088/1071 6613/1088/1071 6614/1088/1072 6603/1088/1072
f 6603/1088/1072 6614/1088/1072 6615/1088/1073 6604/1088/1073
f 6604/1088/1073 6615/1088/1073 6622/1088/1260 6595/1088/1074
f 6595/1088/1074 6622/1088/1260 6623/1088/1075 6596/1088/1075
f 6596/1088/1075 6623/1088/1075 6616/1088/1076 6597/1088/1076
f 6597/1088/1076 6616/1088/1076 6617/1088/1077 6598/1088/1077
f 6598/1088/1077 6617/1088/1077 6605/1088/1078 6586/1088/1078
f 6605/1088/1078 6624/1088/1078 6625/1088/1059 6606/1088/1059
f 6606/1088/1059 6625/1088/1059 6626/1088/1060 6607/1088/1060
f 6607/1088/1060 6626/1088/1060 6627/1088/1061 6608/1088/1061
f 6608/1088/1061 6627/1088/1061 6628/1088/1062 6618/1088/1062
f 6618/1088/1062 6628/1088/1062 6629/1088/1063 6619/1088/1063
f 6619/1088/1063 6629/1088/1063 6630/1088/1064 6620/1088/1064
f 6620/1088/1064 6630/1088/1064 6631/1088/1258 6609/1088/1258
f 6609/1088/1258 6631/1088/1258 6632/1088/1066 6610/1088/1066
f 6610/1088/1066 6632/1088/1066 6633/1088/1068 6611/1088/1068
f 6611/1088/1068 6633/1088/1068 6634/1088/1069 6621/1088/1069
f 6621/1088/1069 6634/1088/1069 6635/1088/1070 6612/1088/1259
f 6612/1088/1259 6635/1088/1070 6636/1088/1071 6613/1088/1071
f 6613/1088/1071 6636/1088/1071 6637/1088/1072 6614/1088/1072
f 6614/1088/1072 6637/1088/1072 6638/1088/1073 6615/1088/1073
f 6615/1088/1073 6638/1088/1073 6639/1088/1260 6622/1088/1260
f 6622/1088/1260 6639/1088/1260 6642/1088/1075 6623/1088/1075
f 6623/1088/1075 6642/1088/1075 6640/1088/1076 6616/1088/1076
f 6616/1088/1076 6640/1088/1076 6641/1088/1077 6617/1088/1077
f 6617/1088/1077 6641/1088/1077 6624/1088/1078 6605/1088/1078
f 6624/1088/1078 6657/1088/1078 6643/1088/1261 6625/1088/1059
f 6625/1088/1059 6643/1088/1261 6644/1088/1060 6626/1088/1060
f 6626/1088/1060 6644/1088/1060 6658/1088/1061 6627/1088/1061
f 6627/1088/1061 6658/1088/1061 6659/1088/1062 6628/1088/1062
f 6628/1088/1062 6659/1088/1062 6645/1088/1063 6629/1088/1063
f 6629/1088/1063 6645/1088/1063 6660/1088/1064 6630/1088/1064
f 6630/1088/1064 6660/1088/1064 6646/1088/1258 6631/1088/1258
f 6631/1088/1258 6646/1088/1258 6647/1088/1066 6632/1088/1066
f 6632/1088/1066 6647/1088/1066 6648/1088/1068 6633/1088/1068
f 6633/1088/1068 6648/1088/1068 6661/1088/1069 6634/1088/1069
f 6634/1088/1069 6661/1088/1069 6649/1088/1070 6635/1088/1070
f 6635/1088/1070 6649/1088/1070 6650/1088/1071 6636/1088/1071
f 6636/1088/1071 6650/1088/1071 6651/1088/1072 6637/1088/1072
f 6637/1088/1072 6651/1088/1072 6652/1088/1073 6638/1088/1073
f 6638/1088/1073 6652/1088/1073 6653/1088/1074 6639/1088/1260
f 6639/1088/1260 6653/1088/1074 6654/1088/1075 6642/1088/1075
f 6642/1088/1075 6654/1088/1075 6655/1088/1076 6640/1088/1076
f 6640/1088/1076 6655/1088/1076 6656/1088/1077 6641/1088/1077
f 6641/1088/1077 6656/1088/1077 6657/1088/1078 6624/1088/1078
f 6657/1088/1078 6671/1088/1078 6672/1088/1261 6643/1088/1261
f 6643/1088/1261 6672/1088/1261 6662/1088/1060 6644/1088/1060
f 6644/1088/1060 6662/1088/1060 6673/1088/1061 6658/1088/1061
f 6658/1088/1061 6673/1088/1061 6663/1088/1062 6659/1088/1062
f 6659/1088/1062 6663/1088/1062 6674/1088/1063 6645/1088/1063
f 6645/1088/1063 6674/1088/1063 6664/1088/1064 6660/1088/1064
f 6660/1088/1064 6664/1088/1064 6675/1088/1258 6646/1088/1258
f 6646/1088/1258 6675/1088/1258 6676/1088/1066 6647/1088/1066
f 6647/1088/1066 6676/1088/1066 6677/1088/1068 6648/1088/1068
f 6648/1088/1068 6677/1088/1068 6665/1088/1069 6661/1088/1069
f 6661/1088/1069 6665/1088/1069 6678/1088/1070 6649/1088/1070
f 6649/1088/1070 6678/1088/1070 6666/1088/1071 6650/1088/1071
f 6650/1088/1071 6666/1088/1071 6667/1088/1072 6651/1088/1072
f 6651/1088/1072 6667/1088/1072 6679/1088/1073 6652/1088/1073
f 6652/1088/1073 6679/1088/1073 6680/1088/1074 6653/1088/1074
f 6653/1088/1074 6680/1088/1074 6668/1088/1075 6654/1088/1075
f 6654/1088/1075 6668/1088/1075 6669/1088/1076 6655/1088/1076
f 6655/1088/1076 6669/1088/1076 6670/1088/1077 6656/1088/1077
f 6656/1088/1077 6670/1088/1077 6671/1088/1078 6657/1088/1078
f 6671/1088/1078 6681/1088/1078 6682/1088/1059 6672/1088/1261
f 6672/1088/1261 6682/1088/1059 6683/1088/1060 6662/1088/1060
f 6662/1088/1060 6683/1088/1060 6684/1088/1061 6673/1088/1061
f 6673/1088/1061 6684/1088/1061 6685/1088/1062 6663/1088/1062
f 6663/1088/1062 6685/1088/1062 6699/1088/1063 6674/1088/1063
f 6674/1088/1063 6699/1088/1063 6686/1088/1064 6664/1088/1064
f 6664/1088/1064 6686/1088/1064 6687/1088/1258 6675/1088/1258
f 6675/1088/1258 6687/1088/1258 6688/1088/1066 6676/1088/1066
f 6676/1088/1066 6688/1088/1066 6689/1088/1068 6677/1088/1068
f 6677/1088/1068 6689/1088/1068 6690/1088/1069 6665/1088/1069
f 6665/1088/1069 6690/1088/1069 6691/1088/1259 6678/1088/1070
f 6678/1088/1070 6691/1088/1259 6692/1088/1071 6666/1088/1071
f 6666/1088/1071 6692/1088/1071 6693/1088/1072 6667/1088/1072
f 6667/1088/1072 6693/1088/1072 6694/1088/1073 6679/1088/1073
f 6679/1088/1073 6694/1088/1073 6695/1088/1074 6680/1088/1074
f 6680/1088/1074 6695/1088/1074 6696/1088/1075 6668/1088/1075
f 6668/1088/1075 6696/1088/1075 6697/1088/1076 6669/1088/1076
f 6669/1088/1076 6697/1088/1076 6698/1088/1077 6670/1088/1077
f 6670/1088/1077 6698/1088/1077 6681/1088/1078 6671/1088/1078
f 6681/1088/1078 6700/1088/1078 6701/1088/1059 6682/1088/1059
f 6682/1088/1059 6701/1088/1059 6702/1088/1060 6683/1088/1060
f 6683/1088/1060 6702/1088/1060 6703/1088/1061 6684/1088/1061
f 6684/1088/1061 6703/1088/1061 6704/1088/1062 6685/1088/1062
f 6685/1088/1062 6704/1088/1062 6705/1088/1063 6699/1088/1063
f 6699/1088/1063 6705/1088/1063 6706/1088/1064 6686/1088/1064
f 6686/1088/1064 6706/1088/1064 6707/1088/1258 6687/1088/1258
f 6687/1088/1258 6707/1088/1258 6708/1088/1066 6688/1088/1066
f 6688/1088/1066 6708/1088/1066 6709/1088/1068 6689/1088/1068
f 6689/1088/1068 6709/1088/1068 6710/1088/1069 6690/1088/1069
f 6690/1088/1069 6710/1088/1069 6711/1088/1070 6691/1088/1259
f 6691/1088/1259 6711/1088/1070 6712/1088/1071 6692/1088/1071
f 6692/1088/1071 6712/1088/1071 6713/1088/1072 6693/1088/1072
f 6693/1088/1072 6713/1088/1072 6714/1088/1073 6694/1088/1073
f 6694/1088/1073 6714/1088/1073 6715/1088/1260 6695/1088/1074
f 6695/1088/1074 6715/1088/1260 6716/1088/1262 6696/1088/1075
f 6696/1088/1075 6716/1088/1262 6717/1088/1076 6697/1088/1076
f 6697/1088/1076 6717/1088/1076 6718/1088/1077 6698/1088/1077
f 6698/1088/1077 6718/1088/1077 6700/1088/1078 6681/1088/1078
