# Blender 4.5.1 LTS
# www.blender.org
mtllib metanal.mtl
o metanal
v 0.031750 0.356131 -0.293090
v 0.031750 0.292090 -0.357131
v 0.031750 0.175800 -0.426832
v 0.031750 0.133112 -0.442106
v 0.031750 0.089132 -0.453123
v 0.031750 0.044284 -0.459775
v 0.031750 -0.046284 -0.459775
v 0.031750 -0.091132 -0.453123
v 0.031750 -0.218785 -0.407448
v 0.031750 -0.257673 -0.384139
v 0.031750 -0.294090 -0.357131
v 0.031750 -0.358131 -0.293090
v 0.031750 -0.385139 -0.256673
v 0.031750 -0.408448 -0.217785
v 0.031750 -0.454123 -0.090132
v 0.031750 -0.460775 -0.045284
v 0.040584 0.458775 -0.044414
v 0.049334 0.452123 -0.088400
v 0.057914 0.441106 -0.131535
v 0.066242 0.425832 -0.173403
v 0.074238 0.406448 -0.213601
v 0.081825 0.383139 -0.251742
v 0.088929 0.356131 -0.287458
v 0.095483 0.325683 -0.320406
v 0.101423 0.292090 -0.350269
v 0.106692 0.255673 -0.376758
v 0.111239 0.216785 -0.399619
v 0.115021 0.175800 -0.418631
v 0.118001 0.133112 -0.433611
v 0.120150 0.089132 -0.444416
v 0.121448 0.044284 -0.450941
v 0.121882 -0.001000 -0.453123
v 0.121448 -0.046284 -0.450941
v 0.120150 -0.091132 -0.444416
v 0.118001 -0.135112 -0.433611
v 0.115021 -0.177800 -0.418631
v 0.111239 -0.218785 -0.399619
v 0.106692 -0.257673 -0.376758
v 0.101423 -0.294090 -0.350269
v 0.095483 -0.327683 -0.320406
v 0.088929 -0.358131 -0.287458
v 0.081825 -0.385139 -0.251742
v 0.074238 -0.408448 -0.213601
v 0.066242 -0.427832 -0.173403
v 0.057914 -0.443106 -0.131535
v 0.049334 -0.454123 -0.088400
v 0.040584 -0.460775 -0.044414
v 0.049079 0.458775 -0.041837
v 0.066242 0.452123 -0.083271
v 0.083072 0.441106 -0.123903
v 0.099408 0.425832 -0.163342
v 0.115093 0.406448 -0.201207
v 0.129975 0.383139 -0.237135
v 0.143911 0.356131 -0.270780
v 0.156766 0.325683 -0.301816
v 0.168418 0.292090 -0.329946
v 0.178754 0.255673 -0.354898
v 0.187673 0.216785 -0.376433
v 0.195092 0.175800 -0.394342
v 0.200937 0.133112 -0.408453
v 0.205153 0.089132 -0.418631
v 0.207698 0.044284 -0.424777
v 0.208550 -0.001000 -0.426832
v 0.207698 -0.046284 -0.424777
v 0.205153 -0.091132 -0.418631
v 0.200937 -0.135112 -0.408453
v 0.195092 -0.177800 -0.394342
v 0.187673 -0.218785 -0.376433
v 0.178754 -0.257673 -0.354898
v 0.168418 -0.294090 -0.329946
v 0.156766 -0.327683 -0.301816
v 0.143911 -0.358131 -0.270780
v 0.129975 -0.385139 -0.237135
v 0.115093 -0.408448 -0.201207
v 0.099408 -0.427832 -0.163342
v 0.083072 -0.443106 -0.123903
v 0.066242 -0.454123 -0.083271
v 0.049079 -0.460775 -0.041837
v 0.056908 0.458775 -0.037652
v 0.081825 0.452123 -0.074942
v 0.106258 0.441106 -0.111510
v 0.129975 0.425832 -0.147004
v 0.152745 0.406448 -0.181082
v 0.174350 0.383139 -0.213416
v 0.194582 0.356131 -0.243695
v 0.213246 0.325683 -0.271627
v 0.230161 0.292090 -0.296943
v 0.245166 0.255673 -0.319400
v 0.258116 0.216785 -0.338780
v 0.268885 0.175800 -0.354898
v 0.277371 0.133112 -0.367598
v 0.283492 0.089132 -0.376758
v 0.287188 0.044284 -0.382289
v 0.288424 -0.001000 -0.384139
v 0.287188 -0.046284 -0.382289
v 0.283492 -0.091132 -0.376758
v 0.277371 -0.135112 -0.367598
v 0.268885 -0.177800 -0.354898
v 0.258116 -0.218785 -0.338780
v 0.245166 -0.257673 -0.319400
v 0.230161 -0.294090 -0.296943
v 0.213246 -0.327683 -0.271627
v 0.194582 -0.358131 -0.243695
v 0.174350 -0.385139 -0.213416
v 0.152745 -0.408448 -0.181082
v 0.129975 -0.427832 -0.147004
v 0.106258 -0.443106 -0.111510
v 0.081825 -0.454123 -0.074942
v 0.056908 -0.460775 -0.037652
v 0.063771 0.458775 -0.032021
v 0.095483 0.452123 -0.063733
v 0.126581 0.441106 -0.094831
v 0.156766 0.425832 -0.125016
v 0.185747 0.406448 -0.153997
v 0.213246 0.383139 -0.181496
v 0.238996 0.356131 -0.207246
v 0.262750 0.325683 -0.231000
v 0.284280 0.292090 -0.252530
v 0.303377 0.255673 -0.271627
v 0.319859 0.216785 -0.288109
v 0.333566 0.175800 -0.301816
v 0.344366 0.133112 -0.312616
v 0.352156 0.089132 -0.320406
v 0.356860 0.044284 -0.325110
v 0.358433 -0.001000 -0.326683
v 0.356860 -0.046284 -0.325110
v 0.352156 -0.091132 -0.320406
v 0.344366 -0.135112 -0.312616
v 0.333566 -0.177800 -0.301816
v 0.319859 -0.218785 -0.288109
v 0.303377 -0.257673 -0.271627
v 0.284280 -0.294090 -0.252530
v 0.262750 -0.327683 -0.231000
v 0.238996 -0.358131 -0.207246
v 0.213246 -0.385139 -0.181496
v 0.185747 -0.408448 -0.153997
v 0.156766 -0.427832 -0.125016
v 0.126581 -0.443106 -0.094831
v 0.095483 -0.454123 -0.063733
v 0.063771 -0.460775 -0.032021
v 0.069402 0.458775 -0.025158
v 0.106692 0.452123 -0.050074
v 0.143260 0.441106 -0.074508
v 0.178754 0.425832 -0.098225
v 0.212832 0.406448 -0.120995
v 0.245166 0.383139 -0.142600
v 0.275445 0.356131 -0.162832
v 0.303377 0.325683 -0.181496
v 0.328693 0.292090 -0.198411
v 0.351150 0.255673 -0.213416
v 0.370530 0.216785 -0.226366
v 0.386648 0.175800 -0.237135
v 0.399348 0.133112 -0.245621
v 0.408508 0.089132 -0.251741
v 0.414039 0.044284 -0.255437
v 0.415889 -0.001000 -0.256673
v 0.414039 -0.046284 -0.255437
v 0.408508 -0.091132 -0.251741
v 0.399348 -0.135112 -0.245621
v 0.386648 -0.177800 -0.237135
v 0.370530 -0.218785 -0.226366
v 0.351150 -0.257673 -0.213416
v 0.328693 -0.294090 -0.198411
v 0.303377 -0.327683 -0.181496
v 0.275445 -0.358131 -0.162832
v 0.245166 -0.385139 -0.142600
v 0.212832 -0.408448 -0.120995
v 0.178754 -0.427832 -0.098225
v 0.143260 -0.443106 -0.074508
v 0.106692 -0.454123 -0.050074
v 0.069402 -0.460775 -0.025158
v 0.073587 0.458775 -0.017329
v 0.115021 0.452123 -0.034492
v 0.155653 0.441106 -0.051322
v 0.195092 0.425832 -0.067658
v 0.232957 0.406448 -0.083343
v 0.268885 0.383139 -0.098225
v 0.302530 0.356131 -0.112161
v 0.333566 0.325683 -0.125016
v 0.361696 0.292090 -0.136668
v 0.386648 0.255673 -0.147004
v 0.408183 0.216785 -0.155923
v 0.426092 0.175800 -0.163342
v 0.440203 0.133112 -0.169187
v 0.450381 0.089132 -0.173403
v 0.456527 0.044284 -0.175948
v 0.458582 -0.001000 -0.176800
v 0.456527 -0.046284 -0.175948
v 0.450381 -0.091132 -0.173403
v 0.440203 -0.135112 -0.169187
v 0.426092 -0.177800 -0.163342
v 0.408183 -0.218785 -0.155923
v 0.386648 -0.257673 -0.147004
v 0.361696 -0.294090 -0.136668
v 0.333566 -0.327683 -0.125016
v 0.302530 -0.358131 -0.112161
v 0.268885 -0.385139 -0.098225
v 0.232957 -0.408448 -0.083343
v 0.195092 -0.427832 -0.067658
v 0.155653 -0.443106 -0.051322
v 0.115021 -0.454123 -0.034492
v 0.073587 -0.460775 -0.017329
v 0.076164 0.458775 -0.008834
v 0.120150 0.452123 -0.017584
v 0.163285 0.441106 -0.026164
v 0.205153 0.425832 -0.034492
v 0.245351 0.406448 -0.042488
v 0.283492 0.383139 -0.050074
v 0.319208 0.356131 -0.057179
v 0.352156 0.325683 -0.063733
v 0.382019 0.292090 -0.069673
v 0.408508 0.255673 -0.074942
v 0.431369 0.216785 -0.079489
v 0.450381 0.175800 -0.083271
v 0.465361 0.133112 -0.086251
v 0.476166 0.089132 -0.088400
v 0.482691 0.044284 -0.089698
v 0.484873 -0.001000 -0.090132
v 0.482691 -0.046284 -0.089698
v 0.476166 -0.091132 -0.088400
v 0.465361 -0.135112 -0.086251
v 0.450381 -0.177800 -0.083271
v 0.431369 -0.218785 -0.079489
v 0.408508 -0.257673 -0.074942
v 0.382019 -0.294090 -0.069673
v 0.352156 -0.327683 -0.063733
v 0.319208 -0.358131 -0.057179
v 0.283492 -0.385139 -0.050074
v 0.245351 -0.408448 -0.042488
v 0.205153 -0.427832 -0.034492
v 0.163285 -0.443106 -0.026164
v 0.120150 -0.454123 -0.017584
v 0.076164 -0.460775 -0.008834
v 0.077034 0.458775 -0.000000
v 0.121882 0.452123 -0.000000
v 0.165862 0.441106 -0.000000
v 0.208550 0.425832 -0.000000
v 0.249535 0.406448 -0.000000
v 0.288423 0.383139 -0.000000
v 0.324840 0.356131 -0.000000
v 0.358433 0.325683 -0.000000
v 0.388881 0.292090 -0.000000
v 0.415889 0.255673 -0.000000
v 0.439198 0.216785 -0.000000
v 0.458582 0.175800 -0.000000
v 0.473856 0.133112 -0.000000
v 0.484873 0.089132 -0.000000
v 0.491525 0.044284 -0.000000
v 0.493750 -0.001000 0.000000
v 0.491525 -0.046284 0.000000
v 0.484873 -0.091132 0.000000
v 0.473856 -0.135112 0.000000
v 0.458582 -0.177800 0.000000
v 0.439198 -0.218785 0.000000
v 0.415889 -0.257673 0.000000
v 0.388881 -0.294090 0.000000
v 0.358433 -0.327683 0.000000
v 0.324840 -0.358131 0.000000
v 0.288423 -0.385139 0.000000
v 0.249535 -0.408448 0.000000
v 0.208550 -0.427832 0.000000
v 0.165862 -0.443106 0.000000
v 0.121882 -0.454123 0.000000
v 0.077034 -0.460775 0.000000
v 0.076164 0.458775 0.008834
v 0.120150 0.452123 0.017584
v 0.163285 0.441106 0.026164
v 0.205153 0.425832 0.034492
v 0.245351 0.406448 0.042488
v 0.283491 0.383139 0.050075
v 0.319208 0.356131 0.057179
v 0.352156 0.325683 0.063733
v 0.382019 0.292090 0.069673
v 0.408508 0.255673 0.074942
v 0.431369 0.216785 0.079489
v 0.450381 0.175800 0.083271
v 0.465361 0.133112 0.086251
v 0.476166 0.089132 0.088400
v 0.482691 0.044284 0.089698
v 0.484873 -0.001000 0.090132
v 0.482691 -0.046284 0.089698
v 0.476166 -0.091132 0.088400
v 0.465361 -0.135112 0.086251
v 0.450381 -0.177800 0.083271
v 0.431369 -0.218785 0.079489
v 0.408508 -0.257673 0.074942
v 0.382019 -0.294090 0.069673
v 0.352156 -0.327683 0.063733
v 0.319208 -0.358131 0.057179
v 0.283491 -0.385139 0.050075
v 0.245351 -0.408448 0.042488
v 0.205153 -0.427832 0.034492
v 0.163285 -0.443106 0.026164
v 0.120150 -0.454123 0.017584
v 0.076164 -0.460775 0.008834
v 0.073587 0.458775 0.017329
v 0.115021 0.452123 0.034492
v 0.155653 0.441106 0.051322
v 0.195092 0.425832 0.067658
v 0.232957 0.406448 0.083343
v 0.268885 0.383139 0.098225
v 0.302530 0.356131 0.112161
v 0.333566 0.325683 0.125016
v 0.361696 0.292090 0.136668
v 0.386648 0.255673 0.147004
v 0.408182 0.216785 0.155923
v 0.426092 0.175800 0.163342
v 0.440203 0.133112 0.169187
v 0.450381 0.089132 0.173403
v 0.456527 0.044284 0.175948
v 0.458582 -0.001000 0.176800
v 0.456527 -0.046284 0.175948
v 0.450381 -0.091132 0.173403
v 0.440203 -0.135112 0.169187
v 0.426092 -0.177800 0.163342
v 0.408182 -0.218785 0.155923
v 0.386648 -0.257673 0.147004
v 0.361696 -0.294090 0.136668
v 0.333566 -0.327683 0.125016
v 0.302530 -0.358131 0.112161
v 0.268885 -0.385139 0.098225
v 0.232957 -0.408448 0.083343
v 0.195092 -0.427832 0.067658
v 0.155653 -0.443106 0.051322
v 0.115021 -0.454123 0.034492
v 0.073587 -0.460775 0.017329
v 0.069402 0.458775 0.025158
v 0.106692 0.452123 0.050074
v 0.143260 0.441106 0.074508
v 0.178754 0.425832 0.098225
v 0.212832 0.406448 0.120995
v 0.245166 0.383139 0.142600
v 0.275445 0.356131 0.162832
v 0.303377 0.325683 0.181496
v 0.328693 0.292090 0.198411
v 0.351150 0.255673 0.213416
v 0.370530 0.216785 0.226366
v 0.386648 0.175800 0.237135
v 0.399348 0.133112 0.245621
v 0.408508 0.089132 0.251742
v 0.414039 0.044284 0.255437
v 0.415889 -0.001000 0.256673
v 0.414039 -0.046284 0.255437
v 0.408508 -0.091132 0.251742
v 0.399348 -0.135112 0.245621
v 0.386648 -0.177800 0.237135
v 0.370530 -0.218785 0.226366
v 0.351150 -0.257673 0.213416
v 0.328693 -0.294090 0.198411
v 0.303377 -0.327683 0.181496
v 0.275445 -0.358131 0.162832
v 0.245166 -0.385139 0.142600
v 0.212832 -0.408448 0.120995
v 0.178754 -0.427832 0.098225
v 0.143260 -0.443106 0.074508
v 0.106692 -0.454123 0.050074
v 0.069402 -0.460775 0.025158
v 0.063771 0.458775 0.032021
v 0.095483 0.452123 0.063733
v 0.126581 0.441106 0.094831
v 0.156766 0.425832 0.125016
v 0.185747 0.406448 0.153997
v 0.213245 0.383139 0.181496
v 0.238996 0.356131 0.207246
v 0.262750 0.325683 0.231000
v 0.284280 0.292090 0.252530
v 0.303377 0.255673 0.271627
v 0.319859 0.216785 0.288109
v 0.333566 0.175800 0.301816
v 0.344366 0.133112 0.312616
v 0.352156 0.089132 0.320406
v 0.356860 0.044284 0.325110
v 0.358433 -0.001000 0.326683
v 0.356860 -0.046284 0.325110
v 0.352156 -0.091132 0.320406
v 0.344366 -0.135112 0.312616
v 0.333566 -0.177800 0.301816
v 0.319859 -0.218785 0.288109
v 0.303377 -0.257673 0.271627
v 0.284280 -0.294090 0.252530
v 0.262750 -0.327683 0.231000
v 0.238996 -0.358131 0.207246
v 0.213245 -0.385139 0.181496
v 0.185747 -0.408448 0.153997
v 0.156766 -0.427832 0.125016
v 0.126581 -0.443106 0.094831
v 0.095483 -0.454123 0.063733
v 0.063771 -0.460775 0.032021
v 0.056908 0.458775 0.037652
v 0.081825 0.452123 0.074942
v 0.106258 0.441106 0.111510
v 0.129975 0.425832 0.147004
v 0.152745 0.406448 0.181082
v 0.174350 0.383139 0.213416
v 0.194582 0.356131 0.243695
v 0.213246 0.325683 0.271627
v 0.230161 0.292090 0.296943
v 0.245166 0.255673 0.319400
v 0.258116 0.216785 0.338780
v 0.268885 0.175800 0.354898
v 0.277371 0.133112 0.367598
v 0.283491 0.089132 0.376758
v 0.287187 0.044284 0.382289
v 0.288423 -0.001000 0.384139
v 0.287187 -0.046284 0.382289
v 0.283491 -0.091132 0.376758
v 0.277371 -0.135112 0.367598
v 0.268885 -0.177800 0.354898
v 0.258116 -0.218785 0.338780
v 0.245166 -0.257673 0.319400
v 0.230161 -0.294090 0.296943
v 0.213246 -0.327683 0.271627
v 0.194582 -0.358131 0.243695
v 0.174350 -0.385139 0.213416
v 0.152745 -0.408448 0.181082
v 0.129975 -0.427832 0.147004
v 0.106258 -0.443106 0.111510
v 0.081825 -0.454123 0.074942
v 0.056908 -0.460775 0.037652
v 0.049079 0.458775 0.041837
v 0.066242 0.452123 0.083271
v 0.083072 0.441106 0.123903
v 0.099408 0.425832 0.163342
v 0.115093 0.406448 0.201207
v 0.129975 0.383139 0.237135
v 0.143911 0.356131 0.270779
v 0.156766 0.325683 0.301816
v 0.168418 0.292090 0.329946
v 0.178754 0.255673 0.354898
v 0.187673 0.216785 0.376432
v 0.195092 0.175800 0.394342
v 0.200937 0.133112 0.408453
v 0.205152 0.089132 0.418631
v 0.207698 0.044284 0.424777
v 0.208550 -0.001000 0.426832
v 0.207698 -0.046284 0.424777
v 0.205152 -0.091132 0.418631
v 0.200937 -0.135112 0.408453
v 0.195092 -0.177800 0.394342
v 0.187673 -0.218785 0.376432
v 0.178754 -0.257673 0.354898
v 0.168418 -0.294090 0.329946
v 0.156766 -0.327683 0.301816
v 0.143911 -0.358131 0.270779
v 0.129975 -0.385139 0.237135
v 0.115093 -0.408448 0.201207
v 0.099408 -0.427832 0.163342
v 0.083072 -0.443106 0.123903
v 0.066242 -0.454123 0.083271
v 0.049079 -0.460775 0.041837
v 0.040584 0.458775 0.044414
v 0.049334 0.452123 0.088400
v 0.057914 0.441106 0.131535
v 0.066242 0.425832 0.173403
v 0.074238 0.406448 0.213601
v 0.081824 0.383139 0.251741
v 0.088929 0.356131 0.287458
v 0.095483 0.325683 0.320406
v 0.101423 0.292090 0.350269
v 0.106692 0.255673 0.376758
v 0.111239 0.216785 0.399618
v 0.115021 0.175800 0.418631
v 0.118001 0.133112 0.433611
v 0.120150 0.089132 0.444416
v 0.121448 0.044284 0.450941
v 0.121882 -0.001000 0.453123
v 0.121448 -0.046284 0.450941
v 0.120150 -0.091132 0.444416
v 0.118001 -0.135112 0.433611
v 0.115021 -0.177800 0.418631
v 0.111239 -0.218785 0.399618
v 0.106692 -0.257673 0.376758
v 0.101423 -0.294090 0.350269
v 0.095483 -0.327683 0.320406
v 0.088929 -0.358131 0.287458
v 0.081824 -0.385139 0.251741
v 0.074238 -0.408448 0.213601
v 0.066242 -0.427832 0.173403
v 0.057914 -0.443106 0.131535
v 0.049334 -0.454123 0.088400
v 0.040584 -0.460775 0.044414
v 0.031750 0.458775 0.045284
v 0.031750 0.452123 0.090132
v 0.031750 0.441106 0.134111
v 0.031750 0.425832 0.176800
v 0.031750 0.406448 0.217785
v 0.031750 0.383139 0.256673
v 0.031750 0.356131 0.293090
v 0.031750 0.325683 0.326683
v 0.031750 0.292090 0.357131
v 0.031750 0.255673 0.384139
v 0.031750 0.216785 0.407447
v 0.031750 0.175800 0.426832
v 0.031750 0.133112 0.442106
v 0.031750 0.089132 0.453123
v 0.031750 0.044284 0.459775
v 0.031750 -0.001000 0.462000
v 0.031750 -0.046284 0.459775
v 0.031750 -0.091132 0.453123
v 0.031750 -0.135112 0.442106
v 0.031750 -0.177800 0.426832
v 0.031750 -0.218785 0.407447
v 0.031750 -0.257673 0.384139
v 0.031750 -0.294090 0.357131
v 0.031750 -0.327683 0.326683
v 0.031750 -0.358131 0.293090
v 0.031750 -0.385139 0.256673
v 0.031750 -0.408448 0.217785
v 0.031750 -0.427832 0.176800
v 0.031750 -0.443106 0.134111
v 0.031750 -0.454123 0.090132
v 0.031750 -0.460775 0.045284
v 0.031750 -0.463000 0.000000
v 0.031750 0.461000 -0.000000
v 0.022916 0.458775 0.044414
v 0.014166 0.452123 0.088400
v 0.005586 0.441106 0.131535
v -0.002742 0.425832 0.173403
v -0.010738 0.406448 0.213601
v -0.018324 0.383139 0.251741
v -0.025429 0.356131 0.287458
v -0.031983 0.325683 0.320406
v -0.037923 0.292090 0.350269
v -0.043192 0.255673 0.376758
v -0.047739 0.216785 0.399618
v -0.051521 0.175800 0.418631
v -0.054501 0.133112 0.433611
v -0.056650 0.089132 0.444416
v -0.057948 0.044284 0.450941
v -0.058382 -0.001000 0.453122
v -0.057948 -0.046284 0.450941
v -0.056650 -0.091132 0.444416
v -0.054501 -0.135112 0.433611
v -0.051521 -0.177800 0.418631
v -0.047739 -0.218785 0.399618
v -0.043192 -0.257673 0.376758
v -0.037923 -0.294090 0.350269
v -0.031983 -0.327683 0.320406
v -0.025429 -0.358131 0.287458
v -0.018324 -0.385139 0.251741
v -0.010738 -0.408448 0.213601
v -0.002742 -0.427832 0.173403
v 0.005586 -0.443106 0.131535
v 0.014166 -0.454123 0.088400
v 0.022916 -0.460775 0.044414
v 0.014421 0.458775 0.041837
v -0.002742 0.452123 0.083271
v -0.019572 0.441106 0.123903
v -0.035908 0.425832 0.163342
v -0.051593 0.406448 0.201207
v -0.066475 0.383139 0.237135
v -0.080411 0.356131 0.270779
v -0.093266 0.325683 0.301816
v -0.104918 0.292090 0.329946
v -0.115254 0.255673 0.354898
v -0.124173 0.216785 0.376432
v -0.131592 0.175800 0.394342
v -0.137437 0.133112 0.408453
v -0.141653 0.089132 0.418631
v -0.144198 0.044284 0.424777
v -0.145050 -0.001000 0.426832
v -0.144198 -0.046284 0.424777
v -0.141653 -0.091132 0.418631
v -0.137437 -0.135112 0.408453
v -0.131592 -0.177800 0.394342
v -0.124173 -0.218785 0.376432
v -0.115254 -0.257673 0.354898
v -0.104918 -0.294090 0.329946
v -0.093266 -0.327683 0.301816
v -0.080411 -0.358131 0.270779
v -0.066475 -0.385139 0.237135
v -0.051593 -0.408448 0.201207
v -0.035908 -0.427832 0.163342
v -0.019572 -0.443106 0.123903
v -0.002742 -0.454123 0.083271
v 0.014421 -0.460775 0.041837
v 0.006592 0.458775 0.037652
v -0.018324 0.452123 0.074942
v -0.042758 0.441106 0.111510
v -0.066475 0.425832 0.147004
v -0.089245 0.406448 0.181082
v -0.110850 0.383139 0.213416
v -0.131082 0.356131 0.243695
v -0.149745 0.325683 0.271627
v -0.166661 0.292090 0.296943
v -0.181666 0.255673 0.319400
v -0.194616 0.216785 0.338780
v -0.205385 0.175800 0.354898
v -0.213871 0.133112 0.367598
v -0.219991 0.089132 0.376758
v -0.223687 0.044284 0.382289
v -0.224923 -0.001000 0.384139
v -0.223687 -0.046284 0.382289
v -0.219991 -0.091132 0.376758
v -0.213871 -0.135112 0.367598
v -0.205385 -0.177800 0.354898
v -0.194616 -0.218785 0.338780
v -0.181666 -0.257673 0.319400
v -0.166661 -0.294090 0.296943
v -0.149745 -0.327683 0.271627
v -0.131082 -0.358131 0.243695
v -0.110850 -0.385139 0.213416
v -0.089245 -0.408448 0.181082
v -0.066475 -0.427832 0.147004
v -0.042758 -0.443106 0.111510
v -0.018324 -0.454123 0.074942
v 0.006592 -0.460775 0.037652
v -0.000271 0.458775 0.032021
v -0.031983 0.452123 0.063733
v -0.063081 0.441106 0.094831
v -0.093266 0.425832 0.125016
v -0.122247 0.406448 0.153997
v -0.149745 0.383139 0.181495
v -0.175496 0.356131 0.207246
v -0.199250 0.325683 0.231000
v -0.220780 0.292090 0.252530
v -0.239877 0.255673 0.271627
v -0.256359 0.216785 0.288109
v -0.270066 0.175800 0.301816
v -0.280866 0.133112 0.312616
v -0.288656 0.089132 0.320406
v -0.293360 0.044284 0.325110
v -0.294933 -0.001000 0.326683
v -0.293360 -0.046284 0.325110
v -0.288656 -0.091132 0.320406
v -0.280866 -0.135112 0.312616
v -0.270066 -0.177800 0.301816
v -0.256359 -0.218785 0.288109
v -0.239877 -0.257673 0.271627
v -0.220780 -0.294090 0.252530
v -0.199250 -0.327683 0.231000
v -0.175496 -0.358131 0.207246
v -0.149745 -0.385139 0.181495
v -0.122247 -0.408448 0.153997
v -0.093266 -0.427832 0.125016
v -0.063081 -0.443106 0.094831
v -0.031983 -0.454123 0.063733
v -0.000271 -0.460775 0.032021
v -0.005902 0.458775 0.025158
v -0.043192 0.452123 0.050074
v -0.079760 0.441106 0.074508
v -0.115254 0.425832 0.098225
v -0.149332 0.406448 0.120995
v -0.181666 0.383139 0.142600
v -0.211945 0.356131 0.162832
v -0.239877 0.325683 0.181495
v -0.265193 0.292090 0.198411
v -0.287650 0.255673 0.213416
v -0.307030 0.216785 0.226366
v -0.323148 0.175800 0.237135
v -0.335848 0.133112 0.245621
v -0.345008 0.089132 0.251741
v -0.350539 0.044284 0.255437
v -0.352389 -0.001000 0.256673
v -0.350539 -0.046284 0.255437
v -0.345008 -0.091132 0.251741
v -0.335848 -0.135112 0.245621
v -0.323148 -0.177800 0.237135
v -0.307030 -0.218785 0.226366
v -0.287650 -0.257673 0.213416
v -0.265193 -0.294090 0.198411
v -0.239877 -0.327683 0.181495
v -0.211945 -0.358131 0.162832
v -0.181666 -0.385139 0.142600
v -0.149332 -0.408448 0.120995
v -0.115254 -0.427832 0.098225
v -0.079760 -0.443106 0.074508
v -0.043192 -0.454123 0.050074
v -0.005902 -0.460775 0.025158
v -0.010087 0.458775 0.017329
v -0.051521 0.452123 0.034492
v -0.092153 0.441106 0.051322
v -0.131592 0.425832 0.067658
v -0.169457 0.406448 0.083343
v -0.205385 0.383139 0.098225
v -0.239029 0.356131 0.112160
v -0.270066 0.325683 0.125016
v -0.298196 0.292090 0.136668
v -0.323148 0.255673 0.147003
v -0.344682 0.216785 0.155923
v -0.362591 0.175800 0.163342
v -0.376703 0.133112 0.169187
v -0.386881 0.089132 0.173402
v -0.393027 0.044284 0.175948
v -0.395082 -0.001000 0.176799
v -0.393027 -0.046284 0.175948
v -0.386881 -0.091132 0.173402
v -0.376703 -0.135112 0.169187
v -0.362591 -0.177800 0.163342
v -0.344682 -0.218785 0.155923
v -0.323148 -0.257673 0.147003
v -0.298196 -0.294090 0.136668
v -0.270066 -0.327683 0.125016
v -0.239029 -0.358131 0.112160
v -0.205385 -0.385139 0.098225
v -0.169457 -0.408448 0.083343
v -0.131592 -0.427832 0.067658
v -0.092153 -0.443106 0.051322
v -0.051521 -0.454123 0.034492
v -0.010087 -0.460775 0.017329
v -0.012664 0.458775 0.008834
v -0.056650 0.452123 0.017584
v -0.099784 0.441106 0.026164
v -0.141652 0.425832 0.034492
v -0.181850 0.406448 0.042488
v -0.219991 0.383139 0.050074
v -0.255708 0.356131 0.057179
v -0.288656 0.325683 0.063733
v -0.318519 0.292090 0.069673
v -0.345008 0.255673 0.074942
v -0.367868 0.216785 0.079489
v -0.386881 0.175800 0.083271
v -0.401861 0.133112 0.086251
v -0.412666 0.089132 0.088400
v -0.419190 0.044284 0.089698
v -0.421372 -0.001000 0.090131
v -0.419190 -0.046284 0.089698
v -0.412666 -0.091132 0.088400
v -0.401861 -0.135112 0.086251
v -0.386881 -0.177800 0.083271
v -0.367868 -0.218785 0.079489
v -0.345008 -0.257673 0.074942
v -0.318519 -0.294090 0.069673
v -0.288656 -0.327683 0.063733
v -0.255708 -0.358131 0.057179
v -0.219991 -0.385139 0.050074
v -0.181850 -0.408448 0.042488
v -0.141652 -0.427832 0.034492
v -0.099784 -0.443106 0.026164
v -0.056650 -0.454123 0.017584
v -0.012664 -0.460775 0.008834
v -0.013534 0.458775 -0.000000
v -0.058382 0.452123 -0.000000
v -0.102361 0.441106 -0.000000
v -0.145050 0.425832 -0.000000
v -0.186035 0.406448 -0.000000
v -0.224923 0.383139 -0.000000
v -0.261339 0.356131 -0.000000
v -0.294933 0.325683 -0.000000
v -0.325381 0.292090 -0.000000
v -0.352389 0.255673 -0.000000
v -0.375697 0.216785 -0.000000
v -0.395082 0.175800 -0.000000
v -0.410356 0.133112 -0.000000
v -0.421373 0.089132 -0.000000
v -0.428025 0.044284 -0.000000
v -0.430250 -0.001000 0.000000
v -0.428025 -0.046284 0.000000
v -0.421373 -0.091132 0.000000
v -0.410356 -0.135112 0.000000
v -0.395082 -0.177800 0.000000
v -0.375697 -0.218785 0.000000
v -0.352389 -0.257673 0.000000
v -0.325381 -0.294090 0.000000
v -0.294933 -0.327683 0.000000
v -0.261339 -0.358131 0.000000
v -0.224923 -0.385139 0.000000
v -0.186035 -0.408448 0.000000
v -0.145050 -0.427832 0.000000
v -0.102361 -0.443106 0.000000
v -0.058382 -0.454123 0.000000
v -0.013534 -0.460775 0.000000
v -0.012664 0.458775 -0.008834
v -0.056650 0.452123 -0.017584
v -0.099784 0.441106 -0.026164
v -0.141652 0.425832 -0.034492
v -0.181850 0.406448 -0.042488
v -0.219991 0.383139 -0.050075
v -0.255708 0.356131 -0.057179
v -0.288656 0.325683 -0.063733
v -0.318518 0.292090 -0.069673
v -0.345008 0.255673 -0.074942
v -0.367868 0.216785 -0.079489
v -0.386881 0.175800 -0.083271
v -0.401861 0.133112 -0.086251
v -0.412666 0.089132 -0.088400
v -0.419190 0.044284 -0.089698
v -0.421372 -0.001000 -0.090132
v -0.419190 -0.046284 -0.089698
v -0.412666 -0.091132 -0.088400
v -0.401861 -0.135112 -0.086251
v -0.386881 -0.177800 -0.083271
v -0.367868 -0.218785 -0.079489
v -0.345008 -0.257673 -0.074942
v -0.318518 -0.294090 -0.069673
v -0.288656 -0.327683 -0.063733
v -0.255708 -0.358131 -0.057179
v -0.219991 -0.385139 -0.050075
v -0.181850 -0.408448 -0.042488
v -0.141652 -0.427832 -0.034492
v -0.099784 -0.443106 -0.026164
v -0.056650 -0.454123 -0.017584
v -0.012664 -0.460775 -0.008834
v -0.010087 0.458775 -0.017329
v -0.051521 0.452123 -0.034492
v -0.092153 0.441106 -0.051322
v -0.131592 0.425832 -0.067658
v -0.169457 0.406448 -0.083343
v -0.205385 0.383139 -0.098225
v -0.239029 0.356131 -0.112161
v -0.270066 0.325683 -0.125016
v -0.298196 0.292090 -0.136668
v -0.323148 0.255673 -0.147004
v -0.344682 0.216785 -0.155923
v -0.362591 0.175800 -0.163342
v -0.376703 0.133112 -0.169187
v -0.386881 0.089132 -0.173403
v -0.393027 0.044284 -0.175948
v -0.395082 -0.001000 -0.176800
v -0.393027 -0.046284 -0.175948
v -0.386881 -0.091132 -0.173403
v -0.376703 -0.135112 -0.169187
v -0.362591 -0.177800 -0.163342
v -0.344682 -0.218785 -0.155923
v -0.323148 -0.257673 -0.147004
v -0.298196 -0.294090 -0.136668
v -0.270066 -0.327683 -0.125016
v -0.239029 -0.358131 -0.112161
v -0.205385 -0.385139 -0.098225
v -0.169457 -0.408448 -0.083343
v -0.131592 -0.427832 -0.067658
v -0.092153 -0.443106 -0.051322
v -0.051521 -0.454123 -0.034492
v -0.010087 -0.460775 -0.017329
v -0.005902 0.458775 -0.025158
v -0.043192 0.452123 -0.050074
v -0.079760 0.441106 -0.074508
v -0.115253 0.425832 -0.098225
v -0.149332 0.406448 -0.120995
v -0.181666 0.383139 -0.142600
v -0.211945 0.356131 -0.162832
v -0.239877 0.325683 -0.181496
v -0.265193 0.292090 -0.198411
v -0.287650 0.255673 -0.213416
v -0.307030 0.216785 -0.226366
v -0.323148 0.175800 -0.237135
v -0.335848 0.133112 -0.245621
v -0.345008 0.089132 -0.251742
v -0.350539 0.044284 -0.255437
v -0.352388 -0.001000 -0.256673
v -0.350539 -0.046284 -0.255437
v -0.345008 -0.091132 -0.251742
v -0.335848 -0.135112 -0.245621
v -0.323148 -0.177800 -0.237135
v -0.307030 -0.218785 -0.226366
v -0.287650 -0.257673 -0.213416
v -0.265193 -0.294090 -0.198411
v -0.239877 -0.327683 -0.181496
v -0.211945 -0.358131 -0.162832
v -0.181666 -0.385139 -0.142600
v -0.149332 -0.408448 -0.120995
v -0.115253 -0.427832 -0.098225
v -0.079760 -0.443106 -0.074508
v -0.043192 -0.454123 -0.050074
v -0.005902 -0.460775 -0.025158
v -0.000270 0.458775 -0.032021
v -0.031983 0.452123 -0.063733
v -0.063081 0.441106 -0.094831
v -0.093266 0.425832 -0.125016
v -0.122247 0.406448 -0.153997
v -0.149745 0.383139 -0.181495
v -0.175495 0.356131 -0.207246
v -0.199250 0.325683 -0.231000
v -0.220779 0.292090 -0.252530
v -0.239877 0.255673 -0.271627
v -0.256359 0.216785 -0.288109
v -0.270066 0.175800 -0.301816
v -0.280866 0.133112 -0.312616
v -0.288656 0.089132 -0.320406
v -0.293360 0.044284 -0.325110
v -0.294933 -0.001000 -0.326683
v -0.293360 -0.046284 -0.325110
v -0.288656 -0.091132 -0.320406
v -0.280866 -0.135112 -0.312616
v -0.270066 -0.177800 -0.301816
v -0.256359 -0.218785 -0.288109
v -0.239877 -0.257673 -0.271627
v -0.220779 -0.294090 -0.252530
v -0.199250 -0.327683 -0.231000
v -0.175495 -0.358131 -0.207246
v -0.149745 -0.385139 -0.181495
v -0.122247 -0.408448 -0.153997
v -0.093266 -0.427832 -0.125016
v -0.063081 -0.443106 -0.094831
v -0.031983 -0.454123 -0.063733
v -0.000270 -0.460775 -0.032021
v 0.006592 0.458775 -0.037652
v -0.018324 0.452123 -0.074942
v -0.042758 0.441106 -0.111510
v -0.066475 0.425832 -0.147004
v -0.089245 0.406448 -0.181082
v -0.110850 0.383139 -0.213416
v -0.131082 0.356131 -0.243695
v -0.149745 0.325683 -0.271627
v -0.166661 0.292090 -0.296943
v -0.181666 0.255673 -0.319400
v -0.194615 0.216785 -0.338780
v -0.205385 0.175800 -0.354898
v -0.213871 0.133112 -0.367598
v -0.219991 0.089132 -0.376758
v -0.223687 0.044284 -0.382289
v -0.224923 -0.001000 -0.384139
v -0.223687 -0.046284 -0.382289
v -0.219991 -0.091132 -0.376758
v -0.213871 -0.135112 -0.367598
v -0.205385 -0.177800 -0.354898
v -0.194615 -0.218785 -0.338780
v -0.181666 -0.257673 -0.319400
v -0.166661 -0.294090 -0.296943
v -0.149745 -0.327683 -0.271627
v -0.131082 -0.358131 -0.243695
v -0.110850 -0.385139 -0.213416
v -0.089245 -0.408448 -0.181082
v -0.066475 -0.427832 -0.147004
v -0.042758 -0.443106 -0.111510
v -0.018324 -0.454123 -0.074942
v 0.006592 -0.460775 -0.037652
v 0.014421 0.458775 -0.041837
v -0.002742 0.452123 -0.083271
v -0.019572 0.441106 -0.123903
v -0.035908 0.425832 -0.163342
v -0.051593 0.406448 -0.201207
v -0.066474 0.383139 -0.237135
v -0.080410 0.356131 -0.270779
v -0.093266 0.325683 -0.301816
v -0.104918 0.292090 -0.329946
v -0.115253 0.255673 -0.354898
v -0.124173 0.216785 -0.376432
v -0.131592 0.175800 -0.394341
v -0.137437 0.133112 -0.408453
v -0.141652 0.089132 -0.418631
v -0.144198 0.044284 -0.424777
v -0.145049 -0.001000 -0.426832
v -0.144198 -0.046284 -0.424777
v -0.141652 -0.091132 -0.418631
v -0.137437 -0.135112 -0.408453
v -0.131592 -0.177800 -0.394341
v -0.124173 -0.218785 -0.376432
v -0.115253 -0.257673 -0.354898
v -0.104918 -0.294090 -0.329946
v -0.093266 -0.327683 -0.301816
v -0.080410 -0.358131 -0.270779
v -0.066474 -0.385139 -0.237135
v -0.051593 -0.408448 -0.201207
v -0.035908 -0.427832 -0.163342
v -0.019572 -0.443106 -0.123903
v -0.002742 -0.454123 -0.083271
v 0.014421 -0.460775 -0.041837
v 0.022916 0.458775 -0.044414
v 0.014166 0.452123 -0.088400
v 0.005586 0.441106 -0.131535
v -0.002742 0.425832 -0.173403
v -0.010738 0.406448 -0.213600
v -0.018324 0.383139 -0.251741
v -0.025429 0.356131 -0.287458
v -0.031983 0.325683 -0.320406
v -0.037923 0.292090 -0.350269
v -0.043192 0.255673 -0.376758
v -0.047739 0.216785 -0.399618
v -0.051521 0.175800 -0.418631
v -0.054500 0.133112 -0.433611
v -0.056650 0.089132 -0.444416
v -0.057947 0.044284 -0.450940
v -0.058381 -0.001000 -0.453122
v -0.057947 -0.046284 -0.450940
v -0.056650 -0.091132 -0.444416
v -0.054500 -0.135112 -0.433611
v -0.051521 -0.177800 -0.418631
v -0.047739 -0.218785 -0.399618
v -0.043192 -0.257673 -0.376758
v -0.037923 -0.294090 -0.350269
v -0.031983 -0.327683 -0.320406
v -0.025429 -0.358131 -0.287458
v -0.018324 -0.385139 -0.251741
v -0.010738 -0.408448 -0.213600
v -0.002742 -0.427832 -0.173403
v 0.005586 -0.443106 -0.131535
v 0.014166 -0.454123 -0.088400
v 0.022916 -0.460775 -0.044414
v 0.031750 0.458775 -0.045284
v 0.031750 0.452123 -0.090132
v 0.031750 0.441106 -0.134111
v 0.031750 0.425832 -0.176800
v 0.031750 0.406448 -0.217785
v 0.031750 0.383139 -0.256673
v 0.031750 0.325683 -0.326683
v 0.031750 0.255673 -0.384139
v 0.031750 0.216785 -0.407447
v 0.031750 -0.001000 -0.461999
v 0.031750 -0.135112 -0.442106
v 0.031750 -0.177800 -0.426832
v 0.031750 -0.327683 -0.326683
v 0.031750 -0.427832 -0.176800
v 0.031750 -0.443106 -0.134111
v 0.031750 -0.106809 -0.013934
v 0.031750 -0.135502 -0.054120
v 0.031750 -0.149591 -0.101446
v 0.031750 -0.147551 -0.150782
v 0.031750 -0.129602 -0.196782
v 0.031750 -0.097688 -0.234462
v 0.031750 -0.055270 -0.259738
v 0.031750 -0.006942 -0.269872
v 0.031750 0.042057 -0.263764
v 0.031750 0.086418 -0.242077
v 0.031750 0.121334 -0.207161
v 0.031750 0.143021 -0.162800
v 0.031750 0.149129 -0.113801
v 0.031750 0.138995 -0.065474
v 0.031750 0.113719 -0.023055
v 0.031750 0.076040 0.008858
v 0.031750 0.030039 0.026808
v 0.031750 -0.019297 0.028848
v 0.031750 -0.066623 0.014759
v -0.018250 -0.106809 -0.013934
v -0.018250 -0.135502 -0.054120
v -0.018250 -0.149591 -0.101446
v -0.018250 -0.147551 -0.150782
v -0.018250 -0.129602 -0.196782
v -0.018250 -0.097688 -0.234462
v -0.018250 -0.055270 -0.259738
v -0.018250 -0.006942 -0.269872
v -0.018250 0.042057 -0.263764
v -0.018250 0.086418 -0.242077
v -0.018250 0.121334 -0.207161
v -0.018250 0.143021 -0.162800
v -0.018250 0.149129 -0.113801
v -0.018250 0.138995 -0.065474
v -0.018250 0.113719 -0.023055
v -0.018250 0.076040 0.008858
v -0.018250 0.030039 0.026808
v -0.018250 -0.019297 0.028848
v -0.018250 -0.066623 0.014759
v -0.018250 -0.106809 -0.013934
v -0.018250 -0.135502 -0.054120
v -0.018250 -0.149591 -0.101446
v -0.018250 -0.147551 -0.150782
v -0.018250 -0.129602 -0.196782
v -0.018250 -0.097688 -0.234462
v -0.018250 -0.055270 -0.259738
v -0.018250 -0.006942 -0.269872
v -0.018250 0.042057 -0.263764
v -0.018250 0.086418 -0.242077
v -0.018250 0.121334 -0.207161
v -0.018250 0.143021 -0.162800
v -0.018250 0.149129 -0.113801
v -0.018250 0.138995 -0.065474
v -0.018250 0.113719 -0.023055
v -0.018250 0.076040 0.008858
v -0.018250 0.030039 0.026808
v -0.018250 -0.019297 0.028848
v -0.018250 -0.066623 0.014759
v -0.068250 -0.106809 -0.013934
v -0.068250 -0.135502 -0.054120
v -0.068250 -0.149591 -0.101446
v -0.068250 -0.147551 -0.150782
v -0.068250 -0.129602 -0.196782
v -0.068250 -0.097688 -0.234462
v -0.068250 -0.055270 -0.259738
v -0.068250 -0.006942 -0.269872
v -0.068250 0.042057 -0.263764
v -0.068250 0.086418 -0.242077
v -0.068250 0.121334 -0.207161
v -0.068250 0.143021 -0.162800
v -0.068250 0.149129 -0.113801
v -0.068250 0.138995 -0.065474
v -0.068250 0.113719 -0.023055
v -0.068250 0.076040 0.008858
v -0.068250 0.030039 0.026808
v -0.068250 -0.019297 0.028848
v -0.068250 -0.066623 0.014759
v -0.068250 -0.106809 -0.013934
v -0.068250 -0.135502 -0.054120
v -0.068250 -0.149591 -0.101446
v -0.068250 -0.147551 -0.150782
v -0.068250 -0.129602 -0.196782
v -0.068250 -0.097688 -0.234462
v -0.068250 -0.055270 -0.259738
v -0.068250 -0.006942 -0.269872
v -0.068250 0.042057 -0.263764
v -0.068250 0.086418 -0.242077
v -0.068250 0.121334 -0.207161
v -0.068250 0.143021 -0.162800
v -0.068250 0.149129 -0.113801
v -0.068250 0.138995 -0.065474
v -0.068250 0.113719 -0.023055
v -0.068250 0.076040 0.008858
v -0.068250 0.030039 0.026808
v -0.068250 -0.019297 0.028848
v -0.068250 -0.066623 0.014759
v -0.118250 -0.106809 -0.013934
v -0.118250 -0.135502 -0.054120
v -0.118250 -0.149591 -0.101446
v -0.118250 -0.147551 -0.150782
v -0.118250 -0.129602 -0.196782
v -0.118250 -0.097688 -0.234462
v -0.118250 -0.055270 -0.259738
v -0.118250 -0.006942 -0.269872
v -0.118250 0.042057 -0.263764
v -0.118250 0.086418 -0.242077
v -0.118250 0.121334 -0.207161
v -0.118250 0.143021 -0.162800
v -0.118250 0.149129 -0.113801
v -0.118250 0.138995 -0.065474
v -0.118250 0.113719 -0.023055
v -0.118250 0.076040 0.008858
v -0.118250 0.030039 0.026808
v -0.118250 -0.019297 0.028848
v -0.118250 -0.066623 0.014759
v -0.118250 -0.106809 -0.013934
v -0.118250 -0.135502 -0.054120
v -0.118250 -0.149591 -0.101446
v -0.118250 -0.147551 -0.150782
v -0.118250 -0.129602 -0.196782
v -0.118250 -0.097688 -0.234462
v -0.118250 -0.055270 -0.259738
v -0.118250 -0.006942 -0.269872
v -0.118250 0.042057 -0.263764
v -0.118250 0.086418 -0.242077
v -0.118250 0.121334 -0.207161
v -0.118250 0.143021 -0.162800
v -0.118250 0.149129 -0.113801
v -0.118250 0.138995 -0.065474
v -0.118250 0.113719 -0.023055
v -0.118250 0.076040 0.008858
v -0.118250 0.030039 0.026808
v -0.118250 -0.019297 0.028848
v -0.118250 -0.066623 0.014759
v -0.168250 -0.106809 -0.013934
v -0.168250 -0.135502 -0.054120
v -0.168250 -0.149591 -0.101446
v -0.168250 -0.147551 -0.150782
v -0.168250 -0.129602 -0.196782
v -0.168250 -0.097688 -0.234462
v -0.168250 -0.055270 -0.259738
v -0.168250 -0.006942 -0.269872
v -0.168250 0.042057 -0.263764
v -0.168250 0.086418 -0.242077
v -0.168250 0.121334 -0.207161
v -0.168250 0.143021 -0.162800
v -0.168250 0.149129 -0.113801
v -0.168250 0.138995 -0.065474
v -0.168250 0.113719 -0.023055
v -0.168250 0.076040 0.008858
v -0.168250 0.030039 0.026808
v -0.168250 -0.019297 0.028848
v -0.168250 -0.066623 0.014759
v -0.168250 -0.106809 -0.013934
v -0.168250 -0.135502 -0.054120
v -0.168250 -0.149591 -0.101446
v -0.168250 -0.147551 -0.150782
v -0.168250 -0.129602 -0.196782
v -0.168250 -0.097688 -0.234462
v -0.168250 -0.055270 -0.259738
v -0.168250 -0.006942 -0.269872
v -0.168250 0.042057 -0.263764
v -0.168250 0.086418 -0.242077
v -0.168250 0.121334 -0.207161
v -0.168250 0.143021 -0.162800
v -0.168250 0.149129 -0.113801
v -0.168250 0.138995 -0.065474
v -0.168250 0.113719 -0.023055
v -0.168250 0.076040 0.008858
v -0.168250 0.030039 0.026808
v -0.168250 -0.019297 0.028848
v -0.168250 -0.066623 0.014759
v -0.218250 -0.106809 -0.013934
v -0.218250 -0.135502 -0.054120
v -0.218250 -0.149591 -0.101446
v -0.218250 -0.147551 -0.150782
v -0.218250 -0.129602 -0.196782
v -0.218250 -0.097688 -0.234462
v -0.218250 -0.055270 -0.259738
v -0.218250 -0.006942 -0.269872
v -0.218250 0.042057 -0.263764
v -0.218250 0.086418 -0.242077
v -0.218250 0.121334 -0.207161
v -0.218250 0.143021 -0.162800
v -0.218250 0.149129 -0.113801
v -0.218250 0.138995 -0.065474
v -0.218250 0.113719 -0.023055
v -0.218250 0.076040 0.008858
v -0.218250 0.030039 0.026808
v -0.218250 -0.019297 0.028848
v -0.218250 -0.066623 0.014759
v -0.218250 -0.106809 -0.013934
v -0.218250 -0.135502 -0.054120
v -0.218250 -0.149591 -0.101446
v -0.218250 -0.147551 -0.150782
v -0.218250 -0.129602 -0.196782
v -0.218250 -0.097688 -0.234462
v -0.218250 -0.055270 -0.259738
v -0.218250 -0.006942 -0.269872
v -0.218250 0.042057 -0.263764
v -0.218250 0.086418 -0.242077
v -0.218250 0.121334 -0.207161
v -0.218250 0.143021 -0.162800
v -0.218250 0.149129 -0.113801
v -0.218250 0.138995 -0.065474
v -0.218250 0.113719 -0.023055
v -0.218250 0.076040 0.008858
v -0.218250 0.030039 0.026808
v -0.218250 -0.019297 0.028848
v -0.218250 -0.066623 0.014759
v -0.268250 -0.106809 -0.013934
v -0.268250 -0.135502 -0.054120
v -0.268250 -0.149591 -0.101446
v -0.268250 -0.147551 -0.150782
v -0.268250 -0.129602 -0.196782
v -0.268250 -0.097688 -0.234462
v -0.268250 -0.055270 -0.259738
v -0.268250 -0.006942 -0.269872
v -0.268250 0.042057 -0.263764
v -0.268250 0.086418 -0.242077
v -0.268250 0.121334 -0.207161
v -0.268250 0.143021 -0.162800
v -0.268250 0.149129 -0.113801
v -0.268250 0.138995 -0.065474
v -0.268250 0.113719 -0.023055
v -0.268250 0.076040 0.008858
v -0.268250 0.030039 0.026808
v -0.268250 -0.019297 0.028848
v -0.268250 -0.066623 0.014759
v -0.268250 -0.106809 -0.013934
v -0.268250 -0.135502 -0.054120
v -0.268250 -0.149591 -0.101446
v -0.268250 -0.147551 -0.150782
v -0.268250 -0.129602 -0.196782
v -0.268250 -0.097688 -0.234462
v -0.268250 -0.055270 -0.259738
v -0.268250 -0.006942 -0.269872
v -0.268250 0.042057 -0.263764
v -0.268250 0.086418 -0.242077
v -0.268250 0.121334 -0.207161
v -0.268250 0.143021 -0.162800
v -0.268250 0.149129 -0.113801
v -0.268250 0.138995 -0.065474
v -0.268250 0.113719 -0.023055
v -0.268250 0.076040 0.008858
v -0.268250 0.030039 0.026808
v -0.268250 -0.019297 0.028848
v -0.268250 -0.066623 0.014759
v -0.318250 -0.106809 -0.013934
v -0.318250 -0.135502 -0.054120
v -0.318250 -0.149591 -0.101446
v -0.318250 -0.147551 -0.150782
v -0.318250 -0.129602 -0.196782
v -0.318250 -0.097688 -0.234462
v -0.318250 -0.055270 -0.259738
v -0.318250 -0.006942 -0.269872
v -0.318250 0.042057 -0.263764
v -0.318250 0.086418 -0.242077
v -0.318250 0.121334 -0.207161
v -0.318250 0.143021 -0.162800
v -0.318250 0.149129 -0.113801
v -0.318250 0.138995 -0.065474
v -0.318250 0.113719 -0.023055
v -0.318250 0.076040 0.008858
v -0.318250 0.030039 0.026808
v -0.318250 -0.019297 0.028848
v -0.318250 -0.066623 0.014759
v -0.318250 -0.106809 -0.013934
v -0.318250 -0.135502 -0.054120
v -0.318250 -0.149591 -0.101446
v -0.318250 -0.147551 -0.150782
v -0.318250 -0.129602 -0.196782
v -0.318250 -0.097688 -0.234462
v -0.318250 -0.055270 -0.259738
v -0.318250 -0.006942 -0.269872
v -0.318250 0.042057 -0.263764
v -0.318250 0.086418 -0.242077
v -0.318250 0.121334 -0.207161
v -0.318250 0.143021 -0.162800
v -0.318250 0.149129 -0.113801
v -0.318250 0.138995 -0.065474
v -0.318250 0.113719 -0.023055
v -0.318250 0.076040 0.008858
v -0.318250 0.030039 0.026808
v -0.318250 -0.019297 0.028848
v -0.318250 -0.066623 0.014759
v -0.368250 -0.106809 -0.013934
v -0.368250 -0.135502 -0.054120
v -0.368250 -0.149591 -0.101446
v -0.368250 -0.147551 -0.150782
v -0.368250 -0.129602 -0.196782
v -0.368250 -0.097688 -0.234462
v -0.368250 -0.055270 -0.259738
v -0.368250 -0.006942 -0.269872
v -0.368250 0.042057 -0.263764
v -0.368250 0.086418 -0.242077
v -0.368250 0.121334 -0.207161
v -0.368250 0.143021 -0.162800
v -0.368250 0.149129 -0.113801
v -0.368250 0.138995 -0.065474
v -0.368250 0.113719 -0.023055
v -0.368250 0.076040 0.008858
v -0.368250 0.030039 0.026808
v -0.368250 -0.019297 0.028848
v -0.368250 -0.066623 0.014759
v -0.368250 -0.106809 -0.013934
v -0.368250 -0.135502 -0.054120
v -0.368250 -0.149591 -0.101446
v -0.368250 -0.147551 -0.150782
v -0.368250 -0.129602 -0.196782
v -0.368250 -0.097688 -0.234462
v -0.368250 -0.055270 -0.259738
v -0.368250 -0.006942 -0.269872
v -0.368250 0.042057 -0.263764
v -0.368250 0.086418 -0.242077
v -0.368250 0.121334 -0.207161
v -0.368250 0.143021 -0.162800
v -0.368250 0.149129 -0.113801
v -0.368250 0.138995 -0.065474
v -0.368250 0.113719 -0.023055
v -0.368250 0.076040 0.008858
v -0.368250 0.030039 0.026808
v -0.368250 -0.019297 0.028848
v -0.368250 -0.066623 0.014759
v -0.418250 -0.106809 -0.013934
v -0.418250 -0.135502 -0.054120
v -0.418250 -0.149591 -0.101446
v -0.418250 -0.147551 -0.150782
v -0.418250 -0.129602 -0.196782
v -0.418250 -0.097688 -0.234462
v -0.418250 -0.055270 -0.259738
v -0.418250 -0.006942 -0.269872
v -0.418250 0.042057 -0.263764
v -0.418250 0.086418 -0.242077
v -0.418250 0.121334 -0.207161
v -0.418250 0.143021 -0.162800
v -0.418250 0.149129 -0.113801
v -0.418250 0.138995 -0.065474
v -0.418250 0.113719 -0.023055
v -0.418250 0.076040 0.008858
v -0.418250 0.030039 0.026808
v -0.418250 -0.019297 0.028848
v -0.418250 -0.066623 0.014759
v -0.418250 -0.106809 -0.013934
v -0.418250 -0.135502 -0.054120
v -0.418250 -0.149591 -0.101446
v -0.418250 -0.147551 -0.150782
v -0.418250 -0.129602 -0.196782
v -0.418250 -0.097688 -0.234462
v -0.418250 -0.055270 -0.259738
v -0.418250 -0.006942 -0.269872
v -0.418250 0.042057 -0.263764
v -0.418250 0.086418 -0.242077
v -0.418250 0.121334 -0.207161
v -0.418250 0.143021 -0.162800
v -0.418250 0.149129 -0.113801
v -0.418250 0.138995 -0.065474
v -0.418250 0.113719 -0.023055
v -0.418250 0.076040 0.008858
v -0.418250 0.030039 0.026808
v -0.418250 -0.019297 0.028848
v -0.418250 -0.066623 0.014759
v -0.468250 -0.106809 -0.013934
v -0.468250 -0.135502 -0.054120
v -0.468250 -0.149591 -0.101446
v -0.468250 -0.147551 -0.150782
v -0.468250 -0.129602 -0.196782
v -0.468250 -0.097688 -0.234462
v -0.468250 -0.055270 -0.259738
v -0.468250 -0.006942 -0.269872
v -0.468250 0.042057 -0.263764
v -0.468250 0.086418 -0.242077
v -0.468250 0.121334 -0.207161
v -0.468250 0.143021 -0.162800
v -0.468250 0.149129 -0.113801
v -0.468250 0.138995 -0.065474
v -0.468250 0.113719 -0.023055
v -0.468250 0.076040 0.008858
v -0.468250 0.030039 0.026808
v -0.468250 -0.019297 0.028848
v -0.468250 -0.066623 0.014759
v -0.468250 -0.106809 -0.013934
v -0.468250 -0.135502 -0.054120
v -0.468250 -0.149591 -0.101446
v -0.468250 -0.147551 -0.150782
v -0.468250 -0.129602 -0.196782
v -0.468250 -0.097688 -0.234462
v -0.468250 -0.055270 -0.259738
v -0.468250 -0.006942 -0.269872
v -0.468250 0.042057 -0.263764
v -0.468250 0.086418 -0.242077
v -0.468250 0.121334 -0.207161
v -0.468250 0.143021 -0.162800
v -0.468250 0.149129 -0.113801
v -0.468250 0.138995 -0.065474
v -0.468250 0.113719 -0.023055
v -0.468250 0.076040 0.008858
v -0.468250 0.030039 0.026808
v -0.468250 -0.019297 0.028848
v -0.468250 -0.066623 0.014759
v -0.518250 -0.106809 -0.013934
v -0.518250 -0.135502 -0.054120
v -0.518250 -0.149591 -0.101446
v -0.518250 -0.147551 -0.150782
v -0.518250 -0.129602 -0.196782
v -0.518250 -0.097688 -0.234462
v -0.518250 -0.055270 -0.259738
v -0.518250 -0.006942 -0.269872
v -0.518250 0.042057 -0.263764
v -0.518250 0.086418 -0.242077
v -0.518250 0.121334 -0.207161
v -0.518250 0.143021 -0.162800
v -0.518250 0.149129 -0.113801
v -0.518250 0.138995 -0.065474
v -0.518250 0.113719 -0.023055
v -0.518250 0.076040 0.008858
v -0.518250 0.030039 0.026808
v -0.518250 -0.019297 0.028848
v -0.518250 -0.066623 0.014759
v -0.518250 -0.106809 -0.013934
v -0.518250 -0.135502 -0.054120
v -0.518250 -0.149591 -0.101446
v -0.518250 -0.147551 -0.150782
v -0.518250 -0.129602 -0.196782
v -0.518250 -0.097688 -0.234462
v -0.518250 -0.055270 -0.259738
v -0.518250 -0.006942 -0.269872
v -0.518250 0.042057 -0.263764
v -0.518250 0.086418 -0.242077
v -0.518250 0.121334 -0.207161
v -0.518250 0.143021 -0.162800
v -0.518250 0.149129 -0.113801
v -0.518250 0.138995 -0.065474
v -0.518250 0.113719 -0.023055
v -0.518250 0.076040 0.008858
v -0.518250 0.030039 0.026808
v -0.518250 -0.019297 0.028848
v -0.518250 -0.066623 0.014759
v -0.568250 -0.106809 -0.013934
v -0.568250 -0.135502 -0.054120
v -0.568250 -0.149591 -0.101446
v -0.568250 -0.147551 -0.150782
v -0.568250 -0.129602 -0.196782
v -0.568250 -0.097688 -0.234462
v -0.568250 -0.055270 -0.259738
v -0.568250 -0.006942 -0.269872
v -0.568250 0.042057 -0.263764
v -0.568250 0.086418 -0.242077
v -0.568250 0.121334 -0.207161
v -0.568250 0.143021 -0.162800
v -0.568250 0.149129 -0.113801
v -0.568250 0.138995 -0.065474
v -0.568250 0.113719 -0.023055
v -0.568250 0.076040 0.008858
v -0.568250 0.030039 0.026808
v -0.568250 -0.019297 0.028848
v -0.568250 -0.066623 0.014759
v -0.568250 -0.106809 -0.013934
v -0.568250 -0.135502 -0.054120
v -0.568250 -0.149591 -0.101446
v -0.568250 -0.147551 -0.150782
v -0.568250 -0.129602 -0.196782
v -0.568250 -0.097688 -0.234462
v -0.568250 -0.055270 -0.259738
v -0.568250 -0.006942 -0.269872
v -0.568250 0.042057 -0.263764
v -0.568250 0.086418 -0.242077
v -0.568250 0.121334 -0.207161
v -0.568250 0.143021 -0.162800
v -0.568250 0.149129 -0.113801
v -0.568250 0.138995 -0.065474
v -0.568250 0.113719 -0.023055
v -0.568250 0.076040 0.008858
v -0.568250 0.030039 0.026808
v -0.568250 -0.019297 0.028848
v -0.568250 -0.066623 0.014759
v -0.618250 -0.106809 -0.013934
v -0.618250 -0.135502 -0.054120
v -0.618250 -0.149591 -0.101446
v -0.618250 -0.147551 -0.150782
v -0.618250 -0.129602 -0.196782
v -0.618250 -0.097688 -0.234462
v -0.618250 -0.055270 -0.259738
v -0.618250 -0.006942 -0.269872
v -0.618250 0.042057 -0.263764
v -0.618250 0.086418 -0.242077
v -0.618250 0.121334 -0.207161
v -0.618250 0.143021 -0.162800
v -0.618250 0.149129 -0.113801
v -0.618250 0.138995 -0.065474
v -0.618250 0.113719 -0.023055
v -0.618250 0.076040 0.008858
v -0.618250 0.030039 0.026808
v -0.618250 -0.019297 0.028848
v -0.618250 -0.066623 0.014759
v 0.031750 -0.107323 0.226066
v 0.031750 -0.136015 0.185879
v 0.031750 -0.150105 0.138554
v 0.031750 -0.148064 0.089218
v 0.031750 -0.130115 0.043217
v 0.031750 -0.098202 0.005537
v 0.031750 -0.055783 -0.019739
v 0.031750 -0.007456 -0.029872
v 0.031750 0.041544 -0.023764
v 0.031750 0.085905 -0.002078
v 0.031750 0.120821 0.032838
v 0.031750 0.142507 0.077199
v 0.031750 0.148615 0.126198
v 0.031750 0.138482 0.174526
v 0.031750 0.113206 0.216945
v 0.031750 0.075526 0.248858
v 0.031750 0.029526 0.266807
v 0.031750 -0.019810 0.268848
v 0.031750 -0.067136 0.254758
v -0.018250 -0.107323 0.226066
v -0.018250 -0.136015 0.185879
v -0.018250 -0.150105 0.138554
v -0.018250 -0.148064 0.089218
v -0.018250 -0.130115 0.043217
v -0.018250 -0.098202 0.005537
v -0.018250 -0.055783 -0.019739
v -0.018250 -0.007456 -0.029872
v -0.018250 0.041544 -0.023764
v -0.018250 0.085905 -0.002078
v -0.018250 0.120821 0.032838
v -0.018250 0.142507 0.077199
v -0.018250 0.148615 0.126198
v -0.018250 0.138482 0.174526
v -0.018250 0.113206 0.216945
v -0.018250 0.075526 0.248858
v -0.018250 0.029526 0.266807
v -0.018250 -0.019810 0.268848
v -0.018250 -0.067136 0.254758
v -0.018250 -0.107323 0.226066
v -0.018250 -0.136015 0.185879
v -0.018250 -0.150105 0.138554
v -0.018250 -0.148064 0.089218
v -0.018250 -0.130115 0.043217
v -0.018250 -0.098202 0.005537
v -0.018250 -0.055783 -0.019739
v -0.018250 -0.007456 -0.029872
v -0.018250 0.041544 -0.023764
v -0.018250 0.085905 -0.002078
v -0.018250 0.120821 0.032838
v -0.018250 0.142507 0.077199
v -0.018250 0.148615 0.126198
v -0.018250 0.138482 0.174526
v -0.018250 0.113206 0.216945
v -0.018250 0.075526 0.248858
v -0.018250 0.029526 0.266807
v -0.018250 -0.019810 0.268848
v -0.018250 -0.067136 0.254758
v -0.068250 -0.107323 0.226066
v -0.068250 -0.136015 0.185879
v -0.068250 -0.150105 0.138554
v -0.068250 -0.148064 0.089218
v -0.068250 -0.130115 0.043217
v -0.068250 -0.098202 0.005537
v -0.068250 -0.055783 -0.019739
v -0.068250 -0.007456 -0.029872
v -0.068250 0.041544 -0.023764
v -0.068250 0.085905 -0.002078
v -0.068250 0.120821 0.032838
v -0.068250 0.142507 0.077199
v -0.068250 0.148615 0.126198
v -0.068250 0.138482 0.174526
v -0.068250 0.113206 0.216945
v -0.068250 0.075526 0.248858
v -0.068250 0.029526 0.266807
v -0.068250 -0.019810 0.268848
v -0.068250 -0.067136 0.254758
v -0.068250 -0.107323 0.226066
v -0.068250 -0.136015 0.185879
v -0.068250 -0.150105 0.138554
v -0.068250 -0.148064 0.089218
v -0.068250 -0.130115 0.043217
v -0.068250 -0.098202 0.005537
v -0.068250 -0.055783 -0.019739
v -0.068250 -0.007456 -0.029872
v -0.068250 0.041544 -0.023764
v -0.068250 0.085905 -0.002078
v -0.068250 0.120821 0.032838
v -0.068250 0.142507 0.077199
v -0.068250 0.148615 0.126198
v -0.068250 0.138482 0.174526
v -0.068250 0.113206 0.216945
v -0.068250 0.075526 0.248858
v -0.068250 0.029526 0.266807
v -0.068250 -0.019810 0.268848
v -0.068250 -0.067136 0.254758
v -0.118250 -0.107323 0.226066
v -0.118250 -0.136015 0.185879
v -0.118250 -0.150105 0.138554
v -0.118250 -0.148064 0.089218
v -0.118250 -0.130115 0.043217
v -0.118250 -0.098202 0.005537
v -0.118250 -0.055783 -0.019739
v -0.118250 -0.007456 -0.029872
v -0.118250 0.041544 -0.023764
v -0.118250 0.085905 -0.002078
v -0.118250 0.120821 0.032838
v -0.118250 0.142507 0.077199
v -0.118250 0.148615 0.126198
v -0.118250 0.138482 0.174526
v -0.118250 0.113206 0.216945
v -0.118250 0.075526 0.248858
v -0.118250 0.029526 0.266807
v -0.118250 -0.019810 0.268848
v -0.118250 -0.067136 0.254758
v -0.118250 -0.107323 0.226066
v -0.118250 -0.136015 0.185879
v -0.118250 -0.150105 0.138554
v -0.118250 -0.148064 0.089218
v -0.118250 -0.130115 0.043217
v -0.118250 -0.098202 0.005537
v -0.118250 -0.055783 -0.019739
v -0.118250 -0.007456 -0.029872
v -0.118250 0.041544 -0.023764
v -0.118250 0.085905 -0.002078
v -0.118250 0.120821 0.032838
v -0.118250 0.142507 0.077199
v -0.118250 0.148615 0.126198
v -0.118250 0.138482 0.174526
v -0.118250 0.113206 0.216945
v -0.118250 0.075526 0.248858
v -0.118250 0.029526 0.266807
v -0.118250 -0.019810 0.268848
v -0.118250 -0.067136 0.254758
v -0.168250 -0.107323 0.226066
v -0.168250 -0.136015 0.185879
v -0.168250 -0.150105 0.138554
v -0.168250 -0.148064 0.089218
v -0.168250 -0.130115 0.043217
v -0.168250 -0.098202 0.005537
v -0.168250 -0.055783 -0.019739
v -0.168250 -0.007456 -0.029872
v -0.168250 0.041544 -0.023764
v -0.168250 0.085905 -0.002078
v -0.168250 0.120821 0.032838
v -0.168250 0.142507 0.077199
v -0.168250 0.148615 0.126198
v -0.168250 0.138482 0.174526
v -0.168250 0.113206 0.216945
v -0.168250 0.075526 0.248858
v -0.168250 0.029526 0.266807
v -0.168250 -0.019810 0.268848
v -0.168250 -0.067136 0.254758
v -0.168250 -0.107323 0.226066
v -0.168250 -0.136015 0.185879
v -0.168250 -0.150105 0.138554
v -0.168250 -0.148064 0.089218
v -0.168250 -0.130115 0.043217
v -0.168250 -0.098202 0.005537
v -0.168250 -0.055783 -0.019739
v -0.168250 -0.007456 -0.029872
v -0.168250 0.041544 -0.023764
v -0.168250 0.085905 -0.002078
v -0.168250 0.120821 0.032838
v -0.168250 0.142507 0.077199
v -0.168250 0.148615 0.126198
v -0.168250 0.138482 0.174526
v -0.168250 0.113206 0.216945
v -0.168250 0.075526 0.248858
v -0.168250 0.029526 0.266807
v -0.168250 -0.019810 0.268848
v -0.168250 -0.067136 0.254758
v -0.218250 -0.107323 0.226066
v -0.218250 -0.136015 0.185879
v -0.218250 -0.150105 0.138554
v -0.218250 -0.148064 0.089218
v -0.218250 -0.130115 0.043217
v -0.218250 -0.098202 0.005537
v -0.218250 -0.055783 -0.019739
v -0.218250 -0.007456 -0.029872
v -0.218250 0.041544 -0.023764
v -0.218250 0.085905 -0.002078
v -0.218250 0.120821 0.032838
v -0.218250 0.142507 0.077199
v -0.218250 0.148615 0.126198
v -0.218250 0.138482 0.174526
v -0.218250 0.113206 0.216945
v -0.218250 0.075526 0.248858
v -0.218250 0.029526 0.266807
v -0.218250 -0.019810 0.268848
v -0.218250 -0.067136 0.254758
v -0.218250 -0.107323 0.226066
v -0.218250 -0.136015 0.185879
v -0.218250 -0.150105 0.138554
v -0.218250 -0.148064 0.089218
v -0.218250 -0.130115 0.043217
v -0.218250 -0.098202 0.005537
v -0.218250 -0.055783 -0.019739
v -0.218250 -0.007456 -0.029872
v -0.218250 0.041544 -0.023764
v -0.218250 0.085905 -0.002078
v -0.218250 0.120821 0.032838
v -0.218250 0.142507 0.077199
v -0.218250 0.148615 0.126198
v -0.218250 0.138482 0.174526
v -0.218250 0.113206 0.216945
v -0.218250 0.075526 0.248858
v -0.218250 0.029526 0.266807
v -0.218250 -0.019810 0.268848
v -0.218250 -0.067136 0.254758
v -0.268250 -0.107323 0.226066
v -0.268250 -0.136015 0.185879
v -0.268250 -0.150105 0.138554
v -0.268250 -0.148064 0.089218
v -0.268250 -0.130115 0.043217
v -0.268250 -0.098202 0.005537
v -0.268250 -0.055783 -0.019739
v -0.268250 -0.007456 -0.029872
v -0.268250 0.041544 -0.023764
v -0.268250 0.085905 -0.002078
v -0.268250 0.120821 0.032838
v -0.268250 0.142507 0.077199
v -0.268250 0.148615 0.126198
v -0.268250 0.138482 0.174526
v -0.268250 0.113206 0.216945
v -0.268250 0.075526 0.248858
v -0.268250 0.029526 0.266807
v -0.268250 -0.019810 0.268848
v -0.268250 -0.067136 0.254758
v -0.268250 -0.107323 0.226066
v -0.268250 -0.136015 0.185879
v -0.268250 -0.150105 0.138554
v -0.268250 -0.148064 0.089218
v -0.268250 -0.130115 0.043217
v -0.268250 -0.098202 0.005537
v -0.268250 -0.055783 -0.019739
v -0.268250 -0.007456 -0.029872
v -0.268250 0.041544 -0.023764
v -0.268250 0.085905 -0.002078
v -0.268250 0.120821 0.032838
v -0.268250 0.142507 0.077199
v -0.268250 0.148615 0.126198
v -0.268250 0.138482 0.174526
v -0.268250 0.113206 0.216945
v -0.268250 0.075526 0.248858
v -0.268250 0.029526 0.266807
v -0.268250 -0.019810 0.268848
v -0.268250 -0.067136 0.254758
v -0.318250 -0.107323 0.226066
v -0.318250 -0.136015 0.185879
v -0.318250 -0.150105 0.138554
v -0.318250 -0.148064 0.089218
v -0.318250 -0.130115 0.043217
v -0.318250 -0.098202 0.005537
v -0.318250 -0.055783 -0.019739
v -0.318250 -0.007456 -0.029872
v -0.318250 0.041544 -0.023764
v -0.318250 0.085905 -0.002078
v -0.318250 0.120821 0.032838
v -0.318250 0.142507 0.077199
v -0.318250 0.148615 0.126198
v -0.318250 0.138482 0.174526
v -0.318250 0.113206 0.216945
v -0.318250 0.075526 0.248858
v -0.318250 0.029526 0.266807
v -0.318250 -0.019810 0.268848
v -0.318250 -0.067136 0.254758
v -0.318250 -0.107323 0.226066
v -0.318250 -0.136015 0.185879
v -0.318250 -0.150105 0.138554
v -0.318250 -0.148064 0.089218
v -0.318250 -0.130115 0.043217
v -0.318250 -0.098202 0.005537
v -0.318250 -0.055783 -0.019739
v -0.318250 -0.007456 -0.029872
v -0.318250 0.041544 -0.023764
v -0.318250 0.085905 -0.002078
v -0.318250 0.120821 0.032838
v -0.318250 0.142507 0.077199
v -0.318250 0.148615 0.126198
v -0.318250 0.138482 0.174526
v -0.318250 0.113206 0.216945
v -0.318250 0.075526 0.248858
v -0.318250 0.029526 0.266807
v -0.318250 -0.019810 0.268848
v -0.318250 -0.067136 0.254758
v -0.368250 -0.107323 0.226066
v -0.368250 -0.136015 0.185879
v -0.368250 -0.150105 0.138554
v -0.368250 -0.148064 0.089218
v -0.368250 -0.130115 0.043217
v -0.368250 -0.098202 0.005537
v -0.368250 -0.055783 -0.019739
v -0.368250 -0.007456 -0.029872
v -0.368250 0.041544 -0.023764
v -0.368250 0.085905 -0.002078
v -0.368250 0.120821 0.032838
v -0.368250 0.142507 0.077199
v -0.368250 0.148615 0.126198
v -0.368250 0.138482 0.174526
v -0.368250 0.113206 0.216945
v -0.368250 0.075526 0.248858
v -0.368250 0.029526 0.266807
v -0.368250 -0.019810 0.268848
v -0.368250 -0.067136 0.254758
v -0.368250 -0.107323 0.226066
v -0.368250 -0.136015 0.185879
v -0.368250 -0.150105 0.138554
v -0.368250 -0.148064 0.089218
v -0.368250 -0.130115 0.043217
v -0.368250 -0.098202 0.005537
v -0.368250 -0.055783 -0.019739
v -0.368250 -0.007456 -0.029872
v -0.368250 0.041544 -0.023764
v -0.368250 0.085905 -0.002078
v -0.368250 0.120821 0.032838
v -0.368250 0.142507 0.077199
v -0.368250 0.148615 0.126198
v -0.368250 0.138482 0.174526
v -0.368250 0.113206 0.216945
v -0.368250 0.075526 0.248858
v -0.368250 0.029526 0.266807
v -0.368250 -0.019810 0.268848
v -0.368250 -0.067136 0.254758
v -0.418250 -0.107323 0.226066
v -0.418250 -0.136015 0.185879
v -0.418250 -0.150105 0.138554
v -0.418250 -0.148064 0.089218
v -0.418250 -0.130115 0.043217
v -0.418250 -0.098202 0.005537
v -0.418250 -0.055783 -0.019739
v -0.418250 -0.007456 -0.029872
v -0.418250 0.041544 -0.023764
v -0.418250 0.085905 -0.002078
v -0.418250 0.120821 0.032838
v -0.418250 0.142507 0.077199
v -0.418250 0.148615 0.126198
v -0.418250 0.138482 0.174526
v -0.418250 0.113206 0.216945
v -0.418250 0.075526 0.248858
v -0.418250 0.029526 0.266807
v -0.418250 -0.019810 0.268848
v -0.418250 -0.067136 0.254758
v -0.418250 -0.107323 0.226066
v -0.418250 -0.136015 0.185879
v -0.418250 -0.150105 0.138554
v -0.418250 -0.148064 0.089218
v -0.418250 -0.130115 0.043217
v -0.418250 -0.098202 0.005537
v -0.418250 -0.055783 -0.019739
v -0.418250 -0.007456 -0.029872
v -0.418250 0.041544 -0.023764
v -0.418250 0.085905 -0.002078
v -0.418250 0.120821 0.032838
v -0.418250 0.142507 0.077199
v -0.418250 0.148615 0.126198
v -0.418250 0.138482 0.174526
v -0.418250 0.113206 0.216945
v -0.418250 0.075526 0.248858
v -0.418250 0.029526 0.266807
v -0.418250 -0.019810 0.268848
v -0.418250 -0.067136 0.254758
v -0.468250 -0.107323 0.226066
v -0.468250 -0.136015 0.185879
v -0.468250 -0.150105 0.138554
v -0.468250 -0.148064 0.089218
v -0.468250 -0.130115 0.043217
v -0.468250 -0.098202 0.005537
v -0.468250 -0.055783 -0.019739
v -0.468250 -0.007456 -0.029872
v -0.468250 0.041544 -0.023764
v -0.468250 0.085905 -0.002078
v -0.468250 0.120821 0.032838
v -0.468250 0.142507 0.077199
v -0.468250 0.148615 0.126198
v -0.468250 0.138482 0.174526
v -0.468250 0.113206 0.216945
v -0.468250 0.075526 0.248858
v -0.468250 0.029526 0.266807
v -0.468250 -0.019810 0.268848
v -0.468250 -0.067136 0.254758
v -0.468250 -0.107323 0.226066
v -0.468250 -0.136015 0.185879
v -0.468250 -0.150105 0.138554
v -0.468250 -0.148064 0.089218
v -0.468250 -0.130115 0.043217
v -0.468250 -0.098202 0.005537
v -0.468250 -0.055783 -0.019739
v -0.468250 -0.007456 -0.029872
v -0.468250 0.041544 -0.023764
v -0.468250 0.085905 -0.002078
v -0.468250 0.120821 0.032838
v -0.468250 0.142507 0.077199
v -0.468250 0.148615 0.126198
v -0.468250 0.138482 0.174526
v -0.468250 0.113206 0.216945
v -0.468250 0.075526 0.248858
v -0.468250 0.029526 0.266807
v -0.468250 -0.019810 0.268848
v -0.468250 -0.067136 0.254758
v -0.518250 -0.107323 0.226066
v -0.518250 -0.136015 0.185879
v -0.518250 -0.150105 0.138554
v -0.518250 -0.148064 0.089218
v -0.518250 -0.130115 0.043217
v -0.518250 -0.098202 0.005537
v -0.518250 -0.055783 -0.019739
v -0.518250 -0.007456 -0.029872
v -0.518250 0.041544 -0.023764
v -0.518250 0.085905 -0.002078
v -0.518250 0.120821 0.032838
v -0.518250 0.142507 0.077199
v -0.518250 0.148615 0.126198
v -0.518250 0.138482 0.174526
v -0.518250 0.113206 0.216945
v -0.518250 0.075526 0.248858
v -0.518250 0.029526 0.266807
v -0.518250 -0.019810 0.268848
v -0.518250 -0.067136 0.254758
v -0.518250 -0.107323 0.226066
v -0.518250 -0.136015 0.185879
v -0.518250 -0.150105 0.138554
v -0.518250 -0.148064 0.089218
v -0.518250 -0.130115 0.043217
v -0.518250 -0.098202 0.005537
v -0.518250 -0.055783 -0.019739
v -0.518250 -0.007456 -0.029872
v -0.518250 0.041544 -0.023764
v -0.518250 0.085905 -0.002078
v -0.518250 0.120821 0.032838
v -0.518250 0.142507 0.077199
v -0.518250 0.148615 0.126198
v -0.518250 0.138482 0.174526
v -0.518250 0.113206 0.216945
v -0.518250 0.075526 0.248858
v -0.518250 0.029526 0.266807
v -0.518250 -0.019810 0.268848
v -0.518250 -0.067136 0.254758
v -0.568250 -0.107323 0.226066
v -0.568250 -0.136015 0.185879
v -0.568250 -0.150105 0.138554
v -0.568250 -0.148064 0.089218
v -0.568250 -0.130115 0.043217
v -0.568250 -0.098202 0.005537
v -0.568250 -0.055783 -0.019739
v -0.568250 -0.007456 -0.029872
v -0.568250 0.041544 -0.023764
v -0.568250 0.085905 -0.002078
v -0.568250 0.120821 0.032838
v -0.568250 0.142507 0.077199
v -0.568250 0.148615 0.126198
v -0.568250 0.138482 0.174526
v -0.568250 0.113206 0.216945
v -0.568250 0.075526 0.248858
v -0.568250 0.029526 0.266807
v -0.568250 -0.019810 0.268848
v -0.568250 -0.067136 0.254758
v -0.568250 -0.107323 0.226066
v -0.568250 -0.136015 0.185879
v -0.568250 -0.150105 0.138554
v -0.568250 -0.148064 0.089218
v -0.568250 -0.130115 0.043217
v -0.568250 -0.098202 0.005537
v -0.568250 -0.055783 -0.019739
v -0.568250 -0.007456 -0.029872
v -0.568250 0.041544 -0.023764
v -0.568250 0.085905 -0.002078
v -0.568250 0.120821 0.032838
v -0.568250 0.142507 0.077199
v -0.568250 0.148615 0.126198
v -0.568250 0.138482 0.174526
v -0.568250 0.113206 0.216945
v -0.568250 0.075526 0.248858
v -0.568250 0.029526 0.266807
v -0.568250 -0.019810 0.268848
v -0.568250 -0.067136 0.254758
v -0.618250 -0.107323 0.226066
v -0.618250 -0.136015 0.185879
v -0.618250 -0.150105 0.138554
v -0.618250 -0.148064 0.089218
v -0.618250 -0.130115 0.043217
v -0.618250 -0.098202 0.005537
v -0.618250 -0.055783 -0.019739
v -0.618250 -0.007456 -0.029872
v -0.618250 0.041544 -0.023764
v -0.618250 0.085905 -0.002078
v -0.618250 0.120821 0.032838
v -0.618250 0.142507 0.077199
v -0.618250 0.148615 0.126198
v -0.618250 0.138482 0.174526
v -0.618250 0.113206 0.216945
v -0.618250 0.075526 0.248858
v -0.618250 0.029526 0.266807
v -0.618250 -0.019810 0.268848
v -0.618250 -0.067136 0.254758
v -0.060197 0.105066 -0.052876
v -0.085006 0.064879 -0.067290
v -0.097163 0.017554 -0.074412
v -0.095350 -0.031782 -0.073471
v -0.079764 -0.077783 -0.064568
v -0.052094 -0.115462 -0.048668
v -0.015338 -0.140738 -0.027494
v 0.026521 -0.150872 -0.003340
v 0.068946 -0.144764 0.021175
v 0.107341 -0.123077 0.043396
v 0.137544 -0.088161 0.060914
v 0.156283 -0.043800 0.071831
v 0.161527 0.005199 0.074964
v 0.152707 0.053526 0.069974
v 0.130780 0.095945 0.057401
v 0.098121 0.127858 0.038607
v 0.058270 0.145807 0.015630
v 0.015545 0.147848 -0.009040
v -0.025423 0.133758 -0.032732
v -0.035190 0.105159 -0.096173
v -0.060000 0.064972 -0.110588
v -0.072157 0.017647 -0.117710
v -0.070344 -0.031690 -0.116769
v -0.054758 -0.077690 -0.107866
v -0.027088 -0.115370 -0.091965
v 0.009668 -0.140646 -0.070792
v 0.051527 -0.150779 -0.046638
v 0.093952 -0.144671 -0.022123
v 0.132347 -0.122985 0.000098
v 0.162550 -0.088069 0.017616
v 0.181289 -0.043708 0.028533
v 0.186533 0.005291 0.031666
v 0.177713 0.053619 0.026676
v 0.155786 0.096037 0.014103
v 0.123127 0.127950 -0.004690
v 0.083276 0.145900 -0.027667
v 0.040551 0.147940 -0.052338
v -0.000417 0.133851 -0.076029
v -0.035191 0.105158 -0.096173
v -0.060000 0.064972 -0.110587
v -0.072157 0.017646 -0.117710
v -0.070344 -0.031690 -0.116768
v -0.054758 -0.077690 -0.107865
v -0.027088 -0.115370 -0.091966
v 0.009669 -0.140646 -0.070792
v 0.051527 -0.150779 -0.046639
v 0.093953 -0.144671 -0.022123
v 0.132348 -0.122985 0.000097
v 0.162551 -0.088069 0.017615
v 0.181290 -0.043708 0.028533
v 0.186533 0.005291 0.031666
v 0.177713 0.053619 0.026676
v 0.155786 0.096037 0.014103
v 0.123127 0.127950 -0.004690
v 0.083276 0.145900 -0.027667
v 0.040551 0.147940 -0.052337
v -0.000418 0.133851 -0.076029
v -0.010185 0.105251 -0.139470
v -0.034994 0.065065 -0.153885
v -0.047151 0.017739 -0.161007
v -0.045338 -0.031597 -0.160066
v -0.029752 -0.077597 -0.151163
v -0.002082 -0.115277 -0.135263
v 0.034674 -0.140553 -0.114090
v 0.076533 -0.150686 -0.089936
v 0.118959 -0.144579 -0.065421
v 0.157354 -0.122892 -0.043200
v 0.187557 -0.087976 -0.025682
v 0.206295 -0.043615 -0.014765
v 0.211539 0.005384 -0.011632
v 0.202719 0.053711 -0.016622
v 0.180792 0.096130 -0.029195
v 0.148133 0.128043 -0.047988
v 0.108282 0.145993 -0.070965
v 0.065557 0.148033 -0.095635
v 0.024588 0.133944 -0.119326
v -0.010184 0.105251 -0.139472
v -0.034993 0.065065 -0.153886
v -0.047150 0.017739 -0.161009
v -0.045338 -0.031597 -0.160067
v -0.029752 -0.077597 -0.151164
v -0.002081 -0.115277 -0.135264
v 0.034675 -0.140553 -0.114090
v 0.076533 -0.150686 -0.089936
v 0.118958 -0.144579 -0.065420
v 0.157353 -0.122892 -0.043199
v 0.187556 -0.087976 -0.025681
v 0.206295 -0.043615 -0.014764
v 0.211538 0.005384 -0.011630
v 0.202719 0.053711 -0.016621
v 0.180791 0.096130 -0.029194
v 0.148133 0.128043 -0.047987
v 0.108282 0.145992 -0.070965
v 0.065558 0.148033 -0.095636
v 0.024589 0.133944 -0.119327
v 0.014822 0.105344 -0.182769
v -0.009987 0.065157 -0.197184
v -0.022144 0.017832 -0.204306
v -0.020331 -0.031504 -0.203365
v -0.004745 -0.077505 -0.194462
v 0.022925 -0.115185 -0.178561
v 0.059681 -0.140461 -0.157387
v 0.101539 -0.150594 -0.133234
v 0.143965 -0.144486 -0.108718
v 0.182359 -0.122799 -0.086497
v 0.212562 -0.087884 -0.068979
v 0.231301 -0.043523 -0.058061
v 0.236545 0.005477 -0.054928
v 0.227725 0.053804 -0.059918
v 0.205798 0.096223 -0.072491
v 0.173139 0.128136 -0.091285
v 0.133289 0.146085 -0.114262
v 0.090564 0.148126 -0.138933
v 0.049595 0.134036 -0.162625
v 0.014822 0.105343 -0.182770
v -0.009987 0.065157 -0.197184
v -0.022144 0.017831 -0.204306
v -0.020332 -0.031505 -0.203364
v -0.004746 -0.077505 -0.194460
v 0.022925 -0.115185 -0.178560
v 0.059681 -0.140461 -0.157386
v 0.101539 -0.150594 -0.133232
v 0.143965 -0.144486 -0.108717
v 0.182359 -0.122799 -0.086496
v 0.212562 -0.087883 -0.068978
v 0.231301 -0.043522 -0.058061
v 0.236545 0.005478 -0.054928
v 0.227725 0.053805 -0.059919
v 0.205798 0.096223 -0.072493
v 0.173139 0.128136 -0.091287
v 0.133288 0.146086 -0.114264
v 0.090564 0.148126 -0.138935
v 0.049595 0.134036 -0.162626
v 0.039828 0.105436 -0.226068
v 0.015019 0.065249 -0.240482
v 0.002862 0.017923 -0.247604
v 0.004675 -0.031413 -0.246662
v 0.020261 -0.077413 -0.237758
v 0.047931 -0.115093 -0.221858
v 0.084687 -0.140369 -0.200683
v 0.126546 -0.150501 -0.176530
v 0.168971 -0.144393 -0.152014
v 0.207366 -0.122706 -0.129794
v 0.237569 -0.087791 -0.112276
v 0.256307 -0.043429 -0.101359
v 0.261551 0.005570 -0.098226
v 0.252731 0.053897 -0.103217
v 0.230804 0.096316 -0.115791
v 0.198145 0.128229 -0.134584
v 0.158295 0.146178 -0.157562
v 0.115570 0.148218 -0.182233
v 0.074601 0.134128 -0.205924
v 0.039827 0.105436 -0.226065
v 0.015018 0.065249 -0.240480
v 0.002861 0.017923 -0.247602
v 0.004674 -0.031413 -0.246661
v 0.020261 -0.077413 -0.237759
v 0.047932 -0.115093 -0.221859
v 0.084688 -0.140369 -0.200685
v 0.126547 -0.150501 -0.176532
v 0.168973 -0.144393 -0.152017
v 0.207367 -0.122706 -0.129796
v 0.237570 -0.087791 -0.112278
v 0.256308 -0.043429 -0.101360
v 0.261551 0.005570 -0.098227
v 0.252731 0.053897 -0.103217
v 0.230804 0.096315 -0.115789
v 0.198145 0.128228 -0.134582
v 0.158293 0.146178 -0.157559
v 0.115568 0.148218 -0.182230
v 0.074600 0.134128 -0.205921
v 0.064833 0.105529 -0.269363
v 0.040024 0.065342 -0.283778
v 0.027867 0.018016 -0.290900
v 0.029680 -0.031320 -0.289959
v 0.045267 -0.077320 -0.281056
v 0.072938 -0.115000 -0.265157
v 0.109694 -0.140275 -0.243983
v 0.151553 -0.150408 -0.219830
v 0.193978 -0.144300 -0.195314
v 0.232373 -0.122613 -0.173094
v 0.262576 -0.087697 -0.155575
v 0.281314 -0.043336 -0.144658
v 0.286557 0.005663 -0.141525
v 0.277737 0.053990 -0.146514
v 0.255809 0.096409 -0.159087
v 0.223150 0.128322 -0.177880
v 0.183299 0.146271 -0.200857
v 0.140574 0.148311 -0.225528
v 0.099606 0.134221 -0.249219
v 0.064834 0.105529 -0.269365
v 0.040025 0.065342 -0.283779
v 0.027868 0.018016 -0.290901
v 0.029680 -0.031320 -0.289959
v 0.045266 -0.077320 -0.281055
v 0.072937 -0.115000 -0.265155
v 0.109693 -0.140275 -0.243981
v 0.151552 -0.150408 -0.219827
v 0.193977 -0.144300 -0.195312
v 0.232372 -0.122613 -0.173091
v 0.262575 -0.087697 -0.155574
v 0.281314 -0.043336 -0.144657
v 0.286557 0.005663 -0.141524
v 0.277738 0.053990 -0.146515
v 0.255810 0.096409 -0.159088
v 0.223152 0.128322 -0.177882
v 0.183301 0.146271 -0.200859
v 0.140576 0.148311 -0.225530
v 0.099607 0.134221 -0.249221
v 0.089840 0.105621 -0.312663
v 0.065031 0.065434 -0.327077
v 0.052874 0.018109 -0.334198
v 0.054686 -0.031228 -0.333257
v 0.070273 -0.077228 -0.324353
v 0.097943 -0.114907 -0.308453
v 0.134699 -0.140183 -0.287278
v 0.176558 -0.150316 -0.263125
v 0.218983 -0.144208 -0.238610
v 0.257378 -0.122521 -0.216389
v 0.287581 -0.087605 -0.198871
v 0.306320 -0.043244 -0.187955
v 0.311563 0.005755 -0.184822
v 0.302744 0.054082 -0.189813
v 0.280816 0.096501 -0.202386
v 0.248158 0.128414 -0.221180
v 0.208307 0.146363 -0.244157
v 0.165582 0.148403 -0.268828
v 0.124613 0.134314 -0.292519
v 0.089840 0.105621 -0.312663
v 0.065031 0.065435 -0.327077
v 0.052874 0.018109 -0.334199
v 0.054687 -0.031227 -0.333257
v 0.070273 -0.077227 -0.324353
v 0.097943 -0.114907 -0.308453
v 0.134699 -0.140183 -0.287279
v 0.176557 -0.150316 -0.263125
v 0.218983 -0.144208 -0.238610
v 0.257377 -0.122521 -0.216389
v 0.287581 -0.087605 -0.198871
v 0.306319 -0.043244 -0.187954
v 0.311563 0.005755 -0.184821
v 0.302744 0.054082 -0.189812
v 0.280816 0.096501 -0.202386
v 0.248158 0.128414 -0.221179
v 0.208307 0.146363 -0.244157
v 0.165582 0.148404 -0.268828
v 0.124614 0.134314 -0.292519
v 0.114847 0.105714 -0.355961
v 0.090037 0.065527 -0.370375
v 0.077880 0.018202 -0.377496
v 0.079693 -0.031135 -0.376555
v 0.095279 -0.077135 -0.367651
v 0.122949 -0.114815 -0.351751
v 0.159705 -0.140091 -0.330576
v 0.201564 -0.150224 -0.306423
v 0.243989 -0.144116 -0.281907
v 0.282384 -0.122429 -0.259687
v 0.312587 -0.087513 -0.242169
v 0.331326 -0.043152 -0.231252
v 0.336569 0.005847 -0.228119
v 0.327750 0.054175 -0.233110
v 0.305823 0.096593 -0.245683
v 0.273164 0.128506 -0.264477
v 0.233313 0.146455 -0.287454
v 0.190589 0.148496 -0.312125
v 0.149620 0.134406 -0.335817
v 0.114845 0.105713 -0.355958
v 0.090036 0.065527 -0.370373
v 0.077880 0.018201 -0.377496
v 0.079693 -0.031135 -0.376556
v 0.095280 -0.077135 -0.367653
v 0.122951 -0.114815 -0.351754
v 0.159707 -0.140091 -0.330580
v 0.201566 -0.150224 -0.306427
v 0.243991 -0.144116 -0.281911
v 0.282386 -0.122429 -0.259690
v 0.312588 -0.087513 -0.242171
v 0.331326 -0.043152 -0.231253
v 0.336569 0.005847 -0.228119
v 0.327749 0.054174 -0.233108
v 0.305821 0.096593 -0.245681
v 0.273162 0.128506 -0.264473
v 0.233311 0.146455 -0.287450
v 0.190586 0.148496 -0.312121
v 0.149618 0.134406 -0.335813
v 0.139851 0.105807 -0.399255
v 0.115042 0.065621 -0.413670
v 0.102886 0.018295 -0.420794
v 0.104699 -0.031041 -0.419853
v 0.120286 -0.077041 -0.410951
v 0.147957 -0.114721 -0.395051
v 0.184713 -0.139997 -0.373878
v 0.226572 -0.150130 -0.349725
v 0.268997 -0.144022 -0.325209
v 0.307392 -0.122335 -0.302988
v 0.337594 -0.087420 -0.285469
v 0.356332 -0.043058 -0.274551
v 0.361575 0.005941 -0.271416
v 0.352755 0.054268 -0.276406
v 0.330827 0.096687 -0.288978
v 0.298168 0.128600 -0.307771
v 0.258317 0.146549 -0.330748
v 0.215592 0.148589 -0.355419
v 0.174624 0.134500 -0.379110
v 0.139851 0.105806 -0.399255
v 0.115042 0.065619 -0.413670
v 0.102886 0.018294 -0.420794
v 0.104699 -0.031042 -0.419853
v 0.120286 -0.077043 -0.410951
v 0.147957 -0.114722 -0.395051
v 0.184713 -0.139998 -0.373878
v 0.226572 -0.150131 -0.349725
v 0.268997 -0.144023 -0.325209
v 0.307392 -0.122337 -0.302988
v 0.337594 -0.087421 -0.285469
v 0.356332 -0.043060 -0.274551
v 0.361575 0.005939 -0.271417
v 0.352755 0.054267 -0.276406
v 0.330827 0.096685 -0.288978
v 0.298168 0.128598 -0.307771
v 0.258317 0.146548 -0.330748
v 0.215592 0.148588 -0.355419
v 0.174624 0.134499 -0.379110
v 0.164857 0.105900 -0.442553
v 0.140048 0.065713 -0.456968
v 0.127892 0.018388 -0.464091
v 0.129706 -0.030948 -0.463151
v 0.145292 -0.076949 -0.454248
v 0.172963 -0.114629 -0.438349
v 0.209719 -0.139904 -0.417175
v 0.251578 -0.150038 -0.393022
v 0.294004 -0.143930 -0.368507
v 0.332398 -0.122243 -0.346285
v 0.362600 -0.087327 -0.328766
v 0.381339 -0.042966 -0.317848
v 0.386581 0.006033 -0.314714
v 0.377761 0.054361 -0.319704
v 0.355833 0.096779 -0.332276
v 0.323174 0.128692 -0.351069
v 0.283323 0.146641 -0.374046
v 0.240598 0.148682 -0.398716
v 0.199630 0.134592 -0.422408
v 0.164857 0.105899 -0.442552
v 0.140048 0.065712 -0.456966
v 0.127891 0.018386 -0.464089
v 0.129705 -0.030950 -0.463149
v 0.145292 -0.076950 -0.454247
v 0.172963 -0.114630 -0.438348
v 0.209719 -0.139906 -0.417175
v 0.251578 -0.150039 -0.393022
v 0.294004 -0.143931 -0.368507
v 0.332399 -0.122244 -0.346286
v 0.362601 -0.087328 -0.328768
v 0.381340 -0.042967 -0.317850
v 0.386583 0.006032 -0.314716
v 0.377762 0.054359 -0.319705
v 0.355834 0.096778 -0.332277
v 0.323175 0.128691 -0.351069
v 0.283324 0.146640 -0.374046
v 0.240599 0.148681 -0.398716
v 0.199630 0.134591 -0.422407
v 0.189862 0.105992 -0.485849
v 0.165053 0.065806 -0.500264
v 0.152897 0.018480 -0.507387
v 0.154710 -0.030856 -0.506447
v 0.170297 -0.076856 -0.497545
v 0.197968 -0.114536 -0.481646
v 0.234725 -0.139812 -0.460473
v 0.276584 -0.149945 -0.436320
v 0.319010 -0.143837 -0.411805
v 0.357404 -0.122150 -0.389584
v 0.387607 -0.087234 -0.372066
v 0.406345 -0.042873 -0.361148
v 0.411588 0.006126 -0.358014
v 0.402768 0.054453 -0.363003
v 0.380840 0.096872 -0.375575
v 0.348181 0.128785 -0.394367
v 0.308329 0.146734 -0.417344
v 0.265604 0.148775 -0.442014
v 0.224635 0.134685 -0.465705
v 0.189865 0.105992 -0.485853
v 0.165055 0.065805 -0.500267
v 0.152898 0.018480 -0.507389
v 0.154711 -0.030856 -0.506448
v 0.170297 -0.076857 -0.497544
v 0.197968 -0.114536 -0.481644
v 0.234724 -0.139812 -0.460470
v 0.276582 -0.149945 -0.436316
v 0.319008 -0.143838 -0.411801
v 0.357402 -0.122151 -0.389580
v 0.387605 -0.087235 -0.372062
v 0.406344 -0.042874 -0.361145
v 0.411588 0.006125 -0.358012
v 0.402768 0.054453 -0.363002
v 0.380841 0.096871 -0.375576
v 0.348182 0.128784 -0.394369
v 0.308331 0.146734 -0.417347
v 0.265606 0.148774 -0.442018
v 0.224638 0.134684 -0.465709
v 0.214871 0.106084 -0.529151
v 0.190062 0.065898 -0.543565
v 0.177905 0.018572 -0.550687
v 0.179717 -0.030764 -0.549745
v 0.195303 -0.076764 -0.540842
v 0.222974 -0.114444 -0.524942
v 0.259730 -0.139720 -0.503768
v 0.301589 -0.149853 -0.479614
v 0.344014 -0.143745 -0.455099
v 0.382408 -0.122058 -0.432878
v 0.412612 -0.087142 -0.415360
v 0.431350 -0.042781 -0.404443
v 0.436594 0.006218 -0.401310
v 0.427774 0.054545 -0.406300
v 0.405847 0.096964 -0.418873
v 0.373188 0.128877 -0.437667
v 0.333337 0.146826 -0.460644
v 0.290613 0.148867 -0.485315
v 0.249644 0.134777 -0.509006
v -0.060000 -0.107066 0.053216
v -0.084884 -0.066879 0.067501
v -0.097129 -0.019554 0.074472
v -0.095407 0.029783 0.073372
v -0.079906 0.075783 0.064322
v -0.052306 0.113463 0.048301
v -0.015596 0.138739 0.027045
v 0.026244 0.148872 0.002860
v 0.068680 0.142764 -0.021636
v 0.107115 0.121077 -0.043787
v 0.137383 0.086161 -0.061193
v 0.156204 0.041800 -0.071968
v 0.161538 -0.007199 -0.074944
v 0.152808 -0.055526 -0.069799
v 0.130959 -0.097945 -0.057090
v 0.098360 -0.129858 -0.038194
v 0.058542 -0.147807 -0.015159
v 0.015821 -0.149848 0.009518
v -0.025174 -0.135758 0.033164
v -0.034994 -0.106973 0.096514
v -0.059878 -0.066787 0.110799
v -0.072123 -0.019461 0.117770
v -0.070401 0.029875 0.116670
v -0.054900 0.075875 0.107619
v -0.027300 0.113555 0.091598
v 0.009410 0.138831 0.070343
v 0.051250 0.148964 0.046157
v 0.093686 0.142856 0.021662
v 0.132121 0.121170 -0.000490
v 0.162389 0.086254 -0.017896
v 0.181210 0.041893 -0.028671
v 0.186544 -0.007106 -0.031647
v 0.177814 -0.055434 -0.026501
v 0.155965 -0.097852 -0.013792
v 0.123366 -0.129765 0.005104
v 0.083548 -0.147715 0.028138
v 0.040827 -0.149755 0.052816
v -0.000168 -0.135666 0.076462
v -0.034994 -0.106973 0.096514
v -0.059878 -0.066787 0.110799
v -0.072123 -0.019461 0.117769
v -0.070401 0.029875 0.116669
v -0.054900 0.075875 0.107618
v -0.027300 0.113555 0.091597
v 0.009409 0.138831 0.070342
v 0.051250 0.148964 0.046157
v 0.093686 0.142856 0.021661
v 0.132121 0.121169 -0.000490
v 0.162389 0.086254 -0.017896
v 0.181210 0.041893 -0.028670
v 0.186545 -0.007106 -0.031646
v 0.177814 -0.055434 -0.026501
v 0.155966 -0.097852 -0.013791
v 0.123366 -0.129766 0.005104
v 0.083548 -0.147715 0.028139
v 0.040827 -0.149755 0.052816
v -0.000168 -0.135666 0.076462
v -0.009988 -0.106880 0.139812
v -0.034872 -0.066694 0.154097
v -0.047117 -0.019368 0.161067
v -0.045395 0.029968 0.159967
v -0.029895 0.075968 0.150916
v -0.002294 0.113648 0.134895
v 0.034415 0.138924 0.113640
v 0.076255 0.149057 0.089454
v 0.118692 0.142949 0.064959
v 0.157127 0.121262 0.042808
v 0.187395 0.086346 0.025402
v 0.206216 0.041985 0.014627
v 0.211550 -0.007014 0.011652
v 0.202820 -0.055341 0.016797
v 0.180972 -0.097760 0.029506
v 0.148372 -0.129673 0.048402
v 0.108554 -0.147622 0.071437
v 0.065833 -0.149663 0.096114
v 0.024838 -0.135573 0.119760
v -0.009988 -0.106880 0.139812
v -0.034871 -0.066694 0.154098
v -0.047116 -0.019368 0.161068
v -0.045395 0.029968 0.159968
v -0.029894 0.075968 0.150917
v -0.002293 0.113648 0.134896
v 0.034416 0.138924 0.113641
v 0.076256 0.149057 0.089455
v 0.118692 0.142949 0.064959
v 0.157127 0.121262 0.042807
v 0.187395 0.086346 0.025401
v 0.206215 0.041985 0.014626
v 0.211550 -0.007014 0.011650
v 0.202820 -0.055341 0.016796
v 0.180971 -0.097760 0.029505
v 0.148372 -0.129673 0.048401
v 0.108554 -0.147622 0.071436
v 0.065833 -0.149663 0.096114
v 0.024838 -0.135573 0.119760
v 0.015019 -0.106788 0.183110
v -0.009865 -0.066601 0.197395
v -0.022110 -0.019276 0.204366
v -0.020388 0.030060 0.203266
v -0.004887 0.076061 0.194215
v 0.022713 0.113740 0.178194
v 0.059422 0.139016 0.156939
v 0.101262 0.149150 0.132752
v 0.143699 0.143042 0.108256
v 0.182133 0.121355 0.086105
v 0.212401 0.086439 0.068699
v 0.231222 0.042078 0.057924
v 0.236556 -0.006921 0.054948
v 0.227826 -0.055249 0.060093
v 0.205977 -0.097667 0.072803
v 0.173378 -0.129580 0.091699
v 0.133560 -0.147529 0.114734
v 0.090839 -0.149570 0.139411
v 0.049845 -0.135480 0.163057
v 0.015018 -0.106788 0.183108
v -0.009865 -0.066602 0.197394
v -0.022110 -0.019276 0.204365
v -0.020389 0.030060 0.203266
v -0.004888 0.076060 0.194216
v 0.022713 0.113740 0.178195
v 0.059422 0.139016 0.156940
v 0.101262 0.149150 0.132754
v 0.143699 0.143042 0.108258
v 0.182133 0.121356 0.086107
v 0.212401 0.086440 0.068700
v 0.231222 0.042079 0.057925
v 0.236556 -0.006920 0.054948
v 0.227826 -0.055248 0.060093
v 0.205977 -0.097666 0.072802
v 0.173378 -0.129580 0.091697
v 0.133560 -0.147529 0.114732
v 0.090839 -0.149570 0.139410
v 0.049844 -0.135481 0.163056
v 0.040024 -0.106696 0.226406
v 0.015141 -0.066510 0.240692
v 0.002896 -0.019184 0.247663
v 0.004618 0.030152 0.246564
v 0.020118 0.076152 0.237513
v 0.047719 0.113832 0.221493
v 0.084428 0.139109 0.200238
v 0.126268 0.149242 0.176052
v 0.168705 0.143134 0.151556
v 0.207139 0.121448 0.129404
v 0.237407 0.086532 0.111998
v 0.256228 0.042171 0.101222
v 0.261562 -0.006828 0.098246
v 0.252832 -0.055155 0.103391
v 0.230984 -0.097574 0.116100
v 0.198384 -0.129487 0.134995
v 0.158566 -0.147437 0.158030
v 0.115845 -0.149478 0.182707
v 0.074851 -0.135388 0.206353
v 0.040025 -0.106696 0.226407
v 0.015141 -0.066510 0.240692
v 0.002896 -0.019184 0.247662
v 0.004617 0.030152 0.246562
v 0.020117 0.076152 0.237511
v 0.047718 0.113832 0.221490
v 0.084427 0.139108 0.200235
v 0.126267 0.149242 0.176049
v 0.168704 0.143134 0.151554
v 0.207139 0.121448 0.129403
v 0.237407 0.086532 0.111997
v 0.256228 0.042171 0.101222
v 0.261563 -0.006828 0.098247
v 0.252833 -0.055155 0.103392
v 0.230985 -0.097574 0.116102
v 0.198386 -0.129487 0.134998
v 0.158568 -0.147437 0.158032
v 0.115847 -0.149478 0.182710
v 0.074852 -0.135388 0.206355
v 0.065031 -0.106603 0.269705
v 0.040147 -0.066417 0.283990
v 0.027902 -0.019091 0.290960
v 0.029623 0.030245 0.289860
v 0.045123 0.076246 0.280809
v 0.072723 0.113925 0.264788
v 0.109433 0.139202 0.243533
v 0.151273 0.149335 0.219347
v 0.193709 0.143227 0.194851
v 0.232145 0.121541 0.172700
v 0.262413 0.086625 0.155295
v 0.281234 0.042264 0.144520
v 0.286569 -0.006735 0.141545
v 0.277839 -0.055062 0.146690
v 0.255991 -0.097481 0.159400
v 0.223392 -0.129394 0.178295
v 0.183574 -0.147344 0.201330
v 0.140853 -0.149385 0.226007
v 0.099858 -0.135295 0.249653
v 0.065030 -0.106603 0.269703
v 0.040147 -0.066417 0.283989
v 0.027902 -0.019091 0.290960
v 0.029623 0.030245 0.289861
v 0.045124 0.076246 0.280811
v 0.072725 0.113925 0.264790
v 0.109434 0.139202 0.243535
v 0.151274 0.149335 0.219349
v 0.193711 0.143227 0.194853
v 0.232146 0.121541 0.172702
v 0.262414 0.086625 0.155296
v 0.281234 0.042264 0.144520
v 0.286569 -0.006735 0.141544
v 0.277839 -0.055062 0.146689
v 0.255990 -0.097481 0.159398
v 0.223390 -0.129394 0.178293
v 0.183573 -0.147344 0.201327
v 0.140851 -0.149385 0.226005
v 0.099857 -0.135295 0.249651
v 0.090036 -0.106511 0.313001
v 0.065153 -0.066324 0.327287
v 0.052908 -0.018999 0.334258
v 0.054629 0.030337 0.333158
v 0.070130 0.076338 0.324108
v 0.097731 0.114018 0.308088
v 0.134440 0.139294 0.286833
v 0.176280 0.149427 0.262647
v 0.218717 0.143320 0.238151
v 0.257152 0.121633 0.216000
v 0.287420 0.086717 0.198593
v 0.306240 0.042356 0.187818
v 0.311575 -0.006643 0.184842
v 0.302845 -0.054970 0.189986
v 0.280996 -0.097389 0.202695
v 0.248396 -0.129302 0.221591
v 0.208579 -0.147252 0.244625
v 0.165858 -0.149293 0.269302
v 0.124863 -0.135203 0.292949
v 0.090036 -0.106510 0.313001
v 0.065153 -0.066324 0.327287
v 0.052908 -0.018998 0.334258
v 0.054630 0.030338 0.333159
v 0.070131 0.076338 0.324109
v 0.097731 0.114018 0.308088
v 0.134441 0.139294 0.286833
v 0.176281 0.149428 0.262647
v 0.218717 0.143320 0.238151
v 0.257152 0.121633 0.215999
v 0.287420 0.086717 0.198593
v 0.306240 0.042356 0.187818
v 0.311575 -0.006643 0.184841
v 0.302844 -0.054970 0.189986
v 0.280996 -0.097389 0.202695
v 0.248396 -0.129302 0.221591
v 0.208578 -0.147251 0.244625
v 0.165857 -0.149292 0.269303
v 0.124863 -0.135203 0.292949
v 0.115043 -0.106418 0.356299
v 0.090159 -0.066231 0.370585
v 0.077915 -0.018906 0.377556
v 0.079636 0.030430 0.376456
v 0.095137 0.076431 0.367406
v 0.122738 0.114110 0.351385
v 0.159447 0.139386 0.330130
v 0.201287 0.149520 0.305945
v 0.243723 0.143412 0.281449
v 0.282158 0.121725 0.259297
v 0.312426 0.086810 0.241891
v 0.331247 0.042449 0.231115
v 0.336581 -0.006550 0.228139
v 0.327851 -0.054878 0.233284
v 0.306002 -0.097297 0.245993
v 0.273402 -0.129210 0.264888
v 0.233584 -0.147159 0.287923
v 0.190863 -0.149200 0.312600
v 0.149869 -0.135110 0.336246
v 0.115044 -0.106418 0.356302
v 0.090160 -0.066232 0.370587
v 0.077915 -0.018906 0.377556
v 0.079635 0.030430 0.376456
v 0.095136 0.076430 0.367404
v 0.122736 0.114110 0.351382
v 0.159445 0.139386 0.330127
v 0.201284 0.149519 0.305940
v 0.243721 0.143412 0.281445
v 0.282156 0.121725 0.259294
v 0.312424 0.086809 0.241888
v 0.331246 0.042448 0.231114
v 0.336581 -0.006551 0.228139
v 0.327851 -0.054878 0.233285
v 0.306003 -0.097297 0.245995
v 0.273404 -0.129210 0.264892
v 0.233587 -0.147160 0.287927
v 0.190866 -0.149200 0.312605
v 0.149871 -0.135111 0.336250
v 0.140050 -0.106324 0.399600
v 0.115166 -0.066138 0.413884
v 0.102921 -0.018812 0.420854
v 0.104642 0.030524 0.419753
v 0.120142 0.076524 0.410702
v 0.147742 0.114204 0.394680
v 0.184451 0.139480 0.373424
v 0.226291 0.149613 0.349238
v 0.268727 0.143505 0.324742
v 0.307162 0.121819 0.302591
v 0.337431 0.086903 0.285186
v 0.356252 0.042542 0.274412
v 0.361587 -0.006457 0.271437
v 0.352857 -0.054784 0.276583
v 0.331009 -0.097203 0.289293
v 0.298410 -0.129116 0.308189
v 0.258593 -0.147066 0.331225
v 0.215872 -0.149106 0.355902
v 0.174877 -0.135017 0.379548
v 0.140050 -0.106326 0.399600
v 0.115166 -0.066139 0.413884
v 0.102921 -0.018814 0.420854
v 0.104642 0.030522 0.419753
v 0.120142 0.076523 0.410702
v 0.147742 0.114203 0.394680
v 0.184451 0.139479 0.373424
v 0.226291 0.149612 0.349238
v 0.268727 0.143504 0.324742
v 0.307162 0.121818 0.302591
v 0.337430 0.086902 0.285186
v 0.356252 0.042541 0.274412
v 0.361587 -0.006458 0.271437
v 0.352857 -0.054786 0.276583
v 0.331009 -0.097204 0.289293
v 0.298410 -0.129118 0.308190
v 0.258593 -0.147067 0.331225
v 0.215872 -0.149108 0.355902
v 0.174877 -0.135018 0.379548
v 0.165056 -0.106232 0.442897
v 0.140172 -0.066045 0.457182
v 0.127927 -0.018720 0.464152
v 0.129648 0.030616 0.463051
v 0.145148 0.076617 0.453999
v 0.172748 0.114296 0.437977
v 0.209457 0.139573 0.416722
v 0.251297 0.149706 0.392536
v 0.293733 0.143598 0.368040
v 0.332168 0.121911 0.345889
v 0.362437 0.086996 0.328483
v 0.381258 0.042635 0.317709
v 0.386593 -0.006364 0.314734
v 0.377864 -0.054692 0.319881
v 0.356016 -0.097111 0.332591
v 0.323416 -0.129024 0.351487
v 0.283599 -0.146973 0.374522
v 0.240878 -0.149014 0.399200
v 0.199883 -0.134924 0.422846
v 0.165056 -0.106233 0.442896
v 0.140172 -0.066047 0.457180
v 0.127926 -0.018721 0.464150
v 0.129647 0.030615 0.463049
v 0.145147 0.076615 0.453998
v 0.172748 0.114295 0.437976
v 0.209457 0.139571 0.416721
v 0.251297 0.149705 0.392535
v 0.293734 0.143597 0.368040
v 0.332169 0.121910 0.345890
v 0.362438 0.086994 0.328485
v 0.381259 0.042633 0.317711
v 0.386594 -0.006366 0.314736
v 0.377865 -0.054693 0.319882
v 0.356016 -0.097112 0.332592
v 0.323417 -0.129025 0.351488
v 0.283599 -0.146974 0.374522
v 0.240878 -0.149015 0.399199
v 0.199883 -0.134926 0.422845
v 0.190062 -0.106139 0.486194
v 0.165177 -0.065953 0.500478
v 0.152932 -0.018627 0.507448
v 0.154653 0.030709 0.506347
v 0.170153 0.076709 0.497296
v 0.197753 0.114389 0.481274
v 0.234462 0.139665 0.460019
v 0.276302 0.149798 0.435833
v 0.318739 0.143691 0.411338
v 0.357175 0.122004 0.389188
v 0.387443 0.087088 0.371783
v 0.406265 0.042727 0.361009
v 0.411600 -0.006272 0.358034
v 0.402870 -0.054599 0.363180
v 0.381022 -0.097018 0.375890
v 0.348423 -0.128931 0.394786
v 0.308605 -0.146881 0.417820
v 0.265884 -0.148921 0.442497
v 0.224889 -0.134832 0.466143
v 0.190061 -0.106140 0.486193
v 0.165177 -0.065953 0.500478
v 0.152933 -0.018628 0.507449
v 0.154654 0.030708 0.506349
v 0.170155 0.076709 0.497299
v 0.197755 0.114389 0.481278
v 0.234465 0.139665 0.460023
v 0.276305 0.149798 0.435837
v 0.318741 0.143690 0.411341
v 0.357176 0.122003 0.389189
v 0.387444 0.087088 0.371783
v 0.406265 0.042727 0.361008
v 0.411599 -0.006272 0.358032
v 0.402869 -0.054600 0.363177
v 0.381020 -0.097018 0.375886
v 0.348421 -0.128932 0.394782
v 0.308603 -0.146881 0.417817
v 0.265882 -0.148922 0.442494
v 0.224887 -0.134832 0.466140
v 0.215067 -0.106047 0.529490
v 0.190184 -0.065861 0.543776
v 0.177939 -0.018535 0.550746
v 0.179660 0.030801 0.549647
v 0.195161 0.076801 0.540596
v 0.222762 0.114481 0.524575
v 0.259471 0.139757 0.503320
v 0.301311 0.149890 0.479134
v 0.343747 0.143783 0.454638
v 0.382182 0.122096 0.432487
v 0.412450 0.087180 0.415081
v 0.431271 0.042819 0.404306
v 0.436605 -0.006180 0.401329
v 0.427875 -0.054507 0.406475
v 0.406026 -0.096926 0.419184
v 0.373427 -0.128839 0.438079
v 0.333609 -0.146789 0.461114
v 0.290888 -0.148829 0.485792
v 0.249894 -0.134740 0.509438
v -1.175250 0.337579 -0.277864
v -1.175250 0.276864 -0.338579
v -1.175250 0.166615 -0.404659
v -1.175250 0.126145 -0.419140
v -1.175250 0.084450 -0.429584
v -1.175250 0.041932 -0.435891
v -1.175250 -0.043932 -0.435891
v -1.175250 -0.086450 -0.429584
v -1.175250 -0.207472 -0.386282
v -1.175250 -0.244340 -0.364184
v -1.175250 -0.278864 -0.338579
v -1.175250 -0.339579 -0.277864
v -1.175250 -0.365184 -0.243340
v -1.175250 -0.387282 -0.206472
v -1.175250 -0.430584 -0.085450
v -1.175250 -0.436891 -0.042932
v -1.166875 0.434891 -0.042107
v -1.158580 0.428584 -0.083808
v -1.150445 0.418140 -0.124702
v -1.142550 0.403659 -0.164395
v -1.134969 0.385282 -0.202505
v -1.127777 0.363184 -0.238664
v -1.121041 0.337579 -0.272525
v -1.114828 0.308713 -0.303762
v -1.109197 0.276864 -0.332073
v -1.104201 0.242340 -0.357186
v -1.099890 0.205472 -0.378859
v -1.096305 0.166615 -0.396884
v -1.093480 0.126145 -0.411086
v -1.091442 0.084450 -0.421330
v -1.090212 0.041932 -0.427515
v -1.089801 -0.001000 -0.429584
v -1.090212 -0.043932 -0.427515
v -1.091442 -0.086450 -0.421330
v -1.093480 -0.128145 -0.411086
v -1.096305 -0.168615 -0.396884
v -1.099890 -0.207472 -0.378859
v -1.104201 -0.244340 -0.357186
v -1.109197 -0.278864 -0.332073
v -1.114828 -0.310713 -0.303762
v -1.121041 -0.339579 -0.272525
v -1.127777 -0.365184 -0.238664
v -1.134969 -0.387282 -0.202505
v -1.142550 -0.405659 -0.164395
v -1.150445 -0.420140 -0.124702
v -1.158580 -0.430584 -0.083808
v -1.166875 -0.436891 -0.042107
v -1.158821 0.434891 -0.039664
v -1.142550 0.428584 -0.078945
v -1.126594 0.418140 -0.117466
v -1.111107 0.403659 -0.154856
v -1.096237 0.385282 -0.190755
v -1.082128 0.363184 -0.224817
v -1.068916 0.337579 -0.256713
v -1.056728 0.308713 -0.286137
v -1.045682 0.276864 -0.312806
v -1.035883 0.242340 -0.336462
v -1.027427 0.205472 -0.356878
v -1.020394 0.166615 -0.373856
v -1.014852 0.126145 -0.387235
v -1.010856 0.084450 -0.396884
v -1.008442 0.041932 -0.402711
v -1.007635 -0.001000 -0.404659
v -1.008442 -0.043932 -0.402711
v -1.010856 -0.086450 -0.396884
v -1.014852 -0.128145 -0.387235
v -1.020394 -0.168615 -0.373856
v -1.027427 -0.207472 -0.356878
v -1.035883 -0.244340 -0.336462
v -1.045682 -0.278864 -0.312806
v -1.056728 -0.310713 -0.286137
v -1.068916 -0.339579 -0.256713
v -1.082128 -0.365184 -0.224817
v -1.096237 -0.387282 -0.190755
v -1.111107 -0.405659 -0.154856
v -1.126594 -0.420140 -0.117466
v -1.142550 -0.430584 -0.078945
v -1.158821 -0.436891 -0.039664
v -1.151399 0.434891 -0.035696
v -1.127777 0.428584 -0.071049
v -1.104612 0.418140 -0.105717
v -1.082128 0.403659 -0.139367
v -1.060541 0.385282 -0.171675
v -1.040058 0.363184 -0.202330
v -1.020877 0.337579 -0.231036
v -1.003183 0.308713 -0.257517
v -0.987146 0.276864 -0.281518
v -0.972921 0.242340 -0.302808
v -0.960644 0.205472 -0.321181
v -0.950434 0.166615 -0.336462
v -0.942389 0.126145 -0.348502
v -0.936586 0.084450 -0.357186
v -0.933082 0.041932 -0.362430
v -0.931910 -0.001000 -0.364184
v -0.933082 -0.043932 -0.362430
v -0.936586 -0.086450 -0.357186
v -0.942389 -0.128145 -0.348502
v -0.950434 -0.168615 -0.336462
v -0.960644 -0.207472 -0.321181
v -0.972921 -0.244340 -0.302808
v -0.987146 -0.278864 -0.281518
v -1.003183 -0.310713 -0.257517
v -1.020877 -0.339579 -0.231036
v -1.040058 -0.365184 -0.202330
v -1.060541 -0.387282 -0.171675
v -1.082128 -0.405659 -0.139367
v -1.104612 -0.420140 -0.105717
v -1.127777 -0.430584 -0.071049
v -1.151399 -0.436891 -0.035696
v -1.144893 0.434891 -0.030357
v -1.114828 0.428584 -0.060422
v -1.085345 0.418140 -0.089905
v -1.056728 0.403659 -0.118522
v -1.029253 0.385282 -0.145998
v -1.003183 0.363184 -0.172067
v -0.978770 0.337579 -0.196480
v -0.956250 0.308713 -0.219000
v -0.935839 0.276864 -0.239411
v -0.917733 0.242340 -0.257517
v -0.902108 0.205472 -0.273142
v -0.889113 0.166615 -0.286137
v -0.878874 0.126145 -0.296377
v -0.871488 0.084450 -0.303762
v -0.867029 0.041932 -0.308221
v -0.865537 -0.001000 -0.309713
v -0.867029 -0.043932 -0.308221
v -0.871488 -0.086450 -0.303762
v -0.878874 -0.128145 -0.296377
v -0.889113 -0.168615 -0.286137
v -0.902108 -0.207472 -0.273142
v -0.917733 -0.244340 -0.257517
v -0.935839 -0.278864 -0.239411
v -0.956250 -0.310713 -0.219000
v -0.978770 -0.339579 -0.196480
v -1.003183 -0.365184 -0.172067
v -1.029253 -0.387282 -0.145998
v -1.056728 -0.405659 -0.118522
v -1.085345 -0.420140 -0.089905
v -1.114828 -0.430584 -0.060422
v -1.144893 -0.436891 -0.030357
v -1.139554 0.434891 -0.023851
v -1.104201 0.428584 -0.047473
v -1.069533 0.418140 -0.070638
v -1.035883 0.403659 -0.093122
v -1.003575 0.385282 -0.114710
v -0.972921 0.363184 -0.135192
v -0.944215 0.337579 -0.154373
v -0.917733 0.308713 -0.172067
v -0.893732 0.276864 -0.188104
v -0.872442 0.242340 -0.202330
v -0.854069 0.205472 -0.214607
v -0.838788 0.166615 -0.224817
v -0.826748 0.126145 -0.232862
v -0.818064 0.084450 -0.238664
v -0.812820 0.041932 -0.242168
v -0.811066 -0.001000 -0.243340
v -0.812820 -0.043932 -0.242168
v -0.818064 -0.086450 -0.238664
v -0.826748 -0.128145 -0.232862
v -0.838788 -0.168615 -0.224817
v -0.854069 -0.207472 -0.214607
v -0.872442 -0.244340 -0.202330
v -0.893732 -0.278864 -0.188104
v -0.917733 -0.310713 -0.172067
v -0.944215 -0.339579 -0.154373
v -0.972921 -0.365184 -0.135192
v -1.003575 -0.387282 -0.114710
v -1.035883 -0.405659 -0.093122
v -1.069533 -0.420140 -0.070638
v -1.104201 -0.430584 -0.047473
v -1.139554 -0.436891 -0.023851
v -1.135587 0.434891 -0.016429
v -1.096305 0.428584 -0.032700
v -1.057784 0.418140 -0.048656
v -1.020394 0.403659 -0.064144
v -0.984495 0.385282 -0.079013
v -0.950434 0.363184 -0.093122
v -0.918537 0.337579 -0.106334
v -0.889113 0.308713 -0.118522
v -0.862444 0.276864 -0.129568
v -0.838788 0.242340 -0.139367
v -0.818373 0.205472 -0.147824
v -0.801394 0.166615 -0.154856
v -0.788015 0.126145 -0.160398
v -0.778366 0.084450 -0.164395
v -0.772539 0.041932 -0.166808
v -0.770591 -0.001000 -0.167615
v -0.772539 -0.043932 -0.166808
v -0.778366 -0.086450 -0.164395
v -0.788015 -0.128145 -0.160398
v -0.801394 -0.168615 -0.154856
v -0.818373 -0.207472 -0.147824
v -0.838788 -0.244340 -0.139367
v -0.862444 -0.278864 -0.129568
v -0.889113 -0.310713 -0.118522
v -0.918537 -0.339579 -0.106334
v -0.950434 -0.365184 -0.093122
v -0.984495 -0.387282 -0.079013
v -1.020394 -0.405659 -0.064144
v -1.057784 -0.420140 -0.048656
v -1.096305 -0.430584 -0.032700
v -1.135587 -0.436891 -0.016429
v -1.133144 0.434891 -0.008376
v -1.091442 0.428584 -0.016670
v -1.050549 0.418140 -0.024805
v -1.010856 0.403659 -0.032700
v -0.972746 0.385282 -0.040281
v -0.936586 0.363184 -0.047473
v -0.902725 0.337579 -0.054209
v -0.871488 0.308713 -0.060422
v -0.843177 0.276864 -0.066053
v -0.818064 0.242340 -0.071049
v -0.796391 0.205472 -0.075360
v -0.778366 0.166615 -0.078945
v -0.764164 0.126145 -0.081770
v -0.753921 0.084450 -0.083808
v -0.747735 0.041932 -0.085038
v -0.745666 -0.001000 -0.085449
v -0.747735 -0.043932 -0.085038
v -0.753921 -0.086450 -0.083808
v -0.764164 -0.128145 -0.081770
v -0.778366 -0.168615 -0.078945
v -0.796391 -0.207472 -0.075360
v -0.818064 -0.244340 -0.071049
v -0.843177 -0.278864 -0.066053
v -0.871488 -0.310713 -0.060422
v -0.902725 -0.339579 -0.054209
v -0.936586 -0.365184 -0.047473
v -0.972746 -0.387282 -0.040281
v -1.010856 -0.405659 -0.032700
v -1.050549 -0.420140 -0.024805
v -1.091442 -0.430584 -0.016670
v -1.133144 -0.436891 -0.008376
v -1.132319 0.434891 -0.000000
v -1.089801 0.428584 -0.000000
v -1.048105 0.418140 -0.000000
v -1.007635 0.403659 -0.000000
v -0.968778 0.385282 -0.000000
v -0.931910 0.363184 -0.000000
v -0.897386 0.337579 -0.000000
v -0.865537 0.308713 -0.000000
v -0.836672 0.276864 -0.000000
v -0.811067 0.242340 -0.000000
v -0.788969 0.205472 -0.000000
v -0.770591 0.166615 -0.000000
v -0.756110 0.126145 -0.000000
v -0.745666 0.084450 -0.000000
v -0.739359 0.041932 -0.000000
v -0.737250 -0.001000 0.000000
v -0.739359 -0.043932 0.000000
v -0.745666 -0.086450 0.000000
v -0.756110 -0.128145 0.000000
v -0.770591 -0.168615 0.000000
v -0.788969 -0.207472 0.000000
v -0.811067 -0.244340 0.000000
v -0.836672 -0.278864 0.000000
v -0.865537 -0.310713 0.000000
v -0.897386 -0.339579 0.000000
v -0.931910 -0.365184 0.000000
v -0.968778 -0.387282 0.000000
v -1.007635 -0.405659 0.000000
v -1.048105 -0.420140 0.000000
v -1.089801 -0.430584 0.000000
v -1.132319 -0.436891 0.000000
v -1.133144 0.434891 0.008376
v -1.091442 0.428584 0.016670
v -1.050549 0.418140 0.024805
v -1.010856 0.403659 0.032700
v -0.972746 0.385282 0.040281
v -0.936586 0.363184 0.047473
v -0.902725 0.337579 0.054209
v -0.871488 0.308713 0.060422
v -0.843177 0.276864 0.066053
v -0.818064 0.242340 0.071049
v -0.796391 0.205472 0.075360
v -0.778366 0.166615 0.078945
v -0.764164 0.126145 0.081770
v -0.753921 0.084450 0.083808
v -0.747735 0.041932 0.085038
v -0.745666 -0.001000 0.085450
v -0.747735 -0.043932 0.085038
v -0.753921 -0.086450 0.083808
v -0.764164 -0.128145 0.081770
v -0.778366 -0.168615 0.078945
v -0.796391 -0.207472 0.075360
v -0.818064 -0.244340 0.071049
v -0.843177 -0.278864 0.066053
v -0.871488 -0.310713 0.060422
v -0.902725 -0.339579 0.054209
v -0.936586 -0.365184 0.047473
v -0.972746 -0.387282 0.040281
v -1.010856 -0.405659 0.032700
v -1.050549 -0.420140 0.024805
v -1.091442 -0.430584 0.016670
v -1.133144 -0.436891 0.008376
v -1.135587 0.434891 0.016429
v -1.096305 0.428584 0.032700
v -1.057784 0.418140 0.048656
v -1.020394 0.403659 0.064144
v -0.984495 0.385282 0.079013
v -0.950434 0.363184 0.093122
v -0.918537 0.337579 0.106334
v -0.889113 0.308713 0.118522
v -0.862444 0.276864 0.129568
v -0.838788 0.242340 0.139367
v -0.818373 0.205472 0.147824
v -0.801394 0.166615 0.154856
v -0.788015 0.126145 0.160398
v -0.778366 0.084450 0.164395
v -0.772539 0.041932 0.166808
v -0.770591 -0.001000 0.167615
v -0.772539 -0.043932 0.166808
v -0.778366 -0.086450 0.164395
v -0.788015 -0.128145 0.160398
v -0.801394 -0.168615 0.154856
v -0.818373 -0.207472 0.147824
v -0.838788 -0.244340 0.139367
v -0.862444 -0.278864 0.129568
v -0.889113 -0.310713 0.118522
v -0.918537 -0.339579 0.106334
v -0.950434 -0.365184 0.093122
v -0.984495 -0.387282 0.079013
v -1.020394 -0.405659 0.064144
v -1.057784 -0.420140 0.048656
v -1.096305 -0.430584 0.032700
v -1.135587 -0.436891 0.016429
v -1.139554 0.434891 0.023851
v -1.104201 0.428584 0.047473
v -1.069533 0.418140 0.070638
v -1.035883 0.403659 0.093122
v -1.003575 0.385282 0.114710
v -0.972921 0.363184 0.135192
v -0.944215 0.337579 0.154373
v -0.917733 0.308713 0.172067
v -0.893732 0.276864 0.188104
v -0.872443 0.242340 0.202330
v -0.854069 0.205472 0.214606
v -0.838788 0.166615 0.224817
v -0.826748 0.126145 0.232862
v -0.818064 0.084450 0.238664
v -0.812820 0.041932 0.242168
v -0.811067 -0.001000 0.243340
v -0.812820 -0.043932 0.242168
v -0.818064 -0.086450 0.238664
v -0.826748 -0.128145 0.232862
v -0.838788 -0.168615 0.224817
v -0.854069 -0.207472 0.214606
v -0.872443 -0.244340 0.202330
v -0.893732 -0.278864 0.188104
v -0.917733 -0.310713 0.172067
v -0.944215 -0.339579 0.154373
v -0.972921 -0.365184 0.135192
v -1.003575 -0.387282 0.114710
v -1.035883 -0.405659 0.093122
v -1.069533 -0.420140 0.070638
v -1.104201 -0.430584 0.047473
v -1.139554 -0.436891 0.023851
v -1.144893 0.434891 0.030357
v -1.114828 0.428584 0.060422
v -1.085345 0.418140 0.089905
v -1.056728 0.403659 0.118522
v -1.029253 0.385282 0.145998
v -1.003183 0.363184 0.172067
v -0.978771 0.337579 0.196480
v -0.956250 0.308713 0.219000
v -0.935839 0.276864 0.239411
v -0.917733 0.242340 0.257517
v -0.902108 0.205472 0.273142
v -0.889113 0.166615 0.286137
v -0.878874 0.126145 0.296377
v -0.871488 0.084450 0.303762
v -0.867029 0.041932 0.308221
v -0.865538 -0.001000 0.309713
v -0.867029 -0.043932 0.308221
v -0.871488 -0.086450 0.303762
v -0.878874 -0.128145 0.296377
v -0.889113 -0.168615 0.286137
v -0.902108 -0.207472 0.273142
v -0.917733 -0.244340 0.257517
v -0.935839 -0.278864 0.239411
v -0.956250 -0.310713 0.219000
v -0.978771 -0.339579 0.196480
v -1.003183 -0.365184 0.172067
v -1.029253 -0.387282 0.145998
v -1.056728 -0.405659 0.118522
v -1.085345 -0.420140 0.089905
v -1.114828 -0.430584 0.060422
v -1.144893 -0.436891 0.030357
v -1.151399 0.434891 0.035696
v -1.127777 0.428584 0.071049
v -1.104612 0.418140 0.105717
v -1.082128 0.403659 0.139367
v -1.060541 0.385282 0.171675
v -1.040058 0.363184 0.202330
v -1.020877 0.337579 0.231036
v -1.003183 0.308713 0.257517
v -0.987146 0.276864 0.281518
v -0.972921 0.242340 0.302808
v -0.960644 0.205472 0.321181
v -0.950434 0.166615 0.336462
v -0.942389 0.126145 0.348502
v -0.936586 0.084450 0.357186
v -0.933082 0.041932 0.362430
v -0.931911 -0.001000 0.364184
v -0.933082 -0.043932 0.362430
v -0.936586 -0.086450 0.357186
v -0.942389 -0.128145 0.348502
v -0.950434 -0.168615 0.336462
v -0.960644 -0.207472 0.321181
v -0.972921 -0.244340 0.302808
v -0.987146 -0.278864 0.281518
v -1.003183 -0.310713 0.257517
v -1.020877 -0.339579 0.231036
v -1.040058 -0.365184 0.202330
v -1.060541 -0.387282 0.171675
v -1.082128 -0.405659 0.139367
v -1.104612 -0.420140 0.105717
v -1.127777 -0.430584 0.071049
v -1.151399 -0.436891 0.035696
v -1.158821 0.434891 0.039664
v -1.142550 0.428584 0.078945
v -1.126594 0.418140 0.117466
v -1.111107 0.403659 0.154856
v -1.096237 0.385282 0.190755
v -1.082128 0.363184 0.224817
v -1.068916 0.337579 0.256713
v -1.056728 0.308713 0.286137
v -1.045682 0.276864 0.312806
v -1.035883 0.242340 0.336462
v -1.027427 0.205472 0.356877
v -1.020394 0.166615 0.373856
v -1.014852 0.126145 0.387235
v -1.010856 0.084450 0.396884
v -1.008442 0.041932 0.402711
v -1.007635 -0.001000 0.404659
v -1.008442 -0.043932 0.402711
v -1.010856 -0.086450 0.396884
v -1.014852 -0.128145 0.387235
v -1.020394 -0.168615 0.373856
v -1.027427 -0.207472 0.356877
v -1.035883 -0.244340 0.336462
v -1.045682 -0.278864 0.312806
v -1.056728 -0.310713 0.286137
v -1.068916 -0.339579 0.256713
v -1.082128 -0.365184 0.224817
v -1.096237 -0.387282 0.190755
v -1.111107 -0.405659 0.154856
v -1.126594 -0.420140 0.117466
v -1.142550 -0.430584 0.078945
v -1.158821 -0.436891 0.039664
v -1.166875 0.434891 0.042107
v -1.158580 0.428584 0.083808
v -1.150445 0.418140 0.124702
v -1.142550 0.403659 0.164395
v -1.134969 0.385282 0.202504
v -1.127777 0.363184 0.238664
v -1.121042 0.337579 0.272525
v -1.114828 0.308713 0.303762
v -1.109197 0.276864 0.332073
v -1.104201 0.242340 0.357186
v -1.099890 0.205472 0.378859
v -1.096305 0.166615 0.396884
v -1.093480 0.126145 0.411086
v -1.091443 0.084450 0.421330
v -1.090212 0.041932 0.427515
v -1.089801 -0.001000 0.429584
v -1.090212 -0.043932 0.427515
v -1.091443 -0.086450 0.421330
v -1.093480 -0.128145 0.411086
v -1.096305 -0.168615 0.396884
v -1.099890 -0.207472 0.378859
v -1.104201 -0.244340 0.357186
v -1.109197 -0.278864 0.332073
v -1.114828 -0.310713 0.303762
v -1.121042 -0.339579 0.272525
v -1.127777 -0.365184 0.238664
v -1.134969 -0.387282 0.202504
v -1.142550 -0.405659 0.164395
v -1.150445 -0.420140 0.124702
v -1.158580 -0.430584 0.083808
v -1.166875 -0.436891 0.042107
v -1.175250 0.434891 0.042932
v -1.175250 0.428584 0.085450
v -1.175250 0.418140 0.127145
v -1.175250 0.403659 0.167615
v -1.175250 0.385282 0.206472
v -1.175250 0.363184 0.243340
v -1.175250 0.337579 0.277864
v -1.175250 0.308713 0.309713
v -1.175250 0.276864 0.338579
v -1.175250 0.242340 0.364184
v -1.175250 0.205472 0.386281
v -1.175250 0.166615 0.404659
v -1.175250 0.126145 0.419140
v -1.175250 0.084450 0.429584
v -1.175250 0.041932 0.435891
v -1.175250 -0.001000 0.438000
v -1.175250 -0.043932 0.435891
v -1.175250 -0.086450 0.429584
v -1.175250 -0.128145 0.419140
v -1.175250 -0.168615 0.404659
v -1.175250 -0.207472 0.386281
v -1.175250 -0.244340 0.364184
v -1.175250 -0.278864 0.338579
v -1.175250 -0.310713 0.309713
v -1.175250 -0.339579 0.277864
v -1.175250 -0.365184 0.243340
v -1.175250 -0.387282 0.206472
v -1.175250 -0.405659 0.167615
v -1.175250 -0.420140 0.127145
v -1.175250 -0.430584 0.085450
v -1.175250 -0.436891 0.042932
v -1.175250 -0.439000 0.000000
v -1.175250 0.437000 -0.000000
v -1.183626 0.434891 0.042107
v -1.191921 0.428584 0.083808
v -1.200055 0.418140 0.124702
v -1.207950 0.403659 0.164395
v -1.215531 0.385282 0.202504
v -1.222723 0.363184 0.238664
v -1.229459 0.337579 0.272525
v -1.235672 0.308713 0.303762
v -1.241304 0.276864 0.332073
v -1.246299 0.242340 0.357186
v -1.250610 0.205472 0.378859
v -1.254195 0.166615 0.396884
v -1.257020 0.126145 0.411086
v -1.259058 0.084450 0.421330
v -1.260288 0.041932 0.427515
v -1.260700 -0.001000 0.429584
v -1.260288 -0.043932 0.427515
v -1.259058 -0.086450 0.421330
v -1.257020 -0.128145 0.411086
v -1.254195 -0.168615 0.396884
v -1.250610 -0.207472 0.378859
v -1.246299 -0.244340 0.357186
v -1.241304 -0.278864 0.332073
v -1.235672 -0.310713 0.303762
v -1.229459 -0.339579 0.272525
v -1.222723 -0.365184 0.238664
v -1.215531 -0.387282 0.202504
v -1.207950 -0.405659 0.164395
v -1.200055 -0.420140 0.124702
v -1.191921 -0.430584 0.083808
v -1.183626 -0.436891 0.042107
v -1.191679 0.434891 0.039664
v -1.207950 0.428584 0.078945
v -1.223906 0.418140 0.117466
v -1.239394 0.403659 0.154856
v -1.254264 0.385282 0.190755
v -1.268372 0.363184 0.224817
v -1.281584 0.337579 0.256713
v -1.293772 0.308713 0.286137
v -1.304819 0.276864 0.312806
v -1.314617 0.242340 0.336462
v -1.323074 0.205472 0.356877
v -1.330106 0.166615 0.373856
v -1.335648 0.126145 0.387235
v -1.339645 0.084450 0.396884
v -1.342058 0.041932 0.402710
v -1.342866 -0.001000 0.404659
v -1.342058 -0.043932 0.402710
v -1.339645 -0.086450 0.396884
v -1.335648 -0.128145 0.387235
v -1.330106 -0.168615 0.373856
v -1.323074 -0.207472 0.356877
v -1.314617 -0.244340 0.336462
v -1.304819 -0.278864 0.312806
v -1.293772 -0.310713 0.286137
v -1.281584 -0.339579 0.256713
v -1.268372 -0.365184 0.224817
v -1.254264 -0.387282 0.190755
v -1.239394 -0.405659 0.154856
v -1.223906 -0.420140 0.117466
v -1.207950 -0.430584 0.078945
v -1.191679 -0.436891 0.039664
v -1.199102 0.434891 0.035696
v -1.222723 0.428584 0.071049
v -1.245888 0.418140 0.105717
v -1.268372 0.403659 0.139367
v -1.289960 0.385282 0.171675
v -1.310442 0.363184 0.202330
v -1.329623 0.337579 0.231036
v -1.347317 0.308713 0.257517
v -1.363354 0.276864 0.281518
v -1.377580 0.242340 0.302808
v -1.389857 0.205472 0.321181
v -1.400067 0.166615 0.336462
v -1.408112 0.126145 0.348502
v -1.413914 0.084450 0.357186
v -1.417418 0.041932 0.362430
v -1.418590 -0.001000 0.364183
v -1.417418 -0.043932 0.362430
v -1.413914 -0.086450 0.357186
v -1.408112 -0.128145 0.348502
v -1.400067 -0.168615 0.336462
v -1.389857 -0.207472 0.321181
v -1.377580 -0.244340 0.302808
v -1.363354 -0.278864 0.281518
v -1.347317 -0.310713 0.257517
v -1.329623 -0.339579 0.231036
v -1.310442 -0.365184 0.202330
v -1.289960 -0.387282 0.171675
v -1.268372 -0.405659 0.139367
v -1.245888 -0.420140 0.105717
v -1.222723 -0.430584 0.071049
v -1.199102 -0.436891 0.035696
v -1.205607 0.434891 0.030357
v -1.235672 0.428584 0.060422
v -1.265155 0.418140 0.089905
v -1.293772 0.403659 0.118522
v -1.321248 0.385282 0.145998
v -1.347317 0.363184 0.172067
v -1.371730 0.337579 0.196480
v -1.394250 0.308713 0.219000
v -1.414661 0.276864 0.239411
v -1.432767 0.242340 0.257517
v -1.448392 0.205472 0.273142
v -1.461387 0.166615 0.286137
v -1.471627 0.126145 0.296376
v -1.479012 0.084450 0.303762
v -1.483471 0.041932 0.308221
v -1.484963 -0.001000 0.309712
v -1.483471 -0.043932 0.308221
v -1.479012 -0.086450 0.303762
v -1.471627 -0.128145 0.296376
v -1.461387 -0.168615 0.286137
v -1.448392 -0.207472 0.273142
v -1.432767 -0.244340 0.257517
v -1.414661 -0.278864 0.239411
v -1.394250 -0.310713 0.219000
v -1.371730 -0.339579 0.196480
v -1.347317 -0.365184 0.172067
v -1.321248 -0.387282 0.145998
v -1.293772 -0.405659 0.118522
v -1.265155 -0.420140 0.089905
v -1.235672 -0.430584 0.060422
v -1.205607 -0.436891 0.030357
v -1.210946 0.434891 0.023851
v -1.246299 0.428584 0.047473
v -1.280967 0.418140 0.070638
v -1.314617 0.403659 0.093122
v -1.346925 0.385282 0.114709
v -1.377580 0.363184 0.135192
v -1.406286 0.337579 0.154373
v -1.432767 0.308713 0.172067
v -1.456768 0.276864 0.188104
v -1.478058 0.242340 0.202330
v -1.496431 0.205472 0.214606
v -1.511712 0.166615 0.224817
v -1.523752 0.126145 0.232862
v -1.532436 0.084450 0.238664
v -1.537680 0.041932 0.242168
v -1.539434 -0.001000 0.243339
v -1.537680 -0.043932 0.242168
v -1.532436 -0.086450 0.238664
v -1.523752 -0.128145 0.232862
v -1.511712 -0.168615 0.224817
v -1.496431 -0.207472 0.214606
v -1.478058 -0.244340 0.202330
v -1.456768 -0.278864 0.188104
v -1.432767 -0.310713 0.172067
v -1.406286 -0.339579 0.154373
v -1.377580 -0.365184 0.135192
v -1.346925 -0.387282 0.114709
v -1.314617 -0.405659 0.093122
v -1.280967 -0.420140 0.070638
v -1.246299 -0.430584 0.047473
v -1.210946 -0.436891 0.023851
v -1.214914 0.434891 0.016429
v -1.254195 0.428584 0.032700
v -1.292716 0.418140 0.048656
v -1.330106 0.403659 0.064144
v -1.366005 0.385282 0.079013
v -1.400067 0.363184 0.093122
v -1.431963 0.337579 0.106334
v -1.461387 0.308713 0.118522
v -1.488056 0.276864 0.129568
v -1.511712 0.242340 0.139367
v -1.532127 0.205472 0.147823
v -1.549106 0.166615 0.154856
v -1.562485 0.126145 0.160398
v -1.572134 0.084450 0.164395
v -1.577961 0.041932 0.166808
v -1.579909 -0.001000 0.167615
v -1.577961 -0.043932 0.166808
v -1.572134 -0.086450 0.164395
v -1.562485 -0.128145 0.160398
v -1.549106 -0.168615 0.154856
v -1.532127 -0.207472 0.147823
v -1.511712 -0.244340 0.139367
v -1.488056 -0.278864 0.129568
v -1.461387 -0.310713 0.118522
v -1.431963 -0.339579 0.106334
v -1.400067 -0.365184 0.093122
v -1.366005 -0.387282 0.079013
v -1.330106 -0.405659 0.064144
v -1.292716 -0.420140 0.048656
v -1.254195 -0.430584 0.032700
v -1.214914 -0.436891 0.016429
v -1.217357 0.434891 0.008376
v -1.259058 0.428584 0.016670
v -1.299952 0.418140 0.024805
v -1.339645 0.403659 0.032700
v -1.377754 0.385282 0.040281
v -1.413914 0.363184 0.047473
v -1.447775 0.337579 0.054209
v -1.479012 0.308713 0.060422
v -1.507323 0.276864 0.066053
v -1.532436 0.242340 0.071049
v -1.554109 0.205472 0.075360
v -1.572134 0.166615 0.078945
v -1.586336 0.126145 0.081770
v -1.596580 0.084450 0.083808
v -1.602765 0.041932 0.085038
v -1.604834 -0.001000 0.085449
v -1.602765 -0.043932 0.085038
v -1.596580 -0.086450 0.083808
v -1.586336 -0.128145 0.081770
v -1.572134 -0.168615 0.078945
v -1.554109 -0.207472 0.075360
v -1.532436 -0.244340 0.071049
v -1.507323 -0.278864 0.066053
v -1.479012 -0.310713 0.060422
v -1.447775 -0.339579 0.054209
v -1.413914 -0.365184 0.047473
v -1.377754 -0.387282 0.040281
v -1.339645 -0.405659 0.032700
v -1.299952 -0.420140 0.024805
v -1.259058 -0.430584 0.016670
v -1.217357 -0.436891 0.008376
v -1.218182 0.434891 -0.000000
v -1.260700 0.428584 -0.000000
v -1.302395 0.418140 -0.000000
v -1.342865 0.403659 -0.000000
v -1.381722 0.385282 -0.000000
v -1.418590 0.363184 -0.000000
v -1.453114 0.337579 -0.000000
v -1.484963 0.308713 -0.000000
v -1.513829 0.276864 -0.000000
v -1.539434 0.242340 -0.000000
v -1.561531 0.205472 -0.000000
v -1.579909 0.166615 -0.000000
v -1.594390 0.126145 -0.000000
v -1.604834 0.084450 -0.000000
v -1.611141 0.041932 -0.000000
v -1.613250 -0.001000 0.000000
v -1.611141 -0.043932 0.000000
v -1.604834 -0.086450 0.000000
v -1.594390 -0.128145 0.000000
v -1.579909 -0.168615 0.000000
v -1.561531 -0.207472 0.000000
v -1.539434 -0.244340 0.000000
v -1.513829 -0.278864 0.000000
v -1.484963 -0.310713 0.000000
v -1.453114 -0.339579 0.000000
v -1.418590 -0.365184 0.000000
v -1.381722 -0.387282 0.000000
v -1.342865 -0.405659 0.000000
v -1.302395 -0.420140 0.000000
v -1.260700 -0.430584 0.000000
v -1.218182 -0.436891 0.000000
v -1.217357 0.434891 -0.008376
v -1.259058 0.428584 -0.016670
v -1.299952 0.418140 -0.024805
v -1.339645 0.403659 -0.032700
v -1.377754 0.385282 -0.040281
v -1.413914 0.363184 -0.047473
v -1.447775 0.337579 -0.054209
v -1.479012 0.308713 -0.060422
v -1.507323 0.276864 -0.066053
v -1.532436 0.242340 -0.071049
v -1.554109 0.205472 -0.075360
v -1.572134 0.166615 -0.078945
v -1.586336 0.126145 -0.081770
v -1.596580 0.084450 -0.083808
v -1.602765 0.041932 -0.085038
v -1.604834 -0.001000 -0.085450
v -1.602765 -0.043932 -0.085038
v -1.596580 -0.086450 -0.083808
v -1.586336 -0.128145 -0.081770
v -1.572134 -0.168615 -0.078945
v -1.554109 -0.207472 -0.075360
v -1.532436 -0.244340 -0.071049
v -1.507323 -0.278864 -0.066053
v -1.479012 -0.310713 -0.060422
v -1.447775 -0.339579 -0.054209
v -1.413914 -0.365184 -0.047473
v -1.377754 -0.387282 -0.040281
v -1.339645 -0.405659 -0.032700
v -1.299952 -0.420140 -0.024805
v -1.259058 -0.430584 -0.016670
v -1.217357 -0.436891 -0.008376
v -1.214914 0.434891 -0.016429
v -1.254195 0.428584 -0.032700
v -1.292716 0.418140 -0.048656
v -1.330106 0.403659 -0.064144
v -1.366005 0.385282 -0.079013
v -1.400067 0.363184 -0.093122
v -1.431963 0.337579 -0.106334
v -1.461387 0.308713 -0.118522
v -1.488056 0.276864 -0.129568
v -1.511712 0.242340 -0.139367
v -1.532127 0.205472 -0.147823
v -1.549106 0.166615 -0.154856
v -1.562485 0.126145 -0.160398
v -1.572134 0.084450 -0.164395
v -1.577960 0.041932 -0.166808
v -1.579909 -0.001000 -0.167615
v -1.577960 -0.043932 -0.166808
v -1.572134 -0.086450 -0.164395
v -1.562485 -0.128145 -0.160398
v -1.549106 -0.168615 -0.154856
v -1.532127 -0.207472 -0.147823
v -1.511712 -0.244340 -0.139367
v -1.488056 -0.278864 -0.129568
v -1.461387 -0.310713 -0.118522
v -1.431963 -0.339579 -0.106334
v -1.400067 -0.365184 -0.093122
v -1.366005 -0.387282 -0.079013
v -1.330106 -0.405659 -0.064144
v -1.292716 -0.420140 -0.048656
v -1.254195 -0.430584 -0.032700
v -1.214914 -0.436891 -0.016429
v -1.210946 0.434891 -0.023851
v -1.246299 0.428584 -0.047473
v -1.280967 0.418140 -0.070638
v -1.314617 0.403659 -0.093122
v -1.346925 0.385282 -0.114710
v -1.377580 0.363184 -0.135192
v -1.406286 0.337579 -0.154373
v -1.432767 0.308713 -0.172067
v -1.456768 0.276864 -0.188104
v -1.478058 0.242340 -0.202330
v -1.496431 0.205472 -0.214606
v -1.511712 0.166615 -0.224817
v -1.523752 0.126145 -0.232862
v -1.532436 0.084450 -0.238664
v -1.537680 0.041932 -0.242168
v -1.539433 -0.001000 -0.243340
v -1.537680 -0.043932 -0.242168
v -1.532436 -0.086450 -0.238664
v -1.523752 -0.128145 -0.232862
v -1.511712 -0.168615 -0.224817
v -1.496431 -0.207472 -0.214606
v -1.478058 -0.244340 -0.202330
v -1.456768 -0.278864 -0.188104
v -1.432767 -0.310713 -0.172067
v -1.406286 -0.339579 -0.154373
v -1.377580 -0.365184 -0.135192
v -1.346925 -0.387282 -0.114710
v -1.314617 -0.405659 -0.093122
v -1.280967 -0.420140 -0.070638
v -1.246299 -0.430584 -0.047473
v -1.210946 -0.436891 -0.023851
v -1.205607 0.434891 -0.030357
v -1.235672 0.428584 -0.060422
v -1.265155 0.418140 -0.089905
v -1.293772 0.403659 -0.118522
v -1.321248 0.385282 -0.145998
v -1.347317 0.363184 -0.172067
v -1.371730 0.337579 -0.196480
v -1.394250 0.308713 -0.219000
v -1.414661 0.276864 -0.239411
v -1.432767 0.242340 -0.257517
v -1.448392 0.205472 -0.273142
v -1.461387 0.166615 -0.286137
v -1.471627 0.126145 -0.296377
v -1.479012 0.084450 -0.303762
v -1.483471 0.041932 -0.308221
v -1.484962 -0.001000 -0.309713
v -1.483471 -0.043932 -0.308221
v -1.479012 -0.086450 -0.303762
v -1.471627 -0.128145 -0.296377
v -1.461387 -0.168615 -0.286137
v -1.448392 -0.207472 -0.273142
v -1.432767 -0.244340 -0.257517
v -1.414661 -0.278864 -0.239411
v -1.394250 -0.310713 -0.219000
v -1.371730 -0.339579 -0.196480
v -1.347317 -0.365184 -0.172067
v -1.321248 -0.387282 -0.145998
v -1.293772 -0.405659 -0.118522
v -1.265155 -0.420140 -0.089905
v -1.235672 -0.430584 -0.060422
v -1.205607 -0.436891 -0.030357
v -1.199102 0.434891 -0.035696
v -1.222723 0.428584 -0.071049
v -1.245888 0.418140 -0.105717
v -1.268372 0.403659 -0.139367
v -1.289960 0.385282 -0.171675
v -1.310442 0.363184 -0.202330
v -1.329623 0.337579 -0.231036
v -1.347317 0.308713 -0.257517
v -1.363354 0.276864 -0.281518
v -1.377580 0.242340 -0.302808
v -1.389856 0.205472 -0.321181
v -1.400067 0.166615 -0.336462
v -1.408112 0.126145 -0.348502
v -1.413914 0.084450 -0.357186
v -1.417418 0.041932 -0.362430
v -1.418589 -0.001000 -0.364183
v -1.417418 -0.043932 -0.362430
v -1.413914 -0.086450 -0.357186
v -1.408112 -0.128145 -0.348502
v -1.400067 -0.168615 -0.336462
v -1.389856 -0.207472 -0.321181
v -1.377580 -0.244340 -0.302808
v -1.363354 -0.278864 -0.281518
v -1.347317 -0.310713 -0.257517
v -1.329623 -0.339579 -0.231036
v -1.310442 -0.365184 -0.202330
v -1.289960 -0.387282 -0.171675
v -1.268372 -0.405659 -0.139367
v -1.245888 -0.420140 -0.105717
v -1.222723 -0.430584 -0.071049
v -1.199102 -0.436891 -0.035696
v -1.191679 0.434891 -0.039664
v -1.207950 0.428584 -0.078945
v -1.223906 0.418140 -0.117466
v -1.239394 0.403659 -0.154856
v -1.254263 0.385282 -0.190755
v -1.268372 0.363184 -0.224816
v -1.281584 0.337579 -0.256713
v -1.293772 0.308713 -0.286137
v -1.304818 0.276864 -0.312806
v -1.314617 0.242340 -0.336462
v -1.323074 0.205472 -0.356877
v -1.330106 0.166615 -0.373856
v -1.335648 0.126145 -0.387235
v -1.339645 0.084450 -0.396884
v -1.342058 0.041932 -0.402710
v -1.342865 -0.001000 -0.404659
v -1.342058 -0.043932 -0.402710
v -1.339645 -0.086450 -0.396884
v -1.335648 -0.128145 -0.387235
v -1.330106 -0.168615 -0.373856
v -1.323074 -0.207472 -0.356877
v -1.314617 -0.244340 -0.336462
v -1.304818 -0.278864 -0.312806
v -1.293772 -0.310713 -0.286137
v -1.281584 -0.339579 -0.256713
v -1.268372 -0.365184 -0.224816
v -1.254263 -0.387282 -0.190755
v -1.239394 -0.405659 -0.154856
v -1.223906 -0.420140 -0.117466
v -1.207950 -0.430584 -0.078945
v -1.191679 -0.436891 -0.039664
v -1.183626 0.434891 -0.042107
v -1.191921 0.428584 -0.083808
v -1.200055 0.418140 -0.124702
v -1.207950 0.403659 -0.164395
v -1.215531 0.385282 -0.202504
v -1.222723 0.363184 -0.238664
v -1.229459 0.337579 -0.272525
v -1.235672 0.308713 -0.303762
v -1.241303 0.276864 -0.332073
v -1.246299 0.242340 -0.357186
v -1.250610 0.205472 -0.378859
v -1.254195 0.166615 -0.396884
v -1.257020 0.126145 -0.411086
v -1.259058 0.084450 -0.421329
v -1.260288 0.041932 -0.427515
v -1.260699 -0.001000 -0.429584
v -1.260288 -0.043932 -0.427515
v -1.259058 -0.086450 -0.421329
v -1.257020 -0.128145 -0.411086
v -1.254195 -0.168615 -0.396884
v -1.250610 -0.207472 -0.378859
v -1.246299 -0.244340 -0.357186
v -1.241303 -0.278864 -0.332073
v -1.235672 -0.310713 -0.303762
v -1.229459 -0.339579 -0.272525
v -1.222723 -0.365184 -0.238664
v -1.215531 -0.387282 -0.202504
v -1.207950 -0.405659 -0.164395
v -1.200055 -0.420140 -0.124702
v -1.191921 -0.430584 -0.083808
v -1.183626 -0.436891 -0.042107
v -1.175250 0.434891 -0.042931
v -1.175250 0.428584 -0.085449
v -1.175250 0.418140 -0.127145
v -1.175250 0.403659 -0.167615
v -1.175250 0.385282 -0.206472
v -1.175250 0.363184 -0.243339
v -1.175250 0.308713 -0.309713
v -1.175250 0.242340 -0.364183
v -1.175250 0.205472 -0.386281
v -1.175250 -0.001000 -0.438000
v -1.175250 -0.128145 -0.419140
v -1.175250 -0.168615 -0.404659
v -1.175250 -0.310713 -0.309713
v -1.175250 -0.405659 -0.167615
v -1.175250 -0.420140 -0.127145
v -0.618250 -0.106809 -0.013934
v -0.618250 -0.135502 -0.054120
v -0.618250 -0.149591 -0.101446
v -0.618250 -0.147551 -0.150782
v -0.618250 -0.129602 -0.196782
v -0.618250 -0.097688 -0.234462
v -0.618250 -0.055270 -0.259738
v -0.618250 -0.006942 -0.269872
v -0.618250 0.042057 -0.263764
v -0.618250 0.086418 -0.242077
v -0.618250 0.121334 -0.207161
v -0.618250 0.143021 -0.162800
v -0.618250 0.149129 -0.113801
v -0.618250 0.138995 -0.065474
v -0.618250 0.113719 -0.023055
v -0.618250 0.076040 0.008858
v -0.618250 0.030039 0.026808
v -0.618250 -0.019297 0.028848
v -0.618250 -0.066623 0.014759
v -0.668250 -0.106809 -0.013934
v -0.668250 -0.135502 -0.054120
v -0.668250 -0.149591 -0.101446
v -0.668250 -0.147551 -0.150782
v -0.668250 -0.129602 -0.196782
v -0.668250 -0.097688 -0.234462
v -0.668250 -0.055270 -0.259738
v -0.668250 -0.006942 -0.269872
v -0.668250 0.042057 -0.263764
v -0.668250 0.086418 -0.242077
v -0.668250 0.121334 -0.207161
v -0.668250 0.143021 -0.162800
v -0.668250 0.149129 -0.113801
v -0.668250 0.138995 -0.065474
v -0.668250 0.113719 -0.023055
v -0.668250 0.076040 0.008858
v -0.668250 0.030039 0.026808
v -0.668250 -0.019297 0.028848
v -0.668250 -0.066623 0.014759
v -0.668250 -0.106809 -0.013934
v -0.668250 -0.135502 -0.054120
v -0.668250 -0.149591 -0.101446
v -0.668250 -0.147551 -0.150782
v -0.668250 -0.129602 -0.196782
v -0.668250 -0.097688 -0.234462
v -0.668250 -0.055270 -0.259738
v -0.668250 -0.006942 -0.269872
v -0.668250 0.042057 -0.263764
v -0.668250 0.086418 -0.242077
v -0.668250 0.121334 -0.207161
v -0.668250 0.143021 -0.162800
v -0.668250 0.149129 -0.113801
v -0.668250 0.138995 -0.065474
v -0.668250 0.113719 -0.023055
v -0.668250 0.076040 0.008858
v -0.668250 0.030039 0.026808
v -0.668250 -0.019297 0.028848
v -0.668250 -0.066623 0.014759
v -0.718250 -0.106809 -0.013934
v -0.718250 -0.135502 -0.054120
v -0.718250 -0.149591 -0.101446
v -0.718250 -0.147551 -0.150782
v -0.718250 -0.129602 -0.196782
v -0.718250 -0.097688 -0.234462
v -0.718250 -0.055270 -0.259738
v -0.718250 -0.006942 -0.269872
v -0.718250 0.042057 -0.263764
v -0.718250 0.086418 -0.242077
v -0.718250 0.121334 -0.207161
v -0.718250 0.143021 -0.162800
v -0.718250 0.149129 -0.113801
v -0.718250 0.138995 -0.065474
v -0.718250 0.113719 -0.023055
v -0.718250 0.076040 0.008858
v -0.718250 0.030039 0.026808
v -0.718250 -0.019297 0.028848
v -0.718250 -0.066623 0.014759
v -0.718250 -0.106809 -0.013934
v -0.718250 -0.135502 -0.054120
v -0.718250 -0.149591 -0.101446
v -0.718250 -0.147551 -0.150782
v -0.718250 -0.129602 -0.196782
v -0.718250 -0.097688 -0.234462
v -0.718250 -0.055270 -0.259738
v -0.718250 -0.006942 -0.269872
v -0.718250 0.042057 -0.263764
v -0.718250 0.086418 -0.242077
v -0.718250 0.121334 -0.207161
v -0.718250 0.143021 -0.162800
v -0.718250 0.149129 -0.113801
v -0.718250 0.138995 -0.065474
v -0.718250 0.113719 -0.023055
v -0.718250 0.076040 0.008858
v -0.718250 0.030039 0.026808
v -0.718250 -0.019297 0.028848
v -0.718250 -0.066623 0.014759
v -0.768250 -0.106809 -0.013934
v -0.768250 -0.135502 -0.054120
v -0.768250 -0.149591 -0.101446
v -0.768250 -0.147551 -0.150782
v -0.768250 -0.129602 -0.196782
v -0.768250 -0.097688 -0.234462
v -0.768250 -0.055270 -0.259738
v -0.768250 -0.006942 -0.269872
v -0.768250 0.042057 -0.263764
v -0.768250 0.086418 -0.242077
v -0.768250 0.121334 -0.207161
v -0.768250 0.143021 -0.162800
v -0.768250 0.149129 -0.113801
v -0.768250 0.138995 -0.065474
v -0.768250 0.113719 -0.023055
v -0.768250 0.076040 0.008858
v -0.768250 0.030039 0.026808
v -0.768250 -0.019297 0.028848
v -0.768250 -0.066623 0.014759
v -0.768250 -0.106809 -0.013934
v -0.768250 -0.135502 -0.054120
v -0.768250 -0.149591 -0.101446
v -0.768250 -0.147551 -0.150782
v -0.768250 -0.129602 -0.196782
v -0.768250 -0.097688 -0.234462
v -0.768250 -0.055270 -0.259738
v -0.768250 -0.006942 -0.269872
v -0.768250 0.042057 -0.263764
v -0.768250 0.086418 -0.242077
v -0.768250 0.121334 -0.207161
v -0.768250 0.143021 -0.162800
v -0.768250 0.149129 -0.113801
v -0.768250 0.138995 -0.065474
v -0.768250 0.113719 -0.023055
v -0.768250 0.076040 0.008858
v -0.768250 0.030039 0.026808
v -0.768250 -0.019297 0.028848
v -0.768250 -0.066623 0.014759
v -0.818250 -0.106809 -0.013934
v -0.818250 -0.135502 -0.054120
v -0.818250 -0.149591 -0.101446
v -0.818250 -0.147551 -0.150782
v -0.818250 -0.129602 -0.196782
v -0.818250 -0.097688 -0.234462
v -0.818250 -0.055270 -0.259738
v -0.818250 -0.006942 -0.269872
v -0.818250 0.042057 -0.263764
v -0.818250 0.086418 -0.242077
v -0.818250 0.121334 -0.207161
v -0.818250 0.143021 -0.162800
v -0.818250 0.149129 -0.113801
v -0.818250 0.138995 -0.065474
v -0.818250 0.113719 -0.023055
v -0.818250 0.076040 0.008858
v -0.818250 0.030039 0.026808
v -0.818250 -0.019297 0.028848
v -0.818250 -0.066623 0.014759
v -0.818250 -0.106809 -0.013934
v -0.818250 -0.135502 -0.054120
v -0.818250 -0.149591 -0.101446
v -0.818250 -0.147551 -0.150782
v -0.818250 -0.129602 -0.196782
v -0.818250 -0.097688 -0.234462
v -0.818250 -0.055270 -0.259738
v -0.818250 -0.006942 -0.269872
v -0.818250 0.042057 -0.263764
v -0.818250 0.086418 -0.242077
v -0.818250 0.121334 -0.207161
v -0.818250 0.143021 -0.162800
v -0.818250 0.149129 -0.113801
v -0.818250 0.138995 -0.065474
v -0.818250 0.113719 -0.023055
v -0.818250 0.076040 0.008858
v -0.818250 0.030039 0.026808
v -0.818250 -0.019297 0.028848
v -0.818250 -0.066623 0.014759
v -0.868250 -0.106809 -0.013934
v -0.868250 -0.135502 -0.054120
v -0.868250 -0.149591 -0.101446
v -0.868250 -0.147551 -0.150782
v -0.868250 -0.129602 -0.196782
v -0.868250 -0.097688 -0.234462
v -0.868250 -0.055270 -0.259738
v -0.868250 -0.006942 -0.269872
v -0.868250 0.042057 -0.263764
v -0.868250 0.086418 -0.242077
v -0.868250 0.121334 -0.207161
v -0.868250 0.143021 -0.162800
v -0.868250 0.149129 -0.113801
v -0.868250 0.138995 -0.065474
v -0.868250 0.113719 -0.023055
v -0.868250 0.076040 0.008858
v -0.868250 0.030039 0.026808
v -0.868250 -0.019297 0.028848
v -0.868250 -0.066623 0.014759
v -0.868250 -0.106809 -0.013934
v -0.868250 -0.135502 -0.054120
v -0.868250 -0.149591 -0.101446
v -0.868250 -0.147551 -0.150782
v -0.868250 -0.129602 -0.196782
v -0.868250 -0.097688 -0.234462
v -0.868250 -0.055270 -0.259738
v -0.868250 -0.006942 -0.269872
v -0.868250 0.042057 -0.263764
v -0.868250 0.086418 -0.242077
v -0.868250 0.121334 -0.207161
v -0.868250 0.143021 -0.162800
v -0.868250 0.149129 -0.113801
v -0.868250 0.138995 -0.065474
v -0.868250 0.113719 -0.023055
v -0.868250 0.076040 0.008858
v -0.868250 0.030039 0.026808
v -0.868250 -0.019297 0.028848
v -0.868250 -0.066623 0.014759
v -0.918250 -0.106809 -0.013934
v -0.918250 -0.135502 -0.054120
v -0.918250 -0.149591 -0.101446
v -0.918250 -0.147551 -0.150782
v -0.918250 -0.129602 -0.196782
v -0.918250 -0.097688 -0.234462
v -0.918250 -0.055270 -0.259738
v -0.918250 -0.006942 -0.269872
v -0.918250 0.042057 -0.263764
v -0.918250 0.086418 -0.242077
v -0.918250 0.121334 -0.207161
v -0.918250 0.143021 -0.162800
v -0.918250 0.149129 -0.113801
v -0.918250 0.138995 -0.065474
v -0.918250 0.113719 -0.023055
v -0.918250 0.076040 0.008858
v -0.918250 0.030039 0.026808
v -0.918250 -0.019297 0.028848
v -0.918250 -0.066623 0.014759
v -0.918250 -0.106809 -0.013934
v -0.918250 -0.135502 -0.054120
v -0.918250 -0.149591 -0.101446
v -0.918250 -0.147551 -0.150782
v -0.918250 -0.129602 -0.196782
v -0.918250 -0.097688 -0.234462
v -0.918250 -0.055270 -0.259738
v -0.918250 -0.006942 -0.269872
v -0.918250 0.042057 -0.263764
v -0.918250 0.086418 -0.242077
v -0.918250 0.121334 -0.207161
v -0.918250 0.143021 -0.162800
v -0.918250 0.149129 -0.113801
v -0.918250 0.138995 -0.065474
v -0.918250 0.113719 -0.023055
v -0.918250 0.076040 0.008858
v -0.918250 0.030039 0.026808
v -0.918250 -0.019297 0.028848
v -0.918250 -0.066623 0.014759
v -0.968250 -0.106809 -0.013934
v -0.968250 -0.135502 -0.054120
v -0.968250 -0.149591 -0.101446
v -0.968250 -0.147551 -0.150782
v -0.968250 -0.129602 -0.196782
v -0.968250 -0.097688 -0.234462
v -0.968250 -0.055270 -0.259738
v -0.968250 -0.006942 -0.269872
v -0.968250 0.042057 -0.263764
v -0.968250 0.086418 -0.242077
v -0.968250 0.121334 -0.207161
v -0.968250 0.143021 -0.162800
v -0.968250 0.149129 -0.113801
v -0.968250 0.138995 -0.065474
v -0.968250 0.113719 -0.023055
v -0.968250 0.076040 0.008858
v -0.968250 0.030039 0.026808
v -0.968250 -0.019297 0.028848
v -0.968250 -0.066623 0.014759
v -0.968250 -0.106809 -0.013934
v -0.968250 -0.135502 -0.054120
v -0.968250 -0.149591 -0.101446
v -0.968250 -0.147551 -0.150782
v -0.968250 -0.129602 -0.196782
v -0.968250 -0.097688 -0.234462
v -0.968250 -0.055270 -0.259738
v -0.968250 -0.006942 -0.269872
v -0.968250 0.042057 -0.263764
v -0.968250 0.086418 -0.242077
v -0.968250 0.121334 -0.207161
v -0.968250 0.143021 -0.162800
v -0.968250 0.149129 -0.113801
v -0.968250 0.138995 -0.065474
v -0.968250 0.113719 -0.023055
v -0.968250 0.076040 0.008858
v -0.968250 0.030039 0.026808
v -0.968250 -0.019297 0.028848
v -0.968250 -0.066623 0.014759
v -1.018250 -0.106809 -0.013934
v -1.018250 -0.135502 -0.054120
v -1.018250 -0.149591 -0.101446
v -1.018250 -0.147551 -0.150782
v -1.018250 -0.129602 -0.196782
v -1.018250 -0.097688 -0.234462
v -1.018250 -0.055270 -0.259738
v -1.018250 -0.006942 -0.269872
v -1.018250 0.042057 -0.263764
v -1.018250 0.086418 -0.242077
v -1.018250 0.121334 -0.207161
v -1.018250 0.143021 -0.162800
v -1.018250 0.149129 -0.113801
v -1.018250 0.138995 -0.065474
v -1.018250 0.113719 -0.023055
v -1.018250 0.076040 0.008858
v -1.018250 0.030039 0.026808
v -1.018250 -0.019297 0.028848
v -1.018250 -0.066623 0.014759
v -1.018250 -0.106809 -0.013934
v -1.018250 -0.135502 -0.054120
v -1.018250 -0.149591 -0.101446
v -1.018250 -0.147551 -0.150782
v -1.018250 -0.129602 -0.196782
v -1.018250 -0.097688 -0.234462
v -1.018250 -0.055270 -0.259738
v -1.018250 -0.006942 -0.269872
v -1.018250 0.042057 -0.263764
v -1.018250 0.086418 -0.242077
v -1.018250 0.121334 -0.207161
v -1.018250 0.143021 -0.162800
v -1.018250 0.149129 -0.113801
v -1.018250 0.138995 -0.065474
v -1.018250 0.113719 -0.023055
v -1.018250 0.076040 0.008858
v -1.018250 0.030039 0.026808
v -1.018250 -0.019297 0.028848
v -1.018250 -0.066623 0.014759
v -1.068250 -0.106809 -0.013934
v -1.068250 -0.135502 -0.054120
v -1.068250 -0.149591 -0.101446
v -1.068250 -0.147551 -0.150782
v -1.068250 -0.129602 -0.196782
v -1.068250 -0.097688 -0.234462
v -1.068250 -0.055270 -0.259738
v -1.068250 -0.006942 -0.269872
v -1.068250 0.042057 -0.263764
v -1.068250 0.086418 -0.242077
v -1.068250 0.121334 -0.207161
v -1.068250 0.143021 -0.162800
v -1.068250 0.149129 -0.113801
v -1.068250 0.138995 -0.065474
v -1.068250 0.113719 -0.023055
v -1.068250 0.076040 0.008858
v -1.068250 0.030039 0.026808
v -1.068250 -0.019297 0.028848
v -1.068250 -0.066623 0.014759
v -1.068250 -0.106809 -0.013934
v -1.068250 -0.135502 -0.054120
v -1.068250 -0.149591 -0.101446
v -1.068250 -0.147551 -0.150782
v -1.068250 -0.129602 -0.196782
v -1.068250 -0.097688 -0.234462
v -1.068250 -0.055270 -0.259738
v -1.068250 -0.006942 -0.269872
v -1.068250 0.042057 -0.263764
v -1.068250 0.086418 -0.242077
v -1.068250 0.121334 -0.207161
v -1.068250 0.143021 -0.162800
v -1.068250 0.149129 -0.113801
v -1.068250 0.138995 -0.065474
v -1.068250 0.113719 -0.023055
v -1.068250 0.076040 0.008858
v -1.068250 0.030039 0.026808
v -1.068250 -0.019297 0.028848
v -1.068250 -0.066623 0.014759
v -1.118250 -0.106809 -0.013934
v -1.118250 -0.135502 -0.054120
v -1.118250 -0.149591 -0.101446
v -1.118250 -0.147551 -0.150782
v -1.118250 -0.129602 -0.196782
v -1.118250 -0.097688 -0.234462
v -1.118250 -0.055270 -0.259738
v -1.118250 -0.006942 -0.269872
v -1.118250 0.042057 -0.263764
v -1.118250 0.086418 -0.242077
v -1.118250 0.121334 -0.207161
v -1.118250 0.143021 -0.162800
v -1.118250 0.149129 -0.113801
v -1.118250 0.138995 -0.065474
v -1.118250 0.113719 -0.023055
v -1.118250 0.076040 0.008858
v -1.118250 0.030039 0.026808
v -1.118250 -0.019297 0.028848
v -1.118250 -0.066623 0.014759
v -1.118250 -0.106809 -0.013934
v -1.118250 -0.135502 -0.054120
v -1.118250 -0.149591 -0.101446
v -1.118250 -0.147551 -0.150782
v -1.118250 -0.129602 -0.196782
v -1.118250 -0.097688 -0.234462
v -1.118250 -0.055270 -0.259738
v -1.118250 -0.006942 -0.269872
v -1.118250 0.042057 -0.263764
v -1.118250 0.086418 -0.242077
v -1.118250 0.121334 -0.207161
v -1.118250 0.143021 -0.162800
v -1.118250 0.149129 -0.113801
v -1.118250 0.138995 -0.065474
v -1.118250 0.113719 -0.023055
v -1.118250 0.076040 0.008858
v -1.118250 0.030039 0.026808
v -1.118250 -0.019297 0.028848
v -1.118250 -0.066623 0.014759
v -1.168250 -0.106809 -0.013934
v -1.168250 -0.135502 -0.054120
v -1.168250 -0.149591 -0.101446
v -1.168250 -0.147551 -0.150782
v -1.168250 -0.129602 -0.196782
v -1.168250 -0.097688 -0.234462
v -1.168250 -0.055270 -0.259738
v -1.168250 -0.006942 -0.269872
v -1.168250 0.042057 -0.263764
v -1.168250 0.086418 -0.242077
v -1.168250 0.121334 -0.207161
v -1.168250 0.143021 -0.162800
v -1.168250 0.149129 -0.113801
v -1.168250 0.138995 -0.065474
v -1.168250 0.113719 -0.023055
v -1.168250 0.076040 0.008858
v -1.168250 0.030039 0.026808
v -1.168250 -0.019297 0.028848
v -1.168250 -0.066623 0.014759
v -1.168250 -0.106809 -0.013934
v -1.168250 -0.135502 -0.054120
v -1.168250 -0.149591 -0.101446
v -1.168250 -0.147551 -0.150782
v -1.168250 -0.129602 -0.196782
v -1.168250 -0.097688 -0.234462
v -1.168250 -0.055270 -0.259738
v -1.168250 -0.006942 -0.269872
v -1.168250 0.042057 -0.263764
v -1.168250 0.086418 -0.242077
v -1.168250 0.121334 -0.207161
v -1.168250 0.143021 -0.162800
v -1.168250 0.149129 -0.113801
v -1.168250 0.138995 -0.065474
v -1.168250 0.113719 -0.023055
v -1.168250 0.076040 0.008858
v -1.168250 0.030039 0.026808
v -1.168250 -0.019297 0.028848
v -1.168250 -0.066623 0.014759
v -1.218250 -0.106809 -0.013934
v -1.218250 -0.135502 -0.054120
v -1.218250 -0.149591 -0.101446
v -1.218250 -0.147551 -0.150782
v -1.218250 -0.129602 -0.196782
v -1.218250 -0.097688 -0.234462
v -1.218250 -0.055270 -0.259738
v -1.218250 -0.006942 -0.269872
v -1.218250 0.042057 -0.263764
v -1.218250 0.086418 -0.242077
v -1.218250 0.121334 -0.207161
v -1.218250 0.143021 -0.162800
v -1.218250 0.149129 -0.113801
v -1.218250 0.138995 -0.065474
v -1.218250 0.113719 -0.023055
v -1.218250 0.076040 0.008858
v -1.218250 0.030039 0.026808
v -1.218250 -0.019297 0.028848
v -1.218250 -0.066623 0.014759
v -1.218250 -0.106809 -0.013934
v -1.218250 -0.135502 -0.054120
v -1.218250 -0.149591 -0.101446
v -1.218250 -0.147551 -0.150782
v -1.218250 -0.129602 -0.196782
v -1.218250 -0.097688 -0.234462
v -1.218250 -0.055270 -0.259738
v -1.218250 -0.006942 -0.269872
v -1.218250 0.042057 -0.263764
v -1.218250 0.086418 -0.242077
v -1.218250 0.121334 -0.207161
v -1.218250 0.143021 -0.162800
v -1.218250 0.149129 -0.113801
v -1.218250 0.138995 -0.065474
v -1.218250 0.113719 -0.023055
v -1.218250 0.076040 0.008858
v -1.218250 0.030039 0.026808
v -1.218250 -0.019297 0.028848
v -1.218250 -0.066623 0.014759
v -1.268250 -0.106809 -0.013934
v -1.268250 -0.135502 -0.054120
v -1.268250 -0.149591 -0.101446
v -1.268250 -0.147551 -0.150782
v -1.268250 -0.129602 -0.196782
v -1.268250 -0.097688 -0.234462
v -1.268250 -0.055270 -0.259738
v -1.268250 -0.006942 -0.269872
v -1.268250 0.042057 -0.263764
v -1.268250 0.086418 -0.242077
v -1.268250 0.121334 -0.207161
v -1.268250 0.143021 -0.162800
v -1.268250 0.149129 -0.113801
v -1.268250 0.138995 -0.065474
v -1.268250 0.113719 -0.023055
v -1.268250 0.076040 0.008858
v -1.268250 0.030039 0.026808
v -1.268250 -0.019297 0.028848
v -1.268250 -0.066623 0.014759
v -0.618250 -0.107323 0.226066
v -0.618250 -0.136015 0.185879
v -0.618250 -0.150105 0.138554
v -0.618250 -0.148064 0.089218
v -0.618250 -0.130115 0.043217
v -0.618250 -0.098202 0.005537
v -0.618250 -0.055783 -0.019739
v -0.618250 -0.007456 -0.029872
v -0.618250 0.041544 -0.023764
v -0.618250 0.085905 -0.002078
v -0.618250 0.120821 0.032838
v -0.618250 0.142507 0.077199
v -0.618250 0.148615 0.126198
v -0.618250 0.138482 0.174526
v -0.618250 0.113206 0.216945
v -0.618250 0.075526 0.248858
v -0.618250 0.029526 0.266807
v -0.618250 -0.019810 0.268848
v -0.618250 -0.067136 0.254758
v -0.668250 -0.107323 0.226066
v -0.668250 -0.136015 0.185879
v -0.668250 -0.150105 0.138554
v -0.668250 -0.148064 0.089218
v -0.668250 -0.130115 0.043217
v -0.668250 -0.098202 0.005537
v -0.668250 -0.055783 -0.019739
v -0.668250 -0.007456 -0.029872
v -0.668250 0.041544 -0.023764
v -0.668250 0.085905 -0.002078
v -0.668250 0.120821 0.032838
v -0.668250 0.142507 0.077199
v -0.668250 0.148615 0.126198
v -0.668250 0.138482 0.174526
v -0.668250 0.113206 0.216945
v -0.668250 0.075526 0.248858
v -0.668250 0.029526 0.266807
v -0.668250 -0.019810 0.268848
v -0.668250 -0.067136 0.254758
v -0.668250 -0.107323 0.226066
v -0.668250 -0.136015 0.185879
v -0.668250 -0.150105 0.138554
v -0.668250 -0.148064 0.089218
v -0.668250 -0.130115 0.043217
v -0.668250 -0.098202 0.005537
v -0.668250 -0.055783 -0.019739
v -0.668250 -0.007456 -0.029872
v -0.668250 0.041544 -0.023764
v -0.668250 0.085905 -0.002078
v -0.668250 0.120821 0.032838
v -0.668250 0.142507 0.077199
v -0.668250 0.148615 0.126198
v -0.668250 0.138482 0.174526
v -0.668250 0.113206 0.216945
v -0.668250 0.075526 0.248858
v -0.668250 0.029526 0.266807
v -0.668250 -0.019810 0.268848
v -0.668250 -0.067136 0.254758
v -0.718250 -0.107323 0.226066
v -0.718250 -0.136015 0.185879
v -0.718250 -0.150105 0.138554
v -0.718250 -0.148064 0.089218
v -0.718250 -0.130115 0.043217
v -0.718250 -0.098202 0.005537
v -0.718250 -0.055783 -0.019739
v -0.718250 -0.007456 -0.029872
v -0.718250 0.041544 -0.023764
v -0.718250 0.085905 -0.002078
v -0.718250 0.120821 0.032838
v -0.718250 0.142507 0.077199
v -0.718250 0.148615 0.126198
v -0.718250 0.138482 0.174526
v -0.718250 0.113206 0.216945
v -0.718250 0.075526 0.248858
v -0.718250 0.029526 0.266807
v -0.718250 -0.019810 0.268848
v -0.718250 -0.067136 0.254758
v -0.718250 -0.107323 0.226066
v -0.718250 -0.136015 0.185879
v -0.718250 -0.150105 0.138554
v -0.718250 -0.148064 0.089218
v -0.718250 -0.130115 0.043217
v -0.718250 -0.098202 0.005537
v -0.718250 -0.055783 -0.019739
v -0.718250 -0.007456 -0.029872
v -0.718250 0.041544 -0.023764
v -0.718250 0.085905 -0.002078
v -0.718250 0.120821 0.032838
v -0.718250 0.142507 0.077199
v -0.718250 0.148615 0.126198
v -0.718250 0.138482 0.174526
v -0.718250 0.113206 0.216945
v -0.718250 0.075526 0.248858
v -0.718250 0.029526 0.266807
v -0.718250 -0.019810 0.268848
v -0.718250 -0.067136 0.254758
v -0.768250 -0.107323 0.226066
v -0.768250 -0.136015 0.185879
v -0.768250 -0.150105 0.138554
v -0.768250 -0.148064 0.089218
v -0.768250 -0.130115 0.043217
v -0.768250 -0.098202 0.005537
v -0.768250 -0.055783 -0.019739
v -0.768250 -0.007456 -0.029872
v -0.768250 0.041544 -0.023764
v -0.768250 0.085905 -0.002078
v -0.768250 0.120821 0.032838
v -0.768250 0.142507 0.077199
v -0.768250 0.148615 0.126198
v -0.768250 0.138482 0.174526
v -0.768250 0.113206 0.216945
v -0.768250 0.075526 0.248858
v -0.768250 0.029526 0.266807
v -0.768250 -0.019810 0.268848
v -0.768250 -0.067136 0.254758
v -0.768250 -0.107323 0.226066
v -0.768250 -0.136015 0.185879
v -0.768250 -0.150105 0.138554
v -0.768250 -0.148064 0.089218
v -0.768250 -0.130115 0.043217
v -0.768250 -0.098202 0.005537
v -0.768250 -0.055783 -0.019739
v -0.768250 -0.007456 -0.029872
v -0.768250 0.041544 -0.023764
v -0.768250 0.085905 -0.002078
v -0.768250 0.120821 0.032838
v -0.768250 0.142507 0.077199
v -0.768250 0.148615 0.126198
v -0.768250 0.138482 0.174526
v -0.768250 0.113206 0.216945
v -0.768250 0.075526 0.248858
v -0.768250 0.029526 0.266807
v -0.768250 -0.019810 0.268848
v -0.768250 -0.067136 0.254758
v -0.818250 -0.107323 0.226066
v -0.818250 -0.136015 0.185879
v -0.818250 -0.150105 0.138554
v -0.818250 -0.148064 0.089218
v -0.818250 -0.130115 0.043217
v -0.818250 -0.098202 0.005537
v -0.818250 -0.055783 -0.019739
v -0.818250 -0.007456 -0.029872
v -0.818250 0.041544 -0.023764
v -0.818250 0.085905 -0.002078
v -0.818250 0.120821 0.032838
v -0.818250 0.142507 0.077199
v -0.818250 0.148615 0.126198
v -0.818250 0.138482 0.174526
v -0.818250 0.113206 0.216945
v -0.818250 0.075526 0.248858
v -0.818250 0.029526 0.266807
v -0.818250 -0.019810 0.268848
v -0.818250 -0.067136 0.254758
v -0.818250 -0.107323 0.226066
v -0.818250 -0.136015 0.185879
v -0.818250 -0.150105 0.138554
v -0.818250 -0.148064 0.089218
v -0.818250 -0.130115 0.043217
v -0.818250 -0.098202 0.005537
v -0.818250 -0.055783 -0.019739
v -0.818250 -0.007456 -0.029872
v -0.818250 0.041544 -0.023764
v -0.818250 0.085905 -0.002078
v -0.818250 0.120821 0.032838
v -0.818250 0.142507 0.077199
v -0.818250 0.148615 0.126198
v -0.818250 0.138482 0.174526
v -0.818250 0.113206 0.216945
v -0.818250 0.075526 0.248858
v -0.818250 0.029526 0.266807
v -0.818250 -0.019810 0.268848
v -0.818250 -0.067136 0.254758
v -0.868250 -0.107323 0.226066
v -0.868250 -0.136015 0.185879
v -0.868250 -0.150105 0.138554
v -0.868250 -0.148064 0.089218
v -0.868250 -0.130115 0.043217
v -0.868250 -0.098202 0.005537
v -0.868250 -0.055783 -0.019739
v -0.868250 -0.007456 -0.029872
v -0.868250 0.041544 -0.023764
v -0.868250 0.085905 -0.002078
v -0.868250 0.120821 0.032838
v -0.868250 0.142507 0.077199
v -0.868250 0.148615 0.126198
v -0.868250 0.138482 0.174526
v -0.868250 0.113206 0.216945
v -0.868250 0.075526 0.248858
v -0.868250 0.029526 0.266807
v -0.868250 -0.019810 0.268848
v -0.868250 -0.067136 0.254758
v -0.868250 -0.107323 0.226066
v -0.868250 -0.136015 0.185879
v -0.868250 -0.150105 0.138554
v -0.868250 -0.148064 0.089218
v -0.868250 -0.130115 0.043217
v -0.868250 -0.098202 0.005537
v -0.868250 -0.055783 -0.019739
v -0.868250 -0.007456 -0.029872
v -0.868250 0.041544 -0.023764
v -0.868250 0.085905 -0.002078
v -0.868250 0.120821 0.032838
v -0.868250 0.142507 0.077199
v -0.868250 0.148615 0.126198
v -0.868250 0.138482 0.174526
v -0.868250 0.113206 0.216945
v -0.868250 0.075526 0.248858
v -0.868250 0.029526 0.266807
v -0.868250 -0.019810 0.268848
v -0.868250 -0.067136 0.254758
v -0.918250 -0.107323 0.226066
v -0.918250 -0.136015 0.185879
v -0.918250 -0.150105 0.138554
v -0.918250 -0.148064 0.089218
v -0.918250 -0.130115 0.043217
v -0.918250 -0.098202 0.005537
v -0.918250 -0.055783 -0.019739
v -0.918250 -0.007456 -0.029872
v -0.918250 0.041544 -0.023764
v -0.918250 0.085905 -0.002078
v -0.918250 0.120821 0.032838
v -0.918250 0.142507 0.077199
v -0.918250 0.148615 0.126198
v -0.918250 0.138482 0.174526
v -0.918250 0.113206 0.216945
v -0.918250 0.075526 0.248858
v -0.918250 0.029526 0.266807
v -0.918250 -0.019810 0.268848
v -0.918250 -0.067136 0.254758
v -0.918250 -0.107323 0.226066
v -0.918250 -0.136015 0.185879
v -0.918250 -0.150105 0.138554
v -0.918250 -0.148064 0.089218
v -0.918250 -0.130115 0.043217
v -0.918250 -0.098202 0.005537
v -0.918250 -0.055783 -0.019739
v -0.918250 -0.007456 -0.029872
v -0.918250 0.041544 -0.023764
v -0.918250 0.085905 -0.002078
v -0.918250 0.120821 0.032838
v -0.918250 0.142507 0.077199
v -0.918250 0.148615 0.126198
v -0.918250 0.138482 0.174526
v -0.918250 0.113206 0.216945
v -0.918250 0.075526 0.248858
v -0.918250 0.029526 0.266807
v -0.918250 -0.019810 0.268848
v -0.918250 -0.067136 0.254758
v -0.968250 -0.107323 0.226066
v -0.968250 -0.136015 0.185879
v -0.968250 -0.150105 0.138554
v -0.968250 -0.148064 0.089218
v -0.968250 -0.130115 0.043217
v -0.968250 -0.098202 0.005537
v -0.968250 -0.055783 -0.019739
v -0.968250 -0.007456 -0.029872
v -0.968250 0.041544 -0.023764
v -0.968250 0.085905 -0.002078
v -0.968250 0.120821 0.032838
v -0.968250 0.142507 0.077199
v -0.968250 0.148615 0.126198
v -0.968250 0.138482 0.174526
v -0.968250 0.113206 0.216945
v -0.968250 0.075526 0.248858
v -0.968250 0.029526 0.266807
v -0.968250 -0.019810 0.268848
v -0.968250 -0.067136 0.254758
v -0.968250 -0.107323 0.226066
v -0.968250 -0.136015 0.185879
v -0.968250 -0.150105 0.138554
v -0.968250 -0.148064 0.089218
v -0.968250 -0.130115 0.043217
v -0.968250 -0.098202 0.005537
v -0.968250 -0.055783 -0.019739
v -0.968250 -0.007456 -0.029872
v -0.968250 0.041544 -0.023764
v -0.968250 0.085905 -0.002078
v -0.968250 0.120821 0.032838
v -0.968250 0.142507 0.077199
v -0.968250 0.148615 0.126198
v -0.968250 0.138482 0.174526
v -0.968250 0.113206 0.216945
v -0.968250 0.075526 0.248858
v -0.968250 0.029526 0.266807
v -0.968250 -0.019810 0.268848
v -0.968250 -0.067136 0.254758
v -1.018250 -0.107323 0.226066
v -1.018250 -0.136015 0.185879
v -1.018250 -0.150105 0.138554
v -1.018250 -0.148064 0.089218
v -1.018250 -0.130115 0.043217
v -1.018250 -0.098202 0.005537
v -1.018250 -0.055783 -0.019739
v -1.018250 -0.007456 -0.029872
v -1.018250 0.041544 -0.023764
v -1.018250 0.085905 -0.002078
v -1.018250 0.120821 0.032838
v -1.018250 0.142507 0.077199
v -1.018250 0.148615 0.126198
v -1.018250 0.138482 0.174526
v -1.018250 0.113206 0.216945
v -1.018250 0.075526 0.248858
v -1.018250 0.029526 0.266807
v -1.018250 -0.019810 0.268848
v -1.018250 -0.067136 0.254758
v -1.018250 -0.107323 0.226066
v -1.018250 -0.136015 0.185879
v -1.018250 -0.150105 0.138554
v -1.018250 -0.148064 0.089218
v -1.018250 -0.130115 0.043217
v -1.018250 -0.098202 0.005537
v -1.018250 -0.055783 -0.019739
v -1.018250 -0.007456 -0.029872
v -1.018250 0.041544 -0.023764
v -1.018250 0.085905 -0.002078
v -1.018250 0.120821 0.032838
v -1.018250 0.142507 0.077199
v -1.018250 0.148615 0.126198
v -1.018250 0.138482 0.174526
v -1.018250 0.113206 0.216945
v -1.018250 0.075526 0.248858
v -1.018250 0.029526 0.266807
v -1.018250 -0.019810 0.268848
v -1.018250 -0.067136 0.254758
v -1.068250 -0.107323 0.226066
v -1.068250 -0.136015 0.185879
v -1.068250 -0.150105 0.138554
v -1.068250 -0.148064 0.089218
v -1.068250 -0.130115 0.043217
v -1.068250 -0.098202 0.005537
v -1.068250 -0.055783 -0.019739
v -1.068250 -0.007456 -0.029872
v -1.068250 0.041544 -0.023764
v -1.068250 0.085905 -0.002078
v -1.068250 0.120821 0.032838
v -1.068250 0.142507 0.077199
v -1.068250 0.148615 0.126198
v -1.068250 0.138482 0.174526
v -1.068250 0.113206 0.216945
v -1.068250 0.075526 0.248858
v -1.068250 0.029526 0.266807
v -1.068250 -0.019810 0.268848
v -1.068250 -0.067136 0.254758
v -1.068250 -0.107323 0.226066
v -1.068250 -0.136015 0.185879
v -1.068250 -0.150105 0.138554
v -1.068250 -0.148064 0.089218
v -1.068250 -0.130115 0.043217
v -1.068250 -0.098202 0.005537
v -1.068250 -0.055783 -0.019739
v -1.068250 -0.007456 -0.029872
v -1.068250 0.041544 -0.023764
v -1.068250 0.085905 -0.002078
v -1.068250 0.120821 0.032838
v -1.068250 0.142507 0.077199
v -1.068250 0.148615 0.126198
v -1.068250 0.138482 0.174526
v -1.068250 0.113206 0.216945
v -1.068250 0.075526 0.248858
v -1.068250 0.029526 0.266807
v -1.068250 -0.019810 0.268848
v -1.068250 -0.067136 0.254758
v -1.118250 -0.107323 0.226066
v -1.118250 -0.136015 0.185879
v -1.118250 -0.150105 0.138554
v -1.118250 -0.148064 0.089218
v -1.118250 -0.130115 0.043217
v -1.118250 -0.098202 0.005537
v -1.118250 -0.055783 -0.019739
v -1.118250 -0.007456 -0.029872
v -1.118250 0.041544 -0.023764
v -1.118250 0.085905 -0.002078
v -1.118250 0.120821 0.032838
v -1.118250 0.142507 0.077199
v -1.118250 0.148615 0.126198
v -1.118250 0.138482 0.174526
v -1.118250 0.113206 0.216945
v -1.118250 0.075526 0.248858
v -1.118250 0.029526 0.266807
v -1.118250 -0.019810 0.268848
v -1.118250 -0.067136 0.254758
v -1.118250 -0.107323 0.226066
v -1.118250 -0.136015 0.185879
v -1.118250 -0.150105 0.138554
v -1.118250 -0.148064 0.089218
v -1.118250 -0.130115 0.043217
v -1.118250 -0.098202 0.005537
v -1.118250 -0.055783 -0.019739
v -1.118250 -0.007456 -0.029872
v -1.118250 0.041544 -0.023764
v -1.118250 0.085905 -0.002078
v -1.118250 0.120821 0.032838
v -1.118250 0.142507 0.077199
v -1.118250 0.148615 0.126198
v -1.118250 0.138482 0.174526
v -1.118250 0.113206 0.216945
v -1.118250 0.075526 0.248858
v -1.118250 0.029526 0.266807
v -1.118250 -0.019810 0.268848
v -1.118250 -0.067136 0.254758
v -1.168250 -0.107323 0.226066
v -1.168250 -0.136015 0.185879
v -1.168250 -0.150105 0.138554
v -1.168250 -0.148064 0.089218
v -1.168250 -0.130115 0.043217
v -1.168250 -0.098202 0.005537
v -1.168250 -0.055783 -0.019739
v -1.168250 -0.007456 -0.029872
v -1.168250 0.041544 -0.023764
v -1.168250 0.085905 -0.002078
v -1.168250 0.120821 0.032838
v -1.168250 0.142507 0.077199
v -1.168250 0.148615 0.126198
v -1.168250 0.138482 0.174526
v -1.168250 0.113206 0.216945
v -1.168250 0.075526 0.248858
v -1.168250 0.029526 0.266807
v -1.168250 -0.019810 0.268848
v -1.168250 -0.067136 0.254758
v -1.168250 -0.107323 0.226066
v -1.168250 -0.136015 0.185879
v -1.168250 -0.150105 0.138554
v -1.168250 -0.148064 0.089218
v -1.168250 -0.130115 0.043217
v -1.168250 -0.098202 0.005537
v -1.168250 -0.055783 -0.019739
v -1.168250 -0.007456 -0.029872
v -1.168250 0.041544 -0.023764
v -1.168250 0.085905 -0.002078
v -1.168250 0.120821 0.032838
v -1.168250 0.142507 0.077199
v -1.168250 0.148615 0.126198
v -1.168250 0.138482 0.174526
v -1.168250 0.113206 0.216945
v -1.168250 0.075526 0.248858
v -1.168250 0.029526 0.266807
v -1.168250 -0.019810 0.268848
v -1.168250 -0.067136 0.254758
v -1.218250 -0.107323 0.226066
v -1.218250 -0.136015 0.185879
v -1.218250 -0.150105 0.138554
v -1.218250 -0.148064 0.089218
v -1.218250 -0.130115 0.043217
v -1.218250 -0.098202 0.005537
v -1.218250 -0.055783 -0.019739
v -1.218250 -0.007456 -0.029872
v -1.218250 0.041544 -0.023764
v -1.218250 0.085905 -0.002078
v -1.218250 0.120821 0.032838
v -1.218250 0.142507 0.077199
v -1.218250 0.148615 0.126198
v -1.218250 0.138482 0.174526
v -1.218250 0.113206 0.216945
v -1.218250 0.075526 0.248858
v -1.218250 0.029526 0.266807
v -1.218250 -0.019810 0.268848
v -1.218250 -0.067136 0.254758
v -1.218250 -0.107323 0.226066
v -1.218250 -0.136015 0.185879
v -1.218250 -0.150105 0.138554
v -1.218250 -0.148064 0.089218
v -1.218250 -0.130115 0.043217
v -1.218250 -0.098202 0.005537
v -1.218250 -0.055783 -0.019739
v -1.218250 -0.007456 -0.029872
v -1.218250 0.041544 -0.023764
v -1.218250 0.085905 -0.002078
v -1.218250 0.120821 0.032838
v -1.218250 0.142507 0.077199
v -1.218250 0.148615 0.126198
v -1.218250 0.138482 0.174526
v -1.218250 0.113206 0.216945
v -1.218250 0.075526 0.248858
v -1.218250 0.029526 0.266807
v -1.218250 -0.019810 0.268848
v -1.218250 -0.067136 0.254758
v -1.268250 -0.107323 0.226066
v -1.268250 -0.136015 0.185879
v -1.268250 -0.150105 0.138554
v -1.268250 -0.148064 0.089218
v -1.268250 -0.130115 0.043217
v -1.268250 -0.098202 0.005537
v -1.268250 -0.055783 -0.019739
v -1.268250 -0.007456 -0.029872
v -1.268250 0.041544 -0.023764
v -1.268250 0.085905 -0.002078
v -1.268250 0.120821 0.032838
v -1.268250 0.142507 0.077199
v -1.268250 0.148615 0.126198
v -1.268250 0.138482 0.174526
v -1.268250 0.113206 0.216945
v -1.268250 0.075526 0.248858
v -1.268250 0.029526 0.266807
v -1.268250 -0.019810 0.268848
v -1.268250 -0.067136 0.254758
v 0.571750 0.149418 -1.056804
v 0.571750 0.122804 -1.083418
v 0.571750 0.074475 -1.112385
v 0.571750 0.056735 -1.118733
v 0.571750 0.038457 -1.123311
v 0.571750 0.019819 -1.126076
v 0.571750 -0.017819 -1.126076
v 0.571750 -0.036457 -1.123311
v 0.571750 -0.089508 -1.104329
v 0.571750 -0.105670 -1.094642
v 0.571750 -0.120804 -1.083418
v 0.571750 -0.147418 -1.056804
v 0.571750 -0.158642 -1.041670
v 0.571750 -0.168329 -1.025508
v 0.571750 -0.187311 -0.972458
v 0.571750 -0.190076 -0.953820
v 0.575421 0.192075 -0.953458
v 0.579058 0.189311 -0.971738
v 0.582623 0.184733 -0.989664
v 0.586084 0.178385 -1.007064
v 0.589407 0.170329 -1.023769
v 0.592560 0.160642 -1.039620
v 0.595513 0.149418 -1.054463
v 0.598236 0.136764 -1.068156
v 0.600705 0.122804 -1.080566
v 0.602895 0.107670 -1.091575
v 0.604784 0.091508 -1.101076
v 0.606356 0.074475 -1.108977
v 0.607594 0.056735 -1.115202
v 0.608488 0.038457 -1.119693
v 0.609027 0.019819 -1.122404
v 0.609207 0.001000 -1.123311
v 0.609027 -0.017819 -1.122404
v 0.608488 -0.036457 -1.119693
v 0.607594 -0.054735 -1.115202
v 0.606356 -0.072475 -1.108977
v 0.604784 -0.089508 -1.101076
v 0.602895 -0.105670 -1.091575
v 0.600705 -0.120804 -1.080566
v 0.598236 -0.134765 -1.068156
v 0.595513 -0.147418 -1.054463
v 0.592560 -0.158642 -1.039620
v 0.589407 -0.168329 -1.023769
v 0.586084 -0.176385 -1.007064
v 0.582623 -0.182733 -0.989664
v 0.579058 -0.187311 -0.971738
v 0.575421 -0.190076 -0.953458
v 0.578952 0.192075 -0.952387
v 0.586084 0.189311 -0.969606
v 0.593079 0.184733 -0.986492
v 0.599868 0.178385 -1.002882
v 0.606386 0.170329 -1.018619
v 0.612571 0.160642 -1.033550
v 0.618362 0.149418 -1.047532
v 0.623705 0.136764 -1.060430
v 0.628547 0.122804 -1.072121
v 0.632842 0.107670 -1.082490
v 0.636549 0.091508 -1.091440
v 0.639632 0.074475 -1.098882
v 0.642061 0.056735 -1.104747
v 0.643813 0.038457 -1.108977
v 0.644871 0.019819 -1.111531
v 0.645225 0.001000 -1.112385
v 0.644871 -0.017819 -1.111531
v 0.643813 -0.036457 -1.108977
v 0.642061 -0.054735 -1.104747
v 0.639632 -0.072475 -1.098882
v 0.636549 -0.089508 -1.091440
v 0.632842 -0.105670 -1.082490
v 0.628547 -0.120804 -1.072121
v 0.623705 -0.134765 -1.060430
v 0.618362 -0.147418 -1.047532
v 0.612571 -0.158642 -1.033550
v 0.606386 -0.168329 -1.018619
v 0.599868 -0.176385 -1.002882
v 0.593079 -0.182733 -0.986492
v 0.586084 -0.187311 -0.969606
v 0.578952 -0.190076 -0.952387
v 0.582205 0.192075 -0.950648
v 0.592560 0.189311 -0.966145
v 0.602715 0.184733 -0.981342
v 0.612571 0.178385 -0.996093
v 0.622034 0.170329 -1.010255
v 0.631012 0.160642 -1.023693
v 0.639420 0.149418 -1.036276
v 0.647177 0.136764 -1.047884
v 0.654207 0.122804 -1.058405
v 0.660442 0.107670 -1.067738
v 0.665824 0.091508 -1.075792
v 0.670300 0.074475 -1.082490
v 0.673826 0.056735 -1.087768
v 0.676370 0.038457 -1.091575
v 0.677906 0.019819 -1.093874
v 0.678420 0.001000 -1.094642
v 0.677906 -0.017819 -1.093874
v 0.676370 -0.036457 -1.091575
v 0.673826 -0.054735 -1.087768
v 0.670300 -0.072475 -1.082490
v 0.665824 -0.089508 -1.075792
v 0.660442 -0.105670 -1.067738
v 0.654207 -0.120804 -1.058405
v 0.647177 -0.134765 -1.047884
v 0.639420 -0.147418 -1.036276
v 0.631012 -0.158642 -1.023693
v 0.622034 -0.168329 -1.010255
v 0.612571 -0.176385 -0.996093
v 0.602715 -0.182733 -0.981342
v 0.592560 -0.187311 -0.966145
v 0.582205 -0.190076 -0.950648
v 0.585057 0.192075 -0.948308
v 0.598236 0.189311 -0.961487
v 0.611160 0.184733 -0.974411
v 0.623705 0.178385 -0.986955
v 0.635749 0.170329 -0.998999
v 0.647177 0.160642 -1.010427
v 0.657878 0.149418 -1.021128
v 0.667750 0.136764 -1.031000
v 0.676697 0.122804 -1.039948
v 0.684634 0.107670 -1.047884
v 0.691484 0.091508 -1.054734
v 0.697180 0.074475 -1.060430
v 0.701669 0.056735 -1.064919
v 0.704906 0.038457 -1.068156
v 0.706861 0.019819 -1.070111
v 0.707515 0.001000 -1.070765
v 0.706861 -0.017819 -1.070111
v 0.704906 -0.036457 -1.068156
v 0.701669 -0.054735 -1.064919
v 0.697180 -0.072475 -1.060430
v 0.691484 -0.089508 -1.054734
v 0.684634 -0.105670 -1.047884
v 0.676697 -0.120804 -1.039948
v 0.667750 -0.134765 -1.031000
v 0.657878 -0.147418 -1.021128
v 0.647177 -0.158642 -1.010427
v 0.635749 -0.168329 -0.998999
v 0.623705 -0.176385 -0.986955
v 0.611160 -0.182733 -0.974411
v 0.598236 -0.187311 -0.961487
v 0.585057 -0.190076 -0.948308
v 0.587398 0.192075 -0.945456
v 0.602895 0.189311 -0.955810
v 0.618092 0.184733 -0.965965
v 0.632842 0.178385 -0.975821
v 0.647005 0.170329 -0.985284
v 0.660442 0.160642 -0.994263
v 0.673026 0.149418 -1.002671
v 0.684634 0.136764 -1.010427
v 0.695155 0.122804 -1.017457
v 0.704488 0.107670 -1.023693
v 0.712542 0.091508 -1.029074
v 0.719240 0.074475 -1.033550
v 0.724518 0.056735 -1.037076
v 0.728325 0.038457 -1.039620
v 0.730623 0.019819 -1.041156
v 0.731392 0.001000 -1.041670
v 0.730623 -0.017819 -1.041156
v 0.728325 -0.036457 -1.039620
v 0.724518 -0.054735 -1.037076
v 0.719240 -0.072475 -1.033550
v 0.712542 -0.089508 -1.029074
v 0.704488 -0.105670 -1.023693
v 0.695155 -0.120804 -1.017457
v 0.684634 -0.134765 -1.010427
v 0.673026 -0.147418 -1.002671
v 0.660442 -0.158642 -0.994263
v 0.647005 -0.168329 -0.985284
v 0.632842 -0.176385 -0.975821
v 0.618092 -0.182733 -0.965965
v 0.602895 -0.187311 -0.955810
v 0.587398 -0.190076 -0.945456
v 0.589137 0.192075 -0.942202
v 0.606356 0.189311 -0.949335
v 0.623242 0.184733 -0.956329
v 0.639632 0.178385 -0.963118
v 0.655369 0.170329 -0.969636
v 0.670300 0.160642 -0.975821
v 0.684282 0.149418 -0.981612
v 0.697180 0.136764 -0.986955
v 0.708870 0.122804 -0.991797
v 0.719240 0.107670 -0.996093
v 0.728189 0.091508 -0.999800
v 0.735632 0.074475 -1.002882
v 0.741497 0.056735 -1.005312
v 0.745727 0.038457 -1.007064
v 0.748281 0.019819 -1.008122
v 0.749135 0.001000 -1.008475
v 0.748281 -0.017819 -1.008122
v 0.745727 -0.036457 -1.007064
v 0.741497 -0.054735 -1.005312
v 0.735632 -0.072475 -1.002882
v 0.728189 -0.089508 -0.999800
v 0.719240 -0.105670 -0.996093
v 0.708870 -0.120804 -0.991797
v 0.697180 -0.134765 -0.986955
v 0.684282 -0.147418 -0.981612
v 0.670300 -0.158642 -0.975821
v 0.655369 -0.168329 -0.969636
v 0.639632 -0.176385 -0.963118
v 0.623242 -0.182733 -0.956329
v 0.606356 -0.187311 -0.949335
v 0.589137 -0.190076 -0.942202
v 0.590208 0.192075 -0.938672
v 0.608488 0.189311 -0.942308
v 0.626414 0.184733 -0.945874
v 0.643813 0.178385 -0.949335
v 0.660519 0.170329 -0.952658
v 0.676370 0.160642 -0.955810
v 0.691213 0.149418 -0.958763
v 0.704906 0.136764 -0.961487
v 0.717316 0.122804 -0.963955
v 0.728325 0.107670 -0.966145
v 0.737825 0.091508 -0.968035
v 0.745727 0.074475 -0.969606
v 0.751952 0.056735 -0.970845
v 0.756442 0.038457 -0.971738
v 0.759154 0.019819 -0.972277
v 0.760061 0.001000 -0.972458
v 0.759154 -0.017819 -0.972277
v 0.756442 -0.036457 -0.971738
v 0.751952 -0.054735 -0.970845
v 0.745727 -0.072475 -0.969606
v 0.737825 -0.089508 -0.968035
v 0.728325 -0.105670 -0.966145
v 0.717316 -0.120804 -0.963955
v 0.704906 -0.134765 -0.961487
v 0.691213 -0.147418 -0.958763
v 0.676370 -0.158642 -0.955810
v 0.660519 -0.168329 -0.952658
v 0.643813 -0.176385 -0.949335
v 0.626414 -0.182733 -0.945874
v 0.608488 -0.187311 -0.942308
v 0.590208 -0.190076 -0.938672
v 0.590569 0.192075 -0.935000
v 0.609207 0.189311 -0.935000
v 0.627485 0.184733 -0.935000
v 0.645225 0.178385 -0.935000
v 0.662258 0.170329 -0.935000
v 0.678420 0.160642 -0.935000
v 0.693554 0.149418 -0.935000
v 0.707515 0.136764 -0.935000
v 0.720168 0.122804 -0.935000
v 0.731392 0.107670 -0.935000
v 0.741079 0.091508 -0.935000
v 0.749135 0.074475 -0.935000
v 0.755483 0.056735 -0.935000
v 0.760061 0.038457 -0.935000
v 0.762825 0.019819 -0.935000
v 0.763750 0.001000 -0.935000
v 0.762825 -0.017819 -0.935000
v 0.760061 -0.036457 -0.935000
v 0.755483 -0.054735 -0.935000
v 0.749135 -0.072475 -0.935000
v 0.741079 -0.089508 -0.935000
v 0.731392 -0.105670 -0.935000
v 0.720168 -0.120804 -0.935000
v 0.707515 -0.134765 -0.935000
v 0.693554 -0.147418 -0.935000
v 0.678420 -0.158642 -0.935000
v 0.662258 -0.168329 -0.935000
v 0.645225 -0.176385 -0.935000
v 0.627485 -0.182733 -0.935000
v 0.609207 -0.187311 -0.935000
v 0.590569 -0.190076 -0.935000
v 0.590208 0.192075 -0.931329
v 0.608488 0.189311 -0.927693
v 0.626414 0.184733 -0.924127
v 0.643813 0.178385 -0.920666
v 0.660519 0.170329 -0.917343
v 0.676370 0.160642 -0.914190
v 0.691213 0.149418 -0.911238
v 0.704906 0.136764 -0.908514
v 0.717316 0.122804 -0.906045
v 0.728325 0.107670 -0.903856
v 0.737825 0.091508 -0.901966
v 0.745727 0.074475 -0.900394
v 0.751952 0.056735 -0.899156
v 0.756442 0.038457 -0.898263
v 0.759154 0.019819 -0.897723
v 0.760061 0.001000 -0.897543
v 0.759154 -0.017819 -0.897723
v 0.756442 -0.036457 -0.898263
v 0.751952 -0.054735 -0.899156
v 0.745727 -0.072475 -0.900394
v 0.737825 -0.089508 -0.901966
v 0.728325 -0.105670 -0.903856
v 0.717316 -0.120804 -0.906045
v 0.704906 -0.134765 -0.908514
v 0.691213 -0.147418 -0.911238
v 0.676370 -0.158642 -0.914190
v 0.660519 -0.168329 -0.917343
v 0.643813 -0.176385 -0.920666
v 0.626414 -0.182733 -0.924127
v 0.608488 -0.187311 -0.927693
v 0.590208 -0.190076 -0.931329
v 0.589137 0.192075 -0.927798
v 0.606356 0.189311 -0.920666
v 0.623242 0.184733 -0.913671
v 0.639632 0.178385 -0.906882
v 0.655369 0.170329 -0.900364
v 0.670300 0.160642 -0.894180
v 0.684282 0.149418 -0.888388
v 0.697180 0.136764 -0.883045
v 0.708870 0.122804 -0.878203
v 0.719240 0.107670 -0.873908
v 0.728189 0.091508 -0.870201
v 0.735632 0.074475 -0.867118
v 0.741497 0.056735 -0.864689
v 0.745726 0.038457 -0.862937
v 0.748281 0.019819 -0.861879
v 0.749135 0.001000 -0.861525
v 0.748281 -0.017819 -0.861879
v 0.745726 -0.036457 -0.862937
v 0.741497 -0.054735 -0.864689
v 0.735632 -0.072475 -0.867118
v 0.728189 -0.089508 -0.870201
v 0.719240 -0.105670 -0.873908
v 0.708870 -0.120804 -0.878203
v 0.697180 -0.134765 -0.883045
v 0.684282 -0.147418 -0.888388
v 0.670300 -0.158642 -0.894180
v 0.655369 -0.168329 -0.900364
v 0.639632 -0.176385 -0.906882
v 0.623242 -0.182733 -0.913671
v 0.606356 -0.187311 -0.920666
v 0.589137 -0.190076 -0.927798
v 0.587398 0.192075 -0.924545
v 0.602895 0.189311 -0.914190
v 0.618092 0.184733 -0.904036
v 0.632842 0.178385 -0.894180
v 0.647005 0.170329 -0.884717
v 0.660442 0.160642 -0.875738
v 0.673026 0.149418 -0.867330
v 0.684634 0.136764 -0.859573
v 0.695155 0.122804 -0.852544
v 0.704488 0.107670 -0.846308
v 0.712542 0.091508 -0.840926
v 0.719240 0.074475 -0.836450
v 0.724518 0.056735 -0.832924
v 0.728325 0.038457 -0.830380
v 0.730623 0.019819 -0.828844
v 0.731392 0.001000 -0.828331
v 0.730623 -0.017819 -0.828844
v 0.728325 -0.036457 -0.830380
v 0.724518 -0.054735 -0.832924
v 0.719240 -0.072475 -0.836450
v 0.712542 -0.089508 -0.840926
v 0.704488 -0.105670 -0.846308
v 0.695155 -0.120804 -0.852544
v 0.684634 -0.134765 -0.859573
v 0.673026 -0.147418 -0.867330
v 0.660442 -0.158642 -0.875738
v 0.647005 -0.168329 -0.884717
v 0.632842 -0.176385 -0.894180
v 0.618092 -0.182733 -0.904036
v 0.602895 -0.187311 -0.914190
v 0.587398 -0.190076 -0.924545
v 0.585057 0.192075 -0.921693
v 0.598236 0.189311 -0.908514
v 0.611160 0.184733 -0.895590
v 0.623705 0.178385 -0.883045
v 0.635749 0.170329 -0.871001
v 0.647177 0.160642 -0.859573
v 0.657878 0.149418 -0.848872
v 0.667750 0.136764 -0.839000
v 0.676697 0.122804 -0.830053
v 0.684634 0.107670 -0.822116
v 0.691484 0.091508 -0.815267
v 0.697180 0.074475 -0.809570
v 0.701669 0.056735 -0.805082
v 0.704906 0.038457 -0.801844
v 0.706861 0.019819 -0.799890
v 0.707514 0.001000 -0.799236
v 0.706861 -0.017819 -0.799890
v 0.704906 -0.036457 -0.801844
v 0.701669 -0.054735 -0.805082
v 0.697180 -0.072475 -0.809570
v 0.691484 -0.089508 -0.815267
v 0.684634 -0.105670 -0.822116
v 0.676697 -0.120804 -0.830053
v 0.667750 -0.134765 -0.839000
v 0.657878 -0.147418 -0.848872
v 0.647177 -0.158642 -0.859573
v 0.635749 -0.168329 -0.871001
v 0.623705 -0.176385 -0.883045
v 0.611160 -0.182733 -0.895590
v 0.598236 -0.187311 -0.908514
v 0.585057 -0.190076 -0.921693
v 0.582205 0.192075 -0.919353
v 0.592560 0.189311 -0.903856
v 0.602714 0.184733 -0.888659
v 0.612571 0.178385 -0.873908
v 0.622034 0.170329 -0.859745
v 0.631012 0.160642 -0.846308
v 0.639420 0.149418 -0.833724
v 0.647177 0.136764 -0.822116
v 0.654207 0.122804 -0.811595
v 0.660442 0.107670 -0.802263
v 0.665824 0.091508 -0.794208
v 0.670300 0.074475 -0.787510
v 0.673826 0.056735 -0.782232
v 0.676370 0.038457 -0.778426
v 0.677906 0.019819 -0.776127
v 0.678419 0.001000 -0.775358
v 0.677906 -0.017819 -0.776127
v 0.676370 -0.036457 -0.778426
v 0.673826 -0.054735 -0.782232
v 0.670300 -0.072475 -0.787510
v 0.665824 -0.089508 -0.794208
v 0.660442 -0.105670 -0.802263
v 0.654207 -0.120804 -0.811595
v 0.647177 -0.134765 -0.822116
v 0.639420 -0.147418 -0.833724
v 0.631012 -0.158642 -0.846308
v 0.622034 -0.168329 -0.859745
v 0.612571 -0.176385 -0.873908
v 0.602714 -0.182733 -0.888659
v 0.592560 -0.187311 -0.903856
v 0.582205 -0.190076 -0.919353
v 0.578952 0.192075 -0.917613
v 0.586084 0.189311 -0.900394
v 0.593079 0.184733 -0.883508
v 0.599868 0.178385 -0.867118
v 0.606386 0.170329 -0.851382
v 0.612571 0.160642 -0.836451
v 0.618362 0.149418 -0.822468
v 0.623705 0.136764 -0.809570
v 0.628547 0.122804 -0.797880
v 0.632842 0.107670 -0.787510
v 0.636549 0.091508 -0.778561
v 0.639632 0.074475 -0.771118
v 0.642061 0.056735 -0.765253
v 0.643813 0.038457 -0.761024
v 0.644871 0.019819 -0.758470
v 0.645225 0.001000 -0.757615
v 0.644871 -0.017819 -0.758470
v 0.643813 -0.036457 -0.761024
v 0.642061 -0.054735 -0.765253
v 0.639632 -0.072475 -0.771118
v 0.636549 -0.089508 -0.778561
v 0.632842 -0.105670 -0.787510
v 0.628547 -0.120804 -0.797880
v 0.623705 -0.134765 -0.809570
v 0.618362 -0.147418 -0.822468
v 0.612571 -0.158642 -0.836451
v 0.606386 -0.168329 -0.851382
v 0.599868 -0.176385 -0.867118
v 0.593079 -0.182733 -0.883508
v 0.586084 -0.187311 -0.900394
v 0.578952 -0.190076 -0.917613
v 0.575421 0.192075 -0.916543
v 0.579058 0.189311 -0.898263
v 0.582623 0.184733 -0.880336
v 0.586084 0.178385 -0.862937
v 0.589407 0.170329 -0.846231
v 0.592560 0.160642 -0.830380
v 0.595513 0.149418 -0.815537
v 0.598236 0.136764 -0.801844
v 0.600705 0.122804 -0.789434
v 0.602895 0.107670 -0.778426
v 0.604784 0.091508 -0.768925
v 0.606356 0.074475 -0.761024
v 0.607594 0.056735 -0.754798
v 0.608488 0.038457 -0.750308
v 0.609027 0.019819 -0.747596
v 0.609207 0.001000 -0.746689
v 0.609027 -0.017819 -0.747596
v 0.608488 -0.036457 -0.750308
v 0.607594 -0.054735 -0.754798
v 0.606356 -0.072475 -0.761024
v 0.604784 -0.089508 -0.768925
v 0.602895 -0.105670 -0.778426
v 0.600705 -0.120804 -0.789434
v 0.598236 -0.134765 -0.801844
v 0.595513 -0.147418 -0.815537
v 0.592560 -0.158642 -0.830380
v 0.589407 -0.168329 -0.846231
v 0.586084 -0.176385 -0.862937
v 0.582623 -0.182733 -0.880336
v 0.579058 -0.187311 -0.898263
v 0.575421 -0.190076 -0.916543
v 0.571750 0.192075 -0.916181
v 0.571750 0.189311 -0.897543
v 0.571750 0.184733 -0.879266
v 0.571750 0.178385 -0.861525
v 0.571750 0.170329 -0.844492
v 0.571750 0.160642 -0.828331
v 0.571750 0.149418 -0.813197
v 0.571750 0.136764 -0.799236
v 0.571750 0.122804 -0.786582
v 0.571750 0.107670 -0.775358
v 0.571750 0.091508 -0.765671
v 0.571750 0.074475 -0.757615
v 0.571750 0.056735 -0.751268
v 0.571750 0.038457 -0.746689
v 0.571750 0.019819 -0.743925
v 0.571750 0.001000 -0.743000
v 0.571750 -0.017819 -0.743925
v 0.571750 -0.036457 -0.746689
v 0.571750 -0.054735 -0.751268
v 0.571750 -0.072475 -0.757615
v 0.571750 -0.089508 -0.765671
v 0.571750 -0.105670 -0.775358
v 0.571750 -0.120804 -0.786582
v 0.571750 -0.134765 -0.799236
v 0.571750 -0.147418 -0.813197
v 0.571750 -0.158642 -0.828331
v 0.571750 -0.168329 -0.844492
v 0.571750 -0.176385 -0.861525
v 0.571750 -0.182733 -0.879266
v 0.571750 -0.187311 -0.897543
v 0.571750 -0.190076 -0.916181
v 0.571750 -0.191000 -0.935000
v 0.571750 0.193000 -0.935000
v 0.568079 0.192075 -0.916543
v 0.564442 0.189311 -0.898263
v 0.560877 0.184733 -0.880336
v 0.557416 0.178385 -0.862937
v 0.554093 0.170329 -0.846231
v 0.550940 0.160642 -0.830380
v 0.547987 0.149418 -0.815537
v 0.545264 0.136764 -0.801844
v 0.542795 0.122804 -0.789434
v 0.540605 0.107670 -0.778426
v 0.538716 0.091508 -0.768925
v 0.537144 0.074475 -0.761024
v 0.535906 0.056735 -0.754798
v 0.535012 0.038457 -0.750308
v 0.534473 0.019819 -0.747596
v 0.534293 0.001000 -0.746690
v 0.534473 -0.017819 -0.747596
v 0.535012 -0.036457 -0.750308
v 0.535906 -0.054735 -0.754798
v 0.537144 -0.072475 -0.761024
v 0.538716 -0.089508 -0.768925
v 0.540605 -0.105670 -0.778426
v 0.542795 -0.120804 -0.789434
v 0.545264 -0.134765 -0.801844
v 0.547987 -0.147418 -0.815537
v 0.550940 -0.158642 -0.830380
v 0.554093 -0.168329 -0.846231
v 0.557416 -0.176385 -0.862937
v 0.560877 -0.182733 -0.880336
v 0.564442 -0.187311 -0.898263
v 0.568079 -0.190076 -0.916543
v 0.564548 0.192075 -0.917613
v 0.557416 0.189311 -0.900394
v 0.550421 0.184733 -0.883508
v 0.543632 0.178385 -0.867118
v 0.537114 0.170329 -0.851382
v 0.530929 0.160642 -0.836451
v 0.525138 0.149418 -0.822469
v 0.519795 0.136764 -0.809570
v 0.514953 0.122804 -0.797880
v 0.510658 0.107670 -0.787510
v 0.506951 0.091508 -0.778561
v 0.503868 0.074475 -0.771118
v 0.501439 0.056735 -0.765253
v 0.499687 0.038457 -0.761024
v 0.498629 0.019819 -0.758470
v 0.498275 0.001000 -0.757615
v 0.498629 -0.017819 -0.758470
v 0.499687 -0.036457 -0.761024
v 0.501439 -0.054735 -0.765253
v 0.503868 -0.072475 -0.771118
v 0.506951 -0.089508 -0.778561
v 0.510658 -0.105670 -0.787510
v 0.514953 -0.120804 -0.797880
v 0.519795 -0.134765 -0.809570
v 0.525138 -0.147418 -0.822469
v 0.530929 -0.158642 -0.836451
v 0.537114 -0.168329 -0.851382
v 0.543632 -0.176385 -0.867118
v 0.550421 -0.182733 -0.883508
v 0.557416 -0.187311 -0.900394
v 0.564548 -0.190076 -0.917613
v 0.561295 0.192075 -0.919353
v 0.550940 0.189311 -0.903856
v 0.540785 0.184733 -0.888659
v 0.530929 0.178385 -0.873908
v 0.521466 0.170329 -0.859745
v 0.512488 0.160642 -0.846308
v 0.504080 0.149418 -0.833724
v 0.496323 0.136764 -0.822116
v 0.489293 0.122804 -0.811595
v 0.483058 0.107670 -0.802263
v 0.477676 0.091508 -0.794208
v 0.473200 0.074475 -0.787510
v 0.469674 0.056735 -0.782232
v 0.467130 0.038457 -0.778426
v 0.465594 0.019819 -0.776127
v 0.465081 0.001000 -0.775358
v 0.465594 -0.017819 -0.776127
v 0.467130 -0.036457 -0.778426
v 0.469674 -0.054735 -0.782232
v 0.473200 -0.072475 -0.787510
v 0.477676 -0.089508 -0.794208
v 0.483058 -0.105670 -0.802263
v 0.489293 -0.120804 -0.811595
v 0.496323 -0.134765 -0.822116
v 0.504080 -0.147418 -0.833724
v 0.512488 -0.158642 -0.846308
v 0.521466 -0.168329 -0.859745
v 0.530929 -0.176385 -0.873908
v 0.540785 -0.182733 -0.888659
v 0.550940 -0.187311 -0.903856
v 0.561295 -0.190076 -0.919353
v 0.558443 0.192075 -0.921693
v 0.545264 0.189311 -0.908514
v 0.532340 0.184733 -0.895590
v 0.519795 0.178385 -0.883045
v 0.507751 0.170329 -0.871001
v 0.496323 0.160642 -0.859574
v 0.485622 0.149418 -0.848872
v 0.475750 0.136764 -0.839000
v 0.466803 0.122804 -0.830053
v 0.458866 0.107670 -0.822116
v 0.452016 0.091508 -0.815267
v 0.446320 0.074475 -0.809570
v 0.441831 0.056735 -0.805082
v 0.438594 0.038457 -0.801844
v 0.436639 0.019819 -0.799890
v 0.435986 0.001000 -0.799236
v 0.436639 -0.017819 -0.799890
v 0.438594 -0.036457 -0.801844
v 0.441831 -0.054735 -0.805082
v 0.446320 -0.072475 -0.809570
v 0.452016 -0.089508 -0.815267
v 0.458866 -0.105670 -0.822116
v 0.466803 -0.120804 -0.830053
v 0.475750 -0.134765 -0.839000
v 0.485622 -0.147418 -0.848872
v 0.496323 -0.158642 -0.859574
v 0.507751 -0.168329 -0.871001
v 0.519795 -0.176385 -0.883045
v 0.532340 -0.182733 -0.895590
v 0.545264 -0.187311 -0.908514
v 0.558443 -0.190076 -0.921693
v 0.556102 0.192075 -0.924545
v 0.540605 0.189311 -0.914190
v 0.525408 0.184733 -0.904036
v 0.510658 0.178385 -0.894180
v 0.496495 0.170329 -0.884717
v 0.483058 0.160642 -0.875738
v 0.470474 0.149418 -0.867330
v 0.458866 0.136764 -0.859573
v 0.448345 0.122804 -0.852544
v 0.439012 0.107670 -0.846308
v 0.430958 0.091508 -0.840926
v 0.424260 0.074475 -0.836451
v 0.418982 0.056735 -0.832924
v 0.415175 0.038457 -0.830380
v 0.412877 0.019819 -0.828844
v 0.412108 0.001000 -0.828331
v 0.412877 -0.017819 -0.828844
v 0.415175 -0.036457 -0.830380
v 0.418982 -0.054735 -0.832924
v 0.424260 -0.072475 -0.836451
v 0.430958 -0.089508 -0.840926
v 0.439012 -0.105670 -0.846308
v 0.448345 -0.120804 -0.852544
v 0.458866 -0.134765 -0.859573
v 0.470474 -0.147418 -0.867330
v 0.483058 -0.158642 -0.875738
v 0.496495 -0.168329 -0.884717
v 0.510658 -0.176385 -0.894180
v 0.525408 -0.182733 -0.904036
v 0.540605 -0.187311 -0.914190
v 0.556102 -0.190076 -0.924545
v 0.554363 0.192075 -0.927798
v 0.537144 0.189311 -0.920666
v 0.520258 0.184733 -0.913671
v 0.503868 0.178385 -0.906882
v 0.488131 0.170329 -0.900364
v 0.473200 0.160642 -0.894180
v 0.459218 0.149418 -0.888388
v 0.446320 0.136764 -0.883045
v 0.434630 0.122804 -0.878203
v 0.424260 0.107670 -0.873908
v 0.415311 0.091508 -0.870201
v 0.407868 0.074475 -0.867118
v 0.402003 0.056735 -0.864689
v 0.397774 0.038457 -0.862937
v 0.395219 0.019819 -0.861879
v 0.394365 0.001000 -0.861525
v 0.395219 -0.017819 -0.861879
v 0.397774 -0.036457 -0.862937
v 0.402003 -0.054735 -0.864689
v 0.407868 -0.072475 -0.867118
v 0.415311 -0.089508 -0.870201
v 0.424260 -0.105670 -0.873908
v 0.434630 -0.120804 -0.878203
v 0.446320 -0.134765 -0.883045
v 0.459218 -0.147418 -0.888388
v 0.473200 -0.158642 -0.894180
v 0.488131 -0.168329 -0.900364
v 0.503868 -0.176385 -0.906882
v 0.520258 -0.182733 -0.913671
v 0.537144 -0.187311 -0.920666
v 0.554363 -0.190076 -0.927798
v 0.553292 0.192075 -0.931329
v 0.535012 0.189311 -0.927693
v 0.517086 0.184733 -0.924127
v 0.499687 0.178385 -0.920666
v 0.482981 0.170329 -0.917343
v 0.467130 0.160642 -0.914190
v 0.452287 0.149418 -0.911238
v 0.438594 0.136764 -0.908514
v 0.426184 0.122804 -0.906045
v 0.415175 0.107670 -0.903856
v 0.405675 0.091508 -0.901966
v 0.397774 0.074475 -0.900394
v 0.391548 0.056735 -0.899156
v 0.387058 0.038457 -0.898263
v 0.384346 0.019819 -0.897723
v 0.383439 0.001000 -0.897543
v 0.384346 -0.017819 -0.897723
v 0.387058 -0.036457 -0.898263
v 0.391548 -0.054735 -0.899156
v 0.397774 -0.072475 -0.900394
v 0.405675 -0.089508 -0.901966
v 0.415175 -0.105670 -0.903856
v 0.426184 -0.120804 -0.906045
v 0.438594 -0.134765 -0.908514
v 0.452287 -0.147418 -0.911238
v 0.467130 -0.158642 -0.914190
v 0.482981 -0.168329 -0.917343
v 0.499687 -0.176385 -0.920666
v 0.517086 -0.182733 -0.924127
v 0.535012 -0.187311 -0.927693
v 0.553292 -0.190076 -0.931329
v 0.552931 0.192075 -0.935000
v 0.534293 0.189311 -0.935000
v 0.516015 0.184733 -0.935000
v 0.498275 0.178385 -0.935000
v 0.481242 0.170329 -0.935000
v 0.465081 0.160642 -0.935000
v 0.449947 0.149418 -0.935000
v 0.435986 0.136764 -0.935000
v 0.423332 0.122804 -0.935000
v 0.412108 0.107670 -0.935000
v 0.402421 0.091508 -0.935000
v 0.394365 0.074475 -0.935000
v 0.388018 0.056735 -0.935000
v 0.383439 0.038457 -0.935000
v 0.380675 0.019819 -0.935000
v 0.379750 0.001000 -0.935000
v 0.380675 -0.017819 -0.935000
v 0.383439 -0.036457 -0.935000
v 0.388018 -0.054735 -0.935000
v 0.394365 -0.072475 -0.935000
v 0.402421 -0.089508 -0.935000
v 0.412108 -0.105670 -0.935000
v 0.423332 -0.120804 -0.935000
v 0.435986 -0.134765 -0.935000
v 0.449947 -0.147418 -0.935000
v 0.465081 -0.158642 -0.935000
v 0.481242 -0.168329 -0.935000
v 0.498275 -0.176385 -0.935000
v 0.516015 -0.182733 -0.935000
v 0.534293 -0.187311 -0.935000
v 0.552931 -0.190076 -0.935000
v 0.553292 0.192075 -0.938672
v 0.535012 0.189311 -0.942308
v 0.517086 0.184733 -0.945874
v 0.499687 0.178385 -0.949335
v 0.482981 0.170329 -0.952658
v 0.467130 0.160642 -0.955810
v 0.452287 0.149418 -0.958763
v 0.438594 0.136764 -0.961487
v 0.426184 0.122804 -0.963955
v 0.415175 0.107670 -0.966145
v 0.405675 0.091508 -0.968035
v 0.397774 0.074475 -0.969606
v 0.391548 0.056735 -0.970845
v 0.387058 0.038457 -0.971738
v 0.384346 0.019819 -0.972277
v 0.383439 0.001000 -0.972458
v 0.384346 -0.017819 -0.972277
v 0.387058 -0.036457 -0.971738
v 0.391548 -0.054735 -0.970845
v 0.397774 -0.072475 -0.969606
v 0.405675 -0.089508 -0.968035
v 0.415175 -0.105670 -0.966145
v 0.426184 -0.120804 -0.963955
v 0.438594 -0.134765 -0.961487
v 0.452287 -0.147418 -0.958763
v 0.467130 -0.158642 -0.955810
v 0.482981 -0.168329 -0.952658
v 0.499687 -0.176385 -0.949335
v 0.517086 -0.182733 -0.945874
v 0.535012 -0.187311 -0.942308
v 0.553292 -0.190076 -0.938672
v 0.554363 0.192075 -0.942202
v 0.537144 0.189311 -0.949335
v 0.520258 0.184733 -0.956329
v 0.503868 0.178385 -0.963118
v 0.488131 0.170329 -0.969636
v 0.473200 0.160642 -0.975821
v 0.459218 0.149418 -0.981613
v 0.446320 0.136764 -0.986955
v 0.434630 0.122804 -0.991797
v 0.424260 0.107670 -0.996093
v 0.415311 0.091508 -0.999800
v 0.407868 0.074475 -1.002882
v 0.402003 0.056735 -1.005312
v 0.397774 0.038457 -1.007064
v 0.395219 0.019819 -1.008122
v 0.394365 0.001000 -1.008475
v 0.395219 -0.017819 -1.008122
v 0.397774 -0.036457 -1.007064
v 0.402003 -0.054735 -1.005312
v 0.407868 -0.072475 -1.002882
v 0.415311 -0.089508 -0.999800
v 0.424260 -0.105670 -0.996093
v 0.434630 -0.120804 -0.991797
v 0.446320 -0.134765 -0.986955
v 0.459218 -0.147418 -0.981613
v 0.473200 -0.158642 -0.975821
v 0.488131 -0.168329 -0.969636
v 0.503868 -0.176385 -0.963118
v 0.520258 -0.182733 -0.956329
v 0.537144 -0.187311 -0.949335
v 0.554363 -0.190076 -0.942202
v 0.556102 0.192075 -0.945456
v 0.540605 0.189311 -0.955810
v 0.525408 0.184733 -0.965965
v 0.510658 0.178385 -0.975821
v 0.496495 0.170329 -0.985284
v 0.483058 0.160642 -0.994263
v 0.470474 0.149418 -1.002671
v 0.458866 0.136764 -1.010427
v 0.448345 0.122804 -1.017457
v 0.439012 0.107670 -1.023693
v 0.430958 0.091508 -1.029074
v 0.424260 0.074475 -1.033550
v 0.418982 0.056735 -1.037076
v 0.415175 0.038457 -1.039620
v 0.412877 0.019819 -1.041156
v 0.412108 0.001000 -1.041670
v 0.412877 -0.017819 -1.041156
v 0.415175 -0.036457 -1.039620
v 0.418982 -0.054735 -1.037076
v 0.424260 -0.072475 -1.033550
v 0.430958 -0.089508 -1.029074
v 0.439012 -0.105670 -1.023693
v 0.448345 -0.120804 -1.017457
v 0.458866 -0.134765 -1.010427
v 0.470474 -0.147418 -1.002671
v 0.483058 -0.158642 -0.994263
v 0.496495 -0.168329 -0.985284
v 0.510658 -0.176385 -0.975821
v 0.525408 -0.182733 -0.965965
v 0.540605 -0.187311 -0.955810
v 0.556102 -0.190076 -0.945456
v 0.558443 0.192075 -0.948308
v 0.545264 0.189311 -0.961487
v 0.532340 0.184733 -0.974411
v 0.519795 0.178385 -0.986955
v 0.507751 0.170329 -0.998999
v 0.496323 0.160642 -1.010427
v 0.485622 0.149418 -1.021128
v 0.475750 0.136764 -1.031000
v 0.466803 0.122804 -1.039948
v 0.458866 0.107670 -1.047884
v 0.452017 0.091508 -1.054734
v 0.446320 0.074475 -1.060430
v 0.441832 0.056735 -1.064919
v 0.438594 0.038457 -1.068156
v 0.436639 0.019819 -1.070111
v 0.435986 0.001000 -1.070765
v 0.436639 -0.017819 -1.070111
v 0.438594 -0.036457 -1.068156
v 0.441832 -0.054735 -1.064919
v 0.446320 -0.072475 -1.060430
v 0.452017 -0.089508 -1.054734
v 0.458866 -0.105670 -1.047884
v 0.466803 -0.120804 -1.039948
v 0.475750 -0.134765 -1.031000
v 0.485622 -0.147418 -1.021128
v 0.496323 -0.158642 -1.010427
v 0.507751 -0.168329 -0.998999
v 0.519795 -0.176385 -0.986955
v 0.532340 -0.182733 -0.974411
v 0.545264 -0.187311 -0.961487
v 0.558443 -0.190076 -0.948308
v 0.561295 0.192075 -0.950648
v 0.550940 0.189311 -0.966145
v 0.540786 0.184733 -0.981342
v 0.530929 0.178385 -0.996093
v 0.521466 0.170329 -1.010255
v 0.512488 0.160642 -1.023693
v 0.504080 0.149418 -1.036276
v 0.496323 0.136764 -1.047884
v 0.489293 0.122804 -1.058405
v 0.483058 0.107670 -1.067738
v 0.477676 0.091508 -1.075792
v 0.473200 0.074475 -1.082490
v 0.469674 0.056735 -1.087768
v 0.467130 0.038457 -1.091575
v 0.465594 0.019819 -1.093874
v 0.465081 0.001000 -1.094642
v 0.465594 -0.017819 -1.093874
v 0.467130 -0.036457 -1.091575
v 0.469674 -0.054735 -1.087768
v 0.473200 -0.072475 -1.082490
v 0.477676 -0.089508 -1.075792
v 0.483058 -0.105670 -1.067738
v 0.489293 -0.120804 -1.058405
v 0.496323 -0.134765 -1.047884
v 0.504080 -0.147418 -1.036276
v 0.512488 -0.158642 -1.023693
v 0.521466 -0.168329 -1.010255
v 0.530929 -0.176385 -0.996093
v 0.540786 -0.182733 -0.981342
v 0.550940 -0.187311 -0.966145
v 0.561295 -0.190076 -0.950648
v 0.564548 0.192075 -0.952387
v 0.557416 0.189311 -0.969606
v 0.550421 0.184733 -0.986492
v 0.543632 0.178385 -1.002882
v 0.537114 0.170329 -1.018619
v 0.530929 0.160642 -1.033550
v 0.525138 0.149418 -1.047532
v 0.519795 0.136764 -1.060430
v 0.514953 0.122804 -1.072121
v 0.510658 0.107670 -1.082490
v 0.506951 0.091508 -1.091439
v 0.503868 0.074475 -1.098882
v 0.501439 0.056735 -1.104747
v 0.499687 0.038457 -1.108977
v 0.498629 0.019819 -1.111531
v 0.498275 0.001000 -1.112385
v 0.498629 -0.017819 -1.111531
v 0.499687 -0.036457 -1.108977
v 0.501439 -0.054735 -1.104747
v 0.503868 -0.072475 -1.098882
v 0.506951 -0.089508 -1.091439
v 0.510658 -0.105670 -1.082490
v 0.514953 -0.120804 -1.072121
v 0.519795 -0.134765 -1.060430
v 0.525138 -0.147418 -1.047532
v 0.530929 -0.158642 -1.033550
v 0.537114 -0.168329 -1.018619
v 0.543632 -0.176385 -1.002882
v 0.550421 -0.182733 -0.986492
v 0.557416 -0.187311 -0.969606
v 0.564548 -0.190076 -0.952387
v 0.568079 0.192075 -0.953458
v 0.564443 0.189311 -0.971738
v 0.560877 0.184733 -0.989664
v 0.557416 0.178385 -1.007064
v 0.554093 0.170329 -1.023769
v 0.550940 0.160642 -1.039620
v 0.547987 0.149418 -1.054463
v 0.545264 0.136764 -1.068156
v 0.542795 0.122804 -1.080566
v 0.540605 0.107670 -1.091575
v 0.538716 0.091508 -1.101075
v 0.537144 0.074475 -1.108977
v 0.535906 0.056735 -1.115202
v 0.535012 0.038457 -1.119693
v 0.534473 0.019819 -1.122404
v 0.534293 0.001000 -1.123311
v 0.534473 -0.017819 -1.122404
v 0.535012 -0.036457 -1.119693
v 0.535906 -0.054735 -1.115202
v 0.537144 -0.072475 -1.108977
v 0.538716 -0.089508 -1.101075
v 0.540605 -0.105670 -1.091575
v 0.542795 -0.120804 -1.080566
v 0.545264 -0.134765 -1.068156
v 0.547987 -0.147418 -1.054463
v 0.550940 -0.158642 -1.039620
v 0.554093 -0.168329 -1.023769
v 0.557416 -0.176385 -1.007064
v 0.560877 -0.182733 -0.989664
v 0.564443 -0.187311 -0.971738
v 0.568079 -0.190076 -0.953458
v 0.571750 0.192075 -0.953820
v 0.571750 0.189311 -0.972458
v 0.571750 0.184733 -0.990735
v 0.571750 0.178385 -1.008475
v 0.571750 0.170329 -1.025508
v 0.571750 0.160642 -1.041669
v 0.571750 0.136764 -1.070765
v 0.571750 0.107670 -1.094642
v 0.571750 0.091508 -1.104329
v 0.571750 0.001000 -1.127000
v 0.571750 -0.054735 -1.118733
v 0.571750 -0.072475 -1.112385
v 0.571750 -0.134765 -1.070765
v 0.571750 -0.176385 -1.008475
v 0.571750 -0.182733 -0.990735
v 0.571750 0.149418 0.813197
v 0.571750 0.122804 0.786582
v 0.571750 0.074475 0.757615
v 0.571750 0.056735 0.751268
v 0.571750 0.038457 0.746689
v 0.571750 0.019819 0.743925
v 0.571750 -0.017819 0.743925
v 0.571750 -0.036457 0.746689
v 0.571750 -0.089508 0.765671
v 0.571750 -0.105670 0.775358
v 0.571750 -0.120804 0.786582
v 0.571750 -0.147418 0.813197
v 0.571750 -0.158642 0.828331
v 0.571750 -0.168329 0.844492
v 0.571750 -0.187311 0.897543
v 0.571750 -0.190076 0.916181
v 0.575421 0.192075 0.916543
v 0.579058 0.189311 0.898263
v 0.582623 0.184733 0.880336
v 0.586084 0.178385 0.862937
v 0.589407 0.170329 0.846231
v 0.592560 0.160642 0.830380
v 0.595513 0.149418 0.815537
v 0.598236 0.136764 0.801844
v 0.600705 0.122804 0.789434
v 0.602895 0.107670 0.778426
v 0.604784 0.091508 0.768925
v 0.606356 0.074475 0.761024
v 0.607594 0.056735 0.754798
v 0.608488 0.038457 0.750308
v 0.609027 0.019819 0.747596
v 0.609207 0.001000 0.746689
v 0.609027 -0.017819 0.747596
v 0.608488 -0.036457 0.750308
v 0.607594 -0.054735 0.754798
v 0.606356 -0.072475 0.761024
v 0.604784 -0.089508 0.768925
v 0.602895 -0.105670 0.778426
v 0.600705 -0.120804 0.789434
v 0.598236 -0.134765 0.801844
v 0.595513 -0.147418 0.815537
v 0.592560 -0.158642 0.830380
v 0.589407 -0.168329 0.846231
v 0.586084 -0.176385 0.862937
v 0.582623 -0.182733 0.880336
v 0.579058 -0.187311 0.898263
v 0.575421 -0.190076 0.916543
v 0.578952 0.192075 0.917613
v 0.586084 0.189311 0.900394
v 0.593079 0.184733 0.883508
v 0.599868 0.178385 0.867118
v 0.606386 0.170329 0.851382
v 0.612571 0.160642 0.836450
v 0.618362 0.149418 0.822468
v 0.623705 0.136764 0.809570
v 0.628547 0.122804 0.797880
v 0.632842 0.107670 0.787510
v 0.636549 0.091508 0.778561
v 0.639632 0.074475 0.771118
v 0.642061 0.056735 0.765253
v 0.643813 0.038457 0.761024
v 0.644871 0.019819 0.758469
v 0.645225 0.001000 0.757615
v 0.644871 -0.017819 0.758469
v 0.643813 -0.036457 0.761024
v 0.642061 -0.054735 0.765253
v 0.639632 -0.072475 0.771118
v 0.636549 -0.089508 0.778561
v 0.632842 -0.105670 0.787510
v 0.628547 -0.120804 0.797880
v 0.623705 -0.134765 0.809570
v 0.618362 -0.147418 0.822468
v 0.612571 -0.158642 0.836450
v 0.606386 -0.168329 0.851382
v 0.599868 -0.176385 0.867118
v 0.593079 -0.182733 0.883508
v 0.586084 -0.187311 0.900394
v 0.578952 -0.190076 0.917613
v 0.582205 0.192075 0.919353
v 0.592560 0.189311 0.903856
v 0.602715 0.184733 0.888659
v 0.612571 0.178385 0.873908
v 0.622034 0.170329 0.859745
v 0.631012 0.160642 0.846308
v 0.639420 0.149418 0.833724
v 0.647177 0.136764 0.822116
v 0.654207 0.122804 0.811595
v 0.660442 0.107670 0.802263
v 0.665824 0.091508 0.794208
v 0.670300 0.074475 0.787510
v 0.673826 0.056735 0.782232
v 0.676370 0.038457 0.778426
v 0.677906 0.019819 0.776127
v 0.678420 0.001000 0.775358
v 0.677906 -0.017819 0.776127
v 0.676370 -0.036457 0.778426
v 0.673826 -0.054735 0.782232
v 0.670300 -0.072475 0.787510
v 0.665824 -0.089508 0.794208
v 0.660442 -0.105670 0.802263
v 0.654207 -0.120804 0.811595
v 0.647177 -0.134765 0.822116
v 0.639420 -0.147418 0.833724
v 0.631012 -0.158642 0.846308
v 0.622034 -0.168329 0.859745
v 0.612571 -0.176385 0.873908
v 0.602715 -0.182733 0.888659
v 0.592560 -0.187311 0.903856
v 0.582205 -0.190076 0.919353
v 0.585057 0.192075 0.921693
v 0.598236 0.189311 0.908514
v 0.611160 0.184733 0.895590
v 0.623705 0.178385 0.883045
v 0.635749 0.170329 0.871001
v 0.647177 0.160642 0.859573
v 0.657878 0.149418 0.848872
v 0.667750 0.136764 0.839000
v 0.676697 0.122804 0.830053
v 0.684634 0.107670 0.822116
v 0.691484 0.091508 0.815267
v 0.697180 0.074475 0.809570
v 0.701669 0.056735 0.805082
v 0.704906 0.038457 0.801844
v 0.706861 0.019819 0.799889
v 0.707515 0.001000 0.799236
v 0.706861 -0.017819 0.799889
v 0.704906 -0.036457 0.801844
v 0.701669 -0.054735 0.805082
v 0.697180 -0.072475 0.809570
v 0.691484 -0.089508 0.815267
v 0.684634 -0.105670 0.822116
v 0.676697 -0.120804 0.830053
v 0.667750 -0.134765 0.839000
v 0.657878 -0.147418 0.848872
v 0.647177 -0.158642 0.859573
v 0.635749 -0.168329 0.871001
v 0.623705 -0.176385 0.883045
v 0.611160 -0.182733 0.895590
v 0.598236 -0.187311 0.908514
v 0.585057 -0.190076 0.921693
v 0.587398 0.192075 0.924545
v 0.602895 0.189311 0.914190
v 0.618092 0.184733 0.904036
v 0.632842 0.178385 0.894180
v 0.647005 0.170329 0.884717
v 0.660442 0.160642 0.875738
v 0.673026 0.149418 0.867330
v 0.684634 0.136764 0.859573
v 0.695155 0.122804 0.852544
v 0.704488 0.107670 0.846308
v 0.712542 0.091508 0.840926
v 0.719240 0.074475 0.836450
v 0.724518 0.056735 0.832924
v 0.728325 0.038457 0.830380
v 0.730623 0.019819 0.828844
v 0.731392 0.001000 0.828331
v 0.730623 -0.017819 0.828844
v 0.728325 -0.036457 0.830380
v 0.724518 -0.054735 0.832924
v 0.719240 -0.072475 0.836450
v 0.712542 -0.089508 0.840926
v 0.704488 -0.105670 0.846308
v 0.695155 -0.120804 0.852544
v 0.684634 -0.134765 0.859573
v 0.673026 -0.147418 0.867330
v 0.660442 -0.158642 0.875738
v 0.647005 -0.168329 0.884717
v 0.632842 -0.176385 0.894180
v 0.618092 -0.182733 0.904036
v 0.602895 -0.187311 0.914190
v 0.587398 -0.190076 0.924545
v 0.589137 0.192075 0.927798
v 0.606356 0.189311 0.920666
v 0.623242 0.184733 0.913671
v 0.639632 0.178385 0.906882
v 0.655369 0.170329 0.900364
v 0.670300 0.160642 0.894180
v 0.684282 0.149418 0.888388
v 0.697180 0.136764 0.883045
v 0.708870 0.122804 0.878203
v 0.719240 0.107670 0.873908
v 0.728189 0.091508 0.870201
v 0.735632 0.074475 0.867118
v 0.741497 0.056735 0.864689
v 0.745727 0.038457 0.862937
v 0.748281 0.019819 0.861879
v 0.749135 0.001000 0.861525
v 0.748281 -0.017819 0.861879
v 0.745727 -0.036457 0.862937
v 0.741497 -0.054735 0.864689
v 0.735632 -0.072475 0.867118
v 0.728189 -0.089508 0.870201
v 0.719240 -0.105670 0.873908
v 0.708870 -0.120804 0.878203
v 0.697180 -0.134765 0.883045
v 0.684282 -0.147418 0.888388
v 0.670300 -0.158642 0.894180
v 0.655369 -0.168329 0.900364
v 0.639632 -0.176385 0.906882
v 0.623242 -0.182733 0.913671
v 0.606356 -0.187311 0.920666
v 0.589137 -0.190076 0.927798
v 0.590208 0.192075 0.931329
v 0.608488 0.189311 0.927693
v 0.626414 0.184733 0.924127
v 0.643813 0.178385 0.920666
v 0.660519 0.170329 0.917343
v 0.676370 0.160642 0.914190
v 0.691213 0.149418 0.911237
v 0.704906 0.136764 0.908514
v 0.717316 0.122804 0.906045
v 0.728325 0.107670 0.903856
v 0.737825 0.091508 0.901966
v 0.745727 0.074475 0.900394
v 0.751952 0.056735 0.899156
v 0.756442 0.038457 0.898263
v 0.759154 0.019819 0.897723
v 0.760061 0.001000 0.897543
v 0.759154 -0.017819 0.897723
v 0.756442 -0.036457 0.898263
v 0.751952 -0.054735 0.899156
v 0.745727 -0.072475 0.900394
v 0.737825 -0.089508 0.901966
v 0.728325 -0.105670 0.903856
v 0.717316 -0.120804 0.906045
v 0.704906 -0.134765 0.908514
v 0.691213 -0.147418 0.911237
v 0.676370 -0.158642 0.914190
v 0.660519 -0.168329 0.917343
v 0.643813 -0.176385 0.920666
v 0.626414 -0.182733 0.924127
v 0.608488 -0.187311 0.927693
v 0.590208 -0.190076 0.931329
v 0.590569 0.192075 0.935000
v 0.609207 0.189311 0.935000
v 0.627485 0.184733 0.935000
v 0.645225 0.178385 0.935000
v 0.662258 0.170329 0.935000
v 0.678420 0.160642 0.935000
v 0.693554 0.149418 0.935000
v 0.707515 0.136764 0.935000
v 0.720168 0.122804 0.935000
v 0.731392 0.107670 0.935000
v 0.741079 0.091508 0.935000
v 0.749135 0.074475 0.935000
v 0.755483 0.056735 0.935000
v 0.760061 0.038457 0.935000
v 0.762825 0.019819 0.935000
v 0.763750 0.001000 0.935000
v 0.762825 -0.017819 0.935000
v 0.760061 -0.036457 0.935000
v 0.755483 -0.054735 0.935000
v 0.749135 -0.072475 0.935000
v 0.741079 -0.089508 0.935000
v 0.731392 -0.105670 0.935000
v 0.720168 -0.120804 0.935000
v 0.707515 -0.134765 0.935000
v 0.693554 -0.147418 0.935000
v 0.678420 -0.158642 0.935000
v 0.662258 -0.168329 0.935000
v 0.645225 -0.176385 0.935000
v 0.627485 -0.182733 0.935000
v 0.609207 -0.187311 0.935000
v 0.590569 -0.190076 0.935000
v 0.590208 0.192075 0.938672
v 0.608488 0.189311 0.942308
v 0.626414 0.184733 0.945873
v 0.643813 0.178385 0.949334
v 0.660519 0.170329 0.952657
v 0.676370 0.160642 0.955810
v 0.691213 0.149418 0.958763
v 0.704906 0.136764 0.961486
v 0.717316 0.122804 0.963955
v 0.728325 0.107670 0.966145
v 0.737825 0.091508 0.968035
v 0.745727 0.074475 0.969606
v 0.751952 0.056735 0.970845
v 0.756442 0.038457 0.971738
v 0.759154 0.019819 0.972277
v 0.760061 0.001000 0.972458
v 0.759154 -0.017819 0.972277
v 0.756442 -0.036457 0.971738
v 0.751952 -0.054735 0.970845
v 0.745727 -0.072475 0.969606
v 0.737825 -0.089508 0.968035
v 0.728325 -0.105670 0.966145
v 0.717316 -0.120804 0.963955
v 0.704906 -0.134765 0.961486
v 0.691213 -0.147418 0.958763
v 0.676370 -0.158642 0.955810
v 0.660519 -0.168329 0.952657
v 0.643813 -0.176385 0.949334
v 0.626414 -0.182733 0.945873
v 0.608488 -0.187311 0.942308
v 0.590208 -0.190076 0.938672
v 0.589137 0.192075 0.942202
v 0.606356 0.189311 0.949334
v 0.623242 0.184733 0.956329
v 0.639632 0.178385 0.963118
v 0.655369 0.170329 0.969636
v 0.670300 0.160642 0.975821
v 0.684282 0.149418 0.981612
v 0.697180 0.136764 0.986955
v 0.708870 0.122804 0.991797
v 0.719240 0.107670 0.996092
v 0.728189 0.091508 0.999799
v 0.735632 0.074475 1.002882
v 0.741497 0.056735 1.005312
v 0.745726 0.038457 1.007064
v 0.748281 0.019819 1.008122
v 0.749135 0.001000 1.008475
v 0.748281 -0.017819 1.008122
v 0.745726 -0.036457 1.007064
v 0.741497 -0.054735 1.005312
v 0.735632 -0.072475 1.002882
v 0.728189 -0.089508 0.999799
v 0.719240 -0.105670 0.996092
v 0.708870 -0.120804 0.991797
v 0.697180 -0.134765 0.986955
v 0.684282 -0.147418 0.981612
v 0.670300 -0.158642 0.975821
v 0.655369 -0.168329 0.969636
v 0.639632 -0.176385 0.963118
v 0.623242 -0.182733 0.956329
v 0.606356 -0.187311 0.949334
v 0.589137 -0.190076 0.942202
v 0.587398 0.192075 0.945456
v 0.602895 0.189311 0.955810
v 0.618092 0.184733 0.965965
v 0.632842 0.178385 0.975821
v 0.647005 0.170329 0.985284
v 0.660442 0.160642 0.994263
v 0.673026 0.149418 1.002671
v 0.684634 0.136764 1.010427
v 0.695155 0.122804 1.017457
v 0.704488 0.107670 1.023693
v 0.712542 0.091508 1.029074
v 0.719240 0.074475 1.033550
v 0.724518 0.056735 1.037076
v 0.728325 0.038457 1.039620
v 0.730623 0.019819 1.041156
v 0.731392 0.001000 1.041670
v 0.730623 -0.017819 1.041156
v 0.728325 -0.036457 1.039620
v 0.724518 -0.054735 1.037076
v 0.719240 -0.072475 1.033550
v 0.712542 -0.089508 1.029074
v 0.704488 -0.105670 1.023693
v 0.695155 -0.120804 1.017457
v 0.684634 -0.134765 1.010427
v 0.673026 -0.147418 1.002671
v 0.660442 -0.158642 0.994263
v 0.647005 -0.168329 0.985284
v 0.632842 -0.176385 0.975821
v 0.618092 -0.182733 0.965965
v 0.602895 -0.187311 0.955810
v 0.587398 -0.190076 0.945456
v 0.585057 0.192075 0.948307
v 0.598236 0.189311 0.961486
v 0.611160 0.184733 0.974410
v 0.623705 0.178385 0.986955
v 0.635749 0.170329 0.998999
v 0.647177 0.160642 1.010427
v 0.657878 0.149418 1.021128
v 0.667750 0.136764 1.031000
v 0.676697 0.122804 1.039948
v 0.684634 0.107670 1.047884
v 0.691484 0.091508 1.054734
v 0.697180 0.074475 1.060430
v 0.701669 0.056735 1.064919
v 0.704906 0.038457 1.068156
v 0.706861 0.019819 1.070111
v 0.707514 0.001000 1.070765
v 0.706861 -0.017819 1.070111
v 0.704906 -0.036457 1.068156
v 0.701669 -0.054735 1.064919
v 0.697180 -0.072475 1.060430
v 0.691484 -0.089508 1.054734
v 0.684634 -0.105670 1.047884
v 0.676697 -0.120804 1.039948
v 0.667750 -0.134765 1.031000
v 0.657878 -0.147418 1.021128
v 0.647177 -0.158642 1.010427
v 0.635749 -0.168329 0.998999
v 0.623705 -0.176385 0.986955
v 0.611160 -0.182733 0.974410
v 0.598236 -0.187311 0.961486
v 0.585057 -0.190076 0.948307
v 0.582205 0.192075 0.950648
v 0.592560 0.189311 0.966145
v 0.602714 0.184733 0.981342
v 0.612571 0.178385 0.996092
v 0.622034 0.170329 1.010255
v 0.631012 0.160642 1.023693
v 0.639420 0.149418 1.036276
v 0.647177 0.136764 1.047884
v 0.654207 0.122804 1.058405
v 0.660442 0.107670 1.067738
v 0.665824 0.091508 1.075792
v 0.670300 0.074475 1.082490
v 0.673826 0.056735 1.087768
v 0.676370 0.038457 1.091575
v 0.677906 0.019819 1.093874
v 0.678419 0.001000 1.094642
v 0.677906 -0.017819 1.093874
v 0.676370 -0.036457 1.091575
v 0.673826 -0.054735 1.087768
v 0.670300 -0.072475 1.082490
v 0.665824 -0.089508 1.075792
v 0.660442 -0.105670 1.067738
v 0.654207 -0.120804 1.058405
v 0.647177 -0.134765 1.047884
v 0.639420 -0.147418 1.036276
v 0.631012 -0.158642 1.023693
v 0.622034 -0.168329 1.010255
v 0.612571 -0.176385 0.996092
v 0.602714 -0.182733 0.981342
v 0.592560 -0.187311 0.966145
v 0.582205 -0.190076 0.950648
v 0.578952 0.192075 0.952387
v 0.586084 0.189311 0.969606
v 0.593079 0.184733 0.986492
v 0.599868 0.178385 1.002882
v 0.606386 0.170329 1.018619
v 0.612571 0.160642 1.033550
v 0.618362 0.149418 1.047532
v 0.623705 0.136764 1.060430
v 0.628547 0.122804 1.072121
v 0.632842 0.107670 1.082490
v 0.636549 0.091508 1.091440
v 0.639632 0.074475 1.098882
v 0.642061 0.056735 1.104747
v 0.643813 0.038457 1.108977
v 0.644871 0.019819 1.111531
v 0.645225 0.001000 1.112385
v 0.644871 -0.017819 1.111531
v 0.643813 -0.036457 1.108977
v 0.642061 -0.054735 1.104747
v 0.639632 -0.072475 1.098882
v 0.636549 -0.089508 1.091440
v 0.632842 -0.105670 1.082490
v 0.628547 -0.120804 1.072121
v 0.623705 -0.134765 1.060430
v 0.618362 -0.147418 1.047532
v 0.612571 -0.158642 1.033550
v 0.606386 -0.168329 1.018619
v 0.599868 -0.176385 1.002882
v 0.593079 -0.182733 0.986492
v 0.586084 -0.187311 0.969606
v 0.578952 -0.190076 0.952387
v 0.575421 0.192075 0.953458
v 0.579058 0.189311 0.971738
v 0.582623 0.184733 0.989664
v 0.586084 0.178385 1.007064
v 0.589407 0.170329 1.023769
v 0.592560 0.160642 1.039620
v 0.595513 0.149418 1.054463
v 0.598236 0.136764 1.068156
v 0.600705 0.122804 1.080566
v 0.602895 0.107670 1.091575
v 0.604784 0.091508 1.101075
v 0.606356 0.074475 1.108977
v 0.607594 0.056735 1.115202
v 0.608488 0.038457 1.119693
v 0.609027 0.019819 1.122404
v 0.609207 0.001000 1.123311
v 0.609027 -0.017819 1.122404
v 0.608488 -0.036457 1.119693
v 0.607594 -0.054735 1.115202
v 0.606356 -0.072475 1.108977
v 0.604784 -0.089508 1.101075
v 0.602895 -0.105670 1.091575
v 0.600705 -0.120804 1.080566
v 0.598236 -0.134765 1.068156
v 0.595513 -0.147418 1.054463
v 0.592560 -0.158642 1.039620
v 0.589407 -0.168329 1.023769
v 0.586084 -0.176385 1.007064
v 0.582623 -0.182733 0.989664
v 0.579058 -0.187311 0.971738
v 0.575421 -0.190076 0.953458
v 0.571750 0.192075 0.953819
v 0.571750 0.189311 0.972457
v 0.571750 0.184733 0.990735
v 0.571750 0.178385 1.008475
v 0.571750 0.170329 1.025508
v 0.571750 0.160642 1.041670
v 0.571750 0.149418 1.056804
v 0.571750 0.136764 1.070765
v 0.571750 0.122804 1.083418
v 0.571750 0.107670 1.094642
v 0.571750 0.091508 1.104329
v 0.571750 0.074475 1.112385
v 0.571750 0.056735 1.118733
v 0.571750 0.038457 1.123311
v 0.571750 0.019819 1.126076
v 0.571750 0.001000 1.127000
v 0.571750 -0.017819 1.126076
v 0.571750 -0.036457 1.123311
v 0.571750 -0.054735 1.118733
v 0.571750 -0.072475 1.112385
v 0.571750 -0.089508 1.104329
v 0.571750 -0.105670 1.094642
v 0.571750 -0.120804 1.083418
v 0.571750 -0.134765 1.070765
v 0.571750 -0.147418 1.056804
v 0.571750 -0.158642 1.041670
v 0.571750 -0.168329 1.025508
v 0.571750 -0.176385 1.008475
v 0.571750 -0.182733 0.990735
v 0.571750 -0.187311 0.972457
v 0.571750 -0.190076 0.953819
v 0.571750 -0.191000 0.935000
v 0.571750 0.193000 0.935000
v 0.568079 0.192075 0.953458
v 0.564442 0.189311 0.971738
v 0.560877 0.184733 0.989664
v 0.557416 0.178385 1.007064
v 0.554093 0.170329 1.023769
v 0.550940 0.160642 1.039620
v 0.547987 0.149418 1.054463
v 0.545264 0.136764 1.068156
v 0.542795 0.122804 1.080566
v 0.540605 0.107670 1.091575
v 0.538716 0.091508 1.101075
v 0.537144 0.074475 1.108977
v 0.535906 0.056735 1.115202
v 0.535012 0.038457 1.119693
v 0.534473 0.019819 1.122404
v 0.534293 0.001000 1.123311
v 0.534473 -0.017819 1.122404
v 0.535012 -0.036457 1.119693
v 0.535906 -0.054735 1.115202
v 0.537144 -0.072475 1.108977
v 0.538716 -0.089508 1.101075
v 0.540605 -0.105670 1.091575
v 0.542795 -0.120804 1.080566
v 0.545264 -0.134765 1.068156
v 0.547987 -0.147418 1.054463
v 0.550940 -0.158642 1.039620
v 0.554093 -0.168329 1.023769
v 0.557416 -0.176385 1.007064
v 0.560877 -0.182733 0.989664
v 0.564442 -0.187311 0.971738
v 0.568079 -0.190076 0.953458
v 0.564548 0.192075 0.952387
v 0.557416 0.189311 0.969606
v 0.550421 0.184733 0.986492
v 0.543632 0.178385 1.002882
v 0.537114 0.170329 1.018619
v 0.530929 0.160642 1.033550
v 0.525138 0.149418 1.047532
v 0.519795 0.136764 1.060430
v 0.514953 0.122804 1.072121
v 0.510658 0.107670 1.082490
v 0.506951 0.091508 1.091440
v 0.503868 0.074475 1.098882
v 0.501439 0.056735 1.104747
v 0.499687 0.038457 1.108977
v 0.498629 0.019819 1.111531
v 0.498275 0.001000 1.112385
v 0.498629 -0.017819 1.111531
v 0.499687 -0.036457 1.108977
v 0.501439 -0.054735 1.104747
v 0.503868 -0.072475 1.098882
v 0.506951 -0.089508 1.091440
v 0.510658 -0.105670 1.082490
v 0.514953 -0.120804 1.072121
v 0.519795 -0.134765 1.060430
v 0.525138 -0.147418 1.047532
v 0.530929 -0.158642 1.033550
v 0.537114 -0.168329 1.018619
v 0.543632 -0.176385 1.002882
v 0.550421 -0.182733 0.986492
v 0.557416 -0.187311 0.969606
v 0.564548 -0.190076 0.952387
v 0.561295 0.192075 0.950648
v 0.550940 0.189311 0.966145
v 0.540785 0.184733 0.981342
v 0.530929 0.178385 0.996092
v 0.521466 0.170329 1.010255
v 0.512488 0.160642 1.023693
v 0.504080 0.149418 1.036276
v 0.496323 0.136764 1.047884
v 0.489293 0.122804 1.058405
v 0.483058 0.107670 1.067738
v 0.477676 0.091508 1.075792
v 0.473200 0.074475 1.082490
v 0.469674 0.056735 1.087768
v 0.467130 0.038457 1.091575
v 0.465594 0.019819 1.093874
v 0.465081 0.001000 1.094642
v 0.465594 -0.017819 1.093874
v 0.467130 -0.036457 1.091575
v 0.469674 -0.054735 1.087768
v 0.473200 -0.072475 1.082490
v 0.477676 -0.089508 1.075792
v 0.483058 -0.105670 1.067738
v 0.489293 -0.120804 1.058405
v 0.496323 -0.134765 1.047884
v 0.504080 -0.147418 1.036276
v 0.512488 -0.158642 1.023693
v 0.521466 -0.168329 1.010255
v 0.530929 -0.176385 0.996092
v 0.540785 -0.182733 0.981342
v 0.550940 -0.187311 0.966145
v 0.561295 -0.190076 0.950648
v 0.558443 0.192075 0.948307
v 0.545264 0.189311 0.961486
v 0.532340 0.184733 0.974410
v 0.519795 0.178385 0.986955
v 0.507751 0.170329 0.998999
v 0.496323 0.160642 1.010427
v 0.485622 0.149418 1.021128
v 0.475750 0.136764 1.031000
v 0.466803 0.122804 1.039948
v 0.458866 0.107670 1.047884
v 0.452016 0.091508 1.054734
v 0.446320 0.074475 1.060430
v 0.441831 0.056735 1.064919
v 0.438594 0.038457 1.068156
v 0.436639 0.019819 1.070111
v 0.435986 0.001000 1.070765
v 0.436639 -0.017819 1.070111
v 0.438594 -0.036457 1.068156
v 0.441831 -0.054735 1.064919
v 0.446320 -0.072475 1.060430
v 0.452016 -0.089508 1.054734
v 0.458866 -0.105670 1.047884
v 0.466803 -0.120804 1.039948
v 0.475750 -0.134765 1.031000
v 0.485622 -0.147418 1.021128
v 0.496323 -0.158642 1.010427
v 0.507751 -0.168329 0.998999
v 0.519795 -0.176385 0.986955
v 0.532340 -0.182733 0.974410
v 0.545264 -0.187311 0.961486
v 0.558443 -0.190076 0.948307
v 0.556102 0.192075 0.945456
v 0.540605 0.189311 0.955810
v 0.525408 0.184733 0.965965
v 0.510658 0.178385 0.975821
v 0.496495 0.170329 0.985284
v 0.483058 0.160642 0.994263
v 0.470474 0.149418 1.002671
v 0.458866 0.136764 1.010427
v 0.448345 0.122804 1.017457
v 0.439012 0.107670 1.023693
v 0.430958 0.091508 1.029074
v 0.424260 0.074475 1.033550
v 0.418982 0.056735 1.037076
v 0.415175 0.038457 1.039620
v 0.412877 0.019819 1.041156
v 0.412108 0.001000 1.041669
v 0.412877 -0.017819 1.041156
v 0.415175 -0.036457 1.039620
v 0.418982 -0.054735 1.037076
v 0.424260 -0.072475 1.033550
v 0.430958 -0.089508 1.029074
v 0.439012 -0.105670 1.023693
v 0.448345 -0.120804 1.017457
v 0.458866 -0.134765 1.010427
v 0.470474 -0.147418 1.002671
v 0.483058 -0.158642 0.994263
v 0.496495 -0.168329 0.985284
v 0.510658 -0.176385 0.975821
v 0.525408 -0.182733 0.965965
v 0.540605 -0.187311 0.955810
v 0.556102 -0.190076 0.945456
v 0.554363 0.192075 0.942202
v 0.537144 0.189311 0.949334
v 0.520258 0.184733 0.956329
v 0.503868 0.178385 0.963118
v 0.488131 0.170329 0.969636
v 0.473200 0.160642 0.975821
v 0.459218 0.149418 0.981612
v 0.446320 0.136764 0.986955
v 0.434630 0.122804 0.991797
v 0.424260 0.107670 0.996092
v 0.415311 0.091508 0.999799
v 0.407868 0.074475 1.002882
v 0.402003 0.056735 1.005311
v 0.397774 0.038457 1.007064
v 0.395219 0.019819 1.008122
v 0.394365 0.001000 1.008475
v 0.395219 -0.017819 1.008122
v 0.397774 -0.036457 1.007064
v 0.402003 -0.054735 1.005311
v 0.407868 -0.072475 1.002882
v 0.415311 -0.089508 0.999799
v 0.424260 -0.105670 0.996092
v 0.434630 -0.120804 0.991797
v 0.446320 -0.134765 0.986955
v 0.459218 -0.147418 0.981612
v 0.473200 -0.158642 0.975821
v 0.488131 -0.168329 0.969636
v 0.503868 -0.176385 0.963118
v 0.520258 -0.182733 0.956329
v 0.537144 -0.187311 0.949334
v 0.554363 -0.190076 0.942202
v 0.553292 0.192075 0.938672
v 0.535012 0.189311 0.942308
v 0.517086 0.184733 0.945873
v 0.499687 0.178385 0.949334
v 0.482981 0.170329 0.952657
v 0.467130 0.160642 0.955810
v 0.452287 0.149418 0.958763
v 0.438594 0.136764 0.961486
v 0.426184 0.122804 0.963955
v 0.415175 0.107670 0.966145
v 0.405675 0.091508 0.968035
v 0.397774 0.074475 0.969606
v 0.391548 0.056735 0.970845
v 0.387058 0.038457 0.971738
v 0.384346 0.019819 0.972277
v 0.383439 0.001000 0.972457
v 0.384346 -0.017819 0.972277
v 0.387058 -0.036457 0.971738
v 0.391548 -0.054735 0.970845
v 0.397774 -0.072475 0.969606
v 0.405675 -0.089508 0.968035
v 0.415175 -0.105670 0.966145
v 0.426184 -0.120804 0.963955
v 0.438594 -0.134765 0.961486
v 0.452287 -0.147418 0.958763
v 0.467130 -0.158642 0.955810
v 0.482981 -0.168329 0.952657
v 0.499687 -0.176385 0.949334
v 0.517086 -0.182733 0.945873
v 0.535012 -0.187311 0.942308
v 0.553292 -0.190076 0.938672
v 0.552931 0.192075 0.935000
v 0.534293 0.189311 0.935000
v 0.516015 0.184733 0.935000
v 0.498275 0.178385 0.935000
v 0.481242 0.170329 0.935000
v 0.465081 0.160642 0.935000
v 0.449947 0.149418 0.935000
v 0.435986 0.136764 0.935000
v 0.423332 0.122804 0.935000
v 0.412108 0.107670 0.935000
v 0.402421 0.091508 0.935000
v 0.394365 0.074475 0.935000
v 0.388018 0.056735 0.935000
v 0.383439 0.038457 0.935000
v 0.380675 0.019819 0.935000
v 0.379750 0.001000 0.935000
v 0.380675 -0.017819 0.935000
v 0.383439 -0.036457 0.935000
v 0.388018 -0.054735 0.935000
v 0.394365 -0.072475 0.935000
v 0.402421 -0.089508 0.935000
v 0.412108 -0.105670 0.935000
v 0.423332 -0.120804 0.935000
v 0.435986 -0.134765 0.935000
v 0.449947 -0.147418 0.935000
v 0.465081 -0.158642 0.935000
v 0.481242 -0.168329 0.935000
v 0.498275 -0.176385 0.935000
v 0.516015 -0.182733 0.935000
v 0.534293 -0.187311 0.935000
v 0.552931 -0.190076 0.935000
v 0.553292 0.192075 0.931329
v 0.535012 0.189311 0.927693
v 0.517086 0.184733 0.924127
v 0.499687 0.178385 0.920666
v 0.482981 0.170329 0.917343
v 0.467130 0.160642 0.914190
v 0.452287 0.149418 0.911237
v 0.438594 0.136764 0.908514
v 0.426184 0.122804 0.906045
v 0.415175 0.107670 0.903856
v 0.405675 0.091508 0.901966
v 0.397774 0.074475 0.900394
v 0.391548 0.056735 0.899156
v 0.387058 0.038457 0.898263
v 0.384346 0.019819 0.897723
v 0.383439 0.001000 0.897543
v 0.384346 -0.017819 0.897723
v 0.387058 -0.036457 0.898263
v 0.391548 -0.054735 0.899156
v 0.397774 -0.072475 0.900394
v 0.405675 -0.089508 0.901966
v 0.415175 -0.105670 0.903856
v 0.426184 -0.120804 0.906045
v 0.438594 -0.134765 0.908514
v 0.452287 -0.147418 0.911237
v 0.467130 -0.158642 0.914190
v 0.482981 -0.168329 0.917343
v 0.499687 -0.176385 0.920666
v 0.517086 -0.182733 0.924127
v 0.535012 -0.187311 0.927693
v 0.553292 -0.190076 0.931329
v 0.554363 0.192075 0.927798
v 0.537144 0.189311 0.920666
v 0.520258 0.184733 0.913671
v 0.503868 0.178385 0.906882
v 0.488131 0.170329 0.900364
v 0.473200 0.160642 0.894180
v 0.459218 0.149418 0.888388
v 0.446320 0.136764 0.883045
v 0.434630 0.122804 0.878203
v 0.424260 0.107670 0.873908
v 0.415311 0.091508 0.870201
v 0.407868 0.074475 0.867118
v 0.402003 0.056735 0.864689
v 0.397774 0.038457 0.862937
v 0.395219 0.019819 0.861879
v 0.394365 0.001000 0.861525
v 0.395219 -0.017819 0.861879
v 0.397774 -0.036457 0.862937
v 0.402003 -0.054735 0.864689
v 0.407868 -0.072475 0.867118
v 0.415311 -0.089508 0.870201
v 0.424260 -0.105670 0.873908
v 0.434630 -0.120804 0.878203
v 0.446320 -0.134765 0.883045
v 0.459218 -0.147418 0.888388
v 0.473200 -0.158642 0.894180
v 0.488131 -0.168329 0.900364
v 0.503868 -0.176385 0.906882
v 0.520258 -0.182733 0.913671
v 0.537144 -0.187311 0.920666
v 0.554363 -0.190076 0.927798
v 0.556102 0.192075 0.924545
v 0.540605 0.189311 0.914190
v 0.525408 0.184733 0.904036
v 0.510658 0.178385 0.894180
v 0.496495 0.170329 0.884717
v 0.483058 0.160642 0.875738
v 0.470474 0.149418 0.867330
v 0.458866 0.136764 0.859573
v 0.448345 0.122804 0.852544
v 0.439012 0.107670 0.846308
v 0.430958 0.091508 0.840926
v 0.424260 0.074475 0.836450
v 0.418982 0.056735 0.832924
v 0.415175 0.038457 0.830380
v 0.412877 0.019819 0.828844
v 0.412108 0.001000 0.828331
v 0.412877 -0.017819 0.828844
v 0.415175 -0.036457 0.830380
v 0.418982 -0.054735 0.832924
v 0.424260 -0.072475 0.836450
v 0.430958 -0.089508 0.840926
v 0.439012 -0.105670 0.846308
v 0.448345 -0.120804 0.852544
v 0.458866 -0.134765 0.859573
v 0.470474 -0.147418 0.867330
v 0.483058 -0.158642 0.875738
v 0.496495 -0.168329 0.884717
v 0.510658 -0.176385 0.894180
v 0.525408 -0.182733 0.904036
v 0.540605 -0.187311 0.914190
v 0.556102 -0.190076 0.924545
v 0.558443 0.192075 0.921693
v 0.545264 0.189311 0.908514
v 0.532340 0.184733 0.895590
v 0.519795 0.178385 0.883045
v 0.507751 0.170329 0.871001
v 0.496323 0.160642 0.859574
v 0.485622 0.149418 0.848872
v 0.475750 0.136764 0.839000
v 0.466803 0.122804 0.830053
v 0.458866 0.107670 0.822116
v 0.452017 0.091508 0.815267
v 0.446320 0.074475 0.809570
v 0.441832 0.056735 0.805082
v 0.438594 0.038457 0.801844
v 0.436639 0.019819 0.799890
v 0.435986 0.001000 0.799236
v 0.436639 -0.017819 0.799890
v 0.438594 -0.036457 0.801844
v 0.441832 -0.054735 0.805082
v 0.446320 -0.072475 0.809570
v 0.452017 -0.089508 0.815267
v 0.458866 -0.105670 0.822116
v 0.466803 -0.120804 0.830053
v 0.475750 -0.134765 0.839000
v 0.485622 -0.147418 0.848872
v 0.496323 -0.158642 0.859574
v 0.507751 -0.168329 0.871001
v 0.519795 -0.176385 0.883045
v 0.532340 -0.182733 0.895590
v 0.545264 -0.187311 0.908514
v 0.558443 -0.190076 0.921693
v 0.561295 0.192075 0.919353
v 0.550940 0.189311 0.903856
v 0.540786 0.184733 0.888659
v 0.530929 0.178385 0.873908
v 0.521466 0.170329 0.859745
v 0.512488 0.160642 0.846308
v 0.504080 0.149418 0.833724
v 0.496323 0.136764 0.822116
v 0.489293 0.122804 0.811595
v 0.483058 0.107670 0.802263
v 0.477676 0.091508 0.794208
v 0.473200 0.074475 0.787510
v 0.469674 0.056735 0.782232
v 0.467130 0.038457 0.778426
v 0.465594 0.019819 0.776127
v 0.465081 0.001000 0.775358
v 0.465594 -0.017819 0.776127
v 0.467130 -0.036457 0.778426
v 0.469674 -0.054735 0.782232
v 0.473200 -0.072475 0.787510
v 0.477676 -0.089508 0.794208
v 0.483058 -0.105670 0.802263
v 0.489293 -0.120804 0.811595
v 0.496323 -0.134765 0.822116
v 0.504080 -0.147418 0.833724
v 0.512488 -0.158642 0.846308
v 0.521466 -0.168329 0.859745
v 0.530929 -0.176385 0.873908
v 0.540786 -0.182733 0.888659
v 0.550940 -0.187311 0.903856
v 0.561295 -0.190076 0.919353
v 0.564548 0.192075 0.917613
v 0.557416 0.189311 0.900394
v 0.550421 0.184733 0.883508
v 0.543632 0.178385 0.867118
v 0.537114 0.170329 0.851382
v 0.530929 0.160642 0.836451
v 0.525138 0.149418 0.822469
v 0.519795 0.136764 0.809570
v 0.514953 0.122804 0.797880
v 0.510658 0.107670 0.787510
v 0.506951 0.091508 0.778561
v 0.503868 0.074475 0.771118
v 0.501439 0.056735 0.765253
v 0.499687 0.038457 0.761024
v 0.498629 0.019819 0.758470
v 0.498275 0.001000 0.757615
v 0.498629 -0.017819 0.758470
v 0.499687 -0.036457 0.761024
v 0.501439 -0.054735 0.765253
v 0.503868 -0.072475 0.771118
v 0.506951 -0.089508 0.778561
v 0.510658 -0.105670 0.787510
v 0.514953 -0.120804 0.797880
v 0.519795 -0.134765 0.809570
v 0.525138 -0.147418 0.822469
v 0.530929 -0.158642 0.836451
v 0.537114 -0.168329 0.851382
v 0.543632 -0.176385 0.867118
v 0.550421 -0.182733 0.883508
v 0.557416 -0.187311 0.900394
v 0.564548 -0.190076 0.917613
v 0.568079 0.192075 0.916543
v 0.564443 0.189311 0.898263
v 0.560877 0.184733 0.880336
v 0.557416 0.178385 0.862937
v 0.554093 0.170329 0.846231
v 0.550940 0.160642 0.830380
v 0.547987 0.149418 0.815537
v 0.545264 0.136764 0.801844
v 0.542795 0.122804 0.789434
v 0.540605 0.107670 0.778426
v 0.538716 0.091508 0.768925
v 0.537144 0.074475 0.761024
v 0.535906 0.056735 0.754798
v 0.535012 0.038457 0.750308
v 0.534473 0.019819 0.747596
v 0.534293 0.001000 0.746690
v 0.534473 -0.017819 0.747596
v 0.535012 -0.036457 0.750308
v 0.535906 -0.054735 0.754798
v 0.537144 -0.072475 0.761024
v 0.538716 -0.089508 0.768925
v 0.540605 -0.105670 0.778426
v 0.542795 -0.120804 0.789434
v 0.545264 -0.134765 0.801844
v 0.547987 -0.147418 0.815537
v 0.550940 -0.158642 0.830380
v 0.554093 -0.168329 0.846231
v 0.557416 -0.176385 0.862937
v 0.560877 -0.182733 0.880336
v 0.564443 -0.187311 0.898263
v 0.568079 -0.190076 0.916543
v 0.571750 0.192075 0.916181
v 0.571750 0.189311 0.897543
v 0.571750 0.184733 0.879266
v 0.571750 0.178385 0.861525
v 0.571750 0.170329 0.844492
v 0.571750 0.160642 0.828331
v 0.571750 0.136764 0.799236
v 0.571750 0.107670 0.775358
v 0.571750 0.091508 0.765671
v 0.571750 0.001000 0.743000
v 0.571750 -0.054735 0.751268
v 0.571750 -0.072475 0.757615
v 0.571750 -0.134765 0.799236
v 0.571750 -0.176385 0.861525
v 0.571750 -0.182733 0.879266
v 0.214871 0.106085 -0.529152
v 0.190062 0.065898 -0.543566
v 0.177905 0.018573 -0.550687
v 0.179717 -0.030763 -0.549745
v 0.195303 -0.076764 -0.540841
v 0.222973 -0.114444 -0.524941
v 0.259729 -0.139719 -0.503766
v 0.301588 -0.149853 -0.479612
v 0.344013 -0.143745 -0.455097
v 0.382408 -0.122058 -0.432877
v 0.412611 -0.087142 -0.415359
v 0.431350 -0.042781 -0.404442
v 0.436594 0.006218 -0.401310
v 0.427774 0.054546 -0.406301
v 0.405847 0.096964 -0.418875
v 0.373189 0.128877 -0.437668
v 0.333338 0.146827 -0.460646
v 0.290613 0.148867 -0.485317
v 0.249645 0.134777 -0.509008
v 0.239878 0.106177 -0.572449
v 0.215068 0.065990 -0.586863
v 0.202911 0.018664 -0.593985
v 0.204723 -0.030672 -0.593043
v 0.220309 -0.076672 -0.584139
v 0.247979 -0.114352 -0.568238
v 0.284735 -0.139628 -0.547064
v 0.326594 -0.149761 -0.522910
v 0.369019 -0.143653 -0.498395
v 0.407414 -0.121966 -0.476174
v 0.437617 -0.087050 -0.458656
v 0.456356 -0.042689 -0.447740
v 0.461600 0.006310 -0.444607
v 0.452781 0.054637 -0.449598
v 0.430854 0.097056 -0.462172
v 0.398195 0.128969 -0.480966
v 0.358344 0.146918 -0.503943
v 0.315620 0.148959 -0.528614
v 0.274651 0.134869 -0.552306
v 0.239875 0.106176 -0.572446
v 0.215066 0.065989 -0.586860
v 0.202910 0.018664 -0.593983
v 0.204723 -0.030672 -0.593042
v 0.220310 -0.076672 -0.584139
v 0.247981 -0.114352 -0.568239
v 0.284737 -0.139628 -0.547066
v 0.326596 -0.149761 -0.522913
v 0.369022 -0.143652 -0.498398
v 0.407417 -0.121965 -0.476177
v 0.437620 -0.087049 -0.458659
v 0.456358 -0.042688 -0.447742
v 0.461601 0.006311 -0.444609
v 0.452781 0.054638 -0.449599
v 0.430853 0.097057 -0.462171
v 0.398194 0.128970 -0.480964
v 0.358342 0.146919 -0.503941
v 0.315617 0.148959 -0.528611
v 0.274648 0.134869 -0.552302
v 0.264881 0.106269 -0.615744
v 0.240072 0.066083 -0.630158
v 0.227915 0.018757 -0.637281
v 0.229729 -0.030579 -0.636339
v 0.245315 -0.076579 -0.627437
v 0.272986 -0.114259 -0.611537
v 0.309743 -0.139535 -0.590364
v 0.351602 -0.149667 -0.566211
v 0.394028 -0.143559 -0.541696
v 0.432422 -0.121872 -0.519475
v 0.462625 -0.086956 -0.501957
v 0.481363 -0.042595 -0.491040
v 0.486607 0.006404 -0.487907
v 0.477786 0.054731 -0.492897
v 0.455858 0.097150 -0.505469
v 0.423199 0.129063 -0.524262
v 0.383348 0.147012 -0.547239
v 0.340623 0.149052 -0.571909
v 0.299654 0.134962 -0.595600
v 0.264885 0.106271 -0.615747
v 0.240075 0.066085 -0.630161
v 0.227918 0.018760 -0.637283
v 0.229729 -0.030577 -0.636341
v 0.245315 -0.076577 -0.627438
v 0.272984 -0.114257 -0.611537
v 0.309740 -0.139534 -0.590363
v 0.351598 -0.149667 -0.566209
v 0.394023 -0.143560 -0.541693
v 0.432418 -0.121874 -0.519472
v 0.462622 -0.086958 -0.501954
v 0.481361 -0.042597 -0.491037
v 0.486605 0.006402 -0.487904
v 0.477787 0.054729 -0.492895
v 0.455860 0.097148 -0.505469
v 0.423202 0.129062 -0.524262
v 0.383352 0.147011 -0.547240
v 0.340627 0.149052 -0.571911
v 0.299658 0.134963 -0.595603
v 0.289891 0.106363 -0.659045
v 0.265082 0.066177 -0.673459
v 0.252924 0.018852 -0.680581
v 0.254736 -0.030485 -0.679639
v 0.270321 -0.076485 -0.670735
v 0.297991 -0.114165 -0.654835
v 0.334746 -0.139442 -0.633660
v 0.376605 -0.149575 -0.609506
v 0.419030 -0.143468 -0.584991
v 0.457425 -0.121782 -0.562770
v 0.487628 -0.086866 -0.545251
v 0.506368 -0.042505 -0.534334
v 0.511612 0.006494 -0.531202
v 0.502793 0.054821 -0.536192
v 0.480867 0.097240 -0.548766
v 0.448209 0.129153 -0.567560
v 0.408358 0.147103 -0.590538
v 0.365634 0.149144 -0.615209
v 0.324665 0.135055 -0.638900
v 0.289891 0.106364 -0.659043
v 0.265081 0.066178 -0.673457
v 0.252923 0.018852 -0.680579
v 0.254735 -0.030484 -0.679637
v 0.270320 -0.076484 -0.670734
v 0.297990 -0.114165 -0.654834
v 0.334746 -0.139441 -0.633660
v 0.376604 -0.149575 -0.609506
v 0.419030 -0.143467 -0.584991
v 0.457425 -0.121781 -0.562771
v 0.487629 -0.086866 -0.545253
v 0.506368 -0.042505 -0.534336
v 0.511613 0.006494 -0.531203
v 0.502794 0.054822 -0.536194
v 0.480867 0.097241 -0.548767
v 0.448209 0.129154 -0.567561
v 0.408358 0.147104 -0.590538
v 0.365633 0.149145 -0.615209
v 0.324664 0.135056 -0.638900
v 0.314897 0.106456 -0.702341
v 0.290087 0.066270 -0.716755
v 0.277929 0.018944 -0.723877
v 0.279741 -0.030392 -0.722935
v 0.295326 -0.076393 -0.714032
v 0.322996 -0.114073 -0.698131
v 0.359752 -0.139349 -0.676957
v 0.401610 -0.149483 -0.652804
v 0.444036 -0.143375 -0.628289
v 0.482431 -0.121689 -0.606068
v 0.512635 -0.086774 -0.588551
v 0.531374 -0.042413 -0.577634
v 0.536619 0.006586 -0.574501
v 0.527800 0.054914 -0.579492
v 0.505873 0.097332 -0.592065
v 0.473215 0.129246 -0.610859
v 0.433364 0.147196 -0.633836
v 0.390639 0.149237 -0.658506
v 0.349670 0.135148 -0.682197
v 0.314898 0.106457 -0.702343
v 0.290087 0.066271 -0.716756
v 0.277929 0.018945 -0.723878
v 0.279741 -0.030391 -0.722935
v 0.295326 -0.076391 -0.714031
v 0.322995 -0.114072 -0.698130
v 0.359751 -0.139348 -0.676956
v 0.401609 -0.149482 -0.652802
v 0.444035 -0.143374 -0.628287
v 0.482430 -0.121688 -0.606066
v 0.512634 -0.086773 -0.588549
v 0.531374 -0.042412 -0.577632
v 0.536618 0.006587 -0.574500
v 0.527800 0.054915 -0.579491
v 0.505873 0.097334 -0.592065
v 0.473216 0.129247 -0.610860
v 0.433365 0.147197 -0.633837
v 0.390640 0.149238 -0.658508
v 0.349671 0.135149 -0.682199
v 0.339904 0.106548 -0.745640
v 0.315094 0.066362 -0.760054
v 0.302936 0.019036 -0.767175
v 0.304747 -0.030300 -0.766233
v 0.320332 -0.076300 -0.757329
v 0.348002 -0.113980 -0.741428
v 0.384757 -0.139257 -0.720254
v 0.426616 -0.149390 -0.696100
v 0.469041 -0.143283 -0.671584
v 0.507436 -0.121597 -0.649364
v 0.537640 -0.086681 -0.631846
v 0.556380 -0.042321 -0.620930
v 0.561624 0.006678 -0.617798
v 0.552806 0.055006 -0.622789
v 0.530880 0.097425 -0.635363
v 0.498222 0.129338 -0.654157
v 0.458371 0.147288 -0.677135
v 0.415647 0.149329 -0.701806
v 0.374678 0.135240 -0.725497
v 0.339904 0.106549 -0.745641
v 0.315094 0.066363 -0.760055
v 0.302936 0.019038 -0.767176
v 0.304748 -0.030298 -0.766234
v 0.320333 -0.076299 -0.757330
v 0.348002 -0.113979 -0.741429
v 0.384757 -0.139255 -0.720254
v 0.426615 -0.149389 -0.696100
v 0.469041 -0.143282 -0.671584
v 0.507436 -0.121595 -0.649364
v 0.537639 -0.086680 -0.631846
v 0.556379 -0.042319 -0.620929
v 0.561624 0.006680 -0.617797
v 0.552805 0.055007 -0.622788
v 0.530879 0.097426 -0.635363
v 0.498221 0.129340 -0.654157
v 0.458371 0.147290 -0.677135
v 0.415646 0.149331 -0.701806
v 0.374678 0.135242 -0.725497
v 0.364910 0.106641 -0.788939
v 0.340100 0.066454 -0.803352
v 0.327942 0.019129 -0.810474
v 0.329754 -0.030207 -0.809532
v 0.345339 -0.076208 -0.800627
v 0.373008 -0.113888 -0.784726
v 0.409764 -0.139164 -0.763551
v 0.451622 -0.149298 -0.739397
v 0.494047 -0.143191 -0.714882
v 0.532442 -0.121504 -0.692661
v 0.562646 -0.086589 -0.675143
v 0.581386 -0.042228 -0.664227
v 0.586630 0.006771 -0.661095
v 0.577812 0.055099 -0.666086
v 0.555886 0.097517 -0.678660
v 0.523228 0.129431 -0.697454
v 0.483377 0.147381 -0.720432
v 0.440653 0.149422 -0.745103
v 0.399684 0.135333 -0.768795
v 0.364909 0.106642 -0.788938
v 0.340100 0.066456 -0.803352
v 0.327942 0.019130 -0.810474
v 0.329754 -0.030206 -0.809532
v 0.345339 -0.076207 -0.800628
v 0.373009 -0.113887 -0.784728
v 0.409764 -0.139163 -0.763553
v 0.451623 -0.149297 -0.739399
v 0.494048 -0.143189 -0.714884
v 0.532443 -0.121503 -0.692663
v 0.562646 -0.086588 -0.675145
v 0.581385 -0.042227 -0.664228
v 0.586630 0.006772 -0.661095
v 0.577811 0.055100 -0.666086
v 0.555885 0.097518 -0.678659
v 0.523227 0.129432 -0.697453
v 0.483376 0.147382 -0.720431
v 0.440652 0.149423 -0.745102
v 0.399683 0.135334 -0.768793
v 0.389916 0.106734 -0.832235
v 0.365106 0.066547 -0.846649
v 0.352948 0.019222 -0.853771
v 0.354760 -0.030114 -0.852829
v 0.370346 -0.076115 -0.843926
v 0.398015 -0.113795 -0.828025
v 0.434771 -0.139071 -0.806851
v 0.476629 -0.149205 -0.782697
v 0.519054 -0.143098 -0.758181
v 0.557449 -0.121411 -0.735960
v 0.587653 -0.086496 -0.718442
v 0.606392 -0.042135 -0.707525
v 0.611636 0.006864 -0.704392
v 0.602818 0.055191 -0.709383
v 0.580891 0.097610 -0.721957
v 0.548233 0.129524 -0.740751
v 0.508383 0.147474 -0.763728
v 0.465658 0.149515 -0.788399
v 0.424689 0.135426 -0.812091
v 0.389915 0.106734 -0.832235
v 0.365105 0.066548 -0.846649
v 0.352948 0.019223 -0.853771
v 0.354760 -0.030113 -0.852829
v 0.370345 -0.076114 -0.843925
v 0.398015 -0.113794 -0.828025
v 0.434770 -0.139070 -0.806850
v 0.476629 -0.149204 -0.782697
v 0.519054 -0.143097 -0.758181
v 0.557449 -0.121410 -0.735961
v 0.587653 -0.086495 -0.718443
v 0.606392 -0.042134 -0.707526
v 0.611637 0.006865 -0.704393
v 0.602818 0.055192 -0.709384
v 0.580891 0.097611 -0.721957
v 0.548233 0.129525 -0.740751
v 0.508382 0.147474 -0.763728
v 0.465658 0.149515 -0.788399
v 0.424689 0.135427 -0.812091
v 0.414921 0.106826 -0.875532
v 0.390112 0.066640 -0.889946
v 0.377954 0.019315 -0.897068
v 0.379766 -0.030022 -0.896126
v 0.395351 -0.076022 -0.887223
v 0.423021 -0.113702 -0.871322
v 0.459776 -0.138979 -0.850148
v 0.501635 -0.149112 -0.825994
v 0.544060 -0.143005 -0.801479
v 0.582455 -0.121319 -0.779258
v 0.612659 -0.086403 -0.761740
v 0.631398 -0.042042 -0.750824
v 0.636643 0.006957 -0.747691
v 0.627824 0.055284 -0.752681
v 0.605897 0.097703 -0.765255
v 0.573239 0.129616 -0.784049
v 0.533389 0.147566 -0.807026
v 0.490664 0.149607 -0.831697
v 0.449695 0.135518 -0.855388
v 0.414924 0.106828 -0.875537
v 0.390114 0.066641 -0.889951
v 0.377955 0.019316 -0.897072
v 0.379767 -0.030020 -0.896129
v 0.395351 -0.076021 -0.887224
v 0.423020 -0.113701 -0.871322
v 0.459775 -0.138977 -0.850147
v 0.501632 -0.149111 -0.825992
v 0.544057 -0.143004 -0.801475
v 0.582452 -0.121317 -0.779254
v 0.612656 -0.086402 -0.761736
v 0.631395 -0.042041 -0.750820
v 0.636640 0.006958 -0.747688
v 0.627822 0.055285 -0.752680
v 0.605897 0.097704 -0.765255
v 0.573239 0.129618 -0.784050
v 0.533390 0.147568 -0.807029
v 0.490666 0.149609 -0.831701
v 0.449697 0.135520 -0.855393
v 0.439931 0.106918 -0.918834
v 0.415121 0.066732 -0.933248
v 0.402963 0.019407 -0.940369
v 0.404774 -0.029930 -0.939426
v 0.420358 -0.075930 -0.930521
v 0.448027 -0.113610 -0.914619
v 0.484782 -0.138887 -0.893443
v 0.526640 -0.149020 -0.869289
v 0.569065 -0.142913 -0.844772
v 0.607459 -0.121227 -0.822551
v 0.637663 -0.086311 -0.805033
v 0.656403 -0.041950 -0.794117
v 0.661648 0.007049 -0.790985
v 0.652830 0.055376 -0.795977
v 0.630904 0.097795 -0.808552
v 0.598247 0.129708 -0.827347
v 0.558397 0.147658 -0.850326
v 0.515673 0.149699 -0.874998
v 0.474704 0.135610 -0.898690
v 0.439927 0.106920 -0.918829
v 0.415117 0.066733 -0.933242
v 0.402959 0.019408 -0.940364
v 0.404771 -0.029928 -0.939422
v 0.420357 -0.075929 -0.930519
v 0.448026 -0.113609 -0.914619
v 0.484782 -0.138885 -0.893445
v 0.526641 -0.149019 -0.869292
v 0.569067 -0.142912 -0.844777
v 0.607462 -0.121225 -0.822557
v 0.637666 -0.086310 -0.805039
v 0.656406 -0.041949 -0.794123
v 0.661650 0.007050 -0.790990
v 0.652831 0.055377 -0.795981
v 0.630904 0.097796 -0.808554
v 0.598246 0.129710 -0.827347
v 0.558395 0.147660 -0.850324
v 0.515670 0.149701 -0.874994
v 0.474701 0.135612 -0.898685
v 0.464933 0.107011 -0.962127
v 0.440123 0.066825 -0.976540
v 0.427965 0.019500 -0.983662
v 0.429777 -0.029836 -0.982720
v 0.445362 -0.075837 -0.973817
v 0.473032 -0.113517 -0.957917
v 0.509788 -0.138793 -0.936743
v 0.551647 -0.148927 -0.912590
v 0.594073 -0.142820 -0.888075
v 0.632468 -0.121133 -0.865855
v 0.662672 -0.086218 -0.848337
v 0.681411 -0.041857 -0.837421
v 0.686656 0.007142 -0.834288
v 0.677837 0.055469 -0.839279
v 0.655910 0.097888 -0.851852
v 0.623252 0.129802 -0.870645
v 0.583401 0.147752 -0.893622
v 0.540676 0.149793 -0.918292
v 0.499707 0.135704 -0.941983
v 0.464934 0.107012 -0.962128
v 0.440124 0.066826 -0.976542
v 0.427966 0.019501 -0.983664
v 0.429778 -0.029836 -0.982722
v 0.445363 -0.075836 -0.973818
v 0.473033 -0.113516 -0.957918
v 0.509789 -0.138793 -0.936743
v 0.551647 -0.148926 -0.912590
v 0.594073 -0.142819 -0.888074
v 0.632468 -0.121133 -0.865854
v 0.662671 -0.086217 -0.848336
v 0.681411 -0.041856 -0.837419
v 0.686655 0.007143 -0.834286
v 0.677836 0.055470 -0.839277
v 0.655910 0.097889 -0.851850
v 0.623252 0.129802 -0.870644
v 0.583401 0.147752 -0.893621
v 0.540676 0.149793 -0.918292
v 0.499707 0.135704 -0.941984
v 0.489940 0.107104 -1.005425
v 0.465130 0.066918 -1.019839
v 0.452972 0.019592 -1.026961
v 0.454784 -0.029744 -1.026019
v 0.470370 -0.075744 -1.017116
v 0.498039 -0.113424 -1.001215
v 0.534795 -0.138701 -0.980041
v 0.576653 -0.148834 -0.955887
v 0.619079 -0.142727 -0.931372
v 0.657474 -0.121041 -0.909151
v 0.687677 -0.086125 -0.891633
v 0.706417 -0.041765 -0.880717
v 0.711661 0.007234 -0.877584
v 0.702842 0.055562 -0.882574
v 0.680916 0.097981 -0.895148
v 0.648258 0.129894 -0.913942
v 0.608407 0.147844 -0.936919
v 0.565682 0.149885 -0.961590
v 0.524713 0.135796 -0.985281
v 0.215067 -0.106047 0.529489
v 0.190183 -0.065860 0.543775
v 0.177939 -0.018535 0.550746
v 0.179660 0.030801 0.549647
v 0.195162 0.076802 0.540597
v 0.222762 0.114482 0.524577
v 0.259472 0.139758 0.503322
v 0.301312 0.149891 0.479136
v 0.343748 0.143783 0.454640
v 0.382183 0.122096 0.432488
v 0.412450 0.087181 0.415082
v 0.431271 0.042820 0.404306
v 0.436605 -0.006179 0.401329
v 0.427875 -0.054507 0.406474
v 0.406026 -0.096925 0.419183
v 0.373426 -0.128839 0.438078
v 0.333608 -0.146788 0.461112
v 0.290887 -0.148829 0.485790
v 0.249893 -0.134739 0.509436
v 0.240073 -0.105955 0.572787
v 0.215189 -0.065769 0.587073
v 0.202945 -0.018443 0.594044
v 0.204667 0.030893 0.592945
v 0.220168 0.076894 0.583895
v 0.247768 0.114573 0.567874
v 0.284478 0.139849 0.546619
v 0.326318 0.149983 0.522434
v 0.368754 0.143875 0.497938
v 0.407189 0.122188 0.475786
v 0.437457 0.087273 0.458379
v 0.456277 0.042912 0.447604
v 0.461611 -0.006088 0.444627
v 0.452881 -0.054415 0.449772
v 0.431032 -0.096834 0.462480
v 0.398432 -0.128747 0.481376
v 0.358615 -0.146696 0.504410
v 0.315894 -0.148737 0.529088
v 0.274899 -0.134648 0.552734
v 0.240074 -0.105955 0.572787
v 0.215190 -0.065769 0.587072
v 0.202945 -0.018444 0.594042
v 0.204665 0.030892 0.592942
v 0.220166 0.076893 0.583892
v 0.247766 0.114573 0.567871
v 0.284475 0.139849 0.546616
v 0.326315 0.149983 0.522430
v 0.368752 0.143875 0.497935
v 0.407188 0.122189 0.475784
v 0.437456 0.087273 0.458379
v 0.456278 0.042912 0.447604
v 0.461613 -0.006087 0.444629
v 0.452883 -0.054414 0.449774
v 0.431035 -0.096833 0.462483
v 0.398435 -0.128746 0.481379
v 0.358618 -0.146696 0.504413
v 0.315896 -0.148737 0.529090
v 0.274901 -0.134648 0.552736
v 0.265080 -0.105862 0.616085
v 0.240195 -0.065676 0.630370
v 0.227950 -0.018351 0.637340
v 0.229671 0.030986 0.636240
v 0.245171 0.076986 0.627190
v 0.272772 0.114666 0.611169
v 0.309481 0.139942 0.589914
v 0.351321 0.150076 0.565728
v 0.393758 0.143968 0.541233
v 0.432193 0.122282 0.519082
v 0.462462 0.087366 0.501677
v 0.481283 0.043006 0.490902
v 0.486618 -0.005994 0.487927
v 0.477889 -0.054321 0.493072
v 0.456040 -0.096740 0.505781
v 0.423441 -0.128653 0.524677
v 0.383623 -0.146603 0.547711
v 0.340902 -0.148644 0.572388
v 0.299907 -0.134555 0.596034
v 0.265079 -0.105862 0.616085
v 0.240196 -0.065676 0.630371
v 0.227952 -0.018350 0.637342
v 0.229673 0.030986 0.636243
v 0.245174 0.076986 0.627193
v 0.272774 0.114666 0.611173
v 0.309483 0.139942 0.589918
v 0.351323 0.150076 0.565732
v 0.393760 0.143969 0.541235
v 0.432194 0.122282 0.519084
v 0.462462 0.087366 0.501677
v 0.481282 0.043006 0.490901
v 0.486617 -0.005993 0.487924
v 0.477887 -0.054321 0.493069
v 0.456038 -0.096740 0.505777
v 0.423438 -0.128653 0.524673
v 0.383621 -0.146603 0.547707
v 0.340900 -0.148644 0.572385
v 0.299906 -0.134554 0.596032
v 0.290086 -0.105770 0.659382
v 0.265202 -0.065584 0.673668
v 0.252958 -0.018259 0.680640
v 0.254679 0.031078 0.679541
v 0.270180 0.077078 0.670491
v 0.297781 0.114758 0.654470
v 0.334490 0.140034 0.633215
v 0.376330 0.150168 0.609029
v 0.418766 0.144060 0.584533
v 0.457201 0.122374 0.562381
v 0.487468 0.087458 0.544974
v 0.506289 0.043097 0.534198
v 0.511623 -0.005902 0.531221
v 0.502893 -0.054229 0.536366
v 0.481044 -0.096648 0.549075
v 0.448445 -0.128561 0.567970
v 0.408627 -0.146511 0.591005
v 0.365907 -0.148552 0.615683
v 0.324912 -0.134463 0.639329
v 0.290085 -0.105770 0.659381
v 0.265202 -0.065583 0.673667
v 0.252957 -0.018258 0.680638
v 0.254678 0.031078 0.679539
v 0.270179 0.077079 0.670489
v 0.297780 0.114759 0.654469
v 0.334489 0.140035 0.633215
v 0.376329 0.150169 0.609029
v 0.418766 0.144061 0.584533
v 0.457201 0.122375 0.562382
v 0.487469 0.087459 0.544975
v 0.506290 0.043098 0.534200
v 0.511624 -0.005901 0.531223
v 0.502894 -0.054228 0.536367
v 0.481045 -0.096647 0.549076
v 0.448445 -0.128560 0.567971
v 0.408628 -0.146510 0.591005
v 0.365906 -0.148551 0.615682
v 0.324912 -0.134462 0.639328
v 0.315091 -0.105678 0.702679
v 0.290207 -0.065491 0.716965
v 0.277963 -0.018166 0.723936
v 0.279684 0.031170 0.722837
v 0.295185 0.077171 0.713787
v 0.322786 0.114851 0.697767
v 0.359495 0.140127 0.676512
v 0.401335 0.150260 0.652327
v 0.443772 0.144153 0.627831
v 0.482207 0.122467 0.605680
v 0.512475 0.087551 0.588273
v 0.531296 0.043190 0.577498
v 0.536630 -0.005809 0.574521
v 0.527900 -0.054136 0.579665
v 0.506051 -0.096555 0.592374
v 0.473451 -0.128469 0.611269
v 0.433634 -0.146418 0.634303
v 0.390912 -0.148459 0.658980
v 0.349917 -0.134370 0.682626
v 0.315091 -0.105677 0.702678
v 0.290207 -0.065490 0.716965
v 0.277963 -0.018165 0.723936
v 0.279685 0.031171 0.722838
v 0.295186 0.077172 0.713789
v 0.322787 0.114852 0.697769
v 0.359496 0.140128 0.676514
v 0.401336 0.150262 0.652328
v 0.443773 0.144154 0.627832
v 0.482208 0.122468 0.605681
v 0.512475 0.087552 0.588273
v 0.531296 0.043191 0.577497
v 0.536629 -0.005808 0.574520
v 0.527899 -0.054135 0.579664
v 0.506050 -0.096554 0.592372
v 0.473450 -0.128468 0.611267
v 0.433632 -0.146417 0.634301
v 0.390911 -0.148458 0.658979
v 0.349917 -0.134369 0.682625
v 0.340097 -0.105585 0.745976
v 0.315214 -0.065399 0.760262
v 0.302969 -0.018074 0.767234
v 0.304691 0.031263 0.766136
v 0.320192 0.077263 0.757086
v 0.347793 0.114943 0.741066
v 0.384503 0.140219 0.719812
v 0.426343 0.150353 0.695626
v 0.468779 0.144245 0.671130
v 0.507214 0.122559 0.648978
v 0.537481 0.087643 0.631571
v 0.556302 0.043282 0.620795
v 0.561636 -0.005717 0.617817
v 0.552905 -0.054044 0.622961
v 0.531056 -0.096463 0.635670
v 0.498456 -0.128376 0.654564
v 0.458639 -0.146326 0.677599
v 0.415918 -0.148367 0.702276
v 0.374923 -0.134278 0.725923
v 0.340097 -0.105584 0.745976
v 0.315214 -0.065398 0.760263
v 0.302970 -0.018072 0.767235
v 0.304692 0.031264 0.766137
v 0.320193 0.077264 0.757087
v 0.347793 0.114944 0.741067
v 0.384503 0.140221 0.719812
v 0.426342 0.150354 0.695626
v 0.468779 0.144247 0.671130
v 0.507213 0.122560 0.648978
v 0.537481 0.087645 0.631570
v 0.556301 0.043284 0.620794
v 0.561635 -0.005715 0.617817
v 0.552905 -0.054043 0.622961
v 0.531056 -0.096461 0.635669
v 0.498456 -0.128375 0.654564
v 0.458638 -0.146325 0.677599
v 0.415918 -0.148365 0.702276
v 0.374923 -0.134276 0.725923
v 0.365104 -0.105493 0.789274
v 0.340220 -0.065306 0.803561
v 0.327976 -0.017981 0.810533
v 0.329698 0.031355 0.809434
v 0.345199 0.077356 0.800385
v 0.372800 0.115036 0.784364
v 0.409509 0.140312 0.763110
v 0.451349 0.150445 0.738924
v 0.493785 0.144338 0.714427
v 0.532220 0.122651 0.692275
v 0.562487 0.087736 0.674868
v 0.581308 0.043375 0.664092
v 0.586642 -0.005624 0.661114
v 0.577911 -0.053952 0.666258
v 0.556062 -0.096370 0.678966
v 0.523463 -0.128284 0.697862
v 0.483645 -0.146233 0.720896
v 0.440924 -0.148274 0.745574
v 0.399930 -0.134185 0.769221
v 0.365104 -0.105492 0.789275
v 0.340221 -0.065305 0.803561
v 0.327976 -0.017980 0.810533
v 0.329697 0.031356 0.809434
v 0.345198 0.077357 0.800384
v 0.372799 0.115037 0.784363
v 0.409508 0.140313 0.763108
v 0.451348 0.150446 0.738922
v 0.493784 0.144339 0.714426
v 0.532219 0.122652 0.692274
v 0.562486 0.087737 0.674867
v 0.581307 0.043376 0.664091
v 0.586641 -0.005623 0.661114
v 0.577911 -0.053950 0.666259
v 0.556062 -0.096369 0.678968
v 0.523463 -0.128283 0.697863
v 0.483645 -0.146232 0.720898
v 0.440925 -0.148273 0.745576
v 0.399930 -0.134184 0.769222
v 0.390110 -0.105400 0.832573
v 0.365227 -0.065214 0.846859
v 0.352982 -0.017888 0.853830
v 0.354704 0.031448 0.852731
v 0.370205 0.077449 0.843681
v 0.397805 0.115129 0.827661
v 0.434514 0.140405 0.806406
v 0.476354 0.150538 0.782220
v 0.518791 0.144431 0.757723
v 0.557225 0.122744 0.735572
v 0.587493 0.087829 0.718165
v 0.606313 0.043468 0.707389
v 0.611648 -0.005531 0.704412
v 0.602917 -0.053859 0.709557
v 0.581069 -0.096277 0.722265
v 0.548469 -0.128191 0.741161
v 0.508652 -0.146140 0.764195
v 0.465931 -0.148181 0.788873
v 0.424936 -0.134092 0.812520
v 0.390110 -0.105399 0.832572
v 0.365226 -0.065213 0.846858
v 0.352982 -0.017887 0.853830
v 0.354703 0.031449 0.852731
v 0.370204 0.077449 0.843681
v 0.397805 0.115129 0.827660
v 0.434514 0.140406 0.806406
v 0.476354 0.150539 0.782220
v 0.518790 0.144432 0.757724
v 0.557225 0.122745 0.735572
v 0.587493 0.087830 0.718165
v 0.606314 0.043469 0.707390
v 0.611648 -0.005530 0.704413
v 0.602918 -0.053858 0.709557
v 0.581069 -0.096277 0.722266
v 0.548470 -0.128190 0.741161
v 0.508652 -0.146140 0.764196
v 0.465931 -0.148181 0.788873
v 0.424936 -0.134091 0.812519
v 0.415116 -0.105307 0.875870
v 0.390233 -0.065121 0.890156
v 0.377988 -0.017795 0.897127
v 0.379709 0.031541 0.896028
v 0.395210 0.077541 0.886978
v 0.422811 0.115221 0.870958
v 0.459520 0.140497 0.849703
v 0.501360 0.150631 0.825517
v 0.543797 0.144523 0.801021
v 0.582231 0.122837 0.778870
v 0.612499 0.087921 0.761463
v 0.631320 0.043561 0.750687
v 0.636654 -0.005439 0.747710
v 0.627924 -0.053766 0.752855
v 0.606075 -0.096185 0.765564
v 0.573476 -0.128098 0.784459
v 0.533658 -0.146048 0.807493
v 0.490937 -0.148089 0.832171
v 0.449942 -0.134000 0.855817
v 0.415115 -0.105306 0.875870
v 0.390233 -0.065120 0.890158
v 0.377989 -0.017794 0.897131
v 0.379711 0.031542 0.896033
v 0.395212 0.077543 0.886983
v 0.422813 0.115223 0.870963
v 0.459522 0.140499 0.849708
v 0.501361 0.150632 0.825521
v 0.543797 0.144525 0.801024
v 0.582231 0.122838 0.778871
v 0.612498 0.087923 0.761463
v 0.631318 0.043562 0.750685
v 0.636651 -0.005437 0.747707
v 0.627921 -0.053765 0.752851
v 0.606072 -0.096183 0.765559
v 0.573472 -0.128097 0.784455
v 0.533655 -0.146046 0.807490
v 0.490935 -0.148087 0.832168
v 0.449941 -0.133998 0.855816
v 0.440123 -0.105215 0.919167
v 0.415240 -0.065029 0.933455
v 0.402996 -0.017704 0.940427
v 0.404718 0.031633 0.939330
v 0.420220 0.077633 0.930280
v 0.447820 0.115313 0.914260
v 0.484529 0.140589 0.893005
v 0.526369 0.150723 0.868818
v 0.568805 0.144615 0.844321
v 0.607238 0.122929 0.822168
v 0.637505 0.088013 0.804760
v 0.656325 0.043653 0.793982
v 0.661659 -0.005347 0.791004
v 0.652928 -0.053674 0.796148
v 0.631079 -0.096093 0.808856
v 0.598480 -0.128006 0.827752
v 0.558662 -0.145956 0.850787
v 0.515942 -0.147997 0.875465
v 0.474948 -0.133908 0.899113
v 0.440122 -0.105214 0.919166
v 0.415238 -0.065028 0.933452
v 0.402993 -0.017702 0.940423
v 0.404715 0.031634 0.939324
v 0.420216 0.077635 0.930274
v 0.447816 0.115315 0.914254
v 0.484526 0.140591 0.893000
v 0.526366 0.150724 0.868815
v 0.568803 0.144617 0.844319
v 0.607238 0.122930 0.822168
v 0.637506 0.088015 0.804762
v 0.656327 0.043654 0.793986
v 0.661661 -0.005345 0.791010
v 0.652931 -0.053673 0.796154
v 0.631082 -0.096091 0.808862
v 0.598483 -0.128005 0.827757
v 0.558665 -0.145954 0.850791
v 0.515943 -0.147995 0.875468
v 0.474948 -0.133906 0.899114
v 0.465127 -0.105122 0.962464
v 0.440243 -0.064936 0.976750
v 0.427999 -0.017610 0.983721
v 0.429720 0.031726 0.982622
v 0.445221 0.077726 0.973572
v 0.472822 0.115406 0.957552
v 0.509532 0.140683 0.936298
v 0.551372 0.150816 0.912113
v 0.593809 0.144709 0.887617
v 0.632244 0.123022 0.865466
v 0.662512 0.088107 0.848060
v 0.681333 0.043746 0.837284
v 0.686667 -0.005253 0.834308
v 0.677937 -0.053581 0.839452
v 0.656088 -0.096000 0.852160
v 0.623488 -0.127913 0.871055
v 0.583670 -0.145863 0.894089
v 0.540949 -0.147903 0.918766
v 0.499954 -0.133814 0.942412
v 0.465128 -0.105121 0.962465
v 0.440245 -0.064935 0.976751
v 0.428000 -0.017609 0.983723
v 0.429722 0.031727 0.982624
v 0.445222 0.077727 0.973574
v 0.472823 0.115407 0.957553
v 0.509532 0.140683 0.936298
v 0.551372 0.150817 0.912113
v 0.593809 0.144709 0.887617
v 0.632244 0.123023 0.865465
v 0.662511 0.088107 0.848058
v 0.681332 0.043747 0.837283
v 0.686666 -0.005253 0.834306
v 0.677936 -0.053580 0.839450
v 0.656087 -0.095999 0.852159
v 0.623488 -0.127912 0.871054
v 0.583670 -0.145862 0.894089
v 0.540949 -0.147903 0.918766
v 0.499954 -0.133814 0.942412
v 0.490134 -0.105029 1.005763
v 0.465251 -0.064843 1.020049
v 0.453006 -0.017518 1.027020
v 0.454728 0.031819 1.025921
v 0.470229 0.077819 1.016871
v 0.497829 0.115499 1.000851
v 0.534538 0.140775 0.979596
v 0.576378 0.150909 0.955410
v 0.618815 0.144801 0.930914
v 0.657250 0.123115 0.908763
v 0.687517 0.088199 0.891356
v 0.706338 0.043838 0.880580
v 0.711673 -0.005161 0.877603
v 0.702942 -0.053488 0.882748
v 0.681094 -0.095907 0.895456
v 0.648494 -0.127820 0.914352
v 0.608676 -0.145770 0.937386
v 0.565955 -0.147811 0.962064
v 0.524961 -0.133722 0.985710
vn 0.0951 0.2419 -0.9656
vn -0.0000 0.9988 -0.0491
vn 0.0048 0.9988 -0.0491
vn 0.0421 -0.9032 -0.4272
vn 0.0970 0.1460 -0.9845
vn 0.0144 0.9891 -0.1467
vn 0.0332 -0.9410 -0.3367
vn 0.0979 0.0488 -0.9940
vn 0.0239 0.9697 -0.2429
vn 0.0239 -0.9698 -0.2429
vn 0.0979 -0.0488 -0.9940
vn 0.0332 0.9410 -0.3367
vn 0.0144 -0.9891 -0.1467
vn 0.0970 -0.1460 -0.9845
vn 0.0421 0.9032 -0.4272
vn 0.0096 -0.9988 -0.0481
vn 0.0048 -0.9988 -0.0491
vn 0.0951 -0.2419 -0.9656
vn 0.0506 0.8566 -0.5135
vn 0.0923 -0.3354 -0.9375
vn 0.0586 0.8018 -0.5947
vn 0.0887 -0.4259 -0.9004
vn 0.0660 0.7393 -0.6701
vn 0.0842 -0.5123 -0.8547
vn 0.0728 0.6698 -0.7390
vn 0.0789 -0.5938 -0.8007
vn 0.0789 0.5938 -0.8007
vn 0.0728 -0.6698 -0.7390
vn 0.0842 0.5123 -0.8547
vn 0.0660 -0.7393 -0.6701
vn 0.0887 0.4259 -0.9004
vn 0.0586 -0.8018 -0.5947
vn 0.0923 0.3354 -0.9375
vn 0.0506 -0.8566 -0.5135
vn 0.2156 0.6698 -0.7106
vn 0.2336 -0.5938 -0.7699
vn 0.2336 0.5938 -0.7699
vn 0.2156 -0.6698 -0.7106
vn 0.2493 0.5123 -0.8218
vn 0.1955 -0.7393 -0.6444
vn 0.2626 0.4259 -0.8658
vn 0.1735 -0.8018 -0.5718
vn 0.2735 0.3354 -0.9015
vn 0.1498 -0.8566 -0.4937
vn 0.2817 0.2419 -0.9285
vn 0.0143 0.9988 -0.0472
vn 0.0188 0.9988 -0.0453
vn 0.1246 -0.9032 -0.4107
vn 0.2872 0.1460 -0.9467
vn 0.0428 0.9891 -0.1411
vn 0.0982 -0.9410 -0.3238
vn 0.2899 0.0488 -0.9558
vn 0.0709 0.9698 -0.2336
vn 0.0709 -0.9698 -0.2336
vn 0.2899 -0.0488 -0.9558
vn 0.0982 0.9410 -0.3238
vn 0.0428 -0.9891 -0.1411
vn 0.2872 -0.1460 -0.9467
vn 0.1246 0.9032 -0.4107
vn 0.0143 -0.9988 -0.0472
vn 0.2817 -0.2419 -0.9285
vn 0.1498 0.8566 -0.4937
vn 0.2735 -0.3354 -0.9015
vn 0.1735 0.8018 -0.5718
vn 0.2626 -0.4259 -0.8658
vn 0.1955 0.7393 -0.6444
vn 0.2493 -0.5123 -0.8218
vn 0.4048 0.5123 -0.7574
vn 0.3174 -0.7393 -0.5938
vn 0.4265 0.4259 -0.7979
vn 0.2817 -0.8018 -0.5270
vn 0.4441 0.3354 -0.8308
vn 0.2432 -0.8566 -0.4550
vn 0.4574 0.2419 -0.8557
vn 0.0232 0.9988 -0.0435
vn 0.2023 -0.9032 -0.3786
vn 0.4663 0.1460 -0.8725
vn 0.0695 0.9891 -0.1300
vn 0.1595 -0.9410 -0.2984
vn 0.4708 0.0488 -0.8809
vn 0.1151 0.9698 -0.2153
vn 0.1151 -0.9698 -0.2153
vn 0.4708 -0.0488 -0.8809
vn 0.1595 0.9410 -0.2984
vn 0.0695 -0.9891 -0.1300
vn 0.4663 -0.1460 -0.8725
vn 0.2023 0.9032 -0.3786
vn 0.0273 -0.9988 -0.0408
vn 0.0232 -0.9988 -0.0435
vn 0.4574 -0.2419 -0.8557
vn 0.2432 0.8566 -0.4550
vn 0.4441 -0.3354 -0.8308
vn 0.2817 0.8018 -0.5270
vn 0.4265 -0.4259 -0.7979
vn 0.3174 0.7393 -0.5938
vn 0.4048 -0.5123 -0.7574
vn 0.3500 0.6698 -0.6549
vn 0.3793 -0.5938 -0.7096
vn 0.3793 0.5938 -0.7096
vn 0.3500 -0.6698 -0.6549
vn 0.5976 0.3354 -0.7282
vn 0.3273 -0.8566 -0.3988
vn 0.6156 0.2419 -0.7501
vn 0.0313 0.9988 -0.0381
vn 0.0347 0.9988 -0.0347
vn 0.2723 -0.9032 -0.3318
vn 0.6276 0.1460 -0.7647
vn 0.0935 0.9891 -0.1140
vn 0.2146 -0.9410 -0.2615
vn 0.6336 0.0488 -0.7721
vn 0.1549 0.9697 -0.1887
vn 0.1549 -0.9697 -0.1887
vn 0.6336 -0.0488 -0.7721
vn 0.2146 0.9410 -0.2615
vn 0.0935 -0.9891 -0.1140
vn 0.6276 -0.1460 -0.7647
vn 0.2723 0.9032 -0.3318
vn 0.0313 -0.9988 -0.0381
vn 0.6156 -0.2419 -0.7501
vn 0.3273 0.8566 -0.3988
vn 0.5976 -0.3354 -0.7282
vn 0.3791 0.8018 -0.4619
vn 0.5740 -0.4259 -0.6994
vn 0.4272 0.7393 -0.5205
vn 0.5448 -0.5123 -0.6639
vn 0.4711 0.6698 -0.5740
vn 0.5104 -0.5938 -0.6220
vn 0.5104 0.5938 -0.6220
vn 0.4711 -0.6698 -0.5740
vn 0.5448 0.5123 -0.6639
vn 0.4272 -0.7393 -0.5205
vn 0.5740 0.4259 -0.6994
vn 0.3791 -0.8018 -0.4619
vn 0.7647 0.1460 -0.6276
vn 0.1140 0.9891 -0.0935
vn 0.2615 -0.9410 -0.2146
vn 0.7721 0.0488 -0.6336
vn 0.1887 0.9698 -0.1549
vn 0.1887 -0.9698 -0.1549
vn 0.7721 -0.0488 -0.6336
vn 0.2615 0.9410 -0.2146
vn 0.1140 -0.9891 -0.0935
vn 0.7647 -0.1460 -0.6276
vn 0.3318 0.9032 -0.2723
vn 0.0408 -0.9988 -0.0273
vn 0.0381 -0.9988 -0.0313
vn 0.7501 -0.2419 -0.6156
vn 0.3988 0.8566 -0.3273
vn 0.7282 -0.3354 -0.5976
vn 0.4619 0.8018 -0.3791
vn 0.6994 -0.4259 -0.5740
vn 0.5205 0.7393 -0.4272
vn 0.6639 -0.5123 -0.5448
vn 0.5740 0.6698 -0.4711
vn 0.6220 -0.5938 -0.5104
vn 0.6220 0.5938 -0.5104
vn 0.5740 -0.6698 -0.4711
vn 0.6639 0.5123 -0.5448
vn 0.5205 -0.7393 -0.4272
vn 0.6994 0.4259 -0.5740
vn 0.4619 -0.8018 -0.3791
vn 0.7282 0.3354 -0.5976
vn 0.3988 -0.8566 -0.3273
vn 0.7501 0.2419 -0.6156
vn 0.0381 0.9988 -0.0313
vn 0.3318 -0.9032 -0.2723
vn 0.8809 -0.0488 -0.4708
vn 0.2984 0.9410 -0.1595
vn 0.1300 -0.9891 -0.0695
vn 0.8725 -0.1460 -0.4663
vn 0.3786 0.9032 -0.2023
vn 0.0435 -0.9988 -0.0233
vn 0.8557 -0.2419 -0.4574
vn 0.4550 0.8566 -0.2432
vn 0.8308 -0.3354 -0.4441
vn 0.5270 0.8018 -0.2817
vn 0.7979 -0.4259 -0.4265
vn 0.5938 0.7393 -0.3174
vn 0.7574 -0.5123 -0.4048
vn 0.6549 0.6698 -0.3500
vn 0.7096 -0.5938 -0.3793
vn 0.7096 0.5938 -0.3793
vn 0.6549 -0.6698 -0.3500
vn 0.7574 0.5123 -0.4048
vn 0.5938 -0.7393 -0.3174
vn 0.7979 0.4259 -0.4265
vn 0.5270 -0.8018 -0.2817
vn 0.8308 0.3354 -0.4441
vn 0.4550 -0.8566 -0.2432
vn 0.8557 0.2419 -0.4574
vn 0.0435 0.9988 -0.0233
vn 0.0453 0.9988 -0.0188
vn 0.3786 -0.9032 -0.2023
vn 0.8725 0.1460 -0.4663
vn 0.1300 0.9891 -0.0695
vn 0.2984 -0.9410 -0.1595
vn 0.8809 0.0488 -0.4708
vn 0.2153 0.9698 -0.1151
vn 0.2153 -0.9698 -0.1151
vn 0.9285 -0.2419 -0.2817
vn 0.4937 0.8566 -0.1498
vn 0.9015 -0.3354 -0.2735
vn 0.5718 0.8018 -0.1735
vn 0.8658 -0.4259 -0.2626
vn 0.6444 0.7393 -0.1955
vn 0.8218 -0.5123 -0.2493
vn 0.7106 0.6698 -0.2156
vn 0.7699 -0.5938 -0.2336
vn 0.7699 0.5938 -0.2336
vn 0.7106 -0.6698 -0.2156
vn 0.8218 0.5123 -0.2493
vn 0.6444 -0.7393 -0.1955
vn 0.8658 0.4259 -0.2626
vn 0.5718 -0.8018 -0.1735
vn 0.9015 0.3354 -0.2735
vn 0.4937 -0.8566 -0.1498
vn 0.9285 0.2419 -0.2817
vn 0.0472 0.9988 -0.0143
vn 0.4107 -0.9032 -0.1246
vn 0.9467 0.1460 -0.2872
vn 0.1411 0.9891 -0.0428
vn 0.3238 -0.9410 -0.0982
vn 0.9558 0.0488 -0.2899
vn 0.2336 0.9698 -0.0709
vn 0.2336 -0.9698 -0.0709
vn 0.9558 -0.0488 -0.2899
vn 0.3238 0.9410 -0.0982
vn 0.1411 -0.9891 -0.0428
vn 0.9467 -0.1460 -0.2872
vn 0.4107 0.9032 -0.1246
vn 0.0481 -0.9988 -0.0096
vn 0.0472 -0.9988 -0.0143
vn 0.9004 -0.4259 -0.0887
vn 0.6701 0.7393 -0.0660
vn 0.8547 -0.5123 -0.0842
vn 0.7390 0.6698 -0.0728
vn 0.8007 -0.5938 -0.0789
vn 0.8007 0.5938 -0.0789
vn 0.7390 -0.6698 -0.0728
vn 0.8547 0.5123 -0.0842
vn 0.6701 -0.7393 -0.0660
vn 0.9004 0.4259 -0.0887
vn 0.5947 -0.8018 -0.0586
vn 0.9375 0.3354 -0.0923
vn 0.5135 -0.8566 -0.0506
vn 0.9656 0.2419 -0.0951
vn 0.0491 0.9988 -0.0048
vn 0.0491 0.9988 -0.0000
vn 0.4272 -0.9032 -0.0421
vn 0.9845 0.1460 -0.0970
vn 0.1467 0.9891 -0.0144
vn 0.3367 -0.9410 -0.0332
vn 0.9940 0.0488 -0.0979
vn 0.2429 0.9698 -0.0239
vn 0.2429 -0.9698 -0.0239
vn 0.9940 -0.0488 -0.0979
vn 0.3367 0.9410 -0.0332
vn 0.1467 -0.9891 -0.0144
vn 0.9845 -0.1460 -0.0970
vn 0.4272 0.9032 -0.0421
vn 0.0491 -0.9988 -0.0048
vn 0.9656 -0.2419 -0.0951
vn 0.5135 0.8566 -0.0506
vn 0.9375 -0.3354 -0.0923
vn 0.5947 0.8018 -0.0586
vn 0.8007 -0.5938 0.0789
vn 0.8007 0.5938 0.0789
vn 0.7390 -0.6698 0.0728
vn 0.8547 0.5123 0.0842
vn 0.6701 -0.7393 0.0660
vn 0.9004 0.4259 0.0887
vn 0.5947 -0.8018 0.0586
vn 0.9375 0.3354 0.0923
vn 0.5135 -0.8566 0.0506
vn 0.9656 0.2419 0.0951
vn 0.0491 0.9988 0.0048
vn 0.4272 -0.9032 0.0421
vn 0.9845 0.1460 0.0970
vn 0.1467 0.9891 0.0144
vn 0.3367 -0.9410 0.0332
vn 0.9940 0.0488 0.0979
vn 0.2429 0.9698 0.0239
vn 0.2429 -0.9698 0.0239
vn 0.9940 -0.0488 0.0979
vn 0.3367 0.9410 0.0332
vn 0.1467 -0.9891 0.0144
vn 0.9845 -0.1460 0.0970
vn 0.4272 0.9032 0.0421
vn 0.0481 -0.9988 0.0096
vn 0.0491 -0.9988 0.0048
vn 0.9656 -0.2419 0.0951
vn 0.5135 0.8566 0.0506
vn 0.9375 -0.3354 0.0923
vn 0.5947 0.8018 0.0586
vn 0.9004 -0.4259 0.0887
vn 0.6701 0.7393 0.0660
vn 0.8547 -0.5123 0.0842
vn 0.7390 0.6698 0.0728
vn 0.6444 -0.7393 0.1955
vn 0.8658 0.4259 0.2626
vn 0.5718 -0.8018 0.1735
vn 0.9015 0.3354 0.2735
vn 0.4937 -0.8566 0.1498
vn 0.9285 0.2419 0.2817
vn 0.0472 0.9988 0.0143
vn 0.0453 0.9988 0.0188
vn 0.4107 -0.9032 0.1246
vn 0.9467 0.1460 0.2872
vn 0.1411 0.9891 0.0428
vn 0.3238 -0.9410 0.0982
vn 0.9558 0.0488 0.2899
vn 0.2336 0.9698 0.0709
vn 0.2336 -0.9698 0.0709
vn 0.9558 -0.0488 0.2899
vn 0.3238 0.9410 0.0982
vn 0.1411 -0.9891 0.0428
vn 0.9467 -0.1460 0.2872
vn 0.4107 0.9032 0.1246
vn 0.0472 -0.9988 0.0143
vn 0.9285 -0.2419 0.2817
vn 0.4937 0.8566 0.1498
vn 0.9015 -0.3354 0.2735
vn 0.5718 0.8018 0.1735
vn 0.8658 -0.4259 0.2626
vn 0.6444 0.7393 0.1955
vn 0.8218 -0.5123 0.2493
vn 0.7106 0.6698 0.2156
vn 0.7699 -0.5938 0.2336
vn 0.7699 0.5938 0.2336
vn 0.7106 -0.6698 0.2156
vn 0.8218 0.5123 0.2493
vn 0.4550 -0.8566 0.2432
vn 0.8557 0.2419 0.4574
vn 0.0435 0.9988 0.0233
vn 0.3786 -0.9032 0.2023
vn 0.8725 0.1460 0.4663
vn 0.1300 0.9891 0.0695
vn 0.2984 -0.9410 0.1595
vn 0.8809 0.0488 0.4708
vn 0.2153 0.9698 0.1151
vn 0.2153 -0.9698 0.1151
vn 0.8809 -0.0488 0.4708
vn 0.2984 0.9410 0.1595
vn 0.1300 -0.9891 0.0695
vn 0.8725 -0.1460 0.4663
vn 0.3786 0.9032 0.2023
vn 0.0408 -0.9988 0.0273
vn 0.0435 -0.9988 0.0233
vn 0.8557 -0.2419 0.4574
vn 0.4550 0.8566 0.2432
vn 0.8308 -0.3354 0.4441
vn 0.5270 0.8018 0.2817
vn 0.7979 -0.4259 0.4265
vn 0.5938 0.7393 0.3174
vn 0.7574 -0.5123 0.4048
vn 0.6549 0.6698 0.3500
vn 0.7096 -0.5938 0.3793
vn 0.7096 0.5938 0.3793
vn 0.6549 -0.6698 0.3500
vn 0.7574 0.5123 0.4048
vn 0.5938 -0.7393 0.3174
vn 0.7979 0.4259 0.4265
vn 0.5270 -0.8018 0.2817
vn 0.8308 0.3354 0.4441
vn 0.1140 0.9891 0.0935
vn 0.2615 -0.9410 0.2146
vn 0.7721 0.0488 0.6336
vn 0.1887 0.9698 0.1549
vn 0.1887 -0.9698 0.1549
vn 0.7721 -0.0488 0.6336
vn 0.2615 0.9410 0.2146
vn 0.1140 -0.9891 0.0935
vn 0.7647 -0.1460 0.6276
vn 0.3318 0.9032 0.2723
vn 0.0381 -0.9988 0.0313
vn 0.7501 -0.2419 0.6156
vn 0.3988 0.8566 0.3273
vn 0.7282 -0.3354 0.5976
vn 0.4619 0.8018 0.3791
vn 0.6994 -0.4259 0.5740
vn 0.5205 0.7393 0.4272
vn 0.6639 -0.5123 0.5448
vn 0.5740 0.6698 0.4711
vn 0.6220 -0.5938 0.5104
vn 0.6220 0.5938 0.5104
vn 0.5740 -0.6698 0.4711
vn 0.6639 0.5123 0.5448
vn 0.5205 -0.7393 0.4272
vn 0.6994 0.4259 0.5740
vn 0.4619 -0.8018 0.3791
vn 0.7282 0.3354 0.5976
vn 0.3988 -0.8566 0.3273
vn 0.7501 0.2419 0.6156
vn 0.0381 0.9988 0.0313
vn 0.0347 0.9988 0.0347
vn 0.3318 -0.9032 0.2723
vn 0.7647 0.1460 0.6276
vn 0.2146 0.9410 0.2615
vn 0.0935 -0.9891 0.1140
vn 0.6276 -0.1460 0.7647
vn 0.2723 0.9032 0.3318
vn 0.0273 -0.9988 0.0408
vn 0.0313 -0.9988 0.0381
vn 0.6156 -0.2419 0.7501
vn 0.3273 0.8566 0.3988
vn 0.5976 -0.3354 0.7282
vn 0.3791 0.8018 0.4619
vn 0.5740 -0.4259 0.6994
vn 0.4272 0.7393 0.5205
vn 0.5448 -0.5123 0.6639
vn 0.4711 0.6698 0.5740
vn 0.5104 -0.5938 0.6220
vn 0.5104 0.5938 0.6220
vn 0.4711 -0.6698 0.5740
vn 0.5448 0.5123 0.6639
vn 0.4272 -0.7393 0.5205
vn 0.5740 0.4259 0.6994
vn 0.3791 -0.8018 0.4619
vn 0.5976 0.3354 0.7282
vn 0.3273 -0.8566 0.3988
vn 0.6156 0.2419 0.7501
vn 0.0313 0.9988 0.0381
vn 0.2723 -0.9032 0.3318
vn 0.6276 0.1460 0.7647
vn 0.0935 0.9891 0.1140
vn 0.2146 -0.9410 0.2615
vn 0.6336 0.0488 0.7721
vn 0.1549 0.9697 0.1887
vn 0.1549 -0.9697 0.1887
vn 0.6336 -0.0488 0.7721
vn 0.2432 0.8566 0.4550
vn 0.4441 -0.3354 0.8308
vn 0.2817 0.8018 0.5270
vn 0.4265 -0.4259 0.7979
vn 0.3174 0.7393 0.5938
vn 0.4048 -0.5123 0.7574
vn 0.3500 0.6698 0.6549
vn 0.3793 -0.5938 0.7096
vn 0.3793 0.5938 0.7096
vn 0.3500 -0.6698 0.6549
vn 0.4048 0.5123 0.7574
vn 0.3174 -0.7393 0.5938
vn 0.4265 0.4259 0.7979
vn 0.2817 -0.8018 0.5270
vn 0.4441 0.3354 0.8308
vn 0.2432 -0.8566 0.4550
vn 0.4574 0.2419 0.8557
vn 0.0232 0.9988 0.0435
vn 0.0188 0.9988 0.0453
vn 0.2023 -0.9032 0.3786
vn 0.4663 0.1460 0.8725
vn 0.0695 0.9891 0.1300
vn 0.1595 -0.9410 0.2984
vn 0.4708 0.0488 0.8809
vn 0.1151 0.9697 0.2153
vn 0.1151 -0.9697 0.2153
vn 0.4708 -0.0488 0.8809
vn 0.1595 0.9410 0.2984
vn 0.0695 -0.9891 0.1300
vn 0.4663 -0.1460 0.8725
vn 0.2023 0.9032 0.3786
vn 0.0232 -0.9988 0.0435
vn 0.4574 -0.2419 0.8557
vn 0.1955 0.7393 0.6443
vn 0.2493 -0.5123 0.8218
vn 0.2156 0.6698 0.7106
vn 0.2336 -0.5938 0.7699
vn 0.2336 0.5938 0.7699
vn 0.2156 -0.6698 0.7106
vn 0.2493 0.5123 0.8218
vn 0.1955 -0.7393 0.6443
vn 0.2626 0.4259 0.8658
vn 0.1735 -0.8018 0.5718
vn 0.2735 0.3354 0.9015
vn 0.1498 -0.8566 0.4937
vn 0.2817 0.2419 0.9285
vn 0.0143 0.9988 0.0472
vn 0.1246 -0.9032 0.4107
vn 0.2872 0.1460 0.9467
vn 0.0428 0.9891 0.1411
vn 0.0982 -0.9410 0.3238
vn 0.2899 0.0488 0.9558
vn 0.0709 0.9698 0.2336
vn 0.0709 -0.9698 0.2336
vn 0.2899 -0.0488 0.9558
vn 0.0982 0.9410 0.3238
vn 0.0428 -0.9891 0.1411
vn 0.2872 -0.1460 0.9467
vn 0.1246 0.9032 0.4107
vn 0.0096 -0.9988 0.0481
vn 0.0143 -0.9988 0.0472
vn 0.2817 -0.2419 0.9285
vn 0.1498 0.8566 0.4937
vn 0.2735 -0.3354 0.9015
vn 0.1735 0.8018 0.5718
vn 0.2626 -0.4259 0.8658
vn 0.0789 0.5938 0.8007
vn 0.0728 -0.6698 0.7390
vn 0.0842 0.5123 0.8547
vn 0.0660 -0.7393 0.6701
vn 0.0887 0.4259 0.9004
vn 0.0586 -0.8018 0.5947
vn 0.0923 0.3354 0.9375
vn 0.0506 -0.8566 0.5135
vn 0.0951 0.2419 0.9656
vn 0.0048 0.9988 0.0491
vn -0.0000 0.9988 0.0491
vn 0.0421 -0.9032 0.4272
vn 0.0970 0.1460 0.9845
vn 0.0144 0.9891 0.1467
vn 0.0332 -0.9410 0.3367
vn 0.0979 0.0488 0.9940
vn 0.0239 0.9697 0.2429
vn 0.0239 -0.9697 0.2429
vn 0.0979 -0.0488 0.9940
vn 0.0332 0.9410 0.3367
vn 0.0144 -0.9891 0.1467
vn 0.0970 -0.1460 0.9845
vn 0.0421 0.9032 0.4272
vn 0.0048 -0.9988 0.0491
vn 0.0951 -0.2419 0.9656
vn 0.0506 0.8566 0.5135
vn 0.0923 -0.3354 0.9375
vn 0.0586 0.8018 0.5947
vn 0.0887 -0.4259 0.9004
vn 0.0660 0.7393 0.6701
vn 0.0842 -0.5123 0.8547
vn 0.0728 0.6698 0.7390
vn 0.0789 -0.5938 0.8007
vn -0.0887 0.4259 0.9004
vn -0.0586 -0.8018 0.5947
vn -0.0923 0.3354 0.9375
vn -0.0506 -0.8566 0.5135
vn -0.0951 0.2419 0.9656
vn -0.0048 0.9988 0.0491
vn -0.0421 -0.9032 0.4272
vn -0.0970 0.1460 0.9845
vn -0.0144 0.9891 0.1467
vn -0.0332 -0.9410 0.3367
vn -0.0979 0.0488 0.9940
vn -0.0239 0.9697 0.2429
vn -0.0239 -0.9698 0.2429
vn -0.0979 -0.0488 0.9940
vn -0.0332 0.9410 0.3367
vn -0.0144 -0.9891 0.1467
vn -0.0970 -0.1460 0.9845
vn -0.0421 0.9032 0.4272
vn -0.0096 -0.9988 0.0481
vn -0.0048 -0.9988 0.0491
vn -0.0951 -0.2419 0.9656
vn -0.0506 0.8566 0.5135
vn -0.0923 -0.3354 0.9375
vn -0.0586 0.8018 0.5947
vn -0.0887 -0.4259 0.9004
vn -0.0660 0.7393 0.6701
vn -0.0842 -0.5123 0.8547
vn -0.0728 0.6698 0.7390
vn -0.0789 -0.5938 0.8007
vn -0.0789 0.5938 0.8007
vn -0.0728 -0.6698 0.7390
vn -0.0842 0.5123 0.8547
vn -0.0660 -0.7393 0.6701
vn -0.2817 0.2419 0.9285
vn -0.0143 0.9988 0.0472
vn -0.0188 0.9988 0.0453
vn -0.1246 -0.9032 0.4107
vn -0.2872 0.1460 0.9467
vn -0.0428 0.9891 0.1411
vn -0.0982 -0.9410 0.3238
vn -0.2899 0.0488 0.9558
vn -0.0709 0.9698 0.2336
vn -0.0709 -0.9698 0.2336
vn -0.2899 -0.0488 0.9558
vn -0.0982 0.9410 0.3238
vn -0.0428 -0.9891 0.1411
vn -0.2872 -0.1460 0.9467
vn -0.1246 0.9032 0.4107
vn -0.0143 -0.9988 0.0472
vn -0.2817 -0.2419 0.9285
vn -0.1498 0.8566 0.4937
vn -0.2735 -0.3354 0.9015
vn -0.1735 0.8018 0.5718
vn -0.2626 -0.4259 0.8658
vn -0.1955 0.7393 0.6443
vn -0.2493 -0.5123 0.8218
vn -0.2156 0.6698 0.7106
vn -0.2336 -0.5938 0.7699
vn -0.2336 0.5938 0.7699
vn -0.2156 -0.6698 0.7106
vn -0.2493 0.5123 0.8218
vn -0.1955 -0.7393 0.6443
vn -0.2626 0.4259 0.8658
vn -0.1735 -0.8018 0.5718
vn -0.2735 0.3354 0.9015
vn -0.1498 -0.8566 0.4937
vn -0.4708 0.0488 0.8809
vn -0.1151 0.9698 0.2153
vn -0.1151 -0.9698 0.2153
vn -0.4708 -0.0488 0.8809
vn -0.1595 0.9410 0.2984
vn -0.0695 -0.9891 0.1300
vn -0.4663 -0.1460 0.8725
vn -0.2023 0.9032 0.3786
vn -0.0273 -0.9988 0.0408
vn -0.0232 -0.9988 0.0435
vn -0.4574 -0.2419 0.8557
vn -0.2432 0.8566 0.4550
vn -0.4441 -0.3354 0.8308
vn -0.2817 0.8018 0.5270
vn -0.4265 -0.4259 0.7979
vn -0.3174 0.7393 0.5938
vn -0.4048 -0.5123 0.7574
vn -0.3500 0.6698 0.6549
vn -0.3793 -0.5938 0.7096
vn -0.3793 0.5938 0.7096
vn -0.3500 -0.6698 0.6549
vn -0.4048 0.5123 0.7574
vn -0.3174 -0.7393 0.5938
vn -0.4265 0.4259 0.7979
vn -0.2817 -0.8018 0.5270
vn -0.4441 0.3354 0.8308
vn -0.2432 -0.8566 0.4550
vn -0.4574 0.2419 0.8557
vn -0.0232 0.9988 0.0435
vn -0.2023 -0.9032 0.3786
vn -0.4663 0.1460 0.8725
vn -0.0695 0.9891 0.1300
vn -0.1595 -0.9410 0.2984
vn -0.6276 -0.1460 0.7647
vn -0.2723 0.9032 0.3318
vn -0.0313 -0.9988 0.0381
vn -0.6156 -0.2419 0.7501
vn -0.3273 0.8566 0.3988
vn -0.5976 -0.3354 0.7282
vn -0.3791 0.8018 0.4619
vn -0.5740 -0.4259 0.6994
vn -0.4272 0.7393 0.5205
vn -0.5448 -0.5123 0.6639
vn -0.4711 0.6698 0.5740
vn -0.5104 -0.5938 0.6220
vn -0.5104 0.5938 0.6220
vn -0.4711 -0.6698 0.5740
vn -0.5448 0.5123 0.6639
vn -0.4272 -0.7393 0.5205
vn -0.5740 0.4259 0.6994
vn -0.3791 -0.8018 0.4619
vn -0.5976 0.3354 0.7282
vn -0.3273 -0.8566 0.3988
vn -0.6156 0.2419 0.7501
vn -0.0313 0.9988 0.0381
vn -0.0347 0.9988 0.0347
vn -0.2723 -0.9032 0.3318
vn -0.6276 0.1460 0.7647
vn -0.0935 0.9891 0.1140
vn -0.2146 -0.9410 0.2615
vn -0.6336 0.0488 0.7721
vn -0.1549 0.9697 0.1887
vn -0.1549 -0.9698 0.1887
vn -0.6336 -0.0488 0.7721
vn -0.2146 0.9410 0.2615
vn -0.0935 -0.9891 0.1140
vn -0.7282 -0.3354 0.5976
vn -0.4619 0.8018 0.3791
vn -0.6994 -0.4259 0.5740
vn -0.5205 0.7393 0.4272
vn -0.6639 -0.5123 0.5448
vn -0.5740 0.6698 0.4711
vn -0.6220 -0.5938 0.5104
vn -0.6220 0.5938 0.5104
vn -0.5740 -0.6698 0.4711
vn -0.6639 0.5123 0.5448
vn -0.5205 -0.7393 0.4272
vn -0.6994 0.4259 0.5740
vn -0.4619 -0.8018 0.3791
vn -0.7282 0.3354 0.5976
vn -0.3988 -0.8566 0.3273
vn -0.7501 0.2419 0.6156
vn -0.0381 0.9988 0.0313
vn -0.3318 -0.9032 0.2723
vn -0.7647 0.1460 0.6276
vn -0.1140 0.9891 0.0935
vn -0.2615 -0.9410 0.2146
vn -0.7721 0.0488 0.6336
vn -0.1887 0.9698 0.1549
vn -0.1887 -0.9698 0.1549
vn -0.7721 -0.0488 0.6336
vn -0.2615 0.9410 0.2146
vn -0.1140 -0.9891 0.0935
vn -0.7647 -0.1460 0.6276
vn -0.3318 0.9032 0.2723
vn -0.0408 -0.9988 0.0273
vn -0.0381 -0.9988 0.0313
vn -0.7501 -0.2419 0.6156
vn -0.3988 0.8566 0.3273
vn -0.7574 -0.5123 0.4048
vn -0.6549 0.6698 0.3500
vn -0.7096 -0.5938 0.3793
vn -0.7096 0.5938 0.3793
vn -0.6549 -0.6698 0.3500
vn -0.7574 0.5123 0.4048
vn -0.5938 -0.7393 0.3174
vn -0.7979 0.4259 0.4265
vn -0.5270 -0.8018 0.2817
vn -0.8308 0.3355 0.4441
vn -0.4550 -0.8566 0.2432
vn -0.8557 0.2419 0.4574
vn -0.0435 0.9988 0.0233
vn -0.0453 0.9988 0.0188
vn -0.3786 -0.9032 0.2023
vn -0.8725 0.1460 0.4663
vn -0.1300 0.9891 0.0695
vn -0.2984 -0.9410 0.1595
vn -0.8809 0.0488 0.4708
vn -0.2153 0.9698 0.1151
vn -0.2153 -0.9698 0.1151
vn -0.8809 -0.0488 0.4708
vn -0.2984 0.9410 0.1595
vn -0.1300 -0.9891 0.0695
vn -0.8725 -0.1460 0.4663
vn -0.3786 0.9032 0.2023
vn -0.0435 -0.9988 0.0232
vn -0.8557 -0.2419 0.4574
vn -0.4550 0.8566 0.2432
vn -0.8308 -0.3355 0.4441
vn -0.5270 0.8018 0.2817
vn -0.7979 -0.4259 0.4265
vn -0.5938 0.7393 0.3174
vn -0.7106 -0.6698 0.2156
vn -0.8218 0.5123 0.2493
vn -0.6443 -0.7393 0.1955
vn -0.8658 0.4259 0.2626
vn -0.5718 -0.8018 0.1735
vn -0.9015 0.3355 0.2735
vn -0.4937 -0.8566 0.1498
vn -0.9285 0.2419 0.2817
vn -0.0472 0.9988 0.0143
vn -0.4108 -0.9032 0.1246
vn -0.9467 0.1460 0.2872
vn -0.1411 0.9891 0.0428
vn -0.3238 -0.9410 0.0982
vn -0.9558 0.0488 0.2899
vn -0.2336 0.9697 0.0709
vn -0.2336 -0.9697 0.0709
vn -0.9558 -0.0488 0.2899
vn -0.3238 0.9410 0.0982
vn -0.1411 -0.9891 0.0428
vn -0.9467 -0.1460 0.2872
vn -0.4108 0.9032 0.1246
vn -0.0481 -0.9988 0.0096
vn -0.0472 -0.9988 0.0143
vn -0.9285 -0.2419 0.2817
vn -0.4937 0.8566 0.1498
vn -0.9015 -0.3355 0.2735
vn -0.5718 0.8018 0.1735
vn -0.8658 -0.4259 0.2626
vn -0.6443 0.7393 0.1955
vn -0.8218 -0.5123 0.2493
vn -0.7106 0.6698 0.2156
vn -0.7699 -0.5938 0.2336
vn -0.7699 0.5938 0.2336
vn -0.5947 -0.8018 0.0586
vn -0.9375 0.3354 0.0923
vn -0.5135 -0.8566 0.0506
vn -0.9656 0.2419 0.0951
vn -0.0491 0.9988 0.0048
vn -0.0491 0.9988 -0.0000
vn -0.4272 -0.9032 0.0421
vn -0.9845 0.1460 0.0970
vn -0.1467 0.9891 0.0145
vn -0.3367 -0.9410 0.0332
vn -0.9940 0.0488 0.0979
vn -0.2429 0.9697 0.0239
vn -0.2429 -0.9697 0.0239
vn -0.9940 -0.0488 0.0979
vn -0.3367 0.9410 0.0332
vn -0.1467 -0.9891 0.0145
vn -0.9845 -0.1460 0.0970
vn -0.4272 0.9032 0.0421
vn -0.0491 -0.9988 0.0048
vn -0.9656 -0.2419 0.0951
vn -0.5135 0.8566 0.0506
vn -0.9375 -0.3354 0.0923
vn -0.5947 0.8018 0.0586
vn -0.9004 -0.4259 0.0887
vn -0.6701 0.7393 0.0660
vn -0.8547 -0.5123 0.0842
vn -0.7390 0.6698 0.0728
vn -0.8007 -0.5938 0.0789
vn -0.8007 0.5938 0.0789
vn -0.7390 -0.6698 0.0728
vn -0.8547 0.5123 0.0842
vn -0.6701 -0.7393 0.0660
vn -0.9004 0.4259 0.0887
vn -0.4272 -0.9032 -0.0421
vn -0.9845 0.1460 -0.0970
vn -0.1467 0.9891 -0.0145
vn -0.3367 -0.9410 -0.0332
vn -0.9940 0.0488 -0.0979
vn -0.2429 0.9697 -0.0239
vn -0.2429 -0.9697 -0.0239
vn -0.9940 -0.0488 -0.0979
vn -0.3367 0.9410 -0.0332
vn -0.1467 -0.9891 -0.0145
vn -0.9845 -0.1460 -0.0970
vn -0.4272 0.9032 -0.0421
vn -0.0481 -0.9988 -0.0096
vn -0.0491 -0.9988 -0.0048
vn -0.9656 -0.2419 -0.0951
vn -0.5135 0.8566 -0.0506
vn -0.9375 -0.3354 -0.0923
vn -0.5947 0.8018 -0.0586
vn -0.9004 -0.4259 -0.0887
vn -0.6701 0.7393 -0.0660
vn -0.8547 -0.5123 -0.0842
vn -0.7390 0.6698 -0.0728
vn -0.8007 -0.5938 -0.0789
vn -0.8007 0.5938 -0.0789
vn -0.7390 -0.6698 -0.0728
vn -0.8547 0.5123 -0.0842
vn -0.6701 -0.7393 -0.0660
vn -0.9004 0.4259 -0.0887
vn -0.5947 -0.8018 -0.0586
vn -0.9375 0.3354 -0.0923
vn -0.5135 -0.8566 -0.0506
vn -0.9656 0.2419 -0.0951
vn -0.0491 0.9988 -0.0048
vn -0.2336 -0.9697 -0.0709
vn -0.9558 -0.0488 -0.2899
vn -0.3238 0.9410 -0.0982
vn -0.1411 -0.9891 -0.0428
vn -0.9467 -0.1460 -0.2872
vn -0.4108 0.9032 -0.1246
vn -0.0472 -0.9988 -0.0143
vn -0.9285 -0.2419 -0.2817
vn -0.4937 0.8566 -0.1498
vn -0.9015 -0.3355 -0.2735
vn -0.5718 0.8018 -0.1735
vn -0.8658 -0.4259 -0.2626
vn -0.6443 0.7393 -0.1955
vn -0.8218 -0.5123 -0.2493
vn -0.7106 0.6698 -0.2155
vn -0.7699 -0.5938 -0.2336
vn -0.7699 0.5938 -0.2336
vn -0.7106 -0.6698 -0.2155
vn -0.8218 0.5123 -0.2493
vn -0.6443 -0.7393 -0.1955
vn -0.8658 0.4259 -0.2626
vn -0.5718 -0.8018 -0.1735
vn -0.9015 0.3355 -0.2735
vn -0.4937 -0.8566 -0.1498
vn -0.9285 0.2419 -0.2817
vn -0.0472 0.9988 -0.0143
vn -0.0453 0.9988 -0.0188
vn -0.4108 -0.9032 -0.1246
vn -0.9467 0.1460 -0.2872
vn -0.1411 0.9891 -0.0428
vn -0.3238 -0.9410 -0.0982
vn -0.9558 0.0488 -0.2899
vn -0.2336 0.9697 -0.0709
vn -0.0435 0.9988 -0.0233
vn -0.3785 -0.9032 -0.2023
vn -0.8725 0.1460 -0.4663
vn -0.1300 0.9891 -0.0695
vn -0.2984 -0.9410 -0.1595
vn -0.8809 0.0488 -0.4708
vn -0.2153 0.9698 -0.1151
vn -0.2153 -0.9698 -0.1151
vn -0.8809 -0.0488 -0.4708
vn -0.2984 0.9410 -0.1595
vn -0.1300 -0.9891 -0.0695
vn -0.8725 -0.1460 -0.4663
vn -0.3785 0.9032 -0.2023
vn -0.0408 -0.9988 -0.0273
vn -0.0435 -0.9988 -0.0232
vn -0.8557 -0.2419 -0.4574
vn -0.4550 0.8566 -0.2432
vn -0.8308 -0.3355 -0.4441
vn -0.5270 0.8018 -0.2817
vn -0.7979 -0.4259 -0.4265
vn -0.5938 0.7393 -0.3174
vn -0.7574 -0.5123 -0.4048
vn -0.6549 0.6698 -0.3500
vn -0.7096 -0.5938 -0.3793
vn -0.7096 0.5938 -0.3793
vn -0.6549 -0.6698 -0.3500
vn -0.7574 0.5123 -0.4048
vn -0.5938 -0.7393 -0.3174
vn -0.7979 0.4259 -0.4265
vn -0.5270 -0.8018 -0.2817
vn -0.8308 0.3355 -0.4441
vn -0.4550 -0.8566 -0.2432
vn -0.8557 0.2419 -0.4574
vn -0.1887 0.9697 -0.1549
vn -0.1887 -0.9698 -0.1549
vn -0.7721 -0.0488 -0.6336
vn -0.2615 0.9410 -0.2146
vn -0.1140 -0.9891 -0.0935
vn -0.7647 -0.1460 -0.6276
vn -0.3318 0.9032 -0.2723
vn -0.0381 -0.9988 -0.0313
vn -0.7501 -0.2419 -0.6156
vn -0.3988 0.8566 -0.3273
vn -0.7282 -0.3354 -0.5976
vn -0.4619 0.8018 -0.3791
vn -0.6994 -0.4259 -0.5740
vn -0.5205 0.7393 -0.4272
vn -0.6639 -0.5123 -0.5448
vn -0.5740 0.6698 -0.4711
vn -0.6220 -0.5938 -0.5104
vn -0.6220 0.5938 -0.5104
vn -0.5740 -0.6698 -0.4711
vn -0.6639 0.5123 -0.5448
vn -0.5205 -0.7393 -0.4272
vn -0.6994 0.4259 -0.5740
vn -0.4619 -0.8018 -0.3791
vn -0.7282 0.3354 -0.5976
vn -0.3988 -0.8566 -0.3273
vn -0.7501 0.2419 -0.6156
vn -0.0381 0.9988 -0.0313
vn -0.0347 0.9988 -0.0347
vn -0.3318 -0.9032 -0.2723
vn -0.7647 0.1460 -0.6276
vn -0.1140 0.9891 -0.0935
vn -0.2615 -0.9410 -0.2146
vn -0.7721 0.0488 -0.6336
vn -0.2723 0.9032 -0.3318
vn -0.0273 -0.9988 -0.0408
vn -0.0313 -0.9988 -0.0381
vn -0.6156 -0.2419 -0.7501
vn -0.3273 0.8566 -0.3988
vn -0.5976 -0.3354 -0.7282
vn -0.3791 0.8018 -0.4619
vn -0.5740 -0.4259 -0.6994
vn -0.4272 0.7393 -0.5205
vn -0.5448 -0.5123 -0.6639
vn -0.4711 0.6698 -0.5740
vn -0.5104 -0.5938 -0.6220
vn -0.5104 0.5938 -0.6220
vn -0.4711 -0.6698 -0.5740
vn -0.5448 0.5123 -0.6639
vn -0.4272 -0.7393 -0.5205
vn -0.5740 0.4259 -0.6994
vn -0.3791 -0.8018 -0.4619
vn -0.5976 0.3354 -0.7282
vn -0.3273 -0.8566 -0.3988
vn -0.6156 0.2419 -0.7501
vn -0.0313 0.9988 -0.0381
vn -0.2723 -0.9032 -0.3318
vn -0.6276 0.1460 -0.7647
vn -0.0935 0.9891 -0.1140
vn -0.2146 -0.9410 -0.2615
vn -0.6336 0.0488 -0.7721
vn -0.1549 0.9697 -0.1887
vn -0.1549 -0.9698 -0.1887
vn -0.6336 -0.0488 -0.7721
vn -0.2146 0.9410 -0.2615
vn -0.0935 -0.9891 -0.1140
vn -0.6276 -0.1460 -0.7647
vn -0.2817 0.8018 -0.5270
vn -0.4265 -0.4259 -0.7979
vn -0.3174 0.7393 -0.5938
vn -0.4048 -0.5123 -0.7574
vn -0.3500 0.6698 -0.6549
vn -0.3793 -0.5938 -0.7096
vn -0.3793 0.5938 -0.7096
vn -0.3500 -0.6698 -0.6549
vn -0.4048 0.5123 -0.7574
vn -0.3174 -0.7393 -0.5938
vn -0.4265 0.4259 -0.7979
vn -0.2817 -0.8018 -0.5270
vn -0.4441 0.3355 -0.8308
vn -0.2432 -0.8566 -0.4550
vn -0.4574 0.2419 -0.8557
vn -0.0232 0.9988 -0.0435
vn -0.0188 0.9988 -0.0453
vn -0.2023 -0.9032 -0.3786
vn -0.4663 0.1460 -0.8725
vn -0.0695 0.9891 -0.1300
vn -0.1595 -0.9410 -0.2984
vn -0.4708 0.0488 -0.8809
vn -0.1151 0.9698 -0.2153
vn -0.1151 -0.9698 -0.2153
vn -0.4708 -0.0488 -0.8809
vn -0.1595 0.9410 -0.2984
vn -0.0695 -0.9891 -0.1300
vn -0.4663 -0.1460 -0.8725
vn -0.2023 0.9032 -0.3786
vn -0.0232 -0.9988 -0.0435
vn -0.4574 -0.2419 -0.8557
vn -0.2432 0.8566 -0.4550
vn -0.4441 -0.3355 -0.8308
vn -0.2156 0.6698 -0.7106
vn -0.2336 -0.5938 -0.7699
vn -0.2336 0.5938 -0.7699
vn -0.2156 -0.6698 -0.7106
vn -0.2493 0.5123 -0.8218
vn -0.1955 -0.7393 -0.6443
vn -0.2626 0.4259 -0.8658
vn -0.1735 -0.8018 -0.5718
vn -0.2735 0.3354 -0.9015
vn -0.1498 -0.8566 -0.4937
vn -0.2817 0.2419 -0.9285
vn -0.0143 0.9988 -0.0472
vn -0.1246 -0.9032 -0.4108
vn -0.2872 0.1460 -0.9467
vn -0.0428 0.9891 -0.1411
vn -0.0982 -0.9410 -0.3238
vn -0.2899 0.0488 -0.9558
vn -0.0709 0.9698 -0.2336
vn -0.0709 -0.9698 -0.2336
vn -0.2899 -0.0488 -0.9558
vn -0.0982 0.9410 -0.3238
vn -0.0428 -0.9891 -0.1411
vn -0.2872 -0.1460 -0.9467
vn -0.1246 0.9032 -0.4108
vn -0.0096 -0.9988 -0.0481
vn -0.0143 -0.9988 -0.0472
vn -0.2817 -0.2419 -0.9285
vn -0.1498 0.8566 -0.4937
vn -0.2735 -0.3354 -0.9015
vn -0.1735 0.8018 -0.5718
vn -0.2626 -0.4259 -0.8658
vn -0.1955 0.7393 -0.6443
vn -0.2493 -0.5123 -0.8218
vn -0.0842 0.5123 -0.8547
vn -0.0660 -0.7393 -0.6701
vn -0.0887 0.4259 -0.9004
vn -0.0586 -0.8018 -0.5947
vn -0.0923 0.3354 -0.9375
vn -0.0506 -0.8566 -0.5135
vn -0.0951 0.2419 -0.9656
vn -0.0048 0.9988 -0.0491
vn -0.0421 -0.9032 -0.4272
vn -0.0970 0.1460 -0.9845
vn -0.0144 0.9891 -0.1467
vn -0.0332 -0.9410 -0.3367
vn -0.0979 0.0488 -0.9940
vn -0.0239 0.9697 -0.2429
vn -0.0239 -0.9698 -0.2429
vn -0.0979 -0.0488 -0.9940
vn -0.0332 0.9410 -0.3367
vn -0.0144 -0.9891 -0.1467
vn -0.0970 -0.1460 -0.9845
vn -0.0421 0.9032 -0.4272
vn -0.0048 -0.9988 -0.0491
vn -0.0951 -0.2419 -0.9656
vn -0.0506 0.8566 -0.5135
vn -0.0923 -0.3354 -0.9375
vn -0.0586 0.8018 -0.5947
vn -0.0887 -0.4259 -0.9004
vn -0.0660 0.7393 -0.6701
vn -0.0842 -0.5123 -0.8547
vn -0.0728 0.6698 -0.7390
vn -0.0789 -0.5938 -0.8007
vn -0.0789 0.5938 -0.8007
vn -0.0728 -0.6698 -0.7390
vn -0.0000 -0.7071 0.7071
vn -0.0000 -0.8984 0.4392
vn -0.0000 -0.9923 0.1237
vn -0.0000 -0.9787 -0.2052
vn -0.0000 -0.8591 -0.5119
vn -0.0000 -0.6463 -0.7631
vn -0.0000 -0.3635 -0.9316
vn -0.0000 -0.0413 -0.9991
vn -0.0000 0.2853 -0.9584
vn -0.0000 0.5811 -0.8138
vn -0.0000 0.8138 -0.5811
vn -0.0000 0.9584 -0.2853
vn -0.0000 0.9991 0.0413
vn -0.0000 0.9316 0.3635
vn -0.0000 0.7631 0.6463
vn -0.0000 0.5119 0.8591
vn -0.0000 0.2052 0.9787
vn -0.0000 -0.1237 0.9923
vn -0.0000 -0.4392 0.8984
vn -0.0000 0.5811 -0.8139
vn -0.0000 0.8139 -0.5811
vn -0.6130 0.7071 -0.3525
vn -0.7784 0.4392 -0.4486
vn -0.8594 0.1237 -0.4961
vn -0.8473 -0.2052 -0.4898
vn -0.7434 -0.5119 -0.4305
vn -0.7434 -0.5119 -0.4304
vn -0.5590 -0.7631 -0.3244
vn -0.3139 -0.9316 -0.1833
vn -0.0349 -0.9991 -0.0223
vn 0.2480 -0.9584 0.1412
vn 0.5039 -0.8138 0.2893
vn 0.7053 -0.5811 0.4061
vn 0.8302 -0.2853 0.4789
vn 0.8652 0.0413 0.4998
vn 0.8064 0.3635 0.4665
vn 0.6602 0.6463 0.3827
vn 0.4425 0.8591 0.2574
vn 0.1768 0.9787 0.1042
vn -0.1080 0.9923 -0.0603
vn -0.3812 0.8984 -0.2182
vn -0.5590 -0.7631 -0.3245
vn -0.0348 -0.9991 -0.0223
vn -0.5589 -0.7631 -0.3245
vn 0.2480 -0.9584 0.1411
vn 0.5040 -0.8138 0.2893
vn 0.8652 0.0413 0.4997
vn -0.1080 0.9923 -0.0602
vn -0.6117 -0.7071 0.3548
vn -0.7776 -0.4392 0.4500
vn -0.8592 -0.1237 0.4965
vn -0.8477 0.2052 0.4891
vn -0.7444 0.5119 0.4288
vn -0.5604 0.7631 0.3220
vn -0.3156 0.9316 0.1803
vn -0.0367 0.9991 0.0191
vn 0.2462 0.9584 -0.1442
vn 0.5024 0.8138 -0.2919
vn 0.7042 0.5811 -0.4080
vn 0.8297 0.2853 -0.4798
vn 0.8653 -0.0413 -0.4996
vn 0.8071 -0.3635 -0.4653
vn 0.6614 -0.6463 -0.3806
vn 0.4441 -0.8591 -0.2546
vn 0.1786 -0.9787 -0.1011
vn -0.1062 -0.9923 0.0635
vn -0.3795 -0.8984 0.2211
vn -0.8477 0.2052 0.4892
vn 0.2462 0.9584 -0.1443
vn -0.3157 0.9316 0.1803
vn 0.5024 0.8139 -0.2919
vn 0.7042 0.5811 -0.4079
vn 0.4441 -0.8590 -0.2546
vn -0.1062 -0.9923 0.0634
vn 0.8652 -0.0413 -0.4996
vn 0.8070 -0.3635 -0.4653
vn -0.0367 0.9991 0.0190
vn 0.1786 -0.9787 -0.1010
vn 0.0923 0.3355 -0.9375
vn 0.0239 0.9698 -0.2429
vn 0.0145 -0.9891 -0.1467
vn 0.0923 -0.3355 -0.9375
vn 0.2735 -0.3355 -0.9015
vn 0.1955 0.7393 -0.6443
vn 0.2336 -0.5939 -0.7699
vn 0.2336 0.5939 -0.7699
vn 0.1955 -0.7393 -0.6443
vn 0.2735 0.3355 -0.9015
vn 0.4441 -0.3355 -0.8308
vn 0.4265 -0.4259 -0.7980
vn 0.4049 -0.5123 -0.7574
vn 0.4049 0.5123 -0.7574
vn 0.4265 0.4259 -0.7980
vn 0.4441 0.3355 -0.8308
vn 0.2023 -0.9032 -0.3785
vn 0.2023 0.9032 -0.3785
vn 0.5104 -0.5939 -0.6219
vn 0.5104 0.5939 -0.6219
vn 0.5976 0.3355 -0.7282
vn 0.1548 0.9698 -0.1887
vn 0.1548 -0.9698 -0.1887
vn 0.5976 -0.3355 -0.7282
vn 0.7282 0.3355 -0.5976
vn 0.1887 0.9698 -0.1548
vn 0.1887 -0.9698 -0.1548
vn 0.7282 -0.3355 -0.5976
vn 0.6219 -0.5939 -0.5104
vn 0.6219 0.5939 -0.5104
vn 0.8308 0.3355 -0.4441
vn 0.0435 0.9988 -0.0232
vn 0.3785 -0.9032 -0.2023
vn 0.3785 0.9032 -0.2023
vn 0.0435 -0.9988 -0.0232
vn 0.8308 -0.3355 -0.4441
vn 0.7980 -0.4259 -0.4265
vn 0.7096 -0.5939 -0.3793
vn 0.7096 0.5939 -0.3793
vn 0.7980 0.4259 -0.4265
vn 0.9015 -0.3355 -0.2735
vn 0.8658 -0.4259 -0.2627
vn 0.6443 0.7393 -0.1955
vn 0.7699 -0.5939 -0.2336
vn 0.7699 0.5939 -0.2336
vn 0.6443 -0.7393 -0.1955
vn 0.8658 0.4259 -0.2627
vn 0.9015 0.3355 -0.2735
vn 0.5134 0.8566 -0.0506
vn 0.9375 -0.3355 -0.0923
vn 0.9375 0.3355 -0.0923
vn 0.5134 -0.8566 -0.0506
vn 0.5134 0.8566 0.0506
vn 0.9375 -0.3355 0.0923
vn 0.9375 0.3355 0.0923
vn 0.5134 -0.8566 0.0506
vn 0.8658 -0.4259 0.2627
vn 0.6443 0.7393 0.1955
vn 0.7699 -0.5939 0.2336
vn 0.7699 0.5939 0.2336
vn 0.6443 -0.7393 0.1955
vn 0.8658 0.4259 0.2627
vn 0.9015 0.3355 0.2735
vn 0.9015 -0.3355 0.2735
vn 0.7574 0.5123 0.4049
vn 0.8308 0.3355 0.4441
vn 0.0435 0.9988 0.0232
vn 0.3785 -0.9032 0.2023
vn 0.3785 0.9032 0.2023
vn 0.0435 -0.9988 0.0232
vn 0.8308 -0.3355 0.4441
vn 0.7574 -0.5123 0.4049
vn 0.7282 0.3355 0.5976
vn 0.1887 0.9698 0.1548
vn 0.1887 -0.9698 0.1548
vn 0.7282 -0.3355 0.5976
vn 0.6219 -0.5939 0.5104
vn 0.6219 0.5939 0.5104
vn 0.1548 0.9698 0.1887
vn 0.1548 -0.9698 0.1887
vn 0.5976 -0.3355 0.7282
vn 0.5104 -0.5939 0.6219
vn 0.5104 0.5939 0.6219
vn 0.5976 0.3355 0.7282
vn 0.1151 0.9698 0.2153
vn 0.1151 -0.9698 0.2153
vn 0.2023 0.9032 0.3785
vn 0.4441 -0.3355 0.8308
vn 0.4441 0.3355 0.8308
vn 0.2023 -0.9032 0.3785
vn 0.2735 -0.3355 0.9015
vn 0.2627 -0.4259 0.8658
vn 0.2336 -0.5939 0.7699
vn 0.2336 0.5939 0.7699
vn 0.2627 0.4259 0.8658
vn 0.2735 0.3355 0.9015
vn 0.0506 0.8566 0.5134
vn 0.0923 -0.3355 0.9375
vn 0.0923 0.3355 0.9375
vn 0.0506 -0.8566 0.5134
vn 0.0145 0.9891 0.1467
vn 0.0239 0.9698 0.2429
vn 0.0239 -0.9698 0.2429
vn 0.0145 -0.9891 0.1467
vn -0.0923 0.3355 0.9375
vn -0.0506 -0.8566 0.5134
vn -0.0145 0.9891 0.1467
vn -0.0239 0.9698 0.2429
vn -0.0145 -0.9891 0.1467
vn -0.0506 0.8566 0.5134
vn -0.0923 -0.3355 0.9375
vn -0.2627 0.4259 0.8658
vn -0.2735 0.3355 0.9015
vn -0.2735 -0.3355 0.9015
vn -0.2627 -0.4259 0.8658
vn -0.4265 0.4259 0.7980
vn -0.4441 0.3355 0.8308
vn -0.2023 -0.9032 0.3785
vn -0.2023 0.9032 0.3785
vn -0.4441 -0.3355 0.8308
vn -0.4265 -0.4259 0.7980
vn -0.1548 0.9698 0.1887
vn -0.1548 -0.9698 0.1887
vn -0.5976 -0.3355 0.7282
vn -0.5104 -0.5939 0.6219
vn -0.5104 0.5939 0.6219
vn -0.5976 0.3355 0.7282
vn -0.1887 0.9698 0.1548
vn -0.1887 -0.9698 0.1548
vn -0.7282 -0.3355 0.5976
vn -0.6219 -0.5939 0.5104
vn -0.6219 0.5939 0.5104
vn -0.7282 0.3355 0.5976
vn -0.3785 0.9032 0.2023
vn -0.7096 -0.5939 0.3793
vn -0.7096 0.5939 0.3793
vn -0.0435 0.9988 0.0232
vn -0.3785 -0.9032 0.2023
vn -0.8658 -0.4259 0.2627
vn -0.7699 -0.5939 0.2336
vn -0.7699 0.5939 0.2336
vn -0.8658 0.4259 0.2627
vn -0.4107 -0.9032 0.1246
vn -0.2336 0.9698 0.0709
vn -0.2336 -0.9698 0.0709
vn -0.4107 0.9032 0.1246
vn -0.9375 0.3355 0.0923
vn -0.5134 -0.8566 0.0506
vn -0.2429 0.9698 0.0239
vn -0.2429 -0.9698 0.0239
vn -0.5134 0.8566 0.0506
vn -0.9375 -0.3355 0.0923
vn -0.9375 0.3355 -0.0923
vn -0.5134 -0.8566 -0.0506
vn -0.2429 0.9698 -0.0239
vn -0.2429 -0.9698 -0.0239
vn -0.5134 0.8566 -0.0506
vn -0.9375 -0.3355 -0.0923
vn -0.4107 -0.9032 -0.1246
vn -0.2336 0.9698 -0.0709
vn -0.2336 -0.9698 -0.0709
vn -0.4107 0.9032 -0.1246
vn -0.8658 -0.4259 -0.2627
vn -0.7106 0.6698 -0.2156
vn -0.7699 -0.5939 -0.2336
vn -0.7699 0.5939 -0.2336
vn -0.7106 -0.6698 -0.2156
vn -0.8658 0.4259 -0.2627
vn -0.7096 -0.5939 -0.3793
vn -0.7096 0.5939 -0.3793
vn -0.0435 0.9988 -0.0232
vn -0.6219 -0.5939 -0.5104
vn -0.6219 0.5939 -0.5104
vn -0.7282 0.3355 -0.5976
vn -0.1887 0.9698 -0.1548
vn -0.1887 -0.9698 -0.1548
vn -0.7282 -0.3355 -0.5976
vn -0.5976 0.3355 -0.7282
vn -0.1548 0.9698 -0.1887
vn -0.1548 -0.9698 -0.1887
vn -0.5976 -0.3355 -0.7282
vn -0.5104 -0.5939 -0.6219
vn -0.5104 0.5939 -0.6219
vn -0.2023 -0.9032 -0.3785
vn -0.2023 0.9032 -0.3785
vn -0.3793 -0.5939 -0.7096
vn -0.3793 0.5939 -0.7096
vn -0.1246 -0.9032 -0.4107
vn -0.1246 0.9032 -0.4107
vn -0.2735 -0.3355 -0.9015
vn -0.2627 -0.4259 -0.8658
vn -0.2336 -0.5939 -0.7699
vn -0.2336 0.5939 -0.7699
vn -0.2627 0.4259 -0.8658
vn -0.2735 0.3355 -0.9015
vn -0.0239 0.9698 -0.2429
vn -0.0145 -0.9891 -0.1467
vn -0.0923 -0.3355 -0.9375
vn -0.0923 0.3355 -0.9375
vn -0.0506 -0.8566 -0.5134
vn 0.0145 0.9891 -0.1467
vn 0.0048 -0.9988 -0.0490
vn 0.0789 -0.5939 -0.8007
vn 0.0789 0.5939 -0.8007
vn 0.0660 -0.7394 -0.6701
vn 0.0506 -0.8566 -0.5134
vn 0.2155 -0.6698 -0.7106
vn 0.2627 0.4259 -0.8658
vn 0.0188 0.9988 -0.0454
vn 0.1246 -0.9032 -0.4108
vn 0.0428 0.9891 -0.1410
vn 0.1246 0.9032 -0.4108
vn 0.2627 -0.4259 -0.8658
vn 0.2155 0.6698 -0.7106
vn 0.0233 0.9988 -0.0435
vn 0.1150 0.9698 -0.2153
vn 0.1150 -0.9698 -0.2153
vn 0.0272 -0.9988 -0.0408
vn 0.3174 -0.7394 -0.5938
vn 0.6155 0.2419 -0.7501
vn 0.0935 0.9891 -0.1139
vn 0.2147 -0.9410 -0.2615
vn 0.2147 0.9410 -0.2615
vn 0.6155 -0.2419 -0.7501
vn 0.4271 -0.7394 -0.5205
vn 0.7721 0.0489 -0.6336
vn 0.7721 -0.0489 -0.6336
vn 0.0408 -0.9988 -0.0272
vn 0.7501 -0.2419 -0.6155
vn 0.6219 -0.5938 -0.5104
vn 0.6219 0.5938 -0.5104
vn 0.7501 0.2419 -0.6155
vn 0.1139 0.9891 -0.0935
vn 0.8725 -0.1460 -0.4664
vn 0.7574 -0.5122 -0.4048
vn 0.7574 0.5122 -0.4048
vn 0.0454 0.9988 -0.0188
vn 0.8725 0.1460 -0.4664
vn 0.8219 -0.5122 -0.2493
vn 0.8219 0.5122 -0.2493
vn 0.6443 -0.7394 -0.1955
vn 0.9285 0.2419 -0.2816
vn 0.4108 -0.9032 -0.1246
vn 0.1410 0.9891 -0.0428
vn 0.4108 0.9032 -0.1246
vn 0.9285 -0.2419 -0.2816
vn 0.8007 -0.5939 -0.0789
vn 0.8007 0.5939 -0.0789
vn 0.6701 -0.7394 -0.0660
vn 0.9940 0.0489 -0.0979
vn 0.9940 -0.0489 -0.0979
vn 0.0490 -0.9988 -0.0048
vn 0.6701 -0.7394 0.0660
vn 0.0490 -0.9988 0.0048
vn 0.9285 0.2418 0.2817
vn 0.0454 0.9988 0.0188
vn 0.4108 -0.9032 0.1246
vn 0.9467 0.1461 0.2872
vn 0.1410 0.9891 0.0428
vn 0.9467 -0.1461 0.2872
vn 0.4108 0.9032 0.1246
vn 0.9285 -0.2418 0.2817
vn 0.8219 -0.5122 0.2493
vn 0.8219 0.5122 0.2493
vn 0.6443 -0.7394 0.1954
vn 0.3785 -0.9032 0.2024
vn 0.3785 0.9032 0.2024
vn 0.0408 -0.9988 0.0272
vn 0.7980 -0.4259 0.4265
vn 0.7096 -0.5939 0.3793
vn 0.7096 0.5939 0.3793
vn 0.7980 0.4259 0.4265
vn 0.2616 0.9410 0.2146
vn 0.5205 -0.7394 0.4271
vn 0.1139 0.9891 0.0935
vn 0.2616 -0.9410 0.2146
vn 0.6155 -0.2419 0.7501
vn 0.4271 -0.7394 0.5205
vn 0.6155 0.2419 0.7501
vn 0.0935 0.9891 0.1139
vn 0.4265 -0.4259 0.7980
vn 0.3174 -0.7394 0.5938
vn 0.4265 0.4259 0.7980
vn 0.4574 0.2418 0.8557
vn 0.0233 0.9988 0.0435
vn 0.0188 0.9988 0.0454
vn 0.4708 0.0489 0.8809
vn 0.1151 0.9698 0.2152
vn 0.1151 -0.9698 0.2152
vn 0.4708 -0.0489 0.8809
vn 0.4574 -0.2418 0.8557
vn 0.2493 0.5123 0.8219
vn 0.1246 -0.9032 0.4108
vn 0.0428 0.9891 0.1410
vn 0.2899 0.0489 0.9558
vn 0.0708 0.9698 0.2336
vn 0.0708 -0.9698 0.2336
vn 0.2899 -0.0489 0.9558
vn 0.1246 0.9032 0.4108
vn 0.1955 0.7393 0.6444
vn 0.2493 -0.5123 0.8219
vn 0.0660 -0.7394 0.6701
vn 0.0979 0.0489 0.9940
vn 0.0048 -0.9988 0.0490
vn -0.0048 -0.9988 0.0490
vn -0.0660 -0.7394 0.6701
vn -0.0428 0.9891 0.1410
vn -0.0708 0.9698 0.2336
vn -0.0708 -0.9698 0.2336
vn -0.1246 0.9032 0.4108
vn -0.2493 -0.5123 0.8219
vn -0.2493 0.5123 0.8219
vn -0.1955 -0.7394 0.6443
vn -0.0188 0.9988 0.0454
vn -0.1246 -0.9032 0.4108
vn -0.4708 -0.0489 0.8809
vn -0.4574 -0.2418 0.8557
vn -0.3174 -0.7394 0.5938
vn -0.4574 0.2418 0.8557
vn -0.0233 0.9988 0.0435
vn -0.4708 0.0489 0.8809
vn -0.1151 0.9698 0.2152
vn -0.1151 -0.9698 0.2152
vn -0.6155 -0.2419 0.7501
vn -0.4271 -0.7394 0.5205
vn -0.6155 0.2419 0.7501
vn -0.0935 0.9891 0.1139
vn -0.5205 -0.7394 0.4271
vn -0.1139 0.9891 0.0935
vn -0.2616 -0.9410 0.2146
vn -0.2616 0.9410 0.2146
vn -0.0408 -0.9988 0.0272
vn -0.5938 -0.7394 0.3174
vn -0.7980 0.4259 0.4265
vn -0.0454 0.9988 0.0188
vn -0.3785 -0.9032 0.2024
vn -0.2153 0.9698 0.1150
vn -0.3785 0.9032 0.2024
vn -0.7980 -0.4259 0.4265
vn -0.6443 -0.7394 0.1954
vn -0.9285 0.2418 0.2817
vn -0.9467 0.1461 0.2872
vn -0.1410 0.9891 0.0428
vn -0.9467 -0.1461 0.2872
vn -0.9285 -0.2418 0.2817
vn -0.6444 0.7393 0.1955
vn -0.8219 -0.5122 0.2493
vn -0.8219 0.5122 0.2493
vn -0.1467 0.9891 0.0144
vn -0.9940 0.0489 0.0979
vn -0.9940 -0.0489 0.0979
vn -0.1467 -0.9891 0.0144
vn -0.0490 -0.9988 0.0048
vn -0.6701 -0.7394 0.0660
vn -0.9940 0.0489 -0.0979
vn -0.9940 -0.0489 -0.0979
vn -0.1467 -0.9891 -0.0144
vn -0.0490 -0.9988 -0.0048
vn -0.8007 -0.5939 -0.0789
vn -0.8007 0.5939 -0.0789
vn -0.6701 -0.7394 -0.0660
vn -0.1467 0.9891 -0.0144
vn -0.9467 -0.1461 -0.2872
vn -0.9285 -0.2418 -0.2817
vn -0.5718 0.8018 -0.1734
vn -0.6444 0.7393 -0.1955
vn -0.8219 -0.5122 -0.2493
vn -0.8219 0.5122 -0.2493
vn -0.9285 0.2418 -0.2817
vn -0.0454 0.9988 -0.0188
vn -0.9467 0.1461 -0.2872
vn -0.1410 0.9891 -0.0428
vn -0.3786 0.9032 -0.2023
vn -0.0408 -0.9988 -0.0272
vn -0.7980 -0.4259 -0.4265
vn -0.5939 0.7393 -0.3174
vn -0.7574 -0.5122 -0.4048
vn -0.7574 0.5122 -0.4048
vn -0.7980 0.4259 -0.4265
vn -0.3786 -0.9032 -0.2023
vn -0.6639 -0.5122 -0.5449
vn -0.6219 -0.5938 -0.5104
vn -0.6219 0.5938 -0.5104
vn -0.6639 0.5122 -0.5449
vn -0.1139 0.9891 -0.0935
vn -0.4271 -0.7394 -0.5205
vn -0.0935 0.9891 -0.1139
vn -0.0272 -0.9988 -0.0408
vn -0.3174 -0.7394 -0.5938
vn -0.4265 0.4259 -0.7980
vn -0.0233 0.9988 -0.0435
vn -0.0188 0.9988 -0.0454
vn -0.4265 -0.4259 -0.7980
vn -0.2155 -0.6698 -0.7106
vn -0.2493 0.5122 -0.8219
vn -0.0428 0.9891 -0.1410
vn -0.1955 0.7393 -0.6444
vn -0.2493 -0.5122 -0.8219
vn -0.2155 0.6698 -0.7106
vn -0.0145 0.9891 -0.1467
vn -0.0048 -0.9988 -0.0490
vn -0.0789 -0.5939 -0.8007
vn -0.0789 0.5939 -0.8007
vn -0.0660 -0.7394 -0.6701
vn 0.0979 -0.0489 -0.9940
vn 0.2493 0.5123 -0.8219
vn 0.2872 0.1461 -0.9467
vn 0.0708 0.9698 -0.2336
vn 0.0708 -0.9698 -0.2336
vn 0.2872 -0.1461 -0.9467
vn 0.2493 -0.5123 -0.8219
vn 0.4574 0.2418 -0.8557
vn 0.4663 0.1461 -0.8725
vn 0.1151 0.9698 -0.2152
vn 0.1151 -0.9698 -0.2152
vn 0.4663 -0.1461 -0.8725
vn 0.4574 -0.2418 -0.8557
vn 0.6276 -0.1461 -0.7647
vn 0.2616 0.9410 -0.2146
vn 0.5205 -0.7394 -0.4271
vn 0.2616 -0.9410 -0.2146
vn 0.3785 0.9032 -0.2024
vn 0.3785 -0.9032 -0.2024
vn 0.9467 0.1461 -0.2872
vn 0.9467 -0.1461 -0.2872
vn 0.9940 0.0489 0.0979
vn 0.9940 -0.0489 0.0979
vn 0.8007 -0.5939 0.0789
vn 0.8007 0.5939 0.0789
vn 0.2153 0.9698 0.1150
vn 0.2153 -0.9698 0.1150
vn 0.7574 -0.5122 0.4048
vn 0.7574 0.5122 0.4048
vn 0.2615 0.9410 0.2147
vn 0.1140 -0.9891 0.0936
vn 0.7501 -0.2419 0.6155
vn 0.6219 -0.5938 0.5104
vn 0.6219 0.5938 0.5104
vn 0.7501 0.2419 0.6155
vn 0.2615 -0.9410 0.2147
vn 0.0272 -0.9988 0.0408
vn 0.1549 0.9698 0.1887
vn 0.1549 -0.9698 0.1887
vn 0.1150 0.9698 0.2153
vn 0.2155 0.6698 0.7106
vn 0.2155 -0.6698 0.7106
vn 0.0789 -0.5939 0.8007
vn 0.0789 0.5939 0.8007
vn -0.0789 -0.5939 0.8007
vn -0.0789 0.5939 0.8007
vn -0.1955 0.7393 0.6444
vn -0.2155 0.6698 0.7106
vn -0.2155 -0.6698 0.7106
vn -0.0272 -0.9988 0.0408
vn -0.1150 0.9698 0.2153
vn -0.1150 -0.9698 0.2153
vn -0.2147 -0.9410 0.2615
vn -0.1549 0.9698 0.1887
vn -0.2147 0.9410 0.2615
vn -0.6219 -0.5938 0.5104
vn -0.6219 0.5938 0.5104
vn -0.7501 0.2419 0.6155
vn -0.2615 -0.9410 0.2147
vn -0.2615 0.9410 0.2147
vn -0.1140 -0.9891 0.0936
vn -0.7501 -0.2419 0.6155
vn -0.7574 0.5122 0.4048
vn -0.2153 -0.9698 0.1150
vn -0.7574 -0.5122 0.4048
vn -0.8007 -0.5939 0.0789
vn -0.8007 0.5939 0.0789
vn -0.2153 0.9698 -0.1150
vn -0.3785 0.9032 -0.2024
vn -0.5938 -0.7394 -0.3174
vn -0.3785 -0.9032 -0.2024
vn -0.2616 0.9410 -0.2146
vn -0.7500 -0.2419 -0.6156
vn -0.5205 -0.7394 -0.4271
vn -0.7500 0.2419 -0.6156
vn -0.2616 -0.9410 -0.2146
vn -0.1887 0.9698 -0.1549
vn -0.4574 0.2418 -0.8557
vn -0.4708 0.0489 -0.8809
vn -0.1151 0.9698 -0.2152
vn -0.1151 -0.9698 -0.2152
vn -0.4708 -0.0489 -0.8809
vn -0.4574 -0.2418 -0.8557
vn -0.2493 0.5123 -0.8219
vn -0.1955 -0.7394 -0.6443
vn -0.0708 0.9698 -0.2336
vn -0.0708 -0.9698 -0.2336
vn -0.2493 -0.5123 -0.8219
vn -0.3811 0.8984 -0.2182
vn 0.5039 -0.8139 0.2893
vn 0.4425 0.8590 0.2574
vn -0.6129 0.7071 -0.3525
vn -0.7783 0.4392 -0.4486
vn -0.0349 -0.9991 -0.0222
vn 0.2479 -0.9584 0.1412
vn -0.3811 0.8984 -0.2183
vn 0.4441 -0.8590 -0.2547
vn -0.7775 -0.4392 0.4500
vn -0.7444 0.5119 0.4289
vn -0.5603 0.7631 0.3221
vn -0.3156 0.9316 0.1804
vn 0.8652 -0.0413 -0.4997
vn 0.8070 -0.3635 -0.4654
vn 0.4440 -0.8591 -0.2547
vt 0.750000 0.562500
vt 0.750000 0.593750
vt 0.718750 0.593750
vt 0.718750 0.562500
vt 0.750000 0.968750
vt 0.734375 1.000000
vt 0.718750 0.968750
vt 0.750000 0.125000
vt 0.750000 0.156250
vt 0.718750 0.156250
vt 0.718750 0.125000
vt 0.750000 0.531250
vt 0.718750 0.531250
vt 0.750000 0.937500
vt 0.718750 0.937500
vt 0.750000 0.093750
vt 0.718750 0.093750
vt 0.750000 0.500000
vt 0.718750 0.500000
vt 0.750000 0.906250
vt 0.718750 0.906250
vt 0.750000 0.062500
vt 0.718750 0.062500
vt 0.750000 0.468750
vt 0.718750 0.468750
vt 0.750000 0.875000
vt 0.718750 0.875000
vt 0.750000 0.031250
vt 0.718750 0.031250
vt 0.750000 0.437500
vt 0.718750 0.437500
vt 0.750000 0.843750
vt 0.718750 0.843750
vt 0.734375 0.000000
vt 0.750000 0.406250
vt 0.718750 0.406250
vt 0.750000 0.812500
vt 0.718750 0.812500
vt 0.750000 0.375000
vt 0.718750 0.375000
vt 0.750000 0.781250
vt 0.718750 0.781250
vt 0.750000 0.343750
vt 0.718750 0.343750
vt 0.750000 0.750000
vt 0.718750 0.750000
vt 0.750000 0.312500
vt 0.718750 0.312500
vt 0.750000 0.718750
vt 0.718750 0.718750
vt 0.750000 0.281250
vt 0.718750 0.281250
vt 0.750000 0.687500
vt 0.718750 0.687500
vt 0.750000 0.250000
vt 0.718750 0.250000
vt 0.750000 0.656250
vt 0.718750 0.656250
vt 0.750000 0.218750
vt 0.718750 0.218750
vt 0.750000 0.625000
vt 0.718750 0.625000
vt 0.750000 0.187500
vt 0.718750 0.187500
vt 0.687500 0.750000
vt 0.687500 0.718750
vt 0.687500 0.312500
vt 0.687500 0.281250
vt 0.687500 0.687500
vt 0.687500 0.250000
vt 0.687500 0.656250
vt 0.687500 0.218750
vt 0.687500 0.625000
vt 0.687500 0.187500
vt 0.687500 0.593750
vt 0.687500 0.156250
vt 0.687500 0.562500
vt 0.703125 1.000000
vt 0.687500 0.968750
vt 0.687500 0.125000
vt 0.687500 0.531250
vt 0.687500 0.937500
vt 0.687500 0.093750
vt 0.687500 0.500000
vt 0.687500 0.906250
vt 0.687500 0.062500
vt 0.687500 0.468750
vt 0.687500 0.875000
vt 0.687500 0.031250
vt 0.687500 0.437500
vt 0.687500 0.843750
vt 0.703125 0.000000
vt 0.687500 0.406250
vt 0.687500 0.812500
vt 0.687500 0.375000
vt 0.687500 0.781250
vt 0.687500 0.343750
vt 0.656250 0.687500
vt 0.656250 0.656250
vt 0.656250 0.250000
vt 0.656250 0.218750
vt 0.656250 0.625000
vt 0.656250 0.187500
vt 0.656250 0.593750
vt 0.656250 0.156250
vt 0.656250 0.562500
vt 0.671875 1.000000
vt 0.656250 0.968750
vt 0.656250 0.125000
vt 0.656250 0.531250
vt 0.656250 0.937500
vt 0.656250 0.093750
vt 0.656250 0.500000
vt 0.656250 0.906250
vt 0.656250 0.062500
vt 0.656250 0.468750
vt 0.656250 0.875000
vt 0.656250 0.031250
vt 0.656250 0.437500
vt 0.656250 0.843750
vt 0.671875 0.000000
vt 0.656250 0.406250
vt 0.656250 0.812500
vt 0.656250 0.375000
vt 0.656250 0.781250
vt 0.656250 0.343750
vt 0.656250 0.750000
vt 0.656250 0.312500
vt 0.656250 0.718750
vt 0.656250 0.281250
vt 0.625000 0.625000
vt 0.625000 0.593750
vt 0.625000 0.187500
vt 0.625000 0.156250
vt 0.625000 0.562500
vt 0.640625 1.000000
vt 0.625000 0.968750
vt 0.625000 0.125000
vt 0.625000 0.531250
vt 0.625000 0.937500
vt 0.625000 0.093750
vt 0.625000 0.500000
vt 0.625000 0.906250
vt 0.625000 0.062500
vt 0.625000 0.468750
vt 0.625000 0.875000
vt 0.625000 0.031250
vt 0.625000 0.437500
vt 0.625000 0.843750
vt 0.640625 0.000000
vt 0.625000 0.406250
vt 0.625000 0.812500
vt 0.625000 0.375000
vt 0.625000 0.781250
vt 0.625000 0.343750
vt 0.625000 0.750000
vt 0.625000 0.312500
vt 0.625000 0.718750
vt 0.625000 0.281250
vt 0.625000 0.687500
vt 0.625000 0.250000
vt 0.625000 0.656250
vt 0.625000 0.218750
vt 0.593750 0.562500
vt 0.593750 0.531250
vt 0.593750 0.968750
vt 0.593750 0.937500
vt 0.593750 0.125000
vt 0.593750 0.093750
vt 0.593750 0.500000
vt 0.593750 0.906250
vt 0.593750 0.062500
vt 0.593750 0.468750
vt 0.593750 0.875000
vt 0.593750 0.031250
vt 0.593750 0.437500
vt 0.593750 0.843750
vt 0.609375 0.000000
vt 0.593750 0.406250
vt 0.593750 0.812500
vt 0.593750 0.375000
vt 0.593750 0.781250
vt 0.593750 0.343750
vt 0.593750 0.750000
vt 0.593750 0.312500
vt 0.593750 0.718750
vt 0.593750 0.281250
vt 0.593750 0.687500
vt 0.593750 0.250000
vt 0.593750 0.656250
vt 0.593750 0.218750
vt 0.593750 0.625000
vt 0.593750 0.187500
vt 0.593750 0.593750
vt 0.593750 0.156250
vt 0.609375 1.000000
vt 0.562500 0.500000
vt 0.562500 0.468750
vt 0.562500 0.906250
vt 0.562500 0.875000
vt 0.562500 0.062500
vt 0.562500 0.031250
vt 0.562500 0.437500
vt 0.562500 0.843750
vt 0.578125 0.000000
vt 0.562500 0.406250
vt 0.562500 0.812500
vt 0.562500 0.375000
vt 0.562500 0.781250
vt 0.562500 0.343750
vt 0.562500 0.750000
vt 0.562500 0.312500
vt 0.562500 0.718750
vt 0.562500 0.281250
vt 0.562500 0.687500
vt 0.562500 0.250000
vt 0.562500 0.656250
vt 0.562500 0.218750
vt 0.562500 0.625000
vt 0.562500 0.187500
vt 0.562500 0.593750
vt 0.562500 0.156250
vt 0.562500 0.562500
vt 0.578125 1.000000
vt 0.562500 0.968750
vt 0.562500 0.125000
vt 0.562500 0.531250
vt 0.562500 0.937500
vt 0.562500 0.093750
vt 0.531250 0.437500
vt 0.531250 0.406250
vt 0.531250 0.843750
vt 0.531250 0.812500
vt 0.531250 0.375000
vt 0.531250 0.781250
vt 0.531250 0.343750
vt 0.531250 0.750000
vt 0.531250 0.312500
vt 0.531250 0.718750
vt 0.531250 0.281250
vt 0.531250 0.687500
vt 0.531250 0.250000
vt 0.531250 0.656250
vt 0.531250 0.218750
vt 0.531250 0.625000
vt 0.531250 0.187500
vt 0.531250 0.593750
vt 0.531250 0.156250
vt 0.531250 0.562500
vt 0.546875 1.000000
vt 0.531250 0.968750
vt 0.531250 0.125000
vt 0.531250 0.531250
vt 0.531250 0.937500
vt 0.531250 0.093750
vt 0.531250 0.500000
vt 0.531250 0.906250
vt 0.531250 0.062500
vt 0.531250 0.468750
vt 0.531250 0.875000
vt 0.531250 0.031250
vt 0.546875 0.000000
vt 0.500000 0.375000
vt 0.500000 0.343750
vt 0.500000 0.781250
vt 0.500000 0.750000
vt 0.500000 0.312500
vt 0.500000 0.718750
vt 0.500000 0.281250
vt 0.500000 0.687500
vt 0.500000 0.250000
vt 0.500000 0.656250
vt 0.500000 0.218750
vt 0.500000 0.625000
vt 0.500000 0.187500
vt 0.500000 0.593750
vt 0.500000 0.156250
vt 0.500000 0.562500
vt 0.515625 1.000000
vt 0.500000 0.968750
vt 0.500000 0.125000
vt 0.500000 0.531250
vt 0.500000 0.937500
vt 0.500000 0.093750
vt 0.500000 0.500000
vt 0.500000 0.906250
vt 0.500000 0.062500
vt 0.500000 0.468750
vt 0.500000 0.875000
vt 0.500000 0.031250
vt 0.500000 0.437500
vt 0.500000 0.843750
vt 0.515625 0.000000
vt 0.500000 0.406250
vt 0.500000 0.812500
vt 0.468750 0.312500
vt 0.468750 0.281250
vt 0.468750 0.718750
vt 0.468750 0.687500
vt 0.468750 0.250000
vt 0.468750 0.656250
vt 0.468750 0.218750
vt 0.468750 0.625000
vt 0.468750 0.187500
vt 0.468750 0.593750
vt 0.468750 0.156250
vt 0.468750 0.562500
vt 0.484375 1.000000
vt 0.468750 0.968750
vt 0.468750 0.125000
vt 0.468750 0.531250
vt 0.468750 0.937500
vt 0.468750 0.093750
vt 0.468750 0.500000
vt 0.468750 0.906250
vt 0.468750 0.062500
vt 0.468750 0.468750
vt 0.468750 0.875000
vt 0.468750 0.031250
vt 0.468750 0.437500
vt 0.468750 0.843750
vt 0.484375 0.000000
vt 0.468750 0.406250
vt 0.468750 0.812500
vt 0.468750 0.375000
vt 0.468750 0.781250
vt 0.468750 0.343750
vt 0.468750 0.750000
vt 0.437500 0.250000
vt 0.437500 0.218750
vt 0.437500 0.656250
vt 0.437500 0.625000
vt 0.437500 0.187500
vt 0.437500 0.593750
vt 0.437500 0.156250
vt 0.437500 0.562500
vt 0.453125 1.000000
vt 0.437500 0.968750
vt 0.437500 0.125000
vt 0.437500 0.531250
vt 0.437500 0.937500
vt 0.437500 0.093750
vt 0.437500 0.500000
vt 0.437500 0.906250
vt 0.437500 0.062500
vt 0.437500 0.468750
vt 0.437500 0.875000
vt 0.437500 0.031250
vt 0.437500 0.437500
vt 0.437500 0.843750
vt 0.453125 0.000000
vt 0.437500 0.406250
vt 0.437500 0.812500
vt 0.437500 0.375000
vt 0.437500 0.781250
vt 0.437500 0.343750
vt 0.437500 0.750000
vt 0.437500 0.312500
vt 0.437500 0.718750
vt 0.437500 0.281250
vt 0.437500 0.687500
vt 0.406250 0.187500
vt 0.406250 0.156250
vt 0.406250 0.593750
vt 0.406250 0.562500
vt 0.421875 1.000000
vt 0.406250 0.968750
vt 0.406250 0.125000
vt 0.406250 0.531250
vt 0.406250 0.937500
vt 0.406250 0.093750
vt 0.406250 0.500000
vt 0.406250 0.906250
vt 0.406250 0.062500
vt 0.406250 0.468750
vt 0.406250 0.875000
vt 0.406250 0.031250
vt 0.406250 0.437500
vt 0.406250 0.843750
vt 0.421875 0.000000
vt 0.406250 0.406250
vt 0.406250 0.812500
vt 0.406250 0.375000
vt 0.406250 0.781250
vt 0.406250 0.343750
vt 0.406250 0.750000
vt 0.406250 0.312500
vt 0.406250 0.718750
vt 0.406250 0.281250
vt 0.406250 0.687500
vt 0.406250 0.250000
vt 0.406250 0.656250
vt 0.406250 0.218750
vt 0.406250 0.625000
vt 0.375000 0.968750
vt 0.375000 0.937500
vt 0.375000 0.125000
vt 0.375000 0.093750
vt 0.375000 0.531250
vt 0.375000 0.500000
vt 0.375000 0.906250
vt 0.375000 0.062500
vt 0.375000 0.468750
vt 0.375000 0.875000
vt 0.375000 0.031250
vt 0.375000 0.437500
vt 0.375000 0.843750
vt 0.390625 0.000000
vt 0.375000 0.406250
vt 0.375000 0.812500
vt 0.375000 0.375000
vt 0.375000 0.781250
vt 0.375000 0.343750
vt 0.375000 0.750000
vt 0.375000 0.312500
vt 0.375000 0.718750
vt 0.375000 0.281250
vt 0.375000 0.687500
vt 0.375000 0.250000
vt 0.375000 0.656250
vt 0.375000 0.218750
vt 0.375000 0.625000
vt 0.375000 0.187500
vt 0.375000 0.593750
vt 0.375000 0.156250
vt 0.375000 0.562500
vt 0.390625 1.000000
vt 0.343750 0.906250
vt 0.343750 0.875000
vt 0.343750 0.062500
vt 0.343750 0.031250
vt 0.343750 0.468750
vt 0.343750 0.437500
vt 0.343750 0.843750
vt 0.359375 0.000000
vt 0.343750 0.406250
vt 0.343750 0.812500
vt 0.343750 0.375000
vt 0.343750 0.781250
vt 0.343750 0.343750
vt 0.343750 0.750000
vt 0.343750 0.312500
vt 0.343750 0.718750
vt 0.343750 0.281250
vt 0.343750 0.687500
vt 0.343750 0.250000
vt 0.343750 0.656250
vt 0.343750 0.218750
vt 0.343750 0.625000
vt 0.343750 0.187500
vt 0.343750 0.593750
vt 0.343750 0.156250
vt 0.343750 0.562500
vt 0.359375 1.000000
vt 0.343750 0.968750
vt 0.343750 0.125000
vt 0.343750 0.531250
vt 0.343750 0.937500
vt 0.343750 0.093750
vt 0.343750 0.500000
vt 0.312500 0.843750
vt 0.312500 0.812500
vt 0.312500 0.406250
vt 0.312500 0.375000
vt 0.312500 0.781250
vt 0.312500 0.343750
vt 0.312500 0.750000
vt 0.312500 0.312500
vt 0.312500 0.718750
vt 0.312500 0.281250
vt 0.312500 0.687500
vt 0.312500 0.250000
vt 0.312500 0.656250
vt 0.312500 0.218750
vt 0.312500 0.625000
vt 0.312500 0.187500
vt 0.312500 0.593750
vt 0.312500 0.156250
vt 0.312500 0.562500
vt 0.328125 1.000000
vt 0.312500 0.968750
vt 0.312500 0.125000
vt 0.312500 0.531250
vt 0.312500 0.937500
vt 0.312500 0.093750
vt 0.312500 0.500000
vt 0.312500 0.906250
vt 0.312500 0.062500
vt 0.312500 0.468750
vt 0.312500 0.875000
vt 0.312500 0.031250
vt 0.312500 0.437500
vt 0.328125 0.000000
vt 0.281250 0.781250
vt 0.281250 0.750000
vt 0.281250 0.343750
vt 0.281250 0.312500
vt 0.281250 0.718750
vt 0.281250 0.281250
vt 0.281250 0.687500
vt 0.281250 0.250000
vt 0.281250 0.656250
vt 0.281250 0.218750
vt 0.281250 0.625000
vt 0.281250 0.187500
vt 0.281250 0.593750
vt 0.281250 0.156250
vt 0.281250 0.562500
vt 0.296875 1.000000
vt 0.281250 0.968750
vt 0.281250 0.125000
vt 0.281250 0.531250
vt 0.281250 0.937500
vt 0.281250 0.093750
vt 0.281250 0.500000
vt 0.281250 0.906250
vt 0.281250 0.062500
vt 0.281250 0.468750
vt 0.281250 0.875000
vt 0.281250 0.031250
vt 0.281250 0.437500
vt 0.281250 0.843750
vt 0.296875 0.000000
vt 0.281250 0.406250
vt 0.281250 0.812500
vt 0.281250 0.375000
vt 0.250000 0.718750
vt 0.250000 0.687500
vt 0.250000 0.281250
vt 0.250000 0.250000
vt 0.250000 0.656250
vt 0.250000 0.218750
vt 0.250000 0.625000
vt 0.250000 0.187500
vt 0.250000 0.593750
vt 0.250000 0.156250
vt 0.250000 0.562500
vt 0.265625 1.000000
vt 0.250000 0.968750
vt 0.250000 0.125000
vt 0.250000 0.531250
vt 0.250000 0.937500
vt 0.250000 0.093750
vt 0.250000 0.500000
vt 0.250000 0.906250
vt 0.250000 0.062500
vt 0.250000 0.468750
vt 0.250000 0.875000
vt 0.250000 0.031250
vt 0.250000 0.437500
vt 0.250000 0.843750
vt 0.265625 0.000000
vt 0.250000 0.406250
vt 0.250000 0.812500
vt 0.250000 0.375000
vt 0.250000 0.781250
vt 0.250000 0.343750
vt 0.250000 0.750000
vt 0.250000 0.312500
vt 0.218750 0.656250
vt 0.218750 0.625000
vt 0.218750 0.218750
vt 0.218750 0.187500
vt 0.218750 0.593750
vt 0.218750 0.156250
vt 0.218750 0.562500
vt 0.234375 1.000000
vt 0.218750 0.968750
vt 0.218750 0.125000
vt 0.218750 0.531250
vt 0.218750 0.937500
vt 0.218750 0.093750
vt 0.218750 0.500000
vt 0.218750 0.906250
vt 0.218750 0.062500
vt 0.218750 0.468750
vt 0.218750 0.875000
vt 0.218750 0.031250
vt 0.218750 0.437500
vt 0.218750 0.843750
vt 0.234375 0.000000
vt 0.218750 0.406250
vt 0.218750 0.812500
vt 0.218750 0.375000
vt 0.218750 0.781250
vt 0.218750 0.343750
vt 0.218750 0.750000
vt 0.218750 0.312500
vt 0.218750 0.718750
vt 0.218750 0.281250
vt 0.218750 0.687500
vt 0.218750 0.250000
vt 0.187500 0.593750
vt 0.187500 0.562500
vt 0.203125 1.000000
vt 0.187500 0.968750
vt 0.187500 0.156250
vt 0.187500 0.125000
vt 0.187500 0.531250
vt 0.187500 0.937500
vt 0.187500 0.093750
vt 0.187500 0.500000
vt 0.187500 0.906250
vt 0.187500 0.062500
vt 0.187500 0.468750
vt 0.187500 0.875000
vt 0.187500 0.031250
vt 0.187500 0.437500
vt 0.187500 0.843750
vt 0.203125 0.000000
vt 0.187500 0.406250
vt 0.187500 0.812500
vt 0.187500 0.375000
vt 0.187500 0.781250
vt 0.187500 0.343750
vt 0.187500 0.750000
vt 0.187500 0.312500
vt 0.187500 0.718750
vt 0.187500 0.281250
vt 0.187500 0.687500
vt 0.187500 0.250000
vt 0.187500 0.656250
vt 0.187500 0.218750
vt 0.187500 0.625000
vt 0.187500 0.187500
vt 0.156250 0.531250
vt 0.156250 0.500000
vt 0.156250 0.937500
vt 0.156250 0.906250
vt 0.156250 0.093750
vt 0.156250 0.062500
vt 0.156250 0.468750
vt 0.156250 0.875000
vt 0.156250 0.031250
vt 0.156250 0.437500
vt 0.156250 0.843750
vt 0.171875 0.000000
vt 0.156250 0.406250
vt 0.156250 0.812500
vt 0.156250 0.375000
vt 0.156250 0.781250
vt 0.156250 0.343750
vt 0.156250 0.750000
vt 0.156250 0.312500
vt 0.156250 0.718750
vt 0.156250 0.281250
vt 0.156250 0.687500
vt 0.156250 0.250000
vt 0.156250 0.656250
vt 0.156250 0.218750
vt 0.156250 0.625000
vt 0.156250 0.187500
vt 0.156250 0.593750
vt 0.156250 0.156250
vt 0.156250 0.562500
vt 0.171875 1.000000
vt 0.156250 0.968750
vt 0.156250 0.125000
vt 0.125000 0.468750
vt 0.125000 0.437500
vt 0.125000 0.875000
vt 0.125000 0.843750
vt 0.140625 0.000000
vt 0.125000 0.031250
vt 0.125000 0.406250
vt 0.125000 0.812500
vt 0.125000 0.375000
vt 0.125000 0.781250
vt 0.125000 0.343750
vt 0.125000 0.750000
vt 0.125000 0.312500
vt 0.125000 0.718750
vt 0.125000 0.281250
vt 0.125000 0.687500
vt 0.125000 0.250000
vt 0.125000 0.656250
vt 0.125000 0.218750
vt 0.125000 0.625000
vt 0.125000 0.187500
vt 0.125000 0.593750
vt 0.125000 0.156250
vt 0.125000 0.562500
vt 0.140625 1.000000
vt 0.125000 0.968750
vt 0.125000 0.125000
vt 0.125000 0.531250
vt 0.125000 0.937500
vt 0.125000 0.093750
vt 0.125000 0.500000
vt 0.125000 0.906250
vt 0.125000 0.062500
vt 0.093750 0.406250
vt 0.093750 0.375000
vt 0.093750 0.812500
vt 0.093750 0.781250
vt 0.093750 0.343750
vt 0.093750 0.750000
vt 0.093750 0.312500
vt 0.093750 0.718750
vt 0.093750 0.281250
vt 0.093750 0.687500
vt 0.093750 0.250000
vt 0.093750 0.656250
vt 0.093750 0.218750
vt 0.093750 0.625000
vt 0.093750 0.187500
vt 0.093750 0.593750
vt 0.093750 0.156250
vt 0.093750 0.562500
vt 0.109375 1.000000
vt 0.093750 0.968750
vt 0.093750 0.125000
vt 0.093750 0.531250
vt 0.093750 0.937500
vt 0.093750 0.093750
vt 0.093750 0.500000
vt 0.093750 0.906250
vt 0.093750 0.062500
vt 0.093750 0.468750
vt 0.093750 0.875000
vt 0.093750 0.031250
vt 0.093750 0.437500
vt 0.093750 0.843750
vt 0.109375 0.000000
vt 0.062500 0.343750
vt 0.062500 0.312500
vt 0.062500 0.750000
vt 0.062500 0.718750
vt 0.062500 0.281250
vt 0.062500 0.687500
vt 0.062500 0.250000
vt 0.062500 0.656250
vt 0.062500 0.218750
vt 0.062500 0.625000
vt 0.062500 0.187500
vt 0.062500 0.593750
vt 0.062500 0.156250
vt 0.062500 0.562500
vt 0.078125 1.000000
vt 0.062500 0.968750
vt 0.062500 0.125000
vt 0.062500 0.531250
vt 0.062500 0.937500
vt 0.062500 0.093750
vt 0.062500 0.500000
vt 0.062500 0.906250
vt 0.062500 0.062500
vt 0.062500 0.468750
vt 0.062500 0.875000
vt 0.062500 0.031250
vt 0.062500 0.437500
vt 0.062500 0.843750
vt 0.078125 0.000000
vt 0.062500 0.406250
vt 0.062500 0.812500
vt 0.062500 0.375000
vt 0.062500 0.781250
vt 0.031250 0.281250
vt 0.031250 0.250000
vt 0.031250 0.687500
vt 0.031250 0.656250
vt 0.031250 0.218750
vt 0.031250 0.625000
vt 0.031250 0.187500
vt 0.031250 0.593750
vt 0.031250 0.156250
vt 0.031250 0.562500
vt 0.046875 1.000000
vt 0.031250 0.968750
vt 0.031250 0.125000
vt 0.031250 0.531250
vt 0.031250 0.937500
vt 0.031250 0.093750
vt 0.031250 0.500000
vt 0.031250 0.906250
vt 0.031250 0.062500
vt 0.031250 0.468750
vt 0.031250 0.875000
vt 0.031250 0.031250
vt 0.031250 0.437500
vt 0.031250 0.843750
vt 0.046875 0.000000
vt 0.031250 0.406250
vt 0.031250 0.812500
vt 0.031250 0.375000
vt 0.031250 0.781250
vt 0.031250 0.343750
vt 0.031250 0.750000
vt 0.031250 0.312500
vt 0.031250 0.718750
vt 0.000000 0.218750
vt 0.000000 0.187500
vt 0.000000 0.625000
vt 0.000000 0.593750
vt 0.000000 0.156250
vt 0.000000 0.562500
vt 0.015625 1.000000
vt 0.000000 0.968750
vt 0.000000 0.125000
vt 0.000000 0.531250
vt 0.000000 0.937500
vt 0.000000 0.093750
vt 0.000000 0.500000
vt 0.000000 0.906250
vt 0.000000 0.062500
vt 0.000000 0.468750
vt 0.000000 0.875000
vt 0.000000 0.031250
vt 0.000000 0.437500
vt 0.000000 0.843750
vt 0.015625 0.000000
vt 0.000000 0.406250
vt 0.000000 0.812500
vt 0.000000 0.375000
vt 0.000000 0.781250
vt 0.000000 0.343750
vt 0.000000 0.750000
vt 0.000000 0.312500
vt 0.000000 0.718750
vt 0.000000 0.281250
vt 0.000000 0.687500
vt 0.000000 0.250000
vt 0.000000 0.656250
vt 1.000000 0.125000
vt 1.000000 0.156250
vt 0.968750 0.156250
vt 0.968750 0.125000
vt 1.000000 0.531250
vt 1.000000 0.562500
vt 0.968750 0.562500
vt 0.968750 0.531250
vt 1.000000 0.937500
vt 1.000000 0.968750
vt 0.968750 0.968750
vt 0.968750 0.937500
vt 1.000000 0.093750
vt 0.968750 0.093750
vt 1.000000 0.500000
vt 0.968750 0.500000
vt 1.000000 0.906250
vt 0.968750 0.906250
vt 1.000000 0.062500
vt 0.968750 0.062500
vt 1.000000 0.468750
vt 0.968750 0.468750
vt 1.000000 0.875000
vt 0.968750 0.875000
vt 1.000000 0.031250
vt 0.968750 0.031250
vt 1.000000 0.437500
vt 0.968750 0.437500
vt 1.000000 0.843750
vt 0.968750 0.843750
vt 0.984375 0.000000
vt 1.000000 0.406250
vt 0.968750 0.406250
vt 1.000000 0.812500
vt 0.968750 0.812500
vt 1.000000 0.375000
vt 0.968750 0.375000
vt 1.000000 0.781250
vt 0.968750 0.781250
vt 1.000000 0.343750
vt 0.968750 0.343750
vt 1.000000 0.750000
vt 0.968750 0.750000
vt 1.000000 0.312500
vt 0.968750 0.312500
vt 1.000000 0.718750
vt 0.968750 0.718750
vt 1.000000 0.281250
vt 0.968750 0.281250
vt 1.000000 0.687500
vt 0.968750 0.687500
vt 1.000000 0.250000
vt 0.968750 0.250000
vt 1.000000 0.656250
vt 0.968750 0.656250
vt 1.000000 0.218750
vt 0.968750 0.218750
vt 1.000000 0.625000
vt 0.968750 0.625000
vt 1.000000 0.187500
vt 0.968750 0.187500
vt 1.000000 0.593750
vt 0.968750 0.593750
vt 0.984375 1.000000
vt 0.937500 0.093750
vt 0.937500 0.062500
vt 0.937500 0.500000
vt 0.937500 0.468750
vt 0.937500 0.906250
vt 0.937500 0.875000
vt 0.937500 0.031250
vt 0.937500 0.437500
vt 0.937500 0.843750
vt 0.953125 0.000000
vt 0.937500 0.406250
vt 0.937500 0.812500
vt 0.937500 0.375000
vt 0.937500 0.781250
vt 0.937500 0.343750
vt 0.937500 0.750000
vt 0.937500 0.312500
vt 0.937500 0.718750
vt 0.937500 0.281250
vt 0.937500 0.687500
vt 0.937500 0.250000
vt 0.937500 0.656250
vt 0.937500 0.218750
vt 0.937500 0.625000
vt 0.937500 0.187500
vt 0.937500 0.593750
vt 0.937500 0.156250
vt 0.937500 0.562500
vt 0.953125 1.000000
vt 0.937500 0.968750
vt 0.937500 0.125000
vt 0.937500 0.531250
vt 0.937500 0.937500
vt 0.921875 1.000000
vt 0.906250 0.968750
vt 0.906250 0.156250
vt 0.906250 0.125000
vt 0.906250 0.562500
vt 0.906250 0.531250
vt 0.906250 0.937500
vt 0.906250 0.093750
vt 0.906250 0.500000
vt 0.906250 0.906250
vt 0.906250 0.062500
vt 0.906250 0.468750
vt 0.906250 0.875000
vt 0.906250 0.031250
vt 0.906250 0.437500
vt 0.906250 0.843750
vt 0.921875 0.000000
vt 0.906250 0.406250
vt 0.906250 0.812500
vt 0.906250 0.375000
vt 0.906250 0.781250
vt 0.906250 0.343750
vt 0.906250 0.750000
vt 0.906250 0.312500
vt 0.906250 0.718750
vt 0.906250 0.281250
vt 0.906250 0.687500
vt 0.906250 0.250000
vt 0.906250 0.656250
vt 0.906250 0.218750
vt 0.906250 0.625000
vt 0.906250 0.187500
vt 0.906250 0.593750
vt 0.875000 0.937500
vt 0.875000 0.906250
vt 0.875000 0.093750
vt 0.875000 0.062500
vt 0.875000 0.500000
vt 0.875000 0.468750
vt 0.875000 0.875000
vt 0.875000 0.031250
vt 0.875000 0.437500
vt 0.875000 0.843750
vt 0.890625 0.000000
vt 0.875000 0.406250
vt 0.875000 0.812500
vt 0.875000 0.375000
vt 0.875000 0.781250
vt 0.875000 0.343750
vt 0.875000 0.750000
vt 0.875000 0.312500
vt 0.875000 0.718750
vt 0.875000 0.281250
vt 0.875000 0.687500
vt 0.875000 0.250000
vt 0.875000 0.656250
vt 0.875000 0.218750
vt 0.875000 0.625000
vt 0.875000 0.187500
vt 0.875000 0.593750
vt 0.875000 0.156250
vt 0.875000 0.562500
vt 0.890625 1.000000
vt 0.875000 0.968750
vt 0.875000 0.125000
vt 0.875000 0.531250
vt 0.843750 0.875000
vt 0.843750 0.843750
vt 0.859375 0.000000
vt 0.843750 0.031250
vt 0.843750 0.437500
vt 0.843750 0.406250
vt 0.843750 0.812500
vt 0.843750 0.375000
vt 0.843750 0.781250
vt 0.843750 0.343750
vt 0.843750 0.750000
vt 0.843750 0.312500
vt 0.843750 0.718750
vt 0.843750 0.281250
vt 0.843750 0.687500
vt 0.843750 0.250000
vt 0.843750 0.656250
vt 0.843750 0.218750
vt 0.843750 0.625000
vt 0.843750 0.187500
vt 0.843750 0.593750
vt 0.843750 0.156250
vt 0.843750 0.562500
vt 0.859375 1.000000
vt 0.843750 0.968750
vt 0.843750 0.125000
vt 0.843750 0.531250
vt 0.843750 0.937500
vt 0.843750 0.093750
vt 0.843750 0.500000
vt 0.843750 0.906250
vt 0.843750 0.062500
vt 0.843750 0.468750
vt 0.812500 0.812500
vt 0.812500 0.781250
vt 0.812500 0.375000
vt 0.812500 0.343750
vt 0.812500 0.750000
vt 0.812500 0.312500
vt 0.812500 0.718750
vt 0.812500 0.281250
vt 0.812500 0.687500
vt 0.812500 0.250000
vt 0.812500 0.656250
vt 0.812500 0.218750
vt 0.812500 0.625000
vt 0.812500 0.187500
vt 0.812500 0.593750
vt 0.812500 0.156250
vt 0.812500 0.562500
vt 0.828125 1.000000
vt 0.812500 0.968750
vt 0.812500 0.125000
vt 0.812500 0.531250
vt 0.812500 0.937500
vt 0.812500 0.093750
vt 0.812500 0.500000
vt 0.812500 0.906250
vt 0.812500 0.062500
vt 0.812500 0.468750
vt 0.812500 0.875000
vt 0.812500 0.031250
vt 0.812500 0.437500
vt 0.812500 0.843750
vt 0.828125 0.000000
vt 0.812500 0.406250
vt 0.781250 0.750000
vt 0.781250 0.718750
vt 0.781250 0.312500
vt 0.781250 0.281250
vt 0.781250 0.687500
vt 0.781250 0.250000
vt 0.781250 0.656250
vt 0.781250 0.218750
vt 0.781250 0.625000
vt 0.781250 0.187500
vt 0.781250 0.593750
vt 0.781250 0.156250
vt 0.781250 0.562500
vt 0.796875 1.000000
vt 0.781250 0.968750
vt 0.781250 0.125000
vt 0.781250 0.531250
vt 0.781250 0.937500
vt 0.781250 0.093750
vt 0.781250 0.500000
vt 0.781250 0.906250
vt 0.781250 0.062500
vt 0.781250 0.468750
vt 0.781250 0.875000
vt 0.781250 0.031250
vt 0.781250 0.437500
vt 0.781250 0.843750
vt 0.796875 0.000000
vt 0.781250 0.406250
vt 0.781250 0.812500
vt 0.781250 0.375000
vt 0.781250 0.781250
vt 0.781250 0.343750
vt 0.765625 1.000000
vt 0.765625 0.000000
vt 0.000000 0.000000
s 1
usemtl Carbon
f 5/1/1 4/2/1 29/3/1 30/4/1
f 980/5/2 514/6/2 17/7/3
f 993/8/4 14/9/4 43/10/4 44/11/4
f 6/12/5 5/1/5 30/4/5 31/13/5
f 981/14/6 980/5/6 17/7/6 18/15/6
f 994/16/7 993/8/7 44/11/7 45/17/7
f 989/18/8 6/12/8 31/13/8 32/19/8
f 982/20/9 981/14/9 18/15/9 19/21/9
f 15/22/10 994/16/10 45/17/10 46/23/10
f 7/24/11 989/18/11 32/19/11 33/25/11
f 983/26/12 982/20/12 19/21/12 20/27/12
f 16/28/13 15/22/13 46/23/13 47/29/13
f 8/30/14 7/24/14 33/25/14 34/31/14
f 984/32/15 983/26/15 20/27/15 21/33/15
f 513/34/16 16/28/17 47/29/16
f 990/35/18 8/30/18 34/31/18 35/36/18
f 985/37/19 984/32/19 21/33/19 22/38/19
f 991/39/20 990/35/20 35/36/20 36/40/20
f 1/41/21 985/37/21 22/38/21 23/42/21
f 9/43/22 991/39/22 36/40/22 37/44/22
f 986/45/23 1/41/23 23/42/23 24/46/23
f 10/47/24 9/43/24 37/44/24 38/48/24
f 2/49/25 986/45/25 24/46/25 25/50/25
f 11/51/26 10/47/26 38/48/26 39/52/26
f 987/53/27 2/49/27 25/50/27 26/54/27
f 992/55/28 11/51/28 39/52/28 40/56/28
f 988/57/29 987/53/29 26/54/29 27/58/29
f 12/59/30 992/55/30 40/56/30 41/60/30
f 3/61/31 988/57/31 27/58/31 28/62/31
f 13/63/32 12/59/32 41/60/32 42/64/32
f 4/2/33 3/61/33 28/62/33 29/3/33
f 14/9/34 13/63/34 42/64/34 43/10/34
f 25/50/35 24/46/35 55/65/35 56/66/35
f 39/52/36 38/48/36 69/67/36 70/68/36
f 26/54/37 25/50/37 56/66/37 57/69/37
f 40/56/38 39/52/38 70/68/38 71/70/38
f 27/58/39 26/54/39 57/69/39 58/71/39
f 41/60/40 40/56/40 71/70/40 72/72/40
f 28/62/41 27/58/41 58/71/41 59/73/41
f 42/64/42 41/60/42 72/72/42 73/74/42
f 29/3/43 28/62/43 59/73/43 60/75/43
f 43/10/44 42/64/44 73/74/44 74/76/44
f 30/4/45 29/3/45 60/75/45 61/77/45
f 17/7/46 514/78/47 48/79/47
f 44/11/48 43/10/48 74/76/48 75/80/48
f 31/13/49 30/4/49 61/77/49 62/81/49
f 18/15/50 17/7/50 48/79/50 49/82/50
f 45/17/51 44/11/51 75/80/51 76/83/51
f 32/19/52 31/13/52 62/81/52 63/84/52
f 19/21/53 18/15/53 49/82/53 50/85/53
f 46/23/54 45/17/54 76/83/54 77/86/54
f 33/25/55 32/19/55 63/84/55 64/87/55
f 20/27/56 19/21/56 50/85/56 51/88/56
f 47/29/57 46/23/57 77/86/57 78/89/57
f 34/31/58 33/25/58 64/87/58 65/90/58
f 21/33/59 20/27/59 51/88/59 52/91/59
f 513/92/16 47/29/16 78/89/60
f 35/36/61 34/31/61 65/90/61 66/93/61
f 22/38/62 21/33/62 52/91/62 53/94/62
f 36/40/63 35/36/63 66/93/63 67/95/63
f 23/42/64 22/38/64 53/94/64 54/96/64
f 37/44/65 36/40/65 67/95/65 68/97/65
f 24/46/66 23/42/66 54/96/66 55/65/66
f 38/48/67 37/44/67 68/97/67 69/67/67
f 58/71/68 57/69/68 88/98/68 89/99/68
f 72/72/69 71/70/69 102/100/69 103/101/69
f 59/73/70 58/71/70 89/99/70 90/102/70
f 73/74/71 72/72/71 103/101/71 104/103/71
f 60/75/72 59/73/72 90/102/72 91/104/72
f 74/76/73 73/74/73 104/103/73 105/105/73
f 61/77/74 60/75/74 91/104/74 92/106/74
f 48/79/47 514/107/47 79/108/75
f 75/80/76 74/76/76 105/105/76 106/109/76
f 62/81/77 61/77/77 92/106/77 93/110/77
f 49/82/78 48/79/78 79/108/78 80/111/78
f 76/83/79 75/80/79 106/109/79 107/112/79
f 63/84/80 62/81/80 93/110/80 94/113/80
f 50/85/81 49/82/81 80/111/81 81/114/81
f 77/86/82 76/83/82 107/112/82 108/115/82
f 64/87/83 63/84/83 94/113/83 95/116/83
f 51/88/84 50/85/84 81/114/84 82/117/84
f 78/89/85 77/86/85 108/115/85 109/118/85
f 65/90/86 64/87/86 95/116/86 96/119/86
f 52/91/87 51/88/87 82/117/87 83/120/87
f 513/121/88 78/89/89 109/118/88
f 66/93/90 65/90/90 96/119/90 97/122/90
f 53/94/91 52/91/91 83/120/91 84/123/91
f 67/95/92 66/93/92 97/122/92 98/124/92
f 54/96/93 53/94/93 84/123/93 85/125/93
f 68/97/94 67/95/94 98/124/94 99/126/94
f 55/65/95 54/96/95 85/125/95 86/127/95
f 69/67/96 68/97/96 99/126/96 100/128/96
f 56/66/97 55/65/97 86/127/97 87/129/97
f 70/68/98 69/67/98 100/128/98 101/130/98
f 57/69/99 56/66/99 87/129/99 88/98/99
f 71/70/100 70/68/100 101/130/100 102/100/100
f 91/104/101 90/102/101 121/131/101 122/132/101
f 105/105/102 104/103/102 135/133/102 136/134/102
f 92/106/103 91/104/103 122/132/103 123/135/103
f 79/108/104 514/136/105 110/137/105
f 106/109/106 105/105/106 136/134/106 137/138/106
f 93/110/107 92/106/107 123/135/107 124/139/107
f 80/111/108 79/108/108 110/137/108 111/140/108
f 107/112/109 106/109/109 137/138/109 138/141/109
f 94/113/110 93/110/110 124/139/110 125/142/110
f 81/114/111 80/111/111 111/140/111 112/143/111
f 108/115/112 107/112/112 138/141/112 139/144/112
f 95/116/113 94/113/113 125/142/113 126/145/113
f 82/117/114 81/114/114 112/143/114 113/146/114
f 109/118/115 108/115/115 139/144/115 140/147/115
f 96/119/116 95/116/116 126/145/116 127/148/116
f 83/120/117 82/117/117 113/146/117 114/149/117
f 513/150/88 109/118/88 140/147/118
f 97/122/119 96/119/119 127/148/119 128/151/119
f 84/123/120 83/120/120 114/149/120 115/152/120
f 98/124/121 97/122/121 128/151/121 129/153/121
f 85/125/122 84/123/122 115/152/122 116/154/122
f 99/126/123 98/124/123 129/153/123 130/155/123
f 86/127/124 85/125/124 116/154/124 117/156/124
f 100/128/125 99/126/125 130/155/125 131/157/125
f 87/129/126 86/127/126 117/156/126 118/158/126
f 101/130/127 100/128/127 131/157/127 132/159/127
f 88/98/128 87/129/128 118/158/128 119/160/128
f 102/100/129 101/130/129 132/159/129 133/161/129
f 89/99/130 88/98/130 119/160/130 120/162/130
f 103/101/131 102/100/131 133/161/131 134/163/131
f 90/102/132 89/99/132 120/162/132 121/131/132
f 104/103/133 103/101/133 134/163/133 135/133/133
f 124/139/134 123/135/134 154/164/134 155/165/134
f 111/140/135 110/137/135 141/166/135 142/167/135
f 138/141/136 137/138/136 168/168/136 169/169/136
f 125/142/137 124/139/137 155/165/137 156/170/137
f 112/143/138 111/140/138 142/167/138 143/171/138
f 139/144/139 138/141/139 169/169/139 170/172/139
f 126/145/140 125/142/140 156/170/140 157/173/140
f 113/146/141 112/143/141 143/171/141 144/174/141
f 140/147/142 139/144/142 170/172/142 171/175/142
f 127/148/143 126/145/143 157/173/143 158/176/143
f 114/149/144 113/146/144 144/174/144 145/177/144
f 513/178/145 140/147/146 171/175/145
f 128/151/147 127/148/147 158/176/147 159/179/147
f 115/152/148 114/149/148 145/177/148 146/180/148
f 129/153/149 128/151/149 159/179/149 160/181/149
f 116/154/150 115/152/150 146/180/150 147/182/150
f 130/155/151 129/153/151 160/181/151 161/183/151
f 117/156/152 116/154/152 147/182/152 148/184/152
f 131/157/153 130/155/153 161/183/153 162/185/153
f 118/158/154 117/156/154 148/184/154 149/186/154
f 132/159/155 131/157/155 162/185/155 163/187/155
f 119/160/156 118/158/156 149/186/156 150/188/156
f 133/161/157 132/159/157 163/187/157 164/189/157
f 120/162/158 119/160/158 150/188/158 151/190/158
f 134/163/159 133/161/159 164/189/159 165/191/159
f 121/131/160 120/162/160 151/190/160 152/192/160
f 135/133/161 134/163/161 165/191/161 166/193/161
f 122/132/162 121/131/162 152/192/162 153/194/162
f 136/134/163 135/133/163 166/193/163 167/195/163
f 123/135/164 122/132/164 153/194/164 154/164/164
f 110/137/105 514/196/105 141/166/165
f 137/138/166 136/134/166 167/195/166 168/168/166
f 157/173/167 156/170/167 187/197/167 188/198/167
f 144/174/168 143/171/168 174/199/168 175/200/168
f 171/175/169 170/172/169 201/201/169 202/202/169
f 158/176/170 157/173/170 188/198/170 189/203/170
f 145/177/171 144/174/171 175/200/171 176/204/171
f 513/205/145 171/175/145 202/202/172
f 159/179/173 158/176/173 189/203/173 190/206/173
f 146/180/174 145/177/174 176/204/174 177/207/174
f 160/181/175 159/179/175 190/206/175 191/208/175
f 147/182/176 146/180/176 177/207/176 178/209/176
f 161/183/177 160/181/177 191/208/177 192/210/177
f 148/184/178 147/182/178 178/209/178 179/211/178
f 162/185/179 161/183/179 192/210/179 193/212/179
f 149/186/180 148/184/180 179/211/180 180/213/180
f 163/187/181 162/185/181 193/212/181 194/214/181
f 150/188/182 149/186/182 180/213/182 181/215/182
f 164/189/183 163/187/183 194/214/183 195/216/183
f 151/190/184 150/188/184 181/215/184 182/217/184
f 165/191/185 164/189/185 195/216/185 196/218/185
f 152/192/186 151/190/186 182/217/186 183/219/186
f 166/193/187 165/191/187 196/218/187 197/220/187
f 153/194/188 152/192/188 183/219/188 184/221/188
f 167/195/189 166/193/189 197/220/189 198/222/189
f 154/164/190 153/194/190 184/221/190 185/223/190
f 141/166/191 514/224/192 172/225/192
f 168/168/193 167/195/193 198/222/193 199/226/193
f 155/165/194 154/164/194 185/223/194 186/227/194
f 142/167/195 141/166/195 172/225/195 173/228/195
f 169/169/196 168/168/196 199/226/196 200/229/196
f 156/170/197 155/165/197 186/227/197 187/197/197
f 143/171/198 142/167/198 173/228/198 174/199/198
f 170/172/199 169/169/199 200/229/199 201/201/199
f 190/206/200 189/203/200 220/230/200 221/231/200
f 177/207/201 176/204/201 207/232/201 208/233/201
f 191/208/202 190/206/202 221/231/202 222/234/202
f 178/209/203 177/207/203 208/233/203 209/235/203
f 192/210/204 191/208/204 222/234/204 223/236/204
f 179/211/205 178/209/205 209/235/205 210/237/205
f 193/212/206 192/210/206 223/236/206 224/238/206
f 180/213/207 179/211/207 210/237/207 211/239/207
f 194/214/208 193/212/208 224/238/208 225/240/208
f 181/215/209 180/213/209 211/239/209 212/241/209
f 195/216/210 194/214/210 225/240/210 226/242/210
f 182/217/211 181/215/211 212/241/211 213/243/211
f 196/218/212 195/216/212 226/242/212 227/244/212
f 183/219/213 182/217/213 213/243/213 214/245/213
f 197/220/214 196/218/214 227/244/214 228/246/214
f 184/221/215 183/219/215 214/245/215 215/247/215
f 198/222/216 197/220/216 228/246/216 229/248/216
f 185/223/217 184/221/217 215/247/217 216/249/217
f 172/225/192 514/250/192 203/251/218
f 199/226/219 198/222/219 229/248/219 230/252/219
f 186/227/220 185/223/220 216/249/220 217/253/220
f 173/228/221 172/225/221 203/251/221 204/254/221
f 200/229/222 199/226/222 230/252/222 231/255/222
f 187/197/223 186/227/223 217/253/223 218/256/223
f 174/199/224 173/228/224 204/254/224 205/257/224
f 201/201/225 200/229/225 231/255/225 232/258/225
f 188/198/226 187/197/226 218/256/226 219/259/226
f 175/200/227 174/199/227 205/257/227 206/260/227
f 202/202/228 201/201/228 232/258/228 233/261/228
f 189/203/229 188/198/229 219/259/229 220/230/229
f 176/204/230 175/200/230 206/260/230 207/232/230
f 513/262/231 202/202/232 233/261/231
f 223/236/233 222/234/233 253/263/233 254/264/233
f 210/237/234 209/235/234 240/265/234 241/266/234
f 224/238/235 223/236/235 254/264/235 255/267/235
f 211/239/236 210/237/236 241/266/236 242/268/236
f 225/240/237 224/238/237 255/267/237 256/269/237
f 212/241/238 211/239/238 242/268/238 243/270/238
f 226/242/239 225/240/239 256/269/239 257/271/239
f 213/243/240 212/241/240 243/270/240 244/272/240
f 227/244/241 226/242/241 257/271/241 258/273/241
f 214/245/242 213/243/242 244/272/242 245/274/242
f 228/246/243 227/244/243 258/273/243 259/275/243
f 215/247/244 214/245/244 245/274/244 246/276/244
f 229/248/245 228/246/245 259/275/245 260/277/245
f 216/249/246 215/247/246 246/276/246 247/278/246
f 203/251/247 514/279/248 234/280/248
f 230/252/249 229/248/249 260/277/249 261/281/249
f 217/253/250 216/249/250 247/278/250 248/282/250
f 204/254/251 203/251/251 234/280/251 235/283/251
f 231/255/252 230/252/252 261/281/252 262/284/252
f 218/256/253 217/253/253 248/282/253 249/285/253
f 205/257/254 204/254/254 235/283/254 236/286/254
f 232/258/255 231/255/255 262/284/255 263/287/255
f 219/259/256 218/256/256 249/285/256 250/288/256
f 206/260/257 205/257/257 236/286/257 237/289/257
f 233/261/258 232/258/258 263/287/258 264/290/258
f 220/230/259 219/259/259 250/288/259 251/291/259
f 207/232/260 206/260/260 237/289/260 238/292/260
f 513/293/231 233/261/231 264/290/261
f 221/231/262 220/230/262 251/291/262 252/294/262
f 208/233/263 207/232/263 238/292/263 239/295/263
f 222/234/264 221/231/264 252/294/264 253/263/264
f 209/235/265 208/233/265 239/295/265 240/265/265
f 256/269/266 255/267/266 286/296/266 287/297/266
f 243/270/267 242/268/267 273/298/267 274/299/267
f 257/271/268 256/269/268 287/297/268 288/300/268
f 244/272/269 243/270/269 274/299/269 275/301/269
f 258/273/270 257/271/270 288/300/270 289/302/270
f 245/274/271 244/272/271 275/301/271 276/303/271
f 259/275/272 258/273/272 289/302/272 290/304/272
f 246/276/273 245/274/273 276/303/273 277/305/273
f 260/277/274 259/275/274 290/304/274 291/306/274
f 247/278/275 246/276/275 277/305/275 278/307/275
f 234/280/248 514/308/248 265/309/276
f 261/281/277 260/277/277 291/306/277 292/310/277
f 248/282/278 247/278/278 278/307/278 279/311/278
f 235/283/279 234/280/279 265/309/279 266/312/279
f 262/284/280 261/281/280 292/310/280 293/313/280
f 249/285/281 248/282/281 279/311/281 280/314/281
f 236/286/282 235/283/282 266/312/282 267/315/282
f 263/287/283 262/284/283 293/313/283 294/316/283
f 250/288/284 249/285/284 280/314/284 281/317/284
f 237/289/285 236/286/285 267/315/285 268/318/285
f 264/290/286 263/287/286 294/316/286 295/319/286
f 251/291/287 250/288/287 281/317/287 282/320/287
f 238/292/288 237/289/288 268/318/288 269/321/288
f 513/322/289 264/290/290 295/319/289
f 252/294/291 251/291/291 282/320/291 283/323/291
f 239/295/292 238/292/292 269/321/292 270/324/292
f 253/263/293 252/294/293 283/323/293 284/325/293
f 240/265/294 239/295/294 270/324/294 271/326/294
f 254/264/295 253/263/295 284/325/295 285/327/295
f 241/266/296 240/265/296 271/326/296 272/328/296
f 255/267/297 254/264/297 285/327/297 286/296/297
f 242/268/298 241/266/298 272/328/298 273/298/298
f 289/302/299 288/300/299 319/329/299 320/330/299
f 276/303/300 275/301/300 306/331/300 307/332/300
f 290/304/301 289/302/301 320/330/301 321/333/301
f 277/305/302 276/303/302 307/332/302 308/334/302
f 291/306/303 290/304/303 321/333/303 322/335/303
f 278/307/304 277/305/304 308/334/304 309/336/304
f 265/309/305 514/337/306 296/338/306
f 292/310/307 291/306/307 322/335/307 323/339/307
f 279/311/308 278/307/308 309/336/308 310/340/308
f 266/312/309 265/309/309 296/338/309 297/341/309
f 293/313/310 292/310/310 323/339/310 324/342/310
f 280/314/311 279/311/311 310/340/311 311/343/311
f 267/315/312 266/312/312 297/341/312 298/344/312
f 294/316/313 293/313/313 324/342/313 325/345/313
f 281/317/314 280/314/314 311/343/314 312/346/314
f 268/318/315 267/315/315 298/344/315 299/347/315
f 295/319/316 294/316/316 325/345/316 326/348/316
f 282/320/317 281/317/317 312/346/317 313/349/317
f 269/321/318 268/318/318 299/347/318 300/350/318
f 513/351/289 295/319/289 326/348/319
f 283/323/320 282/320/320 313/349/320 314/352/320
f 270/324/321 269/321/321 300/350/321 301/353/321
f 284/325/322 283/323/322 314/352/322 315/354/322
f 271/326/323 270/324/323 301/353/323 302/355/323
f 285/327/324 284/325/324 315/354/324 316/356/324
f 272/328/325 271/326/325 302/355/325 303/357/325
f 286/296/326 285/327/326 316/356/326 317/358/326
f 273/298/327 272/328/327 303/357/327 304/359/327
f 287/297/328 286/296/328 317/358/328 318/360/328
f 274/299/329 273/298/329 304/359/329 305/361/329
f 288/300/330 287/297/330 318/360/330 319/329/330
f 275/301/331 274/299/331 305/361/331 306/331/331
f 322/335/332 321/333/332 352/362/332 353/363/332
f 309/336/333 308/334/333 339/364/333 340/365/333
f 296/338/306 514/366/306 327/367/334
f 323/339/335 322/335/335 353/363/335 354/368/335
f 310/340/336 309/336/336 340/365/336 341/369/336
f 297/341/337 296/338/337 327/367/337 328/370/337
f 324/342/338 323/339/338 354/368/338 355/371/338
f 311/343/339 310/340/339 341/369/339 342/372/339
f 298/344/340 297/341/340 328/370/340 329/373/340
f 325/345/341 324/342/341 355/371/341 356/374/341
f 312/346/342 311/343/342 342/372/342 343/375/342
f 299/347/343 298/344/343 329/373/343 330/376/343
f 326/348/344 325/345/344 356/374/344 357/377/344
f 313/349/345 312/346/345 343/375/345 344/378/345
f 300/350/346 299/347/346 330/376/346 331/379/346
f 513/380/347 326/348/348 357/377/347
f 314/352/349 313/349/349 344/378/349 345/381/349
f 301/353/350 300/350/350 331/379/350 332/382/350
f 315/354/351 314/352/351 345/381/351 346/383/351
f 302/355/352 301/353/352 332/382/352 333/384/352
f 316/356/353 315/354/353 346/383/353 347/385/353
f 303/357/354 302/355/354 333/384/354 334/386/354
f 317/358/355 316/356/355 347/385/355 348/387/355
f 304/359/356 303/357/356 334/386/356 335/388/356
f 318/360/357 317/358/357 348/387/357 349/389/357
f 305/361/358 304/359/358 335/388/358 336/390/358
f 319/329/359 318/360/359 349/389/359 350/391/359
f 306/331/360 305/361/360 336/390/360 337/392/360
f 320/330/361 319/329/361 350/391/361 351/393/361
f 307/332/362 306/331/362 337/392/362 338/394/362
f 321/333/363 320/330/363 351/393/363 352/362/363
f 308/334/364 307/332/364 338/394/364 339/364/364
f 328/370/365 327/367/365 358/395/365 359/396/365
f 355/371/366 354/368/366 385/397/366 386/398/366
f 342/372/367 341/369/367 372/399/367 373/400/367
f 329/373/368 328/370/368 359/396/368 360/401/368
f 356/374/369 355/371/369 386/398/369 387/402/369
f 343/375/370 342/372/370 373/400/370 374/403/370
f 330/376/371 329/373/371 360/401/371 361/404/371
f 357/377/372 356/374/372 387/402/372 388/405/372
f 344/378/373 343/375/373 374/403/373 375/406/373
f 331/379/374 330/376/374 361/404/374 362/407/374
f 513/408/347 357/377/347 388/405/375
f 345/381/376 344/378/376 375/406/376 376/409/376
f 332/382/377 331/379/377 362/407/377 363/410/377
f 346/383/378 345/381/378 376/409/378 377/411/378
f 333/384/379 332/382/379 363/410/379 364/412/379
f 347/385/380 346/383/380 377/411/380 378/413/380
f 334/386/381 333/384/381 364/412/381 365/414/381
f 348/387/382 347/385/382 378/413/382 379/415/382
f 335/388/383 334/386/383 365/414/383 366/416/383
f 349/389/384 348/387/384 379/415/384 380/417/384
f 336/390/385 335/388/385 366/416/385 367/418/385
f 350/391/386 349/389/386 380/417/386 381/419/386
f 337/392/387 336/390/387 367/418/387 368/420/387
f 351/393/388 350/391/388 381/419/388 382/421/388
f 338/394/389 337/392/389 368/420/389 369/422/389
f 352/362/390 351/393/390 382/421/390 383/423/390
f 339/364/391 338/394/391 369/422/391 370/424/391
f 353/363/392 352/362/392 383/423/392 384/425/392
f 340/365/393 339/364/393 370/424/393 371/426/393
f 327/367/394 514/427/395 358/395/395
f 354/368/396 353/363/396 384/425/396 385/397/396
f 341/369/397 340/365/397 371/426/397 372/399/397
f 361/404/398 360/401/398 391/428/398 392/429/398
f 388/405/399 387/402/399 418/430/399 419/431/399
f 375/406/400 374/403/400 405/432/400 406/433/400
f 362/407/401 361/404/401 392/429/401 393/434/401
f 513/435/402 388/405/403 419/431/402
f 376/409/404 375/406/404 406/433/404 407/436/404
f 363/410/405 362/407/405 393/434/405 394/437/405
f 377/411/406 376/409/406 407/436/406 408/438/406
f 364/412/407 363/410/407 394/437/407 395/439/407
f 378/413/408 377/411/408 408/438/408 409/440/408
f 365/414/409 364/412/409 395/439/409 396/441/409
f 379/415/410 378/413/410 409/440/410 410/442/410
f 366/416/411 365/414/411 396/441/411 397/443/411
f 380/417/412 379/415/412 410/442/412 411/444/412
f 367/418/413 366/416/413 397/443/413 398/445/413
f 381/419/414 380/417/414 411/444/414 412/446/414
f 368/420/415 367/418/415 398/445/415 399/447/415
f 382/421/416 381/419/416 412/446/416 413/448/416
f 369/422/417 368/420/417 399/447/417 400/449/417
f 383/423/418 382/421/418 413/448/418 414/450/418
f 370/424/419 369/422/419 400/449/419 401/451/419
f 384/425/420 383/423/420 414/450/420 415/452/420
f 371/426/421 370/424/421 401/451/421 402/453/421
f 358/395/395 514/454/395 389/455/422
f 385/397/423 384/425/423 415/452/423 416/456/423
f 372/399/424 371/426/424 402/453/424 403/457/424
f 359/396/425 358/395/425 389/455/425 390/458/425
f 386/398/426 385/397/426 416/456/426 417/459/426
f 373/400/427 372/399/427 403/457/427 404/460/427
f 360/401/428 359/396/428 390/458/428 391/428/428
f 387/402/429 386/398/429 417/459/429 418/430/429
f 374/403/430 373/400/430 404/460/430 405/432/430
f 394/437/431 393/434/431 424/461/431 425/462/431
f 408/438/432 407/436/432 438/463/432 439/464/432
f 395/439/433 394/437/433 425/462/433 426/465/433
f 409/440/434 408/438/434 439/464/434 440/466/434
f 396/441/435 395/439/435 426/465/435 427/467/435
f 410/442/436 409/440/436 440/466/436 441/468/436
f 397/443/437 396/441/437 427/467/437 428/469/437
f 411/444/438 410/442/438 441/468/438 442/470/438
f 398/445/439 397/443/439 428/469/439 429/471/439
f 412/446/440 411/444/440 442/470/440 443/472/440
f 399/447/441 398/445/441 429/471/441 430/473/441
f 413/448/442 412/446/442 443/472/442 444/474/442
f 400/449/443 399/447/443 430/473/443 431/475/443
f 414/450/444 413/448/444 444/474/444 445/476/444
f 401/451/445 400/449/445 431/475/445 432/477/445
f 415/452/446 414/450/446 445/476/446 446/478/446
f 402/453/447 401/451/447 432/477/447 433/479/447
f 389/455/448 514/480/449 420/481/449
f 416/456/450 415/452/450 446/478/450 447/482/450
f 403/457/451 402/453/451 433/479/451 434/483/451
f 390/458/452 389/455/452 420/481/452 421/484/452
f 417/459/453 416/456/453 447/482/453 448/485/453
f 404/460/454 403/457/454 434/483/454 435/486/454
f 391/428/455 390/458/455 421/484/455 422/487/455
f 418/430/456 417/459/456 448/485/456 449/488/456
f 405/432/457 404/460/457 435/486/457 436/489/457
f 392/429/458 391/428/458 422/487/458 423/490/458
f 419/431/459 418/430/459 449/488/459 450/491/459
f 406/433/460 405/432/460 436/489/460 437/492/460
f 393/434/461 392/429/461 423/490/461 424/461/461
f 513/493/402 419/431/402 450/491/462
f 407/436/463 406/433/463 437/492/463 438/463/463
f 427/467/464 426/465/464 457/494/464 458/495/464
f 441/468/465 440/466/465 471/496/465 472/497/465
f 428/469/466 427/467/466 458/495/466 459/498/466
f 442/470/467 441/468/467 472/497/467 473/499/467
f 429/471/468 428/469/468 459/498/468 460/500/468
f 443/472/469 442/470/469 473/499/469 474/501/469
f 430/473/470 429/471/470 460/500/470 461/502/470
f 444/474/471 443/472/471 474/501/471 475/503/471
f 431/475/472 430/473/472 461/502/472 462/504/472
f 445/476/473 444/474/473 475/503/473 476/505/473
f 432/477/474 431/475/474 462/504/474 463/506/474
f 446/478/475 445/476/475 476/505/475 477/507/475
f 433/479/476 432/477/476 463/506/476 464/508/476
f 420/481/449 514/509/449 451/510/477
f 447/482/478 446/478/478 477/507/478 478/511/478
f 434/483/479 433/479/479 464/508/479 465/512/479
f 421/484/480 420/481/480 451/510/480 452/513/480
f 448/485/481 447/482/481 478/511/481 479/514/481
f 435/486/482 434/483/482 465/512/482 466/515/482
f 422/487/483 421/484/483 452/513/483 453/516/483
f 449/488/484 448/485/484 479/514/484 480/517/484
f 436/489/485 435/486/485 466/515/485 467/518/485
f 423/490/486 422/487/486 453/516/486 454/519/486
f 450/491/487 449/488/487 480/517/487 481/520/487
f 437/492/488 436/489/488 467/518/488 468/521/488
f 424/461/489 423/490/489 454/519/489 455/522/489
f 513/523/490 450/491/491 481/520/490
f 438/463/492 437/492/492 468/521/492 469/524/492
f 425/462/493 424/461/493 455/522/493 456/525/493
f 439/464/494 438/463/494 469/524/494 470/526/494
f 426/465/495 425/462/495 456/525/495 457/494/495
f 440/466/496 439/464/496 470/526/496 471/496/496
f 460/500/497 459/498/497 490/527/497 491/528/497
f 474/501/498 473/499/498 504/529/498 505/530/498
f 461/502/499 460/500/499 491/528/499 492/531/499
f 475/503/500 474/501/500 505/530/500 506/532/500
f 462/504/501 461/502/501 492/531/501 493/533/501
f 476/505/502 475/503/502 506/532/502 507/534/502
f 463/506/503 462/504/503 493/533/503 494/535/503
f 477/507/504 476/505/504 507/534/504 508/536/504
f 464/508/505 463/506/505 494/535/505 495/537/505
f 451/510/506 514/538/507 482/539/507
f 478/511/508 477/507/508 508/536/508 509/540/508
f 465/512/509 464/508/509 495/537/509 496/541/509
f 452/513/510 451/510/510 482/539/510 483/542/510
f 479/514/511 478/511/511 509/540/511 510/543/511
f 466/515/512 465/512/512 496/541/512 497/544/512
f 453/516/513 452/513/513 483/542/513 484/545/513
f 480/517/514 479/514/514 510/543/514 511/546/514
f 467/518/515 466/515/515 497/544/515 498/547/515
f 454/519/516 453/516/516 484/545/516 485/548/516
f 481/520/517 480/517/517 511/546/517 512/549/517
f 468/521/518 467/518/518 498/547/518 499/550/518
f 455/522/519 454/519/519 485/548/519 486/551/519
f 513/552/490 481/520/490 512/549/520
f 469/524/521 468/521/521 499/550/521 500/553/521
f 456/525/522 455/522/522 486/551/522 487/554/522
f 470/526/523 469/524/523 500/553/523 501/555/523
f 457/494/524 456/525/524 487/554/524 488/556/524
f 471/496/525 470/526/525 501/555/525 502/557/525
f 458/495/526 457/494/526 488/556/526 489/558/526
f 472/497/527 471/496/527 502/557/527 503/559/527
f 459/498/528 458/495/528 489/558/528 490/527/528
f 473/499/529 472/497/529 503/559/529 504/529/529
f 493/533/530 492/531/530 525/560/530 526/561/530
f 507/534/531 506/532/531 539/562/531 540/563/531
f 494/535/532 493/533/532 526/561/532 527/564/532
f 508/536/533 507/534/533 540/563/533 541/565/533
f 495/537/534 494/535/534 527/564/534 528/566/534
f 482/539/507 514/567/507 515/568/535
f 509/540/536 508/536/536 541/565/536 542/569/536
f 496/541/537 495/537/537 528/566/537 529/570/537
f 483/542/538 482/539/538 515/568/538 516/571/538
f 510/543/539 509/540/539 542/569/539 543/572/539
f 497/544/540 496/541/540 529/570/540 530/573/540
f 484/545/541 483/542/541 516/571/541 517/574/541
f 511/546/542 510/543/542 543/572/542 544/575/542
f 498/547/543 497/544/543 530/573/543 531/576/543
f 485/548/544 484/545/544 517/574/544 518/577/544
f 512/549/545 511/546/545 544/575/545 545/578/545
f 499/550/546 498/547/546 531/576/546 532/579/546
f 486/551/547 485/548/547 518/577/547 519/580/547
f 513/581/548 512/549/549 545/578/548
f 500/553/550 499/550/550 532/579/550 533/582/550
f 487/554/551 486/551/551 519/580/551 520/583/551
f 501/555/552 500/553/552 533/582/552 534/584/552
f 488/556/553 487/554/553 520/583/553 521/585/553
f 502/557/554 501/555/554 534/584/554 535/586/554
f 489/558/555 488/556/555 521/585/555 522/587/555
f 503/559/556 502/557/556 535/586/556 536/588/556
f 490/527/557 489/558/557 522/587/557 523/589/557
f 504/529/558 503/559/558 536/588/558 537/590/558
f 491/528/559 490/527/559 523/589/559 524/591/559
f 505/530/560 504/529/560 537/590/560 538/592/560
f 492/531/561 491/528/561 524/591/561 525/560/561
f 506/532/562 505/530/562 538/592/562 539/562/562
f 528/566/563 527/564/563 558/593/563 559/594/563
f 515/568/564 514/595/565 546/596/565
f 542/569/566 541/565/566 572/597/566 573/598/566
f 529/570/567 528/566/567 559/594/567 560/599/567
f 516/571/568 515/568/568 546/596/568 547/600/568
f 543/572/569 542/569/569 573/598/569 574/601/569
f 530/573/570 529/570/570 560/599/570 561/602/570
f 517/574/571 516/571/571 547/600/571 548/603/571
f 544/575/572 543/572/572 574/601/572 575/604/572
f 531/576/573 530/573/573 561/602/573 562/605/573
f 518/577/574 517/574/574 548/603/574 549/606/574
f 545/578/575 544/575/575 575/604/575 576/607/575
f 532/579/576 531/576/576 562/605/576 563/608/576
f 519/580/577 518/577/577 549/606/577 550/609/577
f 513/610/548 545/578/548 576/607/578
f 533/582/579 532/579/579 563/608/579 564/611/579
f 520/583/580 519/580/580 550/609/580 551/612/580
f 534/584/581 533/582/581 564/611/581 565/613/581
f 521/585/582 520/583/582 551/612/582 552/614/582
f 535/586/583 534/584/583 565/613/583 566/615/583
f 522/587/584 521/585/584 552/614/584 553/616/584
f 536/588/585 535/586/585 566/615/585 567/617/585
f 523/589/586 522/587/586 553/616/586 554/618/586
f 537/590/587 536/588/587 567/617/587 568/619/587
f 524/591/588 523/589/588 554/618/588 555/620/588
f 538/592/589 537/590/589 568/619/589 569/621/589
f 525/560/590 524/591/590 555/620/590 556/622/590
f 539/562/591 538/592/591 569/621/591 570/623/591
f 526/561/592 525/560/592 556/622/592 557/624/592
f 540/563/593 539/562/593 570/623/593 571/625/593
f 527/564/594 526/561/594 557/624/594 558/593/594
f 541/565/595 540/563/595 571/625/595 572/597/595
f 561/602/596 560/599/596 591/626/596 592/627/596
f 548/603/597 547/600/597 578/628/597 579/629/597
f 575/604/598 574/601/598 605/630/598 606/631/598
f 562/605/599 561/602/599 592/627/599 593/632/599
f 549/606/600 548/603/600 579/629/600 580/633/600
f 576/607/601 575/604/601 606/631/601 607/634/601
f 563/608/602 562/605/602 593/632/602 594/635/602
f 550/609/603 549/606/603 580/633/603 581/636/603
f 513/637/604 576/607/605 607/634/604
f 564/611/606 563/608/606 594/635/606 595/638/606
f 551/612/607 550/609/607 581/636/607 582/639/607
f 565/613/608 564/611/608 595/638/608 596/640/608
f 552/614/609 551/612/609 582/639/609 583/641/609
f 566/615/610 565/613/610 596/640/610 597/642/610
f 553/616/611 552/614/611 583/641/611 584/643/611
f 567/617/612 566/615/612 597/642/612 598/644/612
f 554/618/613 553/616/613 584/643/613 585/645/613
f 568/619/614 567/617/614 598/644/614 599/646/614
f 555/620/615 554/618/615 585/645/615 586/647/615
f 569/621/616 568/619/616 599/646/616 600/648/616
f 556/622/617 555/620/617 586/647/617 587/649/617
f 570/623/618 569/621/618 600/648/618 601/650/618
f 557/624/619 556/622/619 587/649/619 588/651/619
f 571/625/620 570/623/620 601/650/620 602/652/620
f 558/593/621 557/624/621 588/651/621 589/653/621
f 572/597/622 571/625/622 602/652/622 603/654/622
f 559/594/623 558/593/623 589/653/623 590/655/623
f 546/596/565 514/656/565 577/657/624
f 573/598/625 572/597/625 603/654/625 604/658/625
f 560/599/626 559/594/626 590/655/626 591/626/626
f 547/600/627 546/596/627 577/657/627 578/628/627
f 574/601/628 573/598/628 604/658/628 605/630/628
f 594/635/629 593/632/629 624/659/629 625/660/629
f 581/636/630 580/633/630 611/661/630 612/662/630
f 513/663/604 607/634/604 638/664/631
f 595/638/632 594/635/632 625/660/632 626/665/632
f 582/639/633 581/636/633 612/662/633 613/666/633
f 596/640/634 595/638/634 626/665/634 627/667/634
f 583/641/635 582/639/635 613/666/635 614/668/635
f 597/642/636 596/640/636 627/667/636 628/669/636
f 584/643/637 583/641/637 614/668/637 615/670/637
f 598/644/638 597/642/638 628/669/638 629/671/638
f 585/645/639 584/643/639 615/670/639 616/672/639
f 599/646/640 598/644/640 629/671/640 630/673/640
f 586/647/641 585/645/641 616/672/641 617/674/641
f 600/648/642 599/646/642 630/673/642 631/675/642
f 587/649/643 586/647/643 617/674/643 618/676/643
f 601/650/644 600/648/644 631/675/644 632/677/644
f 588/651/645 587/649/645 618/676/645 619/678/645
f 602/652/646 601/650/646 632/677/646 633/679/646
f 589/653/647 588/651/647 619/678/647 620/680/647
f 603/654/648 602/652/648 633/679/648 634/681/648
f 590/655/649 589/653/649 620/680/649 621/682/649
f 577/657/650 514/683/651 608/684/651
f 604/658/652 603/654/652 634/681/652 635/685/652
f 591/626/653 590/655/653 621/682/653 622/686/653
f 578/628/654 577/657/654 608/684/654 609/687/654
f 605/630/655 604/658/655 635/685/655 636/688/655
f 592/627/656 591/626/656 622/686/656 623/689/656
f 579/629/657 578/628/657 609/687/657 610/690/657
f 606/631/658 605/630/658 636/688/658 637/691/658
f 593/632/659 592/627/659 623/689/659 624/659/659
f 580/633/660 579/629/660 610/690/660 611/661/660
f 607/634/661 606/631/661 637/691/661 638/664/661
f 627/667/662 626/665/662 657/692/662 658/693/662
f 614/668/663 613/666/663 644/694/663 645/695/663
f 628/669/664 627/667/664 658/693/664 659/696/664
f 615/670/665 614/668/665 645/695/665 646/697/665
f 629/671/666 628/669/666 659/696/666 660/698/666
f 616/672/667 615/670/667 646/697/667 647/699/667
f 630/673/668 629/671/668 660/698/668 661/700/668
f 617/674/669 616/672/669 647/699/669 648/701/669
f 631/675/670 630/673/670 661/700/670 662/702/670
f 618/676/671 617/674/671 648/701/671 649/703/671
f 632/677/672 631/675/672 662/702/672 663/704/672
f 619/678/673 618/676/673 649/703/673 650/705/673
f 633/679/674 632/677/674 663/704/674 664/706/674
f 620/680/675 619/678/675 650/705/675 651/707/675
f 634/681/676 633/679/676 664/706/676 665/708/676
f 621/682/677 620/680/677 651/707/677 652/709/677
f 608/684/651 514/710/651 639/711/678
f 635/685/679 634/681/679 665/708/679 666/712/679
f 622/686/680 621/682/680 652/709/680 653/713/680
f 609/687/681 608/684/681 639/711/681 640/714/681
f 636/688/682 635/685/682 666/712/682 667/715/682
f 623/689/683 622/686/683 653/713/683 654/716/683
f 610/690/684 609/687/684 640/714/684 641/717/684
f 637/691/685 636/688/685 667/715/685 668/718/685
f 624/659/686 623/689/686 654/716/686 655/719/686
f 611/661/687 610/690/687 641/717/687 642/720/687
f 638/664/688 637/691/688 668/718/688 669/721/688
f 625/660/689 624/659/689 655/719/689 656/722/689
f 612/662/690 611/661/690 642/720/690 643/723/690
f 513/724/691 638/664/692 669/721/691
f 626/665/693 625/660/693 656/722/693 657/692/693
f 613/666/694 612/662/694 643/723/694 644/694/694
f 660/698/695 659/696/695 690/725/695 691/726/695
f 647/699/696 646/697/696 677/727/696 678/728/696
f 661/700/697 660/698/697 691/726/697 692/729/697
f 648/701/698 647/699/698 678/728/698 679/730/698
f 662/702/699 661/700/699 692/729/699 693/731/699
f 649/703/700 648/701/700 679/730/700 680/732/700
f 663/704/701 662/702/701 693/731/701 694/733/701
f 650/705/702 649/703/702 680/732/702 681/734/702
f 664/706/703 663/704/703 694/733/703 695/735/703
f 651/707/704 650/705/704 681/734/704 682/736/704
f 665/708/705 664/706/705 695/735/705 696/737/705
f 652/709/706 651/707/706 682/736/706 683/738/706
f 639/711/707 514/739/708 670/740/708
f 666/712/709 665/708/709 696/737/709 697/741/709
f 653/713/710 652/709/710 683/738/710 684/742/710
f 640/714/711 639/711/711 670/740/711 671/743/711
f 667/715/712 666/712/712 697/741/712 698/744/712
f 654/716/713 653/713/713 684/742/713 685/745/713
f 641/717/714 640/714/714 671/743/714 672/746/714
f 668/718/715 667/715/715 698/744/715 699/747/715
f 655/719/716 654/716/716 685/745/716 686/748/716
f 642/720/717 641/717/717 672/746/717 673/749/717
f 669/721/718 668/718/718 699/747/718 700/750/718
f 656/722/719 655/719/719 686/748/719 687/751/719
f 643/723/720 642/720/720 673/749/720 674/752/720
f 513/753/691 669/721/691 700/750/721
f 657/692/722 656/722/722 687/751/722 688/754/722
f 644/694/723 643/723/723 674/752/723 675/755/723
f 658/693/724 657/692/724 688/754/724 689/756/724
f 645/695/725 644/694/725 675/755/725 676/757/725
f 659/696/726 658/693/726 689/756/726 690/725/726
f 646/697/727 645/695/727 676/757/727 677/727/727
f 693/731/728 692/729/728 723/758/728 724/759/728
f 680/732/729 679/730/729 710/760/729 711/761/729
f 694/733/730 693/731/730 724/759/730 725/762/730
f 681/734/731 680/732/731 711/761/731 712/763/731
f 695/735/732 694/733/732 725/762/732 726/764/732
f 682/736/733 681/734/733 712/763/733 713/765/733
f 696/737/734 695/735/734 726/764/734 727/766/734
f 683/738/735 682/736/735 713/765/735 714/767/735
f 670/740/708 514/768/708 701/769/736
f 697/741/737 696/737/737 727/766/737 728/770/737
f 684/742/738 683/738/738 714/767/738 715/771/738
f 671/743/739 670/740/739 701/769/739 702/772/739
f 698/744/740 697/741/740 728/770/740 729/773/740
f 685/745/741 684/742/741 715/771/741 716/774/741
f 672/746/742 671/743/742 702/772/742 703/775/742
f 699/747/743 698/744/743 729/773/743 730/776/743
f 686/748/744 685/745/744 716/774/744 717/777/744
f 673/749/745 672/746/745 703/775/745 704/778/745
f 700/750/746 699/747/746 730/776/746 731/779/746
f 687/751/747 686/748/747 717/777/747 718/780/747
f 674/752/748 673/749/748 704/778/748 705/781/748
f 513/782/749 700/750/750 731/779/749
f 688/754/751 687/751/751 718/780/751 719/783/751
f 675/755/752 674/752/752 705/781/752 706/784/752
f 689/756/753 688/754/753 719/783/753 720/785/753
f 676/757/754 675/755/754 706/784/754 707/786/754
f 690/725/755 689/756/755 720/785/755 721/787/755
f 677/727/756 676/757/756 707/786/756 708/788/756
f 691/726/757 690/725/757 721/787/757 722/789/757
f 678/728/758 677/727/758 708/788/758 709/790/758
f 692/729/759 691/726/759 722/789/759 723/758/759
f 679/730/760 678/728/760 709/790/760 710/760/760
f 726/764/761 725/762/761 756/791/761 757/792/761
f 713/765/762 712/763/762 743/793/762 744/794/762
f 727/766/763 726/764/763 757/792/763 758/795/763
f 714/767/764 713/765/764 744/794/764 745/796/764
f 701/769/765 514/797/766 732/798/766
f 728/770/767 727/766/767 758/795/767 759/799/767
f 715/771/768 714/767/768 745/796/768 746/800/768
f 702/772/769 701/769/769 732/798/769 733/801/769
f 729/773/770 728/770/770 759/799/770 760/802/770
f 716/774/771 715/771/771 746/800/771 747/803/771
f 703/775/772 702/772/772 733/801/772 734/804/772
f 730/776/773 729/773/773 760/802/773 761/805/773
f 717/777/774 716/774/774 747/803/774 748/806/774
f 704/778/775 703/775/775 734/804/775 735/807/775
f 731/779/776 730/776/776 761/805/776 762/808/776
f 718/780/777 717/777/777 748/806/777 749/809/777
f 705/781/778 704/778/778 735/807/778 736/810/778
f 513/811/749 731/779/749 762/808/779
f 719/783/780 718/780/780 749/809/780 750/812/780
f 706/784/781 705/781/781 736/810/781 737/813/781
f 720/785/782 719/783/782 750/812/782 751/814/782
f 707/786/783 706/784/783 737/813/783 738/815/783
f 721/787/784 720/785/784 751/814/784 752/816/784
f 708/788/785 707/786/785 738/815/785 739/817/785
f 722/789/786 721/787/786 752/816/786 753/818/786
f 709/790/787 708/788/787 739/817/787 740/819/787
f 723/758/788 722/789/788 753/818/788 754/820/788
f 710/760/789 709/790/789 740/819/789 741/821/789
f 724/759/790 723/758/790 754/820/790 755/822/790
f 711/761/791 710/760/791 741/821/791 742/823/791
f 725/762/792 724/759/792 755/822/792 756/791/792
f 712/763/793 711/761/793 742/823/793 743/793/793
f 759/824/794 758/825/794 789/826/794 790/827/794
f 746/828/795 745/829/795 776/830/795 777/831/795
f 733/832/796 732/833/796 763/834/796 764/835/796
f 760/836/797 759/824/797 790/827/797 791/837/797
f 747/838/798 746/828/798 777/831/798 778/839/798
f 734/840/799 733/832/799 764/835/799 765/841/799
f 761/842/800 760/836/800 791/837/800 792/843/800
f 748/844/801 747/838/801 778/839/801 779/845/801
f 735/846/802 734/840/802 765/841/802 766/847/802
f 762/848/803 761/842/803 792/843/803 793/849/803
f 749/850/804 748/844/804 779/845/804 780/851/804
f 736/852/805 735/846/805 766/847/805 767/853/805
f 513/854/806 762/848/807 793/849/806
f 750/855/808 749/850/808 780/851/808 781/856/808
f 737/857/809 736/852/809 767/853/809 768/858/809
f 751/859/810 750/855/810 781/856/810 782/860/810
f 738/861/811 737/857/811 768/858/811 769/862/811
f 752/863/812 751/859/812 782/860/812 783/864/812
f 739/865/813 738/861/813 769/862/813 770/866/813
f 753/867/814 752/863/814 783/864/814 784/868/814
f 740/869/815 739/865/815 770/866/815 771/870/815
f 754/871/816 753/867/816 784/868/816 785/872/816
f 741/873/817 740/869/817 771/870/817 772/874/817
f 755/875/818 754/871/818 785/872/818 786/876/818
f 742/877/819 741/873/819 772/874/819 773/878/819
f 756/879/820 755/875/820 786/876/820 787/880/820
f 743/881/821 742/877/821 773/878/821 774/882/821
f 757/883/822 756/879/822 787/880/822 788/884/822
f 744/885/823 743/881/823 774/882/823 775/886/823
f 758/825/824 757/883/824 788/884/824 789/826/824
f 745/829/825 744/885/825 775/886/825 776/830/825
f 732/833/766 514/887/766 763/834/826
f 792/843/827 791/837/827 822/888/827 823/889/827
f 779/845/828 778/839/828 809/890/828 810/891/828
f 766/847/829 765/841/829 796/892/829 797/893/829
f 793/849/830 792/843/830 823/889/830 824/894/830
f 780/851/831 779/845/831 810/891/831 811/895/831
f 767/853/832 766/847/832 797/893/832 798/896/832
f 513/897/806 793/849/806 824/894/833
f 781/856/834 780/851/834 811/895/834 812/898/834
f 768/858/835 767/853/835 798/896/835 799/899/835
f 782/860/836 781/856/836 812/898/836 813/900/836
f 769/862/837 768/858/837 799/899/837 800/901/837
f 783/864/838 782/860/838 813/900/838 814/902/838
f 770/866/839 769/862/839 800/901/839 801/903/839
f 784/868/840 783/864/840 814/902/840 815/904/840
f 771/870/841 770/866/841 801/903/841 802/905/841
f 785/872/842 784/868/842 815/904/842 816/906/842
f 772/874/843 771/870/843 802/905/843 803/907/843
f 786/876/844 785/872/844 816/906/844 817/908/844
f 773/878/845 772/874/845 803/907/845 804/909/845
f 787/880/846 786/876/846 817/908/846 818/910/846
f 774/882/847 773/878/847 804/909/847 805/911/847
f 788/884/848 787/880/848 818/910/848 819/912/848
f 775/886/849 774/882/849 805/911/849 806/913/849
f 789/826/850 788/884/850 819/912/850 820/914/850
f 776/830/851 775/886/851 806/913/851 807/915/851
f 763/834/852 514/916/853 794/917/853
f 790/827/854 789/826/854 820/914/854 821/918/854
f 777/831/855 776/830/855 807/915/855 808/919/855
f 764/835/856 763/834/856 794/917/856 795/920/856
f 791/837/857 790/827/857 821/918/857 822/888/857
f 778/839/858 777/831/858 808/919/858 809/890/858
f 765/841/859 764/835/859 795/920/859 796/892/859
f 794/917/853 514/921/853 825/922/860
f 821/918/861 820/914/861 851/923/861 852/924/861
f 808/919/862 807/915/862 838/925/862 839/926/862
f 795/920/863 794/917/863 825/922/863 826/927/863
f 822/888/864 821/918/864 852/924/864 853/928/864
f 809/890/865 808/919/865 839/926/865 840/929/865
f 796/892/866 795/920/866 826/927/866 827/930/866
f 823/889/867 822/888/867 853/928/867 854/931/867
f 810/891/868 809/890/868 840/929/868 841/932/868
f 797/893/869 796/892/869 827/930/869 828/933/869
f 824/894/870 823/889/870 854/931/870 855/934/870
f 811/895/871 810/891/871 841/932/871 842/935/871
f 798/896/872 797/893/872 828/933/872 829/936/872
f 513/937/873 824/894/874 855/934/873
f 812/898/875 811/895/875 842/935/875 843/938/875
f 799/899/876 798/896/876 829/936/876 830/939/876
f 813/900/877 812/898/877 843/938/877 844/940/877
f 800/901/878 799/899/878 830/939/878 831/941/878
f 814/902/879 813/900/879 844/940/879 845/942/879
f 801/903/880 800/901/880 831/941/880 832/943/880
f 815/904/881 814/902/881 845/942/881 846/944/881
f 802/905/882 801/903/882 832/943/882 833/945/882
f 816/906/883 815/904/883 846/944/883 847/946/883
f 803/907/884 802/905/884 833/945/884 834/947/884
f 817/908/885 816/906/885 847/946/885 848/948/885
f 804/909/886 803/907/886 834/947/886 835/949/886
f 818/910/887 817/908/887 848/948/887 849/950/887
f 805/911/888 804/909/888 835/949/888 836/951/888
f 819/912/889 818/910/889 849/950/889 850/952/889
f 806/913/890 805/911/890 836/951/890 837/953/890
f 820/914/891 819/912/891 850/952/891 851/923/891
f 807/915/892 806/913/892 837/953/892 838/925/892
f 827/930/893 826/927/893 857/954/893 858/955/893
f 854/931/894 853/928/894 884/956/894 885/957/894
f 841/932/895 840/929/895 871/958/895 872/959/895
f 828/933/896 827/930/896 858/955/896 859/960/896
f 855/934/897 854/931/897 885/957/897 886/961/897
f 842/935/898 841/932/898 872/959/898 873/962/898
f 829/936/899 828/933/899 859/960/899 860/963/899
f 513/964/873 855/934/873 886/961/900
f 843/938/901 842/935/901 873/962/901 874/965/901
f 830/939/902 829/936/902 860/963/902 861/966/902
f 844/940/903 843/938/903 874/965/903 875/967/903
f 831/941/904 830/939/904 861/966/904 862/968/904
f 845/942/905 844/940/905 875/967/905 876/969/905
f 832/943/906 831/941/906 862/968/906 863/970/906
f 846/944/907 845/942/907 876/969/907 877/971/907
f 833/945/908 832/943/908 863/970/908 864/972/908
f 847/946/909 846/944/909 877/971/909 878/973/909
f 834/947/910 833/945/910 864/972/910 865/974/910
f 848/948/911 847/946/911 878/973/911 879/975/911
f 835/949/912 834/947/912 865/974/912 866/976/912
f 849/950/913 848/948/913 879/975/913 880/977/913
f 836/951/914 835/949/914 866/976/914 867/978/914
f 850/952/915 849/950/915 880/977/915 881/979/915
f 837/953/916 836/951/916 867/978/916 868/980/916
f 851/923/917 850/952/917 881/979/917 882/981/917
f 838/925/918 837/953/918 868/980/918 869/982/918
f 825/922/919 514/983/920 856/984/920
f 852/924/921 851/923/921 882/981/921 883/985/921
f 839/926/922 838/925/922 869/982/922 870/986/922
f 826/927/923 825/922/923 856/984/923 857/954/923
f 853/928/924 852/924/924 883/985/924 884/956/924
f 840/929/925 839/926/925 870/986/925 871/958/925
f 860/963/926 859/960/926 890/987/926 891/988/926
f 513/989/927 886/961/928 917/990/927
f 874/965/929 873/962/929 904/991/929 905/992/929
f 861/966/930 860/963/930 891/988/930 892/993/930
f 875/967/931 874/965/931 905/992/931 906/994/931
f 862/968/932 861/966/932 892/993/932 893/995/932
f 876/969/933 875/967/933 906/994/933 907/996/933
f 863/970/934 862/968/934 893/995/934 894/997/934
f 877/971/935 876/969/935 907/996/935 908/998/935
f 864/972/936 863/970/936 894/997/936 895/999/936
f 878/973/937 877/971/937 908/998/937 909/1000/937
f 865/974/938 864/972/938 895/999/938 896/1001/938
f 879/975/939 878/973/939 909/1000/939 910/1002/939
f 866/976/940 865/974/940 896/1001/940 897/1003/940
f 880/977/941 879/975/941 910/1002/941 911/1004/941
f 867/978/942 866/976/942 897/1003/942 898/1005/942
f 881/979/943 880/977/943 911/1004/943 912/1006/943
f 868/980/944 867/978/944 898/1005/944 899/1007/944
f 882/981/945 881/979/945 912/1006/945 913/1008/945
f 869/982/946 868/980/946 899/1007/946 900/1009/946
f 856/984/920 514/1010/920 887/1011/947
f 883/985/948 882/981/948 913/1008/948 914/1012/948
f 870/986/949 869/982/949 900/1009/949 901/1013/949
f 857/954/950 856/984/950 887/1011/950 888/1014/950
f 884/956/951 883/985/951 914/1012/951 915/1015/951
f 871/958/952 870/986/952 901/1013/952 902/1016/952
f 858/955/953 857/954/953 888/1014/953 889/1017/953
f 885/957/954 884/956/954 915/1015/954 916/1018/954
f 872/959/955 871/958/955 902/1016/955 903/1019/955
f 859/960/956 858/955/956 889/1017/956 890/987/956
f 886/961/957 885/957/957 916/1018/957 917/990/957
f 873/962/958 872/959/958 903/1019/958 904/991/958
f 893/995/959 892/993/959 923/1020/959 924/1021/959
f 907/996/960 906/994/960 937/1022/960 938/1023/960
f 894/997/961 893/995/961 924/1021/961 925/1024/961
f 908/998/962 907/996/962 938/1023/962 939/1025/962
f 895/999/963 894/997/963 925/1024/963 926/1026/963
f 909/1000/964 908/998/964 939/1025/964 940/1027/964
f 896/1001/965 895/999/965 926/1026/965 927/1028/965
f 910/1002/966 909/1000/966 940/1027/966 941/1029/966
f 897/1003/967 896/1001/967 927/1028/967 928/1030/967
f 911/1004/968 910/1002/968 941/1029/968 942/1031/968
f 898/1005/969 897/1003/969 928/1030/969 929/1032/969
f 912/1006/970 911/1004/970 942/1031/970 943/1033/970
f 899/1007/971 898/1005/971 929/1032/971 930/1034/971
f 913/1008/972 912/1006/972 943/1033/972 944/1035/972
f 900/1009/973 899/1007/973 930/1034/973 931/1036/973
f 887/1011/974 514/1037/975 918/1038/975
f 914/1012/976 913/1008/976 944/1035/976 945/1039/976
f 901/1013/977 900/1009/977 931/1036/977 932/1040/977
f 888/1014/978 887/1011/978 918/1038/978 919/1041/978
f 915/1015/979 914/1012/979 945/1039/979 946/1042/979
f 902/1016/980 901/1013/980 932/1040/980 933/1043/980
f 889/1017/981 888/1014/981 919/1041/981 920/1044/981
f 916/1018/982 915/1015/982 946/1042/982 947/1045/982
f 903/1019/983 902/1016/983 933/1043/983 934/1046/983
f 890/987/984 889/1017/984 920/1044/984 921/1047/984
f 917/990/985 916/1018/985 947/1045/985 948/1048/985
f 904/991/986 903/1019/986 934/1046/986 935/1049/986
f 891/988/987 890/987/987 921/1047/987 922/1050/987
f 513/1051/927 917/990/927 948/1048/988
f 905/992/989 904/991/989 935/1049/989 936/1052/989
f 892/993/990 891/988/990 922/1050/990 923/1020/990
f 906/994/991 905/992/991 936/1052/991 937/1022/991
f 926/1026/992 925/1024/992 956/1053/992 957/1054/992
f 940/1027/993 939/1025/993 970/1055/993 971/1056/993
f 927/1028/994 926/1026/994 957/1054/994 958/1057/994
f 941/1029/995 940/1027/995 971/1056/995 972/1058/995
f 928/1030/996 927/1028/996 958/1057/996 959/1059/996
f 942/1031/997 941/1029/997 972/1058/997 973/1060/997
f 929/1032/998 928/1030/998 959/1059/998 960/1061/998
f 943/1033/999 942/1031/999 973/1060/999 974/1062/999
f 930/1034/1000 929/1032/1000 960/1061/1000 961/1063/1000
f 944/1035/1001 943/1033/1001 974/1062/1001 975/1064/1001
f 931/1036/1002 930/1034/1002 961/1063/1002 962/1065/1002
f 918/1038/975 514/1066/975 949/1067/1003
f 945/1039/1004 944/1035/1004 975/1064/1004 976/1068/1004
f 932/1040/1005 931/1036/1005 962/1065/1005 963/1069/1005
f 919/1041/1006 918/1038/1006 949/1067/1006 950/1070/1006
f 946/1042/1007 945/1039/1007 976/1068/1007 977/1071/1007
f 933/1043/1008 932/1040/1008 963/1069/1008 964/1072/1008
f 920/1044/1009 919/1041/1009 950/1070/1009 951/1073/1009
f 947/1045/1010 946/1042/1010 977/1071/1010 978/1074/1010
f 934/1046/1011 933/1043/1011 964/1072/1011 965/1075/1011
f 921/1047/1012 920/1044/1012 951/1073/1012 952/1076/1012
f 948/1048/1013 947/1045/1013 978/1074/1013 979/1077/1013
f 935/1049/1014 934/1046/1014 965/1075/1014 966/1078/1014
f 922/1050/1015 921/1047/1015 952/1076/1015 953/1079/1015
f 513/1080/1016 948/1048/1017 979/1077/1016
f 936/1052/1018 935/1049/1018 966/1078/1018 967/1081/1018
f 923/1020/1019 922/1050/1019 953/1079/1019 954/1082/1019
f 937/1022/1020 936/1052/1020 967/1081/1020 968/1083/1020
f 924/1021/1021 923/1020/1021 954/1082/1021 955/1084/1021
f 938/1023/1022 937/1022/1022 968/1083/1022 969/1085/1022
f 925/1024/1023 924/1021/1023 955/1084/1023 956/1053/1023
f 939/1025/1024 938/1023/1024 969/1085/1024 970/1055/1024
f 959/1059/1025 958/1057/1025 987/53/1025 988/57/1025
f 973/1060/1026 972/1058/1026 992/55/1026 12/59/1026
f 960/1061/1027 959/1059/1027 988/57/1027 3/61/1027
f 974/1062/1028 973/1060/1028 12/59/1028 13/63/1028
f 961/1063/1029 960/1061/1029 3/61/1029 4/2/1029
f 975/1064/1030 974/1062/1030 13/63/1030 14/9/1030
f 962/1065/1031 961/1063/1031 4/2/1031 5/1/1031
f 949/1067/1032 514/1086/2 980/5/2
f 976/1068/1033 975/1064/1033 14/9/1033 993/8/1033
f 963/1069/1034 962/1065/1034 5/1/1034 6/12/1034
f 950/1070/1035 949/1067/1035 980/5/1035 981/14/1035
f 977/1071/1036 976/1068/1036 993/8/1036 994/16/1036
f 964/1072/1037 963/1069/1037 6/12/1037 989/18/1037
f 951/1073/1038 950/1070/1038 981/14/1038 982/20/1038
f 978/1074/1039 977/1071/1039 994/16/1039 15/22/1039
f 965/1075/1040 964/1072/1040 989/18/1040 7/24/1040
f 952/1076/1041 951/1073/1041 982/20/1041 983/26/1041
f 979/1077/1042 978/1074/1042 15/22/1042 16/28/1042
f 966/1078/1043 965/1075/1043 7/24/1043 8/30/1043
f 953/1079/1044 952/1076/1044 983/26/1044 984/32/1044
f 513/1087/1016 979/1077/1016 16/28/1045
f 967/1081/1046 966/1078/1046 8/30/1046 990/35/1046
f 954/1082/1047 953/1079/1047 984/32/1047 985/37/1047
f 968/1083/1048 967/1081/1048 990/35/1048 991/39/1048
f 955/1084/1049 954/1082/1049 985/37/1049 1/41/1049
f 969/1085/1050 968/1083/1050 991/39/1050 9/43/1050
f 956/1053/1051 955/1084/1051 1/41/1051 986/45/1051
f 970/1055/1052 969/1085/1052 9/43/1052 10/47/1052
f 957/1054/1053 956/1053/1053 986/45/1053 2/49/1053
f 971/1056/1054 970/1055/1054 10/47/1054 11/51/1054
f 958/1057/1055 957/1054/1055 2/49/1055 987/53/1055
f 972/1058/1056 971/1056/1056 11/51/1056 992/55/1056
f 995/1088/1057 1014/1088/1057 1015/1088/1058 996/1088/1058
f 996/1088/1058 1015/1088/1058 1016/1088/1059 997/1088/1059
f 997/1088/1059 1016/1088/1059 1017/1088/1060 998/1088/1060
f 998/1088/1060 1017/1088/1060 1018/1088/1061 999/1088/1061
f 999/1088/1061 1018/1088/1061 1019/1088/1062 1000/1088/1062
f 1000/1088/1062 1019/1088/1062 1020/1088/1063 1001/1088/1063
f 1001/1088/1063 1020/1088/1063 1021/1088/1064 1002/1088/1064
f 1002/1088/1064 1021/1088/1064 1022/1088/1065 1003/1088/1065
f 1003/1088/1065 1022/1088/1065 1023/1088/1066 1004/1088/1066
f 1004/1088/1066 1023/1088/1066 1024/1088/1067 1005/1088/1067
f 1005/1088/1067 1024/1088/1067 1025/1088/1068 1006/1088/1068
f 1006/1088/1068 1025/1088/1068 1026/1088/1069 1007/1088/1069
f 1007/1088/1069 1026/1088/1069 1027/1088/1070 1008/1088/1070
f 1008/1088/1070 1027/1088/1070 1028/1088/1071 1009/1088/1071
f 1009/1088/1071 1028/1088/1071 1029/1088/1072 1010/1088/1072
f 1010/1088/1072 1029/1088/1072 1030/1088/1073 1011/1088/1073
f 1011/1088/1073 1030/1088/1073 1031/1088/1074 1012/1088/1074
f 1012/1088/1074 1031/1088/1074 1032/1088/1075 1013/1088/1075
f 1013/1088/1075 1032/1088/1075 1014/1088/1057 995/1088/1057
f 1033/1088/1057 1052/1088/1057 1053/1088/1058 1034/1088/1058
f 1034/1088/1058 1053/1088/1058 1054/1088/1059 1035/1088/1059
f 1035/1088/1059 1054/1088/1059 1055/1088/1060 1036/1088/1060
f 1036/1088/1060 1055/1088/1060 1056/1088/1061 1037/1088/1061
f 1037/1088/1061 1056/1088/1061 1057/1088/1062 1038/1088/1062
f 1038/1088/1062 1057/1088/1062 1058/1088/1063 1039/1088/1063
f 1039/1088/1063 1058/1088/1063 1059/1088/1064 1040/1088/1064
f 1040/1088/1064 1059/1088/1064 1060/1088/1065 1041/1088/1065
f 1041/1088/1065 1060/1088/1065 1061/1088/1066 1042/1088/1066
f 1042/1088/1066 1061/1088/1066 1062/1088/1067 1043/1088/1067
f 1043/1088/1067 1062/1088/1067 1063/1088/1068 1044/1088/1068
f 1044/1088/1068 1063/1088/1068 1064/1088/1069 1045/1088/1069
f 1045/1088/1069 1064/1088/1069 1065/1088/1070 1046/1088/1070
f 1046/1088/1070 1065/1088/1070 1066/1088/1071 1047/1088/1071
f 1047/1088/1071 1066/1088/1071 1067/1088/1072 1048/1088/1072
f 1048/1088/1072 1067/1088/1072 1068/1088/1073 1049/1088/1073
f 1049/1088/1073 1068/1088/1073 1069/1088/1074 1050/1088/1074
f 1050/1088/1074 1069/1088/1074 1070/1088/1075 1051/1088/1075
f 1051/1088/1075 1070/1088/1075 1052/1088/1057 1033/1088/1057
f 1071/1088/1057 1090/1088/1057 1091/1088/1058 1072/1088/1058
f 1072/1088/1058 1091/1088/1058 1092/1088/1059 1073/1088/1059
f 1073/1088/1059 1092/1088/1059 1093/1088/1060 1074/1088/1060
f 1074/1088/1060 1093/1088/1060 1094/1088/1061 1075/1088/1061
f 1075/1088/1061 1094/1088/1061 1095/1088/1062 1076/1088/1062
f 1076/1088/1062 1095/1088/1062 1096/1088/1063 1077/1088/1063
f 1077/1088/1063 1096/1088/1063 1097/1088/1064 1078/1088/1064
f 1078/1088/1064 1097/1088/1064 1098/1088/1065 1079/1088/1065
f 1079/1088/1065 1098/1088/1065 1099/1088/1066 1080/1088/1066
f 1080/1088/1066 1099/1088/1066 1100/1088/1067 1081/1088/1067
f 1081/1088/1067 1100/1088/1067 1101/1088/1068 1082/1088/1068
f 1082/1088/1068 1101/1088/1068 1102/1088/1069 1083/1088/1069
f 1083/1088/1069 1102/1088/1069 1103/1088/1070 1084/1088/1070
f 1084/1088/1070 1103/1088/1070 1104/1088/1071 1085/1088/1071
f 1085/1088/1071 1104/1088/1071 1105/1088/1072 1086/1088/1072
f 1086/1088/1072 1105/1088/1072 1106/1088/1073 1087/1088/1073
f 1087/1088/1073 1106/1088/1073 1107/1088/1074 1088/1088/1074
f 1088/1088/1074 1107/1088/1074 1108/1088/1075 1089/1088/1075
f 1089/1088/1075 1108/1088/1075 1090/1088/1057 1071/1088/1057
f 1109/1088/1057 1128/1088/1057 1129/1088/1058 1110/1088/1058
f 1110/1088/1058 1129/1088/1058 1130/1088/1059 1111/1088/1059
f 1111/1088/1059 1130/1088/1059 1131/1088/1060 1112/1088/1060
f 1112/1088/1060 1131/1088/1060 1132/1088/1061 1113/1088/1061
f 1113/1088/1061 1132/1088/1061 1133/1088/1062 1114/1088/1062
f 1114/1088/1062 1133/1088/1062 1134/1088/1063 1115/1088/1063
f 1115/1088/1063 1134/1088/1063 1135/1088/1064 1116/1088/1064
f 1116/1088/1064 1135/1088/1064 1136/1088/1065 1117/1088/1065
f 1117/1088/1065 1136/1088/1065 1137/1088/1066 1118/1088/1066
f 1118/1088/1066 1137/1088/1066 1138/1088/1067 1119/1088/1067
f 1119/1088/1067 1138/1088/1067 1139/1088/1068 1120/1088/1068
f 1120/1088/1068 1139/1088/1068 1140/1088/1069 1121/1088/1069
f 1121/1088/1069 1140/1088/1069 1141/1088/1070 1122/1088/1070
f 1122/1088/1070 1141/1088/1070 1142/1088/1071 1123/1088/1071
f 1123/1088/1071 1142/1088/1071 1143/1088/1072 1124/1088/1072
f 1124/1088/1072 1143/1088/1072 1144/1088/1073 1125/1088/1073
f 1125/1088/1073 1144/1088/1073 1145/1088/1074 1126/1088/1074
f 1126/1088/1074 1145/1088/1074 1146/1088/1075 1127/1088/1075
f 1127/1088/1075 1146/1088/1075 1128/1088/1057 1109/1088/1057
f 1147/1088/1057 1166/1088/1057 1167/1088/1058 1148/1088/1058
f 1148/1088/1058 1167/1088/1058 1168/1088/1059 1149/1088/1059
f 1149/1088/1059 1168/1088/1059 1169/1088/1060 1150/1088/1060
f 1150/1088/1060 1169/1088/1060 1170/1088/1061 1151/1088/1061
f 1151/1088/1061 1170/1088/1061 1171/1088/1062 1152/1088/1062
f 1152/1088/1062 1171/1088/1062 1172/1088/1063 1153/1088/1063
f 1153/1088/1063 1172/1088/1063 1173/1088/1064 1154/1088/1064
f 1154/1088/1064 1173/1088/1064 1174/1088/1065 1155/1088/1065
f 1155/1088/1065 1174/1088/1065 1175/1088/1066 1156/1088/1066
f 1156/1088/1066 1175/1088/1066 1176/1088/1067 1157/1088/1067
f 1157/1088/1067 1176/1088/1067 1177/1088/1068 1158/1088/1068
f 1158/1088/1068 1177/1088/1068 1178/1088/1069 1159/1088/1069
f 1159/1088/1069 1178/1088/1069 1179/1088/1070 1160/1088/1070
f 1160/1088/1070 1179/1088/1070 1180/1088/1071 1161/1088/1071
f 1161/1088/1071 1180/1088/1071 1181/1088/1072 1162/1088/1072
f 1162/1088/1072 1181/1088/1072 1182/1088/1073 1163/1088/1073
f 1163/1088/1073 1182/1088/1073 1183/1088/1074 1164/1088/1074
f 1164/1088/1074 1183/1088/1074 1184/1088/1075 1165/1088/1075
f 1165/1088/1075 1184/1088/1075 1166/1088/1057 1147/1088/1057
f 1185/1088/1057 1204/1088/1057 1205/1088/1058 1186/1088/1058
f 1186/1088/1058 1205/1088/1058 1206/1088/1059 1187/1088/1059
f 1187/1088/1059 1206/1088/1059 1207/1088/1060 1188/1088/1060
f 1188/1088/1060 1207/1088/1060 1208/1088/1061 1189/1088/1061
f 1189/1088/1061 1208/1088/1061 1209/1088/1062 1190/1088/1062
f 1190/1088/1062 1209/1088/1062 1210/1088/1063 1191/1088/1063
f 1191/1088/1063 1210/1088/1063 1211/1088/1064 1192/1088/1064
f 1192/1088/1064 1211/1088/1064 1212/1088/1065 1193/1088/1065
f 1193/1088/1065 1212/1088/1065 1213/1088/1066 1194/1088/1066
f 1194/1088/1066 1213/1088/1066 1214/1088/1067 1195/1088/1067
f 1195/1088/1067 1214/1088/1067 1215/1088/1068 1196/1088/1068
f 1196/1088/1068 1215/1088/1068 1216/1088/1069 1197/1088/1069
f 1197/1088/1069 1216/1088/1069 1217/1088/1070 1198/1088/1070
f 1198/1088/1070 1217/1088/1070 1218/1088/1071 1199/1088/1071
f 1199/1088/1071 1218/1088/1071 1219/1088/1072 1200/1088/1072
f 1200/1088/1072 1219/1088/1072 1220/1088/1073 1201/1088/1073
f 1201/1088/1073 1220/1088/1073 1221/1088/1074 1202/1088/1074
f 1202/1088/1074 1221/1088/1074 1222/1088/1075 1203/1088/1075
f 1203/1088/1075 1222/1088/1075 1204/1088/1057 1185/1088/1057
f 1223/1088/1057 1242/1088/1057 1243/1088/1058 1224/1088/1058
f 1224/1088/1058 1243/1088/1058 1244/1088/1059 1225/1088/1059
f 1225/1088/1059 1244/1088/1059 1245/1088/1060 1226/1088/1060
f 1226/1088/1060 1245/1088/1060 1246/1088/1061 1227/1088/1061
f 1227/1088/1061 1246/1088/1061 1247/1088/1062 1228/1088/1062
f 1228/1088/1062 1247/1088/1062 1248/1088/1063 1229/1088/1063
f 1229/1088/1063 1248/1088/1063 1249/1088/1064 1230/1088/1064
f 1230/1088/1064 1249/1088/1064 1250/1088/1065 1231/1088/1065
f 1231/1088/1065 1250/1088/1065 1251/1088/1066 1232/1088/1066
f 1232/1088/1066 1251/1088/1066 1252/1088/1067 1233/1088/1067
f 1233/1088/1067 1252/1088/1067 1253/1088/1068 1234/1088/1068
f 1234/1088/1068 1253/1088/1068 1254/1088/1069 1235/1088/1069
f 1235/1088/1069 1254/1088/1069 1255/1088/1070 1236/1088/1070
f 1236/1088/1070 1255/1088/1070 1256/1088/1071 1237/1088/1071
f 1237/1088/1071 1256/1088/1071 1257/1088/1072 1238/1088/1072
f 1238/1088/1072 1257/1088/1072 1258/1088/1073 1239/1088/1073
f 1239/1088/1073 1258/1088/1073 1259/1088/1074 1240/1088/1074
f 1240/1088/1074 1259/1088/1074 1260/1088/1075 1241/1088/1075
f 1241/1088/1075 1260/1088/1075 1242/1088/1057 1223/1088/1057
f 1261/1088/1057 1280/1088/1057 1281/1088/1058 1262/1088/1058
f 1262/1088/1058 1281/1088/1058 1282/1088/1059 1263/1088/1059
f 1263/1088/1059 1282/1088/1059 1283/1088/1060 1264/1088/1060
f 1264/1088/1060 1283/1088/1060 1284/1088/1061 1265/1088/1061
f 1265/1088/1061 1284/1088/1061 1285/1088/1062 1266/1088/1062
f 1266/1088/1062 1285/1088/1062 1286/1088/1063 1267/1088/1063
f 1267/1088/1063 1286/1088/1063 1287/1088/1064 1268/1088/1064
f 1268/1088/1064 1287/1088/1064 1288/1088/1065 1269/1088/1065
f 1269/1088/1065 1288/1088/1065 1289/1088/1066 1270/1088/1066
f 1270/1088/1066 1289/1088/1066 1290/1088/1067 1271/1088/1067
f 1271/1088/1067 1290/1088/1067 1291/1088/1068 1272/1088/1068
f 1272/1088/1068 1291/1088/1068 1292/1088/1069 1273/1088/1069
f 1273/1088/1069 1292/1088/1069 1293/1088/1070 1274/1088/1070
f 1274/1088/1070 1293/1088/1070 1294/1088/1071 1275/1088/1071
f 1275/1088/1071 1294/1088/1071 1295/1088/1072 1276/1088/1072
f 1276/1088/1072 1295/1088/1072 1296/1088/1073 1277/1088/1073
f 1277/1088/1073 1296/1088/1073 1297/1088/1074 1278/1088/1074
f 1278/1088/1074 1297/1088/1074 1298/1088/1075 1279/1088/1075
f 1279/1088/1075 1298/1088/1075 1280/1088/1057 1261/1088/1057
f 1299/1088/1057 1318/1088/1057 1319/1088/1058 1300/1088/1058
f 1300/1088/1058 1319/1088/1058 1320/1088/1059 1301/1088/1059
f 1301/1088/1059 1320/1088/1059 1321/1088/1060 1302/1088/1060
f 1302/1088/1060 1321/1088/1060 1322/1088/1061 1303/1088/1061
f 1303/1088/1061 1322/1088/1061 1323/1088/1062 1304/1088/1062
f 1304/1088/1062 1323/1088/1062 1324/1088/1063 1305/1088/1063
f 1305/1088/1063 1324/1088/1063 1325/1088/1064 1306/1088/1064
f 1306/1088/1064 1325/1088/1064 1326/1088/1065 1307/1088/1065
f 1307/1088/1065 1326/1088/1065 1327/1088/1066 1308/1088/1066
f 1308/1088/1066 1327/1088/1066 1328/1088/1067 1309/1088/1067
f 1309/1088/1067 1328/1088/1067 1329/1088/1068 1310/1088/1068
f 1310/1088/1068 1329/1088/1068 1330/1088/1069 1311/1088/1069
f 1311/1088/1069 1330/1088/1069 1331/1088/1070 1312/1088/1070
f 1312/1088/1070 1331/1088/1070 1332/1088/1071 1313/1088/1071
f 1313/1088/1071 1332/1088/1071 1333/1088/1072 1314/1088/1072
f 1314/1088/1072 1333/1088/1072 1334/1088/1073 1315/1088/1073
f 1315/1088/1073 1334/1088/1073 1335/1088/1074 1316/1088/1074
f 1316/1088/1074 1335/1088/1074 1336/1088/1075 1317/1088/1075
f 1317/1088/1075 1336/1088/1075 1318/1088/1057 1299/1088/1057
f 1337/1088/1057 1356/1088/1057 1357/1088/1058 1338/1088/1058
f 1338/1088/1058 1357/1088/1058 1358/1088/1059 1339/1088/1059
f 1339/1088/1059 1358/1088/1059 1359/1088/1060 1340/1088/1060
f 1340/1088/1060 1359/1088/1060 1360/1088/1061 1341/1088/1061
f 1341/1088/1061 1360/1088/1061 1361/1088/1062 1342/1088/1062
f 1342/1088/1062 1361/1088/1062 1362/1088/1063 1343/1088/1063
f 1343/1088/1063 1362/1088/1063 1363/1088/1064 1344/1088/1064
f 1344/1088/1064 1363/1088/1064 1364/1088/1065 1345/1088/1065
f 1345/1088/1065 1364/1088/1065 1365/1088/1066 1346/1088/1066
f 1346/1088/1066 1365/1088/1066 1366/1088/1067 1347/1088/1067
f 1347/1088/1067 1366/1088/1067 1367/1088/1068 1348/1088/1068
f 1348/1088/1068 1367/1088/1068 1368/1088/1069 1349/1088/1069
f 1349/1088/1069 1368/1088/1069 1369/1088/1070 1350/1088/1070
f 1350/1088/1070 1369/1088/1070 1370/1088/1071 1351/1088/1071
f 1351/1088/1071 1370/1088/1071 1371/1088/1072 1352/1088/1072
f 1352/1088/1072 1371/1088/1072 1372/1088/1073 1353/1088/1073
f 1353/1088/1073 1372/1088/1073 1373/1088/1074 1354/1088/1074
f 1354/1088/1074 1373/1088/1074 1374/1088/1075 1355/1088/1075
f 1355/1088/1075 1374/1088/1075 1356/1088/1057 1337/1088/1057
f 1375/1088/1057 1394/1088/1057 1395/1088/1058 1376/1088/1058
f 1376/1088/1058 1395/1088/1058 1396/1088/1059 1377/1088/1059
f 1377/1088/1059 1396/1088/1059 1397/1088/1060 1378/1088/1060
f 1378/1088/1060 1397/1088/1060 1398/1088/1061 1379/1088/1061
f 1379/1088/1061 1398/1088/1061 1399/1088/1062 1380/1088/1062
f 1380/1088/1062 1399/1088/1062 1400/1088/1063 1381/1088/1063
f 1381/1088/1063 1400/1088/1063 1401/1088/1064 1382/1088/1064
f 1382/1088/1064 1401/1088/1064 1402/1088/1065 1383/1088/1065
f 1383/1088/1065 1402/1088/1065 1403/1088/1066 1384/1088/1066
f 1384/1088/1066 1403/1088/1066 1404/1088/1067 1385/1088/1067
f 1385/1088/1067 1404/1088/1067 1405/1088/1068 1386/1088/1068
f 1386/1088/1068 1405/1088/1068 1406/1088/1069 1387/1088/1069
f 1387/1088/1069 1406/1088/1069 1407/1088/1070 1388/1088/1070
f 1388/1088/1070 1407/1088/1070 1408/1088/1071 1389/1088/1071
f 1389/1088/1071 1408/1088/1071 1409/1088/1072 1390/1088/1072
f 1390/1088/1072 1409/1088/1072 1410/1088/1073 1391/1088/1073
f 1391/1088/1073 1410/1088/1073 1411/1088/1074 1392/1088/1074
f 1392/1088/1074 1411/1088/1074 1412/1088/1075 1393/1088/1075
f 1393/1088/1075 1412/1088/1075 1394/1088/1057 1375/1088/1057
f 1413/1088/1057 1432/1088/1057 1433/1088/1058 1414/1088/1058
f 1414/1088/1058 1433/1088/1058 1434/1088/1059 1415/1088/1059
f 1415/1088/1059 1434/1088/1059 1435/1088/1060 1416/1088/1060
f 1416/1088/1060 1435/1088/1060 1436/1088/1061 1417/1088/1061
f 1417/1088/1061 1436/1088/1061 1437/1088/1062 1418/1088/1062
f 1418/1088/1062 1437/1088/1062 1438/1088/1063 1419/1088/1063
f 1419/1088/1063 1438/1088/1063 1439/1088/1064 1420/1088/1064
f 1420/1088/1064 1439/1088/1064 1440/1088/1065 1421/1088/1065
f 1421/1088/1065 1440/1088/1065 1441/1088/1066 1422/1088/1066
f 1422/1088/1066 1441/1088/1066 1442/1088/1067 1423/1088/1067
f 1423/1088/1067 1442/1088/1067 1443/1088/1068 1424/1088/1068
f 1424/1088/1068 1443/1088/1068 1444/1088/1069 1425/1088/1069
f 1425/1088/1069 1444/1088/1069 1445/1088/1070 1426/1088/1070
f 1426/1088/1070 1445/1088/1070 1446/1088/1071 1427/1088/1071
f 1427/1088/1071 1446/1088/1071 1447/1088/1072 1428/1088/1072
f 1428/1088/1072 1447/1088/1072 1448/1088/1073 1429/1088/1073
f 1429/1088/1073 1448/1088/1073 1449/1088/1074 1430/1088/1074
f 1430/1088/1074 1449/1088/1074 1450/1088/1075 1431/1088/1075
f 1431/1088/1075 1450/1088/1075 1432/1088/1057 1413/1088/1057
f 1451/1088/1057 1470/1088/1057 1471/1088/1058 1452/1088/1058
f 1452/1088/1058 1471/1088/1058 1472/1088/1059 1453/1088/1059
f 1453/1088/1059 1472/1088/1059 1473/1088/1060 1454/1088/1060
f 1454/1088/1060 1473/1088/1060 1474/1088/1061 1455/1088/1061
f 1455/1088/1061 1474/1088/1061 1475/1088/1062 1456/1088/1062
f 1456/1088/1062 1475/1088/1062 1476/1088/1063 1457/1088/1063
f 1457/1088/1063 1476/1088/1063 1477/1088/1064 1458/1088/1064
f 1458/1088/1064 1477/1088/1064 1478/1088/1065 1459/1088/1065
f 1459/1088/1065 1478/1088/1065 1479/1088/1066 1460/1088/1066
f 1460/1088/1066 1479/1088/1066 1480/1088/1067 1461/1088/1067
f 1461/1088/1067 1480/1088/1067 1481/1088/1068 1462/1088/1068
f 1462/1088/1068 1481/1088/1068 1482/1088/1069 1463/1088/1069
f 1463/1088/1069 1482/1088/1069 1483/1088/1070 1464/1088/1070
f 1464/1088/1070 1483/1088/1070 1484/1088/1071 1465/1088/1071
f 1465/1088/1071 1484/1088/1071 1485/1088/1072 1466/1088/1072
f 1466/1088/1072 1485/1088/1072 1486/1088/1073 1467/1088/1073
f 1467/1088/1073 1486/1088/1073 1487/1088/1074 1468/1088/1074
f 1468/1088/1074 1487/1088/1074 1488/1088/1075 1469/1088/1075
f 1469/1088/1075 1488/1088/1075 1470/1088/1057 1451/1088/1057
f 1489/1088/1057 1508/1088/1057 1509/1088/1058 1490/1088/1058
f 1490/1088/1058 1509/1088/1058 1510/1088/1059 1491/1088/1059
f 1491/1088/1059 1510/1088/1059 1511/1088/1060 1492/1088/1060
f 1492/1088/1060 1511/1088/1060 1512/1088/1061 1493/1088/1061
f 1493/1088/1061 1512/1088/1061 1513/1088/1062 1494/1088/1062
f 1494/1088/1062 1513/1088/1062 1514/1088/1063 1495/1088/1063
f 1495/1088/1063 1514/1088/1063 1515/1088/1064 1496/1088/1064
f 1496/1088/1064 1515/1088/1064 1516/1088/1065 1497/1088/1065
f 1497/1088/1065 1516/1088/1065 1517/1088/1076 1498/1088/1076
f 1498/1088/1076 1517/1088/1076 1518/1088/1077 1499/1088/1077
f 1499/1088/1077 1518/1088/1077 1519/1088/1068 1500/1088/1068
f 1500/1088/1068 1519/1088/1068 1520/1088/1069 1501/1088/1069
f 1501/1088/1069 1520/1088/1069 1521/1088/1070 1502/1088/1070
f 1502/1088/1070 1521/1088/1070 1522/1088/1071 1503/1088/1071
f 1503/1088/1071 1522/1088/1071 1523/1088/1072 1504/1088/1072
f 1504/1088/1072 1523/1088/1072 1524/1088/1073 1505/1088/1073
f 1505/1088/1073 1524/1088/1073 1525/1088/1074 1506/1088/1074
f 1506/1088/1074 1525/1088/1074 1526/1088/1075 1507/1088/1075
f 1507/1088/1075 1526/1088/1075 1508/1088/1057 1489/1088/1057
f 1527/1088/1057 1546/1088/1057 1547/1088/1058 1528/1088/1058
f 1528/1088/1058 1547/1088/1058 1548/1088/1059 1529/1088/1059
f 1529/1088/1059 1548/1088/1059 1549/1088/1060 1530/1088/1060
f 1530/1088/1060 1549/1088/1060 1550/1088/1061 1531/1088/1061
f 1531/1088/1061 1550/1088/1061 1551/1088/1062 1532/1088/1062
f 1532/1088/1062 1551/1088/1062 1552/1088/1063 1533/1088/1063
f 1533/1088/1063 1552/1088/1063 1553/1088/1064 1534/1088/1064
f 1534/1088/1064 1553/1088/1064 1554/1088/1065 1535/1088/1065
f 1535/1088/1065 1554/1088/1065 1555/1088/1076 1536/1088/1076
f 1536/1088/1076 1555/1088/1076 1556/1088/1077 1537/1088/1077
f 1537/1088/1077 1556/1088/1077 1557/1088/1068 1538/1088/1068
f 1538/1088/1068 1557/1088/1068 1558/1088/1069 1539/1088/1069
f 1539/1088/1069 1558/1088/1069 1559/1088/1070 1540/1088/1070
f 1540/1088/1070 1559/1088/1070 1560/1088/1071 1541/1088/1071
f 1541/1088/1071 1560/1088/1071 1561/1088/1072 1542/1088/1072
f 1542/1088/1072 1561/1088/1072 1562/1088/1073 1543/1088/1073
f 1543/1088/1073 1562/1088/1073 1563/1088/1074 1544/1088/1074
f 1544/1088/1074 1563/1088/1074 1564/1088/1075 1545/1088/1075
f 1545/1088/1075 1564/1088/1075 1546/1088/1057 1527/1088/1057
f 1565/1088/1057 1584/1088/1057 1585/1088/1058 1566/1088/1058
f 1566/1088/1058 1585/1088/1058 1586/1088/1059 1567/1088/1059
f 1567/1088/1059 1586/1088/1059 1587/1088/1060 1568/1088/1060
f 1568/1088/1060 1587/1088/1060 1588/1088/1061 1569/1088/1061
f 1569/1088/1061 1588/1088/1061 1589/1088/1062 1570/1088/1062
f 1570/1088/1062 1589/1088/1062 1590/1088/1063 1571/1088/1063
f 1571/1088/1063 1590/1088/1063 1591/1088/1064 1572/1088/1064
f 1572/1088/1064 1591/1088/1064 1592/1088/1065 1573/1088/1065
f 1573/1088/1065 1592/1088/1065 1593/1088/1076 1574/1088/1076
f 1574/1088/1076 1593/1088/1076 1594/1088/1077 1575/1088/1077
f 1575/1088/1077 1594/1088/1077 1595/1088/1068 1576/1088/1068
f 1576/1088/1068 1595/1088/1068 1596/1088/1069 1577/1088/1069
f 1577/1088/1069 1596/1088/1069 1597/1088/1070 1578/1088/1070
f 1578/1088/1070 1597/1088/1070 1598/1088/1071 1579/1088/1071
f 1579/1088/1071 1598/1088/1071 1599/1088/1072 1580/1088/1072
f 1580/1088/1072 1599/1088/1072 1600/1088/1073 1581/1088/1073
f 1581/1088/1073 1600/1088/1073 1601/1088/1074 1582/1088/1074
f 1582/1088/1074 1601/1088/1074 1602/1088/1075 1583/1088/1075
f 1583/1088/1075 1602/1088/1075 1584/1088/1057 1565/1088/1057
f 1603/1088/1057 1622/1088/1057 1623/1088/1058 1604/1088/1058
f 1604/1088/1058 1623/1088/1058 1624/1088/1059 1605/1088/1059
f 1605/1088/1059 1624/1088/1059 1625/1088/1060 1606/1088/1060
f 1606/1088/1060 1625/1088/1060 1626/1088/1061 1607/1088/1061
f 1607/1088/1061 1626/1088/1061 1627/1088/1062 1608/1088/1062
f 1608/1088/1062 1627/1088/1062 1628/1088/1063 1609/1088/1063
f 1609/1088/1063 1628/1088/1063 1629/1088/1064 1610/1088/1064
f 1610/1088/1064 1629/1088/1064 1630/1088/1065 1611/1088/1065
f 1611/1088/1065 1630/1088/1065 1631/1088/1076 1612/1088/1076
f 1612/1088/1076 1631/1088/1076 1632/1088/1077 1613/1088/1077
f 1613/1088/1077 1632/1088/1077 1633/1088/1068 1614/1088/1068
f 1614/1088/1068 1633/1088/1068 1634/1088/1069 1615/1088/1069
f 1615/1088/1069 1634/1088/1069 1635/1088/1070 1616/1088/1070
f 1616/1088/1070 1635/1088/1070 1636/1088/1071 1617/1088/1071
f 1617/1088/1071 1636/1088/1071 1637/1088/1072 1618/1088/1072
f 1618/1088/1072 1637/1088/1072 1638/1088/1073 1619/1088/1073
f 1619/1088/1073 1638/1088/1073 1639/1088/1074 1620/1088/1074
f 1620/1088/1074 1639/1088/1074 1640/1088/1075 1621/1088/1075
f 1621/1088/1075 1640/1088/1075 1622/1088/1057 1603/1088/1057
f 1641/1088/1057 1660/1088/1057 1661/1088/1058 1642/1088/1058
f 1642/1088/1058 1661/1088/1058 1662/1088/1059 1643/1088/1059
f 1643/1088/1059 1662/1088/1059 1663/1088/1060 1644/1088/1060
f 1644/1088/1060 1663/1088/1060 1664/1088/1061 1645/1088/1061
f 1645/1088/1061 1664/1088/1061 1665/1088/1062 1646/1088/1062
f 1646/1088/1062 1665/1088/1062 1666/1088/1063 1647/1088/1063
f 1647/1088/1063 1666/1088/1063 1667/1088/1064 1648/1088/1064
f 1648/1088/1064 1667/1088/1064 1668/1088/1065 1649/1088/1065
f 1649/1088/1065 1668/1088/1065 1669/1088/1076 1650/1088/1076
f 1650/1088/1076 1669/1088/1076 1670/1088/1077 1651/1088/1077
f 1651/1088/1077 1670/1088/1077 1671/1088/1068 1652/1088/1068
f 1652/1088/1068 1671/1088/1068 1672/1088/1069 1653/1088/1069
f 1653/1088/1069 1672/1088/1069 1673/1088/1070 1654/1088/1070
f 1654/1088/1070 1673/1088/1070 1674/1088/1071 1655/1088/1071
f 1655/1088/1071 1674/1088/1071 1675/1088/1072 1656/1088/1072
f 1656/1088/1072 1675/1088/1072 1676/1088/1073 1657/1088/1073
f 1657/1088/1073 1676/1088/1073 1677/1088/1074 1658/1088/1074
f 1658/1088/1074 1677/1088/1074 1678/1088/1075 1659/1088/1075
f 1659/1088/1075 1678/1088/1075 1660/1088/1057 1641/1088/1057
f 1679/1088/1057 1698/1088/1057 1699/1088/1058 1680/1088/1058
f 1680/1088/1058 1699/1088/1058 1700/1088/1059 1681/1088/1059
f 1681/1088/1059 1700/1088/1059 1701/1088/1060 1682/1088/1060
f 1682/1088/1060 1701/1088/1060 1702/1088/1061 1683/1088/1061
f 1683/1088/1061 1702/1088/1061 1703/1088/1062 1684/1088/1062
f 1684/1088/1062 1703/1088/1062 1704/1088/1063 1685/1088/1063
f 1685/1088/1063 1704/1088/1063 1705/1088/1064 1686/1088/1064
f 1686/1088/1064 1705/1088/1064 1706/1088/1065 1687/1088/1065
f 1687/1088/1065 1706/1088/1065 1707/1088/1076 1688/1088/1076
f 1688/1088/1076 1707/1088/1076 1708/1088/1077 1689/1088/1077
f 1689/1088/1077 1708/1088/1077 1709/1088/1068 1690/1088/1068
f 1690/1088/1068 1709/1088/1068 1710/1088/1069 1691/1088/1069
f 1691/1088/1069 1710/1088/1069 1711/1088/1070 1692/1088/1070
f 1692/1088/1070 1711/1088/1070 1712/1088/1071 1693/1088/1071
f 1693/1088/1071 1712/1088/1071 1713/1088/1072 1694/1088/1072
f 1694/1088/1072 1713/1088/1072 1714/1088/1073 1695/1088/1073
f 1695/1088/1073 1714/1088/1073 1715/1088/1074 1696/1088/1074
f 1696/1088/1074 1715/1088/1074 1716/1088/1075 1697/1088/1075
f 1697/1088/1075 1716/1088/1075 1698/1088/1057 1679/1088/1057
f 1717/1088/1057 1736/1088/1057 1737/1088/1058 1718/1088/1058
f 1718/1088/1058 1737/1088/1058 1738/1088/1059 1719/1088/1059
f 1719/1088/1059 1738/1088/1059 1739/1088/1060 1720/1088/1060
f 1720/1088/1060 1739/1088/1060 1740/1088/1061 1721/1088/1061
f 1721/1088/1061 1740/1088/1061 1741/1088/1062 1722/1088/1062
f 1722/1088/1062 1741/1088/1062 1742/1088/1063 1723/1088/1063
f 1723/1088/1063 1742/1088/1063 1743/1088/1064 1724/1088/1064
f 1724/1088/1064 1743/1088/1064 1744/1088/1065 1725/1088/1065
f 1725/1088/1065 1744/1088/1065 1745/1088/1076 1726/1088/1076
f 1726/1088/1076 1745/1088/1076 1746/1088/1077 1727/1088/1077
f 1727/1088/1077 1746/1088/1077 1747/1088/1068 1728/1088/1068
f 1728/1088/1068 1747/1088/1068 1748/1088/1069 1729/1088/1069
f 1729/1088/1069 1748/1088/1069 1749/1088/1070 1730/1088/1070
f 1730/1088/1070 1749/1088/1070 1750/1088/1071 1731/1088/1071
f 1731/1088/1071 1750/1088/1071 1751/1088/1072 1732/1088/1072
f 1732/1088/1072 1751/1088/1072 1752/1088/1073 1733/1088/1073
f 1733/1088/1073 1752/1088/1073 1753/1088/1074 1734/1088/1074
f 1734/1088/1074 1753/1088/1074 1754/1088/1075 1735/1088/1075
f 1735/1088/1075 1754/1088/1075 1736/1088/1057 1717/1088/1057
f 1755/1088/1057 1774/1088/1057 1775/1088/1058 1756/1088/1058
f 1756/1088/1058 1775/1088/1058 1776/1088/1059 1757/1088/1059
f 1757/1088/1059 1776/1088/1059 1777/1088/1060 1758/1088/1060
f 1758/1088/1060 1777/1088/1060 1778/1088/1061 1759/1088/1061
f 1759/1088/1061 1778/1088/1061 1779/1088/1062 1760/1088/1062
f 1760/1088/1062 1779/1088/1062 1780/1088/1063 1761/1088/1063
f 1761/1088/1063 1780/1088/1063 1781/1088/1064 1762/1088/1064
f 1762/1088/1064 1781/1088/1064 1782/1088/1065 1763/1088/1065
f 1763/1088/1065 1782/1088/1065 1783/1088/1076 1764/1088/1076
f 1764/1088/1076 1783/1088/1076 1784/1088/1077 1765/1088/1077
f 1765/1088/1077 1784/1088/1077 1785/1088/1068 1766/1088/1068
f 1766/1088/1068 1785/1088/1068 1786/1088/1069 1767/1088/1069
f 1767/1088/1069 1786/1088/1069 1787/1088/1070 1768/1088/1070
f 1768/1088/1070 1787/1088/1070 1788/1088/1071 1769/1088/1071
f 1769/1088/1071 1788/1088/1071 1789/1088/1072 1770/1088/1072
f 1770/1088/1072 1789/1088/1072 1790/1088/1073 1771/1088/1073
f 1771/1088/1073 1790/1088/1073 1791/1088/1074 1772/1088/1074
f 1772/1088/1074 1791/1088/1074 1792/1088/1075 1773/1088/1075
f 1773/1088/1075 1792/1088/1075 1774/1088/1057 1755/1088/1057
f 1793/1088/1057 1812/1088/1057 1813/1088/1058 1794/1088/1058
f 1794/1088/1058 1813/1088/1058 1814/1088/1059 1795/1088/1059
f 1795/1088/1059 1814/1088/1059 1815/1088/1060 1796/1088/1060
f 1796/1088/1060 1815/1088/1060 1816/1088/1061 1797/1088/1061
f 1797/1088/1061 1816/1088/1061 1817/1088/1062 1798/1088/1062
f 1798/1088/1062 1817/1088/1062 1818/1088/1063 1799/1088/1063
f 1799/1088/1063 1818/1088/1063 1819/1088/1064 1800/1088/1064
f 1800/1088/1064 1819/1088/1064 1820/1088/1065 1801/1088/1065
f 1801/1088/1065 1820/1088/1065 1821/1088/1076 1802/1088/1076
f 1802/1088/1076 1821/1088/1076 1822/1088/1077 1803/1088/1077
f 1803/1088/1077 1822/1088/1077 1823/1088/1068 1804/1088/1068
f 1804/1088/1068 1823/1088/1068 1824/1088/1069 1805/1088/1069
f 1805/1088/1069 1824/1088/1069 1825/1088/1070 1806/1088/1070
f 1806/1088/1070 1825/1088/1070 1826/1088/1071 1807/1088/1071
f 1807/1088/1071 1826/1088/1071 1827/1088/1072 1808/1088/1072
f 1808/1088/1072 1827/1088/1072 1828/1088/1073 1809/1088/1073
f 1809/1088/1073 1828/1088/1073 1829/1088/1074 1810/1088/1074
f 1810/1088/1074 1829/1088/1074 1830/1088/1075 1811/1088/1075
f 1811/1088/1075 1830/1088/1075 1812/1088/1057 1793/1088/1057
f 1831/1088/1057 1850/1088/1057 1851/1088/1058 1832/1088/1058
f 1832/1088/1058 1851/1088/1058 1852/1088/1059 1833/1088/1059
f 1833/1088/1059 1852/1088/1059 1853/1088/1060 1834/1088/1060
f 1834/1088/1060 1853/1088/1060 1854/1088/1061 1835/1088/1061
f 1835/1088/1061 1854/1088/1061 1855/1088/1062 1836/1088/1062
f 1836/1088/1062 1855/1088/1062 1856/1088/1063 1837/1088/1063
f 1837/1088/1063 1856/1088/1063 1857/1088/1064 1838/1088/1064
f 1838/1088/1064 1857/1088/1064 1858/1088/1065 1839/1088/1065
f 1839/1088/1065 1858/1088/1065 1859/1088/1076 1840/1088/1076
f 1840/1088/1076 1859/1088/1076 1860/1088/1077 1841/1088/1077
f 1841/1088/1077 1860/1088/1077 1861/1088/1068 1842/1088/1068
f 1842/1088/1068 1861/1088/1068 1862/1088/1069 1843/1088/1069
f 1843/1088/1069 1862/1088/1069 1863/1088/1070 1844/1088/1070
f 1844/1088/1070 1863/1088/1070 1864/1088/1071 1845/1088/1071
f 1845/1088/1071 1864/1088/1071 1865/1088/1072 1846/1088/1072
f 1846/1088/1072 1865/1088/1072 1866/1088/1073 1847/1088/1073
f 1847/1088/1073 1866/1088/1073 1867/1088/1074 1848/1088/1074
f 1848/1088/1074 1867/1088/1074 1868/1088/1075 1849/1088/1075
f 1849/1088/1075 1868/1088/1075 1850/1088/1057 1831/1088/1057
f 1869/1088/1057 1888/1088/1057 1889/1088/1058 1870/1088/1058
f 1870/1088/1058 1889/1088/1058 1890/1088/1059 1871/1088/1059
f 1871/1088/1059 1890/1088/1059 1891/1088/1060 1872/1088/1060
f 1872/1088/1060 1891/1088/1060 1892/1088/1061 1873/1088/1061
f 1873/1088/1061 1892/1088/1061 1893/1088/1062 1874/1088/1062
f 1874/1088/1062 1893/1088/1062 1894/1088/1063 1875/1088/1063
f 1875/1088/1063 1894/1088/1063 1895/1088/1064 1876/1088/1064
f 1876/1088/1064 1895/1088/1064 1896/1088/1065 1877/1088/1065
f 1877/1088/1065 1896/1088/1065 1897/1088/1076 1878/1088/1076
f 1878/1088/1076 1897/1088/1076 1898/1088/1077 1879/1088/1077
f 1879/1088/1077 1898/1088/1077 1899/1088/1068 1880/1088/1068
f 1880/1088/1068 1899/1088/1068 1900/1088/1069 1881/1088/1069
f 1881/1088/1069 1900/1088/1069 1901/1088/1070 1882/1088/1070
f 1882/1088/1070 1901/1088/1070 1902/1088/1071 1883/1088/1071
f 1883/1088/1071 1902/1088/1071 1903/1088/1072 1884/1088/1072
f 1884/1088/1072 1903/1088/1072 1904/1088/1073 1885/1088/1073
f 1885/1088/1073 1904/1088/1073 1905/1088/1074 1886/1088/1074
f 1886/1088/1074 1905/1088/1074 1906/1088/1075 1887/1088/1075
f 1887/1088/1075 1906/1088/1075 1888/1088/1057 1869/1088/1057
f 1907/1088/1057 1926/1088/1057 1927/1088/1058 1908/1088/1058
f 1908/1088/1058 1927/1088/1058 1928/1088/1059 1909/1088/1059
f 1909/1088/1059 1928/1088/1059 1929/1088/1060 1910/1088/1060
f 1910/1088/1060 1929/1088/1060 1930/1088/1061 1911/1088/1061
f 1911/1088/1061 1930/1088/1061 1931/1088/1062 1912/1088/1062
f 1912/1088/1062 1931/1088/1062 1932/1088/1063 1913/1088/1063
f 1913/1088/1063 1932/1088/1063 1933/1088/1064 1914/1088/1064
f 1914/1088/1064 1933/1088/1064 1934/1088/1065 1915/1088/1065
f 1915/1088/1065 1934/1088/1065 1935/1088/1076 1916/1088/1076
f 1916/1088/1076 1935/1088/1076 1936/1088/1077 1917/1088/1077
f 1917/1088/1077 1936/1088/1077 1937/1088/1068 1918/1088/1068
f 1918/1088/1068 1937/1088/1068 1938/1088/1069 1919/1088/1069
f 1919/1088/1069 1938/1088/1069 1939/1088/1070 1920/1088/1070
f 1920/1088/1070 1939/1088/1070 1940/1088/1071 1921/1088/1071
f 1921/1088/1071 1940/1088/1071 1941/1088/1072 1922/1088/1072
f 1922/1088/1072 1941/1088/1072 1942/1088/1073 1923/1088/1073
f 1923/1088/1073 1942/1088/1073 1943/1088/1074 1924/1088/1074
f 1924/1088/1074 1943/1088/1074 1944/1088/1075 1925/1088/1075
f 1925/1088/1075 1944/1088/1075 1926/1088/1057 1907/1088/1057
f 1945/1088/1057 1964/1088/1057 1965/1088/1058 1946/1088/1058
f 1946/1088/1058 1965/1088/1058 1966/1088/1059 1947/1088/1059
f 1947/1088/1059 1966/1088/1059 1967/1088/1060 1948/1088/1060
f 1948/1088/1060 1967/1088/1060 1968/1088/1061 1949/1088/1061
f 1949/1088/1061 1968/1088/1061 1969/1088/1062 1950/1088/1062
f 1950/1088/1062 1969/1088/1062 1970/1088/1063 1951/1088/1063
f 1951/1088/1063 1970/1088/1063 1971/1088/1064 1952/1088/1064
f 1952/1088/1064 1971/1088/1064 1972/1088/1065 1953/1088/1065
f 1953/1088/1065 1972/1088/1065 1973/1088/1076 1954/1088/1076
f 1954/1088/1076 1973/1088/1076 1974/1088/1077 1955/1088/1077
f 1955/1088/1077 1974/1088/1077 1975/1088/1068 1956/1088/1068
f 1956/1088/1068 1975/1088/1068 1976/1088/1069 1957/1088/1069
f 1957/1088/1069 1976/1088/1069 1977/1088/1070 1958/1088/1070
f 1958/1088/1070 1977/1088/1070 1978/1088/1071 1959/1088/1071
f 1959/1088/1071 1978/1088/1071 1979/1088/1072 1960/1088/1072
f 1960/1088/1072 1979/1088/1072 1980/1088/1073 1961/1088/1073
f 1961/1088/1073 1980/1088/1073 1981/1088/1074 1962/1088/1074
f 1962/1088/1074 1981/1088/1074 1982/1088/1075 1963/1088/1075
f 1963/1088/1075 1982/1088/1075 1964/1088/1057 1945/1088/1057
f 1983/1088/1078 2002/1088/1078 2003/1088/1079 1984/1088/1079
f 1984/1088/1079 2003/1088/1079 2004/1088/1080 1985/1088/1080
f 1985/1088/1080 2004/1088/1080 2005/1088/1081 1986/1088/1081
f 1986/1088/1081 2005/1088/1081 2006/1088/1082 1987/1088/1083
f 1987/1088/1083 2006/1088/1082 2007/1088/1084 1988/1088/1084
f 1988/1088/1084 2007/1088/1084 2008/1088/1085 1989/1088/1085
f 1989/1088/1085 2008/1088/1085 2009/1088/1086 1990/1088/1086
f 1990/1088/1086 2009/1088/1086 2010/1088/1087 1991/1088/1087
f 1991/1088/1087 2010/1088/1087 2011/1088/1088 1992/1088/1088
f 1992/1088/1088 2011/1088/1088 2012/1088/1089 1993/1088/1089
f 1993/1088/1089 2012/1088/1089 2013/1088/1090 1994/1088/1090
f 1994/1088/1090 2013/1088/1090 2014/1088/1091 1995/1088/1091
f 1995/1088/1091 2014/1088/1091 2015/1088/1092 1996/1088/1092
f 1996/1088/1092 2015/1088/1092 2016/1088/1093 1997/1088/1093
f 1997/1088/1093 2016/1088/1093 2017/1088/1094 1998/1088/1094
f 1998/1088/1094 2017/1088/1094 2018/1088/1095 1999/1088/1095
f 1999/1088/1095 2018/1088/1095 2019/1088/1096 2000/1088/1096
f 2000/1088/1096 2019/1088/1096 2020/1088/1097 2001/1088/1097
f 2001/1088/1097 2020/1088/1097 2002/1088/1078 1983/1088/1078
f 2021/1088/1078 2040/1088/1078 2041/1088/1079 2022/1088/1079
f 2022/1088/1079 2041/1088/1079 2042/1088/1080 2023/1088/1080
f 2023/1088/1080 2042/1088/1080 2043/1088/1081 2024/1088/1081
f 2024/1088/1081 2043/1088/1081 2044/1088/1082 2025/1088/1082
f 2025/1088/1082 2044/1088/1082 2045/1088/1098 2026/1088/1098
f 2026/1088/1098 2045/1088/1098 2046/1088/1085 2027/1088/1085
f 2027/1088/1085 2046/1088/1085 2047/1088/1086 2028/1088/1086
f 2028/1088/1086 2047/1088/1086 2048/1088/1087 2029/1088/1087
f 2029/1088/1087 2048/1088/1087 2049/1088/1088 2030/1088/1088
f 2030/1088/1088 2049/1088/1088 2050/1088/1089 2031/1088/1089
f 2031/1088/1089 2050/1088/1089 2051/1088/1090 2032/1088/1090
f 2032/1088/1090 2051/1088/1090 2052/1088/1091 2033/1088/1091
f 2033/1088/1091 2052/1088/1091 2053/1088/1092 2034/1088/1092
f 2034/1088/1092 2053/1088/1092 2054/1088/1093 2035/1088/1093
f 2035/1088/1093 2054/1088/1093 2055/1088/1094 2036/1088/1094
f 2036/1088/1094 2055/1088/1094 2056/1088/1095 2037/1088/1095
f 2037/1088/1095 2056/1088/1095 2057/1088/1096 2038/1088/1096
f 2038/1088/1096 2057/1088/1096 2058/1088/1097 2039/1088/1097
f 2039/1088/1097 2058/1088/1097 2040/1088/1078 2021/1088/1078
f 2059/1088/1078 2078/1088/1078 2079/1088/1079 2060/1088/1079
f 2060/1088/1079 2079/1088/1079 2080/1088/1080 2061/1088/1080
f 2061/1088/1080 2080/1088/1080 2081/1088/1081 2062/1088/1081
f 2062/1088/1081 2081/1088/1081 2082/1088/1082 2063/1088/1082
f 2063/1088/1082 2082/1088/1082 2083/1088/1084 2064/1088/1084
f 2064/1088/1084 2083/1088/1084 2084/1088/1085 2065/1088/1085
f 2065/1088/1085 2084/1088/1085 2085/1088/1086 2066/1088/1086
f 2066/1088/1086 2085/1088/1086 2086/1088/1087 2067/1088/1087
f 2067/1088/1087 2086/1088/1087 2087/1088/1088 2068/1088/1088
f 2068/1088/1088 2087/1088/1088 2088/1088/1089 2069/1088/1089
f 2069/1088/1089 2088/1088/1089 2089/1088/1090 2070/1088/1090
f 2070/1088/1090 2089/1088/1090 2090/1088/1091 2071/1088/1091
f 2071/1088/1091 2090/1088/1091 2091/1088/1092 2072/1088/1092
f 2072/1088/1092 2091/1088/1092 2092/1088/1093 2073/1088/1093
f 2073/1088/1093 2092/1088/1093 2093/1088/1094 2074/1088/1094
f 2074/1088/1094 2093/1088/1094 2094/1088/1095 2075/1088/1095
f 2075/1088/1095 2094/1088/1095 2095/1088/1096 2076/1088/1096
f 2076/1088/1096 2095/1088/1096 2096/1088/1097 2077/1088/1097
f 2077/1088/1097 2096/1088/1097 2078/1088/1078 2059/1088/1078
f 2097/1088/1078 2116/1088/1078 2117/1088/1079 2098/1088/1079
f 2098/1088/1079 2117/1088/1079 2118/1088/1080 2099/1088/1080
f 2099/1088/1080 2118/1088/1080 2119/1088/1081 2100/1088/1081
f 2100/1088/1081 2119/1088/1081 2120/1088/1082 2101/1088/1082
f 2101/1088/1082 2120/1088/1082 2121/1088/1084 2102/1088/1084
f 2102/1088/1084 2121/1088/1084 2122/1088/1085 2103/1088/1085
f 2103/1088/1085 2122/1088/1085 2123/1088/1099 2104/1088/1086
f 2104/1088/1086 2123/1088/1099 2124/1088/1087 2105/1088/1087
f 2105/1088/1087 2124/1088/1087 2125/1088/1088 2106/1088/1088
f 2106/1088/1088 2125/1088/1088 2126/1088/1089 2107/1088/1089
f 2107/1088/1089 2126/1088/1089 2127/1088/1090 2108/1088/1090
f 2108/1088/1090 2127/1088/1090 2128/1088/1091 2109/1088/1091
f 2109/1088/1091 2128/1088/1091 2129/1088/1092 2110/1088/1092
f 2110/1088/1092 2129/1088/1092 2130/1088/1093 2111/1088/1093
f 2111/1088/1093 2130/1088/1093 2131/1088/1094 2112/1088/1094
f 2112/1088/1094 2131/1088/1094 2132/1088/1095 2113/1088/1095
f 2113/1088/1095 2132/1088/1095 2133/1088/1096 2114/1088/1096
f 2114/1088/1096 2133/1088/1096 2134/1088/1097 2115/1088/1097
f 2115/1088/1097 2134/1088/1097 2116/1088/1078 2097/1088/1078
f 2135/1088/1078 2154/1088/1078 2155/1088/1079 2136/1088/1079
f 2136/1088/1079 2155/1088/1079 2156/1088/1080 2137/1088/1080
f 2137/1088/1080 2156/1088/1080 2157/1088/1081 2138/1088/1081
f 2138/1088/1081 2157/1088/1081 2158/1088/1082 2139/1088/1082
f 2139/1088/1082 2158/1088/1082 2159/1088/1098 2140/1088/1098
f 2140/1088/1098 2159/1088/1098 2160/1088/1085 2141/1088/1085
f 2141/1088/1085 2160/1088/1085 2161/1088/1099 2142/1088/1099
f 2142/1088/1099 2161/1088/1099 2162/1088/1087 2143/1088/1087
f 2143/1088/1087 2162/1088/1087 2163/1088/1088 2144/1088/1088
f 2144/1088/1088 2163/1088/1088 2164/1088/1089 2145/1088/1089
f 2145/1088/1089 2164/1088/1089 2165/1088/1090 2146/1088/1090
f 2146/1088/1090 2165/1088/1090 2166/1088/1091 2147/1088/1091
f 2147/1088/1091 2166/1088/1091 2167/1088/1092 2148/1088/1092
f 2148/1088/1092 2167/1088/1092 2168/1088/1093 2149/1088/1093
f 2149/1088/1093 2168/1088/1093 2169/1088/1094 2150/1088/1094
f 2150/1088/1094 2169/1088/1094 2170/1088/1095 2151/1088/1095
f 2151/1088/1095 2170/1088/1095 2171/1088/1096 2152/1088/1096
f 2152/1088/1096 2171/1088/1096 2172/1088/1097 2153/1088/1097
f 2153/1088/1097 2172/1088/1097 2154/1088/1078 2135/1088/1078
f 2173/1088/1078 2192/1088/1078 2193/1088/1079 2174/1088/1079
f 2174/1088/1079 2193/1088/1079 2194/1088/1080 2175/1088/1080
f 2175/1088/1080 2194/1088/1080 2195/1088/1081 2176/1088/1081
f 2176/1088/1081 2195/1088/1081 2196/1088/1083 2177/1088/1082
f 2177/1088/1082 2196/1088/1083 2197/1088/1098 2178/1088/1084
f 2178/1088/1084 2197/1088/1098 2198/1088/1085 2179/1088/1085
f 2179/1088/1085 2198/1088/1085 2199/1088/1086 2180/1088/1086
f 2180/1088/1086 2199/1088/1086 2200/1088/1087 2181/1088/1087
f 2181/1088/1087 2200/1088/1087 2201/1088/1088 2182/1088/1088
f 2182/1088/1088 2201/1088/1088 2202/1088/1089 2183/1088/1089
f 2183/1088/1089 2202/1088/1089 2203/1088/1090 2184/1088/1090
f 2184/1088/1090 2203/1088/1090 2204/1088/1091 2185/1088/1091
f 2185/1088/1091 2204/1088/1091 2205/1088/1092 2186/1088/1092
f 2186/1088/1092 2205/1088/1092 2206/1088/1093 2187/1088/1093
f 2187/1088/1093 2206/1088/1093 2207/1088/1094 2188/1088/1094
f 2188/1088/1094 2207/1088/1094 2208/1088/1095 2189/1088/1095
f 2189/1088/1095 2208/1088/1095 2209/1088/1096 2190/1088/1096
f 2190/1088/1096 2209/1088/1096 2210/1088/1097 2191/1088/1097
f 2191/1088/1097 2210/1088/1097 2192/1088/1078 2173/1088/1078
f 2211/1088/1078 2230/1088/1078 2231/1088/1079 2212/1088/1079
f 2212/1088/1079 2231/1088/1079 2232/1088/1080 2213/1088/1080
f 2213/1088/1080 2232/1088/1080 2233/1088/1081 2214/1088/1081
f 2214/1088/1081 2233/1088/1081 2234/1088/1083 2215/1088/1083
f 2215/1088/1083 2234/1088/1083 2235/1088/1084 2216/1088/1084
f 2216/1088/1084 2235/1088/1084 2236/1088/1085 2217/1088/1085
f 2217/1088/1085 2236/1088/1085 2237/1088/1086 2218/1088/1086
f 2218/1088/1086 2237/1088/1086 2238/1088/1087 2219/1088/1087
f 2219/1088/1087 2238/1088/1087 2239/1088/1088 2220/1088/1088
f 2220/1088/1088 2239/1088/1088 2240/1088/1089 2221/1088/1089
f 2221/1088/1089 2240/1088/1089 2241/1088/1090 2222/1088/1090
f 2222/1088/1090 2241/1088/1090 2242/1088/1091 2223/1088/1091
f 2223/1088/1091 2242/1088/1091 2243/1088/1092 2224/1088/1092
f 2224/1088/1092 2243/1088/1092 2244/1088/1093 2225/1088/1093
f 2225/1088/1093 2244/1088/1093 2245/1088/1094 2226/1088/1094
f 2226/1088/1094 2245/1088/1094 2246/1088/1095 2227/1088/1095
f 2227/1088/1095 2246/1088/1095 2247/1088/1096 2228/1088/1096
f 2228/1088/1096 2247/1088/1096 2248/1088/1097 2229/1088/1097
f 2229/1088/1097 2248/1088/1097 2230/1088/1078 2211/1088/1078
f 2249/1088/1078 2268/1088/1078 2269/1088/1079 2250/1088/1079
f 2250/1088/1079 2269/1088/1079 2270/1088/1080 2251/1088/1080
f 2251/1088/1080 2270/1088/1080 2271/1088/1081 2252/1088/1081
f 2252/1088/1081 2271/1088/1081 2272/1088/1082 2253/1088/1082
f 2253/1088/1082 2272/1088/1082 2273/1088/1100 2254/1088/1100
f 2254/1088/1100 2273/1088/1100 2274/1088/1085 2255/1088/1085
f 2255/1088/1085 2274/1088/1085 2275/1088/1099 2256/1088/1099
f 2256/1088/1099 2275/1088/1099 2276/1088/1101 2257/1088/1101
f 2257/1088/1101 2276/1088/1101 2277/1088/1102 2258/1088/1102
f 2258/1088/1102 2277/1088/1102 2278/1088/1089 2259/1088/1089
f 2259/1088/1089 2278/1088/1089 2279/1088/1090 2260/1088/1090
f 2260/1088/1090 2279/1088/1090 2280/1088/1091 2261/1088/1091
f 2261/1088/1091 2280/1088/1091 2281/1088/1092 2262/1088/1092
f 2262/1088/1092 2281/1088/1092 2282/1088/1093 2263/1088/1093
f 2263/1088/1093 2282/1088/1093 2283/1088/1094 2264/1088/1094
f 2264/1088/1094 2283/1088/1094 2284/1088/1095 2265/1088/1095
f 2265/1088/1095 2284/1088/1095 2285/1088/1096 2266/1088/1096
f 2266/1088/1096 2285/1088/1096 2286/1088/1097 2267/1088/1097
f 2267/1088/1097 2286/1088/1097 2268/1088/1078 2249/1088/1078
f 2287/1088/1078 2306/1088/1078 2307/1088/1079 2288/1088/1079
f 2288/1088/1079 2307/1088/1079 2308/1088/1080 2289/1088/1080
f 2289/1088/1080 2308/1088/1080 2309/1088/1081 2290/1088/1081
f 2290/1088/1081 2309/1088/1081 2310/1088/1082 2291/1088/1082
f 2291/1088/1082 2310/1088/1082 2311/1088/1100 2292/1088/1100
f 2292/1088/1100 2311/1088/1100 2312/1088/1085 2293/1088/1085
f 2293/1088/1085 2312/1088/1085 2313/1088/1086 2294/1088/1086
f 2294/1088/1086 2313/1088/1086 2314/1088/1087 2295/1088/1087
f 2295/1088/1087 2314/1088/1087 2315/1088/1088 2296/1088/1088
f 2296/1088/1088 2315/1088/1088 2316/1088/1089 2297/1088/1089
f 2297/1088/1089 2316/1088/1089 2317/1088/1090 2298/1088/1090
f 2298/1088/1090 2317/1088/1090 2318/1088/1091 2299/1088/1091
f 2299/1088/1091 2318/1088/1091 2319/1088/1092 2300/1088/1092
f 2300/1088/1092 2319/1088/1092 2320/1088/1093 2301/1088/1093
f 2301/1088/1093 2320/1088/1093 2321/1088/1094 2302/1088/1094
f 2302/1088/1094 2321/1088/1094 2322/1088/1095 2303/1088/1095
f 2303/1088/1095 2322/1088/1095 2323/1088/1096 2304/1088/1096
f 2304/1088/1096 2323/1088/1096 2324/1088/1097 2305/1088/1097
f 2305/1088/1097 2324/1088/1097 2306/1088/1078 2287/1088/1078
f 2325/1088/1078 2344/1088/1078 2345/1088/1079 2326/1088/1079
f 2326/1088/1079 2345/1088/1079 2346/1088/1080 2327/1088/1080
f 2327/1088/1080 2346/1088/1080 2347/1088/1081 2328/1088/1081
f 2328/1088/1081 2347/1088/1081 2348/1088/1083 2329/1088/1083
f 2329/1088/1083 2348/1088/1083 2349/1088/1098 2330/1088/1098
f 2330/1088/1098 2349/1088/1098 2350/1088/1085 2331/1088/1085
f 2331/1088/1085 2350/1088/1085 2351/1088/1099 2332/1088/1099
f 2332/1088/1099 2351/1088/1099 2352/1088/1101 2333/1088/1101
f 2333/1088/1101 2352/1088/1101 2353/1088/1102 2334/1088/1102
f 2334/1088/1102 2353/1088/1102 2354/1088/1089 2335/1088/1089
f 2335/1088/1089 2354/1088/1089 2355/1088/1090 2336/1088/1090
f 2336/1088/1090 2355/1088/1090 2356/1088/1103 2337/1088/1103
f 2337/1088/1103 2356/1088/1103 2357/1088/1092 2338/1088/1092
f 2338/1088/1092 2357/1088/1092 2358/1088/1093 2339/1088/1093
f 2339/1088/1093 2358/1088/1093 2359/1088/1094 2340/1088/1094
f 2340/1088/1094 2359/1088/1094 2360/1088/1095 2341/1088/1095
f 2341/1088/1095 2360/1088/1095 2361/1088/1104 2342/1088/1104
f 2342/1088/1104 2361/1088/1104 2362/1088/1097 2343/1088/1097
f 2343/1088/1097 2362/1088/1097 2344/1088/1078 2325/1088/1078
f 2363/1088/1078 2382/1088/1078 2383/1088/1079 2364/1088/1079
f 2364/1088/1079 2383/1088/1079 2384/1088/1080 2365/1088/1080
f 2365/1088/1080 2384/1088/1080 2385/1088/1081 2366/1088/1081
f 2366/1088/1081 2385/1088/1081 2386/1088/1083 2367/1088/1083
f 2367/1088/1083 2386/1088/1083 2387/1088/1084 2368/1088/1084
f 2368/1088/1084 2387/1088/1084 2388/1088/1085 2369/1088/1085
f 2369/1088/1085 2388/1088/1085 2389/1088/1086 2370/1088/1086
f 2370/1088/1086 2389/1088/1086 2390/1088/1087 2371/1088/1087
f 2371/1088/1087 2390/1088/1087 2391/1088/1088 2372/1088/1088
f 2372/1088/1088 2391/1088/1088 2392/1088/1089 2373/1088/1089
f 2373/1088/1089 2392/1088/1089 2393/1088/1090 2374/1088/1090
f 2374/1088/1090 2393/1088/1090 2394/1088/1091 2375/1088/1091
f 2375/1088/1091 2394/1088/1091 2395/1088/1092 2376/1088/1092
f 2376/1088/1092 2395/1088/1092 2396/1088/1093 2377/1088/1093
f 2377/1088/1093 2396/1088/1093 2397/1088/1094 2378/1088/1094
f 2378/1088/1094 2397/1088/1094 2398/1088/1095 2379/1088/1095
f 2379/1088/1095 2398/1088/1095 2399/1088/1096 2380/1088/1096
f 2380/1088/1096 2399/1088/1096 2400/1088/1097 2381/1088/1097
f 2381/1088/1097 2400/1088/1097 2382/1088/1078 2363/1088/1078
f 2401/1088/1105 2420/1088/1105 2421/1088/1106 2402/1088/1106
f 2402/1088/1106 2421/1088/1106 2422/1088/1107 2403/1088/1107
f 2403/1088/1107 2422/1088/1107 2423/1088/1108 2404/1088/1108
f 2404/1088/1108 2423/1088/1108 2424/1088/1109 2405/1088/1109
f 2405/1088/1109 2424/1088/1109 2425/1088/1110 2406/1088/1110
f 2406/1088/1110 2425/1088/1110 2426/1088/1111 2407/1088/1111
f 2407/1088/1111 2426/1088/1111 2427/1088/1112 2408/1088/1112
f 2408/1088/1112 2427/1088/1112 2428/1088/1113 2409/1088/1113
f 2409/1088/1113 2428/1088/1113 2429/1088/1114 2410/1088/1114
f 2410/1088/1114 2429/1088/1114 2430/1088/1115 2411/1088/1115
f 2411/1088/1115 2430/1088/1115 2431/1088/1116 2412/1088/1116
f 2412/1088/1116 2431/1088/1116 2432/1088/1117 2413/1088/1117
f 2413/1088/1117 2432/1088/1117 2433/1088/1118 2414/1088/1118
f 2414/1088/1118 2433/1088/1118 2434/1088/1119 2415/1088/1119
f 2415/1088/1119 2434/1088/1119 2435/1088/1120 2416/1088/1120
f 2416/1088/1120 2435/1088/1120 2436/1088/1121 2417/1088/1121
f 2417/1088/1121 2436/1088/1121 2437/1088/1122 2418/1088/1122
f 2418/1088/1122 2437/1088/1122 2438/1088/1123 2419/1088/1123
f 2419/1088/1123 2438/1088/1123 2420/1088/1105 2401/1088/1105
f 2439/1088/1105 2458/1088/1105 2459/1088/1106 2440/1088/1106
f 2440/1088/1106 2459/1088/1106 2460/1088/1107 2441/1088/1107
f 2441/1088/1107 2460/1088/1107 2461/1088/1108 2442/1088/1108
f 2442/1088/1108 2461/1088/1108 2462/1088/1109 2443/1088/1109
f 2443/1088/1109 2462/1088/1109 2463/1088/1110 2444/1088/1110
f 2444/1088/1110 2463/1088/1110 2464/1088/1111 2445/1088/1111
f 2445/1088/1111 2464/1088/1111 2465/1088/1112 2446/1088/1112
f 2446/1088/1112 2465/1088/1112 2466/1088/1113 2447/1088/1113
f 2447/1088/1113 2466/1088/1113 2467/1088/1114 2448/1088/1114
f 2448/1088/1114 2467/1088/1114 2468/1088/1115 2449/1088/1115
f 2449/1088/1115 2468/1088/1115 2469/1088/1116 2450/1088/1116
f 2450/1088/1116 2469/1088/1116 2470/1088/1117 2451/1088/1117
f 2451/1088/1117 2470/1088/1117 2471/1088/1118 2452/1088/1118
f 2452/1088/1118 2471/1088/1118 2472/1088/1119 2453/1088/1119
f 2453/1088/1119 2472/1088/1119 2473/1088/1120 2454/1088/1120
f 2454/1088/1120 2473/1088/1120 2474/1088/1121 2455/1088/1121
f 2455/1088/1121 2474/1088/1121 2475/1088/1122 2456/1088/1122
f 2456/1088/1122 2475/1088/1122 2476/1088/1123 2457/1088/1123
f 2457/1088/1123 2476/1088/1123 2458/1088/1105 2439/1088/1105
f 2477/1088/1105 2496/1088/1105 2497/1088/1106 2478/1088/1106
f 2478/1088/1106 2497/1088/1106 2498/1088/1107 2479/1088/1107
f 2479/1088/1107 2498/1088/1107 2499/1088/1124 2480/1088/1124
f 2480/1088/1124 2499/1088/1124 2500/1088/1109 2481/1088/1109
f 2481/1088/1109 2500/1088/1109 2501/1088/1110 2482/1088/1110
f 2482/1088/1110 2501/1088/1110 2502/1088/1111 2483/1088/1111
f 2483/1088/1111 2502/1088/1111 2503/1088/1112 2484/1088/1112
f 2484/1088/1112 2503/1088/1112 2504/1088/1125 2485/1088/1125
f 2485/1088/1125 2504/1088/1125 2505/1088/1114 2486/1088/1114
f 2486/1088/1114 2505/1088/1114 2506/1088/1115 2487/1088/1115
f 2487/1088/1115 2506/1088/1115 2507/1088/1116 2488/1088/1116
f 2488/1088/1116 2507/1088/1116 2508/1088/1117 2489/1088/1117
f 2489/1088/1117 2508/1088/1117 2509/1088/1118 2490/1088/1118
f 2490/1088/1118 2509/1088/1118 2510/1088/1119 2491/1088/1119
f 2491/1088/1119 2510/1088/1119 2511/1088/1120 2492/1088/1120
f 2492/1088/1120 2511/1088/1120 2512/1088/1121 2493/1088/1121
f 2493/1088/1121 2512/1088/1121 2513/1088/1122 2494/1088/1122
f 2494/1088/1122 2513/1088/1122 2514/1088/1123 2495/1088/1123
f 2495/1088/1123 2514/1088/1123 2496/1088/1105 2477/1088/1105
f 2515/1088/1105 2534/1088/1105 2535/1088/1106 2516/1088/1106
f 2516/1088/1106 2535/1088/1106 2536/1088/1107 2517/1088/1107
f 2517/1088/1107 2536/1088/1107 2537/1088/1124 2518/1088/1124
f 2518/1088/1124 2537/1088/1124 2538/1088/1109 2519/1088/1109
f 2519/1088/1109 2538/1088/1109 2539/1088/1110 2520/1088/1110
f 2520/1088/1110 2539/1088/1110 2540/1088/1126 2521/1088/1126
f 2521/1088/1126 2540/1088/1126 2541/1088/1112 2522/1088/1112
f 2522/1088/1112 2541/1088/1112 2542/1088/1113 2523/1088/1113
f 2523/1088/1113 2542/1088/1113 2543/1088/1127 2524/1088/1127
f 2524/1088/1127 2543/1088/1127 2544/1088/1128 2525/1088/1128
f 2525/1088/1128 2544/1088/1128 2545/1088/1116 2526/1088/1116
f 2526/1088/1116 2545/1088/1116 2546/1088/1117 2527/1088/1117
f 2527/1088/1117 2546/1088/1117 2547/1088/1118 2528/1088/1118
f 2528/1088/1118 2547/1088/1118 2548/1088/1119 2529/1088/1119
f 2529/1088/1119 2548/1088/1119 2549/1088/1129 2530/1088/1120
f 2530/1088/1120 2549/1088/1129 2550/1088/1121 2531/1088/1121
f 2531/1088/1121 2550/1088/1121 2551/1088/1130 2532/1088/1130
f 2532/1088/1130 2551/1088/1130 2552/1088/1123 2533/1088/1123
f 2533/1088/1123 2552/1088/1123 2534/1088/1105 2515/1088/1105
f 2553/1088/1105 2572/1088/1105 2573/1088/1106 2554/1088/1106
f 2554/1088/1106 2573/1088/1106 2574/1088/1107 2555/1088/1107
f 2555/1088/1107 2574/1088/1107 2575/1088/1108 2556/1088/1108
f 2556/1088/1108 2575/1088/1108 2576/1088/1109 2557/1088/1109
f 2557/1088/1109 2576/1088/1109 2577/1088/1110 2558/1088/1110
f 2558/1088/1110 2577/1088/1110 2578/1088/1126 2559/1088/1126
f 2559/1088/1126 2578/1088/1126 2579/1088/1112 2560/1088/1112
f 2560/1088/1112 2579/1088/1112 2580/1088/1113 2561/1088/1113
f 2561/1088/1113 2580/1088/1113 2581/1088/1114 2562/1088/1127
f 2562/1088/1127 2581/1088/1114 2582/1088/1115 2563/1088/1115
f 2563/1088/1115 2582/1088/1115 2583/1088/1116 2564/1088/1116
f 2564/1088/1116 2583/1088/1116 2584/1088/1117 2565/1088/1117
f 2565/1088/1117 2584/1088/1117 2585/1088/1118 2566/1088/1118
f 2566/1088/1118 2585/1088/1118 2586/1088/1119 2567/1088/1119
f 2567/1088/1119 2586/1088/1119 2587/1088/1129 2568/1088/1129
f 2568/1088/1129 2587/1088/1129 2588/1088/1121 2569/1088/1121
f 2569/1088/1121 2588/1088/1121 2589/1088/1122 2570/1088/1122
f 2570/1088/1122 2589/1088/1122 2590/1088/1123 2571/1088/1123
f 2571/1088/1123 2590/1088/1123 2572/1088/1105 2553/1088/1105
f 2591/1088/1105 2610/1088/1105 2611/1088/1106 2592/1088/1106
f 2592/1088/1106 2611/1088/1106 2612/1088/1107 2593/1088/1107
f 2593/1088/1107 2612/1088/1107 2613/1088/1124 2594/1088/1124
f 2594/1088/1124 2613/1088/1124 2614/1088/1109 2595/1088/1109
f 2595/1088/1109 2614/1088/1109 2615/1088/1110 2596/1088/1110
f 2596/1088/1110 2615/1088/1110 2616/1088/1111 2597/1088/1111
f 2597/1088/1111 2616/1088/1111 2617/1088/1112 2598/1088/1112
f 2598/1088/1112 2617/1088/1112 2618/1088/1113 2599/1088/1113
f 2599/1088/1113 2618/1088/1113 2619/1088/1114 2600/1088/1114
f 2600/1088/1114 2619/1088/1114 2620/1088/1115 2601/1088/1115
f 2601/1088/1115 2620/1088/1115 2621/1088/1116 2602/1088/1116
f 2602/1088/1116 2621/1088/1116 2622/1088/1117 2603/1088/1117
f 2603/1088/1117 2622/1088/1117 2623/1088/1118 2604/1088/1118
f 2604/1088/1118 2623/1088/1118 2624/1088/1119 2605/1088/1119
f 2605/1088/1119 2624/1088/1119 2625/1088/1120 2606/1088/1129
f 2606/1088/1129 2625/1088/1120 2626/1088/1121 2607/1088/1121
f 2607/1088/1121 2626/1088/1121 2627/1088/1130 2608/1088/1130
f 2608/1088/1130 2627/1088/1130 2628/1088/1123 2609/1088/1123
f 2609/1088/1123 2628/1088/1123 2610/1088/1105 2591/1088/1105
f 2629/1088/1105 2648/1088/1105 2649/1088/1106 2630/1088/1106
f 2630/1088/1106 2649/1088/1106 2650/1088/1107 2631/1088/1107
f 2631/1088/1107 2650/1088/1107 2651/1088/1124 2632/1088/1124
f 2632/1088/1124 2651/1088/1124 2652/1088/1109 2633/1088/1109
f 2633/1088/1109 2652/1088/1109 2653/1088/1110 2634/1088/1110
f 2634/1088/1110 2653/1088/1110 2654/1088/1111 2635/1088/1111
f 2635/1088/1111 2654/1088/1111 2655/1088/1112 2636/1088/1112
f 2636/1088/1112 2655/1088/1112 2656/1088/1113 2637/1088/1113
f 2637/1088/1113 2656/1088/1113 2657/1088/1114 2638/1088/1114
f 2638/1088/1114 2657/1088/1114 2658/1088/1115 2639/1088/1115
f 2639/1088/1115 2658/1088/1115 2659/1088/1116 2640/1088/1116
f 2640/1088/1116 2659/1088/1116 2660/1088/1131 2641/1088/1131
f 2641/1088/1131 2660/1088/1131 2661/1088/1132 2642/1088/1132
f 2642/1088/1132 2661/1088/1132 2662/1088/1119 2643/1088/1119
f 2643/1088/1119 2662/1088/1119 2663/1088/1120 2644/1088/1120
f 2644/1088/1120 2663/1088/1120 2664/1088/1121 2645/1088/1121
f 2645/1088/1121 2664/1088/1121 2665/1088/1130 2646/1088/1130
f 2646/1088/1130 2665/1088/1130 2666/1088/1123 2647/1088/1123
f 2647/1088/1123 2666/1088/1123 2648/1088/1105 2629/1088/1105
f 2667/1088/1105 2686/1088/1105 2687/1088/1106 2668/1088/1106
f 2668/1088/1106 2687/1088/1106 2688/1088/1107 2669/1088/1107
f 2669/1088/1107 2688/1088/1107 2689/1088/1124 2670/1088/1124
f 2670/1088/1124 2689/1088/1124 2690/1088/1109 2671/1088/1109
f 2671/1088/1109 2690/1088/1109 2691/1088/1110 2672/1088/1110
f 2672/1088/1110 2691/1088/1110 2692/1088/1126 2673/1088/1126
f 2673/1088/1126 2692/1088/1126 2693/1088/1133 2674/1088/1133
f 2674/1088/1133 2693/1088/1133 2694/1088/1125 2675/1088/1125
f 2675/1088/1125 2694/1088/1125 2695/1088/1114 2676/1088/1114
f 2676/1088/1114 2695/1088/1114 2696/1088/1115 2677/1088/1115
f 2677/1088/1115 2696/1088/1115 2697/1088/1116 2678/1088/1116
f 2678/1088/1116 2697/1088/1116 2698/1088/1117 2679/1088/1117
f 2679/1088/1117 2698/1088/1117 2699/1088/1118 2680/1088/1118
f 2680/1088/1118 2699/1088/1118 2700/1088/1119 2681/1088/1119
f 2681/1088/1119 2700/1088/1119 2701/1088/1120 2682/1088/1129
f 2682/1088/1129 2701/1088/1120 2702/1088/1134 2683/1088/1134
f 2683/1088/1134 2702/1088/1134 2703/1088/1122 2684/1088/1122
f 2684/1088/1122 2703/1088/1122 2704/1088/1123 2685/1088/1123
f 2685/1088/1123 2704/1088/1123 2686/1088/1105 2667/1088/1105
f 2705/1088/1105 2724/1088/1105 2725/1088/1106 2706/1088/1106
f 2706/1088/1106 2725/1088/1106 2726/1088/1107 2707/1088/1107
f 2707/1088/1107 2726/1088/1107 2727/1088/1108 2708/1088/1108
f 2708/1088/1108 2727/1088/1108 2728/1088/1109 2709/1088/1109
f 2709/1088/1109 2728/1088/1109 2729/1088/1110 2710/1088/1110
f 2710/1088/1110 2729/1088/1110 2730/1088/1126 2711/1088/1126
f 2711/1088/1126 2730/1088/1126 2731/1088/1133 2712/1088/1133
f 2712/1088/1133 2731/1088/1133 2732/1088/1125 2713/1088/1125
f 2713/1088/1125 2732/1088/1125 2733/1088/1127 2714/1088/1127
f 2714/1088/1127 2733/1088/1127 2734/1088/1115 2715/1088/1115
f 2715/1088/1115 2734/1088/1115 2735/1088/1116 2716/1088/1116
f 2716/1088/1116 2735/1088/1116 2736/1088/1117 2717/1088/1117
f 2717/1088/1117 2736/1088/1117 2737/1088/1118 2718/1088/1118
f 2718/1088/1118 2737/1088/1118 2738/1088/1119 2719/1088/1119
f 2719/1088/1119 2738/1088/1119 2739/1088/1120 2720/1088/1120
f 2720/1088/1120 2739/1088/1120 2740/1088/1134 2721/1088/1134
f 2721/1088/1134 2740/1088/1134 2741/1088/1122 2722/1088/1122
f 2722/1088/1122 2741/1088/1122 2742/1088/1123 2723/1088/1123
f 2723/1088/1123 2742/1088/1123 2724/1088/1105 2705/1088/1105
f 2743/1088/1105 2762/1088/1105 2763/1088/1106 2744/1088/1106
f 2744/1088/1106 2763/1088/1106 2764/1088/1107 2745/1088/1107
f 2745/1088/1107 2764/1088/1107 2765/1088/1108 2746/1088/1108
f 2746/1088/1108 2765/1088/1108 2766/1088/1109 2747/1088/1109
f 2747/1088/1109 2766/1088/1109 2767/1088/1110 2748/1088/1110
f 2748/1088/1110 2767/1088/1110 2768/1088/1126 2749/1088/1126
f 2749/1088/1126 2768/1088/1126 2769/1088/1112 2750/1088/1112
f 2750/1088/1112 2769/1088/1112 2770/1088/1125 2751/1088/1125
f 2751/1088/1125 2770/1088/1125 2771/1088/1114 2752/1088/1114
f 2752/1088/1114 2771/1088/1114 2772/1088/1115 2753/1088/1115
f 2753/1088/1115 2772/1088/1115 2773/1088/1116 2754/1088/1116
f 2754/1088/1116 2773/1088/1116 2774/1088/1117 2755/1088/1117
f 2755/1088/1117 2774/1088/1117 2775/1088/1118 2756/1088/1118
f 2756/1088/1118 2775/1088/1118 2776/1088/1119 2757/1088/1119
f 2757/1088/1119 2776/1088/1119 2777/1088/1120 2758/1088/1120
f 2758/1088/1120 2777/1088/1120 2778/1088/1134 2759/1088/1134
f 2759/1088/1134 2778/1088/1134 2779/1088/1122 2760/1088/1122
f 2760/1088/1122 2779/1088/1122 2780/1088/1123 2761/1088/1123
f 2761/1088/1123 2780/1088/1123 2762/1088/1105 2743/1088/1105
f 2781/1088/1105 2800/1088/1105 2801/1088/1106 2782/1088/1106
f 2782/1088/1106 2801/1088/1106 2802/1088/1107 2783/1088/1107
f 2783/1088/1107 2802/1088/1107 2803/1088/1108 2784/1088/1108
f 2784/1088/1108 2803/1088/1108 2804/1088/1109 2785/1088/1109
f 2785/1088/1109 2804/1088/1109 2805/1088/1110 2786/1088/1110
f 2786/1088/1110 2805/1088/1110 2806/1088/1111 2787/1088/1111
f 2787/1088/1111 2806/1088/1111 2807/1088/1112 2788/1088/1112
f 2788/1088/1112 2807/1088/1112 2808/1088/1113 2789/1088/1113
f 2789/1088/1113 2808/1088/1113 2809/1088/1114 2790/1088/1114
f 2790/1088/1114 2809/1088/1114 2810/1088/1128 2791/1088/1128
f 2791/1088/1128 2810/1088/1128 2811/1088/1116 2792/1088/1116
f 2792/1088/1116 2811/1088/1116 2812/1088/1117 2793/1088/1117
f 2793/1088/1117 2812/1088/1117 2813/1088/1118 2794/1088/1118
f 2794/1088/1118 2813/1088/1118 2814/1088/1119 2795/1088/1119
f 2795/1088/1119 2814/1088/1119 2815/1088/1129 2796/1088/1129
f 2796/1088/1129 2815/1088/1129 2816/1088/1121 2797/1088/1121
f 2797/1088/1121 2816/1088/1121 2817/1088/1122 2798/1088/1122
f 2798/1088/1122 2817/1088/1122 2818/1088/1123 2799/1088/1123
f 2799/1088/1123 2818/1088/1123 2800/1088/1105 2781/1088/1105
usemtl Oxygen
f 3805/53/27 2820/49/27 2843/50/27 2844/54/27
f 3810/55/28 2829/51/28 2857/52/28 2858/56/28
f 3806/57/29 3805/53/29 2844/54/29 2845/58/29
f 2830/59/30 3810/55/30 2858/56/30 2859/60/30
f 2821/61/31 3806/57/31 2845/58/31 2846/62/31
f 2831/63/32 2830/59/32 2859/60/32 2860/64/32
f 2822/2/1135 2821/61/1135 2846/62/1135 2847/3/1135
f 2832/9/34 2831/63/34 2860/64/34 2861/10/34
f 2823/1/1 2822/2/1 2847/3/1 2848/4/1
f 3798/5/2 3332/6/2 2835/7/3
f 3811/8/4 2832/9/4 2861/10/4 2862/11/4
f 2824/12/5 2823/1/5 2848/4/5 2849/13/5
f 3799/14/6 3798/5/6 2835/7/6 2836/15/6
f 3812/16/7 3811/8/7 2862/11/7 2863/17/7
f 3807/18/8 2824/12/8 2849/13/8 2850/19/8
f 3800/20/1136 3799/14/1136 2836/15/1136 2837/21/1136
f 2833/22/10 3812/16/10 2863/17/10 2864/23/10
f 2825/24/11 3807/18/11 2850/19/11 2851/25/11
f 3801/26/12 3800/20/12 2837/21/12 2838/27/12
f 2834/28/1137 2833/22/1137 2864/23/1137 2865/29/1137
f 2826/30/14 2825/24/14 2851/25/14 2852/31/14
f 3802/32/15 3801/26/15 2838/27/15 2839/33/15
f 3331/34/16 2834/28/17 2865/29/16
f 3808/35/18 2826/30/18 2852/31/18 2853/36/18
f 3803/37/19 3802/32/19 2839/33/19 2840/38/19
f 3809/39/1138 3808/35/1138 2853/36/1138 2854/40/1138
f 2819/41/21 3803/37/21 2840/38/21 2841/42/21
f 2827/43/22 3809/39/22 2854/40/22 2855/44/22
f 3804/45/23 2819/41/23 2841/42/23 2842/46/23
f 2828/47/24 2827/43/24 2855/44/24 2856/48/24
f 2820/49/25 3804/45/25 2842/46/25 2843/50/25
f 2829/51/26 2828/47/26 2856/48/26 2857/52/26
f 2852/31/58 2851/25/58 2882/87/58 2883/90/58
f 2839/33/59 2838/27/59 2869/88/59 2870/91/59
f 3331/92/16 2865/29/16 2896/89/60
f 2853/36/61 2852/31/61 2883/90/61 2884/93/61
f 2840/38/62 2839/33/62 2870/91/62 2871/94/62
f 2854/40/1139 2853/36/1139 2884/93/1139 2885/95/1139
f 2841/42/64 2840/38/64 2871/94/64 2872/96/64
f 2855/44/65 2854/40/65 2885/95/65 2886/97/65
f 2842/46/1140 2841/42/1140 2872/96/1140 2873/65/1140
f 2856/48/67 2855/44/67 2886/97/67 2887/67/67
f 2843/50/35 2842/46/35 2873/65/35 2874/66/35
f 2857/52/1141 2856/48/1141 2887/67/1141 2888/68/1141
f 2844/54/1142 2843/50/1142 2874/66/1142 2875/69/1142
f 2858/56/38 2857/52/38 2888/68/38 2889/70/38
f 2845/58/39 2844/54/39 2875/69/39 2876/71/39
f 2859/60/1143 2858/56/1143 2889/70/1143 2890/72/1143
f 2846/62/41 2845/58/41 2876/71/41 2877/73/41
f 2860/64/42 2859/60/42 2890/72/42 2891/74/42
f 2847/3/1144 2846/62/1144 2877/73/1144 2878/75/1144
f 2861/10/44 2860/64/44 2891/74/44 2892/76/44
f 2848/4/45 2847/3/45 2878/75/45 2879/77/45
f 2835/7/46 3332/78/47 2866/79/47
f 2862/11/48 2861/10/48 2892/76/48 2893/80/48
f 2849/13/49 2848/4/49 2879/77/49 2880/81/49
f 2836/15/50 2835/7/50 2866/79/50 2867/82/50
f 2863/17/51 2862/11/51 2893/80/51 2894/83/51
f 2850/19/52 2849/13/52 2880/81/52 2881/84/52
f 2837/21/53 2836/15/53 2867/82/53 2868/85/53
f 2864/23/54 2863/17/54 2894/83/54 2895/86/54
f 2851/25/55 2850/19/55 2881/84/55 2882/87/55
f 2838/27/56 2837/21/56 2868/85/56 2869/88/56
f 2865/29/57 2864/23/57 2895/86/57 2896/89/57
f 2885/95/1145 2884/93/1145 2915/122/1145 2916/124/1145
f 2872/96/93 2871/94/93 2902/123/93 2903/125/93
f 2886/97/1146 2885/95/1146 2916/124/1146 2917/126/1146
f 2873/65/95 2872/96/95 2903/125/95 2904/127/95
f 2887/67/1147 2886/97/1147 2917/126/1147 2918/128/1147
f 2874/66/97 2873/65/97 2904/127/97 2905/129/97
f 2888/68/98 2887/67/98 2918/128/98 2919/130/98
f 2875/69/99 2874/66/99 2905/129/99 2906/98/99
f 2889/70/100 2888/68/100 2919/130/100 2920/100/100
f 2876/71/1148 2875/69/1148 2906/98/1148 2907/99/1148
f 2890/72/69 2889/70/69 2920/100/69 2921/101/69
f 2877/73/1149 2876/71/1149 2907/99/1149 2908/102/1149
f 2891/74/71 2890/72/71 2921/101/71 2922/103/71
f 2878/75/1150 2877/73/1150 2908/102/1150 2909/104/1150
f 2892/76/73 2891/74/73 2922/103/73 2923/105/73
f 2879/77/74 2878/75/74 2909/104/74 2910/106/74
f 2866/79/47 3332/107/47 2897/108/75
f 2893/80/1151 2892/76/1151 2923/105/1151 2924/109/1151
f 2880/81/77 2879/77/77 2910/106/77 2911/110/77
f 2867/82/78 2866/79/78 2897/108/78 2898/111/78
f 2894/83/79 2893/80/79 2924/109/79 2925/112/79
f 2881/84/80 2880/81/80 2911/110/80 2912/113/80
f 2868/85/81 2867/82/81 2898/111/81 2899/114/81
f 2895/86/82 2894/83/82 2925/112/82 2926/115/82
f 2882/87/83 2881/84/83 2912/113/83 2913/116/83
f 2869/88/84 2868/85/84 2899/114/84 2900/117/84
f 2896/89/85 2895/86/85 2926/115/85 2927/118/85
f 2883/90/86 2882/87/86 2913/116/86 2914/119/86
f 2870/91/1152 2869/88/1152 2900/117/1152 2901/120/1152
f 3331/121/88 2896/89/89 2927/118/88
f 2884/93/90 2883/90/90 2914/119/90 2915/122/90
f 2871/94/91 2870/91/91 2901/120/91 2902/123/91
f 2918/128/125 2917/126/125 2948/155/125 2949/157/125
f 2905/129/126 2904/127/126 2935/156/126 2936/158/126
f 2919/130/1153 2918/128/1153 2949/157/1153 2950/159/1153
f 2906/98/1154 2905/129/1154 2936/158/1154 2937/160/1154
f 2920/100/129 2919/130/129 2950/159/129 2951/161/129
f 2907/99/130 2906/98/130 2937/160/130 2938/162/130
f 2921/101/131 2920/100/131 2951/161/131 2952/163/131
f 2908/102/132 2907/99/132 2938/162/132 2939/131/132
f 2922/103/133 2921/101/133 2952/163/133 2953/133/133
f 2909/104/1155 2908/102/1155 2939/131/1155 2940/132/1155
f 2923/105/102 2922/103/102 2953/133/102 2954/134/102
f 2910/106/103 2909/104/103 2940/132/103 2941/135/103
f 2897/108/104 3332/136/105 2928/137/105
f 2924/109/106 2923/105/106 2954/134/106 2955/138/106
f 2911/110/107 2910/106/107 2941/135/107 2942/139/107
f 2898/111/108 2897/108/108 2928/137/108 2929/140/108
f 2925/112/109 2924/109/109 2955/138/109 2956/141/109
f 2912/113/110 2911/110/110 2942/139/110 2943/142/110
f 2899/114/1156 2898/111/1156 2929/140/1156 2930/143/1156
f 2926/115/1157 2925/112/1157 2956/141/1157 2957/144/1157
f 2913/116/113 2912/113/113 2943/142/113 2944/145/113
f 2900/117/114 2899/114/114 2930/143/114 2931/146/114
f 2927/118/115 2926/115/115 2957/144/115 2958/147/115
f 2914/119/116 2913/116/116 2944/145/116 2945/148/116
f 2901/120/117 2900/117/117 2931/146/117 2932/149/117
f 3331/150/88 2927/118/88 2958/147/118
f 2915/122/119 2914/119/119 2945/148/119 2946/151/119
f 2902/123/120 2901/120/120 2932/149/120 2933/152/120
f 2916/124/1158 2915/122/1158 2946/151/1158 2947/153/1158
f 2903/125/122 2902/123/122 2933/152/122 2934/154/122
f 2917/126/123 2916/124/123 2947/153/123 2948/155/123
f 2904/127/124 2903/125/124 2934/154/124 2935/156/124
f 2951/161/157 2950/159/157 2981/187/157 2982/189/157
f 2938/162/158 2937/160/158 2968/188/158 2969/190/158
f 2952/163/159 2951/161/159 2982/189/159 2983/191/159
f 2939/131/160 2938/162/160 2969/190/160 2970/192/160
f 2953/133/161 2952/163/161 2983/191/161 2984/193/161
f 2940/132/1159 2939/131/1159 2970/192/1159 2971/194/1159
f 2954/134/163 2953/133/163 2984/193/163 2985/195/163
f 2941/135/164 2940/132/164 2971/194/164 2972/164/164
f 2928/137/105 3332/196/105 2959/166/165
f 2955/138/166 2954/134/166 2985/195/166 2986/168/166
f 2942/139/134 2941/135/134 2972/164/134 2973/165/134
f 2929/140/135 2928/137/135 2959/166/135 2960/167/135
f 2956/141/136 2955/138/136 2986/168/136 2987/169/136
f 2943/142/137 2942/139/137 2973/165/137 2974/170/137
f 2930/143/1160 2929/140/1160 2960/167/1160 2961/171/1160
f 2957/144/1161 2956/141/1161 2987/169/1161 2988/172/1161
f 2944/145/140 2943/142/140 2974/170/140 2975/173/140
f 2931/146/141 2930/143/141 2961/171/141 2962/174/141
f 2958/147/142 2957/144/142 2988/172/142 2989/175/142
f 2945/148/143 2944/145/143 2975/173/143 2976/176/143
f 2932/149/144 2931/146/144 2962/174/144 2963/177/144
f 3331/178/145 2958/147/146 2989/175/145
f 2946/151/147 2945/148/147 2976/176/147 2977/179/147
f 2933/152/148 2932/149/148 2963/177/148 2964/180/148
f 2947/153/1162 2946/151/1162 2977/179/1162 2978/181/1162
f 2934/154/150 2933/152/150 2964/180/150 2965/182/150
f 2948/155/151 2947/153/151 2978/181/151 2979/183/151
f 2935/156/152 2934/154/152 2965/182/152 2966/184/152
f 2949/157/153 2948/155/153 2979/183/153 2980/185/153
f 2936/158/154 2935/156/154 2966/184/154 2967/186/154
f 2950/159/1163 2949/157/1163 2980/185/1163 2981/187/1163
f 2937/160/1164 2936/158/1164 2967/186/1164 2968/188/1164
f 2984/193/187 2983/191/187 3014/218/187 3015/220/187
f 2971/194/1165 2970/192/1165 3001/219/1165 3002/221/1165
f 2985/195/189 2984/193/189 3015/220/189 3016/222/189
f 2972/164/190 2971/194/190 3002/221/190 3003/223/190
f 2959/166/1166 3332/224/192 2990/225/192
f 2986/168/1167 2985/195/1167 3016/222/1167 3017/226/1167
f 2973/165/194 2972/164/194 3003/223/194 3004/227/194
f 2960/167/195 2959/166/195 2990/225/195 2991/228/195
f 2987/169/196 2986/168/196 3017/226/196 3018/229/196
f 2974/170/197 2973/165/197 3004/227/197 3005/197/197
f 2961/171/198 2960/167/198 2991/228/198 2992/199/198
f 2988/172/199 2987/169/199 3018/229/199 3019/201/199
f 2975/173/167 2974/170/167 3005/197/167 3006/198/167
f 2962/174/168 2961/171/168 2992/199/168 2993/200/168
f 2989/175/169 2988/172/169 3019/201/169 3020/202/169
f 2976/176/170 2975/173/170 3006/198/170 3007/203/170
f 2963/177/1168 2962/174/1168 2993/200/1168 2994/204/1168
f 3331/205/145 2989/175/145 3020/202/1169
f 2977/179/173 2976/176/173 3007/203/173 3008/206/173
f 2964/180/174 2963/177/174 2994/204/174 2995/207/174
f 2978/181/1170 2977/179/1170 3008/206/1170 3009/208/1170
f 2965/182/176 2964/180/176 2995/207/176 2996/209/176
f 2979/183/1171 2978/181/1171 3009/208/1171 3010/210/1171
f 2966/184/178 2965/182/178 2996/209/178 2997/211/178
f 2980/185/179 2979/183/179 3010/210/179 3011/212/179
f 2967/186/180 2966/184/180 2997/211/180 2998/213/180
f 2981/187/1172 2980/185/1172 3011/212/1172 3012/214/1172
f 2968/188/1173 2967/186/1173 2998/213/1173 2999/215/1173
f 2982/189/183 2981/187/183 3012/214/183 3013/216/183
f 2969/190/184 2968/188/184 2999/215/184 3000/217/184
f 2983/191/185 2982/189/185 3013/216/185 3014/218/185
f 2970/192/1174 2969/190/1174 3000/217/1174 3001/219/1174
f 3017/226/219 3016/222/219 3047/248/219 3048/252/219
f 3004/227/220 3003/223/220 3034/249/220 3035/253/220
f 2991/228/221 2990/225/221 3021/251/221 3022/254/221
f 3018/229/222 3017/226/222 3048/252/222 3049/255/222
f 3005/197/223 3004/227/223 3035/253/223 3036/256/223
f 2992/199/224 2991/228/224 3022/254/224 3023/257/224
f 3019/201/225 3018/229/225 3049/255/225 3050/258/225
f 3006/198/226 3005/197/226 3036/256/226 3037/259/226
f 2993/200/227 2992/199/227 3023/257/227 3024/260/227
f 3020/202/228 3019/201/228 3050/258/228 3051/261/228
f 3007/203/229 3006/198/229 3037/259/229 3038/230/229
f 2994/204/230 2993/200/230 3024/260/230 3025/232/230
f 3331/262/231 3020/202/232 3051/261/231
f 3008/206/200 3007/203/200 3038/230/200 3039/231/200
f 2995/207/201 2994/204/201 3025/232/201 3026/233/201
f 3009/208/1175 3008/206/1175 3039/231/1175 3040/234/1175
f 2996/209/203 2995/207/203 3026/233/203 3027/235/203
f 3010/210/1176 3009/208/1176 3040/234/1176 3041/236/1176
f 2997/211/1177 2996/209/1177 3027/235/1177 3028/237/1177
f 3011/212/206 3010/210/206 3041/236/206 3042/238/206
f 2998/213/207 2997/211/207 3028/237/207 3029/239/207
f 3012/214/1178 3011/212/1178 3042/238/1178 3043/240/1178
f 2999/215/1179 2998/213/1179 3029/239/1179 3030/241/1179
f 3013/216/210 3012/214/210 3043/240/210 3044/242/210
f 3000/217/211 2999/215/211 3030/241/211 3031/243/211
f 3014/218/1180 3013/216/1180 3044/242/1180 3045/244/1180
f 3001/219/1181 3000/217/1181 3031/243/1181 3032/245/1181
f 3015/220/214 3014/218/214 3045/244/214 3046/246/214
f 3002/221/1182 3001/219/1182 3032/245/1182 3033/247/1182
f 3016/222/216 3015/220/216 3046/246/216 3047/248/216
f 3003/223/217 3002/221/217 3033/247/217 3034/249/217
f 2990/225/192 3332/250/192 3021/251/218
f 3050/258/255 3049/255/255 3080/284/255 3081/287/255
f 3037/259/256 3036/256/256 3067/285/256 3068/288/256
f 3024/260/257 3023/257/257 3054/286/257 3055/289/257
f 3051/261/258 3050/258/258 3081/287/258 3082/290/258
f 3038/230/259 3037/259/259 3068/288/259 3069/291/259
f 3025/232/260 3024/260/260 3055/289/260 3056/292/260
f 3331/293/231 3051/261/231 3082/290/261
f 3039/231/262 3038/230/262 3069/291/262 3070/294/262
f 3026/233/1183 3025/232/1183 3056/292/1183 3057/295/1183
f 3040/234/1184 3039/231/1184 3070/294/1184 3071/263/1184
f 3027/235/265 3026/233/265 3057/295/265 3058/265/265
f 3041/236/233 3040/234/233 3071/263/233 3072/264/233
f 3028/237/234 3027/235/234 3058/265/234 3059/266/234
f 3042/238/235 3041/236/235 3072/264/235 3073/267/235
f 3029/239/236 3028/237/236 3059/266/236 3060/268/236
f 3043/240/237 3042/238/237 3073/267/237 3074/269/237
f 3030/241/238 3029/239/238 3060/268/238 3061/270/238
f 3044/242/239 3043/240/239 3074/269/239 3075/271/239
f 3031/243/240 3030/241/240 3061/270/240 3062/272/240
f 3045/244/241 3044/242/241 3075/271/241 3076/273/241
f 3032/245/242 3031/243/242 3062/272/242 3063/274/242
f 3046/246/243 3045/244/243 3076/273/243 3077/275/243
f 3033/247/1185 3032/245/1185 3063/274/1185 3064/276/1185
f 3047/248/1186 3046/246/1186 3077/275/1186 3078/277/1186
f 3034/249/246 3033/247/246 3064/276/246 3065/278/246
f 3021/251/247 3332/279/248 3052/280/248
f 3048/252/249 3047/248/249 3078/277/249 3079/281/249
f 3035/253/250 3034/249/250 3065/278/250 3066/282/250
f 3022/254/251 3021/251/251 3052/280/251 3053/283/251
f 3049/255/252 3048/252/252 3079/281/252 3080/284/252
f 3036/256/253 3035/253/253 3066/282/253 3067/285/253
f 3023/257/254 3022/254/254 3053/283/254 3054/286/254
f 3331/322/289 3082/290/290 3113/319/289
f 3070/294/291 3069/291/291 3100/320/291 3101/323/291
f 3057/295/1187 3056/292/1187 3087/321/1187 3088/324/1187
f 3071/263/1188 3070/294/1188 3101/323/1188 3102/325/1188
f 3058/265/294 3057/295/294 3088/324/294 3089/326/294
f 3072/264/295 3071/263/295 3102/325/295 3103/327/295
f 3059/266/296 3058/265/296 3089/326/296 3090/328/296
f 3073/267/297 3072/264/297 3103/327/297 3104/296/297
f 3060/268/298 3059/266/298 3090/328/298 3091/298/298
f 3074/269/266 3073/267/266 3104/296/266 3105/297/266
f 3061/270/267 3060/268/267 3091/298/267 3092/299/267
f 3075/271/268 3074/269/268 3105/297/268 3106/300/268
f 3062/272/269 3061/270/269 3092/299/269 3093/301/269
f 3076/273/270 3075/271/270 3106/300/270 3107/302/270
f 3063/274/271 3062/272/271 3093/301/271 3094/303/271
f 3077/275/272 3076/273/272 3107/302/272 3108/304/272
f 3064/276/1189 3063/274/1189 3094/303/1189 3095/305/1189
f 3078/277/1190 3077/275/1190 3108/304/1190 3109/306/1190
f 3065/278/275 3064/276/275 3095/305/275 3096/307/275
f 3052/280/248 3332/308/248 3083/309/276
f 3079/281/277 3078/277/277 3109/306/277 3110/310/277
f 3066/282/278 3065/278/278 3096/307/278 3097/311/278
f 3053/283/279 3052/280/279 3083/309/279 3084/312/279
f 3080/284/280 3079/281/280 3110/310/280 3111/313/280
f 3067/285/281 3066/282/281 3097/311/281 3098/314/281
f 3054/286/282 3053/283/282 3084/312/282 3085/315/282
f 3081/287/283 3080/284/283 3111/313/283 3112/316/283
f 3068/288/284 3067/285/284 3098/314/284 3099/317/284
f 3055/289/285 3054/286/285 3085/315/285 3086/318/285
f 3082/290/286 3081/287/286 3112/316/286 3113/319/286
f 3069/291/287 3068/288/287 3099/317/287 3100/320/287
f 3056/292/288 3055/289/288 3086/318/288 3087/321/288
f 3103/327/1191 3102/325/1191 3133/354/1191 3134/356/1191
f 3090/328/1192 3089/326/1192 3120/355/1192 3121/357/1192
f 3104/296/326 3103/327/326 3134/356/326 3135/358/326
f 3091/298/327 3090/328/327 3121/357/327 3122/359/327
f 3105/297/1193 3104/296/1193 3135/358/1193 3136/360/1193
f 3092/299/1194 3091/298/1194 3122/359/1194 3123/361/1194
f 3106/300/330 3105/297/330 3136/360/330 3137/329/330
f 3093/301/331 3092/299/331 3123/361/331 3124/331/331
f 3107/302/1195 3106/300/1195 3137/329/1195 3138/330/1195
f 3094/303/1196 3093/301/1196 3124/331/1196 3125/332/1196
f 3108/304/301 3107/302/301 3138/330/301 3139/333/301
f 3095/305/1197 3094/303/1197 3125/332/1197 3126/334/1197
f 3109/306/303 3108/304/303 3139/333/303 3140/335/303
f 3096/307/304 3095/305/304 3126/334/304 3127/336/304
f 3083/309/305 3332/337/306 3114/338/306
f 3110/310/307 3109/306/307 3140/335/307 3141/339/307
f 3097/311/308 3096/307/308 3127/336/308 3128/340/308
f 3084/312/309 3083/309/309 3114/338/309 3115/341/309
f 3111/313/310 3110/310/310 3141/339/310 3142/342/310
f 3098/314/311 3097/311/311 3128/340/311 3129/343/311
f 3085/315/312 3084/312/312 3115/341/312 3116/344/312
f 3112/316/313 3111/313/313 3142/342/313 3143/345/313
f 3099/317/314 3098/314/314 3129/343/314 3130/346/314
f 3086/318/315 3085/315/315 3116/344/315 3117/347/315
f 3113/319/316 3112/316/316 3143/345/316 3144/348/316
f 3100/320/317 3099/317/317 3130/346/317 3131/349/317
f 3087/321/318 3086/318/318 3117/347/318 3118/350/318
f 3331/351/289 3113/319/289 3144/348/319
f 3101/323/320 3100/320/320 3131/349/320 3132/352/320
f 3088/324/321 3087/321/321 3118/350/321 3119/353/321
f 3102/325/1198 3101/323/1198 3132/352/1198 3133/354/1198
f 3089/326/323 3088/324/323 3119/353/323 3120/355/323
f 3136/360/357 3135/358/357 3166/387/357 3167/389/357
f 3123/361/358 3122/359/358 3153/388/358 3154/390/358
f 3137/329/359 3136/360/359 3167/389/359 3168/391/359
f 3124/331/1199 3123/361/1199 3154/390/1199 3155/392/1199
f 3138/330/361 3137/329/361 3168/391/361 3169/393/361
f 3125/332/362 3124/331/362 3155/392/362 3156/394/362
f 3139/333/363 3138/330/363 3169/393/363 3170/362/363
f 3126/334/1200 3125/332/1200 3156/394/1200 3157/364/1200
f 3140/335/332 3139/333/332 3170/362/332 3171/363/332
f 3127/336/333 3126/334/333 3157/364/333 3158/365/333
f 3114/338/306 3332/366/306 3145/367/1201
f 3141/339/1202 3140/335/1202 3171/363/1202 3172/368/1202
f 3128/340/336 3127/336/336 3158/365/336 3159/369/336
f 3115/341/337 3114/338/337 3145/367/337 3146/370/337
f 3142/342/338 3141/339/338 3172/368/338 3173/371/338
f 3129/343/339 3128/340/339 3159/369/339 3160/372/339
f 3116/344/340 3115/341/340 3146/370/340 3147/373/340
f 3143/345/341 3142/342/341 3173/371/341 3174/374/341
f 3130/346/342 3129/343/342 3160/372/342 3161/375/342
f 3117/347/343 3116/344/343 3147/373/343 3148/376/343
f 3144/348/344 3143/345/344 3174/374/344 3175/377/344
f 3131/349/345 3130/346/345 3161/375/345 3162/378/345
f 3118/350/1203 3117/347/1203 3148/376/1203 3149/379/1203
f 3331/380/347 3144/348/1204 3175/377/347
f 3132/352/349 3131/349/349 3162/378/349 3163/381/349
f 3119/353/350 3118/350/350 3149/379/350 3150/382/350
f 3133/354/1205 3132/352/1205 3163/381/1205 3164/383/1205
f 3120/355/352 3119/353/352 3150/382/352 3151/384/352
f 3134/356/353 3133/354/353 3164/383/353 3165/385/353
f 3121/357/354 3120/355/354 3151/384/354 3152/386/354
f 3135/358/1206 3134/356/1206 3165/385/1206 3166/387/1206
f 3122/359/356 3121/357/356 3152/386/356 3153/388/356
f 3169/393/388 3168/391/388 3199/419/388 3200/421/388
f 3156/394/389 3155/392/389 3186/420/389 3187/422/389
f 3170/362/390 3169/393/390 3200/421/390 3201/423/390
f 3157/364/1207 3156/394/1207 3187/422/1207 3188/424/1207
f 3171/363/392 3170/362/392 3201/423/392 3202/425/392
f 3158/365/393 3157/364/393 3188/424/393 3189/426/393
f 3145/367/394 3332/427/395 3176/395/395
f 3172/368/396 3171/363/396 3202/425/396 3203/397/396
f 3159/369/397 3158/365/397 3189/426/397 3190/399/397
f 3146/370/365 3145/367/365 3176/395/365 3177/396/365
f 3173/371/366 3172/368/366 3203/397/366 3204/398/366
f 3160/372/367 3159/369/367 3190/399/367 3191/400/367
f 3147/373/1208 3146/370/1208 3177/396/1208 3178/401/1208
f 3174/374/1209 3173/371/1209 3204/398/1209 3205/402/1209
f 3161/375/370 3160/372/370 3191/400/370 3192/403/370
f 3148/376/371 3147/373/371 3178/401/371 3179/404/371
f 3175/377/372 3174/374/372 3205/402/372 3206/405/372
f 3162/378/373 3161/375/373 3192/403/373 3193/406/373
f 3149/379/374 3148/376/374 3179/404/374 3180/407/374
f 3331/408/347 3175/377/347 3206/405/375
f 3163/381/376 3162/378/376 3193/406/376 3194/409/376
f 3150/382/377 3149/379/377 3180/407/377 3181/410/377
f 3164/383/1210 3163/381/1210 3194/409/1210 3195/411/1210
f 3151/384/379 3150/382/379 3181/410/379 3182/412/379
f 3165/385/380 3164/383/380 3195/411/380 3196/413/380
f 3152/386/381 3151/384/381 3182/412/381 3183/414/381
f 3166/387/382 3165/385/382 3196/413/382 3197/415/382
f 3153/388/383 3152/386/383 3183/414/383 3184/416/383
f 3167/389/1211 3166/387/1211 3197/415/1211 3198/417/1211
f 3154/390/1212 3153/388/1212 3184/416/1212 3185/418/1212
f 3168/391/386 3167/389/386 3198/417/386 3199/419/386
f 3155/392/387 3154/390/387 3185/418/387 3186/420/387
f 3202/425/420 3201/423/420 3232/450/420 3233/452/420
f 3189/426/421 3188/424/421 3219/451/421 3220/453/421
f 3176/395/395 3332/454/395 3207/455/422
f 3203/397/423 3202/425/423 3233/452/423 3234/456/423
f 3190/399/424 3189/426/424 3220/453/424 3221/457/424
f 3177/396/425 3176/395/425 3207/455/425 3208/458/425
f 3204/398/426 3203/397/426 3234/456/426 3235/459/426
f 3191/400/427 3190/399/427 3221/457/427 3222/460/427
f 3178/401/1213 3177/396/1213 3208/458/1213 3209/428/1213
f 3205/402/1214 3204/398/1214 3235/459/1214 3236/430/1214
f 3192/403/430 3191/400/430 3222/460/430 3223/432/430
f 3179/404/398 3178/401/398 3209/428/398 3210/429/398
f 3206/405/399 3205/402/399 3236/430/399 3237/431/399
f 3193/406/400 3192/403/400 3223/432/400 3224/433/400
f 3180/407/401 3179/404/401 3210/429/401 3211/434/401
f 3331/435/402 3206/405/403 3237/431/402
f 3194/409/404 3193/406/404 3224/433/404 3225/436/404
f 3181/410/405 3180/407/405 3211/434/405 3212/437/405
f 3195/411/1215 3194/409/1215 3225/436/1215 3226/438/1215
f 3182/412/407 3181/410/407 3212/437/407 3213/439/407
f 3196/413/408 3195/411/408 3226/438/408 3227/440/408
f 3183/414/409 3182/412/409 3213/439/409 3214/441/409
f 3197/415/410 3196/413/410 3227/440/410 3228/442/410
f 3184/416/411 3183/414/411 3214/441/411 3215/443/411
f 3198/417/1216 3197/415/1216 3228/442/1216 3229/444/1216
f 3185/418/1217 3184/416/1217 3215/443/1217 3216/445/1217
f 3199/419/414 3198/417/414 3229/444/414 3230/446/414
f 3186/420/415 3185/418/415 3216/445/415 3217/447/415
f 3200/421/416 3199/419/416 3230/446/416 3231/448/416
f 3187/422/417 3186/420/417 3217/447/417 3218/449/417
f 3201/423/418 3200/421/418 3231/448/418 3232/450/418
f 3188/424/1218 3187/422/1218 3218/449/1218 3219/451/1218
f 3208/458/452 3207/455/452 3238/481/452 3239/484/452
f 3235/459/453 3234/456/453 3265/482/453 3266/485/453
f 3222/460/454 3221/457/454 3252/483/454 3253/486/454
f 3209/428/1219 3208/458/1219 3239/484/1219 3240/487/1219
f 3236/430/1220 3235/459/1220 3266/485/1220 3267/488/1220
f 3223/432/457 3222/460/457 3253/486/457 3254/489/457
f 3210/429/458 3209/428/458 3240/487/458 3241/490/458
f 3237/431/459 3236/430/459 3267/488/459 3268/491/459
f 3224/433/460 3223/432/460 3254/489/460 3255/492/460
f 3211/434/1221 3210/429/1221 3241/490/1221 3242/461/1221
f 3331/493/402 3237/431/402 3268/491/462
f 3225/436/463 3224/433/463 3255/492/463 3256/463/463
f 3212/437/431 3211/434/431 3242/461/431 3243/462/431
f 3226/438/1222 3225/436/1222 3256/463/1222 3257/464/1222
f 3213/439/433 3212/437/433 3243/462/433 3244/465/433
f 3227/440/434 3226/438/434 3257/464/434 3258/466/434
f 3214/441/435 3213/439/435 3244/465/435 3245/467/435
f 3228/442/436 3227/440/436 3258/466/436 3259/468/436
f 3215/443/437 3214/441/437 3245/467/437 3246/469/437
f 3229/444/438 3228/442/438 3259/468/438 3260/470/438
f 3216/445/439 3215/443/439 3246/469/439 3247/471/439
f 3230/446/440 3229/444/440 3260/470/440 3261/472/440
f 3217/447/441 3216/445/441 3247/471/441 3248/473/441
f 3231/448/442 3230/446/442 3261/472/442 3262/474/442
f 3218/449/443 3217/447/443 3248/473/443 3249/475/443
f 3232/450/444 3231/448/444 3262/474/444 3263/476/444
f 3219/451/1223 3218/449/1223 3249/475/1223 3250/477/1223
f 3233/452/446 3232/450/446 3263/476/446 3264/478/446
f 3220/453/447 3219/451/447 3250/477/447 3251/479/447
f 3207/455/448 3332/480/449 3238/481/449
f 3234/456/1224 3233/452/1224 3264/478/1224 3265/482/1224
f 3221/457/451 3220/453/451 3251/479/451 3252/483/451
f 3241/490/486 3240/487/486 3271/516/486 3272/519/486
f 3268/491/487 3267/488/487 3298/517/487 3299/520/487
f 3255/492/488 3254/489/488 3285/518/488 3286/521/488
f 3242/461/489 3241/490/489 3272/519/489 3273/522/489
f 3331/523/490 3268/491/491 3299/520/490
f 3256/463/492 3255/492/492 3286/521/492 3287/524/492
f 3243/462/493 3242/461/493 3273/522/493 3274/525/493
f 3257/464/1225 3256/463/1225 3287/524/1225 3288/526/1225
f 3244/465/495 3243/462/495 3274/525/495 3275/494/495
f 3258/466/1226 3257/464/1226 3288/526/1226 3289/496/1226
f 3245/467/464 3244/465/464 3275/494/464 3276/495/464
f 3259/468/465 3258/466/465 3289/496/465 3290/497/465
f 3246/469/466 3245/467/466 3276/495/466 3277/498/466
f 3260/470/1227 3259/468/1227 3290/497/1227 3291/499/1227
f 3247/471/1228 3246/469/1228 3277/498/1228 3278/500/1228
f 3261/472/469 3260/470/469 3291/499/469 3292/501/469
f 3248/473/470 3247/471/470 3278/500/470 3279/502/470
f 3262/474/471 3261/472/471 3292/501/471 3293/503/471
f 3249/475/1229 3248/473/1229 3279/502/1229 3280/504/1229
f 3263/476/473 3262/474/473 3293/503/473 3294/505/473
f 3250/477/1230 3249/475/1230 3280/504/1230 3281/506/1230
f 3264/478/475 3263/476/475 3294/505/475 3295/507/475
f 3251/479/476 3250/477/476 3281/506/476 3282/508/476
f 3238/481/449 3332/509/449 3269/510/477
f 3265/482/478 3264/478/478 3295/507/478 3296/511/478
f 3252/483/479 3251/479/479 3282/508/479 3283/512/479
f 3239/484/480 3238/481/480 3269/510/480 3270/513/480
f 3266/485/481 3265/482/481 3296/511/481 3297/514/481
f 3253/486/482 3252/483/482 3283/512/482 3284/515/482
f 3240/487/483 3239/484/483 3270/513/483 3271/516/483
f 3267/488/484 3266/485/484 3297/514/484 3298/517/484
f 3254/489/485 3253/486/485 3284/515/485 3285/518/485
f 3274/525/1231 3273/522/1231 3304/551/1231 3305/554/1231
f 3288/526/1232 3287/524/1232 3318/553/1232 3319/555/1232
f 3275/494/524 3274/525/524 3305/554/524 3306/556/524
f 3289/496/525 3288/526/525 3319/555/525 3320/557/525
f 3276/495/526 3275/494/526 3306/556/526 3307/558/526
f 3290/497/527 3289/496/527 3320/557/527 3321/559/527
f 3277/498/528 3276/495/528 3307/558/528 3308/527/528
f 3291/499/529 3290/497/529 3321/559/529 3322/529/529
f 3278/500/497 3277/498/497 3308/527/497 3309/528/497
f 3292/501/498 3291/499/498 3322/529/498 3323/530/498
f 3279/502/499 3278/500/499 3309/528/499 3310/531/499
f 3293/503/500 3292/501/500 3323/530/500 3324/532/500
f 3280/504/501 3279/502/501 3310/531/501 3311/533/501
f 3294/505/502 3293/503/502 3324/532/502 3325/534/502
f 3281/506/1233 3280/504/1233 3311/533/1233 3312/535/1233
f 3295/507/1234 3294/505/1234 3325/534/1234 3326/536/1234
f 3282/508/505 3281/506/505 3312/535/505 3313/537/505
f 3269/510/506 3332/538/507 3300/539/507
f 3296/511/508 3295/507/508 3326/536/508 3327/540/508
f 3283/512/509 3282/508/509 3313/537/509 3314/541/509
f 3270/513/1235 3269/510/1235 3300/539/1235 3301/542/1235
f 3297/514/511 3296/511/511 3327/540/511 3328/543/511
f 3284/515/512 3283/512/512 3314/541/512 3315/544/512
f 3271/516/1236 3270/513/1236 3301/542/1236 3302/545/1236
f 3298/517/1237 3297/514/1237 3328/543/1237 3329/546/1237
f 3285/518/515 3284/515/515 3315/544/515 3316/547/515
f 3272/519/516 3271/516/516 3302/545/516 3303/548/516
f 3299/520/1238 3298/517/1238 3329/546/1238 3330/549/1238
f 3286/521/518 3285/518/518 3316/547/518 3317/550/518
f 3273/522/519 3272/519/519 3303/548/519 3304/551/519
f 3331/552/490 3299/520/490 3330/549/520
f 3287/524/521 3286/521/521 3317/550/521 3318/553/521
f 3307/558/555 3306/556/555 3339/585/555 3340/587/555
f 3321/559/556 3320/557/556 3353/586/556 3354/588/556
f 3308/527/557 3307/558/557 3340/587/557 3341/589/557
f 3322/529/558 3321/559/558 3354/588/558 3355/590/558
f 3309/528/559 3308/527/559 3341/589/559 3342/591/559
f 3323/530/560 3322/529/560 3355/590/560 3356/592/560
f 3310/531/561 3309/528/561 3342/591/561 3343/560/561
f 3324/532/562 3323/530/562 3356/592/562 3357/562/562
f 3311/533/530 3310/531/530 3343/560/530 3344/561/530
f 3325/534/531 3324/532/531 3357/562/531 3358/563/531
f 3312/535/1239 3311/533/1239 3344/561/1239 3345/564/1239
f 3326/536/1240 3325/534/1240 3358/563/1240 3359/565/1240
f 3313/537/534 3312/535/534 3345/564/534 3346/566/534
f 3300/539/507 3332/567/507 3333/568/535
f 3327/540/536 3326/536/536 3359/565/536 3360/569/536
f 3314/541/537 3313/537/537 3346/566/537 3347/570/537
f 3301/542/1241 3300/539/1241 3333/568/1241 3334/571/1241
f 3328/543/539 3327/540/539 3360/569/539 3361/572/539
f 3315/544/540 3314/541/540 3347/570/540 3348/573/540
f 3302/545/1242 3301/542/1242 3334/571/1242 3335/574/1242
f 3329/546/542 3328/543/542 3361/572/542 3362/575/542
f 3316/547/543 3315/544/543 3348/573/543 3349/576/543
f 3303/548/544 3302/545/544 3335/574/544 3336/577/544
f 3330/549/1243 3329/546/1243 3362/575/1243 3363/578/1243
f 3317/550/546 3316/547/546 3349/576/546 3350/579/546
f 3304/551/547 3303/548/547 3336/577/547 3337/580/547
f 3331/581/548 3330/549/549 3363/578/548
f 3318/553/550 3317/550/550 3350/579/550 3351/582/550
f 3305/554/1244 3304/551/1244 3337/580/1244 3338/583/1244
f 3319/555/1245 3318/553/1245 3351/582/1245 3352/584/1245
f 3306/556/553 3305/554/553 3338/583/553 3339/585/553
f 3320/557/554 3319/555/554 3352/584/554 3353/586/554
f 3342/591/588 3341/589/588 3372/618/588 3373/620/588
f 3356/592/589 3355/590/589 3386/619/589 3387/621/589
f 3343/560/590 3342/591/590 3373/620/590 3374/622/590
f 3357/562/591 3356/592/591 3387/621/591 3388/623/591
f 3344/561/1246 3343/560/1246 3374/622/1246 3375/624/1246
f 3358/563/593 3357/562/593 3388/623/593 3389/625/593
f 3345/564/1247 3344/561/1247 3375/624/1247 3376/593/1247
f 3359/565/595 3358/563/595 3389/625/595 3390/597/595
f 3346/566/563 3345/564/563 3376/593/563 3377/594/563
f 3333/568/564 3332/595/565 3364/596/565
f 3360/569/566 3359/565/566 3390/597/566 3391/598/566
f 3347/570/567 3346/566/567 3377/594/567 3378/599/567
f 3334/571/568 3333/568/568 3364/596/568 3365/600/568
f 3361/572/569 3360/569/569 3391/598/569 3392/601/569
f 3348/573/570 3347/570/570 3378/599/570 3379/602/570
f 3335/574/571 3334/571/571 3365/600/571 3366/603/571
f 3362/575/572 3361/572/572 3392/601/572 3393/604/572
f 3349/576/573 3348/573/573 3379/602/573 3380/605/573
f 3336/577/574 3335/574/574 3366/603/574 3367/606/574
f 3363/578/575 3362/575/575 3393/604/575 3394/607/575
f 3350/579/576 3349/576/576 3380/605/576 3381/608/576
f 3337/580/577 3336/577/577 3367/606/577 3368/609/577
f 3331/610/548 3363/578/548 3394/607/578
f 3351/582/579 3350/579/579 3381/608/579 3382/611/579
f 3338/583/580 3337/580/580 3368/609/580 3369/612/580
f 3352/584/1248 3351/582/1248 3382/611/1248 3383/613/1248
f 3339/585/582 3338/583/582 3369/612/582 3370/614/582
f 3353/586/1249 3352/584/1249 3383/613/1249 3384/615/1249
f 3340/587/584 3339/585/584 3370/614/584 3371/616/584
f 3354/588/585 3353/586/585 3384/615/585 3385/617/585
f 3341/589/586 3340/587/586 3371/616/586 3372/618/586
f 3355/590/587 3354/588/587 3385/617/587 3386/619/587
f 3375/624/1250 3374/622/1250 3405/649/1250 3406/651/1250
f 3389/625/620 3388/623/620 3419/650/620 3420/652/620
f 3376/593/1251 3375/624/1251 3406/651/1251 3407/653/1251
f 3390/597/622 3389/625/622 3420/652/622 3421/654/622
f 3377/594/623 3376/593/623 3407/653/623 3408/655/623
f 3364/596/565 3332/656/565 3395/657/624
f 3391/598/1252 3390/597/1252 3421/654/1252 3422/658/1252
f 3378/599/626 3377/594/626 3408/655/626 3409/626/626
f 3365/600/627 3364/596/627 3395/657/627 3396/628/627
f 3392/601/628 3391/598/628 3422/658/628 3423/630/628
f 3379/602/596 3378/599/596 3409/626/596 3410/627/596
f 3366/603/597 3365/600/597 3396/628/597 3397/629/597
f 3393/604/598 3392/601/598 3423/630/598 3424/631/598
f 3380/605/599 3379/602/599 3410/627/599 3411/632/599
f 3367/606/600 3366/603/600 3397/629/600 3398/633/600
f 3394/607/601 3393/604/601 3424/631/601 3425/634/601
f 3381/608/602 3380/605/602 3411/632/602 3412/635/602
f 3368/609/1253 3367/606/1253 3398/633/1253 3399/636/1253
f 3331/637/604 3394/607/605 3425/634/604
f 3382/611/606 3381/608/606 3412/635/606 3413/638/606
f 3369/612/607 3368/609/607 3399/636/607 3400/639/607
f 3383/613/1254 3382/611/1254 3413/638/1254 3414/640/1254
f 3370/614/609 3369/612/609 3400/639/609 3401/641/609
f 3384/615/1255 3383/613/1255 3414/640/1255 3415/642/1255
f 3371/616/611 3370/614/611 3401/641/611 3402/643/611
f 3385/617/612 3384/615/612 3415/642/612 3416/644/612
f 3372/618/613 3371/616/613 3402/643/613 3403/645/613
f 3386/619/614 3385/617/614 3416/644/614 3417/646/614
f 3373/620/615 3372/618/615 3403/645/615 3404/647/615
f 3387/621/616 3386/619/616 3417/646/616 3418/648/616
f 3374/622/617 3373/620/617 3404/647/617 3405/649/617
f 3388/623/618 3387/621/618 3418/648/618 3419/650/618
f 3408/655/649 3407/653/649 3438/680/649 3439/682/649
f 3395/657/650 3332/683/651 3426/684/651
f 3422/658/652 3421/654/652 3452/681/652 3453/685/652
f 3409/626/653 3408/655/653 3439/682/653 3440/686/653
f 3396/628/654 3395/657/654 3426/684/654 3427/687/654
f 3423/630/655 3422/658/655 3453/685/655 3454/688/655
f 3410/627/656 3409/626/656 3440/686/656 3441/689/656
f 3397/629/1256 3396/628/1256 3427/687/1256 3428/690/1256
f 3424/631/1257 3423/630/1257 3454/688/1257 3455/691/1257
f 3411/632/659 3410/627/659 3441/689/659 3442/659/659
f 3398/633/660 3397/629/660 3428/690/660 3429/661/660
f 3425/634/661 3424/631/661 3455/691/661 3456/664/661
f 3412/635/629 3411/632/629 3442/659/629 3443/660/629
f 3399/636/630 3398/633/630 3429/661/630 3430/662/630
f 3331/663/604 3425/634/604 3456/664/631
f 3413/638/632 3412/635/632 3443/660/632 3444/665/632
f 3400/639/633 3399/636/633 3430/662/633 3431/666/633
f 3414/640/1258 3413/638/1258 3444/665/1258 3445/667/1258
f 3401/641/635 3400/639/635 3431/666/635 3432/668/635
f 3415/642/636 3414/640/636 3445/667/636 3446/669/636
f 3402/643/637 3401/641/637 3432/668/637 3433/670/637
f 3416/644/638 3415/642/638 3446/669/638 3447/671/638
f 3403/645/639 3402/643/639 3433/670/639 3434/672/639
f 3417/646/1259 3416/644/1259 3447/671/1259 3448/673/1259
f 3404/647/1260 3403/645/1260 3434/672/1260 3435/674/1260
f 3418/648/642 3417/646/642 3448/673/642 3449/675/642
f 3405/649/643 3404/647/643 3435/674/643 3436/676/643
f 3419/650/644 3418/648/644 3449/675/644 3450/677/644
f 3406/651/645 3405/649/645 3436/676/645 3437/678/645
f 3420/652/646 3419/650/646 3450/677/646 3451/679/646
f 3407/653/1261 3406/651/1261 3437/678/1261 3438/680/1261
f 3421/654/648 3420/652/648 3451/679/648 3452/681/648
f 3441/689/683 3440/686/683 3471/713/683 3472/716/683
f 3428/690/1262 3427/687/1262 3458/714/1262 3459/717/1262
f 3455/691/1263 3454/688/1263 3485/715/1263 3486/718/1263
f 3442/659/686 3441/689/686 3472/716/686 3473/719/686
f 3429/661/687 3428/690/687 3459/717/687 3460/720/687
f 3456/664/688 3455/691/688 3486/718/688 3487/721/688
f 3443/660/689 3442/659/689 3473/719/689 3474/722/689
f 3430/662/690 3429/661/690 3460/720/690 3461/723/690
f 3331/724/691 3456/664/692 3487/721/691
f 3444/665/693 3443/660/693 3474/722/693 3475/692/693
f 3431/666/694 3430/662/694 3461/723/694 3462/694/694
f 3445/667/1264 3444/665/1264 3475/692/1264 3476/693/1264
f 3432/668/663 3431/666/663 3462/694/663 3463/695/663
f 3446/669/664 3445/667/664 3476/693/664 3477/696/664
f 3433/670/665 3432/668/665 3463/695/665 3464/697/665
f 3447/671/666 3446/669/666 3477/696/666 3478/698/666
f 3434/672/667 3433/670/667 3464/697/667 3465/699/667
f 3448/673/1265 3447/671/1265 3478/698/1265 3479/700/1265
f 3435/674/1266 3434/672/1266 3465/699/1266 3466/701/1266
f 3449/675/670 3448/673/670 3479/700/670 3480/702/670
f 3436/676/671 3435/674/671 3466/701/671 3467/703/671
f 3450/677/672 3449/675/672 3480/702/672 3481/704/672
f 3437/678/673 3436/676/673 3467/703/673 3468/705/673
f 3451/679/674 3450/677/674 3481/704/674 3482/706/674
f 3438/680/1267 3437/678/1267 3468/705/1267 3469/707/1267
f 3452/681/676 3451/679/676 3482/706/676 3483/708/676
f 3439/682/677 3438/680/677 3469/707/677 3470/709/677
f 3426/684/651 3332/710/651 3457/711/678
f 3453/685/679 3452/681/679 3483/708/679 3484/712/679
f 3440/686/680 3439/682/680 3470/709/680 3471/713/680
f 3427/687/681 3426/684/681 3457/711/681 3458/714/681
f 3454/688/682 3453/685/682 3484/712/682 3485/715/682
f 3474/722/719 3473/719/719 3504/748/719 3505/751/719
f 3461/723/1268 3460/720/1268 3491/749/1268 3492/752/1268
f 3331/753/691 3487/721/691 3518/750/721
f 3475/692/722 3474/722/722 3505/751/722 3506/754/722
f 3462/694/723 3461/723/723 3492/752/723 3493/755/723
f 3476/693/724 3475/692/724 3506/754/724 3507/756/724
f 3463/695/725 3462/694/725 3493/755/725 3494/757/725
f 3477/696/726 3476/693/726 3507/756/726 3508/725/726
f 3464/697/727 3463/695/727 3494/757/727 3495/727/727
f 3478/698/695 3477/696/695 3508/725/695 3509/726/695
f 3465/699/696 3464/697/696 3495/727/696 3496/728/696
f 3479/700/1269 3478/698/1269 3509/726/1269 3510/729/1269
f 3466/701/1270 3465/699/1270 3496/728/1270 3497/730/1270
f 3480/702/699 3479/700/699 3510/729/699 3511/731/699
f 3467/703/700 3466/701/700 3497/730/700 3498/732/700
f 3481/704/701 3480/702/701 3511/731/701 3512/733/701
f 3468/705/702 3467/703/702 3498/732/702 3499/734/702
f 3482/706/703 3481/704/703 3512/733/703 3513/735/703
f 3469/707/704 3468/705/704 3499/734/704 3500/736/704
f 3483/708/705 3482/706/705 3513/735/705 3514/737/705
f 3470/709/706 3469/707/706 3500/736/706 3501/738/706
f 3457/711/1271 3332/739/708 3488/740/708
f 3484/712/1272 3483/708/1272 3514/737/1272 3515/741/1272
f 3471/713/710 3470/709/710 3501/738/710 3502/742/710
f 3458/714/711 3457/711/711 3488/740/711 3489/743/711
f 3485/715/712 3484/712/712 3515/741/712 3516/744/712
f 3472/716/713 3471/713/713 3502/742/713 3503/745/713
f 3459/717/714 3458/714/714 3489/743/714 3490/746/714
f 3486/718/715 3485/715/715 3516/744/715 3517/747/715
f 3473/719/716 3472/716/716 3503/745/716 3504/748/716
f 3460/720/717 3459/717/717 3490/746/717 3491/749/717
f 3487/721/718 3486/718/718 3517/747/718 3518/750/718
f 3507/756/753 3506/754/753 3537/783/753 3538/785/753
f 3494/757/754 3493/755/754 3524/784/754 3525/786/754
f 3508/725/1273 3507/756/1273 3538/785/1273 3539/787/1273
f 3495/727/756 3494/757/756 3525/786/756 3526/788/756
f 3509/726/757 3508/725/757 3539/787/757 3540/789/757
f 3496/728/758 3495/727/758 3526/788/758 3527/790/758
f 3510/729/1274 3509/726/1274 3540/789/1274 3541/758/1274
f 3497/730/1275 3496/728/1275 3527/790/1275 3528/760/1275
f 3511/731/728 3510/729/728 3541/758/728 3542/759/728
f 3498/732/729 3497/730/729 3528/760/729 3529/761/729
f 3512/733/730 3511/731/730 3542/759/730 3543/762/730
f 3499/734/1276 3498/732/1276 3529/761/1276 3530/763/1276
f 3513/735/732 3512/733/732 3543/762/732 3544/764/732
f 3500/736/733 3499/734/733 3530/763/733 3531/765/733
f 3514/737/734 3513/735/734 3544/764/734 3545/766/734
f 3501/738/735 3500/736/735 3531/765/735 3532/767/735
f 3488/740/708 3332/768/708 3519/769/736
f 3515/741/1277 3514/737/1277 3545/766/1277 3546/770/1277
f 3502/742/738 3501/738/738 3532/767/738 3533/771/738
f 3489/743/739 3488/740/739 3519/769/739 3520/772/739
f 3516/744/740 3515/741/740 3546/770/740 3547/773/740
f 3503/745/741 3502/742/741 3533/771/741 3534/774/741
f 3490/746/1278 3489/743/1278 3520/772/1278 3521/775/1278
f 3517/747/1279 3516/744/1279 3547/773/1279 3548/776/1279
f 3504/748/744 3503/745/744 3534/774/744 3535/777/744
f 3491/749/745 3490/746/745 3521/775/745 3522/778/745
f 3518/750/746 3517/747/746 3548/776/746 3549/779/746
f 3505/751/747 3504/748/747 3535/777/747 3536/780/747
f 3492/752/1280 3491/749/1280 3522/778/1280 3523/781/1280
f 3331/782/749 3518/750/750 3549/779/749
f 3506/754/751 3505/751/751 3536/780/751 3537/783/751
f 3493/755/752 3492/752/752 3523/781/752 3524/784/752
f 3540/789/786 3539/787/786 3570/816/786 3571/818/786
f 3527/790/787 3526/788/787 3557/817/787 3558/819/787
f 3541/758/788 3540/789/788 3571/818/788 3572/820/788
f 3528/760/789 3527/790/789 3558/819/789 3559/821/789
f 3542/759/790 3541/758/790 3572/820/790 3573/822/790
f 3529/761/791 3528/760/791 3559/821/791 3560/823/791
f 3543/762/792 3542/759/792 3573/822/792 3574/791/792
f 3530/763/793 3529/761/793 3560/823/793 3561/793/793
f 3544/764/761 3543/762/761 3574/791/761 3575/792/761
f 3531/765/1281 3530/763/1281 3561/793/1281 3562/794/1281
f 3545/766/1282 3544/764/1282 3575/792/1282 3576/795/1282
f 3532/767/764 3531/765/764 3562/794/764 3563/796/764
f 3519/769/765 3332/797/766 3550/798/766
f 3546/770/767 3545/766/767 3576/795/767 3577/799/767
f 3533/771/768 3532/767/768 3563/796/768 3564/800/768
f 3520/772/769 3519/769/769 3550/798/769 3551/801/769
f 3547/773/770 3546/770/770 3577/799/770 3578/802/770
f 3534/774/771 3533/771/771 3564/800/771 3565/803/771
f 3521/775/1283 3520/772/1283 3551/801/1283 3552/804/1283
f 3548/776/1284 3547/773/1284 3578/802/1284 3579/805/1284
f 3535/777/774 3534/774/774 3565/803/774 3566/806/774
f 3522/778/775 3521/775/775 3552/804/775 3553/807/775
f 3549/779/776 3548/776/776 3579/805/776 3580/808/776
f 3536/780/777 3535/777/777 3566/806/777 3567/809/777
f 3523/781/778 3522/778/778 3553/807/778 3554/810/778
f 3331/811/749 3549/779/749 3580/808/779
f 3537/783/780 3536/780/780 3567/809/780 3568/812/780
f 3524/784/1285 3523/781/1285 3554/810/1285 3555/813/1285
f 3538/785/1286 3537/783/1286 3568/812/1286 3569/814/1286
f 3525/786/783 3524/784/783 3555/813/783 3556/815/783
f 3539/787/784 3538/785/784 3569/814/784 3570/816/784
f 3526/788/785 3525/786/785 3556/815/785 3557/817/785
f 3573/875/818 3572/871/818 3603/872/818 3604/876/818
f 3560/877/819 3559/873/819 3590/874/819 3591/878/819
f 3574/879/820 3573/875/820 3604/876/820 3605/880/820
f 3561/881/821 3560/877/821 3591/878/821 3592/882/821
f 3575/883/822 3574/879/822 3605/880/822 3606/884/822
f 3562/885/1287 3561/881/1287 3592/882/1287 3593/886/1287
f 3576/825/1288 3575/883/1288 3606/884/1288 3607/826/1288
f 3563/829/825 3562/885/825 3593/886/825 3594/830/825
f 3550/833/766 3332/887/766 3581/834/826
f 3577/824/794 3576/825/794 3607/826/794 3608/827/794
f 3564/828/795 3563/829/795 3594/830/795 3595/831/795
f 3551/832/796 3550/833/796 3581/834/796 3582/835/796
f 3578/836/797 3577/824/797 3608/827/797 3609/837/797
f 3565/838/798 3564/828/798 3595/831/798 3596/839/798
f 3552/840/1289 3551/832/1289 3582/835/1289 3583/841/1289
f 3579/842/1290 3578/836/1290 3609/837/1290 3610/843/1290
f 3566/844/801 3565/838/801 3596/839/801 3597/845/801
f 3553/846/802 3552/840/802 3583/841/802 3584/847/802
f 3580/848/803 3579/842/803 3610/843/803 3611/849/803
f 3567/850/804 3566/844/804 3597/845/804 3598/851/804
f 3554/852/805 3553/846/805 3584/847/805 3585/853/805
f 3331/854/806 3580/848/807 3611/849/806
f 3568/855/808 3567/850/808 3598/851/808 3599/856/808
f 3555/857/1291 3554/852/1291 3585/853/1291 3586/858/1291
f 3569/859/1292 3568/855/1292 3599/856/1292 3600/860/1292
f 3556/861/811 3555/857/811 3586/858/811 3587/862/811
f 3570/863/812 3569/859/812 3600/860/812 3601/864/812
f 3557/865/813 3556/861/813 3587/862/813 3588/866/813
f 3571/867/814 3570/863/814 3601/864/814 3602/868/814
f 3558/869/815 3557/865/815 3588/866/815 3589/870/815
f 3572/871/816 3571/867/816 3602/868/816 3603/872/816
f 3559/873/817 3558/869/817 3589/870/817 3590/874/817
f 3606/884/848 3605/880/848 3636/910/848 3637/912/848
f 3593/886/849 3592/882/849 3623/911/849 3624/913/849
f 3607/826/850 3606/884/850 3637/912/850 3638/914/850
f 3594/830/851 3593/886/851 3624/913/851 3625/915/851
f 3581/834/852 3332/916/853 3612/917/853
f 3608/827/1293 3607/826/1293 3638/914/1293 3639/918/1293
f 3595/831/855 3594/830/855 3625/915/855 3626/919/855
f 3582/835/856 3581/834/856 3612/917/856 3613/920/856
f 3609/837/857 3608/827/857 3639/918/857 3640/888/857
f 3596/839/858 3595/831/858 3626/919/858 3627/890/858
f 3583/841/1294 3582/835/1294 3613/920/1294 3614/892/1294
f 3610/843/1295 3609/837/1295 3640/888/1295 3641/889/1295
f 3597/845/828 3596/839/828 3627/890/828 3628/891/828
f 3584/847/829 3583/841/829 3614/892/829 3615/893/829
f 3611/849/830 3610/843/830 3641/889/830 3642/894/830
f 3598/851/831 3597/845/831 3628/891/831 3629/895/831
f 3585/853/1296 3584/847/1296 3615/893/1296 3616/896/1296
f 3331/897/806 3611/849/806 3642/894/833
f 3599/856/834 3598/851/834 3629/895/834 3630/898/834
f 3586/858/835 3585/853/835 3616/896/835 3617/899/835
f 3600/860/836 3599/856/836 3630/898/836 3631/900/836
f 3587/862/837 3586/858/837 3617/899/837 3618/901/837
f 3601/864/1297 3600/860/1297 3631/900/1297 3632/902/1297
f 3588/866/839 3587/862/839 3618/901/839 3619/903/839
f 3602/868/840 3601/864/840 3632/902/840 3633/904/840
f 3589/870/1298 3588/866/1298 3619/903/1298 3620/905/1298
f 3603/872/1299 3602/868/1299 3633/904/1299 3634/906/1299
f 3590/874/1300 3589/870/1300 3620/905/1300 3621/907/1300
f 3604/876/1301 3603/872/1301 3634/906/1301 3635/908/1301
f 3591/878/845 3590/874/845 3621/907/845 3622/909/845
f 3605/880/846 3604/876/846 3635/908/846 3636/910/846
f 3592/882/1302 3591/878/1302 3622/909/1302 3623/911/1302
f 3631/900/877 3630/898/877 3661/938/877 3662/940/877
f 3618/901/878 3617/899/878 3648/939/878 3649/941/878
f 3632/902/879 3631/900/879 3662/940/879 3663/942/879
f 3619/903/880 3618/901/880 3649/941/880 3650/943/880
f 3633/904/881 3632/902/881 3663/942/881 3664/944/881
f 3620/905/882 3619/903/882 3650/943/882 3651/945/882
f 3634/906/1303 3633/904/1303 3664/944/1303 3665/946/1303
f 3621/907/1304 3620/905/1304 3651/945/1304 3652/947/1304
f 3635/908/885 3634/906/885 3665/946/885 3666/948/885
f 3622/909/886 3621/907/886 3652/947/886 3653/949/886
f 3636/910/887 3635/908/887 3666/948/887 3667/950/887
f 3623/911/888 3622/909/888 3653/949/888 3654/951/888
f 3637/912/889 3636/910/889 3667/950/889 3668/952/889
f 3624/913/890 3623/911/890 3654/951/890 3655/953/890
f 3638/914/891 3637/912/891 3668/952/891 3669/923/891
f 3625/915/892 3624/913/892 3655/953/892 3656/925/892
f 3612/917/853 3332/921/853 3643/922/1305
f 3639/918/861 3638/914/861 3669/923/861 3670/924/861
f 3626/919/862 3625/915/862 3656/925/862 3657/926/862
f 3613/920/863 3612/917/863 3643/922/863 3644/927/863
f 3640/888/864 3639/918/864 3670/924/864 3671/928/864
f 3627/890/865 3626/919/865 3657/926/865 3658/929/865
f 3614/892/866 3613/920/866 3644/927/866 3645/930/866
f 3641/889/867 3640/888/867 3671/928/867 3672/931/867
f 3628/891/868 3627/890/868 3658/929/868 3659/932/868
f 3615/893/869 3614/892/869 3645/930/869 3646/933/869
f 3642/894/870 3641/889/870 3672/931/870 3673/934/870
f 3629/895/871 3628/891/871 3659/932/871 3660/935/871
f 3616/896/872 3615/893/872 3646/933/872 3647/936/872
f 3331/937/873 3642/894/874 3673/934/873
f 3630/898/875 3629/895/875 3660/935/875 3661/938/875
f 3617/899/876 3616/896/876 3647/936/876 3648/939/876
f 3664/944/907 3663/942/907 3694/969/907 3695/971/907
f 3651/945/908 3650/943/908 3681/970/908 3682/972/908
f 3665/946/1306 3664/944/1306 3695/971/1306 3696/973/1306
f 3652/947/1307 3651/945/1307 3682/972/1307 3683/974/1307
f 3666/948/911 3665/946/911 3696/973/911 3697/975/911
f 3653/949/912 3652/947/912 3683/974/912 3684/976/912
f 3667/950/913 3666/948/913 3697/975/913 3698/977/913
f 3654/951/914 3653/949/914 3684/976/914 3685/978/914
f 3668/952/915 3667/950/915 3698/977/915 3699/979/915
f 3655/953/1308 3654/951/1308 3685/978/1308 3686/980/1308
f 3669/923/917 3668/952/917 3699/979/917 3700/981/917
f 3656/925/918 3655/953/918 3686/980/918 3687/982/918
f 3643/922/919 3332/983/920 3674/984/920
f 3670/924/921 3669/923/921 3700/981/921 3701/985/921
f 3657/926/922 3656/925/922 3687/982/922 3688/986/922
f 3644/927/923 3643/922/923 3674/984/923 3675/954/923
f 3671/928/924 3670/924/924 3701/985/924 3702/956/924
f 3658/929/925 3657/926/925 3688/986/925 3689/958/925
f 3645/930/1309 3644/927/1309 3675/954/1309 3676/955/1309
f 3672/931/1310 3671/928/1310 3702/956/1310 3703/957/1310
f 3659/932/895 3658/929/895 3689/958/895 3690/959/895
f 3646/933/896 3645/930/896 3676/955/896 3677/960/896
f 3673/934/897 3672/931/897 3703/957/897 3704/961/897
f 3660/935/898 3659/932/898 3690/959/898 3691/962/898
f 3647/936/899 3646/933/899 3677/960/899 3678/963/899
f 3331/964/873 3673/934/873 3704/961/900
f 3661/938/901 3660/935/901 3691/962/901 3692/965/901
f 3648/939/902 3647/936/902 3678/963/902 3679/966/902
f 3662/940/1311 3661/938/1311 3692/965/1311 3693/967/1311
f 3649/941/904 3648/939/904 3679/966/904 3680/968/904
f 3663/942/905 3662/940/905 3693/967/905 3694/969/905
f 3650/943/906 3649/941/906 3680/968/906 3681/970/906
f 3697/975/939 3696/973/939 3727/1000/939 3728/1002/939
f 3684/976/940 3683/974/940 3714/1001/940 3715/1003/940
f 3698/977/941 3697/975/941 3728/1002/941 3729/1004/941
f 3685/978/942 3684/976/942 3715/1003/942 3716/1005/942
f 3699/979/943 3698/977/943 3729/1004/943 3730/1006/943
f 3686/980/1312 3685/978/1312 3716/1005/1312 3717/1007/1312
f 3700/981/945 3699/979/945 3730/1006/945 3731/1008/945
f 3687/982/946 3686/980/946 3717/1007/946 3718/1009/946
f 3674/984/920 3332/1010/920 3705/1011/947
f 3701/985/948 3700/981/948 3731/1008/948 3732/1012/948
f 3688/986/949 3687/982/949 3718/1009/949 3719/1013/949
f 3675/954/950 3674/984/950 3705/1011/950 3706/1014/950
f 3702/956/951 3701/985/951 3732/1012/951 3733/1015/951
f 3689/958/952 3688/986/952 3719/1013/952 3720/1016/952
f 3676/955/1313 3675/954/1313 3706/1014/1313 3707/1017/1313
f 3703/957/1314 3702/956/1314 3733/1015/1314 3734/1018/1314
f 3690/959/955 3689/958/955 3720/1016/955 3721/1019/955
f 3677/960/956 3676/955/956 3707/1017/956 3708/987/956
f 3704/961/957 3703/957/957 3734/1018/957 3735/990/957
f 3691/962/958 3690/959/958 3721/1019/958 3722/991/958
f 3678/963/926 3677/960/926 3708/987/926 3709/988/926
f 3331/989/927 3704/961/928 3735/990/927
f 3692/965/929 3691/962/929 3722/991/929 3723/992/929
f 3679/966/930 3678/963/930 3709/988/930 3710/993/930
f 3693/967/1315 3692/965/1315 3723/992/1315 3724/994/1315
f 3680/968/932 3679/966/932 3710/993/932 3711/995/932
f 3694/969/933 3693/967/933 3724/994/933 3725/996/933
f 3681/970/934 3680/968/934 3711/995/934 3712/997/934
f 3695/971/935 3694/969/935 3725/996/935 3726/998/935
f 3682/972/936 3681/970/936 3712/997/936 3713/999/936
f 3696/973/1316 3695/971/1316 3726/998/1316 3727/1000/1316
f 3683/974/1317 3682/972/1317 3713/999/1317 3714/1001/1317
f 3730/1006/970 3729/1004/970 3760/1031/970 3761/1033/970
f 3717/1007/971 3716/1005/971 3747/1032/971 3748/1034/971
f 3731/1008/972 3730/1006/972 3761/1033/972 3762/1035/972
f 3718/1009/973 3717/1007/973 3748/1034/973 3749/1036/973
f 3705/1011/974 3332/1037/975 3736/1038/975
f 3732/1012/1318 3731/1008/1318 3762/1035/1318 3763/1039/1318
f 3719/1013/977 3718/1009/977 3749/1036/977 3750/1040/977
f 3706/1014/978 3705/1011/978 3736/1038/978 3737/1041/978
f 3733/1015/979 3732/1012/979 3763/1039/979 3764/1042/979
f 3720/1016/980 3719/1013/980 3750/1040/980 3751/1043/980
f 3707/1017/981 3706/1014/981 3737/1041/981 3738/1044/981
f 3734/1018/982 3733/1015/982 3764/1042/982 3765/1045/982
f 3721/1019/983 3720/1016/983 3751/1043/983 3752/1046/983
f 3708/987/984 3707/1017/984 3738/1044/984 3739/1047/984
f 3735/990/985 3734/1018/985 3765/1045/985 3766/1048/985
f 3722/991/986 3721/1019/986 3752/1046/986 3753/1049/986
f 3709/988/1319 3708/987/1319 3739/1047/1319 3740/1050/1319
f 3331/1051/927 3735/990/927 3766/1048/988
f 3723/992/989 3722/991/989 3753/1049/989 3754/1052/989
f 3710/993/990 3709/988/990 3740/1050/990 3741/1020/990
f 3724/994/991 3723/992/991 3754/1052/991 3755/1022/991
f 3711/995/959 3710/993/959 3741/1020/959 3742/1021/959
f 3725/996/960 3724/994/960 3755/1022/960 3756/1023/960
f 3712/997/961 3711/995/961 3742/1021/961 3743/1024/961
f 3726/998/962 3725/996/962 3756/1023/962 3757/1025/962
f 3713/999/963 3712/997/963 3743/1024/963 3744/1026/963
f 3727/1000/1320 3726/998/1320 3757/1025/1320 3758/1027/1320
f 3714/1001/1321 3713/999/1321 3744/1026/1321 3745/1028/1321
f 3728/1002/966 3727/1000/966 3758/1027/966 3759/1029/966
f 3715/1003/967 3714/1001/967 3745/1028/967 3746/1030/967
f 3729/1004/968 3728/1002/968 3759/1029/968 3760/1031/968
f 3716/1005/969 3715/1003/969 3746/1030/969 3747/1032/969
f 3736/1038/975 3332/1066/975 3767/1067/1003
f 3763/1039/1322 3762/1035/1322 3793/1064/1322 3794/1068/1322
f 3750/1040/1005 3749/1036/1005 3780/1065/1005 3781/1069/1005
f 3737/1041/1006 3736/1038/1006 3767/1067/1006 3768/1070/1006
f 3764/1042/1007 3763/1039/1007 3794/1068/1007 3795/1071/1007
f 3751/1043/1008 3750/1040/1008 3781/1069/1008 3782/1072/1008
f 3738/1044/1009 3737/1041/1009 3768/1070/1009 3769/1073/1009
f 3765/1045/1010 3764/1042/1010 3795/1071/1010 3796/1074/1010
f 3752/1046/1011 3751/1043/1011 3782/1072/1011 3783/1075/1011
f 3739/1047/1012 3738/1044/1012 3769/1073/1012 3770/1076/1012
f 3766/1048/1013 3765/1045/1013 3796/1074/1013 3797/1077/1013
f 3753/1049/1014 3752/1046/1014 3783/1075/1014 3784/1078/1014
f 3740/1050/1323 3739/1047/1323 3770/1076/1323 3771/1079/1323
f 3331/1080/1016 3766/1048/1017 3797/1077/1016
f 3754/1052/1018 3753/1049/1018 3784/1078/1018 3785/1081/1018
f 3741/1020/1019 3740/1050/1019 3771/1079/1019 3772/1082/1019
f 3755/1022/1324 3754/1052/1324 3785/1081/1324 3786/1083/1324
f 3742/1021/1021 3741/1020/1021 3772/1082/1021 3773/1084/1021
f 3756/1023/1325 3755/1022/1325 3786/1083/1325 3787/1085/1325
f 3743/1024/1023 3742/1021/1023 3773/1084/1023 3774/1053/1023
f 3757/1025/1024 3756/1023/1024 3787/1085/1024 3788/1055/1024
f 3744/1026/992 3743/1024/992 3774/1053/992 3775/1054/992
f 3758/1027/1326 3757/1025/1326 3788/1055/1326 3789/1056/1326
f 3745/1028/1327 3744/1026/1327 3775/1054/1327 3776/1057/1327
f 3759/1029/995 3758/1027/995 3789/1056/995 3790/1058/995
f 3746/1030/996 3745/1028/996 3776/1057/996 3777/1059/996
f 3760/1031/997 3759/1029/997 3790/1058/997 3791/1060/997
f 3747/1032/1328 3746/1030/1328 3777/1059/1328 3778/1061/1328
f 3761/1033/999 3760/1031/999 3791/1060/999 3792/1062/999
f 3748/1034/1329 3747/1032/1329 3778/1061/1329 3779/1063/1329
f 3762/1035/1001 3761/1033/1001 3792/1062/1001 3793/1064/1001
f 3749/1036/1002 3748/1034/1002 3779/1063/1002 3780/1065/1002
f 3769/1073/1330 3768/1070/1330 3799/14/1330 3800/20/1330
f 3796/1074/1039 3795/1071/1039 3812/16/1039 2833/22/1039
f 3783/1075/1040 3782/1072/1040 3807/18/1040 2825/24/1040
f 3770/1076/1041 3769/1073/1041 3800/20/1041 3801/26/1041
f 3797/1077/1331 3796/1074/1331 2833/22/1331 2834/28/1331
f 3784/1078/1043 3783/1075/1043 2825/24/1043 2826/30/1043
f 3771/1079/1044 3770/1076/1044 3801/26/1044 3802/32/1044
f 3331/1087/1016 3797/1077/1016 2834/28/1045
f 3785/1081/1046 3784/1078/1046 2826/30/1046 3808/35/1046
f 3772/1082/1047 3771/1079/1047 3802/32/1047 3803/37/1047
f 3786/1083/1332 3785/1081/1332 3808/35/1332 3809/39/1332
f 3773/1084/1049 3772/1082/1049 3803/37/1049 2819/41/1049
f 3787/1085/1050 3786/1083/1050 3809/39/1050 2827/43/1050
f 3774/1053/1051 3773/1084/1051 2819/41/1051 3804/45/1051
f 3788/1055/1052 3787/1085/1052 2827/43/1052 2828/47/1052
f 3775/1054/1053 3774/1053/1053 3804/45/1053 2820/49/1053
f 3789/1056/1054 3788/1055/1054 2828/47/1054 2829/51/1054
f 3776/1057/1055 3775/1054/1055 2820/49/1055 3805/53/1055
f 3790/1058/1056 3789/1056/1056 2829/51/1056 3810/55/1056
f 3777/1059/1025 3776/1057/1025 3805/53/1025 3806/57/1025
f 3791/1060/1026 3790/1058/1026 3810/55/1026 2830/59/1026
f 3778/1061/1027 3777/1059/1027 3806/57/1027 2821/61/1027
f 3792/1062/1028 3791/1060/1028 2830/59/1028 2831/63/1028
f 3779/1063/1333 3778/1061/1333 2821/61/1333 2822/2/1333
f 3793/1064/1334 3792/1062/1334 2831/63/1334 2832/9/1334
f 3780/1065/1031 3779/1063/1031 2822/2/1031 2823/1/1031
f 3767/1067/1032 3332/1086/2 3798/5/2
f 3794/1068/1033 3793/1064/1033 2832/9/1033 3811/8/1033
f 3781/1069/1034 3780/1065/1034 2823/1/1034 2824/12/1034
f 3768/1070/1035 3767/1067/1035 3798/5/1035 3799/14/1035
f 3795/1071/1036 3794/1068/1036 3811/8/1036 3812/16/1036
f 3782/1072/1037 3781/1069/1037 2824/12/1037 3807/18/1037
f 3813/1088/1057 3832/1088/1057 3833/1088/1058 3814/1088/1058
f 3814/1088/1058 3833/1088/1058 3834/1088/1059 3815/1088/1059
f 3815/1088/1059 3834/1088/1059 3835/1088/1060 3816/1088/1060
f 3816/1088/1060 3835/1088/1060 3836/1088/1061 3817/1088/1061
f 3817/1088/1061 3836/1088/1061 3837/1088/1062 3818/1088/1062
f 3818/1088/1062 3837/1088/1062 3838/1088/1063 3819/1088/1063
f 3819/1088/1063 3838/1088/1063 3839/1088/1064 3820/1088/1064
f 3820/1088/1064 3839/1088/1064 3840/1088/1065 3821/1088/1065
f 3821/1088/1065 3840/1088/1065 3841/1088/1066 3822/1088/1066
f 3822/1088/1066 3841/1088/1066 3842/1088/1067 3823/1088/1067
f 3823/1088/1067 3842/1088/1067 3843/1088/1068 3824/1088/1068
f 3824/1088/1068 3843/1088/1068 3844/1088/1069 3825/1088/1069
f 3825/1088/1069 3844/1088/1069 3845/1088/1070 3826/1088/1070
f 3826/1088/1070 3845/1088/1070 3846/1088/1071 3827/1088/1071
f 3827/1088/1071 3846/1088/1071 3847/1088/1072 3828/1088/1072
f 3828/1088/1072 3847/1088/1072 3848/1088/1073 3829/1088/1073
f 3829/1088/1073 3848/1088/1073 3849/1088/1074 3830/1088/1074
f 3830/1088/1074 3849/1088/1074 3850/1088/1075 3831/1088/1075
f 3831/1088/1075 3850/1088/1075 3832/1088/1057 3813/1088/1057
f 3851/1088/1057 3870/1088/1057 3871/1088/1058 3852/1088/1058
f 3852/1088/1058 3871/1088/1058 3872/1088/1059 3853/1088/1059
f 3853/1088/1059 3872/1088/1059 3873/1088/1060 3854/1088/1060
f 3854/1088/1060 3873/1088/1060 3874/1088/1061 3855/1088/1061
f 3855/1088/1061 3874/1088/1061 3875/1088/1062 3856/1088/1062
f 3856/1088/1062 3875/1088/1062 3876/1088/1063 3857/1088/1063
f 3857/1088/1063 3876/1088/1063 3877/1088/1064 3858/1088/1064
f 3858/1088/1064 3877/1088/1064 3878/1088/1065 3859/1088/1065
f 3859/1088/1065 3878/1088/1065 3879/1088/1066 3860/1088/1066
f 3860/1088/1066 3879/1088/1066 3880/1088/1067 3861/1088/1067
f 3861/1088/1067 3880/1088/1067 3881/1088/1068 3862/1088/1068
f 3862/1088/1068 3881/1088/1068 3882/1088/1069 3863/1088/1069
f 3863/1088/1069 3882/1088/1069 3883/1088/1070 3864/1088/1070
f 3864/1088/1070 3883/1088/1070 3884/1088/1071 3865/1088/1071
f 3865/1088/1071 3884/1088/1071 3885/1088/1072 3866/1088/1072
f 3866/1088/1072 3885/1088/1072 3886/1088/1073 3867/1088/1073
f 3867/1088/1073 3886/1088/1073 3887/1088/1074 3868/1088/1074
f 3868/1088/1074 3887/1088/1074 3888/1088/1075 3869/1088/1075
f 3869/1088/1075 3888/1088/1075 3870/1088/1057 3851/1088/1057
f 3889/1088/1057 3908/1088/1057 3909/1088/1058 3890/1088/1058
f 3890/1088/1058 3909/1088/1058 3910/1088/1059 3891/1088/1059
f 3891/1088/1059 3910/1088/1059 3911/1088/1060 3892/1088/1060
f 3892/1088/1060 3911/1088/1060 3912/1088/1061 3893/1088/1061
f 3893/1088/1061 3912/1088/1061 3913/1088/1062 3894/1088/1062
f 3894/1088/1062 3913/1088/1062 3914/1088/1063 3895/1088/1063
f 3895/1088/1063 3914/1088/1063 3915/1088/1064 3896/1088/1064
f 3896/1088/1064 3915/1088/1064 3916/1088/1065 3897/1088/1065
f 3897/1088/1065 3916/1088/1065 3917/1088/1066 3898/1088/1066
f 3898/1088/1066 3917/1088/1066 3918/1088/1067 3899/1088/1067
f 3899/1088/1067 3918/1088/1067 3919/1088/1068 3900/1088/1068
f 3900/1088/1068 3919/1088/1068 3920/1088/1069 3901/1088/1069
f 3901/1088/1069 3920/1088/1069 3921/1088/1070 3902/1088/1070
f 3902/1088/1070 3921/1088/1070 3922/1088/1071 3903/1088/1071
f 3903/1088/1071 3922/1088/1071 3923/1088/1072 3904/1088/1072
f 3904/1088/1072 3923/1088/1072 3924/1088/1073 3905/1088/1073
f 3905/1088/1073 3924/1088/1073 3925/1088/1074 3906/1088/1074
f 3906/1088/1074 3925/1088/1074 3926/1088/1075 3907/1088/1075
f 3907/1088/1075 3926/1088/1075 3908/1088/1057 3889/1088/1057
f 3927/1088/1057 3946/1088/1057 3947/1088/1058 3928/1088/1058
f 3928/1088/1058 3947/1088/1058 3948/1088/1059 3929/1088/1059
f 3929/1088/1059 3948/1088/1059 3949/1088/1060 3930/1088/1060
f 3930/1088/1060 3949/1088/1060 3950/1088/1061 3931/1088/1061
f 3931/1088/1061 3950/1088/1061 3951/1088/1062 3932/1088/1062
f 3932/1088/1062 3951/1088/1062 3952/1088/1063 3933/1088/1063
f 3933/1088/1063 3952/1088/1063 3953/1088/1064 3934/1088/1064
f 3934/1088/1064 3953/1088/1064 3954/1088/1065 3935/1088/1065
f 3935/1088/1065 3954/1088/1065 3955/1088/1066 3936/1088/1066
f 3936/1088/1066 3955/1088/1066 3956/1088/1067 3937/1088/1067
f 3937/1088/1067 3956/1088/1067 3957/1088/1068 3938/1088/1068
f 3938/1088/1068 3957/1088/1068 3958/1088/1069 3939/1088/1069
f 3939/1088/1069 3958/1088/1069 3959/1088/1070 3940/1088/1070
f 3940/1088/1070 3959/1088/1070 3960/1088/1071 3941/1088/1071
f 3941/1088/1071 3960/1088/1071 3961/1088/1072 3942/1088/1072
f 3942/1088/1072 3961/1088/1072 3962/1088/1073 3943/1088/1073
f 3943/1088/1073 3962/1088/1073 3963/1088/1074 3944/1088/1074
f 3944/1088/1074 3963/1088/1074 3964/1088/1075 3945/1088/1075
f 3945/1088/1075 3964/1088/1075 3946/1088/1057 3927/1088/1057
f 3965/1088/1057 3984/1088/1057 3985/1088/1058 3966/1088/1058
f 3966/1088/1058 3985/1088/1058 3986/1088/1059 3967/1088/1059
f 3967/1088/1059 3986/1088/1059 3987/1088/1060 3968/1088/1060
f 3968/1088/1060 3987/1088/1060 3988/1088/1061 3969/1088/1061
f 3969/1088/1061 3988/1088/1061 3989/1088/1062 3970/1088/1062
f 3970/1088/1062 3989/1088/1062 3990/1088/1063 3971/1088/1063
f 3971/1088/1063 3990/1088/1063 3991/1088/1064 3972/1088/1064
f 3972/1088/1064 3991/1088/1064 3992/1088/1065 3973/1088/1065
f 3973/1088/1065 3992/1088/1065 3993/1088/1066 3974/1088/1066
f 3974/1088/1066 3993/1088/1066 3994/1088/1067 3975/1088/1067
f 3975/1088/1067 3994/1088/1067 3995/1088/1068 3976/1088/1068
f 3976/1088/1068 3995/1088/1068 3996/1088/1069 3977/1088/1069
f 3977/1088/1069 3996/1088/1069 3997/1088/1070 3978/1088/1070
f 3978/1088/1070 3997/1088/1070 3998/1088/1071 3979/1088/1071
f 3979/1088/1071 3998/1088/1071 3999/1088/1072 3980/1088/1072
f 3980/1088/1072 3999/1088/1072 4000/1088/1073 3981/1088/1073
f 3981/1088/1073 4000/1088/1073 4001/1088/1074 3982/1088/1074
f 3982/1088/1074 4001/1088/1074 4002/1088/1075 3983/1088/1075
f 3983/1088/1075 4002/1088/1075 3984/1088/1057 3965/1088/1057
f 4003/1088/1057 4022/1088/1057 4023/1088/1058 4004/1088/1058
f 4004/1088/1058 4023/1088/1058 4024/1088/1059 4005/1088/1059
f 4005/1088/1059 4024/1088/1059 4025/1088/1060 4006/1088/1060
f 4006/1088/1060 4025/1088/1060 4026/1088/1061 4007/1088/1061
f 4007/1088/1061 4026/1088/1061 4027/1088/1062 4008/1088/1062
f 4008/1088/1062 4027/1088/1062 4028/1088/1063 4009/1088/1063
f 4009/1088/1063 4028/1088/1063 4029/1088/1064 4010/1088/1064
f 4010/1088/1064 4029/1088/1064 4030/1088/1065 4011/1088/1065
f 4011/1088/1065 4030/1088/1065 4031/1088/1066 4012/1088/1066
f 4012/1088/1066 4031/1088/1066 4032/1088/1067 4013/1088/1067
f 4013/1088/1067 4032/1088/1067 4033/1088/1068 4014/1088/1068
f 4014/1088/1068 4033/1088/1068 4034/1088/1069 4015/1088/1069
f 4015/1088/1069 4034/1088/1069 4035/1088/1070 4016/1088/1070
f 4016/1088/1070 4035/1088/1070 4036/1088/1071 4017/1088/1071
f 4017/1088/1071 4036/1088/1071 4037/1088/1072 4018/1088/1072
f 4018/1088/1072 4037/1088/1072 4038/1088/1073 4019/1088/1073
f 4019/1088/1073 4038/1088/1073 4039/1088/1074 4020/1088/1074
f 4020/1088/1074 4039/1088/1074 4040/1088/1075 4021/1088/1075
f 4021/1088/1075 4040/1088/1075 4022/1088/1057 4003/1088/1057
f 4041/1088/1057 4060/1088/1057 4061/1088/1058 4042/1088/1058
f 4042/1088/1058 4061/1088/1058 4062/1088/1059 4043/1088/1059
f 4043/1088/1059 4062/1088/1059 4063/1088/1060 4044/1088/1060
f 4044/1088/1060 4063/1088/1060 4064/1088/1061 4045/1088/1061
f 4045/1088/1061 4064/1088/1061 4065/1088/1062 4046/1088/1062
f 4046/1088/1062 4065/1088/1062 4066/1088/1063 4047/1088/1063
f 4047/1088/1063 4066/1088/1063 4067/1088/1064 4048/1088/1064
f 4048/1088/1064 4067/1088/1064 4068/1088/1065 4049/1088/1065
f 4049/1088/1065 4068/1088/1065 4069/1088/1066 4050/1088/1066
f 4050/1088/1066 4069/1088/1066 4070/1088/1067 4051/1088/1067
f 4051/1088/1067 4070/1088/1067 4071/1088/1068 4052/1088/1068
f 4052/1088/1068 4071/1088/1068 4072/1088/1069 4053/1088/1069
f 4053/1088/1069 4072/1088/1069 4073/1088/1070 4054/1088/1070
f 4054/1088/1070 4073/1088/1070 4074/1088/1071 4055/1088/1071
f 4055/1088/1071 4074/1088/1071 4075/1088/1072 4056/1088/1072
f 4056/1088/1072 4075/1088/1072 4076/1088/1073 4057/1088/1073
f 4057/1088/1073 4076/1088/1073 4077/1088/1074 4058/1088/1074
f 4058/1088/1074 4077/1088/1074 4078/1088/1075 4059/1088/1075
f 4059/1088/1075 4078/1088/1075 4060/1088/1057 4041/1088/1057
f 4079/1088/1057 4098/1088/1057 4099/1088/1058 4080/1088/1058
f 4080/1088/1058 4099/1088/1058 4100/1088/1059 4081/1088/1059
f 4081/1088/1059 4100/1088/1059 4101/1088/1060 4082/1088/1060
f 4082/1088/1060 4101/1088/1060 4102/1088/1061 4083/1088/1061
f 4083/1088/1061 4102/1088/1061 4103/1088/1062 4084/1088/1062
f 4084/1088/1062 4103/1088/1062 4104/1088/1063 4085/1088/1063
f 4085/1088/1063 4104/1088/1063 4105/1088/1064 4086/1088/1064
f 4086/1088/1064 4105/1088/1064 4106/1088/1065 4087/1088/1065
f 4087/1088/1065 4106/1088/1065 4107/1088/1066 4088/1088/1066
f 4088/1088/1066 4107/1088/1066 4108/1088/1067 4089/1088/1067
f 4089/1088/1067 4108/1088/1067 4109/1088/1068 4090/1088/1068
f 4090/1088/1068 4109/1088/1068 4110/1088/1069 4091/1088/1069
f 4091/1088/1069 4110/1088/1069 4111/1088/1070 4092/1088/1070
f 4092/1088/1070 4111/1088/1070 4112/1088/1071 4093/1088/1071
f 4093/1088/1071 4112/1088/1071 4113/1088/1072 4094/1088/1072
f 4094/1088/1072 4113/1088/1072 4114/1088/1073 4095/1088/1073
f 4095/1088/1073 4114/1088/1073 4115/1088/1074 4096/1088/1074
f 4096/1088/1074 4115/1088/1074 4116/1088/1075 4097/1088/1075
f 4097/1088/1075 4116/1088/1075 4098/1088/1057 4079/1088/1057
f 4117/1088/1057 4136/1088/1057 4137/1088/1058 4118/1088/1058
f 4118/1088/1058 4137/1088/1058 4138/1088/1059 4119/1088/1059
f 4119/1088/1059 4138/1088/1059 4139/1088/1060 4120/1088/1060
f 4120/1088/1060 4139/1088/1060 4140/1088/1061 4121/1088/1061
f 4121/1088/1061 4140/1088/1061 4141/1088/1062 4122/1088/1062
f 4122/1088/1062 4141/1088/1062 4142/1088/1063 4123/1088/1063
f 4123/1088/1063 4142/1088/1063 4143/1088/1064 4124/1088/1064
f 4124/1088/1064 4143/1088/1064 4144/1088/1065 4125/1088/1065
f 4125/1088/1065 4144/1088/1065 4145/1088/1066 4126/1088/1066
f 4126/1088/1066 4145/1088/1066 4146/1088/1067 4127/1088/1067
f 4127/1088/1067 4146/1088/1067 4147/1088/1068 4128/1088/1068
f 4128/1088/1068 4147/1088/1068 4148/1088/1069 4129/1088/1069
f 4129/1088/1069 4148/1088/1069 4149/1088/1070 4130/1088/1070
f 4130/1088/1070 4149/1088/1070 4150/1088/1071 4131/1088/1071
f 4131/1088/1071 4150/1088/1071 4151/1088/1072 4132/1088/1072
f 4132/1088/1072 4151/1088/1072 4152/1088/1073 4133/1088/1073
f 4133/1088/1073 4152/1088/1073 4153/1088/1074 4134/1088/1074
f 4134/1088/1074 4153/1088/1074 4154/1088/1075 4135/1088/1075
f 4135/1088/1075 4154/1088/1075 4136/1088/1057 4117/1088/1057
f 4155/1088/1057 4174/1088/1057 4175/1088/1058 4156/1088/1058
f 4156/1088/1058 4175/1088/1058 4176/1088/1059 4157/1088/1059
f 4157/1088/1059 4176/1088/1059 4177/1088/1060 4158/1088/1060
f 4158/1088/1060 4177/1088/1060 4178/1088/1061 4159/1088/1061
f 4159/1088/1061 4178/1088/1061 4179/1088/1062 4160/1088/1062
f 4160/1088/1062 4179/1088/1062 4180/1088/1063 4161/1088/1063
f 4161/1088/1063 4180/1088/1063 4181/1088/1064 4162/1088/1064
f 4162/1088/1064 4181/1088/1064 4182/1088/1065 4163/1088/1065
f 4163/1088/1065 4182/1088/1065 4183/1088/1066 4164/1088/1066
f 4164/1088/1066 4183/1088/1066 4184/1088/1067 4165/1088/1067
f 4165/1088/1067 4184/1088/1067 4185/1088/1068 4166/1088/1068
f 4166/1088/1068 4185/1088/1068 4186/1088/1069 4167/1088/1069
f 4167/1088/1069 4186/1088/1069 4187/1088/1070 4168/1088/1070
f 4168/1088/1070 4187/1088/1070 4188/1088/1071 4169/1088/1071
f 4169/1088/1071 4188/1088/1071 4189/1088/1072 4170/1088/1072
f 4170/1088/1072 4189/1088/1072 4190/1088/1073 4171/1088/1073
f 4171/1088/1073 4190/1088/1073 4191/1088/1074 4172/1088/1074
f 4172/1088/1074 4191/1088/1074 4192/1088/1075 4173/1088/1075
f 4173/1088/1075 4192/1088/1075 4174/1088/1057 4155/1088/1057
f 4193/1088/1057 4212/1088/1057 4213/1088/1058 4194/1088/1058
f 4194/1088/1058 4213/1088/1058 4214/1088/1059 4195/1088/1059
f 4195/1088/1059 4214/1088/1059 4215/1088/1060 4196/1088/1060
f 4196/1088/1060 4215/1088/1060 4216/1088/1061 4197/1088/1061
f 4197/1088/1061 4216/1088/1061 4217/1088/1062 4198/1088/1062
f 4198/1088/1062 4217/1088/1062 4218/1088/1063 4199/1088/1063
f 4199/1088/1063 4218/1088/1063 4219/1088/1064 4200/1088/1064
f 4200/1088/1064 4219/1088/1064 4220/1088/1065 4201/1088/1065
f 4201/1088/1065 4220/1088/1065 4221/1088/1066 4202/1088/1066
f 4202/1088/1066 4221/1088/1066 4222/1088/1067 4203/1088/1067
f 4203/1088/1067 4222/1088/1067 4223/1088/1068 4204/1088/1068
f 4204/1088/1068 4223/1088/1068 4224/1088/1069 4205/1088/1069
f 4205/1088/1069 4224/1088/1069 4225/1088/1070 4206/1088/1070
f 4206/1088/1070 4225/1088/1070 4226/1088/1071 4207/1088/1071
f 4207/1088/1071 4226/1088/1071 4227/1088/1072 4208/1088/1072
f 4208/1088/1072 4227/1088/1072 4228/1088/1073 4209/1088/1073
f 4209/1088/1073 4228/1088/1073 4229/1088/1074 4210/1088/1074
f 4210/1088/1074 4229/1088/1074 4230/1088/1075 4211/1088/1075
f 4211/1088/1075 4230/1088/1075 4212/1088/1057 4193/1088/1057
f 4231/1088/1057 4250/1088/1057 4251/1088/1058 4232/1088/1058
f 4232/1088/1058 4251/1088/1058 4252/1088/1059 4233/1088/1059
f 4233/1088/1059 4252/1088/1059 4253/1088/1060 4234/1088/1060
f 4234/1088/1060 4253/1088/1060 4254/1088/1061 4235/1088/1061
f 4235/1088/1061 4254/1088/1061 4255/1088/1062 4236/1088/1062
f 4236/1088/1062 4255/1088/1062 4256/1088/1063 4237/1088/1063
f 4237/1088/1063 4256/1088/1063 4257/1088/1064 4238/1088/1064
f 4238/1088/1064 4257/1088/1064 4258/1088/1065 4239/1088/1065
f 4239/1088/1065 4258/1088/1065 4259/1088/1066 4240/1088/1066
f 4240/1088/1066 4259/1088/1066 4260/1088/1067 4241/1088/1067
f 4241/1088/1067 4260/1088/1067 4261/1088/1068 4242/1088/1068
f 4242/1088/1068 4261/1088/1068 4262/1088/1069 4243/1088/1069
f 4243/1088/1069 4262/1088/1069 4263/1088/1070 4244/1088/1070
f 4244/1088/1070 4263/1088/1070 4264/1088/1071 4245/1088/1071
f 4245/1088/1071 4264/1088/1071 4265/1088/1072 4246/1088/1072
f 4246/1088/1072 4265/1088/1072 4266/1088/1073 4247/1088/1073
f 4247/1088/1073 4266/1088/1073 4267/1088/1074 4248/1088/1074
f 4248/1088/1074 4267/1088/1074 4268/1088/1075 4249/1088/1075
f 4249/1088/1075 4268/1088/1075 4250/1088/1057 4231/1088/1057
f 4269/1088/1057 4288/1088/1057 4289/1088/1058 4270/1088/1058
f 4270/1088/1058 4289/1088/1058 4290/1088/1059 4271/1088/1059
f 4271/1088/1059 4290/1088/1059 4291/1088/1060 4272/1088/1060
f 4272/1088/1060 4291/1088/1060 4292/1088/1061 4273/1088/1061
f 4273/1088/1061 4292/1088/1061 4293/1088/1062 4274/1088/1062
f 4274/1088/1062 4293/1088/1062 4294/1088/1063 4275/1088/1063
f 4275/1088/1063 4294/1088/1063 4295/1088/1064 4276/1088/1064
f 4276/1088/1064 4295/1088/1064 4296/1088/1065 4277/1088/1065
f 4277/1088/1065 4296/1088/1065 4297/1088/1066 4278/1088/1066
f 4278/1088/1066 4297/1088/1066 4298/1088/1067 4279/1088/1067
f 4279/1088/1067 4298/1088/1067 4299/1088/1068 4280/1088/1068
f 4280/1088/1068 4299/1088/1068 4300/1088/1069 4281/1088/1069
f 4281/1088/1069 4300/1088/1069 4301/1088/1070 4282/1088/1070
f 4282/1088/1070 4301/1088/1070 4302/1088/1071 4283/1088/1071
f 4283/1088/1071 4302/1088/1071 4303/1088/1072 4284/1088/1072
f 4284/1088/1072 4303/1088/1072 4304/1088/1073 4285/1088/1073
f 4285/1088/1073 4304/1088/1073 4305/1088/1074 4286/1088/1074
f 4286/1088/1074 4305/1088/1074 4306/1088/1075 4287/1088/1075
f 4287/1088/1075 4306/1088/1075 4288/1088/1057 4269/1088/1057
f 4307/1088/1057 4326/1088/1057 4327/1088/1058 4308/1088/1058
f 4308/1088/1058 4327/1088/1058 4328/1088/1059 4309/1088/1059
f 4309/1088/1059 4328/1088/1059 4329/1088/1060 4310/1088/1060
f 4310/1088/1060 4329/1088/1060 4330/1088/1061 4311/1088/1061
f 4311/1088/1061 4330/1088/1061 4331/1088/1062 4312/1088/1062
f 4312/1088/1062 4331/1088/1062 4332/1088/1063 4313/1088/1063
f 4313/1088/1063 4332/1088/1063 4333/1088/1064 4314/1088/1064
f 4314/1088/1064 4333/1088/1064 4334/1088/1065 4315/1088/1065
f 4315/1088/1065 4334/1088/1065 4335/1088/1076 4316/1088/1076
f 4316/1088/1076 4335/1088/1076 4336/1088/1077 4317/1088/1077
f 4317/1088/1077 4336/1088/1077 4337/1088/1068 4318/1088/1068
f 4318/1088/1068 4337/1088/1068 4338/1088/1069 4319/1088/1069
f 4319/1088/1069 4338/1088/1069 4339/1088/1070 4320/1088/1070
f 4320/1088/1070 4339/1088/1070 4340/1088/1071 4321/1088/1071
f 4321/1088/1071 4340/1088/1071 4341/1088/1072 4322/1088/1072
f 4322/1088/1072 4341/1088/1072 4342/1088/1073 4323/1088/1073
f 4323/1088/1073 4342/1088/1073 4343/1088/1074 4324/1088/1074
f 4324/1088/1074 4343/1088/1074 4344/1088/1075 4325/1088/1075
f 4325/1088/1075 4344/1088/1075 4326/1088/1057 4307/1088/1057
f 4345/1088/1057 4364/1088/1057 4365/1088/1058 4346/1088/1058
f 4346/1088/1058 4365/1088/1058 4366/1088/1059 4347/1088/1059
f 4347/1088/1059 4366/1088/1059 4367/1088/1060 4348/1088/1060
f 4348/1088/1060 4367/1088/1060 4368/1088/1061 4349/1088/1061
f 4349/1088/1061 4368/1088/1061 4369/1088/1062 4350/1088/1062
f 4350/1088/1062 4369/1088/1062 4370/1088/1063 4351/1088/1063
f 4351/1088/1063 4370/1088/1063 4371/1088/1064 4352/1088/1064
f 4352/1088/1064 4371/1088/1064 4372/1088/1065 4353/1088/1065
f 4353/1088/1065 4372/1088/1065 4373/1088/1076 4354/1088/1076
f 4354/1088/1076 4373/1088/1076 4374/1088/1077 4355/1088/1077
f 4355/1088/1077 4374/1088/1077 4375/1088/1068 4356/1088/1068
f 4356/1088/1068 4375/1088/1068 4376/1088/1069 4357/1088/1069
f 4357/1088/1069 4376/1088/1069 4377/1088/1070 4358/1088/1070
f 4358/1088/1070 4377/1088/1070 4378/1088/1071 4359/1088/1071
f 4359/1088/1071 4378/1088/1071 4379/1088/1072 4360/1088/1072
f 4360/1088/1072 4379/1088/1072 4380/1088/1073 4361/1088/1073
f 4361/1088/1073 4380/1088/1073 4381/1088/1074 4362/1088/1074
f 4362/1088/1074 4381/1088/1074 4382/1088/1075 4363/1088/1075
f 4363/1088/1075 4382/1088/1075 4364/1088/1057 4345/1088/1057
f 4383/1088/1057 4402/1088/1057 4403/1088/1058 4384/1088/1058
f 4384/1088/1058 4403/1088/1058 4404/1088/1059 4385/1088/1059
f 4385/1088/1059 4404/1088/1059 4405/1088/1060 4386/1088/1060
f 4386/1088/1060 4405/1088/1060 4406/1088/1061 4387/1088/1061
f 4387/1088/1061 4406/1088/1061 4407/1088/1062 4388/1088/1062
f 4388/1088/1062 4407/1088/1062 4408/1088/1063 4389/1088/1063
f 4389/1088/1063 4408/1088/1063 4409/1088/1064 4390/1088/1064
f 4390/1088/1064 4409/1088/1064 4410/1088/1065 4391/1088/1065
f 4391/1088/1065 4410/1088/1065 4411/1088/1076 4392/1088/1076
f 4392/1088/1076 4411/1088/1076 4412/1088/1077 4393/1088/1077
f 4393/1088/1077 4412/1088/1077 4413/1088/1068 4394/1088/1068
f 4394/1088/1068 4413/1088/1068 4414/1088/1069 4395/1088/1069
f 4395/1088/1069 4414/1088/1069 4415/1088/1070 4396/1088/1070
f 4396/1088/1070 4415/1088/1070 4416/1088/1071 4397/1088/1071
f 4397/1088/1071 4416/1088/1071 4417/1088/1072 4398/1088/1072
f 4398/1088/1072 4417/1088/1072 4418/1088/1073 4399/1088/1073
f 4399/1088/1073 4418/1088/1073 4419/1088/1074 4400/1088/1074
f 4400/1088/1074 4419/1088/1074 4420/1088/1075 4401/1088/1075
f 4401/1088/1075 4420/1088/1075 4402/1088/1057 4383/1088/1057
f 4421/1088/1057 4440/1088/1057 4441/1088/1058 4422/1088/1058
f 4422/1088/1058 4441/1088/1058 4442/1088/1059 4423/1088/1059
f 4423/1088/1059 4442/1088/1059 4443/1088/1060 4424/1088/1060
f 4424/1088/1060 4443/1088/1060 4444/1088/1061 4425/1088/1061
f 4425/1088/1061 4444/1088/1061 4445/1088/1062 4426/1088/1062
f 4426/1088/1062 4445/1088/1062 4446/1088/1063 4427/1088/1063
f 4427/1088/1063 4446/1088/1063 4447/1088/1064 4428/1088/1064
f 4428/1088/1064 4447/1088/1064 4448/1088/1065 4429/1088/1065
f 4429/1088/1065 4448/1088/1065 4449/1088/1076 4430/1088/1076
f 4430/1088/1076 4449/1088/1076 4450/1088/1077 4431/1088/1077
f 4431/1088/1077 4450/1088/1077 4451/1088/1068 4432/1088/1068
f 4432/1088/1068 4451/1088/1068 4452/1088/1069 4433/1088/1069
f 4433/1088/1069 4452/1088/1069 4453/1088/1070 4434/1088/1070
f 4434/1088/1070 4453/1088/1070 4454/1088/1071 4435/1088/1071
f 4435/1088/1071 4454/1088/1071 4455/1088/1072 4436/1088/1072
f 4436/1088/1072 4455/1088/1072 4456/1088/1073 4437/1088/1073
f 4437/1088/1073 4456/1088/1073 4457/1088/1074 4438/1088/1074
f 4438/1088/1074 4457/1088/1074 4458/1088/1075 4439/1088/1075
f 4439/1088/1075 4458/1088/1075 4440/1088/1057 4421/1088/1057
f 4459/1088/1057 4478/1088/1057 4479/1088/1058 4460/1088/1058
f 4460/1088/1058 4479/1088/1058 4480/1088/1059 4461/1088/1059
f 4461/1088/1059 4480/1088/1059 4481/1088/1060 4462/1088/1060
f 4462/1088/1060 4481/1088/1060 4482/1088/1061 4463/1088/1061
f 4463/1088/1061 4482/1088/1061 4483/1088/1062 4464/1088/1062
f 4464/1088/1062 4483/1088/1062 4484/1088/1063 4465/1088/1063
f 4465/1088/1063 4484/1088/1063 4485/1088/1064 4466/1088/1064
f 4466/1088/1064 4485/1088/1064 4486/1088/1065 4467/1088/1065
f 4467/1088/1065 4486/1088/1065 4487/1088/1076 4468/1088/1076
f 4468/1088/1076 4487/1088/1076 4488/1088/1077 4469/1088/1077
f 4469/1088/1077 4488/1088/1077 4489/1088/1068 4470/1088/1068
f 4470/1088/1068 4489/1088/1068 4490/1088/1069 4471/1088/1069
f 4471/1088/1069 4490/1088/1069 4491/1088/1070 4472/1088/1070
f 4472/1088/1070 4491/1088/1070 4492/1088/1071 4473/1088/1071
f 4473/1088/1071 4492/1088/1071 4493/1088/1072 4474/1088/1072
f 4474/1088/1072 4493/1088/1072 4494/1088/1073 4475/1088/1073
f 4475/1088/1073 4494/1088/1073 4495/1088/1074 4476/1088/1074
f 4476/1088/1074 4495/1088/1074 4496/1088/1075 4477/1088/1075
f 4477/1088/1075 4496/1088/1075 4478/1088/1057 4459/1088/1057
f 4497/1088/1057 4516/1088/1057 4517/1088/1058 4498/1088/1058
f 4498/1088/1058 4517/1088/1058 4518/1088/1059 4499/1088/1059
f 4499/1088/1059 4518/1088/1059 4519/1088/1060 4500/1088/1060
f 4500/1088/1060 4519/1088/1060 4520/1088/1061 4501/1088/1061
f 4501/1088/1061 4520/1088/1061 4521/1088/1062 4502/1088/1062
f 4502/1088/1062 4521/1088/1062 4522/1088/1063 4503/1088/1063
f 4503/1088/1063 4522/1088/1063 4523/1088/1064 4504/1088/1064
f 4504/1088/1064 4523/1088/1064 4524/1088/1065 4505/1088/1065
f 4505/1088/1065 4524/1088/1065 4525/1088/1076 4506/1088/1076
f 4506/1088/1076 4525/1088/1076 4526/1088/1077 4507/1088/1077
f 4507/1088/1077 4526/1088/1077 4527/1088/1068 4508/1088/1068
f 4508/1088/1068 4527/1088/1068 4528/1088/1069 4509/1088/1069
f 4509/1088/1069 4528/1088/1069 4529/1088/1070 4510/1088/1070
f 4510/1088/1070 4529/1088/1070 4530/1088/1071 4511/1088/1071
f 4511/1088/1071 4530/1088/1071 4531/1088/1072 4512/1088/1072
f 4512/1088/1072 4531/1088/1072 4532/1088/1073 4513/1088/1073
f 4513/1088/1073 4532/1088/1073 4533/1088/1074 4514/1088/1074
f 4514/1088/1074 4533/1088/1074 4534/1088/1075 4515/1088/1075
f 4515/1088/1075 4534/1088/1075 4516/1088/1057 4497/1088/1057
f 4535/1088/1057 4554/1088/1057 4555/1088/1058 4536/1088/1058
f 4536/1088/1058 4555/1088/1058 4556/1088/1059 4537/1088/1059
f 4537/1088/1059 4556/1088/1059 4557/1088/1060 4538/1088/1060
f 4538/1088/1060 4557/1088/1060 4558/1088/1061 4539/1088/1061
f 4539/1088/1061 4558/1088/1061 4559/1088/1062 4540/1088/1062
f 4540/1088/1062 4559/1088/1062 4560/1088/1063 4541/1088/1063
f 4541/1088/1063 4560/1088/1063 4561/1088/1064 4542/1088/1064
f 4542/1088/1064 4561/1088/1064 4562/1088/1065 4543/1088/1065
f 4543/1088/1065 4562/1088/1065 4563/1088/1076 4544/1088/1076
f 4544/1088/1076 4563/1088/1076 4564/1088/1077 4545/1088/1077
f 4545/1088/1077 4564/1088/1077 4565/1088/1068 4546/1088/1068
f 4546/1088/1068 4565/1088/1068 4566/1088/1069 4547/1088/1069
f 4547/1088/1069 4566/1088/1069 4567/1088/1070 4548/1088/1070
f 4548/1088/1070 4567/1088/1070 4568/1088/1071 4549/1088/1071
f 4549/1088/1071 4568/1088/1071 4569/1088/1072 4550/1088/1072
f 4550/1088/1072 4569/1088/1072 4570/1088/1073 4551/1088/1073
f 4551/1088/1073 4570/1088/1073 4571/1088/1074 4552/1088/1074
f 4552/1088/1074 4571/1088/1074 4572/1088/1075 4553/1088/1075
f 4553/1088/1075 4572/1088/1075 4554/1088/1057 4535/1088/1057
f 4573/1088/1057 4592/1088/1057 4593/1088/1058 4574/1088/1058
f 4574/1088/1058 4593/1088/1058 4594/1088/1059 4575/1088/1059
f 4575/1088/1059 4594/1088/1059 4595/1088/1060 4576/1088/1060
f 4576/1088/1060 4595/1088/1060 4596/1088/1061 4577/1088/1061
f 4577/1088/1061 4596/1088/1061 4597/1088/1062 4578/1088/1062
f 4578/1088/1062 4597/1088/1062 4598/1088/1063 4579/1088/1063
f 4579/1088/1063 4598/1088/1063 4599/1088/1064 4580/1088/1064
f 4580/1088/1064 4599/1088/1064 4600/1088/1065 4581/1088/1065
f 4581/1088/1065 4600/1088/1065 4601/1088/1076 4582/1088/1076
f 4582/1088/1076 4601/1088/1076 4602/1088/1077 4583/1088/1077
f 4583/1088/1077 4602/1088/1077 4603/1088/1068 4584/1088/1068
f 4584/1088/1068 4603/1088/1068 4604/1088/1069 4585/1088/1069
f 4585/1088/1069 4604/1088/1069 4605/1088/1070 4586/1088/1070
f 4586/1088/1070 4605/1088/1070 4606/1088/1071 4587/1088/1071
f 4587/1088/1071 4606/1088/1071 4607/1088/1072 4588/1088/1072
f 4588/1088/1072 4607/1088/1072 4608/1088/1073 4589/1088/1073
f 4589/1088/1073 4608/1088/1073 4609/1088/1074 4590/1088/1074
f 4590/1088/1074 4609/1088/1074 4610/1088/1075 4591/1088/1075
f 4591/1088/1075 4610/1088/1075 4592/1088/1057 4573/1088/1057
f 4611/1088/1057 4630/1088/1057 4631/1088/1058 4612/1088/1058
f 4612/1088/1058 4631/1088/1058 4632/1088/1059 4613/1088/1059
f 4613/1088/1059 4632/1088/1059 4633/1088/1060 4614/1088/1060
f 4614/1088/1060 4633/1088/1060 4634/1088/1061 4615/1088/1061
f 4615/1088/1061 4634/1088/1061 4635/1088/1062 4616/1088/1062
f 4616/1088/1062 4635/1088/1062 4636/1088/1063 4617/1088/1063
f 4617/1088/1063 4636/1088/1063 4637/1088/1064 4618/1088/1064
f 4618/1088/1064 4637/1088/1064 4638/1088/1065 4619/1088/1065
f 4619/1088/1065 4638/1088/1065 4639/1088/1076 4620/1088/1076
f 4620/1088/1076 4639/1088/1076 4640/1088/1077 4621/1088/1077
f 4621/1088/1077 4640/1088/1077 4641/1088/1068 4622/1088/1068
f 4622/1088/1068 4641/1088/1068 4642/1088/1069 4623/1088/1069
f 4623/1088/1069 4642/1088/1069 4643/1088/1070 4624/1088/1070
f 4624/1088/1070 4643/1088/1070 4644/1088/1071 4625/1088/1071
f 4625/1088/1071 4644/1088/1071 4645/1088/1072 4626/1088/1072
f 4626/1088/1072 4645/1088/1072 4646/1088/1073 4627/1088/1073
f 4627/1088/1073 4646/1088/1073 4647/1088/1074 4628/1088/1074
f 4628/1088/1074 4647/1088/1074 4648/1088/1075 4629/1088/1075
f 4629/1088/1075 4648/1088/1075 4630/1088/1057 4611/1088/1057
f 4649/1088/1057 4668/1088/1057 4669/1088/1058 4650/1088/1058
f 4650/1088/1058 4669/1088/1058 4670/1088/1059 4651/1088/1059
f 4651/1088/1059 4670/1088/1059 4671/1088/1060 4652/1088/1060
f 4652/1088/1060 4671/1088/1060 4672/1088/1061 4653/1088/1061
f 4653/1088/1061 4672/1088/1061 4673/1088/1062 4654/1088/1062
f 4654/1088/1062 4673/1088/1062 4674/1088/1063 4655/1088/1063
f 4655/1088/1063 4674/1088/1063 4675/1088/1064 4656/1088/1064
f 4656/1088/1064 4675/1088/1064 4676/1088/1065 4657/1088/1065
f 4657/1088/1065 4676/1088/1065 4677/1088/1076 4658/1088/1076
f 4658/1088/1076 4677/1088/1076 4678/1088/1077 4659/1088/1077
f 4659/1088/1077 4678/1088/1077 4679/1088/1068 4660/1088/1068
f 4660/1088/1068 4679/1088/1068 4680/1088/1069 4661/1088/1069
f 4661/1088/1069 4680/1088/1069 4681/1088/1070 4662/1088/1070
f 4662/1088/1070 4681/1088/1070 4682/1088/1071 4663/1088/1071
f 4663/1088/1071 4682/1088/1071 4683/1088/1072 4664/1088/1072
f 4664/1088/1072 4683/1088/1072 4684/1088/1073 4665/1088/1073
f 4665/1088/1073 4684/1088/1073 4685/1088/1074 4666/1088/1074
f 4666/1088/1074 4685/1088/1074 4686/1088/1075 4667/1088/1075
f 4667/1088/1075 4686/1088/1075 4668/1088/1057 4649/1088/1057
f 4687/1088/1057 4706/1088/1057 4707/1088/1058 4688/1088/1058
f 4688/1088/1058 4707/1088/1058 4708/1088/1059 4689/1088/1059
f 4689/1088/1059 4708/1088/1059 4709/1088/1060 4690/1088/1060
f 4690/1088/1060 4709/1088/1060 4710/1088/1061 4691/1088/1061
f 4691/1088/1061 4710/1088/1061 4711/1088/1062 4692/1088/1062
f 4692/1088/1062 4711/1088/1062 4712/1088/1063 4693/1088/1063
f 4693/1088/1063 4712/1088/1063 4713/1088/1064 4694/1088/1064
f 4694/1088/1064 4713/1088/1064 4714/1088/1065 4695/1088/1065
f 4695/1088/1065 4714/1088/1065 4715/1088/1076 4696/1088/1076
f 4696/1088/1076 4715/1088/1076 4716/1088/1077 4697/1088/1077
f 4697/1088/1077 4716/1088/1077 4717/1088/1068 4698/1088/1068
f 4698/1088/1068 4717/1088/1068 4718/1088/1069 4699/1088/1069
f 4699/1088/1069 4718/1088/1069 4719/1088/1070 4700/1088/1070
f 4700/1088/1070 4719/1088/1070 4720/1088/1071 4701/1088/1071
f 4701/1088/1071 4720/1088/1071 4721/1088/1072 4702/1088/1072
f 4702/1088/1072 4721/1088/1072 4722/1088/1073 4703/1088/1073
f 4703/1088/1073 4722/1088/1073 4723/1088/1074 4704/1088/1074
f 4704/1088/1074 4723/1088/1074 4724/1088/1075 4705/1088/1075
f 4705/1088/1075 4724/1088/1075 4706/1088/1057 4687/1088/1057
f 4725/1088/1057 4744/1088/1057 4745/1088/1058 4726/1088/1058
f 4726/1088/1058 4745/1088/1058 4746/1088/1059 4727/1088/1059
f 4727/1088/1059 4746/1088/1059 4747/1088/1060 4728/1088/1060
f 4728/1088/1060 4747/1088/1060 4748/1088/1061 4729/1088/1061
f 4729/1088/1061 4748/1088/1061 4749/1088/1062 4730/1088/1062
f 4730/1088/1062 4749/1088/1062 4750/1088/1063 4731/1088/1063
f 4731/1088/1063 4750/1088/1063 4751/1088/1064 4732/1088/1064
f 4732/1088/1064 4751/1088/1064 4752/1088/1065 4733/1088/1065
f 4733/1088/1065 4752/1088/1065 4753/1088/1076 4734/1088/1076
f 4734/1088/1076 4753/1088/1076 4754/1088/1077 4735/1088/1077
f 4735/1088/1077 4754/1088/1077 4755/1088/1068 4736/1088/1068
f 4736/1088/1068 4755/1088/1068 4756/1088/1069 4737/1088/1069
f 4737/1088/1069 4756/1088/1069 4757/1088/1070 4738/1088/1070
f 4738/1088/1070 4757/1088/1070 4758/1088/1071 4739/1088/1071
f 4739/1088/1071 4758/1088/1071 4759/1088/1072 4740/1088/1072
f 4740/1088/1072 4759/1088/1072 4760/1088/1073 4741/1088/1073
f 4741/1088/1073 4760/1088/1073 4761/1088/1074 4742/1088/1074
f 4742/1088/1074 4761/1088/1074 4762/1088/1075 4743/1088/1075
f 4743/1088/1075 4762/1088/1075 4744/1088/1057 4725/1088/1057
f 4763/1088/1057 4782/1088/1057 4783/1088/1058 4764/1088/1058
f 4764/1088/1058 4783/1088/1058 4784/1088/1059 4765/1088/1059
f 4765/1088/1059 4784/1088/1059 4785/1088/1060 4766/1088/1060
f 4766/1088/1060 4785/1088/1060 4786/1088/1061 4767/1088/1061
f 4767/1088/1061 4786/1088/1061 4787/1088/1062 4768/1088/1062
f 4768/1088/1062 4787/1088/1062 4788/1088/1063 4769/1088/1063
f 4769/1088/1063 4788/1088/1063 4789/1088/1064 4770/1088/1064
f 4770/1088/1064 4789/1088/1064 4790/1088/1065 4771/1088/1065
f 4771/1088/1065 4790/1088/1065 4791/1088/1076 4772/1088/1076
f 4772/1088/1076 4791/1088/1076 4792/1088/1077 4773/1088/1077
f 4773/1088/1077 4792/1088/1077 4793/1088/1068 4774/1088/1068
f 4774/1088/1068 4793/1088/1068 4794/1088/1069 4775/1088/1069
f 4775/1088/1069 4794/1088/1069 4795/1088/1070 4776/1088/1070
f 4776/1088/1070 4795/1088/1070 4796/1088/1071 4777/1088/1071
f 4777/1088/1071 4796/1088/1071 4797/1088/1072 4778/1088/1072
f 4778/1088/1072 4797/1088/1072 4798/1088/1073 4779/1088/1073
f 4779/1088/1073 4798/1088/1073 4799/1088/1074 4780/1088/1074
f 4780/1088/1074 4799/1088/1074 4800/1088/1075 4781/1088/1075
f 4781/1088/1075 4800/1088/1075 4782/1088/1057 4763/1088/1057
usemtl Hydrogen
f 4806/12/5 4805/1/5 4830/4/5 4831/13/5
f 5781/14/1335 5780/5/1335 4817/7/1335 4818/15/1335
f 5794/16/7 5793/8/7 4844/11/7 4845/17/7
f 5789/18/8 4806/12/8 4831/13/8 4832/19/8
f 5782/20/1136 5781/14/1136 4818/15/1136 4819/21/1136
f 4815/22/10 5794/16/10 4845/17/10 4846/23/10
f 4807/24/11 5789/18/11 4832/19/11 4833/25/11
f 5783/26/12 5782/20/12 4819/21/12 4820/27/12
f 4816/28/1137 4815/22/1137 4846/23/1137 4847/29/1137
f 4808/30/14 4807/24/14 4833/25/14 4834/31/14
f 5784/32/15 5783/26/15 4820/27/15 4821/33/15
f 5313/34/16 4816/28/1336 4847/29/16
f 5790/35/18 4808/30/18 4834/31/18 4835/36/18
f 5785/37/19 5784/32/19 4821/33/19 4822/38/19
f 5791/39/1138 5790/35/1138 4835/36/1138 4836/40/1138
f 4801/41/21 5785/37/21 4822/38/21 4823/42/21
f 4809/43/22 5791/39/22 4836/40/22 4837/44/22
f 5786/45/23 4801/41/23 4823/42/23 4824/46/23
f 4810/47/24 4809/43/24 4837/44/24 4838/48/24
f 4802/49/25 5786/45/25 4824/46/25 4825/50/25
f 4811/51/1337 4810/47/1337 4838/48/1337 4839/52/1337
f 5787/53/1338 4802/49/1338 4825/50/1338 4826/54/1338
f 5792/55/28 4811/51/28 4839/52/28 4840/56/28
f 5788/57/29 5787/53/29 4826/54/29 4827/58/29
f 4812/59/1339 5792/55/1339 4840/56/1339 4841/60/1339
f 4803/61/31 5788/57/31 4827/58/31 4828/62/31
f 4813/63/32 4812/59/32 4841/60/32 4842/64/32
f 4804/2/1135 4803/61/1135 4828/62/1135 4829/3/1135
f 4814/9/1340 4813/63/1340 4842/64/1340 4843/10/1340
f 4805/1/1 4804/2/1 4829/3/1 4830/4/1
f 5780/5/2 5314/6/2 4817/7/3
f 5793/8/4 4814/9/4 4843/10/4 4844/11/4
f 4826/54/37 4825/50/37 4856/66/37 4857/69/37
f 4840/56/1341 4839/52/1341 4870/68/1341 4871/70/1341
f 4827/58/39 4826/54/39 4857/69/39 4858/71/39
f 4841/60/1143 4840/56/1143 4871/70/1143 4872/72/1143
f 4828/62/1342 4827/58/1342 4858/71/1342 4859/73/1342
f 4842/64/42 4841/60/42 4872/72/42 4873/74/42
f 4829/3/1144 4828/62/1144 4859/73/1144 4860/75/1144
f 4843/10/44 4842/64/44 4873/74/44 4874/76/44
f 4830/4/45 4829/3/45 4860/75/45 4861/77/45
f 4817/7/46 5314/78/1343 4848/79/1343
f 4844/11/1344 4843/10/1344 4874/76/1344 4875/80/1344
f 4831/13/49 4830/4/49 4861/77/49 4862/81/49
f 4818/15/1345 4817/7/1345 4848/79/1345 4849/82/1345
f 4845/17/51 4844/11/51 4875/80/51 4876/83/51
f 4832/19/52 4831/13/52 4862/81/52 4863/84/52
f 4819/21/53 4818/15/53 4849/82/53 4850/85/53
f 4846/23/54 4845/17/54 4876/83/54 4877/86/54
f 4833/25/55 4832/19/55 4863/84/55 4864/87/55
f 4820/27/56 4819/21/56 4850/85/56 4851/88/56
f 4847/29/57 4846/23/57 4877/86/57 4878/89/57
f 4834/31/58 4833/25/58 4864/87/58 4865/90/58
f 4821/33/1346 4820/27/1346 4851/88/1346 4852/91/1346
f 5313/92/16 4847/29/16 4878/89/60
f 4835/36/61 4834/31/61 4865/90/61 4866/93/61
f 4822/38/62 4821/33/62 4852/91/62 4853/94/62
f 4836/40/1139 4835/36/1139 4866/93/1139 4867/95/1139
f 4823/42/64 4822/38/64 4853/94/64 4854/96/64
f 4837/44/1347 4836/40/1347 4867/95/1347 4868/97/1347
f 4824/46/66 4823/42/66 4854/96/66 4855/65/66
f 4838/48/67 4837/44/67 4868/97/67 4869/67/67
f 4825/50/1348 4824/46/1348 4855/65/1348 4856/66/1348
f 4839/52/36 4838/48/36 4869/67/36 4870/68/36
f 4859/73/1149 4858/71/1149 4889/99/1149 4890/102/1149
f 4873/74/71 4872/72/71 4903/101/71 4904/103/71
f 4860/75/1150 4859/73/1150 4890/102/1150 4891/104/1150
f 4874/76/73 4873/74/73 4904/103/73 4905/105/73
f 4861/77/74 4860/75/74 4891/104/74 4892/106/74
f 4848/79/1343 5314/107/1343 4879/108/1349
f 4875/80/76 4874/76/76 4905/105/76 4906/109/76
f 4862/81/77 4861/77/77 4892/106/77 4893/110/77
f 4849/82/78 4848/79/78 4879/108/78 4880/111/78
f 4876/83/79 4875/80/79 4906/109/79 4907/112/79
f 4863/84/80 4862/81/80 4893/110/80 4894/113/80
f 4850/85/1350 4849/82/1350 4880/111/1350 4881/114/1350
f 4877/86/1351 4876/83/1351 4907/112/1351 4908/115/1351
f 4864/87/83 4863/84/83 4894/113/83 4895/116/83
f 4851/88/84 4850/85/84 4881/114/84 4882/117/84
f 4878/89/85 4877/86/85 4908/115/85 4909/118/85
f 4865/90/86 4864/87/86 4895/116/86 4896/119/86
f 4852/91/87 4851/88/87 4882/117/87 4883/120/87
f 5313/121/1352 4878/89/89 4909/118/1352
f 4866/93/90 4865/90/90 4896/119/90 4897/122/90
f 4853/94/91 4852/91/91 4883/120/91 4884/123/91
f 4867/95/1145 4866/93/1145 4897/122/1145 4898/124/1145
f 4854/96/93 4853/94/93 4884/123/93 4885/125/93
f 4868/97/1146 4867/95/1146 4898/124/1146 4899/126/1146
f 4855/65/95 4854/96/95 4885/125/95 4886/127/95
f 4869/67/96 4868/97/96 4899/126/96 4900/128/96
f 4856/66/97 4855/65/97 4886/127/97 4887/129/97
f 4870/68/98 4869/67/98 4900/128/98 4901/130/98
f 4857/69/99 4856/66/99 4887/129/99 4888/98/99
f 4871/70/100 4870/68/100 4901/130/100 4902/100/100
f 4858/71/68 4857/69/68 4888/98/68 4889/99/68
f 4872/72/1353 4871/70/1353 4902/100/1353 4903/101/1353
f 4892/106/1354 4891/104/1354 4922/132/1354 4923/135/1354
f 4879/108/104 5314/136/105 4910/137/105
f 4906/109/106 4905/105/106 4936/134/106 4937/138/106
f 4893/110/107 4892/106/107 4923/135/107 4924/139/107
f 4880/111/1355 4879/108/1355 4910/137/1355 4911/140/1355
f 4907/112/1356 4906/109/1356 4937/138/1356 4938/141/1356
f 4894/113/110 4893/110/110 4924/139/110 4925/142/110
f 4881/114/1156 4880/111/1156 4911/140/1156 4912/143/1156
f 4908/115/1157 4907/112/1157 4938/141/1157 4939/144/1157
f 4895/116/113 4894/113/113 4925/142/113 4926/145/113
f 4882/117/1357 4881/114/1357 4912/143/1357 4913/146/1357
f 4909/118/115 4908/115/115 4939/144/115 4940/147/115
f 4896/119/116 4895/116/116 4926/145/116 4927/148/116
f 4883/120/117 4882/117/117 4913/146/117 4914/149/117
f 5313/150/1352 4909/118/1352 4940/147/118
f 4897/122/1358 4896/119/1358 4927/148/1358 4928/151/1358
f 4884/123/120 4883/120/120 4914/149/120 4915/152/120
f 4898/124/1158 4897/122/1158 4928/151/1158 4929/153/1158
f 4885/125/122 4884/123/122 4915/152/122 4916/154/122
f 4899/126/123 4898/124/123 4929/153/123 4930/155/123
f 4886/127/124 4885/125/124 4916/154/124 4917/156/124
f 4900/128/125 4899/126/125 4930/155/125 4931/157/125
f 4887/129/126 4886/127/126 4917/156/126 4918/158/126
f 4901/130/127 4900/128/127 4931/157/127 4932/159/127
f 4888/98/128 4887/129/128 4918/158/128 4919/160/128
f 4902/100/129 4901/130/129 4932/159/129 4933/161/129
f 4889/99/130 4888/98/130 4919/160/130 4920/162/130
f 4903/101/1359 4902/100/1359 4933/161/1359 4934/163/1359
f 4890/102/132 4889/99/132 4920/162/132 4921/131/132
f 4904/103/133 4903/101/133 4934/163/133 4935/133/133
f 4891/104/1155 4890/102/1155 4921/131/1155 4922/132/1155
f 4905/105/102 4904/103/102 4935/133/102 4936/134/102
f 4925/142/1360 4924/139/1360 4955/165/1360 4956/170/1360
f 4912/143/1160 4911/140/1160 4942/167/1160 4943/171/1160
f 4939/144/1161 4938/141/1161 4969/169/1161 4970/172/1161
f 4926/145/1361 4925/142/1361 4956/170/1361 4957/173/1361
f 4913/146/141 4912/143/141 4943/171/141 4944/174/141
f 4940/147/142 4939/144/142 4970/172/142 4971/175/142
f 4927/148/143 4926/145/143 4957/173/143 4958/176/143
f 4914/149/144 4913/146/144 4944/174/144 4945/177/144
f 5313/178/1362 4940/147/146 4971/175/1362
f 4928/151/1363 4927/148/1363 4958/176/1363 4959/179/1363
f 4915/152/148 4914/149/148 4945/177/148 4946/180/148
f 4929/153/1162 4928/151/1162 4959/179/1162 4960/181/1162
f 4916/154/150 4915/152/150 4946/180/150 4947/182/150
f 4930/155/151 4929/153/151 4960/181/151 4961/183/151
f 4917/156/152 4916/154/152 4947/182/152 4948/184/152
f 4931/157/153 4930/155/153 4961/183/153 4962/185/153
f 4918/158/154 4917/156/154 4948/184/154 4949/186/154
f 4932/159/1364 4931/157/1364 4962/185/1364 4963/187/1364
f 4919/160/1365 4918/158/1365 4949/186/1365 4950/188/1365
f 4933/161/157 4932/159/157 4963/187/157 4964/189/157
f 4920/162/158 4919/160/158 4950/188/158 4951/190/158
f 4934/163/159 4933/161/159 4964/189/159 4965/191/159
f 4921/131/160 4920/162/160 4951/190/160 4952/192/160
f 4935/133/161 4934/163/161 4965/191/161 4966/193/161
f 4922/132/1159 4921/131/1159 4952/192/1159 4953/194/1159
f 4936/134/163 4935/133/163 4966/193/163 4967/195/163
f 4923/135/1366 4922/132/1366 4953/194/1366 4954/164/1366
f 4910/137/105 5314/196/105 4941/166/165
f 4937/138/166 4936/134/166 4967/195/166 4968/168/166
f 4924/139/134 4923/135/134 4954/164/134 4955/165/134
f 4911/140/1367 4910/137/1367 4941/166/1367 4942/167/1367
f 4938/141/136 4937/138/136 4968/168/136 4969/169/136
f 4958/176/1368 4957/173/1368 4988/198/1368 4989/203/1368
f 4945/177/171 4944/174/171 4975/200/171 4976/204/171
f 5313/205/1362 4971/175/1362 5002/202/1169
f 4959/179/173 4958/176/173 4989/203/173 4990/206/173
f 4946/180/174 4945/177/174 4976/204/174 4977/207/174
f 4960/181/1170 4959/179/1170 4990/206/1170 4991/208/1170
f 4947/182/176 4946/180/176 4977/207/176 4978/209/176
f 4961/183/1171 4960/181/1171 4991/208/1171 4992/210/1171
f 4948/184/178 4947/182/178 4978/209/178 4979/211/178
f 4962/185/1369 4961/183/1369 4992/210/1369 4993/212/1369
f 4949/186/180 4948/184/180 4979/211/180 4980/213/180
f 4963/187/1172 4962/185/1172 4993/212/1172 4994/214/1172
f 4950/188/1173 4949/186/1173 4980/213/1173 4981/215/1173
f 4964/189/183 4963/187/183 4994/214/183 4995/216/183
f 4951/190/1370 4950/188/1370 4981/215/1370 4982/217/1370
f 4965/191/185 4964/189/185 4995/216/185 4996/218/185
f 4952/192/1174 4951/190/1174 4982/217/1174 4983/219/1174
f 4966/193/187 4965/191/187 4996/218/187 4997/220/187
f 4953/194/1165 4952/192/1165 4983/219/1165 4984/221/1165
f 4967/195/189 4966/193/189 4997/220/189 4998/222/189
f 4954/164/190 4953/194/190 4984/221/190 4985/223/190
f 4941/166/1166 5314/224/1371 4972/225/1371
f 4968/168/193 4967/195/193 4998/222/193 4999/226/193
f 4955/165/1372 4954/164/1372 4985/223/1372 4986/227/1372
f 4942/167/195 4941/166/195 4972/225/195 4973/228/195
f 4969/169/196 4968/168/196 4999/226/196 5000/229/196
f 4956/170/197 4955/165/197 4986/227/197 4987/197/197
f 4943/171/198 4942/167/198 4973/228/198 4974/199/198
f 4970/172/199 4969/169/199 5000/229/199 5001/201/199
f 4957/173/167 4956/170/167 4987/197/167 4988/198/167
f 4944/174/168 4943/171/168 4974/199/168 4975/200/168
f 4971/175/169 4970/172/169 5001/201/169 5002/202/169
f 4991/208/1175 4990/206/1175 5021/231/1175 5022/234/1175
f 4978/209/203 4977/207/203 5008/233/203 5009/235/203
f 4992/210/1176 4991/208/1176 5022/234/1176 5023/236/1176
f 4979/211/205 4978/209/205 5009/235/205 5010/237/205
f 4993/212/1373 4992/210/1373 5023/236/1373 5024/238/1373
f 4980/213/207 4979/211/207 5010/237/207 5011/239/207
f 4994/214/1178 4993/212/1178 5024/238/1178 5025/240/1178
f 4981/215/1179 4980/213/1179 5011/239/1179 5012/241/1179
f 4995/216/210 4994/214/210 5025/240/210 5026/242/210
f 4982/217/1374 4981/215/1374 5012/241/1374 5013/243/1374
f 4996/218/1375 4995/216/1375 5026/242/1375 5027/244/1375
f 4983/219/1181 4982/217/1181 5013/243/1181 5014/245/1181
f 4997/220/214 4996/218/214 5027/244/214 5028/246/214
f 4984/221/1182 4983/219/1182 5014/245/1182 5015/247/1182
f 4998/222/216 4997/220/216 5028/246/216 5029/248/216
f 4985/223/1376 4984/221/1376 5015/247/1376 5016/249/1376
f 4972/225/1371 5314/250/1371 5003/251/218
f 4999/226/1377 4998/222/1377 5029/248/1377 5030/252/1377
f 4986/227/220 4985/223/220 5016/249/220 5017/253/220
f 4973/228/1378 4972/225/1378 5003/251/1378 5004/254/1378
f 5000/229/222 4999/226/222 5030/252/222 5031/255/222
f 4987/197/223 4986/227/223 5017/253/223 5018/256/223
f 4974/199/224 4973/228/224 5004/254/224 5005/257/224
f 5001/201/225 5000/229/225 5031/255/225 5032/258/225
f 4988/198/226 4987/197/226 5018/256/226 5019/259/226
f 4975/200/227 4974/199/227 5005/257/227 5006/260/227
f 5002/202/228 5001/201/228 5032/258/228 5033/261/228
f 4989/203/229 4988/198/229 5019/259/229 5020/230/229
f 4976/204/1379 4975/200/1379 5006/260/1379 5007/232/1379
f 5313/262/231 5002/202/232 5033/261/231
f 4990/206/1380 4989/203/1380 5020/230/1380 5021/231/1380
f 4977/207/201 4976/204/201 5007/232/201 5008/233/201
f 5024/238/235 5023/236/235 5054/264/235 5055/267/235
f 5011/239/236 5010/237/236 5041/266/236 5042/268/236
f 5025/240/1381 5024/238/1381 5055/267/1381 5056/269/1381
f 5012/241/1382 5011/239/1382 5042/268/1382 5043/270/1382
f 5026/242/239 5025/240/239 5056/269/239 5057/271/239
f 5013/243/240 5012/241/240 5043/270/240 5044/272/240
f 5027/244/1383 5026/242/1383 5057/271/1383 5058/273/1383
f 5014/245/242 5013/243/242 5044/272/242 5045/274/242
f 5028/246/243 5027/244/243 5058/273/243 5059/275/243
f 5015/247/1185 5014/245/1185 5045/274/1185 5046/276/1185
f 5029/248/1186 5028/246/1186 5059/275/1186 5060/277/1186
f 5016/249/246 5015/247/246 5046/276/246 5047/278/246
f 5003/251/247 5314/279/248 5034/280/248
f 5030/252/249 5029/248/249 5060/277/249 5061/281/249
f 5017/253/250 5016/249/250 5047/278/250 5048/282/250
f 5004/254/251 5003/251/251 5034/280/251 5035/283/251
f 5031/255/252 5030/252/252 5061/281/252 5062/284/252
f 5018/256/1384 5017/253/1384 5048/282/1384 5049/285/1384
f 5005/257/254 5004/254/254 5035/283/254 5036/286/254
f 5032/258/255 5031/255/255 5062/284/255 5063/287/255
f 5019/259/1385 5018/256/1385 5049/285/1385 5050/288/1385
f 5006/260/257 5005/257/257 5036/286/257 5037/289/257
f 5033/261/258 5032/258/258 5063/287/258 5064/290/258
f 5020/230/259 5019/259/259 5050/288/259 5051/291/259
f 5007/232/260 5006/260/260 5037/289/260 5038/292/260
f 5313/293/231 5033/261/231 5064/290/1386
f 5021/231/262 5020/230/262 5051/291/262 5052/294/262
f 5008/233/1183 5007/232/1183 5038/292/1183 5039/295/1183
f 5022/234/1184 5021/231/1184 5052/294/1184 5053/263/1184
f 5009/235/265 5008/233/265 5039/295/265 5040/265/265
f 5023/236/233 5022/234/233 5053/263/233 5054/264/233
f 5010/237/234 5009/235/234 5040/265/234 5041/266/234
f 5057/271/268 5056/269/268 5087/297/268 5088/300/268
f 5044/272/269 5043/270/269 5074/299/269 5075/301/269
f 5058/273/1387 5057/271/1387 5088/300/1387 5089/302/1387
f 5045/274/271 5044/272/271 5075/301/271 5076/303/271
f 5059/275/272 5058/273/272 5089/302/272 5090/304/272
f 5046/276/1189 5045/274/1189 5076/303/1189 5077/305/1189
f 5060/277/1190 5059/275/1190 5090/304/1190 5091/306/1190
f 5047/278/275 5046/276/275 5077/305/275 5078/307/275
f 5034/280/248 5314/308/248 5065/309/276
f 5061/281/277 5060/277/277 5091/306/277 5092/310/277
f 5048/282/278 5047/278/278 5078/307/278 5079/311/278
f 5035/283/279 5034/280/279 5065/309/279 5066/312/279
f 5062/284/280 5061/281/280 5092/310/280 5093/313/280
f 5049/285/281 5048/282/281 5079/311/281 5080/314/281
f 5036/286/282 5035/283/282 5066/312/282 5067/315/282
f 5063/287/283 5062/284/283 5093/313/283 5094/316/283
f 5050/288/284 5049/285/284 5080/314/284 5081/317/284
f 5037/289/285 5036/286/285 5067/315/285 5068/318/285
f 5064/290/286 5063/287/286 5094/316/286 5095/319/286
f 5051/291/287 5050/288/287 5081/317/287 5082/320/287
f 5038/292/288 5037/289/288 5068/318/288 5069/321/288
f 5313/322/289 5064/290/1388 5095/319/289
f 5052/294/291 5051/291/291 5082/320/291 5083/323/291
f 5039/295/1187 5038/292/1187 5069/321/1187 5070/324/1187
f 5053/263/293 5052/294/293 5083/323/293 5084/325/293
f 5040/265/294 5039/295/294 5070/324/294 5071/326/294
f 5054/264/295 5053/263/295 5084/325/295 5085/327/295
f 5041/266/296 5040/265/296 5071/326/296 5072/328/296
f 5055/267/297 5054/264/297 5085/327/297 5086/296/297
f 5042/268/298 5041/266/298 5072/328/298 5073/298/298
f 5056/269/266 5055/267/266 5086/296/266 5087/297/266
f 5043/270/267 5042/268/267 5073/298/267 5074/299/267
f 5090/304/301 5089/302/301 5120/330/301 5121/333/301
f 5077/305/1197 5076/303/1197 5107/332/1197 5108/334/1197
f 5091/306/303 5090/304/303 5121/333/303 5122/335/303
f 5078/307/1389 5077/305/1389 5108/334/1389 5109/336/1389
f 5065/309/305 5314/337/1390 5096/338/1390
f 5092/310/1391 5091/306/1391 5122/335/1391 5123/339/1391
f 5079/311/1392 5078/307/1392 5109/336/1392 5110/340/1392
f 5066/312/1393 5065/309/1393 5096/338/1393 5097/341/1393
f 5093/313/310 5092/310/310 5123/339/310 5124/342/310
f 5080/314/311 5079/311/311 5110/340/311 5111/343/311
f 5067/315/312 5066/312/312 5097/341/312 5098/344/312
f 5094/316/313 5093/313/313 5124/342/313 5125/345/313
f 5081/317/314 5080/314/314 5111/343/314 5112/346/314
f 5068/318/315 5067/315/315 5098/344/315 5099/347/315
f 5095/319/316 5094/316/316 5125/345/316 5126/348/316
f 5082/320/1394 5081/317/1394 5112/346/1394 5113/349/1394
f 5069/321/1395 5068/318/1395 5099/347/1395 5100/350/1395
f 5313/351/289 5095/319/289 5126/348/319
f 5083/323/1396 5082/320/1396 5113/349/1396 5114/352/1396
f 5070/324/321 5069/321/321 5100/350/321 5101/353/321
f 5084/325/1198 5083/323/1198 5114/352/1198 5115/354/1198
f 5071/326/323 5070/324/323 5101/353/323 5102/355/323
f 5085/327/1191 5084/325/1191 5115/354/1191 5116/356/1191
f 5072/328/325 5071/326/325 5102/355/325 5103/357/325
f 5086/296/1397 5085/327/1397 5116/356/1397 5117/358/1397
f 5073/298/327 5072/328/327 5103/357/327 5104/359/327
f 5087/297/1193 5086/296/1193 5117/358/1193 5118/360/1193
f 5074/299/1194 5073/298/1194 5104/359/1194 5105/361/1194
f 5088/300/330 5087/297/330 5118/360/330 5119/329/330
f 5075/301/1398 5074/299/1398 5105/361/1398 5106/331/1398
f 5089/302/1399 5088/300/1399 5119/329/1399 5120/330/1399
f 5076/303/1196 5075/301/1196 5106/331/1196 5107/332/1196
f 5096/338/1390 5314/366/1390 5127/367/334
f 5123/339/1400 5122/335/1400 5153/363/1400 5154/368/1400
f 5110/340/336 5109/336/336 5140/365/336 5141/369/336
f 5097/341/337 5096/338/337 5127/367/337 5128/370/337
f 5124/342/338 5123/339/338 5154/368/338 5155/371/338
f 5111/343/339 5110/340/339 5141/369/339 5142/372/339
f 5098/344/340 5097/341/340 5128/370/340 5129/373/340
f 5125/345/341 5124/342/341 5155/371/341 5156/374/341
f 5112/346/342 5111/343/342 5142/372/342 5143/375/342
f 5099/347/343 5098/344/343 5129/373/343 5130/376/343
f 5126/348/344 5125/345/344 5156/374/344 5157/377/344
f 5113/349/345 5112/346/345 5143/375/345 5144/378/345
f 5100/350/1401 5099/347/1401 5130/376/1401 5131/379/1401
f 5313/380/1402 5126/348/1204 5157/377/1402
f 5114/352/349 5113/349/349 5144/378/349 5145/381/349
f 5101/353/350 5100/350/350 5131/379/350 5132/382/350
f 5115/354/1205 5114/352/1205 5145/381/1205 5146/383/1205
f 5102/355/352 5101/353/352 5132/382/352 5133/384/352
f 5116/356/1403 5115/354/1403 5146/383/1403 5147/385/1403
f 5103/357/354 5102/355/354 5133/384/354 5134/386/354
f 5117/358/355 5116/356/355 5147/385/355 5148/387/355
f 5104/359/356 5103/357/356 5134/386/356 5135/388/356
f 5118/360/1404 5117/358/1404 5148/387/1404 5149/389/1404
f 5105/361/1405 5104/359/1405 5135/388/1405 5136/390/1405
f 5119/329/359 5118/360/359 5149/389/359 5150/391/359
f 5106/331/360 5105/361/360 5136/390/360 5137/392/360
f 5120/330/361 5119/329/361 5150/391/361 5151/393/361
f 5107/332/1406 5106/331/1406 5137/392/1406 5138/394/1406
f 5121/333/363 5120/330/363 5151/393/363 5152/362/363
f 5108/334/1200 5107/332/1200 5138/394/1200 5139/364/1200
f 5122/335/332 5121/333/332 5152/362/332 5153/363/332
f 5109/336/333 5108/334/333 5139/364/333 5140/365/333
f 5129/373/368 5128/370/368 5159/396/368 5160/401/368
f 5156/374/369 5155/371/369 5186/398/369 5187/402/369
f 5143/375/370 5142/372/370 5173/400/370 5174/403/370
f 5130/376/1407 5129/373/1407 5160/401/1407 5161/404/1407
f 5157/377/372 5156/374/372 5187/402/372 5188/405/372
f 5144/378/373 5143/375/373 5174/403/373 5175/406/373
f 5131/379/374 5130/376/374 5161/404/374 5162/407/374
f 5313/408/1402 5157/377/1402 5188/405/375
f 5145/381/376 5144/378/376 5175/406/376 5176/409/376
f 5132/382/377 5131/379/377 5162/407/377 5163/410/377
f 5146/383/1210 5145/381/1210 5176/409/1210 5177/411/1210
f 5133/384/379 5132/382/379 5163/410/379 5164/412/379
f 5147/385/380 5146/383/380 5177/411/380 5178/413/380
f 5134/386/381 5133/384/381 5164/412/381 5165/414/381
f 5148/387/382 5147/385/382 5178/413/382 5179/415/382
f 5135/388/383 5134/386/383 5165/414/383 5166/416/383
f 5149/389/1211 5148/387/1211 5179/415/1211 5180/417/1211
f 5136/390/1212 5135/388/1212 5166/416/1212 5167/418/1212
f 5150/391/386 5149/389/386 5180/417/386 5181/419/386
f 5137/392/387 5136/390/387 5167/418/387 5168/420/387
f 5151/393/1408 5150/391/1408 5181/419/1408 5182/421/1408
f 5138/394/389 5137/392/389 5168/420/389 5169/422/389
f 5152/362/390 5151/393/390 5182/421/390 5183/423/390
f 5139/364/1207 5138/394/1207 5169/422/1207 5170/424/1207
f 5153/363/392 5152/362/392 5183/423/392 5184/425/392
f 5140/365/393 5139/364/393 5170/424/393 5171/426/393
f 5127/367/394 5314/427/395 5158/395/395
f 5154/368/396 5153/363/396 5184/425/396 5185/397/396
f 5141/369/397 5140/365/397 5171/426/397 5172/399/397
f 5128/370/1409 5127/367/1409 5158/395/1409 5159/396/1409
f 5155/371/1410 5154/368/1410 5185/397/1410 5186/398/1410
f 5142/372/367 5141/369/367 5172/399/367 5173/400/367
f 5162/407/401 5161/404/401 5192/429/401 5193/434/401
f 5313/435/402 5188/405/403 5219/431/402
f 5176/409/1411 5175/406/1411 5206/433/1411 5207/436/1411
f 5163/410/405 5162/407/405 5193/434/405 5194/437/405
f 5177/411/1215 5176/409/1215 5207/436/1215 5208/438/1215
f 5164/412/407 5163/410/407 5194/437/407 5195/439/407
f 5178/413/408 5177/411/408 5208/438/408 5209/440/408
f 5165/414/409 5164/412/409 5195/439/409 5196/441/409
f 5179/415/410 5178/413/410 5209/440/410 5210/442/410
f 5166/416/411 5165/414/411 5196/441/411 5197/443/411
f 5180/417/412 5179/415/412 5210/442/412 5211/444/412
f 5167/418/413 5166/416/413 5197/443/413 5198/445/413
f 5181/419/414 5180/417/414 5211/444/414 5212/446/414
f 5168/420/415 5167/418/415 5198/445/415 5199/447/415
f 5182/421/1412 5181/419/1412 5212/446/1412 5213/448/1412
f 5169/422/417 5168/420/417 5199/447/417 5200/449/417
f 5183/423/418 5182/421/418 5213/448/418 5214/450/418
f 5170/424/1218 5169/422/1218 5200/449/1218 5201/451/1218
f 5184/425/420 5183/423/420 5214/450/420 5215/452/420
f 5171/426/1413 5170/424/1413 5201/451/1413 5202/453/1413
f 5158/395/395 5314/454/395 5189/455/422
f 5185/397/423 5184/425/423 5215/452/423 5216/456/423
f 5172/399/424 5171/426/424 5202/453/424 5203/457/424
f 5159/396/1414 5158/395/1414 5189/455/1414 5190/458/1414
f 5186/398/426 5185/397/426 5216/456/426 5217/459/426
f 5173/400/427 5172/399/427 5203/457/427 5204/460/427
f 5160/401/1213 5159/396/1213 5190/458/1213 5191/428/1213
f 5187/402/1214 5186/398/1214 5217/459/1214 5218/430/1214
f 5174/403/430 5173/400/430 5204/460/430 5205/432/430
f 5161/404/398 5160/401/398 5191/428/398 5192/429/398
f 5188/405/399 5187/402/399 5218/430/399 5219/431/399
f 5175/406/400 5174/403/400 5205/432/400 5206/433/400
f 5195/439/433 5194/437/433 5225/462/433 5226/465/433
f 5209/440/1415 5208/438/1415 5239/464/1415 5240/466/1415
f 5196/441/435 5195/439/435 5226/465/435 5227/467/435
f 5210/442/436 5209/440/436 5240/466/436 5241/468/436
f 5197/443/437 5196/441/437 5227/467/437 5228/469/437
f 5211/444/438 5210/442/438 5241/468/438 5242/470/438
f 5198/445/439 5197/443/439 5228/469/439 5229/471/439
f 5212/446/440 5211/444/440 5242/470/440 5243/472/440
f 5199/447/441 5198/445/441 5229/471/441 5230/473/441
f 5213/448/1416 5212/446/1416 5243/472/1416 5244/474/1416
f 5200/449/1417 5199/447/1417 5230/473/1417 5231/475/1417
f 5214/450/444 5213/448/444 5244/474/444 5245/476/444
f 5201/451/1223 5200/449/1223 5231/475/1223 5232/477/1223
f 5215/452/446 5214/450/446 5245/476/446 5246/478/446
f 5202/453/1418 5201/451/1418 5232/477/1418 5233/479/1418
f 5189/455/1419 5314/480/1420 5220/481/1420
f 5216/456/450 5215/452/450 5246/478/450 5247/482/450
f 5203/457/451 5202/453/451 5233/479/451 5234/483/451
f 5190/458/452 5189/455/452 5220/481/452 5221/484/452
f 5217/459/453 5216/456/453 5247/482/453 5248/485/453
f 5204/460/1421 5203/457/1421 5234/483/1421 5235/486/1421
f 5191/428/1422 5190/458/1422 5221/484/1422 5222/487/1422
f 5218/430/1423 5217/459/1423 5248/485/1423 5249/488/1423
f 5205/432/1424 5204/460/1424 5235/486/1424 5236/489/1424
f 5192/429/458 5191/428/458 5222/487/458 5223/490/458
f 5219/431/459 5218/430/459 5249/488/459 5250/491/459
f 5206/433/460 5205/432/460 5236/489/460 5237/492/460
f 5193/434/461 5192/429/461 5223/490/461 5224/461/461
f 5313/493/402 5219/431/402 5250/491/462
f 5207/436/1425 5206/433/1425 5237/492/1425 5238/463/1425
f 5194/437/431 5193/434/431 5224/461/431 5225/462/431
f 5208/438/1222 5207/436/1222 5238/463/1222 5239/464/1222
f 5228/469/466 5227/467/466 5258/495/466 5259/498/466
f 5242/470/467 5241/468/467 5272/497/467 5273/499/467
f 5229/471/468 5228/469/468 5259/498/468 5260/500/468
f 5243/472/469 5242/470/469 5273/499/469 5274/501/469
f 5230/473/1426 5229/471/1426 5260/500/1426 5261/502/1426
f 5244/474/471 5243/472/471 5274/501/471 5275/503/471
f 5231/475/472 5230/473/472 5261/502/472 5262/504/472
f 5245/476/473 5244/474/473 5275/503/473 5276/505/473
f 5232/477/1230 5231/475/1230 5262/504/1230 5263/506/1230
f 5246/478/475 5245/476/475 5276/505/475 5277/507/475
f 5233/479/476 5232/477/476 5263/506/476 5264/508/476
f 5220/481/1420 5314/509/1420 5251/510/477
f 5247/482/1427 5246/478/1427 5277/507/1427 5278/511/1427
f 5234/483/479 5233/479/479 5264/508/479 5265/512/479
f 5221/484/1428 5220/481/1428 5251/510/1428 5252/513/1428
f 5248/485/481 5247/482/481 5278/511/481 5279/514/481
f 5235/486/1429 5234/483/1429 5265/512/1429 5266/515/1429
f 5222/487/1430 5221/484/1430 5252/513/1430 5253/516/1430
f 5249/488/1431 5248/485/1431 5279/514/1431 5280/517/1431
f 5236/489/1432 5235/486/1432 5266/515/1432 5267/518/1432
f 5223/490/486 5222/487/486 5253/516/486 5254/519/486
f 5250/491/487 5249/488/487 5280/517/487 5281/520/487
f 5237/492/488 5236/489/488 5267/518/488 5268/521/488
f 5224/461/1433 5223/490/1433 5254/519/1433 5255/522/1433
f 5313/523/490 5250/491/491 5281/520/490
f 5238/463/492 5237/492/492 5268/521/492 5269/524/492
f 5225/462/493 5224/461/493 5255/522/493 5256/525/493
f 5239/464/1225 5238/463/1225 5269/524/1225 5270/526/1225
f 5226/465/495 5225/462/495 5256/525/495 5257/494/495
f 5240/466/496 5239/464/496 5270/526/496 5271/496/496
f 5227/467/1434 5226/465/1434 5257/494/1434 5258/495/1434
f 5241/468/1435 5240/466/1435 5271/496/1435 5272/497/1435
f 5261/502/499 5260/500/499 5291/528/499 5292/531/499
f 5275/503/1436 5274/501/1436 5305/530/1436 5306/532/1436
f 5262/504/501 5261/502/501 5292/531/501 5293/533/501
f 5276/505/502 5275/503/502 5306/532/502 5307/534/502
f 5263/506/503 5262/504/503 5293/533/503 5294/535/503
f 5277/507/504 5276/505/504 5307/534/504 5308/536/504
f 5264/508/505 5263/506/505 5294/535/505 5295/537/505
f 5251/510/506 5314/538/507 5282/539/507
f 5278/511/508 5277/507/508 5308/536/508 5309/540/508
f 5265/512/509 5264/508/509 5295/537/509 5296/541/509
f 5252/513/1235 5251/510/1235 5282/539/1235 5283/542/1235
f 5279/514/511 5278/511/511 5309/540/511 5310/543/511
f 5266/515/1437 5265/512/1437 5296/541/1437 5297/544/1437
f 5253/516/1236 5252/513/1236 5283/542/1236 5284/545/1236
f 5280/517/1237 5279/514/1237 5310/543/1237 5311/546/1237
f 5267/518/515 5266/515/515 5297/544/515 5298/547/515
f 5254/519/516 5253/516/516 5284/545/516 5285/548/516
f 5281/520/1238 5280/517/1238 5311/546/1238 5312/549/1238
f 5268/521/518 5267/518/518 5298/547/518 5299/550/518
f 5255/522/519 5254/519/519 5285/548/519 5286/551/519
f 5313/552/490 5281/520/490 5312/549/1438
f 5269/524/521 5268/521/521 5299/550/521 5300/553/521
f 5256/525/522 5255/522/522 5286/551/522 5287/554/522
f 5270/526/523 5269/524/523 5300/553/523 5301/555/523
f 5257/494/524 5256/525/524 5287/554/524 5288/556/524
f 5271/496/525 5270/526/525 5301/555/525 5302/557/525
f 5258/495/526 5257/494/526 5288/556/526 5289/558/526
f 5272/497/527 5271/496/527 5302/557/527 5303/559/527
f 5259/498/528 5258/495/528 5289/558/528 5290/527/528
f 5273/499/529 5272/497/529 5303/559/529 5304/529/529
f 5260/500/497 5259/498/497 5290/527/497 5291/528/497
f 5274/501/498 5273/499/498 5304/529/498 5305/530/498
f 5294/535/532 5293/533/532 5326/561/532 5327/564/532
f 5308/536/533 5307/534/533 5340/563/533 5341/565/533
f 5295/537/534 5294/535/534 5327/564/534 5328/566/534
f 5282/539/507 5314/567/507 5315/568/535
f 5309/540/536 5308/536/536 5341/565/536 5342/569/536
f 5296/541/537 5295/537/537 5328/566/537 5329/570/537
f 5283/542/1241 5282/539/1241 5315/568/1241 5316/571/1241
f 5310/543/539 5309/540/539 5342/569/539 5343/572/539
f 5297/544/540 5296/541/540 5329/570/540 5330/573/540
f 5284/545/1242 5283/542/1242 5316/571/1242 5317/574/1242
f 5311/546/542 5310/543/542 5343/572/542 5344/575/542
f 5298/547/543 5297/544/543 5330/573/543 5331/576/543
f 5285/548/544 5284/545/544 5317/574/544 5318/577/544
f 5312/549/1243 5311/546/1243 5344/575/1243 5345/578/1243
f 5299/550/546 5298/547/546 5331/576/546 5332/579/546
f 5286/551/547 5285/548/547 5318/577/547 5319/580/547
f 5313/581/548 5312/549/1439 5345/578/548
f 5300/553/550 5299/550/550 5332/579/550 5333/582/550
f 5287/554/551 5286/551/551 5319/580/551 5320/583/551
f 5301/555/552 5300/553/552 5333/582/552 5334/584/552
f 5288/556/553 5287/554/553 5320/583/553 5321/585/553
f 5302/557/554 5301/555/554 5334/584/554 5335/586/554
f 5289/558/555 5288/556/555 5321/585/555 5322/587/555
f 5303/559/556 5302/557/556 5335/586/556 5336/588/556
f 5290/527/557 5289/558/557 5322/587/557 5323/589/557
f 5304/529/558 5303/559/558 5336/588/558 5337/590/558
f 5291/528/559 5290/527/559 5323/589/559 5324/591/559
f 5305/530/560 5304/529/560 5337/590/560 5338/592/560
f 5292/531/561 5291/528/561 5324/591/561 5325/560/561
f 5306/532/1440 5305/530/1440 5338/592/1440 5339/562/1440
f 5293/533/530 5292/531/530 5325/560/530 5326/561/530
f 5307/534/531 5306/532/531 5339/562/531 5340/563/531
f 5329/570/567 5328/566/567 5359/594/567 5360/599/567
f 5316/571/1441 5315/568/1441 5346/596/1441 5347/600/1441
f 5343/572/569 5342/569/569 5373/598/569 5374/601/569
f 5330/573/570 5329/570/570 5360/599/570 5361/602/570
f 5317/574/1442 5316/571/1442 5347/600/1442 5348/603/1442
f 5344/575/1443 5343/572/1443 5374/601/1443 5375/604/1443
f 5331/576/573 5330/573/573 5361/602/573 5362/605/573
f 5318/577/574 5317/574/574 5348/603/574 5349/606/574
f 5345/578/575 5344/575/575 5375/604/575 5376/607/575
f 5332/579/576 5331/576/576 5362/605/576 5363/608/576
f 5319/580/1444 5318/577/1444 5349/606/1444 5350/609/1444
f 5313/610/548 5345/578/548 5376/607/578
f 5333/582/579 5332/579/579 5363/608/579 5364/611/579
f 5320/583/580 5319/580/580 5350/609/580 5351/612/580
f 5334/584/1248 5333/582/1248 5364/611/1248 5365/613/1248
f 5321/585/582 5320/583/582 5351/612/582 5352/614/582
f 5335/586/583 5334/584/583 5365/613/583 5366/615/583
f 5322/587/584 5321/585/584 5352/614/584 5353/616/584
f 5336/588/1445 5335/586/1445 5366/615/1445 5367/617/1445
f 5323/589/586 5322/587/586 5353/616/586 5354/618/586
f 5337/590/587 5336/588/587 5367/617/587 5368/619/587
f 5324/591/588 5323/589/588 5354/618/588 5355/620/588
f 5338/592/589 5337/590/589 5368/619/589 5369/621/589
f 5325/560/1446 5324/591/1446 5355/620/1446 5356/622/1446
f 5339/562/1447 5338/592/1447 5369/621/1447 5370/623/1447
f 5326/561/592 5325/560/592 5356/622/592 5357/624/592
f 5340/563/593 5339/562/593 5370/623/593 5371/625/593
f 5327/564/1247 5326/561/1247 5357/624/1247 5358/593/1247
f 5341/565/595 5340/563/595 5371/625/595 5372/597/595
f 5328/566/563 5327/564/563 5358/593/563 5359/594/563
f 5315/568/564 5314/595/1448 5346/596/1448
f 5342/569/1449 5341/565/1449 5372/597/1449 5373/598/1449
f 5362/605/1450 5361/602/1450 5392/627/1450 5393/632/1450
f 5349/606/600 5348/603/600 5379/629/600 5380/633/600
f 5376/607/601 5375/604/601 5406/631/601 5407/634/601
f 5363/608/602 5362/605/602 5393/632/602 5394/635/602
f 5350/609/603 5349/606/603 5380/633/603 5381/636/603
f 5313/637/604 5376/607/605 5407/634/604
f 5364/611/1451 5363/608/1451 5394/635/1451 5395/638/1451
f 5351/612/607 5350/609/607 5381/636/607 5382/639/607
f 5365/613/1254 5364/611/1254 5395/638/1254 5396/640/1254
f 5352/614/609 5351/612/609 5382/639/609 5383/641/609
f 5366/615/1255 5365/613/1255 5396/640/1255 5397/642/1255
f 5353/616/611 5352/614/611 5383/641/611 5384/643/611
f 5367/617/612 5366/615/612 5397/642/612 5398/644/612
f 5354/618/613 5353/616/613 5384/643/613 5385/645/613
f 5368/619/614 5367/617/614 5398/644/614 5399/646/614
f 5355/620/615 5354/618/615 5385/645/615 5386/647/615
f 5369/621/616 5368/619/616 5399/646/616 5400/648/616
f 5356/622/617 5355/620/617 5386/647/617 5387/649/617
f 5370/623/1452 5369/621/1452 5400/648/1452 5401/650/1452
f 5357/624/1250 5356/622/1250 5387/649/1250 5388/651/1250
f 5371/625/620 5370/623/620 5401/650/620 5402/652/620
f 5358/593/1251 5357/624/1251 5388/651/1251 5389/653/1251
f 5372/597/622 5371/625/622 5402/652/622 5403/654/622
f 5359/594/1453 5358/593/1453 5389/653/1453 5390/655/1453
f 5346/596/1448 5314/656/1448 5377/657/1454
f 5373/598/625 5372/597/625 5403/654/625 5404/658/625
f 5360/599/626 5359/594/626 5390/655/626 5391/626/626
f 5347/600/627 5346/596/627 5377/657/627 5378/628/627
f 5374/601/628 5373/598/628 5404/658/628 5405/630/628
f 5361/602/1455 5360/599/1455 5391/626/1455 5392/627/1455
f 5348/603/1456 5347/600/1456 5378/628/1456 5379/629/1456
f 5375/604/1457 5374/601/1457 5405/630/1457 5406/631/1457
f 5395/638/1458 5394/635/1458 5425/660/1458 5426/665/1458
f 5382/639/633 5381/636/633 5412/662/633 5413/666/633
f 5396/640/1258 5395/638/1258 5426/665/1258 5427/667/1258
f 5383/641/635 5382/639/635 5413/666/635 5414/668/635
f 5397/642/636 5396/640/636 5427/667/636 5428/669/636
f 5384/643/637 5383/641/637 5414/668/637 5415/670/637
f 5398/644/638 5397/642/638 5428/669/638 5429/671/638
f 5385/645/639 5384/643/639 5415/670/639 5416/672/639
f 5399/646/640 5398/644/640 5429/671/640 5430/673/640
f 5386/647/641 5385/645/641 5416/672/641 5417/674/641
f 5400/648/642 5399/646/642 5430/673/642 5431/675/642
f 5387/649/643 5386/647/643 5417/674/643 5418/676/643
f 5401/650/1459 5400/648/1459 5431/675/1459 5432/677/1459
f 5388/651/645 5387/649/645 5418/676/645 5419/678/645
f 5402/652/646 5401/650/646 5432/677/646 5433/679/646
f 5389/653/1261 5388/651/1261 5419/678/1261 5420/680/1261
f 5403/654/648 5402/652/648 5433/679/648 5434/681/648
f 5390/655/1460 5389/653/1460 5420/680/1460 5421/682/1460
f 5377/657/650 5314/683/651 5408/684/651
f 5404/658/652 5403/654/652 5434/681/652 5435/685/652
f 5391/626/653 5390/655/653 5421/682/653 5422/686/653
f 5378/628/1461 5377/657/1461 5408/684/1461 5409/687/1461
f 5405/630/655 5404/658/655 5435/685/655 5436/688/655
f 5392/627/656 5391/626/656 5422/686/656 5423/689/656
f 5379/629/1256 5378/628/1256 5409/687/1256 5410/690/1256
f 5406/631/1257 5405/630/1257 5436/688/1257 5437/691/1257
f 5393/632/659 5392/627/659 5423/689/659 5424/659/659
f 5380/633/660 5379/629/660 5410/690/660 5411/661/660
f 5407/634/661 5406/631/661 5437/691/661 5438/664/661
f 5394/635/629 5393/632/629 5424/659/629 5425/660/629
f 5381/636/630 5380/633/630 5411/661/630 5412/662/630
f 5313/663/604 5407/634/604 5438/664/631
f 5428/669/664 5427/667/664 5458/693/664 5459/696/664
f 5415/670/665 5414/668/665 5445/695/665 5446/697/665
f 5429/671/666 5428/669/666 5459/696/666 5460/698/666
f 5416/672/667 5415/670/667 5446/697/667 5447/699/667
f 5430/673/1265 5429/671/1265 5460/698/1265 5461/700/1265
f 5417/674/1266 5416/672/1266 5447/699/1266 5448/701/1266
f 5431/675/670 5430/673/670 5461/700/670 5462/702/670
f 5418/676/671 5417/674/671 5448/701/671 5449/703/671
f 5432/677/1462 5431/675/1462 5462/702/1462 5463/704/1462
f 5419/678/673 5418/676/673 5449/703/673 5450/705/673
f 5433/679/674 5432/677/674 5463/704/674 5464/706/674
f 5420/680/1267 5419/678/1267 5450/705/1267 5451/707/1267
f 5434/681/676 5433/679/676 5464/706/676 5465/708/676
f 5421/682/677 5420/680/677 5451/707/677 5452/709/677
f 5408/684/651 5314/710/651 5439/711/678
f 5435/685/679 5434/681/679 5465/708/679 5466/712/679
f 5422/686/680 5421/682/680 5452/709/680 5453/713/680
f 5409/687/1463 5408/684/1463 5439/711/1463 5440/714/1463
f 5436/688/1464 5435/685/1464 5466/712/1464 5467/715/1464
f 5423/689/683 5422/686/683 5453/713/683 5454/716/683
f 5410/690/684 5409/687/684 5440/714/684 5441/717/684
f 5437/691/685 5436/688/685 5467/715/685 5468/718/685
f 5424/659/686 5423/689/686 5454/716/686 5455/719/686
f 5411/661/1465 5410/690/1465 5441/717/1465 5442/720/1465
f 5438/664/688 5437/691/688 5468/718/688 5469/721/688
f 5425/660/689 5424/659/689 5455/719/689 5456/722/689
f 5412/662/690 5411/661/690 5442/720/690 5443/723/690
f 5313/724/1466 5438/664/692 5469/721/1466
f 5426/665/693 5425/660/693 5456/722/693 5457/692/693
f 5413/666/694 5412/662/694 5443/723/694 5444/694/694
f 5427/667/1264 5426/665/1264 5457/692/1264 5458/693/1264
f 5414/668/663 5413/666/663 5444/694/663 5445/695/663
f 5461/700/1269 5460/698/1269 5491/726/1269 5492/729/1269
f 5448/701/1270 5447/699/1270 5478/728/1270 5479/730/1270
f 5462/702/699 5461/700/699 5492/729/699 5493/731/699
f 5449/703/700 5448/701/700 5479/730/700 5480/732/700
f 5463/704/1467 5462/702/1467 5493/731/1467 5494/733/1467
f 5450/705/1468 5449/703/1468 5480/732/1468 5481/734/1468
f 5464/706/703 5463/704/703 5494/733/703 5495/735/703
f 5451/707/704 5450/705/704 5481/734/704 5482/736/704
f 5465/708/705 5464/706/705 5495/735/705 5496/737/705
f 5452/709/706 5451/707/706 5482/736/706 5483/738/706
f 5439/711/707 5314/739/1469 5470/740/1469
f 5466/712/1470 5465/708/1470 5496/737/1470 5497/741/1470
f 5453/713/710 5452/709/710 5483/738/710 5484/742/710
f 5440/714/711 5439/711/711 5470/740/711 5471/743/711
f 5467/715/712 5466/712/712 5497/741/712 5498/744/712
f 5454/716/713 5453/713/713 5484/742/713 5485/745/713
f 5441/717/1471 5440/714/1471 5471/743/1471 5472/746/1471
f 5468/718/715 5467/715/715 5498/744/715 5499/747/715
f 5455/719/716 5454/716/716 5485/745/716 5486/748/716
f 5442/720/717 5441/717/717 5472/746/717 5473/749/717
f 5469/721/718 5468/718/718 5499/747/718 5500/750/718
f 5456/722/719 5455/719/719 5486/748/719 5487/751/719
f 5443/723/1472 5442/720/1472 5473/749/1472 5474/752/1472
f 5313/753/1466 5469/721/1466 5500/750/721
f 5457/692/722 5456/722/722 5487/751/722 5488/754/722
f 5444/694/723 5443/723/723 5474/752/723 5475/755/723
f 5458/693/724 5457/692/724 5488/754/724 5489/756/724
f 5445/695/725 5444/694/725 5475/755/725 5476/757/725
f 5459/696/1473 5458/693/1473 5489/756/1473 5490/725/1473
f 5446/697/727 5445/695/727 5476/757/727 5477/727/727
f 5460/698/695 5459/696/695 5490/725/695 5491/726/695
f 5447/699/696 5446/697/696 5477/727/696 5478/728/696
f 5494/733/1474 5493/731/1474 5524/759/1474 5525/762/1474
f 5481/734/731 5480/732/731 5511/761/731 5512/763/731
f 5495/735/732 5494/733/732 5525/762/732 5526/764/732
f 5482/736/733 5481/734/733 5512/763/733 5513/765/733
f 5496/737/734 5495/735/734 5526/764/734 5527/766/734
f 5483/738/1475 5482/736/1475 5513/765/1475 5514/767/1475
f 5470/740/1469 5314/768/1469 5501/769/736
f 5497/741/737 5496/737/737 5527/766/737 5528/770/737
f 5484/742/1476 5483/738/1476 5514/767/1476 5515/771/1476
f 5471/743/1477 5470/740/1477 5501/769/1477 5502/772/1477
f 5498/744/740 5497/741/740 5528/770/740 5529/773/740
f 5485/745/741 5484/742/741 5515/771/741 5516/774/741
f 5472/746/1278 5471/743/1278 5502/772/1278 5503/775/1278
f 5499/747/1279 5498/744/1279 5529/773/1279 5530/776/1279
f 5486/748/744 5485/745/744 5516/774/744 5517/777/744
f 5473/749/745 5472/746/745 5503/775/745 5504/778/745
f 5500/750/746 5499/747/746 5530/776/746 5531/779/746
f 5487/751/1478 5486/748/1478 5517/777/1478 5518/780/1478
f 5474/752/748 5473/749/748 5504/778/748 5505/781/748
f 5313/782/749 5500/750/750 5531/779/749
f 5488/754/1479 5487/751/1479 5518/780/1479 5519/783/1479
f 5475/755/752 5474/752/752 5505/781/752 5506/784/752
f 5489/756/753 5488/754/753 5519/783/753 5520/785/753
f 5476/757/754 5475/755/754 5506/784/754 5507/786/754
f 5490/725/755 5489/756/755 5520/785/755 5521/787/755
f 5477/727/1480 5476/757/1480 5507/786/1480 5508/788/1480
f 5491/726/1481 5490/725/1481 5521/787/1481 5522/789/1481
f 5478/728/758 5477/727/758 5508/788/758 5509/790/758
f 5492/729/1274 5491/726/1274 5522/789/1274 5523/758/1274
f 5479/730/1275 5478/728/1275 5509/790/1275 5510/760/1275
f 5493/731/728 5492/729/728 5523/758/728 5524/759/728
f 5480/732/1482 5479/730/1482 5510/760/1482 5511/761/1482
f 5527/766/763 5526/764/763 5557/792/763 5558/795/763
f 5514/767/764 5513/765/764 5544/794/764 5545/796/764
f 5501/769/765 5314/797/766 5532/798/766
f 5528/770/767 5527/766/767 5558/795/767 5559/799/767
f 5515/771/768 5514/767/768 5545/796/768 5546/800/768
f 5502/772/1483 5501/769/1483 5532/798/1483 5533/801/1483
f 5529/773/770 5528/770/770 5559/799/770 5560/802/770
f 5516/774/1484 5515/771/1484 5546/800/1484 5547/803/1484
f 5503/775/1283 5502/772/1283 5533/801/1283 5534/804/1283
f 5530/776/1284 5529/773/1284 5560/802/1284 5561/805/1284
f 5517/777/1485 5516/774/1485 5547/803/1485 5548/806/1485
f 5504/778/775 5503/775/775 5534/804/775 5535/807/775
f 5531/779/1486 5530/776/1486 5561/805/1486 5562/808/1486
f 5518/780/777 5517/777/777 5548/806/777 5549/809/777
f 5505/781/778 5504/778/778 5535/807/778 5536/810/778
f 5313/811/749 5531/779/749 5562/808/1487
f 5519/783/780 5518/780/780 5549/809/780 5550/812/780
f 5506/784/781 5505/781/781 5536/810/781 5537/813/781
f 5520/785/782 5519/783/782 5550/812/782 5551/814/782
f 5507/786/783 5506/784/783 5537/813/783 5538/815/783
f 5521/787/784 5520/785/784 5551/814/784 5552/816/784
f 5508/788/785 5507/786/785 5538/815/785 5539/817/785
f 5522/789/786 5521/787/786 5552/816/786 5553/818/786
f 5509/790/787 5508/788/787 5539/817/787 5540/819/787
f 5523/758/788 5522/789/788 5553/818/788 5554/820/788
f 5510/760/789 5509/790/789 5540/819/789 5541/821/789
f 5524/759/790 5523/758/790 5554/820/790 5555/822/790
f 5511/761/791 5510/760/791 5541/821/791 5542/823/791
f 5525/762/1488 5524/759/1488 5555/822/1488 5556/791/1488
f 5512/763/793 5511/761/793 5542/823/793 5543/793/793
f 5526/764/761 5525/762/761 5556/791/761 5557/792/761
f 5513/765/1281 5512/763/1281 5543/793/1281 5544/794/1281
f 5560/836/797 5559/824/797 5590/827/797 5591/837/797
f 5547/838/1489 5546/828/1489 5577/831/1489 5578/839/1489
f 5534/840/1289 5533/832/1289 5564/835/1289 5565/841/1289
f 5561/842/1290 5560/836/1290 5591/837/1290 5592/843/1290
f 5548/844/1490 5547/838/1490 5578/839/1490 5579/845/1490
f 5535/846/802 5534/840/802 5565/841/802 5566/847/802
f 5562/848/1491 5561/842/1491 5592/843/1491 5593/849/1491
f 5549/850/804 5548/844/804 5579/845/804 5580/851/804
f 5536/852/805 5535/846/805 5566/847/805 5567/853/805
f 5313/854/806 5562/848/1492 5593/849/806
f 5550/855/808 5549/850/808 5580/851/808 5581/856/808
f 5537/857/809 5536/852/809 5567/853/809 5568/858/809
f 5551/859/1292 5550/855/1292 5581/856/1292 5582/860/1292
f 5538/861/811 5537/857/811 5568/858/811 5569/862/811
f 5552/863/812 5551/859/812 5582/860/812 5583/864/812
f 5539/865/813 5538/861/813 5569/862/813 5570/866/813
f 5553/867/814 5552/863/814 5583/864/814 5584/868/814
f 5540/869/815 5539/865/815 5570/866/815 5571/870/815
f 5554/871/1493 5553/867/1493 5584/868/1493 5585/872/1493
f 5541/873/1494 5540/869/1494 5571/870/1494 5572/874/1494
f 5555/875/818 5554/871/818 5585/872/818 5586/876/818
f 5542/877/819 5541/873/819 5572/874/819 5573/878/819
f 5556/879/1495 5555/875/1495 5586/876/1495 5587/880/1495
f 5543/881/821 5542/877/821 5573/878/821 5574/882/821
f 5557/883/822 5556/879/822 5587/880/822 5588/884/822
f 5544/885/1287 5543/881/1287 5574/882/1287 5575/886/1287
f 5558/825/824 5557/883/824 5588/884/824 5589/826/824
f 5545/829/825 5544/885/825 5575/886/825 5576/830/825
f 5532/833/766 5314/887/766 5563/834/826
f 5559/824/794 5558/825/794 5589/826/794 5590/827/794
f 5546/828/795 5545/829/795 5576/830/795 5577/831/795
f 5533/832/1496 5532/833/1496 5563/834/1496 5564/835/1496
f 5593/849/830 5592/843/830 5623/889/830 5624/894/830
f 5580/851/1497 5579/845/1497 5610/891/1497 5611/895/1497
f 5567/853/832 5566/847/832 5597/893/832 5598/896/832
f 5313/897/806 5593/849/806 5624/894/833
f 5581/856/1498 5580/851/1498 5611/895/1498 5612/898/1498
f 5568/858/835 5567/853/835 5598/896/835 5599/899/835
f 5582/860/836 5581/856/836 5612/898/836 5613/900/836
f 5569/862/1499 5568/858/1499 5599/899/1499 5600/901/1499
f 5583/864/838 5582/860/838 5613/900/838 5614/902/838
f 5570/866/1500 5569/862/1500 5600/901/1500 5601/903/1500
f 5584/868/1501 5583/864/1501 5614/902/1501 5615/904/1501
f 5571/870/1298 5570/866/1298 5601/903/1298 5602/905/1298
f 5585/872/1299 5584/868/1299 5615/904/1299 5616/906/1299
f 5572/874/1300 5571/870/1300 5602/905/1300 5603/907/1300
f 5586/876/1301 5585/872/1301 5616/906/1301 5617/908/1301
f 5573/878/1502 5572/874/1502 5603/907/1502 5604/909/1502
f 5587/880/846 5586/876/846 5617/908/846 5618/910/846
f 5574/882/847 5573/878/847 5604/909/847 5605/911/847
f 5588/884/848 5587/880/848 5618/910/848 5619/912/848
f 5575/886/849 5574/882/849 5605/911/849 5606/913/849
f 5589/826/850 5588/884/850 5619/912/850 5620/914/850
f 5576/830/1503 5575/886/1503 5606/913/1503 5607/915/1503
f 5563/834/852 5314/916/1504 5594/917/1504
f 5590/827/854 5589/826/854 5620/914/854 5621/918/854
f 5577/831/1505 5576/830/1505 5607/915/1505 5608/919/1505
f 5564/835/1506 5563/834/1506 5594/917/1506 5595/920/1506
f 5591/837/857 5590/827/857 5621/918/857 5622/888/857
f 5578/839/858 5577/831/858 5608/919/858 5609/890/858
f 5565/841/1294 5564/835/1294 5595/920/1294 5596/892/1294
f 5592/843/1295 5591/837/1295 5622/888/1295 5623/889/1295
f 5579/845/828 5578/839/828 5609/890/828 5610/891/828
f 5566/847/829 5565/841/829 5596/892/829 5597/893/829
f 5595/920/863 5594/917/863 5625/922/863 5626/927/863
f 5622/888/864 5621/918/864 5652/924/864 5653/928/864
f 5609/890/865 5608/919/865 5639/926/865 5640/929/865
f 5596/892/866 5595/920/866 5626/927/866 5627/930/866
f 5623/889/867 5622/888/867 5653/928/867 5654/931/867
f 5610/891/868 5609/890/868 5640/929/868 5641/932/868
f 5597/893/869 5596/892/869 5627/930/869 5628/933/869
f 5624/894/870 5623/889/870 5654/931/870 5655/934/870
f 5611/895/871 5610/891/871 5641/932/871 5642/935/871
f 5598/896/1507 5597/893/1507 5628/933/1507 5629/936/1507
f 5313/937/1508 5624/894/874 5655/934/1508
f 5612/898/875 5611/895/875 5642/935/875 5643/938/875
f 5599/899/876 5598/896/876 5629/936/876 5630/939/876
f 5613/900/877 5612/898/877 5643/938/877 5644/940/877
f 5600/901/878 5599/899/878 5630/939/878 5631/941/878
f 5614/902/1509 5613/900/1509 5644/940/1509 5645/942/1509
f 5601/903/1510 5600/901/1510 5631/941/1510 5632/943/1510
f 5615/904/1511 5614/902/1511 5645/942/1511 5646/944/1511
f 5602/905/882 5601/903/882 5632/943/882 5633/945/882
f 5616/906/1303 5615/904/1303 5646/944/1303 5647/946/1303
f 5603/907/1304 5602/905/1304 5633/945/1304 5634/947/1304
f 5617/908/885 5616/906/885 5647/946/885 5648/948/885
f 5604/909/1512 5603/907/1512 5634/947/1512 5635/949/1512
f 5618/910/887 5617/908/887 5648/948/887 5649/950/887
f 5605/911/1513 5604/909/1513 5635/949/1513 5636/951/1513
f 5619/912/889 5618/910/889 5649/950/889 5650/952/889
f 5606/913/890 5605/911/890 5636/951/890 5637/953/890
f 5620/914/891 5619/912/891 5650/952/891 5651/923/891
f 5607/915/892 5606/913/892 5637/953/892 5638/925/892
f 5594/917/1504 5314/921/1504 5625/922/1305
f 5621/918/1514 5620/914/1514 5651/923/1514 5652/924/1514
f 5608/919/862 5607/915/862 5638/925/862 5639/926/862
f 5628/933/896 5627/930/896 5658/955/896 5659/960/896
f 5655/934/897 5654/931/897 5685/957/897 5686/961/897
f 5642/935/898 5641/932/898 5672/959/898 5673/962/898
f 5629/936/899 5628/933/899 5659/960/899 5660/963/899
f 5313/964/1508 5655/934/1508 5686/961/900
f 5643/938/901 5642/935/901 5673/962/901 5674/965/901
f 5630/939/902 5629/936/902 5660/963/902 5661/966/902
f 5644/940/1311 5643/938/1311 5674/965/1311 5675/967/1311
f 5631/941/904 5630/939/904 5661/966/904 5662/968/904
f 5645/942/905 5644/940/905 5675/967/905 5676/969/905
f 5632/943/906 5631/941/906 5662/968/906 5663/970/906
f 5646/944/1515 5645/942/1515 5676/969/1515 5677/971/1515
f 5633/945/908 5632/943/908 5663/970/908 5664/972/908
f 5647/946/1516 5646/944/1516 5677/971/1516 5678/973/1516
f 5634/947/1517 5633/945/1517 5664/972/1517 5665/974/1517
f 5648/948/911 5647/946/911 5678/973/911 5679/975/911
f 5635/949/1518 5634/947/1518 5665/974/1518 5666/976/1518
f 5649/950/913 5648/948/913 5679/975/913 5680/977/913
f 5636/951/914 5635/949/914 5666/976/914 5667/978/914
f 5650/952/915 5649/950/915 5680/977/915 5681/979/915
f 5637/953/1308 5636/951/1308 5667/978/1308 5668/980/1308
f 5651/923/917 5650/952/917 5681/979/917 5682/981/917
f 5638/925/918 5637/953/918 5668/980/918 5669/982/918
f 5625/922/919 5314/983/920 5656/984/920
f 5652/924/921 5651/923/921 5682/981/921 5683/985/921
f 5639/926/922 5638/925/922 5669/982/922 5670/986/922
f 5626/927/1519 5625/922/1519 5656/984/1519 5657/954/1519
f 5653/928/924 5652/924/924 5683/985/924 5684/956/924
f 5640/929/925 5639/926/925 5670/986/925 5671/958/925
f 5627/930/1309 5626/927/1309 5657/954/1309 5658/955/1309
f 5654/931/1310 5653/928/1310 5684/956/1310 5685/957/1310
f 5641/932/895 5640/929/895 5671/958/895 5672/959/895
f 5661/966/930 5660/963/930 5691/988/930 5692/993/930
f 5675/967/1315 5674/965/1315 5705/992/1315 5706/994/1315
f 5662/968/932 5661/966/932 5692/993/932 5693/995/932
f 5676/969/933 5675/967/933 5706/994/933 5707/996/933
f 5663/970/934 5662/968/934 5693/995/934 5694/997/934
f 5677/971/935 5676/969/935 5707/996/935 5708/998/935
f 5664/972/936 5663/970/936 5694/997/936 5695/999/936
f 5678/973/937 5677/971/937 5708/998/937 5709/1000/937
f 5665/974/938 5664/972/938 5695/999/938 5696/1001/938
f 5679/975/939 5678/973/939 5709/1000/939 5710/1002/939
f 5666/976/940 5665/974/940 5696/1001/940 5697/1003/940
f 5680/977/1520 5679/975/1520 5710/1002/1520 5711/1004/1520
f 5667/978/942 5666/976/942 5697/1003/942 5698/1005/942
f 5681/979/943 5680/977/943 5711/1004/943 5712/1006/943
f 5668/980/1312 5667/978/1312 5698/1005/1312 5699/1007/1312
f 5682/981/945 5681/979/945 5712/1006/945 5713/1008/945
f 5669/982/946 5668/980/946 5699/1007/946 5700/1009/946
f 5656/984/920 5314/1010/920 5687/1011/947
f 5683/985/948 5682/981/948 5713/1008/948 5714/1012/948
f 5670/986/949 5669/982/949 5700/1009/949 5701/1013/949
f 5657/954/1521 5656/984/1521 5687/1011/1521 5688/1014/1521
f 5684/956/951 5683/985/951 5714/1012/951 5715/1015/951
f 5671/958/952 5670/986/952 5701/1013/952 5702/1016/952
f 5658/955/1313 5657/954/1313 5688/1014/1313 5689/1017/1313
f 5685/957/1314 5684/956/1314 5715/1015/1314 5716/1018/1314
f 5672/959/955 5671/958/955 5702/1016/955 5703/1019/955
f 5659/960/956 5658/955/956 5689/1017/956 5690/987/956
f 5686/961/957 5685/957/957 5716/1018/957 5717/990/957
f 5673/962/958 5672/959/958 5703/1019/958 5704/991/958
f 5660/963/926 5659/960/926 5690/987/926 5691/988/926
f 5313/989/1522 5686/961/928 5717/990/1522
f 5674/965/929 5673/962/929 5704/991/929 5705/992/929
f 5694/997/961 5693/995/961 5724/1021/961 5725/1024/961
f 5708/998/962 5707/996/962 5738/1023/962 5739/1025/962
f 5695/999/963 5694/997/963 5725/1024/963 5726/1026/963
f 5709/1000/964 5708/998/964 5739/1025/964 5740/1027/964
f 5696/1001/965 5695/999/965 5726/1026/965 5727/1028/965
f 5710/1002/966 5709/1000/966 5740/1027/966 5741/1029/966
f 5697/1003/967 5696/1001/967 5727/1028/967 5728/1030/967
f 5711/1004/1523 5710/1002/1523 5741/1029/1523 5742/1031/1523
f 5698/1005/1524 5697/1003/1524 5728/1030/1524 5729/1032/1524
f 5712/1006/970 5711/1004/970 5742/1031/970 5743/1033/970
f 5699/1007/971 5698/1005/971 5729/1032/971 5730/1034/971
f 5713/1008/972 5712/1006/972 5743/1033/972 5744/1035/972
f 5700/1009/973 5699/1007/973 5730/1034/973 5731/1036/973
f 5687/1011/1525 5314/1037/1526 5718/1038/1526
f 5714/1012/976 5713/1008/976 5744/1035/976 5745/1039/976
f 5701/1013/977 5700/1009/977 5731/1036/977 5732/1040/977
f 5688/1014/978 5687/1011/978 5718/1038/978 5719/1041/978
f 5715/1015/979 5714/1012/979 5745/1039/979 5746/1042/979
f 5702/1016/980 5701/1013/980 5732/1040/980 5733/1043/980
f 5689/1017/981 5688/1014/981 5719/1041/981 5720/1044/981
f 5716/1018/982 5715/1015/982 5746/1042/982 5747/1045/982
f 5703/1019/983 5702/1016/983 5733/1043/983 5734/1046/983
f 5690/987/984 5689/1017/984 5720/1044/984 5721/1047/984
f 5717/990/985 5716/1018/985 5747/1045/985 5748/1048/985
f 5704/991/986 5703/1019/986 5734/1046/986 5735/1049/986
f 5691/988/987 5690/987/987 5721/1047/987 5722/1050/987
f 5313/1051/1522 5717/990/1522 5748/1048/988
f 5705/992/989 5704/991/989 5735/1049/989 5736/1052/989
f 5692/993/990 5691/988/990 5722/1050/990 5723/1020/990
f 5706/994/991 5705/992/991 5736/1052/991 5737/1022/991
f 5693/995/959 5692/993/959 5723/1020/959 5724/1021/959
f 5707/996/1527 5706/994/1527 5737/1022/1527 5738/1023/1527
f 5727/1028/994 5726/1026/994 5757/1054/994 5758/1057/994
f 5741/1029/1528 5740/1027/1528 5771/1056/1528 5772/1058/1528
f 5728/1030/1529 5727/1028/1529 5758/1057/1529 5759/1059/1529
f 5742/1031/997 5741/1029/997 5772/1058/997 5773/1060/997
f 5729/1032/1328 5728/1030/1328 5759/1059/1328 5760/1061/1328
f 5743/1033/999 5742/1031/999 5773/1060/999 5774/1062/999
f 5730/1034/1329 5729/1032/1329 5760/1061/1329 5761/1063/1329
f 5744/1035/1001 5743/1033/1001 5774/1062/1001 5775/1064/1001
f 5731/1036/1002 5730/1034/1002 5761/1063/1002 5762/1065/1002
f 5718/1038/1526 5314/1066/1526 5749/1067/1003
f 5745/1039/1004 5744/1035/1004 5775/1064/1004 5776/1068/1004
f 5732/1040/1005 5731/1036/1005 5762/1065/1005 5763/1069/1005
f 5719/1041/1530 5718/1038/1530 5749/1067/1530 5750/1070/1530
f 5746/1042/1007 5745/1039/1007 5776/1068/1007 5777/1071/1007
f 5733/1043/1008 5732/1040/1008 5763/1069/1008 5764/1072/1008
f 5720/1044/1009 5719/1041/1009 5750/1070/1009 5751/1073/1009
f 5747/1045/1010 5746/1042/1010 5777/1071/1010 5778/1074/1010
f 5734/1046/1011 5733/1043/1011 5764/1072/1011 5765/1075/1011
f 5721/1047/1012 5720/1044/1012 5751/1073/1012 5752/1076/1012
f 5748/1048/1013 5747/1045/1013 5778/1074/1013 5779/1077/1013
f 5735/1049/1014 5734/1046/1014 5765/1075/1014 5766/1078/1014
f 5722/1050/1015 5721/1047/1015 5752/1076/1015 5753/1079/1015
f 5313/1080/1016 5748/1048/1017 5779/1077/1016
f 5736/1052/1018 5735/1049/1018 5766/1078/1018 5767/1081/1018
f 5723/1020/1019 5722/1050/1019 5753/1079/1019 5754/1082/1019
f 5737/1022/1324 5736/1052/1324 5767/1081/1324 5768/1083/1324
f 5724/1021/1021 5723/1020/1021 5754/1082/1021 5755/1084/1021
f 5738/1023/1325 5737/1022/1325 5768/1083/1325 5769/1085/1325
f 5725/1024/1531 5724/1021/1531 5755/1084/1531 5756/1053/1531
f 5739/1025/1532 5738/1023/1532 5769/1085/1532 5770/1055/1532
f 5726/1026/1533 5725/1024/1533 5756/1053/1533 5757/1054/1533
f 5740/1027/993 5739/1025/993 5770/1055/993 5771/1056/993
f 5760/1061/1027 5759/1059/1027 5788/57/1027 4803/61/1027
f 5774/1062/1028 5773/1060/1028 4812/59/1028 4813/63/1028
f 5761/1063/1333 5760/1061/1333 4803/61/1333 4804/2/1333
f 5775/1064/1334 5774/1062/1334 4813/63/1334 4814/9/1334
f 5762/1065/1031 5761/1063/1031 4804/2/1031 4805/1/1031
f 5749/1067/1032 5314/1086/2 5780/5/2
f 5776/1068/1033 5775/1064/1033 4814/9/1033 5793/8/1033
f 5763/1069/1034 5762/1065/1034 4805/1/1034 4806/12/1034
f 5750/1070/1534 5749/1067/1534 5780/5/1534 5781/14/1534
f 5777/1071/1036 5776/1068/1036 5793/8/1036 5794/16/1036
f 5764/1072/1037 5763/1069/1037 4806/12/1037 5789/18/1037
f 5751/1073/1330 5750/1070/1330 5781/14/1330 5782/20/1330
f 5778/1074/1039 5777/1071/1039 5794/16/1039 4815/22/1039
f 5765/1075/1040 5764/1072/1040 5789/18/1040 4807/24/1040
f 5752/1076/1041 5751/1073/1041 5782/20/1041 5783/26/1041
f 5779/1077/1331 5778/1074/1331 4815/22/1331 4816/28/1331
f 5766/1078/1043 5765/1075/1043 4807/24/1043 4808/30/1043
f 5753/1079/1044 5752/1076/1044 5783/26/1044 5784/32/1044
f 5313/1087/1016 5779/1077/1016 4816/28/1535
f 5767/1081/1046 5766/1078/1046 4808/30/1046 5790/35/1046
f 5754/1082/1047 5753/1079/1047 5784/32/1047 5785/37/1047
f 5768/1083/1332 5767/1081/1332 5790/35/1332 5791/39/1332
f 5755/1084/1049 5754/1082/1049 5785/37/1049 4801/41/1049
f 5769/1085/1050 5768/1083/1050 5791/39/1050 4809/43/1050
f 5756/1053/1051 5755/1084/1051 4801/41/1051 5786/45/1051
f 5770/1055/1052 5769/1085/1052 4809/43/1052 4810/47/1052
f 5757/1054/1053 5756/1053/1053 5786/45/1053 4802/49/1053
f 5771/1056/1536 5770/1055/1536 4810/47/1536 4811/51/1536
f 5758/1057/1537 5757/1054/1537 4802/49/1537 5787/53/1537
f 5772/1058/1056 5771/1056/1056 4811/51/1056 5792/55/1056
f 5759/1059/1025 5758/1057/1025 5787/53/1025 5788/57/1025
f 5773/1060/1538 5772/1058/1538 5792/55/1538 4812/59/1538
f 5800/12/5 5799/1/5 5824/4/5 5825/13/5
f 6775/14/1335 6774/5/1335 5811/7/1335 5812/15/1335
f 6788/16/7 6787/8/7 5838/11/7 5839/17/7
f 6783/18/8 5800/12/8 5825/13/8 5826/19/8
f 6776/20/1136 6775/14/1136 5812/15/1136 5813/21/1136
f 5809/22/10 6788/16/10 5839/17/10 5840/23/10
f 5801/24/1539 6783/18/1539 5826/19/1539 5827/25/1539
f 6777/26/12 6776/20/12 5813/21/12 5814/27/12
f 5810/28/1137 5809/22/1137 5840/23/1137 5841/29/1137
f 5802/30/14 5801/24/14 5827/25/14 5828/31/14
f 6778/32/15 6777/26/15 5814/27/15 5815/33/15
f 6307/34/16 5810/28/1336 5841/29/16
f 6784/35/18 5802/30/18 5828/31/18 5829/36/18
f 6779/37/19 6778/32/19 5815/33/19 5816/38/19
f 6785/39/20 6784/35/20 5829/36/20 5830/40/20
f 5795/41/21 6779/37/21 5816/38/21 5817/42/21
f 5803/43/22 6785/39/22 5830/40/22 5831/44/22
f 6780/45/23 5795/41/23 5817/42/23 5818/46/23
f 5804/47/24 5803/43/24 5831/44/24 5832/48/24
f 5796/49/25 6780/45/25 5818/46/25 5819/50/25
f 5805/51/26 5804/47/26 5832/48/26 5833/52/26
f 6781/53/27 5796/49/27 5819/50/27 5820/54/27
f 6786/55/28 5805/51/28 5833/52/28 5834/56/28
f 6782/57/29 6781/53/29 5820/54/29 5821/58/29
f 5806/59/1339 6786/55/1339 5834/56/1339 5835/60/1339
f 5797/61/31 6782/57/31 5821/58/31 5822/62/31
f 5807/63/32 5806/59/32 5835/60/32 5836/64/32
f 5798/2/33 5797/61/33 5822/62/33 5823/3/33
f 5808/9/34 5807/63/34 5836/64/34 5837/10/34
f 5799/1/1 5798/2/1 5823/3/1 5824/4/1
f 6774/5/2 6308/6/2 5811/7/3
f 6787/8/4 5808/9/4 5837/10/4 5838/11/4
f 5820/54/37 5819/50/37 5850/66/37 5851/69/37
f 5834/56/38 5833/52/38 5864/68/38 5865/70/38
f 5821/58/1540 5820/54/1540 5851/69/1540 5852/71/1540
f 5835/60/1143 5834/56/1143 5865/70/1143 5866/72/1143
f 5822/62/41 5821/58/41 5852/71/41 5853/73/41
f 5836/64/42 5835/60/42 5866/72/42 5867/74/42
f 5823/3/1144 5822/62/1144 5853/73/1144 5854/75/1144
f 5837/10/44 5836/64/44 5867/74/44 5868/76/44
f 5824/4/45 5823/3/45 5854/75/45 5855/77/45
f 5811/7/46 6308/78/1343 5842/79/1343
f 5838/11/1344 5837/10/1344 5868/76/1344 5869/80/1344
f 5825/13/1541 5824/4/1541 5855/77/1541 5856/81/1541
f 5812/15/1345 5811/7/1345 5842/79/1345 5843/82/1345
f 5839/17/51 5838/11/51 5869/80/51 5870/83/51
f 5826/19/52 5825/13/52 5856/81/52 5857/84/52
f 5813/21/1542 5812/15/1542 5843/82/1542 5844/85/1542
f 5840/23/1543 5839/17/1543 5870/83/1543 5871/86/1543
f 5827/25/55 5826/19/55 5857/84/55 5858/87/55
f 5814/27/56 5813/21/56 5844/85/56 5845/88/56
f 5841/29/57 5840/23/57 5871/86/57 5872/89/57
f 5828/31/1544 5827/25/1544 5858/87/1544 5859/90/1544
f 5815/33/1346 5814/27/1346 5845/88/1346 5846/91/1346
f 6307/92/16 5841/29/16 5872/89/60
f 5829/36/61 5828/31/61 5859/90/61 5860/93/61
f 5816/38/62 5815/33/62 5846/91/62 5847/94/62
f 5830/40/1139 5829/36/1139 5860/93/1139 5861/95/1139
f 5817/42/64 5816/38/64 5847/94/64 5848/96/64
f 5831/44/65 5830/40/65 5861/95/65 5862/97/65
f 5818/46/66 5817/42/66 5848/96/66 5849/65/66
f 5832/48/1545 5831/44/1545 5862/97/1545 5863/67/1545
f 5819/50/35 5818/46/35 5849/65/35 5850/66/35
f 5833/52/36 5832/48/36 5863/67/36 5864/68/36
f 5853/73/1149 5852/71/1149 5883/99/1149 5884/102/1149
f 5867/74/71 5866/72/71 5897/101/71 5898/103/71
f 5854/75/1150 5853/73/1150 5884/102/1150 5885/104/1150
f 5868/76/73 5867/74/73 5898/103/73 5899/105/73
f 5855/77/1546 5854/75/1546 5885/104/1546 5886/106/1546
f 5842/79/1343 6308/107/1343 5873/108/1349
f 5869/80/76 5868/76/76 5899/105/76 5900/109/76
f 5856/81/1547 5855/77/1547 5886/106/1547 5887/110/1547
f 5843/82/78 5842/79/78 5873/108/78 5874/111/78
f 5870/83/79 5869/80/79 5900/109/79 5901/112/79
f 5857/84/80 5856/81/80 5887/110/80 5888/113/80
f 5844/85/1548 5843/82/1548 5874/111/1548 5875/114/1548
f 5871/86/1549 5870/83/1549 5901/112/1549 5902/115/1549
f 5858/87/83 5857/84/83 5888/113/83 5889/116/83
f 5845/88/84 5844/85/84 5875/114/84 5876/117/84
f 5872/89/85 5871/86/85 5902/115/85 5903/118/85
f 5859/90/1550 5858/87/1550 5889/116/1550 5890/119/1550
f 5846/91/87 5845/88/87 5876/117/87 5877/120/87
f 6307/121/88 5872/89/89 5903/118/88
f 5860/93/1551 5859/90/1551 5890/119/1551 5891/122/1551
f 5847/94/91 5846/91/91 5877/120/91 5878/123/91
f 5861/95/1145 5860/93/1145 5891/122/1145 5892/124/1145
f 5848/96/93 5847/94/93 5878/123/93 5879/125/93
f 5862/97/1146 5861/95/1146 5892/124/1146 5893/126/1146
f 5849/65/95 5848/96/95 5879/125/95 5880/127/95
f 5863/67/96 5862/97/96 5893/126/96 5894/128/96
f 5850/66/97 5849/65/97 5880/127/97 5881/129/97
f 5864/68/98 5863/67/98 5894/128/98 5895/130/98
f 5851/69/99 5850/66/99 5881/129/99 5882/98/99
f 5865/70/100 5864/68/100 5895/130/100 5896/100/100
f 5852/71/68 5851/69/68 5882/98/68 5883/99/68
f 5866/72/1353 5865/70/1353 5896/100/1353 5897/101/1353
f 5886/106/1354 5885/104/1354 5916/132/1354 5917/135/1354
f 5873/108/104 6308/136/105 5904/137/105
f 5900/109/106 5899/105/106 5930/134/106 5931/138/106
f 5887/110/107 5886/106/107 5917/135/107 5918/139/107
f 5874/111/1355 5873/108/1355 5904/137/1355 5905/140/1355
f 5901/112/109 5900/109/109 5931/138/109 5932/141/109
f 5888/113/110 5887/110/110 5918/139/110 5919/142/110
f 5875/114/1156 5874/111/1156 5905/140/1156 5906/143/1156
f 5902/115/1157 5901/112/1157 5932/141/1157 5933/144/1157
f 5889/116/113 5888/113/113 5919/142/113 5920/145/113
f 5876/117/114 5875/114/114 5906/143/114 5907/146/114
f 5903/118/115 5902/115/115 5933/144/115 5934/147/115
f 5890/119/1552 5889/116/1552 5920/145/1552 5921/148/1552
f 5877/120/117 5876/117/117 5907/146/117 5908/149/117
f 6307/150/88 5903/118/88 5934/147/118
f 5891/122/1358 5890/119/1358 5921/148/1358 5922/151/1358
f 5878/123/120 5877/120/120 5908/149/120 5909/152/120
f 5892/124/1158 5891/122/1158 5922/151/1158 5923/153/1158
f 5879/125/122 5878/123/122 5909/152/122 5910/154/122
f 5893/126/123 5892/124/123 5923/153/123 5924/155/123
f 5880/127/124 5879/125/124 5910/154/124 5911/156/124
f 5894/128/125 5893/126/125 5924/155/125 5925/157/125
f 5881/129/126 5880/127/126 5911/156/126 5912/158/126
f 5895/130/127 5894/128/127 5925/157/127 5926/159/127
f 5882/98/128 5881/129/128 5912/158/128 5913/160/128
f 5896/100/129 5895/130/129 5926/159/129 5927/161/129
f 5883/99/130 5882/98/130 5913/160/130 5914/162/130
f 5897/101/1359 5896/100/1359 5927/161/1359 5928/163/1359
f 5884/102/132 5883/99/132 5914/162/132 5915/131/132
f 5898/103/133 5897/101/133 5928/163/133 5929/133/133
f 5885/104/1155 5884/102/1155 5915/131/1155 5916/132/1155
f 5899/105/102 5898/103/102 5929/133/102 5930/134/102
f 5919/142/137 5918/139/137 5949/165/137 5950/170/137
f 5906/143/138 5905/140/138 5936/167/138 5937/171/138
f 5933/144/139 5932/141/139 5963/169/139 5964/172/139
f 5920/145/140 5919/142/140 5950/170/140 5951/173/140
f 5907/146/1553 5906/143/1553 5937/171/1553 5938/174/1553
f 5934/147/142 5933/144/142 5964/172/142 5965/175/142
f 5921/148/143 5920/145/143 5951/173/143 5952/176/143
f 5908/149/144 5907/146/144 5938/174/144 5939/177/144
f 6307/178/1362 5934/147/146 5965/175/1362
f 5922/151/147 5921/148/147 5952/176/147 5953/179/147
f 5909/152/148 5908/149/148 5939/177/148 5940/180/148
f 5923/153/1162 5922/151/1162 5953/179/1162 5954/181/1162
f 5910/154/150 5909/152/150 5940/180/150 5941/182/150
f 5924/155/151 5923/153/151 5954/181/151 5955/183/151
f 5911/156/152 5910/154/152 5941/182/152 5942/184/152
f 5925/157/153 5924/155/153 5955/183/153 5956/185/153
f 5912/158/154 5911/156/154 5942/184/154 5943/186/154
f 5926/159/1163 5925/157/1163 5956/185/1163 5957/187/1163
f 5913/160/1164 5912/158/1164 5943/186/1164 5944/188/1164
f 5927/161/157 5926/159/157 5957/187/157 5958/189/157
f 5914/162/158 5913/160/158 5944/188/158 5945/190/158
f 5928/163/1554 5927/161/1554 5958/189/1554 5959/191/1554
f 5915/131/160 5914/162/160 5945/190/160 5946/192/160
f 5929/133/161 5928/163/161 5959/191/161 5960/193/161
f 5916/132/1159 5915/131/1159 5946/192/1159 5947/194/1159
f 5930/134/163 5929/133/163 5960/193/163 5961/195/163
f 5917/135/164 5916/132/164 5947/194/164 5948/164/164
f 5904/137/105 6308/196/105 5935/166/165
f 5931/138/166 5930/134/166 5961/195/166 5962/168/166
f 5918/139/134 5917/135/134 5948/164/134 5949/165/134
f 5905/140/1367 5904/137/1367 5935/166/1367 5936/167/1367
f 5932/141/1555 5931/138/1555 5962/168/1555 5963/169/1555
f 5952/176/170 5951/173/170 5982/198/170 5983/203/170
f 5939/177/1556 5938/174/1556 5969/200/1556 5970/204/1556
f 6307/205/1362 5965/175/1362 5996/202/1169
f 5953/179/173 5952/176/173 5983/203/173 5984/206/173
f 5940/180/174 5939/177/174 5970/204/174 5971/207/174
f 5954/181/1170 5953/179/1170 5984/206/1170 5985/208/1170
f 5941/182/176 5940/180/176 5971/207/176 5972/209/176
f 5955/183/1171 5954/181/1171 5985/208/1171 5986/210/1171
f 5942/184/178 5941/182/178 5972/209/178 5973/211/178
f 5956/185/179 5955/183/179 5986/210/179 5987/212/179
f 5943/186/180 5942/184/180 5973/211/180 5974/213/180
f 5957/187/1172 5956/185/1172 5987/212/1172 5988/214/1172
f 5944/188/1173 5943/186/1173 5974/213/1173 5975/215/1173
f 5958/189/183 5957/187/183 5988/214/183 5989/216/183
f 5945/190/184 5944/188/184 5975/215/184 5976/217/184
f 5959/191/185 5958/189/185 5989/216/185 5990/218/185
f 5946/192/1174 5945/190/1174 5976/217/1174 5977/219/1174
f 5960/193/187 5959/191/187 5990/218/187 5991/220/187
f 5947/194/1165 5946/192/1165 5977/219/1165 5978/221/1165
f 5961/195/189 5960/193/189 5991/220/189 5992/222/189
f 5948/164/190 5947/194/190 5978/221/190 5979/223/190
f 5935/166/191 6308/224/1371 5966/225/1371
f 5962/168/1557 5961/195/1557 5992/222/1557 5993/226/1557
f 5949/165/194 5948/164/194 5979/223/194 5980/227/194
f 5936/167/195 5935/166/195 5966/225/195 5967/228/195
f 5963/169/196 5962/168/196 5993/226/196 5994/229/196
f 5950/170/197 5949/165/197 5980/227/197 5981/197/197
f 5937/171/198 5936/167/198 5967/228/198 5968/199/198
f 5964/172/199 5963/169/199 5994/229/199 5995/201/199
f 5951/173/167 5950/170/167 5981/197/167 5982/198/167
f 5938/174/168 5937/171/168 5968/199/168 5969/200/168
f 5965/175/169 5964/172/169 5995/201/169 5996/202/169
f 5985/208/1175 5984/206/1175 6015/231/1175 6016/234/1175
f 5972/209/203 5971/207/203 6002/233/203 6003/235/203
f 5986/210/1176 5985/208/1176 6016/234/1176 6017/236/1176
f 5973/211/205 5972/209/205 6003/235/205 6004/237/205
f 5987/212/1373 5986/210/1373 6017/236/1373 6018/238/1373
f 5974/213/207 5973/211/207 6004/237/207 6005/239/207
f 5988/214/1178 5987/212/1178 6018/238/1178 6019/240/1178
f 5975/215/1179 5974/213/1179 6005/239/1179 6006/241/1179
f 5989/216/210 5988/214/210 6019/240/210 6020/242/210
f 5976/217/1374 5975/215/1374 6006/241/1374 6007/243/1374
f 5990/218/1180 5989/216/1180 6020/242/1180 6021/244/1180
f 5977/219/1181 5976/217/1181 6007/243/1181 6008/245/1181
f 5991/220/214 5990/218/214 6021/244/214 6022/246/214
f 5978/221/1182 5977/219/1182 6008/245/1182 6009/247/1182
f 5992/222/216 5991/220/216 6022/246/216 6023/248/216
f 5979/223/1376 5978/221/1376 6009/247/1376 6010/249/1376
f 5966/225/1371 6308/250/1371 5997/251/218
f 5993/226/1377 5992/222/1377 6023/248/1377 6024/252/1377
f 5980/227/1558 5979/223/1558 6010/249/1558 6011/253/1558
f 5967/228/1378 5966/225/1378 5997/251/1378 5998/254/1378
f 5994/229/222 5993/226/222 6024/252/222 6025/255/222
f 5981/197/223 5980/227/223 6011/253/223 6012/256/223
f 5968/199/224 5967/228/224 5998/254/224 5999/257/224
f 5995/201/225 5994/229/225 6025/255/225 6026/258/225
f 5982/198/226 5981/197/226 6012/256/226 6013/259/226
f 5969/200/227 5968/199/227 5999/257/227 6000/260/227
f 5996/202/228 5995/201/228 6026/258/228 6027/261/228
f 5983/203/1559 5982/198/1559 6013/259/1559 6014/230/1559
f 5970/204/1379 5969/200/1379 6000/260/1379 6001/232/1379
f 6307/262/231 5996/202/232 6027/261/231
f 5984/206/1380 5983/203/1380 6014/230/1380 6015/231/1380
f 5971/207/201 5970/204/201 6001/232/201 6002/233/201
f 6018/238/235 6017/236/235 6048/264/235 6049/267/235
f 6005/239/236 6004/237/236 6035/266/236 6036/268/236
f 6019/240/237 6018/238/237 6049/267/237 6050/269/237
f 6006/241/238 6005/239/238 6036/268/238 6037/270/238
f 6020/242/239 6019/240/239 6050/269/239 6051/271/239
f 6007/243/240 6006/241/240 6037/270/240 6038/272/240
f 6021/244/1383 6020/242/1383 6051/271/1383 6052/273/1383
f 6008/245/242 6007/243/242 6038/272/242 6039/274/242
f 6022/246/243 6021/244/243 6052/273/243 6053/275/243
f 6009/247/244 6008/245/244 6039/274/244 6040/276/244
f 6023/248/1186 6022/246/1186 6053/275/1186 6054/277/1186
f 6010/249/246 6009/247/246 6040/276/246 6041/278/246
f 5997/251/247 6308/279/248 6028/280/248
f 6024/252/249 6023/248/249 6054/277/249 6055/281/249
f 6011/253/250 6010/249/250 6041/278/250 6042/282/250
f 5998/254/251 5997/251/251 6028/280/251 6029/283/251
f 6025/255/252 6024/252/252 6055/281/252 6056/284/252
f 6012/256/1384 6011/253/1384 6042/282/1384 6043/285/1384
f 5999/257/254 5998/254/254 6029/283/254 6030/286/254
f 6026/258/255 6025/255/255 6056/284/255 6057/287/255
f 6013/259/1385 6012/256/1385 6043/285/1385 6044/288/1385
f 6000/260/257 5999/257/257 6030/286/257 6031/289/257
f 6027/261/258 6026/258/258 6057/287/258 6058/290/258
f 6014/230/259 6013/259/259 6044/288/259 6045/291/259
f 6001/232/260 6000/260/260 6031/289/260 6032/292/260
f 6307/293/231 6027/261/231 6058/290/1386
f 6015/231/262 6014/230/262 6045/291/262 6046/294/262
f 6002/233/1183 6001/232/1183 6032/292/1183 6033/295/1183
f 6016/234/264 6015/231/264 6046/294/264 6047/263/264
f 6003/235/265 6002/233/265 6033/295/265 6034/265/265
f 6017/236/233 6016/234/233 6047/263/233 6048/264/233
f 6004/237/234 6003/235/234 6034/265/234 6035/266/234
f 6051/271/268 6050/269/268 6081/297/268 6082/300/268
f 6038/272/269 6037/270/269 6068/299/269 6069/301/269
f 6052/273/1387 6051/271/1387 6082/300/1387 6083/302/1387
f 6039/274/271 6038/272/271 6069/301/271 6070/303/271
f 6053/275/272 6052/273/272 6083/302/272 6084/304/272
f 6040/276/1189 6039/274/1189 6070/303/1189 6071/305/1189
f 6054/277/1190 6053/275/1190 6084/304/1190 6085/306/1190
f 6041/278/275 6040/276/275 6071/305/275 6072/307/275
f 6028/280/248 6308/308/248 6059/309/276
f 6055/281/277 6054/277/277 6085/306/277 6086/310/277
f 6042/282/278 6041/278/278 6072/307/278 6073/311/278
f 6029/283/279 6028/280/279 6059/309/279 6060/312/279
f 6056/284/280 6055/281/280 6086/310/280 6087/313/280
f 6043/285/1560 6042/282/1560 6073/311/1560 6074/314/1560
f 6030/286/282 6029/283/282 6060/312/282 6061/315/282
f 6057/287/283 6056/284/283 6087/313/283 6088/316/283
f 6044/288/1561 6043/285/1561 6074/314/1561 6075/317/1561
f 6031/289/285 6030/286/285 6061/315/285 6062/318/285
f 6058/290/286 6057/287/286 6088/316/286 6089/319/286
f 6045/291/287 6044/288/287 6075/317/287 6076/320/287
f 6032/292/288 6031/289/288 6062/318/288 6063/321/288
f 6307/322/289 6058/290/1388 6089/319/289
f 6046/294/291 6045/291/291 6076/320/291 6077/323/291
f 6033/295/1187 6032/292/1187 6063/321/1187 6064/324/1187
f 6047/263/1188 6046/294/1188 6077/323/1188 6078/325/1188
f 6034/265/294 6033/295/294 6064/324/294 6065/326/294
f 6048/264/295 6047/263/295 6078/325/295 6079/327/295
f 6035/266/296 6034/265/296 6065/326/296 6066/328/296
f 6049/267/297 6048/264/297 6079/327/297 6080/296/297
f 6036/268/298 6035/266/298 6066/328/298 6067/298/298
f 6050/269/1562 6049/267/1562 6080/296/1562 6081/297/1562
f 6037/270/1563 6036/268/1563 6067/298/1563 6068/299/1563
f 6084/304/301 6083/302/301 6114/330/301 6115/333/301
f 6071/305/1197 6070/303/1197 6101/332/1197 6102/334/1197
f 6085/306/303 6084/304/303 6115/333/303 6116/335/303
f 6072/307/1389 6071/305/1389 6102/334/1389 6103/336/1389
f 6059/309/305 6308/337/1390 6090/338/1390
f 6086/310/1391 6085/306/1391 6116/335/1391 6117/339/1391
f 6073/311/1392 6072/307/1392 6103/336/1392 6104/340/1392
f 6060/312/1393 6059/309/1393 6090/338/1393 6091/341/1393
f 6087/313/310 6086/310/310 6117/339/310 6118/342/310
f 6074/314/311 6073/311/311 6104/340/311 6105/343/311
f 6061/315/312 6060/312/312 6091/341/312 6092/344/312
f 6088/316/313 6087/313/313 6118/342/313 6119/345/313
f 6075/317/314 6074/314/314 6105/343/314 6106/346/314
f 6062/318/315 6061/315/315 6092/344/315 6093/347/315
f 6089/319/316 6088/316/316 6119/345/316 6120/348/316
f 6076/320/1394 6075/317/1394 6106/346/1394 6107/349/1394
f 6063/321/1395 6062/318/1395 6093/347/1395 6094/350/1395
f 6307/351/289 6089/319/289 6120/348/319
f 6077/323/1396 6076/320/1396 6107/349/1396 6108/352/1396
f 6064/324/321 6063/321/321 6094/350/321 6095/353/321
f 6078/325/1198 6077/323/1198 6108/352/1198 6109/354/1198
f 6065/326/323 6064/324/323 6095/353/323 6096/355/323
f 6079/327/1191 6078/325/1191 6109/354/1191 6110/356/1191
f 6066/328/325 6065/326/325 6096/355/325 6097/357/325
f 6080/296/1397 6079/327/1397 6110/356/1397 6111/358/1397
f 6067/298/327 6066/328/327 6097/357/327 6098/359/327
f 6081/297/1193 6080/296/1193 6111/358/1193 6112/360/1193
f 6068/299/1194 6067/298/1194 6098/359/1194 6099/361/1194
f 6082/300/330 6081/297/330 6112/360/330 6113/329/330
f 6069/301/1398 6068/299/1398 6099/361/1398 6100/331/1398
f 6083/302/1195 6082/300/1195 6113/329/1195 6114/330/1195
f 6070/303/1196 6069/301/1196 6100/331/1196 6101/332/1196
f 6090/338/1390 6308/366/1390 6121/367/1201
f 6117/339/335 6116/335/335 6147/363/335 6148/368/335
f 6104/340/336 6103/336/336 6134/365/336 6135/369/336
f 6091/341/337 6090/338/337 6121/367/337 6122/370/337
f 6118/342/338 6117/339/338 6148/368/338 6149/371/338
f 6105/343/339 6104/340/339 6135/369/339 6136/372/339
f 6092/344/1564 6091/341/1564 6122/370/1564 6123/373/1564
f 6119/345/1565 6118/342/1565 6149/371/1565 6150/374/1565
f 6106/346/342 6105/343/342 6136/372/342 6137/375/342
f 6093/347/343 6092/344/343 6123/373/343 6124/376/343
f 6120/348/344 6119/345/344 6150/374/344 6151/377/344
f 6107/349/345 6106/346/345 6137/375/345 6138/378/345
f 6094/350/346 6093/347/346 6124/376/346 6125/379/346
f 6307/380/1402 6120/348/1204 6151/377/1402
f 6108/352/349 6107/349/349 6138/378/349 6139/381/349
f 6095/353/350 6094/350/350 6125/379/350 6126/382/350
f 6109/354/1205 6108/352/1205 6139/381/1205 6140/383/1205
f 6096/355/352 6095/353/352 6126/382/352 6127/384/352
f 6110/356/1403 6109/354/1403 6140/383/1403 6141/385/1403
f 6097/357/354 6096/355/354 6127/384/354 6128/386/354
f 6111/358/1566 6110/356/1566 6141/385/1566 6142/387/1566
f 6098/359/356 6097/357/356 6128/386/356 6129/388/356
f 6112/360/1404 6111/358/1404 6142/387/1404 6143/389/1404
f 6099/361/1405 6098/359/1405 6129/388/1405 6130/390/1405
f 6113/329/359 6112/360/359 6143/389/359 6144/391/359
f 6100/331/1567 6099/361/1567 6130/390/1567 6131/392/1567
f 6114/330/361 6113/329/361 6144/391/361 6145/393/361
f 6101/332/1406 6100/331/1406 6131/392/1406 6132/394/1406
f 6115/333/363 6114/330/363 6145/393/363 6146/362/363
f 6102/334/1200 6101/332/1200 6132/394/1200 6133/364/1200
f 6116/335/332 6115/333/332 6146/362/332 6147/363/332
f 6103/336/333 6102/334/333 6133/364/333 6134/365/333
f 6123/373/368 6122/370/368 6153/396/368 6154/401/368
f 6150/374/369 6149/371/369 6180/398/369 6181/402/369
f 6137/375/370 6136/372/370 6167/400/370 6168/403/370
f 6124/376/1568 6123/373/1568 6154/401/1568 6155/404/1568
f 6151/377/1569 6150/374/1569 6181/402/1569 6182/405/1569
f 6138/378/373 6137/375/373 6168/403/373 6169/406/373
f 6125/379/374 6124/376/374 6155/404/374 6156/407/374
f 6307/408/1402 6151/377/1402 6182/405/375
f 6139/381/1570 6138/378/1570 6169/406/1570 6170/409/1570
f 6126/382/377 6125/379/377 6156/407/377 6157/410/377
f 6140/383/1210 6139/381/1210 6170/409/1210 6171/411/1210
f 6127/384/379 6126/382/379 6157/410/379 6158/412/379
f 6141/385/380 6140/383/380 6171/411/380 6172/413/380
f 6128/386/381 6127/384/381 6158/412/381 6159/414/381
f 6142/387/382 6141/385/382 6172/413/382 6173/415/382
f 6129/388/383 6128/386/383 6159/414/383 6160/416/383
f 6143/389/1571 6142/387/1571 6173/415/1571 6174/417/1571
f 6130/390/1572 6129/388/1572 6160/416/1572 6161/418/1572
f 6144/391/386 6143/389/386 6174/417/386 6175/419/386
f 6131/392/387 6130/390/387 6161/418/387 6162/420/387
f 6145/393/388 6144/391/388 6175/419/388 6176/421/388
f 6132/394/389 6131/392/389 6162/420/389 6163/422/389
f 6146/362/390 6145/393/390 6176/421/390 6177/423/390
f 6133/364/1207 6132/394/1207 6163/422/1207 6164/424/1207
f 6147/363/392 6146/362/392 6177/423/392 6178/425/392
f 6134/365/1573 6133/364/1573 6164/424/1573 6165/426/1573
f 6121/367/394 6308/427/395 6152/395/395
f 6148/368/396 6147/363/396 6178/425/396 6179/397/396
f 6135/369/397 6134/365/397 6165/426/397 6166/399/397
f 6122/370/1409 6121/367/1409 6152/395/1409 6153/396/1409
f 6149/371/1574 6148/368/1574 6179/397/1574 6180/398/1574
f 6136/372/367 6135/369/367 6166/399/367 6167/400/367
f 6156/407/401 6155/404/401 6186/429/401 6187/434/401
f 6307/435/1575 6182/405/403 6213/431/1575
f 6170/409/1411 6169/406/1411 6200/433/1411 6201/436/1411
f 6157/410/405 6156/407/405 6187/434/405 6188/437/405
f 6171/411/1215 6170/409/1215 6201/436/1215 6202/438/1215
f 6158/412/407 6157/410/407 6188/437/407 6189/439/407
f 6172/413/408 6171/411/408 6202/438/408 6203/440/408
f 6159/414/409 6158/412/409 6189/439/409 6190/441/409
f 6173/415/410 6172/413/410 6203/440/410 6204/442/410
f 6160/416/411 6159/414/411 6190/441/411 6191/443/411
f 6174/417/412 6173/415/412 6204/442/412 6205/444/412
f 6161/418/413 6160/416/413 6191/443/413 6192/445/413
f 6175/419/414 6174/417/414 6205/444/414 6206/446/414
f 6162/420/415 6161/418/415 6192/445/415 6193/447/415
f 6176/421/1412 6175/419/1412 6206/446/1412 6207/448/1412
f 6163/422/417 6162/420/417 6193/447/417 6194/449/417
f 6177/423/418 6176/421/418 6207/448/418 6208/450/418
f 6164/424/1218 6163/422/1218 6194/449/1218 6195/451/1218
f 6178/425/420 6177/423/420 6208/450/420 6209/452/420
f 6165/426/1413 6164/424/1413 6195/451/1413 6196/453/1413
f 6152/395/395 6308/454/395 6183/455/422
f 6179/397/423 6178/425/423 6209/452/423 6210/456/423
f 6166/399/424 6165/426/424 6196/453/424 6197/457/424
f 6153/396/1414 6152/395/1414 6183/455/1414 6184/458/1414
f 6180/398/426 6179/397/426 6210/456/426 6211/459/426
f 6167/400/427 6166/399/427 6197/457/427 6198/460/427
f 6154/401/1576 6153/396/1576 6184/458/1576 6185/428/1576
f 6181/402/1577 6180/398/1577 6211/459/1577 6212/430/1577
f 6168/403/430 6167/400/430 6198/460/430 6199/432/430
f 6155/404/398 6154/401/398 6185/428/398 6186/429/398
f 6182/405/399 6181/402/399 6212/430/399 6213/431/399
f 6169/406/400 6168/403/400 6199/432/400 6200/433/400
f 6189/439/433 6188/437/433 6219/462/433 6220/465/433
f 6203/440/1415 6202/438/1415 6233/464/1415 6234/466/1415
f 6190/441/435 6189/439/435 6220/465/435 6221/467/435
f 6204/442/436 6203/440/436 6234/466/436 6235/468/436
f 6191/443/437 6190/441/437 6221/467/437 6222/469/437
f 6205/444/438 6204/442/438 6235/468/438 6236/470/438
f 6192/445/439 6191/443/439 6222/469/439 6223/471/439
f 6206/446/440 6205/444/440 6236/470/440 6237/472/440
f 6193/447/441 6192/445/441 6223/471/441 6224/473/441
f 6207/448/1416 6206/446/1416 6237/472/1416 6238/474/1416
f 6194/449/1417 6193/447/1417 6224/473/1417 6225/475/1417
f 6208/450/444 6207/448/444 6238/474/444 6239/476/444
f 6195/451/1223 6194/449/1223 6225/475/1223 6226/477/1223
f 6209/452/446 6208/450/446 6239/476/446 6240/478/446
f 6196/453/447 6195/451/447 6226/477/447 6227/479/447
f 6183/455/1419 6308/480/1420 6214/481/1420
f 6210/456/450 6209/452/450 6240/478/450 6241/482/450
f 6197/457/451 6196/453/451 6227/479/451 6228/483/451
f 6184/458/452 6183/455/452 6214/481/452 6215/484/452
f 6211/459/453 6210/456/453 6241/482/453 6242/485/453
f 6198/460/454 6197/457/454 6228/483/454 6229/486/454
f 6185/428/1578 6184/458/1578 6215/484/1578 6216/487/1578
f 6212/430/1220 6211/459/1220 6242/485/1220 6243/488/1220
f 6199/432/457 6198/460/457 6229/486/457 6230/489/457
f 6186/429/458 6185/428/458 6216/487/458 6217/490/458
f 6213/431/459 6212/430/459 6243/488/459 6244/491/459
f 6200/433/460 6199/432/460 6230/489/460 6231/492/460
f 6187/434/461 6186/429/461 6217/490/461 6218/461/461
f 6307/493/1575 6213/431/1575 6244/491/462
f 6201/436/463 6200/433/463 6231/492/463 6232/463/463
f 6188/437/431 6187/434/431 6218/461/431 6219/462/431
f 6202/438/1222 6201/436/1222 6232/463/1222 6233/464/1222
f 6222/469/1579 6221/467/1579 6252/495/1579 6253/498/1579
f 6236/470/467 6235/468/467 6266/497/467 6267/499/467
f 6223/471/468 6222/469/468 6253/498/468 6254/500/468
f 6237/472/1580 6236/470/1580 6267/499/1580 6268/501/1580
f 6224/473/470 6223/471/470 6254/500/470 6255/502/470
f 6238/474/471 6237/472/471 6268/501/471 6269/503/471
f 6225/475/472 6224/473/472 6255/502/472 6256/504/472
f 6239/476/473 6238/474/473 6269/503/473 6270/505/473
f 6226/477/1230 6225/475/1230 6256/504/1230 6257/506/1230
f 6240/478/475 6239/476/475 6270/505/475 6271/507/475
f 6227/479/476 6226/477/476 6257/506/476 6258/508/476
f 6214/481/1420 6308/509/1420 6245/510/477
f 6241/482/1427 6240/478/1427 6271/507/1427 6272/511/1427
f 6228/483/479 6227/479/479 6258/508/479 6259/512/479
f 6215/484/1428 6214/481/1428 6245/510/1428 6246/513/1428
f 6242/485/481 6241/482/481 6272/511/481 6273/514/481
f 6229/486/482 6228/483/482 6259/512/482 6260/515/482
f 6216/487/483 6215/484/483 6246/513/483 6247/516/483
f 6243/488/484 6242/485/484 6273/514/484 6274/517/484
f 6230/489/485 6229/486/485 6260/515/485 6261/518/485
f 6217/490/486 6216/487/486 6247/516/486 6248/519/486
f 6244/491/487 6243/488/487 6274/517/487 6275/520/487
f 6231/492/488 6230/489/488 6261/518/488 6262/521/488
f 6218/461/1433 6217/490/1433 6248/519/1433 6249/522/1433
f 6307/523/490 6244/491/491 6275/520/490
f 6232/463/492 6231/492/492 6262/521/492 6263/524/492
f 6219/462/493 6218/461/493 6249/522/493 6250/525/493
f 6233/464/1225 6232/463/1225 6263/524/1225 6264/526/1225
f 6220/465/495 6219/462/495 6250/525/495 6251/494/495
f 6234/466/496 6233/464/496 6264/526/496 6265/496/496
f 6221/467/1434 6220/465/1434 6251/494/1434 6252/495/1434
f 6235/468/465 6234/466/465 6265/496/465 6266/497/465
f 6255/502/499 6254/500/499 6285/528/499 6286/531/499
f 6269/503/1436 6268/501/1436 6299/530/1436 6300/532/1436
f 6256/504/501 6255/502/501 6286/531/501 6287/533/501
f 6270/505/502 6269/503/502 6300/532/502 6301/534/502
f 6257/506/1233 6256/504/1233 6287/533/1233 6288/535/1233
f 6271/507/1234 6270/505/1234 6301/534/1234 6302/536/1234
f 6258/508/505 6257/506/505 6288/535/505 6289/537/505
f 6245/510/506 6308/538/507 6276/539/507
f 6272/511/508 6271/507/508 6302/536/508 6303/540/508
f 6259/512/509 6258/508/509 6289/537/509 6290/541/509
f 6246/513/510 6245/510/510 6276/539/510 6277/542/510
f 6273/514/511 6272/511/511 6303/540/511 6304/543/511
f 6260/515/512 6259/512/512 6290/541/512 6291/544/512
f 6247/516/1236 6246/513/1236 6277/542/1236 6278/545/1236
f 6274/517/1237 6273/514/1237 6304/543/1237 6305/546/1237
f 6261/518/515 6260/515/515 6291/544/515 6292/547/515
f 6248/519/516 6247/516/516 6278/545/516 6279/548/516
f 6275/520/517 6274/517/517 6305/546/517 6306/549/517
f 6262/521/518 6261/518/518 6292/547/518 6293/550/518
f 6249/522/519 6248/519/519 6279/548/519 6280/551/519
f 6307/552/490 6275/520/490 6306/549/1438
f 6263/524/521 6262/521/521 6293/550/521 6294/553/521
f 6250/525/1231 6249/522/1231 6280/551/1231 6281/554/1231
f 6264/526/1232 6263/524/1232 6294/553/1232 6295/555/1232
f 6251/494/524 6250/525/524 6281/554/524 6282/556/524
f 6265/496/525 6264/526/525 6295/555/525 6296/557/525
f 6252/495/526 6251/494/526 6282/556/526 6283/558/526
f 6266/497/527 6265/496/527 6296/557/527 6297/559/527
f 6253/498/528 6252/495/528 6283/558/528 6284/527/528
f 6267/499/1581 6266/497/1581 6297/559/1581 6298/529/1581
f 6254/500/1582 6253/498/1582 6284/527/1582 6285/528/1582
f 6268/501/498 6267/499/498 6298/529/498 6299/530/498
f 6288/535/1239 6287/533/1239 6320/561/1239 6321/564/1239
f 6302/536/1240 6301/534/1240 6334/563/1240 6335/565/1240
f 6289/537/534 6288/535/534 6321/564/534 6322/566/534
f 6276/539/507 6308/567/507 6309/568/535
f 6303/540/536 6302/536/536 6335/565/536 6336/569/536
f 6290/541/537 6289/537/537 6322/566/537 6323/570/537
f 6277/542/538 6276/539/538 6309/568/538 6310/571/538
f 6304/543/539 6303/540/539 6336/569/539 6337/572/539
f 6291/544/540 6290/541/540 6323/570/540 6324/573/540
f 6278/545/1242 6277/542/1242 6310/571/1242 6311/574/1242
f 6305/546/542 6304/543/542 6337/572/542 6338/575/542
f 6292/547/543 6291/544/543 6324/573/543 6325/576/543
f 6279/548/544 6278/545/544 6311/574/544 6312/577/544
f 6306/549/545 6305/546/545 6338/575/545 6339/578/545
f 6293/550/546 6292/547/546 6325/576/546 6326/579/546
f 6280/551/547 6279/548/547 6312/577/547 6313/580/547
f 6307/581/548 6306/549/1439 6339/578/548
f 6294/553/550 6293/550/550 6326/579/550 6327/582/550
f 6281/554/1244 6280/551/1244 6313/580/1244 6314/583/1244
f 6295/555/1245 6294/553/1245 6327/582/1245 6328/584/1245
f 6282/556/553 6281/554/553 6314/583/553 6315/585/553
f 6296/557/554 6295/555/554 6328/584/554 6329/586/554
f 6283/558/555 6282/556/555 6315/585/555 6316/587/555
f 6297/559/556 6296/557/556 6329/586/556 6330/588/556
f 6284/527/557 6283/558/557 6316/587/557 6317/589/557
f 6298/529/1583 6297/559/1583 6330/588/1583 6331/590/1583
f 6285/528/1584 6284/527/1584 6317/589/1584 6318/591/1584
f 6299/530/560 6298/529/560 6331/590/560 6332/592/560
f 6286/531/561 6285/528/561 6318/591/561 6319/560/561
f 6300/532/1440 6299/530/1440 6332/592/1440 6333/562/1440
f 6287/533/530 6286/531/530 6319/560/530 6320/561/530
f 6301/534/531 6300/532/531 6333/562/531 6334/563/531
f 6323/570/567 6322/566/567 6353/594/567 6354/599/567
f 6310/571/1441 6309/568/1441 6340/596/1441 6341/600/1441
f 6337/572/569 6336/569/569 6367/598/569 6368/601/569
f 6324/573/570 6323/570/570 6354/599/570 6355/602/570
f 6311/574/571 6310/571/571 6341/600/571 6342/603/571
f 6338/575/572 6337/572/572 6368/601/572 6369/604/572
f 6325/576/573 6324/573/573 6355/602/573 6356/605/573
f 6312/577/574 6311/574/574 6342/603/574 6343/606/574
f 6339/578/575 6338/575/575 6369/604/575 6370/607/575
f 6326/579/576 6325/576/576 6356/605/576 6357/608/576
f 6313/580/1444 6312/577/1444 6343/606/1444 6344/609/1444
f 6307/610/548 6339/578/548 6370/607/578
f 6327/582/579 6326/579/579 6357/608/579 6358/611/579
f 6314/583/580 6313/580/580 6344/609/580 6345/612/580
f 6328/584/1248 6327/582/1248 6358/611/1248 6359/613/1248
f 6315/585/582 6314/583/582 6345/612/582 6346/614/582
f 6329/586/583 6328/584/583 6359/613/583 6360/615/583
f 6316/587/1585 6315/585/1585 6346/614/1585 6347/616/1585
f 6330/588/585 6329/586/585 6360/615/585 6361/617/585
f 6317/589/1586 6316/587/1586 6347/616/1586 6348/618/1586
f 6331/590/587 6330/588/587 6361/617/587 6362/619/587
f 6318/591/588 6317/589/588 6348/618/588 6349/620/588
f 6332/592/1587 6331/590/1587 6362/619/1587 6363/621/1587
f 6319/560/590 6318/591/590 6349/620/590 6350/622/590
f 6333/562/591 6332/592/591 6363/621/591 6364/623/591
f 6320/561/592 6319/560/592 6350/622/592 6351/624/592
f 6334/563/593 6333/562/593 6364/623/593 6365/625/593
f 6321/564/1247 6320/561/1247 6351/624/1247 6352/593/1247
f 6335/565/595 6334/563/595 6365/625/595 6366/597/595
f 6322/566/563 6321/564/563 6352/593/563 6353/594/563
f 6309/568/564 6308/595/1448 6340/596/1448
f 6336/569/1449 6335/565/1449 6366/597/1449 6367/598/1449
f 6356/605/599 6355/602/599 6386/627/599 6387/632/599
f 6343/606/600 6342/603/600 6373/629/600 6374/633/600
f 6370/607/601 6369/604/601 6400/631/601 6401/634/601
f 6357/608/602 6356/605/602 6387/632/602 6388/635/602
f 6344/609/603 6343/606/603 6374/633/603 6375/636/603
f 6307/637/1588 6370/607/605 6401/634/1588
f 6358/611/606 6357/608/606 6388/635/606 6389/638/606
f 6345/612/607 6344/609/607 6375/636/607 6376/639/607
f 6359/613/1254 6358/611/1254 6389/638/1254 6390/640/1254
f 6346/614/609 6345/612/609 6376/639/609 6377/641/609
f 6360/615/1255 6359/613/1255 6390/640/1255 6391/642/1255
f 6347/616/611 6346/614/611 6377/641/611 6378/643/611
f 6361/617/612 6360/615/612 6391/642/612 6392/644/612
f 6348/618/613 6347/616/613 6378/643/613 6379/645/613
f 6362/619/614 6361/617/614 6392/644/614 6393/646/614
f 6349/620/615 6348/618/615 6379/645/615 6380/647/615
f 6363/621/616 6362/619/616 6393/646/616 6394/648/616
f 6350/622/617 6349/620/617 6380/647/617 6381/649/617
f 6364/623/1452 6363/621/1452 6394/648/1452 6395/650/1452
f 6351/624/1250 6350/622/1250 6381/649/1250 6382/651/1250
f 6365/625/620 6364/623/620 6395/650/620 6396/652/620
f 6352/593/1251 6351/624/1251 6382/651/1251 6383/653/1251
f 6366/597/622 6365/625/622 6396/652/622 6397/654/622
f 6353/594/623 6352/593/623 6383/653/623 6384/655/623
f 6340/596/1448 6308/656/1448 6371/657/1454
f 6367/598/625 6366/597/625 6397/654/625 6398/658/625
f 6354/599/626 6353/594/626 6384/655/626 6385/626/626
f 6341/600/627 6340/596/627 6371/657/627 6372/628/627
f 6368/601/628 6367/598/628 6398/658/628 6399/630/628
f 6355/602/596 6354/599/596 6385/626/596 6386/627/596
f 6342/603/1589 6341/600/1589 6372/628/1589 6373/629/1589
f 6369/604/1590 6368/601/1590 6399/630/1590 6400/631/1590
f 6389/638/1458 6388/635/1458 6419/660/1458 6420/665/1458
f 6376/639/633 6375/636/633 6406/662/633 6407/666/633
f 6390/640/1258 6389/638/1258 6420/665/1258 6421/667/1258
f 6377/641/635 6376/639/635 6407/666/635 6408/668/635
f 6391/642/636 6390/640/636 6421/667/636 6422/669/636
f 6378/643/637 6377/641/637 6408/668/637 6409/670/637
f 6392/644/638 6391/642/638 6422/669/638 6423/671/638
f 6379/645/639 6378/643/639 6409/670/639 6410/672/639
f 6393/646/640 6392/644/640 6423/671/640 6424/673/640
f 6380/647/641 6379/645/641 6410/672/641 6411/674/641
f 6394/648/642 6393/646/642 6424/673/642 6425/675/642
f 6381/649/643 6380/647/643 6411/674/643 6412/676/643
f 6395/650/1459 6394/648/1459 6425/675/1459 6426/677/1459
f 6382/651/645 6381/649/645 6412/676/645 6413/678/645
f 6396/652/646 6395/650/646 6426/677/646 6427/679/646
f 6383/653/1261 6382/651/1261 6413/678/1261 6414/680/1261
f 6397/654/648 6396/652/648 6427/679/648 6428/681/648
f 6384/655/1460 6383/653/1460 6414/680/1460 6415/682/1460
f 6371/657/650 6308/683/651 6402/684/651
f 6398/658/652 6397/654/652 6428/681/652 6429/685/652
f 6385/626/653 6384/655/653 6415/682/653 6416/686/653
f 6372/628/1461 6371/657/1461 6402/684/1461 6403/687/1461
f 6399/630/1591 6398/658/1591 6429/685/1591 6430/688/1591
f 6386/627/656 6385/626/656 6416/686/656 6417/689/656
f 6373/629/1592 6372/628/1592 6403/687/1592 6404/690/1592
f 6400/631/658 6399/630/658 6430/688/658 6431/691/658
f 6387/632/659 6386/627/659 6417/689/659 6418/659/659
f 6374/633/1593 6373/629/1593 6404/690/1593 6405/661/1593
f 6401/634/661 6400/631/661 6431/691/661 6432/664/661
f 6388/635/629 6387/632/629 6418/659/629 6419/660/629
f 6375/636/630 6374/633/630 6405/661/630 6406/662/630
f 6307/663/1588 6401/634/1588 6432/664/631
f 6422/669/664 6421/667/664 6452/693/664 6453/696/664
f 6409/670/665 6408/668/665 6439/695/665 6440/697/665
f 6423/671/666 6422/669/666 6453/696/666 6454/698/666
f 6410/672/667 6409/670/667 6440/697/667 6441/699/667
f 6424/673/1594 6423/671/1594 6454/698/1594 6455/700/1594
f 6411/674/1595 6410/672/1595 6441/699/1595 6442/701/1595
f 6425/675/670 6424/673/670 6455/700/670 6456/702/670
f 6412/676/671 6411/674/671 6442/701/671 6443/703/671
f 6426/677/672 6425/675/672 6456/702/672 6457/704/672
f 6413/678/673 6412/676/673 6443/703/673 6444/705/673
f 6427/679/674 6426/677/674 6457/704/674 6458/706/674
f 6414/680/1267 6413/678/1267 6444/705/1267 6445/707/1267
f 6428/681/676 6427/679/676 6458/706/676 6459/708/676
f 6415/682/1596 6414/680/1596 6445/707/1596 6446/709/1596
f 6402/684/651 6308/710/651 6433/711/678
f 6429/685/679 6428/681/679 6459/708/679 6460/712/679
f 6416/686/680 6415/682/680 6446/709/680 6447/713/680
f 6403/687/1463 6402/684/1463 6433/711/1463 6434/714/1463
f 6430/688/1597 6429/685/1597 6460/712/1597 6461/715/1597
f 6417/689/683 6416/686/683 6447/713/683 6448/716/683
f 6404/690/684 6403/687/684 6434/714/684 6435/717/684
f 6431/691/685 6430/688/685 6461/715/685 6462/718/685
f 6418/659/686 6417/689/686 6448/716/686 6449/719/686
f 6405/661/1598 6404/690/1598 6435/717/1598 6436/720/1598
f 6432/664/1599 6431/691/1599 6462/718/1599 6463/721/1599
f 6419/660/689 6418/659/689 6449/719/689 6450/722/689
f 6406/662/690 6405/661/690 6436/720/690 6437/723/690
f 6307/724/1466 6432/664/692 6463/721/1466
f 6420/665/1600 6419/660/1600 6450/722/1600 6451/692/1600
f 6407/666/694 6406/662/694 6437/723/694 6438/694/694
f 6421/667/1264 6420/665/1264 6451/692/1264 6452/693/1264
f 6408/668/663 6407/666/663 6438/694/663 6439/695/663
f 6455/700/1269 6454/698/1269 6485/726/1269 6486/729/1269
f 6442/701/1270 6441/699/1270 6472/728/1270 6473/730/1270
f 6456/702/699 6455/700/699 6486/729/699 6487/731/699
f 6443/703/1601 6442/701/1601 6473/730/1601 6474/732/1601
f 6457/704/701 6456/702/701 6487/731/701 6488/733/701
f 6444/705/1468 6443/703/1468 6474/732/1468 6475/734/1468
f 6458/706/703 6457/704/703 6488/733/703 6489/735/703
f 6445/707/704 6444/705/704 6475/734/704 6476/736/704
f 6459/708/705 6458/706/705 6489/735/705 6490/737/705
f 6446/709/706 6445/707/706 6476/736/706 6477/738/706
f 6433/711/1271 6308/739/1469 6464/740/1469
f 6460/712/1272 6459/708/1272 6490/737/1272 6491/741/1272
f 6447/713/710 6446/709/710 6477/738/710 6478/742/710
f 6434/714/711 6433/711/711 6464/740/711 6465/743/711
f 6461/715/712 6460/712/712 6491/741/712 6492/744/712
f 6448/716/713 6447/713/713 6478/742/713 6479/745/713
f 6435/717/1471 6434/714/1471 6465/743/1471 6466/746/1471
f 6462/718/1602 6461/715/1602 6492/744/1602 6493/747/1602
f 6449/719/716 6448/716/716 6479/745/716 6480/748/716
f 6436/720/717 6435/717/717 6466/746/717 6467/749/717
f 6463/721/718 6462/718/718 6493/747/718 6494/750/718
f 6450/722/719 6449/719/719 6480/748/719 6481/751/719
f 6437/723/720 6436/720/720 6467/749/720 6468/752/720
f 6307/753/1466 6463/721/1466 6494/750/721
f 6451/692/722 6450/722/722 6481/751/722 6482/754/722
f 6438/694/723 6437/723/723 6468/752/723 6469/755/723
f 6452/693/724 6451/692/724 6482/754/724 6483/756/724
f 6439/695/725 6438/694/725 6469/755/725 6470/757/725
f 6453/696/1473 6452/693/1473 6483/756/1473 6484/725/1473
f 6440/697/727 6439/695/727 6470/757/727 6471/727/727
f 6454/698/1603 6453/696/1603 6484/725/1603 6485/726/1603
f 6441/699/696 6440/697/696 6471/727/696 6472/728/696
f 6488/733/730 6487/731/730 6518/759/730 6519/762/730
f 6475/734/731 6474/732/731 6505/761/731 6506/763/731
f 6489/735/732 6488/733/732 6519/762/732 6520/764/732
f 6476/736/733 6475/734/733 6506/763/733 6507/765/733
f 6490/737/734 6489/735/734 6520/764/734 6521/766/734
f 6477/738/735 6476/736/735 6507/765/735 6508/767/735
f 6464/740/1469 6308/768/1469 6495/769/736
f 6491/741/737 6490/737/737 6521/766/737 6522/770/737
f 6478/742/1476 6477/738/1476 6508/767/1476 6509/771/1476
f 6465/743/1477 6464/740/1477 6495/769/1477 6496/772/1477
f 6492/744/740 6491/741/740 6522/770/740 6523/773/740
f 6479/745/741 6478/742/741 6509/771/741 6510/774/741
f 6466/746/1278 6465/743/1278 6496/772/1278 6497/775/1278
f 6493/747/1279 6492/744/1279 6523/773/1279 6524/776/1279
f 6480/748/744 6479/745/744 6510/774/744 6511/777/744
f 6467/749/745 6466/746/745 6497/775/745 6498/778/745
f 6494/750/746 6493/747/746 6524/776/746 6525/779/746
f 6481/751/1478 6480/748/1478 6511/777/1478 6512/780/1478
f 6468/752/748 6467/749/748 6498/778/748 6499/781/748
f 6307/782/749 6494/750/750 6525/779/749
f 6482/754/751 6481/751/751 6512/780/751 6513/783/751
f 6469/755/752 6468/752/752 6499/781/752 6500/784/752
f 6483/756/753 6482/754/753 6513/783/753 6514/785/753
f 6470/757/754 6469/755/754 6500/784/754 6501/786/754
f 6484/725/755 6483/756/755 6514/785/755 6515/787/755
f 6471/727/1480 6470/757/1480 6501/786/1480 6502/788/1480
f 6485/726/1481 6484/725/1481 6515/787/1481 6516/789/1481
f 6472/728/758 6471/727/758 6502/788/758 6503/790/758
f 6486/729/1274 6485/726/1274 6516/789/1274 6517/758/1274
f 6473/730/1275 6472/728/1275 6503/790/1275 6504/760/1275
f 6487/731/728 6486/729/728 6517/758/728 6518/759/728
f 6474/732/1482 6473/730/1482 6504/760/1482 6505/761/1482
f 6521/766/763 6520/764/763 6551/792/763 6552/795/763
f 6508/767/764 6507/765/764 6538/794/764 6539/796/764
f 6495/769/765 6308/797/766 6526/798/766
f 6522/770/767 6521/766/767 6552/795/767 6553/799/767
f 6509/771/768 6508/767/768 6539/796/768 6540/800/768
f 6496/772/1483 6495/769/1483 6526/798/1483 6527/801/1483
f 6523/773/770 6522/770/770 6553/799/770 6554/802/770
f 6510/774/1484 6509/771/1484 6540/800/1484 6541/803/1484
f 6497/775/1283 6496/772/1283 6527/801/1283 6528/804/1283
f 6524/776/1284 6523/773/1284 6554/802/1284 6555/805/1284
f 6511/777/1485 6510/774/1485 6541/803/1485 6542/806/1485
f 6498/778/775 6497/775/775 6528/804/775 6529/807/775
f 6525/779/1486 6524/776/1486 6555/805/1486 6556/808/1486
f 6512/780/777 6511/777/777 6542/806/777 6543/809/777
f 6499/781/778 6498/778/778 6529/807/778 6530/810/778
f 6307/811/749 6525/779/749 6556/808/1487
f 6513/783/780 6512/780/780 6543/809/780 6544/812/780
f 6500/784/781 6499/781/781 6530/810/781 6531/813/781
f 6514/785/1286 6513/783/1286 6544/812/1286 6545/814/1286
f 6501/786/783 6500/784/783 6531/813/783 6532/815/783
f 6515/787/784 6514/785/784 6545/814/784 6546/816/784
f 6502/788/785 6501/786/785 6532/815/785 6533/817/785
f 6516/789/786 6515/787/786 6546/816/786 6547/818/786
f 6503/790/787 6502/788/787 6533/817/787 6534/819/787
f 6517/758/1604 6516/789/1604 6547/818/1604 6548/820/1604
f 6504/760/1605 6503/790/1605 6534/819/1605 6535/821/1605
f 6518/759/790 6517/758/790 6548/820/790 6549/822/790
f 6505/761/791 6504/760/791 6535/821/791 6536/823/791
f 6519/762/1488 6518/759/1488 6549/822/1488 6550/791/1488
f 6506/763/793 6505/761/793 6536/823/793 6537/793/793
f 6520/764/761 6519/762/761 6550/791/761 6551/792/761
f 6507/765/1281 6506/763/1281 6537/793/1281 6538/794/1281
f 6554/836/797 6553/824/797 6584/827/797 6585/837/797
f 6541/838/1489 6540/828/1489 6571/831/1489 6572/839/1489
f 6528/840/1289 6527/832/1289 6558/835/1289 6559/841/1289
f 6555/842/1290 6554/836/1290 6585/837/1290 6586/843/1290
f 6542/844/1490 6541/838/1490 6572/839/1490 6573/845/1490
f 6529/846/802 6528/840/802 6559/841/802 6560/847/802
f 6556/848/1491 6555/842/1491 6586/843/1491 6587/849/1491
f 6543/850/804 6542/844/804 6573/845/804 6574/851/804
f 6530/852/805 6529/846/805 6560/847/805 6561/853/805
f 6307/854/806 6556/848/1492 6587/849/806
f 6544/855/808 6543/850/808 6574/851/808 6575/856/808
f 6531/857/809 6530/852/809 6561/853/809 6562/858/809
f 6545/859/1292 6544/855/1292 6575/856/1292 6576/860/1292
f 6532/861/811 6531/857/811 6562/858/811 6563/862/811
f 6546/863/812 6545/859/812 6576/860/812 6577/864/812
f 6533/865/813 6532/861/813 6563/862/813 6564/866/813
f 6547/867/814 6546/863/814 6577/864/814 6578/868/814
f 6534/869/815 6533/865/815 6564/866/815 6565/870/815
f 6548/871/816 6547/867/816 6578/868/816 6579/872/816
f 6535/873/817 6534/869/817 6565/870/817 6566/874/817
f 6549/875/818 6548/871/818 6579/872/818 6580/876/818
f 6536/877/819 6535/873/819 6566/874/819 6567/878/819
f 6550/879/1495 6549/875/1495 6580/876/1495 6581/880/1495
f 6537/881/821 6536/877/821 6567/878/821 6568/882/821
f 6551/883/822 6550/879/822 6581/880/822 6582/884/822
f 6538/885/1287 6537/881/1287 6568/882/1287 6569/886/1287
f 6552/825/824 6551/883/824 6582/884/824 6583/826/824
f 6539/829/825 6538/885/825 6569/886/825 6570/830/825
f 6526/833/766 6308/887/766 6557/834/826
f 6553/824/794 6552/825/794 6583/826/794 6584/827/794
f 6540/828/795 6539/829/795 6570/830/795 6571/831/795
f 6527/832/1496 6526/833/1496 6557/834/1496 6558/835/1496
f 6587/849/830 6586/843/830 6617/889/830 6618/894/830
f 6574/851/1497 6573/845/1497 6604/891/1497 6605/895/1497
f 6561/853/832 6560/847/832 6591/893/832 6592/896/832
f 6307/897/806 6587/849/806 6618/894/833
f 6575/856/1498 6574/851/1498 6605/895/1498 6606/898/1498
f 6562/858/835 6561/853/835 6592/896/835 6593/899/835
f 6576/860/836 6575/856/836 6606/898/836 6607/900/836
f 6563/862/837 6562/858/837 6593/899/837 6594/901/837
f 6577/864/838 6576/860/838 6607/900/838 6608/902/838
f 6564/866/1500 6563/862/1500 6594/901/1500 6595/903/1500
f 6578/868/1501 6577/864/1501 6608/902/1501 6609/904/1501
f 6565/870/1298 6564/866/1298 6595/903/1298 6596/905/1298
f 6579/872/1299 6578/868/1299 6609/904/1299 6610/906/1299
f 6566/874/1300 6565/870/1300 6596/905/1300 6597/907/1300
f 6580/876/1301 6579/872/1301 6610/906/1301 6611/908/1301
f 6567/878/1502 6566/874/1502 6597/907/1502 6598/909/1502
f 6581/880/846 6580/876/846 6611/908/846 6612/910/846
f 6568/882/847 6567/878/847 6598/909/847 6599/911/847
f 6582/884/848 6581/880/848 6612/910/848 6613/912/848
f 6569/886/849 6568/882/849 6599/911/849 6600/913/849
f 6583/826/850 6582/884/850 6613/912/850 6614/914/850
f 6570/830/1503 6569/886/1503 6600/913/1503 6601/915/1503
f 6557/834/852 6308/916/1504 6588/917/1504
f 6584/827/854 6583/826/854 6614/914/854 6615/918/854
f 6571/831/1505 6570/830/1505 6601/915/1505 6602/919/1505
f 6558/835/1506 6557/834/1506 6588/917/1506 6589/920/1506
f 6585/837/857 6584/827/857 6615/918/857 6616/888/857
f 6572/839/858 6571/831/858 6602/919/858 6603/890/858
f 6559/841/1294 6558/835/1294 6589/920/1294 6590/892/1294
f 6586/843/1295 6585/837/1295 6616/888/1295 6617/889/1295
f 6573/845/828 6572/839/828 6603/890/828 6604/891/828
f 6560/847/829 6559/841/829 6590/892/829 6591/893/829
f 6589/920/863 6588/917/863 6619/922/863 6620/927/863
f 6616/888/864 6615/918/864 6646/924/864 6647/928/864
f 6603/890/865 6602/919/865 6633/926/865 6634/929/865
f 6590/892/1606 6589/920/1606 6620/927/1606 6621/930/1606
f 6617/889/867 6616/888/867 6647/928/867 6648/931/867
f 6604/891/868 6603/890/868 6634/929/868 6635/932/868
f 6591/893/869 6590/892/869 6621/930/869 6622/933/869
f 6618/894/870 6617/889/870 6648/931/870 6649/934/870
f 6605/895/871 6604/891/871 6635/932/871 6636/935/871
f 6592/896/1607 6591/893/1607 6622/933/1607 6623/936/1607
f 6307/937/1508 6618/894/874 6649/934/1508
f 6606/898/875 6605/895/875 6636/935/875 6637/938/875
f 6593/899/876 6592/896/876 6623/936/876 6624/939/876
f 6607/900/877 6606/898/877 6637/938/877 6638/940/877
f 6594/901/878 6593/899/878 6624/939/878 6625/941/878
f 6608/902/1509 6607/900/1509 6638/940/1509 6639/942/1509
f 6595/903/880 6594/901/880 6625/941/880 6626/943/880
f 6609/904/881 6608/902/881 6639/942/881 6640/944/881
f 6596/905/882 6595/903/882 6626/943/882 6627/945/882
f 6610/906/1303 6609/904/1303 6640/944/1303 6641/946/1303
f 6597/907/1304 6596/905/1304 6627/945/1304 6628/947/1304
f 6611/908/885 6610/906/885 6641/946/885 6642/948/885
f 6598/909/886 6597/907/886 6628/947/886 6629/949/886
f 6612/910/1608 6611/908/1608 6642/948/1608 6643/950/1608
f 6599/911/1513 6598/909/1513 6629/949/1513 6630/951/1513
f 6613/912/889 6612/910/889 6643/950/889 6644/952/889
f 6600/913/890 6599/911/890 6630/951/890 6631/953/890
f 6614/914/891 6613/912/891 6644/952/891 6645/923/891
f 6601/915/892 6600/913/892 6631/953/892 6632/925/892
f 6588/917/1504 6308/921/1504 6619/922/860
f 6615/918/1609 6614/914/1609 6645/923/1609 6646/924/1609
f 6602/919/862 6601/915/862 6632/925/862 6633/926/862
f 6622/933/1610 6621/930/1610 6652/955/1610 6653/960/1610
f 6649/934/897 6648/931/897 6679/957/897 6680/961/897
f 6636/935/898 6635/932/898 6666/959/898 6667/962/898
f 6623/936/899 6622/933/899 6653/960/899 6654/963/899
f 6307/964/1508 6649/934/1508 6680/961/900
f 6637/938/1611 6636/935/1611 6667/962/1611 6668/965/1611
f 6624/939/902 6623/936/902 6654/963/902 6655/966/902
f 6638/940/903 6637/938/903 6668/965/903 6669/967/903
f 6625/941/904 6624/939/904 6655/966/904 6656/968/904
f 6639/942/905 6638/940/905 6669/967/905 6670/969/905
f 6626/943/906 6625/941/906 6656/968/906 6657/970/906
f 6640/944/1515 6639/942/1515 6670/969/1515 6671/971/1515
f 6627/945/908 6626/943/908 6657/970/908 6658/972/908
f 6641/946/1306 6640/944/1306 6671/971/1306 6672/973/1306
f 6628/947/1307 6627/945/1307 6658/972/1307 6659/974/1307
f 6642/948/911 6641/946/911 6672/973/911 6673/975/911
f 6629/949/1518 6628/947/1518 6659/974/1518 6660/976/1518
f 6643/950/1612 6642/948/1612 6673/975/1612 6674/977/1612
f 6630/951/914 6629/949/914 6660/976/914 6661/978/914
f 6644/952/915 6643/950/915 6674/977/915 6675/979/915
f 6631/953/916 6630/951/916 6661/978/916 6662/980/916
f 6645/923/917 6644/952/917 6675/979/917 6676/981/917
f 6632/925/1613 6631/953/1613 6662/980/1613 6663/982/1613
f 6619/922/919 6308/983/920 6650/984/920
f 6646/924/921 6645/923/921 6676/981/921 6677/985/921
f 6633/926/922 6632/925/922 6663/982/922 6664/986/922
f 6620/927/1519 6619/922/1519 6650/984/1519 6651/954/1519
f 6647/928/1614 6646/924/1614 6677/985/1614 6678/956/1614
f 6634/929/925 6633/926/925 6664/986/925 6665/958/925
f 6621/930/1615 6620/927/1615 6651/954/1615 6652/955/1615
f 6648/931/894 6647/928/894 6678/956/894 6679/957/894
f 6635/932/895 6634/929/895 6665/958/895 6666/959/895
f 6655/966/930 6654/963/930 6685/988/930 6686/993/930
f 6669/967/931 6668/965/931 6699/992/931 6700/994/931
f 6656/968/932 6655/966/932 6686/993/932 6687/995/932
f 6670/969/933 6669/967/933 6700/994/933 6701/996/933
f 6657/970/934 6656/968/934 6687/995/934 6688/997/934
f 6671/971/935 6670/969/935 6701/996/935 6702/998/935
f 6658/972/936 6657/970/936 6688/997/936 6689/999/936
f 6672/973/937 6671/971/937 6702/998/937 6703/1000/937
f 6659/974/938 6658/972/938 6689/999/938 6690/1001/938
f 6673/975/939 6672/973/939 6703/1000/939 6704/1002/939
f 6660/976/940 6659/974/940 6690/1001/940 6691/1003/940
f 6674/977/1520 6673/975/1520 6704/1002/1520 6705/1004/1520
f 6661/978/942 6660/976/942 6691/1003/942 6692/1005/942
f 6675/979/943 6674/977/943 6705/1004/943 6706/1006/943
f 6662/980/944 6661/978/944 6692/1005/944 6693/1007/944
f 6676/981/945 6675/979/945 6706/1006/945 6707/1008/945
f 6663/982/946 6662/980/946 6693/1007/946 6694/1009/946
f 6650/984/920 6308/1010/920 6681/1011/947
f 6677/985/948 6676/981/948 6707/1008/948 6708/1012/948
f 6664/986/949 6663/982/949 6694/1009/949 6695/1013/949
f 6651/954/1521 6650/984/1521 6681/1011/1521 6682/1014/1521
f 6678/956/951 6677/985/951 6708/1012/951 6709/1015/951
f 6665/958/952 6664/986/952 6695/1013/952 6696/1016/952
f 6652/955/1313 6651/954/1313 6682/1014/1313 6683/1017/1313
f 6679/957/1314 6678/956/1314 6709/1015/1314 6710/1018/1314
f 6666/959/955 6665/958/955 6696/1016/955 6697/1019/955
f 6653/960/956 6652/955/956 6683/1017/956 6684/987/956
f 6680/961/957 6679/957/957 6710/1018/957 6711/990/957
f 6667/962/958 6666/959/958 6697/1019/958 6698/991/958
f 6654/963/926 6653/960/926 6684/987/926 6685/988/926
f 6307/989/927 6680/961/928 6711/990/927
f 6668/965/929 6667/962/929 6698/991/929 6699/992/929
f 6688/997/961 6687/995/961 6718/1021/961 6719/1024/961
f 6702/998/962 6701/996/962 6732/1023/962 6733/1025/962
f 6689/999/963 6688/997/963 6719/1024/963 6720/1026/963
f 6703/1000/964 6702/998/964 6733/1025/964 6734/1027/964
f 6690/1001/965 6689/999/965 6720/1026/965 6721/1028/965
f 6704/1002/966 6703/1000/966 6734/1027/966 6735/1029/966
f 6691/1003/967 6690/1001/967 6721/1028/967 6722/1030/967
f 6705/1004/1523 6704/1002/1523 6735/1029/1523 6736/1031/1523
f 6692/1005/1524 6691/1003/1524 6722/1030/1524 6723/1032/1524
f 6706/1006/970 6705/1004/970 6736/1031/970 6737/1033/970
f 6693/1007/971 6692/1005/971 6723/1032/971 6724/1034/971
f 6707/1008/972 6706/1006/972 6737/1033/972 6738/1035/972
f 6694/1009/1616 6693/1007/1616 6724/1034/1616 6725/1036/1616
f 6681/1011/1525 6308/1037/1526 6712/1038/1526
f 6708/1012/976 6707/1008/976 6738/1035/976 6739/1039/976
f 6695/1013/977 6694/1009/977 6725/1036/977 6726/1040/977
f 6682/1014/978 6681/1011/978 6712/1038/978 6713/1041/978
f 6709/1015/979 6708/1012/979 6739/1039/979 6740/1042/979
f 6696/1016/1617 6695/1013/1617 6726/1040/1617 6727/1043/1617
f 6683/1017/1618 6682/1014/1618 6713/1041/1618 6714/1044/1618
f 6710/1018/1619 6709/1015/1619 6740/1042/1619 6741/1045/1619
f 6697/1019/1620 6696/1016/1620 6727/1043/1620 6728/1046/1620
f 6684/987/984 6683/1017/984 6714/1044/984 6715/1047/984
f 6711/990/985 6710/1018/985 6741/1045/985 6742/1048/985
f 6698/991/986 6697/1019/986 6728/1046/986 6729/1049/986
f 6685/988/987 6684/987/987 6715/1047/987 6716/1050/987
f 6307/1051/927 6711/990/927 6742/1048/988
f 6699/992/1621 6698/991/1621 6729/1049/1621 6730/1052/1621
f 6686/993/990 6685/988/990 6716/1050/990 6717/1020/990
f 6700/994/991 6699/992/991 6730/1052/991 6731/1022/991
f 6687/995/959 6686/993/959 6717/1020/959 6718/1021/959
f 6701/996/1527 6700/994/1527 6731/1022/1527 6732/1023/1527
f 6721/1028/994 6720/1026/994 6751/1054/994 6752/1057/994
f 6735/1029/995 6734/1027/995 6765/1056/995 6766/1058/995
f 6722/1030/1622 6721/1028/1622 6752/1057/1622 6753/1059/1622
f 6736/1031/1623 6735/1029/1623 6766/1058/1623 6767/1060/1623
f 6723/1032/998 6722/1030/998 6753/1059/998 6754/1061/998
f 6737/1033/999 6736/1031/999 6767/1060/999 6768/1062/999
f 6724/1034/1329 6723/1032/1329 6754/1061/1329 6755/1063/1329
f 6738/1035/1001 6737/1033/1001 6768/1062/1001 6769/1064/1001
f 6725/1036/1002 6724/1034/1002 6755/1063/1002 6756/1065/1002
f 6712/1038/1526 6308/1066/1526 6743/1067/1003
f 6739/1039/1004 6738/1035/1004 6769/1064/1004 6770/1068/1004
f 6726/1040/1005 6725/1036/1005 6756/1065/1005 6757/1069/1005
f 6713/1041/1530 6712/1038/1530 6743/1067/1530 6744/1070/1530
f 6740/1042/1007 6739/1039/1007 6770/1068/1007 6771/1071/1007
f 6727/1043/1008 6726/1040/1008 6757/1069/1008 6758/1072/1008
f 6714/1044/1624 6713/1041/1624 6744/1070/1624 6745/1073/1624
f 6741/1045/1625 6740/1042/1625 6771/1071/1625 6772/1074/1625
f 6728/1046/1011 6727/1043/1011 6758/1072/1011 6759/1075/1011
f 6715/1047/1012 6714/1044/1012 6745/1073/1012 6746/1076/1012
f 6742/1048/1013 6741/1045/1013 6772/1074/1013 6773/1077/1013
f 6729/1049/1014 6728/1046/1014 6759/1075/1014 6760/1078/1014
f 6716/1050/1015 6715/1047/1015 6746/1076/1015 6747/1079/1015
f 6307/1080/1016 6742/1048/1017 6773/1077/1016
f 6730/1052/1018 6729/1049/1018 6760/1078/1018 6761/1081/1018
f 6717/1020/1019 6716/1050/1019 6747/1079/1019 6748/1082/1019
f 6731/1022/1324 6730/1052/1324 6761/1081/1324 6762/1083/1324
f 6718/1021/1021 6717/1020/1021 6748/1082/1021 6749/1084/1021
f 6732/1023/1022 6731/1022/1022 6762/1083/1022 6763/1085/1022
f 6719/1024/1023 6718/1021/1023 6749/1084/1023 6750/1053/1023
f 6733/1025/1626 6732/1023/1626 6763/1085/1626 6764/1055/1626
f 6720/1026/992 6719/1024/992 6750/1053/992 6751/1054/992
f 6734/1027/993 6733/1025/993 6764/1055/993 6765/1056/993
f 6754/1061/1027 6753/1059/1027 6782/57/1027 5797/61/1027
f 6768/1062/1028 6767/1060/1028 5806/59/1028 5807/63/1028
f 6755/1063/1029 6754/1061/1029 5797/61/1029 5798/2/1029
f 6769/1064/1030 6768/1062/1030 5807/63/1030 5808/9/1030
f 6756/1065/1031 6755/1063/1031 5798/2/1031 5799/1/1031
f 6743/1067/1032 6308/1086/2 6774/5/2
f 6770/1068/1033 6769/1064/1033 5808/9/1033 6787/8/1033
f 6757/1069/1034 6756/1065/1034 5799/1/1034 5800/12/1034
f 6744/1070/1534 6743/1067/1534 6774/5/1534 6775/14/1534
f 6771/1071/1036 6770/1068/1036 6787/8/1036 6788/16/1036
f 6758/1072/1037 6757/1069/1037 5800/12/1037 6783/18/1037
f 6745/1073/1330 6744/1070/1330 6775/14/1330 6776/20/1330
f 6772/1074/1039 6771/1071/1039 6788/16/1039 5809/22/1039
f 6759/1075/1040 6758/1072/1040 6783/18/1040 5801/24/1040
f 6746/1076/1041 6745/1073/1041 6776/20/1041 6777/26/1041
f 6773/1077/1331 6772/1074/1331 5809/22/1331 5810/28/1331
f 6760/1078/1043 6759/1075/1043 5801/24/1043 5802/30/1043
f 6747/1079/1044 6746/1076/1044 6777/26/1044 6778/32/1044
f 6307/1087/1016 6773/1077/1016 5810/28/1535
f 6761/1081/1046 6760/1078/1046 5802/30/1046 6784/35/1046
f 6748/1082/1047 6747/1079/1047 6778/32/1047 6779/37/1047
f 6762/1083/1048 6761/1081/1048 6784/35/1048 6785/39/1048
f 6749/1084/1049 6748/1082/1049 6779/37/1049 5795/41/1049
f 6763/1085/1050 6762/1083/1050 6785/39/1050 5803/43/1050
f 6750/1053/1051 6749/1084/1051 5795/41/1051 6780/45/1051
f 6764/1055/1052 6763/1085/1052 5803/43/1052 5804/47/1052
f 6751/1054/1053 6750/1053/1053 6780/45/1053 5796/49/1053
f 6765/1056/1054 6764/1055/1054 5804/47/1054 5805/51/1054
f 6752/1057/1055 6751/1054/1055 5796/49/1055 6781/53/1055
f 6766/1058/1056 6765/1056/1056 5805/51/1056 6786/55/1056
f 6753/1059/1025 6752/1057/1025 6781/53/1025 6782/57/1025
f 6767/1060/1538 6766/1058/1538 6786/55/1538 5806/59/1538
f 6789/1088/1078 6808/1088/1078 6809/1088/1079 6790/1088/1079
f 6790/1088/1079 6809/1088/1079 6810/1088/1080 6791/1088/1080
f 6791/1088/1080 6810/1088/1080 6811/1088/1081 6792/1088/1081
f 6792/1088/1081 6811/1088/1081 6812/1088/1083 6793/1088/1083
f 6793/1088/1083 6812/1088/1083 6813/1088/1084 6794/1088/1084
f 6794/1088/1084 6813/1088/1084 6814/1088/1085 6795/1088/1085
f 6795/1088/1085 6814/1088/1085 6815/1088/1086 6796/1088/1086
f 6796/1088/1086 6815/1088/1086 6816/1088/1087 6797/1088/1087
f 6797/1088/1087 6816/1088/1087 6817/1088/1088 6798/1088/1088
f 6798/1088/1088 6817/1088/1088 6818/1088/1089 6799/1088/1089
f 6799/1088/1089 6818/1088/1089 6819/1088/1090 6800/1088/1090
f 6800/1088/1090 6819/1088/1090 6820/1088/1091 6801/1088/1091
f 6801/1088/1091 6820/1088/1091 6821/1088/1092 6802/1088/1092
f 6802/1088/1092 6821/1088/1092 6822/1088/1093 6803/1088/1093
f 6803/1088/1093 6822/1088/1093 6823/1088/1094 6804/1088/1094
f 6804/1088/1094 6823/1088/1094 6824/1088/1095 6805/1088/1095
f 6805/1088/1095 6824/1088/1095 6825/1088/1096 6806/1088/1096
f 6806/1088/1096 6825/1088/1096 6826/1088/1097 6807/1088/1627
f 6807/1088/1627 6826/1088/1097 6808/1088/1078 6789/1088/1078
f 6827/1088/1078 6846/1088/1078 6847/1088/1079 6828/1088/1079
f 6828/1088/1079 6847/1088/1079 6848/1088/1080 6829/1088/1080
f 6829/1088/1080 6848/1088/1080 6849/1088/1081 6830/1088/1081
f 6830/1088/1081 6849/1088/1081 6850/1088/1083 6831/1088/1083
f 6831/1088/1083 6850/1088/1083 6851/1088/1084 6832/1088/1084
f 6832/1088/1084 6851/1088/1084 6852/1088/1085 6833/1088/1085
f 6833/1088/1085 6852/1088/1085 6853/1088/1099 6834/1088/1099
f 6834/1088/1099 6853/1088/1099 6854/1088/1087 6835/1088/1087
f 6835/1088/1087 6854/1088/1087 6855/1088/1102 6836/1088/1102
f 6836/1088/1102 6855/1088/1102 6856/1088/1089 6837/1088/1089
f 6837/1088/1089 6856/1088/1089 6857/1088/1090 6838/1088/1090
f 6838/1088/1090 6857/1088/1090 6858/1088/1103 6839/1088/1103
f 6839/1088/1103 6858/1088/1103 6859/1088/1092 6840/1088/1092
f 6840/1088/1092 6859/1088/1092 6860/1088/1093 6841/1088/1093
f 6841/1088/1093 6860/1088/1093 6861/1088/1094 6842/1088/1094
f 6842/1088/1094 6861/1088/1094 6862/1088/1095 6843/1088/1095
f 6843/1088/1095 6862/1088/1095 6863/1088/1096 6844/1088/1096
f 6844/1088/1096 6863/1088/1096 6864/1088/1097 6845/1088/1097
f 6845/1088/1097 6864/1088/1097 6846/1088/1078 6827/1088/1078
f 6865/1088/1078 6884/1088/1078 6885/1088/1079 6866/1088/1079
f 6866/1088/1079 6885/1088/1079 6886/1088/1080 6867/1088/1080
f 6867/1088/1080 6886/1088/1080 6887/1088/1081 6868/1088/1081
f 6868/1088/1081 6887/1088/1081 6888/1088/1082 6869/1088/1082
f 6869/1088/1082 6888/1088/1082 6889/1088/1098 6870/1088/1098
f 6870/1088/1098 6889/1088/1098 6890/1088/1085 6871/1088/1085
f 6871/1088/1085 6890/1088/1085 6891/1088/1086 6872/1088/1086
f 6872/1088/1086 6891/1088/1086 6892/1088/1087 6873/1088/1087
f 6873/1088/1087 6892/1088/1087 6893/1088/1628 6874/1088/1628
f 6874/1088/1628 6893/1088/1628 6894/1088/1089 6875/1088/1089
f 6875/1088/1089 6894/1088/1089 6895/1088/1090 6876/1088/1090
f 6876/1088/1090 6895/1088/1090 6896/1088/1091 6877/1088/1091
f 6877/1088/1091 6896/1088/1091 6897/1088/1092 6878/1088/1092
f 6878/1088/1092 6897/1088/1092 6898/1088/1093 6879/1088/1093
f 6879/1088/1093 6898/1088/1093 6899/1088/1629 6880/1088/1629
f 6880/1088/1629 6899/1088/1629 6900/1088/1095 6881/1088/1095
f 6881/1088/1095 6900/1088/1095 6901/1088/1096 6882/1088/1096
f 6882/1088/1096 6901/1088/1096 6902/1088/1627 6883/1088/1627
f 6883/1088/1627 6902/1088/1627 6884/1088/1078 6865/1088/1078
f 6903/1088/1078 6922/1088/1078 6923/1088/1079 6904/1088/1079
f 6904/1088/1079 6923/1088/1079 6924/1088/1080 6905/1088/1080
f 6905/1088/1080 6924/1088/1080 6925/1088/1081 6906/1088/1081
f 6906/1088/1081 6925/1088/1081 6926/1088/1083 6907/1088/1083
f 6907/1088/1083 6926/1088/1083 6927/1088/1084 6908/1088/1084
f 6908/1088/1084 6927/1088/1084 6928/1088/1085 6909/1088/1085
f 6909/1088/1085 6928/1088/1085 6929/1088/1086 6910/1088/1086
f 6910/1088/1086 6929/1088/1086 6930/1088/1087 6911/1088/1087
f 6911/1088/1087 6930/1088/1087 6931/1088/1628 6912/1088/1628
f 6912/1088/1628 6931/1088/1628 6932/1088/1089 6913/1088/1089
f 6913/1088/1089 6932/1088/1089 6933/1088/1090 6914/1088/1090
f 6914/1088/1090 6933/1088/1090 6934/1088/1091 6915/1088/1091
f 6915/1088/1091 6934/1088/1091 6935/1088/1092 6916/1088/1092
f 6916/1088/1092 6935/1088/1092 6936/1088/1093 6917/1088/1093
f 6917/1088/1093 6936/1088/1093 6937/1088/1629 6918/1088/1629
f 6918/1088/1629 6937/1088/1629 6938/1088/1095 6919/1088/1095
f 6919/1088/1095 6938/1088/1095 6939/1088/1096 6920/1088/1096
f 6920/1088/1096 6939/1088/1096 6940/1088/1627 6921/1088/1627
f 6921/1088/1627 6940/1088/1627 6922/1088/1078 6903/1088/1078
f 6941/1088/1078 6960/1088/1078 6961/1088/1079 6942/1088/1079
f 6942/1088/1079 6961/1088/1079 6962/1088/1080 6943/1088/1080
f 6943/1088/1080 6962/1088/1080 6963/1088/1081 6944/1088/1081
f 6944/1088/1081 6963/1088/1081 6964/1088/1083 6945/1088/1083
f 6945/1088/1083 6964/1088/1083 6965/1088/1084 6946/1088/1084
f 6946/1088/1084 6965/1088/1084 6966/1088/1085 6947/1088/1085
f 6947/1088/1085 6966/1088/1085 6967/1088/1086 6948/1088/1086
f 6948/1088/1086 6967/1088/1086 6968/1088/1087 6949/1088/1087
f 6949/1088/1087 6968/1088/1087 6969/1088/1628 6950/1088/1628
f 6950/1088/1628 6969/1088/1628 6970/1088/1089 6951/1088/1089
f 6951/1088/1089 6970/1088/1089 6971/1088/1090 6952/1088/1090
f 6952/1088/1090 6971/1088/1090 6972/1088/1091 6953/1088/1091
f 6953/1088/1091 6972/1088/1091 6973/1088/1092 6954/1088/1092
f 6954/1088/1092 6973/1088/1092 6974/1088/1093 6955/1088/1093
f 6955/1088/1093 6974/1088/1093 6975/1088/1629 6956/1088/1629
f 6956/1088/1629 6975/1088/1629 6976/1088/1095 6957/1088/1095
f 6957/1088/1095 6976/1088/1095 6977/1088/1096 6958/1088/1096
f 6958/1088/1096 6977/1088/1096 6978/1088/1627 6959/1088/1627
f 6959/1088/1627 6978/1088/1627 6960/1088/1078 6941/1088/1078
f 6979/1088/1078 6998/1088/1078 6999/1088/1079 6980/1088/1079
f 6980/1088/1079 6999/1088/1079 7000/1088/1080 6981/1088/1080
f 6981/1088/1080 7000/1088/1080 7001/1088/1081 6982/1088/1081
f 6982/1088/1081 7001/1088/1081 7002/1088/1083 6983/1088/1083
f 6983/1088/1083 7002/1088/1083 7003/1088/1084 6984/1088/1084
f 6984/1088/1084 7003/1088/1084 7004/1088/1085 6985/1088/1085
f 6985/1088/1085 7004/1088/1085 7005/1088/1086 6986/1088/1086
f 6986/1088/1086 7005/1088/1086 7006/1088/1087 6987/1088/1087
f 6987/1088/1087 7006/1088/1087 7007/1088/1628 6988/1088/1628
f 6988/1088/1628 7007/1088/1628 7008/1088/1089 6989/1088/1089
f 6989/1088/1089 7008/1088/1089 7009/1088/1090 6990/1088/1090
f 6990/1088/1090 7009/1088/1090 7010/1088/1091 6991/1088/1091
f 6991/1088/1091 7010/1088/1091 7011/1088/1092 6992/1088/1092
f 6992/1088/1092 7011/1088/1092 7012/1088/1093 6993/1088/1093
f 6993/1088/1093 7012/1088/1093 7013/1088/1629 6994/1088/1629
f 6994/1088/1629 7013/1088/1629 7014/1088/1095 6995/1088/1095
f 6995/1088/1095 7014/1088/1095 7015/1088/1096 6996/1088/1096
f 6996/1088/1096 7015/1088/1096 7016/1088/1627 6997/1088/1627
f 6997/1088/1627 7016/1088/1627 6998/1088/1078 6979/1088/1078
f 7017/1088/1078 7036/1088/1078 7037/1088/1079 7018/1088/1079
f 7018/1088/1079 7037/1088/1079 7038/1088/1080 7019/1088/1080
f 7019/1088/1080 7038/1088/1080 7039/1088/1081 7020/1088/1081
f 7020/1088/1081 7039/1088/1081 7040/1088/1082 7021/1088/1082
f 7021/1088/1082 7040/1088/1082 7041/1088/1098 7022/1088/1098
f 7022/1088/1098 7041/1088/1098 7042/1088/1085 7023/1088/1085
f 7023/1088/1085 7042/1088/1085 7043/1088/1086 7024/1088/1086
f 7024/1088/1086 7043/1088/1086 7044/1088/1087 7025/1088/1087
f 7025/1088/1087 7044/1088/1087 7045/1088/1628 7026/1088/1628
f 7026/1088/1628 7045/1088/1628 7046/1088/1089 7027/1088/1089
f 7027/1088/1089 7046/1088/1089 7047/1088/1090 7028/1088/1090
f 7028/1088/1090 7047/1088/1090 7048/1088/1091 7029/1088/1091
f 7029/1088/1091 7048/1088/1091 7049/1088/1092 7030/1088/1092
f 7030/1088/1092 7049/1088/1092 7050/1088/1093 7031/1088/1093
f 7031/1088/1093 7050/1088/1093 7051/1088/1629 7032/1088/1629
f 7032/1088/1629 7051/1088/1629 7052/1088/1095 7033/1088/1095
f 7033/1088/1095 7052/1088/1095 7053/1088/1096 7034/1088/1096
f 7034/1088/1096 7053/1088/1096 7054/1088/1627 7035/1088/1627
f 7035/1088/1627 7054/1088/1627 7036/1088/1078 7017/1088/1078
f 7055/1088/1078 7074/1088/1078 7075/1088/1079 7056/1088/1079
f 7056/1088/1079 7075/1088/1079 7076/1088/1080 7057/1088/1080
f 7057/1088/1080 7076/1088/1080 7077/1088/1081 7058/1088/1081
f 7058/1088/1081 7077/1088/1081 7078/1088/1083 7059/1088/1083
f 7059/1088/1083 7078/1088/1083 7079/1088/1084 7060/1088/1084
f 7060/1088/1084 7079/1088/1084 7080/1088/1085 7061/1088/1085
f 7061/1088/1085 7080/1088/1085 7081/1088/1086 7062/1088/1086
f 7062/1088/1086 7081/1088/1086 7082/1088/1087 7063/1088/1087
f 7063/1088/1087 7082/1088/1087 7083/1088/1628 7064/1088/1628
f 7064/1088/1628 7083/1088/1628 7084/1088/1089 7065/1088/1089
f 7065/1088/1089 7084/1088/1089 7085/1088/1090 7066/1088/1090
f 7066/1088/1090 7085/1088/1090 7086/1088/1091 7067/1088/1091
f 7067/1088/1091 7086/1088/1091 7087/1088/1092 7068/1088/1092
f 7068/1088/1092 7087/1088/1092 7088/1088/1093 7069/1088/1093
f 7069/1088/1093 7088/1088/1093 7089/1088/1629 7070/1088/1629
f 7070/1088/1629 7089/1088/1629 7090/1088/1095 7071/1088/1095
f 7071/1088/1095 7090/1088/1095 7091/1088/1096 7072/1088/1096
f 7072/1088/1096 7091/1088/1096 7092/1088/1627 7073/1088/1627
f 7073/1088/1627 7092/1088/1627 7074/1088/1078 7055/1088/1078
f 7093/1088/1630 7112/1088/1630 7113/1088/1631 7094/1088/1631
f 7094/1088/1631 7113/1088/1631 7114/1088/1080 7095/1088/1080
f 7095/1088/1080 7114/1088/1080 7115/1088/1081 7096/1088/1081
f 7096/1088/1081 7115/1088/1081 7116/1088/1082 7097/1088/1082
f 7097/1088/1082 7116/1088/1082 7117/1088/1084 7098/1088/1084
f 7098/1088/1084 7117/1088/1084 7118/1088/1085 7099/1088/1085
f 7099/1088/1085 7118/1088/1085 7119/1088/1632 7100/1088/1632
f 7100/1088/1632 7119/1088/1632 7120/1088/1633 7101/1088/1633
f 7101/1088/1633 7120/1088/1633 7121/1088/1628 7102/1088/1628
f 7102/1088/1628 7121/1088/1628 7122/1088/1089 7103/1088/1089
f 7103/1088/1089 7122/1088/1089 7123/1088/1090 7104/1088/1090
f 7104/1088/1090 7123/1088/1090 7124/1088/1091 7105/1088/1091
f 7105/1088/1091 7124/1088/1091 7125/1088/1092 7106/1088/1092
f 7106/1088/1092 7125/1088/1092 7126/1088/1093 7107/1088/1093
f 7107/1088/1093 7126/1088/1093 7127/1088/1629 7108/1088/1629
f 7108/1088/1629 7127/1088/1629 7128/1088/1095 7109/1088/1095
f 7109/1088/1095 7128/1088/1095 7129/1088/1096 7110/1088/1096
f 7110/1088/1096 7129/1088/1096 7130/1088/1634 7111/1088/1634
f 7111/1088/1634 7130/1088/1634 7112/1088/1630 7093/1088/1630
f 7131/1088/1078 7150/1088/1078 7151/1088/1079 7132/1088/1079
f 7132/1088/1079 7151/1088/1079 7152/1088/1080 7133/1088/1080
f 7133/1088/1080 7152/1088/1080 7153/1088/1081 7134/1088/1081
f 7134/1088/1081 7153/1088/1081 7154/1088/1083 7135/1088/1083
f 7135/1088/1083 7154/1088/1083 7155/1088/1084 7136/1088/1084
f 7136/1088/1084 7155/1088/1084 7156/1088/1085 7137/1088/1085
f 7137/1088/1085 7156/1088/1085 7157/1088/1086 7138/1088/1086
f 7138/1088/1086 7157/1088/1086 7158/1088/1087 7139/1088/1087
f 7139/1088/1087 7158/1088/1087 7159/1088/1628 7140/1088/1628
f 7140/1088/1628 7159/1088/1628 7160/1088/1089 7141/1088/1089
f 7141/1088/1089 7160/1088/1089 7161/1088/1090 7142/1088/1090
f 7142/1088/1090 7161/1088/1090 7162/1088/1091 7143/1088/1091
f 7143/1088/1091 7162/1088/1091 7163/1088/1092 7144/1088/1092
f 7144/1088/1092 7163/1088/1092 7164/1088/1093 7145/1088/1093
f 7145/1088/1093 7164/1088/1093 7165/1088/1629 7146/1088/1629
f 7146/1088/1629 7165/1088/1629 7166/1088/1095 7147/1088/1095
f 7147/1088/1095 7166/1088/1095 7167/1088/1096 7148/1088/1096
f 7148/1088/1096 7167/1088/1096 7168/1088/1627 7149/1088/1627
f 7149/1088/1627 7168/1088/1627 7150/1088/1078 7131/1088/1078
f 7169/1088/1078 7188/1088/1078 7189/1088/1079 7170/1088/1079
f 7170/1088/1079 7189/1088/1079 7190/1088/1080 7171/1088/1080
f 7171/1088/1080 7190/1088/1080 7191/1088/1081 7172/1088/1081
f 7172/1088/1081 7191/1088/1081 7192/1088/1082 7173/1088/1082
f 7173/1088/1082 7192/1088/1082 7193/1088/1098 7174/1088/1098
f 7174/1088/1098 7193/1088/1098 7194/1088/1085 7175/1088/1085
f 7175/1088/1085 7194/1088/1085 7195/1088/1086 7176/1088/1086
f 7176/1088/1086 7195/1088/1086 7196/1088/1087 7177/1088/1087
f 7177/1088/1087 7196/1088/1087 7197/1088/1628 7178/1088/1628
f 7178/1088/1628 7197/1088/1628 7198/1088/1089 7179/1088/1089
f 7179/1088/1089 7198/1088/1089 7199/1088/1090 7180/1088/1090
f 7180/1088/1090 7199/1088/1090 7200/1088/1091 7181/1088/1091
f 7181/1088/1091 7200/1088/1091 7201/1088/1092 7182/1088/1092
f 7182/1088/1092 7201/1088/1092 7202/1088/1093 7183/1088/1093
f 7183/1088/1093 7202/1088/1093 7203/1088/1094 7184/1088/1629
f 7184/1088/1629 7203/1088/1094 7204/1088/1095 7185/1088/1095
f 7185/1088/1095 7204/1088/1095 7205/1088/1096 7186/1088/1096
f 7186/1088/1096 7205/1088/1096 7206/1088/1627 7187/1088/1627
f 7187/1088/1627 7206/1088/1627 7188/1088/1078 7169/1088/1078
f 7207/1088/1105 7226/1088/1105 7227/1088/1106 7208/1088/1106
f 7208/1088/1106 7227/1088/1106 7228/1088/1107 7209/1088/1107
f 7209/1088/1107 7228/1088/1107 7229/1088/1124 7210/1088/1124
f 7210/1088/1124 7229/1088/1124 7230/1088/1109 7211/1088/1109
f 7211/1088/1109 7230/1088/1109 7231/1088/1110 7212/1088/1110
f 7212/1088/1110 7231/1088/1110 7232/1088/1111 7213/1088/1111
f 7213/1088/1111 7232/1088/1111 7233/1088/1112 7214/1088/1112
f 7214/1088/1112 7233/1088/1112 7234/1088/1113 7215/1088/1113
f 7215/1088/1113 7234/1088/1113 7235/1088/1127 7216/1088/1114
f 7216/1088/1114 7235/1088/1127 7236/1088/1115 7217/1088/1115
f 7217/1088/1115 7236/1088/1115 7237/1088/1116 7218/1088/1116
f 7218/1088/1116 7237/1088/1116 7238/1088/1117 7219/1088/1117
f 7219/1088/1117 7238/1088/1117 7239/1088/1118 7220/1088/1118
f 7220/1088/1118 7239/1088/1118 7240/1088/1119 7221/1088/1119
f 7221/1088/1119 7240/1088/1119 7241/1088/1120 7222/1088/1120
f 7222/1088/1120 7241/1088/1120 7242/1088/1121 7223/1088/1121
f 7223/1088/1121 7242/1088/1121 7243/1088/1130 7224/1088/1130
f 7224/1088/1130 7243/1088/1130 7244/1088/1123 7225/1088/1123
f 7225/1088/1123 7244/1088/1123 7226/1088/1105 7207/1088/1105
f 7245/1088/1105 7264/1088/1105 7265/1088/1106 7246/1088/1106
f 7246/1088/1106 7265/1088/1106 7266/1088/1107 7247/1088/1107
f 7247/1088/1107 7266/1088/1107 7267/1088/1108 7248/1088/1108
f 7248/1088/1108 7267/1088/1108 7268/1088/1109 7249/1088/1109
f 7249/1088/1109 7268/1088/1109 7269/1088/1110 7250/1088/1110
f 7250/1088/1110 7269/1088/1110 7270/1088/1126 7251/1088/1126
f 7251/1088/1126 7270/1088/1126 7271/1088/1112 7252/1088/1112
f 7252/1088/1112 7271/1088/1112 7272/1088/1113 7253/1088/1113
f 7253/1088/1113 7272/1088/1113 7273/1088/1127 7254/1088/1127
f 7254/1088/1127 7273/1088/1127 7274/1088/1115 7255/1088/1115
f 7255/1088/1115 7274/1088/1115 7275/1088/1116 7256/1088/1116
f 7256/1088/1116 7275/1088/1116 7276/1088/1117 7257/1088/1117
f 7257/1088/1117 7276/1088/1117 7277/1088/1118 7258/1088/1118
f 7258/1088/1118 7277/1088/1118 7278/1088/1119 7259/1088/1119
f 7259/1088/1119 7278/1088/1119 7279/1088/1129 7260/1088/1129
f 7260/1088/1129 7279/1088/1129 7280/1088/1121 7261/1088/1121
f 7261/1088/1121 7280/1088/1121 7281/1088/1122 7262/1088/1122
f 7262/1088/1122 7281/1088/1122 7282/1088/1123 7263/1088/1123
f 7263/1088/1123 7282/1088/1123 7264/1088/1105 7245/1088/1105
f 7283/1088/1105 7302/1088/1105 7303/1088/1106 7284/1088/1106
f 7284/1088/1106 7303/1088/1106 7304/1088/1107 7285/1088/1107
f 7285/1088/1107 7304/1088/1107 7305/1088/1108 7286/1088/1108
f 7286/1088/1108 7305/1088/1108 7306/1088/1109 7287/1088/1109
f 7287/1088/1109 7306/1088/1109 7307/1088/1110 7288/1088/1110
f 7288/1088/1110 7307/1088/1110 7308/1088/1111 7289/1088/1111
f 7289/1088/1111 7308/1088/1111 7309/1088/1112 7290/1088/1112
f 7290/1088/1112 7309/1088/1112 7310/1088/1113 7291/1088/1113
f 7291/1088/1113 7310/1088/1113 7311/1088/1114 7292/1088/1114
f 7292/1088/1114 7311/1088/1114 7312/1088/1115 7293/1088/1115
f 7293/1088/1115 7312/1088/1115 7313/1088/1116 7294/1088/1116
f 7294/1088/1116 7313/1088/1116 7314/1088/1131 7295/1088/1131
f 7295/1088/1131 7314/1088/1131 7315/1088/1132 7296/1088/1132
f 7296/1088/1132 7315/1088/1132 7316/1088/1119 7297/1088/1119
f 7297/1088/1119 7316/1088/1119 7317/1088/1129 7298/1088/1120
f 7298/1088/1120 7317/1088/1129 7318/1088/1121 7299/1088/1121
f 7299/1088/1121 7318/1088/1121 7319/1088/1130 7300/1088/1130
f 7300/1088/1130 7319/1088/1130 7320/1088/1123 7301/1088/1123
f 7301/1088/1123 7320/1088/1123 7302/1088/1105 7283/1088/1105
f 7321/1088/1105 7340/1088/1105 7341/1088/1106 7322/1088/1106
f 7322/1088/1106 7341/1088/1106 7342/1088/1107 7323/1088/1107
f 7323/1088/1107 7342/1088/1107 7343/1088/1108 7324/1088/1108
f 7324/1088/1108 7343/1088/1108 7344/1088/1109 7325/1088/1109
f 7325/1088/1109 7344/1088/1109 7345/1088/1110 7326/1088/1110
f 7326/1088/1110 7345/1088/1110 7346/1088/1111 7327/1088/1111
f 7327/1088/1111 7346/1088/1111 7347/1088/1112 7328/1088/1112
f 7328/1088/1112 7347/1088/1112 7348/1088/1113 7329/1088/1113
f 7329/1088/1113 7348/1088/1113 7349/1088/1127 7330/1088/1127
f 7330/1088/1127 7349/1088/1127 7350/1088/1128 7331/1088/1128
f 7331/1088/1128 7350/1088/1128 7351/1088/1116 7332/1088/1116
f 7332/1088/1116 7351/1088/1116 7352/1088/1117 7333/1088/1117
f 7333/1088/1117 7352/1088/1117 7353/1088/1118 7334/1088/1118
f 7334/1088/1118 7353/1088/1118 7354/1088/1119 7335/1088/1119
f 7335/1088/1119 7354/1088/1119 7355/1088/1129 7336/1088/1129
f 7336/1088/1129 7355/1088/1129 7356/1088/1121 7337/1088/1121
f 7337/1088/1121 7356/1088/1121 7357/1088/1130 7338/1088/1130
f 7338/1088/1130 7357/1088/1130 7358/1088/1123 7339/1088/1123
f 7339/1088/1123 7358/1088/1123 7340/1088/1105 7321/1088/1105
f 7359/1088/1105 7378/1088/1105 7379/1088/1106 7360/1088/1106
f 7360/1088/1106 7379/1088/1106 7380/1088/1107 7361/1088/1107
f 7361/1088/1107 7380/1088/1107 7381/1088/1124 7362/1088/1124
f 7362/1088/1124 7381/1088/1124 7382/1088/1109 7363/1088/1109
f 7363/1088/1109 7382/1088/1109 7383/1088/1110 7364/1088/1110
f 7364/1088/1110 7383/1088/1110 7384/1088/1111 7365/1088/1111
f 7365/1088/1111 7384/1088/1111 7385/1088/1112 7366/1088/1112
f 7366/1088/1112 7385/1088/1112 7386/1088/1113 7367/1088/1113
f 7367/1088/1113 7386/1088/1113 7387/1088/1127 7368/1088/1127
f 7368/1088/1127 7387/1088/1127 7388/1088/1128 7369/1088/1128
f 7369/1088/1128 7388/1088/1128 7389/1088/1116 7370/1088/1116
f 7370/1088/1116 7389/1088/1116 7390/1088/1131 7371/1088/1131
f 7371/1088/1131 7390/1088/1131 7391/1088/1132 7372/1088/1132
f 7372/1088/1132 7391/1088/1132 7392/1088/1119 7373/1088/1119
f 7373/1088/1119 7392/1088/1119 7393/1088/1129 7374/1088/1120
f 7374/1088/1120 7393/1088/1129 7394/1088/1121 7375/1088/1121
f 7375/1088/1121 7394/1088/1121 7395/1088/1130 7376/1088/1130
f 7376/1088/1130 7395/1088/1130 7396/1088/1123 7377/1088/1123
f 7377/1088/1123 7396/1088/1123 7378/1088/1105 7359/1088/1105
f 7397/1088/1105 7416/1088/1105 7417/1088/1106 7398/1088/1106
f 7398/1088/1106 7417/1088/1106 7418/1088/1107 7399/1088/1107
f 7399/1088/1107 7418/1088/1107 7419/1088/1124 7400/1088/1124
f 7400/1088/1124 7419/1088/1124 7420/1088/1109 7401/1088/1109
f 7401/1088/1109 7420/1088/1109 7421/1088/1110 7402/1088/1110
f 7402/1088/1110 7421/1088/1110 7422/1088/1111 7403/1088/1111
f 7403/1088/1111 7422/1088/1111 7423/1088/1112 7404/1088/1112
f 7404/1088/1112 7423/1088/1112 7424/1088/1113 7405/1088/1113
f 7405/1088/1113 7424/1088/1113 7425/1088/1127 7406/1088/1127
f 7406/1088/1127 7425/1088/1127 7426/1088/1128 7407/1088/1128
f 7407/1088/1128 7426/1088/1128 7427/1088/1116 7408/1088/1116
f 7408/1088/1116 7427/1088/1116 7428/1088/1131 7409/1088/1131
f 7409/1088/1131 7428/1088/1131 7429/1088/1132 7410/1088/1132
f 7410/1088/1132 7429/1088/1132 7430/1088/1119 7411/1088/1119
f 7411/1088/1119 7430/1088/1119 7431/1088/1635 7412/1088/1635
f 7412/1088/1635 7431/1088/1635 7432/1088/1121 7413/1088/1121
f 7413/1088/1121 7432/1088/1121 7433/1088/1130 7414/1088/1130
f 7414/1088/1130 7433/1088/1130 7434/1088/1123 7415/1088/1123
f 7415/1088/1123 7434/1088/1123 7416/1088/1105 7397/1088/1105
f 7435/1088/1105 7454/1088/1105 7455/1088/1106 7436/1088/1106
f 7436/1088/1106 7455/1088/1106 7456/1088/1107 7437/1088/1107
f 7437/1088/1107 7456/1088/1107 7457/1088/1124 7438/1088/1124
f 7438/1088/1124 7457/1088/1124 7458/1088/1109 7439/1088/1109
f 7439/1088/1109 7458/1088/1109 7459/1088/1110 7440/1088/1110
f 7440/1088/1110 7459/1088/1110 7460/1088/1111 7441/1088/1111
f 7441/1088/1111 7460/1088/1111 7461/1088/1112 7442/1088/1112
f 7442/1088/1112 7461/1088/1112 7462/1088/1113 7443/1088/1113
f 7443/1088/1113 7462/1088/1113 7463/1088/1114 7444/1088/1114
f 7444/1088/1114 7463/1088/1114 7464/1088/1115 7445/1088/1115
f 7445/1088/1115 7464/1088/1115 7465/1088/1116 7446/1088/1116
f 7446/1088/1116 7465/1088/1116 7466/1088/1117 7447/1088/1117
f 7447/1088/1117 7466/1088/1117 7467/1088/1132 7448/1088/1132
f 7448/1088/1132 7467/1088/1132 7468/1088/1119 7449/1088/1119
f 7449/1088/1119 7468/1088/1119 7469/1088/1120 7450/1088/1120
f 7450/1088/1120 7469/1088/1120 7470/1088/1121 7451/1088/1121
f 7451/1088/1121 7470/1088/1121 7471/1088/1130 7452/1088/1130
f 7452/1088/1130 7471/1088/1130 7472/1088/1123 7453/1088/1123
f 7453/1088/1123 7472/1088/1123 7454/1088/1105 7435/1088/1105
f 7473/1088/1105 7492/1088/1105 7493/1088/1106 7474/1088/1106
f 7474/1088/1106 7493/1088/1106 7494/1088/1107 7475/1088/1107
f 7475/1088/1107 7494/1088/1107 7495/1088/1124 7476/1088/1124
f 7476/1088/1124 7495/1088/1124 7496/1088/1109 7477/1088/1109
f 7477/1088/1109 7496/1088/1109 7497/1088/1110 7478/1088/1110
f 7478/1088/1110 7497/1088/1110 7498/1088/1111 7479/1088/1111
f 7479/1088/1111 7498/1088/1111 7499/1088/1112 7480/1088/1112
f 7480/1088/1112 7499/1088/1112 7500/1088/1113 7481/1088/1113
f 7481/1088/1113 7500/1088/1113 7501/1088/1127 7482/1088/1127
f 7482/1088/1127 7501/1088/1127 7502/1088/1128 7483/1088/1128
f 7483/1088/1128 7502/1088/1128 7503/1088/1116 7484/1088/1116
f 7484/1088/1116 7503/1088/1116 7504/1088/1117 7485/1088/1117
f 7485/1088/1117 7504/1088/1117 7505/1088/1118 7486/1088/1118
f 7486/1088/1118 7505/1088/1118 7506/1088/1119 7487/1088/1119
f 7487/1088/1119 7506/1088/1119 7507/1088/1129 7488/1088/1129
f 7488/1088/1129 7507/1088/1129 7508/1088/1121 7489/1088/1121
f 7489/1088/1121 7508/1088/1121 7509/1088/1130 7490/1088/1130
f 7490/1088/1130 7509/1088/1130 7510/1088/1123 7491/1088/1123
f 7491/1088/1123 7510/1088/1123 7492/1088/1105 7473/1088/1105
f 7511/1088/1105 7530/1088/1105 7531/1088/1106 7512/1088/1636
f 7512/1088/1636 7531/1088/1106 7532/1088/1107 7513/1088/1107
f 7513/1088/1107 7532/1088/1107 7533/1088/1124 7514/1088/1124
f 7514/1088/1124 7533/1088/1124 7534/1088/1637 7515/1088/1637
f 7515/1088/1637 7534/1088/1637 7535/1088/1638 7516/1088/1638
f 7516/1088/1638 7535/1088/1638 7536/1088/1639 7517/1088/1639
f 7517/1088/1639 7536/1088/1639 7537/1088/1112 7518/1088/1112
f 7518/1088/1112 7537/1088/1112 7538/1088/1113 7519/1088/1113
f 7519/1088/1113 7538/1088/1113 7539/1088/1127 7520/1088/1114
f 7520/1088/1114 7539/1088/1127 7540/1088/1128 7521/1088/1128
f 7521/1088/1128 7540/1088/1128 7541/1088/1116 7522/1088/1116
f 7522/1088/1116 7541/1088/1116 7542/1088/1640 7523/1088/1640
f 7523/1088/1640 7542/1088/1640 7543/1088/1641 7524/1088/1641
f 7524/1088/1641 7543/1088/1641 7544/1088/1119 7525/1088/1119
f 7525/1088/1119 7544/1088/1119 7545/1088/1642 7526/1088/1642
f 7526/1088/1642 7545/1088/1642 7546/1088/1121 7527/1088/1121
f 7527/1088/1121 7546/1088/1121 7547/1088/1130 7528/1088/1130
f 7528/1088/1130 7547/1088/1130 7548/1088/1123 7529/1088/1123
f 7529/1088/1123 7548/1088/1123 7530/1088/1105 7511/1088/1105
f 7549/1088/1105 7568/1088/1105 7569/1088/1106 7550/1088/1106
f 7550/1088/1106 7569/1088/1106 7570/1088/1107 7551/1088/1107
f 7551/1088/1107 7570/1088/1107 7571/1088/1108 7552/1088/1108
f 7552/1088/1108 7571/1088/1108 7572/1088/1109 7553/1088/1109
f 7553/1088/1109 7572/1088/1109 7573/1088/1110 7554/1088/1110
f 7554/1088/1110 7573/1088/1110 7574/1088/1111 7555/1088/1111
f 7555/1088/1111 7574/1088/1111 7575/1088/1112 7556/1088/1112
f 7556/1088/1112 7575/1088/1112 7576/1088/1113 7557/1088/1113
f 7557/1088/1113 7576/1088/1113 7577/1088/1114 7558/1088/1127
f 7558/1088/1127 7577/1088/1114 7578/1088/1128 7559/1088/1128
f 7559/1088/1128 7578/1088/1128 7579/1088/1116 7560/1088/1116
f 7560/1088/1116 7579/1088/1116 7580/1088/1117 7561/1088/1117
f 7561/1088/1117 7580/1088/1117 7581/1088/1118 7562/1088/1118
f 7562/1088/1118 7581/1088/1118 7582/1088/1119 7563/1088/1119
f 7563/1088/1119 7582/1088/1119 7583/1088/1129 7564/1088/1129
f 7564/1088/1129 7583/1088/1129 7584/1088/1121 7565/1088/1121
f 7565/1088/1121 7584/1088/1121 7585/1088/1130 7566/1088/1130
f 7566/1088/1130 7585/1088/1130 7586/1088/1123 7567/1088/1123
f 7567/1088/1123 7586/1088/1123 7568/1088/1105 7549/1088/1105
f 7587/1088/1105 7606/1088/1105 7607/1088/1106 7588/1088/1106
f 7588/1088/1106 7607/1088/1106 7608/1088/1107 7589/1088/1107
f 7589/1088/1107 7608/1088/1107 7609/1088/1124 7590/1088/1124
f 7590/1088/1124 7609/1088/1124 7610/1088/1109 7591/1088/1109
f 7591/1088/1109 7610/1088/1109 7611/1088/1110 7592/1088/1110
f 7592/1088/1110 7611/1088/1110 7612/1088/1111 7593/1088/1111
f 7593/1088/1111 7612/1088/1111 7613/1088/1112 7594/1088/1112
f 7594/1088/1112 7613/1088/1112 7614/1088/1113 7595/1088/1113
f 7595/1088/1113 7614/1088/1113 7615/1088/1127 7596/1088/1114
f 7596/1088/1114 7615/1088/1127 7616/1088/1128 7597/1088/1128
f 7597/1088/1128 7616/1088/1128 7617/1088/1116 7598/1088/1116
f 7598/1088/1116 7617/1088/1116 7618/1088/1131 7599/1088/1131
f 7599/1088/1131 7618/1088/1131 7619/1088/1132 7600/1088/1132
f 7600/1088/1132 7619/1088/1132 7620/1088/1119 7601/1088/1119
f 7601/1088/1119 7620/1088/1119 7621/1088/1120 7602/1088/1129
f 7602/1088/1129 7621/1088/1120 7622/1088/1121 7603/1088/1121
f 7603/1088/1121 7622/1088/1121 7623/1088/1130 7604/1088/1130
f 7604/1088/1130 7623/1088/1130 7624/1088/1123 7605/1088/1123
f 7605/1088/1123 7624/1088/1123 7606/1088/1105 7587/1088/1105
