# Blender 4.5.1 LTS
# www.blender.org
mtllib metanol.mtl
o metanol
v 0.368167 0.357131 -0.419256
v 0.368167 0.293090 -0.483298
v 0.368167 0.176800 -0.552999
v 0.368167 0.134112 -0.568273
v 0.368167 0.090132 -0.579289
v 0.368167 0.045284 -0.585942
v 0.368167 -0.045284 -0.585942
v 0.368167 -0.090132 -0.579289
v 0.368167 -0.217785 -0.533614
v 0.368167 -0.256673 -0.510306
v 0.368167 -0.293090 -0.483298
v 0.368167 -0.357131 -0.419256
v 0.368167 -0.384139 -0.382840
v 0.368167 -0.407448 -0.343952
v 0.368167 -0.453123 -0.216298
v 0.368167 -0.459775 -0.171451
v 0.377001 0.459775 -0.170581
v 0.385751 0.453123 -0.214567
v 0.394331 0.442106 -0.257701
v 0.402659 0.426832 -0.299569
v 0.410654 0.407448 -0.339767
v 0.418241 0.384139 -0.377908
v 0.425346 0.357131 -0.413625
v 0.431899 0.326683 -0.446573
v 0.437839 0.293090 -0.476435
v 0.443108 0.256673 -0.502925
v 0.447656 0.217785 -0.525785
v 0.451438 0.176800 -0.544798
v 0.454417 0.134112 -0.559778
v 0.456567 0.090132 -0.570583
v 0.457864 0.045284 -0.577108
v 0.458298 -0.000000 -0.579289
v 0.457864 -0.045284 -0.577108
v 0.456567 -0.090132 -0.570583
v 0.454417 -0.134112 -0.559778
v 0.451438 -0.176800 -0.544798
v 0.447656 -0.217785 -0.525785
v 0.443108 -0.256673 -0.502925
v 0.437839 -0.293090 -0.476435
v 0.431899 -0.326683 -0.446573
v 0.425346 -0.357131 -0.413625
v 0.418241 -0.384139 -0.377908
v 0.410654 -0.407448 -0.339767
v 0.402659 -0.426832 -0.299569
v 0.394331 -0.442106 -0.257701
v 0.385751 -0.453123 -0.214567
v 0.377001 -0.459775 -0.170581
v 0.385496 0.459775 -0.168004
v 0.402659 0.453123 -0.209438
v 0.419489 0.442106 -0.250070
v 0.435825 0.426832 -0.289508
v 0.451509 0.407448 -0.327374
v 0.466391 0.384139 -0.363302
v 0.480327 0.357131 -0.396946
v 0.493183 0.326683 -0.427983
v 0.504835 0.293090 -0.456113
v 0.515170 0.256673 -0.481065
v 0.524090 0.217785 -0.502599
v 0.531508 0.176800 -0.520508
v 0.537354 0.134112 -0.534620
v 0.541569 0.090132 -0.544798
v 0.544115 0.045284 -0.550944
v 0.544966 -0.000000 -0.552999
v 0.544115 -0.045284 -0.550944
v 0.541569 -0.090132 -0.544798
v 0.537354 -0.134112 -0.534620
v 0.531508 -0.176800 -0.520508
v 0.524090 -0.217785 -0.502599
v 0.515170 -0.256673 -0.481065
v 0.504835 -0.293090 -0.456113
v 0.493183 -0.326683 -0.427983
v 0.480327 -0.357131 -0.396946
v 0.466391 -0.384139 -0.363302
v 0.451509 -0.407448 -0.327374
v 0.435825 -0.426832 -0.289508
v 0.419489 -0.442106 -0.250070
v 0.402659 -0.453123 -0.209438
v 0.385496 -0.459775 -0.168004
v 0.393325 0.459775 -0.163819
v 0.418241 0.453123 -0.201108
v 0.442675 0.442106 -0.237676
v 0.466391 0.426832 -0.273170
v 0.489162 0.407448 -0.307249
v 0.510767 0.384139 -0.339583
v 0.530999 0.357131 -0.369862
v 0.549662 0.326683 -0.397794
v 0.566578 0.293090 -0.423110
v 0.581583 0.256673 -0.445567
v 0.594532 0.217785 -0.464947
v 0.605302 0.176800 -0.481065
v 0.613788 0.134112 -0.493765
v 0.619908 0.090132 -0.502925
v 0.623604 0.045284 -0.508456
v 0.624840 -0.000000 -0.510306
v 0.623604 -0.045284 -0.508456
v 0.619908 -0.090132 -0.502925
v 0.613788 -0.134112 -0.493765
v 0.605302 -0.176800 -0.481065
v 0.594532 -0.217785 -0.464947
v 0.581583 -0.256673 -0.445567
v 0.566578 -0.293090 -0.423110
v 0.549662 -0.326683 -0.397794
v 0.530999 -0.357131 -0.369862
v 0.510767 -0.384139 -0.339583
v 0.489162 -0.407448 -0.307249
v 0.466391 -0.426832 -0.273170
v 0.442675 -0.442106 -0.237676
v 0.418241 -0.453123 -0.201108
v 0.393325 -0.459775 -0.163819
v 0.400187 0.459775 -0.158187
v 0.431899 0.453123 -0.189899
v 0.462998 0.442106 -0.220998
v 0.493183 0.426832 -0.251183
v 0.522164 0.407448 -0.280164
v 0.549662 0.384139 -0.307662
v 0.575412 0.357131 -0.333412
v 0.599167 0.326683 -0.357167
v 0.620696 0.293090 -0.378696
v 0.639794 0.256673 -0.397794
v 0.656276 0.217785 -0.414276
v 0.669983 0.176800 -0.427983
v 0.680783 0.134112 -0.438783
v 0.688573 0.090132 -0.446573
v 0.693277 0.045284 -0.451277
v 0.694850 -0.000000 -0.452850
v 0.693277 -0.045284 -0.451277
v 0.688573 -0.090132 -0.446573
v 0.680783 -0.134112 -0.438783
v 0.669983 -0.176800 -0.427983
v 0.656276 -0.217785 -0.414276
v 0.639794 -0.256673 -0.397794
v 0.620696 -0.293090 -0.378696
v 0.599167 -0.326683 -0.357167
v 0.575412 -0.357131 -0.333412
v 0.549662 -0.384139 -0.307662
v 0.522164 -0.407448 -0.280164
v 0.493183 -0.426832 -0.251183
v 0.462998 -0.442106 -0.220998
v 0.431899 -0.453123 -0.189899
v 0.400187 -0.459775 -0.158187
v 0.405819 0.459775 -0.151325
v 0.443108 0.453123 -0.176241
v 0.479676 0.442106 -0.200675
v 0.515170 0.426832 -0.224391
v 0.549248 0.407448 -0.247162
v 0.581583 0.384139 -0.268767
v 0.611862 0.357131 -0.288999
v 0.639794 0.326683 -0.307662
v 0.665110 0.293090 -0.324578
v 0.687567 0.256673 -0.339583
v 0.706947 0.217785 -0.352532
v 0.723065 0.176800 -0.363302
v 0.735765 0.134112 -0.371788
v 0.744925 0.090132 -0.377908
v 0.750456 0.045284 -0.381604
v 0.752306 -0.000000 -0.382840
v 0.750456 -0.045284 -0.381604
v 0.744925 -0.090132 -0.377908
v 0.735765 -0.134112 -0.371788
v 0.723065 -0.176800 -0.363302
v 0.706947 -0.217785 -0.352532
v 0.687567 -0.256673 -0.339583
v 0.665110 -0.293090 -0.324578
v 0.639794 -0.326683 -0.307662
v 0.611862 -0.357131 -0.288999
v 0.581583 -0.384139 -0.268767
v 0.549248 -0.407448 -0.247162
v 0.515170 -0.426832 -0.224391
v 0.479676 -0.442106 -0.200675
v 0.443108 -0.453123 -0.176241
v 0.405819 -0.459775 -0.151325
v 0.410004 0.459775 -0.143496
v 0.451438 0.453123 -0.160659
v 0.492070 0.442106 -0.177489
v 0.531508 0.426832 -0.193825
v 0.569374 0.407448 -0.209509
v 0.605302 0.384139 -0.224391
v 0.638946 0.357131 -0.238327
v 0.669983 0.326683 -0.251183
v 0.698112 0.293090 -0.262835
v 0.723065 0.256673 -0.273170
v 0.744599 0.217785 -0.282090
v 0.762508 0.176800 -0.289508
v 0.776620 0.134112 -0.295353
v 0.786798 0.090132 -0.299569
v 0.792944 0.045284 -0.302115
v 0.794999 -0.000000 -0.302966
v 0.792944 -0.045284 -0.302115
v 0.786798 -0.090132 -0.299569
v 0.776620 -0.134112 -0.295353
v 0.762508 -0.176800 -0.289508
v 0.744599 -0.217785 -0.282090
v 0.723065 -0.256673 -0.273170
v 0.698112 -0.293090 -0.262835
v 0.669983 -0.326683 -0.251183
v 0.638946 -0.357131 -0.238327
v 0.605302 -0.384139 -0.224391
v 0.569374 -0.407448 -0.209509
v 0.531508 -0.426832 -0.193825
v 0.492070 -0.442106 -0.177489
v 0.451438 -0.453123 -0.160659
v 0.410004 -0.459775 -0.143496
v 0.412580 0.459775 -0.135001
v 0.456567 0.453123 -0.143751
v 0.499701 0.442106 -0.152331
v 0.541569 0.426832 -0.160659
v 0.581767 0.407448 -0.168654
v 0.619908 0.384139 -0.176241
v 0.655625 0.357131 -0.183346
v 0.688573 0.326683 -0.189899
v 0.718435 0.293090 -0.195839
v 0.744924 0.256673 -0.201108
v 0.767785 0.217785 -0.205656
v 0.786798 0.176800 -0.209438
v 0.801778 0.134112 -0.212417
v 0.812583 0.090132 -0.214567
v 0.819108 0.045284 -0.215864
v 0.821289 -0.000000 -0.216298
v 0.819108 -0.045284 -0.215864
v 0.812583 -0.090132 -0.214567
v 0.801778 -0.134112 -0.212417
v 0.786798 -0.176800 -0.209438
v 0.767785 -0.217785 -0.205656
v 0.744924 -0.256673 -0.201108
v 0.718435 -0.293090 -0.195839
v 0.688573 -0.326683 -0.189899
v 0.655625 -0.357131 -0.183346
v 0.619908 -0.384139 -0.176241
v 0.581767 -0.407448 -0.168654
v 0.541569 -0.426832 -0.160659
v 0.499701 -0.442106 -0.152331
v 0.456567 -0.453123 -0.143751
v 0.412580 -0.459775 -0.135001
v 0.413451 0.459775 -0.126167
v 0.458298 0.453123 -0.126167
v 0.502278 0.442106 -0.126167
v 0.544966 0.426832 -0.126167
v 0.585952 0.407448 -0.126167
v 0.624840 0.384139 -0.126167
v 0.661256 0.357131 -0.126167
v 0.694850 0.326683 -0.126167
v 0.725297 0.293090 -0.126167
v 0.752306 0.256673 -0.126167
v 0.775614 0.217785 -0.126167
v 0.794999 0.176800 -0.126167
v 0.810273 0.134112 -0.126167
v 0.821289 0.090132 -0.126167
v 0.827942 0.045284 -0.126167
v 0.830167 -0.000000 -0.126167
v 0.827942 -0.045284 -0.126167
v 0.821289 -0.090132 -0.126167
v 0.810273 -0.134112 -0.126167
v 0.794999 -0.176800 -0.126167
v 0.775614 -0.217785 -0.126167
v 0.752306 -0.256673 -0.126167
v 0.725297 -0.293090 -0.126167
v 0.694850 -0.326683 -0.126167
v 0.661256 -0.357131 -0.126167
v 0.624840 -0.384139 -0.126167
v 0.585952 -0.407448 -0.126167
v 0.544966 -0.426832 -0.126167
v 0.502278 -0.442106 -0.126167
v 0.458298 -0.453123 -0.126167
v 0.413451 -0.459775 -0.126167
v 0.412580 0.459775 -0.117332
v 0.456566 0.453123 -0.108583
v 0.499701 0.442106 -0.100003
v 0.541569 0.426832 -0.091675
v 0.581767 0.407448 -0.083679
v 0.619908 0.384139 -0.076092
v 0.655625 0.357131 -0.068988
v 0.688573 0.326683 -0.062434
v 0.718435 0.293090 -0.056494
v 0.744924 0.256673 -0.051225
v 0.767785 0.217785 -0.046678
v 0.786798 0.176800 -0.042896
v 0.801778 0.134112 -0.039916
v 0.812583 0.090132 -0.037767
v 0.819107 0.045284 -0.036469
v 0.821289 -0.000000 -0.036035
v 0.819107 -0.045284 -0.036469
v 0.812583 -0.090132 -0.037767
v 0.801778 -0.134112 -0.039916
v 0.786798 -0.176800 -0.042896
v 0.767785 -0.217785 -0.046678
v 0.744924 -0.256673 -0.051225
v 0.718435 -0.293090 -0.056494
v 0.688573 -0.326683 -0.062434
v 0.655625 -0.357131 -0.068988
v 0.619908 -0.384139 -0.076092
v 0.581767 -0.407448 -0.083679
v 0.541569 -0.426832 -0.091675
v 0.499701 -0.442106 -0.100003
v 0.456566 -0.453123 -0.108583
v 0.412580 -0.459775 -0.117332
v 0.410004 0.459775 -0.108837
v 0.451437 0.453123 -0.091675
v 0.492069 0.442106 -0.074844
v 0.531508 0.426832 -0.058508
v 0.569374 0.407448 -0.042824
v 0.605302 0.384139 -0.027942
v 0.638946 0.357131 -0.014006
v 0.669983 0.326683 -0.001150
v 0.698112 0.293090 0.010501
v 0.723065 0.256673 0.020837
v 0.744599 0.217785 0.029757
v 0.762508 0.176800 0.037175
v 0.776620 0.134112 0.043020
v 0.786798 0.090132 0.047236
v 0.792944 0.045284 0.049782
v 0.794999 0.000000 0.050633
v 0.792944 -0.045284 0.049782
v 0.786798 -0.090132 0.047236
v 0.776620 -0.134112 0.043020
v 0.762508 -0.176800 0.037175
v 0.744599 -0.217785 0.029757
v 0.723065 -0.256673 0.020837
v 0.698112 -0.293090 0.010501
v 0.669983 -0.326683 -0.001150
v 0.638946 -0.357131 -0.014006
v 0.605302 -0.384139 -0.027942
v 0.569374 -0.407448 -0.042824
v 0.531508 -0.426832 -0.058508
v 0.492069 -0.442106 -0.074844
v 0.451437 -0.453123 -0.091675
v 0.410004 -0.459775 -0.108837
v 0.405819 0.459775 -0.101008
v 0.443108 0.453123 -0.076092
v 0.479676 0.442106 -0.051658
v 0.515170 0.426832 -0.027942
v 0.549248 0.407448 -0.005172
v 0.581583 0.384139 0.016433
v 0.611862 0.357131 0.036665
v 0.639794 0.326683 0.055329
v 0.665110 0.293090 0.072245
v 0.687566 0.256673 0.087249
v 0.706947 0.217785 0.100199
v 0.723065 0.176800 0.110969
v 0.735765 0.134112 0.119454
v 0.744924 0.090132 0.125575
v 0.750456 0.045284 0.129271
v 0.752305 0.000000 0.130507
v 0.750456 -0.045284 0.129271
v 0.744924 -0.090132 0.125575
v 0.735765 -0.134112 0.119454
v 0.723065 -0.176800 0.110969
v 0.706947 -0.217785 0.100199
v 0.687566 -0.256673 0.087249
v 0.665110 -0.293090 0.072245
v 0.639794 -0.326683 0.055329
v 0.611862 -0.357131 0.036665
v 0.581583 -0.384139 0.016433
v 0.549248 -0.407448 -0.005172
v 0.515170 -0.426832 -0.027942
v 0.479676 -0.442106 -0.051658
v 0.443108 -0.453123 -0.076092
v 0.405819 -0.459775 -0.101008
v 0.400187 0.459775 -0.094146
v 0.431899 0.453123 -0.062434
v 0.462998 0.442106 -0.031336
v 0.493183 0.426832 -0.001150
v 0.522164 0.407448 0.027831
v 0.549662 0.384139 0.055329
v 0.575412 0.357131 0.081079
v 0.599167 0.326683 0.104833
v 0.620696 0.293090 0.126363
v 0.639794 0.256673 0.145461
v 0.656276 0.217785 0.161942
v 0.669983 0.176800 0.175649
v 0.680783 0.134112 0.186450
v 0.688573 0.090132 0.194239
v 0.693277 0.045284 0.198943
v 0.694850 0.000000 0.200517
v 0.693277 -0.045284 0.198943
v 0.688573 -0.090132 0.194239
v 0.680783 -0.134112 0.186450
v 0.669983 -0.176800 0.175649
v 0.656276 -0.217785 0.161942
v 0.639794 -0.256673 0.145461
v 0.620696 -0.293090 0.126363
v 0.599167 -0.326683 0.104833
v 0.575412 -0.357131 0.081079
v 0.549662 -0.384139 0.055329
v 0.522164 -0.407448 0.027831
v 0.493183 -0.426832 -0.001150
v 0.462998 -0.442106 -0.031336
v 0.431899 -0.453123 -0.062434
v 0.400187 -0.459775 -0.094146
v 0.393325 0.459775 -0.088514
v 0.418241 0.453123 -0.051225
v 0.442675 0.442106 -0.014657
v 0.466391 0.426832 0.020837
v 0.489162 0.407448 0.054915
v 0.510767 0.384139 0.087249
v 0.530998 0.357131 0.117528
v 0.549662 0.326683 0.145461
v 0.566578 0.293090 0.170777
v 0.581583 0.256673 0.193233
v 0.594532 0.217785 0.212613
v 0.605302 0.176800 0.228731
v 0.613788 0.134112 0.241431
v 0.619908 0.090132 0.250591
v 0.623604 0.045284 0.256122
v 0.624840 0.000000 0.257972
v 0.623604 -0.045284 0.256122
v 0.619908 -0.090132 0.250591
v 0.613788 -0.134112 0.241431
v 0.605302 -0.176800 0.228731
v 0.594532 -0.217785 0.212613
v 0.581583 -0.256673 0.193233
v 0.566578 -0.293090 0.170777
v 0.549662 -0.326683 0.145461
v 0.530998 -0.357131 0.117528
v 0.510767 -0.384139 0.087249
v 0.489162 -0.407448 0.054915
v 0.466391 -0.426832 0.020837
v 0.442675 -0.442106 -0.014657
v 0.418241 -0.453123 -0.051225
v 0.393325 -0.459775 -0.088514
v 0.385496 0.459775 -0.084330
v 0.402659 0.453123 -0.042896
v 0.419489 0.442106 -0.002264
v 0.435825 0.426832 0.037175
v 0.451509 0.407448 0.075041
v 0.466391 0.384139 0.110969
v 0.480327 0.357131 0.144613
v 0.493183 0.326683 0.175649
v 0.504835 0.293090 0.203779
v 0.515170 0.256673 0.228731
v 0.524090 0.217785 0.250266
v 0.531508 0.176800 0.268175
v 0.537353 0.134112 0.282286
v 0.541569 0.090132 0.292464
v 0.544115 0.045284 0.298610
v 0.544966 0.000000 0.300665
v 0.544115 -0.045284 0.298610
v 0.541569 -0.090132 0.292464
v 0.537353 -0.134112 0.282286
v 0.531508 -0.176800 0.268175
v 0.524090 -0.217785 0.250266
v 0.515170 -0.256673 0.228731
v 0.504835 -0.293090 0.203779
v 0.493183 -0.326683 0.175649
v 0.480327 -0.357131 0.144613
v 0.466391 -0.384139 0.110969
v 0.451509 -0.407448 0.075041
v 0.435825 -0.426832 0.037175
v 0.419489 -0.442106 -0.002264
v 0.402659 -0.453123 -0.042896
v 0.385496 -0.459775 -0.084330
v 0.377001 0.459775 -0.081753
v 0.385750 0.453123 -0.037767
v 0.394331 0.442106 0.005368
v 0.402659 0.426832 0.047236
v 0.410654 0.407448 0.087434
v 0.418241 0.384139 0.125575
v 0.425346 0.357131 0.161291
v 0.431899 0.326683 0.194239
v 0.437839 0.293090 0.224102
v 0.443108 0.256673 0.250591
v 0.447656 0.217785 0.273452
v 0.451438 0.176800 0.292464
v 0.454417 0.134112 0.307445
v 0.456566 0.090132 0.318249
v 0.457864 0.045284 0.324774
v 0.458298 0.000000 0.326956
v 0.457864 -0.045284 0.324774
v 0.456566 -0.090132 0.318249
v 0.454417 -0.134112 0.307445
v 0.451438 -0.176800 0.292464
v 0.447656 -0.217785 0.273452
v 0.443108 -0.256673 0.250591
v 0.437839 -0.293090 0.224102
v 0.431899 -0.326683 0.194239
v 0.425346 -0.357131 0.161291
v 0.418241 -0.384139 0.125575
v 0.410654 -0.407448 0.087434
v 0.402659 -0.426832 0.047236
v 0.394331 -0.442106 0.005368
v 0.385750 -0.453123 -0.037767
v 0.377001 -0.459775 -0.081753
v 0.368167 0.459775 -0.080883
v 0.368167 0.453123 -0.036035
v 0.368167 0.442106 0.007945
v 0.368167 0.426832 0.050633
v 0.368167 0.407448 0.091618
v 0.368167 0.384139 0.130507
v 0.368167 0.357131 0.166923
v 0.368167 0.326683 0.200517
v 0.368167 0.293090 0.230964
v 0.368167 0.256673 0.257972
v 0.368167 0.217785 0.281281
v 0.368167 0.176800 0.300666
v 0.368167 0.134112 0.315940
v 0.368167 0.090132 0.326956
v 0.368167 0.045284 0.333608
v 0.368167 0.000000 0.335833
v 0.368167 -0.045284 0.333608
v 0.368167 -0.090132 0.326956
v 0.368167 -0.134112 0.315940
v 0.368167 -0.176800 0.300666
v 0.368167 -0.217785 0.281281
v 0.368167 -0.256673 0.257972
v 0.368167 -0.293090 0.230964
v 0.368167 -0.326683 0.200517
v 0.368167 -0.357131 0.166923
v 0.368167 -0.384139 0.130507
v 0.368167 -0.407448 0.091618
v 0.368167 -0.426832 0.050633
v 0.368167 -0.442106 0.007945
v 0.368167 -0.453123 -0.036035
v 0.368167 -0.459775 -0.080883
v 0.368167 -0.462000 -0.126167
v 0.368167 0.462000 -0.126167
v 0.359332 0.459775 -0.081753
v 0.350583 0.453123 -0.037767
v 0.342003 0.442106 0.005368
v 0.333675 0.426832 0.047236
v 0.325679 0.407448 0.087434
v 0.318092 0.384139 0.125575
v 0.310988 0.357131 0.161291
v 0.304434 0.326683 0.194239
v 0.298494 0.293090 0.224102
v 0.293225 0.256673 0.250591
v 0.288678 0.217785 0.273452
v 0.284896 0.176800 0.292464
v 0.281916 0.134112 0.307445
v 0.279767 0.090132 0.318249
v 0.278469 0.045284 0.324774
v 0.278035 0.000000 0.326956
v 0.278469 -0.045284 0.324774
v 0.279767 -0.090132 0.318249
v 0.281916 -0.134112 0.307445
v 0.284896 -0.176800 0.292464
v 0.288678 -0.217785 0.273452
v 0.293225 -0.256673 0.250591
v 0.298494 -0.293090 0.224102
v 0.304434 -0.326683 0.194239
v 0.310988 -0.357131 0.161291
v 0.318092 -0.384139 0.125575
v 0.325679 -0.407448 0.087434
v 0.333675 -0.426832 0.047236
v 0.342003 -0.442106 0.005368
v 0.350583 -0.453123 -0.037767
v 0.359332 -0.459775 -0.081753
v 0.350837 0.459775 -0.084330
v 0.333675 0.453123 -0.042896
v 0.316844 0.442106 -0.002264
v 0.300508 0.426832 0.037175
v 0.284824 0.407448 0.075041
v 0.269942 0.384139 0.110968
v 0.256006 0.357131 0.144613
v 0.243150 0.326683 0.175649
v 0.231499 0.293090 0.203779
v 0.221163 0.256673 0.228731
v 0.212243 0.217785 0.250266
v 0.204825 0.176800 0.268175
v 0.198980 0.134112 0.282286
v 0.194764 0.090132 0.292464
v 0.192218 0.045284 0.298610
v 0.191367 0.000000 0.300665
v 0.192218 -0.045284 0.298610
v 0.194764 -0.090132 0.292464
v 0.198980 -0.134112 0.282286
v 0.204825 -0.176800 0.268175
v 0.212243 -0.217785 0.250266
v 0.221163 -0.256673 0.228731
v 0.231499 -0.293090 0.203779
v 0.243150 -0.326683 0.175649
v 0.256006 -0.357131 0.144613
v 0.269942 -0.384139 0.110968
v 0.284824 -0.407448 0.075041
v 0.300508 -0.426832 0.037175
v 0.316844 -0.442106 -0.002264
v 0.333675 -0.453123 -0.042896
v 0.350837 -0.459775 -0.084330
v 0.343008 0.459775 -0.088515
v 0.318092 0.453123 -0.051225
v 0.293658 0.442106 -0.014657
v 0.269942 0.426832 0.020837
v 0.247172 0.407448 0.054915
v 0.225567 0.384139 0.087249
v 0.205335 0.357131 0.117528
v 0.186671 0.326683 0.145461
v 0.169755 0.293090 0.170777
v 0.154751 0.256673 0.193233
v 0.141801 0.217785 0.212613
v 0.131031 0.176800 0.228731
v 0.122545 0.134112 0.241431
v 0.116425 0.090132 0.250591
v 0.112729 0.045284 0.256122
v 0.111493 0.000000 0.257972
v 0.112729 -0.045284 0.256122
v 0.116425 -0.090132 0.250591
v 0.122545 -0.134112 0.241431
v 0.131031 -0.176800 0.228731
v 0.141801 -0.217785 0.212613
v 0.154751 -0.256673 0.193233
v 0.169755 -0.293090 0.170777
v 0.186671 -0.326683 0.145461
v 0.205335 -0.357131 0.117528
v 0.225567 -0.384139 0.087249
v 0.247172 -0.407448 0.054915
v 0.269942 -0.426832 0.020837
v 0.293658 -0.442106 -0.014657
v 0.318092 -0.453123 -0.051225
v 0.343008 -0.459775 -0.088515
v 0.336146 0.459775 -0.094146
v 0.304434 0.453123 -0.062434
v 0.273336 0.442106 -0.031336
v 0.243150 0.426832 -0.001150
v 0.214169 0.407448 0.027831
v 0.186671 0.384139 0.055329
v 0.160921 0.357131 0.081079
v 0.137167 0.326683 0.104833
v 0.115637 0.293090 0.126363
v 0.096539 0.256673 0.145460
v 0.080058 0.217785 0.161942
v 0.066351 0.176800 0.175649
v 0.055550 0.134112 0.186450
v 0.047761 0.090132 0.194239
v 0.043057 0.045284 0.198943
v 0.041483 0.000000 0.200516
v 0.043057 -0.045284 0.198943
v 0.047761 -0.090132 0.194239
v 0.055550 -0.134112 0.186450
v 0.066351 -0.176800 0.175649
v 0.080058 -0.217785 0.161942
v 0.096539 -0.256673 0.145460
v 0.115637 -0.293090 0.126363
v 0.137167 -0.326683 0.104833
v 0.160921 -0.357131 0.081079
v 0.186671 -0.384139 0.055329
v 0.214169 -0.407448 0.027831
v 0.243150 -0.426832 -0.001150
v 0.273336 -0.442106 -0.031336
v 0.304434 -0.453123 -0.062434
v 0.336146 -0.459775 -0.094146
v 0.330514 0.459775 -0.101008
v 0.293225 0.453123 -0.076092
v 0.256657 0.442106 -0.051658
v 0.221163 0.426832 -0.027942
v 0.187085 0.407448 -0.005172
v 0.154751 0.384139 0.016433
v 0.124472 0.357131 0.036665
v 0.096539 0.326683 0.055329
v 0.071223 0.293090 0.072244
v 0.048767 0.256673 0.087249
v 0.029387 0.217785 0.100199
v 0.013269 0.176800 0.110969
v 0.000569 0.134112 0.119454
v -0.008591 0.090132 0.125575
v -0.014122 0.045284 0.129271
v -0.015972 0.000000 0.130506
v -0.014122 -0.045284 0.129271
v -0.008591 -0.090132 0.125575
v 0.000569 -0.134112 0.119454
v 0.013269 -0.176800 0.110969
v 0.029387 -0.217785 0.100199
v 0.048767 -0.256673 0.087249
v 0.071223 -0.293090 0.072244
v 0.096539 -0.326683 0.055329
v 0.124472 -0.357131 0.036665
v 0.154751 -0.384139 0.016433
v 0.187085 -0.407448 -0.005172
v 0.221163 -0.426832 -0.027942
v 0.256657 -0.442106 -0.051658
v 0.293225 -0.453123 -0.076092
v 0.330514 -0.459775 -0.101008
v 0.326330 0.459775 -0.108837
v 0.284896 0.453123 -0.091675
v 0.244264 0.442106 -0.074844
v 0.204825 0.426832 -0.058508
v 0.166959 0.407448 -0.042824
v 0.131031 0.384139 -0.027942
v 0.097387 0.357131 -0.014006
v 0.066351 0.326683 -0.001150
v 0.038221 0.293090 0.010501
v 0.013269 0.256673 0.020837
v -0.008266 0.217785 0.029757
v -0.026175 0.176800 0.037175
v -0.040286 0.134112 0.043020
v -0.050464 0.090132 0.047236
v -0.056610 0.045284 0.049782
v -0.058665 0.000000 0.050633
v -0.056610 -0.045284 0.049782
v -0.050464 -0.090132 0.047236
v -0.040286 -0.134112 0.043020
v -0.026175 -0.176800 0.037175
v -0.008266 -0.217785 0.029757
v 0.013269 -0.256673 0.020837
v 0.038221 -0.293090 0.010501
v 0.066351 -0.326683 -0.001150
v 0.097387 -0.357131 -0.014006
v 0.131031 -0.384139 -0.027942
v 0.166959 -0.407448 -0.042824
v 0.204825 -0.426832 -0.058508
v 0.244264 -0.442106 -0.074844
v 0.284896 -0.453123 -0.091675
v 0.326330 -0.459775 -0.108837
v 0.323753 0.459775 -0.117332
v 0.279767 0.453123 -0.108583
v 0.236632 0.442106 -0.100003
v 0.194764 0.426832 -0.091675
v 0.154566 0.407448 -0.083679
v 0.116425 0.384139 -0.076092
v 0.080709 0.357131 -0.068988
v 0.047761 0.326683 -0.062434
v 0.017898 0.293090 -0.056494
v -0.008591 0.256673 -0.051225
v -0.031452 0.217785 -0.046678
v -0.050464 0.176800 -0.042896
v -0.065445 0.134112 -0.039916
v -0.076249 0.090132 -0.037767
v -0.082774 0.045284 -0.036469
v -0.084956 -0.000000 -0.036035
v -0.082774 -0.045284 -0.036469
v -0.076249 -0.090132 -0.037767
v -0.065445 -0.134112 -0.039916
v -0.050464 -0.176800 -0.042896
v -0.031452 -0.217785 -0.046678
v -0.008591 -0.256673 -0.051225
v 0.017898 -0.293090 -0.056494
v 0.047761 -0.326683 -0.062434
v 0.080709 -0.357131 -0.068988
v 0.116425 -0.384139 -0.076092
v 0.154566 -0.407448 -0.083679
v 0.194764 -0.426832 -0.091675
v 0.236632 -0.442106 -0.100003
v 0.279767 -0.453123 -0.108583
v 0.323753 -0.459775 -0.117332
v 0.322883 0.459775 -0.126167
v 0.278035 0.453123 -0.126167
v 0.234055 0.442106 -0.126167
v 0.191367 0.426832 -0.126167
v 0.150382 0.407448 -0.126167
v 0.111493 0.384139 -0.126167
v 0.075077 0.357131 -0.126167
v 0.041483 0.326683 -0.126167
v 0.011036 0.293090 -0.126167
v -0.015972 0.256673 -0.126167
v -0.039281 0.217785 -0.126167
v -0.058666 0.176800 -0.126167
v -0.073940 0.134112 -0.126167
v -0.084956 0.090132 -0.126167
v -0.091608 0.045284 -0.126167
v -0.093833 -0.000000 -0.126167
v -0.091608 -0.045284 -0.126167
v -0.084956 -0.090132 -0.126167
v -0.073940 -0.134112 -0.126167
v -0.058666 -0.176800 -0.126167
v -0.039281 -0.217785 -0.126167
v -0.015972 -0.256673 -0.126167
v 0.011036 -0.293090 -0.126167
v 0.041483 -0.326683 -0.126167
v 0.075077 -0.357131 -0.126167
v 0.111493 -0.384139 -0.126167
v 0.150382 -0.407448 -0.126167
v 0.191367 -0.426832 -0.126167
v 0.234055 -0.442106 -0.126167
v 0.278035 -0.453123 -0.126167
v 0.322883 -0.459775 -0.126167
v 0.323753 0.459775 -0.135001
v 0.279767 0.453123 -0.143751
v 0.236632 0.442106 -0.152331
v 0.194764 0.426832 -0.160659
v 0.154566 0.407448 -0.168655
v 0.116425 0.384139 -0.176241
v 0.080709 0.357131 -0.183346
v 0.047761 0.326683 -0.189899
v 0.017898 0.293090 -0.195839
v -0.008591 0.256673 -0.201109
v -0.031452 0.217785 -0.205656
v -0.050464 0.176800 -0.209438
v -0.065445 0.134112 -0.212417
v -0.076249 0.090132 -0.214567
v -0.082774 0.045284 -0.215864
v -0.084956 -0.000000 -0.216299
v -0.082774 -0.045284 -0.215864
v -0.076249 -0.090132 -0.214567
v -0.065445 -0.134112 -0.212417
v -0.050464 -0.176800 -0.209438
v -0.031452 -0.217785 -0.205656
v -0.008591 -0.256673 -0.201109
v 0.017898 -0.293090 -0.195839
v 0.047761 -0.326683 -0.189899
v 0.080709 -0.357131 -0.183346
v 0.116425 -0.384139 -0.176241
v 0.154566 -0.407448 -0.168655
v 0.194764 -0.426832 -0.160659
v 0.236632 -0.442106 -0.152331
v 0.279767 -0.453123 -0.143751
v 0.323753 -0.459775 -0.135001
v 0.326330 0.459775 -0.143496
v 0.284896 0.453123 -0.160659
v 0.244264 0.442106 -0.177489
v 0.204825 0.426832 -0.193825
v 0.166959 0.407448 -0.209510
v 0.131032 0.384139 -0.224391
v 0.097387 0.357131 -0.238327
v 0.066351 0.326683 -0.251183
v 0.038221 0.293090 -0.262835
v 0.013269 0.256673 -0.273170
v -0.008266 0.217785 -0.282090
v -0.026175 0.176800 -0.289508
v -0.040286 0.134112 -0.295354
v -0.050464 0.090132 -0.299569
v -0.056610 0.045284 -0.302115
v -0.058665 -0.000000 -0.302966
v -0.056610 -0.045284 -0.302115
v -0.050464 -0.090132 -0.299569
v -0.040286 -0.134112 -0.295354
v -0.026175 -0.176800 -0.289508
v -0.008266 -0.217785 -0.282090
v 0.013269 -0.256673 -0.273170
v 0.038221 -0.293090 -0.262835
v 0.066351 -0.326683 -0.251183
v 0.097387 -0.357131 -0.238327
v 0.131032 -0.384139 -0.224391
v 0.166959 -0.407448 -0.209510
v 0.204825 -0.426832 -0.193825
v 0.244264 -0.442106 -0.177489
v 0.284896 -0.453123 -0.160659
v 0.326330 -0.459775 -0.143496
v 0.330514 0.459775 -0.151325
v 0.293225 0.453123 -0.176241
v 0.256657 0.442106 -0.200675
v 0.221163 0.426832 -0.224391
v 0.187085 0.407448 -0.247162
v 0.154751 0.384139 -0.268767
v 0.124472 0.357131 -0.288999
v 0.096539 0.326683 -0.307662
v 0.071223 0.293090 -0.324578
v 0.048767 0.256673 -0.339583
v 0.029387 0.217785 -0.352532
v 0.013269 0.176800 -0.363302
v 0.000569 0.134112 -0.371788
v -0.008591 0.090132 -0.377908
v -0.014122 0.045284 -0.381604
v -0.015972 -0.000000 -0.382840
v -0.014122 -0.045284 -0.381604
v -0.008591 -0.090132 -0.377908
v 0.000569 -0.134112 -0.371788
v 0.013269 -0.176800 -0.363302
v 0.029387 -0.217785 -0.352532
v 0.048767 -0.256673 -0.339583
v 0.071223 -0.293090 -0.324578
v 0.096539 -0.326683 -0.307662
v 0.124472 -0.357131 -0.288999
v 0.154751 -0.384139 -0.268767
v 0.187085 -0.407448 -0.247162
v 0.221163 -0.426832 -0.224391
v 0.256657 -0.442106 -0.200675
v 0.293225 -0.453123 -0.176241
v 0.330514 -0.459775 -0.151325
v 0.336146 0.459775 -0.158187
v 0.304434 0.453123 -0.189899
v 0.273336 0.442106 -0.220998
v 0.243150 0.426832 -0.251183
v 0.214169 0.407448 -0.280164
v 0.186671 0.384139 -0.307662
v 0.160921 0.357131 -0.333412
v 0.137167 0.326683 -0.357167
v 0.115637 0.293090 -0.378696
v 0.096540 0.256673 -0.397794
v 0.080058 0.217785 -0.414275
v 0.066351 0.176800 -0.427983
v 0.055550 0.134112 -0.438783
v 0.047761 0.090132 -0.446573
v 0.043057 0.045284 -0.451277
v 0.041484 -0.000000 -0.452850
v 0.043057 -0.045284 -0.451277
v 0.047761 -0.090132 -0.446573
v 0.055550 -0.134112 -0.438783
v 0.066351 -0.176800 -0.427983
v 0.080058 -0.217785 -0.414275
v 0.096540 -0.256673 -0.397794
v 0.115637 -0.293090 -0.378696
v 0.137167 -0.326683 -0.357167
v 0.160921 -0.357131 -0.333412
v 0.186671 -0.384139 -0.307662
v 0.214169 -0.407448 -0.280164
v 0.243150 -0.426832 -0.251183
v 0.273336 -0.442106 -0.220998
v 0.304434 -0.453123 -0.189899
v 0.336146 -0.459775 -0.158187
v 0.343008 0.459775 -0.163819
v 0.318092 0.453123 -0.201108
v 0.293658 0.442106 -0.237676
v 0.269942 0.426832 -0.273170
v 0.247172 0.407448 -0.307248
v 0.225567 0.384139 -0.339583
v 0.205335 0.357131 -0.369862
v 0.186671 0.326683 -0.397794
v 0.169756 0.293090 -0.423110
v 0.154751 0.256673 -0.445566
v 0.141801 0.217785 -0.464947
v 0.131031 0.176800 -0.481065
v 0.122546 0.134112 -0.493765
v 0.116425 0.090132 -0.502924
v 0.112729 0.045284 -0.508456
v 0.111494 -0.000000 -0.510305
v 0.112729 -0.045284 -0.508456
v 0.116425 -0.090132 -0.502924
v 0.122546 -0.134112 -0.493765
v 0.131031 -0.176800 -0.481065
v 0.141801 -0.217785 -0.464947
v 0.154751 -0.256673 -0.445566
v 0.169756 -0.293090 -0.423110
v 0.186671 -0.326683 -0.397794
v 0.205335 -0.357131 -0.369862
v 0.225567 -0.384139 -0.339583
v 0.247172 -0.407448 -0.307248
v 0.269942 -0.426832 -0.273170
v 0.293658 -0.442106 -0.237676
v 0.318092 -0.453123 -0.201108
v 0.343008 -0.459775 -0.163819
v 0.350837 0.459775 -0.168004
v 0.333675 0.453123 -0.209437
v 0.316844 0.442106 -0.250069
v 0.300508 0.426832 -0.289508
v 0.284824 0.407448 -0.327374
v 0.269942 0.384139 -0.363302
v 0.256006 0.357131 -0.396946
v 0.243150 0.326683 -0.427983
v 0.231499 0.293090 -0.456112
v 0.221163 0.256673 -0.481065
v 0.212243 0.217785 -0.502599
v 0.204825 0.176800 -0.520508
v 0.198980 0.134112 -0.534620
v 0.194764 0.090132 -0.544797
v 0.192219 0.045284 -0.550943
v 0.191367 -0.000000 -0.552999
v 0.192219 -0.045284 -0.550943
v 0.194764 -0.090132 -0.544797
v 0.198980 -0.134112 -0.534620
v 0.204825 -0.176800 -0.520508
v 0.212243 -0.217785 -0.502599
v 0.221163 -0.256673 -0.481065
v 0.231499 -0.293090 -0.456112
v 0.243150 -0.326683 -0.427983
v 0.256006 -0.357131 -0.396946
v 0.269942 -0.384139 -0.363302
v 0.284824 -0.407448 -0.327374
v 0.300508 -0.426832 -0.289508
v 0.316844 -0.442106 -0.250069
v 0.333675 -0.453123 -0.209437
v 0.350837 -0.459775 -0.168004
v 0.359332 0.459775 -0.170580
v 0.350583 0.453123 -0.214566
v 0.342003 0.442106 -0.257701
v 0.333675 0.426832 -0.299569
v 0.325679 0.407448 -0.339767
v 0.318092 0.384139 -0.377908
v 0.310988 0.357131 -0.413624
v 0.304434 0.326683 -0.446573
v 0.298494 0.293090 -0.476435
v 0.293225 0.256673 -0.502924
v 0.288678 0.217785 -0.525785
v 0.284896 0.176800 -0.544797
v 0.281916 0.134112 -0.559778
v 0.279767 0.090132 -0.570583
v 0.278469 0.045284 -0.577107
v 0.278035 -0.000000 -0.579289
v 0.278469 -0.045284 -0.577107
v 0.279767 -0.090132 -0.570583
v 0.281916 -0.134112 -0.559778
v 0.284896 -0.176800 -0.544797
v 0.288678 -0.217785 -0.525785
v 0.293225 -0.256673 -0.502924
v 0.298494 -0.293090 -0.476435
v 0.304434 -0.326683 -0.446573
v 0.310988 -0.357131 -0.413624
v 0.318092 -0.384139 -0.377908
v 0.325679 -0.407448 -0.339767
v 0.333675 -0.426832 -0.299569
v 0.342003 -0.442106 -0.257701
v 0.350583 -0.453123 -0.214566
v 0.359332 -0.459775 -0.170580
v 0.368167 0.459775 -0.171451
v 0.368167 0.453123 -0.216298
v 0.368167 0.442106 -0.260278
v 0.368167 0.426832 -0.302966
v 0.368167 0.407448 -0.343952
v 0.368167 0.384139 -0.382840
v 0.368167 0.326683 -0.452850
v 0.368167 0.256673 -0.510305
v 0.368167 0.217785 -0.533614
v 0.368167 -0.000000 -0.588166
v 0.368167 -0.134112 -0.568273
v 0.368167 -0.176800 -0.552999
v 0.368167 -0.326683 -0.452850
v 0.368167 -0.426832 -0.302966
v 0.368167 -0.442106 -0.260278
v 0.362004 0.106066 -0.020279
v 0.360337 0.065879 0.008365
v 0.359518 0.018554 0.022431
v 0.359636 -0.030782 0.020394
v 0.360679 -0.076783 0.002475
v 0.362534 -0.114463 -0.029385
v 0.364998 -0.139739 -0.071732
v 0.367806 -0.149872 -0.119978
v 0.370653 -0.143764 -0.168894
v 0.373231 -0.122077 -0.213180
v 0.375260 -0.087161 -0.248037
v 0.376520 -0.042800 -0.269687
v 0.376875 0.006199 -0.275784
v 0.376286 0.054526 -0.265668
v 0.374817 0.096945 -0.240435
v 0.372628 0.128858 -0.202819
v 0.369955 0.146808 -0.156896
v 0.367089 0.148848 -0.107643
v 0.364339 0.134759 -0.060397
v 0.310421 0.065879 0.005460
v 0.309602 0.018554 0.019526
v 0.317173 0.148848 -0.110548
v 0.314423 0.134759 -0.063303
v 0.312094 0.106066 -0.023183
v 0.309728 -0.030782 0.017490
v 0.310770 -0.076783 -0.000430
v 0.312623 -0.114463 -0.032289
v 0.315086 -0.139739 -0.074636
v 0.317891 -0.149872 -0.122882
v 0.320736 -0.143764 -0.171799
v 0.323311 -0.122077 -0.216085
v 0.325338 -0.087161 -0.250942
v 0.326597 -0.042800 -0.272592
v 0.326951 0.006199 -0.278689
v 0.326363 0.054526 -0.268573
v 0.324896 0.096945 -0.243340
v 0.322708 0.128858 -0.205724
v 0.320038 0.146808 -0.159801
v 0.260512 0.065879 0.002559
v 0.259694 0.018554 0.016624
v 0.259813 -0.030782 0.014587
v 0.265170 -0.139739 -0.077539
v 0.267975 -0.149872 -0.125785
v 0.270820 -0.143764 -0.174701
v 0.272793 0.128858 -0.208626
v 0.270122 0.146808 -0.162703
v 0.262174 0.106066 -0.026086
v 0.260850 -0.076783 -0.003332
v 0.262704 -0.114463 -0.035192
v 0.273399 -0.122077 -0.218987
v 0.275427 -0.087161 -0.253844
v 0.276687 -0.042800 -0.275494
v 0.277042 0.006199 -0.281591
v 0.276453 0.054526 -0.271475
v 0.274985 0.096945 -0.246242
v 0.267258 0.148848 -0.113450
v 0.264508 0.134759 -0.066204
v 0.209773 0.018554 0.013720
v 0.209892 -0.030782 0.011682
v 0.210934 -0.076783 -0.006237
v 0.226537 0.054526 -0.274380
v 0.222880 0.128858 -0.211530
v 0.220208 0.146808 -0.165607
v 0.214593 0.134759 -0.069109
v 0.212258 0.106066 -0.028989
v 0.210591 0.065879 -0.000345
v 0.212788 -0.114463 -0.038095
v 0.215252 -0.139739 -0.080442
v 0.218060 -0.149872 -0.128688
v 0.220906 -0.143764 -0.177604
v 0.223483 -0.122077 -0.221890
v 0.225511 -0.087161 -0.256747
v 0.226771 -0.042800 -0.278397
v 0.227126 0.006199 -0.284495
v 0.225069 0.096945 -0.249145
v 0.217342 0.148848 -0.116353
v 0.162343 0.106066 -0.031894
v 0.160676 0.065879 -0.003249
v 0.161019 -0.076783 -0.009140
v 0.162872 -0.114463 -0.040999
v 0.165337 -0.139739 -0.083346
v 0.168144 -0.149872 -0.131592
v 0.164677 0.134759 -0.072012
v 0.159859 0.018554 0.010817
v 0.159978 -0.030782 0.008780
v 0.170990 -0.143764 -0.180508
v 0.173566 -0.122077 -0.224794
v 0.175594 -0.087162 -0.259651
v 0.176854 -0.042800 -0.281301
v 0.177208 0.006199 -0.287398
v 0.176620 0.054526 -0.277282
v 0.175152 0.096945 -0.252049
v 0.172963 0.128858 -0.214433
v 0.170292 0.146808 -0.168510
v 0.167426 0.148848 -0.119257
v 0.109944 0.018554 0.007913
v 0.110062 -0.030782 0.005876
v 0.118228 -0.149872 -0.134495
v 0.123651 -0.122077 -0.227698
v 0.126938 -0.042800 -0.284205
v 0.117511 0.148848 -0.122161
v 0.112429 0.106066 -0.034796
v 0.110763 0.065879 -0.006152
v 0.111105 -0.076783 -0.012042
v 0.112959 -0.114463 -0.043902
v 0.115422 -0.139739 -0.086249
v 0.121074 -0.143764 -0.183411
v 0.125678 -0.087162 -0.262554
v 0.127292 0.006199 -0.290302
v 0.126703 0.054526 -0.280186
v 0.125235 0.096945 -0.254952
v 0.123047 0.128858 -0.217336
v 0.120376 0.146808 -0.171413
v 0.114763 0.134759 -0.074915
v 0.060847 0.065879 -0.009055
v 0.060029 0.018554 0.005010
v 0.060147 -0.030782 0.002973
v 0.061190 -0.076783 -0.014946
v 0.063043 -0.114463 -0.046805
v 0.065506 -0.139739 -0.089152
v 0.071158 -0.143764 -0.186315
v 0.067595 0.148848 -0.125064
v 0.064847 0.134759 -0.077818
v 0.062514 0.106066 -0.037699
v 0.068313 -0.149872 -0.137398
v 0.073734 -0.122077 -0.230601
v 0.075761 -0.087162 -0.265458
v 0.077021 -0.042800 -0.287108
v 0.077375 0.006199 -0.293205
v 0.076787 0.054526 -0.283089
v 0.075319 0.096945 -0.257856
v 0.073131 0.128858 -0.220240
v 0.070460 0.146808 -0.174317
v 0.012598 0.106066 -0.040603
v 0.010932 0.065879 -0.011958
v 0.010114 0.018554 0.002107
v 0.010233 -0.030782 0.000070
v 0.013128 -0.114463 -0.049708
v 0.015591 -0.139739 -0.092056
v 0.018397 -0.149872 -0.140301
v 0.017680 0.148848 -0.127967
v 0.014932 0.134759 -0.080721
v 0.011275 -0.076782 -0.017849
v 0.021242 -0.143764 -0.189218
v 0.023818 -0.122078 -0.233504
v 0.025846 -0.087162 -0.268361
v 0.027105 -0.042801 -0.290011
v 0.027460 0.006198 -0.296109
v 0.026871 0.054526 -0.285993
v 0.025403 0.096945 -0.260759
v 0.023216 0.128858 -0.223143
v 0.020545 0.146807 -0.177220
v -0.037317 0.106066 -0.043506
v -0.039801 0.018554 -0.000796
v -0.039683 -0.030782 -0.002833
v -0.038641 -0.076782 -0.020752
v -0.036788 -0.114462 -0.052611
v -0.031518 -0.149872 -0.143204
v -0.026097 -0.122078 -0.236407
v -0.022456 0.006198 -0.299012
v -0.023045 0.054526 -0.288896
v -0.029371 0.146807 -0.180124
v -0.032236 0.148848 -0.130871
v -0.034984 0.134759 -0.083625
v -0.038983 0.065880 -0.014862
v -0.034325 -0.139739 -0.094958
v -0.028673 -0.143764 -0.192121
v -0.024070 -0.087162 -0.271264
v -0.022811 -0.042801 -0.292914
v -0.024512 0.096945 -0.263663
v -0.026700 0.128858 -0.226047
v -0.084240 -0.139739 -0.097862
v -0.081434 -0.149872 -0.146108
v -0.078589 -0.143764 -0.195024
v -0.076013 -0.122078 -0.239311
v -0.072726 -0.042801 -0.295818
v -0.072372 0.006198 -0.301915
v -0.074428 0.096945 -0.266566
v -0.087233 0.106066 -0.046409
v -0.088899 0.065880 -0.017765
v -0.089717 0.018554 -0.003699
v -0.089599 -0.030782 -0.005736
v -0.088556 -0.076782 -0.023655
v -0.086703 -0.114462 -0.055515
v -0.073986 -0.087162 -0.274167
v -0.072960 0.054526 -0.291799
v -0.076616 0.128858 -0.228950
v -0.079287 0.146807 -0.183027
v -0.082151 0.148848 -0.133774
v -0.084899 0.134759 -0.086528
v -0.139633 0.018554 -0.006603
v -0.134156 -0.139739 -0.100765
v -0.128505 -0.143764 -0.197928
v -0.125929 -0.122078 -0.242214
v -0.122642 -0.042801 -0.298721
v -0.122287 0.006198 -0.304819
v -0.124343 0.096945 -0.269469
v -0.129202 0.146807 -0.185930
v -0.137149 0.106066 -0.049313
v -0.138815 0.065880 -0.020668
v -0.139514 -0.030782 -0.008640
v -0.138472 -0.076782 -0.026559
v -0.136619 -0.114462 -0.058418
v -0.131350 -0.149872 -0.149011
v -0.123901 -0.087162 -0.277071
v -0.122876 0.054526 -0.294703
v -0.126531 0.128858 -0.231853
v -0.132067 0.148848 -0.136677
v -0.134815 0.134759 -0.089432
v -0.187064 0.106066 -0.052216
v -0.188730 0.065880 -0.023572
v -0.189548 0.018554 -0.009506
v -0.189430 -0.030782 -0.011543
v -0.188388 -0.076782 -0.029462
v -0.186535 -0.114462 -0.061321
v -0.172203 0.006198 -0.307722
v -0.176447 0.128858 -0.234756
v -0.179118 0.146807 -0.188834
v -0.181983 0.148848 -0.139581
v -0.184731 0.134759 -0.092335
v -0.184071 -0.139739 -0.103669
v -0.181265 -0.149872 -0.151915
v -0.178421 -0.143764 -0.200831
v -0.175845 -0.122078 -0.245117
v -0.173818 -0.087162 -0.279974
v -0.172560 -0.042801 -0.301625
v -0.172793 0.054526 -0.297606
v -0.174261 0.096945 -0.272373
v -0.238644 0.065880 -0.026475
v -0.228336 -0.143764 -0.203734
v -0.225761 -0.122078 -0.248020
v -0.223734 -0.087162 -0.282877
v -0.222475 -0.042801 -0.304527
v -0.222121 0.006198 -0.310625
v -0.222709 0.054526 -0.300509
v -0.224176 0.096945 -0.275276
v -0.226364 0.128858 -0.237659
v -0.236980 0.106066 -0.055119
v -0.239464 0.018554 -0.012409
v -0.239346 -0.030782 -0.014446
v -0.238303 -0.076782 -0.032365
v -0.236450 -0.114462 -0.064225
v -0.233987 -0.139739 -0.106572
v -0.231181 -0.149872 -0.154818
v -0.229034 0.146807 -0.191737
v -0.231898 0.148848 -0.142484
v -0.234646 0.134759 -0.095238
v -0.286895 0.106066 -0.058023
v -0.288562 0.065880 -0.029378
v -0.289380 0.018554 -0.015313
v -0.289261 -0.030782 -0.017350
v -0.288219 -0.076782 -0.035269
v -0.286366 -0.114462 -0.067128
v -0.283903 -0.139739 -0.109475
v -0.272623 0.054526 -0.303413
v -0.278949 0.146807 -0.194640
v -0.281814 0.148848 -0.145387
v -0.284562 0.134759 -0.098141
v -0.281097 -0.149872 -0.157721
v -0.278252 -0.143764 -0.206638
v -0.275677 -0.122078 -0.250924
v -0.273650 -0.087162 -0.285781
v -0.272391 -0.042801 -0.307431
v -0.272036 0.006198 -0.313529
v -0.274092 0.096945 -0.278180
v -0.276279 0.128858 -0.240563
v -0.328168 -0.143764 -0.209540
v -0.325592 -0.122078 -0.253827
v -0.322306 -0.042801 -0.310334
v -0.321952 0.006198 -0.316432
v -0.322540 0.054526 -0.306316
v -0.324008 0.096945 -0.281082
v -0.326195 0.128858 -0.243466
v -0.336814 0.106066 -0.060925
v -0.338481 0.065880 -0.032281
v -0.339299 0.018554 -0.018215
v -0.339181 -0.030782 -0.020252
v -0.338138 -0.076783 -0.038172
v -0.336284 -0.114462 -0.070031
v -0.333820 -0.139739 -0.112378
v -0.331013 -0.149872 -0.160624
v -0.323561 -0.087162 -0.288683
v -0.328864 0.146807 -0.197543
v -0.331730 0.148848 -0.148290
v -0.334479 0.134759 -0.101044
v -0.386730 0.106066 -0.063830
v -0.388396 0.065880 -0.035186
v -0.389215 0.018554 -0.021120
v -0.389096 -0.030782 -0.023157
v -0.386200 -0.114462 -0.072935
v -0.378780 0.146807 -0.200447
v -0.381646 0.148848 -0.151194
v -0.384395 0.134759 -0.103949
v 0.469161 -0.082356 -0.051887
v 0.430896 -0.086591 -0.020966
v 0.385833 -0.081442 -0.001446
v 0.338856 -0.067467 0.004559
v 0.295054 -0.046182 -0.003603
v 0.259176 -0.019892 -0.025046
v 0.235108 0.008554 -0.057447
v 0.225460 0.036073 -0.097295
v 0.231276 0.059682 -0.140271
v 0.251926 0.076824 -0.181719
v 0.285172 0.085641 -0.217148
v 0.327413 0.085178 -0.242716
v 0.374069 0.075484 -0.255655
v 0.420086 0.057610 -0.254562
v 0.460477 0.033493 -0.239555
v 0.490864 0.005747 -0.212261
v 0.507955 -0.022622 -0.175637
v 0.509898 -0.048539 -0.133652
v 0.496482 -0.069197 -0.090856
v 0.446171 -0.045766 0.003528
v 0.525174 -0.007714 -0.109157
v 0.511757 -0.028372 -0.066361
v 0.484436 -0.041531 -0.027391
v 0.401108 -0.040617 0.023049
v 0.354131 -0.026642 0.029054
v 0.310329 -0.005357 0.020892
v 0.274451 0.020933 -0.000551
v 0.250383 0.049379 -0.032952
v 0.240735 0.076897 -0.072800
v 0.246551 0.100507 -0.115777
v 0.267201 0.117649 -0.157225
v 0.300447 0.126466 -0.192653
v 0.342688 0.126003 -0.218222
v 0.389344 0.116309 -0.231160
v 0.435361 0.098435 -0.230067
v 0.475752 0.074318 -0.215060
v 0.506139 0.046572 -0.187766
v 0.523230 0.018203 -0.151142
v 0.527033 0.012453 -0.041866
v 0.499711 -0.000706 -0.002896
v 0.461446 -0.004941 0.028024
v 0.416383 0.000208 0.047544
v 0.369405 0.014183 0.053548
v 0.325604 0.035468 0.045387
v 0.289726 0.061758 0.023944
v 0.265658 0.090203 -0.008457
v 0.256010 0.117722 -0.048305
v 0.261826 0.141332 -0.091282
v 0.282476 0.158474 -0.132730
v 0.315722 0.167291 -0.168158
v 0.357963 0.166827 -0.193727
v 0.404619 0.157134 -0.206665
v 0.450636 0.139260 -0.205572
v 0.491027 0.115144 -0.190565
v 0.521414 0.087397 -0.163271
v 0.538505 0.059028 -0.126647
v 0.540448 0.033111 -0.084662
v 0.476721 0.035884 0.052518
v 0.384680 0.055008 0.078043
v 0.340879 0.076293 0.069882
v 0.514986 0.040119 0.021599
v 0.431658 0.041033 0.072039
v 0.305001 0.102583 0.048439
v 0.280933 0.131028 0.016038
v 0.271285 0.158547 -0.023810
v 0.277100 0.182157 -0.066787
v 0.297751 0.199299 -0.108235
v 0.330997 0.208116 -0.143663
v 0.373238 0.207652 -0.169232
v 0.419894 0.197958 -0.182171
v 0.465911 0.180085 -0.181077
v 0.506302 0.155968 -0.166070
v 0.536689 0.128222 -0.138776
v 0.553780 0.099853 -0.102152
v 0.555723 0.073936 -0.060167
v 0.542307 0.053278 -0.017371
v 0.530261 0.080944 0.046093
v 0.491996 0.076709 0.077013
v 0.435169 0.238784 -0.157676
v 0.481186 0.220910 -0.156582
v 0.521577 0.196793 -0.141575
v 0.551964 0.169047 -0.114281
v 0.569055 0.140678 -0.077657
v 0.557582 0.094103 0.007124
v 0.446933 0.081858 0.096534
v 0.399955 0.095832 0.102538
v 0.356154 0.117118 0.094377
v 0.320276 0.143407 0.072934
v 0.296208 0.171853 0.040532
v 0.286559 0.199371 0.000685
v 0.292375 0.222981 -0.042292
v 0.313025 0.240123 -0.083740
v 0.346272 0.248940 -0.119168
v 0.388512 0.248477 -0.144737
v 0.570999 0.114761 -0.035672
v 0.545536 0.121769 0.070588
v 0.507271 0.117535 0.101509
v 0.462208 0.122683 0.121028
v 0.415230 0.136657 0.127033
v 0.371429 0.157943 0.118872
v 0.311483 0.212678 0.065027
v 0.496461 0.261735 -0.132087
v 0.586273 0.155586 -0.011177
v 0.572857 0.134928 0.031619
v 0.335552 0.184233 0.097431
v 0.301835 0.240196 0.025181
v 0.307650 0.263805 -0.017796
v 0.328299 0.280947 -0.059244
v 0.361545 0.289763 -0.094673
v 0.403785 0.289300 -0.120242
v 0.450442 0.279606 -0.133182
v 0.536850 0.237617 -0.117082
v 0.567238 0.209871 -0.089787
v 0.584330 0.181503 -0.053163
v 0.560813 0.162596 0.095083
v 0.322925 0.304630 0.006698
v 0.343574 0.321772 -0.034750
v 0.376820 0.330589 -0.070179
v 0.419060 0.330125 -0.095748
v 0.465717 0.320432 -0.108688
v 0.511734 0.302558 -0.107595
v 0.552125 0.278442 -0.092588
v 0.582513 0.250697 -0.065293
v 0.599605 0.222329 -0.028669
v 0.601549 0.196412 0.013316
v 0.522547 0.158357 0.126001
v 0.477483 0.163505 0.145521
v 0.430506 0.177479 0.151526
v 0.386704 0.198764 0.143365
v 0.350826 0.225054 0.121922
v 0.326758 0.253500 0.089522
v 0.317109 0.281020 0.049675
v 0.588133 0.175753 0.056112
v 0.576087 0.203417 0.119577
v 0.537821 0.199182 0.150497
v 0.445780 0.218303 0.176022
v 0.401979 0.239589 0.167861
v 0.342033 0.294325 0.114018
v 0.332384 0.321845 0.074171
v 0.358850 0.362599 -0.010253
v 0.434337 0.370955 -0.071249
v 0.527011 0.343388 -0.083096
v 0.567402 0.319272 -0.068089
v 0.614880 0.263155 -0.004172
v 0.603408 0.216578 0.080607
v 0.492760 0.204335 0.170020
v 0.366102 0.265883 0.146421
v 0.338199 0.345455 0.031195
v 0.392095 0.371413 -0.045683
v 0.480991 0.361256 -0.084192
v 0.597788 0.291521 -0.040797
v 0.616823 0.237236 0.037812
v 0.591363 0.244246 0.144073
v 0.357309 0.335153 0.138514
v 0.374124 0.403422 0.014240
v 0.407370 0.412239 -0.021189
v 0.449610 0.411775 -0.046758
v 0.542284 0.384208 -0.058605
v 0.582675 0.360092 -0.043598
v 0.613063 0.332347 -0.016304
v 0.630155 0.303979 0.020321
v 0.632098 0.278062 0.062306
v 0.618683 0.257405 0.105102
v 0.553098 0.240009 0.174992
v 0.508034 0.245157 0.194512
v 0.461056 0.259130 0.200517
v 0.417255 0.280414 0.192356
v 0.381376 0.306704 0.170913
v 0.347659 0.362668 0.098664
v 0.353474 0.386278 0.055688
v 0.496268 0.402085 -0.059695
v 0.606637 0.285070 0.168568
v 0.568372 0.280834 0.199488
v 0.523308 0.285982 0.219008
v 0.476331 0.299955 0.225012
v 0.432529 0.321240 0.216851
v 0.396650 0.347529 0.195408
v 0.372582 0.375974 0.163007
v 0.362933 0.403493 0.123159
v 0.597951 0.400921 -0.019100
v 0.647374 0.318888 0.086803
v 0.633958 0.298230 0.129598
v 0.368749 0.427104 0.080185
v 0.389399 0.444245 0.038736
v 0.422644 0.453062 0.003307
v 0.464884 0.452598 -0.022263
v 0.511541 0.442904 -0.035202
v 0.557558 0.425031 -0.034109
v 0.628337 0.373170 0.008192
v 0.645429 0.344802 0.044817
v 0.491608 0.340786 0.249509
v 0.411928 0.388360 0.219905
v 0.384024 0.467930 0.104678
v 0.404674 0.485071 0.063229
v 0.437920 0.493888 0.027800
v 0.480159 0.493424 0.002231
v 0.613224 0.441741 0.005391
v 0.660704 0.385628 0.069310
v 0.621912 0.325893 0.193061
v 0.583647 0.321657 0.223981
v 0.538583 0.326806 0.243502
v 0.447804 0.362065 0.241346
v 0.387858 0.416801 0.187503
v 0.378209 0.444320 0.147655
v 0.526818 0.483736 -0.010705
v 0.572835 0.465862 -0.009612
v 0.643614 0.413999 0.032688
v 0.662648 0.359711 0.111296
v 0.649233 0.339053 0.154092
v 0.637187 0.366717 0.217557
v 0.598921 0.362482 0.248477
v 0.553858 0.367630 0.267997
v 0.506881 0.381604 0.274002
v 0.463079 0.402889 0.265841
v 0.427201 0.429180 0.244399
v 0.403133 0.457626 0.211998
v 0.399300 0.508755 0.129175
v 0.419949 0.525898 0.087727
v 0.542093 0.524560 0.013791
v 0.588110 0.506687 0.014883
v 0.658889 0.454824 0.057184
v 0.675980 0.426454 0.093807
v 0.677923 0.400536 0.135791
v 0.664507 0.379877 0.178587
v 0.267172 0.026785 -0.018544
v 0.305437 0.052074 -0.000257
v 0.350500 0.071721 0.004386
v 0.397478 0.083595 -0.005118
v 0.441279 0.086411 -0.027740
v 0.477157 0.079863 -0.061029
v 0.501225 0.064660 -0.101375
v 0.510873 0.042450 -0.144409
v 0.505057 0.015641 -0.185465
v 0.484407 -0.012864 -0.220096
v 0.451160 -0.039975 -0.244548
v 0.408920 -0.062753 -0.256171
v 0.362263 -0.078732 -0.253707
v 0.316247 -0.086179 -0.237421
v 0.275856 -0.084286 -0.209079
v 0.245469 -0.073261 -0.171753
v 0.228378 -0.054296 -0.129487
v 0.226435 -0.029447 -0.086860
v 0.239851 -0.001408 -0.048493
v 0.520332 -0.025184 -0.160970
v 0.499682 -0.053689 -0.195601
v 0.466436 -0.080800 -0.220053
v 0.377539 -0.119557 -0.229212
v 0.255126 -0.042232 -0.023999
v 0.282447 -0.014040 0.005951
v 0.320712 0.011249 0.024239
v 0.365775 0.030896 0.028881
v 0.412753 0.042770 0.019377
v 0.456554 0.045586 -0.003245
v 0.492432 0.039038 -0.036533
v 0.516500 0.023835 -0.076880
v 0.526148 0.001625 -0.119913
v 0.424195 -0.103578 -0.231676
v 0.331521 -0.127003 -0.212926
v 0.291131 -0.125111 -0.184585
v 0.260744 -0.114085 -0.147258
v 0.243652 -0.095120 -0.104992
v 0.241710 -0.070272 -0.062365
v 0.381051 -0.009929 0.053376
v 0.392813 -0.160381 -0.204717
v 0.346796 -0.167828 -0.188432
v 0.256985 -0.111097 -0.037871
v 0.297722 -0.054865 0.030446
v 0.335987 -0.029576 0.048734
v 0.428028 0.001945 0.043872
v 0.471829 0.004761 0.021250
v 0.507707 -0.001788 -0.012038
v 0.531775 -0.016990 -0.052385
v 0.541423 -0.039200 -0.095418
v 0.535607 -0.066009 -0.136475
v 0.514957 -0.094514 -0.171106
v 0.481710 -0.121624 -0.195558
v 0.439470 -0.144403 -0.207181
v 0.306406 -0.165936 -0.160090
v 0.276018 -0.154910 -0.122763
v 0.258927 -0.135945 -0.080497
v 0.270401 -0.083057 0.000497
v 0.443303 -0.038880 0.068366
v 0.496985 -0.162449 -0.171063
v 0.321681 -0.206761 -0.135595
v 0.274202 -0.176770 -0.056002
v 0.285676 -0.123882 0.024991
v 0.312997 -0.095690 0.054941
v 0.351262 -0.070401 0.073229
v 0.396326 -0.050754 0.077871
v 0.487104 -0.036064 0.045745
v 0.522982 -0.042613 0.012457
v 0.547050 -0.057815 -0.027890
v 0.556698 -0.080025 -0.070923
v 0.550882 -0.106834 -0.111980
v 0.530232 -0.135339 -0.146611
v 0.454745 -0.185228 -0.182686
v 0.408088 -0.201206 -0.180222
v 0.362071 -0.208653 -0.163936
v 0.291293 -0.195735 -0.098268
v 0.272260 -0.151921 -0.013375
v 0.328272 -0.136515 0.079436
v 0.366537 -0.111226 0.097723
v 0.411601 -0.091579 0.102366
v 0.502379 -0.076889 0.070239
v 0.423363 -0.242031 -0.155727
v 0.289477 -0.217595 -0.031507
v 0.287535 -0.192747 0.011119
v 0.458578 -0.079705 0.092862
v 0.538258 -0.083438 0.036952
v 0.562325 -0.098641 -0.003395
v 0.571973 -0.120850 -0.046428
v 0.566157 -0.147659 -0.087485
v 0.545507 -0.176164 -0.122116
v 0.512260 -0.203274 -0.146568
v 0.470020 -0.226053 -0.158191
v 0.377346 -0.249477 -0.139442
v 0.336955 -0.247585 -0.111100
v 0.306568 -0.236559 -0.073774
v 0.300951 -0.164707 0.049486
v 0.553533 -0.124263 0.061446
v 0.581432 -0.188485 -0.062990
v 0.560782 -0.216989 -0.097621
v 0.527535 -0.244099 -0.122073
v 0.485294 -0.266878 -0.133697
v 0.438638 -0.282856 -0.131233
v 0.392621 -0.290302 -0.114947
v 0.352230 -0.288410 -0.086606
v 0.321843 -0.277384 -0.049279
v 0.304752 -0.258420 -0.007012
v 0.343546 -0.177341 0.103931
v 0.381812 -0.152052 0.122219
v 0.426875 -0.132406 0.126862
v 0.473852 -0.120531 0.117358
v 0.517653 -0.117715 0.094737
v 0.577600 -0.139465 0.021102
v 0.587248 -0.161674 -0.021932
v 0.302809 -0.233572 0.035614
v 0.316225 -0.205533 0.073981
v 0.397087 -0.192878 0.146713
v 0.442150 -0.173231 0.151357
v 0.489127 -0.161356 0.141852
v 0.532928 -0.158541 0.119231
v 0.568807 -0.165088 0.085943
v 0.592875 -0.180290 0.045596
v 0.542811 -0.284923 -0.097579
v 0.500570 -0.307701 -0.109203
v 0.453914 -0.323680 -0.106739
v 0.367506 -0.329235 -0.062112
v 0.337119 -0.318209 -0.024786
v 0.331500 -0.246358 0.098475
v 0.358819 -0.218163 0.128422
v 0.602524 -0.202500 0.002563
v 0.596709 -0.229310 -0.038493
v 0.576059 -0.257816 -0.073124
v 0.407899 -0.331131 -0.090451
v 0.320028 -0.299246 0.017481
v 0.318084 -0.274396 0.060106
v 0.548201 -0.199361 0.143725
v 0.584080 -0.205910 0.110437
v 0.515848 -0.348530 -0.084704
v 0.423174 -0.371955 -0.065955
v 0.335302 -0.340070 0.041976
v 0.374096 -0.258992 0.152921
v 0.412361 -0.233703 0.171209
v 0.457424 -0.214056 0.175853
v 0.504402 -0.202181 0.166349
v 0.608149 -0.221115 0.070092
v 0.617798 -0.243323 0.027058
v 0.611982 -0.270132 -0.013999
v 0.591332 -0.298636 -0.048630
v 0.558086 -0.325746 -0.073083
v 0.469189 -0.364503 -0.082243
v 0.382781 -0.370059 -0.037617
v 0.352394 -0.359034 -0.000290
v 0.333359 -0.315222 0.084603
v 0.346775 -0.287183 0.122971
v 0.389371 -0.299817 0.177415
v 0.427636 -0.274528 0.195703
v 0.519677 -0.243007 0.190843
v 0.599356 -0.246738 0.134933
v 0.623424 -0.261940 0.094586
v 0.627257 -0.310958 0.010495
v 0.367669 -0.399859 0.024204
v 0.350577 -0.380895 0.066470
v 0.348634 -0.356048 0.109097
v 0.472698 -0.254877 0.200345
v 0.563478 -0.240188 0.168220
v 0.633074 -0.284151 0.051554
v 0.606609 -0.339465 -0.024133
v 0.573363 -0.366576 -0.048586
v 0.531123 -0.389354 -0.060210
v 0.484466 -0.405332 -0.057747
v 0.438448 -0.412778 -0.041462
v 0.398057 -0.410885 -0.013122
v 0.362049 -0.328005 0.147463
v 0.638699 -0.302766 0.119082
v 0.648348 -0.324976 0.076049
v 0.642533 -0.351786 0.034993
v 0.588637 -0.407401 -0.024090
v 0.499740 -0.446157 -0.033251
v 0.453722 -0.453603 -0.016967
v 0.413331 -0.451710 0.011373
v 0.382943 -0.440684 0.048699
v 0.363908 -0.396869 0.133591
v 0.377323 -0.368830 0.171958
v 0.404646 -0.340643 0.201912
v 0.442911 -0.315354 0.220200
v 0.487975 -0.295707 0.224844
v 0.534952 -0.283832 0.215340
v 0.578753 -0.281016 0.192718
v 0.614632 -0.287563 0.159430
v 0.621882 -0.380285 0.000360
v 0.546395 -0.430173 -0.035718
v 0.365852 -0.421720 0.090967
v 0.458187 -0.356179 0.244694
v 0.503250 -0.336533 0.249337
v 0.629907 -0.328389 0.183923
v 0.657807 -0.392607 0.059485
v 0.603910 -0.448221 0.000400
v 0.468997 -0.494425 0.007525
v 0.428606 -0.492533 0.035866
v 0.379184 -0.437698 0.158087
v 0.419919 -0.381463 0.226403
v 0.550225 -0.324652 0.239830
v 0.594026 -0.321837 0.217209
v 0.653974 -0.343589 0.143576
v 0.663623 -0.365799 0.100543
v 0.637159 -0.421114 0.024856
v 0.561672 -0.471005 -0.011220
v 0.515016 -0.486983 -0.008756
v 0.398219 -0.481511 0.073195
v 0.381127 -0.462546 0.115461
v 0.392599 -0.409656 0.196453
v 0.473459 -0.396998 0.269186
v 0.669248 -0.384413 0.168071
v 0.652433 -0.461939 0.049352
v 0.619187 -0.489050 0.024899
v 0.576947 -0.511829 0.013275
v 0.484273 -0.535254 0.032024
v 0.413494 -0.522335 0.097690
v 0.396402 -0.503370 0.139956
v 0.407874 -0.450481 0.220949
v 0.270372 0.106066 -0.167230
v 0.243917 0.065879 -0.178338
v 0.230926 0.018553 -0.183792
v 0.232808 -0.030783 -0.183002
v 0.249358 -0.076783 -0.176053
v 0.278782 -0.114463 -0.163698
v 0.317893 -0.139739 -0.147276
v 0.362452 -0.149872 -0.128566
v 0.407630 -0.143764 -0.109596
v 0.448532 -0.122077 -0.092422
v 0.480725 -0.087161 -0.078905
v 0.500720 -0.042800 -0.070509
v 0.506351 0.006199 -0.068144
v 0.497008 0.054527 -0.072067
v 0.473703 0.096945 -0.081853
v 0.438962 0.128858 -0.096441
v 0.396548 0.146808 -0.114250
v 0.351059 0.148848 -0.133350
v 0.307424 0.134758 -0.151672
v 0.289729 0.106066 -0.213331
v 0.263274 0.065879 -0.224439
v 0.250283 0.018553 -0.229893
v 0.252165 -0.030783 -0.229103
v 0.268715 -0.076783 -0.222154
v 0.298140 -0.114463 -0.209799
v 0.337250 -0.139739 -0.193377
v 0.415905 0.146808 -0.160351
v 0.370417 0.148848 -0.179451
v 0.326781 0.134758 -0.197773
v 0.381810 -0.149872 -0.174667
v 0.426987 -0.143764 -0.155697
v 0.467889 -0.122077 -0.138522
v 0.500082 -0.087161 -0.125005
v 0.520077 -0.042800 -0.116608
v 0.525708 0.006199 -0.114244
v 0.516365 0.054527 -0.118167
v 0.493060 0.096945 -0.127953
v 0.458319 0.128858 -0.142541
v 0.282632 0.065879 -0.270541
v 0.487247 -0.122077 -0.184623
v 0.519439 -0.087161 -0.171105
v 0.539435 -0.042800 -0.162709
v 0.545066 0.006199 -0.160345
v 0.435263 0.146808 -0.206451
v 0.389775 0.148848 -0.225552
v 0.346140 0.134758 -0.243874
v 0.309087 0.106066 -0.259432
v 0.269642 0.018553 -0.275995
v 0.271523 -0.030783 -0.275205
v 0.288073 -0.076783 -0.268256
v 0.317498 -0.114463 -0.255901
v 0.356609 -0.139739 -0.239478
v 0.401167 -0.149872 -0.220768
v 0.446345 -0.143764 -0.201798
v 0.535723 0.054527 -0.164268
v 0.512418 0.096945 -0.174054
v 0.477676 0.128858 -0.188642
v 0.420525 -0.149872 -0.266869
v 0.465703 -0.143764 -0.247898
v 0.506604 -0.122077 -0.230724
v 0.538797 -0.087161 -0.217206
v 0.558793 -0.042800 -0.208810
v 0.564424 0.006199 -0.206445
v 0.555081 0.054527 -0.210369
v 0.531776 0.096945 -0.220154
v 0.497034 0.128858 -0.234742
v 0.328445 0.106066 -0.305532
v 0.301990 0.065879 -0.316640
v 0.288999 0.018553 -0.322095
v 0.290881 -0.030783 -0.321305
v 0.307431 -0.076783 -0.314356
v 0.336855 -0.114463 -0.302000
v 0.375966 -0.139739 -0.285578
v 0.454621 0.146808 -0.252552
v 0.409132 0.148848 -0.271652
v 0.365497 0.134758 -0.289974
v 0.321347 0.065879 -0.362741
v 0.308356 0.018553 -0.368196
v 0.326788 -0.076783 -0.360456
v 0.356213 -0.114463 -0.348101
v 0.395324 -0.139739 -0.331679
v 0.439882 -0.149872 -0.312969
v 0.551134 0.096945 -0.266256
v 0.428490 0.148848 -0.317753
v 0.384855 0.134758 -0.336075
v 0.347803 0.106067 -0.351631
v 0.310238 -0.030782 -0.367404
v 0.485060 -0.143764 -0.294000
v 0.525962 -0.122078 -0.276826
v 0.558156 -0.087162 -0.263309
v 0.578152 -0.042801 -0.254913
v 0.583783 0.006198 -0.252549
v 0.574440 0.054525 -0.256472
v 0.516394 0.128858 -0.280844
v 0.473981 0.146807 -0.298652
v 0.367160 0.106067 -0.397732
v 0.340705 0.065880 -0.408840
v 0.327714 0.018555 -0.414295
v 0.329595 -0.030782 -0.413505
v 0.346144 -0.076782 -0.406556
v 0.375569 -0.114462 -0.394202
v 0.414680 -0.139738 -0.377780
v 0.459239 -0.149872 -0.359071
v 0.570492 0.096944 -0.312358
v 0.404213 0.134759 -0.382175
v 0.504416 -0.143764 -0.340100
v 0.545318 -0.122078 -0.322924
v 0.577511 -0.087162 -0.309406
v 0.597506 -0.042801 -0.301009
v 0.603138 0.006198 -0.298644
v 0.593795 0.054525 -0.302568
v 0.535750 0.128858 -0.326942
v 0.493337 0.146807 -0.344752
v 0.447849 0.148848 -0.363854
v 0.386520 0.106067 -0.443837
v 0.347075 0.018555 -0.460401
v 0.365505 -0.076782 -0.452662
v 0.596869 -0.087162 -0.355506
v 0.616865 -0.042801 -0.347110
v 0.512696 0.146807 -0.390853
v 0.360064 0.065880 -0.454946
v 0.348955 -0.030782 -0.459611
v 0.394928 -0.114462 -0.440306
v 0.434038 -0.139738 -0.423883
v 0.478597 -0.149872 -0.405172
v 0.523774 -0.143764 -0.386200
v 0.564675 -0.122078 -0.369025
v 0.622496 0.006198 -0.344745
v 0.613153 0.054525 -0.348668
v 0.589848 0.096944 -0.358454
v 0.555107 0.128858 -0.373043
v 0.467206 0.148848 -0.409955
v 0.423572 0.134759 -0.428278
v 0.379423 0.065880 -0.501046
v 0.453397 -0.139738 -0.469983
v 0.497955 -0.149872 -0.451272
v 0.543133 -0.143764 -0.432301
v 0.584034 -0.122078 -0.415125
v 0.616227 -0.087162 -0.401607
v 0.636222 -0.042801 -0.393210
v 0.641854 0.006198 -0.390845
v 0.532053 0.146807 -0.436953
v 0.405876 0.106067 -0.489934
v 0.366430 0.018555 -0.506496
v 0.368311 -0.030782 -0.505706
v 0.384861 -0.076782 -0.498758
v 0.414285 -0.114462 -0.486403
v 0.632514 0.054525 -0.394774
v 0.609209 0.096944 -0.404559
v 0.574467 0.128858 -0.419146
v 0.486565 0.148848 -0.456054
v 0.442929 0.134759 -0.474376
v 0.425233 0.106067 -0.536035
v 0.398778 0.065880 -0.547143
v 0.385787 0.018555 -0.552597
v 0.387668 -0.030782 -0.551807
v 0.404218 -0.076782 -0.544859
v 0.517312 -0.149872 -0.497373
v 0.628566 0.096944 -0.450660
v 0.593824 0.128858 -0.465247
v 0.505922 0.148848 -0.502155
v 0.462286 0.134759 -0.520477
v 0.433644 -0.114462 -0.532508
v 0.472754 -0.139738 -0.516084
v 0.562490 -0.143764 -0.478402
v 0.603391 -0.122078 -0.461227
v 0.635584 -0.087162 -0.447708
v 0.655579 -0.042801 -0.439311
v 0.661211 0.006198 -0.436947
v 0.651868 0.054525 -0.440870
v 0.551410 0.146807 -0.483055
v 0.581848 -0.143764 -0.524502
v 0.654942 -0.087162 -0.493808
v 0.674938 -0.042801 -0.485412
v 0.680570 0.006198 -0.483047
v 0.671227 0.054525 -0.486970
v 0.647922 0.096944 -0.496756
v 0.613182 0.128858 -0.511345
v 0.570769 0.146807 -0.529155
v 0.481646 0.134759 -0.566580
v 0.444592 0.106067 -0.582136
v 0.418137 0.065880 -0.593244
v 0.405146 0.018555 -0.598699
v 0.407027 -0.030782 -0.597909
v 0.423577 -0.076782 -0.590960
v 0.453001 -0.114462 -0.578605
v 0.492112 -0.139738 -0.562183
v 0.536670 -0.149872 -0.543474
v 0.622750 -0.122078 -0.507329
v 0.525280 0.148848 -0.548256
v 0.437494 0.065880 -0.639345
v 0.424503 0.018555 -0.644800
v 0.426384 -0.030782 -0.644010
v 0.442934 -0.076782 -0.637061
v 0.472358 -0.114462 -0.624706
v 0.511469 -0.139738 -0.608284
v 0.556028 -0.149872 -0.589574
v 0.601206 -0.143764 -0.570605
v 0.694297 -0.042801 -0.531517
v 0.699928 0.006198 -0.529152
v 0.667281 0.096944 -0.542860
v 0.463950 0.106067 -0.628236
v 0.642109 -0.122078 -0.553431
v 0.674302 -0.087162 -0.539914
v 0.690587 0.054525 -0.533076
v 0.632540 0.128858 -0.557448
v 0.590127 0.146807 -0.575257
v 0.544638 0.148848 -0.594357
v 0.501003 0.134759 -0.612678
v 0.456851 0.065880 -0.685445
v 0.620563 -0.143764 -0.616706
v 0.719286 0.006198 -0.575254
v 0.651897 0.128858 -0.603549
v 0.563995 0.148848 -0.640458
v 0.520359 0.134759 -0.658779
v -1.058833 0.338579 -0.487031
v -1.058833 0.277864 -0.547745
v -1.058833 0.167615 -0.613826
v -1.058833 0.127145 -0.628307
v -1.058833 0.085450 -0.638751
v -1.058833 0.042932 -0.645058
v -1.058833 -0.042932 -0.645058
v -1.058833 -0.085450 -0.638751
v -1.058833 -0.206472 -0.595448
v -1.058833 -0.243340 -0.573350
v -1.058833 -0.277864 -0.547745
v -1.058833 -0.338579 -0.487031
v -1.058833 -0.364184 -0.452506
v -1.058833 -0.386282 -0.415639
v -1.058833 -0.429584 -0.294616
v -1.058833 -0.435891 -0.252098
v -1.050458 0.435891 -0.251273
v -1.042163 0.429584 -0.292974
v -1.034029 0.419140 -0.333868
v -1.026133 0.404659 -0.373561
v -1.018553 0.386282 -0.411671
v -1.011360 0.364184 -0.447831
v -1.004625 0.338579 -0.481692
v -0.998411 0.309713 -0.512928
v -0.992780 0.277864 -0.541240
v -0.987785 0.243340 -0.566353
v -0.983474 0.206472 -0.588026
v -0.979888 0.167615 -0.606051
v -0.977063 0.127145 -0.620253
v -0.975026 0.085450 -0.630496
v -0.973795 0.042932 -0.636682
v -0.973384 -0.000000 -0.638751
v -0.973795 -0.042932 -0.636682
v -0.975026 -0.085450 -0.630496
v -0.977063 -0.127145 -0.620253
v -0.979888 -0.167615 -0.606051
v -0.983474 -0.206472 -0.588026
v -0.987785 -0.243340 -0.566353
v -0.992780 -0.277864 -0.541240
v -0.998411 -0.309713 -0.512928
v -1.004625 -0.338579 -0.481692
v -1.011360 -0.364184 -0.447831
v -1.018553 -0.386282 -0.411671
v -1.026133 -0.404659 -0.373561
v -1.034029 -0.419140 -0.333868
v -1.042163 -0.429584 -0.292974
v -1.050458 -0.435891 -0.251273
v -1.042404 0.435891 -0.248830
v -1.026133 0.429584 -0.288112
v -1.010177 0.419140 -0.326633
v -0.994690 0.404659 -0.364023
v -0.979820 0.386282 -0.399922
v -0.965711 0.364184 -0.433983
v -0.952499 0.338579 -0.465880
v -0.940311 0.309713 -0.495304
v -0.929265 0.277864 -0.521973
v -0.919466 0.243340 -0.545629
v -0.911010 0.206472 -0.566044
v -0.903977 0.167615 -0.583023
v -0.898435 0.127145 -0.596402
v -0.894439 0.085450 -0.606051
v -0.892025 0.042932 -0.611877
v -0.891218 -0.000000 -0.613826
v -0.892025 -0.042932 -0.611877
v -0.894439 -0.085450 -0.606051
v -0.898435 -0.127145 -0.596402
v -0.903977 -0.167615 -0.583023
v -0.911010 -0.206472 -0.566044
v -0.919466 -0.243340 -0.545629
v -0.929265 -0.277864 -0.521973
v -0.940311 -0.309713 -0.495304
v -0.952499 -0.338579 -0.465880
v -0.965711 -0.364184 -0.433983
v -0.979820 -0.386282 -0.399922
v -0.994690 -0.404659 -0.364023
v -1.010177 -0.419140 -0.326633
v -1.026133 -0.429584 -0.288112
v -1.042404 -0.435891 -0.248830
v -1.034982 0.435891 -0.244863
v -1.011360 0.429584 -0.280215
v -0.988196 0.419140 -0.314884
v -0.965711 0.404659 -0.348534
v -0.944124 0.386282 -0.380842
v -0.923641 0.364184 -0.411496
v -0.904460 0.338579 -0.440202
v -0.886766 0.309713 -0.466683
v -0.870729 0.277864 -0.490684
v -0.856504 0.243340 -0.511974
v -0.844227 0.206472 -0.530348
v -0.834017 0.167615 -0.545629
v -0.825972 0.127145 -0.557669
v -0.820169 0.085450 -0.566353
v -0.816665 0.042932 -0.571597
v -0.815494 -0.000000 -0.573350
v -0.816665 -0.042932 -0.571597
v -0.820169 -0.085450 -0.566353
v -0.825972 -0.127145 -0.557669
v -0.834017 -0.167615 -0.545629
v -0.844227 -0.206472 -0.530348
v -0.856504 -0.243340 -0.511974
v -0.870729 -0.277864 -0.490684
v -0.886766 -0.309713 -0.466683
v -0.904460 -0.338579 -0.440202
v -0.923641 -0.364184 -0.411496
v -0.944124 -0.386282 -0.380842
v -0.965711 -0.404659 -0.348534
v -0.988196 -0.419140 -0.314884
v -1.011360 -0.429584 -0.280215
v -1.034982 -0.435891 -0.244863
v -1.028476 0.435891 -0.239524
v -0.998411 0.429584 -0.269589
v -0.968928 0.419140 -0.299072
v -0.940311 0.404659 -0.327689
v -0.912836 0.386282 -0.355164
v -0.886766 0.364184 -0.381234
v -0.862354 0.338579 -0.405646
v -0.839833 0.309713 -0.428167
v -0.819422 0.277864 -0.448578
v -0.801317 0.243340 -0.466683
v -0.785691 0.206472 -0.482309
v -0.772696 0.167615 -0.495304
v -0.762457 0.127145 -0.505543
v -0.755072 0.085450 -0.512928
v -0.750612 0.042932 -0.517388
v -0.749121 -0.000000 -0.518879
v -0.750612 -0.042932 -0.517388
v -0.755072 -0.085450 -0.512928
v -0.762457 -0.127145 -0.505543
v -0.772696 -0.167615 -0.495304
v -0.785691 -0.206472 -0.482309
v -0.801317 -0.243340 -0.466683
v -0.819422 -0.277864 -0.448578
v -0.839833 -0.309713 -0.428167
v -0.862354 -0.338579 -0.405646
v -0.886766 -0.364184 -0.381234
v -0.912836 -0.386282 -0.355164
v -0.940311 -0.404659 -0.327689
v -0.968928 -0.419140 -0.299072
v -0.998411 -0.429584 -0.269589
v -1.028476 -0.435891 -0.239524
v -1.023137 0.435891 -0.233018
v -0.987785 0.429584 -0.256640
v -0.953116 0.419140 -0.279804
v -0.919466 0.404659 -0.302289
v -0.887158 0.386282 -0.323876
v -0.856504 0.364184 -0.344359
v -0.827798 0.338579 -0.363540
v -0.801317 0.309713 -0.381234
v -0.777316 0.277864 -0.397271
v -0.756026 0.243340 -0.411496
v -0.737652 0.206472 -0.423773
v -0.722371 0.167615 -0.433983
v -0.710331 0.127145 -0.442028
v -0.701647 0.085450 -0.447831
v -0.696403 0.042932 -0.451335
v -0.694650 -0.000000 -0.452506
v -0.696403 -0.042932 -0.451335
v -0.701647 -0.085450 -0.447831
v -0.710331 -0.127145 -0.442028
v -0.722371 -0.167615 -0.433983
v -0.737652 -0.206472 -0.423773
v -0.756026 -0.243340 -0.411496
v -0.777316 -0.277864 -0.397271
v -0.801317 -0.309713 -0.381234
v -0.827798 -0.338579 -0.363540
v -0.856504 -0.364184 -0.344359
v -0.887158 -0.386282 -0.323876
v -0.919466 -0.404659 -0.302289
v -0.953116 -0.419140 -0.279804
v -0.987785 -0.429584 -0.256640
v -1.023137 -0.435891 -0.233018
v -1.019170 0.435891 -0.225596
v -0.979888 0.429584 -0.241867
v -0.941367 0.419140 -0.257823
v -0.903977 0.404659 -0.273310
v -0.868078 0.386282 -0.288180
v -0.834017 0.364184 -0.302289
v -0.802120 0.338579 -0.315501
v -0.772696 0.309713 -0.327689
v -0.746027 0.277864 -0.338735
v -0.722371 0.243340 -0.348534
v -0.701956 0.206472 -0.356990
v -0.684977 0.167615 -0.364023
v -0.671599 0.127145 -0.369565
v -0.661950 0.085450 -0.373561
v -0.656123 0.042932 -0.375975
v -0.654174 -0.000000 -0.376782
v -0.656123 -0.042932 -0.375975
v -0.661950 -0.085450 -0.373561
v -0.671599 -0.127145 -0.369565
v -0.684977 -0.167615 -0.364023
v -0.701956 -0.206472 -0.356990
v -0.722371 -0.243340 -0.348534
v -0.746027 -0.277864 -0.338735
v -0.772696 -0.309713 -0.327689
v -0.802120 -0.338579 -0.315501
v -0.834017 -0.364184 -0.302289
v -0.868078 -0.386282 -0.288180
v -0.903977 -0.404659 -0.273310
v -0.941367 -0.419140 -0.257823
v -0.979888 -0.429584 -0.241867
v -1.019170 -0.435891 -0.225596
v -1.016727 0.435891 -0.217542
v -0.975026 0.429584 -0.225837
v -0.934132 0.419140 -0.233971
v -0.894439 0.404659 -0.241867
v -0.856329 0.386282 -0.249447
v -0.820169 0.364184 -0.256640
v -0.786308 0.338579 -0.263375
v -0.755072 0.309713 -0.269589
v -0.726761 0.277864 -0.275220
v -0.701647 0.243340 -0.280215
v -0.679974 0.206472 -0.284526
v -0.661950 0.167615 -0.288112
v -0.647747 0.127145 -0.290937
v -0.637504 0.085450 -0.292974
v -0.631318 0.042932 -0.294205
v -0.629249 -0.000000 -0.294616
v -0.631318 -0.042932 -0.294205
v -0.637504 -0.085450 -0.292974
v -0.647747 -0.127145 -0.290937
v -0.661950 -0.167615 -0.288112
v -0.679974 -0.206472 -0.284526
v -0.701647 -0.243340 -0.280215
v -0.726761 -0.277864 -0.275220
v -0.755072 -0.309713 -0.269589
v -0.786308 -0.338579 -0.263375
v -0.820169 -0.364184 -0.256640
v -0.856329 -0.386282 -0.249447
v -0.894439 -0.404659 -0.241867
v -0.934132 -0.419140 -0.233971
v -0.975026 -0.429584 -0.225837
v -1.016727 -0.435891 -0.217542
v -1.015902 0.435891 -0.209167
v -0.973384 0.429584 -0.209167
v -0.931689 0.419140 -0.209167
v -0.891218 0.404659 -0.209167
v -0.852362 0.386282 -0.209167
v -0.815494 0.364184 -0.209167
v -0.780969 0.338579 -0.209167
v -0.749121 0.309713 -0.209167
v -0.720255 0.277864 -0.209167
v -0.694650 0.243340 -0.209167
v -0.672552 0.206472 -0.209167
v -0.654174 0.167615 -0.209167
v -0.639693 0.127145 -0.209167
v -0.629249 0.085450 -0.209167
v -0.622943 0.042932 -0.209167
v -0.620833 -0.000000 -0.209167
v -0.622943 -0.042932 -0.209167
v -0.629249 -0.085450 -0.209167
v -0.639693 -0.127145 -0.209167
v -0.654174 -0.167615 -0.209167
v -0.672552 -0.206472 -0.209167
v -0.694650 -0.243340 -0.209167
v -0.720255 -0.277864 -0.209167
v -0.749121 -0.309713 -0.209167
v -0.780969 -0.338579 -0.209167
v -0.815494 -0.364184 -0.209167
v -0.852362 -0.386282 -0.209167
v -0.891218 -0.404659 -0.209167
v -0.931689 -0.419140 -0.209167
v -0.973384 -0.429584 -0.209167
v -1.015902 -0.435891 -0.209167
v -1.016727 0.435891 -0.200791
v -0.975026 0.429584 -0.192496
v -0.934132 0.419140 -0.184362
v -0.894439 0.404659 -0.176467
v -0.856329 0.386282 -0.168886
v -0.820169 0.364184 -0.161693
v -0.786308 0.338579 -0.154958
v -0.755072 0.309713 -0.148745
v -0.726761 0.277864 -0.143113
v -0.701647 0.243340 -0.138118
v -0.679974 0.206472 -0.133807
v -0.661950 0.167615 -0.130222
v -0.647747 0.127145 -0.127397
v -0.637504 0.085450 -0.125359
v -0.631318 0.042932 -0.124129
v -0.629249 -0.000000 -0.123717
v -0.631318 -0.042932 -0.124129
v -0.637504 -0.085450 -0.125359
v -0.647747 -0.127145 -0.127397
v -0.661950 -0.167615 -0.130222
v -0.679974 -0.206472 -0.133807
v -0.701647 -0.243340 -0.138118
v -0.726761 -0.277864 -0.143113
v -0.755072 -0.309713 -0.148745
v -0.786308 -0.338579 -0.154958
v -0.820169 -0.364184 -0.161693
v -0.856329 -0.386282 -0.168886
v -0.894439 -0.404659 -0.176467
v -0.934132 -0.419140 -0.184362
v -0.975026 -0.429584 -0.192496
v -1.016727 -0.435891 -0.200791
v -1.019170 0.435891 -0.192738
v -0.979888 0.429584 -0.176467
v -0.941367 0.419140 -0.160511
v -0.903977 0.404659 -0.145023
v -0.868078 0.386282 -0.130153
v -0.834017 0.364184 -0.116045
v -0.802120 0.338579 -0.102833
v -0.772696 0.309713 -0.090645
v -0.746027 0.277864 -0.079598
v -0.722371 0.243340 -0.069800
v -0.701956 0.206472 -0.061343
v -0.684977 0.167615 -0.054310
v -0.671599 0.127145 -0.048769
v -0.661950 0.085450 -0.044772
v -0.656123 0.042932 -0.042358
v -0.654174 -0.000000 -0.041551
v -0.656123 -0.042932 -0.042358
v -0.661950 -0.085450 -0.044772
v -0.671599 -0.127145 -0.048769
v -0.684977 -0.167615 -0.054310
v -0.701956 -0.206472 -0.061343
v -0.722371 -0.243340 -0.069800
v -0.746027 -0.277864 -0.079598
v -0.772696 -0.309713 -0.090645
v -0.802120 -0.338579 -0.102833
v -0.834017 -0.364184 -0.116045
v -0.868078 -0.386282 -0.130153
v -0.903977 -0.404659 -0.145023
v -0.941367 -0.419140 -0.160511
v -0.979888 -0.429584 -0.176467
v -1.019170 -0.435891 -0.192738
v -1.023137 0.435891 -0.185315
v -0.987785 0.429584 -0.161693
v -0.953117 0.419140 -0.138529
v -0.919466 0.404659 -0.116045
v -0.887158 0.386282 -0.094457
v -0.856504 0.364184 -0.073974
v -0.827798 0.338579 -0.054794
v -0.801317 0.309713 -0.037099
v -0.777316 0.277864 -0.021062
v -0.756026 0.243340 -0.006837
v -0.737652 0.206472 0.005440
v -0.722371 0.167615 0.015650
v -0.710331 0.127145 0.023695
v -0.701647 0.085450 0.029497
v -0.696403 0.042932 0.033001
v -0.694650 0.000000 0.034173
v -0.696403 -0.042932 0.033001
v -0.701647 -0.085450 0.029497
v -0.710331 -0.127145 0.023695
v -0.722371 -0.167615 0.015650
v -0.737652 -0.206472 0.005440
v -0.756026 -0.243340 -0.006837
v -0.777316 -0.277864 -0.021062
v -0.801317 -0.309713 -0.037099
v -0.827798 -0.338579 -0.054794
v -0.856504 -0.364184 -0.073974
v -0.887158 -0.386282 -0.094457
v -0.919466 -0.404659 -0.116045
v -0.953117 -0.419140 -0.138529
v -0.987785 -0.429584 -0.161693
v -1.023137 -0.435891 -0.185315
v -1.028476 0.435891 -0.178810
v -0.998412 0.429584 -0.148745
v -0.968929 0.419140 -0.119262
v -0.940311 0.404659 -0.090645
v -0.912836 0.386282 -0.063169
v -0.886766 0.364184 -0.037099
v -0.862354 0.338579 -0.012687
v -0.839833 0.309713 0.009833
v -0.819422 0.277864 0.030245
v -0.801317 0.243340 0.048350
v -0.785691 0.206472 0.063976
v -0.772696 0.167615 0.076971
v -0.762457 0.127145 0.087210
v -0.755072 0.085450 0.094595
v -0.750612 0.042932 0.099055
v -0.749121 0.000000 0.100546
v -0.750612 -0.042932 0.099055
v -0.755072 -0.085450 0.094595
v -0.762457 -0.127145 0.087210
v -0.772696 -0.167615 0.076971
v -0.785691 -0.206472 0.063976
v -0.801317 -0.243340 0.048350
v -0.819422 -0.277864 0.030245
v -0.839833 -0.309713 0.009833
v -0.862354 -0.338579 -0.012687
v -0.886766 -0.364184 -0.037099
v -0.912836 -0.386282 -0.063169
v -0.940311 -0.404659 -0.090645
v -0.968929 -0.419140 -0.119262
v -0.998412 -0.429584 -0.148745
v -1.028476 -0.435891 -0.178810
v -1.034982 0.435891 -0.173470
v -1.011360 0.429584 -0.138118
v -0.988196 0.419140 -0.103450
v -0.965711 0.404659 -0.069800
v -0.944124 0.386282 -0.037492
v -0.923641 0.364184 -0.006837
v -0.904460 0.338579 0.021869
v -0.886766 0.309713 0.048350
v -0.870729 0.277864 0.072351
v -0.856504 0.243340 0.093641
v -0.844227 0.206472 0.112015
v -0.834017 0.167615 0.127295
v -0.825972 0.127145 0.139335
v -0.820169 0.085450 0.148019
v -0.816665 0.042932 0.153263
v -0.815494 0.000000 0.155017
v -0.816665 -0.042932 0.153263
v -0.820169 -0.085450 0.148019
v -0.825972 -0.127145 0.139335
v -0.834017 -0.167615 0.127295
v -0.844227 -0.206472 0.112015
v -0.856504 -0.243340 0.093641
v -0.870729 -0.277864 0.072351
v -0.886766 -0.309713 0.048350
v -0.904460 -0.338579 0.021869
v -0.923641 -0.364184 -0.006837
v -0.944124 -0.386282 -0.037492
v -0.965711 -0.404659 -0.069800
v -0.988196 -0.419140 -0.103450
v -1.011360 -0.429584 -0.138118
v -1.034982 -0.435891 -0.173470
v -1.042404 0.435891 -0.169503
v -1.026133 0.429584 -0.130222
v -1.010177 0.419140 -0.091700
v -0.994690 0.404659 -0.054310
v -0.979820 0.386282 -0.018412
v -0.965711 0.364184 0.015650
v -0.952499 0.338579 0.047546
v -0.940311 0.309713 0.076971
v -0.929265 0.277864 0.103639
v -0.919466 0.243340 0.127295
v -0.911010 0.206472 0.147711
v -0.903977 0.167615 0.164690
v -0.898436 0.127145 0.178068
v -0.894439 0.085450 0.187717
v -0.892025 0.042932 0.193544
v -0.891218 0.000000 0.195492
v -0.892025 -0.042932 0.193544
v -0.894439 -0.085450 0.187717
v -0.898436 -0.127145 0.178068
v -0.903977 -0.167615 0.164690
v -0.911010 -0.206472 0.147711
v -0.919466 -0.243340 0.127295
v -0.929265 -0.277864 0.103639
v -0.940311 -0.309713 0.076971
v -0.952499 -0.338579 0.047546
v -0.965711 -0.364184 0.015650
v -0.979820 -0.386282 -0.018412
v -0.994690 -0.404659 -0.054310
v -1.010177 -0.419140 -0.091700
v -1.026133 -0.429584 -0.130222
v -1.042404 -0.435891 -0.169503
v -1.050458 0.435891 -0.167060
v -1.042163 0.429584 -0.125359
v -1.034029 0.419140 -0.084465
v -1.026133 0.404659 -0.044772
v -1.018553 0.386282 -0.006662
v -1.011360 0.364184 0.029497
v -1.004625 0.338579 0.063358
v -0.998411 0.309713 0.094595
v -0.992780 0.277864 0.122906
v -0.987785 0.243340 0.148019
v -0.983474 0.206472 0.169692
v -0.979888 0.167615 0.187717
v -0.977063 0.127145 0.201919
v -0.975026 0.085450 0.212163
v -0.973795 0.042932 0.218349
v -0.973384 0.000000 0.220417
v -0.973795 -0.042932 0.218349
v -0.975026 -0.085450 0.212163
v -0.977063 -0.127145 0.201919
v -0.979888 -0.167615 0.187717
v -0.983474 -0.206472 0.169692
v -0.987785 -0.243340 0.148019
v -0.992780 -0.277864 0.122906
v -0.998411 -0.309713 0.094595
v -1.004625 -0.338579 0.063358
v -1.011360 -0.364184 0.029497
v -1.018553 -0.386282 -0.006662
v -1.026133 -0.404659 -0.044772
v -1.034029 -0.419140 -0.084465
v -1.042163 -0.429584 -0.125359
v -1.050458 -0.435891 -0.167060
v -1.058833 0.435891 -0.166235
v -1.058833 0.429584 -0.123717
v -1.058833 0.419140 -0.082022
v -1.058833 0.404659 -0.041551
v -1.058833 0.386282 -0.002695
v -1.058833 0.364184 0.034173
v -1.058833 0.338579 0.068697
v -1.058833 0.309713 0.100546
v -1.058833 0.277864 0.129412
v -1.058833 0.243340 0.155017
v -1.058833 0.206472 0.177115
v -1.058833 0.167615 0.195492
v -1.058833 0.127145 0.209973
v -1.058833 0.085450 0.220417
v -1.058833 0.042932 0.226724
v -1.058833 0.000000 0.228833
v -1.058833 -0.042932 0.226724
v -1.058833 -0.085450 0.220417
v -1.058833 -0.127145 0.209973
v -1.058833 -0.167615 0.195492
v -1.058833 -0.206472 0.177115
v -1.058833 -0.243340 0.155017
v -1.058833 -0.277864 0.129412
v -1.058833 -0.309713 0.100546
v -1.058833 -0.338579 0.068697
v -1.058833 -0.364184 0.034173
v -1.058833 -0.386282 -0.002695
v -1.058833 -0.404659 -0.041551
v -1.058833 -0.419140 -0.082022
v -1.058833 -0.429584 -0.123717
v -1.058833 -0.435891 -0.166235
v -1.058833 -0.438000 -0.209167
v -1.058833 0.438000 -0.209167
v -1.067209 0.435891 -0.167060
v -1.075504 0.429584 -0.125359
v -1.083638 0.419140 -0.084465
v -1.091534 0.404659 -0.044772
v -1.099114 0.386282 -0.006662
v -1.106307 0.364184 0.029497
v -1.113042 0.338579 0.063358
v -1.119255 0.309713 0.094595
v -1.124887 0.277864 0.122906
v -1.129882 0.243340 0.148019
v -1.134193 0.206472 0.169692
v -1.137779 0.167615 0.187717
v -1.140604 0.127145 0.201919
v -1.142641 0.085450 0.212163
v -1.143872 0.042932 0.218348
v -1.144283 0.000000 0.220417
v -1.143872 -0.042932 0.218348
v -1.142641 -0.085450 0.212163
v -1.140604 -0.127145 0.201919
v -1.137779 -0.167615 0.187717
v -1.134193 -0.206472 0.169692
v -1.129882 -0.243340 0.148019
v -1.124887 -0.277864 0.122906
v -1.119255 -0.309713 0.094595
v -1.113042 -0.338579 0.063358
v -1.106307 -0.364184 0.029497
v -1.099114 -0.386282 -0.006662
v -1.091534 -0.404659 -0.044772
v -1.083638 -0.419140 -0.084465
v -1.075504 -0.429584 -0.125359
v -1.067209 -0.435891 -0.167060
v -1.075263 0.435891 -0.169503
v -1.091534 0.429584 -0.130222
v -1.107490 0.419140 -0.091700
v -1.122977 0.404659 -0.054310
v -1.137847 0.386282 -0.018412
v -1.151955 0.364184 0.015650
v -1.165167 0.338579 0.047546
v -1.177355 0.309713 0.076971
v -1.188402 0.277864 0.103639
v -1.198200 0.243340 0.127295
v -1.206657 0.206472 0.147711
v -1.213690 0.167615 0.164690
v -1.219231 0.127145 0.178068
v -1.223228 0.085450 0.187717
v -1.225642 0.042932 0.193544
v -1.226449 0.000000 0.195492
v -1.225642 -0.042932 0.193544
v -1.223228 -0.085450 0.187717
v -1.219231 -0.127145 0.178068
v -1.213690 -0.167615 0.164690
v -1.206657 -0.206472 0.147711
v -1.198200 -0.243340 0.127295
v -1.188402 -0.277864 0.103639
v -1.177355 -0.309713 0.076971
v -1.165167 -0.338579 0.047546
v -1.151955 -0.364184 0.015650
v -1.137847 -0.386282 -0.018412
v -1.122977 -0.404659 -0.054310
v -1.107490 -0.419140 -0.091700
v -1.091534 -0.429584 -0.130222
v -1.075263 -0.435891 -0.169503
v -1.082685 0.435891 -0.173470
v -1.106307 0.429584 -0.138118
v -1.129471 0.419140 -0.103450
v -1.151955 0.404659 -0.069800
v -1.173543 0.386282 -0.037492
v -1.194026 0.364184 -0.006837
v -1.213207 0.338579 0.021869
v -1.230901 0.309713 0.048350
v -1.246938 0.277864 0.072351
v -1.261163 0.243340 0.093641
v -1.273440 0.206472 0.112014
v -1.283650 0.167615 0.127295
v -1.291695 0.127145 0.139335
v -1.297498 0.085450 0.148019
v -1.301001 0.042932 0.153263
v -1.302173 0.000000 0.155017
v -1.301001 -0.042932 0.153263
v -1.297498 -0.085450 0.148019
v -1.291695 -0.127145 0.139335
v -1.283650 -0.167615 0.127295
v -1.273440 -0.206472 0.112014
v -1.261163 -0.243340 0.093641
v -1.246938 -0.277864 0.072351
v -1.230901 -0.309713 0.048350
v -1.213207 -0.338579 0.021869
v -1.194026 -0.364184 -0.006837
v -1.173543 -0.386282 -0.037492
v -1.151955 -0.404659 -0.069800
v -1.129471 -0.419140 -0.103450
v -1.106307 -0.429584 -0.138118
v -1.082685 -0.435891 -0.173470
v -1.089191 0.435891 -0.178810
v -1.119255 0.429584 -0.148745
v -1.148738 0.419140 -0.119262
v -1.177355 0.404659 -0.090645
v -1.204831 0.386282 -0.063169
v -1.230901 0.364184 -0.037100
v -1.255313 0.338579 -0.012687
v -1.277833 0.309713 0.009833
v -1.298245 0.277864 0.030244
v -1.316350 0.243340 0.048350
v -1.331976 0.206472 0.063975
v -1.344971 0.167615 0.076971
v -1.355210 0.127145 0.087210
v -1.362595 0.085450 0.094595
v -1.367055 0.042932 0.099055
v -1.368546 0.000000 0.100546
v -1.367055 -0.042932 0.099055
v -1.362595 -0.085450 0.094595
v -1.355210 -0.127145 0.087210
v -1.344971 -0.167615 0.076971
v -1.331976 -0.206472 0.063975
v -1.316350 -0.243340 0.048350
v -1.298245 -0.277864 0.030244
v -1.277833 -0.309713 0.009833
v -1.255313 -0.338579 -0.012687
v -1.230901 -0.364184 -0.037100
v -1.204831 -0.386282 -0.063169
v -1.177355 -0.404659 -0.090645
v -1.148738 -0.419140 -0.119262
v -1.119255 -0.429584 -0.148745
v -1.089191 -0.435891 -0.178810
v -1.094530 0.435891 -0.185315
v -1.129882 0.429584 -0.161693
v -1.164550 0.419140 -0.138529
v -1.198200 0.404659 -0.116045
v -1.230508 0.386282 -0.094457
v -1.261163 0.364184 -0.073974
v -1.289869 0.338579 -0.054794
v -1.316350 0.309713 -0.037100
v -1.340351 0.277864 -0.021063
v -1.361641 0.243340 -0.006837
v -1.380015 0.206472 0.005440
v -1.395295 0.167615 0.015650
v -1.407336 0.127145 0.023695
v -1.416019 0.085450 0.029497
v -1.421263 0.042932 0.033001
v -1.423017 0.000000 0.034173
v -1.421263 -0.042932 0.033001
v -1.416019 -0.085450 0.029497
v -1.407336 -0.127145 0.023695
v -1.395295 -0.167615 0.015650
v -1.380015 -0.206472 0.005440
v -1.361641 -0.243340 -0.006837
v -1.340351 -0.277864 -0.021063
v -1.316350 -0.309713 -0.037100
v -1.289869 -0.338579 -0.054794
v -1.261163 -0.364184 -0.073974
v -1.230508 -0.386282 -0.094457
v -1.198200 -0.404659 -0.116045
v -1.164550 -0.419140 -0.138529
v -1.129882 -0.429584 -0.161693
v -1.094530 -0.435891 -0.185315
v -1.098497 0.435891 -0.192738
v -1.137779 0.429584 -0.176467
v -1.176300 0.419140 -0.160511
v -1.213690 0.404659 -0.145023
v -1.249588 0.386282 -0.130153
v -1.283650 0.364184 -0.116045
v -1.315547 0.338579 -0.102833
v -1.344971 0.309713 -0.090645
v -1.371639 0.277864 -0.079598
v -1.395295 0.243340 -0.069800
v -1.415711 0.206472 -0.061343
v -1.432690 0.167615 -0.054310
v -1.446068 0.127145 -0.048769
v -1.455717 0.085450 -0.044772
v -1.461544 0.042932 -0.042359
v -1.463492 -0.000000 -0.041552
v -1.461544 -0.042932 -0.042359
v -1.455717 -0.085450 -0.044772
v -1.446068 -0.127145 -0.048769
v -1.432690 -0.167615 -0.054310
v -1.415711 -0.206472 -0.061343
v -1.395295 -0.243340 -0.069800
v -1.371639 -0.277864 -0.079598
v -1.344971 -0.309713 -0.090645
v -1.315547 -0.338579 -0.102833
v -1.283650 -0.364184 -0.116045
v -1.249588 -0.386282 -0.130153
v -1.213690 -0.404659 -0.145023
v -1.176300 -0.419140 -0.160511
v -1.137779 -0.429584 -0.176467
v -1.098497 -0.435891 -0.192738
v -1.100940 0.435891 -0.200791
v -1.142641 0.429584 -0.192496
v -1.183535 0.419140 -0.184362
v -1.223228 0.404659 -0.176467
v -1.261338 0.386282 -0.168886
v -1.297497 0.364184 -0.161694
v -1.331358 0.338579 -0.154958
v -1.362595 0.309713 -0.148745
v -1.390906 0.277864 -0.143113
v -1.416019 0.243340 -0.138118
v -1.437692 0.206472 -0.133807
v -1.455717 0.167615 -0.130222
v -1.469920 0.127145 -0.127397
v -1.480163 0.085450 -0.125359
v -1.486349 0.042932 -0.124129
v -1.488417 -0.000000 -0.123717
v -1.486349 -0.042932 -0.124129
v -1.480163 -0.085450 -0.125359
v -1.469920 -0.127145 -0.127397
v -1.455717 -0.167615 -0.130222
v -1.437692 -0.206472 -0.133807
v -1.416019 -0.243340 -0.138118
v -1.390906 -0.277864 -0.143113
v -1.362595 -0.309713 -0.148745
v -1.331358 -0.338579 -0.154958
v -1.297497 -0.364184 -0.161694
v -1.261338 -0.386282 -0.168886
v -1.223228 -0.404659 -0.176467
v -1.183535 -0.419140 -0.184362
v -1.142641 -0.429584 -0.192496
v -1.100940 -0.435891 -0.200791
v -1.101765 0.435891 -0.209167
v -1.144283 0.429584 -0.209167
v -1.185978 0.419140 -0.209167
v -1.226449 0.404659 -0.209167
v -1.265305 0.386282 -0.209167
v -1.302173 0.364184 -0.209167
v -1.336698 0.338579 -0.209167
v -1.368546 0.309713 -0.209167
v -1.397412 0.277864 -0.209167
v -1.423017 0.243340 -0.209167
v -1.445115 0.206472 -0.209167
v -1.463493 0.167615 -0.209167
v -1.477973 0.127145 -0.209167
v -1.488417 0.085450 -0.209167
v -1.494724 0.042932 -0.209167
v -1.496833 -0.000000 -0.209167
v -1.494724 -0.042932 -0.209167
v -1.488417 -0.085450 -0.209167
v -1.477973 -0.127145 -0.209167
v -1.463493 -0.167615 -0.209167
v -1.445115 -0.206472 -0.209167
v -1.423017 -0.243340 -0.209167
v -1.397412 -0.277864 -0.209167
v -1.368546 -0.309713 -0.209167
v -1.336698 -0.338579 -0.209167
v -1.302173 -0.364184 -0.209167
v -1.265305 -0.386282 -0.209167
v -1.226449 -0.404659 -0.209167
v -1.185978 -0.419140 -0.209167
v -1.144283 -0.429584 -0.209167
v -1.101765 -0.435891 -0.209167
v -1.100940 0.435891 -0.217542
v -1.142641 0.429584 -0.225837
v -1.183535 0.419140 -0.233971
v -1.223228 0.404659 -0.241867
v -1.261338 0.386282 -0.249447
v -1.297497 0.364184 -0.256640
v -1.331358 0.338579 -0.263375
v -1.362595 0.309713 -0.269589
v -1.390906 0.277864 -0.275220
v -1.416019 0.243340 -0.280215
v -1.437692 0.206472 -0.284526
v -1.455717 0.167615 -0.288112
v -1.469920 0.127145 -0.290937
v -1.480163 0.085450 -0.292974
v -1.486349 0.042932 -0.294205
v -1.488417 -0.000000 -0.294616
v -1.486349 -0.042932 -0.294205
v -1.480163 -0.085450 -0.292974
v -1.469920 -0.127145 -0.290937
v -1.455717 -0.167615 -0.288112
v -1.437692 -0.206472 -0.284526
v -1.416019 -0.243340 -0.280215
v -1.390906 -0.277864 -0.275220
v -1.362595 -0.309713 -0.269589
v -1.331358 -0.338579 -0.263375
v -1.297497 -0.364184 -0.256640
v -1.261338 -0.386282 -0.249447
v -1.223228 -0.404659 -0.241867
v -1.183535 -0.419140 -0.233971
v -1.142641 -0.429584 -0.225837
v -1.100940 -0.435891 -0.217542
v -1.098497 0.435891 -0.225596
v -1.137779 0.429584 -0.241867
v -1.176300 0.419140 -0.257823
v -1.213690 0.404659 -0.273310
v -1.249588 0.386282 -0.288180
v -1.283650 0.364184 -0.302289
v -1.315546 0.338579 -0.315501
v -1.344971 0.309713 -0.327689
v -1.371639 0.277864 -0.338735
v -1.395295 0.243340 -0.348534
v -1.415711 0.206472 -0.356990
v -1.432690 0.167615 -0.364023
v -1.446068 0.127145 -0.369565
v -1.455717 0.085450 -0.373561
v -1.461544 0.042932 -0.375975
v -1.463492 -0.000000 -0.376782
v -1.461544 -0.042932 -0.375975
v -1.455717 -0.085450 -0.373561
v -1.446068 -0.127145 -0.369565
v -1.432690 -0.167615 -0.364023
v -1.415711 -0.206472 -0.356990
v -1.395295 -0.243340 -0.348534
v -1.371639 -0.277864 -0.338735
v -1.344971 -0.309713 -0.327689
v -1.315546 -0.338579 -0.315501
v -1.283650 -0.364184 -0.302289
v -1.249588 -0.386282 -0.288180
v -1.213690 -0.404659 -0.273310
v -1.176300 -0.419140 -0.257823
v -1.137779 -0.429584 -0.241867
v -1.098497 -0.435891 -0.225596
v -1.094530 0.435891 -0.233018
v -1.129882 0.429584 -0.256640
v -1.164550 0.419140 -0.279804
v -1.198200 0.404659 -0.302289
v -1.230508 0.386282 -0.323876
v -1.261163 0.364184 -0.344359
v -1.289869 0.338579 -0.363540
v -1.316350 0.309713 -0.381234
v -1.340351 0.277864 -0.397271
v -1.361641 0.243340 -0.411496
v -1.380015 0.206472 -0.423773
v -1.395295 0.167615 -0.433983
v -1.407335 0.127145 -0.442028
v -1.416019 0.085450 -0.447831
v -1.421263 0.042932 -0.451335
v -1.423017 -0.000000 -0.452506
v -1.421263 -0.042932 -0.451335
v -1.416019 -0.085450 -0.447831
v -1.407335 -0.127145 -0.442028
v -1.395295 -0.167615 -0.433983
v -1.380015 -0.206472 -0.423773
v -1.361641 -0.243340 -0.411496
v -1.340351 -0.277864 -0.397271
v -1.316350 -0.309713 -0.381234
v -1.289869 -0.338579 -0.363540
v -1.261163 -0.364184 -0.344359
v -1.230508 -0.386282 -0.323876
v -1.198200 -0.404659 -0.302289
v -1.164550 -0.419140 -0.279804
v -1.129882 -0.429584 -0.256640
v -1.094530 -0.435891 -0.233018
v -1.089191 0.435891 -0.239524
v -1.119255 0.429584 -0.269589
v -1.148738 0.419140 -0.299072
v -1.177355 0.404659 -0.327689
v -1.204831 0.386282 -0.355164
v -1.230900 0.364184 -0.381234
v -1.255313 0.338579 -0.405646
v -1.277833 0.309713 -0.428167
v -1.298244 0.277864 -0.448578
v -1.316350 0.243340 -0.466683
v -1.331975 0.206472 -0.482309
v -1.344971 0.167615 -0.495304
v -1.355210 0.127145 -0.505543
v -1.362595 0.085450 -0.512928
v -1.367055 0.042932 -0.517388
v -1.368546 -0.000000 -0.518879
v -1.367055 -0.042932 -0.517388
v -1.362595 -0.085450 -0.512928
v -1.355210 -0.127145 -0.505543
v -1.344971 -0.167615 -0.495304
v -1.331975 -0.206472 -0.482309
v -1.316350 -0.243340 -0.466683
v -1.298244 -0.277864 -0.448578
v -1.277833 -0.309713 -0.428167
v -1.255313 -0.338579 -0.405646
v -1.230900 -0.364184 -0.381234
v -1.204831 -0.386282 -0.355164
v -1.177355 -0.404659 -0.327689
v -1.148738 -0.419140 -0.299072
v -1.119255 -0.429584 -0.269589
v -1.089191 -0.435891 -0.239524
v -1.082685 0.435891 -0.244863
v -1.106307 0.429584 -0.280215
v -1.129471 0.419140 -0.314884
v -1.151955 0.404659 -0.348534
v -1.173543 0.386282 -0.380842
v -1.194026 0.364184 -0.411496
v -1.213206 0.338579 -0.440202
v -1.230901 0.309713 -0.466683
v -1.246938 0.277864 -0.490684
v -1.261163 0.243340 -0.511974
v -1.273440 0.206472 -0.530348
v -1.283650 0.167615 -0.545628
v -1.291695 0.127145 -0.557669
v -1.297497 0.085450 -0.566353
v -1.301001 0.042932 -0.571596
v -1.302173 -0.000000 -0.573350
v -1.301001 -0.042932 -0.571596
v -1.297497 -0.085450 -0.566353
v -1.291695 -0.127145 -0.557669
v -1.283650 -0.167615 -0.545628
v -1.273440 -0.206472 -0.530348
v -1.261163 -0.243340 -0.511974
v -1.246938 -0.277864 -0.490684
v -1.230901 -0.309713 -0.466683
v -1.213206 -0.338579 -0.440202
v -1.194026 -0.364184 -0.411496
v -1.173543 -0.386282 -0.380842
v -1.151955 -0.404659 -0.348534
v -1.129471 -0.419140 -0.314884
v -1.106307 -0.429584 -0.280215
v -1.082685 -0.435891 -0.244863
v -1.075263 0.435891 -0.248830
v -1.091533 0.429584 -0.288112
v -1.107489 0.419140 -0.326633
v -1.122977 0.404659 -0.364023
v -1.137847 0.386282 -0.399922
v -1.151955 0.364184 -0.433983
v -1.165167 0.338579 -0.465880
v -1.177355 0.309713 -0.495304
v -1.188402 0.277864 -0.521972
v -1.198200 0.243340 -0.545628
v -1.206657 0.206472 -0.566044
v -1.213690 0.167615 -0.583023
v -1.219231 0.127145 -0.596401
v -1.223228 0.085450 -0.606050
v -1.225641 0.042932 -0.611877
v -1.226448 -0.000000 -0.613826
v -1.225641 -0.042932 -0.611877
v -1.223228 -0.085450 -0.606050
v -1.219231 -0.127145 -0.596401
v -1.213690 -0.167615 -0.583023
v -1.206657 -0.206472 -0.566044
v -1.198200 -0.243340 -0.545628
v -1.188402 -0.277864 -0.521972
v -1.177355 -0.309713 -0.495304
v -1.165167 -0.338579 -0.465880
v -1.151955 -0.364184 -0.433983
v -1.137847 -0.386282 -0.399922
v -1.122977 -0.404659 -0.364023
v -1.107489 -0.419140 -0.326633
v -1.091533 -0.429584 -0.288112
v -1.075263 -0.435891 -0.248830
v -1.067209 0.435891 -0.251273
v -1.075504 0.429584 -0.292974
v -1.083638 0.419140 -0.333868
v -1.091533 0.404659 -0.373561
v -1.099114 0.386282 -0.411671
v -1.106306 0.364184 -0.447831
v -1.113042 0.338579 -0.481692
v -1.119255 0.309713 -0.512928
v -1.124887 0.277864 -0.541240
v -1.129882 0.243340 -0.566352
v -1.134193 0.206472 -0.588026
v -1.137779 0.167615 -0.606050
v -1.140603 0.127145 -0.620253
v -1.142641 0.085450 -0.630496
v -1.143871 0.042932 -0.636682
v -1.144283 -0.000000 -0.638750
v -1.143871 -0.042932 -0.636682
v -1.142641 -0.085450 -0.630496
v -1.140603 -0.127145 -0.620253
v -1.137779 -0.167615 -0.606050
v -1.134193 -0.206472 -0.588026
v -1.129882 -0.243340 -0.566352
v -1.124887 -0.277864 -0.541240
v -1.119255 -0.309713 -0.512928
v -1.113042 -0.338579 -0.481692
v -1.106306 -0.364184 -0.447831
v -1.099114 -0.386282 -0.411671
v -1.091533 -0.404659 -0.373561
v -1.083638 -0.419140 -0.333868
v -1.075504 -0.429584 -0.292974
v -1.067209 -0.435891 -0.251273
v -1.058833 0.435891 -0.252098
v -1.058833 0.429584 -0.294616
v -1.058833 0.419140 -0.336311
v -1.058833 0.404659 -0.376782
v -1.058833 0.386282 -0.415638
v -1.058833 0.364184 -0.452506
v -1.058833 0.309713 -0.518879
v -1.058833 0.243340 -0.573350
v -1.058833 0.206472 -0.595448
v -1.058833 -0.000000 -0.647166
v -1.058833 -0.127145 -0.628306
v -1.058833 -0.167615 -0.613826
v -1.058833 -0.309713 -0.518879
v -1.058833 -0.404659 -0.376782
v -1.058833 -0.419140 -0.336311
v -0.388052 -0.076783 -0.041075
v -0.383735 -0.139739 -0.115281
v -0.380928 -0.149872 -0.163527
v -0.378082 -0.143764 -0.212444
v -0.375506 -0.122078 -0.256730
v -0.373478 -0.087162 -0.291587
v -0.372218 -0.042801 -0.313237
v -0.371864 0.006198 -0.319335
v -0.372452 0.054526 -0.309219
v -0.373920 0.096945 -0.283985
v -0.376109 0.128858 -0.246369
v -0.439129 0.018554 -0.024023
v -0.439010 -0.030782 -0.026060
v -0.437968 -0.076783 -0.043979
v -0.436114 -0.114462 -0.075838
v -0.433650 -0.139739 -0.118185
v -0.427998 -0.143764 -0.215348
v -0.423394 -0.087162 -0.294491
v -0.422134 -0.042801 -0.316141
v -0.421779 0.006198 -0.322239
v -0.422368 0.054526 -0.312123
v -0.423836 0.096945 -0.286889
v -0.428696 0.146807 -0.203350
v -0.436641 0.106066 -0.066733
v -0.438307 0.065880 -0.038088
v -0.430844 -0.149872 -0.166431
v -0.425424 -0.122077 -0.259634
v -0.426026 0.128858 -0.249273
v -0.431561 0.148848 -0.154097
v -0.434308 0.134759 -0.106852
v -0.475339 -0.122077 -0.262537
v -0.471699 0.006198 -0.325141
v -0.472287 0.054526 -0.315025
v -0.473755 0.096945 -0.289792
v -0.475942 0.128858 -0.252176
v -0.478612 0.146807 -0.206253
v -0.481476 0.148848 -0.157000
v -0.484224 0.134759 -0.109754
v -0.486562 0.106066 -0.069635
v -0.488229 0.065880 -0.040991
v -0.489048 0.018554 -0.026925
v -0.488929 -0.030782 -0.028962
v -0.487887 -0.076783 -0.046881
v -0.486032 -0.114462 -0.078740
v -0.483568 -0.139739 -0.121087
v -0.480760 -0.149872 -0.169333
v -0.477913 -0.143764 -0.218250
v -0.473306 -0.087162 -0.297393
v -0.472046 -0.042801 -0.319043
v -0.536478 0.106066 -0.072540
v -0.538145 0.065880 -0.043896
v -0.538964 0.018554 -0.029830
v -0.537802 -0.076783 -0.049786
v -0.535948 -0.114462 -0.081646
v -0.530675 -0.149872 -0.172238
v -0.534143 0.134759 -0.112659
v -0.538841 -0.030782 -0.031866
v -0.533482 -0.139739 -0.123991
v -0.527829 -0.143764 -0.221154
v -0.525253 -0.122078 -0.265440
v -0.523225 -0.087162 -0.300297
v -0.521965 -0.042801 -0.321947
v -0.521611 0.006198 -0.328045
v -0.522199 0.054526 -0.317929
v -0.523667 0.096945 -0.292695
v -0.525856 0.128858 -0.255079
v -0.528527 0.146807 -0.209156
v -0.531393 0.148848 -0.159903
v -0.586391 0.106066 -0.075443
v -0.588057 0.065880 -0.046799
v -0.588876 0.018554 -0.032733
v -0.588757 -0.030782 -0.034770
v -0.587714 -0.076783 -0.052689
v -0.585861 -0.114462 -0.084548
v -0.583397 -0.139739 -0.126895
v -0.580591 -0.149872 -0.175141
v -0.573141 -0.087162 -0.303201
v -0.581308 0.148848 -0.162807
v -0.584057 0.134759 -0.115562
v -0.577747 -0.143764 -0.224058
v -0.575173 -0.122078 -0.268345
v -0.571888 -0.042801 -0.324852
v -0.571534 0.006198 -0.330950
v -0.572122 0.054526 -0.320834
v -0.573588 0.096945 -0.295600
v -0.575775 0.128858 -0.257984
v -0.578444 0.146807 -0.212061
v -0.636301 0.106066 -0.078345
v -0.637624 -0.076782 -0.055590
v -0.635772 -0.114462 -0.087450
v -0.633310 -0.139739 -0.129797
v -0.627663 -0.143764 -0.226960
v -0.625691 0.128858 -0.260885
v -0.631223 0.148848 -0.165709
v -0.633969 0.134759 -0.118463
v -0.637976 0.065880 -0.049701
v -0.638795 0.018554 -0.035635
v -0.638677 -0.030782 -0.037672
v -0.630507 -0.149872 -0.178043
v -0.625082 -0.122078 -0.271246
v -0.623053 -0.087162 -0.306102
v -0.621793 -0.042801 -0.327753
v -0.621438 0.006198 -0.333850
v -0.622027 0.054526 -0.323734
v -0.623495 0.096945 -0.298501
v -0.628358 0.146807 -0.214962
v -0.685695 -0.114462 -0.090355
v -0.680422 -0.149872 -0.180948
v -0.674997 -0.122078 -0.274151
v -0.671708 -0.042801 -0.330658
v -0.671354 0.006198 -0.336755
v -0.671942 0.054526 -0.326640
v -0.673411 0.096945 -0.301406
v -0.675600 0.128858 -0.263790
v -0.678273 0.146807 -0.217867
v -0.686216 0.106066 -0.081250
v -0.687881 0.065880 -0.052605
v -0.688699 0.018554 -0.038540
v -0.688581 -0.030782 -0.040577
v -0.687539 -0.076782 -0.058496
v -0.683226 -0.139739 -0.132702
v -0.677578 -0.143764 -0.229865
v -0.672978 -0.087162 -0.309008
v -0.681138 0.148848 -0.168615
v -0.683885 0.134759 -0.121369
v -0.736132 0.106066 -0.084151
v -0.737797 0.065880 -0.055507
v -0.738615 0.018554 -0.041441
v -0.738496 -0.030782 -0.043478
v -0.737455 -0.076782 -0.061397
v -0.735603 -0.114462 -0.093256
v -0.733142 -0.139739 -0.135603
v -0.730337 -0.149872 -0.183849
v -0.724920 -0.122078 -0.277053
v -0.721635 -0.042801 -0.333560
v -0.721281 0.006198 -0.339658
v -0.731054 0.148848 -0.171516
v -0.733800 0.134759 -0.124270
v -0.727495 -0.143764 -0.232769
v -0.722897 -0.087162 -0.311912
v -0.721872 0.054526 -0.329544
v -0.723338 0.096945 -0.304311
v -0.725524 0.128858 -0.266695
v -0.728192 0.146807 -0.220772
v -0.786045 0.106066 -0.087054
v -0.785516 -0.114462 -0.096159
v -0.777411 -0.143764 -0.235669
v -0.774838 -0.122078 -0.279955
v -0.772813 -0.087162 -0.314812
v -0.771555 -0.042801 -0.336463
v -0.771201 0.006198 -0.342560
v -0.771788 0.054526 -0.332444
v -0.773254 0.096945 -0.307211
v -0.775440 0.128858 -0.269595
v -0.778108 0.146807 -0.223672
v -0.787716 0.065880 -0.058412
v -0.788534 0.018554 -0.044346
v -0.788416 -0.030782 -0.046383
v -0.787374 -0.076782 -0.064302
v -0.783059 -0.139739 -0.138508
v -0.780253 -0.149872 -0.186754
v -0.780970 0.148848 -0.174421
v -0.783718 0.134759 -0.127175
v -0.835966 0.106066 -0.089959
v -0.827324 -0.143764 -0.238573
v -0.824749 -0.122078 -0.282860
v -0.821463 -0.042801 -0.339367
v -0.821108 0.006198 -0.345465
v -0.821697 0.054526 -0.335349
v -0.823164 0.096945 -0.310115
v -0.825351 0.128858 -0.272499
v -0.828022 0.146807 -0.226576
v -0.830886 0.148848 -0.177323
v -0.833633 0.134759 -0.130077
v -0.837639 0.065880 -0.061314
v -0.838458 0.018554 -0.047248
v -0.838339 -0.030782 -0.049285
v -0.837296 -0.076782 -0.067204
v -0.835442 -0.114462 -0.099063
v -0.832977 -0.139739 -0.141410
v -0.830169 -0.149872 -0.189656
v -0.822716 -0.087162 -0.317716
v -0.885887 0.106066 -0.092863
v -0.887555 0.065880 -0.064219
v -0.888373 0.018554 -0.050153
v -0.888255 -0.030782 -0.052190
v -0.887212 -0.076782 -0.070109
v -0.885357 -0.114462 -0.101969
v -0.877238 -0.143764 -0.241478
v -0.874660 -0.122078 -0.285764
v -0.871371 -0.042801 -0.342271
v -0.871016 0.006198 -0.348369
v -0.880802 0.148848 -0.180228
v -0.883552 0.134759 -0.132982
v -0.882887 -0.139739 -0.144316
v -0.880084 -0.149872 -0.192562
v -0.872644 -0.087162 -0.320622
v -0.871619 0.054526 -0.338254
v -0.873085 0.096945 -0.313021
v -0.875271 0.128858 -0.275404
v -0.877939 0.146807 -0.229481
v -0.935792 0.106066 -0.095763
v -0.938155 -0.030782 -0.055090
v -0.930000 -0.149872 -0.195462
v -0.927158 -0.143764 -0.244379
v -0.924585 -0.122078 -0.288665
v -0.922559 -0.087162 -0.323522
v -0.921302 -0.042801 -0.345173
v -0.920947 0.006198 -0.351270
v -0.921535 0.054526 -0.341154
v -0.925187 0.128858 -0.278305
v -0.937463 0.065880 -0.067121
v -0.938281 0.018554 -0.053056
v -0.937121 -0.076782 -0.073012
v -0.935268 -0.114462 -0.104871
v -0.932806 -0.139739 -0.147218
v -0.922995 0.096945 -0.315922
v -0.927853 0.146807 -0.232383
v -0.930717 0.148848 -0.183130
v -0.933465 0.134759 -0.135885
v -0.985713 0.106066 -0.098668
v -0.979916 -0.149872 -0.198367
v -0.977071 -0.143764 -0.247283
v -0.974496 -0.122078 -0.291569
v -0.971210 -0.042801 -0.348077
v -0.970855 0.006198 -0.354174
v -0.971444 0.054526 -0.344058
v -0.972911 0.096945 -0.318825
v -0.975098 0.128858 -0.281209
v -0.977769 0.146807 -0.235286
v -0.980633 0.148848 -0.186033
v -0.987386 0.065880 -0.070024
v -0.988204 0.018554 -0.055958
v -0.988086 -0.030782 -0.057995
v -0.987043 -0.076782 -0.075914
v -0.985189 -0.114462 -0.107773
v -0.982724 -0.139739 -0.150120
v -0.972463 -0.087162 -0.326425
v -0.983383 0.134759 -0.138787
v -1.024407 -0.122078 -0.294474
v -1.027683 0.146807 -0.238191
v -1.033299 0.134759 -0.141692
v -1.035634 0.106066 -0.101571
v -1.037302 0.065880 -0.072927
v -1.038120 0.018554 -0.058861
v -1.038002 -0.030782 -0.060898
v -1.036959 -0.076782 -0.078817
v -1.035104 -0.114462 -0.110677
v -1.032640 -0.139739 -0.153023
v -1.029832 -0.149872 -0.201269
v -1.026985 -0.143764 -0.250186
v -1.022378 -0.087162 -0.329329
v -1.021118 -0.042801 -0.350979
v -1.020763 0.006198 -0.357077
v -1.021352 0.054526 -0.346961
v -1.022821 0.096945 -0.321727
v -1.025010 0.128858 -0.284111
v -1.030550 0.148848 -0.188936
v -1.076900 -0.143764 -0.253091
v -1.074322 -0.122078 -0.297377
v -1.072294 -0.087162 -0.332234
v -1.070679 0.006198 -0.359982
v -1.071267 0.054526 -0.349866
v -1.072736 0.096945 -0.324633
v -1.074925 0.128858 -0.287017
v -1.077598 0.146807 -0.241094
v -1.085556 0.106066 -0.104474
v -1.087224 0.065880 -0.075829
v -1.088044 0.018554 -0.061764
v -1.087925 -0.030782 -0.063801
v -1.086881 -0.076783 -0.081720
v -1.085025 -0.114462 -0.113579
v -1.082558 -0.139739 -0.155926
v -1.079748 -0.149872 -0.204171
v -1.071027 -0.042801 -0.353881
v -1.080466 0.148848 -0.191838
v -1.083218 0.134759 -0.144592
v -1.135471 0.106066 -0.107381
v -1.137140 0.065880 -0.078737
v -1.137959 0.018554 -0.064672
v -1.137840 -0.030782 -0.066709
v -1.136797 -0.076783 -0.084628
v -1.134941 -0.114462 -0.116487
v -1.132474 -0.139739 -0.158834
v -1.129663 -0.149872 -0.207079
v -1.126814 -0.143764 -0.255996
v -1.124234 -0.122077 -0.300282
v -1.122203 -0.087162 -0.335138
v -1.120942 -0.042801 -0.356788
v -1.120587 0.006199 -0.362886
v -1.121176 0.054526 -0.352770
v -1.122646 0.096945 -0.327537
v -1.124837 0.128858 -0.289921
v -1.127512 0.146808 -0.243998
v -1.130382 0.148848 -0.194745
v -1.133134 0.134759 -0.147500
v -1.153125 -0.106066 -0.257737
v -1.178632 -0.065880 -0.270876
v -1.191158 -0.018554 -0.277328
v -1.189344 0.030782 -0.276394
v -1.173387 0.076783 -0.268175
v -1.145017 0.114462 -0.253561
v -1.107307 0.139739 -0.234136
v -1.064344 0.149872 -0.212005
v -1.020784 0.143764 -0.189567
v -0.981348 0.122077 -0.169253
v -0.950308 0.087162 -0.153264
v -0.931029 0.042801 -0.143333
v -0.925599 -0.006198 -0.140536
v -0.934607 -0.054526 -0.145177
v -0.957077 -0.096945 -0.156751
v -0.990574 -0.128858 -0.174006
v -1.031468 -0.146807 -0.195071
v -1.075328 -0.148848 -0.217663
v -1.117399 -0.134759 -0.239335
v -1.201529 -0.065880 -0.226427
v -1.214054 -0.018554 -0.232879
v -1.212240 0.030782 -0.231945
v -1.196283 0.076783 -0.223725
v -1.167913 0.114462 -0.209111
v -1.130203 0.139739 -0.189686
v -1.087241 0.149872 -0.167556
v -1.043681 0.143764 -0.145118
v -1.098224 -0.148848 -0.173214
v -1.140296 -0.134759 -0.194885
v -1.176020 -0.106066 -0.213290
v -1.004245 0.122077 -0.124802
v -0.973206 0.087162 -0.108812
v -0.953926 0.042801 -0.098881
v -0.948497 -0.006198 -0.096083
v -0.957505 -0.054526 -0.100724
v -0.979975 -0.096945 -0.112299
v -1.013471 -0.128858 -0.129554
v -1.054365 -0.146808 -0.150620
v -1.198917 -0.106066 -0.168841
v -1.110138 0.149872 -0.123107
v -1.066579 0.143764 -0.100668
v -0.996103 0.087162 -0.064363
v -0.976824 0.042801 -0.054432
v -0.971394 -0.006198 -0.051635
v -0.980402 -0.054526 -0.056275
v -1.002872 -0.096945 -0.067850
v -1.036369 -0.128858 -0.085105
v -1.077262 -0.146808 -0.106171
v -1.121121 -0.148848 -0.128765
v -1.224426 -0.065880 -0.181978
v -1.236951 -0.018554 -0.188430
v -1.235137 0.030782 -0.187495
v -1.219180 0.076783 -0.179276
v -1.190810 0.114462 -0.164662
v -1.153100 0.139739 -0.145237
v -1.027141 0.122077 -0.080354
v -1.163193 -0.134759 -0.150436
v -1.213706 0.114462 -0.120212
v -0.999718 0.042801 -0.009985
v -0.994289 -0.006198 -0.007188
v -1.025767 -0.096945 -0.023403
v -1.059264 -0.128858 -0.040657
v -1.144017 -0.148848 -0.084315
v -1.221815 -0.106066 -0.124389
v -1.247323 -0.065880 -0.137528
v -1.259848 -0.018554 -0.143980
v -1.258034 0.030782 -0.143046
v -1.242077 0.076783 -0.134826
v -1.175997 0.139739 -0.100788
v -1.133034 0.149872 -0.078657
v -1.089475 0.143764 -0.056219
v -1.050038 0.122077 -0.035905
v -1.018998 0.087162 -0.019916
v -1.003297 -0.054526 -0.011829
v -1.100158 -0.146807 -0.061722
v -1.186090 -0.134759 -0.105987
v -1.244711 -0.106066 -0.079940
v -1.270219 -0.065880 -0.093079
v -1.282744 -0.018554 -0.099531
v -1.280930 0.030782 -0.098596
v -1.264974 0.076783 -0.090377
v -1.236603 0.114462 -0.075763
v -1.198893 0.139739 -0.056338
v -1.166914 -0.148848 -0.039865
v -1.208986 -0.134759 -0.061537
v -1.155930 0.149872 -0.034208
v -1.112371 0.143764 -0.011769
v -1.072935 0.122077 0.008546
v -1.041896 0.087162 0.024536
v -1.022616 0.042801 0.034468
v -1.017187 -0.006199 0.037265
v -1.026195 -0.054526 0.032624
v -1.048665 -0.096945 0.021049
v -1.082161 -0.128858 0.003794
v -1.123055 -0.146808 -0.017272
v -1.178828 0.149872 0.010241
v -1.135268 0.143764 0.032680
v -1.095832 0.122077 0.052995
v -1.064793 0.087162 0.068985
v -1.045514 0.042801 0.078916
v -1.040084 -0.006199 0.081714
v -1.049092 -0.054526 0.077073
v -1.071562 -0.096945 0.065498
v -1.105059 -0.128858 0.048243
v -1.145952 -0.146808 0.027177
v -1.189811 -0.148848 0.004583
v -1.267608 -0.106066 -0.035490
v -1.293115 -0.065880 -0.048630
v -1.305641 -0.018554 -0.055082
v -1.303827 0.030782 -0.054147
v -1.287870 0.076783 -0.045928
v -1.259500 0.114462 -0.031314
v -1.221790 0.139739 -0.011889
v -1.231883 -0.134759 -0.017088
v -1.326723 0.030782 -0.009698
v -1.282396 0.114462 0.013136
v -1.201724 0.149872 0.054691
v -1.212707 -0.148848 0.049033
v -1.254779 -0.134759 0.027362
v -1.290505 -0.106066 0.008959
v -1.316012 -0.065880 -0.004180
v -1.328538 -0.018554 -0.010632
v -1.310767 0.076783 -0.001478
v -1.244687 0.139739 0.032560
v -1.158164 0.143764 0.077129
v -1.118728 0.122077 0.097443
v -1.087688 0.087162 0.113432
v -1.068409 0.042801 0.123363
v -1.062979 -0.006198 0.126160
v -1.071987 -0.054526 0.121520
v -1.094457 -0.096945 0.109945
v -1.127954 -0.128858 0.092691
v -1.168848 -0.146807 0.071626
v -1.313401 -0.106066 0.053408
v -1.267583 0.139739 0.077010
v -1.181061 0.143764 0.121578
v -1.141624 0.122077 0.141893
v -1.110584 0.087162 0.157881
v -1.094883 -0.054526 0.165969
v -1.117354 -0.096945 0.154395
v -1.150850 -0.128858 0.137140
v -1.338909 -0.065880 0.040269
v -1.351434 -0.018554 0.033817
v -1.349620 0.030782 0.034752
v -1.333663 0.076783 0.042971
v -1.305293 0.114462 0.057585
v -1.224621 0.149872 0.099140
v -1.091305 0.042801 0.167812
v -1.085875 -0.006198 0.170609
v -1.191744 -0.146807 0.116075
v -1.235604 -0.148848 0.093483
v -1.277676 -0.134759 0.071811
v -1.361805 -0.065880 0.084719
v -1.374331 -0.018554 0.078267
v -1.372517 0.030782 0.079201
v -1.356560 0.076783 0.087421
v -1.328189 0.114462 0.102035
v -1.290480 0.139739 0.121459
v -1.247517 0.149872 0.143590
v -1.203957 0.143764 0.166028
v -1.164521 0.122077 0.186342
v -1.133481 0.087162 0.202331
v -1.336296 -0.106066 0.097856
v -1.114203 0.042801 0.212265
v -1.108773 -0.006198 0.215062
v -1.117781 -0.054526 0.210422
v -1.140251 -0.096945 0.198847
v -1.173747 -0.128858 0.181591
v -1.214641 -0.146808 0.160525
v -1.258500 -0.148848 0.137932
v -1.300571 -0.134759 0.116259
v -1.359194 -0.106066 0.142305
v -1.270414 0.149872 0.188039
v -1.226855 0.143764 0.210478
v -1.187419 0.122077 0.230793
v -1.137100 0.042801 0.256714
v -1.131670 -0.006198 0.259511
v -1.140679 -0.054526 0.254871
v -1.163148 -0.096945 0.243296
v -1.196645 -0.128858 0.226040
v -1.237538 -0.146808 0.204974
v -1.384702 -0.065880 0.129168
v -1.397227 -0.018554 0.122716
v -1.395413 0.030782 0.123650
v -1.379457 0.076783 0.131870
v -1.351086 0.114462 0.146484
v -1.313376 0.139739 0.165908
v -1.156378 0.087162 0.246780
v -1.281397 -0.148848 0.182381
v -1.323469 -0.134759 0.160710
v -1.249750 0.143764 0.254927
v -1.210314 0.122077 0.275241
v -1.179274 0.087162 0.291230
v -1.159995 0.042801 0.301161
v -1.163573 -0.054526 0.299317
v -1.186043 -0.096945 0.287743
v -1.219540 -0.128858 0.270488
v -1.260434 -0.146807 0.249423
v 0.701167 1.038418 0.286030
v 0.701167 1.011804 0.259415
v 0.701167 0.963475 0.230449
v 0.701167 0.945735 0.224101
v 0.701167 0.927458 0.219523
v 0.701167 0.908819 0.216758
v 0.701167 0.871181 0.216758
v 0.701167 0.852543 0.219523
v 0.701167 0.799492 0.238504
v 0.701167 0.783331 0.248191
v 0.701167 0.768197 0.259415
v 0.701167 0.741582 0.286030
v 0.701167 0.730358 0.301164
v 0.701167 0.720671 0.317325
v 0.701167 0.701689 0.370376
v 0.701167 0.698925 0.389014
v 0.704838 1.081076 0.389376
v 0.708474 1.078311 0.371096
v 0.712040 1.073733 0.353170
v 0.715501 1.067385 0.335770
v 0.718824 1.059329 0.319064
v 0.721977 1.049642 0.303214
v 0.724929 1.038418 0.288370
v 0.727653 1.025765 0.274678
v 0.730122 1.011804 0.262267
v 0.732311 0.996670 0.251259
v 0.734201 0.980508 0.241758
v 0.735773 0.963475 0.233857
v 0.737011 0.945735 0.227631
v 0.737904 0.927458 0.223141
v 0.738444 0.908819 0.220429
v 0.738624 0.890000 0.219523
v 0.738444 0.871181 0.220429
v 0.737904 0.852543 0.223141
v 0.737011 0.834265 0.227631
v 0.735773 0.816525 0.233857
v 0.734201 0.799492 0.241758
v 0.732311 0.783331 0.251259
v 0.730122 0.768197 0.262267
v 0.727653 0.754236 0.274678
v 0.724929 0.741582 0.288370
v 0.721977 0.730358 0.303214
v 0.718824 0.720671 0.319064
v 0.715501 0.712615 0.335770
v 0.712040 0.706268 0.353170
v 0.708474 0.701689 0.371096
v 0.704838 0.698925 0.389376
v 0.708369 1.081076 0.390447
v 0.715501 1.078311 0.373227
v 0.722495 1.073733 0.356341
v 0.729284 1.067385 0.339951
v 0.735803 1.059329 0.324215
v 0.741987 1.049642 0.309284
v 0.747779 1.038418 0.295302
v 0.753121 1.025765 0.282403
v 0.757964 1.011804 0.270713
v 0.762259 0.996670 0.260343
v 0.765966 0.980508 0.251394
v 0.769049 0.963475 0.243951
v 0.771478 0.945735 0.238087
v 0.773230 0.927458 0.233857
v 0.774288 0.908819 0.231303
v 0.774642 0.890000 0.230449
v 0.774288 0.871181 0.231303
v 0.773230 0.852543 0.233857
v 0.771478 0.834265 0.238087
v 0.769049 0.816525 0.243951
v 0.765966 0.799492 0.251394
v 0.762259 0.783331 0.260343
v 0.757964 0.768197 0.270713
v 0.753121 0.754236 0.282403
v 0.747779 0.741582 0.295302
v 0.741987 0.730358 0.309284
v 0.735803 0.720671 0.324215
v 0.729284 0.712615 0.339951
v 0.722495 0.706268 0.356341
v 0.715501 0.701689 0.373227
v 0.708369 0.698925 0.390447
v 0.711622 1.081076 0.392186
v 0.721977 1.078311 0.376689
v 0.732131 1.073733 0.361492
v 0.741987 1.067385 0.346741
v 0.751450 1.059329 0.332579
v 0.760429 1.049642 0.319141
v 0.768837 1.038418 0.306558
v 0.776593 1.025765 0.294949
v 0.783623 1.011804 0.284428
v 0.789859 0.996670 0.275096
v 0.795241 0.980508 0.267042
v 0.799716 0.963475 0.260343
v 0.803243 0.945735 0.255065
v 0.805787 0.927458 0.251259
v 0.807323 0.908819 0.248960
v 0.807836 0.890000 0.248191
v 0.807323 0.871181 0.248960
v 0.805787 0.852543 0.251259
v 0.803243 0.834265 0.255065
v 0.799716 0.816525 0.260343
v 0.795241 0.799492 0.267042
v 0.789859 0.783331 0.275096
v 0.783623 0.768197 0.284428
v 0.776593 0.754236 0.294949
v 0.768837 0.741582 0.306558
v 0.760429 0.730358 0.319141
v 0.751450 0.720671 0.332579
v 0.741987 0.712615 0.346741
v 0.732131 0.706268 0.361492
v 0.721977 0.701689 0.376689
v 0.711622 0.698925 0.392186
v 0.714474 1.081076 0.394526
v 0.727653 1.078311 0.381347
v 0.740577 1.073733 0.368423
v 0.753121 1.067385 0.355879
v 0.765166 1.059329 0.343834
v 0.776593 1.049642 0.332407
v 0.787295 1.038418 0.321705
v 0.797167 1.025765 0.311833
v 0.806114 1.011804 0.302886
v 0.814051 0.996670 0.294949
v 0.820900 0.980508 0.288100
v 0.826597 0.963475 0.282403
v 0.831085 0.945735 0.277915
v 0.834323 0.927458 0.274678
v 0.836277 0.908819 0.272723
v 0.836931 0.890000 0.272069
v 0.836277 0.871181 0.272723
v 0.834323 0.852543 0.274678
v 0.831085 0.834265 0.277915
v 0.826597 0.816525 0.282403
v 0.820900 0.799492 0.288100
v 0.814051 0.783331 0.294949
v 0.806114 0.768197 0.302886
v 0.797167 0.754236 0.311833
v 0.787295 0.741582 0.321705
v 0.776593 0.730358 0.332407
v 0.765166 0.720671 0.343834
v 0.753121 0.712615 0.355879
v 0.740577 0.706268 0.368423
v 0.727653 0.701689 0.381347
v 0.714474 0.698925 0.394526
v 0.716814 1.081076 0.397378
v 0.732311 1.078311 0.387023
v 0.747508 1.073733 0.376869
v 0.762259 1.067385 0.367013
v 0.776422 1.059329 0.357550
v 0.789859 1.049642 0.348571
v 0.802443 1.038418 0.340163
v 0.814051 1.025765 0.332407
v 0.824572 1.011804 0.325377
v 0.833904 0.996670 0.319141
v 0.841959 0.980508 0.313759
v 0.848657 0.963475 0.309284
v 0.853935 0.945735 0.305757
v 0.857741 0.927458 0.303214
v 0.860040 0.908819 0.301678
v 0.860809 0.890000 0.301164
v 0.860040 0.871181 0.301678
v 0.857741 0.852543 0.303214
v 0.853935 0.834265 0.305757
v 0.848657 0.816525 0.309284
v 0.841959 0.799492 0.313759
v 0.833904 0.783331 0.319141
v 0.824572 0.768197 0.325377
v 0.814051 0.754236 0.332407
v 0.802443 0.741582 0.340163
v 0.789859 0.730358 0.348571
v 0.776422 0.720671 0.357550
v 0.762259 0.712615 0.367013
v 0.747508 0.706268 0.376869
v 0.732311 0.701689 0.387023
v 0.716814 0.698925 0.397378
v 0.718553 1.081076 0.400632
v 0.735773 1.078311 0.393499
v 0.752659 1.073733 0.386505
v 0.769049 1.067385 0.379716
v 0.784785 1.059329 0.373197
v 0.799716 1.049642 0.367013
v 0.813699 1.038418 0.361221
v 0.826597 1.025765 0.355879
v 0.838287 1.011804 0.351036
v 0.848657 0.996670 0.346741
v 0.857606 0.980508 0.343034
v 0.865049 0.963475 0.339951
v 0.870914 0.945735 0.337522
v 0.875143 0.927458 0.335770
v 0.877697 0.908819 0.334712
v 0.878552 0.890000 0.334358
v 0.877697 0.871181 0.334712
v 0.875143 0.852543 0.335770
v 0.870914 0.834265 0.337522
v 0.865049 0.816525 0.339951
v 0.857606 0.799492 0.343034
v 0.848657 0.783331 0.346741
v 0.838287 0.768197 0.351036
v 0.826597 0.754236 0.355879
v 0.813699 0.741582 0.361221
v 0.799716 0.730358 0.367013
v 0.784785 0.720671 0.373197
v 0.769049 0.712615 0.379716
v 0.752659 0.706268 0.386505
v 0.735773 0.701689 0.393499
v 0.718553 0.698925 0.400632
v 0.719624 1.081076 0.404162
v 0.737904 1.078311 0.400526
v 0.755830 1.073733 0.396960
v 0.773230 1.067385 0.393499
v 0.789936 1.059329 0.390176
v 0.805787 1.049642 0.387023
v 0.820630 1.038418 0.384071
v 0.834323 1.025765 0.381347
v 0.846733 1.011804 0.378879
v 0.857741 0.996670 0.376689
v 0.867242 0.980508 0.374799
v 0.875143 0.963475 0.373227
v 0.881369 0.945735 0.371989
v 0.885859 0.927458 0.371096
v 0.888571 0.908819 0.370556
v 0.889477 0.890000 0.370376
v 0.888571 0.871181 0.370556
v 0.885859 0.852543 0.371096
v 0.881369 0.834265 0.371989
v 0.875143 0.816525 0.373227
v 0.867242 0.799492 0.374799
v 0.857741 0.783331 0.376689
v 0.846733 0.768197 0.378879
v 0.834323 0.754236 0.381347
v 0.820630 0.741582 0.384071
v 0.805787 0.730358 0.387023
v 0.789936 0.720671 0.390176
v 0.773230 0.712615 0.393499
v 0.755830 0.706268 0.396960
v 0.737904 0.701689 0.400526
v 0.719624 0.698925 0.404162
v 0.719986 1.081076 0.407833
v 0.738624 1.078311 0.407833
v 0.756901 1.073733 0.407833
v 0.774642 1.067385 0.407833
v 0.791675 1.059329 0.407833
v 0.807836 1.049642 0.407833
v 0.822970 1.038418 0.407833
v 0.836931 1.025765 0.407833
v 0.849585 1.011804 0.407833
v 0.860809 0.996670 0.407833
v 0.870496 0.980508 0.407833
v 0.878552 0.963475 0.407833
v 0.884899 0.945735 0.407833
v 0.889477 0.927458 0.407833
v 0.892242 0.908819 0.407833
v 0.893167 0.890000 0.407833
v 0.892242 0.871181 0.407833
v 0.889477 0.852543 0.407833
v 0.884899 0.834265 0.407833
v 0.878552 0.816525 0.407833
v 0.870496 0.799492 0.407833
v 0.860809 0.783331 0.407833
v 0.849585 0.768197 0.407833
v 0.836931 0.754236 0.407833
v 0.822970 0.741582 0.407833
v 0.807836 0.730358 0.407833
v 0.791675 0.720671 0.407833
v 0.774642 0.712615 0.407833
v 0.756901 0.706268 0.407833
v 0.738624 0.701689 0.407833
v 0.719986 0.698925 0.407833
v 0.719624 1.081076 0.411505
v 0.737904 1.078311 0.415141
v 0.755830 1.073733 0.418707
v 0.773230 1.067385 0.422168
v 0.789936 1.059329 0.425491
v 0.805787 1.049642 0.428644
v 0.820630 1.038418 0.431596
v 0.834323 1.025765 0.434320
v 0.846733 1.011804 0.436788
v 0.857741 0.996670 0.438978
v 0.867242 0.980508 0.440868
v 0.875143 0.963475 0.442439
v 0.881369 0.945735 0.443678
v 0.885859 0.927458 0.444571
v 0.888571 0.908819 0.445110
v 0.889477 0.890000 0.445291
v 0.888571 0.871181 0.445110
v 0.885859 0.852543 0.444571
v 0.881369 0.834265 0.443678
v 0.875143 0.816525 0.442439
v 0.867242 0.799492 0.440868
v 0.857741 0.783331 0.438978
v 0.846733 0.768197 0.436788
v 0.834323 0.754236 0.434320
v 0.820630 0.741582 0.431596
v 0.805787 0.730358 0.428644
v 0.789936 0.720671 0.425491
v 0.773230 0.712615 0.422168
v 0.755830 0.706268 0.418707
v 0.737904 0.701689 0.415141
v 0.719624 0.698925 0.411505
v 0.718553 1.081076 0.415035
v 0.735773 1.078311 0.422168
v 0.752659 1.073733 0.429162
v 0.769049 1.067385 0.435951
v 0.784785 1.059329 0.442469
v 0.799716 1.049642 0.448654
v 0.813699 1.038418 0.454446
v 0.826597 1.025765 0.459788
v 0.838287 1.011804 0.464631
v 0.848657 0.996670 0.468926
v 0.857606 0.980508 0.472633
v 0.865049 0.963475 0.475716
v 0.870914 0.945735 0.478145
v 0.875143 0.927458 0.479897
v 0.877697 0.908819 0.480955
v 0.878552 0.890000 0.481309
v 0.877697 0.871181 0.480955
v 0.875143 0.852543 0.479897
v 0.870914 0.834265 0.478145
v 0.865049 0.816525 0.475716
v 0.857606 0.799492 0.472633
v 0.848657 0.783331 0.468926
v 0.838287 0.768197 0.464631
v 0.826597 0.754236 0.459788
v 0.813699 0.741582 0.454446
v 0.799716 0.730358 0.448654
v 0.784785 0.720671 0.442469
v 0.769049 0.712615 0.435951
v 0.752659 0.706268 0.429162
v 0.735773 0.701689 0.422168
v 0.718553 0.698925 0.415035
v 0.716814 1.081076 0.418289
v 0.732311 1.078311 0.428644
v 0.747508 1.073733 0.438798
v 0.762259 1.067385 0.448654
v 0.776422 1.059329 0.458117
v 0.789859 1.049642 0.467096
v 0.802443 1.038418 0.475504
v 0.814051 1.025765 0.483260
v 0.824572 1.011804 0.490290
v 0.833904 0.996670 0.496526
v 0.841959 0.980508 0.501907
v 0.848657 0.963475 0.506383
v 0.853935 0.945735 0.509910
v 0.857741 0.927458 0.512453
v 0.860040 0.908819 0.513989
v 0.860809 0.890000 0.514503
v 0.860040 0.871181 0.513989
v 0.857741 0.852543 0.512453
v 0.853935 0.834265 0.509910
v 0.848657 0.816525 0.506383
v 0.841959 0.799492 0.501907
v 0.833904 0.783331 0.496526
v 0.824572 0.768197 0.490290
v 0.814051 0.754236 0.483260
v 0.802443 0.741582 0.475504
v 0.789859 0.730358 0.467096
v 0.776422 0.720671 0.458117
v 0.762259 0.712615 0.448654
v 0.747508 0.706268 0.438798
v 0.732311 0.701689 0.428644
v 0.716814 0.698925 0.418289
v 0.714474 1.081076 0.421141
v 0.727653 1.078311 0.434320
v 0.740577 1.073733 0.447244
v 0.753121 1.067385 0.459788
v 0.765166 1.059329 0.471832
v 0.776593 1.049642 0.483260
v 0.787295 1.038418 0.493961
v 0.797167 1.025765 0.503833
v 0.806114 1.011804 0.512781
v 0.814051 0.996670 0.520718
v 0.820900 0.980508 0.527567
v 0.826597 0.963475 0.533263
v 0.831085 0.945735 0.537752
v 0.834323 0.927458 0.540989
v 0.836277 0.908819 0.542944
v 0.836931 0.890000 0.543598
v 0.836277 0.871181 0.542944
v 0.834323 0.852543 0.540989
v 0.831085 0.834265 0.537752
v 0.826597 0.816525 0.533263
v 0.820900 0.799492 0.527567
v 0.814051 0.783331 0.520718
v 0.806114 0.768197 0.512781
v 0.797167 0.754236 0.503833
v 0.787295 0.741582 0.493961
v 0.776593 0.730358 0.483260
v 0.765166 0.720671 0.471832
v 0.753121 0.712615 0.459788
v 0.740577 0.706268 0.447244
v 0.727653 0.701689 0.434320
v 0.714474 0.698925 0.421141
v 0.711622 1.081076 0.423481
v 0.721977 1.078311 0.438978
v 0.732131 1.073733 0.454175
v 0.741987 1.067385 0.468926
v 0.751450 1.059329 0.483088
v 0.760429 1.049642 0.496526
v 0.768837 1.038418 0.509109
v 0.776593 1.025765 0.520718
v 0.783623 1.011804 0.531238
v 0.789859 0.996670 0.540571
v 0.795241 0.980508 0.548625
v 0.799716 0.963475 0.555324
v 0.803243 0.945735 0.560601
v 0.805787 0.927458 0.564408
v 0.807323 0.908819 0.566707
v 0.807836 0.890000 0.567476
v 0.807323 0.871181 0.566707
v 0.805787 0.852543 0.564408
v 0.803243 0.834265 0.560601
v 0.799716 0.816525 0.555324
v 0.795241 0.799492 0.548625
v 0.789859 0.783331 0.540571
v 0.783623 0.768197 0.531238
v 0.776593 0.754236 0.520718
v 0.768837 0.741582 0.509109
v 0.760429 0.730358 0.496526
v 0.751450 0.720671 0.483088
v 0.741987 0.712615 0.468926
v 0.732131 0.706268 0.454175
v 0.721977 0.701689 0.438978
v 0.711622 0.698925 0.423481
v 0.708369 1.081076 0.425220
v 0.715501 1.078311 0.442439
v 0.722495 1.073733 0.459325
v 0.729284 1.067385 0.475716
v 0.735803 1.059329 0.491452
v 0.741987 1.049642 0.506383
v 0.747779 1.038418 0.520365
v 0.753121 1.025765 0.533263
v 0.757964 1.011804 0.544954
v 0.762259 0.996670 0.555323
v 0.765966 0.980508 0.564273
v 0.769049 0.963475 0.571716
v 0.771478 0.945735 0.577580
v 0.773230 0.927458 0.581810
v 0.774288 0.908819 0.584364
v 0.774642 0.890000 0.585218
v 0.774288 0.871181 0.584364
v 0.773230 0.852543 0.581810
v 0.771478 0.834265 0.577580
v 0.769049 0.816525 0.571716
v 0.765966 0.799492 0.564273
v 0.762259 0.783331 0.555323
v 0.757964 0.768197 0.544954
v 0.753121 0.754236 0.533263
v 0.747779 0.741582 0.520365
v 0.741987 0.730358 0.506383
v 0.735803 0.720671 0.491452
v 0.729284 0.712615 0.475716
v 0.722495 0.706268 0.459325
v 0.715501 0.701689 0.442439
v 0.708369 0.698925 0.425220
v 0.704838 1.081076 0.426291
v 0.708474 1.078311 0.444571
v 0.712040 1.073733 0.462497
v 0.715501 1.067385 0.479897
v 0.718824 1.059329 0.496602
v 0.721977 1.049642 0.512453
v 0.724929 1.038418 0.527296
v 0.727653 1.025765 0.540989
v 0.730122 1.011804 0.553400
v 0.732311 0.996670 0.564408
v 0.734201 0.980508 0.573909
v 0.735773 0.963475 0.581810
v 0.737011 0.945735 0.588036
v 0.737904 0.927458 0.592526
v 0.738444 0.908819 0.595237
v 0.738624 0.890000 0.596144
v 0.738444 0.871181 0.595237
v 0.737904 0.852543 0.592526
v 0.737011 0.834265 0.588036
v 0.735773 0.816525 0.581810
v 0.734201 0.799492 0.573909
v 0.732311 0.783331 0.564408
v 0.730122 0.768197 0.553400
v 0.727653 0.754236 0.540989
v 0.724929 0.741582 0.527296
v 0.721977 0.730358 0.512453
v 0.718824 0.720671 0.496602
v 0.715501 0.712615 0.479897
v 0.712040 0.706268 0.462497
v 0.708474 0.701689 0.444571
v 0.704838 0.698925 0.426291
v 0.701167 1.081076 0.426653
v 0.701167 1.078311 0.445291
v 0.701167 1.073733 0.463568
v 0.701167 1.067385 0.481309
v 0.701167 1.059329 0.498342
v 0.701167 1.049642 0.514503
v 0.701167 1.038418 0.529637
v 0.701167 1.025765 0.543598
v 0.701167 1.011804 0.556251
v 0.701167 0.996670 0.567476
v 0.701167 0.980508 0.577162
v 0.701167 0.963475 0.585218
v 0.701167 0.945735 0.591566
v 0.701167 0.927458 0.596144
v 0.701167 0.908819 0.598909
v 0.701167 0.890000 0.599833
v 0.701167 0.871181 0.598909
v 0.701167 0.852543 0.596144
v 0.701167 0.834265 0.591566
v 0.701167 0.816525 0.585218
v 0.701167 0.799492 0.577162
v 0.701167 0.783331 0.567476
v 0.701167 0.768197 0.556251
v 0.701167 0.754236 0.543598
v 0.701167 0.741582 0.529637
v 0.701167 0.730358 0.514503
v 0.701167 0.720671 0.498342
v 0.701167 0.712615 0.481309
v 0.701167 0.706268 0.463568
v 0.701167 0.701689 0.445291
v 0.701167 0.698925 0.426653
v 0.701167 0.698000 0.407833
v 0.701167 1.082000 0.407833
v 0.697495 1.081076 0.426291
v 0.693859 1.078311 0.444571
v 0.690293 1.073733 0.462497
v 0.686832 1.067385 0.479897
v 0.683509 1.059329 0.496602
v 0.680357 1.049642 0.512453
v 0.677404 1.038418 0.527296
v 0.674680 1.025765 0.540989
v 0.672212 1.011804 0.553400
v 0.670022 0.996670 0.564408
v 0.668132 0.980508 0.573909
v 0.666561 0.963475 0.581810
v 0.665322 0.945735 0.588036
v 0.664429 0.927458 0.592526
v 0.663890 0.908819 0.595237
v 0.663709 0.890000 0.596144
v 0.663890 0.871181 0.595237
v 0.664429 0.852543 0.592526
v 0.665322 0.834265 0.588036
v 0.666561 0.816525 0.581810
v 0.668132 0.799492 0.573909
v 0.670022 0.783331 0.564408
v 0.672212 0.768197 0.553400
v 0.674680 0.754236 0.540989
v 0.677404 0.741582 0.527296
v 0.680357 0.730358 0.512453
v 0.683509 0.720671 0.496602
v 0.686832 0.712615 0.479897
v 0.690293 0.706268 0.462497
v 0.693859 0.701689 0.444571
v 0.697495 0.698925 0.426291
v 0.693965 1.081076 0.425220
v 0.686832 1.078311 0.442439
v 0.679838 1.073733 0.459325
v 0.673049 1.067385 0.475716
v 0.666531 1.059329 0.491452
v 0.660346 1.049642 0.506383
v 0.654554 1.038418 0.520365
v 0.649212 1.025765 0.533263
v 0.644370 1.011804 0.544954
v 0.640074 0.996670 0.555323
v 0.636367 0.980508 0.564273
v 0.633284 0.963475 0.571716
v 0.630855 0.945735 0.577580
v 0.629103 0.927458 0.581810
v 0.628045 0.908819 0.584364
v 0.627691 0.890000 0.585218
v 0.628045 0.871181 0.584364
v 0.629103 0.852543 0.581810
v 0.630855 0.834265 0.577580
v 0.633284 0.816525 0.571716
v 0.636367 0.799492 0.564273
v 0.640074 0.783331 0.555323
v 0.644370 0.768197 0.544954
v 0.649212 0.754236 0.533263
v 0.654554 0.741582 0.520365
v 0.660346 0.730358 0.506383
v 0.666531 0.720671 0.491452
v 0.673049 0.712615 0.475716
v 0.679838 0.706268 0.459325
v 0.686832 0.701689 0.442439
v 0.693965 0.698925 0.425220
v 0.690711 1.081076 0.423481
v 0.680357 1.078311 0.438978
v 0.670202 1.073733 0.454175
v 0.660346 1.067385 0.468926
v 0.650883 1.059329 0.483088
v 0.641904 1.049642 0.496526
v 0.633496 1.038418 0.509109
v 0.625740 1.025765 0.520718
v 0.618710 1.011804 0.531238
v 0.612474 0.996670 0.540571
v 0.607093 0.980508 0.548625
v 0.602617 0.963475 0.555323
v 0.599090 0.945735 0.560601
v 0.596547 0.927458 0.564408
v 0.595011 0.908819 0.566707
v 0.594497 0.890000 0.567475
v 0.595011 0.871181 0.566707
v 0.596547 0.852543 0.564408
v 0.599090 0.834265 0.560601
v 0.602617 0.816525 0.555323
v 0.607093 0.799492 0.548625
v 0.612474 0.783331 0.540571
v 0.618710 0.768197 0.531238
v 0.625740 0.754236 0.520718
v 0.633496 0.741582 0.509109
v 0.641904 0.730358 0.496526
v 0.650883 0.720671 0.483088
v 0.660346 0.712615 0.468926
v 0.670202 0.706268 0.454175
v 0.680357 0.701689 0.438978
v 0.690711 0.698925 0.423481
v 0.687859 1.081076 0.421141
v 0.674680 1.078311 0.434320
v 0.661756 1.073733 0.447244
v 0.649212 1.067385 0.459788
v 0.637168 1.059329 0.471832
v 0.625740 1.049642 0.483260
v 0.615039 1.038418 0.493961
v 0.605167 1.025765 0.503833
v 0.596219 1.011804 0.512781
v 0.588283 0.996670 0.520717
v 0.581433 0.980508 0.527567
v 0.575737 0.963475 0.533263
v 0.571248 0.945735 0.537752
v 0.568011 0.927458 0.540989
v 0.566056 0.908819 0.542944
v 0.565402 0.890000 0.543598
v 0.566056 0.871181 0.542944
v 0.568011 0.852543 0.540989
v 0.571248 0.834265 0.537752
v 0.575737 0.816525 0.533263
v 0.581433 0.799492 0.527567
v 0.588283 0.783331 0.520717
v 0.596219 0.768197 0.512781
v 0.605167 0.754236 0.503833
v 0.615039 0.741582 0.493961
v 0.625740 0.730358 0.483260
v 0.637168 0.720671 0.471832
v 0.649212 0.712615 0.459788
v 0.661756 0.706268 0.447244
v 0.674680 0.701689 0.434320
v 0.687859 0.698925 0.421141
v 0.685519 1.081076 0.418289
v 0.670022 1.078311 0.428644
v 0.654825 1.073733 0.438798
v 0.640074 1.067385 0.448654
v 0.625912 1.059329 0.458117
v 0.612474 1.049642 0.467096
v 0.599891 1.038418 0.475504
v 0.588283 1.025765 0.483260
v 0.577762 1.011804 0.490290
v 0.568429 0.996670 0.496526
v 0.560375 0.980508 0.501907
v 0.553677 0.963475 0.506383
v 0.548399 0.945735 0.509910
v 0.544592 0.927458 0.512453
v 0.542293 0.908819 0.513989
v 0.541525 0.890000 0.514503
v 0.542293 0.871181 0.513989
v 0.544592 0.852543 0.512453
v 0.548399 0.834265 0.509910
v 0.553677 0.816525 0.506383
v 0.560375 0.799492 0.501907
v 0.568429 0.783331 0.496526
v 0.577762 0.768197 0.490290
v 0.588283 0.754236 0.483260
v 0.599891 0.741582 0.475504
v 0.612474 0.730358 0.467096
v 0.625912 0.720671 0.458117
v 0.640074 0.712615 0.448654
v 0.654825 0.706268 0.438798
v 0.670022 0.701689 0.428644
v 0.685519 0.698925 0.418289
v 0.683780 1.081076 0.415035
v 0.666561 1.078311 0.422168
v 0.649675 1.073733 0.429162
v 0.633284 1.067385 0.435951
v 0.617548 1.059329 0.442469
v 0.602617 1.049642 0.448654
v 0.588635 1.038418 0.454446
v 0.575737 1.025765 0.459788
v 0.564046 1.011804 0.464631
v 0.553677 0.996670 0.468926
v 0.544727 0.980508 0.472633
v 0.537284 0.963475 0.475716
v 0.531420 0.945735 0.478145
v 0.527190 0.927458 0.479897
v 0.524636 0.908819 0.480955
v 0.523782 0.890000 0.481309
v 0.524636 0.871181 0.480955
v 0.527190 0.852543 0.479897
v 0.531420 0.834265 0.478145
v 0.537284 0.816525 0.475716
v 0.544727 0.799492 0.472633
v 0.553677 0.783331 0.468926
v 0.564046 0.768197 0.464631
v 0.575737 0.754236 0.459788
v 0.588635 0.741582 0.454446
v 0.602617 0.730358 0.448654
v 0.617548 0.720671 0.442469
v 0.633284 0.712615 0.435951
v 0.649675 0.706268 0.429162
v 0.666561 0.701689 0.422168
v 0.683780 0.698925 0.415035
v 0.682709 1.081076 0.411505
v 0.664429 1.078311 0.415141
v 0.646503 1.073733 0.418707
v 0.629103 1.067385 0.422168
v 0.612398 1.059329 0.425491
v 0.596547 1.049642 0.428644
v 0.581704 1.038418 0.431596
v 0.568011 1.025765 0.434320
v 0.555601 1.011804 0.436788
v 0.544592 0.996670 0.438978
v 0.535092 0.980508 0.440868
v 0.527190 0.963475 0.442439
v 0.520965 0.945735 0.443678
v 0.516474 0.927458 0.444571
v 0.513763 0.908819 0.445110
v 0.512856 0.890000 0.445291
v 0.513763 0.871181 0.445110
v 0.516474 0.852543 0.444571
v 0.520965 0.834265 0.443678
v 0.527190 0.816525 0.442439
v 0.535092 0.799492 0.440868
v 0.544592 0.783331 0.438978
v 0.555601 0.768197 0.436788
v 0.568011 0.754236 0.434320
v 0.581704 0.741582 0.431596
v 0.596547 0.730358 0.428644
v 0.612398 0.720671 0.425491
v 0.629103 0.712615 0.422168
v 0.646503 0.706268 0.418707
v 0.664429 0.701689 0.415141
v 0.682709 0.698925 0.411505
v 0.682347 1.081076 0.407833
v 0.663709 1.078311 0.407833
v 0.645432 1.073733 0.407833
v 0.627692 1.067385 0.407833
v 0.610659 1.059329 0.407833
v 0.594497 1.049642 0.407833
v 0.579363 1.038418 0.407833
v 0.565402 1.025765 0.407833
v 0.552749 1.011804 0.407833
v 0.541525 0.996670 0.407833
v 0.531838 0.980508 0.407833
v 0.523782 0.963475 0.407833
v 0.517434 0.945735 0.407833
v 0.512856 0.927458 0.407833
v 0.510091 0.908819 0.407833
v 0.509167 0.890000 0.407833
v 0.510091 0.871181 0.407833
v 0.512856 0.852543 0.407833
v 0.517434 0.834265 0.407833
v 0.523782 0.816525 0.407833
v 0.531838 0.799492 0.407833
v 0.541525 0.783331 0.407833
v 0.552749 0.768197 0.407833
v 0.565402 0.754236 0.407833
v 0.579363 0.741582 0.407833
v 0.594497 0.730358 0.407833
v 0.610659 0.720671 0.407833
v 0.627692 0.712615 0.407833
v 0.645432 0.706268 0.407833
v 0.663709 0.701689 0.407833
v 0.682347 0.698925 0.407833
v 0.682709 1.081076 0.404162
v 0.664429 1.078311 0.400526
v 0.646503 1.073733 0.396960
v 0.629103 1.067385 0.393499
v 0.612398 1.059329 0.390176
v 0.596547 1.049642 0.387023
v 0.581704 1.038418 0.384071
v 0.568011 1.025765 0.381347
v 0.555601 1.011804 0.378879
v 0.544592 0.996670 0.376689
v 0.535092 0.980508 0.374799
v 0.527190 0.963475 0.373227
v 0.520965 0.945735 0.371989
v 0.516474 0.927458 0.371096
v 0.513763 0.908819 0.370556
v 0.512856 0.890000 0.370376
v 0.513763 0.871181 0.370556
v 0.516474 0.852543 0.371096
v 0.520965 0.834265 0.371989
v 0.527190 0.816525 0.373227
v 0.535092 0.799492 0.374799
v 0.544592 0.783331 0.376689
v 0.555601 0.768197 0.378879
v 0.568011 0.754236 0.381347
v 0.581704 0.741582 0.384071
v 0.596547 0.730358 0.387023
v 0.612398 0.720671 0.390176
v 0.629103 0.712615 0.393499
v 0.646503 0.706268 0.396960
v 0.664429 0.701689 0.400526
v 0.682709 0.698925 0.404162
v 0.683780 1.081076 0.400632
v 0.666561 1.078311 0.393499
v 0.649675 1.073733 0.386505
v 0.633284 1.067385 0.379716
v 0.617548 1.059329 0.373197
v 0.602617 1.049642 0.367013
v 0.588635 1.038418 0.361221
v 0.575737 1.025765 0.355879
v 0.564046 1.011804 0.351036
v 0.553677 0.996670 0.346741
v 0.544727 0.980508 0.343034
v 0.537284 0.963475 0.339951
v 0.531420 0.945735 0.337522
v 0.527190 0.927458 0.335770
v 0.524636 0.908819 0.334712
v 0.523782 0.890000 0.334358
v 0.524636 0.871181 0.334712
v 0.527190 0.852543 0.335770
v 0.531420 0.834265 0.337522
v 0.537284 0.816525 0.339951
v 0.544727 0.799492 0.343034
v 0.553677 0.783331 0.346741
v 0.564046 0.768197 0.351036
v 0.575737 0.754236 0.355879
v 0.588635 0.741582 0.361221
v 0.602617 0.730358 0.367013
v 0.617548 0.720671 0.373197
v 0.633284 0.712615 0.379716
v 0.649675 0.706268 0.386505
v 0.666561 0.701689 0.393499
v 0.683780 0.698925 0.400632
v 0.685519 1.081076 0.397378
v 0.670022 1.078311 0.387023
v 0.654825 1.073733 0.376869
v 0.640074 1.067385 0.367013
v 0.625912 1.059329 0.357550
v 0.612474 1.049642 0.348571
v 0.599891 1.038418 0.340163
v 0.588283 1.025765 0.332407
v 0.577762 1.011804 0.325377
v 0.568429 0.996670 0.319141
v 0.560375 0.980508 0.313759
v 0.553677 0.963475 0.309284
v 0.548399 0.945735 0.305757
v 0.544592 0.927458 0.303214
v 0.542293 0.908819 0.301678
v 0.541525 0.890000 0.301164
v 0.542293 0.871181 0.301678
v 0.544592 0.852543 0.303214
v 0.548399 0.834265 0.305757
v 0.553677 0.816525 0.309284
v 0.560375 0.799492 0.313759
v 0.568429 0.783331 0.319141
v 0.577762 0.768197 0.325377
v 0.588283 0.754236 0.332407
v 0.599891 0.741582 0.340163
v 0.612474 0.730358 0.348571
v 0.625912 0.720671 0.357550
v 0.640074 0.712615 0.367013
v 0.654825 0.706268 0.376869
v 0.670022 0.701689 0.387023
v 0.685519 0.698925 0.397378
v 0.687859 1.081076 0.394526
v 0.674680 1.078311 0.381347
v 0.661756 1.073733 0.368423
v 0.649212 1.067385 0.355879
v 0.637168 1.059329 0.343834
v 0.625740 1.049642 0.332407
v 0.615039 1.038418 0.321705
v 0.605167 1.025765 0.311833
v 0.596219 1.011804 0.302886
v 0.588283 0.996670 0.294949
v 0.581433 0.980508 0.288100
v 0.575737 0.963475 0.282403
v 0.571248 0.945735 0.277915
v 0.568011 0.927458 0.274678
v 0.566056 0.908819 0.272723
v 0.565402 0.890000 0.272069
v 0.566056 0.871181 0.272723
v 0.568011 0.852543 0.274678
v 0.571248 0.834265 0.277915
v 0.575737 0.816525 0.282403
v 0.581433 0.799492 0.288100
v 0.588283 0.783331 0.294949
v 0.596219 0.768197 0.302886
v 0.605167 0.754236 0.311833
v 0.615039 0.741582 0.321705
v 0.625740 0.730358 0.332407
v 0.637168 0.720671 0.343834
v 0.649212 0.712615 0.355879
v 0.661756 0.706268 0.368423
v 0.674680 0.701689 0.381347
v 0.687859 0.698925 0.394526
v 0.690711 1.081076 0.392186
v 0.680357 1.078311 0.376689
v 0.670202 1.073733 0.361492
v 0.660346 1.067385 0.346741
v 0.650883 1.059329 0.332579
v 0.641904 1.049642 0.319141
v 0.633496 1.038418 0.306558
v 0.625740 1.025765 0.294949
v 0.618710 1.011804 0.284428
v 0.612474 0.996670 0.275096
v 0.607093 0.980508 0.267042
v 0.602617 0.963475 0.260343
v 0.599090 0.945735 0.255065
v 0.596547 0.927458 0.251259
v 0.595011 0.908819 0.248960
v 0.594497 0.890000 0.248191
v 0.595011 0.871181 0.248960
v 0.596547 0.852543 0.251259
v 0.599090 0.834265 0.255065
v 0.602617 0.816525 0.260343
v 0.607093 0.799492 0.267042
v 0.612474 0.783331 0.275096
v 0.618710 0.768197 0.284428
v 0.625740 0.754236 0.294949
v 0.633496 0.741582 0.306558
v 0.641904 0.730358 0.319141
v 0.650883 0.720671 0.332579
v 0.660346 0.712615 0.346741
v 0.670202 0.706268 0.361492
v 0.680357 0.701689 0.376689
v 0.690711 0.698925 0.392186
v 0.693965 1.081076 0.390447
v 0.686832 1.078311 0.373227
v 0.679838 1.073733 0.356341
v 0.673049 1.067385 0.339951
v 0.666531 1.059329 0.324215
v 0.660346 1.049642 0.309284
v 0.654555 1.038418 0.295302
v 0.649212 1.025765 0.282403
v 0.644370 1.011804 0.270713
v 0.640074 0.996670 0.260343
v 0.636367 0.980508 0.251394
v 0.633284 0.963475 0.243951
v 0.630855 0.945735 0.238087
v 0.629103 0.927458 0.233857
v 0.628045 0.908819 0.231303
v 0.627692 0.890000 0.230449
v 0.628045 0.871181 0.231303
v 0.629103 0.852543 0.233857
v 0.630855 0.834265 0.238087
v 0.633284 0.816525 0.243951
v 0.636367 0.799492 0.251394
v 0.640074 0.783331 0.260343
v 0.644370 0.768197 0.270713
v 0.649212 0.754236 0.282403
v 0.654555 0.741582 0.295302
v 0.660346 0.730358 0.309284
v 0.666531 0.720671 0.324215
v 0.673049 0.712615 0.339951
v 0.679838 0.706268 0.356341
v 0.686832 0.701689 0.373227
v 0.693965 0.698925 0.390447
v 0.697495 1.081076 0.389376
v 0.693859 1.078311 0.371096
v 0.690293 1.073733 0.353170
v 0.686832 1.067385 0.335770
v 0.683509 1.059329 0.319064
v 0.680357 1.049642 0.303214
v 0.677404 1.038418 0.288370
v 0.674680 1.025765 0.274678
v 0.672212 1.011804 0.262267
v 0.670022 0.996670 0.251259
v 0.668132 0.980508 0.241758
v 0.666561 0.963475 0.233857
v 0.665322 0.945735 0.227631
v 0.664429 0.927458 0.223141
v 0.663890 0.908819 0.220430
v 0.663710 0.890000 0.219523
v 0.663890 0.871181 0.220430
v 0.664429 0.852543 0.223141
v 0.665322 0.834265 0.227631
v 0.666561 0.816525 0.233857
v 0.668132 0.799492 0.241758
v 0.670022 0.783331 0.251259
v 0.672212 0.768197 0.262267
v 0.674680 0.754236 0.274678
v 0.677404 0.741582 0.288370
v 0.680357 0.730358 0.303214
v 0.683509 0.720671 0.319064
v 0.686832 0.712615 0.335770
v 0.690293 0.706268 0.353170
v 0.693859 0.701689 0.371096
v 0.697495 0.698925 0.389376
v 0.701167 1.081076 0.389014
v 0.701167 1.078311 0.370376
v 0.701167 1.073733 0.352099
v 0.701167 1.067385 0.334358
v 0.701167 1.059329 0.317325
v 0.701167 1.049642 0.301164
v 0.701167 1.025765 0.272069
v 0.701167 0.996670 0.248191
v 0.701167 0.980508 0.238505
v 0.701167 0.890000 0.215834
v 0.701167 0.834265 0.224101
v 0.701167 0.816525 0.230449
v 0.701167 0.754236 0.272069
v 0.701167 0.712615 0.334358
v 0.701167 0.706268 0.352099
v 0.701167 -0.741582 0.286030
v 0.701167 -0.768197 0.259415
v 0.701167 -0.816525 0.230449
v 0.701167 -0.834265 0.224101
v 0.701167 -0.852543 0.219523
v 0.701167 -0.871181 0.216758
v 0.701167 -0.908819 0.216758
v 0.701167 -0.927458 0.219523
v 0.701167 -0.980508 0.238504
v 0.701167 -0.996670 0.248191
v 0.701167 -1.011804 0.259415
v 0.701167 -1.038418 0.286030
v 0.701167 -1.049642 0.301164
v 0.701167 -1.059329 0.317325
v 0.701167 -1.078311 0.370376
v 0.701167 -1.081076 0.389014
v 0.704838 -0.698925 0.389376
v 0.708474 -0.701689 0.371096
v 0.712040 -0.706267 0.353170
v 0.715501 -0.712615 0.335770
v 0.718824 -0.720671 0.319064
v 0.721977 -0.730358 0.303214
v 0.724929 -0.741582 0.288370
v 0.727653 -0.754236 0.274678
v 0.730122 -0.768197 0.262267
v 0.732311 -0.783331 0.251259
v 0.734201 -0.799492 0.241758
v 0.735773 -0.816525 0.233857
v 0.737011 -0.834265 0.227631
v 0.737904 -0.852543 0.223141
v 0.738444 -0.871181 0.220429
v 0.738624 -0.890000 0.219523
v 0.738444 -0.908819 0.220429
v 0.737904 -0.927458 0.223141
v 0.737011 -0.945735 0.227631
v 0.735773 -0.963475 0.233857
v 0.734201 -0.980508 0.241758
v 0.732311 -0.996670 0.251259
v 0.730122 -1.011804 0.262267
v 0.727653 -1.025765 0.274678
v 0.724929 -1.038418 0.288370
v 0.721977 -1.049642 0.303214
v 0.718824 -1.059329 0.319064
v 0.715501 -1.067385 0.335770
v 0.712040 -1.073733 0.353170
v 0.708474 -1.078311 0.371096
v 0.704838 -1.081076 0.389376
v 0.708369 -0.698925 0.390447
v 0.715501 -0.701689 0.373227
v 0.722495 -0.706267 0.356341
v 0.729284 -0.712615 0.339951
v 0.735803 -0.720671 0.324215
v 0.741987 -0.730358 0.309284
v 0.747779 -0.741582 0.295302
v 0.753121 -0.754236 0.282403
v 0.757964 -0.768197 0.270713
v 0.762259 -0.783331 0.260343
v 0.765966 -0.799492 0.251394
v 0.769049 -0.816525 0.243951
v 0.771478 -0.834265 0.238087
v 0.773230 -0.852543 0.233857
v 0.774288 -0.871181 0.231303
v 0.774642 -0.890000 0.230449
v 0.774288 -0.908819 0.231303
v 0.773230 -0.927458 0.233857
v 0.771478 -0.945735 0.238087
v 0.769049 -0.963475 0.243951
v 0.765966 -0.980508 0.251394
v 0.762259 -0.996670 0.260343
v 0.757964 -1.011804 0.270713
v 0.753121 -1.025765 0.282403
v 0.747779 -1.038418 0.295302
v 0.741987 -1.049642 0.309284
v 0.735803 -1.059329 0.324215
v 0.729284 -1.067385 0.339951
v 0.722495 -1.073733 0.356341
v 0.715501 -1.078311 0.373227
v 0.708369 -1.081076 0.390447
v 0.711622 -0.698925 0.392186
v 0.721977 -0.701689 0.376689
v 0.732131 -0.706267 0.361492
v 0.741987 -0.712615 0.346741
v 0.751450 -0.720671 0.332579
v 0.760429 -0.730358 0.319141
v 0.768837 -0.741582 0.306558
v 0.776593 -0.754236 0.294949
v 0.783623 -0.768197 0.284428
v 0.789859 -0.783331 0.275096
v 0.795241 -0.799492 0.267042
v 0.799716 -0.816525 0.260343
v 0.803243 -0.834265 0.255065
v 0.805787 -0.852543 0.251259
v 0.807323 -0.871181 0.248960
v 0.807836 -0.890000 0.248191
v 0.807323 -0.908819 0.248960
v 0.805787 -0.927458 0.251259
v 0.803243 -0.945735 0.255065
v 0.799716 -0.963475 0.260343
v 0.795241 -0.980508 0.267042
v 0.789859 -0.996670 0.275096
v 0.783623 -1.011804 0.284428
v 0.776593 -1.025765 0.294949
v 0.768837 -1.038418 0.306558
v 0.760429 -1.049642 0.319141
v 0.751450 -1.059329 0.332579
v 0.741987 -1.067385 0.346741
v 0.732131 -1.073733 0.361492
v 0.721977 -1.078311 0.376689
v 0.711622 -1.081076 0.392186
v 0.714474 -0.698925 0.394526
v 0.727653 -0.701689 0.381347
v 0.740577 -0.706267 0.368423
v 0.753121 -0.712615 0.355879
v 0.765166 -0.720671 0.343834
v 0.776593 -0.730358 0.332407
v 0.787295 -0.741582 0.321705
v 0.797167 -0.754236 0.311833
v 0.806114 -0.768197 0.302886
v 0.814051 -0.783331 0.294949
v 0.820900 -0.799492 0.288100
v 0.826597 -0.816525 0.282403
v 0.831085 -0.834265 0.277915
v 0.834323 -0.852543 0.274678
v 0.836277 -0.871181 0.272723
v 0.836931 -0.890000 0.272069
v 0.836277 -0.908819 0.272723
v 0.834323 -0.927458 0.274678
v 0.831085 -0.945735 0.277915
v 0.826597 -0.963475 0.282403
v 0.820900 -0.980508 0.288100
v 0.814051 -0.996670 0.294949
v 0.806114 -1.011804 0.302886
v 0.797167 -1.025765 0.311833
v 0.787295 -1.038418 0.321705
v 0.776593 -1.049642 0.332407
v 0.765166 -1.059329 0.343834
v 0.753121 -1.067385 0.355879
v 0.740577 -1.073733 0.368423
v 0.727653 -1.078311 0.381347
v 0.714474 -1.081076 0.394526
v 0.716814 -0.698925 0.397378
v 0.732311 -0.701689 0.387023
v 0.747508 -0.706267 0.376869
v 0.762259 -0.712615 0.367013
v 0.776422 -0.720671 0.357550
v 0.789859 -0.730358 0.348571
v 0.802443 -0.741582 0.340163
v 0.814051 -0.754236 0.332407
v 0.824572 -0.768197 0.325377
v 0.833904 -0.783331 0.319141
v 0.841959 -0.799492 0.313759
v 0.848657 -0.816525 0.309284
v 0.853935 -0.834265 0.305757
v 0.857741 -0.852543 0.303214
v 0.860040 -0.871181 0.301678
v 0.860809 -0.890000 0.301164
v 0.860040 -0.908819 0.301678
v 0.857741 -0.927458 0.303214
v 0.853935 -0.945735 0.305757
v 0.848657 -0.963475 0.309284
v 0.841959 -0.980508 0.313759
v 0.833904 -0.996670 0.319141
v 0.824572 -1.011804 0.325377
v 0.814051 -1.025765 0.332407
v 0.802443 -1.038418 0.340163
v 0.789859 -1.049642 0.348571
v 0.776422 -1.059329 0.357550
v 0.762259 -1.067385 0.367013
v 0.747508 -1.073733 0.376869
v 0.732311 -1.078311 0.387023
v 0.716814 -1.081076 0.397378
v 0.718553 -0.698925 0.400632
v 0.735773 -0.701689 0.393499
v 0.752659 -0.706267 0.386505
v 0.769049 -0.712615 0.379716
v 0.784785 -0.720671 0.373197
v 0.799716 -0.730358 0.367013
v 0.813699 -0.741582 0.361221
v 0.826597 -0.754236 0.355879
v 0.838287 -0.768197 0.351036
v 0.848657 -0.783331 0.346741
v 0.857606 -0.799492 0.343034
v 0.865049 -0.816525 0.339951
v 0.870914 -0.834265 0.337522
v 0.875143 -0.852543 0.335770
v 0.877697 -0.871181 0.334712
v 0.878552 -0.890000 0.334358
v 0.877697 -0.908819 0.334712
v 0.875143 -0.927458 0.335770
v 0.870914 -0.945735 0.337522
v 0.865049 -0.963475 0.339951
v 0.857606 -0.980508 0.343034
v 0.848657 -0.996670 0.346741
v 0.838287 -1.011804 0.351036
v 0.826597 -1.025765 0.355879
v 0.813699 -1.038418 0.361221
v 0.799716 -1.049642 0.367013
v 0.784785 -1.059329 0.373197
v 0.769049 -1.067385 0.379716
v 0.752659 -1.073733 0.386505
v 0.735773 -1.078311 0.393499
v 0.718553 -1.081076 0.400632
v 0.719624 -0.698925 0.404162
v 0.737904 -0.701689 0.400526
v 0.755830 -0.706267 0.396960
v 0.773230 -0.712615 0.393499
v 0.789936 -0.720671 0.390176
v 0.805787 -0.730358 0.387023
v 0.820630 -0.741582 0.384071
v 0.834323 -0.754236 0.381347
v 0.846733 -0.768197 0.378879
v 0.857741 -0.783331 0.376689
v 0.867242 -0.799492 0.374799
v 0.875143 -0.816525 0.373227
v 0.881369 -0.834265 0.371989
v 0.885859 -0.852543 0.371096
v 0.888571 -0.871181 0.370556
v 0.889477 -0.890000 0.370376
v 0.888571 -0.908819 0.370556
v 0.885859 -0.927458 0.371096
v 0.881369 -0.945735 0.371989
v 0.875143 -0.963475 0.373227
v 0.867242 -0.980508 0.374799
v 0.857741 -0.996670 0.376689
v 0.846733 -1.011804 0.378879
v 0.834323 -1.025765 0.381347
v 0.820630 -1.038418 0.384071
v 0.805787 -1.049642 0.387023
v 0.789936 -1.059329 0.390176
v 0.773230 -1.067385 0.393499
v 0.755830 -1.073733 0.396960
v 0.737904 -1.078311 0.400526
v 0.719624 -1.081076 0.404162
v 0.719986 -0.698925 0.407833
v 0.738624 -0.701689 0.407833
v 0.756901 -0.706267 0.407833
v 0.774642 -0.712615 0.407833
v 0.791675 -0.720671 0.407833
v 0.807836 -0.730358 0.407833
v 0.822970 -0.741582 0.407833
v 0.836931 -0.754236 0.407833
v 0.849585 -0.768197 0.407833
v 0.860809 -0.783331 0.407833
v 0.870496 -0.799492 0.407833
v 0.878552 -0.816525 0.407833
v 0.884899 -0.834265 0.407833
v 0.889477 -0.852543 0.407833
v 0.892242 -0.871181 0.407833
v 0.893167 -0.890000 0.407833
v 0.892242 -0.908819 0.407833
v 0.889477 -0.927458 0.407833
v 0.884899 -0.945735 0.407833
v 0.878552 -0.963475 0.407833
v 0.870496 -0.980508 0.407833
v 0.860809 -0.996670 0.407833
v 0.849585 -1.011804 0.407833
v 0.836931 -1.025765 0.407833
v 0.822970 -1.038418 0.407833
v 0.807836 -1.049642 0.407833
v 0.791675 -1.059329 0.407833
v 0.774642 -1.067385 0.407833
v 0.756901 -1.073733 0.407833
v 0.738624 -1.078311 0.407833
v 0.719986 -1.081076 0.407833
v 0.719624 -0.698925 0.411505
v 0.737904 -0.701689 0.415141
v 0.755830 -0.706267 0.418707
v 0.773230 -0.712615 0.422168
v 0.789936 -0.720671 0.425491
v 0.805787 -0.730358 0.428644
v 0.820630 -0.741582 0.431596
v 0.834323 -0.754236 0.434320
v 0.846733 -0.768197 0.436788
v 0.857741 -0.783331 0.438978
v 0.867242 -0.799492 0.440868
v 0.875143 -0.816525 0.442439
v 0.881369 -0.834265 0.443678
v 0.885859 -0.852543 0.444571
v 0.888571 -0.871181 0.445110
v 0.889477 -0.890000 0.445291
v 0.888571 -0.908819 0.445110
v 0.885859 -0.927458 0.444571
v 0.881369 -0.945735 0.443678
v 0.875143 -0.963475 0.442439
v 0.867242 -0.980508 0.440868
v 0.857741 -0.996670 0.438978
v 0.846733 -1.011804 0.436788
v 0.834323 -1.025765 0.434320
v 0.820630 -1.038418 0.431596
v 0.805787 -1.049642 0.428644
v 0.789936 -1.059329 0.425491
v 0.773230 -1.067385 0.422168
v 0.755830 -1.073733 0.418707
v 0.737904 -1.078311 0.415141
v 0.719624 -1.081076 0.411505
v 0.718553 -0.698925 0.415035
v 0.735773 -0.701689 0.422168
v 0.752659 -0.706267 0.429162
v 0.769049 -0.712615 0.435951
v 0.784785 -0.720671 0.442469
v 0.799716 -0.730358 0.448654
v 0.813699 -0.741582 0.454446
v 0.826597 -0.754236 0.459788
v 0.838287 -0.768197 0.464631
v 0.848657 -0.783331 0.468926
v 0.857606 -0.799492 0.472633
v 0.865049 -0.816525 0.475716
v 0.870914 -0.834265 0.478145
v 0.875143 -0.852543 0.479897
v 0.877697 -0.871181 0.480955
v 0.878552 -0.890000 0.481309
v 0.877697 -0.908819 0.480955
v 0.875143 -0.927458 0.479897
v 0.870914 -0.945735 0.478145
v 0.865049 -0.963475 0.475716
v 0.857606 -0.980508 0.472633
v 0.848657 -0.996670 0.468926
v 0.838287 -1.011804 0.464631
v 0.826597 -1.025765 0.459788
v 0.813699 -1.038418 0.454446
v 0.799716 -1.049642 0.448654
v 0.784785 -1.059329 0.442469
v 0.769049 -1.067385 0.435951
v 0.752659 -1.073733 0.429162
v 0.735773 -1.078311 0.422168
v 0.718553 -1.081076 0.415035
v 0.716814 -0.698925 0.418289
v 0.732311 -0.701689 0.428644
v 0.747508 -0.706267 0.438798
v 0.762259 -0.712615 0.448654
v 0.776422 -0.720671 0.458117
v 0.789859 -0.730358 0.467096
v 0.802443 -0.741582 0.475504
v 0.814051 -0.754236 0.483260
v 0.824572 -0.768197 0.490290
v 0.833904 -0.783331 0.496526
v 0.841959 -0.799492 0.501907
v 0.848657 -0.816525 0.506383
v 0.853935 -0.834265 0.509910
v 0.857741 -0.852543 0.512453
v 0.860040 -0.871181 0.513989
v 0.860809 -0.890000 0.514503
v 0.860040 -0.908819 0.513989
v 0.857741 -0.927458 0.512453
v 0.853935 -0.945735 0.509910
v 0.848657 -0.963475 0.506383
v 0.841959 -0.980508 0.501907
v 0.833904 -0.996670 0.496526
v 0.824572 -1.011804 0.490290
v 0.814051 -1.025765 0.483260
v 0.802443 -1.038418 0.475504
v 0.789859 -1.049642 0.467096
v 0.776422 -1.059329 0.458117
v 0.762259 -1.067385 0.448654
v 0.747508 -1.073733 0.438798
v 0.732311 -1.078311 0.428644
v 0.716814 -1.081076 0.418289
v 0.714474 -0.698925 0.421141
v 0.727653 -0.701689 0.434320
v 0.740577 -0.706267 0.447244
v 0.753121 -0.712615 0.459788
v 0.765166 -0.720671 0.471832
v 0.776593 -0.730358 0.483260
v 0.787295 -0.741582 0.493961
v 0.797167 -0.754236 0.503833
v 0.806114 -0.768197 0.512781
v 0.814051 -0.783331 0.520718
v 0.820900 -0.799492 0.527567
v 0.826597 -0.816525 0.533263
v 0.831085 -0.834265 0.537752
v 0.834323 -0.852543 0.540989
v 0.836277 -0.871181 0.542944
v 0.836931 -0.890000 0.543598
v 0.836277 -0.908819 0.542944
v 0.834323 -0.927458 0.540989
v 0.831085 -0.945735 0.537752
v 0.826597 -0.963475 0.533263
v 0.820900 -0.980508 0.527567
v 0.814051 -0.996670 0.520718
v 0.806114 -1.011804 0.512781
v 0.797167 -1.025765 0.503833
v 0.787295 -1.038418 0.493961
v 0.776593 -1.049642 0.483260
v 0.765166 -1.059329 0.471832
v 0.753121 -1.067385 0.459788
v 0.740577 -1.073733 0.447244
v 0.727653 -1.078311 0.434320
v 0.714474 -1.081076 0.421141
v 0.711622 -0.698925 0.423481
v 0.721977 -0.701689 0.438978
v 0.732131 -0.706267 0.454175
v 0.741987 -0.712615 0.468926
v 0.751450 -0.720671 0.483088
v 0.760429 -0.730358 0.496526
v 0.768837 -0.741582 0.509109
v 0.776593 -0.754236 0.520718
v 0.783623 -0.768197 0.531238
v 0.789859 -0.783331 0.540571
v 0.795241 -0.799492 0.548625
v 0.799716 -0.816525 0.555324
v 0.803243 -0.834265 0.560601
v 0.805787 -0.852543 0.564408
v 0.807323 -0.871181 0.566707
v 0.807836 -0.890000 0.567476
v 0.807323 -0.908819 0.566707
v 0.805787 -0.927458 0.564408
v 0.803243 -0.945735 0.560601
v 0.799716 -0.963475 0.555324
v 0.795241 -0.980508 0.548625
v 0.789859 -0.996670 0.540571
v 0.783623 -1.011804 0.531238
v 0.776593 -1.025765 0.520718
v 0.768837 -1.038418 0.509109
v 0.760429 -1.049642 0.496526
v 0.751450 -1.059329 0.483088
v 0.741987 -1.067385 0.468926
v 0.732131 -1.073733 0.454175
v 0.721977 -1.078311 0.438978
v 0.711622 -1.081076 0.423481
v 0.708369 -0.698925 0.425220
v 0.715501 -0.701689 0.442439
v 0.722495 -0.706267 0.459325
v 0.729284 -0.712615 0.475716
v 0.735803 -0.720671 0.491452
v 0.741987 -0.730358 0.506383
v 0.747779 -0.741582 0.520365
v 0.753121 -0.754236 0.533263
v 0.757964 -0.768197 0.544954
v 0.762259 -0.783331 0.555323
v 0.765966 -0.799492 0.564273
v 0.769049 -0.816525 0.571716
v 0.771478 -0.834265 0.577580
v 0.773230 -0.852543 0.581810
v 0.774288 -0.871181 0.584364
v 0.774642 -0.890000 0.585218
v 0.774288 -0.908819 0.584364
v 0.773230 -0.927458 0.581810
v 0.771478 -0.945735 0.577580
v 0.769049 -0.963475 0.571716
v 0.765966 -0.980508 0.564273
v 0.762259 -0.996670 0.555323
v 0.757964 -1.011804 0.544954
v 0.753121 -1.025765 0.533263
v 0.747779 -1.038418 0.520365
v 0.741987 -1.049642 0.506383
v 0.735803 -1.059329 0.491452
v 0.729284 -1.067385 0.475716
v 0.722495 -1.073733 0.459325
v 0.715501 -1.078311 0.442439
v 0.708369 -1.081076 0.425220
v 0.704838 -0.698925 0.426291
v 0.708474 -0.701689 0.444571
v 0.712040 -0.706267 0.462497
v 0.715501 -0.712615 0.479897
v 0.718824 -0.720671 0.496602
v 0.721977 -0.730358 0.512453
v 0.724929 -0.741582 0.527296
v 0.727653 -0.754236 0.540989
v 0.730122 -0.768197 0.553400
v 0.732311 -0.783331 0.564408
v 0.734201 -0.799492 0.573909
v 0.735773 -0.816525 0.581810
v 0.737011 -0.834265 0.588036
v 0.737904 -0.852543 0.592526
v 0.738444 -0.871181 0.595237
v 0.738624 -0.890000 0.596144
v 0.738444 -0.908819 0.595237
v 0.737904 -0.927458 0.592526
v 0.737011 -0.945735 0.588036
v 0.735773 -0.963475 0.581810
v 0.734201 -0.980508 0.573909
v 0.732311 -0.996670 0.564408
v 0.730122 -1.011804 0.553400
v 0.727653 -1.025765 0.540989
v 0.724929 -1.038418 0.527296
v 0.721977 -1.049642 0.512453
v 0.718824 -1.059329 0.496602
v 0.715501 -1.067385 0.479897
v 0.712040 -1.073733 0.462497
v 0.708474 -1.078311 0.444571
v 0.704838 -1.081076 0.426291
v 0.701167 -0.698925 0.426653
v 0.701167 -0.701689 0.445291
v 0.701167 -0.706267 0.463568
v 0.701167 -0.712615 0.481309
v 0.701167 -0.720671 0.498342
v 0.701167 -0.730358 0.514503
v 0.701167 -0.741582 0.529637
v 0.701167 -0.754236 0.543598
v 0.701167 -0.768197 0.556251
v 0.701167 -0.783331 0.567476
v 0.701167 -0.799492 0.577162
v 0.701167 -0.816525 0.585218
v 0.701167 -0.834265 0.591566
v 0.701167 -0.852543 0.596144
v 0.701167 -0.871181 0.598909
v 0.701167 -0.890000 0.599833
v 0.701167 -0.908819 0.598909
v 0.701167 -0.927458 0.596144
v 0.701167 -0.945735 0.591566
v 0.701167 -0.963475 0.585218
v 0.701167 -0.980508 0.577162
v 0.701167 -0.996670 0.567476
v 0.701167 -1.011804 0.556251
v 0.701167 -1.025765 0.543598
v 0.701167 -1.038418 0.529637
v 0.701167 -1.049642 0.514503
v 0.701167 -1.059329 0.498342
v 0.701167 -1.067385 0.481309
v 0.701167 -1.073733 0.463568
v 0.701167 -1.078311 0.445291
v 0.701167 -1.081076 0.426653
v 0.701167 -1.082000 0.407833
v 0.701167 -0.698000 0.407833
v 0.697495 -0.698925 0.426291
v 0.693859 -0.701689 0.444571
v 0.690293 -0.706267 0.462497
v 0.686832 -0.712615 0.479897
v 0.683509 -0.720671 0.496602
v 0.680357 -0.730358 0.512453
v 0.677404 -0.741582 0.527296
v 0.674680 -0.754236 0.540989
v 0.672212 -0.768197 0.553400
v 0.670022 -0.783331 0.564408
v 0.668132 -0.799492 0.573909
v 0.666561 -0.816525 0.581810
v 0.665322 -0.834265 0.588036
v 0.664429 -0.852543 0.592526
v 0.663890 -0.871181 0.595237
v 0.663709 -0.890000 0.596144
v 0.663890 -0.908819 0.595237
v 0.664429 -0.927458 0.592526
v 0.665322 -0.945735 0.588036
v 0.666561 -0.963475 0.581810
v 0.668132 -0.980508 0.573909
v 0.670022 -0.996670 0.564408
v 0.672212 -1.011804 0.553400
v 0.674680 -1.025765 0.540989
v 0.677404 -1.038418 0.527296
v 0.680357 -1.049642 0.512453
v 0.683509 -1.059329 0.496602
v 0.686832 -1.067385 0.479897
v 0.690293 -1.073733 0.462497
v 0.693859 -1.078311 0.444571
v 0.697495 -1.081076 0.426291
v 0.693965 -0.698925 0.425220
v 0.686832 -0.701689 0.442439
v 0.679838 -0.706267 0.459325
v 0.673049 -0.712615 0.475716
v 0.666531 -0.720671 0.491452
v 0.660346 -0.730358 0.506383
v 0.654554 -0.741582 0.520365
v 0.649212 -0.754236 0.533263
v 0.644370 -0.768197 0.544954
v 0.640074 -0.783331 0.555323
v 0.636367 -0.799492 0.564273
v 0.633284 -0.816525 0.571716
v 0.630855 -0.834265 0.577580
v 0.629103 -0.852543 0.581810
v 0.628045 -0.871181 0.584364
v 0.627691 -0.890000 0.585218
v 0.628045 -0.908819 0.584364
v 0.629103 -0.927458 0.581810
v 0.630855 -0.945735 0.577580
v 0.633284 -0.963475 0.571716
v 0.636367 -0.980508 0.564273
v 0.640074 -0.996670 0.555323
v 0.644370 -1.011804 0.544954
v 0.649212 -1.025765 0.533263
v 0.654554 -1.038418 0.520365
v 0.660346 -1.049642 0.506383
v 0.666531 -1.059329 0.491452
v 0.673049 -1.067385 0.475716
v 0.679838 -1.073733 0.459325
v 0.686832 -1.078311 0.442439
v 0.693965 -1.081076 0.425220
v 0.690711 -0.698925 0.423481
v 0.680357 -0.701689 0.438978
v 0.670202 -0.706267 0.454175
v 0.660346 -0.712615 0.468926
v 0.650883 -0.720671 0.483088
v 0.641904 -0.730358 0.496526
v 0.633496 -0.741582 0.509109
v 0.625740 -0.754236 0.520718
v 0.618710 -0.768197 0.531238
v 0.612474 -0.783331 0.540571
v 0.607093 -0.799492 0.548625
v 0.602617 -0.816525 0.555323
v 0.599090 -0.834265 0.560601
v 0.596547 -0.852543 0.564408
v 0.595011 -0.871181 0.566707
v 0.594497 -0.890000 0.567475
v 0.595011 -0.908819 0.566707
v 0.596547 -0.927458 0.564408
v 0.599090 -0.945735 0.560601
v 0.602617 -0.963475 0.555323
v 0.607093 -0.980508 0.548625
v 0.612474 -0.996670 0.540571
v 0.618710 -1.011804 0.531238
v 0.625740 -1.025765 0.520718
v 0.633496 -1.038418 0.509109
v 0.641904 -1.049642 0.496526
v 0.650883 -1.059329 0.483088
v 0.660346 -1.067385 0.468926
v 0.670202 -1.073733 0.454175
v 0.680357 -1.078311 0.438978
v 0.690711 -1.081076 0.423481
v 0.687859 -0.698925 0.421141
v 0.674680 -0.701689 0.434320
v 0.661756 -0.706267 0.447244
v 0.649212 -0.712615 0.459788
v 0.637168 -0.720671 0.471832
v 0.625740 -0.730358 0.483260
v 0.615039 -0.741582 0.493961
v 0.605167 -0.754236 0.503833
v 0.596219 -0.768197 0.512781
v 0.588283 -0.783331 0.520717
v 0.581433 -0.799492 0.527567
v 0.575737 -0.816525 0.533263
v 0.571248 -0.834265 0.537752
v 0.568011 -0.852543 0.540989
v 0.566056 -0.871181 0.542944
v 0.565402 -0.890000 0.543598
v 0.566056 -0.908819 0.542944
v 0.568011 -0.927458 0.540989
v 0.571248 -0.945735 0.537752
v 0.575737 -0.963475 0.533263
v 0.581433 -0.980508 0.527567
v 0.588283 -0.996670 0.520717
v 0.596219 -1.011804 0.512781
v 0.605167 -1.025765 0.503833
v 0.615039 -1.038418 0.493961
v 0.625740 -1.049642 0.483260
v 0.637168 -1.059329 0.471832
v 0.649212 -1.067385 0.459788
v 0.661756 -1.073733 0.447244
v 0.674680 -1.078311 0.434320
v 0.687859 -1.081076 0.421141
v 0.685519 -0.698925 0.418289
v 0.670022 -0.701689 0.428644
v 0.654825 -0.706267 0.438798
v 0.640074 -0.712615 0.448654
v 0.625912 -0.720671 0.458117
v 0.612474 -0.730358 0.467096
v 0.599891 -0.741582 0.475504
v 0.588283 -0.754236 0.483260
v 0.577762 -0.768197 0.490290
v 0.568429 -0.783331 0.496526
v 0.560375 -0.799492 0.501907
v 0.553677 -0.816525 0.506383
v 0.548399 -0.834265 0.509910
v 0.544592 -0.852543 0.512453
v 0.542293 -0.871181 0.513989
v 0.541525 -0.890000 0.514503
v 0.542293 -0.908819 0.513989
v 0.544592 -0.927458 0.512453
v 0.548399 -0.945735 0.509910
v 0.553677 -0.963475 0.506383
v 0.560375 -0.980508 0.501907
v 0.568429 -0.996670 0.496526
v 0.577762 -1.011804 0.490290
v 0.588283 -1.025765 0.483260
v 0.599891 -1.038418 0.475504
v 0.612474 -1.049642 0.467096
v 0.625912 -1.059329 0.458117
v 0.640074 -1.067385 0.448654
v 0.654825 -1.073733 0.438798
v 0.670022 -1.078311 0.428644
v 0.685519 -1.081076 0.418289
v 0.683780 -0.698925 0.415035
v 0.666561 -0.701689 0.422168
v 0.649675 -0.706267 0.429162
v 0.633284 -0.712615 0.435951
v 0.617548 -0.720671 0.442469
v 0.602617 -0.730358 0.448654
v 0.588635 -0.741582 0.454446
v 0.575737 -0.754236 0.459788
v 0.564046 -0.768197 0.464631
v 0.553677 -0.783331 0.468926
v 0.544727 -0.799492 0.472633
v 0.537284 -0.816525 0.475716
v 0.531420 -0.834265 0.478145
v 0.527190 -0.852543 0.479897
v 0.524636 -0.871181 0.480955
v 0.523782 -0.890000 0.481309
v 0.524636 -0.908819 0.480955
v 0.527190 -0.927458 0.479897
v 0.531420 -0.945735 0.478145
v 0.537284 -0.963475 0.475716
v 0.544727 -0.980508 0.472633
v 0.553677 -0.996670 0.468926
v 0.564046 -1.011804 0.464631
v 0.575737 -1.025765 0.459788
v 0.588635 -1.038418 0.454446
v 0.602617 -1.049642 0.448654
v 0.617548 -1.059329 0.442469
v 0.633284 -1.067385 0.435951
v 0.649675 -1.073733 0.429162
v 0.666561 -1.078311 0.422168
v 0.683780 -1.081076 0.415035
v 0.682709 -0.698925 0.411505
v 0.664429 -0.701689 0.415141
v 0.646503 -0.706267 0.418707
v 0.629103 -0.712615 0.422168
v 0.612398 -0.720671 0.425491
v 0.596547 -0.730358 0.428644
v 0.581704 -0.741582 0.431596
v 0.568011 -0.754236 0.434320
v 0.555601 -0.768197 0.436788
v 0.544592 -0.783331 0.438978
v 0.535092 -0.799492 0.440868
v 0.527190 -0.816525 0.442439
v 0.520965 -0.834265 0.443678
v 0.516474 -0.852543 0.444571
v 0.513763 -0.871181 0.445110
v 0.512856 -0.890000 0.445291
v 0.513763 -0.908819 0.445110
v 0.516474 -0.927458 0.444571
v 0.520965 -0.945735 0.443678
v 0.527190 -0.963475 0.442439
v 0.535092 -0.980508 0.440868
v 0.544592 -0.996670 0.438978
v 0.555601 -1.011804 0.436788
v 0.568011 -1.025765 0.434320
v 0.581704 -1.038418 0.431596
v 0.596547 -1.049642 0.428644
v 0.612398 -1.059329 0.425491
v 0.629103 -1.067385 0.422168
v 0.646503 -1.073733 0.418707
v 0.664429 -1.078311 0.415141
v 0.682709 -1.081076 0.411505
v 0.682347 -0.698925 0.407833
v 0.663709 -0.701689 0.407833
v 0.645432 -0.706267 0.407833
v 0.627692 -0.712615 0.407833
v 0.610659 -0.720671 0.407833
v 0.594497 -0.730358 0.407833
v 0.579363 -0.741582 0.407833
v 0.565402 -0.754236 0.407833
v 0.552749 -0.768197 0.407833
v 0.541525 -0.783331 0.407833
v 0.531838 -0.799492 0.407833
v 0.523782 -0.816525 0.407833
v 0.517434 -0.834265 0.407833
v 0.512856 -0.852543 0.407833
v 0.510091 -0.871181 0.407833
v 0.509167 -0.890000 0.407833
v 0.510091 -0.908819 0.407833
v 0.512856 -0.927458 0.407833
v 0.517434 -0.945735 0.407833
v 0.523782 -0.963475 0.407833
v 0.531838 -0.980508 0.407833
v 0.541525 -0.996670 0.407833
v 0.552749 -1.011804 0.407833
v 0.565402 -1.025765 0.407833
v 0.579363 -1.038418 0.407833
v 0.594497 -1.049642 0.407833
v 0.610659 -1.059329 0.407833
v 0.627692 -1.067385 0.407833
v 0.645432 -1.073733 0.407833
v 0.663709 -1.078311 0.407833
v 0.682347 -1.081076 0.407833
v 0.682709 -0.698925 0.404162
v 0.664429 -0.701689 0.400526
v 0.646503 -0.706267 0.396960
v 0.629103 -0.712615 0.393499
v 0.612398 -0.720671 0.390176
v 0.596547 -0.730358 0.387023
v 0.581704 -0.741582 0.384071
v 0.568011 -0.754236 0.381347
v 0.555601 -0.768197 0.378879
v 0.544592 -0.783331 0.376689
v 0.535092 -0.799492 0.374799
v 0.527190 -0.816525 0.373227
v 0.520965 -0.834265 0.371989
v 0.516474 -0.852543 0.371096
v 0.513763 -0.871181 0.370556
v 0.512856 -0.890000 0.370376
v 0.513763 -0.908819 0.370556
v 0.516474 -0.927458 0.371096
v 0.520965 -0.945735 0.371989
v 0.527190 -0.963475 0.373227
v 0.535092 -0.980508 0.374799
v 0.544592 -0.996670 0.376689
v 0.555601 -1.011804 0.378879
v 0.568011 -1.025765 0.381347
v 0.581704 -1.038418 0.384071
v 0.596547 -1.049642 0.387023
v 0.612398 -1.059329 0.390176
v 0.629103 -1.067385 0.393499
v 0.646503 -1.073733 0.396960
v 0.664429 -1.078311 0.400526
v 0.682709 -1.081076 0.404162
v 0.683780 -0.698925 0.400632
v 0.666561 -0.701689 0.393499
v 0.649675 -0.706267 0.386505
v 0.633284 -0.712615 0.379716
v 0.617548 -0.720671 0.373197
v 0.602617 -0.730358 0.367013
v 0.588635 -0.741582 0.361221
v 0.575737 -0.754236 0.355879
v 0.564046 -0.768197 0.351036
v 0.553677 -0.783331 0.346741
v 0.544727 -0.799492 0.343034
v 0.537284 -0.816525 0.339951
v 0.531420 -0.834265 0.337522
v 0.527190 -0.852543 0.335770
v 0.524636 -0.871181 0.334712
v 0.523782 -0.890000 0.334358
v 0.524636 -0.908819 0.334712
v 0.527190 -0.927458 0.335770
v 0.531420 -0.945735 0.337522
v 0.537284 -0.963475 0.339951
v 0.544727 -0.980508 0.343034
v 0.553677 -0.996670 0.346741
v 0.564046 -1.011804 0.351036
v 0.575737 -1.025765 0.355879
v 0.588635 -1.038418 0.361221
v 0.602617 -1.049642 0.367013
v 0.617548 -1.059329 0.373197
v 0.633284 -1.067385 0.379716
v 0.649675 -1.073733 0.386505
v 0.666561 -1.078311 0.393499
v 0.683780 -1.081076 0.400632
v 0.685519 -0.698925 0.397378
v 0.670022 -0.701689 0.387023
v 0.654825 -0.706267 0.376869
v 0.640074 -0.712615 0.367013
v 0.625912 -0.720671 0.357550
v 0.612474 -0.730358 0.348571
v 0.599891 -0.741582 0.340163
v 0.588283 -0.754236 0.332407
v 0.577762 -0.768197 0.325377
v 0.568429 -0.783331 0.319141
v 0.560375 -0.799492 0.313759
v 0.553677 -0.816525 0.309284
v 0.548399 -0.834265 0.305757
v 0.544592 -0.852543 0.303214
v 0.542293 -0.871181 0.301678
v 0.541525 -0.890000 0.301164
v 0.542293 -0.908819 0.301678
v 0.544592 -0.927458 0.303214
v 0.548399 -0.945735 0.305757
v 0.553677 -0.963475 0.309284
v 0.560375 -0.980508 0.313759
v 0.568429 -0.996670 0.319141
v 0.577762 -1.011804 0.325377
v 0.588283 -1.025765 0.332407
v 0.599891 -1.038418 0.340163
v 0.612474 -1.049642 0.348571
v 0.625912 -1.059329 0.357550
v 0.640074 -1.067385 0.367013
v 0.654825 -1.073733 0.376869
v 0.670022 -1.078311 0.387023
v 0.685519 -1.081076 0.397378
v 0.687859 -0.698925 0.394526
v 0.674680 -0.701689 0.381347
v 0.661756 -0.706267 0.368423
v 0.649212 -0.712615 0.355879
v 0.637168 -0.720671 0.343834
v 0.625740 -0.730358 0.332407
v 0.615039 -0.741582 0.321705
v 0.605167 -0.754236 0.311833
v 0.596219 -0.768197 0.302886
v 0.588283 -0.783331 0.294949
v 0.581433 -0.799492 0.288100
v 0.575737 -0.816525 0.282403
v 0.571248 -0.834265 0.277915
v 0.568011 -0.852543 0.274678
v 0.566056 -0.871181 0.272723
v 0.565402 -0.890000 0.272069
v 0.566056 -0.908819 0.272723
v 0.568011 -0.927458 0.274678
v 0.571248 -0.945735 0.277915
v 0.575737 -0.963475 0.282403
v 0.581433 -0.980508 0.288100
v 0.588283 -0.996670 0.294949
v 0.596219 -1.011804 0.302886
v 0.605167 -1.025765 0.311833
v 0.615039 -1.038418 0.321705
v 0.625740 -1.049642 0.332407
v 0.637168 -1.059329 0.343834
v 0.649212 -1.067385 0.355879
v 0.661756 -1.073733 0.368423
v 0.674680 -1.078311 0.381347
v 0.687859 -1.081076 0.394526
v 0.690711 -0.698925 0.392186
v 0.680357 -0.701689 0.376689
v 0.670202 -0.706267 0.361492
v 0.660346 -0.712615 0.346741
v 0.650883 -0.720671 0.332579
v 0.641904 -0.730358 0.319141
v 0.633496 -0.741582 0.306558
v 0.625740 -0.754236 0.294949
v 0.618710 -0.768197 0.284428
v 0.612474 -0.783331 0.275096
v 0.607093 -0.799492 0.267042
v 0.602617 -0.816525 0.260343
v 0.599090 -0.834265 0.255065
v 0.596547 -0.852543 0.251259
v 0.595011 -0.871181 0.248960
v 0.594497 -0.890000 0.248191
v 0.595011 -0.908819 0.248960
v 0.596547 -0.927458 0.251259
v 0.599090 -0.945735 0.255065
v 0.602617 -0.963475 0.260343
v 0.607093 -0.980508 0.267042
v 0.612474 -0.996670 0.275096
v 0.618710 -1.011804 0.284428
v 0.625740 -1.025765 0.294949
v 0.633496 -1.038418 0.306558
v 0.641904 -1.049642 0.319141
v 0.650883 -1.059329 0.332579
v 0.660346 -1.067385 0.346741
v 0.670202 -1.073733 0.361492
v 0.680357 -1.078311 0.376689
v 0.690711 -1.081076 0.392186
v 0.693965 -0.698925 0.390447
v 0.686832 -0.701689 0.373227
v 0.679838 -0.706267 0.356341
v 0.673049 -0.712615 0.339951
v 0.666531 -0.720671 0.324215
v 0.660346 -0.730358 0.309284
v 0.654555 -0.741582 0.295302
v 0.649212 -0.754236 0.282403
v 0.644370 -0.768197 0.270713
v 0.640074 -0.783331 0.260343
v 0.636367 -0.799492 0.251394
v 0.633284 -0.816525 0.243951
v 0.630855 -0.834265 0.238087
v 0.629103 -0.852543 0.233857
v 0.628045 -0.871181 0.231303
v 0.627692 -0.890000 0.230449
v 0.628045 -0.908819 0.231303
v 0.629103 -0.927458 0.233857
v 0.630855 -0.945735 0.238087
v 0.633284 -0.963475 0.243951
v 0.636367 -0.980508 0.251394
v 0.640074 -0.996670 0.260343
v 0.644370 -1.011804 0.270713
v 0.649212 -1.025765 0.282403
v 0.654555 -1.038418 0.295302
v 0.660346 -1.049642 0.309284
v 0.666531 -1.059329 0.324215
v 0.673049 -1.067385 0.339951
v 0.679838 -1.073733 0.356341
v 0.686832 -1.078311 0.373227
v 0.693965 -1.081076 0.390447
v 0.697495 -0.698925 0.389376
v 0.693859 -0.701689 0.371096
v 0.690293 -0.706267 0.353170
v 0.686832 -0.712615 0.335770
v 0.683509 -0.720671 0.319064
v 0.680357 -0.730358 0.303214
v 0.677404 -0.741582 0.288370
v 0.674680 -0.754236 0.274678
v 0.672212 -0.768197 0.262267
v 0.670022 -0.783331 0.251259
v 0.668132 -0.799492 0.241758
v 0.666561 -0.816525 0.233857
v 0.665322 -0.834265 0.227631
v 0.664429 -0.852543 0.223141
v 0.663890 -0.871181 0.220430
v 0.663710 -0.890000 0.219523
v 0.663890 -0.908819 0.220430
v 0.664429 -0.927458 0.223141
v 0.665322 -0.945735 0.227631
v 0.666561 -0.963475 0.233857
v 0.668132 -0.980508 0.241758
v 0.670022 -0.996670 0.251259
v 0.672212 -1.011804 0.262267
v 0.674680 -1.025765 0.274678
v 0.677404 -1.038418 0.288370
v 0.680357 -1.049642 0.303214
v 0.683509 -1.059329 0.319064
v 0.686832 -1.067385 0.335770
v 0.690293 -1.073733 0.353170
v 0.693859 -1.078311 0.371096
v 0.697495 -1.081076 0.389376
v 0.701167 -0.698925 0.389014
v 0.701167 -0.701689 0.370376
v 0.701167 -0.706267 0.352099
v 0.701167 -0.712615 0.334358
v 0.701167 -0.720671 0.317325
v 0.701167 -0.730358 0.301164
v 0.701167 -0.754236 0.272069
v 0.701167 -0.783331 0.248191
v 0.701167 -0.799492 0.238505
v 0.701167 -0.890000 0.215834
v 0.701167 -0.945735 0.224101
v 0.701167 -0.963475 0.230449
v 0.701167 -1.025765 0.272069
v 0.701167 -1.067385 0.334358
v 0.701167 -1.073733 0.352099
v 0.790167 0.148418 -1.252970
v 0.790167 0.121804 -1.279585
v 0.790167 0.073475 -1.308552
v 0.790167 0.055735 -1.314899
v 0.790167 0.037457 -1.319478
v 0.790167 0.018819 -1.322242
v 0.790167 -0.018819 -1.322242
v 0.790167 -0.037457 -1.319478
v 0.790167 -0.090508 -1.300496
v 0.790167 -0.106670 -1.290809
v 0.790167 -0.121804 -1.279585
v 0.790167 -0.148418 -1.252970
v 0.790167 -0.159642 -1.237836
v 0.790167 -0.169329 -1.221675
v 0.790167 -0.188311 -1.168624
v 0.790167 -0.191076 -1.149986
v 0.793838 0.191075 -1.149624
v 0.797474 0.188311 -1.167904
v 0.801040 0.183733 -1.185830
v 0.804501 0.177385 -1.203230
v 0.807824 0.169329 -1.219936
v 0.810977 0.159642 -1.235787
v 0.813929 0.148418 -1.250630
v 0.816653 0.135765 -1.264323
v 0.819122 0.121804 -1.276733
v 0.821311 0.106670 -1.287741
v 0.823201 0.090508 -1.297242
v 0.824773 0.073475 -1.305143
v 0.826011 0.055735 -1.311369
v 0.826904 0.037457 -1.315859
v 0.827444 0.018819 -1.318571
v 0.827624 -0.000000 -1.319478
v 0.827444 -0.018819 -1.318571
v 0.826904 -0.037457 -1.315859
v 0.826011 -0.055735 -1.311369
v 0.824773 -0.073475 -1.305143
v 0.823201 -0.090508 -1.297242
v 0.821311 -0.106670 -1.287741
v 0.819122 -0.121804 -1.276733
v 0.816653 -0.135765 -1.264323
v 0.813929 -0.148418 -1.250630
v 0.810977 -0.159642 -1.235787
v 0.807824 -0.169329 -1.219936
v 0.804501 -0.177385 -1.203230
v 0.801040 -0.183733 -1.185830
v 0.797474 -0.188311 -1.167904
v 0.793838 -0.191076 -1.149624
v 0.797369 0.191075 -1.148553
v 0.804501 0.188311 -1.165773
v 0.811495 0.183733 -1.182659
v 0.818284 0.177385 -1.199049
v 0.824803 0.169329 -1.214785
v 0.830987 0.159642 -1.229717
v 0.836779 0.148418 -1.243699
v 0.842121 0.135765 -1.256597
v 0.846964 0.121804 -1.268287
v 0.851259 0.106670 -1.278657
v 0.854966 0.090508 -1.287606
v 0.858049 0.073475 -1.295049
v 0.860478 0.055735 -1.300913
v 0.862230 0.037457 -1.305143
v 0.863288 0.018819 -1.307697
v 0.863642 -0.000000 -1.308552
v 0.863288 -0.018819 -1.307697
v 0.862230 -0.037457 -1.305143
v 0.860478 -0.055735 -1.300913
v 0.858049 -0.073475 -1.295049
v 0.854966 -0.090508 -1.287606
v 0.851259 -0.106670 -1.278657
v 0.846964 -0.121804 -1.268287
v 0.842121 -0.135765 -1.256597
v 0.836779 -0.148418 -1.243699
v 0.830987 -0.159642 -1.229717
v 0.824803 -0.169329 -1.214785
v 0.818284 -0.177385 -1.199049
v 0.811495 -0.183733 -1.182659
v 0.804501 -0.188311 -1.165773
v 0.797369 -0.191076 -1.148553
v 0.800622 0.191075 -1.146814
v 0.810977 0.188311 -1.162311
v 0.821131 0.183733 -1.177508
v 0.830987 0.177385 -1.192259
v 0.840450 0.169329 -1.206422
v 0.849429 0.159642 -1.219859
v 0.857837 0.148418 -1.232443
v 0.865593 0.135765 -1.244051
v 0.872623 0.121804 -1.254572
v 0.878859 0.106670 -1.263904
v 0.884241 0.090508 -1.271959
v 0.888716 0.073475 -1.278657
v 0.892243 0.055735 -1.283935
v 0.894787 0.037457 -1.287741
v 0.896322 0.018819 -1.290040
v 0.896836 -0.000000 -1.290809
v 0.896322 -0.018819 -1.290040
v 0.894787 -0.037457 -1.287741
v 0.892243 -0.055735 -1.283935
v 0.888716 -0.073475 -1.278657
v 0.884241 -0.090508 -1.271959
v 0.878859 -0.106670 -1.263904
v 0.872623 -0.121804 -1.254572
v 0.865593 -0.135765 -1.244051
v 0.857837 -0.148418 -1.232443
v 0.849429 -0.159642 -1.219859
v 0.840450 -0.169329 -1.206422
v 0.830987 -0.177385 -1.192259
v 0.821131 -0.183733 -1.177508
v 0.810977 -0.188311 -1.162311
v 0.800622 -0.191076 -1.146814
v 0.803474 0.191075 -1.144474
v 0.816653 0.188311 -1.157653
v 0.829577 0.183733 -1.170577
v 0.842121 0.177385 -1.183122
v 0.854166 0.169329 -1.195166
v 0.865593 0.159642 -1.206593
v 0.876295 0.148418 -1.217295
v 0.886167 0.135765 -1.227167
v 0.895114 0.121804 -1.236114
v 0.903051 0.106670 -1.244051
v 0.909900 0.090508 -1.250900
v 0.915597 0.073475 -1.256597
v 0.920085 0.055735 -1.261085
v 0.923323 0.037457 -1.264323
v 0.925277 0.018819 -1.266278
v 0.925931 -0.000000 -1.266931
v 0.925277 -0.018819 -1.266278
v 0.923323 -0.037457 -1.264323
v 0.920085 -0.055735 -1.261085
v 0.915597 -0.073475 -1.256597
v 0.909900 -0.090508 -1.250900
v 0.903051 -0.106670 -1.244051
v 0.895114 -0.121804 -1.236114
v 0.886167 -0.135765 -1.227167
v 0.876295 -0.148418 -1.217295
v 0.865593 -0.159642 -1.206593
v 0.854166 -0.169329 -1.195166
v 0.842121 -0.177385 -1.183122
v 0.829577 -0.183733 -1.170577
v 0.816653 -0.188311 -1.157653
v 0.803474 -0.191076 -1.144474
v 0.805814 0.191075 -1.141622
v 0.821311 0.188311 -1.151977
v 0.836508 0.183733 -1.162131
v 0.851259 0.177385 -1.171987
v 0.865421 0.169329 -1.181450
v 0.878859 0.159642 -1.190429
v 0.891443 0.148418 -1.198837
v 0.903051 0.135765 -1.206594
v 0.913572 0.121804 -1.213623
v 0.922904 0.106670 -1.219859
v 0.930959 0.090508 -1.225241
v 0.937657 0.073475 -1.229717
v 0.942935 0.055735 -1.233243
v 0.946741 0.037457 -1.235787
v 0.949040 0.018819 -1.237323
v 0.949809 -0.000000 -1.237836
v 0.949040 -0.018819 -1.237323
v 0.946741 -0.037457 -1.235787
v 0.942935 -0.055735 -1.233243
v 0.937657 -0.073475 -1.229717
v 0.930959 -0.090508 -1.225241
v 0.922904 -0.106670 -1.219859
v 0.913572 -0.121804 -1.213623
v 0.903051 -0.135765 -1.206594
v 0.891443 -0.148418 -1.198837
v 0.878859 -0.159642 -1.190429
v 0.865421 -0.169329 -1.181450
v 0.851259 -0.177385 -1.171987
v 0.836508 -0.183733 -1.162131
v 0.821311 -0.188311 -1.151977
v 0.805814 -0.191076 -1.141622
v 0.807553 0.191075 -1.138369
v 0.824773 0.188311 -1.145501
v 0.841659 0.183733 -1.152496
v 0.858049 0.177385 -1.159284
v 0.873785 0.169329 -1.165803
v 0.888716 0.159642 -1.171987
v 0.902698 0.148418 -1.177779
v 0.915597 0.135765 -1.183122
v 0.927287 0.121804 -1.187964
v 0.937657 0.106670 -1.192259
v 0.946606 0.090508 -1.195966
v 0.954049 0.073475 -1.199049
v 0.959913 0.055735 -1.201478
v 0.964143 0.037457 -1.203230
v 0.966697 0.018819 -1.204288
v 0.967552 -0.000000 -1.204642
v 0.966697 -0.018819 -1.204288
v 0.964143 -0.037457 -1.203230
v 0.959913 -0.055735 -1.201478
v 0.954049 -0.073475 -1.199049
v 0.946606 -0.090508 -1.195966
v 0.937657 -0.106670 -1.192259
v 0.927287 -0.121804 -1.187964
v 0.915597 -0.135765 -1.183122
v 0.902698 -0.148418 -1.177779
v 0.888716 -0.159642 -1.171987
v 0.873785 -0.169329 -1.165803
v 0.858049 -0.177385 -1.159284
v 0.841659 -0.183733 -1.152496
v 0.824773 -0.188311 -1.145501
v 0.807553 -0.191076 -1.138369
v 0.808624 0.191075 -1.134838
v 0.826904 0.188311 -1.138474
v 0.844830 0.183733 -1.142040
v 0.862230 0.177385 -1.145501
v 0.878936 0.169329 -1.148824
v 0.894787 0.159642 -1.151977
v 0.909630 0.148418 -1.154929
v 0.923323 0.135765 -1.157653
v 0.935733 0.121804 -1.160122
v 0.946741 0.106670 -1.162311
v 0.956242 0.090508 -1.164201
v 0.964143 0.073475 -1.165773
v 0.970369 0.055735 -1.167011
v 0.974859 0.037457 -1.167904
v 0.977571 0.018819 -1.168444
v 0.978477 -0.000000 -1.168624
v 0.977571 -0.018819 -1.168444
v 0.974859 -0.037457 -1.167904
v 0.970369 -0.055735 -1.167011
v 0.964143 -0.073475 -1.165773
v 0.956242 -0.090508 -1.164201
v 0.946741 -0.106670 -1.162311
v 0.935733 -0.121804 -1.160122
v 0.923323 -0.135765 -1.157653
v 0.909630 -0.148418 -1.154929
v 0.894787 -0.159642 -1.151977
v 0.878936 -0.169329 -1.148824
v 0.862230 -0.177385 -1.145501
v 0.844830 -0.183733 -1.142040
v 0.826904 -0.188311 -1.138474
v 0.808624 -0.191076 -1.134838
v 0.808986 0.191075 -1.131167
v 0.827624 0.188311 -1.131167
v 0.845901 0.183733 -1.131167
v 0.863642 0.177385 -1.131167
v 0.880675 0.169329 -1.131167
v 0.896836 0.159642 -1.131167
v 0.911970 0.148418 -1.131167
v 0.925931 0.135765 -1.131167
v 0.938585 0.121804 -1.131167
v 0.949809 0.106670 -1.131167
v 0.959496 0.090508 -1.131167
v 0.967552 0.073475 -1.131167
v 0.973899 0.055735 -1.131167
v 0.978477 0.037457 -1.131167
v 0.981242 0.018819 -1.131167
v 0.982167 -0.000000 -1.131167
v 0.981242 -0.018819 -1.131167
v 0.978477 -0.037457 -1.131167
v 0.973899 -0.055735 -1.131167
v 0.967552 -0.073475 -1.131167
v 0.959496 -0.090508 -1.131167
v 0.949809 -0.106670 -1.131167
v 0.938585 -0.121804 -1.131167
v 0.925931 -0.135765 -1.131167
v 0.911970 -0.148418 -1.131167
v 0.896836 -0.159642 -1.131167
v 0.880675 -0.169329 -1.131167
v 0.863642 -0.177385 -1.131167
v 0.845901 -0.183733 -1.131167
v 0.827624 -0.188311 -1.131167
v 0.808986 -0.191076 -1.131167
v 0.808624 0.191075 -1.127495
v 0.826904 0.188311 -1.123859
v 0.844830 0.183733 -1.120293
v 0.862230 0.177385 -1.116832
v 0.878936 0.169329 -1.113510
v 0.894787 0.159642 -1.110357
v 0.909630 0.148418 -1.107404
v 0.923323 0.135765 -1.104680
v 0.935733 0.121804 -1.102212
v 0.946741 0.106670 -1.100022
v 0.956242 0.090508 -1.098132
v 0.964143 0.073475 -1.096561
v 0.970369 0.055735 -1.095322
v 0.974859 0.037457 -1.094429
v 0.977571 0.018819 -1.093890
v 0.978477 -0.000000 -1.093709
v 0.977571 -0.018819 -1.093890
v 0.974859 -0.037457 -1.094429
v 0.970369 -0.055735 -1.095322
v 0.964143 -0.073475 -1.096561
v 0.956242 -0.090508 -1.098132
v 0.946741 -0.106670 -1.100022
v 0.935733 -0.121804 -1.102212
v 0.923323 -0.135765 -1.104680
v 0.909630 -0.148418 -1.107404
v 0.894787 -0.159642 -1.110357
v 0.878936 -0.169329 -1.113510
v 0.862230 -0.177385 -1.116832
v 0.844830 -0.183733 -1.120293
v 0.826904 -0.188311 -1.123859
v 0.808624 -0.191076 -1.127495
v 0.807553 0.191075 -1.123965
v 0.824773 0.188311 -1.116832
v 0.841659 0.183733 -1.109838
v 0.858049 0.177385 -1.103049
v 0.873785 0.169329 -1.096531
v 0.888716 0.159642 -1.090346
v 0.902698 0.148418 -1.084555
v 0.915597 0.135765 -1.079212
v 0.927287 0.121804 -1.074370
v 0.937657 0.106670 -1.070074
v 0.946606 0.090508 -1.066367
v 0.954049 0.073475 -1.063285
v 0.959913 0.055735 -1.060855
v 0.964143 0.037457 -1.059103
v 0.966697 0.018819 -1.058045
v 0.967551 -0.000000 -1.057691
v 0.966697 -0.018819 -1.058045
v 0.964143 -0.037457 -1.059103
v 0.959913 -0.055735 -1.060855
v 0.954049 -0.073475 -1.063285
v 0.946606 -0.090508 -1.066367
v 0.937657 -0.106670 -1.070074
v 0.927287 -0.121804 -1.074370
v 0.915597 -0.135765 -1.079212
v 0.902698 -0.148418 -1.084555
v 0.888716 -0.159642 -1.090346
v 0.873785 -0.169329 -1.096531
v 0.858049 -0.177385 -1.103049
v 0.841659 -0.183733 -1.109838
v 0.824773 -0.188311 -1.116832
v 0.807553 -0.191076 -1.123965
v 0.805814 0.191075 -1.120711
v 0.821311 0.188311 -1.110357
v 0.836508 0.183733 -1.100202
v 0.851259 0.177385 -1.090346
v 0.865421 0.169329 -1.080883
v 0.878859 0.159642 -1.071904
v 0.891443 0.148418 -1.063496
v 0.903051 0.135765 -1.055740
v 0.913572 0.121804 -1.048710
v 0.922904 0.106670 -1.042474
v 0.930959 0.090508 -1.037093
v 0.937657 0.073475 -1.032617
v 0.942935 0.055735 -1.029090
v 0.946741 0.037457 -1.026547
v 0.949040 0.018819 -1.025011
v 0.949809 -0.000000 -1.024497
v 0.949040 -0.018819 -1.025011
v 0.946741 -0.037457 -1.026547
v 0.942935 -0.055735 -1.029090
v 0.937657 -0.073475 -1.032617
v 0.930959 -0.090508 -1.037093
v 0.922904 -0.106670 -1.042474
v 0.913572 -0.121804 -1.048710
v 0.903051 -0.135765 -1.055740
v 0.891443 -0.148418 -1.063496
v 0.878859 -0.159642 -1.071904
v 0.865421 -0.169329 -1.080883
v 0.851259 -0.177385 -1.090346
v 0.836508 -0.183733 -1.100202
v 0.821311 -0.188311 -1.110357
v 0.805814 -0.191076 -1.120711
v 0.803474 0.191075 -1.117859
v 0.816653 0.188311 -1.104680
v 0.829577 0.183733 -1.091756
v 0.842121 0.177385 -1.079212
v 0.854166 0.169329 -1.067168
v 0.865593 0.159642 -1.055740
v 0.876295 0.148418 -1.045039
v 0.886167 0.135765 -1.035167
v 0.895114 0.121804 -1.026219
v 0.903051 0.106670 -1.018283
v 0.909900 0.090508 -1.011433
v 0.915597 0.073475 -1.005737
v 0.920085 0.055735 -1.001248
v 0.923322 0.037457 -0.998011
v 0.925277 0.018819 -0.996056
v 0.925931 -0.000000 -0.995402
v 0.925277 -0.018819 -0.996056
v 0.923322 -0.037457 -0.998011
v 0.920085 -0.055735 -1.001248
v 0.915597 -0.073475 -1.005737
v 0.909900 -0.090508 -1.011433
v 0.903051 -0.106670 -1.018283
v 0.895114 -0.121804 -1.026219
v 0.886167 -0.135765 -1.035167
v 0.876295 -0.148418 -1.045039
v 0.865593 -0.159642 -1.055740
v 0.854166 -0.169329 -1.067168
v 0.842121 -0.177385 -1.079212
v 0.829577 -0.183733 -1.091756
v 0.816653 -0.188311 -1.104680
v 0.803474 -0.191076 -1.117859
v 0.800622 0.191075 -1.115519
v 0.810977 0.188311 -1.100022
v 0.821131 0.183733 -1.084825
v 0.830987 0.177385 -1.070074
v 0.840450 0.169329 -1.055912
v 0.849429 0.159642 -1.042474
v 0.857837 0.148418 -1.029891
v 0.865593 0.135765 -1.018283
v 0.872623 0.121804 -1.007762
v 0.878859 0.106670 -0.998429
v 0.884241 0.090508 -0.990375
v 0.888716 0.073475 -0.983677
v 0.892243 0.055735 -0.978399
v 0.894786 0.037457 -0.974592
v 0.896322 0.018819 -0.972293
v 0.896836 -0.000000 -0.971525
v 0.896322 -0.018819 -0.972293
v 0.894786 -0.037457 -0.974592
v 0.892243 -0.055735 -0.978399
v 0.888716 -0.073475 -0.983677
v 0.884241 -0.090508 -0.990375
v 0.878859 -0.106670 -0.998429
v 0.872623 -0.121804 -1.007762
v 0.865593 -0.135765 -1.018283
v 0.857837 -0.148418 -1.029891
v 0.849429 -0.159642 -1.042474
v 0.840450 -0.169329 -1.055912
v 0.830987 -0.177385 -1.070074
v 0.821131 -0.183733 -1.084825
v 0.810977 -0.188311 -1.100022
v 0.800622 -0.191076 -1.115519
v 0.797369 0.191075 -1.113780
v 0.804501 0.188311 -1.096561
v 0.811495 0.183733 -1.079675
v 0.818284 0.177385 -1.063285
v 0.824803 0.169329 -1.047548
v 0.830987 0.159642 -1.032617
v 0.836779 0.148418 -1.018635
v 0.842121 0.135765 -1.005737
v 0.846964 0.121804 -0.994046
v 0.851259 0.106670 -0.983677
v 0.854966 0.090508 -0.974727
v 0.858049 0.073475 -0.967285
v 0.860478 0.055735 -0.961420
v 0.862230 0.037457 -0.957190
v 0.863288 0.018819 -0.954636
v 0.863642 -0.000000 -0.953782
v 0.863288 -0.018819 -0.954636
v 0.862230 -0.037457 -0.957190
v 0.860478 -0.055735 -0.961420
v 0.858049 -0.073475 -0.967285
v 0.854966 -0.090508 -0.974727
v 0.851259 -0.106670 -0.983677
v 0.846964 -0.121804 -0.994046
v 0.842121 -0.135765 -1.005737
v 0.836779 -0.148418 -1.018635
v 0.830987 -0.159642 -1.032617
v 0.824803 -0.169329 -1.047548
v 0.818284 -0.177385 -1.063285
v 0.811495 -0.183733 -1.079675
v 0.804501 -0.188311 -1.096561
v 0.797369 -0.191076 -1.113780
v 0.793838 0.191075 -1.112709
v 0.797474 0.188311 -1.094429
v 0.801040 0.183733 -1.076503
v 0.804501 0.177385 -1.059103
v 0.807824 0.169329 -1.042398
v 0.810977 0.159642 -1.026547
v 0.813929 0.148418 -1.011704
v 0.816653 0.135765 -0.998011
v 0.819122 0.121804 -0.985600
v 0.821311 0.106670 -0.974592
v 0.823201 0.090508 -0.965092
v 0.824773 0.073475 -0.957190
v 0.826011 0.055735 -0.950965
v 0.826904 0.037457 -0.946474
v 0.827444 0.018819 -0.943763
v 0.827624 -0.000000 -0.942856
v 0.827444 -0.018819 -0.943763
v 0.826904 -0.037457 -0.946474
v 0.826011 -0.055735 -0.950965
v 0.824773 -0.073475 -0.957190
v 0.823201 -0.090508 -0.965092
v 0.821311 -0.106670 -0.974592
v 0.819122 -0.121804 -0.985600
v 0.816653 -0.135765 -0.998011
v 0.813929 -0.148418 -1.011704
v 0.810977 -0.159642 -1.026547
v 0.807824 -0.169329 -1.042398
v 0.804501 -0.177385 -1.059103
v 0.801040 -0.183733 -1.076503
v 0.797474 -0.188311 -1.094429
v 0.793838 -0.191076 -1.112709
v 0.790167 0.191075 -1.112347
v 0.790167 0.188311 -1.093709
v 0.790167 0.183733 -1.075432
v 0.790167 0.177385 -1.057691
v 0.790167 0.169329 -1.040659
v 0.790167 0.159642 -1.024497
v 0.790167 0.148418 -1.009363
v 0.790167 0.135765 -0.995402
v 0.790167 0.121804 -0.982749
v 0.790167 0.106670 -0.971525
v 0.790167 0.090508 -0.961838
v 0.790167 0.073475 -0.953782
v 0.790167 0.055735 -0.947434
v 0.790167 0.037457 -0.942856
v 0.790167 0.018819 -0.940091
v 0.790167 -0.000000 -0.939167
v 0.790167 -0.018819 -0.940091
v 0.790167 -0.037457 -0.942856
v 0.790167 -0.055735 -0.947434
v 0.790167 -0.073475 -0.953782
v 0.790167 -0.090508 -0.961838
v 0.790167 -0.106670 -0.971525
v 0.790167 -0.121804 -0.982749
v 0.790167 -0.135765 -0.995402
v 0.790167 -0.148418 -1.009363
v 0.790167 -0.159642 -1.024497
v 0.790167 -0.169329 -1.040659
v 0.790167 -0.177385 -1.057691
v 0.790167 -0.183733 -1.075432
v 0.790167 -0.188311 -1.093709
v 0.790167 -0.191076 -1.112347
v 0.790167 -0.192000 -1.131167
v 0.790167 0.192000 -1.131167
v 0.786495 0.191075 -1.112709
v 0.782859 0.188311 -1.094429
v 0.779293 0.183733 -1.076503
v 0.775832 0.177385 -1.059103
v 0.772509 0.169329 -1.042398
v 0.769356 0.159642 -1.026547
v 0.766404 0.148418 -1.011704
v 0.763680 0.135765 -0.998011
v 0.761212 0.121804 -0.985601
v 0.759022 0.106670 -0.974592
v 0.757132 0.090508 -0.965092
v 0.755561 0.073475 -0.957190
v 0.754322 0.055735 -0.950965
v 0.753429 0.037457 -0.946474
v 0.752890 0.018819 -0.943763
v 0.752709 -0.000000 -0.942856
v 0.752890 -0.018819 -0.943763
v 0.753429 -0.037457 -0.946474
v 0.754322 -0.055735 -0.950965
v 0.755561 -0.073475 -0.957190
v 0.757132 -0.090508 -0.965092
v 0.759022 -0.106670 -0.974592
v 0.761212 -0.121804 -0.985601
v 0.763680 -0.135765 -0.998011
v 0.766404 -0.148418 -1.011704
v 0.769356 -0.159642 -1.026547
v 0.772509 -0.169329 -1.042398
v 0.775832 -0.177385 -1.059103
v 0.779293 -0.183733 -1.076503
v 0.782859 -0.188311 -1.094429
v 0.786495 -0.191076 -1.112709
v 0.782965 0.191075 -1.113780
v 0.775832 0.188311 -1.096561
v 0.768838 0.183733 -1.079675
v 0.762049 0.177385 -1.063285
v 0.755531 0.169329 -1.047548
v 0.749346 0.159642 -1.032617
v 0.743554 0.148418 -1.018635
v 0.738212 0.135765 -1.005737
v 0.733370 0.121804 -0.994046
v 0.729074 0.106670 -0.983677
v 0.725367 0.090508 -0.974727
v 0.722284 0.073475 -0.967285
v 0.719855 0.055735 -0.961420
v 0.718103 0.037457 -0.957190
v 0.717045 0.018819 -0.954636
v 0.716691 -0.000000 -0.953782
v 0.717045 -0.018819 -0.954636
v 0.718103 -0.037457 -0.957190
v 0.719855 -0.055735 -0.961420
v 0.722284 -0.073475 -0.967285
v 0.725367 -0.090508 -0.974727
v 0.729074 -0.106670 -0.983677
v 0.733370 -0.121804 -0.994046
v 0.738212 -0.135765 -1.005737
v 0.743554 -0.148418 -1.018635
v 0.749346 -0.159642 -1.032617
v 0.755531 -0.169329 -1.047548
v 0.762049 -0.177385 -1.063285
v 0.768838 -0.183733 -1.079675
v 0.775832 -0.188311 -1.096561
v 0.782965 -0.191076 -1.113780
v 0.779711 0.191075 -1.115519
v 0.769356 0.188311 -1.100022
v 0.759202 0.183733 -1.084825
v 0.749346 0.177385 -1.070074
v 0.739883 0.169329 -1.055912
v 0.730904 0.159642 -1.042474
v 0.722496 0.148418 -1.029891
v 0.714740 0.135765 -1.018283
v 0.707710 0.121804 -1.007762
v 0.701474 0.106670 -0.998429
v 0.696093 0.090508 -0.990375
v 0.691617 0.073475 -0.983677
v 0.688090 0.055735 -0.978399
v 0.685547 0.037457 -0.974592
v 0.684011 0.018819 -0.972293
v 0.683497 -0.000000 -0.971525
v 0.684011 -0.018819 -0.972293
v 0.685547 -0.037457 -0.974592
v 0.688090 -0.055735 -0.978399
v 0.691617 -0.073475 -0.983677
v 0.696093 -0.090508 -0.990375
v 0.701474 -0.106670 -0.998429
v 0.707710 -0.121804 -1.007762
v 0.714740 -0.135765 -1.018283
v 0.722496 -0.148418 -1.029891
v 0.730904 -0.159642 -1.042474
v 0.739883 -0.169329 -1.055912
v 0.749346 -0.177385 -1.070074
v 0.759202 -0.183733 -1.084825
v 0.769356 -0.188311 -1.100022
v 0.779711 -0.191076 -1.115519
v 0.776859 0.191075 -1.117859
v 0.763680 0.188311 -1.104680
v 0.750756 0.183733 -1.091756
v 0.738212 0.177385 -1.079212
v 0.726168 0.169329 -1.067168
v 0.714740 0.159642 -1.055740
v 0.704039 0.148418 -1.045039
v 0.694167 0.135765 -1.035167
v 0.685219 0.121804 -1.026219
v 0.677283 0.106670 -1.018283
v 0.670433 0.090508 -1.011433
v 0.664737 0.073475 -1.005737
v 0.660248 0.055735 -1.001248
v 0.657011 0.037457 -0.998011
v 0.655056 0.018819 -0.996056
v 0.654402 -0.000000 -0.995402
v 0.655056 -0.018819 -0.996056
v 0.657011 -0.037457 -0.998011
v 0.660248 -0.055735 -1.001248
v 0.664737 -0.073475 -1.005737
v 0.670433 -0.090508 -1.011433
v 0.677283 -0.106670 -1.018283
v 0.685219 -0.121804 -1.026219
v 0.694167 -0.135765 -1.035167
v 0.704039 -0.148418 -1.045039
v 0.714740 -0.159642 -1.055740
v 0.726168 -0.169329 -1.067168
v 0.738212 -0.177385 -1.079212
v 0.750756 -0.183733 -1.091756
v 0.763680 -0.188311 -1.104680
v 0.776859 -0.191076 -1.117859
v 0.774519 0.191075 -1.120711
v 0.759022 0.188311 -1.110357
v 0.743825 0.183733 -1.100202
v 0.729074 0.177385 -1.090346
v 0.714912 0.169329 -1.080883
v 0.701474 0.159642 -1.071904
v 0.688891 0.148418 -1.063496
v 0.677283 0.135765 -1.055740
v 0.666762 0.121804 -1.048710
v 0.657429 0.106670 -1.042474
v 0.649375 0.090508 -1.037093
v 0.642677 0.073475 -1.032617
v 0.637399 0.055735 -1.029091
v 0.633592 0.037457 -1.026547
v 0.631293 0.018819 -1.025011
v 0.630525 -0.000000 -1.024498
v 0.631293 -0.018819 -1.025011
v 0.633592 -0.037457 -1.026547
v 0.637399 -0.055735 -1.029091
v 0.642677 -0.073475 -1.032617
v 0.649375 -0.090508 -1.037093
v 0.657429 -0.106670 -1.042474
v 0.666762 -0.121804 -1.048710
v 0.677283 -0.135765 -1.055740
v 0.688891 -0.148418 -1.063496
v 0.701474 -0.159642 -1.071904
v 0.714912 -0.169329 -1.080883
v 0.729074 -0.177385 -1.090346
v 0.743825 -0.183733 -1.100202
v 0.759022 -0.188311 -1.110357
v 0.774519 -0.191076 -1.120711
v 0.772780 0.191075 -1.123965
v 0.755561 0.188311 -1.116832
v 0.738675 0.183733 -1.109838
v 0.722284 0.177385 -1.103049
v 0.706548 0.169329 -1.096531
v 0.691617 0.159642 -1.090346
v 0.677635 0.148418 -1.084555
v 0.664737 0.135765 -1.079212
v 0.653046 0.121804 -1.074370
v 0.642677 0.106670 -1.070074
v 0.633727 0.090508 -1.066367
v 0.626284 0.073475 -1.063285
v 0.620420 0.055735 -1.060855
v 0.616190 0.037457 -1.059103
v 0.613636 0.018819 -1.058045
v 0.612782 -0.000000 -1.057692
v 0.613636 -0.018819 -1.058045
v 0.616190 -0.037457 -1.059103
v 0.620420 -0.055735 -1.060855
v 0.626284 -0.073475 -1.063285
v 0.633727 -0.090508 -1.066367
v 0.642677 -0.106670 -1.070074
v 0.653046 -0.121804 -1.074370
v 0.664737 -0.135765 -1.079212
v 0.677635 -0.148418 -1.084555
v 0.691617 -0.159642 -1.090346
v 0.706548 -0.169329 -1.096531
v 0.722284 -0.177385 -1.103049
v 0.738675 -0.183733 -1.109838
v 0.755561 -0.188311 -1.116832
v 0.772780 -0.191076 -1.123965
v 0.771709 0.191075 -1.127495
v 0.753429 0.188311 -1.123859
v 0.735503 0.183733 -1.120293
v 0.718103 0.177385 -1.116832
v 0.701398 0.169329 -1.113510
v 0.685547 0.159642 -1.110357
v 0.670704 0.148418 -1.107404
v 0.657011 0.135765 -1.104680
v 0.644601 0.121804 -1.102212
v 0.633592 0.106670 -1.100022
v 0.624092 0.090508 -1.098132
v 0.616190 0.073475 -1.096561
v 0.609964 0.055735 -1.095322
v 0.605474 0.037457 -1.094429
v 0.602763 0.018819 -1.093890
v 0.601856 -0.000000 -1.093710
v 0.602763 -0.018819 -1.093890
v 0.605474 -0.037457 -1.094429
v 0.609964 -0.055735 -1.095322
v 0.616190 -0.073475 -1.096561
v 0.624092 -0.090508 -1.098132
v 0.633592 -0.106670 -1.100022
v 0.644601 -0.121804 -1.102212
v 0.657011 -0.135765 -1.104680
v 0.670704 -0.148418 -1.107404
v 0.685547 -0.159642 -1.110357
v 0.701398 -0.169329 -1.113510
v 0.718103 -0.177385 -1.116832
v 0.735503 -0.183733 -1.120293
v 0.753429 -0.188311 -1.123859
v 0.771709 -0.191076 -1.127495
v 0.771347 0.191075 -1.131167
v 0.752709 0.188311 -1.131167
v 0.734432 0.183733 -1.131167
v 0.716691 0.177385 -1.131167
v 0.699659 0.169329 -1.131167
v 0.683497 0.159642 -1.131167
v 0.668363 0.148418 -1.131167
v 0.654402 0.135765 -1.131167
v 0.641749 0.121804 -1.131167
v 0.630525 0.106670 -1.131167
v 0.620838 0.090508 -1.131167
v 0.612782 0.073475 -1.131167
v 0.606434 0.055735 -1.131167
v 0.601856 0.037457 -1.131167
v 0.599091 0.018819 -1.131167
v 0.598167 -0.000000 -1.131167
v 0.599091 -0.018819 -1.131167
v 0.601856 -0.037457 -1.131167
v 0.606434 -0.055735 -1.131167
v 0.612782 -0.073475 -1.131167
v 0.620838 -0.090508 -1.131167
v 0.630525 -0.106670 -1.131167
v 0.641749 -0.121804 -1.131167
v 0.654402 -0.135765 -1.131167
v 0.668363 -0.148418 -1.131167
v 0.683497 -0.159642 -1.131167
v 0.699659 -0.169329 -1.131167
v 0.716691 -0.177385 -1.131167
v 0.734432 -0.183733 -1.131167
v 0.752709 -0.188311 -1.131167
v 0.771347 -0.191076 -1.131167
v 0.771709 0.191075 -1.134838
v 0.753429 0.188311 -1.138474
v 0.735503 0.183733 -1.142040
v 0.718103 0.177385 -1.145501
v 0.701398 0.169329 -1.148824
v 0.685547 0.159642 -1.151977
v 0.670704 0.148418 -1.154930
v 0.657011 0.135765 -1.157653
v 0.644601 0.121804 -1.160122
v 0.633592 0.106670 -1.162311
v 0.624092 0.090508 -1.164201
v 0.616190 0.073475 -1.165773
v 0.609965 0.055735 -1.167011
v 0.605474 0.037457 -1.167904
v 0.602763 0.018819 -1.168444
v 0.601856 -0.000000 -1.168624
v 0.602763 -0.018819 -1.168444
v 0.605474 -0.037457 -1.167904
v 0.609965 -0.055735 -1.167011
v 0.616190 -0.073475 -1.165773
v 0.624092 -0.090508 -1.164201
v 0.633592 -0.106670 -1.162311
v 0.644601 -0.121804 -1.160122
v 0.657011 -0.135765 -1.157653
v 0.670704 -0.148418 -1.154930
v 0.685547 -0.159642 -1.151977
v 0.701398 -0.169329 -1.148824
v 0.718103 -0.177385 -1.145501
v 0.735503 -0.183733 -1.142040
v 0.753429 -0.188311 -1.138474
v 0.771709 -0.191076 -1.134838
v 0.772780 0.191075 -1.138369
v 0.755561 0.188311 -1.145501
v 0.738675 0.183733 -1.152496
v 0.722284 0.177385 -1.159284
v 0.706548 0.169329 -1.165803
v 0.691617 0.159642 -1.171987
v 0.677635 0.148418 -1.177779
v 0.664737 0.135765 -1.183122
v 0.653046 0.121804 -1.187964
v 0.642677 0.106670 -1.192259
v 0.633727 0.090508 -1.195966
v 0.626284 0.073475 -1.199049
v 0.620420 0.055735 -1.201478
v 0.616190 0.037457 -1.203230
v 0.613636 0.018819 -1.204288
v 0.612782 -0.000000 -1.204642
v 0.613636 -0.018819 -1.204288
v 0.616190 -0.037457 -1.203230
v 0.620420 -0.055735 -1.201478
v 0.626284 -0.073475 -1.199049
v 0.633727 -0.090508 -1.195966
v 0.642677 -0.106670 -1.192259
v 0.653046 -0.121804 -1.187964
v 0.664737 -0.135765 -1.183122
v 0.677635 -0.148418 -1.177779
v 0.691617 -0.159642 -1.171987
v 0.706548 -0.169329 -1.165803
v 0.722284 -0.177385 -1.159284
v 0.738675 -0.183733 -1.152496
v 0.755561 -0.188311 -1.145501
v 0.772780 -0.191076 -1.138369
v 0.774519 0.191075 -1.141622
v 0.759022 0.188311 -1.151977
v 0.743825 0.183733 -1.162131
v 0.729074 0.177385 -1.171987
v 0.714912 0.169329 -1.181450
v 0.701474 0.159642 -1.190429
v 0.688891 0.148418 -1.198837
v 0.677283 0.135765 -1.206593
v 0.666762 0.121804 -1.213623
v 0.657429 0.106670 -1.219859
v 0.649375 0.090508 -1.225241
v 0.642677 0.073475 -1.229717
v 0.637399 0.055735 -1.233243
v 0.633592 0.037457 -1.235787
v 0.631293 0.018819 -1.237323
v 0.630525 -0.000000 -1.237836
v 0.631293 -0.018819 -1.237323
v 0.633592 -0.037457 -1.235787
v 0.637399 -0.055735 -1.233243
v 0.642677 -0.073475 -1.229717
v 0.649375 -0.090508 -1.225241
v 0.657429 -0.106670 -1.219859
v 0.666762 -0.121804 -1.213623
v 0.677283 -0.135765 -1.206593
v 0.688891 -0.148418 -1.198837
v 0.701474 -0.159642 -1.190429
v 0.714912 -0.169329 -1.181450
v 0.729074 -0.177385 -1.171987
v 0.743825 -0.183733 -1.162131
v 0.759022 -0.188311 -1.151977
v 0.774519 -0.191076 -1.141622
v 0.776859 0.191075 -1.144474
v 0.763680 0.188311 -1.157653
v 0.750756 0.183733 -1.170577
v 0.738212 0.177385 -1.183122
v 0.726168 0.169329 -1.195166
v 0.714740 0.159642 -1.206593
v 0.704039 0.148418 -1.217295
v 0.694167 0.135765 -1.227167
v 0.685219 0.121804 -1.236114
v 0.677283 0.106670 -1.244051
v 0.670433 0.090508 -1.250900
v 0.664737 0.073475 -1.256597
v 0.660248 0.055735 -1.261085
v 0.657011 0.037457 -1.264323
v 0.655056 0.018819 -1.266277
v 0.654402 -0.000000 -1.266931
v 0.655056 -0.018819 -1.266277
v 0.657011 -0.037457 -1.264323
v 0.660248 -0.055735 -1.261085
v 0.664737 -0.073475 -1.256597
v 0.670433 -0.090508 -1.250900
v 0.677283 -0.106670 -1.244051
v 0.685219 -0.121804 -1.236114
v 0.694167 -0.135765 -1.227167
v 0.704039 -0.148418 -1.217295
v 0.714740 -0.159642 -1.206593
v 0.726168 -0.169329 -1.195166
v 0.738212 -0.177385 -1.183122
v 0.750756 -0.183733 -1.170577
v 0.763680 -0.188311 -1.157653
v 0.776859 -0.191076 -1.144474
v 0.779711 0.191075 -1.146814
v 0.769356 0.188311 -1.162311
v 0.759202 0.183733 -1.177508
v 0.749346 0.177385 -1.192259
v 0.739883 0.169329 -1.206421
v 0.730904 0.159642 -1.219859
v 0.722496 0.148418 -1.232443
v 0.714740 0.135765 -1.244051
v 0.707710 0.121804 -1.254572
v 0.701474 0.106670 -1.263904
v 0.696093 0.090508 -1.271958
v 0.691617 0.073475 -1.278657
v 0.688090 0.055735 -1.283935
v 0.685547 0.037457 -1.287741
v 0.684011 0.018819 -1.290040
v 0.683497 -0.000000 -1.290809
v 0.684011 -0.018819 -1.290040
v 0.685547 -0.037457 -1.287741
v 0.688090 -0.055735 -1.283935
v 0.691617 -0.073475 -1.278657
v 0.696093 -0.090508 -1.271958
v 0.701474 -0.106670 -1.263904
v 0.707710 -0.121804 -1.254572
v 0.714740 -0.135765 -1.244051
v 0.722496 -0.148418 -1.232443
v 0.730904 -0.159642 -1.219859
v 0.739883 -0.169329 -1.206421
v 0.749346 -0.177385 -1.192259
v 0.759202 -0.183733 -1.177508
v 0.769356 -0.188311 -1.162311
v 0.779711 -0.191076 -1.146814
v 0.782965 0.191075 -1.148553
v 0.775832 0.188311 -1.165773
v 0.768838 0.183733 -1.182659
v 0.762049 0.177385 -1.199049
v 0.755531 0.169329 -1.214785
v 0.749346 0.159642 -1.229716
v 0.743555 0.148418 -1.243698
v 0.738212 0.135765 -1.256597
v 0.733370 0.121804 -1.268287
v 0.729074 0.106670 -1.278657
v 0.725367 0.090508 -1.287606
v 0.722284 0.073475 -1.295049
v 0.719855 0.055735 -1.300913
v 0.718103 0.037457 -1.305143
v 0.717045 0.018819 -1.307697
v 0.716692 -0.000000 -1.308551
v 0.717045 -0.018819 -1.307697
v 0.718103 -0.037457 -1.305143
v 0.719855 -0.055735 -1.300913
v 0.722284 -0.073475 -1.295049
v 0.725367 -0.090508 -1.287606
v 0.729074 -0.106670 -1.278657
v 0.733370 -0.121804 -1.268287
v 0.738212 -0.135765 -1.256597
v 0.743555 -0.148418 -1.243698
v 0.749346 -0.159642 -1.229716
v 0.755531 -0.169329 -1.214785
v 0.762049 -0.177385 -1.199049
v 0.768838 -0.183733 -1.182659
v 0.775832 -0.188311 -1.165773
v 0.782965 -0.191076 -1.148553
v 0.786495 0.191075 -1.149624
v 0.782859 0.188311 -1.167904
v 0.779293 0.183733 -1.185830
v 0.775832 0.177385 -1.203230
v 0.772509 0.169329 -1.219936
v 0.769357 0.159642 -1.235787
v 0.766404 0.148418 -1.250630
v 0.763680 0.135765 -1.264323
v 0.761212 0.121804 -1.276733
v 0.759022 0.106670 -1.287741
v 0.757132 0.090508 -1.297242
v 0.755561 0.073475 -1.305143
v 0.754322 0.055735 -1.311369
v 0.753429 0.037457 -1.315859
v 0.752890 0.018819 -1.318571
v 0.752710 -0.000000 -1.319477
v 0.752890 -0.018819 -1.318571
v 0.753429 -0.037457 -1.315859
v 0.754322 -0.055735 -1.311369
v 0.755561 -0.073475 -1.305143
v 0.757132 -0.090508 -1.297242
v 0.759022 -0.106670 -1.287741
v 0.761212 -0.121804 -1.276733
v 0.763680 -0.135765 -1.264323
v 0.766404 -0.148418 -1.250630
v 0.769357 -0.159642 -1.235787
v 0.772509 -0.169329 -1.219936
v 0.775832 -0.177385 -1.203230
v 0.779293 -0.183733 -1.185830
v 0.782859 -0.188311 -1.167904
v 0.786495 -0.191076 -1.149624
v 0.790167 0.191075 -1.149986
v 0.790167 0.188311 -1.168624
v 0.790167 0.183733 -1.186901
v 0.790167 0.177385 -1.204642
v 0.790167 0.169329 -1.221675
v 0.790167 0.159642 -1.237836
v 0.790167 0.135765 -1.266931
v 0.790167 0.106670 -1.290809
v 0.790167 0.090508 -1.300496
v 0.790167 -0.000000 -1.323166
v 0.790167 -0.055735 -1.314899
v 0.790167 -0.073475 -1.308552
v 0.790167 -0.135765 -1.266931
v 0.790167 -0.177385 -1.204642
v 0.790167 -0.183733 -1.186901
v -1.501834 0.148418 0.529030
v -1.501834 0.121804 0.502415
v -1.501834 0.073475 0.473449
v -1.501834 0.055735 0.467101
v -1.501834 0.037457 0.462523
v -1.501834 0.018819 0.459758
v -1.501834 -0.018819 0.459758
v -1.501834 -0.037457 0.462523
v -1.501834 -0.090508 0.481505
v -1.501834 -0.106670 0.491191
v -1.501834 -0.121804 0.502415
v -1.501834 -0.148418 0.529030
v -1.501834 -0.159642 0.544164
v -1.501834 -0.169329 0.560325
v -1.501834 -0.188311 0.613376
v -1.501834 -0.191076 0.632014
v -1.498162 0.191075 0.632376
v -1.494526 0.188311 0.614096
v -1.490960 0.183733 0.596170
v -1.487499 0.177385 0.578770
v -1.484177 0.169329 0.562064
v -1.481024 0.159642 0.546214
v -1.478071 0.148418 0.531370
v -1.475347 0.135765 0.517678
v -1.472879 0.121804 0.505267
v -1.470689 0.106670 0.494259
v -1.468799 0.090508 0.484758
v -1.467228 0.073475 0.476857
v -1.465989 0.055735 0.470631
v -1.465096 0.037457 0.466141
v -1.464557 0.018819 0.463429
v -1.464376 0.000000 0.462523
v -1.464557 -0.018819 0.463429
v -1.465096 -0.037457 0.466141
v -1.465989 -0.055735 0.470631
v -1.467228 -0.073475 0.476857
v -1.468799 -0.090508 0.484758
v -1.470689 -0.106670 0.494259
v -1.472879 -0.121804 0.505267
v -1.475347 -0.135765 0.517678
v -1.478071 -0.148418 0.531370
v -1.481024 -0.159642 0.546214
v -1.484177 -0.169329 0.562064
v -1.487499 -0.177385 0.578770
v -1.490960 -0.183733 0.596170
v -1.494526 -0.188311 0.614096
v -1.498162 -0.191076 0.632376
v -1.494632 0.191075 0.633447
v -1.487499 0.188311 0.616227
v -1.480505 0.183733 0.599341
v -1.473716 0.177385 0.582951
v -1.467198 0.169329 0.567215
v -1.461013 0.159642 0.552284
v -1.455222 0.148418 0.538302
v -1.449879 0.135765 0.525403
v -1.445037 0.121804 0.513713
v -1.440741 0.106670 0.503343
v -1.437034 0.090508 0.494394
v -1.433951 0.073475 0.486951
v -1.431522 0.055735 0.481087
v -1.429770 0.037457 0.476857
v -1.428712 0.018819 0.474303
v -1.428359 0.000000 0.473449
v -1.428712 -0.018819 0.474303
v -1.429770 -0.037457 0.476857
v -1.431522 -0.055735 0.481087
v -1.433951 -0.073475 0.486951
v -1.437034 -0.090508 0.494394
v -1.440741 -0.106670 0.503343
v -1.445037 -0.121804 0.513713
v -1.449879 -0.135765 0.525403
v -1.455222 -0.148418 0.538302
v -1.461013 -0.159642 0.552284
v -1.467198 -0.169329 0.567215
v -1.473716 -0.177385 0.582951
v -1.480505 -0.183733 0.599341
v -1.487499 -0.188311 0.616227
v -1.494632 -0.191076 0.633447
v -1.491378 0.191075 0.635186
v -1.481024 0.188311 0.619689
v -1.470869 0.183733 0.604492
v -1.461013 0.177385 0.589741
v -1.451550 0.169329 0.575579
v -1.442571 0.159642 0.562141
v -1.434163 0.148418 0.549558
v -1.426407 0.135765 0.537949
v -1.419377 0.121804 0.527428
v -1.413141 0.106670 0.518096
v -1.407760 0.090508 0.510042
v -1.403284 0.073475 0.503343
v -1.399757 0.055735 0.498065
v -1.397214 0.037457 0.494259
v -1.395678 0.018819 0.491960
v -1.395164 0.000000 0.491191
v -1.395678 -0.018819 0.491960
v -1.397214 -0.037457 0.494259
v -1.399757 -0.055735 0.498065
v -1.403284 -0.073475 0.503343
v -1.407760 -0.090508 0.510042
v -1.413141 -0.106670 0.518096
v -1.419377 -0.121804 0.527428
v -1.426407 -0.135765 0.537949
v -1.434163 -0.148418 0.549558
v -1.442571 -0.159642 0.562141
v -1.451550 -0.169329 0.575579
v -1.461013 -0.177385 0.589741
v -1.470869 -0.183733 0.604492
v -1.481024 -0.188311 0.619689
v -1.491378 -0.191076 0.635186
v -1.488527 0.191075 0.637526
v -1.475347 0.188311 0.624347
v -1.462423 0.183733 0.611423
v -1.449879 0.177385 0.598879
v -1.437835 0.169329 0.586835
v -1.426407 0.159642 0.575407
v -1.415706 0.148418 0.564705
v -1.405834 0.135765 0.554833
v -1.396886 0.121804 0.545886
v -1.388950 0.106670 0.537949
v -1.382100 0.090508 0.531100
v -1.376404 0.073475 0.525403
v -1.371915 0.055735 0.520915
v -1.368678 0.037457 0.517678
v -1.366723 0.018819 0.515723
v -1.366069 0.000000 0.515069
v -1.366723 -0.018819 0.515723
v -1.368678 -0.037457 0.517678
v -1.371915 -0.055735 0.520915
v -1.376404 -0.073475 0.525403
v -1.382100 -0.090508 0.531100
v -1.388950 -0.106670 0.537949
v -1.396886 -0.121804 0.545886
v -1.405834 -0.135765 0.554833
v -1.415706 -0.148418 0.564705
v -1.426407 -0.159642 0.575407
v -1.437835 -0.169329 0.586835
v -1.449879 -0.177385 0.598879
v -1.462423 -0.183733 0.611423
v -1.475347 -0.188311 0.624347
v -1.488527 -0.191076 0.637526
v -1.486186 0.191075 0.640378
v -1.470689 0.188311 0.630023
v -1.455492 0.183733 0.619869
v -1.440741 0.177385 0.610013
v -1.426579 0.169329 0.600550
v -1.413141 0.159642 0.591571
v -1.400558 0.148418 0.583163
v -1.388950 0.135765 0.575407
v -1.378429 0.121804 0.568377
v -1.369096 0.106670 0.562141
v -1.361042 0.090508 0.556759
v -1.354344 0.073475 0.552284
v -1.349066 0.055735 0.548757
v -1.345259 0.037457 0.546214
v -1.342960 0.018819 0.544678
v -1.342192 0.000000 0.544164
v -1.342960 -0.018819 0.544678
v -1.345259 -0.037457 0.546214
v -1.349066 -0.055735 0.548757
v -1.354344 -0.073475 0.552284
v -1.361042 -0.090508 0.556759
v -1.369096 -0.106670 0.562141
v -1.378429 -0.121804 0.568377
v -1.388950 -0.135765 0.575407
v -1.400558 -0.148418 0.583163
v -1.413141 -0.159642 0.591571
v -1.426579 -0.169329 0.600550
v -1.440741 -0.177385 0.610013
v -1.455492 -0.183733 0.619869
v -1.470689 -0.188311 0.630023
v -1.486186 -0.191076 0.640378
v -1.484447 0.191075 0.643632
v -1.467228 0.188311 0.636499
v -1.450342 0.183733 0.629505
v -1.433951 0.177385 0.622716
v -1.418215 0.169329 0.616198
v -1.403284 0.159642 0.610013
v -1.389302 0.148418 0.604221
v -1.376404 0.135765 0.598879
v -1.364713 0.121804 0.594036
v -1.354344 0.106670 0.589741
v -1.345394 0.090508 0.586034
v -1.337952 0.073475 0.582951
v -1.332087 0.055735 0.580522
v -1.327857 0.037457 0.578770
v -1.325303 0.018819 0.577712
v -1.324449 0.000000 0.577358
v -1.325303 -0.018819 0.577712
v -1.327857 -0.037457 0.578770
v -1.332087 -0.055735 0.580522
v -1.337952 -0.073475 0.582951
v -1.345394 -0.090508 0.586034
v -1.354344 -0.106670 0.589741
v -1.364713 -0.121804 0.594036
v -1.376404 -0.135765 0.598879
v -1.389302 -0.148418 0.604221
v -1.403284 -0.159642 0.610013
v -1.418215 -0.169329 0.616198
v -1.433951 -0.177385 0.622716
v -1.450342 -0.183733 0.629505
v -1.467228 -0.188311 0.636499
v -1.484447 -0.191076 0.643632
v -1.483376 0.191075 0.647162
v -1.465096 0.188311 0.643526
v -1.447170 0.183733 0.639960
v -1.429770 0.177385 0.636499
v -1.413065 0.169329 0.633176
v -1.397214 0.159642 0.630023
v -1.382371 0.148418 0.627071
v -1.368678 0.135765 0.624347
v -1.356268 0.121804 0.621879
v -1.345259 0.106670 0.619689
v -1.335758 0.090508 0.617799
v -1.327857 0.073475 0.616227
v -1.321632 0.055735 0.614989
v -1.317141 0.037457 0.614096
v -1.314430 0.018819 0.613557
v -1.313523 0.000000 0.613376
v -1.314430 -0.018819 0.613557
v -1.317141 -0.037457 0.614096
v -1.321632 -0.055735 0.614989
v -1.327857 -0.073475 0.616227
v -1.335758 -0.090508 0.617799
v -1.345259 -0.106670 0.619689
v -1.356268 -0.121804 0.621879
v -1.368678 -0.135765 0.624347
v -1.382371 -0.148418 0.627071
v -1.397214 -0.159642 0.630023
v -1.413065 -0.169329 0.633176
v -1.429770 -0.177385 0.636499
v -1.447170 -0.183733 0.639960
v -1.465096 -0.188311 0.643526
v -1.483376 -0.191076 0.647162
v -1.483014 0.191075 0.650833
v -1.464376 0.188311 0.650833
v -1.446099 0.183733 0.650833
v -1.428359 0.177385 0.650833
v -1.411326 0.169329 0.650833
v -1.395164 0.159642 0.650833
v -1.380030 0.148418 0.650833
v -1.366069 0.135765 0.650833
v -1.353416 0.121804 0.650833
v -1.342192 0.106670 0.650833
v -1.332505 0.090508 0.650833
v -1.324449 0.073475 0.650833
v -1.318101 0.055735 0.650833
v -1.313523 0.037457 0.650833
v -1.310758 0.018819 0.650833
v -1.309834 0.000000 0.650834
v -1.310758 -0.018819 0.650833
v -1.313523 -0.037457 0.650833
v -1.318101 -0.055735 0.650833
v -1.324449 -0.073475 0.650833
v -1.332505 -0.090508 0.650833
v -1.342192 -0.106670 0.650833
v -1.353416 -0.121804 0.650833
v -1.366069 -0.135765 0.650833
v -1.380030 -0.148418 0.650833
v -1.395164 -0.159642 0.650833
v -1.411326 -0.169329 0.650833
v -1.428359 -0.177385 0.650833
v -1.446099 -0.183733 0.650833
v -1.464376 -0.188311 0.650833
v -1.483014 -0.191076 0.650833
v -1.483376 0.191075 0.654505
v -1.465096 0.188311 0.658141
v -1.447170 0.183733 0.661707
v -1.429770 0.177385 0.665168
v -1.413065 0.169329 0.668491
v -1.397214 0.159642 0.671644
v -1.382371 0.148418 0.674596
v -1.368678 0.135765 0.677320
v -1.356268 0.121804 0.679788
v -1.345259 0.106670 0.681978
v -1.335758 0.090508 0.683868
v -1.327857 0.073475 0.685440
v -1.321632 0.055735 0.686678
v -1.317141 0.037457 0.687571
v -1.314430 0.018819 0.688110
v -1.313523 0.000000 0.688291
v -1.314430 -0.018819 0.688110
v -1.317141 -0.037457 0.687571
v -1.321632 -0.055735 0.686678
v -1.327857 -0.073475 0.685440
v -1.335758 -0.090508 0.683868
v -1.345259 -0.106670 0.681978
v -1.356268 -0.121804 0.679788
v -1.368678 -0.135765 0.677320
v -1.382371 -0.148418 0.674596
v -1.397214 -0.159642 0.671644
v -1.413065 -0.169329 0.668491
v -1.429770 -0.177385 0.665168
v -1.447170 -0.183733 0.661707
v -1.465096 -0.188311 0.658141
v -1.483376 -0.191076 0.654505
v -1.484447 0.191075 0.658035
v -1.467228 0.188311 0.665168
v -1.450342 0.183733 0.672162
v -1.433951 0.177385 0.678951
v -1.418215 0.169329 0.685469
v -1.403284 0.159642 0.691654
v -1.389302 0.148418 0.697446
v -1.376404 0.135765 0.702788
v -1.364713 0.121804 0.707631
v -1.354344 0.106670 0.711926
v -1.345394 0.090508 0.715633
v -1.337952 0.073475 0.718716
v -1.332087 0.055735 0.721145
v -1.327857 0.037457 0.722897
v -1.325303 0.018819 0.723955
v -1.324449 0.000000 0.724309
v -1.325303 -0.018819 0.723955
v -1.327857 -0.037457 0.722897
v -1.332087 -0.055735 0.721145
v -1.337952 -0.073475 0.718716
v -1.345394 -0.090508 0.715633
v -1.354344 -0.106670 0.711926
v -1.364713 -0.121804 0.707631
v -1.376404 -0.135765 0.702788
v -1.389302 -0.148418 0.697446
v -1.403284 -0.159642 0.691654
v -1.418215 -0.169329 0.685469
v -1.433951 -0.177385 0.678951
v -1.450342 -0.183733 0.672162
v -1.467228 -0.188311 0.665168
v -1.484447 -0.191076 0.658035
v -1.486186 0.191075 0.661289
v -1.470689 0.188311 0.671644
v -1.455492 0.183733 0.681798
v -1.440741 0.177385 0.691654
v -1.426579 0.169329 0.701117
v -1.413141 0.159642 0.710096
v -1.400558 0.148418 0.718504
v -1.388950 0.135765 0.726260
v -1.378429 0.121804 0.733290
v -1.369096 0.106670 0.739526
v -1.361042 0.090508 0.744908
v -1.354344 0.073475 0.749383
v -1.349066 0.055735 0.752910
v -1.345259 0.037457 0.755453
v -1.342960 0.018819 0.756989
v -1.342192 0.000000 0.757503
v -1.342960 -0.018819 0.756989
v -1.345259 -0.037457 0.755453
v -1.349066 -0.055735 0.752910
v -1.354344 -0.073475 0.749383
v -1.361042 -0.090508 0.744908
v -1.369096 -0.106670 0.739526
v -1.378429 -0.121804 0.733290
v -1.388950 -0.135765 0.726260
v -1.400558 -0.148418 0.718504
v -1.413141 -0.159642 0.710096
v -1.426579 -0.169329 0.701117
v -1.440741 -0.177385 0.691654
v -1.455492 -0.183733 0.681798
v -1.470689 -0.188311 0.671644
v -1.486186 -0.191076 0.661289
v -1.488527 0.191075 0.664141
v -1.475347 0.188311 0.677320
v -1.462423 0.183733 0.690244
v -1.449879 0.177385 0.702788
v -1.437835 0.169329 0.714832
v -1.426407 0.159642 0.726260
v -1.415706 0.148418 0.736962
v -1.405834 0.135765 0.746833
v -1.396886 0.121804 0.755781
v -1.388950 0.106670 0.763718
v -1.382100 0.090508 0.770567
v -1.376404 0.073475 0.776264
v -1.371915 0.055735 0.780752
v -1.368678 0.037457 0.783989
v -1.366723 0.018819 0.785944
v -1.366069 0.000000 0.786598
v -1.366723 -0.018819 0.785944
v -1.368678 -0.037457 0.783989
v -1.371915 -0.055735 0.780752
v -1.376404 -0.073475 0.776264
v -1.382100 -0.090508 0.770567
v -1.388950 -0.106670 0.763718
v -1.396886 -0.121804 0.755781
v -1.405834 -0.135765 0.746833
v -1.415706 -0.148418 0.736962
v -1.426407 -0.159642 0.726260
v -1.437835 -0.169329 0.714832
v -1.449879 -0.177385 0.702788
v -1.462423 -0.183733 0.690244
v -1.475347 -0.188311 0.677320
v -1.488527 -0.191076 0.664141
v -1.491378 0.191075 0.666481
v -1.481024 0.188311 0.681978
v -1.470869 0.183733 0.697175
v -1.461013 0.177385 0.711926
v -1.451550 0.169329 0.726088
v -1.442571 0.159642 0.739526
v -1.434163 0.148418 0.752109
v -1.426407 0.135765 0.763718
v -1.419377 0.121804 0.774239
v -1.413141 0.106670 0.783571
v -1.407760 0.090508 0.791625
v -1.403284 0.073475 0.798324
v -1.399757 0.055735 0.803602
v -1.397214 0.037457 0.807408
v -1.395678 0.018819 0.809707
v -1.395164 0.000000 0.810476
v -1.395678 -0.018819 0.809707
v -1.397214 -0.037457 0.807408
v -1.399757 -0.055735 0.803602
v -1.403284 -0.073475 0.798324
v -1.407760 -0.090508 0.791625
v -1.413141 -0.106670 0.783571
v -1.419377 -0.121804 0.774239
v -1.426407 -0.135765 0.763718
v -1.434163 -0.148418 0.752109
v -1.442571 -0.159642 0.739526
v -1.451550 -0.169329 0.726088
v -1.461013 -0.177385 0.711926
v -1.470869 -0.183733 0.697175
v -1.481024 -0.188311 0.681978
v -1.491378 -0.191076 0.666481
v -1.494632 0.191075 0.668220
v -1.487499 0.188311 0.685440
v -1.480505 0.183733 0.702326
v -1.473716 0.177385 0.718716
v -1.467198 0.169329 0.734452
v -1.461013 0.159642 0.749383
v -1.455222 0.148418 0.763365
v -1.449879 0.135765 0.776264
v -1.445037 0.121804 0.787954
v -1.440741 0.106670 0.798324
v -1.437034 0.090508 0.807273
v -1.433951 0.073475 0.814716
v -1.431522 0.055735 0.820580
v -1.429770 0.037457 0.824810
v -1.428712 0.018819 0.827364
v -1.428359 0.000000 0.828218
v -1.428712 -0.018819 0.827364
v -1.429770 -0.037457 0.824810
v -1.431522 -0.055735 0.820580
v -1.433951 -0.073475 0.814716
v -1.437034 -0.090508 0.807273
v -1.440741 -0.106670 0.798324
v -1.445037 -0.121804 0.787954
v -1.449879 -0.135765 0.776264
v -1.455222 -0.148418 0.763365
v -1.461013 -0.159642 0.749383
v -1.467198 -0.169329 0.734452
v -1.473716 -0.177385 0.718716
v -1.480505 -0.183733 0.702326
v -1.487499 -0.188311 0.685440
v -1.494632 -0.191076 0.668220
v -1.498162 0.191075 0.669291
v -1.494526 0.188311 0.687571
v -1.490960 0.183733 0.705497
v -1.487499 0.177385 0.722897
v -1.484177 0.169329 0.739603
v -1.481024 0.159642 0.755453
v -1.478071 0.148418 0.770297
v -1.475347 0.135765 0.783989
v -1.472879 0.121804 0.796400
v -1.470689 0.106670 0.807408
v -1.468799 0.090508 0.816909
v -1.467228 0.073475 0.824810
v -1.465989 0.055735 0.831036
v -1.465096 0.037457 0.835526
v -1.464557 0.018819 0.838237
v -1.464376 0.000000 0.839144
v -1.464557 -0.018819 0.838237
v -1.465096 -0.037457 0.835526
v -1.465989 -0.055735 0.831036
v -1.467228 -0.073475 0.824810
v -1.468799 -0.090508 0.816909
v -1.470689 -0.106670 0.807408
v -1.472879 -0.121804 0.796400
v -1.475347 -0.135765 0.783989
v -1.478071 -0.148418 0.770297
v -1.481024 -0.159642 0.755453
v -1.484177 -0.169329 0.739603
v -1.487499 -0.177385 0.722897
v -1.490960 -0.183733 0.705497
v -1.494526 -0.188311 0.687571
v -1.498162 -0.191076 0.669291
v -1.501834 0.191075 0.669653
v -1.501834 0.188311 0.688291
v -1.501834 0.183733 0.706568
v -1.501834 0.177385 0.724309
v -1.501834 0.169329 0.741342
v -1.501834 0.159642 0.757503
v -1.501834 0.148418 0.772637
v -1.501834 0.135765 0.786598
v -1.501834 0.121804 0.799251
v -1.501834 0.106670 0.810476
v -1.501834 0.090508 0.820162
v -1.501834 0.073475 0.828218
v -1.501834 0.055735 0.834566
v -1.501834 0.037457 0.839144
v -1.501834 0.018819 0.841909
v -1.501834 0.000000 0.842833
v -1.501834 -0.018819 0.841909
v -1.501834 -0.037457 0.839144
v -1.501834 -0.055735 0.834566
v -1.501834 -0.073475 0.828218
v -1.501834 -0.090508 0.820162
v -1.501834 -0.106670 0.810476
v -1.501834 -0.121804 0.799251
v -1.501834 -0.135765 0.786598
v -1.501834 -0.148418 0.772637
v -1.501834 -0.159642 0.757503
v -1.501834 -0.169329 0.741342
v -1.501834 -0.177385 0.724309
v -1.501834 -0.183733 0.706568
v -1.501834 -0.188311 0.688291
v -1.501834 -0.191076 0.669653
v -1.501834 -0.192000 0.650833
v -1.501834 0.192000 0.650833
v -1.505505 0.191075 0.669291
v -1.509141 0.188311 0.687571
v -1.512707 0.183733 0.705497
v -1.516168 0.177385 0.722897
v -1.519491 0.169329 0.739603
v -1.522644 0.159642 0.755453
v -1.525596 0.148418 0.770297
v -1.528320 0.135765 0.783989
v -1.530789 0.121804 0.796400
v -1.532979 0.106670 0.807408
v -1.534868 0.090508 0.816909
v -1.536440 0.073475 0.824810
v -1.537678 0.055735 0.831036
v -1.538571 0.037457 0.835526
v -1.539111 0.018819 0.838237
v -1.539291 0.000000 0.839144
v -1.539111 -0.018819 0.838237
v -1.538571 -0.037457 0.835526
v -1.537678 -0.055735 0.831036
v -1.536440 -0.073475 0.824810
v -1.534868 -0.090508 0.816909
v -1.532979 -0.106670 0.807408
v -1.530789 -0.121804 0.796400
v -1.528320 -0.135765 0.783989
v -1.525596 -0.148418 0.770297
v -1.522644 -0.159642 0.755453
v -1.519491 -0.169329 0.739603
v -1.516168 -0.177385 0.722897
v -1.512707 -0.183733 0.705497
v -1.509141 -0.188311 0.687571
v -1.505505 -0.191076 0.669291
v -1.509036 0.191075 0.668220
v -1.516168 0.188311 0.685440
v -1.523162 0.183733 0.702326
v -1.529952 0.177385 0.718716
v -1.536470 0.169329 0.734452
v -1.542655 0.159642 0.749383
v -1.548446 0.148418 0.763365
v -1.553789 0.135765 0.776264
v -1.558631 0.121804 0.787954
v -1.562926 0.106670 0.798324
v -1.566633 0.090508 0.807273
v -1.569716 0.073475 0.814716
v -1.572145 0.055735 0.820580
v -1.573897 0.037457 0.824810
v -1.574955 0.018819 0.827364
v -1.575309 0.000000 0.828218
v -1.574955 -0.018819 0.827364
v -1.573897 -0.037457 0.824810
v -1.572145 -0.055735 0.820580
v -1.569716 -0.073475 0.814716
v -1.566633 -0.090508 0.807273
v -1.562926 -0.106670 0.798324
v -1.558631 -0.121804 0.787954
v -1.553789 -0.135765 0.776264
v -1.548446 -0.148418 0.763365
v -1.542655 -0.159642 0.749383
v -1.536470 -0.169329 0.734452
v -1.529952 -0.177385 0.718716
v -1.523162 -0.183733 0.702326
v -1.516168 -0.188311 0.685440
v -1.509036 -0.191076 0.668220
v -1.512289 0.191075 0.666481
v -1.522644 0.188311 0.681978
v -1.532798 0.183733 0.697175
v -1.542655 0.177385 0.711926
v -1.552117 0.169329 0.726088
v -1.561096 0.159642 0.739526
v -1.569504 0.148418 0.752109
v -1.577260 0.135765 0.763718
v -1.584291 0.121804 0.774239
v -1.590526 0.106670 0.783571
v -1.595908 0.090508 0.791625
v -1.600384 0.073475 0.798324
v -1.603910 0.055735 0.803601
v -1.606454 0.037457 0.807408
v -1.607990 0.018819 0.809707
v -1.608503 0.000000 0.810476
v -1.607990 -0.018819 0.809707
v -1.606454 -0.037457 0.807408
v -1.603910 -0.055735 0.803601
v -1.600384 -0.073475 0.798324
v -1.595908 -0.090508 0.791625
v -1.590526 -0.106670 0.783571
v -1.584291 -0.121804 0.774239
v -1.577260 -0.135765 0.763718
v -1.569504 -0.148418 0.752109
v -1.561096 -0.159642 0.739526
v -1.552117 -0.169329 0.726088
v -1.542655 -0.177385 0.711926
v -1.532798 -0.183733 0.697175
v -1.522644 -0.188311 0.681978
v -1.512289 -0.191076 0.666481
v -1.515141 0.191075 0.664141
v -1.528320 0.188311 0.677320
v -1.541244 0.183733 0.690244
v -1.553789 0.177385 0.702788
v -1.565833 0.169329 0.714832
v -1.577260 0.159642 0.726260
v -1.587962 0.148418 0.736961
v -1.597834 0.135765 0.746833
v -1.606781 0.121804 0.755781
v -1.614718 0.106670 0.763717
v -1.621567 0.090508 0.770567
v -1.627264 0.073475 0.776264
v -1.631752 0.055735 0.780752
v -1.634990 0.037457 0.783989
v -1.636945 0.018819 0.785944
v -1.637598 0.000000 0.786598
v -1.636945 -0.018819 0.785944
v -1.634990 -0.037457 0.783989
v -1.631752 -0.055735 0.780752
v -1.627264 -0.073475 0.776264
v -1.621567 -0.090508 0.770567
v -1.614718 -0.106670 0.763717
v -1.606781 -0.121804 0.755781
v -1.597834 -0.135765 0.746833
v -1.587962 -0.148418 0.736961
v -1.577260 -0.159642 0.726260
v -1.565833 -0.169329 0.714832
v -1.553789 -0.177385 0.702788
v -1.541244 -0.183733 0.690244
v -1.528320 -0.188311 0.677320
v -1.515141 -0.191076 0.664141
v -1.517481 0.191075 0.661289
v -1.532978 0.188311 0.671644
v -1.548175 0.183733 0.681798
v -1.562926 0.177385 0.691654
v -1.577088 0.169329 0.701117
v -1.590526 0.159642 0.710096
v -1.603110 0.148418 0.718504
v -1.614718 0.135765 0.726260
v -1.625239 0.121804 0.733290
v -1.634571 0.106670 0.739526
v -1.642626 0.090508 0.744907
v -1.649324 0.073475 0.749383
v -1.654602 0.055735 0.752910
v -1.658409 0.037457 0.755453
v -1.660707 0.018819 0.756989
v -1.661476 0.000000 0.757503
v -1.660707 -0.018819 0.756989
v -1.658409 -0.037457 0.755453
v -1.654602 -0.055735 0.752910
v -1.649324 -0.073475 0.749383
v -1.642626 -0.090508 0.744907
v -1.634571 -0.106670 0.739526
v -1.625239 -0.121804 0.733290
v -1.614718 -0.135765 0.726260
v -1.603110 -0.148418 0.718504
v -1.590526 -0.159642 0.710096
v -1.577088 -0.169329 0.701117
v -1.562926 -0.177385 0.691654
v -1.548175 -0.183733 0.681798
v -1.532978 -0.188311 0.671644
v -1.517481 -0.191076 0.661289
v -1.519221 0.191075 0.658035
v -1.536440 0.188311 0.665168
v -1.553326 0.183733 0.672162
v -1.569716 0.177385 0.678951
v -1.585452 0.169329 0.685469
v -1.600384 0.159642 0.691654
v -1.614365 0.148418 0.697446
v -1.627264 0.135765 0.702788
v -1.638954 0.121804 0.707631
v -1.649324 0.106670 0.711926
v -1.658273 0.090508 0.715633
v -1.665716 0.073475 0.718716
v -1.671581 0.055735 0.721145
v -1.675810 0.037457 0.722897
v -1.678364 0.018819 0.723955
v -1.679219 0.000000 0.724309
v -1.678364 -0.018819 0.723955
v -1.675810 -0.037457 0.722897
v -1.671581 -0.055735 0.721145
v -1.665716 -0.073475 0.718716
v -1.658273 -0.090508 0.715633
v -1.649324 -0.106670 0.711926
v -1.638954 -0.121804 0.707631
v -1.627264 -0.135765 0.702788
v -1.614365 -0.148418 0.697446
v -1.600384 -0.159642 0.691654
v -1.585452 -0.169329 0.685469
v -1.569716 -0.177385 0.678951
v -1.553326 -0.183733 0.672162
v -1.536440 -0.188311 0.665168
v -1.519221 -0.191076 0.658035
v -1.520291 0.191075 0.654505
v -1.538571 0.188311 0.658141
v -1.556497 0.183733 0.661707
v -1.573897 0.177385 0.665168
v -1.590603 0.169329 0.668491
v -1.606454 0.159642 0.671644
v -1.621297 0.148418 0.674596
v -1.634990 0.135765 0.677320
v -1.647400 0.121804 0.679788
v -1.658409 0.106670 0.681978
v -1.667909 0.090508 0.683868
v -1.675810 0.073475 0.685440
v -1.682036 0.055735 0.686678
v -1.686526 0.037457 0.687571
v -1.689238 0.018819 0.688110
v -1.690145 0.000000 0.688291
v -1.689238 -0.018819 0.688110
v -1.686526 -0.037457 0.687571
v -1.682036 -0.055735 0.686678
v -1.675810 -0.073475 0.685440
v -1.667909 -0.090508 0.683868
v -1.658409 -0.106670 0.681978
v -1.647400 -0.121804 0.679788
v -1.634990 -0.135765 0.677320
v -1.621297 -0.148418 0.674596
v -1.606454 -0.159642 0.671644
v -1.590603 -0.169329 0.668491
v -1.573897 -0.177385 0.665168
v -1.556497 -0.183733 0.661707
v -1.538571 -0.188311 0.658141
v -1.520291 -0.191076 0.654505
v -1.520653 0.191075 0.650833
v -1.539291 0.188311 0.650833
v -1.557568 0.183733 0.650833
v -1.575309 0.177385 0.650833
v -1.592342 0.169329 0.650833
v -1.608503 0.159642 0.650833
v -1.623637 0.148418 0.650833
v -1.637598 0.135765 0.650833
v -1.650252 0.121804 0.650833
v -1.661476 0.106670 0.650833
v -1.671162 0.090508 0.650833
v -1.679219 0.073475 0.650833
v -1.685566 0.055735 0.650833
v -1.690145 0.037457 0.650833
v -1.692909 0.018819 0.650833
v -1.693834 0.000000 0.650833
v -1.692909 -0.018819 0.650833
v -1.690145 -0.037457 0.650833
v -1.685566 -0.055735 0.650833
v -1.679219 -0.073475 0.650833
v -1.671162 -0.090508 0.650833
v -1.661476 -0.106670 0.650833
v -1.650252 -0.121804 0.650833
v -1.637598 -0.135765 0.650833
v -1.623637 -0.148418 0.650833
v -1.608503 -0.159642 0.650833
v -1.592342 -0.169329 0.650833
v -1.575309 -0.177385 0.650833
v -1.557568 -0.183733 0.650833
v -1.539291 -0.188311 0.650833
v -1.520653 -0.191076 0.650833
v -1.520291 0.191075 0.647162
v -1.538571 0.188311 0.643526
v -1.556497 0.183733 0.639960
v -1.573897 0.177385 0.636499
v -1.590603 0.169329 0.633176
v -1.606454 0.159642 0.630023
v -1.621297 0.148418 0.627071
v -1.634990 0.135765 0.624347
v -1.647400 0.121804 0.621879
v -1.658409 0.106670 0.619689
v -1.667909 0.090508 0.617799
v -1.675810 0.073475 0.616227
v -1.682036 0.055735 0.614989
v -1.686526 0.037457 0.614096
v -1.689237 0.018819 0.613557
v -1.690144 0.000000 0.613376
v -1.689237 -0.018819 0.613557
v -1.686526 -0.037457 0.614096
v -1.682036 -0.055735 0.614989
v -1.675810 -0.073475 0.616227
v -1.667909 -0.090508 0.617799
v -1.658409 -0.106670 0.619689
v -1.647400 -0.121804 0.621879
v -1.634990 -0.135765 0.624347
v -1.621297 -0.148418 0.627071
v -1.606454 -0.159642 0.630023
v -1.590603 -0.169329 0.633176
v -1.573897 -0.177385 0.636499
v -1.556497 -0.183733 0.639960
v -1.538571 -0.188311 0.643526
v -1.520291 -0.191076 0.647162
v -1.519221 0.191075 0.643632
v -1.536440 0.188311 0.636499
v -1.553326 0.183733 0.629505
v -1.569716 0.177385 0.622716
v -1.585452 0.169329 0.616198
v -1.600384 0.159642 0.610013
v -1.614365 0.148418 0.604221
v -1.627264 0.135765 0.598879
v -1.638954 0.121804 0.594036
v -1.649324 0.106670 0.589741
v -1.658273 0.090508 0.586034
v -1.665716 0.073475 0.582951
v -1.671580 0.055735 0.580522
v -1.675810 0.037457 0.578770
v -1.678364 0.018819 0.577712
v -1.679218 0.000000 0.577358
v -1.678364 -0.018819 0.577712
v -1.675810 -0.037457 0.578770
v -1.671580 -0.055735 0.580522
v -1.665716 -0.073475 0.582951
v -1.658273 -0.090508 0.586034
v -1.649324 -0.106670 0.589741
v -1.638954 -0.121804 0.594036
v -1.627264 -0.135765 0.598879
v -1.614365 -0.148418 0.604221
v -1.600384 -0.159642 0.610013
v -1.585452 -0.169329 0.616198
v -1.569716 -0.177385 0.622716
v -1.553326 -0.183733 0.629505
v -1.536440 -0.188311 0.636499
v -1.519221 -0.191076 0.643632
v -1.517481 0.191075 0.640378
v -1.532978 0.188311 0.630023
v -1.548175 0.183733 0.619869
v -1.562926 0.177385 0.610013
v -1.577088 0.169329 0.600550
v -1.590526 0.159642 0.591571
v -1.603109 0.148418 0.583163
v -1.614718 0.135765 0.575407
v -1.625239 0.121804 0.568377
v -1.634571 0.106670 0.562141
v -1.642625 0.090508 0.556759
v -1.649324 0.073475 0.552284
v -1.654602 0.055735 0.548757
v -1.658409 0.037457 0.546214
v -1.660707 0.018819 0.544678
v -1.661476 0.000000 0.544164
v -1.660707 -0.018819 0.544678
v -1.658409 -0.037457 0.546214
v -1.654602 -0.055735 0.548757
v -1.649324 -0.073475 0.552284
v -1.642625 -0.090508 0.556759
v -1.634571 -0.106670 0.562141
v -1.625239 -0.121804 0.568377
v -1.614718 -0.135765 0.575407
v -1.603109 -0.148418 0.583163
v -1.590526 -0.159642 0.591571
v -1.577088 -0.169329 0.600550
v -1.562926 -0.177385 0.610013
v -1.548175 -0.183733 0.619869
v -1.532978 -0.188311 0.630023
v -1.517481 -0.191076 0.640378
v -1.515141 0.191075 0.637526
v -1.528320 0.188311 0.624347
v -1.541244 0.183733 0.611423
v -1.553789 0.177385 0.598879
v -1.565833 0.169329 0.586835
v -1.577260 0.159642 0.575407
v -1.587962 0.148418 0.564705
v -1.597834 0.135765 0.554834
v -1.606781 0.121804 0.545886
v -1.614718 0.106670 0.537950
v -1.621567 0.090508 0.531100
v -1.627264 0.073475 0.525403
v -1.631752 0.055735 0.520915
v -1.634989 0.037457 0.517678
v -1.636944 0.018819 0.515723
v -1.637598 0.000000 0.515069
v -1.636944 -0.018819 0.515723
v -1.634989 -0.037457 0.517678
v -1.631752 -0.055735 0.520915
v -1.627264 -0.073475 0.525403
v -1.621567 -0.090508 0.531100
v -1.614718 -0.106670 0.537950
v -1.606781 -0.121804 0.545886
v -1.597834 -0.135765 0.554834
v -1.587962 -0.148418 0.564705
v -1.577260 -0.159642 0.575407
v -1.565833 -0.169329 0.586835
v -1.553789 -0.177385 0.598879
v -1.541244 -0.183733 0.611423
v -1.528320 -0.188311 0.624347
v -1.515141 -0.191076 0.637526
v -1.512289 0.191075 0.635186
v -1.522644 0.188311 0.619689
v -1.532798 0.183733 0.604492
v -1.542655 0.177385 0.589741
v -1.552117 0.169329 0.575579
v -1.561096 0.159642 0.562141
v -1.569504 0.148418 0.549558
v -1.577260 0.135765 0.537949
v -1.584290 0.121804 0.527428
v -1.590526 0.106670 0.518096
v -1.595908 0.090508 0.510042
v -1.600384 0.073475 0.503343
v -1.603910 0.055735 0.498065
v -1.606454 0.037457 0.494259
v -1.607990 0.018819 0.491960
v -1.608503 0.000000 0.491191
v -1.607990 -0.018819 0.491960
v -1.606454 -0.037457 0.494259
v -1.603910 -0.055735 0.498065
v -1.600384 -0.073475 0.503343
v -1.595908 -0.090508 0.510042
v -1.590526 -0.106670 0.518096
v -1.584290 -0.121804 0.527428
v -1.577260 -0.135765 0.537949
v -1.569504 -0.148418 0.549558
v -1.561096 -0.159642 0.562141
v -1.552117 -0.169329 0.575579
v -1.542655 -0.177385 0.589741
v -1.532798 -0.183733 0.604492
v -1.522644 -0.188311 0.619689
v -1.512289 -0.191076 0.635186
v -1.509036 0.191075 0.633447
v -1.516168 0.188311 0.616227
v -1.523162 0.183733 0.599341
v -1.529952 0.177385 0.582951
v -1.536470 0.169329 0.567215
v -1.542654 0.159642 0.552284
v -1.548446 0.148418 0.538302
v -1.553789 0.135765 0.525403
v -1.558631 0.121804 0.513713
v -1.562926 0.106670 0.503343
v -1.566633 0.090508 0.494394
v -1.569716 0.073475 0.486951
v -1.572145 0.055735 0.481087
v -1.573897 0.037457 0.476857
v -1.574955 0.018819 0.474303
v -1.575309 0.000000 0.473449
v -1.574955 -0.018819 0.474303
v -1.573897 -0.037457 0.476857
v -1.572145 -0.055735 0.481087
v -1.569716 -0.073475 0.486951
v -1.566633 -0.090508 0.494394
v -1.562926 -0.106670 0.503343
v -1.558631 -0.121804 0.513713
v -1.553789 -0.135765 0.525403
v -1.548446 -0.148418 0.538302
v -1.542654 -0.159642 0.552284
v -1.536470 -0.169329 0.567215
v -1.529952 -0.177385 0.582951
v -1.523162 -0.183733 0.599341
v -1.516168 -0.188311 0.616227
v -1.509036 -0.191076 0.633447
v -1.505505 0.191075 0.632376
v -1.509141 0.188311 0.614096
v -1.512707 0.183733 0.596170
v -1.516168 0.177385 0.578770
v -1.519491 0.169329 0.562064
v -1.522644 0.159642 0.546214
v -1.525596 0.148418 0.531370
v -1.528320 0.135765 0.517678
v -1.530789 0.121804 0.505267
v -1.532978 0.106670 0.494259
v -1.534868 0.090508 0.484758
v -1.536440 0.073475 0.476857
v -1.537678 0.055735 0.470631
v -1.538571 0.037457 0.466141
v -1.539111 0.018819 0.463430
v -1.539291 0.000000 0.462523
v -1.539111 -0.018819 0.463430
v -1.538571 -0.037457 0.466141
v -1.537678 -0.055735 0.470631
v -1.536440 -0.073475 0.476857
v -1.534868 -0.090508 0.484758
v -1.532978 -0.106670 0.494259
v -1.530789 -0.121804 0.505267
v -1.528320 -0.135765 0.517678
v -1.525596 -0.148418 0.531370
v -1.522644 -0.159642 0.546214
v -1.519491 -0.169329 0.562064
v -1.516168 -0.177385 0.578770
v -1.512707 -0.183733 0.596170
v -1.509141 -0.188311 0.614096
v -1.505505 -0.191076 0.632376
v -1.501834 0.191075 0.632014
v -1.501834 0.188311 0.613376
v -1.501834 0.183733 0.595099
v -1.501834 0.177385 0.577358
v -1.501834 0.169329 0.560325
v -1.501834 0.159642 0.544164
v -1.501834 0.135765 0.515069
v -1.501834 0.106670 0.491191
v -1.501834 0.090508 0.481505
v -1.501834 0.000000 0.458834
v -1.501834 -0.055735 0.467101
v -1.501834 -0.073475 0.473449
v -1.501834 -0.135765 0.515069
v -1.501834 -0.177385 0.577358
v -1.501834 -0.183733 0.595099
v 0.393484 0.485145 0.172150
v 0.453196 0.534716 0.052298
v 0.495436 0.534253 0.026729
v 0.628501 0.482570 0.029889
v 0.569134 0.408456 0.292492
v 0.478354 0.443715 0.290336
v 0.442476 0.470005 0.268893
v 0.418408 0.498450 0.236493
v 0.408759 0.525970 0.196645
v 0.414574 0.549580 0.153669
v 0.435224 0.566723 0.112221
v 0.468471 0.575541 0.076793
v 0.643776 0.523395 0.054385
v 0.652459 0.407540 0.242051
v 0.614194 0.403307 0.272972
v 0.522156 0.422435 0.298500
v 0.510710 0.575077 0.051224
v 0.557366 0.565381 0.038283
v 0.603382 0.547506 0.039375
v 0.674159 0.495640 0.081674
v 0.691251 0.467271 0.118298
v 0.693194 0.441354 0.160283
v 0.679779 0.420697 0.203080
v 0.424038 0.566803 0.221144
v 0.429853 0.590411 0.178167
v 0.450503 0.607552 0.136717
v 0.572643 0.606206 0.062777
v 0.618660 0.588330 0.063869
v 0.689437 0.536465 0.106168
v 0.706528 0.508096 0.142792
v 0.708472 0.482178 0.184777
v 0.695057 0.461522 0.227574
v 0.667737 0.448369 0.266547
v 0.629471 0.444133 0.297467
v 0.584408 0.449281 0.316987
v 0.537430 0.463254 0.322991
v 0.493629 0.484539 0.314830
v 0.457750 0.510829 0.293387
v 0.433682 0.539275 0.260986
v 0.483746 0.616365 0.101287
v 0.525987 0.615903 0.075718
v 0.659052 0.564221 0.078880
v 0.683011 0.489193 0.291043
v 0.644746 0.484958 0.321963
v 0.508903 0.525364 0.339325
v 0.473024 0.551654 0.317882
v 0.439308 0.607618 0.245634
v 0.465774 0.648372 0.161210
v 0.499021 0.657190 0.125782
v 0.587918 0.647035 0.087275
v 0.704714 0.577300 0.130670
v 0.721805 0.548930 0.167293
v 0.723748 0.523012 0.209278
v 0.599684 0.490107 0.341483
v 0.552706 0.504080 0.347487
v 0.448957 0.580099 0.285481
v 0.445124 0.631227 0.202656
v 0.541262 0.656726 0.100213
v 0.633936 0.629161 0.088368
v 0.674327 0.605045 0.103375
v 0.710334 0.502355 0.252074
v 0.698287 0.530020 0.315539
v 0.524178 0.566190 0.363820
v 0.488299 0.592479 0.342377
v 0.464231 0.620924 0.309976
v 0.460398 0.672052 0.227152
v 0.481048 0.689195 0.185704
v 0.514295 0.698013 0.150276
v 0.556535 0.697551 0.124708
v 0.603192 0.687859 0.111769
v 0.689601 0.645871 0.127870
v 0.719989 0.618125 0.155165
v 0.660018 0.525779 0.346455
v 0.614956 0.530929 0.365976
v 0.567979 0.544905 0.371982
v 0.454585 0.648451 0.270133
v 0.649209 0.669986 0.112862
v 0.737077 0.589749 0.191784
v 0.739020 0.563830 0.233768
v 0.725604 0.543172 0.276564
v 0.479510 0.661755 0.334475
v 0.475678 0.712885 0.251652
v 0.496328 0.730028 0.210204
v 0.571814 0.738380 0.149206
v 0.664486 0.710810 0.137358
v 0.735263 0.658943 0.179656
v 0.754297 0.604654 0.258264
v 0.713558 0.570838 0.340029
v 0.675293 0.566605 0.370951
v 0.630231 0.571756 0.390472
v 0.583254 0.585733 0.396479
v 0.539454 0.607020 0.388319
v 0.503576 0.633312 0.366877
v 0.469860 0.689278 0.294629
v 0.529571 0.738845 0.174775
v 0.618466 0.728683 0.136264
v 0.704872 0.686689 0.152361
v 0.752351 0.630571 0.216278
v 0.740878 0.583996 0.301059
v 0.728836 0.611662 0.364524
v 0.554732 0.647844 0.412813
v 0.485138 0.730102 0.319124
v 0.511603 0.770853 0.234698
v 0.587088 0.779203 0.173699
v 0.633744 0.769508 0.160759
v 0.679760 0.751632 0.161850
v 0.720150 0.727513 0.176856
v 0.750537 0.699765 0.204149
v 0.767628 0.671395 0.240772
v 0.769571 0.645478 0.282757
v 0.756156 0.624820 0.325553
v 0.690571 0.607431 0.395446
v 0.645507 0.612579 0.414965
v 0.598529 0.626552 0.420970
v 0.518850 0.674128 0.391366
v 0.494782 0.702574 0.358965
v 0.490950 0.753704 0.276142
v 0.544847 0.779666 0.199267
v 0.744110 0.652492 0.389022
v 0.705845 0.648256 0.419942
v 0.660781 0.653403 0.439461
v 0.613804 0.667377 0.445466
v 0.570002 0.688662 0.437305
v 0.534124 0.714952 0.415862
v 0.510056 0.743398 0.383461
v 0.500408 0.770918 0.343614
v 0.506224 0.794529 0.300638
v 0.784848 0.686311 0.307258
v 0.526874 0.811671 0.259189
v 0.560120 0.820488 0.223761
v 0.602361 0.820025 0.198192
v 0.649018 0.810332 0.185254
v 0.695035 0.792459 0.186347
v 0.735426 0.768343 0.201354
v 0.765814 0.740597 0.228648
v 0.782905 0.712229 0.265272
v 0.771433 0.665654 0.350053
v 0.585279 0.729491 0.461801
v 0.549400 0.755781 0.440358
v 0.515683 0.811744 0.368109
v 0.521499 0.835354 0.325132
v 0.542148 0.852496 0.283684
v 0.575395 0.861313 0.248256
v 0.617635 0.860851 0.222687
v 0.664292 0.851157 0.209748
v 0.710309 0.833284 0.210842
v 0.750700 0.809168 0.225849
v 0.781088 0.781423 0.253143
v 0.800123 0.727137 0.331752
v 0.759386 0.693316 0.413514
v 0.721120 0.689079 0.444434
v 0.676056 0.694227 0.463953
v 0.629079 0.708200 0.469958
v 0.525332 0.784223 0.407954
v 0.798181 0.753056 0.289767
v 0.786707 0.706477 0.374546
v 0.736394 0.729903 0.468931
v 0.644353 0.749024 0.494455
v 0.600551 0.770310 0.486294
v 0.564673 0.796600 0.464851
v 0.540606 0.825047 0.432451
v 0.530958 0.852567 0.392604
v 0.536774 0.876179 0.349629
v 0.557425 0.893323 0.308182
v 0.590672 0.902142 0.272755
v 0.632913 0.901681 0.247187
v 0.774658 0.734139 0.438010
v 0.691332 0.735057 0.488453
v 0.679566 0.891982 0.234244
v 0.725582 0.874106 0.235335
v 0.765972 0.849988 0.250341
v 0.796359 0.822241 0.277634
v 0.813451 0.793871 0.314258
v 0.815394 0.767954 0.356243
v 0.801978 0.747297 0.399039
v 0.751671 0.770731 0.493425
v 0.546237 0.893401 0.417103
v 0.572702 0.934152 0.332677
v 0.605948 0.942967 0.297248
v 0.694843 0.932806 0.258738
v 0.740860 0.914931 0.259829
v 0.781250 0.890812 0.274835
v 0.811637 0.863065 0.302128
v 0.828728 0.834696 0.338752
v 0.830671 0.808778 0.380737
v 0.817256 0.788121 0.423533
v 0.789936 0.774967 0.462506
v 0.706607 0.775879 0.512945
v 0.659629 0.789852 0.518950
v 0.615828 0.811137 0.510788
v 0.579949 0.837427 0.489345
v 0.555882 0.865874 0.456945
v 0.552049 0.917004 0.374122
v 0.648187 0.942504 0.271679
v 0.805210 0.815792 0.487002
v 0.766945 0.811556 0.517922
v 0.721881 0.816703 0.537441
v 0.674903 0.830677 0.543446
v 0.631102 0.851962 0.535284
v 0.595223 0.878252 0.513842
v 0.571156 0.906698 0.481441
v 0.561507 0.934218 0.441594
v 0.567323 0.957829 0.398618
v 0.587974 0.974972 0.357171
v 0.621221 0.983791 0.321743
v 0.663461 0.983329 0.296175
v 0.710118 0.973636 0.283236
v 0.756136 0.955763 0.284330
v 0.796526 0.931646 0.299336
v 0.826914 0.903900 0.326630
v 0.844005 0.875530 0.363254
v 0.845948 0.849611 0.405238
v 0.832532 0.828952 0.448033
v 0.435195 -0.422289 0.250898
v 0.518523 -0.377352 0.273830
v 0.565500 -0.365478 0.264326
v 0.609302 -0.362663 0.241705
v 0.645181 -0.369211 0.208417
v 0.678898 -0.406624 0.125038
v 0.673083 -0.433434 0.083982
v 0.530290 -0.527807 0.015738
v 0.443882 -0.533361 0.060364
v 0.394459 -0.478521 0.182582
v 0.624577 -0.403487 0.266200
v 0.688358 -0.474259 0.108477
v 0.667708 -0.502764 0.073846
v 0.409733 -0.519346 0.207077
v 0.450471 -0.463122 0.275399
v 0.488735 -0.437830 0.293686
v 0.533798 -0.418181 0.298328
v 0.580774 -0.406304 0.288822
v 0.660453 -0.410032 0.232911
v 0.684520 -0.425233 0.192563
v 0.694169 -0.447441 0.149529
v 0.634458 -0.529868 0.049390
v 0.592219 -0.552648 0.037767
v 0.545563 -0.568629 0.040232
v 0.499547 -0.576078 0.056518
v 0.459157 -0.574189 0.084861
v 0.428769 -0.563165 0.122188
v 0.411678 -0.544202 0.164455
v 0.423151 -0.491315 0.245449
v 0.504013 -0.478655 0.318179
v 0.549075 -0.459006 0.322822
v 0.596052 -0.447129 0.313316
v 0.560840 -0.609454 0.064726
v 0.474434 -0.615013 0.109355
v 0.465744 -0.503937 0.299887
v 0.639852 -0.444312 0.290694
v 0.675731 -0.450861 0.257407
v 0.699800 -0.466065 0.217061
v 0.709449 -0.488275 0.174029
v 0.703634 -0.515086 0.132972
v 0.682984 -0.543591 0.098342
v 0.649738 -0.570701 0.073889
v 0.607498 -0.593480 0.062265
v 0.514823 -0.616904 0.081013
v 0.444044 -0.603984 0.146679
v 0.426952 -0.585019 0.188944
v 0.425008 -0.560169 0.231570
v 0.438424 -0.532129 0.269937
v 0.481018 -0.544762 0.324383
v 0.519283 -0.519472 0.342671
v 0.655126 -0.485137 0.315190
v 0.715074 -0.506890 0.241557
v 0.698258 -0.584415 0.122837
v 0.665012 -0.611526 0.098385
v 0.622772 -0.634305 0.086761
v 0.576115 -0.650283 0.089224
v 0.530098 -0.657729 0.105508
v 0.489706 -0.655836 0.133849
v 0.459318 -0.644809 0.171174
v 0.442226 -0.625843 0.213440
v 0.440282 -0.600994 0.256066
v 0.453698 -0.572954 0.294433
v 0.564348 -0.499828 0.347315
v 0.611326 -0.487954 0.337812
v 0.691007 -0.491688 0.281904
v 0.724725 -0.529101 0.198524
v 0.718909 -0.555911 0.157468
v 0.496293 -0.585587 0.348878
v 0.579622 -0.540653 0.371810
v 0.626600 -0.528779 0.362307
v 0.670402 -0.525964 0.339686
v 0.706281 -0.532513 0.306399
v 0.730349 -0.547717 0.266053
v 0.739998 -0.569926 0.223020
v 0.680287 -0.652350 0.122879
v 0.591389 -0.691106 0.113718
v 0.504980 -0.696658 0.158342
v 0.455557 -0.641818 0.280560
v 0.534559 -0.560300 0.367166
v 0.734180 -0.596729 0.181958
v 0.713531 -0.625236 0.147328
v 0.638046 -0.675129 0.111254
v 0.545373 -0.698558 0.130005
v 0.474595 -0.685641 0.195673
v 0.457503 -0.666676 0.237939
v 0.468974 -0.613786 0.318931
v 0.728808 -0.666059 0.171824
v 0.695562 -0.693172 0.147373
v 0.606667 -0.731933 0.138215
v 0.520260 -0.737490 0.182842
v 0.511570 -0.626419 0.373377
v 0.549834 -0.601128 0.391663
v 0.594897 -0.581479 0.396306
v 0.641874 -0.569602 0.386801
v 0.685674 -0.566785 0.364178
v 0.721553 -0.573332 0.330890
v 0.745620 -0.588533 0.290543
v 0.755269 -0.610742 0.247509
v 0.749454 -0.637552 0.206453
v 0.653319 -0.715951 0.135748
v 0.560647 -0.739380 0.154499
v 0.489869 -0.726465 0.220168
v 0.472778 -0.707501 0.262434
v 0.470835 -0.682652 0.305061
v 0.484250 -0.654612 0.343427
v 0.526847 -0.667243 0.397871
v 0.565112 -0.641952 0.416158
v 0.610174 -0.622303 0.420800
v 0.657151 -0.610427 0.411295
v 0.736830 -0.614156 0.355384
v 0.744082 -0.706882 0.196317
v 0.710836 -0.733994 0.171865
v 0.621941 -0.772756 0.162707
v 0.535534 -0.778314 0.207335
v 0.505147 -0.767289 0.244662
v 0.486112 -0.723477 0.329555
v 0.700952 -0.607611 0.388673
v 0.760900 -0.629366 0.315041
v 0.770550 -0.651577 0.272009
v 0.764735 -0.678387 0.230953
v 0.668599 -0.756782 0.160246
v 0.575924 -0.780205 0.178993
v 0.488052 -0.748317 0.286923
v 0.499523 -0.695427 0.367915
v 0.542117 -0.708059 0.422362
v 0.672423 -0.651250 0.435790
v 0.785823 -0.692401 0.296505
v 0.780008 -0.719212 0.255449
v 0.550806 -0.819136 0.231829
v 0.520417 -0.808108 0.269154
v 0.503325 -0.789142 0.311420
v 0.580385 -0.682774 0.440652
v 0.625448 -0.663128 0.445296
v 0.716228 -0.648439 0.413171
v 0.752107 -0.654988 0.379884
v 0.776175 -0.670191 0.339538
v 0.759359 -0.747714 0.220816
v 0.726112 -0.774823 0.196363
v 0.683872 -0.797601 0.184739
v 0.637215 -0.813579 0.187202
v 0.591197 -0.821025 0.203486
v 0.501383 -0.764293 0.354045
v 0.514799 -0.736254 0.392413
v 0.557394 -0.748888 0.446858
v 0.595659 -0.723599 0.465146
v 0.640722 -0.703954 0.469790
v 0.687700 -0.692080 0.460287
v 0.731502 -0.689265 0.437666
v 0.767381 -0.695813 0.404379
v 0.791449 -0.711016 0.364032
v 0.801098 -0.733226 0.320999
v 0.795282 -0.760035 0.279942
v 0.530073 -0.777080 0.416908
v 0.774634 -0.788541 0.245311
v 0.741388 -0.815654 0.220860
v 0.699148 -0.838433 0.209236
v 0.652492 -0.854412 0.211700
v 0.606474 -0.861858 0.227984
v 0.566083 -0.859965 0.256325
v 0.535695 -0.848938 0.293650
v 0.518602 -0.829971 0.335915
v 0.516658 -0.805120 0.378540
v 0.702973 -0.732897 0.484779
v 0.782654 -0.736631 0.428871
v 0.789909 -0.829365 0.269808
v 0.756663 -0.856477 0.245357
v 0.714423 -0.879257 0.233733
v 0.667767 -0.895236 0.236197
v 0.581358 -0.900789 0.280822
v 0.533877 -0.870795 0.360412
v 0.531933 -0.845944 0.403037
v 0.545348 -0.817903 0.441403
v 0.572670 -0.789721 0.471358
v 0.610935 -0.764429 0.489645
v 0.655997 -0.744780 0.494287
v 0.746774 -0.730084 0.462158
v 0.806719 -0.751831 0.388522
v 0.816368 -0.774040 0.345488
v 0.810552 -0.800849 0.304431
v 0.621746 -0.902679 0.252479
v 0.550969 -0.889766 0.318149
v 0.671275 -0.785605 0.518781
v 0.821997 -0.792655 0.413016
v 0.831646 -0.814864 0.369982
v 0.771935 -0.897292 0.269843
v 0.729696 -0.920073 0.258221
v 0.566247 -0.930590 0.342643
v 0.549156 -0.911627 0.384910
v 0.547213 -0.886779 0.427536
v 0.560628 -0.858739 0.465903
v 0.587943 -0.830536 0.495846
v 0.626208 -0.805246 0.514134
v 0.718249 -0.773725 0.509273
v 0.762050 -0.770910 0.486652
v 0.797930 -0.777459 0.453365
v 0.825833 -0.841684 0.328931
v 0.805183 -0.870190 0.294301
v 0.683041 -0.936059 0.260689
v 0.637024 -0.943506 0.276973
v 0.596632 -0.941613 0.305314
v 0.603218 -0.871361 0.520343
v 0.641483 -0.846070 0.538630
v 0.686546 -0.826423 0.543273
v 0.733523 -0.814549 0.533769
v 0.777325 -0.811734 0.511148
v 0.813204 -0.818283 0.477861
v 0.837273 -0.833487 0.437516
v 0.846922 -0.855698 0.394483
v 0.841107 -0.882509 0.353427
v 0.820458 -0.911014 0.318797
v 0.787212 -0.938126 0.294345
v 0.744972 -0.960905 0.282721
v 0.698316 -0.976884 0.285185
v 0.652298 -0.984330 0.301470
v 0.611907 -0.982437 0.329810
v 0.581519 -0.971410 0.367136
v 0.564427 -0.952444 0.409401
v 0.562483 -0.927594 0.452027
v 0.575898 -0.899554 0.490393
v 0.483307 0.106067 -0.674336
v 0.443861 0.018555 -0.690899
v 0.445742 -0.030782 -0.690109
v 0.462292 -0.076782 -0.683160
v 0.491716 -0.114462 -0.670806
v 0.530827 -0.139738 -0.654384
v 0.575386 -0.149872 -0.635675
v 0.661466 -0.122078 -0.599532
v 0.693660 -0.087162 -0.586014
v 0.713656 -0.042801 -0.577619
v 0.709944 0.054525 -0.579177
v 0.686640 0.096944 -0.588962
v 0.609485 0.146807 -0.621358
v 0.502664 0.106067 -0.720438
v 0.476209 0.065880 -0.731546
v 0.463218 0.018555 -0.737000
v 0.465099 -0.030782 -0.736210
v 0.481648 -0.076782 -0.729262
v 0.511073 -0.114462 -0.716907
v 0.550184 -0.139738 -0.700485
v 0.594743 -0.149872 -0.681776
v 0.705996 0.096944 -0.635063
v 0.671255 0.128858 -0.649650
v 0.539717 0.134759 -0.704880
v 0.639920 -0.143764 -0.662805
v 0.680822 -0.122078 -0.645630
v 0.713015 -0.087162 -0.632111
v 0.733010 -0.042801 -0.623714
v 0.738642 0.006198 -0.621350
v 0.729299 0.054525 -0.625273
v 0.628841 0.146807 -0.667458
v 0.583353 0.148848 -0.686559
v 0.522024 0.106067 -0.766542
v 0.484460 -0.030782 -0.782316
v 0.659279 -0.143764 -0.708905
v 0.700180 -0.122078 -0.691730
v 0.752369 -0.042801 -0.669815
v 0.758000 0.006198 -0.667450
v 0.748658 0.054525 -0.671373
v 0.690612 0.128858 -0.695748
v 0.559077 0.134759 -0.750983
v 0.495568 0.065880 -0.777651
v 0.482578 0.018555 -0.783107
v 0.501008 -0.076782 -0.775367
v 0.530432 -0.114462 -0.763011
v 0.569542 -0.139738 -0.746588
v 0.614100 -0.149872 -0.727877
v 0.732372 -0.087162 -0.678212
v 0.725352 0.096944 -0.681160
v 0.648199 0.146807 -0.713558
v 0.602710 0.148848 -0.732660
v 0.678637 -0.143764 -0.755006
v 0.751731 -0.087162 -0.724312
v 0.771726 -0.042801 -0.715916
v 0.777358 0.006198 -0.713551
v 0.744711 0.096944 -0.727260
v 0.709970 0.128858 -0.741849
v 0.667557 0.146807 -0.759659
v 0.541380 0.106067 -0.812639
v 0.514925 0.065880 -0.823747
v 0.501934 0.018555 -0.829201
v 0.503815 -0.030782 -0.828412
v 0.520365 -0.076782 -0.821463
v 0.549789 -0.114462 -0.809108
v 0.588900 -0.139738 -0.792686
v 0.633459 -0.149872 -0.773977
v 0.719540 -0.122078 -0.737834
v 0.768018 0.054525 -0.717479
v 0.622069 0.148848 -0.778760
v 0.578434 0.134759 -0.797081
v 0.560737 0.106067 -0.858740
v 0.534282 0.065880 -0.869848
v 0.521291 0.018555 -0.875303
v 0.523172 -0.030782 -0.874513
v 0.652816 -0.149872 -0.820078
v 0.641426 0.148848 -0.824861
v 0.597790 0.134759 -0.843182
v 0.539724 -0.076782 -0.867569
v 0.569148 -0.114462 -0.855213
v 0.608258 -0.139738 -0.838790
v 0.697994 -0.143764 -0.801107
v 0.738895 -0.122078 -0.783932
v 0.771088 -0.087162 -0.770413
v 0.791083 -0.042801 -0.762017
v 0.796715 0.006198 -0.759652
v 0.787372 0.054525 -0.763575
v 0.764068 0.096944 -0.773361
v 0.729327 0.128858 -0.787950
v 0.686914 0.146807 -0.805760
v 0.580098 0.106067 -0.904844
v 0.553643 0.065880 -0.915953
v 0.717352 -0.143764 -0.847208
v 0.758254 -0.122078 -0.830032
v 0.790446 -0.087162 -0.816514
v 0.810442 -0.042801 -0.808117
v 0.816074 0.006198 -0.805752
v 0.806731 0.054525 -0.809675
v 0.783426 0.096944 -0.819462
v 0.748686 0.128858 -0.834050
v 0.706273 0.146807 -0.851860
v 0.660784 0.148848 -0.870962
v 0.617150 0.134759 -0.889285
v 0.540650 0.018555 -0.921406
v 0.542531 -0.030782 -0.920616
v 0.559081 -0.076782 -0.913667
v 0.588505 -0.114462 -0.901312
v 0.627616 -0.139738 -0.884889
v 0.672174 -0.149872 -0.866179
v 0.572999 0.065880 -0.962052
v 0.607863 -0.114462 -0.947412
v 0.736710 -0.143764 -0.893309
v 0.777612 -0.122078 -0.876135
v 0.809805 -0.087162 -0.862617
v 0.829800 -0.042801 -0.854221
v 0.835432 0.006198 -0.851856
v 0.802785 0.096944 -0.865565
v 0.768043 0.128858 -0.880153
v 0.599454 0.106067 -0.950941
v 0.560007 0.018555 -0.967504
v 0.561888 -0.030782 -0.966714
v 0.578438 -0.076782 -0.959765
v 0.646973 -0.139738 -0.930989
v 0.691532 -0.149872 -0.912279
v 0.826091 0.054525 -0.855781
v 0.725631 0.146807 -0.897962
v 0.680142 0.148848 -0.917062
v 0.636507 0.134759 -0.935383
v 0.618810 0.106067 -0.997042
v 0.579364 0.018555 -1.013605
v 0.581245 -0.030782 -1.012815
v 0.597795 -0.076782 -1.005866
v 0.627219 -0.114462 -0.993512
v 0.710889 -0.149872 -0.958380
v 0.796970 -0.122078 -0.922237
v 0.822143 0.096944 -0.911668
v 0.744988 0.146807 -0.944063
v 0.699499 0.148848 -0.963163
v 0.655863 0.134759 -0.981484
v 0.592357 0.065880 -1.008155
v 0.666331 -0.139738 -0.977092
v 0.756067 -0.143764 -0.939410
v 0.829161 -0.087162 -0.908716
v 0.849157 -0.042801 -0.900319
v 0.854788 0.006198 -0.897954
v 0.845446 0.054525 -0.901877
v 0.787400 0.128858 -0.926252
v 0.598725 0.018555 -1.059711
v 0.617155 -0.076782 -1.051971
v 0.646579 -0.114462 -1.039616
v 0.685690 -0.139738 -1.023192
v 0.775425 -0.143764 -0.985510
v 0.816327 -0.122078 -0.968334
v 0.868515 -0.042801 -0.946419
v 0.864804 0.054525 -0.947978
v 0.841500 0.096944 -0.957764
v 0.806759 0.128858 -0.972352
v 0.764346 0.146807 -0.990162
v 0.638169 0.106066 -1.043149
v 0.611715 0.065879 -1.054258
v 0.600606 -0.030783 -1.058923
v 0.730248 -0.149872 -1.004481
v 0.848518 -0.087161 -0.954814
v 0.874145 0.006199 -0.944053
v 0.718856 0.148848 -1.009265
v 0.675221 0.134759 -1.027589
v 0.657529 0.106066 -1.089249
v 0.631074 0.065879 -1.100358
v 0.619965 -0.030783 -1.105024
v 0.893504 0.006199 -0.990153
v 0.884161 0.054527 -0.994076
v 0.738215 0.148848 -1.055365
v 0.618081 0.018554 -1.105811
v 0.636513 -0.076783 -1.098072
v 0.665937 -0.114463 -1.085716
v 0.705047 -0.139739 -1.069293
v 0.749606 -0.149872 -1.050582
v 0.794783 -0.143764 -1.031611
v 0.835685 -0.122077 -1.014435
v 0.867877 -0.087161 -1.000917
v 0.887873 -0.042800 -0.992521
v 0.860856 0.096945 -1.003865
v 0.826115 0.128858 -1.018454
v 0.783702 0.146808 -1.036264
v 0.694579 0.134759 -1.073689
v 0.650430 0.065879 -1.146457
v 0.637440 0.018554 -1.151912
v 0.639321 -0.030783 -1.151122
v 0.655871 -0.076783 -1.144172
v 0.685295 -0.114463 -1.131816
v 0.724406 -0.139739 -1.115393
v 0.814142 -0.143764 -1.077711
v 0.855043 -0.122077 -1.060536
v 0.676885 0.106066 -1.135352
v 0.768963 -0.149872 -1.096683
v 0.887232 -0.087161 -1.047014
v 0.907227 -0.042800 -1.038617
v 0.912858 0.006199 -1.036251
v 0.903515 0.054527 -1.040175
v 0.880211 0.096945 -1.049962
v 0.845470 0.128858 -1.064552
v 0.803058 0.146808 -1.082364
v 0.757571 0.148848 -1.101467
v 0.713937 0.134758 -1.119792
v 0.696246 0.106066 -1.181452
v 0.669791 0.065879 -1.192562
v 0.656801 0.018554 -1.198018
v 0.658682 -0.030783 -1.197227
v 0.675232 -0.076783 -1.190277
v 0.704656 -0.114463 -1.177920
v 0.743765 -0.139739 -1.161495
v 0.788323 -0.149872 -1.142783
v 0.833500 -0.143764 -1.123810
v 0.874400 -0.122077 -1.106633
v 0.906592 -0.087161 -1.093113
v 0.926587 -0.042800 -1.084716
v 0.932219 0.006199 -1.082351
v 0.922876 0.054527 -1.086275
v 0.899571 0.096945 -1.096062
v 0.864831 0.128858 -1.110652
v 0.822419 0.146808 -1.128464
v 0.776931 0.148848 -1.147567
v 0.733297 0.134758 -1.165892
v -1.382092 -0.106066 0.186757
v -1.407599 -0.065880 0.173618
v -1.420125 -0.018554 0.167166
v -1.418311 0.030782 0.168101
v -1.402354 0.076782 0.176320
v -1.373984 0.114462 0.190934
v -1.336274 0.139738 0.210358
v -1.293311 0.149872 0.232488
v -1.154565 -0.006198 0.303956
v -1.304294 -0.148848 0.226831
v -1.346366 -0.134759 0.205160
v -1.430495 -0.065880 0.218068
v -1.441207 0.030782 0.212550
v -1.425250 0.076782 0.220770
v -1.316207 0.149872 0.276938
v -1.186469 -0.054526 0.343766
v -1.208939 -0.096944 0.332191
v -1.327190 -0.148848 0.271281
v -1.404988 -0.106066 0.231207
v -1.443021 -0.018554 0.211616
v -1.396880 0.114462 0.235383
v -1.359170 0.139738 0.254807
v -1.272648 0.143764 0.299375
v -1.233211 0.122078 0.319689
v -1.202171 0.087162 0.335678
v -1.182891 0.042801 0.345609
v -1.177461 -0.006198 0.348406
v -1.242437 -0.128858 0.314937
v -1.283331 -0.146807 0.293872
v -1.369262 -0.134759 0.249609
v -1.427884 -0.106066 0.275656
v -1.453392 -0.065880 0.262517
v -1.465917 -0.018554 0.256065
v -1.464103 0.030782 0.257000
v -1.448147 0.076782 0.265219
v -1.382066 0.139738 0.299257
v -1.339104 0.149872 0.321387
v -1.306227 -0.146807 0.338322
v -1.350086 -0.148848 0.315730
v -1.392159 -0.134759 0.294059
v -1.419775 0.114462 0.279831
v -1.295544 0.143764 0.343826
v -1.256108 0.122078 0.364141
v -1.225068 0.087162 0.380130
v -1.205789 0.042801 0.390061
v -1.200359 -0.006198 0.392858
v -1.209367 -0.054526 0.388218
v -1.231837 -0.096944 0.376643
v -1.265333 -0.128858 0.359388
v -1.318441 0.143764 0.388275
v -1.279005 0.122078 0.408590
v -1.247965 0.087162 0.424579
v -1.228686 0.042801 0.434510
v -1.223256 -0.006198 0.437308
v -1.232264 -0.054526 0.432667
v -1.254734 -0.096944 0.421092
v -1.288231 -0.128858 0.403837
v -1.329124 -0.146807 0.382772
v -1.450781 -0.106066 0.320105
v -1.476289 -0.065880 0.306966
v -1.488815 -0.018554 0.300515
v -1.487001 0.030782 0.301449
v -1.471044 0.076782 0.309668
v -1.442674 0.114462 0.324282
v -1.404964 0.139738 0.343706
v -1.362001 0.149872 0.365836
v -1.372984 -0.148848 0.360179
v -1.415056 -0.134759 0.338508
v -1.473677 -0.106066 0.364555
v -1.301900 0.122078 0.453037
v -1.270860 0.087162 0.469026
v -1.246151 -0.006198 0.481754
v -1.352020 -0.146807 0.427221
v -1.499186 -0.065880 0.351416
v -1.511711 -0.018554 0.344964
v -1.509897 0.030782 0.345898
v -1.493940 0.076782 0.354118
v -1.465570 0.114462 0.368731
v -1.427860 0.139738 0.388156
v -1.384897 0.149872 0.410286
v -1.341337 0.143764 0.432723
v -1.251581 0.042801 0.478957
v -1.255159 -0.054526 0.477114
v -1.277629 -0.096944 0.465539
v -1.311126 -0.128858 0.448285
v -1.395880 -0.148848 0.404629
v -1.437952 -0.134759 0.382957
v -1.534607 -0.018554 0.389414
v -1.532793 0.030782 0.390348
v -1.450756 0.139738 0.432605
v -1.407793 0.149872 0.454735
v -1.418776 -0.148848 0.449078
v -1.496574 -0.106066 0.409004
v -1.522082 -0.065880 0.395865
v -1.516837 0.076782 0.398567
v -1.488467 0.114462 0.413181
v -1.364234 0.143764 0.477173
v -1.324797 0.122078 0.497487
v -1.293757 0.087162 0.513475
v -1.274477 0.042801 0.523406
v -1.269048 -0.006198 0.526203
v -1.278056 -0.054526 0.521563
v -1.300526 -0.096944 0.509989
v -1.334023 -0.128858 0.492734
v -1.374917 -0.146807 0.471670
v -1.460849 -0.134759 0.427407
v -1.539733 0.076782 0.443017
v -1.430690 0.149872 0.499185
v -1.387130 0.143764 0.521622
v -1.323422 -0.096944 0.554438
v -1.397813 -0.146807 0.516120
v -1.519471 -0.106066 0.453454
v -1.544979 -0.065880 0.440315
v -1.557505 -0.018554 0.433863
v -1.555691 0.030782 0.434797
v -1.511363 0.114462 0.457630
v -1.473653 0.139738 0.477054
v -1.347694 0.122078 0.541936
v -1.316654 0.087162 0.557925
v -1.297374 0.042801 0.567856
v -1.291944 -0.006198 0.570653
v -1.300953 -0.054526 0.566012
v -1.356920 -0.128858 0.537184
v -1.441673 -0.148848 0.493527
v -1.483745 -0.134759 0.471856
v -1.567875 -0.065880 0.484764
v -1.534259 0.114462 0.502080
v -1.496549 0.139738 0.521504
v -1.453587 0.149872 0.543634
v -1.464569 -0.148848 0.537977
v -1.542364 -0.106066 0.497899
v -1.580397 -0.018554 0.478306
v -1.578583 0.030782 0.479241
v -1.562626 0.076782 0.487461
v -1.410027 0.143764 0.566074
v -1.370591 0.122078 0.586390
v -1.339552 0.087162 0.602380
v -1.320273 0.042801 0.612312
v -1.314843 -0.006198 0.615109
v -1.323851 -0.054526 0.610468
v -1.346321 -0.096944 0.598893
v -1.379817 -0.128858 0.581637
v -1.420710 -0.146807 0.560571
v -1.506640 -0.134759 0.516303
v -1.565262 -0.106066 0.542348
v -1.343171 0.042801 0.656760
v -1.337741 -0.006198 0.659557
v -1.402715 -0.128858 0.626086
v -1.590772 -0.065880 0.529213
v -1.603298 -0.018554 0.522761
v -1.601484 0.030782 0.523696
v -1.585527 0.076782 0.531915
v -1.557156 0.114462 0.546529
v -1.519446 0.139738 0.565953
v -1.476484 0.149872 0.588083
v -1.432924 0.143764 0.610521
v -1.393487 0.122078 0.630835
v -1.362447 0.087162 0.646823
v -1.346746 -0.054526 0.654911
v -1.369216 -0.096944 0.643337
v -1.443607 -0.146807 0.605018
v -1.487466 -0.148848 0.582426
v -1.529539 -0.134759 0.560755
v -1.608423 0.076782 0.576365
v -1.455820 0.143764 0.654970
v -1.416383 0.122078 0.675284
v -1.385343 0.087162 0.691273
v -1.369642 -0.054526 0.699361
v -1.425609 -0.128858 0.670532
v -1.510362 -0.148848 0.626876
v -1.588161 -0.106066 0.586802
v -1.613668 -0.065880 0.573663
v -1.626194 -0.018554 0.567211
v -1.624380 0.030782 0.568145
v -1.580053 0.114462 0.590978
v -1.542343 0.139738 0.610402
v -1.499380 0.149872 0.632532
v -1.366064 0.042801 0.701204
v -1.360634 -0.006198 0.704001
v -1.392112 -0.096944 0.687786
v -1.466503 -0.146807 0.649467
v -1.552435 -0.134759 0.605204
v -1.611057 -0.106066 0.631251
v -1.636564 -0.065880 0.618112
v -1.649090 -0.018554 0.611660
v -1.647276 0.030782 0.612595
v -1.631319 0.076782 0.620814
v -1.602949 0.114462 0.635428
v -1.565239 0.139738 0.654852
v -1.522276 0.149872 0.676982
v -1.478716 0.143764 0.699420
v -1.439279 0.122078 0.719734
v -1.408239 0.087162 0.735722
v -1.388960 0.042801 0.745653
v -1.383530 -0.006198 0.748450
v -1.392538 -0.054526 0.743810
v -1.415008 -0.096944 0.732236
v -1.448505 -0.128858 0.714982
v -1.489399 -0.146807 0.693917
v -1.533259 -0.148848 0.671325
v -1.575331 -0.134759 0.649654
vn -0.0000 -0.4701 -0.8826
vn -0.0000 -0.3816 -0.9243
vn 0.1803 -0.3816 -0.9066
vn 0.1722 -0.4701 -0.8656
vn -0.0000 0.7056 -0.7086
vn -0.0000 0.7715 -0.6362
vn 0.1241 0.7715 -0.6240
vn 0.1382 0.7056 -0.6950
vn -0.0000 -0.5542 -0.8324
vn 0.1624 -0.5542 -0.8164
vn -0.0000 0.6329 -0.7742
vn 0.1510 0.6329 -0.7594
vn -0.0000 -0.6329 -0.7742
vn 0.1510 -0.6329 -0.7594
vn -0.0000 0.5542 -0.8324
vn 0.1624 0.5542 -0.8164
vn -0.0000 -0.7056 -0.7086
vn 0.1382 -0.7056 -0.6950
vn -0.0000 0.4701 -0.8826
vn 0.1722 0.4701 -0.8656
vn -0.0000 -0.7715 -0.6362
vn 0.1241 -0.7715 -0.6240
vn -0.0000 0.3816 -0.9243
vn 0.1803 0.3816 -0.9066
vn -0.0000 -0.8301 -0.5577
vn 0.1088 -0.8301 -0.5470
vn -0.0000 0.2894 -0.9572
vn 0.1867 0.2894 -0.9388
vn -0.0000 -0.8806 -0.4738
vn 0.0924 -0.8806 -0.4647
vn -0.0000 0.1945 -0.9809
vn 0.1914 0.1945 -0.9621
vn -0.0000 0.9949 -0.1011
vn -0.0000 1.0000 -0.0000
vn 0.0197 0.9949 -0.0991
vn -0.0000 -0.9228 -0.3853
vn 0.0752 -0.9228 -0.3779
vn -0.0000 0.0977 -0.9952
vn 0.1942 0.0977 -0.9761
vn -0.0000 0.9802 -0.1980
vn 0.0386 0.9802 -0.1942
vn -0.0000 -0.9561 -0.2931
vn 0.0572 -0.9561 -0.2875
vn -0.0000 -0.0000 -1.0000
vn 0.1951 -0.0000 -0.9808
vn -0.0000 0.9561 -0.2931
vn 0.0572 0.9561 -0.2875
vn -0.0000 -0.9802 -0.1980
vn 0.0386 -0.9802 -0.1942
vn -0.0000 -0.0977 -0.9952
vn 0.1942 -0.0977 -0.9761
vn -0.0000 0.9228 -0.3853
vn 0.0752 0.9228 -0.3779
vn -0.0000 -0.9949 -0.1011
vn 0.0197 -0.9949 -0.0991
vn -0.0000 -0.1945 -0.9809
vn 0.1914 -0.1945 -0.9621
vn -0.0000 0.8806 -0.4738
vn 0.0924 0.8806 -0.4647
vn -0.0000 -1.0000 -0.0000
vn -0.0000 -0.2894 -0.9572
vn 0.1867 -0.2894 -0.9388
vn -0.0000 0.8301 -0.5577
vn 0.1088 0.8301 -0.5470
vn 0.0387 0.9949 -0.0934
vn 0.0758 0.9802 -0.1830
vn 0.1474 -0.9228 -0.3560
vn 0.1122 -0.9561 -0.2708
vn 0.3809 0.0977 -0.9195
vn 0.3827 -0.0000 -0.9239
vn 0.1122 0.9561 -0.2708
vn 0.0758 -0.9802 -0.1830
vn 0.3809 -0.0977 -0.9195
vn 0.1474 0.9228 -0.3560
vn 0.0387 -0.9949 -0.0934
vn 0.3754 -0.1945 -0.9062
vn 0.1813 0.8806 -0.4377
vn 0.3663 -0.2894 -0.8843
vn 0.2134 0.8301 -0.5152
vn 0.3537 -0.3816 -0.8540
vn 0.2435 0.7715 -0.5878
vn 0.3378 -0.4701 -0.8154
vn 0.2712 0.7056 -0.6547
vn 0.3185 -0.5542 -0.7691
vn 0.2963 0.6329 -0.7153
vn 0.2963 -0.6329 -0.7153
vn 0.3185 0.5542 -0.7691
vn 0.2712 -0.7056 -0.6547
vn 0.3378 0.4701 -0.8154
vn 0.2435 -0.7715 -0.5878
vn 0.3537 0.3816 -0.8540
vn 0.2134 -0.8301 -0.5152
vn 0.3663 0.2894 -0.8843
vn 0.1813 -0.8806 -0.4377
vn 0.3754 0.1945 -0.9062
vn 0.1628 0.9561 -0.2437
vn 0.2141 0.9228 -0.3204
vn 0.1100 -0.9802 -0.1647
vn 0.0561 -0.9949 -0.0840
vn 0.5529 -0.0977 -0.8275
vn 0.5450 -0.1945 -0.8156
vn 0.2632 0.8806 -0.3939
vn 0.5318 -0.2894 -0.7959
vn 0.3098 0.8301 -0.4637
vn 0.5135 -0.3816 -0.7685
vn 0.3535 0.7715 -0.5290
vn 0.4903 -0.4701 -0.7339
vn 0.3937 0.7056 -0.5892
vn 0.4625 -0.5542 -0.6921
vn 0.4301 0.6329 -0.6438
vn 0.4301 -0.6329 -0.6438
vn 0.4625 0.5542 -0.6921
vn 0.3937 -0.7056 -0.5892
vn 0.4903 0.4701 -0.7339
vn 0.3535 -0.7715 -0.5290
vn 0.5135 0.3816 -0.7685
vn 0.3098 -0.8301 -0.4637
vn 0.5318 0.2894 -0.7959
vn 0.2632 -0.8806 -0.3939
vn 0.5450 0.1945 -0.8156
vn 0.0561 0.9949 -0.0840
vn 0.2141 -0.9228 -0.3204
vn 0.5529 0.0977 -0.8275
vn 0.1100 0.9802 -0.1647
vn 0.1628 -0.9561 -0.2437
vn 0.5556 -0.0000 -0.8315
vn 0.3350 0.8806 -0.3350
vn 0.3943 0.8301 -0.3943
vn 0.6768 -0.2894 -0.6768
vn 0.6536 -0.3816 -0.6536
vn 0.4499 0.7715 -0.4499
vn 0.6241 -0.4701 -0.6241
vn 0.5011 0.7056 -0.5011
vn 0.5886 -0.5542 -0.5886
vn 0.5475 0.6329 -0.5475
vn 0.5475 -0.6329 -0.5475
vn 0.5886 0.5542 -0.5886
vn 0.5011 -0.7056 -0.5011
vn 0.6241 0.4701 -0.6241
vn 0.4499 -0.7715 -0.4499
vn 0.6536 0.3816 -0.6536
vn 0.3943 -0.8301 -0.3943
vn 0.6768 0.2894 -0.6768
vn 0.3350 -0.8806 -0.3350
vn 0.6936 0.1945 -0.6936
vn 0.0715 0.9949 -0.0715
vn 0.2724 -0.9228 -0.2724
vn 0.7037 0.0977 -0.7037
vn 0.1400 0.9802 -0.1400
vn 0.2072 -0.9561 -0.2072
vn 0.7071 -0.0000 -0.7071
vn 0.2072 0.9561 -0.2072
vn 0.1400 -0.9802 -0.1400
vn 0.7037 -0.0977 -0.7037
vn 0.2724 0.9228 -0.2724
vn 0.0715 -0.9949 -0.0715
vn 0.6936 -0.1945 -0.6936
vn 0.5290 0.7715 -0.3535
vn 0.5892 0.7056 -0.3937
vn 0.7339 -0.4701 -0.4903
vn 0.6921 -0.5542 -0.4625
vn 0.6438 0.6329 -0.4301
vn 0.6438 -0.6329 -0.4301
vn 0.6921 0.5542 -0.4625
vn 0.5892 -0.7056 -0.3937
vn 0.7339 0.4701 -0.4903
vn 0.5290 -0.7715 -0.3535
vn 0.7685 0.3816 -0.5135
vn 0.4637 -0.8301 -0.3098
vn 0.7959 0.2894 -0.5318
vn 0.3939 -0.8806 -0.2632
vn 0.8156 0.1945 -0.5450
vn 0.0840 0.9949 -0.0561
vn 0.3204 -0.9228 -0.2141
vn 0.8275 0.0977 -0.5529
vn 0.1647 0.9802 -0.1100
vn 0.2437 -0.9561 -0.1628
vn 0.8315 -0.0000 -0.5556
vn 0.2437 0.9561 -0.1628
vn 0.1647 -0.9802 -0.1100
vn 0.8275 -0.0977 -0.5529
vn 0.3204 0.9228 -0.2141
vn 0.0840 -0.9949 -0.0561
vn 0.8156 -0.1945 -0.5450
vn 0.3939 0.8806 -0.2632
vn 0.7959 -0.2894 -0.5318
vn 0.4637 0.8301 -0.3098
vn 0.7685 -0.3816 -0.5135
vn 0.7153 0.6329 -0.2963
vn 0.7690 0.5542 -0.3185
vn 0.7153 -0.6329 -0.2963
vn 0.6547 -0.7056 -0.2712
vn 0.8154 0.4701 -0.3378
vn 0.5878 -0.7715 -0.2435
vn 0.8540 0.3816 -0.3537
vn 0.5152 -0.8301 -0.2134
vn 0.8843 0.2894 -0.3663
vn 0.4377 -0.8806 -0.1813
vn 0.9062 0.1945 -0.3754
vn 0.0934 0.9949 -0.0387
vn 0.3560 -0.9228 -0.1474
vn 0.9195 0.0977 -0.3809
vn 0.1830 0.9802 -0.0758
vn 0.2708 -0.9561 -0.1122
vn 0.9239 -0.0000 -0.3827
vn 0.2708 0.9561 -0.1122
vn 0.1830 -0.9802 -0.0758
vn 0.9195 -0.0977 -0.3809
vn 0.3560 0.9228 -0.1474
vn 0.0934 -0.9949 -0.0387
vn 0.9062 -0.1945 -0.3754
vn 0.4377 0.8806 -0.1813
vn 0.8843 -0.2894 -0.3663
vn 0.5152 0.8301 -0.2134
vn 0.8540 -0.3816 -0.3537
vn 0.5878 0.7715 -0.2435
vn 0.8154 -0.4701 -0.3378
vn 0.6547 0.7056 -0.2712
vn 0.7690 -0.5542 -0.3185
vn 0.8656 0.4701 -0.1722
vn 0.9066 0.3816 -0.1803
vn 0.6240 -0.7715 -0.1241
vn 0.5470 -0.8301 -0.1088
vn 0.9388 0.2894 -0.1867
vn 0.4647 -0.8806 -0.0924
vn 0.9621 0.1945 -0.1914
vn 0.0991 0.9949 -0.0197
vn 0.3779 -0.9228 -0.0752
vn 0.9761 0.0977 -0.1942
vn 0.1942 0.9802 -0.0386
vn 0.2875 -0.9561 -0.0572
vn 0.9808 -0.0000 -0.1951
vn 0.2875 0.9561 -0.0572
vn 0.1942 -0.9802 -0.0386
vn 0.9761 -0.0977 -0.1942
vn 0.3779 0.9228 -0.0752
vn 0.0991 -0.9949 -0.0197
vn 0.9621 -0.1945 -0.1914
vn 0.4647 0.8806 -0.0924
vn 0.9388 -0.2894 -0.1867
vn 0.5470 0.8301 -0.1088
vn 0.9066 -0.3816 -0.1803
vn 0.6240 0.7715 -0.1241
vn 0.8656 -0.4701 -0.1722
vn 0.6950 0.7056 -0.1382
vn 0.8164 -0.5542 -0.1624
vn 0.7594 0.6329 -0.1510
vn 0.7594 -0.6329 -0.1510
vn 0.8164 0.5542 -0.1624
vn 0.6950 -0.7056 -0.1382
vn 0.9572 0.2894 -0.0000
vn 0.9809 0.1945 -0.0000
vn 0.1011 0.9949 -0.0000
vn 0.4738 -0.8806 -0.0000
vn 0.3853 -0.9228 -0.0000
vn 0.9952 0.0977 -0.0000
vn 0.1980 0.9802 -0.0000
vn 0.2931 -0.9561 -0.0000
vn 1.0000 -0.0000 -0.0000
vn 0.2931 0.9561 -0.0000
vn 0.1980 -0.9802 -0.0000
vn 0.9952 -0.0977 -0.0000
vn 0.3853 0.9228 -0.0000
vn 0.1011 -0.9949 -0.0000
vn 0.9809 -0.1945 -0.0000
vn 0.4738 0.8806 -0.0000
vn 0.9572 -0.2894 -0.0000
vn 0.5577 0.8301 -0.0000
vn 0.9243 -0.3816 -0.0000
vn 0.6362 0.7715 -0.0000
vn 0.8826 -0.4701 -0.0000
vn 0.7086 0.7056 -0.0000
vn 0.8324 -0.5542 -0.0000
vn 0.7742 0.6329 -0.0000
vn 0.7742 -0.6329 -0.0000
vn 0.8324 0.5542 -0.0000
vn 0.7086 -0.7056 -0.0000
vn 0.8826 0.4701 -0.0000
vn 0.6362 -0.7715 -0.0000
vn 0.9243 0.3816 -0.0000
vn 0.5577 -0.8301 -0.0000
vn 0.9761 0.0977 0.1942
vn 0.9808 -0.0000 0.1951
vn 0.1942 0.9802 0.0386
vn 0.2875 0.9561 0.0572
vn 0.2875 -0.9561 0.0572
vn 0.1942 -0.9802 0.0386
vn 0.9761 -0.0977 0.1942
vn 0.3779 0.9228 0.0752
vn 0.0991 -0.9949 0.0197
vn 0.9621 -0.1945 0.1914
vn 0.4647 0.8806 0.0924
vn 0.9388 -0.2894 0.1867
vn 0.5470 0.8301 0.1088
vn 0.9066 -0.3816 0.1803
vn 0.6240 0.7715 0.1241
vn 0.8656 -0.4701 0.1722
vn 0.6950 0.7056 0.1382
vn 0.8164 -0.5542 0.1624
vn 0.7594 0.6329 0.1510
vn 0.7594 -0.6329 0.1510
vn 0.8164 0.5542 0.1624
vn 0.6950 -0.7056 0.1382
vn 0.8656 0.4701 0.1722
vn 0.6240 -0.7715 0.1241
vn 0.9066 0.3816 0.1803
vn 0.5470 -0.8301 0.1088
vn 0.9388 0.2894 0.1867
vn 0.4647 -0.8806 0.0924
vn 0.9621 0.1945 0.1914
vn 0.0991 0.9949 0.0197
vn 0.3779 -0.9228 0.0752
vn 0.9195 -0.0977 0.3809
vn 0.9062 -0.1945 0.3754
vn 0.3560 0.9228 0.1474
vn 0.4377 0.8806 0.1813
vn 0.0934 -0.9949 0.0387
vn 0.8843 -0.2894 0.3663
vn 0.5152 0.8301 0.2134
vn 0.8540 -0.3816 0.3537
vn 0.5878 0.7715 0.2435
vn 0.8154 -0.4701 0.3378
vn 0.6547 0.7056 0.2712
vn 0.7690 -0.5542 0.3185
vn 0.7153 0.6329 0.2963
vn 0.7153 -0.6329 0.2963
vn 0.7690 0.5542 0.3185
vn 0.6547 -0.7056 0.2712
vn 0.8154 0.4701 0.3378
vn 0.5878 -0.7715 0.2435
vn 0.8540 0.3816 0.3537
vn 0.5152 -0.8301 0.2134
vn 0.8843 0.2894 0.3663
vn 0.4377 -0.8806 0.1813
vn 0.9062 0.1945 0.3754
vn 0.0934 0.9949 0.0387
vn 0.3560 -0.9228 0.1474
vn 0.9195 0.0977 0.3809
vn 0.1830 0.9802 0.0758
vn 0.2708 -0.9561 0.1122
vn 0.9239 -0.0000 0.3827
vn 0.2708 0.9561 0.1122
vn 0.1830 -0.9802 0.0758
vn 0.7959 -0.2894 0.5318
vn 0.7685 -0.3816 0.5135
vn 0.4637 0.8301 0.3098
vn 0.5290 0.7715 0.3535
vn 0.7339 -0.4701 0.4903
vn 0.5892 0.7056 0.3937
vn 0.6921 -0.5542 0.4625
vn 0.6438 0.6329 0.4301
vn 0.6438 -0.6329 0.4301
vn 0.6921 0.5542 0.4625
vn 0.5892 -0.7056 0.3937
vn 0.7339 0.4701 0.4903
vn 0.5290 -0.7715 0.3535
vn 0.7685 0.3816 0.5135
vn 0.4637 -0.8301 0.3098
vn 0.7959 0.2894 0.5318
vn 0.3939 -0.8806 0.2632
vn 0.8156 0.1945 0.5450
vn 0.0840 0.9949 0.0561
vn 0.3204 -0.9228 0.2141
vn 0.8275 0.0977 0.5529
vn 0.1647 0.9802 0.1100
vn 0.2437 -0.9561 0.1628
vn 0.8315 -0.0000 0.5556
vn 0.2437 0.9561 0.1628
vn 0.1647 -0.9802 0.1100
vn 0.8275 -0.0977 0.5529
vn 0.3204 0.9228 0.2141
vn 0.0840 -0.9949 0.0561
vn 0.8156 -0.1945 0.5450
vn 0.3939 0.8806 0.2632
vn 0.6241 -0.4701 0.6241
vn 0.5886 -0.5542 0.5886
vn 0.5011 0.7056 0.5011
vn 0.5475 0.6329 0.5475
vn 0.5475 -0.6329 0.5475
vn 0.5886 0.5542 0.5886
vn 0.5011 -0.7056 0.5011
vn 0.6241 0.4701 0.6241
vn 0.4499 -0.7715 0.4499
vn 0.6536 0.3816 0.6536
vn 0.3943 -0.8301 0.3943
vn 0.6768 0.2894 0.6768
vn 0.3350 -0.8806 0.3350
vn 0.6936 0.1945 0.6936
vn 0.0715 0.9949 0.0715
vn 0.2724 -0.9228 0.2724
vn 0.7037 0.0977 0.7037
vn 0.1400 0.9802 0.1400
vn 0.2072 -0.9561 0.2072
vn 0.7071 -0.0000 0.7071
vn 0.2072 0.9561 0.2072
vn 0.1400 -0.9802 0.1400
vn 0.7037 -0.0977 0.7037
vn 0.2724 0.9228 0.2724
vn 0.0715 -0.9949 0.0715
vn 0.6936 -0.1945 0.6936
vn 0.3350 0.8806 0.3350
vn 0.6768 -0.2894 0.6768
vn 0.3943 0.8301 0.3943
vn 0.6536 -0.3816 0.6536
vn 0.4499 0.7715 0.4499
vn 0.4301 -0.6329 0.6438
vn 0.3937 -0.7056 0.5892
vn 0.4625 0.5542 0.6921
vn 0.4903 0.4701 0.7339
vn 0.3535 -0.7715 0.5290
vn 0.5135 0.3816 0.7685
vn 0.3098 -0.8301 0.4637
vn 0.5318 0.2894 0.7959
vn 0.2632 -0.8806 0.3939
vn 0.5450 0.1945 0.8156
vn 0.0561 0.9949 0.0840
vn 0.2141 -0.9228 0.3204
vn 0.5529 0.0977 0.8275
vn 0.1100 0.9802 0.1647
vn 0.1628 -0.9561 0.2437
vn 0.5556 -0.0000 0.8315
vn 0.1628 0.9561 0.2437
vn 0.1100 -0.9802 0.1647
vn 0.5529 -0.0977 0.8275
vn 0.2141 0.9228 0.3204
vn 0.0561 -0.9949 0.0840
vn 0.5450 -0.1945 0.8156
vn 0.2632 0.8806 0.3939
vn 0.5318 -0.2894 0.7959
vn 0.3098 0.8301 0.4637
vn 0.5135 -0.3816 0.7685
vn 0.3535 0.7715 0.5290
vn 0.4903 -0.4701 0.7339
vn 0.3937 0.7056 0.5892
vn 0.4625 -0.5542 0.6921
vn 0.4301 0.6329 0.6438
vn 0.2435 -0.7715 0.5878
vn 0.2134 -0.8301 0.5152
vn 0.3537 0.3816 0.8540
vn 0.3663 0.2894 0.8843
vn 0.1813 -0.8806 0.4377
vn 0.3754 0.1945 0.9062
vn 0.0387 0.9949 0.0934
vn 0.1474 -0.9228 0.3560
vn 0.3809 0.0977 0.9195
vn 0.0758 0.9802 0.1830
vn 0.1122 -0.9561 0.2708
vn 0.3827 -0.0000 0.9239
vn 0.1122 0.9561 0.2708
vn 0.0758 -0.9802 0.1830
vn 0.3809 -0.0977 0.9195
vn 0.1474 0.9228 0.3560
vn 0.0387 -0.9949 0.0934
vn 0.3754 -0.1945 0.9062
vn 0.1813 0.8806 0.4377
vn 0.3663 -0.2894 0.8843
vn 0.2134 0.8301 0.5152
vn 0.3537 -0.3816 0.8540
vn 0.2435 0.7715 0.5878
vn 0.3378 -0.4701 0.8154
vn 0.2712 0.7056 0.6547
vn 0.3186 -0.5542 0.7690
vn 0.2963 0.6329 0.7153
vn 0.2963 -0.6329 0.7153
vn 0.3186 0.5542 0.7690
vn 0.2712 -0.7056 0.6547
vn 0.3378 0.4701 0.8154
vn 0.0924 -0.8806 0.4647
vn 0.0752 -0.9228 0.3779
vn 0.1914 0.1945 0.9621
vn 0.1942 0.0977 0.9761
vn 0.0197 0.9949 0.0991
vn 0.0386 0.9802 0.1942
vn 0.0572 -0.9561 0.2875
vn 0.1951 -0.0000 0.9808
vn 0.0572 0.9561 0.2875
vn 0.0386 -0.9802 0.1942
vn 0.1942 -0.0977 0.9761
vn 0.0752 0.9228 0.3779
vn 0.0197 -0.9949 0.0991
vn 0.1914 -0.1945 0.9621
vn 0.0924 0.8806 0.4647
vn 0.1867 -0.2894 0.9388
vn 0.1088 0.8301 0.5470
vn 0.1803 -0.3816 0.9066
vn 0.1241 0.7715 0.6240
vn 0.1722 -0.4701 0.8656
vn 0.1382 0.7056 0.6950
vn 0.1624 -0.5542 0.8164
vn 0.1510 0.6329 0.7594
vn 0.1510 -0.6329 0.7594
vn 0.1624 0.5542 0.8164
vn 0.1382 -0.7056 0.6950
vn 0.1722 0.4701 0.8656
vn 0.1241 -0.7715 0.6240
vn 0.1803 0.3816 0.9066
vn 0.1088 -0.8301 0.5470
vn 0.1867 0.2894 0.9388
vn -0.0000 -0.9561 0.2931
vn -0.0000 -0.9802 0.1980
vn -0.0000 -0.0000 1.0000
vn -0.0000 -0.0977 0.9952
vn -0.0000 0.9561 0.2931
vn -0.0000 0.9228 0.3853
vn -0.0000 -0.9949 0.1010
vn -0.0000 -0.1945 0.9809
vn -0.0000 0.8806 0.4738
vn -0.0000 -0.2894 0.9572
vn -0.0000 0.8301 0.5577
vn -0.0000 -0.3816 0.9243
vn -0.0000 0.7715 0.6362
vn -0.0000 -0.4701 0.8826
vn -0.0000 0.7056 0.7086
vn -0.0000 -0.5542 0.8324
vn -0.0000 0.6329 0.7742
vn -0.0000 -0.6329 0.7742
vn -0.0000 0.5542 0.8324
vn -0.0000 -0.7056 0.7086
vn -0.0000 0.4701 0.8826
vn -0.0000 -0.7715 0.6362
vn -0.0000 0.3816 0.9243
vn -0.0000 -0.8301 0.5577
vn -0.0000 0.2894 0.9572
vn -0.0000 -0.8806 0.4738
vn -0.0000 0.1945 0.9809
vn -0.0000 0.9949 0.1010
vn -0.0000 -0.9228 0.3853
vn -0.0000 0.0977 0.9952
vn -0.0000 0.9802 0.1980
vn -0.0197 -0.9949 0.0991
vn -0.1914 -0.1945 0.9621
vn -0.1867 -0.2894 0.9388
vn -0.0924 0.8806 0.4647
vn -0.1088 0.8301 0.5470
vn -0.1803 -0.3816 0.9066
vn -0.1241 0.7715 0.6240
vn -0.1722 -0.4701 0.8656
vn -0.1382 0.7056 0.6950
vn -0.1624 -0.5542 0.8164
vn -0.1510 0.6329 0.7594
vn -0.1510 -0.6329 0.7594
vn -0.1624 0.5542 0.8164
vn -0.1382 -0.7056 0.6950
vn -0.1722 0.4701 0.8656
vn -0.1241 -0.7715 0.6240
vn -0.1803 0.3816 0.9066
vn -0.1088 -0.8301 0.5470
vn -0.1867 0.2894 0.9388
vn -0.0924 -0.8806 0.4647
vn -0.1914 0.1945 0.9621
vn -0.0197 0.9949 0.0991
vn -0.0752 -0.9228 0.3779
vn -0.1942 0.0977 0.9761
vn -0.0386 0.9802 0.1942
vn -0.0572 -0.9561 0.2875
vn -0.1951 -0.0000 0.9808
vn -0.0572 0.9561 0.2875
vn -0.0386 -0.9802 0.1942
vn -0.1942 -0.0977 0.9761
vn -0.0752 0.9228 0.3779
vn -0.3537 -0.3816 0.8540
vn -0.3378 -0.4701 0.8154
vn -0.2435 0.7715 0.5878
vn -0.2712 0.7056 0.6547
vn -0.3186 -0.5542 0.7690
vn -0.2963 0.6329 0.7153
vn -0.2963 -0.6329 0.7153
vn -0.3186 0.5542 0.7690
vn -0.2712 -0.7056 0.6547
vn -0.3378 0.4701 0.8154
vn -0.2435 -0.7715 0.5878
vn -0.3537 0.3816 0.8540
vn -0.2134 -0.8301 0.5152
vn -0.3663 0.2894 0.8843
vn -0.1813 -0.8806 0.4377
vn -0.3754 0.1945 0.9062
vn -0.0387 0.9949 0.0934
vn -0.1474 -0.9228 0.3560
vn -0.3809 0.0977 0.9195
vn -0.0758 0.9802 0.1830
vn -0.1122 -0.9561 0.2708
vn -0.3827 -0.0000 0.9239
vn -0.1122 0.9561 0.2708
vn -0.0758 -0.9802 0.1830
vn -0.3809 -0.0977 0.9195
vn -0.1474 0.9228 0.3560
vn -0.0387 -0.9949 0.0934
vn -0.3754 -0.1945 0.9062
vn -0.1813 0.8806 0.4377
vn -0.3663 -0.2894 0.8843
vn -0.2134 0.8301 0.5152
vn -0.4625 -0.5542 0.6921
vn -0.4301 -0.6329 0.6438
vn -0.4301 0.6329 0.6438
vn -0.4625 0.5542 0.6921
vn -0.3937 -0.7056 0.5892
vn -0.4903 0.4701 0.7338
vn -0.3535 -0.7715 0.5290
vn -0.5135 0.3816 0.7685
vn -0.3098 -0.8301 0.4637
vn -0.5318 0.2894 0.7959
vn -0.2632 -0.8806 0.3939
vn -0.5450 0.1945 0.8156
vn -0.0561 0.9949 0.0840
vn -0.2141 -0.9228 0.3204
vn -0.5529 0.0977 0.8275
vn -0.1100 0.9802 0.1647
vn -0.1628 -0.9561 0.2437
vn -0.5556 -0.0000 0.8315
vn -0.1628 0.9561 0.2437
vn -0.1100 -0.9802 0.1647
vn -0.5529 -0.0977 0.8275
vn -0.2141 0.9228 0.3204
vn -0.0561 -0.9949 0.0840
vn -0.5450 -0.1945 0.8156
vn -0.2632 0.8806 0.3939
vn -0.5318 -0.2894 0.7959
vn -0.3098 0.8301 0.4637
vn -0.5135 -0.3816 0.7685
vn -0.3535 0.7715 0.5290
vn -0.4903 -0.4701 0.7338
vn -0.3937 0.7056 0.5892
vn -0.5011 -0.7056 0.5011
vn -0.4499 -0.7715 0.4499
vn -0.6241 0.4701 0.6241
vn -0.6536 0.3816 0.6536
vn -0.3943 -0.8301 0.3943
vn -0.6768 0.2894 0.6768
vn -0.3350 -0.8806 0.3350
vn -0.6936 0.1945 0.6936
vn -0.0715 0.9949 0.0715
vn -0.2724 -0.9228 0.2724
vn -0.7037 0.0977 0.7037
vn -0.1400 0.9802 0.1400
vn -0.2072 -0.9561 0.2072
vn -0.7071 -0.0000 0.7071
vn -0.2072 0.9561 0.2072
vn -0.1400 -0.9802 0.1400
vn -0.7037 -0.0977 0.7037
vn -0.2724 0.9228 0.2724
vn -0.0715 -0.9949 0.0715
vn -0.6936 -0.1945 0.6936
vn -0.3350 0.8806 0.3350
vn -0.6768 -0.2894 0.6768
vn -0.3943 0.8301 0.3943
vn -0.6536 -0.3816 0.6536
vn -0.4499 0.7715 0.4499
vn -0.6241 -0.4701 0.6241
vn -0.5011 0.7056 0.5011
vn -0.5886 -0.5542 0.5886
vn -0.5475 0.6329 0.5475
vn -0.5475 -0.6329 0.5475
vn -0.5886 0.5542 0.5886
vn -0.4637 -0.8301 0.3098
vn -0.3939 -0.8806 0.2632
vn -0.7959 0.2894 0.5318
vn -0.8156 0.1945 0.5450
vn -0.0840 0.9949 0.0561
vn -0.3204 -0.9228 0.2141
vn -0.8275 0.0977 0.5529
vn -0.1647 0.9802 0.1100
vn -0.2437 -0.9561 0.1628
vn -0.8315 -0.0000 0.5556
vn -0.2437 0.9561 0.1628
vn -0.1647 -0.9802 0.1100
vn -0.8275 -0.0977 0.5529
vn -0.3204 0.9228 0.2141
vn -0.0840 -0.9949 0.0561
vn -0.8156 -0.1945 0.5450
vn -0.3939 0.8806 0.2632
vn -0.7959 -0.2894 0.5318
vn -0.4637 0.8301 0.3098
vn -0.7685 -0.3816 0.5135
vn -0.5290 0.7715 0.3535
vn -0.7339 -0.4701 0.4903
vn -0.5892 0.7056 0.3937
vn -0.6921 -0.5542 0.4625
vn -0.6438 0.6329 0.4301
vn -0.6438 -0.6329 0.4301
vn -0.6921 0.5542 0.4625
vn -0.5892 -0.7056 0.3937
vn -0.7338 0.4701 0.4903
vn -0.5290 -0.7715 0.3535
vn -0.7685 0.3816 0.5135
vn -0.0934 0.9949 0.0387
vn -0.1830 0.9802 0.0758
vn -0.3560 -0.9228 0.1474
vn -0.2708 -0.9561 0.1122
vn -0.9195 0.0977 0.3809
vn -0.9239 -0.0000 0.3827
vn -0.2708 0.9561 0.1122
vn -0.1830 -0.9802 0.0758
vn -0.9195 -0.0977 0.3809
vn -0.3560 0.9228 0.1474
vn -0.0934 -0.9949 0.0387
vn -0.9062 -0.1945 0.3754
vn -0.4377 0.8806 0.1813
vn -0.8843 -0.2894 0.3663
vn -0.5152 0.8301 0.2134
vn -0.8540 -0.3816 0.3537
vn -0.5878 0.7715 0.2435
vn -0.8154 -0.4701 0.3378
vn -0.6547 0.7056 0.2712
vn -0.7690 -0.5542 0.3186
vn -0.7153 0.6329 0.2963
vn -0.7153 -0.6329 0.2963
vn -0.7690 0.5542 0.3186
vn -0.6547 -0.7056 0.2712
vn -0.8154 0.4701 0.3378
vn -0.5878 -0.7715 0.2435
vn -0.8540 0.3816 0.3537
vn -0.5152 -0.8301 0.2134
vn -0.8843 0.2894 0.3663
vn -0.4377 -0.8806 0.1813
vn -0.9062 0.1945 0.3754
vn -0.2875 0.9561 0.0572
vn -0.3779 0.9228 0.0752
vn -0.1942 -0.9802 0.0386
vn -0.0991 -0.9949 0.0197
vn -0.9761 -0.0977 0.1942
vn -0.9621 -0.1945 0.1914
vn -0.4647 0.8806 0.0924
vn -0.9388 -0.2894 0.1867
vn -0.5470 0.8301 0.1088
vn -0.9066 -0.3816 0.1803
vn -0.6240 0.7715 0.1241
vn -0.8656 -0.4701 0.1722
vn -0.6950 0.7056 0.1382
vn -0.8164 -0.5542 0.1624
vn -0.7594 0.6329 0.1510
vn -0.7594 -0.6329 0.1510
vn -0.8164 0.5542 0.1624
vn -0.6950 -0.7056 0.1382
vn -0.8656 0.4701 0.1722
vn -0.6240 -0.7715 0.1241
vn -0.9066 0.3816 0.1803
vn -0.5470 -0.8301 0.1088
vn -0.9388 0.2894 0.1867
vn -0.4647 -0.8806 0.0924
vn -0.9621 0.1945 0.1914
vn -0.0991 0.9949 0.0197
vn -0.3779 -0.9228 0.0752
vn -0.9761 0.0977 0.1942
vn -0.1942 0.9802 0.0386
vn -0.2875 -0.9561 0.0572
vn -0.9808 -0.0000 0.1951
vn -0.4738 0.8806 -0.0000
vn -0.5577 0.8301 -0.0000
vn -0.9572 -0.2894 -0.0000
vn -0.9243 -0.3816 -0.0000
vn -0.6362 0.7715 -0.0000
vn -0.8826 -0.4701 -0.0000
vn -0.7086 0.7056 -0.0000
vn -0.8324 -0.5542 -0.0000
vn -0.7742 0.6329 -0.0000
vn -0.7742 -0.6329 -0.0000
vn -0.8324 0.5542 -0.0000
vn -0.7086 -0.7056 -0.0000
vn -0.8826 0.4701 -0.0000
vn -0.6362 -0.7715 -0.0000
vn -0.9243 0.3816 -0.0000
vn -0.5577 -0.8301 -0.0000
vn -0.9572 0.2894 -0.0000
vn -0.4738 -0.8806 -0.0000
vn -0.9809 0.1945 -0.0000
vn -0.1010 0.9949 -0.0000
vn -0.3853 -0.9228 -0.0000
vn -0.9952 0.0977 -0.0000
vn -0.1980 0.9802 -0.0000
vn -0.2931 -0.9561 -0.0000
vn -1.0000 -0.0000 -0.0000
vn -0.2931 0.9561 -0.0000
vn -0.1980 -0.9802 -0.0000
vn -0.9952 -0.0977 -0.0000
vn -0.3853 0.9228 -0.0000
vn -0.1010 -0.9949 -0.0000
vn -0.9809 -0.1945 -0.0000
vn -0.6240 0.7715 -0.1241
vn -0.6950 0.7056 -0.1382
vn -0.8656 -0.4701 -0.1722
vn -0.8164 -0.5542 -0.1624
vn -0.7594 0.6329 -0.1510
vn -0.7594 -0.6329 -0.1510
vn -0.8164 0.5542 -0.1624
vn -0.6950 -0.7056 -0.1382
vn -0.8656 0.4701 -0.1722
vn -0.6240 -0.7715 -0.1241
vn -0.9066 0.3816 -0.1803
vn -0.5470 -0.8301 -0.1088
vn -0.9388 0.2894 -0.1867
vn -0.4647 -0.8806 -0.0924
vn -0.9621 0.1945 -0.1914
vn -0.0991 0.9949 -0.0197
vn -0.3779 -0.9228 -0.0752
vn -0.9761 0.0977 -0.1942
vn -0.1942 0.9802 -0.0386
vn -0.2875 -0.9561 -0.0572
vn -0.9808 -0.0000 -0.1951
vn -0.2875 0.9561 -0.0572
vn -0.1942 -0.9802 -0.0386
vn -0.9761 -0.0977 -0.1942
vn -0.3779 0.9228 -0.0752
vn -0.0991 -0.9949 -0.0197
vn -0.9621 -0.1945 -0.1914
vn -0.4647 0.8806 -0.0924
vn -0.9388 -0.2894 -0.1867
vn -0.5470 0.8301 -0.1088
vn -0.9066 -0.3816 -0.1803
vn -0.7153 0.6329 -0.2963
vn -0.7690 0.5542 -0.3186
vn -0.7153 -0.6329 -0.2963
vn -0.6547 -0.7056 -0.2712
vn -0.8154 0.4701 -0.3378
vn -0.5878 -0.7715 -0.2435
vn -0.8540 0.3816 -0.3537
vn -0.5152 -0.8301 -0.2134
vn -0.8843 0.2894 -0.3663
vn -0.4377 -0.8806 -0.1813
vn -0.9062 0.1945 -0.3754
vn -0.0934 0.9949 -0.0387
vn -0.3560 -0.9228 -0.1474
vn -0.9195 0.0977 -0.3809
vn -0.1830 0.9802 -0.0758
vn -0.2708 -0.9561 -0.1122
vn -0.9239 -0.0000 -0.3827
vn -0.2708 0.9561 -0.1122
vn -0.1830 -0.9802 -0.0758
vn -0.9195 -0.0977 -0.3809
vn -0.3560 0.9228 -0.1474
vn -0.0934 -0.9949 -0.0387
vn -0.9062 -0.1945 -0.3754
vn -0.4377 0.8806 -0.1813
vn -0.8843 -0.2894 -0.3663
vn -0.5152 0.8301 -0.2134
vn -0.8540 -0.3816 -0.3537
vn -0.5878 0.7715 -0.2435
vn -0.8154 -0.4701 -0.3378
vn -0.6547 0.7056 -0.2712
vn -0.7690 -0.5542 -0.3186
vn -0.3939 -0.8806 -0.2632
vn -0.3204 -0.9228 -0.2141
vn -0.8156 0.1945 -0.5450
vn -0.8275 0.0977 -0.5529
vn -0.0840 0.9949 -0.0561
vn -0.1647 0.9802 -0.1100
vn -0.2437 -0.9561 -0.1628
vn -0.8315 -0.0000 -0.5556
vn -0.2437 0.9561 -0.1628
vn -0.1647 -0.9802 -0.1100
vn -0.8275 -0.0977 -0.5529
vn -0.3204 0.9228 -0.2141
vn -0.0840 -0.9949 -0.0561
vn -0.8156 -0.1945 -0.5450
vn -0.3939 0.8806 -0.2632
vn -0.7959 -0.2894 -0.5318
vn -0.4637 0.8301 -0.3098
vn -0.7685 -0.3816 -0.5135
vn -0.5290 0.7715 -0.3535
vn -0.7339 -0.4701 -0.4903
vn -0.5892 0.7056 -0.3937
vn -0.6921 -0.5542 -0.4625
vn -0.6438 0.6329 -0.4301
vn -0.6438 -0.6329 -0.4301
vn -0.6921 0.5542 -0.4625
vn -0.5892 -0.7056 -0.3937
vn -0.7339 0.4701 -0.4903
vn -0.5290 -0.7715 -0.3535
vn -0.7685 0.3816 -0.5135
vn -0.4637 -0.8301 -0.3098
vn -0.7959 0.2894 -0.5318
vn -0.2072 -0.9561 -0.2072
vn -0.1400 -0.9802 -0.1400
vn -0.7071 -0.0000 -0.7071
vn -0.7037 -0.0977 -0.7037
vn -0.2072 0.9561 -0.2072
vn -0.2724 0.9228 -0.2724
vn -0.0715 -0.9949 -0.0715
vn -0.6936 -0.1945 -0.6936
vn -0.3350 0.8806 -0.3350
vn -0.6768 -0.2894 -0.6768
vn -0.3943 0.8301 -0.3943
vn -0.6536 -0.3816 -0.6536
vn -0.4499 0.7715 -0.4499
vn -0.6241 -0.4701 -0.6241
vn -0.5011 0.7056 -0.5011
vn -0.5886 -0.5542 -0.5886
vn -0.5475 0.6329 -0.5475
vn -0.5475 -0.6329 -0.5475
vn -0.5886 0.5542 -0.5886
vn -0.5011 -0.7056 -0.5011
vn -0.6241 0.4701 -0.6241
vn -0.4499 -0.7715 -0.4499
vn -0.6536 0.3816 -0.6536
vn -0.3943 -0.8301 -0.3943
vn -0.6768 0.2894 -0.6768
vn -0.3350 -0.8806 -0.3350
vn -0.6936 0.1945 -0.6936
vn -0.0715 0.9949 -0.0715
vn -0.2724 -0.9228 -0.2724
vn -0.7037 0.0977 -0.7037
vn -0.1400 0.9802 -0.1400
vn -0.0561 -0.9949 -0.0840
vn -0.5450 -0.1945 -0.8156
vn -0.5318 -0.2894 -0.7959
vn -0.2632 0.8806 -0.3939
vn -0.3098 0.8301 -0.4637
vn -0.5135 -0.3816 -0.7685
vn -0.3535 0.7715 -0.5290
vn -0.4903 -0.4701 -0.7338
vn -0.3937 0.7056 -0.5892
vn -0.4625 -0.5542 -0.6921
vn -0.4301 0.6329 -0.6438
vn -0.4301 -0.6329 -0.6438
vn -0.4625 0.5542 -0.6921
vn -0.3937 -0.7056 -0.5892
vn -0.4903 0.4701 -0.7338
vn -0.3535 -0.7715 -0.5290
vn -0.5135 0.3816 -0.7685
vn -0.3098 -0.8301 -0.4637
vn -0.5318 0.2894 -0.7959
vn -0.2632 -0.8806 -0.3939
vn -0.5450 0.1945 -0.8156
vn -0.0561 0.9949 -0.0840
vn -0.2141 -0.9228 -0.3204
vn -0.5529 0.0977 -0.8275
vn -0.1100 0.9802 -0.1647
vn -0.1628 -0.9561 -0.2437
vn -0.5556 -0.0000 -0.8315
vn -0.1628 0.9561 -0.2437
vn -0.1100 -0.9802 -0.1647
vn -0.5529 -0.0977 -0.8275
vn -0.2141 0.9228 -0.3204
vn -0.3537 -0.3816 -0.8540
vn -0.3378 -0.4701 -0.8154
vn -0.2435 0.7715 -0.5878
vn -0.2712 0.7056 -0.6547
vn -0.3185 -0.5542 -0.7690
vn -0.2963 0.6329 -0.7153
vn -0.2963 -0.6329 -0.7153
vn -0.3185 0.5542 -0.7690
vn -0.2712 -0.7056 -0.6547
vn -0.3378 0.4701 -0.8154
vn -0.2435 -0.7715 -0.5878
vn -0.3537 0.3816 -0.8540
vn -0.2134 -0.8301 -0.5152
vn -0.3663 0.2894 -0.8843
vn -0.1813 -0.8806 -0.4377
vn -0.3754 0.1945 -0.9062
vn -0.0387 0.9949 -0.0934
vn -0.1474 -0.9228 -0.3560
vn -0.3809 0.0977 -0.9195
vn -0.0758 0.9802 -0.1830
vn -0.1122 -0.9561 -0.2708
vn -0.3827 -0.0000 -0.9239
vn -0.1122 0.9561 -0.2708
vn -0.0758 -0.9802 -0.1830
vn -0.3809 -0.0977 -0.9195
vn -0.1474 0.9228 -0.3560
vn -0.0387 -0.9949 -0.0934
vn -0.3754 -0.1945 -0.9062
vn -0.1813 0.8806 -0.4377
vn -0.3663 -0.2894 -0.8843
vn -0.2134 0.8301 -0.5152
vn -0.1624 -0.5542 -0.8164
vn -0.1510 -0.6329 -0.7594
vn -0.1510 0.6329 -0.7594
vn -0.1624 0.5542 -0.8164
vn -0.1382 -0.7056 -0.6950
vn -0.1722 0.4701 -0.8656
vn -0.1241 -0.7715 -0.6240
vn -0.1803 0.3816 -0.9066
vn -0.1088 -0.8301 -0.5470
vn -0.1867 0.2894 -0.9388
vn -0.0924 -0.8806 -0.4647
vn -0.1914 0.1945 -0.9621
vn -0.0197 0.9949 -0.0991
vn -0.0752 -0.9228 -0.3779
vn -0.1942 0.0977 -0.9761
vn -0.0386 0.9802 -0.1942
vn -0.0572 -0.9561 -0.2875
vn -0.1951 -0.0000 -0.9808
vn -0.0572 0.9561 -0.2875
vn -0.0386 -0.9802 -0.1942
vn -0.1942 -0.0977 -0.9761
vn -0.0752 0.9228 -0.3779
vn -0.0197 -0.9949 -0.0991
vn -0.1914 -0.1945 -0.9621
vn -0.0924 0.8806 -0.4647
vn -0.1867 -0.2894 -0.9388
vn -0.1088 0.8301 -0.5470
vn -0.1803 -0.3816 -0.9066
vn -0.1241 0.7715 -0.6240
vn -0.1722 -0.4701 -0.8656
vn -0.1382 0.7056 -0.6950
vn -0.0411 0.7071 0.7059
vn -0.0522 0.4392 0.8969
vn -0.0576 0.1237 0.9906
vn -0.0577 0.1237 0.9906
vn -0.0568 -0.2052 0.9771
vn -0.0569 -0.2052 0.9771
vn -0.0499 -0.5119 0.8576
vn -0.0375 -0.7631 0.6452
vn -0.0211 -0.9316 0.3629
vn -0.0024 -0.9991 0.0412
vn 0.0166 -0.9584 -0.2849
vn 0.0337 -0.8138 -0.5801
vn 0.0338 -0.8138 -0.5801
vn 0.0473 -0.5811 -0.8125
vn 0.0557 -0.2853 -0.9568
vn 0.0580 0.0413 -0.9975
vn 0.0541 0.3635 -0.9300
vn 0.0443 0.6463 -0.7618
vn 0.0297 0.8591 -0.5110
vn 0.0119 0.9787 -0.2049
vn -0.0072 0.9923 0.1235
vn -0.0255 0.8984 0.4384
vn -0.0255 0.8984 0.4385
vn -0.0024 -0.9991 0.0413
vn 0.0472 -0.5811 -0.8125
vn 0.0556 -0.2853 -0.9568
vn 0.0297 0.8590 -0.5110
vn 0.0337 -0.8139 -0.5801
vn 0.0166 -0.9584 -0.2848
vn 0.6733 -0.5490 0.4952
vn 0.4182 -0.5773 0.7013
vn 0.1178 -0.5429 0.8315
vn -0.1954 -0.4498 0.8715
vn -0.4874 -0.3079 0.8171
vn -0.7266 -0.1326 0.6741
vn -0.8871 0.0570 0.4581
vn -0.9514 0.2405 0.1925
vn -0.9126 0.3979 -0.0940
vn -0.7749 0.5122 -0.3704
vn -0.5533 0.5709 -0.6065
vn -0.2717 0.5679 -0.7770
vn -0.2717 0.5678 -0.7770
vn 0.0394 0.5032 -0.8633
vn 0.3461 0.3841 -0.8560
vn 0.6154 0.2233 -0.7559
vn 0.8180 0.0383 -0.5740
vn 0.9319 -0.1508 -0.3298
vn 0.9449 -0.3236 -0.0499
vn 0.8554 -0.4613 0.2354
vn -0.7749 0.5122 -0.3703
vn 0.0393 0.5032 -0.8633
vn 0.1178 -0.5430 0.8315
vn -0.8870 0.0570 0.4581
vn -0.6733 0.1786 0.7175
vn -0.4182 0.3472 0.8394
vn -0.1178 0.4781 0.8703
vn 0.1954 0.5573 0.8070
vn 0.4874 0.5761 0.6562
vn 0.7266 0.5324 0.4343
vn 0.8871 0.4311 0.1653
vn 0.9514 0.2830 -0.1216
vn 0.9126 0.1043 -0.3953
vn 0.7749 -0.0858 -0.6262
vn 0.5533 -0.2665 -0.7892
vn 0.2717 -0.4184 -0.8667
vn -0.0393 -0.5249 -0.8503
vn -0.0394 -0.5249 -0.8503
vn -0.3461 -0.5745 -0.7417
vn -0.6154 -0.5619 -0.5528
vn -0.8180 -0.4884 -0.3039
vn -0.9319 -0.3620 -0.0221
vn -0.9449 -0.1963 0.2620
vn -0.8554 -0.0094 0.5178
vn -0.1178 0.4781 0.8704
vn -0.9319 -0.3620 -0.0222
vn -0.1178 0.4782 0.8703
vn -0.6520 0.7071 -0.2738
vn -0.8283 0.4392 -0.3478
vn -0.9149 0.1237 -0.3842
vn -0.9024 -0.2052 -0.3789
vn -0.7921 -0.5119 -0.3326
vn -0.5959 -0.7631 -0.2502
vn -0.3352 -0.9316 -0.1407
vn -0.0381 -0.9991 -0.0160
vn 0.2631 -0.9584 0.1105
vn 0.5358 -0.8138 0.2250
vn 0.7504 -0.5811 0.3151
vn 0.8837 -0.2853 0.3711
vn 0.9212 0.0413 0.3868
vn 0.8589 0.3635 0.3607
vn 0.7036 0.6463 0.2954
vn 0.4720 0.8591 0.1982
vn 0.1892 0.9787 0.0794
vn -0.1141 0.9923 -0.0479
vn -0.4049 0.8984 -0.1700
vn 0.1892 0.9787 0.0795
vn 0.5358 -0.8139 0.2250
vn -0.1140 0.9923 -0.0479
vn 0.5357 -0.8139 0.2250
vn 0.3186 -0.5542 -0.7690
vn 0.3186 0.5542 -0.7690
vn 0.7690 -0.5542 -0.3186
vn 0.7690 0.5542 -0.3186
vn 0.3350 -0.8807 0.3350
vn 0.3350 0.8807 0.3350
vn 0.5135 0.3816 0.7686
vn 0.2632 -0.8807 0.3939
vn 0.5135 -0.3816 0.7686
vn 0.3185 -0.5542 0.7690
vn 0.3185 0.5542 0.7690
vn -0.0000 -0.9949 0.1011
vn -0.0000 0.9949 0.1011
vn -0.3185 -0.5542 0.7690
vn -0.3185 0.5542 0.7690
vn -0.4903 0.4701 0.7339
vn -0.2632 -0.8807 0.3939
vn -0.2632 0.8807 0.3939
vn -0.4903 -0.4701 0.7339
vn -0.3350 -0.8807 0.3350
vn -0.3350 0.8807 0.3350
vn -0.3939 0.8807 0.2632
vn -0.7339 0.4701 0.4903
vn -0.3939 -0.8807 0.2632
vn -0.7690 -0.5542 0.3185
vn -0.7690 0.5542 0.3185
vn -0.1011 0.9949 -0.0000
vn -0.1011 -0.9949 -0.0000
vn -0.7690 -0.5542 -0.3185
vn -0.7690 0.5542 -0.3185
vn -0.4903 -0.4701 -0.7339
vn -0.4903 0.4701 -0.7339
vn -0.0410 0.7071 0.7059
vn 0.0338 -0.8139 -0.5801
vn -0.0500 -0.5119 0.8576
vn -0.0376 -0.7631 0.6452
vn 0.0581 0.0413 -0.9975
vn -0.6286 -0.7071 -0.3238
vn -0.7987 -0.4392 -0.4114
vn -0.8822 -0.1237 -0.4544
vn -0.8701 0.2052 -0.4482
vn -0.7637 0.5119 -0.3934
vn -0.5746 0.7631 -0.2960
vn -0.3232 0.9316 -0.1665
vn -0.0367 0.9991 -0.0189
vn 0.2537 0.9584 0.1307
vn 0.5166 0.8139 0.2661
vn 0.7235 0.5811 0.3727
vn 0.8520 0.2853 0.4389
vn 0.8882 -0.0413 0.4575
vn 0.8282 -0.3635 0.4266
vn 0.6784 -0.6463 0.3494
vn 0.4551 -0.8591 0.2344
vn 0.1824 -0.9787 0.0940
vn -0.1100 -0.9923 -0.0566
vn -0.3904 -0.8984 -0.2011
vn -0.0000 0.5541 -0.8324
vn 0.1624 0.5541 -0.8164
vn -0.0000 -0.9949 -0.1010
vn 0.1474 -0.9228 -0.3559
vn 0.3185 -0.5542 -0.7690
vn 0.3186 0.5541 -0.7691
vn 0.3534 0.7715 -0.5290
vn 0.4903 -0.4701 -0.7338
vn 0.4625 0.5541 -0.6921
vn 0.2141 -0.9228 -0.3203
vn 0.2072 0.9561 -0.2073
vn 0.0715 -0.9949 -0.0714
vn 0.3203 -0.9228 -0.2140
vn 0.7691 0.5542 -0.3185
vn 0.3559 -0.9228 -0.1474
vn 0.1010 -0.9949 -0.0000
vn 0.0933 -0.9949 0.0387
vn 0.7691 0.5542 0.3185
vn 0.3203 -0.9228 0.2140
vn 0.0715 -0.9949 0.0714
vn 0.2141 -0.9228 0.3203
vn 0.4903 -0.4701 0.7338
vn 0.1474 -0.9228 0.3559
vn 0.3808 0.0977 0.9195
vn 0.3808 -0.0977 0.9195
vn -0.1383 -0.7056 0.6950
vn -0.0387 -0.9949 0.0933
vn -0.4904 0.4701 0.7339
vn -0.2141 -0.9228 0.3203
vn -0.6768 0.2895 0.6768
vn -0.2725 0.9228 0.2724
vn -0.0714 -0.9949 0.0715
vn -0.3203 -0.9228 0.2141
vn -0.6437 0.6329 0.4301
vn -0.6921 0.5541 0.4625
vn -0.7339 0.4701 0.4904
vn -0.7691 0.5542 0.3186
vn -0.6950 -0.7056 0.1383
vn -0.6950 -0.7056 -0.1383
vn -0.7691 0.5542 -0.3185
vn -0.3203 -0.9228 -0.2140
vn -0.7339 0.4701 -0.4904
vn -0.0714 -0.9949 -0.0715
vn -0.5886 0.5541 -0.5886
vn -0.4625 0.5541 -0.6921
vn -0.2141 -0.9228 -0.3203
vn -0.3186 -0.5542 -0.7690
vn -0.3186 0.5542 -0.7691
vn -0.0387 0.9949 -0.0933
vn -0.3808 0.0977 -0.9195
vn -0.3808 -0.0977 -0.9195
vn -0.1475 0.9228 -0.3560
vn -0.0387 -0.9949 -0.0933
vn -0.1624 0.5541 -0.8164
vn -0.0000 0.9949 -0.1010
vn 0.0758 0.9802 -0.1829
vn 0.1475 0.9228 -0.3560
vn 0.3186 -0.5541 -0.7691
vn 0.3185 0.5542 -0.7690
vn 0.4625 -0.5541 -0.6921
vn 0.4903 0.4701 -0.7338
vn 0.3534 -0.7715 -0.5290
vn 0.1100 0.9802 -0.1646
vn 0.2072 -0.9561 -0.2073
vn 0.1646 0.9802 -0.1100
vn 0.7691 -0.5542 -0.3185
vn 0.1829 0.9802 -0.0758
vn 0.1010 0.9949 -0.0000
vn 0.7691 -0.5542 0.3185
vn 0.0933 0.9949 0.0387
vn 0.1829 0.9802 0.0758
vn 0.1646 0.9802 0.1100
vn 0.0715 0.9949 0.0714
vn 0.2724 -0.9228 0.2725
vn 0.4903 0.4701 0.7338
vn 0.1100 0.9802 0.1646
vn 0.0758 0.9802 0.1829
vn -0.1383 0.7056 0.6950
vn -0.0758 0.9802 0.1829
vn -0.4904 -0.4701 0.7339
vn -0.1100 0.9802 0.1646
vn -0.0714 0.9949 0.0715
vn -0.2725 -0.9228 0.2724
vn -0.2725 0.9228 0.2725
vn -0.6768 -0.2895 0.6768
vn -0.5886 -0.5541 0.5886
vn -0.1646 0.9802 0.1100
vn -0.7339 -0.4701 0.4904
vn -0.6921 -0.5541 0.4625
vn -0.6437 -0.6329 0.4301
vn -0.1829 0.9802 0.0758
vn -0.7691 -0.5542 0.3186
vn -0.6950 0.7056 0.1383
vn -0.6950 0.7056 -0.1383
vn -0.7691 -0.5542 -0.3185
vn -0.1829 0.9802 -0.0758
vn -0.1646 0.9802 -0.1100
vn -0.7339 -0.4701 -0.4904
vn -0.0715 -0.9949 -0.0714
vn -0.5886 -0.5541 -0.5886
vn -0.0714 0.9949 -0.0715
vn -0.4625 -0.5541 -0.6921
vn -0.1100 0.9802 -0.1646
vn -0.3186 -0.5542 -0.7691
vn -0.3186 0.5542 -0.7690
vn -0.1475 -0.9228 -0.3560
vn -0.0758 0.9802 -0.1829
vn 0.1511 -0.6329 -0.7594
vn 0.5135 -0.3816 -0.7686
vn 0.5135 0.3816 -0.7686
vn 0.5290 0.7715 -0.3534
vn 0.5290 -0.7715 -0.3534
vn 0.3560 -0.9228 -0.1475
vn 0.3560 0.9228 -0.1475
vn 0.7594 0.6329 -0.1511
vn 0.3560 0.9228 0.1475
vn 0.7691 -0.5542 0.3186
vn 0.7691 0.5542 0.3186
vn 0.3560 -0.9228 0.1475
vn 0.3186 -0.5541 0.7691
vn 0.3186 0.5541 0.7691
vn 0.1624 -0.5541 0.8164
vn 0.1624 0.5541 0.8164
vn -0.0000 -0.5541 0.8324
vn -0.0000 0.5541 0.8324
vn -0.3663 0.2895 0.8843
vn -0.5886 0.5541 0.5886
vn -0.0715 0.9949 0.0714
vn -0.2725 -0.9228 0.2725
vn -0.9195 0.0977 -0.3808
vn -0.9195 -0.0977 -0.3808
vn -0.2724 0.9228 -0.2725
vn -0.2724 -0.9228 -0.2725
vn -0.0000 -0.5541 -0.8324
vn 0.0387 0.9949 -0.0933
vn 0.1475 -0.9228 -0.3560
vn 0.3186 -0.5542 -0.7691
vn 0.3186 0.5542 -0.7691
vn 0.5886 -0.5541 -0.5886
vn 0.5886 0.5541 -0.5886
vn 0.0714 0.9949 -0.0714
vn 0.2725 -0.9228 -0.2725
vn 0.2725 0.9228 -0.2725
vn 0.0714 -0.9949 -0.0715
vn 0.7339 -0.4701 -0.4904
vn 0.7339 0.4701 -0.4904
vn 0.8843 0.2895 -0.3663
vn 0.6950 -0.7056 -0.1383
vn 0.6950 0.7056 -0.1383
vn 0.8843 -0.2895 0.3663
vn 0.7690 -0.5542 0.3186
vn 0.7690 0.5542 0.3186
vn 0.8843 0.2895 0.3663
vn 0.5886 -0.5541 0.5886
vn 0.5886 0.5541 0.5886
vn 0.0714 0.9949 0.0714
vn 0.2725 -0.9228 0.2725
vn 0.2725 0.9228 0.2725
vn 0.0714 -0.9949 0.0715
vn 0.4625 0.5541 0.6921
vn 0.4625 -0.5541 0.6921
vn 0.0387 0.9949 0.0933
vn 0.1475 -0.9228 0.3560
vn 0.1475 0.9228 0.3560
vn 0.3186 -0.5542 0.7691
vn 0.3186 0.5542 0.7691
vn -0.3186 -0.5541 0.7691
vn -0.3186 0.5541 0.7691
vn -0.1475 -0.9228 0.3560
vn -0.3808 0.0977 0.9195
vn -0.3808 -0.0977 0.9195
vn -0.1475 0.9228 0.3560
vn -0.4625 -0.5541 0.6921
vn -0.4302 0.6329 0.6438
vn -0.4302 -0.6329 0.6438
vn -0.4625 0.5541 0.6921
vn -0.3560 -0.9228 0.1475
vn -0.3560 0.9228 0.1475
vn -0.7691 -0.5541 0.3186
vn -0.7691 0.5541 0.3186
vn -0.8164 -0.5541 0.1624
vn -0.8164 0.5541 0.1624
vn -0.8324 -0.5541 -0.0000
vn -0.8324 0.5541 -0.0000
vn -0.8164 -0.5541 -0.1624
vn -0.8164 0.5541 -0.1624
vn -0.7691 -0.5541 -0.3186
vn -0.7691 0.5541 -0.3186
vn -0.3560 -0.9228 -0.1475
vn -0.3560 0.9228 -0.1475
vn -0.6921 -0.5541 -0.4625
vn -0.6921 0.5541 -0.4625
vn -0.2725 0.9228 -0.2724
vn -0.0715 0.9949 -0.0714
vn -0.2725 -0.9228 -0.2724
vn -0.3186 -0.5541 -0.7691
vn -0.3186 0.5541 -0.7691
vn -0.1624 -0.5541 -0.8164
vn -0.7749 0.5121 -0.3703
vn 0.6733 -0.5491 0.4952
vn -0.5533 0.5710 -0.6065
vn -0.9514 0.2404 0.1925
vn 0.0393 0.5032 -0.8632
vn 0.8180 0.0384 -0.5739
vn 0.8870 0.4311 0.1653
vn -0.6733 0.1785 0.7175
vn 0.7749 -0.0857 -0.6262
vn 0.7750 -0.0858 -0.6262
vn -0.8555 -0.0094 0.5178
vn 0.7750 -0.0857 -0.6262
vn 0.2717 -0.4183 -0.8667
vn 0.9126 0.1042 -0.3953
vn -0.6154 -0.5619 -0.5527
vn 0.4720 0.8590 0.1982
vn -0.6520 0.7071 -0.2737
vn 0.8837 -0.2853 0.3710
vn -0.6519 0.7071 -0.2738
vn -0.7920 -0.5119 -0.3326
vn 0.9212 0.0413 0.3869
vn 0.7036 0.6463 0.2955
vn -0.4049 0.8984 -0.1701
vn -0.5745 0.7631 -0.2960
vt 0.750000 0.343750
vt 0.750000 0.375000
vt 0.718750 0.375000
vt 0.718750 0.343750
vt 0.750000 0.750000
vt 0.750000 0.781250
vt 0.718750 0.781250
vt 0.718750 0.750000
vt 0.750000 0.312500
vt 0.718750 0.312500
vt 0.750000 0.718750
vt 0.718750 0.718750
vt 0.750000 0.281250
vt 0.718750 0.281250
vt 0.750000 0.687500
vt 0.718750 0.687500
vt 0.750000 0.250000
vt 0.718750 0.250000
vt 0.750000 0.656250
vt 0.718750 0.656250
vt 0.750000 0.218750
vt 0.718750 0.218750
vt 0.750000 0.625000
vt 0.718750 0.625000
vt 0.750000 0.187500
vt 0.718750 0.187500
vt 0.750000 0.593750
vt 0.718750 0.593750
vt 0.750000 0.156250
vt 0.718750 0.156250
vt 0.750000 0.562500
vt 0.718750 0.562500
vt 0.750000 0.968750
vt 0.734375 1.000000
vt 0.718750 0.968750
vt 0.750000 0.125000
vt 0.718750 0.125000
vt 0.750000 0.531250
vt 0.718750 0.531250
vt 0.750000 0.937500
vt 0.718750 0.937500
vt 0.750000 0.093750
vt 0.718750 0.093750
vt 0.750000 0.500000
vt 0.718750 0.500000
vt 0.750000 0.906250
vt 0.718750 0.906250
vt 0.750000 0.062500
vt 0.718750 0.062500
vt 0.750000 0.468750
vt 0.718750 0.468750
vt 0.750000 0.875000
vt 0.718750 0.875000
vt 0.750000 0.031250
vt 0.718750 0.031250
vt 0.750000 0.437500
vt 0.718750 0.437500
vt 0.750000 0.843750
vt 0.718750 0.843750
vt 0.734375 0.000000
vt 0.750000 0.406250
vt 0.718750 0.406250
vt 0.750000 0.812500
vt 0.718750 0.812500
vt 0.687500 0.968750
vt 0.687500 0.937500
vt 0.687500 0.125000
vt 0.687500 0.093750
vt 0.687500 0.531250
vt 0.687500 0.500000
vt 0.687500 0.906250
vt 0.687500 0.062500
vt 0.687500 0.468750
vt 0.687500 0.875000
vt 0.687500 0.031250
vt 0.687500 0.437500
vt 0.687500 0.843750
vt 0.703125 0.000000
vt 0.687500 0.406250
vt 0.687500 0.812500
vt 0.687500 0.375000
vt 0.687500 0.781250
vt 0.687500 0.343750
vt 0.687500 0.750000
vt 0.687500 0.312500
vt 0.687500 0.718750
vt 0.687500 0.281250
vt 0.687500 0.687500
vt 0.687500 0.250000
vt 0.687500 0.656250
vt 0.687500 0.218750
vt 0.687500 0.625000
vt 0.687500 0.187500
vt 0.687500 0.593750
vt 0.687500 0.156250
vt 0.687500 0.562500
vt 0.703125 1.000000
vt 0.656250 0.906250
vt 0.656250 0.875000
vt 0.656250 0.062500
vt 0.656250 0.031250
vt 0.656250 0.468750
vt 0.656250 0.437500
vt 0.656250 0.843750
vt 0.671875 0.000000
vt 0.656250 0.406250
vt 0.656250 0.812500
vt 0.656250 0.375000
vt 0.656250 0.781250
vt 0.656250 0.343750
vt 0.656250 0.750000
vt 0.656250 0.312500
vt 0.656250 0.718750
vt 0.656250 0.281250
vt 0.656250 0.687500
vt 0.656250 0.250000
vt 0.656250 0.656250
vt 0.656250 0.218750
vt 0.656250 0.625000
vt 0.656250 0.187500
vt 0.656250 0.593750
vt 0.656250 0.156250
vt 0.656250 0.562500
vt 0.671875 1.000000
vt 0.656250 0.968750
vt 0.656250 0.125000
vt 0.656250 0.531250
vt 0.656250 0.937500
vt 0.656250 0.093750
vt 0.656250 0.500000
vt 0.625000 0.843750
vt 0.625000 0.812500
vt 0.625000 0.406250
vt 0.625000 0.375000
vt 0.625000 0.781250
vt 0.625000 0.343750
vt 0.625000 0.750000
vt 0.625000 0.312500
vt 0.625000 0.718750
vt 0.625000 0.281250
vt 0.625000 0.687500
vt 0.625000 0.250000
vt 0.625000 0.656250
vt 0.625000 0.218750
vt 0.625000 0.625000
vt 0.625000 0.187500
vt 0.625000 0.593750
vt 0.625000 0.156250
vt 0.625000 0.562500
vt 0.640625 1.000000
vt 0.625000 0.968750
vt 0.625000 0.125000
vt 0.625000 0.531250
vt 0.625000 0.937500
vt 0.625000 0.093750
vt 0.625000 0.500000
vt 0.625000 0.906250
vt 0.625000 0.062500
vt 0.625000 0.468750
vt 0.625000 0.875000
vt 0.625000 0.031250
vt 0.625000 0.437500
vt 0.640625 0.000000
vt 0.593750 0.781250
vt 0.593750 0.750000
vt 0.593750 0.343750
vt 0.593750 0.312500
vt 0.593750 0.718750
vt 0.593750 0.281250
vt 0.593750 0.687500
vt 0.593750 0.250000
vt 0.593750 0.656250
vt 0.593750 0.218750
vt 0.593750 0.625000
vt 0.593750 0.187500
vt 0.593750 0.593750
vt 0.593750 0.156250
vt 0.593750 0.562500
vt 0.609375 1.000000
vt 0.593750 0.968750
vt 0.593750 0.125000
vt 0.593750 0.531250
vt 0.593750 0.937500
vt 0.593750 0.093750
vt 0.593750 0.500000
vt 0.593750 0.906250
vt 0.593750 0.062500
vt 0.593750 0.468750
vt 0.593750 0.875000
vt 0.593750 0.031250
vt 0.593750 0.437500
vt 0.593750 0.843750
vt 0.609375 0.000000
vt 0.593750 0.406250
vt 0.593750 0.812500
vt 0.593750 0.375000
vt 0.562500 0.718750
vt 0.562500 0.687500
vt 0.562500 0.281250
vt 0.562500 0.250000
vt 0.562500 0.656250
vt 0.562500 0.218750
vt 0.562500 0.625000
vt 0.562500 0.187500
vt 0.562500 0.593750
vt 0.562500 0.156250
vt 0.562500 0.562500
vt 0.578125 1.000000
vt 0.562500 0.968750
vt 0.562500 0.125000
vt 0.562500 0.531250
vt 0.562500 0.937500
vt 0.562500 0.093750
vt 0.562500 0.500000
vt 0.562500 0.906250
vt 0.562500 0.062500
vt 0.562500 0.468750
vt 0.562500 0.875000
vt 0.562500 0.031250
vt 0.562500 0.437500
vt 0.562500 0.843750
vt 0.578125 0.000000
vt 0.562500 0.406250
vt 0.562500 0.812500
vt 0.562500 0.375000
vt 0.562500 0.781250
vt 0.562500 0.343750
vt 0.562500 0.750000
vt 0.562500 0.312500
vt 0.531250 0.656250
vt 0.531250 0.625000
vt 0.531250 0.218750
vt 0.531250 0.187500
vt 0.531250 0.593750
vt 0.531250 0.156250
vt 0.531250 0.562500
vt 0.546875 1.000000
vt 0.531250 0.968750
vt 0.531250 0.125000
vt 0.531250 0.531250
vt 0.531250 0.937500
vt 0.531250 0.093750
vt 0.531250 0.500000
vt 0.531250 0.906250
vt 0.531250 0.062500
vt 0.531250 0.468750
vt 0.531250 0.875000
vt 0.531250 0.031250
vt 0.531250 0.437500
vt 0.531250 0.843750
vt 0.546875 0.000000
vt 0.531250 0.406250
vt 0.531250 0.812500
vt 0.531250 0.375000
vt 0.531250 0.781250
vt 0.531250 0.343750
vt 0.531250 0.750000
vt 0.531250 0.312500
vt 0.531250 0.718750
vt 0.531250 0.281250
vt 0.531250 0.687500
vt 0.531250 0.250000
vt 0.500000 0.593750
vt 0.500000 0.562500
vt 0.515625 1.000000
vt 0.500000 0.968750
vt 0.500000 0.156250
vt 0.500000 0.125000
vt 0.500000 0.531250
vt 0.500000 0.937500
vt 0.500000 0.093750
vt 0.500000 0.500000
vt 0.500000 0.906250
vt 0.500000 0.062500
vt 0.500000 0.468750
vt 0.500000 0.875000
vt 0.500000 0.031250
vt 0.500000 0.437500
vt 0.500000 0.843750
vt 0.515625 0.000000
vt 0.500000 0.406250
vt 0.500000 0.812500
vt 0.500000 0.375000
vt 0.500000 0.781250
vt 0.500000 0.343750
vt 0.500000 0.750000
vt 0.500000 0.312500
vt 0.500000 0.718750
vt 0.500000 0.281250
vt 0.500000 0.687500
vt 0.500000 0.250000
vt 0.500000 0.656250
vt 0.500000 0.218750
vt 0.500000 0.625000
vt 0.500000 0.187500
vt 0.468750 0.531250
vt 0.468750 0.500000
vt 0.468750 0.937500
vt 0.468750 0.906250
vt 0.468750 0.093750
vt 0.468750 0.062500
vt 0.468750 0.468750
vt 0.468750 0.875000
vt 0.468750 0.031250
vt 0.468750 0.437500
vt 0.468750 0.843750
vt 0.484375 0.000000
vt 0.468750 0.406250
vt 0.468750 0.812500
vt 0.468750 0.375000
vt 0.468750 0.781250
vt 0.468750 0.343750
vt 0.468750 0.750000
vt 0.468750 0.312500
vt 0.468750 0.718750
vt 0.468750 0.281250
vt 0.468750 0.687500
vt 0.468750 0.250000
vt 0.468750 0.656250
vt 0.468750 0.218750
vt 0.468750 0.625000
vt 0.468750 0.187500
vt 0.468750 0.593750
vt 0.468750 0.156250
vt 0.468750 0.562500
vt 0.484375 1.000000
vt 0.468750 0.968750
vt 0.468750 0.125000
vt 0.437500 0.468750
vt 0.437500 0.437500
vt 0.437500 0.875000
vt 0.437500 0.843750
vt 0.453125 0.000000
vt 0.437500 0.031250
vt 0.437500 0.406250
vt 0.437500 0.812500
vt 0.437500 0.375000
vt 0.437500 0.781250
vt 0.437500 0.343750
vt 0.437500 0.750000
vt 0.437500 0.312500
vt 0.437500 0.718750
vt 0.437500 0.281250
vt 0.437500 0.687500
vt 0.437500 0.250000
vt 0.437500 0.656250
vt 0.437500 0.218750
vt 0.437500 0.625000
vt 0.437500 0.187500
vt 0.437500 0.593750
vt 0.437500 0.156250
vt 0.437500 0.562500
vt 0.453125 1.000000
vt 0.437500 0.968750
vt 0.437500 0.125000
vt 0.437500 0.531250
vt 0.437500 0.937500
vt 0.437500 0.093750
vt 0.437500 0.500000
vt 0.437500 0.906250
vt 0.437500 0.062500
vt 0.406250 0.406250
vt 0.406250 0.375000
vt 0.406250 0.812500
vt 0.406250 0.781250
vt 0.406250 0.343750
vt 0.406250 0.750000
vt 0.406250 0.312500
vt 0.406250 0.718750
vt 0.406250 0.281250
vt 0.406250 0.687500
vt 0.406250 0.250000
vt 0.406250 0.656250
vt 0.406250 0.218750
vt 0.406250 0.625000
vt 0.406250 0.187500
vt 0.406250 0.593750
vt 0.406250 0.156250
vt 0.406250 0.562500
vt 0.421875 1.000000
vt 0.406250 0.968750
vt 0.406250 0.125000
vt 0.406250 0.531250
vt 0.406250 0.937500
vt 0.406250 0.093750
vt 0.406250 0.500000
vt 0.406250 0.906250
vt 0.406250 0.062500
vt 0.406250 0.468750
vt 0.406250 0.875000
vt 0.406250 0.031250
vt 0.406250 0.437500
vt 0.406250 0.843750
vt 0.421875 0.000000
vt 0.375000 0.343750
vt 0.375000 0.312500
vt 0.375000 0.750000
vt 0.375000 0.718750
vt 0.375000 0.281250
vt 0.375000 0.687500
vt 0.375000 0.250000
vt 0.375000 0.656250
vt 0.375000 0.218750
vt 0.375000 0.625000
vt 0.375000 0.187500
vt 0.375000 0.593750
vt 0.375000 0.156250
vt 0.375000 0.562500
vt 0.390625 1.000000
vt 0.375000 0.968750
vt 0.375000 0.125000
vt 0.375000 0.531250
vt 0.375000 0.937500
vt 0.375000 0.093750
vt 0.375000 0.500000
vt 0.375000 0.906250
vt 0.375000 0.062500
vt 0.375000 0.468750
vt 0.375000 0.875000
vt 0.375000 0.031250
vt 0.375000 0.437500
vt 0.375000 0.843750
vt 0.390625 0.000000
vt 0.375000 0.406250
vt 0.375000 0.812500
vt 0.375000 0.375000
vt 0.375000 0.781250
vt 0.343750 0.281250
vt 0.343750 0.250000
vt 0.343750 0.687500
vt 0.343750 0.656250
vt 0.343750 0.218750
vt 0.343750 0.625000
vt 0.343750 0.187500
vt 0.343750 0.593750
vt 0.343750 0.156250
vt 0.343750 0.562500
vt 0.359375 1.000000
vt 0.343750 0.968750
vt 0.343750 0.125000
vt 0.343750 0.531250
vt 0.343750 0.937500
vt 0.343750 0.093750
vt 0.343750 0.500000
vt 0.343750 0.906250
vt 0.343750 0.062500
vt 0.343750 0.468750
vt 0.343750 0.875000
vt 0.343750 0.031250
vt 0.343750 0.437500
vt 0.343750 0.843750
vt 0.359375 0.000000
vt 0.343750 0.406250
vt 0.343750 0.812500
vt 0.343750 0.375000
vt 0.343750 0.781250
vt 0.343750 0.343750
vt 0.343750 0.750000
vt 0.343750 0.312500
vt 0.343750 0.718750
vt 0.312500 0.218750
vt 0.312500 0.187500
vt 0.312500 0.625000
vt 0.312500 0.593750
vt 0.312500 0.156250
vt 0.312500 0.562500
vt 0.328125 1.000000
vt 0.312500 0.968750
vt 0.312500 0.125000
vt 0.312500 0.531250
vt 0.312500 0.937500
vt 0.312500 0.093750
vt 0.312500 0.500000
vt 0.312500 0.906250
vt 0.312500 0.062500
vt 0.312500 0.468750
vt 0.312500 0.875000
vt 0.312500 0.031250
vt 0.312500 0.437500
vt 0.312500 0.843750
vt 0.328125 0.000000
vt 0.312500 0.406250
vt 0.312500 0.812500
vt 0.312500 0.375000
vt 0.312500 0.781250
vt 0.312500 0.343750
vt 0.312500 0.750000
vt 0.312500 0.312500
vt 0.312500 0.718750
vt 0.312500 0.281250
vt 0.312500 0.687500
vt 0.312500 0.250000
vt 0.312500 0.656250
vt 0.281250 0.156250
vt 0.281250 0.125000
vt 0.281250 0.562500
vt 0.281250 0.531250
vt 0.281250 0.968750
vt 0.281250 0.937500
vt 0.281250 0.093750
vt 0.281250 0.500000
vt 0.281250 0.906250
vt 0.281250 0.062500
vt 0.281250 0.468750
vt 0.281250 0.875000
vt 0.281250 0.031250
vt 0.281250 0.437500
vt 0.281250 0.843750
vt 0.296875 0.000000
vt 0.281250 0.406250
vt 0.281250 0.812500
vt 0.281250 0.375000
vt 0.281250 0.781250
vt 0.281250 0.343750
vt 0.281250 0.750000
vt 0.281250 0.312500
vt 0.281250 0.718750
vt 0.281250 0.281250
vt 0.281250 0.687500
vt 0.281250 0.250000
vt 0.281250 0.656250
vt 0.281250 0.218750
vt 0.281250 0.625000
vt 0.281250 0.187500
vt 0.281250 0.593750
vt 0.296875 1.000000
vt 0.250000 0.093750
vt 0.250000 0.062500
vt 0.250000 0.500000
vt 0.250000 0.468750
vt 0.250000 0.906250
vt 0.250000 0.875000
vt 0.250000 0.031250
vt 0.250000 0.437500
vt 0.250000 0.843750
vt 0.265625 0.000000
vt 0.250000 0.406250
vt 0.250000 0.812500
vt 0.250000 0.375000
vt 0.250000 0.781250
vt 0.250000 0.343750
vt 0.250000 0.750000
vt 0.250000 0.312500
vt 0.250000 0.718750
vt 0.250000 0.281250
vt 0.250000 0.687500
vt 0.250000 0.250000
vt 0.250000 0.656250
vt 0.250000 0.218750
vt 0.250000 0.625000
vt 0.250000 0.187500
vt 0.250000 0.593750
vt 0.250000 0.156250
vt 0.250000 0.562500
vt 0.265625 1.000000
vt 0.250000 0.968750
vt 0.250000 0.125000
vt 0.250000 0.531250
vt 0.250000 0.937500
vt 0.234375 0.000000
vt 0.218750 0.031250
vt 0.218750 0.437500
vt 0.218750 0.406250
vt 0.218750 0.843750
vt 0.218750 0.812500
vt 0.218750 0.375000
vt 0.218750 0.781250
vt 0.218750 0.343750
vt 0.218750 0.750000
vt 0.218750 0.312500
vt 0.218750 0.718750
vt 0.218750 0.281250
vt 0.218750 0.687500
vt 0.218750 0.250000
vt 0.218750 0.656250
vt 0.218750 0.218750
vt 0.218750 0.625000
vt 0.218750 0.187500
vt 0.218750 0.593750
vt 0.218750 0.156250
vt 0.218750 0.562500
vt 0.234375 1.000000
vt 0.218750 0.968750
vt 0.218750 0.125000
vt 0.218750 0.531250
vt 0.218750 0.937500
vt 0.218750 0.093750
vt 0.218750 0.500000
vt 0.218750 0.906250
vt 0.218750 0.062500
vt 0.218750 0.468750
vt 0.218750 0.875000
vt 0.187500 0.375000
vt 0.187500 0.343750
vt 0.187500 0.781250
vt 0.187500 0.750000
vt 0.187500 0.312500
vt 0.187500 0.718750
vt 0.187500 0.281250
vt 0.187500 0.687500
vt 0.187500 0.250000
vt 0.187500 0.656250
vt 0.187500 0.218750
vt 0.187500 0.625000
vt 0.187500 0.187500
vt 0.187500 0.593750
vt 0.187500 0.156250
vt 0.187500 0.562500
vt 0.203125 1.000000
vt 0.187500 0.968750
vt 0.187500 0.125000
vt 0.187500 0.531250
vt 0.187500 0.937500
vt 0.187500 0.093750
vt 0.187500 0.500000
vt 0.187500 0.906250
vt 0.187500 0.062500
vt 0.187500 0.468750
vt 0.187500 0.875000
vt 0.187500 0.031250
vt 0.187500 0.437500
vt 0.187500 0.843750
vt 0.203125 0.000000
vt 0.187500 0.406250
vt 0.187500 0.812500
vt 0.156250 0.312500
vt 0.156250 0.281250
vt 0.156250 0.718750
vt 0.156250 0.687500
vt 0.156250 0.250000
vt 0.156250 0.656250
vt 0.156250 0.218750
vt 0.156250 0.625000
vt 0.156250 0.187500
vt 0.156250 0.593750
vt 0.156250 0.156250
vt 0.156250 0.562500
vt 0.171875 1.000000
vt 0.156250 0.968750
vt 0.156250 0.125000
vt 0.156250 0.531250
vt 0.156250 0.937500
vt 0.156250 0.093750
vt 0.156250 0.500000
vt 0.156250 0.906250
vt 0.156250 0.062500
vt 0.156250 0.468750
vt 0.156250 0.875000
vt 0.156250 0.031250
vt 0.156250 0.437500
vt 0.156250 0.843750
vt 0.171875 0.000000
vt 0.156250 0.406250
vt 0.156250 0.812500
vt 0.156250 0.375000
vt 0.156250 0.781250
vt 0.156250 0.343750
vt 0.156250 0.750000
vt 0.125000 0.250000
vt 0.125000 0.218750
vt 0.125000 0.656250
vt 0.125000 0.625000
vt 0.125000 0.187500
vt 0.125000 0.593750
vt 0.125000 0.156250
vt 0.125000 0.562500
vt 0.140625 1.000000
vt 0.125000 0.968750
vt 0.125000 0.125000
vt 0.125000 0.531250
vt 0.125000 0.937500
vt 0.125000 0.093750
vt 0.125000 0.500000
vt 0.125000 0.906250
vt 0.125000 0.062500
vt 0.125000 0.468750
vt 0.125000 0.875000
vt 0.125000 0.031250
vt 0.125000 0.437500
vt 0.125000 0.843750
vt 0.140625 0.000000
vt 0.125000 0.406250
vt 0.125000 0.812500
vt 0.125000 0.375000
vt 0.125000 0.781250
vt 0.125000 0.343750
vt 0.125000 0.750000
vt 0.125000 0.312500
vt 0.125000 0.718750
vt 0.125000 0.281250
vt 0.125000 0.687500
vt 0.093750 0.187500
vt 0.093750 0.156250
vt 0.093750 0.593750
vt 0.093750 0.562500
vt 0.109375 1.000000
vt 0.093750 0.968750
vt 0.093750 0.125000
vt 0.093750 0.531250
vt 0.093750 0.937500
vt 0.093750 0.093750
vt 0.093750 0.500000
vt 0.093750 0.906250
vt 0.093750 0.062500
vt 0.093750 0.468750
vt 0.093750 0.875000
vt 0.093750 0.031250
vt 0.093750 0.437500
vt 0.093750 0.843750
vt 0.109375 0.000000
vt 0.093750 0.406250
vt 0.093750 0.812500
vt 0.093750 0.375000
vt 0.093750 0.781250
vt 0.093750 0.343750
vt 0.093750 0.750000
vt 0.093750 0.312500
vt 0.093750 0.718750
vt 0.093750 0.281250
vt 0.093750 0.687500
vt 0.093750 0.250000
vt 0.093750 0.656250
vt 0.093750 0.218750
vt 0.093750 0.625000
vt 0.062500 0.968750
vt 0.062500 0.937500
vt 0.062500 0.125000
vt 0.062500 0.093750
vt 0.062500 0.531250
vt 0.062500 0.500000
vt 0.062500 0.906250
vt 0.062500 0.062500
vt 0.062500 0.468750
vt 0.062500 0.875000
vt 0.062500 0.031250
vt 0.062500 0.437500
vt 0.062500 0.843750
vt 0.078125 0.000000
vt 0.062500 0.406250
vt 0.062500 0.812500
vt 0.062500 0.375000
vt 0.062500 0.781250
vt 0.062500 0.343750
vt 0.062500 0.750000
vt 0.062500 0.312500
vt 0.062500 0.718750
vt 0.062500 0.281250
vt 0.062500 0.687500
vt 0.062500 0.250000
vt 0.062500 0.656250
vt 0.062500 0.218750
vt 0.062500 0.625000
vt 0.062500 0.187500
vt 0.062500 0.593750
vt 0.062500 0.156250
vt 0.062500 0.562500
vt 0.078125 1.000000
vt 0.031250 0.906250
vt 0.031250 0.875000
vt 0.031250 0.062500
vt 0.031250 0.031250
vt 0.031250 0.468750
vt 0.031250 0.437500
vt 0.031250 0.843750
vt 0.046875 0.000000
vt 0.031250 0.406250
vt 0.031250 0.812500
vt 0.031250 0.375000
vt 0.031250 0.781250
vt 0.031250 0.343750
vt 0.031250 0.750000
vt 0.031250 0.312500
vt 0.031250 0.718750
vt 0.031250 0.281250
vt 0.031250 0.687500
vt 0.031250 0.250000
vt 0.031250 0.656250
vt 0.031250 0.218750
vt 0.031250 0.625000
vt 0.031250 0.187500
vt 0.031250 0.593750
vt 0.031250 0.156250
vt 0.031250 0.562500
vt 0.046875 1.000000
vt 0.031250 0.968750
vt 0.031250 0.125000
vt 0.031250 0.531250
vt 0.031250 0.937500
vt 0.031250 0.093750
vt 0.031250 0.500000
vt 0.000000 0.843750
vt 0.000000 0.812500
vt 0.000000 0.406250
vt 0.000000 0.375000
vt 0.000000 0.781250
vt 0.000000 0.343750
vt 0.000000 0.750000
vt 0.000000 0.312500
vt 0.000000 0.718750
vt 0.000000 0.281250
vt 0.000000 0.687500
vt 0.000000 0.250000
vt 0.000000 0.656250
vt 0.000000 0.218750
vt 0.000000 0.625000
vt 0.000000 0.187500
vt 0.000000 0.593750
vt 0.000000 0.156250
vt 0.000000 0.562500
vt 0.015625 1.000000
vt 0.000000 0.968750
vt 0.000000 0.125000
vt 0.000000 0.531250
vt 0.000000 0.937500
vt 0.000000 0.093750
vt 0.000000 0.500000
vt 0.000000 0.906250
vt 0.000000 0.062500
vt 0.000000 0.468750
vt 0.000000 0.875000
vt 0.000000 0.031250
vt 0.000000 0.437500
vt 0.015625 0.000000
vt 1.000000 0.750000
vt 1.000000 0.781250
vt 0.968750 0.781250
vt 0.968750 0.750000
vt 1.000000 0.312500
vt 1.000000 0.343750
vt 0.968750 0.343750
vt 0.968750 0.312500
vt 1.000000 0.718750
vt 0.968750 0.718750
vt 1.000000 0.281250
vt 0.968750 0.281250
vt 1.000000 0.687500
vt 0.968750 0.687500
vt 1.000000 0.250000
vt 0.968750 0.250000
vt 1.000000 0.656250
vt 0.968750 0.656250
vt 1.000000 0.218750
vt 0.968750 0.218750
vt 1.000000 0.625000
vt 0.968750 0.625000
vt 1.000000 0.187500
vt 0.968750 0.187500
vt 1.000000 0.593750
vt 0.968750 0.593750
vt 1.000000 0.156250
vt 0.968750 0.156250
vt 1.000000 0.562500
vt 0.968750 0.562500
vt 1.000000 0.968750
vt 0.984375 1.000000
vt 0.968750 0.968750
vt 1.000000 0.125000
vt 0.968750 0.125000
vt 1.000000 0.531250
vt 0.968750 0.531250
vt 1.000000 0.937500
vt 0.968750 0.937500
vt 1.000000 0.093750
vt 0.968750 0.093750
vt 1.000000 0.500000
vt 0.968750 0.500000
vt 1.000000 0.906250
vt 0.968750 0.906250
vt 1.000000 0.062500
vt 0.968750 0.062500
vt 1.000000 0.468750
vt 0.968750 0.468750
vt 1.000000 0.875000
vt 0.968750 0.875000
vt 1.000000 0.031250
vt 0.968750 0.031250
vt 1.000000 0.437500
vt 0.968750 0.437500
vt 1.000000 0.843750
vt 0.968750 0.843750
vt 0.984375 0.000000
vt 1.000000 0.406250
vt 0.968750 0.406250
vt 1.000000 0.812500
vt 0.968750 0.812500
vt 1.000000 0.375000
vt 0.968750 0.375000
vt 0.937500 0.718750
vt 0.937500 0.687500
vt 0.937500 0.281250
vt 0.937500 0.250000
vt 0.937500 0.656250
vt 0.937500 0.218750
vt 0.937500 0.625000
vt 0.937500 0.187500
vt 0.937500 0.593750
vt 0.937500 0.156250
vt 0.937500 0.562500
vt 0.953125 1.000000
vt 0.937500 0.968750
vt 0.937500 0.125000
vt 0.937500 0.531250
vt 0.937500 0.937500
vt 0.937500 0.093750
vt 0.937500 0.500000
vt 0.937500 0.906250
vt 0.937500 0.062500
vt 0.937500 0.468750
vt 0.937500 0.875000
vt 0.937500 0.031250
vt 0.937500 0.437500
vt 0.937500 0.843750
vt 0.953125 0.000000
vt 0.937500 0.406250
vt 0.937500 0.812500
vt 0.937500 0.375000
vt 0.937500 0.781250
vt 0.937500 0.343750
vt 0.937500 0.750000
vt 0.937500 0.312500
vt 0.906250 0.156250
vt 0.906250 0.125000
vt 0.906250 0.562500
vt 0.906250 0.531250
vt 0.906250 0.968750
vt 0.906250 0.937500
vt 0.906250 0.093750
vt 0.906250 0.500000
vt 0.906250 0.906250
vt 0.906250 0.062500
vt 0.906250 0.468750
vt 0.906250 0.875000
vt 0.906250 0.031250
vt 0.906250 0.437500
vt 0.906250 0.843750
vt 0.921875 0.000000
vt 0.906250 0.406250
vt 0.906250 0.812500
vt 0.906250 0.375000
vt 0.906250 0.781250
vt 0.906250 0.343750
vt 0.906250 0.750000
vt 0.906250 0.312500
vt 0.906250 0.718750
vt 0.906250 0.281250
vt 0.906250 0.687500
vt 0.906250 0.250000
vt 0.906250 0.656250
vt 0.906250 0.218750
vt 0.906250 0.625000
vt 0.906250 0.187500
vt 0.906250 0.593750
vt 0.921875 1.000000
vt 0.875000 0.093750
vt 0.875000 0.062500
vt 0.875000 0.500000
vt 0.875000 0.468750
vt 0.875000 0.906250
vt 0.875000 0.875000
vt 0.875000 0.031250
vt 0.875000 0.437500
vt 0.875000 0.843750
vt 0.890625 0.000000
vt 0.875000 0.406250
vt 0.875000 0.812500
vt 0.875000 0.375000
vt 0.875000 0.781250
vt 0.875000 0.343750
vt 0.875000 0.750000
vt 0.875000 0.312500
vt 0.875000 0.718750
vt 0.875000 0.281250
vt 0.875000 0.687500
vt 0.875000 0.250000
vt 0.875000 0.656250
vt 0.875000 0.218750
vt 0.875000 0.625000
vt 0.875000 0.187500
vt 0.875000 0.593750
vt 0.875000 0.156250
vt 0.875000 0.562500
vt 0.890625 1.000000
vt 0.875000 0.968750
vt 0.875000 0.125000
vt 0.875000 0.531250
vt 0.875000 0.937500
vt 0.859375 0.000000
vt 0.843750 0.031250
vt 0.843750 0.437500
vt 0.843750 0.406250
vt 0.843750 0.843750
vt 0.843750 0.812500
vt 0.843750 0.375000
vt 0.843750 0.781250
vt 0.843750 0.343750
vt 0.843750 0.750000
vt 0.843750 0.312500
vt 0.843750 0.718750
vt 0.843750 0.281250
vt 0.843750 0.687500
vt 0.843750 0.250000
vt 0.843750 0.656250
vt 0.843750 0.218750
vt 0.843750 0.625000
vt 0.843750 0.187500
vt 0.843750 0.593750
vt 0.843750 0.156250
vt 0.843750 0.562500
vt 0.859375 1.000000
vt 0.843750 0.968750
vt 0.843750 0.125000
vt 0.843750 0.531250
vt 0.843750 0.937500
vt 0.843750 0.093750
vt 0.843750 0.500000
vt 0.843750 0.906250
vt 0.843750 0.062500
vt 0.843750 0.468750
vt 0.843750 0.875000
vt 0.812500 0.375000
vt 0.812500 0.343750
vt 0.812500 0.781250
vt 0.812500 0.750000
vt 0.812500 0.312500
vt 0.812500 0.718750
vt 0.812500 0.281250
vt 0.812500 0.687500
vt 0.812500 0.250000
vt 0.812500 0.656250
vt 0.812500 0.218750
vt 0.812500 0.625000
vt 0.812500 0.187500
vt 0.812500 0.593750
vt 0.812500 0.156250
vt 0.812500 0.562500
vt 0.828125 1.000000
vt 0.812500 0.968750
vt 0.812500 0.125000
vt 0.812500 0.531250
vt 0.812500 0.937500
vt 0.812500 0.093750
vt 0.812500 0.500000
vt 0.812500 0.906250
vt 0.812500 0.062500
vt 0.812500 0.468750
vt 0.812500 0.875000
vt 0.812500 0.031250
vt 0.812500 0.437500
vt 0.812500 0.843750
vt 0.828125 0.000000
vt 0.812500 0.406250
vt 0.812500 0.812500
vt 0.781250 0.312500
vt 0.781250 0.281250
vt 0.781250 0.718750
vt 0.781250 0.687500
vt 0.781250 0.250000
vt 0.781250 0.656250
vt 0.781250 0.218750
vt 0.781250 0.625000
vt 0.781250 0.187500
vt 0.781250 0.593750
vt 0.781250 0.156250
vt 0.781250 0.562500
vt 0.796875 1.000000
vt 0.781250 0.968750
vt 0.781250 0.125000
vt 0.781250 0.531250
vt 0.781250 0.937500
vt 0.781250 0.093750
vt 0.781250 0.500000
vt 0.781250 0.906250
vt 0.781250 0.062500
vt 0.781250 0.468750
vt 0.781250 0.875000
vt 0.781250 0.031250
vt 0.781250 0.437500
vt 0.781250 0.843750
vt 0.796875 0.000000
vt 0.781250 0.406250
vt 0.781250 0.812500
vt 0.781250 0.375000
vt 0.781250 0.781250
vt 0.781250 0.343750
vt 0.781250 0.750000
vt 0.765625 1.000000
vt 0.765625 0.000000
vt 0.000000 0.000000
s 1
usemtl Carbon
f 9/1/1 991/2/2 36/3/3 37/4/4
f 986/5/5 1/6/6 23/7/7 24/8/8
f 10/9/9 9/1/1 37/4/4 38/10/10
f 2/11/11 986/5/5 24/8/8 25/12/12
f 11/13/13 10/9/9 38/10/10 39/14/14
f 987/15/15 2/11/11 25/12/12 26/16/16
f 992/17/17 11/13/13 39/14/14 40/18/18
f 988/19/19 987/15/15 26/16/16 27/20/20
f 12/21/21 992/17/17 40/18/18 41/22/22
f 3/23/23 988/19/19 27/20/20 28/24/24
f 13/25/25 12/21/21 41/22/22 42/26/26
f 4/27/27 3/23/23 28/24/24 29/28/28
f 14/29/29 13/25/25 42/26/26 43/30/30
f 5/31/31 4/27/27 29/28/28 30/32/32
f 980/33/33 514/34/34 17/35/35
f 993/36/36 14/29/29 43/30/30 44/37/37
f 6/38/38 5/31/31 30/32/32 31/39/39
f 981/40/40 980/33/33 17/35/35 18/41/41
f 994/42/42 993/36/36 44/37/37 45/43/43
f 989/44/44 6/38/38 31/39/39 32/45/45
f 982/46/46 981/40/40 18/41/41 19/47/47
f 15/48/48 994/42/42 45/43/43 46/49/49
f 7/50/50 989/44/44 32/45/45 33/51/51
f 983/52/52 982/46/46 19/47/47 20/53/53
f 16/54/54 15/48/48 46/49/49 47/55/55
f 8/56/56 7/50/50 33/51/51 34/57/57
f 984/58/58 983/52/52 20/53/53 21/59/59
f 513/60/60 16/54/54 47/55/55
f 990/61/61 8/56/56 34/57/57 35/62/62
f 985/63/63 984/58/58 21/59/59 22/64/64
f 991/2/2 990/61/61 35/62/62 36/3/3
f 1/6/6 985/63/63 22/64/64 23/7/7
f 18/41/41 17/35/35 48/65/65 49/66/66
f 45/43/43 44/37/37 75/67/67 76/68/68
f 32/45/45 31/39/39 62/69/69 63/70/70
f 19/47/47 18/41/41 49/66/66 50/71/71
f 46/49/49 45/43/43 76/68/68 77/72/72
f 33/51/51 32/45/45 63/70/70 64/73/73
f 20/53/53 19/47/47 50/71/71 51/74/74
f 47/55/55 46/49/49 77/72/72 78/75/75
f 34/57/57 33/51/51 64/73/73 65/76/76
f 21/59/59 20/53/53 51/74/74 52/77/77
f 513/78/60 47/55/55 78/75/75
f 35/62/62 34/57/57 65/76/76 66/79/78
f 22/64/64 21/59/59 52/77/77 53/80/79
f 36/3/3 35/62/62 66/79/78 67/81/80
f 23/7/7 22/64/64 53/80/79 54/82/81
f 37/4/4 36/3/3 67/81/80 68/83/82
f 24/8/8 23/7/7 54/82/81 55/84/83
f 38/10/10 37/4/4 68/83/82 69/85/84
f 25/12/12 24/8/8 55/84/83 56/86/85
f 39/14/14 38/10/10 69/85/84 70/87/86
f 26/16/16 25/12/12 56/86/85 57/88/87
f 40/18/18 39/14/14 70/87/86 71/89/88
f 27/20/20 26/16/16 57/88/87 58/90/89
f 41/22/22 40/18/18 71/89/88 72/91/90
f 28/24/24 27/20/20 58/90/89 59/92/91
f 42/26/26 41/22/22 72/91/90 73/93/92
f 29/28/28 28/24/24 59/92/91 60/94/93
f 43/30/30 42/26/26 73/93/92 74/95/94
f 30/32/32 29/28/28 60/94/93 61/96/95
f 17/35/35 514/97/34 48/65/65
f 44/37/37 43/30/30 74/95/94 75/67/67
f 31/39/39 30/32/32 61/96/95 62/69/69
f 51/74/74 50/71/71 81/98/96 82/99/97
f 78/75/75 77/72/72 108/100/98 109/101/99
f 65/76/76 64/73/73 95/102/100 96/103/101
f 52/77/77 51/74/74 82/99/97 83/104/102
f 513/105/60 78/75/75 109/101/99
f 66/79/78 65/76/76 96/103/101 97/106/103
f 53/80/79 52/77/77 83/104/102 84/107/104
f 67/81/80 66/79/78 97/106/103 98/108/105
f 54/82/81 53/80/79 84/107/104 85/109/106
f 68/83/82 67/81/80 98/108/105 99/110/107
f 55/84/83 54/82/81 85/109/106 86/111/108
f 69/85/84 68/83/82 99/110/107 100/112/109
f 56/86/85 55/84/83 86/111/108 87/113/110
f 70/87/86 69/85/84 100/112/109 101/114/111
f 57/88/87 56/86/85 87/113/110 88/115/112
f 71/89/88 70/87/86 101/114/111 102/116/113
f 58/90/89 57/88/87 88/115/112 89/117/114
f 72/91/90 71/89/88 102/116/113 103/118/115
f 59/92/91 58/90/89 89/117/114 90/119/116
f 73/93/92 72/91/90 103/118/115 104/120/117
f 60/94/93 59/92/91 90/119/116 91/121/118
f 74/95/94 73/93/92 104/120/117 105/122/119
f 61/96/95 60/94/93 91/121/118 92/123/120
f 48/65/65 514/124/34 79/125/121
f 75/67/67 74/95/94 105/122/119 106/126/122
f 62/69/69 61/96/95 92/123/120 93/127/123
f 49/66/66 48/65/65 79/125/121 80/128/124
f 76/68/68 75/67/67 106/126/122 107/129/125
f 63/70/70 62/69/69 93/127/123 94/130/126
f 50/71/71 49/66/66 80/128/124 81/98/96
f 77/72/72 76/68/68 107/129/125 108/100/98
f 64/73/73 63/70/70 94/130/126 95/102/100
f 84/107/104 83/104/102 114/131/127 115/132/128
f 98/108/105 97/106/103 128/133/129 129/134/130
f 85/109/106 84/107/104 115/132/128 116/135/131
f 99/110/107 98/108/105 129/134/130 130/136/132
f 86/111/108 85/109/106 116/135/131 117/137/133
f 100/112/109 99/110/107 130/136/132 131/138/134
f 87/113/110 86/111/108 117/137/133 118/139/135
f 101/114/111 100/112/109 131/138/134 132/140/136
f 88/115/112 87/113/110 118/139/135 119/141/137
f 102/116/113 101/114/111 132/140/136 133/142/138
f 89/117/114 88/115/112 119/141/137 120/143/139
f 103/118/115 102/116/113 133/142/138 134/144/140
f 90/119/116 89/117/114 120/143/139 121/145/141
f 104/120/117 103/118/115 134/144/140 135/146/142
f 91/121/118 90/119/116 121/145/141 122/147/143
f 105/122/119 104/120/117 135/146/142 136/148/144
f 92/123/120 91/121/118 122/147/143 123/149/145
f 79/125/121 514/150/34 110/151/146
f 106/126/122 105/122/119 136/148/144 137/152/147
f 93/127/123 92/123/120 123/149/145 124/153/148
f 80/128/124 79/125/121 110/151/146 111/154/149
f 107/129/125 106/126/122 137/152/147 138/155/150
f 94/130/126 93/127/123 124/153/148 125/156/151
f 81/98/96 80/128/124 111/154/149 112/157/152
f 108/100/98 107/129/125 138/155/150 139/158/153
f 95/102/100 94/130/126 125/156/151 126/159/154
f 82/99/97 81/98/96 112/157/152 113/160/155
f 109/101/99 108/100/98 139/158/153 140/161/156
f 96/103/101 95/102/100 126/159/154 127/162/157
f 83/104/102 82/99/97 113/160/155 114/131/127
f 513/163/60 109/101/99 140/161/156
f 97/106/103 96/103/101 127/162/157 128/133/129
f 117/137/133 116/135/131 147/164/158 148/165/159
f 131/138/134 130/136/132 161/166/160 162/167/161
f 118/139/135 117/137/133 148/165/159 149/168/162
f 132/140/136 131/138/134 162/167/161 163/169/163
f 119/141/137 118/139/135 149/168/162 150/170/164
f 133/142/138 132/140/136 163/169/163 164/171/165
f 120/143/139 119/141/137 150/170/164 151/172/166
f 134/144/140 133/142/138 164/171/165 165/173/167
f 121/145/141 120/143/139 151/172/166 152/174/168
f 135/146/142 134/144/140 165/173/167 166/175/169
f 122/147/143 121/145/141 152/174/168 153/176/170
f 136/148/144 135/146/142 166/175/169 167/177/171
f 123/149/145 122/147/143 153/176/170 154/178/172
f 110/151/146 514/179/34 141/180/173
f 137/152/147 136/148/144 167/177/171 168/181/174
f 124/153/148 123/149/145 154/178/172 155/182/175
f 111/154/149 110/151/146 141/180/173 142/183/176
f 138/155/150 137/152/147 168/181/174 169/184/177
f 125/156/151 124/153/148 155/182/175 156/185/178
f 112/157/152 111/154/149 142/183/176 143/186/179
f 139/158/153 138/155/150 169/184/177 170/187/180
f 126/159/154 125/156/151 156/185/178 157/188/181
f 113/160/155 112/157/152 143/186/179 144/189/182
f 140/161/156 139/158/153 170/187/180 171/190/183
f 127/162/157 126/159/154 157/188/181 158/191/184
f 114/131/127 113/160/155 144/189/182 145/192/185
f 513/193/60 140/161/156 171/190/183
f 128/133/129 127/162/157 158/191/184 159/194/186
f 115/132/128 114/131/127 145/192/185 146/195/187
f 129/134/130 128/133/129 159/194/186 160/196/188
f 116/135/131 115/132/128 146/195/187 147/164/158
f 130/136/132 129/134/130 160/196/188 161/166/160
f 150/170/164 149/168/162 180/197/189 181/198/190
f 164/171/165 163/169/163 194/199/191 195/200/192
f 151/172/166 150/170/164 181/198/190 182/201/193
f 165/173/167 164/171/165 195/200/192 196/202/194
f 152/174/168 151/172/166 182/201/193 183/203/195
f 166/175/169 165/173/167 196/202/194 197/204/196
f 153/176/170 152/174/168 183/203/195 184/205/197
f 167/177/171 166/175/169 197/204/196 198/206/198
f 154/178/172 153/176/170 184/205/197 185/207/199
f 141/180/173 514/208/34 172/209/200
f 168/181/174 167/177/171 198/206/198 199/210/201
f 155/182/175 154/178/172 185/207/199 186/211/202
f 142/183/176 141/180/173 172/209/200 173/212/203
f 169/184/177 168/181/174 199/210/201 200/213/204
f 156/185/178 155/182/175 186/211/202 187/214/205
f 143/186/179 142/183/176 173/212/203 174/215/206
f 170/187/180 169/184/177 200/213/204 201/216/207
f 157/188/181 156/185/178 187/214/205 188/217/208
f 144/189/182 143/186/179 174/215/206 175/218/209
f 171/190/183 170/187/180 201/216/207 202/219/210
f 158/191/184 157/188/181 188/217/208 189/220/211
f 145/192/185 144/189/182 175/218/209 176/221/212
f 513/222/60 171/190/183 202/219/210
f 159/194/186 158/191/184 189/220/211 190/223/213
f 146/195/187 145/192/185 176/221/212 177/224/214
f 160/196/188 159/194/186 190/223/213 191/225/215
f 147/164/158 146/195/187 177/224/214 178/226/216
f 161/166/160 160/196/188 191/225/215 192/227/217
f 148/165/159 147/164/158 178/226/216 179/228/218
f 162/167/161 161/166/160 192/227/217 193/229/219
f 149/168/162 148/165/159 179/228/218 180/197/189
f 163/169/163 162/167/161 193/229/219 194/199/191
f 183/203/195 182/201/193 213/230/220 214/231/221
f 197/204/196 196/202/194 227/232/222 228/233/223
f 184/205/197 183/203/195 214/231/221 215/234/224
f 198/206/198 197/204/196 228/233/223 229/235/225
f 185/207/199 184/205/197 215/234/224 216/236/226
f 172/209/200 514/237/34 203/238/227
f 199/210/201 198/206/198 229/235/225 230/239/228
f 186/211/202 185/207/199 216/236/226 217/240/229
f 173/212/203 172/209/200 203/238/227 204/241/230
f 200/213/204 199/210/201 230/239/228 231/242/231
f 187/214/205 186/211/202 217/240/229 218/243/232
f 174/215/206 173/212/203 204/241/230 205/244/233
f 201/216/207 200/213/204 231/242/231 232/245/234
f 188/217/208 187/214/205 218/243/232 219/246/235
f 175/218/209 174/215/206 205/244/233 206/247/236
f 202/219/210 201/216/207 232/245/234 233/248/237
f 189/220/211 188/217/208 219/246/235 220/249/238
f 176/221/212 175/218/209 206/247/236 207/250/239
f 513/251/60 202/219/210 233/248/237
f 190/223/213 189/220/211 220/249/238 221/252/240
f 177/224/214 176/221/212 207/250/239 208/253/241
f 191/225/215 190/223/213 221/252/240 222/254/242
f 178/226/216 177/224/214 208/253/241 209/255/243
f 192/227/217 191/225/215 222/254/242 223/256/244
f 179/228/218 178/226/216 209/255/243 210/257/245
f 193/229/219 192/227/217 223/256/244 224/258/246
f 180/197/189 179/228/218 210/257/245 211/259/247
f 194/199/191 193/229/219 224/258/246 225/260/248
f 181/198/190 180/197/189 211/259/247 212/261/249
f 195/200/192 194/199/191 225/260/248 226/262/250
f 182/201/193 181/198/190 212/261/249 213/230/220
f 196/202/194 195/200/192 226/262/250 227/232/222
f 216/236/226 215/234/224 246/263/251 247/264/252
f 203/238/227 514/265/34 234/266/253
f 230/239/228 229/235/225 260/267/254 261/268/255
f 217/240/229 216/236/226 247/264/252 248/269/256
f 204/241/230 203/238/227 234/266/253 235/270/257
f 231/242/231 230/239/228 261/268/255 262/271/258
f 218/243/232 217/240/229 248/269/256 249/272/259
f 205/244/233 204/241/230 235/270/257 236/273/260
f 232/245/234 231/242/231 262/271/258 263/274/261
f 219/246/235 218/243/232 249/272/259 250/275/262
f 206/247/236 205/244/233 236/273/260 237/276/263
f 233/248/237 232/245/234 263/274/261 264/277/264
f 220/249/238 219/246/235 250/275/262 251/278/265
f 207/250/239 206/247/236 237/276/263 238/279/266
f 513/280/60 233/248/237 264/277/264
f 221/252/240 220/249/238 251/278/265 252/281/267
f 208/253/241 207/250/239 238/279/266 239/282/268
f 222/254/242 221/252/240 252/281/267 253/283/269
f 209/255/243 208/253/241 239/282/268 240/284/270
f 223/256/244 222/254/242 253/283/269 254/285/271
f 210/257/245 209/255/243 240/284/270 241/286/272
f 224/258/246 223/256/244 254/285/271 255/287/273
f 211/259/247 210/257/245 241/286/272 242/288/274
f 225/260/248 224/258/246 255/287/273 256/289/275
f 212/261/249 211/259/247 242/288/274 243/290/276
f 226/262/250 225/260/248 256/289/275 257/291/277
f 213/230/220 212/261/249 243/290/276 244/292/278
f 227/232/222 226/262/250 257/291/277 258/293/279
f 214/231/221 213/230/220 244/292/278 245/294/280
f 228/233/223 227/232/222 258/293/279 259/295/281
f 215/234/224 214/231/221 245/294/280 246/263/251
f 229/235/225 228/233/223 259/295/281 260/267/254
f 249/272/259 248/269/256 279/296/282 280/297/283
f 236/273/260 235/270/257 266/298/284 267/299/285
f 263/274/261 262/271/258 293/300/286 294/301/287
f 250/275/262 249/272/259 280/297/283 281/302/288
f 237/276/263 236/273/260 267/299/285 268/303/289
f 264/277/264 263/274/261 294/301/287 295/304/290
f 251/278/265 250/275/262 281/302/288 282/305/291
f 238/279/266 237/276/263 268/303/289 269/306/292
f 513/307/60 264/277/264 295/304/290
f 252/281/267 251/278/265 282/305/291 283/308/293
f 239/282/268 238/279/266 269/306/292 270/309/294
f 253/283/269 252/281/267 283/308/293 284/310/295
f 240/284/270 239/282/268 270/309/294 271/311/296
f 254/285/271 253/283/269 284/310/295 285/312/297
f 241/286/272 240/284/270 271/311/296 272/313/298
f 255/287/273 254/285/271 285/312/297 286/314/299
f 242/288/274 241/286/272 272/313/298 273/315/300
f 256/289/275 255/287/273 286/314/299 287/316/301
f 243/290/276 242/288/274 273/315/300 274/317/302
f 257/291/277 256/289/275 287/316/301 288/318/303
f 244/292/278 243/290/276 274/317/302 275/319/304
f 258/293/279 257/291/277 288/318/303 289/320/305
f 245/294/280 244/292/278 275/319/304 276/321/306
f 259/295/281 258/293/279 289/320/305 290/322/307
f 246/263/251 245/294/280 276/321/306 277/323/308
f 260/267/254 259/295/281 290/322/307 291/324/309
f 247/264/252 246/263/251 277/323/308 278/325/310
f 234/266/253 514/326/34 265/327/311
f 261/268/255 260/267/254 291/324/309 292/328/312
f 248/269/256 247/264/252 278/325/310 279/296/282
f 235/270/257 234/266/253 265/327/311 266/298/284
f 262/271/258 261/268/255 292/328/312 293/300/286
f 282/305/291 281/302/288 312/329/313 313/330/314
f 269/306/292 268/303/289 299/331/315 300/332/316
f 513/333/60 295/304/290 326/334/317
f 283/308/293 282/305/291 313/330/314 314/335/318
f 270/309/294 269/306/292 300/332/316 301/336/319
f 284/310/295 283/308/293 314/335/318 315/337/320
f 271/311/296 270/309/294 301/336/319 302/338/321
f 285/312/297 284/310/295 315/337/320 316/339/322
f 272/313/298 271/311/296 302/338/321 303/340/323
f 286/314/299 285/312/297 316/339/322 317/341/324
f 273/315/300 272/313/298 303/340/323 304/342/325
f 287/316/301 286/314/299 317/341/324 318/343/326
f 274/317/302 273/315/300 304/342/325 305/344/327
f 288/318/303 287/316/301 318/343/326 319/345/328
f 275/319/304 274/317/302 305/344/327 306/346/329
f 289/320/305 288/318/303 319/345/328 320/347/330
f 276/321/306 275/319/304 306/346/329 307/348/331
f 290/322/307 289/320/305 320/347/330 321/349/332
f 277/323/308 276/321/306 307/348/331 308/350/333
f 291/324/309 290/322/307 321/349/332 322/351/334
f 278/325/310 277/323/308 308/350/333 309/352/335
f 265/327/311 514/353/34 296/354/336
f 292/328/312 291/324/309 322/351/334 323/355/337
f 279/296/282 278/325/310 309/352/335 310/356/338
f 266/298/284 265/327/311 296/354/336 297/357/339
f 293/300/286 292/328/312 323/355/337 324/358/340
f 280/297/283 279/296/282 310/356/338 311/359/341
f 267/299/285 266/298/284 297/357/339 298/360/342
f 294/301/287 293/300/286 324/358/340 325/361/343
f 281/302/288 280/297/283 311/359/341 312/329/313
f 268/303/289 267/299/285 298/360/342 299/331/315
f 295/304/290 294/301/287 325/361/343 326/334/317
f 315/337/320 314/335/318 345/362/344 346/363/345
f 302/338/321 301/336/319 332/364/346 333/365/347
f 316/339/322 315/337/320 346/363/345 347/366/348
f 303/340/323 302/338/321 333/365/347 334/367/349
f 317/341/324 316/339/322 347/366/348 348/368/350
f 304/342/325 303/340/323 334/367/349 335/369/351
f 318/343/326 317/341/324 348/368/350 349/370/352
f 305/344/327 304/342/325 335/369/351 336/371/353
f 319/345/328 318/343/326 349/370/352 350/372/354
f 306/346/329 305/344/327 336/371/353 337/373/355
f 320/347/330 319/345/328 350/372/354 351/374/356
f 307/348/331 306/346/329 337/373/355 338/375/357
f 321/349/332 320/347/330 351/374/356 352/376/358
f 308/350/333 307/348/331 338/375/357 339/377/359
f 322/351/334 321/349/332 352/376/358 353/378/360
f 309/352/335 308/350/333 339/377/359 340/379/361
f 296/354/336 514/380/34 327/381/362
f 323/355/337 322/351/334 353/378/360 354/382/363
f 310/356/338 309/352/335 340/379/361 341/383/364
f 297/357/339 296/354/336 327/381/362 328/384/365
f 324/358/340 323/355/337 354/382/363 355/385/366
f 311/359/341 310/356/338 341/383/364 342/386/367
f 298/360/342 297/357/339 328/384/365 329/387/368
f 325/361/343 324/358/340 355/385/366 356/388/369
f 312/329/313 311/359/341 342/386/367 343/389/370
f 299/331/315 298/360/342 329/387/368 330/390/371
f 326/334/317 325/361/343 356/388/369 357/391/372
f 313/330/314 312/329/313 343/389/370 344/392/373
f 300/332/316 299/331/315 330/390/371 331/393/374
f 513/394/60 326/334/317 357/391/372
f 314/335/318 313/330/314 344/392/373 345/362/344
f 301/336/319 300/332/316 331/393/374 332/364/346
f 348/368/350 347/366/348 378/395/375 379/396/376
f 335/369/351 334/367/349 365/397/377 366/398/378
f 349/370/352 348/368/350 379/396/376 380/399/379
f 336/371/353 335/369/351 366/398/378 367/400/380
f 350/372/354 349/370/352 380/399/379 381/401/381
f 337/373/355 336/371/353 367/400/380 368/402/382
f 351/374/356 350/372/354 381/401/381 382/403/383
f 338/375/357 337/373/355 368/402/382 369/404/384
f 352/376/358 351/374/356 382/403/383 383/405/385
f 339/377/359 338/375/357 369/404/384 370/406/386
f 353/378/360 352/376/358 383/405/385 384/407/387
f 340/379/361 339/377/359 370/406/386 371/408/388
f 327/381/362 514/409/34 358/410/389
f 354/382/363 353/378/360 384/407/387 385/411/390
f 341/383/364 340/379/361 371/408/388 372/412/391
f 328/384/365 327/381/362 358/410/389 359/413/392
f 355/385/366 354/382/363 385/411/390 386/414/393
f 342/386/367 341/383/364 372/412/391 373/415/394
f 329/387/368 328/384/365 359/413/392 360/416/395
f 356/388/369 355/385/366 386/414/393 387/417/396
f 343/389/370 342/386/367 373/415/394 374/418/397
f 330/390/371 329/387/368 360/416/395 361/419/398
f 357/391/372 356/388/369 387/417/396 388/420/399
f 344/392/373 343/389/370 374/418/397 375/421/400
f 331/393/374 330/390/371 361/419/398 362/422/401
f 513/423/60 357/391/372 388/420/399
f 345/362/344 344/392/373 375/421/400 376/424/402
f 332/364/346 331/393/374 362/422/401 363/425/403
f 346/363/345 345/362/344 376/424/402 377/426/404
f 333/365/347 332/364/346 363/425/403 364/427/405
f 347/366/348 346/363/345 377/426/404 378/395/375
f 334/367/349 333/365/347 364/427/405 365/397/377
f 381/401/381 380/399/379 411/428/406 412/429/407
f 368/402/382 367/400/380 398/430/408 399/431/409
f 382/403/383 381/401/381 412/429/407 413/432/410
f 369/404/384 368/402/382 399/431/409 400/433/411
f 383/405/385 382/403/383 413/432/410 414/434/412
f 370/406/386 369/404/384 400/433/411 401/435/413
f 384/407/387 383/405/385 414/434/412 415/436/414
f 371/408/388 370/406/386 401/435/413 402/437/415
f 358/410/389 514/438/34 389/439/416
f 385/411/390 384/407/387 415/436/414 416/440/417
f 372/412/391 371/408/388 402/437/415 403/441/418
f 359/413/392 358/410/389 389/439/416 390/442/419
f 386/414/393 385/411/390 416/440/417 417/443/420
f 373/415/394 372/412/391 403/441/418 404/444/421
f 360/416/395 359/413/392 390/442/419 391/445/422
f 387/417/396 386/414/393 417/443/420 418/446/423
f 374/418/397 373/415/394 404/444/421 405/447/424
f 361/419/398 360/416/395 391/445/422 392/448/425
f 388/420/399 387/417/396 418/446/423 419/449/426
f 375/421/400 374/418/397 405/447/424 406/450/427
f 362/422/401 361/419/398 392/448/425 393/451/428
f 513/452/60 388/420/399 419/449/426
f 376/424/402 375/421/400 406/450/427 407/453/429
f 363/425/403 362/422/401 393/451/428 394/454/430
f 377/426/404 376/424/402 407/453/429 408/455/431
f 364/427/405 363/425/403 394/454/430 395/456/432
f 378/395/375 377/426/404 408/455/431 409/457/433
f 365/397/377 364/427/405 395/456/432 396/458/434
f 379/396/376 378/395/375 409/457/433 410/459/435
f 366/398/378 365/397/377 396/458/434 397/460/436
f 380/399/379 379/396/376 410/459/435 411/428/406
f 367/400/380 366/398/378 397/460/436 398/430/408
f 414/434/412 413/432/410 444/461/437 445/462/438
f 401/435/413 400/433/411 431/463/439 432/464/440
f 415/436/414 414/434/412 445/462/438 446/465/441
f 402/437/415 401/435/413 432/464/440 433/466/442
f 389/439/416 514/467/34 420/468/443
f 416/440/417 415/436/414 446/465/441 447/469/444
f 403/441/418 402/437/415 433/466/442 434/470/445
f 390/442/419 389/439/416 420/468/443 421/471/446
f 417/443/420 416/440/417 447/469/444 448/472/447
f 404/444/421 403/441/418 434/470/445 435/473/448
f 391/445/422 390/442/419 421/471/446 422/474/449
f 418/446/423 417/443/420 448/472/447 449/475/450
f 405/447/424 404/444/421 435/473/448 436/476/451
f 392/448/425 391/445/422 422/474/449 423/477/452
f 419/449/426 418/446/423 449/475/450 450/478/453
f 406/450/427 405/447/424 436/476/451 437/479/454
f 393/451/428 392/448/425 423/477/452 424/480/455
f 513/481/60 419/449/426 450/478/453
f 407/453/429 406/450/427 437/479/454 438/482/456
f 394/454/430 393/451/428 424/480/455 425/483/457
f 408/455/431 407/453/429 438/482/456 439/484/458
f 395/456/432 394/454/430 425/483/457 426/485/459
f 409/457/433 408/455/431 439/484/458 440/486/460
f 396/458/434 395/456/432 426/485/459 427/487/461
f 410/459/435 409/457/433 440/486/460 441/488/462
f 397/460/436 396/458/434 427/487/461 428/489/463
f 411/428/406 410/459/435 441/488/462 442/490/464
f 398/430/408 397/460/436 428/489/463 429/491/465
f 412/429/407 411/428/406 442/490/464 443/492/466
f 399/431/409 398/430/408 429/491/465 430/493/467
f 413/432/410 412/429/407 443/492/466 444/461/437
f 400/433/411 399/431/409 430/493/467 431/463/439
f 447/469/444 446/465/441 477/494/468 478/495/469
f 434/470/445 433/466/442 464/496/470 465/497/471
f 421/471/446 420/468/443 451/498/472 452/499/473
f 448/472/447 447/469/444 478/495/469 479/500/474
f 435/473/448 434/470/445 465/497/471 466/501/475
f 422/474/449 421/471/446 452/499/473 453/502/476
f 449/475/450 448/472/447 479/500/474 480/503/477
f 436/476/451 435/473/448 466/501/475 467/504/478
f 423/477/452 422/474/449 453/502/476 454/505/479
f 450/478/453 449/475/450 480/503/477 481/506/480
f 437/479/454 436/476/451 467/504/478 468/507/481
f 424/480/455 423/477/452 454/505/479 455/508/482
f 513/509/60 450/478/453 481/506/480
f 438/482/456 437/479/454 468/507/481 469/510/483
f 425/483/457 424/480/455 455/508/482 456/511/484
f 439/484/458 438/482/456 469/510/483 470/512/485
f 426/485/459 425/483/457 456/511/484 457/513/486
f 440/486/460 439/484/458 470/512/485 471/514/487
f 427/487/461 426/485/459 457/513/486 458/515/488
f 441/488/462 440/486/460 471/514/487 472/516/489
f 428/489/463 427/487/461 458/515/488 459/517/490
f 442/490/464 441/488/462 472/516/489 473/518/491
f 429/491/465 428/489/463 459/517/490 460/519/492
f 443/492/466 442/490/464 473/518/491 474/520/493
f 430/493/467 429/491/465 460/519/492 461/521/494
f 444/461/437 443/492/466 474/520/493 475/522/495
f 431/463/439 430/493/467 461/521/494 462/523/496
f 445/462/438 444/461/437 475/522/495 476/524/497
f 432/464/440 431/463/439 462/523/496 463/525/498
f 446/465/441 445/462/438 476/524/497 477/494/468
f 433/466/442 432/464/440 463/525/498 464/496/470
f 420/468/443 514/526/34 451/498/472
f 480/503/477 479/500/474 510/527/499 511/528/500
f 467/504/478 466/501/475 497/529/501 498/530/502
f 454/505/479 453/502/476 484/531/503 485/532/504
f 481/506/480 480/503/477 511/528/500 512/533/505
f 468/507/481 467/504/478 498/530/502 499/534/506
f 455/508/482 454/505/479 485/532/504 486/535/507
f 513/536/60 481/506/480 512/533/505
f 469/510/483 468/507/481 499/534/506 500/537/508
f 456/511/484 455/508/482 486/535/507 487/538/509
f 470/512/485 469/510/483 500/537/508 501/539/510
f 457/513/486 456/511/484 487/538/509 488/540/511
f 471/514/487 470/512/485 501/539/510 502/541/512
f 458/515/488 457/513/486 488/540/511 489/542/513
f 472/516/489 471/514/487 502/541/512 503/543/514
f 459/517/490 458/515/488 489/542/513 490/544/515
f 473/518/491 472/516/489 503/543/514 504/545/516
f 460/519/492 459/517/490 490/544/515 491/546/517
f 474/520/493 473/518/491 504/545/516 505/547/518
f 461/521/494 460/519/492 491/546/517 492/548/519
f 475/522/495 474/520/493 505/547/518 506/549/520
f 462/523/496 461/521/494 492/548/519 493/550/521
f 476/524/497 475/522/495 506/549/520 507/551/522
f 463/525/498 462/523/496 493/550/521 494/552/523
f 477/494/468 476/524/497 507/551/522 508/553/524
f 464/496/470 463/525/498 494/552/523 495/554/525
f 451/498/472 514/555/34 482/556/526
f 478/495/469 477/494/468 508/553/524 509/557/527
f 465/497/471 464/496/470 495/554/525 496/558/528
f 452/499/473 451/498/472 482/556/526 483/559/529
f 479/500/474 478/495/469 509/557/527 510/527/499
f 466/501/475 465/497/471 496/558/528 497/529/501
f 453/502/476 452/499/473 483/559/529 484/531/503
f 513/560/60 512/533/505 545/561/530
f 500/537/508 499/534/506 532/562/531 533/563/532
f 487/538/509 486/535/507 519/564/533 520/565/534
f 501/539/510 500/537/508 533/563/532 534/566/535
f 488/540/511 487/538/509 520/565/534 521/567/536
f 502/541/512 501/539/510 534/566/535 535/568/537
f 489/542/513 488/540/511 521/567/536 522/569/538
f 503/543/514 502/541/512 535/568/537 536/570/539
f 490/544/515 489/542/513 522/569/538 523/571/540
f 504/545/516 503/543/514 536/570/539 537/572/541
f 491/546/517 490/544/515 523/571/540 524/573/542
f 505/547/518 504/545/516 537/572/541 538/574/543
f 492/548/519 491/546/517 524/573/542 525/575/544
f 506/549/520 505/547/518 538/574/543 539/576/545
f 493/550/521 492/548/519 525/575/544 526/577/546
f 507/551/522 506/549/520 539/576/545 540/578/547
f 494/552/523 493/550/521 526/577/546 527/579/548
f 508/553/524 507/551/522 540/578/547 541/580/549
f 495/554/525 494/552/523 527/579/548 528/581/550
f 482/556/526 514/582/34 515/583/551
f 509/557/527 508/553/524 541/580/549 542/584/552
f 496/558/528 495/554/525 528/581/550 529/585/553
f 483/559/529 482/556/526 515/583/551 516/586/554
f 510/527/499 509/557/527 542/584/552 543/587/555
f 497/529/501 496/558/528 529/585/553 530/588/556
f 484/531/503 483/559/529 516/586/554 517/589/557
f 511/528/500 510/527/499 543/587/555 544/590/558
f 498/530/502 497/529/501 530/588/556 531/591/559
f 485/532/504 484/531/503 517/589/557 518/592/560
f 512/533/505 511/528/500 544/590/558 545/561/530
f 499/534/506 498/530/502 531/591/559 532/562/531
f 486/535/507 485/532/504 518/592/560 519/564/533
f 535/568/537 534/566/535 565/593/561 566/594/562
f 522/569/538 521/567/536 552/595/563 553/596/564
f 536/570/539 535/568/537 566/594/562 567/597/565
f 523/571/540 522/569/538 553/596/564 554/598/566
f 537/572/541 536/570/539 567/597/565 568/599/567
f 524/573/542 523/571/540 554/598/566 555/600/568
f 538/574/543 537/572/541 568/599/567 569/601/569
f 525/575/544 524/573/542 555/600/568 556/602/570
f 539/576/545 538/574/543 569/601/569 570/603/571
f 526/577/546 525/575/544 556/602/570 557/604/572
f 540/578/547 539/576/545 570/603/571 571/605/573
f 527/579/548 526/577/546 557/604/572 558/606/574
f 541/580/549 540/578/547 571/605/573 572/607/575
f 528/581/550 527/579/548 558/606/574 559/608/576
f 515/583/551 514/609/34 546/610/577
f 542/584/552 541/580/549 572/607/575 573/611/578
f 529/585/553 528/581/550 559/608/576 560/612/579
f 516/586/554 515/583/551 546/610/577 547/613/580
f 543/587/555 542/584/552 573/611/578 574/614/581
f 530/588/556 529/585/553 560/612/579 561/615/582
f 517/589/557 516/586/554 547/613/580 548/616/583
f 544/590/558 543/587/555 574/614/581 575/617/584
f 531/591/559 530/588/556 561/615/582 562/618/585
f 518/592/560 517/589/557 548/616/583 549/619/586
f 545/561/530 544/590/558 575/617/584 576/620/587
f 532/562/531 531/591/559 562/618/585 563/621/588
f 519/564/533 518/592/560 549/619/586 550/622/589
f 513/623/60 545/561/530 576/620/587
f 533/563/532 532/562/531 563/621/588 564/624/590
f 520/565/534 519/564/533 550/622/589 551/625/591
f 534/566/535 533/563/532 564/624/590 565/593/561
f 521/567/536 520/565/534 551/625/591 552/595/563
f 568/599/567 567/597/565 598/626/592 599/627/593
f 555/600/568 554/598/566 585/628/594 586/629/595
f 569/601/569 568/599/567 599/627/593 600/630/596
f 556/602/570 555/600/568 586/629/595 587/631/597
f 570/603/571 569/601/569 600/630/596 601/632/598
f 557/604/572 556/602/570 587/631/597 588/633/599
f 571/605/573 570/603/571 601/632/598 602/634/600
f 558/606/574 557/604/572 588/633/599 589/635/601
f 572/607/575 571/605/573 602/634/600 603/636/602
f 559/608/576 558/606/574 589/635/601 590/637/603
f 546/610/577 514/638/34 577/639/604
f 573/611/578 572/607/575 603/636/602 604/640/605
f 560/612/579 559/608/576 590/637/603 591/641/606
f 547/613/580 546/610/577 577/639/604 578/642/607
f 574/614/581 573/611/578 604/640/605 605/643/608
f 561/615/582 560/612/579 591/641/606 592/644/609
f 548/616/583 547/613/580 578/642/607 579/645/610
f 575/617/584 574/614/581 605/643/608 606/646/611
f 562/618/585 561/615/582 592/644/609 593/647/612
f 549/619/586 548/616/583 579/645/610 580/648/613
f 576/620/587 575/617/584 606/646/611 607/649/614
f 563/621/588 562/618/585 593/647/612 594/650/615
f 550/622/589 549/619/586 580/648/613 581/651/616
f 513/652/60 576/620/587 607/649/614
f 564/624/590 563/621/588 594/650/615 595/653/617
f 551/625/591 550/622/589 581/651/616 582/654/618
f 565/593/561 564/624/590 595/653/617 596/655/619
f 552/595/563 551/625/591 582/654/618 583/656/620
f 566/594/562 565/593/561 596/655/619 597/657/621
f 553/596/564 552/595/563 583/656/620 584/658/622
f 567/597/565 566/594/562 597/657/621 598/626/592
f 554/598/566 553/596/564 584/658/622 585/628/594
f 601/632/598 600/630/596 631/659/623 632/660/624
f 588/633/599 587/631/597 618/661/625 619/662/626
f 602/634/600 601/632/598 632/660/624 633/663/627
f 589/635/601 588/633/599 619/662/626 620/664/628
f 603/636/602 602/634/600 633/663/627 634/665/629
f 590/637/603 589/635/601 620/664/628 621/666/630
f 577/639/604 514/667/34 608/668/631
f 604/640/605 603/636/602 634/665/629 635/669/632
f 591/641/606 590/637/603 621/666/630 622/670/633
f 578/642/607 577/639/604 608/668/631 609/671/634
f 605/643/608 604/640/605 635/669/632 636/672/635
f 592/644/609 591/641/606 622/670/633 623/673/636
f 579/645/610 578/642/607 609/671/634 610/674/637
f 606/646/611 605/643/608 636/672/635 637/675/638
f 593/647/612 592/644/609 623/673/636 624/676/639
f 580/648/613 579/645/610 610/674/637 611/677/640
f 607/649/614 606/646/611 637/675/638 638/678/641
f 594/650/615 593/647/612 624/676/639 625/679/642
f 581/651/616 580/648/613 611/677/640 612/680/643
f 513/681/60 607/649/614 638/678/641
f 595/653/617 594/650/615 625/679/642 626/682/644
f 582/654/618 581/651/616 612/680/643 613/683/645
f 596/655/619 595/653/617 626/682/644 627/684/646
f 583/656/620 582/654/618 613/683/645 614/685/647
f 597/657/621 596/655/619 627/684/646 628/686/648
f 584/658/622 583/656/620 614/685/647 615/687/649
f 598/626/592 597/657/621 628/686/648 629/688/650
f 585/628/594 584/658/622 615/687/649 616/689/651
f 599/627/593 598/626/592 629/688/650 630/690/652
f 586/629/595 585/628/594 616/689/651 617/691/653
f 600/630/596 599/627/593 630/690/652 631/659/623
f 587/631/597 586/629/595 617/691/653 618/661/625
f 634/665/629 633/663/627 664/692/654 665/693/655
f 621/666/630 620/664/628 651/694/656 652/695/657
f 608/668/631 514/696/34 639/697/658
f 635/669/632 634/665/629 665/693/655 666/698/659
f 622/670/633 621/666/630 652/695/657 653/699/660
f 609/671/634 608/668/631 639/697/658 640/700/661
f 636/672/635 635/669/632 666/698/659 667/701/662
f 623/673/636 622/670/633 653/699/660 654/702/663
f 610/674/637 609/671/634 640/700/661 641/703/664
f 637/675/638 636/672/635 667/701/662 668/704/665
f 624/676/639 623/673/636 654/702/663 655/705/666
f 611/677/640 610/674/637 641/703/664 642/706/667
f 638/678/641 637/675/638 668/704/665 669/707/668
f 625/679/642 624/676/639 655/705/666 656/708/669
f 612/680/643 611/677/640 642/706/667 643/709/670
f 513/710/60 638/678/641 669/707/668
f 626/682/644 625/679/642 656/708/669 657/711/671
f 613/683/645 612/680/643 643/709/670 644/712/672
f 627/684/646 626/682/644 657/711/671 658/713/673
f 614/685/647 613/683/645 644/712/672 645/714/674
f 628/686/648 627/684/646 658/713/673 659/715/675
f 615/687/649 614/685/647 645/714/674 646/716/676
f 629/688/650 628/686/648 659/715/675 660/717/677
f 616/689/651 615/687/649 646/716/676 647/718/678
f 630/690/652 629/688/650 660/717/677 661/719/679
f 617/691/653 616/689/651 647/718/678 648/720/680
f 631/659/623 630/690/652 661/719/679 662/721/681
f 618/661/625 617/691/653 648/720/680 649/722/682
f 632/660/624 631/659/623 662/721/681 663/723/683
f 619/662/626 618/661/625 649/722/682 650/724/684
f 633/663/627 632/660/624 663/723/683 664/692/654
f 620/664/628 619/662/626 650/724/684 651/694/656
f 640/700/661 639/697/658 670/725/685 671/726/686
f 667/701/662 666/698/659 697/727/687 698/728/688
f 654/702/663 653/699/660 684/729/689 685/730/690
f 641/703/664 640/700/661 671/726/686 672/731/691
f 668/704/665 667/701/662 698/728/688 699/732/692
f 655/705/666 654/702/663 685/730/690 686/733/693
f 642/706/667 641/703/664 672/731/691 673/734/694
f 669/707/668 668/704/665 699/732/692 700/735/695
f 656/708/669 655/705/666 686/733/693 687/736/696
f 643/709/670 642/706/667 673/734/694 674/737/697
f 513/738/60 669/707/668 700/735/695
f 657/711/671 656/708/669 687/736/696 688/739/698
f 644/712/672 643/709/670 674/737/697 675/740/699
f 658/713/673 657/711/671 688/739/698 689/741/700
f 645/714/674 644/712/672 675/740/699 676/742/701
f 659/715/675 658/713/673 689/741/700 690/743/702
f 646/716/676 645/714/674 676/742/701 677/744/703
f 660/717/677 659/715/675 690/743/702 691/745/704
f 647/718/678 646/716/676 677/744/703 678/746/705
f 661/719/679 660/717/677 691/745/704 692/747/706
f 648/720/680 647/718/678 678/746/705 679/748/707
f 662/721/681 661/719/679 692/747/706 693/749/708
f 649/722/682 648/720/680 679/748/707 680/750/709
f 663/723/683 662/721/681 693/749/708 694/751/710
f 650/724/684 649/722/682 680/750/709 681/752/711
f 664/692/654 663/723/683 694/751/710 695/753/712
f 651/694/656 650/724/684 681/752/711 682/754/713
f 665/693/655 664/692/654 695/753/712 696/755/714
f 652/695/657 651/694/656 682/754/713 683/756/715
f 639/697/658 514/757/34 670/725/685
f 666/698/659 665/693/655 696/755/714 697/727/687
f 653/699/660 652/695/657 683/756/715 684/729/689
f 673/734/694 672/731/691 703/758/716 704/759/717
f 700/735/695 699/732/692 730/760/718 731/761/719
f 687/736/696 686/733/693 717/762/720 718/763/721
f 674/737/697 673/734/694 704/759/717 705/764/722
f 513/765/60 700/735/695 731/761/719
f 688/739/698 687/736/696 718/763/721 719/766/723
f 675/740/699 674/737/697 705/764/722 706/767/724
f 689/741/700 688/739/698 719/766/723 720/768/725
f 676/742/701 675/740/699 706/767/724 707/769/726
f 690/743/702 689/741/700 720/768/725 721/770/727
f 677/744/703 676/742/701 707/769/726 708/771/728
f 691/745/704 690/743/702 721/770/727 722/772/729
f 678/746/705 677/744/703 708/771/728 709/773/730
f 692/747/706 691/745/704 722/772/729 723/774/731
f 679/748/707 678/746/705 709/773/730 710/775/732
f 693/749/708 692/747/706 723/774/731 724/776/733
f 680/750/709 679/748/707 710/775/732 711/777/734
f 694/751/710 693/749/708 724/776/733 725/778/735
f 681/752/711 680/750/709 711/777/734 712/779/736
f 695/753/712 694/751/710 725/778/735 726/780/737
f 682/754/713 681/752/711 712/779/736 713/781/738
f 696/755/714 695/753/712 726/780/737 727/782/739
f 683/756/715 682/754/713 713/781/738 714/783/740
f 670/725/685 514/784/34 701/785/741
f 697/727/687 696/755/714 727/782/739 728/786/742
f 684/729/689 683/756/715 714/783/740 715/787/743
f 671/726/686 670/725/685 701/785/741 702/788/744
f 698/728/688 697/727/687 728/786/742 729/789/745
f 685/730/690 684/729/689 715/787/743 716/790/746
f 672/731/691 671/726/686 702/788/744 703/758/716
f 699/732/692 698/728/688 729/789/745 730/760/718
f 686/733/693 685/730/690 716/790/746 717/762/720
f 706/767/724 705/764/722 736/791/747 737/792/748
f 720/768/725 719/766/723 750/793/749 751/794/750
f 707/769/726 706/767/724 737/792/748 738/795/751
f 721/770/727 720/768/725 751/794/750 752/796/752
f 708/771/728 707/769/726 738/795/751 739/797/753
f 722/772/729 721/770/727 752/796/752 753/798/754
f 709/773/730 708/771/728 739/797/753 740/799/755
f 723/774/731 722/772/729 753/798/754 754/800/756
f 710/775/732 709/773/730 740/799/755 741/801/757
f 724/776/733 723/774/731 754/800/756 755/802/758
f 711/777/734 710/775/732 741/801/757 742/803/759
f 725/778/735 724/776/733 755/802/758 756/804/760
f 712/779/736 711/777/734 742/803/759 743/805/761
f 726/780/737 725/778/735 756/804/760 757/806/762
f 713/781/738 712/779/736 743/805/761 744/807/763
f 727/782/739 726/780/737 757/806/762 758/808/764
f 714/783/740 713/781/738 744/807/763 745/809/765
f 701/785/741 514/810/34 732/811/766
f 728/786/742 727/782/739 758/808/764 759/812/767
f 715/787/743 714/783/740 745/809/765 746/813/768
f 702/788/744 701/785/741 732/811/766 733/814/769
f 729/789/745 728/786/742 759/812/767 760/815/770
f 716/790/746 715/787/743 746/813/768 747/816/771
f 703/758/716 702/788/744 733/814/769 734/817/772
f 730/760/718 729/789/745 760/815/770 761/818/773
f 717/762/720 716/790/746 747/816/771 748/819/774
f 704/759/717 703/758/716 734/817/772 735/820/775
f 731/761/719 730/760/718 761/818/773 762/821/776
f 718/763/721 717/762/720 748/819/774 749/822/777
f 705/764/722 704/759/717 735/820/775 736/791/747
f 513/823/60 731/761/719 762/821/776
f 719/766/723 718/763/721 749/822/777 750/793/749
f 739/824/753 738/825/751 769/826/778 770/827/779
f 753/828/754 752/829/752 783/830/780 784/831/781
f 740/832/755 739/824/753 770/827/779 771/833/782
f 754/834/756 753/828/754 784/831/781 785/835/783
f 741/836/757 740/832/755 771/833/782 772/837/784
f 755/838/758 754/834/756 785/835/783 786/839/785
f 742/840/759 741/836/757 772/837/784 773/841/786
f 756/842/760 755/838/758 786/839/785 787/843/787
f 743/844/761 742/840/759 773/841/786 774/845/788
f 757/846/762 756/842/760 787/843/787 788/847/789
f 744/848/763 743/844/761 774/845/788 775/849/790
f 758/850/764 757/846/762 788/847/789 789/851/791
f 745/852/765 744/848/763 775/849/790 776/853/792
f 732/854/766 514/855/34 763/856/793
f 759/857/767 758/850/764 789/851/791 790/858/794
f 746/859/768 745/852/765 776/853/792 777/860/795
f 733/861/769 732/854/766 763/856/793 764/862/796
f 760/863/770 759/857/767 790/858/794 791/864/797
f 747/865/771 746/859/768 777/860/795 778/866/798
f 734/867/772 733/861/769 764/862/796 765/868/799
f 761/869/773 760/863/770 791/864/797 792/870/800
f 748/871/774 747/865/771 778/866/798 779/872/801
f 735/873/775 734/867/772 765/868/799 766/874/802
f 762/875/776 761/869/773 792/870/800 793/876/803
f 749/877/777 748/871/774 779/872/801 780/878/804
f 736/879/747 735/873/775 766/874/802 767/880/805
f 513/881/60 762/875/776 793/876/803
f 750/882/749 749/877/777 780/878/804 781/883/806
f 737/884/748 736/879/747 767/880/805 768/885/807
f 751/886/750 750/882/749 781/883/806 782/887/808
f 738/825/751 737/884/748 768/885/807 769/826/778
f 752/829/752 751/886/750 782/887/808 783/830/780
f 772/837/784 771/833/782 802/888/809 803/889/810
f 786/839/785 785/835/783 816/890/811 817/891/812
f 773/841/786 772/837/784 803/889/810 804/892/813
f 787/843/787 786/839/785 817/891/812 818/893/814
f 774/845/788 773/841/786 804/892/813 805/894/815
f 788/847/789 787/843/787 818/893/814 819/895/816
f 775/849/790 774/845/788 805/894/815 806/896/817
f 789/851/791 788/847/789 819/895/816 820/897/818
f 776/853/792 775/849/790 806/896/817 807/898/819
f 763/856/793 514/899/34 794/900/820
f 790/858/794 789/851/791 820/897/818 821/901/821
f 777/860/795 776/853/792 807/898/819 808/902/822
f 764/862/796 763/856/793 794/900/820 795/903/823
f 791/864/797 790/858/794 821/901/821 822/904/824
f 778/866/798 777/860/795 808/902/822 809/905/825
f 765/868/799 764/862/796 795/903/823 796/906/826
f 792/870/800 791/864/797 822/904/824 823/907/827
f 779/872/801 778/866/798 809/905/825 810/908/828
f 766/874/802 765/868/799 796/906/826 797/909/829
f 793/876/803 792/870/800 823/907/827 824/910/830
f 780/878/804 779/872/801 810/908/828 811/911/831
f 767/880/805 766/874/802 797/909/829 798/912/832
f 513/913/60 793/876/803 824/910/830
f 781/883/806 780/878/804 811/911/831 812/914/833
f 768/885/807 767/880/805 798/912/832 799/915/834
f 782/887/808 781/883/806 812/914/833 813/916/835
f 769/826/778 768/885/807 799/915/834 800/917/836
f 783/830/780 782/887/808 813/916/835 814/918/837
f 770/827/779 769/826/778 800/917/836 801/919/838
f 784/831/781 783/830/780 814/918/837 815/920/839
f 771/833/782 770/827/779 801/919/838 802/888/809
f 785/835/783 784/831/781 815/920/839 816/890/811
f 821/901/821 820/897/818 851/921/840 852/922/841
f 808/902/822 807/898/819 838/923/842 839/924/843
f 795/903/823 794/900/820 825/925/844 826/926/845
f 822/904/824 821/901/821 852/922/841 853/927/846
f 809/905/825 808/902/822 839/924/843 840/928/847
f 796/906/826 795/903/823 826/926/845 827/929/848
f 823/907/827 822/904/824 853/927/846 854/930/849
f 810/908/828 809/905/825 840/928/847 841/931/850
f 797/909/829 796/906/826 827/929/848 828/932/851
f 824/910/830 823/907/827 854/930/849 855/933/852
f 811/911/831 810/908/828 841/931/850 842/934/853
f 798/912/832 797/909/829 828/932/851 829/935/854
f 513/936/60 824/910/830 855/933/852
f 812/914/833 811/911/831 842/934/853 843/937/855
f 799/915/834 798/912/832 829/935/854 830/938/856
f 813/916/835 812/914/833 843/937/855 844/939/857
f 800/917/836 799/915/834 830/938/856 831/940/858
f 814/918/837 813/916/835 844/939/857 845/941/859
f 801/919/838 800/917/836 831/940/858 832/942/860
f 815/920/839 814/918/837 845/941/859 846/943/861
f 802/888/809 801/919/838 832/942/860 833/944/862
f 816/890/811 815/920/839 846/943/861 847/945/863
f 803/889/810 802/888/809 833/944/862 834/946/864
f 817/891/812 816/890/811 847/945/863 848/947/865
f 804/892/813 803/889/810 834/946/864 835/948/866
f 818/893/814 817/891/812 848/947/865 849/949/867
f 805/894/815 804/892/813 835/948/866 836/950/868
f 819/895/816 818/893/814 849/949/867 850/951/869
f 806/896/817 805/894/815 836/950/868 837/952/870
f 820/897/818 819/895/816 850/951/869 851/921/840
f 807/898/819 806/896/817 837/952/870 838/923/842
f 794/900/820 514/953/34 825/925/844
f 854/930/849 853/927/846 884/954/871 885/955/872
f 841/931/850 840/928/847 871/956/873 872/957/874
f 828/932/851 827/929/848 858/958/875 859/959/876
f 855/933/852 854/930/849 885/955/872 886/960/877
f 842/934/853 841/931/850 872/957/874 873/961/878
f 829/935/854 828/932/851 859/959/876 860/962/879
f 513/963/60 855/933/852 886/960/877
f 843/937/855 842/934/853 873/961/878 874/964/880
f 830/938/856 829/935/854 860/962/879 861/965/881
f 844/939/857 843/937/855 874/964/880 875/966/882
f 831/940/858 830/938/856 861/965/881 862/967/883
f 845/941/859 844/939/857 875/966/882 876/968/884
f 832/942/860 831/940/858 862/967/883 863/969/885
f 846/943/861 845/941/859 876/968/884 877/970/886
f 833/944/862 832/942/860 863/969/885 864/971/887
f 847/945/863 846/943/861 877/970/886 878/972/888
f 834/946/864 833/944/862 864/971/887 865/973/889
f 848/947/865 847/945/863 878/972/888 879/974/890
f 835/948/866 834/946/864 865/973/889 866/975/891
f 849/949/867 848/947/865 879/974/890 880/976/892
f 836/950/868 835/948/866 866/975/891 867/977/893
f 850/951/869 849/949/867 880/976/892 881/978/894
f 837/952/870 836/950/868 867/977/893 868/979/895
f 851/921/840 850/951/869 881/978/894 882/980/896
f 838/923/842 837/952/870 868/979/895 869/981/897
f 825/925/844 514/982/34 856/983/898
f 852/922/841 851/921/840 882/980/896 883/984/899
f 839/924/843 838/923/842 869/981/897 870/985/900
f 826/926/845 825/925/844 856/983/898 857/986/901
f 853/927/846 852/922/841 883/984/899 884/954/871
f 840/928/847 839/924/843 870/985/900 871/956/873
f 827/929/848 826/926/845 857/986/901 858/958/875
f 513/987/60 886/960/877 917/988/902
f 874/964/880 873/961/878 904/989/903 905/990/904
f 861/965/881 860/962/879 891/991/905 892/992/906
f 875/966/882 874/964/880 905/990/904 906/993/907
f 862/967/883 861/965/881 892/992/906 893/994/908
f 876/968/884 875/966/882 906/993/907 907/995/909
f 863/969/885 862/967/883 893/994/908 894/996/910
f 877/970/886 876/968/884 907/995/909 908/997/911
f 864/971/887 863/969/885 894/996/910 895/998/912
f 878/972/888 877/970/886 908/997/911 909/999/913
f 865/973/889 864/971/887 895/998/912 896/1000/914
f 879/974/890 878/972/888 909/999/913 910/1001/915
f 866/975/891 865/973/889 896/1000/914 897/1002/916
f 880/976/892 879/974/890 910/1001/915 911/1003/917
f 867/977/893 866/975/891 897/1002/916 898/1004/918
f 881/978/894 880/976/892 911/1003/917 912/1005/919
f 868/979/895 867/977/893 898/1004/918 899/1006/920
f 882/980/896 881/978/894 912/1005/919 913/1007/921
f 869/981/897 868/979/895 899/1006/920 900/1008/922
f 856/983/898 514/1009/34 887/1010/923
f 883/984/899 882/980/896 913/1007/921 914/1011/924
f 870/985/900 869/981/897 900/1008/922 901/1012/925
f 857/986/901 856/983/898 887/1010/923 888/1013/926
f 884/954/871 883/984/899 914/1011/924 915/1014/927
f 871/956/873 870/985/900 901/1012/925 902/1015/928
f 858/958/875 857/986/901 888/1013/926 889/1016/929
f 885/955/872 884/954/871 915/1014/927 916/1017/930
f 872/957/874 871/956/873 902/1015/928 903/1018/931
f 859/959/876 858/958/875 889/1016/929 890/1019/932
f 886/960/877 885/955/872 916/1017/930 917/988/902
f 873/961/878 872/957/874 903/1018/931 904/989/903
f 860/962/879 859/959/876 890/1019/932 891/991/905
f 907/995/909 906/993/907 937/1020/933 938/1021/934
f 894/996/910 893/994/908 924/1022/935 925/1023/936
f 908/997/911 907/995/909 938/1021/934 939/1024/937
f 895/998/912 894/996/910 925/1023/936 926/1025/938
f 909/999/913 908/997/911 939/1024/937 940/1026/939
f 896/1000/914 895/998/912 926/1025/938 927/1027/940
f 910/1001/915 909/999/913 940/1026/939 941/1028/941
f 897/1002/916 896/1000/914 927/1027/940 928/1029/942
f 911/1003/917 910/1001/915 941/1028/941 942/1030/943
f 898/1004/918 897/1002/916 928/1029/942 929/1031/944
f 912/1005/919 911/1003/917 942/1030/943 943/1032/945
f 899/1006/920 898/1004/918 929/1031/944 930/1033/946
f 913/1007/921 912/1005/919 943/1032/945 944/1034/947
f 900/1008/922 899/1006/920 930/1033/946 931/1035/948
f 887/1010/923 514/1036/34 918/1037/949
f 914/1011/924 913/1007/921 944/1034/947 945/1038/950
f 901/1012/925 900/1008/922 931/1035/948 932/1039/951
f 888/1013/926 887/1010/923 918/1037/949 919/1040/952
f 915/1014/927 914/1011/924 945/1038/950 946/1041/953
f 902/1015/928 901/1012/925 932/1039/951 933/1042/954
f 889/1016/929 888/1013/926 919/1040/952 920/1043/955
f 916/1017/930 915/1014/927 946/1041/953 947/1044/956
f 903/1018/931 902/1015/928 933/1042/954 934/1045/957
f 890/1019/932 889/1016/929 920/1043/955 921/1046/958
f 917/988/902 916/1017/930 947/1044/956 948/1047/959
f 904/989/903 903/1018/931 934/1045/957 935/1048/960
f 891/991/905 890/1019/932 921/1046/958 922/1049/961
f 513/1050/60 917/988/902 948/1047/959
f 905/990/904 904/989/903 935/1048/960 936/1051/962
f 892/992/906 891/991/905 922/1049/961 923/1052/963
f 906/993/907 905/990/904 936/1051/962 937/1020/933
f 893/994/908 892/992/906 923/1052/963 924/1022/935
f 940/1026/939 939/1024/937 970/1053/964 971/1054/965
f 927/1027/940 926/1025/938 957/1055/966 958/1056/967
f 941/1028/941 940/1026/939 971/1054/965 972/1057/968
f 928/1029/942 927/1027/940 958/1056/967 959/1058/969
f 942/1030/943 941/1028/941 972/1057/968 973/1059/970
f 929/1031/944 928/1029/942 959/1058/969 960/1060/971
f 943/1032/945 942/1030/943 973/1059/970 974/1061/972
f 930/1033/946 929/1031/944 960/1060/971 961/1062/973
f 944/1034/947 943/1032/945 974/1061/972 975/1063/974
f 931/1035/948 930/1033/946 961/1062/973 962/1064/975
f 918/1037/949 514/1065/34 949/1066/976
f 945/1038/950 944/1034/947 975/1063/974 976/1067/977
f 932/1039/951 931/1035/948 962/1064/975 963/1068/978
f 919/1040/952 918/1037/949 949/1066/976 950/1069/979
f 946/1041/953 945/1038/950 976/1067/977 977/1070/980
f 933/1042/954 932/1039/951 963/1068/978 964/1071/981
f 920/1043/955 919/1040/952 950/1069/979 951/1072/982
f 947/1044/956 946/1041/953 977/1070/980 978/1073/983
f 934/1045/957 933/1042/954 964/1071/981 965/1074/984
f 921/1046/958 920/1043/955 951/1072/982 952/1075/985
f 948/1047/959 947/1044/956 978/1073/983 979/1076/986
f 935/1048/960 934/1045/957 965/1074/984 966/1077/987
f 922/1049/961 921/1046/958 952/1075/985 953/1078/988
f 513/1079/60 948/1047/959 979/1076/986
f 936/1051/962 935/1048/960 966/1077/987 967/1080/989
f 923/1052/963 922/1049/961 953/1078/988 954/1081/990
f 937/1020/933 936/1051/962 967/1080/989 968/1082/991
f 924/1022/935 923/1052/963 954/1081/990 955/1083/992
f 938/1021/934 937/1020/933 968/1082/991 969/1084/993
f 925/1023/936 924/1022/935 955/1083/992 956/1085/994
f 939/1024/937 938/1021/934 969/1084/993 970/1053/964
f 926/1025/938 925/1023/936 956/1085/994 957/1055/966
f 973/1059/970 972/1057/968 992/17/17 12/21/21
f 960/1060/971 959/1058/969 988/19/19 3/23/23
f 974/1061/972 973/1059/970 12/21/21 13/25/25
f 961/1062/973 960/1060/971 3/23/23 4/27/27
f 975/1063/974 974/1061/972 13/25/25 14/29/29
f 962/1064/975 961/1062/973 4/27/27 5/31/31
f 949/1066/976 514/1086/34 980/33/33
f 976/1067/977 975/1063/974 14/29/29 993/36/36
f 963/1068/978 962/1064/975 5/31/31 6/38/38
f 950/1069/979 949/1066/976 980/33/33 981/40/40
f 977/1070/980 976/1067/977 993/36/36 994/42/42
f 964/1071/981 963/1068/978 6/38/38 989/44/44
f 951/1072/982 950/1069/979 981/40/40 982/46/46
f 978/1073/983 977/1070/980 994/42/42 15/48/48
f 965/1074/984 964/1071/981 989/44/44 7/50/50
f 952/1075/985 951/1072/982 982/46/46 983/52/52
f 979/1076/986 978/1073/983 15/48/48 16/54/54
f 966/1077/987 965/1074/984 7/50/50 8/56/56
f 953/1078/988 952/1075/985 983/52/52 984/58/58
f 513/1087/60 979/1076/986 16/54/54
f 967/1080/989 966/1077/987 8/56/56 990/61/61
f 954/1081/990 953/1078/988 984/58/58 985/63/63
f 968/1082/991 967/1080/989 990/61/61 991/2/2
f 955/1083/992 954/1081/990 985/63/63 1/6/6
f 969/1084/993 968/1082/991 991/2/2 9/1/1
f 956/1085/994 955/1083/992 1/6/6 986/5/5
f 970/1053/964 969/1084/993 9/1/1 10/9/9
f 957/1055/966 956/1085/994 986/5/5 2/11/11
f 971/1054/965 970/1053/964 10/9/9 11/13/13
f 958/1056/967 957/1055/966 2/11/11 987/15/15
f 972/1057/968 971/1054/965 11/13/13 992/17/17
f 959/1058/969 958/1056/967 987/15/15 988/19/19
f 995/1088/995 1018/1088/995 1014/1088/996 996/1088/996
f 996/1088/996 1014/1088/996 1015/1088/997 997/1088/998
f 997/1088/998 1015/1088/997 1019/1088/999 998/1088/1000
f 998/1088/1000 1019/1088/999 1020/1088/1001 999/1088/1001
f 999/1088/1001 1020/1088/1001 1021/1088/1002 1000/1088/1002
f 1000/1088/1002 1021/1088/1002 1022/1088/1003 1001/1088/1003
f 1001/1088/1003 1022/1088/1003 1023/1088/1004 1002/1088/1004
f 1002/1088/1004 1023/1088/1004 1024/1088/1005 1003/1088/1005
f 1003/1088/1005 1024/1088/1005 1025/1088/1006 1004/1088/1007
f 1004/1088/1007 1025/1088/1006 1026/1088/1008 1005/1088/1008
f 1005/1088/1008 1026/1088/1008 1027/1088/1009 1006/1088/1009
f 1006/1088/1009 1027/1088/1009 1028/1088/1010 1007/1088/1010
f 1007/1088/1010 1028/1088/1010 1029/1088/1011 1008/1088/1011
f 1008/1088/1011 1029/1088/1011 1030/1088/1012 1009/1088/1012
f 1009/1088/1012 1030/1088/1012 1031/1088/1013 1010/1088/1013
f 1010/1088/1013 1031/1088/1013 1032/1088/1014 1011/1088/1014
f 1011/1088/1014 1032/1088/1014 1016/1088/1015 1012/1088/1015
f 1012/1088/1015 1016/1088/1015 1017/1088/1016 1013/1088/1017
f 1013/1088/1017 1017/1088/1016 1018/1088/995 995/1088/995
f 1018/1088/995 1041/1088/995 1033/1088/996 1014/1088/996
f 1014/1088/996 1033/1088/996 1034/1088/997 1015/1088/997
f 1015/1088/997 1034/1088/997 1035/1088/999 1019/1088/999
f 1019/1088/999 1035/1088/999 1042/1088/1001 1020/1088/1001
f 1020/1088/1001 1042/1088/1001 1043/1088/1002 1021/1088/1002
f 1021/1088/1002 1043/1088/1002 1036/1088/1003 1022/1088/1003
f 1022/1088/1003 1036/1088/1003 1037/1088/1018 1023/1088/1004
f 1023/1088/1004 1037/1088/1018 1038/1088/1005 1024/1088/1005
f 1024/1088/1005 1038/1088/1005 1044/1088/1006 1025/1088/1006
f 1025/1088/1006 1044/1088/1006 1045/1088/1019 1026/1088/1008
f 1026/1088/1008 1045/1088/1019 1046/1088/1020 1027/1088/1009
f 1027/1088/1009 1046/1088/1020 1047/1088/1010 1028/1088/1010
f 1028/1088/1010 1047/1088/1010 1048/1088/1011 1029/1088/1011
f 1029/1088/1011 1048/1088/1011 1049/1088/1012 1030/1088/1012
f 1030/1088/1012 1049/1088/1012 1039/1088/1013 1031/1088/1013
f 1031/1088/1013 1039/1088/1013 1040/1088/1014 1032/1088/1014
f 1032/1088/1014 1040/1088/1014 1050/1088/1015 1016/1088/1015
f 1016/1088/1015 1050/1088/1015 1051/1088/1017 1017/1088/1016
f 1017/1088/1016 1051/1088/1017 1041/1088/995 1018/1088/995
f 1041/1088/995 1059/1088/995 1060/1088/996 1033/1088/996
f 1033/1088/996 1060/1088/996 1052/1088/997 1034/1088/997
f 1034/1088/997 1052/1088/997 1053/1088/999 1035/1088/999
f 1035/1088/999 1053/1088/999 1054/1088/1001 1042/1088/1001
f 1042/1088/1001 1054/1088/1001 1061/1088/1002 1043/1088/1002
f 1043/1088/1002 1061/1088/1002 1062/1088/1003 1036/1088/1003
f 1036/1088/1003 1062/1088/1003 1063/1088/1018 1037/1088/1018
f 1037/1088/1018 1063/1088/1018 1064/1088/1005 1038/1088/1005
f 1038/1088/1005 1064/1088/1005 1065/1088/1006 1044/1088/1006
f 1044/1088/1006 1065/1088/1006 1066/1088/1008 1045/1088/1019
f 1045/1088/1019 1066/1088/1008 1067/1088/1009 1046/1088/1020
f 1046/1088/1020 1067/1088/1009 1068/1088/1010 1047/1088/1010
f 1047/1088/1010 1068/1088/1010 1055/1088/1011 1048/1088/1011
f 1048/1088/1011 1055/1088/1011 1069/1088/1012 1049/1088/1012
f 1049/1088/1012 1069/1088/1012 1056/1088/1021 1039/1088/1013
f 1039/1088/1013 1056/1088/1021 1057/1088/1014 1040/1088/1014
f 1040/1088/1014 1057/1088/1014 1070/1088/1015 1050/1088/1015
f 1050/1088/1015 1070/1088/1015 1058/1088/1017 1051/1088/1017
f 1051/1088/1017 1058/1088/1017 1059/1088/995 1041/1088/995
f 1059/1088/995 1071/1088/995 1072/1088/996 1060/1088/996
f 1060/1088/996 1072/1088/996 1078/1088/997 1052/1088/997
f 1052/1088/997 1078/1088/997 1079/1088/999 1053/1088/999
f 1053/1088/999 1079/1088/999 1073/1088/1001 1054/1088/1001
f 1054/1088/1001 1073/1088/1001 1074/1088/1002 1061/1088/1002
f 1061/1088/1002 1074/1088/1002 1075/1088/1003 1062/1088/1003
f 1062/1088/1003 1075/1088/1003 1076/1088/1004 1063/1088/1018
f 1063/1088/1018 1076/1088/1004 1080/1088/1005 1064/1088/1005
f 1064/1088/1005 1080/1088/1005 1081/1088/1006 1065/1088/1006
f 1065/1088/1006 1081/1088/1006 1082/1088/1008 1066/1088/1008
f 1066/1088/1008 1082/1088/1008 1083/1088/1009 1067/1088/1009
f 1067/1088/1009 1083/1088/1009 1084/1088/1010 1068/1088/1010
f 1068/1088/1010 1084/1088/1010 1085/1088/1011 1055/1088/1011
f 1055/1088/1011 1085/1088/1011 1086/1088/1012 1069/1088/1012
f 1069/1088/1012 1086/1088/1012 1087/1088/1013 1056/1088/1021
f 1056/1088/1021 1087/1088/1013 1088/1088/1014 1057/1088/1014
f 1057/1088/1014 1088/1088/1014 1089/1088/1015 1070/1088/1015
f 1070/1088/1015 1089/1088/1015 1077/1088/1017 1058/1088/1017
f 1058/1088/1017 1077/1088/1017 1071/1088/995 1059/1088/995
f 1071/1088/995 1096/1088/995 1097/1088/996 1072/1088/996
f 1072/1088/996 1097/1088/996 1090/1088/997 1078/1088/997
f 1078/1088/997 1090/1088/997 1091/1088/999 1079/1088/999
f 1079/1088/999 1091/1088/999 1098/1088/1001 1073/1088/1001
f 1073/1088/1001 1098/1088/1001 1099/1088/1002 1074/1088/1002
f 1074/1088/1002 1099/1088/1002 1100/1088/1003 1075/1088/1003
f 1075/1088/1003 1100/1088/1003 1092/1088/1018 1076/1088/1004
f 1076/1088/1004 1092/1088/1018 1101/1088/1005 1080/1088/1005
f 1080/1088/1005 1101/1088/1005 1093/1088/1006 1081/1088/1006
f 1081/1088/1006 1093/1088/1006 1102/1088/1008 1082/1088/1008
f 1082/1088/1008 1102/1088/1008 1094/1088/1009 1083/1088/1009
f 1083/1088/1009 1094/1088/1009 1103/1088/1010 1084/1088/1010
f 1084/1088/1010 1103/1088/1010 1104/1088/1011 1085/1088/1011
f 1085/1088/1011 1104/1088/1011 1105/1088/1012 1086/1088/1012
f 1086/1088/1012 1105/1088/1012 1106/1088/1013 1087/1088/1013
f 1087/1088/1013 1106/1088/1013 1107/1088/1014 1088/1088/1014
f 1088/1088/1014 1107/1088/1014 1095/1088/1015 1089/1088/1015
f 1089/1088/1015 1095/1088/1015 1108/1088/1017 1077/1088/1017
f 1077/1088/1017 1108/1088/1017 1096/1088/995 1071/1088/995
f 1096/1088/995 1118/1088/995 1109/1088/996 1097/1088/996
f 1097/1088/996 1109/1088/996 1110/1088/997 1090/1088/997
f 1090/1088/997 1110/1088/997 1111/1088/999 1091/1088/999
f 1091/1088/999 1111/1088/999 1112/1088/1001 1098/1088/1001
f 1098/1088/1001 1112/1088/1001 1113/1088/1002 1099/1088/1002
f 1099/1088/1002 1113/1088/1002 1114/1088/1003 1100/1088/1003
f 1100/1088/1003 1114/1088/1003 1119/1088/1018 1092/1088/1018
f 1092/1088/1018 1119/1088/1018 1115/1088/1005 1101/1088/1005
f 1101/1088/1005 1115/1088/1005 1120/1088/1022 1093/1088/1006
f 1093/1088/1006 1120/1088/1022 1121/1088/1008 1102/1088/1008
f 1102/1088/1008 1121/1088/1008 1122/1088/1009 1094/1088/1009
f 1094/1088/1009 1122/1088/1009 1123/1088/1010 1103/1088/1010
f 1103/1088/1010 1123/1088/1010 1124/1088/1011 1104/1088/1011
f 1104/1088/1011 1124/1088/1011 1125/1088/1012 1105/1088/1012
f 1105/1088/1012 1125/1088/1012 1126/1088/1013 1106/1088/1013
f 1106/1088/1013 1126/1088/1013 1127/1088/1014 1107/1088/1014
f 1107/1088/1014 1127/1088/1014 1116/1088/1015 1095/1088/1015
f 1095/1088/1015 1116/1088/1015 1117/1088/1017 1108/1088/1017
f 1108/1088/1017 1117/1088/1017 1118/1088/995 1096/1088/995
f 1118/1088/995 1128/1088/995 1129/1088/996 1109/1088/996
f 1109/1088/996 1129/1088/996 1130/1088/997 1110/1088/997
f 1110/1088/997 1130/1088/997 1131/1088/999 1111/1088/999
f 1111/1088/999 1131/1088/999 1137/1088/1001 1112/1088/1001
f 1112/1088/1001 1137/1088/1001 1132/1088/1002 1113/1088/1002
f 1113/1088/1002 1132/1088/1002 1133/1088/1003 1114/1088/1003
f 1114/1088/1003 1133/1088/1003 1134/1088/1018 1119/1088/1018
f 1119/1088/1018 1134/1088/1018 1138/1088/1005 1115/1088/1005
f 1115/1088/1005 1138/1088/1005 1139/1088/1022 1120/1088/1022
f 1120/1088/1022 1139/1088/1022 1140/1088/1008 1121/1088/1008
f 1121/1088/1008 1140/1088/1008 1141/1088/1009 1122/1088/1009
f 1122/1088/1009 1141/1088/1009 1142/1088/1010 1123/1088/1010
f 1123/1088/1010 1142/1088/1010 1143/1088/1011 1124/1088/1011
f 1124/1088/1011 1143/1088/1011 1144/1088/1012 1125/1088/1012
f 1125/1088/1012 1144/1088/1012 1145/1088/1013 1126/1088/1013
f 1126/1088/1013 1145/1088/1013 1146/1088/1014 1127/1088/1014
f 1127/1088/1014 1146/1088/1014 1135/1088/1015 1116/1088/1015
f 1116/1088/1015 1135/1088/1015 1136/1088/1017 1117/1088/1017
f 1117/1088/1017 1136/1088/1017 1128/1088/995 1118/1088/995
f 1128/1088/995 1147/1088/995 1159/1088/996 1129/1088/996
f 1129/1088/996 1159/1088/996 1148/1088/997 1130/1088/997
f 1130/1088/997 1148/1088/997 1149/1088/999 1131/1088/999
f 1131/1088/999 1149/1088/999 1150/1088/1001 1137/1088/1001
f 1137/1088/1001 1150/1088/1001 1151/1088/1002 1132/1088/1002
f 1132/1088/1002 1151/1088/1002 1160/1088/1003 1133/1088/1003
f 1133/1088/1003 1160/1088/1003 1152/1088/1018 1134/1088/1018
f 1134/1088/1018 1152/1088/1018 1161/1088/1023 1138/1088/1005
f 1138/1088/1005 1161/1088/1023 1153/1088/1022 1139/1088/1022
f 1139/1088/1022 1153/1088/1022 1162/1088/1008 1140/1088/1008
f 1140/1088/1008 1162/1088/1008 1163/1088/1009 1141/1088/1009
f 1141/1088/1009 1163/1088/1009 1154/1088/1010 1142/1088/1010
f 1142/1088/1010 1154/1088/1010 1155/1088/1011 1143/1088/1011
f 1143/1088/1011 1155/1088/1011 1164/1088/1012 1144/1088/1012
f 1144/1088/1012 1164/1088/1012 1165/1088/1013 1145/1088/1013
f 1145/1088/1013 1165/1088/1013 1156/1088/1014 1146/1088/1014
f 1146/1088/1014 1156/1088/1014 1157/1088/1015 1135/1088/1015
f 1135/1088/1015 1157/1088/1015 1158/1088/1017 1136/1088/1017
f 1136/1088/1017 1158/1088/1017 1147/1088/995 1128/1088/995
f 1147/1088/995 1173/1088/995 1174/1088/996 1159/1088/996
f 1159/1088/996 1174/1088/996 1175/1088/997 1148/1088/997
f 1148/1088/997 1175/1088/997 1176/1088/999 1149/1088/999
f 1149/1088/999 1176/1088/999 1177/1088/1001 1150/1088/1001
f 1150/1088/1001 1177/1088/1001 1178/1088/1002 1151/1088/1002
f 1151/1088/1002 1178/1088/1002 1166/1088/1003 1160/1088/1003
f 1160/1088/1003 1166/1088/1003 1167/1088/1004 1152/1088/1018
f 1152/1088/1018 1167/1088/1004 1168/1088/1023 1161/1088/1023
f 1161/1088/1023 1168/1088/1023 1169/1088/1022 1153/1088/1022
f 1153/1088/1022 1169/1088/1022 1179/1088/1008 1162/1088/1008
f 1162/1088/1008 1179/1088/1008 1170/1088/1009 1163/1088/1009
f 1163/1088/1009 1170/1088/1009 1171/1088/1010 1154/1088/1010
f 1154/1088/1010 1171/1088/1010 1180/1088/1011 1155/1088/1011
f 1155/1088/1011 1180/1088/1011 1172/1088/1012 1164/1088/1012
f 1164/1088/1012 1172/1088/1012 1181/1088/1013 1165/1088/1013
f 1165/1088/1013 1181/1088/1013 1182/1088/1014 1156/1088/1014
f 1156/1088/1014 1182/1088/1014 1183/1088/1015 1157/1088/1015
f 1157/1088/1015 1183/1088/1015 1184/1088/1017 1158/1088/1017
f 1158/1088/1017 1184/1088/1017 1173/1088/995 1147/1088/995
f 1173/1088/995 1193/1088/995 1194/1088/996 1174/1088/996
f 1174/1088/996 1194/1088/996 1185/1088/997 1175/1088/997
f 1175/1088/997 1185/1088/997 1195/1088/999 1176/1088/999
f 1176/1088/999 1195/1088/999 1196/1088/1001 1177/1088/1001
f 1177/1088/1001 1196/1088/1001 1197/1088/1002 1178/1088/1002
f 1178/1088/1002 1197/1088/1002 1186/1088/1003 1166/1088/1003
f 1166/1088/1003 1186/1088/1003 1198/1088/1018 1167/1088/1004
f 1167/1088/1004 1198/1088/1018 1187/1088/1005 1168/1088/1023
f 1168/1088/1023 1187/1088/1005 1188/1088/1022 1169/1088/1022
f 1169/1088/1022 1188/1088/1022 1199/1088/1008 1179/1088/1008
f 1179/1088/1008 1199/1088/1008 1189/1088/1009 1170/1088/1009
f 1170/1088/1009 1189/1088/1009 1190/1088/1010 1171/1088/1010
f 1171/1088/1010 1190/1088/1010 1200/1088/1011 1180/1088/1011
f 1180/1088/1011 1200/1088/1011 1191/1088/1012 1172/1088/1012
f 1172/1088/1012 1191/1088/1012 1201/1088/1013 1181/1088/1013
f 1181/1088/1013 1201/1088/1013 1192/1088/1014 1182/1088/1014
f 1182/1088/1014 1192/1088/1014 1202/1088/1015 1183/1088/1015
f 1183/1088/1015 1202/1088/1015 1203/1088/1017 1184/1088/1017
f 1184/1088/1017 1203/1088/1017 1193/1088/995 1173/1088/995
f 1193/1088/995 1204/1088/995 1205/1088/996 1194/1088/996
f 1194/1088/996 1205/1088/996 1206/1088/997 1185/1088/997
f 1185/1088/997 1206/1088/997 1207/1088/999 1195/1088/999
f 1195/1088/999 1207/1088/999 1208/1088/1001 1196/1088/1001
f 1196/1088/1001 1208/1088/1001 1209/1088/1002 1197/1088/1002
f 1197/1088/1002 1209/1088/1002 1215/1088/1003 1186/1088/1003
f 1186/1088/1003 1215/1088/1003 1216/1088/1004 1198/1088/1018
f 1198/1088/1018 1216/1088/1004 1217/1088/1005 1187/1088/1005
f 1187/1088/1005 1217/1088/1005 1218/1088/1022 1188/1088/1022
f 1188/1088/1022 1218/1088/1022 1219/1088/1008 1199/1088/1008
f 1199/1088/1008 1219/1088/1008 1220/1088/1020 1189/1088/1009
f 1189/1088/1009 1220/1088/1020 1210/1088/1010 1190/1088/1010
f 1190/1088/1010 1210/1088/1010 1221/1088/1011 1200/1088/1011
f 1200/1088/1011 1221/1088/1011 1222/1088/1012 1191/1088/1012
f 1191/1088/1012 1222/1088/1012 1211/1088/1013 1201/1088/1013
f 1201/1088/1013 1211/1088/1013 1212/1088/1014 1192/1088/1014
f 1192/1088/1014 1212/1088/1014 1213/1088/1015 1202/1088/1015
f 1202/1088/1015 1213/1088/1015 1214/1088/1017 1203/1088/1017
f 1203/1088/1017 1214/1088/1017 1204/1088/995 1193/1088/995
f 1204/1088/995 1232/1088/995 1223/1088/996 1205/1088/996
f 1205/1088/996 1223/1088/996 1233/1088/997 1206/1088/997
f 1206/1088/997 1233/1088/997 1234/1088/999 1207/1088/999
f 1207/1088/999 1234/1088/999 1235/1088/1001 1208/1088/1001
f 1208/1088/1001 1235/1088/1001 1236/1088/1002 1209/1088/1002
f 1209/1088/1002 1236/1088/1002 1237/1088/1003 1215/1088/1003
f 1215/1088/1003 1237/1088/1003 1238/1088/1018 1216/1088/1004
f 1216/1088/1004 1238/1088/1018 1224/1088/1005 1217/1088/1005
f 1217/1088/1005 1224/1088/1005 1225/1088/1022 1218/1088/1022
f 1218/1088/1022 1225/1088/1022 1226/1088/1008 1219/1088/1008
f 1219/1088/1008 1226/1088/1008 1227/1088/1009 1220/1088/1020
f 1220/1088/1020 1227/1088/1009 1228/1088/1010 1210/1088/1010
f 1210/1088/1010 1228/1088/1010 1229/1088/1011 1221/1088/1011
f 1221/1088/1011 1229/1088/1011 1230/1088/1012 1222/1088/1012
f 1222/1088/1012 1230/1088/1012 1231/1088/1013 1211/1088/1013
f 1211/1088/1013 1231/1088/1013 1239/1088/1014 1212/1088/1014
f 1212/1088/1014 1239/1088/1014 1240/1088/1015 1213/1088/1015
f 1213/1088/1015 1240/1088/1015 1241/1088/1017 1214/1088/1017
f 1214/1088/1017 1241/1088/1017 1232/1088/995 1204/1088/995
f 1232/1088/995 1242/1088/995 1243/1088/996 1223/1088/996
f 1223/1088/996 1243/1088/996 1244/1088/997 1233/1088/997
f 1233/1088/997 1244/1088/997 1245/1088/999 1234/1088/999
f 1234/1088/999 1245/1088/999 1246/1088/1001 1235/1088/1001
f 1235/1088/1001 1246/1088/1001 1247/1088/1002 1236/1088/1002
f 1236/1088/1002 1247/1088/1002 1248/1088/1003 1237/1088/1003
f 1237/1088/1003 1248/1088/1003 1253/1088/1018 1238/1088/1018
f 1238/1088/1018 1253/1088/1018 1254/1088/1005 1224/1088/1005
f 1224/1088/1005 1254/1088/1005 1255/1088/1022 1225/1088/1022
f 1225/1088/1022 1255/1088/1022 1256/1088/1008 1226/1088/1008
f 1226/1088/1008 1256/1088/1008 1257/1088/1009 1227/1088/1009
f 1227/1088/1009 1257/1088/1009 1258/1088/1010 1228/1088/1010
f 1228/1088/1010 1258/1088/1010 1249/1088/1011 1229/1088/1011
f 1229/1088/1011 1249/1088/1011 1259/1088/1012 1230/1088/1012
f 1230/1088/1012 1259/1088/1012 1260/1088/1013 1231/1088/1013
f 1231/1088/1013 1260/1088/1013 1250/1088/1014 1239/1088/1014
f 1239/1088/1014 1250/1088/1014 1251/1088/1015 1240/1088/1015
f 1240/1088/1015 1251/1088/1015 1252/1088/1017 1241/1088/1017
f 1241/1088/1017 1252/1088/1017 1242/1088/995 1232/1088/995
f 1242/1088/995 1268/1088/995 1269/1088/996 1243/1088/996
f 1243/1088/996 1269/1088/996 1270/1088/997 1244/1088/997
f 1244/1088/997 1270/1088/997 1271/1088/999 1245/1088/999
f 1245/1088/999 1271/1088/999 1272/1088/1001 1246/1088/1001
f 1246/1088/1001 1272/1088/1001 1273/1088/1002 1247/1088/1002
f 1247/1088/1002 1273/1088/1002 1274/1088/1003 1248/1088/1003
f 1248/1088/1003 1274/1088/1003 1275/1088/1018 1253/1088/1018
f 1253/1088/1018 1275/1088/1018 1261/1088/1023 1254/1088/1005
f 1254/1088/1005 1261/1088/1023 1262/1088/1022 1255/1088/1022
f 1255/1088/1022 1262/1088/1022 1276/1088/1008 1256/1088/1008
f 1256/1088/1008 1276/1088/1008 1263/1088/1020 1257/1088/1009
f 1257/1088/1009 1263/1088/1020 1264/1088/1010 1258/1088/1010
f 1258/1088/1010 1264/1088/1010 1265/1088/1011 1249/1088/1011
f 1249/1088/1011 1265/1088/1011 1266/1088/1012 1259/1088/1012
f 1259/1088/1012 1266/1088/1012 1267/1088/1013 1260/1088/1013
f 1260/1088/1013 1267/1088/1013 1277/1088/1014 1250/1088/1014
f 1250/1088/1014 1277/1088/1014 1278/1088/1015 1251/1088/1015
f 1251/1088/1015 1278/1088/1015 1279/1088/1017 1252/1088/1017
f 1252/1088/1017 1279/1088/1017 1268/1088/995 1242/1088/995
f 1268/1088/995 1280/1088/995 1281/1088/996 1269/1088/996
f 1269/1088/996 1281/1088/996 1282/1088/997 1270/1088/997
f 1270/1088/997 1282/1088/997 1283/1088/999 1271/1088/999
f 1271/1088/999 1283/1088/999 2939/1088/1001 1272/1088/1001
f 1272/1088/1001 2939/1088/1001 1284/1088/1002 1273/1088/1002
f 1273/1088/1002 1284/1088/1002 2940/1088/1003 1274/1088/1003
f 1274/1088/1003 2940/1088/1003 2941/1088/1018 1275/1088/1018
f 1275/1088/1018 2941/1088/1018 2942/1088/1005 1261/1088/1023
f 1261/1088/1023 2942/1088/1005 2943/1088/1022 1262/1088/1022
f 1262/1088/1022 2943/1088/1022 2944/1088/1008 1276/1088/1008
f 1276/1088/1008 2944/1088/1008 2945/1088/1009 1263/1088/1020
f 1263/1088/1020 2945/1088/1009 2946/1088/1010 1264/1088/1010
f 1264/1088/1010 2946/1088/1010 2947/1088/1011 1265/1088/1011
f 1265/1088/1011 2947/1088/1011 2948/1088/1012 1266/1088/1012
f 1266/1088/1012 2948/1088/1012 2949/1088/1013 1267/1088/1013
f 1267/1088/1013 2949/1088/1013 1285/1088/1014 1277/1088/1014
f 1277/1088/1014 1285/1088/1014 1286/1088/1015 1278/1088/1015
f 1278/1088/1015 1286/1088/1015 1287/1088/1017 1279/1088/1017
f 1279/1088/1017 1287/1088/1017 1280/1088/995 1268/1088/995
f 1288/1088/1024 1310/1088/1024 1307/1088/1025 1289/1088/1025
f 1289/1088/1025 1307/1088/1025 1311/1088/1026 1290/1088/1026
f 1290/1088/1026 1311/1088/1026 1312/1088/1027 1291/1088/1027
f 1291/1088/1027 1312/1088/1027 1313/1088/1028 1292/1088/1028
f 1292/1088/1028 1313/1088/1028 1314/1088/1029 1293/1088/1029
f 1293/1088/1029 1314/1088/1029 1315/1088/1030 1294/1088/1030
f 1294/1088/1030 1315/1088/1030 1316/1088/1031 1295/1088/1031
f 1295/1088/1031 1316/1088/1031 1317/1088/1032 1296/1088/1032
f 1296/1088/1032 1317/1088/1032 1318/1088/1033 1297/1088/1033
f 1297/1088/1033 1318/1088/1033 1319/1088/1034 1298/1088/1034
f 1298/1088/1034 1319/1088/1034 1320/1088/1035 1299/1088/1036
f 1299/1088/1036 1320/1088/1035 1321/1088/1037 1300/1088/1037
f 1300/1088/1037 1321/1088/1037 1322/1088/1038 1301/1088/1038
f 1301/1088/1038 1322/1088/1038 1323/1088/1039 1302/1088/1039
f 1302/1088/1039 1323/1088/1039 1324/1088/1040 1303/1088/1040
f 1303/1088/1040 1324/1088/1040 1325/1088/1041 1304/1088/1041
f 1304/1088/1041 1325/1088/1041 1308/1088/1042 1305/1088/1042
f 1305/1088/1042 1308/1088/1042 1309/1088/1043 1306/1088/1043
f 1306/1088/1043 1309/1088/1043 1310/1088/1024 1288/1088/1024
f 1310/1088/1024 1327/1088/1024 1328/1088/1025 1307/1088/1025
f 1307/1088/1025 1328/1088/1025 1329/1088/1026 1311/1088/1026
f 1311/1088/1026 1329/1088/1026 1330/1088/1027 1312/1088/1027
f 1312/1088/1027 1330/1088/1027 1331/1088/1028 1313/1088/1028
f 1313/1088/1028 1331/1088/1028 1332/1088/1029 1314/1088/1029
f 1314/1088/1029 1332/1088/1029 1333/1088/1030 1315/1088/1030
f 1315/1088/1030 1333/1088/1030 1334/1088/1031 1316/1088/1031
f 1316/1088/1031 1334/1088/1031 1335/1088/1032 1317/1088/1032
f 1317/1088/1032 1335/1088/1032 1336/1088/1033 1318/1088/1033
f 1318/1088/1033 1336/1088/1033 1337/1088/1034 1319/1088/1034
f 1319/1088/1034 1337/1088/1034 1338/1088/1035 1320/1088/1035
f 1320/1088/1035 1338/1088/1035 1339/1088/1037 1321/1088/1037
f 1321/1088/1037 1339/1088/1037 1340/1088/1038 1322/1088/1038
f 1322/1088/1038 1340/1088/1038 1341/1088/1039 1323/1088/1039
f 1323/1088/1039 1341/1088/1039 1342/1088/1040 1324/1088/1040
f 1324/1088/1040 1342/1088/1040 1343/1088/1041 1325/1088/1041
f 1325/1088/1041 1343/1088/1041 1344/1088/1042 1308/1088/1042
f 1308/1088/1042 1344/1088/1042 1326/1088/1043 1309/1088/1043
f 1309/1088/1043 1326/1088/1043 1327/1088/1024 1310/1088/1024
f 1327/1088/1024 1348/1088/1024 1345/1088/1025 1328/1088/1025
f 1328/1088/1025 1345/1088/1025 1349/1088/1026 1329/1088/1026
f 1329/1088/1026 1349/1088/1026 1346/1088/1027 1330/1088/1027
f 1330/1088/1027 1346/1088/1027 1347/1088/1028 1331/1088/1028
f 1331/1088/1028 1347/1088/1028 1350/1088/1029 1332/1088/1029
f 1332/1088/1029 1350/1088/1029 1351/1088/1030 1333/1088/1030
f 1333/1088/1030 1351/1088/1030 1352/1088/1031 1334/1088/1031
f 1334/1088/1031 1352/1088/1031 1353/1088/1032 1335/1088/1032
f 1335/1088/1032 1353/1088/1032 1354/1088/1033 1336/1088/1033
f 1336/1088/1033 1354/1088/1033 1355/1088/1034 1337/1088/1034
f 1337/1088/1034 1355/1088/1034 1356/1088/1035 1338/1088/1035
f 1338/1088/1035 1356/1088/1035 1357/1088/1037 1339/1088/1037
f 1339/1088/1037 1357/1088/1037 1358/1088/1038 1340/1088/1038
f 1340/1088/1038 1358/1088/1038 1359/1088/1039 1341/1088/1039
f 1341/1088/1039 1359/1088/1039 1360/1088/1040 1342/1088/1040
f 1342/1088/1040 1360/1088/1040 1361/1088/1041 1343/1088/1041
f 1343/1088/1041 1361/1088/1041 1362/1088/1042 1344/1088/1042
f 1344/1088/1042 1362/1088/1042 1363/1088/1043 1326/1088/1043
f 1326/1088/1043 1363/1088/1043 1348/1088/1024 1327/1088/1024
f 1348/1088/1024 1364/1088/1024 1365/1088/1025 1345/1088/1025
f 1345/1088/1025 1365/1088/1025 1372/1088/1026 1349/1088/1026
f 1349/1088/1026 1372/1088/1026 1373/1088/1027 1346/1088/1027
f 1346/1088/1027 1373/1088/1027 1374/1088/1028 1347/1088/1028
f 1347/1088/1028 1374/1088/1028 1375/1088/1029 1350/1088/1029
f 1350/1088/1029 1375/1088/1029 1376/1088/1030 1351/1088/1030
f 1351/1088/1030 1376/1088/1030 1377/1088/1031 1352/1088/1031
f 1352/1088/1031 1377/1088/1031 1378/1088/1032 1353/1088/1032
f 1353/1088/1032 1378/1088/1032 1379/1088/1033 1354/1088/1033
f 1354/1088/1033 1379/1088/1033 1380/1088/1034 1355/1088/1034
f 1355/1088/1034 1380/1088/1034 1381/1088/1035 1356/1088/1035
f 1356/1088/1035 1381/1088/1035 1366/1088/1037 1357/1088/1037
f 1357/1088/1037 1366/1088/1037 1367/1088/1038 1358/1088/1038
f 1358/1088/1038 1367/1088/1038 1368/1088/1039 1359/1088/1039
f 1359/1088/1039 1368/1088/1039 1369/1088/1040 1360/1088/1040
f 1360/1088/1040 1369/1088/1040 1370/1088/1041 1361/1088/1041
f 1361/1088/1041 1370/1088/1041 1382/1088/1042 1362/1088/1042
f 1362/1088/1042 1382/1088/1042 1371/1088/1043 1363/1088/1043
f 1363/1088/1043 1371/1088/1043 1364/1088/1024 1348/1088/1024
f 1364/1088/1024 1383/1088/1024 1384/1088/1025 1365/1088/1025
f 1365/1088/1025 1384/1088/1025 1385/1088/1026 1372/1088/1026
f 1372/1088/1026 1385/1088/1026 1386/1088/1027 1373/1088/1027
f 1373/1088/1027 1386/1088/1027 1387/1088/1028 1374/1088/1028
f 1374/1088/1028 1387/1088/1028 1392/1088/1029 1375/1088/1029
f 1375/1088/1029 1392/1088/1029 1388/1088/1030 1376/1088/1030
f 1376/1088/1030 1388/1088/1030 1393/1088/1031 1377/1088/1031
f 1377/1088/1031 1393/1088/1031 1394/1088/1032 1378/1088/1032
f 1378/1088/1032 1394/1088/1032 1395/1088/1044 1379/1088/1033
f 1379/1088/1033 1395/1088/1044 1396/1088/1034 1380/1088/1034
f 1380/1088/1034 1396/1088/1034 1397/1088/1035 1381/1088/1035
f 1381/1088/1035 1397/1088/1035 1398/1088/1045 1366/1088/1037
f 1366/1088/1037 1398/1088/1045 1389/1088/1038 1367/1088/1038
f 1367/1088/1038 1389/1088/1038 1399/1088/1039 1368/1088/1039
f 1368/1088/1039 1399/1088/1039 1400/1088/1040 1369/1088/1040
f 1369/1088/1040 1400/1088/1040 1401/1088/1041 1370/1088/1041
f 1370/1088/1041 1401/1088/1041 1390/1088/1042 1382/1088/1042
f 1382/1088/1042 1390/1088/1042 1391/1088/1043 1371/1088/1043
f 1371/1088/1043 1391/1088/1043 1383/1088/1024 1364/1088/1024
f 1383/1088/1024 1402/1088/1024 1413/1088/1025 1384/1088/1025
f 1384/1088/1025 1413/1088/1025 1414/1088/1046 1385/1088/1026
f 1385/1088/1026 1414/1088/1046 1415/1088/1027 1386/1088/1027
f 1386/1088/1027 1415/1088/1027 1416/1088/1028 1387/1088/1028
f 1387/1088/1028 1416/1088/1028 1417/1088/1029 1392/1088/1029
f 1392/1088/1029 1417/1088/1029 1418/1088/1030 1388/1088/1030
f 1388/1088/1030 1418/1088/1030 1419/1088/1031 1393/1088/1031
f 1393/1088/1031 1419/1088/1031 1403/1088/1032 1394/1088/1032
f 1394/1088/1032 1403/1088/1032 1404/1088/1044 1395/1088/1044
f 1395/1088/1044 1404/1088/1044 1405/1088/1034 1396/1088/1034
f 1396/1088/1034 1405/1088/1034 1406/1088/1035 1397/1088/1035
f 1397/1088/1035 1406/1088/1035 1407/1088/1045 1398/1088/1045
f 1398/1088/1045 1407/1088/1045 1408/1088/1038 1389/1088/1038
f 1389/1088/1038 1408/1088/1038 1409/1088/1039 1399/1088/1039
f 1399/1088/1039 1409/1088/1039 1410/1088/1040 1400/1088/1040
f 1400/1088/1040 1410/1088/1040 1411/1088/1041 1401/1088/1041
f 1401/1088/1041 1411/1088/1041 1412/1088/1042 1390/1088/1042
f 1390/1088/1042 1412/1088/1042 1420/1088/1043 1391/1088/1043
f 1391/1088/1043 1420/1088/1043 1402/1088/1024 1383/1088/1024
f 1402/1088/1024 1421/1088/1024 1422/1088/1025 1413/1088/1025
f 1413/1088/1025 1422/1088/1025 1433/1088/1026 1414/1088/1046
f 1414/1088/1046 1433/1088/1026 1423/1088/1027 1415/1088/1027
f 1415/1088/1027 1423/1088/1027 1424/1088/1028 1416/1088/1028
f 1416/1088/1028 1424/1088/1028 1434/1088/1029 1417/1088/1029
f 1417/1088/1029 1434/1088/1029 1425/1088/1030 1418/1088/1030
f 1418/1088/1030 1425/1088/1030 1426/1088/1031 1419/1088/1031
f 1419/1088/1031 1426/1088/1031 1435/1088/1032 1403/1088/1032
f 1403/1088/1032 1435/1088/1032 1427/1088/1044 1404/1088/1044
f 1404/1088/1044 1427/1088/1044 1436/1088/1034 1405/1088/1034
f 1405/1088/1034 1436/1088/1034 1428/1088/1035 1406/1088/1035
f 1406/1088/1035 1428/1088/1035 1437/1088/1045 1407/1088/1045
f 1407/1088/1045 1437/1088/1045 1429/1088/1038 1408/1088/1038
f 1408/1088/1038 1429/1088/1038 1430/1088/1039 1409/1088/1039
f 1409/1088/1039 1430/1088/1039 1438/1088/1040 1410/1088/1040
f 1410/1088/1040 1438/1088/1040 1431/1088/1041 1411/1088/1041
f 1411/1088/1041 1431/1088/1041 1439/1088/1042 1412/1088/1042
f 1412/1088/1042 1439/1088/1042 1432/1088/1043 1420/1088/1043
f 1420/1088/1043 1432/1088/1043 1421/1088/1024 1402/1088/1024
f 1421/1088/1024 1440/1088/1024 1451/1088/1025 1422/1088/1025
f 1422/1088/1025 1451/1088/1025 1452/1088/1026 1433/1088/1026
f 1433/1088/1026 1452/1088/1026 1453/1088/1027 1423/1088/1027
f 1423/1088/1027 1453/1088/1027 1454/1088/1028 1424/1088/1028
f 1424/1088/1028 1454/1088/1028 1455/1088/1029 1434/1088/1029
f 1434/1088/1029 1455/1088/1029 1441/1088/1030 1425/1088/1030
f 1425/1088/1030 1441/1088/1030 1456/1088/1031 1426/1088/1031
f 1426/1088/1031 1456/1088/1031 1457/1088/1032 1435/1088/1032
f 1435/1088/1032 1457/1088/1032 1442/1088/1044 1427/1088/1044
f 1427/1088/1044 1442/1088/1044 1443/1088/1034 1436/1088/1034
f 1436/1088/1034 1443/1088/1034 1444/1088/1035 1428/1088/1035
f 1428/1088/1035 1444/1088/1035 1458/1088/1045 1437/1088/1045
f 1437/1088/1045 1458/1088/1045 1445/1088/1038 1429/1088/1038
f 1429/1088/1038 1445/1088/1038 1446/1088/1039 1430/1088/1039
f 1430/1088/1039 1446/1088/1039 1447/1088/1040 1438/1088/1040
f 1438/1088/1040 1447/1088/1040 1448/1088/1041 1431/1088/1041
f 1431/1088/1041 1448/1088/1041 1449/1088/1042 1439/1088/1042
f 1439/1088/1042 1449/1088/1042 1450/1088/1043 1432/1088/1043
f 1432/1088/1043 1450/1088/1043 1440/1088/1024 1421/1088/1024
f 1440/1088/1024 1459/1088/1024 1460/1088/1025 1451/1088/1025
f 1451/1088/1025 1460/1088/1025 1461/1088/1026 1452/1088/1026
f 1452/1088/1026 1461/1088/1026 1462/1088/1027 1453/1088/1027
f 1453/1088/1027 1462/1088/1027 1463/1088/1028 1454/1088/1028
f 1454/1088/1028 1463/1088/1028 1464/1088/1029 1455/1088/1029
f 1455/1088/1029 1464/1088/1029 1465/1088/1030 1441/1088/1030
f 1441/1088/1030 1465/1088/1030 1466/1088/1031 1456/1088/1031
f 1456/1088/1031 1466/1088/1031 1470/1088/1032 1457/1088/1032
f 1457/1088/1032 1470/1088/1032 1471/1088/1044 1442/1088/1044
f 1442/1088/1044 1471/1088/1044 1472/1088/1034 1443/1088/1034
f 1443/1088/1034 1472/1088/1034 1473/1088/1035 1444/1088/1035
f 1444/1088/1035 1473/1088/1035 1474/1088/1045 1458/1088/1045
f 1458/1088/1045 1474/1088/1045 1475/1088/1038 1445/1088/1038
f 1445/1088/1038 1475/1088/1038 1467/1088/1039 1446/1088/1039
f 1446/1088/1039 1467/1088/1039 1476/1088/1040 1447/1088/1040
f 1447/1088/1040 1476/1088/1040 1477/1088/1041 1448/1088/1041
f 1448/1088/1041 1477/1088/1041 1468/1088/1042 1449/1088/1042
f 1449/1088/1042 1468/1088/1042 1469/1088/1043 1450/1088/1043
f 1450/1088/1043 1469/1088/1043 1459/1088/1024 1440/1088/1024
f 1459/1088/1024 1486/1088/1024 1487/1088/1025 1460/1088/1025
f 1460/1088/1025 1487/1088/1025 1488/1088/1026 1461/1088/1026
f 1461/1088/1026 1488/1088/1026 1478/1088/1027 1462/1088/1027
f 1462/1088/1027 1478/1088/1027 1489/1088/1028 1463/1088/1028
f 1463/1088/1028 1489/1088/1028 1479/1088/1029 1464/1088/1029
f 1464/1088/1029 1479/1088/1029 1490/1088/1047 1465/1088/1030
f 1465/1088/1030 1490/1088/1047 1491/1088/1031 1466/1088/1031
f 1466/1088/1031 1491/1088/1031 1480/1088/1032 1470/1088/1032
f 1470/1088/1032 1480/1088/1032 1481/1088/1044 1471/1088/1044
f 1471/1088/1044 1481/1088/1044 1482/1088/1034 1472/1088/1034
f 1472/1088/1034 1482/1088/1034 1483/1088/1036 1473/1088/1035
f 1473/1088/1035 1483/1088/1036 1492/1088/1045 1474/1088/1045
f 1474/1088/1045 1492/1088/1045 1493/1088/1038 1475/1088/1038
f 1475/1088/1038 1493/1088/1038 1484/1088/1039 1467/1088/1039
f 1467/1088/1039 1484/1088/1039 1494/1088/1040 1476/1088/1040
f 1476/1088/1040 1494/1088/1040 1485/1088/1041 1477/1088/1041
f 1477/1088/1041 1485/1088/1041 1495/1088/1042 1468/1088/1042
f 1468/1088/1042 1495/1088/1042 1496/1088/1043 1469/1088/1043
f 1469/1088/1043 1496/1088/1043 1486/1088/1024 1459/1088/1024
f 1486/1088/1024 1497/1088/1024 1498/1088/1025 1487/1088/1025
f 1487/1088/1025 1498/1088/1025 1499/1088/1046 1488/1088/1026
f 1488/1088/1026 1499/1088/1046 1500/1088/1027 1478/1088/1027
f 1478/1088/1027 1500/1088/1027 1501/1088/1028 1489/1088/1028
f 1489/1088/1028 1501/1088/1028 1502/1088/1029 1479/1088/1029
f 1479/1088/1029 1502/1088/1029 1503/1088/1030 1490/1088/1047
f 1490/1088/1047 1503/1088/1030 7409/1088/1031 1491/1088/1031
f 1491/1088/1031 7409/1088/1031 1504/1088/1032 1480/1088/1032
f 1480/1088/1032 1504/1088/1032 1505/1088/1044 1481/1088/1044
f 1481/1088/1044 1505/1088/1044 7410/1088/1034 1482/1088/1034
f 1482/1088/1034 7410/1088/1034 7411/1088/1035 1483/1088/1036
f 1483/1088/1036 7411/1088/1035 1506/1088/1045 1492/1088/1045
f 1492/1088/1045 1506/1088/1045 1507/1088/1038 1493/1088/1038
f 1493/1088/1038 1507/1088/1038 7412/1088/1039 1484/1088/1039
f 1484/1088/1039 7412/1088/1039 1508/1088/1040 1494/1088/1040
f 1494/1088/1040 1508/1088/1040 1509/1088/1041 1485/1088/1041
f 1485/1088/1041 1509/1088/1041 1510/1088/1042 1495/1088/1042
f 1495/1088/1042 1510/1088/1042 1511/1088/1043 1496/1088/1043
f 1496/1088/1043 1511/1088/1043 1497/1088/1024 1486/1088/1024
f 1512/1088/1048 1536/1088/1048 1537/1088/1049 1513/1088/1049
f 1513/1088/1049 1537/1088/1049 1538/1088/1050 1514/1088/1050
f 1514/1088/1050 1538/1088/1050 1539/1088/1051 1515/1088/1051
f 1515/1088/1051 1539/1088/1051 1540/1088/1052 1516/1088/1052
f 1516/1088/1052 1540/1088/1052 1541/1088/1053 1517/1088/1053
f 1517/1088/1053 1541/1088/1053 1542/1088/1054 1518/1088/1054
f 1518/1088/1054 1542/1088/1054 1543/1088/1055 1519/1088/1055
f 1519/1088/1055 1543/1088/1055 1531/1088/1056 1520/1088/1056
f 1520/1088/1056 1531/1088/1056 1532/1088/1057 1521/1088/1057
f 1521/1088/1057 1532/1088/1057 1533/1088/1058 1522/1088/1058
f 1522/1088/1058 1533/1088/1058 1544/1088/1059 1523/1088/1059
f 1523/1088/1059 1544/1088/1059 1534/1088/1060 1524/1088/1061
f 1524/1088/1061 1534/1088/1060 1545/1088/1062 1525/1088/1062
f 1525/1088/1062 1545/1088/1062 1546/1088/1063 1526/1088/1063
f 1526/1088/1063 1546/1088/1063 1547/1088/1064 1527/1088/1064
f 1527/1088/1064 1547/1088/1064 1548/1088/1065 1528/1088/1065
f 1528/1088/1065 1548/1088/1065 1549/1088/1066 1529/1088/1066
f 1529/1088/1066 1549/1088/1066 1535/1088/1067 1530/1088/1067
f 1530/1088/1067 1535/1088/1067 1536/1088/1048 1512/1088/1048
f 1536/1088/1048 1554/1088/1048 1555/1088/1049 1537/1088/1049
f 1537/1088/1049 1555/1088/1049 1550/1088/1068 1538/1088/1050
f 1538/1088/1050 1550/1088/1068 1556/1088/1051 1539/1088/1051
f 1539/1088/1051 1556/1088/1051 1557/1088/1052 1540/1088/1052
f 1540/1088/1052 1557/1088/1052 1558/1088/1053 1541/1088/1053
f 1541/1088/1053 1558/1088/1053 1559/1088/1054 1542/1088/1054
f 1542/1088/1054 1559/1088/1054 1560/1088/1055 1543/1088/1055
f 1543/1088/1055 1560/1088/1055 1561/1088/1056 1531/1088/1056
f 1531/1088/1056 1561/1088/1056 1562/1088/1057 1532/1088/1057
f 1532/1088/1057 1562/1088/1057 1563/1088/1058 1533/1088/1058
f 1533/1088/1058 1563/1088/1058 1564/1088/1059 1544/1088/1059
f 1544/1088/1059 1564/1088/1059 1551/1088/1060 1534/1088/1060
f 1534/1088/1060 1551/1088/1060 1552/1088/1062 1545/1088/1062
f 1545/1088/1062 1552/1088/1062 1565/1088/1063 1546/1088/1063
f 1546/1088/1063 1565/1088/1063 1566/1088/1064 1547/1088/1064
f 1547/1088/1064 1566/1088/1064 1567/1088/1065 1548/1088/1065
f 1548/1088/1065 1567/1088/1065 1553/1088/1066 1549/1088/1066
f 1549/1088/1066 1553/1088/1066 1568/1088/1067 1535/1088/1067
f 1535/1088/1067 1568/1088/1067 1554/1088/1048 1536/1088/1048
f 1554/1088/1048 1574/1088/1048 1575/1088/1049 1555/1088/1049
f 1555/1088/1049 1575/1088/1049 1576/1088/1068 1550/1088/1068
f 1550/1088/1068 1576/1088/1068 1569/1088/1051 1556/1088/1051
f 1556/1088/1051 1569/1088/1051 1577/1088/1052 1557/1088/1052
f 1557/1088/1052 1577/1088/1052 1578/1088/1053 1558/1088/1053
f 1558/1088/1053 1578/1088/1053 1579/1088/1054 1559/1088/1054
f 1559/1088/1054 1579/1088/1054 1580/1088/1055 1560/1088/1055
f 1560/1088/1055 1580/1088/1055 1581/1088/1056 1561/1088/1056
f 1561/1088/1056 1581/1088/1056 1582/1088/1057 1562/1088/1057
f 1562/1088/1057 1582/1088/1057 1570/1088/1058 1563/1088/1058
f 1563/1088/1058 1570/1088/1058 1583/1088/1059 1564/1088/1059
f 1564/1088/1059 1583/1088/1059 1584/1088/1061 1551/1088/1060
f 1551/1088/1060 1584/1088/1061 1585/1088/1062 1552/1088/1062
f 1552/1088/1062 1585/1088/1062 1571/1088/1063 1565/1088/1063
f 1565/1088/1063 1571/1088/1063 1586/1088/1064 1566/1088/1064
f 1566/1088/1064 1586/1088/1064 1572/1088/1065 1567/1088/1065
f 1567/1088/1065 1572/1088/1065 1587/1088/1066 1553/1088/1066
f 1553/1088/1066 1587/1088/1066 1573/1088/1067 1568/1088/1067
f 1568/1088/1067 1573/1088/1067 1574/1088/1048 1554/1088/1048
f 1574/1088/1048 1588/1088/1048 1589/1088/1049 1575/1088/1049
f 1575/1088/1049 1589/1088/1049 1590/1088/1050 1576/1088/1068
f 1576/1088/1068 1590/1088/1050 1595/1088/1051 1569/1088/1051
f 1569/1088/1051 1595/1088/1051 1591/1088/1052 1577/1088/1052
f 1577/1088/1052 1591/1088/1052 1596/1088/1053 1578/1088/1053
f 1578/1088/1053 1596/1088/1053 1597/1088/1054 1579/1088/1054
f 1579/1088/1054 1597/1088/1054 1598/1088/1055 1580/1088/1055
f 1580/1088/1055 1598/1088/1055 1599/1088/1056 1581/1088/1056
f 1581/1088/1056 1599/1088/1056 1600/1088/1057 1582/1088/1057
f 1582/1088/1057 1600/1088/1057 1601/1088/1058 1570/1088/1058
f 1570/1088/1058 1601/1088/1058 1602/1088/1059 1583/1088/1059
f 1583/1088/1059 1602/1088/1059 1592/1088/1061 1584/1088/1061
f 1584/1088/1061 1592/1088/1061 1603/1088/1062 1585/1088/1062
f 1585/1088/1062 1603/1088/1062 1604/1088/1063 1571/1088/1063
f 1571/1088/1063 1604/1088/1063 1605/1088/1064 1586/1088/1064
f 1586/1088/1064 1605/1088/1064 1593/1088/1065 1572/1088/1065
f 1572/1088/1065 1593/1088/1065 1594/1088/1066 1587/1088/1066
f 1587/1088/1066 1594/1088/1066 1606/1088/1067 1573/1088/1067
f 1573/1088/1067 1606/1088/1067 1588/1088/1048 1574/1088/1048
f 1588/1088/1048 1617/1088/1048 1618/1088/1049 1589/1088/1049
f 1589/1088/1049 1618/1088/1049 1619/1088/1068 1590/1088/1050
f 1590/1088/1050 1619/1088/1068 1620/1088/1051 1595/1088/1051
f 1595/1088/1051 1620/1088/1051 1621/1088/1052 1591/1088/1052
f 1591/1088/1052 1621/1088/1052 1607/1088/1053 1596/1088/1053
f 1596/1088/1053 1607/1088/1053 1622/1088/1054 1597/1088/1054
f 1597/1088/1054 1622/1088/1054 1623/1088/1055 1598/1088/1055
f 1598/1088/1055 1623/1088/1055 1608/1088/1056 1599/1088/1056
f 1599/1088/1056 1608/1088/1056 1609/1088/1057 1600/1088/1057
f 1600/1088/1057 1609/1088/1057 1610/1088/1058 1601/1088/1058
f 1601/1088/1058 1610/1088/1058 1611/1088/1059 1602/1088/1059
f 1602/1088/1059 1611/1088/1059 1612/1088/1061 1592/1088/1061
f 1592/1088/1061 1612/1088/1061 1613/1088/1062 1603/1088/1062
f 1603/1088/1062 1613/1088/1062 1614/1088/1063 1604/1088/1063
f 1604/1088/1063 1614/1088/1063 1615/1088/1064 1605/1088/1064
f 1605/1088/1064 1615/1088/1064 1616/1088/1065 1593/1088/1065
f 1593/1088/1065 1616/1088/1065 1624/1088/1066 1594/1088/1066
f 1594/1088/1066 1624/1088/1066 1625/1088/1067 1606/1088/1067
f 1606/1088/1067 1625/1088/1067 1617/1088/1048 1588/1088/1048
f 1617/1088/1048 1638/1088/1048 1626/1088/1049 1618/1088/1049
f 1618/1088/1049 1626/1088/1049 1627/1088/1050 1619/1088/1068
f 1619/1088/1068 1627/1088/1050 1628/1088/1051 1620/1088/1051
f 1620/1088/1051 1628/1088/1051 1629/1088/1052 1621/1088/1052
f 1621/1088/1052 1629/1088/1052 1630/1088/1053 1607/1088/1053
f 1607/1088/1053 1630/1088/1053 1631/1088/1054 1622/1088/1054
f 1622/1088/1054 1631/1088/1054 1639/1088/1055 1623/1088/1055
f 1623/1088/1055 1639/1088/1055 1640/1088/1056 1608/1088/1056
f 1608/1088/1056 1640/1088/1056 1641/1088/1057 1609/1088/1057
f 1609/1088/1057 1641/1088/1057 1632/1088/1058 1610/1088/1058
f 1610/1088/1058 1632/1088/1058 1633/1088/1059 1611/1088/1059
f 1611/1088/1059 1633/1088/1059 1634/1088/1060 1612/1088/1061
f 1612/1088/1061 1634/1088/1060 1642/1088/1062 1613/1088/1062
f 1613/1088/1062 1642/1088/1062 1635/1088/1063 1614/1088/1063
f 1614/1088/1063 1635/1088/1063 1636/1088/1064 1615/1088/1064
f 1615/1088/1064 1636/1088/1064 1643/1088/1065 1616/1088/1065
f 1616/1088/1065 1643/1088/1065 1644/1088/1066 1624/1088/1066
f 1624/1088/1066 1644/1088/1066 1637/1088/1067 1625/1088/1067
f 1625/1088/1067 1637/1088/1067 1638/1088/1048 1617/1088/1048
f 1638/1088/1048 1650/1088/1048 1651/1088/1049 1626/1088/1049
f 1626/1088/1049 1651/1088/1049 1652/1088/1050 1627/1088/1050
f 1627/1088/1050 1652/1088/1050 1653/1088/1051 1628/1088/1051
f 1628/1088/1051 1653/1088/1051 1645/1088/1052 1629/1088/1052
f 1629/1088/1052 1645/1088/1052 1646/1088/1053 1630/1088/1053
f 1630/1088/1053 1646/1088/1053 1654/1088/1054 1631/1088/1054
f 1631/1088/1054 1654/1088/1054 1655/1088/1055 1639/1088/1055
f 1639/1088/1055 1655/1088/1055 1656/1088/1056 1640/1088/1056
f 1640/1088/1056 1656/1088/1056 1657/1088/1057 1641/1088/1057
f 1641/1088/1057 1657/1088/1057 1658/1088/1058 1632/1088/1058
f 1632/1088/1058 1658/1088/1058 1647/1088/1059 1633/1088/1059
f 1633/1088/1059 1647/1088/1059 1659/1088/1060 1634/1088/1060
f 1634/1088/1060 1659/1088/1060 1648/1088/1062 1642/1088/1062
f 1642/1088/1062 1648/1088/1062 1660/1088/1063 1635/1088/1063
f 1635/1088/1063 1660/1088/1063 1661/1088/1064 1636/1088/1064
f 1636/1088/1064 1661/1088/1064 1649/1088/1069 1643/1088/1065
f 1643/1088/1065 1649/1088/1069 1662/1088/1066 1644/1088/1066
f 1644/1088/1066 1662/1088/1066 1663/1088/1067 1637/1088/1067
f 1637/1088/1067 1663/1088/1067 1650/1088/1048 1638/1088/1048
f 1650/1088/1048 1664/1088/1048 1665/1088/1049 1651/1088/1049
f 1651/1088/1049 1665/1088/1049 1673/1088/1050 1652/1088/1050
f 1652/1088/1050 1673/1088/1050 1666/1088/1051 1653/1088/1051
f 1653/1088/1051 1666/1088/1051 1674/1088/1052 1645/1088/1052
f 1645/1088/1052 1674/1088/1052 1667/1088/1053 1646/1088/1053
f 1646/1088/1053 1667/1088/1053 1668/1088/1054 1654/1088/1054
f 1654/1088/1054 1668/1088/1054 1675/1088/1055 1655/1088/1055
f 1655/1088/1055 1675/1088/1055 1669/1088/1056 1656/1088/1056
f 1656/1088/1056 1669/1088/1056 1676/1088/1057 1657/1088/1057
f 1657/1088/1057 1676/1088/1057 1677/1088/1058 1658/1088/1058
f 1658/1088/1058 1677/1088/1058 1678/1088/1059 1647/1088/1059
f 1647/1088/1059 1678/1088/1059 1679/1088/1060 1659/1088/1060
f 1659/1088/1060 1679/1088/1060 1680/1088/1062 1648/1088/1062
f 1648/1088/1062 1680/1088/1062 1681/1088/1063 1660/1088/1063
f 1660/1088/1063 1681/1088/1063 1670/1088/1064 1661/1088/1064
f 1661/1088/1064 1670/1088/1064 1671/1088/1069 1649/1088/1069
f 1649/1088/1069 1671/1088/1069 1672/1088/1066 1662/1088/1066
f 1662/1088/1066 1672/1088/1066 1682/1088/1067 1663/1088/1067
f 1663/1088/1067 1682/1088/1067 1664/1088/1048 1650/1088/1048
f 1664/1088/1048 1693/1088/1048 1694/1088/1049 1665/1088/1049
f 1665/1088/1049 1694/1088/1049 1695/1088/1068 1673/1088/1050
f 1673/1088/1050 1695/1088/1068 1696/1088/1051 1666/1088/1051
f 1666/1088/1051 1696/1088/1051 1697/1088/1052 1674/1088/1052
f 1674/1088/1052 1697/1088/1052 1698/1088/1053 1667/1088/1053
f 1667/1088/1053 1698/1088/1053 1683/1088/1054 1668/1088/1054
f 1668/1088/1054 1683/1088/1054 1684/1088/1055 1675/1088/1055
f 1675/1088/1055 1684/1088/1055 1685/1088/1056 1669/1088/1056
f 1669/1088/1056 1685/1088/1056 1699/1088/1057 1676/1088/1057
f 1676/1088/1057 1699/1088/1057 1686/1088/1058 1677/1088/1058
f 1677/1088/1058 1686/1088/1058 1700/1088/1059 1678/1088/1059
f 1678/1088/1059 1700/1088/1059 1687/1088/1060 1679/1088/1060
f 1679/1088/1060 1687/1088/1060 1688/1088/1062 1680/1088/1062
f 1680/1088/1062 1688/1088/1062 1689/1088/1063 1681/1088/1063
f 1681/1088/1063 1689/1088/1063 1690/1088/1064 1670/1088/1064
f 1670/1088/1064 1690/1088/1064 1701/1088/1065 1671/1088/1069
f 1671/1088/1069 1701/1088/1065 1691/1088/1066 1672/1088/1066
f 1672/1088/1066 1691/1088/1066 1692/1088/1067 1682/1088/1067
f 1682/1088/1067 1692/1088/1067 1693/1088/1048 1664/1088/1048
f 1693/1088/1048 1710/1088/1048 1702/1088/1049 1694/1088/1049
f 1694/1088/1049 1702/1088/1049 1703/1088/1068 1695/1088/1068
f 1695/1088/1068 1703/1088/1068 1711/1088/1051 1696/1088/1051
f 1696/1088/1051 1711/1088/1051 1712/1088/1052 1697/1088/1052
f 1697/1088/1052 1712/1088/1052 1704/1088/1053 1698/1088/1053
f 1698/1088/1053 1704/1088/1053 1713/1088/1054 1683/1088/1054
f 1683/1088/1054 1713/1088/1054 1714/1088/1055 1684/1088/1055
f 1684/1088/1055 1714/1088/1055 1705/1088/1056 1685/1088/1056
f 1685/1088/1056 1705/1088/1056 1715/1088/1057 1699/1088/1057
f 1699/1088/1057 1715/1088/1057 1706/1088/1058 1686/1088/1058
f 1686/1088/1058 1706/1088/1058 1716/1088/1059 1700/1088/1059
f 1700/1088/1059 1716/1088/1059 1717/1088/1060 1687/1088/1060
f 1687/1088/1060 1717/1088/1060 1707/1088/1062 1688/1088/1062
f 1688/1088/1062 1707/1088/1062 1708/1088/1063 1689/1088/1063
f 1689/1088/1063 1708/1088/1063 1718/1088/1064 1690/1088/1064
f 1690/1088/1064 1718/1088/1064 1719/1088/1065 1701/1088/1065
f 1701/1088/1065 1719/1088/1065 1709/1088/1066 1691/1088/1066
f 1691/1088/1066 1709/1088/1066 1720/1088/1067 1692/1088/1067
f 1692/1088/1067 1720/1088/1067 1710/1088/1048 1693/1088/1048
f 1710/1088/1048 7622/1088/1048 1721/1088/1049 1702/1088/1049
f 1702/1088/1049 1721/1088/1049 7623/1088/1070 1703/1088/1068
f 1703/1088/1068 7623/1088/1070 7624/1088/1051 1711/1088/1051
f 1711/1088/1051 7624/1088/1051 7625/1088/1052 1712/1088/1052
f 1712/1088/1052 7625/1088/1052 7626/1088/1053 1704/1088/1053
f 1704/1088/1053 7626/1088/1053 1722/1088/1054 1713/1088/1054
f 1713/1088/1054 1722/1088/1054 7627/1088/1055 1714/1088/1055
f 1714/1088/1055 7627/1088/1055 7628/1088/1056 1705/1088/1056
f 1705/1088/1056 7628/1088/1056 1723/1088/1057 1715/1088/1057
f 1715/1088/1057 1723/1088/1057 1724/1088/1058 1706/1088/1058
f 1706/1088/1058 1724/1088/1058 1725/1088/1059 1716/1088/1059
f 1716/1088/1059 1725/1088/1059 7629/1088/1060 1717/1088/1060
f 1717/1088/1060 7629/1088/1060 1726/1088/1062 1707/1088/1062
f 1707/1088/1062 1726/1088/1062 7630/1088/1063 1708/1088/1063
f 1708/1088/1063 7630/1088/1063 1727/1088/1064 1718/1088/1064
f 1718/1088/1064 1727/1088/1064 1728/1088/1065 1719/1088/1065
f 1719/1088/1065 1728/1088/1065 7631/1088/1066 1709/1088/1066
f 1709/1088/1066 7631/1088/1066 1729/1088/1067 1720/1088/1067
f 1720/1088/1067 1729/1088/1067 7622/1088/1048 1710/1088/1048
f 1730/1088/1071 1749/1088/1071 1750/1088/1072 1731/1088/1072
f 1731/1088/1072 1750/1088/1072 1751/1088/1073 1732/1088/1073
f 1732/1088/1073 1751/1088/1073 1752/1088/1074 1733/1088/1074
f 1733/1088/1074 1752/1088/1074 1753/1088/1075 1734/1088/1075
f 1734/1088/1075 1753/1088/1075 1754/1088/1076 1735/1088/1076
f 1735/1088/1076 1754/1088/1076 1755/1088/1077 1736/1088/1077
f 1736/1088/1077 1755/1088/1077 1759/1088/1078 1737/1088/1078
f 1737/1088/1078 1759/1088/1078 1760/1088/1079 1738/1088/1079
f 1738/1088/1079 1760/1088/1079 1761/1088/1080 1739/1088/1080
f 1739/1088/1080 1761/1088/1080 1762/1088/1081 1740/1088/1081
f 1740/1088/1081 1762/1088/1081 1763/1088/1082 1741/1088/1082
f 1741/1088/1082 1763/1088/1082 1764/1088/1083 1742/1088/1083
f 1742/1088/1083 1764/1088/1083 1765/1088/1084 1743/1088/1084
f 1743/1088/1084 1765/1088/1084 1766/1088/1085 1744/1088/1085
f 1744/1088/1085 1766/1088/1085 1767/1088/1086 1745/1088/1086
f 1745/1088/1086 1767/1088/1086 1756/1088/1087 1746/1088/1087
f 1746/1088/1087 1756/1088/1087 1757/1088/1088 1747/1088/1088
f 1747/1088/1088 1757/1088/1088 1758/1088/1089 1748/1088/1089
f 1748/1088/1089 1758/1088/1089 1749/1088/1071 1730/1088/1071
f 1749/1088/1071 1776/1088/1071 1768/1088/1072 1750/1088/1072
f 1750/1088/1072 1768/1088/1072 1777/1088/1073 1751/1088/1073
f 1751/1088/1073 1777/1088/1073 1778/1088/1074 1752/1088/1074
f 1752/1088/1074 1778/1088/1074 1779/1088/1075 1753/1088/1075
f 1753/1088/1075 1779/1088/1075 1780/1088/1076 1754/1088/1076
f 1754/1088/1076 1780/1088/1076 1781/1088/1077 1755/1088/1077
f 1755/1088/1077 1781/1088/1077 1782/1088/1078 1759/1088/1078
f 1759/1088/1078 1782/1088/1078 1783/1088/1079 1760/1088/1079
f 1760/1088/1079 1783/1088/1079 1769/1088/1080 1761/1088/1080
f 1761/1088/1080 1769/1088/1080 1770/1088/1081 1762/1088/1081
f 1762/1088/1081 1770/1088/1081 1771/1088/1082 1763/1088/1082
f 1763/1088/1082 1771/1088/1082 1772/1088/1083 1764/1088/1083
f 1764/1088/1083 1772/1088/1083 1784/1088/1084 1765/1088/1084
f 1765/1088/1084 1784/1088/1084 1785/1088/1085 1766/1088/1085
f 1766/1088/1085 1785/1088/1085 1786/1088/1086 1767/1088/1086
f 1767/1088/1086 1786/1088/1086 1773/1088/1090 1756/1088/1087
f 1756/1088/1087 1773/1088/1090 1774/1088/1088 1757/1088/1088
f 1757/1088/1088 1774/1088/1088 1775/1088/1089 1758/1088/1089
f 1758/1088/1089 1775/1088/1089 1776/1088/1071 1749/1088/1071
f 1776/1088/1071 1796/1088/1071 1797/1088/1072 1768/1088/1072
f 1768/1088/1072 1797/1088/1072 1798/1088/1073 1777/1088/1073
f 1777/1088/1073 1798/1088/1073 1799/1088/1074 1778/1088/1074
f 1778/1088/1074 1799/1088/1074 1800/1088/1075 1779/1088/1075
f 1779/1088/1075 1800/1088/1075 1801/1088/1076 1780/1088/1076
f 1780/1088/1076 1801/1088/1076 1802/1088/1077 1781/1088/1077
f 1781/1088/1077 1802/1088/1077 1787/1088/1078 1782/1088/1078
f 1782/1088/1078 1787/1088/1078 1788/1088/1079 1783/1088/1079
f 1783/1088/1079 1788/1088/1079 1789/1088/1080 1769/1088/1080
f 1769/1088/1080 1789/1088/1080 1790/1088/1081 1770/1088/1081
f 1770/1088/1081 1790/1088/1081 1791/1088/1082 1771/1088/1082
f 1771/1088/1082 1791/1088/1082 1792/1088/1083 1772/1088/1083
f 1772/1088/1083 1792/1088/1083 1793/1088/1084 1784/1088/1084
f 1784/1088/1084 1793/1088/1084 1794/1088/1085 1785/1088/1085
f 1785/1088/1085 1794/1088/1085 1795/1088/1086 1786/1088/1086
f 1786/1088/1086 1795/1088/1086 1803/1088/1087 1773/1088/1090
f 1773/1088/1090 1803/1088/1087 1804/1088/1088 1774/1088/1088
f 1774/1088/1088 1804/1088/1088 1805/1088/1089 1775/1088/1089
f 1775/1088/1089 1805/1088/1089 1796/1088/1071 1776/1088/1071
f 1796/1088/1071 1815/1088/1071 1806/1088/1072 1797/1088/1072
f 1797/1088/1072 1806/1088/1072 1807/1088/1073 1798/1088/1073
f 1798/1088/1073 1807/1088/1073 1816/1088/1074 1799/1088/1074
f 1799/1088/1074 1816/1088/1074 1808/1088/1075 1800/1088/1075
f 1800/1088/1075 1808/1088/1075 1809/1088/1076 1801/1088/1076
f 1801/1088/1076 1809/1088/1076 1810/1088/1077 1802/1088/1077
f 1802/1088/1077 1810/1088/1077 1811/1088/1078 1787/1088/1078
f 1787/1088/1078 1811/1088/1078 1817/1088/1079 1788/1088/1079
f 1788/1088/1079 1817/1088/1079 1818/1088/1091 1789/1088/1080
f 1789/1088/1080 1818/1088/1091 1819/1088/1081 1790/1088/1081
f 1790/1088/1081 1819/1088/1081 1820/1088/1082 1791/1088/1082
f 1791/1088/1082 1820/1088/1082 1821/1088/1083 1792/1088/1083
f 1792/1088/1083 1821/1088/1083 1822/1088/1084 1793/1088/1084
f 1793/1088/1084 1822/1088/1084 1812/1088/1085 1794/1088/1085
f 1794/1088/1085 1812/1088/1085 1823/1088/1086 1795/1088/1086
f 1795/1088/1086 1823/1088/1086 1824/1088/1087 1803/1088/1087
f 1803/1088/1087 1824/1088/1087 1813/1088/1092 1804/1088/1088
f 1804/1088/1088 1813/1088/1092 1814/1088/1089 1805/1088/1089
f 1805/1088/1089 1814/1088/1089 1815/1088/1071 1796/1088/1071
f 1815/1088/1071 1825/1088/1071 1826/1088/1072 1806/1088/1072
f 1806/1088/1072 1826/1088/1072 1827/1088/1073 1807/1088/1073
f 1807/1088/1073 1827/1088/1073 1828/1088/1074 1816/1088/1074
f 1816/1088/1074 1828/1088/1074 1829/1088/1075 1808/1088/1075
f 1808/1088/1075 1829/1088/1075 1830/1088/1076 1809/1088/1076
f 1809/1088/1076 1830/1088/1076 1831/1088/1077 1810/1088/1077
f 1810/1088/1077 1831/1088/1077 1832/1088/1078 1811/1088/1078
f 1811/1088/1078 1832/1088/1078 1835/1088/1079 1817/1088/1079
f 1817/1088/1079 1835/1088/1079 1836/1088/1091 1818/1088/1091
f 1818/1088/1091 1836/1088/1091 1837/1088/1081 1819/1088/1081
f 1819/1088/1081 1837/1088/1081 1838/1088/1082 1820/1088/1082
f 1820/1088/1082 1838/1088/1082 1839/1088/1083 1821/1088/1083
f 1821/1088/1083 1839/1088/1083 1840/1088/1084 1822/1088/1084
f 1822/1088/1084 1840/1088/1084 1833/1088/1085 1812/1088/1085
f 1812/1088/1085 1833/1088/1085 1841/1088/1086 1823/1088/1086
f 1823/1088/1086 1841/1088/1086 1842/1088/1087 1824/1088/1087
f 1824/1088/1087 1842/1088/1087 1843/1088/1092 1813/1088/1092
f 1813/1088/1092 1843/1088/1092 1834/1088/1089 1814/1088/1089
f 1814/1088/1089 1834/1088/1089 1825/1088/1071 1815/1088/1071
f 1825/1088/1071 1844/1088/1071 1850/1088/1072 1826/1088/1072
f 1826/1088/1072 1850/1088/1072 1845/1088/1073 1827/1088/1073
f 1827/1088/1073 1845/1088/1073 1851/1088/1074 1828/1088/1074
f 1828/1088/1074 1851/1088/1074 1846/1088/1075 1829/1088/1075
f 1829/1088/1075 1846/1088/1075 1852/1088/1076 1830/1088/1076
f 1830/1088/1076 1852/1088/1076 1853/1088/1077 1831/1088/1077
f 1831/1088/1077 1853/1088/1077 1854/1088/1078 1832/1088/1078
f 1832/1088/1078 1854/1088/1078 1855/1088/1079 1835/1088/1079
f 1835/1088/1079 1855/1088/1079 1856/1088/1093 1836/1088/1091
f 1836/1088/1091 1856/1088/1093 1847/1088/1081 1837/1088/1081
f 1837/1088/1081 1847/1088/1081 1848/1088/1082 1838/1088/1082
f 1838/1088/1082 1848/1088/1082 1857/1088/1083 1839/1088/1083
f 1839/1088/1083 1857/1088/1083 1858/1088/1084 1840/1088/1084
f 1840/1088/1084 1858/1088/1084 1859/1088/1085 1833/1088/1085
f 1833/1088/1085 1859/1088/1085 1860/1088/1086 1841/1088/1086
f 1841/1088/1086 1860/1088/1086 1849/1088/1090 1842/1088/1087
f 1842/1088/1087 1849/1088/1090 1861/1088/1092 1843/1088/1092
f 1843/1088/1092 1861/1088/1092 1862/1088/1089 1834/1088/1089
f 1834/1088/1089 1862/1088/1089 1844/1088/1071 1825/1088/1071
f 1844/1088/1071 1872/1088/1071 1863/1088/1072 1850/1088/1072
f 1850/1088/1072 1863/1088/1072 1873/1088/1073 1845/1088/1073
f 1845/1088/1073 1873/1088/1073 1874/1088/1074 1851/1088/1074
f 1851/1088/1074 1874/1088/1074 1875/1088/1075 1846/1088/1075
f 1846/1088/1075 1875/1088/1075 1876/1088/1076 1852/1088/1076
f 1852/1088/1076 1876/1088/1076 1864/1088/1077 1853/1088/1077
f 1853/1088/1077 1864/1088/1077 1865/1088/1078 1854/1088/1078
f 1854/1088/1078 1865/1088/1078 1866/1088/1079 1855/1088/1079
f 1855/1088/1079 1866/1088/1079 1867/1088/1091 1856/1088/1093
f 1856/1088/1093 1867/1088/1091 1868/1088/1081 1847/1088/1081
f 1847/1088/1081 1868/1088/1081 1869/1088/1082 1848/1088/1082
f 1848/1088/1082 1869/1088/1082 1870/1088/1083 1857/1088/1083
f 1857/1088/1083 1870/1088/1083 1877/1088/1084 1858/1088/1084
f 1858/1088/1084 1877/1088/1084 1878/1088/1085 1859/1088/1085
f 1859/1088/1085 1878/1088/1085 1879/1088/1086 1860/1088/1086
f 1860/1088/1086 1879/1088/1086 1871/1088/1087 1849/1088/1090
f 1849/1088/1090 1871/1088/1087 1880/1088/1092 1861/1088/1092
f 1861/1088/1092 1880/1088/1092 1881/1088/1089 1862/1088/1089
f 1862/1088/1089 1881/1088/1089 1872/1088/1071 1844/1088/1071
f 1872/1088/1071 1882/1088/1071 1883/1088/1072 1863/1088/1072
f 1863/1088/1072 1883/1088/1072 1884/1088/1073 1873/1088/1073
f 1873/1088/1073 1884/1088/1073 1885/1088/1074 1874/1088/1074
f 1874/1088/1074 1885/1088/1074 1886/1088/1075 1875/1088/1075
f 1875/1088/1075 1886/1088/1075 1892/1088/1076 1876/1088/1076
f 1876/1088/1076 1892/1088/1076 1893/1088/1077 1864/1088/1077
f 1864/1088/1077 1893/1088/1077 1887/1088/1078 1865/1088/1078
f 1865/1088/1078 1887/1088/1078 1894/1088/1079 1866/1088/1079
f 1866/1088/1079 1894/1088/1079 1895/1088/1091 1867/1088/1091
f 1867/1088/1091 1895/1088/1091 1896/1088/1081 1868/1088/1081
f 1868/1088/1081 1896/1088/1081 1897/1088/1082 1869/1088/1082
f 1869/1088/1082 1897/1088/1082 1898/1088/1083 1870/1088/1083
f 1870/1088/1083 1898/1088/1083 1899/1088/1084 1877/1088/1084
f 1877/1088/1084 1899/1088/1084 1888/1088/1085 1878/1088/1085
f 1878/1088/1085 1888/1088/1085 1889/1088/1086 1879/1088/1086
f 1879/1088/1086 1889/1088/1086 1900/1088/1087 1871/1088/1087
f 1871/1088/1087 1900/1088/1087 1890/1088/1092 1880/1088/1092
f 1880/1088/1092 1890/1088/1092 1891/1088/1089 1881/1088/1089
f 1881/1088/1089 1891/1088/1089 1882/1088/1071 1872/1088/1071
f 1882/1088/1071 1910/1088/1071 1911/1088/1072 1883/1088/1072
f 1883/1088/1072 1911/1088/1072 1912/1088/1073 1884/1088/1073
f 1884/1088/1073 1912/1088/1073 1913/1088/1074 1885/1088/1074
f 1885/1088/1074 1913/1088/1074 1914/1088/1075 1886/1088/1075
f 1886/1088/1075 1914/1088/1075 1915/1088/1076 1892/1088/1076
f 1892/1088/1076 1915/1088/1076 1916/1088/1077 1893/1088/1077
f 1893/1088/1077 1916/1088/1077 1917/1088/1078 1887/1088/1078
f 1887/1088/1078 1917/1088/1078 1901/1088/1079 1894/1088/1079
f 1894/1088/1079 1901/1088/1079 1918/1088/1091 1895/1088/1091
f 1895/1088/1091 1918/1088/1091 1902/1088/1081 1896/1088/1081
f 1896/1088/1081 1902/1088/1081 1903/1088/1082 1897/1088/1082
f 1897/1088/1082 1903/1088/1082 1904/1088/1083 1898/1088/1083
f 1898/1088/1083 1904/1088/1083 1905/1088/1084 1899/1088/1084
f 1899/1088/1084 1905/1088/1084 1906/1088/1085 1888/1088/1085
f 1888/1088/1085 1906/1088/1085 1907/1088/1086 1889/1088/1086
f 1889/1088/1086 1907/1088/1086 1908/1088/1090 1900/1088/1087
f 1900/1088/1087 1908/1088/1090 1919/1088/1092 1890/1088/1092
f 1890/1088/1092 1919/1088/1092 1909/1088/1089 1891/1088/1089
f 1891/1088/1089 1909/1088/1089 1910/1088/1071 1882/1088/1071
f 1910/1088/1071 1931/1088/1071 1920/1088/1072 1911/1088/1072
f 1911/1088/1072 1920/1088/1072 1921/1088/1073 1912/1088/1073
f 1912/1088/1073 1921/1088/1073 1922/1088/1074 1913/1088/1074
f 1913/1088/1074 1922/1088/1074 1923/1088/1075 1914/1088/1075
f 1914/1088/1075 1923/1088/1075 1924/1088/1076 1915/1088/1076
f 1915/1088/1076 1924/1088/1076 1925/1088/1077 1916/1088/1077
f 1916/1088/1077 1925/1088/1077 1926/1088/1078 1917/1088/1078
f 1917/1088/1078 1926/1088/1078 1927/1088/1079 1901/1088/1079
f 1901/1088/1079 1927/1088/1079 1932/1088/1091 1918/1088/1091
f 1918/1088/1091 1932/1088/1091 1933/1088/1081 1902/1088/1081
f 1902/1088/1081 1933/1088/1081 1928/1088/1082 1903/1088/1082
f 1903/1088/1082 1928/1088/1082 1929/1088/1083 1904/1088/1083
f 1904/1088/1083 1929/1088/1083 1934/1088/1084 1905/1088/1084
f 1905/1088/1084 1934/1088/1084 1930/1088/1085 1906/1088/1085
f 1906/1088/1085 1930/1088/1085 1935/1088/1086 1907/1088/1086
f 1907/1088/1086 1935/1088/1086 1936/1088/1087 1908/1088/1090
f 1908/1088/1090 1936/1088/1087 1937/1088/1092 1919/1088/1092
f 1919/1088/1092 1937/1088/1092 1938/1088/1089 1909/1088/1089
f 1909/1088/1089 1938/1088/1089 1931/1088/1071 1910/1088/1071
f 1931/1088/1071 7841/1088/1071 1939/1088/1072 1920/1088/1072
f 1920/1088/1072 1939/1088/1072 7842/1088/1073 1921/1088/1073
f 1921/1088/1073 7842/1088/1073 7843/1088/1074 1922/1088/1074
f 1922/1088/1074 7843/1088/1074 7844/1088/1075 1923/1088/1075
f 1923/1088/1075 7844/1088/1075 7845/1088/1076 1924/1088/1076
f 1924/1088/1076 7845/1088/1076 7846/1088/1077 1925/1088/1077
f 1925/1088/1077 7846/1088/1077 7847/1088/1078 1926/1088/1078
f 1926/1088/1078 7847/1088/1078 1940/1088/1079 1927/1088/1079
f 1927/1088/1079 1940/1088/1079 7848/1088/1091 1932/1088/1091
f 1932/1088/1091 7848/1088/1091 7849/1088/1081 1933/1088/1081
f 1933/1088/1081 7849/1088/1081 7850/1088/1082 1928/1088/1082
f 1928/1088/1082 7850/1088/1082 1941/1088/1083 1929/1088/1083
f 1929/1088/1083 1941/1088/1083 7851/1088/1084 1934/1088/1084
f 1934/1088/1084 7851/1088/1084 7852/1088/1085 1930/1088/1085
f 1930/1088/1085 7852/1088/1085 1942/1088/1086 1935/1088/1086
f 1935/1088/1086 1942/1088/1086 7853/1088/1087 1936/1088/1087
f 1936/1088/1087 7853/1088/1087 1943/1088/1092 1937/1088/1092
f 1937/1088/1092 1943/1088/1092 1944/1088/1089 1938/1088/1089
f 1938/1088/1089 1944/1088/1089 7841/1088/1071 1931/1088/1071
usemtl Oxygen
f 1955/13/13 1954/9/9 1982/10/10 1983/14/14
f 2931/15/15 1946/11/11 1969/12/12 1970/16/16
f 2936/17/17 1955/13/13 1983/14/14 1984/18/18
f 2932/19/19 2931/15/15 1970/16/16 1971/20/20
f 1956/21/21 2936/17/17 1984/18/18 1985/22/22
f 1947/23/23 2932/19/19 1971/20/20 1972/24/24
f 1957/25/25 1956/21/21 1985/22/22 1986/26/26
f 1948/27/27 1947/23/23 1972/24/24 1973/28/28
f 1958/29/29 1957/25/25 1986/26/26 1987/30/30
f 1949/31/31 1948/27/27 1973/28/28 1974/32/32
f 2924/33/33 2458/34/34 1961/35/35
f 2937/36/36 1958/29/29 1987/30/30 1988/37/37
f 1950/38/38 1949/31/31 1974/32/32 1975/39/39
f 2925/40/40 2924/33/33 1961/35/35 1962/41/41
f 2938/42/42 2937/36/36 1988/37/37 1989/43/43
f 2933/44/44 1950/38/38 1975/39/39 1976/45/45
f 2926/46/46 2925/40/40 1962/41/41 1963/47/47
f 1959/48/48 2938/42/42 1989/43/43 1990/49/49
f 1951/50/50 2933/44/44 1976/45/45 1977/51/51
f 2927/52/52 2926/46/46 1963/47/47 1964/53/53
f 1960/54/54 1959/48/48 1990/49/49 1991/55/55
f 1952/56/56 1951/50/50 1977/51/51 1978/57/57
f 2928/58/58 2927/52/52 1964/53/53 1965/59/59
f 2457/60/60 1960/54/54 1991/55/55
f 2934/61/61 1952/56/56 1978/57/57 1979/62/62
f 2929/63/63 2928/58/58 1965/59/59 1966/64/64
f 2935/2/2 2934/61/61 1979/62/62 1980/3/3
f 1945/6/6 2929/63/63 1966/64/64 1967/7/7
f 1953/1/1 2935/2/2 1980/3/3 1981/4/4
f 2930/5/5 1945/6/6 1967/7/7 1968/8/8
f 1954/9/9 1953/1/1 1981/4/4 1982/10/10
f 1946/11/11 2930/5/5 1968/8/8 1969/12/12
f 1964/53/53 1963/47/47 1994/71/71 1995/74/74
f 1991/55/55 1990/49/49 2021/72/72 2022/75/75
f 1978/57/57 1977/51/51 2008/73/73 2009/76/76
f 1965/59/59 1964/53/53 1995/74/74 1996/77/77
f 2457/78/60 1991/55/55 2022/75/75
f 1979/62/62 1978/57/57 2009/76/76 2010/79/78
f 1966/64/64 1965/59/59 1996/77/77 1997/80/79
f 1980/3/3 1979/62/62 2010/79/78 2011/81/80
f 1967/7/7 1966/64/64 1997/80/79 1998/82/81
f 1981/4/4 1980/3/3 2011/81/80 2012/83/82
f 1968/8/8 1967/7/7 1998/82/81 1999/84/83
f 1982/10/10 1981/4/4 2012/83/82 2013/85/1094
f 1969/12/12 1968/8/8 1999/84/83 2000/86/85
f 1983/14/14 1982/10/10 2013/85/1094 2014/87/86
f 1970/16/16 1969/12/12 2000/86/85 2001/88/1095
f 1984/18/18 1983/14/14 2014/87/86 2015/89/88
f 1971/20/20 1970/16/16 2001/88/1095 2002/90/89
f 1985/22/22 1984/18/18 2015/89/88 2016/91/90
f 1972/24/24 1971/20/20 2002/90/89 2003/92/91
f 1986/26/26 1985/22/22 2016/91/90 2017/93/92
f 1973/28/28 1972/24/24 2003/92/91 2004/94/93
f 1987/30/30 1986/26/26 2017/93/92 2018/95/94
f 1974/32/32 1973/28/28 2004/94/93 2005/96/95
f 1961/35/35 2458/97/34 1992/65/65
f 1988/37/37 1987/30/30 2018/95/94 2019/67/67
f 1975/39/39 1974/32/32 2005/96/95 2006/69/69
f 1962/41/41 1961/35/35 1992/65/65 1993/66/66
f 1989/43/43 1988/37/37 2019/67/67 2020/68/68
f 1976/45/45 1975/39/39 2006/69/69 2007/70/70
f 1963/47/47 1962/41/41 1993/66/66 1994/71/71
f 1990/49/49 1989/43/43 2020/68/68 2021/72/72
f 1977/51/51 1976/45/45 2007/70/70 2008/73/73
f 1997/80/79 1996/77/77 2027/104/102 2028/107/104
f 2011/81/80 2010/79/78 2041/106/103 2042/108/105
f 1998/82/81 1997/80/79 2028/107/104 2029/109/106
f 2012/83/82 2011/81/80 2042/108/105 2043/110/107
f 1999/84/83 1998/82/81 2029/109/106 2030/111/108
f 2013/85/1094 2012/83/82 2043/110/107 2044/112/109
f 2000/86/85 1999/84/83 2030/111/108 2031/113/110
f 2014/87/86 2013/85/1094 2044/112/109 2045/114/111
f 2001/88/1095 2000/86/85 2031/113/110 2032/115/112
f 2015/89/88 2014/87/86 2045/114/111 2046/116/113
f 2002/90/89 2001/88/1095 2032/115/112 2033/117/114
f 2016/91/90 2015/89/88 2046/116/113 2047/118/115
f 2003/92/91 2002/90/89 2033/117/114 2034/119/116
f 2017/93/92 2016/91/90 2047/118/115 2048/120/117
f 2004/94/93 2003/92/91 2034/119/116 2035/121/118
f 2018/95/94 2017/93/92 2048/120/117 2049/122/119
f 2005/96/95 2004/94/93 2035/121/118 2036/123/120
f 1992/65/65 2458/124/34 2023/125/121
f 2019/67/67 2018/95/94 2049/122/119 2050/126/122
f 2006/69/69 2005/96/95 2036/123/120 2037/127/123
f 1993/66/66 1992/65/65 2023/125/121 2024/128/124
f 2020/68/68 2019/67/67 2050/126/122 2051/129/125
f 2007/70/70 2006/69/69 2037/127/123 2038/130/126
f 1994/71/71 1993/66/66 2024/128/124 2025/98/96
f 2021/72/72 2020/68/68 2051/129/125 2052/100/98
f 2008/73/73 2007/70/70 2038/130/126 2039/102/100
f 1995/74/74 1994/71/71 2025/98/96 2026/99/97
f 2022/75/75 2021/72/72 2052/100/98 2053/101/99
f 2009/76/76 2008/73/73 2039/102/100 2040/103/101
f 1996/77/77 1995/74/74 2026/99/97 2027/104/102
f 2457/105/60 2022/75/75 2053/101/99
f 2010/79/78 2009/76/76 2040/103/101 2041/106/103
f 2030/111/108 2029/109/106 2060/135/131 2061/137/133
f 2044/112/109 2043/110/107 2074/136/132 2075/138/134
f 2031/113/110 2030/111/108 2061/137/133 2062/139/135
f 2045/114/111 2044/112/109 2075/138/134 2076/140/136
f 2032/115/112 2031/113/110 2062/139/135 2063/141/137
f 2046/116/113 2045/114/111 2076/140/136 2077/142/138
f 2033/117/114 2032/115/112 2063/141/137 2064/143/139
f 2047/118/115 2046/116/113 2077/142/138 2078/144/140
f 2034/119/116 2033/117/114 2064/143/139 2065/145/141
f 2048/120/117 2047/118/115 2078/144/140 2079/146/142
f 2035/121/118 2034/119/116 2065/145/141 2066/147/143
f 2049/122/119 2048/120/117 2079/146/142 2080/148/144
f 2036/123/120 2035/121/118 2066/147/143 2067/149/145
f 2023/125/121 2458/150/34 2054/151/146
f 2050/126/122 2049/122/119 2080/148/144 2081/152/147
f 2037/127/123 2036/123/120 2067/149/145 2068/153/148
f 2024/128/124 2023/125/121 2054/151/146 2055/154/149
f 2051/129/125 2050/126/122 2081/152/147 2082/155/150
f 2038/130/126 2037/127/123 2068/153/148 2069/156/151
f 2025/98/96 2024/128/124 2055/154/149 2056/157/152
f 2052/100/98 2051/129/125 2082/155/150 2083/158/153
f 2039/102/100 2038/130/126 2069/156/151 2070/159/154
f 2026/99/97 2025/98/96 2056/157/152 2057/160/155
f 2053/101/99 2052/100/98 2083/158/153 2084/161/156
f 2040/103/101 2039/102/100 2070/159/154 2071/162/157
f 2027/104/102 2026/99/97 2057/160/155 2058/131/127
f 2457/163/60 2053/101/99 2084/161/156
f 2041/106/103 2040/103/101 2071/162/157 2072/133/129
f 2028/107/104 2027/104/102 2058/131/127 2059/132/128
f 2042/108/105 2041/106/103 2072/133/129 2073/134/130
f 2029/109/106 2028/107/104 2059/132/128 2060/135/131
f 2043/110/107 2042/108/105 2073/134/130 2074/136/132
f 2063/141/137 2062/139/135 2093/168/162 2094/170/164
f 2077/142/138 2076/140/136 2107/169/163 2108/171/165
f 2064/143/139 2063/141/137 2094/170/164 2095/172/166
f 2078/144/140 2077/142/138 2108/171/165 2109/173/167
f 2065/145/141 2064/143/139 2095/172/166 2096/174/168
f 2079/146/142 2078/144/140 2109/173/167 2110/175/169
f 2066/147/143 2065/145/141 2096/174/168 2097/176/170
f 2080/148/144 2079/146/142 2110/175/169 2111/177/171
f 2067/149/145 2066/147/143 2097/176/170 2098/178/172
f 2054/151/146 2458/179/34 2085/180/173
f 2081/152/147 2080/148/144 2111/177/171 2112/181/174
f 2068/153/148 2067/149/145 2098/178/172 2099/182/175
f 2055/154/149 2054/151/146 2085/180/173 2086/183/176
f 2082/155/150 2081/152/147 2112/181/174 2113/184/177
f 2069/156/151 2068/153/148 2099/182/175 2100/185/178
f 2056/157/152 2055/154/149 2086/183/176 2087/186/179
f 2083/158/153 2082/155/150 2113/184/177 2114/187/180
f 2070/159/154 2069/156/151 2100/185/178 2101/188/181
f 2057/160/155 2056/157/152 2087/186/179 2088/189/182
f 2084/161/156 2083/158/153 2114/187/180 2115/190/183
f 2071/162/157 2070/159/154 2101/188/181 2102/191/184
f 2058/131/127 2057/160/155 2088/189/182 2089/192/185
f 2457/193/60 2084/161/156 2115/190/183
f 2072/133/129 2071/162/157 2102/191/184 2103/194/186
f 2059/132/128 2058/131/127 2089/192/185 2090/195/187
f 2073/134/130 2072/133/129 2103/194/186 2104/196/188
f 2060/135/131 2059/132/128 2090/195/187 2091/164/158
f 2074/136/132 2073/134/130 2104/196/188 2105/166/160
f 2061/137/133 2060/135/131 2091/164/158 2092/165/159
f 2075/138/134 2074/136/132 2105/166/160 2106/167/161
f 2062/139/135 2061/137/133 2092/165/159 2093/168/162
f 2076/140/136 2075/138/134 2106/167/161 2107/169/163
f 2096/174/168 2095/172/166 2126/201/193 2127/203/195
f 2110/175/169 2109/173/167 2140/202/194 2141/204/196
f 2097/176/170 2096/174/168 2127/203/195 2128/205/197
f 2111/177/171 2110/175/169 2141/204/196 2142/206/198
f 2098/178/172 2097/176/170 2128/205/197 2129/207/199
f 2085/180/173 2458/208/34 2116/209/200
f 2112/181/174 2111/177/171 2142/206/198 2143/210/201
f 2099/182/175 2098/178/172 2129/207/199 2130/211/202
f 2086/183/176 2085/180/173 2116/209/200 2117/212/203
f 2113/184/177 2112/181/174 2143/210/201 2144/213/204
f 2100/185/178 2099/182/175 2130/211/202 2131/214/205
f 2087/186/179 2086/183/176 2117/212/203 2118/215/206
f 2114/187/180 2113/184/177 2144/213/204 2145/216/207
f 2101/188/181 2100/185/178 2131/214/205 2132/217/208
f 2088/189/182 2087/186/179 2118/215/206 2119/218/209
f 2115/190/183 2114/187/180 2145/216/207 2146/219/210
f 2102/191/184 2101/188/181 2132/217/208 2133/220/211
f 2089/192/185 2088/189/182 2119/218/209 2120/221/212
f 2457/222/60 2115/190/183 2146/219/210
f 2103/194/186 2102/191/184 2133/220/211 2134/223/213
f 2090/195/187 2089/192/185 2120/221/212 2121/224/214
f 2104/196/188 2103/194/186 2134/223/213 2135/225/215
f 2091/164/158 2090/195/187 2121/224/214 2122/226/216
f 2105/166/160 2104/196/188 2135/225/215 2136/227/217
f 2092/165/159 2091/164/158 2122/226/216 2123/228/218
f 2106/167/161 2105/166/160 2136/227/217 2137/229/1096
f 2093/168/162 2092/165/159 2123/228/218 2124/197/189
f 2107/169/163 2106/167/161 2137/229/1096 2138/199/191
f 2094/170/164 2093/168/162 2124/197/189 2125/198/1097
f 2108/171/165 2107/169/163 2138/199/191 2139/200/192
f 2095/172/166 2094/170/164 2125/198/1097 2126/201/193
f 2109/173/167 2108/171/165 2139/200/192 2140/202/194
f 2129/207/199 2128/205/197 2159/234/224 2160/236/226
f 2116/209/200 2458/237/34 2147/238/227
f 2143/210/201 2142/206/198 2173/235/225 2174/239/228
f 2130/211/202 2129/207/199 2160/236/226 2161/240/229
f 2117/212/203 2116/209/200 2147/238/227 2148/241/230
f 2144/213/204 2143/210/201 2174/239/228 2175/242/231
f 2131/214/205 2130/211/202 2161/240/229 2162/243/232
f 2118/215/206 2117/212/203 2148/241/230 2149/244/233
f 2145/216/207 2144/213/204 2175/242/231 2176/245/234
f 2132/217/208 2131/214/205 2162/243/232 2163/246/235
f 2119/218/209 2118/215/206 2149/244/233 2150/247/236
f 2146/219/210 2145/216/207 2176/245/234 2177/248/237
f 2133/220/211 2132/217/208 2163/246/235 2164/249/238
f 2120/221/212 2119/218/209 2150/247/236 2151/250/239
f 2457/251/60 2146/219/210 2177/248/237
f 2134/223/213 2133/220/211 2164/249/238 2165/252/240
f 2121/224/214 2120/221/212 2151/250/239 2152/253/241
f 2135/225/215 2134/223/213 2165/252/240 2166/254/242
f 2122/226/216 2121/224/214 2152/253/241 2153/255/243
f 2136/227/217 2135/225/215 2166/254/242 2167/256/244
f 2123/228/218 2122/226/216 2153/255/243 2154/257/245
f 2137/229/1096 2136/227/217 2167/256/244 2168/258/246
f 2124/197/189 2123/228/218 2154/257/245 2155/259/247
f 2138/199/191 2137/229/1096 2168/258/246 2169/260/248
f 2125/198/1097 2124/197/189 2155/259/247 2156/261/249
f 2139/200/192 2138/199/191 2169/260/248 2170/262/250
f 2126/201/193 2125/198/1097 2156/261/249 2157/230/220
f 2140/202/194 2139/200/192 2170/262/250 2171/232/222
f 2127/203/195 2126/201/193 2157/230/220 2158/231/221
f 2141/204/196 2140/202/194 2171/232/222 2172/233/223
f 2128/205/197 2127/203/195 2158/231/221 2159/234/224
f 2142/206/198 2141/204/196 2172/233/223 2173/235/225
f 2162/243/232 2161/240/229 2192/269/256 2193/272/259
f 2149/244/233 2148/241/230 2179/270/257 2180/273/260
f 2176/245/234 2175/242/231 2206/271/258 2207/274/261
f 2163/246/235 2162/243/232 2193/272/259 2194/275/262
f 2150/247/236 2149/244/233 2180/273/260 2181/276/263
f 2177/248/237 2176/245/234 2207/274/261 2208/277/264
f 2164/249/238 2163/246/235 2194/275/262 2195/278/265
f 2151/250/239 2150/247/236 2181/276/263 2182/279/266
f 2457/280/60 2177/248/237 2208/277/264
f 2165/252/240 2164/249/238 2195/278/265 2196/281/267
f 2152/253/241 2151/250/239 2182/279/266 2183/282/268
f 2166/254/242 2165/252/240 2196/281/267 2197/283/269
f 2153/255/243 2152/253/241 2183/282/268 2184/284/270
f 2167/256/244 2166/254/242 2197/283/269 2198/285/271
f 2154/257/245 2153/255/243 2184/284/270 2185/286/272
f 2168/258/246 2167/256/244 2198/285/271 2199/287/273
f 2155/259/247 2154/257/245 2185/286/272 2186/288/274
f 2169/260/248 2168/258/246 2199/287/273 2200/289/275
f 2156/261/249 2155/259/247 2186/288/274 2187/290/276
f 2170/262/250 2169/260/248 2200/289/275 2201/291/277
f 2157/230/220 2156/261/249 2187/290/276 2188/292/278
f 2171/232/222 2170/262/250 2201/291/277 2202/293/279
f 2158/231/221 2157/230/220 2188/292/278 2189/294/280
f 2172/233/223 2171/232/222 2202/293/279 2203/295/281
f 2159/234/224 2158/231/221 2189/294/280 2190/263/251
f 2173/235/225 2172/233/223 2203/295/281 2204/267/254
f 2160/236/226 2159/234/224 2190/263/251 2191/264/252
f 2147/238/227 2458/265/34 2178/266/253
f 2174/239/228 2173/235/225 2204/267/254 2205/268/255
f 2161/240/229 2160/236/226 2191/264/252 2192/269/256
f 2148/241/230 2147/238/227 2178/266/253 2179/270/257
f 2175/242/231 2174/239/228 2205/268/255 2206/271/258
f 2195/278/265 2194/275/262 2225/302/288 2226/305/291
f 2182/279/266 2181/276/263 2212/303/289 2213/306/292
f 2457/307/60 2208/277/264 2239/304/290
f 2196/281/267 2195/278/265 2226/305/291 2227/308/293
f 2183/282/268 2182/279/266 2213/306/292 2214/309/294
f 2197/283/269 2196/281/267 2227/308/293 2228/310/295
f 2184/284/270 2183/282/268 2214/309/294 2215/311/296
f 2198/285/271 2197/283/269 2228/310/295 2229/312/297
f 2185/286/272 2184/284/270 2215/311/296 2216/313/298
f 2199/287/273 2198/285/271 2229/312/297 2230/314/299
f 2186/288/274 2185/286/272 2216/313/298 2217/315/300
f 2200/289/275 2199/287/273 2230/314/299 2231/316/301
f 2187/290/276 2186/288/274 2217/315/300 2218/317/302
f 2201/291/277 2200/289/275 2231/316/301 2232/318/303
f 2188/292/278 2187/290/276 2218/317/302 2219/319/304
f 2202/293/279 2201/291/277 2232/318/303 2233/320/305
f 2189/294/280 2188/292/278 2219/319/304 2220/321/306
f 2203/295/281 2202/293/279 2233/320/305 2234/322/307
f 2190/263/251 2189/294/280 2220/321/306 2221/323/308
f 2204/267/254 2203/295/281 2234/322/307 2235/324/309
f 2191/264/252 2190/263/251 2221/323/308 2222/325/310
f 2178/266/253 2458/326/34 2209/327/311
f 2205/268/255 2204/267/254 2235/324/309 2236/328/312
f 2192/269/256 2191/264/252 2222/325/310 2223/296/282
f 2179/270/257 2178/266/253 2209/327/311 2210/298/284
f 2206/271/258 2205/268/255 2236/328/312 2237/300/286
f 2193/272/259 2192/269/256 2223/296/282 2224/297/283
f 2180/273/260 2179/270/257 2210/298/284 2211/299/285
f 2207/274/261 2206/271/258 2237/300/286 2238/301/287
f 2194/275/262 2193/272/259 2224/297/283 2225/302/288
f 2181/276/263 2180/273/260 2211/299/285 2212/303/289
f 2208/277/264 2207/274/261 2238/301/287 2239/304/290
f 2228/310/295 2227/308/293 2258/335/318 2259/337/320
f 2215/311/296 2214/309/294 2245/336/319 2246/338/321
f 2229/312/297 2228/310/295 2259/337/320 2260/339/322
f 2216/313/298 2215/311/296 2246/338/321 2247/340/323
f 2230/314/299 2229/312/297 2260/339/322 2261/341/324
f 2217/315/300 2216/313/298 2247/340/323 2248/342/325
f 2231/316/301 2230/314/299 2261/341/324 2262/343/326
f 2218/317/302 2217/315/300 2248/342/325 2249/344/327
f 2232/318/303 2231/316/301 2262/343/326 2263/345/328
f 2219/319/304 2218/317/302 2249/344/327 2250/346/329
f 2233/320/305 2232/318/303 2263/345/328 2264/347/330
f 2220/321/306 2219/319/304 2250/346/329 2251/348/331
f 2234/322/307 2233/320/305 2264/347/330 2265/349/332
f 2221/323/308 2220/321/306 2251/348/331 2252/350/333
f 2235/324/309 2234/322/307 2265/349/332 2266/351/334
f 2222/325/310 2221/323/308 2252/350/333 2253/352/335
f 2209/327/311 2458/353/34 2240/354/336
f 2236/328/312 2235/324/309 2266/351/334 2267/355/337
f 2223/296/282 2222/325/310 2253/352/335 2254/356/338
f 2210/298/284 2209/327/311 2240/354/336 2241/357/339
f 2237/300/286 2236/328/312 2267/355/337 2268/358/340
f 2224/297/283 2223/296/282 2254/356/338 2255/359/341
f 2211/299/285 2210/298/284 2241/357/339 2242/360/342
f 2238/301/287 2237/300/286 2268/358/340 2269/361/343
f 2225/302/288 2224/297/283 2255/359/341 2256/329/313
f 2212/303/289 2211/299/285 2242/360/342 2243/331/315
f 2239/304/290 2238/301/287 2269/361/343 2270/334/317
f 2226/305/291 2225/302/288 2256/329/313 2257/330/314
f 2213/306/292 2212/303/289 2243/331/315 2244/332/316
f 2457/333/60 2239/304/290 2270/334/317
f 2227/308/293 2226/305/291 2257/330/314 2258/335/318
f 2214/309/294 2213/306/292 2244/332/316 2245/336/319
f 2261/341/324 2260/339/322 2291/366/348 2292/368/350
f 2248/342/325 2247/340/323 2278/367/349 2279/369/351
f 2262/343/326 2261/341/324 2292/368/350 2293/370/352
f 2249/344/327 2248/342/325 2279/369/351 2280/371/353
f 2263/345/328 2262/343/326 2293/370/352 2294/372/354
f 2250/346/329 2249/344/327 2280/371/353 2281/373/355
f 2264/347/330 2263/345/328 2294/372/354 2295/374/356
f 2251/348/331 2250/346/329 2281/373/355 2282/375/357
f 2265/349/332 2264/347/330 2295/374/356 2296/376/358
f 2252/350/333 2251/348/331 2282/375/357 2283/377/359
f 2266/351/334 2265/349/332 2296/376/358 2297/378/360
f 2253/352/335 2252/350/333 2283/377/359 2284/379/361
f 2240/354/336 2458/380/34 2271/381/362
f 2267/355/337 2266/351/334 2297/378/360 2298/382/363
f 2254/356/338 2253/352/335 2284/379/361 2285/383/364
f 2241/357/339 2240/354/336 2271/381/362 2272/384/365
f 2268/358/340 2267/355/337 2298/382/363 2299/385/366
f 2255/359/341 2254/356/338 2285/383/364 2286/386/367
f 2242/360/342 2241/357/339 2272/384/365 2273/387/368
f 2269/361/343 2268/358/340 2299/385/366 2300/388/369
f 2256/329/313 2255/359/341 2286/386/367 2287/389/370
f 2243/331/315 2242/360/342 2273/387/368 2274/390/371
f 2270/334/317 2269/361/343 2300/388/369 2301/391/372
f 2257/330/314 2256/329/313 2287/389/370 2288/392/373
f 2244/332/316 2243/331/315 2274/390/371 2275/393/374
f 2457/394/60 2270/334/317 2301/391/372
f 2258/335/318 2257/330/314 2288/392/373 2289/362/344
f 2245/336/319 2244/332/316 2275/393/374 2276/364/346
f 2259/337/320 2258/335/318 2289/362/344 2290/363/345
f 2246/338/321 2245/336/319 2276/364/346 2277/365/347
f 2260/339/322 2259/337/320 2290/363/345 2291/366/348
f 2247/340/323 2246/338/321 2277/365/347 2278/367/349
f 2294/372/354 2293/370/352 2324/399/379 2325/401/381
f 2281/373/355 2280/371/353 2311/400/380 2312/402/382
f 2295/374/356 2294/372/354 2325/401/381 2326/403/383
f 2282/375/357 2281/373/355 2312/402/382 2313/404/384
f 2296/376/358 2295/374/356 2326/403/383 2327/405/385
f 2283/377/359 2282/375/357 2313/404/384 2314/406/386
f 2297/378/360 2296/376/358 2327/405/385 2328/407/1098
f 2284/379/361 2283/377/359 2314/406/386 2315/408/388
f 2271/381/362 2458/409/34 2302/410/389
f 2298/382/363 2297/378/360 2328/407/1098 2329/411/390
f 2285/383/364 2284/379/361 2315/408/388 2316/412/391
f 2272/384/365 2271/381/362 2302/410/389 2303/413/392
f 2299/385/366 2298/382/363 2329/411/390 2330/414/393
f 2286/386/367 2285/383/364 2316/412/391 2317/415/394
f 2273/387/368 2272/384/365 2303/413/392 2304/416/395
f 2300/388/369 2299/385/366 2330/414/393 2331/417/396
f 2287/389/370 2286/386/367 2317/415/394 2318/418/397
f 2274/390/371 2273/387/368 2304/416/395 2305/419/398
f 2301/391/372 2300/388/369 2331/417/396 2332/420/399
f 2288/392/373 2287/389/370 2318/418/397 2319/421/400
f 2275/393/374 2274/390/371 2305/419/398 2306/422/1099
f 2457/423/60 2301/391/372 2332/420/399
f 2289/362/344 2288/392/373 2319/421/400 2320/424/402
f 2276/364/346 2275/393/374 2306/422/1099 2307/425/403
f 2290/363/345 2289/362/344 2320/424/402 2321/426/404
f 2277/365/347 2276/364/346 2307/425/403 2308/427/405
f 2291/366/348 2290/363/345 2321/426/404 2322/395/375
f 2278/367/349 2277/365/347 2308/427/405 2309/397/377
f 2292/368/350 2291/366/348 2322/395/375 2323/396/376
f 2279/369/351 2278/367/349 2309/397/377 2310/398/378
f 2293/370/352 2292/368/350 2323/396/376 2324/399/379
f 2280/371/353 2279/369/351 2310/398/378 2311/400/380
f 2327/405/385 2326/403/383 2357/432/410 2358/434/412
f 2314/406/386 2313/404/384 2344/433/1100 2345/435/413
f 2328/407/1098 2327/405/385 2358/434/412 2359/436/1101
f 2315/408/388 2314/406/386 2345/435/413 2346/437/415
f 2302/410/389 2458/438/34 2333/439/416
f 2329/411/390 2328/407/1098 2359/436/1101 2360/440/417
f 2316/412/391 2315/408/388 2346/437/415 2347/441/418
f 2303/413/392 2302/410/389 2333/439/416 2334/442/419
f 2330/414/393 2329/411/390 2360/440/417 2361/443/420
f 2317/415/394 2316/412/391 2347/441/418 2348/444/421
f 2304/416/395 2303/413/392 2334/442/419 2335/445/422
f 2331/417/396 2330/414/393 2361/443/420 2362/446/423
f 2318/418/397 2317/415/394 2348/444/421 2349/447/424
f 2305/419/398 2304/416/395 2335/445/422 2336/448/425
f 2332/420/399 2331/417/396 2362/446/423 2363/449/426
f 2319/421/400 2318/418/397 2349/447/424 2350/450/427
f 2306/422/1099 2305/419/398 2336/448/425 2337/451/428
f 2457/452/60 2332/420/399 2363/449/426
f 2320/424/402 2319/421/400 2350/450/427 2351/453/429
f 2307/425/403 2306/422/1099 2337/451/428 2338/454/430
f 2321/426/404 2320/424/402 2351/453/429 2352/455/1102
f 2308/427/405 2307/425/403 2338/454/430 2339/456/432
f 2322/395/375 2321/426/404 2352/455/1102 2353/457/433
f 2309/397/377 2308/427/405 2339/456/432 2340/458/434
f 2323/396/376 2322/395/375 2353/457/433 2354/459/435
f 2310/398/378 2309/397/377 2340/458/434 2341/460/436
f 2324/399/379 2323/396/376 2354/459/435 2355/428/406
f 2311/400/380 2310/398/378 2341/460/436 2342/430/408
f 2325/401/381 2324/399/379 2355/428/406 2356/429/407
f 2312/402/382 2311/400/380 2342/430/408 2343/431/409
f 2326/403/383 2325/401/381 2356/429/407 2357/432/410
f 2313/404/384 2312/402/382 2343/431/409 2344/433/1100
f 2360/440/417 2359/436/1101 2390/465/441 2391/469/444
f 2347/441/418 2346/437/415 2377/466/442 2378/470/445
f 2334/442/419 2333/439/416 2364/468/443 2365/471/446
f 2361/443/420 2360/440/417 2391/469/444 2392/472/447
f 2348/444/421 2347/441/418 2378/470/445 2379/473/448
f 2335/445/422 2334/442/419 2365/471/446 2366/474/449
f 2362/446/423 2361/443/420 2392/472/447 2393/475/450
f 2349/447/424 2348/444/421 2379/473/448 2380/476/451
f 2336/448/425 2335/445/422 2366/474/449 2367/477/452
f 2363/449/426 2362/446/423 2393/475/450 2394/478/453
f 2350/450/427 2349/447/424 2380/476/451 2381/479/454
f 2337/451/428 2336/448/425 2367/477/452 2368/480/455
f 2457/481/60 2363/449/426 2394/478/453
f 2351/453/429 2350/450/427 2381/479/454 2382/482/456
f 2338/454/430 2337/451/428 2368/480/455 2369/483/457
f 2352/455/1102 2351/453/429 2382/482/456 2383/484/458
f 2339/456/432 2338/454/430 2369/483/457 2370/485/459
f 2353/457/433 2352/455/1102 2383/484/458 2384/486/460
f 2340/458/434 2339/456/432 2370/485/459 2371/487/461
f 2354/459/435 2353/457/433 2384/486/460 2385/488/1103
f 2341/460/436 2340/458/434 2371/487/461 2372/489/463
f 2355/428/406 2354/459/435 2385/488/1103 2386/490/464
f 2342/430/408 2341/460/436 2372/489/463 2373/491/1104
f 2356/429/407 2355/428/406 2386/490/464 2387/492/466
f 2343/431/409 2342/430/408 2373/491/1104 2374/493/467
f 2357/432/410 2356/429/407 2387/492/466 2388/461/437
f 2344/433/1100 2343/431/409 2374/493/467 2375/463/439
f 2358/434/412 2357/432/410 2388/461/437 2389/462/438
f 2345/435/413 2344/433/1100 2375/463/439 2376/464/440
f 2359/436/1101 2358/434/412 2389/462/438 2390/465/441
f 2346/437/415 2345/435/413 2376/464/440 2377/466/442
f 2333/439/416 2458/467/34 2364/468/443
f 2393/475/450 2392/472/447 2423/500/474 2424/503/477
f 2380/476/451 2379/473/448 2410/501/475 2411/504/478
f 2367/477/452 2366/474/449 2397/502/476 2398/505/479
f 2394/478/453 2393/475/450 2424/503/477 2425/506/480
f 2381/479/454 2380/476/451 2411/504/478 2412/507/481
f 2368/480/455 2367/477/452 2398/505/479 2399/508/482
f 2457/509/60 2394/478/453 2425/506/480
f 2382/482/456 2381/479/454 2412/507/481 2413/510/483
f 2369/483/457 2368/480/455 2399/508/482 2400/511/484
f 2383/484/458 2382/482/456 2413/510/483 2414/512/485
f 2370/485/459 2369/483/457 2400/511/484 2401/513/486
f 2384/486/460 2383/484/458 2414/512/485 2415/514/487
f 2371/487/461 2370/485/459 2401/513/486 2402/515/488
f 2385/488/1103 2384/486/460 2415/514/487 2416/516/489
f 2372/489/463 2371/487/461 2402/515/488 2403/517/490
f 2386/490/464 2385/488/1103 2416/516/489 2417/518/491
f 2373/491/1104 2372/489/463 2403/517/490 2404/519/492
f 2387/492/466 2386/490/464 2417/518/491 2418/520/493
f 2374/493/467 2373/491/1104 2404/519/492 2405/521/494
f 2388/461/437 2387/492/466 2418/520/493 2419/522/495
f 2375/463/439 2374/493/467 2405/521/494 2406/523/496
f 2389/462/438 2388/461/437 2419/522/495 2420/524/497
f 2376/464/440 2375/463/439 2406/523/496 2407/525/498
f 2390/465/441 2389/462/438 2420/524/497 2421/494/468
f 2377/466/442 2376/464/440 2407/525/498 2408/496/470
f 2364/468/443 2458/526/34 2395/498/472
f 2391/469/444 2390/465/441 2421/494/468 2422/495/469
f 2378/470/445 2377/466/442 2408/496/470 2409/497/471
f 2365/471/446 2364/468/443 2395/498/472 2396/499/473
f 2392/472/447 2391/469/444 2422/495/469 2423/500/474
f 2379/473/448 2378/470/445 2409/497/471 2410/501/475
f 2366/474/449 2365/471/446 2396/499/473 2397/502/476
f 2457/536/60 2425/506/480 2456/533/1105
f 2413/510/483 2412/507/481 2443/534/506 2444/537/508
f 2400/511/484 2399/508/482 2430/535/507 2431/538/509
f 2414/512/485 2413/510/483 2444/537/508 2445/539/510
f 2401/513/486 2400/511/484 2431/538/509 2432/540/511
f 2415/514/487 2414/512/485 2445/539/510 2446/541/512
f 2402/515/488 2401/513/486 2432/540/511 2433/542/513
f 2416/516/489 2415/514/487 2446/541/512 2447/543/514
f 2403/517/490 2402/515/488 2433/542/513 2434/544/515
f 2417/518/491 2416/516/489 2447/543/514 2448/545/516
f 2404/519/492 2403/517/490 2434/544/515 2435/546/517
f 2418/520/493 2417/518/491 2448/545/516 2449/547/518
f 2405/521/494 2404/519/492 2435/546/517 2436/548/519
f 2419/522/495 2418/520/493 2449/547/518 2450/549/520
f 2406/523/496 2405/521/494 2436/548/519 2437/550/521
f 2420/524/497 2419/522/495 2450/549/520 2451/551/522
f 2407/525/498 2406/523/496 2437/550/521 2438/552/523
f 2421/494/468 2420/524/497 2451/551/522 2452/553/524
f 2408/496/470 2407/525/498 2438/552/523 2439/554/525
f 2395/498/472 2458/555/34 2426/556/1106
f 2422/495/469 2421/494/468 2452/553/524 2453/557/527
f 2409/497/471 2408/496/470 2439/554/525 2440/558/528
f 2396/499/473 2395/498/472 2426/556/1106 2427/559/529
f 2423/500/474 2422/495/469 2453/557/527 2454/527/499
f 2410/501/475 2409/497/471 2440/558/528 2441/529/501
f 2397/502/476 2396/499/473 2427/559/529 2428/531/503
f 2424/503/477 2423/500/474 2454/527/499 2455/528/500
f 2411/504/478 2410/501/475 2441/529/501 2442/530/502
f 2398/505/479 2397/502/476 2428/531/503 2429/532/504
f 2425/506/480 2424/503/477 2455/528/500 2456/533/1105
f 2412/507/481 2411/504/478 2442/530/502 2443/534/506
f 2399/508/482 2398/505/479 2429/532/504 2430/535/507
f 2446/541/512 2445/539/510 2478/566/535 2479/568/537
f 2433/542/513 2432/540/511 2465/567/536 2466/569/538
f 2447/543/514 2446/541/512 2479/568/537 2480/570/539
f 2434/544/515 2433/542/513 2466/569/538 2467/571/540
f 2448/545/516 2447/543/514 2480/570/539 2481/572/541
f 2435/546/517 2434/544/515 2467/571/540 2468/573/542
f 2449/547/518 2448/545/516 2481/572/541 2482/574/543
f 2436/548/519 2435/546/517 2468/573/542 2469/575/544
f 2450/549/520 2449/547/518 2482/574/543 2483/576/545
f 2437/550/521 2436/548/519 2469/575/544 2470/577/546
f 2451/551/522 2450/549/520 2483/576/545 2484/578/547
f 2438/552/523 2437/550/521 2470/577/546 2471/579/548
f 2452/553/524 2451/551/522 2484/578/547 2485/580/549
f 2439/554/525 2438/552/523 2471/579/548 2472/581/550
f 2426/556/1106 2458/582/34 2459/583/551
f 2453/557/527 2452/553/524 2485/580/549 2486/584/552
f 2440/558/528 2439/554/525 2472/581/550 2473/585/553
f 2427/559/529 2426/556/1106 2459/583/551 2460/586/554
f 2454/527/499 2453/557/527 2486/584/552 2487/587/555
f 2441/529/501 2440/558/528 2473/585/553 2474/588/556
f 2428/531/503 2427/559/529 2460/586/554 2461/589/557
f 2455/528/500 2454/527/499 2487/587/555 2488/590/558
f 2442/530/502 2441/529/501 2474/588/556 2475/591/559
f 2429/532/504 2428/531/503 2461/589/557 2462/592/560
f 2456/533/1105 2455/528/500 2488/590/558 2489/561/530
f 2443/534/506 2442/530/502 2475/591/559 2476/562/531
f 2430/535/507 2429/532/504 2462/592/560 2463/564/533
f 2457/560/60 2456/533/1105 2489/561/530
f 2444/537/508 2443/534/506 2476/562/531 2477/563/532
f 2431/538/509 2430/535/507 2463/564/533 2464/565/534
f 2445/539/510 2444/537/508 2477/563/532 2478/566/535
f 2432/540/511 2431/538/509 2464/565/534 2465/567/536
f 2481/572/541 2480/570/539 2511/597/1107 2512/599/567
f 2468/573/542 2467/571/540 2498/598/566 2499/600/1108
f 2482/574/543 2481/572/541 2512/599/567 2513/601/569
f 2469/575/544 2468/573/542 2499/600/1108 2500/602/570
f 2483/576/545 2482/574/543 2513/601/569 2514/603/571
f 2470/577/546 2469/575/544 2500/602/570 2501/604/572
f 2484/578/547 2483/576/545 2514/603/571 2515/605/573
f 2471/579/548 2470/577/546 2501/604/572 2502/606/574
f 2485/580/549 2484/578/547 2515/605/573 2516/607/575
f 2472/581/550 2471/579/548 2502/606/574 2503/608/576
f 2459/583/551 2458/609/34 2490/610/577
f 2486/584/552 2485/580/549 2516/607/575 2517/611/578
f 2473/585/553 2472/581/550 2503/608/576 2504/612/579
f 2460/586/554 2459/583/551 2490/610/577 2491/613/580
f 2487/587/555 2486/584/552 2517/611/578 2518/614/581
f 2474/588/556 2473/585/553 2504/612/579 2505/615/582
f 2461/589/557 2460/586/554 2491/613/580 2492/616/583
f 2488/590/558 2487/587/555 2518/614/581 2519/617/584
f 2475/591/559 2474/588/556 2505/615/582 2506/618/585
f 2462/592/560 2461/589/557 2492/616/583 2493/619/586
f 2489/561/530 2488/590/558 2519/617/584 2520/620/587
f 2476/562/531 2475/591/559 2506/618/585 2507/621/588
f 2463/564/533 2462/592/560 2493/619/586 2494/622/589
f 2457/623/60 2489/561/530 2520/620/587
f 2477/563/532 2476/562/531 2507/621/588 2508/624/590
f 2464/565/534 2463/564/533 2494/622/589 2495/625/591
f 2478/566/535 2477/563/532 2508/624/590 2509/593/561
f 2465/567/536 2464/565/534 2495/625/591 2496/595/563
f 2479/568/537 2478/566/535 2509/593/561 2510/594/562
f 2466/569/538 2465/567/536 2496/595/563 2497/596/564
f 2480/570/539 2479/568/537 2510/594/562 2511/597/1107
f 2467/571/540 2466/569/538 2497/596/564 2498/598/566
f 2514/603/571 2513/601/569 2544/630/596 2545/632/598
f 2501/604/572 2500/602/570 2531/631/1109 2532/633/599
f 2515/605/573 2514/603/571 2545/632/598 2546/634/600
f 2502/606/574 2501/604/572 2532/633/599 2533/635/601
f 2516/607/575 2515/605/573 2546/634/600 2547/636/1110
f 2503/608/576 2502/606/574 2533/635/601 2534/637/603
f 2490/610/577 2458/638/34 2521/639/604
f 2517/611/578 2516/607/575 2547/636/1110 2548/640/605
f 2504/612/579 2503/608/576 2534/637/603 2535/641/606
f 2491/613/580 2490/610/577 2521/639/604 2522/642/607
f 2518/614/581 2517/611/578 2548/640/605 2549/643/608
f 2505/615/582 2504/612/579 2535/641/606 2536/644/609
f 2492/616/583 2491/613/580 2522/642/607 2523/645/610
f 2519/617/584 2518/614/581 2549/643/608 2550/646/611
f 2506/618/585 2505/615/582 2536/644/609 2537/647/612
f 2493/619/586 2492/616/583 2523/645/610 2524/648/613
f 2520/620/587 2519/617/584 2550/646/611 2551/649/614
f 2507/621/588 2506/618/585 2537/647/612 2538/650/615
f 2494/622/589 2493/619/586 2524/648/613 2525/651/1111
f 2457/652/60 2520/620/587 2551/649/614
f 2508/624/590 2507/621/588 2538/650/615 2539/653/617
f 2495/625/591 2494/622/589 2525/651/1111 2526/654/618
f 2509/593/561 2508/624/590 2539/653/617 2540/655/619
f 2496/595/563 2495/625/591 2526/654/618 2527/656/620
f 2510/594/562 2509/593/561 2540/655/619 2541/657/1112
f 2497/596/564 2496/595/563 2527/656/620 2528/658/622
f 2511/597/1107 2510/594/562 2541/657/1112 2542/626/592
f 2498/598/566 2497/596/564 2528/658/622 2529/628/594
f 2512/599/567 2511/597/1107 2542/626/592 2543/627/593
f 2499/600/1108 2498/598/566 2529/628/594 2530/629/595
f 2513/601/569 2512/599/567 2543/627/593 2544/630/596
f 2500/602/570 2499/600/1108 2530/629/595 2531/631/1109
f 2547/636/1110 2546/634/600 2577/663/627 2578/665/1113
f 2534/637/603 2533/635/601 2564/664/628 2565/666/630
f 2521/639/604 2458/667/34 2552/668/631
f 2548/640/605 2547/636/1110 2578/665/1113 2579/669/632
f 2535/641/606 2534/637/603 2565/666/630 2566/670/633
f 2522/642/607 2521/639/604 2552/668/631 2553/671/634
f 2549/643/608 2548/640/605 2579/669/632 2580/672/635
f 2536/644/609 2535/641/606 2566/670/633 2567/673/636
f 2523/645/610 2522/642/607 2553/671/634 2554/674/637
f 2550/646/611 2549/643/608 2580/672/635 2581/675/638
f 2537/647/612 2536/644/609 2567/673/636 2568/676/639
f 2524/648/613 2523/645/610 2554/674/637 2555/677/640
f 2551/649/614 2550/646/611 2581/675/638 2582/678/641
f 2538/650/615 2537/647/612 2568/676/639 2569/679/642
f 2525/651/1111 2524/648/613 2555/677/640 2556/680/1114
f 2457/681/60 2551/649/614 2582/678/641
f 2539/653/617 2538/650/615 2569/679/642 2570/682/644
f 2526/654/618 2525/651/1111 2556/680/1114 2557/683/645
f 2540/655/619 2539/653/617 2570/682/644 2571/684/646
f 2527/656/620 2526/654/618 2557/683/645 2558/685/647
f 2541/657/1112 2540/655/619 2571/684/646 2572/686/648
f 2528/658/622 2527/656/620 2558/685/647 2559/687/649
f 2542/626/592 2541/657/1112 2572/686/648 2573/688/650
f 2529/628/594 2528/658/622 2559/687/649 2560/689/651
f 2543/627/593 2542/626/592 2573/688/650 2574/690/652
f 2530/629/595 2529/628/594 2560/689/651 2561/691/653
f 2544/630/596 2543/627/593 2574/690/652 2575/659/623
f 2531/631/1109 2530/629/595 2561/691/653 2562/661/625
f 2545/632/598 2544/630/596 2575/659/623 2576/660/624
f 2532/633/599 2531/631/1109 2562/661/625 2563/662/626
f 2546/634/600 2545/632/598 2576/660/624 2577/663/627
f 2533/635/601 2532/633/599 2563/662/626 2564/664/628
f 2553/671/634 2552/668/631 2583/697/658 2584/700/661
f 2580/672/635 2579/669/632 2610/698/659 2611/701/662
f 2567/673/636 2566/670/633 2597/699/660 2598/702/663
f 2554/674/637 2553/671/634 2584/700/661 2585/703/664
f 2581/675/638 2580/672/635 2611/701/662 2612/704/665
f 2568/676/639 2567/673/636 2598/702/663 2599/705/666
f 2555/677/640 2554/674/637 2585/703/664 2586/706/667
f 2582/678/641 2581/675/638 2612/704/665 2613/707/668
f 2569/679/642 2568/676/639 2599/705/666 2600/708/669
f 2556/680/1114 2555/677/640 2586/706/667 2587/709/1115
f 2457/710/60 2582/678/641 2613/707/668
f 2570/682/644 2569/679/642 2600/708/669 2601/711/671
f 2557/683/645 2556/680/1114 2587/709/1115 2588/712/672
f 2571/684/646 2570/682/644 2601/711/671 2602/713/673
f 2558/685/647 2557/683/645 2588/712/672 2589/714/674
f 2572/686/648 2571/684/646 2602/713/673 2603/715/675
f 2559/687/649 2558/685/647 2589/714/674 2590/716/676
f 2573/688/650 2572/686/648 2603/715/675 2604/717/677
f 2560/689/651 2559/687/649 2590/716/676 2591/718/678
f 2574/690/652 2573/688/650 2604/717/677 2605/719/679
f 2561/691/653 2560/689/651 2591/718/678 2592/720/680
f 2575/659/623 2574/690/652 2605/719/679 2606/721/681
f 2562/661/625 2561/691/653 2592/720/680 2593/722/1116
f 2576/660/624 2575/659/623 2606/721/681 2607/723/683
f 2563/662/626 2562/661/625 2593/722/1116 2594/724/684
f 2577/663/627 2576/660/624 2607/723/683 2608/692/654
f 2564/664/628 2563/662/626 2594/724/684 2595/694/656
f 2578/665/1113 2577/663/627 2608/692/654 2609/693/1117
f 2565/666/630 2564/664/628 2595/694/656 2596/695/657
f 2552/668/631 2458/696/34 2583/697/658
f 2579/669/632 2578/665/1113 2609/693/1117 2610/698/659
f 2566/670/633 2565/666/630 2596/695/657 2597/699/660
f 2586/706/667 2585/703/664 2616/731/691 2617/734/694
f 2613/707/668 2612/704/665 2643/732/692 2644/735/695
f 2600/708/669 2599/705/666 2630/733/693 2631/736/696
f 2587/709/1115 2586/706/667 2617/734/694 2618/737/697
f 2457/738/60 2613/707/668 2644/735/695
f 2601/711/671 2600/708/669 2631/736/696 2632/739/698
f 2588/712/672 2587/709/1115 2618/737/697 2619/740/699
f 2602/713/673 2601/711/671 2632/739/698 2633/741/700
f 2589/714/674 2588/712/672 2619/740/699 2620/742/701
f 2603/715/675 2602/713/673 2633/741/700 2634/743/702
f 2590/716/676 2589/714/674 2620/742/701 2621/744/703
f 2604/717/677 2603/715/675 2634/743/702 2635/745/1118
f 2591/718/678 2590/716/676 2621/744/703 2622/746/705
f 2605/719/679 2604/717/677 2635/745/1118 2636/747/706
f 2592/720/680 2591/718/678 2622/746/705 2623/748/1119
f 2606/721/681 2605/719/679 2636/747/706 2637/749/708
f 2593/722/1116 2592/720/680 2623/748/1119 2624/750/709
f 2607/723/683 2606/721/681 2637/749/708 2638/751/710
f 2594/724/684 2593/722/1116 2624/750/709 2625/752/711
f 2608/692/654 2607/723/683 2638/751/710 2639/753/712
f 2595/694/656 2594/724/684 2625/752/711 2626/754/713
f 2609/693/1117 2608/692/654 2639/753/712 2640/755/714
f 2596/695/657 2595/694/656 2626/754/713 2627/756/715
f 2583/697/658 2458/757/34 2614/725/685
f 2610/698/659 2609/693/1117 2640/755/714 2641/727/687
f 2597/699/660 2596/695/657 2627/756/715 2628/729/689
f 2584/700/661 2583/697/658 2614/725/685 2615/726/686
f 2611/701/662 2610/698/659 2641/727/687 2642/728/688
f 2598/702/663 2597/699/660 2628/729/689 2629/730/690
f 2585/703/664 2584/700/661 2615/726/686 2616/731/691
f 2612/704/665 2611/701/662 2642/728/688 2643/732/692
f 2599/705/666 2598/702/663 2629/730/690 2630/733/693
f 2619/740/699 2618/737/697 2649/764/722 2650/767/724
f 2633/741/700 2632/739/698 2663/766/723 2664/768/725
f 2620/742/701 2619/740/699 2650/767/724 2651/769/726
f 2634/743/702 2633/741/700 2664/768/725 2665/770/727
f 2621/744/703 2620/742/701 2651/769/726 2652/771/728
f 2635/745/1118 2634/743/702 2665/770/727 2666/772/729
f 2622/746/705 2621/744/703 2652/771/728 2653/773/730
f 2636/747/706 2635/745/1118 2666/772/729 2667/774/731
f 2623/748/1119 2622/746/705 2653/773/730 2654/775/732
f 2637/749/708 2636/747/706 2667/774/731 2668/776/733
f 2624/750/709 2623/748/1119 2654/775/732 2655/777/734
f 2638/751/710 2637/749/708 2668/776/733 2669/778/735
f 2625/752/711 2624/750/709 2655/777/734 2656/779/736
f 2639/753/712 2638/751/710 2669/778/735 2670/780/737
f 2626/754/713 2625/752/711 2656/779/736 2657/781/738
f 2640/755/714 2639/753/712 2670/780/737 2671/782/739
f 2627/756/715 2626/754/713 2657/781/738 2658/783/740
f 2614/725/685 2458/784/34 2645/785/741
f 2641/727/687 2640/755/714 2671/782/739 2672/786/742
f 2628/729/689 2627/756/715 2658/783/740 2659/787/743
f 2615/726/686 2614/725/685 2645/785/741 2646/788/744
f 2642/728/688 2641/727/687 2672/786/742 2673/789/745
f 2629/730/690 2628/729/689 2659/787/743 2660/790/746
f 2616/731/691 2615/726/686 2646/788/744 2647/758/716
f 2643/732/692 2642/728/688 2673/789/745 2674/760/718
f 2630/733/693 2629/730/690 2660/790/746 2661/762/720
f 2617/734/694 2616/731/691 2647/758/716 2648/759/717
f 2644/735/695 2643/732/692 2674/760/718 2675/761/719
f 2631/736/696 2630/733/693 2661/762/720 2662/763/721
f 2618/737/697 2617/734/694 2648/759/717 2649/764/722
f 2457/765/60 2644/735/695 2675/761/719
f 2632/739/698 2631/736/696 2662/763/721 2663/766/723
f 2652/771/728 2651/769/726 2682/795/751 2683/797/753
f 2666/772/729 2665/770/727 2696/796/752 2697/798/754
f 2653/773/730 2652/771/728 2683/797/753 2684/799/755
f 2667/774/731 2666/772/729 2697/798/754 2698/800/756
f 2654/775/732 2653/773/730 2684/799/755 2685/801/757
f 2668/776/733 2667/774/731 2698/800/756 2699/802/758
f 2655/777/734 2654/775/732 2685/801/757 2686/803/759
f 2669/778/735 2668/776/733 2699/802/758 2700/804/760
f 2656/779/736 2655/777/734 2686/803/759 2687/805/761
f 2670/780/737 2669/778/735 2700/804/760 2701/806/762
f 2657/781/738 2656/779/736 2687/805/761 2688/807/763
f 2671/782/739 2670/780/737 2701/806/762 2702/808/764
f 2658/783/740 2657/781/738 2688/807/763 2689/809/765
f 2645/785/741 2458/810/34 2676/811/1120
f 2672/786/742 2671/782/739 2702/808/764 2703/812/767
f 2659/787/743 2658/783/740 2689/809/765 2690/813/768
f 2646/788/744 2645/785/741 2676/811/1120 2677/814/769
f 2673/789/745 2672/786/742 2703/812/767 2704/815/770
f 2660/790/746 2659/787/743 2690/813/768 2691/816/771
f 2647/758/716 2646/788/744 2677/814/769 2678/817/772
f 2674/760/718 2673/789/745 2704/815/770 2705/818/773
f 2661/762/720 2660/790/746 2691/816/771 2692/819/774
f 2648/759/717 2647/758/716 2678/817/772 2679/820/775
f 2675/761/719 2674/760/718 2705/818/773 2706/821/1121
f 2662/763/721 2661/762/720 2692/819/774 2693/822/777
f 2649/764/722 2648/759/717 2679/820/775 2680/791/747
f 2457/823/60 2675/761/719 2706/821/1121
f 2663/766/723 2662/763/721 2693/822/777 2694/793/749
f 2650/767/724 2649/764/722 2680/791/747 2681/792/748
f 2664/768/725 2663/766/723 2694/793/749 2695/794/750
f 2651/769/726 2650/767/724 2681/792/748 2682/795/751
f 2665/770/727 2664/768/725 2695/794/750 2696/796/752
f 2685/836/757 2684/832/755 2715/833/782 2716/837/784
f 2699/838/758 2698/834/756 2729/835/783 2730/839/785
f 2686/840/759 2685/836/757 2716/837/784 2717/841/786
f 2700/842/760 2699/838/758 2730/839/785 2731/843/787
f 2687/844/761 2686/840/759 2717/841/786 2718/845/788
f 2701/846/762 2700/842/760 2731/843/787 2732/847/789
f 2688/848/763 2687/844/761 2718/845/788 2719/849/790
f 2702/850/764 2701/846/762 2732/847/789 2733/851/791
f 2689/852/765 2688/848/763 2719/849/790 2720/853/792
f 2676/854/1120 2458/855/34 2707/856/793
f 2703/857/767 2702/850/764 2733/851/791 2734/858/794
f 2690/859/768 2689/852/765 2720/853/792 2721/860/795
f 2677/861/769 2676/854/1120 2707/856/793 2708/862/796
f 2704/863/770 2703/857/767 2734/858/794 2735/864/797
f 2691/865/771 2690/859/768 2721/860/795 2722/866/798
f 2678/867/772 2677/861/769 2708/862/796 2709/868/799
f 2705/869/773 2704/863/770 2735/864/797 2736/870/800
f 2692/871/774 2691/865/771 2722/866/798 2723/872/801
f 2679/873/775 2678/867/772 2709/868/799 2710/874/802
f 2706/875/1121 2705/869/773 2736/870/800 2737/876/803
f 2693/877/777 2692/871/774 2723/872/801 2724/878/804
f 2680/879/747 2679/873/775 2710/874/802 2711/880/805
f 2457/881/60 2706/875/1121 2737/876/803
f 2694/882/749 2693/877/777 2724/878/804 2725/883/806
f 2681/884/748 2680/879/747 2711/880/805 2712/885/807
f 2695/886/750 2694/882/749 2725/883/806 2726/887/808
f 2682/825/751 2681/884/748 2712/885/807 2713/826/778
f 2696/829/752 2695/886/750 2726/887/808 2727/830/780
f 2683/824/753 2682/825/751 2713/826/778 2714/827/779
f 2697/828/754 2696/829/752 2727/830/780 2728/831/781
f 2684/832/755 2683/824/753 2714/827/779 2715/833/782
f 2698/834/756 2697/828/754 2728/831/781 2729/835/783
f 2718/845/788 2717/841/786 2748/892/813 2749/894/815
f 2732/847/789 2731/843/787 2762/893/814 2763/895/816
f 2719/849/790 2718/845/788 2749/894/815 2750/896/817
f 2733/851/791 2732/847/789 2763/895/816 2764/897/818
f 2720/853/792 2719/849/790 2750/896/817 2751/898/819
f 2707/856/793 2458/899/34 2738/900/820
f 2734/858/794 2733/851/791 2764/897/818 2765/901/821
f 2721/860/795 2720/853/792 2751/898/819 2752/902/822
f 2708/862/796 2707/856/793 2738/900/820 2739/903/823
f 2735/864/797 2734/858/794 2765/901/821 2766/904/824
f 2722/866/798 2721/860/795 2752/902/822 2753/905/825
f 2709/868/799 2708/862/796 2739/903/823 2740/906/826
f 2736/870/800 2735/864/797 2766/904/824 2767/907/827
f 2723/872/801 2722/866/798 2753/905/825 2754/908/828
f 2710/874/802 2709/868/799 2740/906/826 2741/909/829
f 2737/876/803 2736/870/800 2767/907/827 2768/910/830
f 2724/878/804 2723/872/801 2754/908/828 2755/911/831
f 2711/880/805 2710/874/802 2741/909/829 2742/912/832
f 2457/913/60 2737/876/803 2768/910/830
f 2725/883/806 2724/878/804 2755/911/831 2756/914/833
f 2712/885/807 2711/880/805 2742/912/832 2743/915/834
f 2726/887/808 2725/883/806 2756/914/833 2757/916/835
f 2713/826/778 2712/885/807 2743/915/834 2744/917/836
f 2727/830/780 2726/887/808 2757/916/835 2758/918/837
f 2714/827/779 2713/826/778 2744/917/836 2745/919/838
f 2728/831/781 2727/830/780 2758/918/837 2759/920/1122
f 2715/833/782 2714/827/779 2745/919/838 2746/888/809
f 2729/835/783 2728/831/781 2759/920/1122 2760/890/811
f 2716/837/784 2715/833/782 2746/888/809 2747/889/1123
f 2730/839/785 2729/835/783 2760/890/811 2761/891/812
f 2717/841/786 2716/837/784 2747/889/1123 2748/892/813
f 2731/843/787 2730/839/785 2761/891/812 2762/893/814
f 2749/894/815 2748/892/813 2779/948/866 2780/950/868
f 2763/895/816 2762/893/814 2793/949/867 2794/951/869
f 2750/896/817 2749/894/815 2780/950/868 2781/952/870
f 2764/897/818 2763/895/816 2794/951/869 2795/921/840
f 2751/898/819 2750/896/817 2781/952/870 2782/923/842
f 2738/900/820 2458/953/34 2769/925/844
f 2765/901/821 2764/897/818 2795/921/840 2796/922/841
f 2752/902/822 2751/898/819 2782/923/842 2783/924/843
f 2739/903/823 2738/900/820 2769/925/844 2770/926/845
f 2766/904/824 2765/901/821 2796/922/841 2797/927/846
f 2753/905/825 2752/902/822 2783/924/843 2784/928/847
f 2740/906/826 2739/903/823 2770/926/845 2771/929/848
f 2767/907/827 2766/904/824 2797/927/846 2798/930/849
f 2754/908/828 2753/905/825 2784/928/847 2785/931/850
f 2741/909/829 2740/906/826 2771/929/848 2772/932/851
f 2768/910/830 2767/907/827 2798/930/849 2799/933/852
f 2755/911/831 2754/908/828 2785/931/850 2786/934/853
f 2742/912/832 2741/909/829 2772/932/851 2773/935/854
f 2457/936/60 2768/910/830 2799/933/852
f 2756/914/833 2755/911/831 2786/934/853 2787/937/855
f 2743/915/834 2742/912/832 2773/935/854 2774/938/856
f 2757/916/835 2756/914/833 2787/937/855 2788/939/857
f 2744/917/836 2743/915/834 2774/938/856 2775/940/858
f 2758/918/837 2757/916/835 2788/939/857 2789/941/859
f 2745/919/838 2744/917/836 2775/940/858 2776/942/860
f 2759/920/1122 2758/918/837 2789/941/859 2790/943/861
f 2746/888/809 2745/919/838 2776/942/860 2777/944/862
f 2760/890/811 2759/920/1122 2790/943/861 2791/945/863
f 2747/889/1123 2746/888/809 2777/944/862 2778/946/864
f 2761/891/812 2760/890/811 2791/945/863 2792/947/865
f 2748/892/813 2747/889/1123 2778/946/864 2779/948/866
f 2762/893/814 2761/891/812 2792/947/865 2793/949/867
f 2782/923/842 2781/952/870 2812/979/895 2813/981/897
f 2769/925/844 2458/982/34 2800/983/898
f 2796/922/841 2795/921/840 2826/980/896 2827/984/899
f 2783/924/843 2782/923/842 2813/981/897 2814/985/900
f 2770/926/845 2769/925/844 2800/983/898 2801/986/901
f 2797/927/846 2796/922/841 2827/984/899 2828/954/871
f 2784/928/847 2783/924/843 2814/985/900 2815/956/873
f 2771/929/848 2770/926/845 2801/986/901 2802/958/875
f 2798/930/849 2797/927/846 2828/954/871 2829/955/872
f 2785/931/850 2784/928/847 2815/956/873 2816/957/874
f 2772/932/851 2771/929/848 2802/958/875 2803/959/876
f 2799/933/852 2798/930/849 2829/955/872 2830/960/877
f 2786/934/853 2785/931/850 2816/957/874 2817/961/878
f 2773/935/854 2772/932/851 2803/959/876 2804/962/879
f 2457/963/60 2799/933/852 2830/960/877
f 2787/937/855 2786/934/853 2817/961/878 2818/964/880
f 2774/938/856 2773/935/854 2804/962/879 2805/965/881
f 2788/939/857 2787/937/855 2818/964/880 2819/966/882
f 2775/940/858 2774/938/856 2805/965/881 2806/967/883
f 2789/941/859 2788/939/857 2819/966/882 2820/968/884
f 2776/942/860 2775/940/858 2806/967/883 2807/969/885
f 2790/943/861 2789/941/859 2820/968/884 2821/970/886
f 2777/944/862 2776/942/860 2807/969/885 2808/971/887
f 2791/945/863 2790/943/861 2821/970/886 2822/972/888
f 2778/946/864 2777/944/862 2808/971/887 2809/973/889
f 2792/947/865 2791/945/863 2822/972/888 2823/974/890
f 2779/948/866 2778/946/864 2809/973/889 2810/975/891
f 2793/949/867 2792/947/865 2823/974/890 2824/976/892
f 2780/950/868 2779/948/866 2810/975/891 2811/977/893
f 2794/951/869 2793/949/867 2824/976/892 2825/978/894
f 2781/952/870 2780/950/868 2811/977/893 2812/979/895
f 2795/921/840 2794/951/869 2825/978/894 2826/980/896
f 2815/956/873 2814/985/900 2845/1012/925 2846/1015/928
f 2802/958/875 2801/986/901 2832/1013/926 2833/1016/929
f 2829/955/872 2828/954/871 2859/1014/927 2860/1017/930
f 2816/957/874 2815/956/873 2846/1015/928 2847/1018/931
f 2803/959/876 2802/958/875 2833/1016/929 2834/1019/932
f 2830/960/877 2829/955/872 2860/1017/930 2861/988/902
f 2817/961/878 2816/957/874 2847/1018/931 2848/989/903
f 2804/962/879 2803/959/876 2834/1019/932 2835/991/905
f 2457/987/60 2830/960/877 2861/988/902
f 2818/964/880 2817/961/878 2848/989/903 2849/990/904
f 2805/965/881 2804/962/879 2835/991/905 2836/992/906
f 2819/966/882 2818/964/880 2849/990/904 2850/993/907
f 2806/967/883 2805/965/881 2836/992/906 2837/994/908
f 2820/968/884 2819/966/882 2850/993/907 2851/995/1124
f 2807/969/885 2806/967/883 2837/994/908 2838/996/910
f 2821/970/886 2820/968/884 2851/995/1124 2852/997/911
f 2808/971/887 2807/969/885 2838/996/910 2839/998/912
f 2822/972/888 2821/970/886 2852/997/911 2853/999/913
f 2809/973/889 2808/971/887 2839/998/912 2840/1000/914
f 2823/974/890 2822/972/888 2853/999/913 2854/1001/915
f 2810/975/891 2809/973/889 2840/1000/914 2841/1002/1125
f 2824/976/892 2823/974/890 2854/1001/915 2855/1003/917
f 2811/977/893 2810/975/891 2841/1002/1125 2842/1004/918
f 2825/978/894 2824/976/892 2855/1003/917 2856/1005/919
f 2812/979/895 2811/977/893 2842/1004/918 2843/1006/920
f 2826/980/896 2825/978/894 2856/1005/919 2857/1007/921
f 2813/981/897 2812/979/895 2843/1006/920 2844/1008/922
f 2800/983/898 2458/1009/34 2831/1010/923
f 2827/984/899 2826/980/896 2857/1007/921 2858/1011/924
f 2814/985/900 2813/981/897 2844/1008/922 2845/1012/925
f 2801/986/901 2800/983/898 2831/1010/923 2832/1013/926
f 2828/954/871 2827/984/899 2858/1011/924 2859/1014/927
f 2848/989/903 2847/1018/931 2878/1045/957 2879/1048/960
f 2835/991/905 2834/1019/932 2865/1046/958 2866/1049/961
f 2457/1050/60 2861/988/902 2892/1047/959
f 2849/990/904 2848/989/903 2879/1048/960 2880/1051/962
f 2836/992/906 2835/991/905 2866/1049/961 2867/1052/963
f 2850/993/907 2849/990/904 2880/1051/962 2881/1020/933
f 2837/994/908 2836/992/906 2867/1052/963 2868/1022/935
f 2851/995/1124 2850/993/907 2881/1020/933 2882/1021/934
f 2838/996/910 2837/994/908 2868/1022/935 2869/1023/936
f 2852/997/911 2851/995/1124 2882/1021/934 2883/1024/937
f 2839/998/912 2838/996/910 2869/1023/936 2870/1025/938
f 2853/999/913 2852/997/911 2883/1024/937 2884/1026/939
f 2840/1000/914 2839/998/912 2870/1025/938 2871/1027/940
f 2854/1001/915 2853/999/913 2884/1026/939 2885/1028/941
f 2841/1002/1125 2840/1000/914 2871/1027/940 2872/1029/942
f 2855/1003/917 2854/1001/915 2885/1028/941 2886/1030/943
f 2842/1004/918 2841/1002/1125 2872/1029/942 2873/1031/944
f 2856/1005/919 2855/1003/917 2886/1030/943 2887/1032/945
f 2843/1006/920 2842/1004/918 2873/1031/944 2874/1033/946
f 2857/1007/921 2856/1005/919 2887/1032/945 2888/1034/947
f 2844/1008/922 2843/1006/920 2874/1033/946 2875/1035/948
f 2831/1010/923 2458/1036/34 2862/1037/949
f 2858/1011/924 2857/1007/921 2888/1034/947 2889/1038/950
f 2845/1012/925 2844/1008/922 2875/1035/948 2876/1039/951
f 2832/1013/926 2831/1010/923 2862/1037/949 2863/1040/952
f 2859/1014/927 2858/1011/924 2889/1038/950 2890/1041/953
f 2846/1015/928 2845/1012/925 2876/1039/951 2877/1042/954
f 2833/1016/929 2832/1013/926 2863/1040/952 2864/1043/955
f 2860/1017/930 2859/1014/927 2890/1041/953 2891/1044/956
f 2847/1018/931 2846/1015/928 2877/1042/954 2878/1045/957
f 2834/1019/932 2833/1016/929 2864/1043/955 2865/1046/958
f 2861/988/902 2860/1017/930 2891/1044/956 2892/1047/959
f 2881/1020/933 2880/1051/962 2911/1080/989 2912/1082/991
f 2868/1022/935 2867/1052/963 2898/1081/990 2899/1083/992
f 2882/1021/934 2881/1020/933 2912/1082/991 2913/1084/993
f 2869/1023/936 2868/1022/935 2899/1083/992 2900/1085/994
f 2883/1024/937 2882/1021/934 2913/1084/993 2914/1053/964
f 2870/1025/938 2869/1023/936 2900/1085/994 2901/1055/966
f 2884/1026/939 2883/1024/937 2914/1053/964 2915/1054/965
f 2871/1027/940 2870/1025/938 2901/1055/966 2902/1056/967
f 2885/1028/941 2884/1026/939 2915/1054/965 2916/1057/968
f 2872/1029/942 2871/1027/940 2902/1056/967 2903/1058/969
f 2886/1030/943 2885/1028/941 2916/1057/968 2917/1059/970
f 2873/1031/944 2872/1029/942 2903/1058/969 2904/1060/971
f 2887/1032/945 2886/1030/943 2917/1059/970 2918/1061/972
f 2874/1033/946 2873/1031/944 2904/1060/971 2905/1062/973
f 2888/1034/947 2887/1032/945 2918/1061/972 2919/1063/974
f 2875/1035/948 2874/1033/946 2905/1062/973 2906/1064/975
f 2862/1037/949 2458/1065/34 2893/1066/976
f 2889/1038/950 2888/1034/947 2919/1063/974 2920/1067/977
f 2876/1039/951 2875/1035/948 2906/1064/975 2907/1068/978
f 2863/1040/952 2862/1037/949 2893/1066/976 2894/1069/979
f 2890/1041/953 2889/1038/950 2920/1067/977 2921/1070/980
f 2877/1042/954 2876/1039/951 2907/1068/978 2908/1071/981
f 2864/1043/955 2863/1040/952 2894/1069/979 2895/1072/982
f 2891/1044/956 2890/1041/953 2921/1070/980 2922/1073/983
f 2878/1045/957 2877/1042/954 2908/1071/981 2909/1074/984
f 2865/1046/958 2864/1043/955 2895/1072/982 2896/1075/985
f 2892/1047/959 2891/1044/956 2922/1073/983 2923/1076/986
f 2879/1048/960 2878/1045/957 2909/1074/984 2910/1077/987
f 2866/1049/961 2865/1046/958 2896/1075/985 2897/1078/988
f 2457/1079/60 2892/1047/959 2923/1076/986
f 2880/1051/962 2879/1048/960 2910/1077/987 2911/1080/989
f 2867/1052/963 2866/1049/961 2897/1078/988 2898/1081/990
f 2914/1053/964 2913/1084/993 1953/1/1 1954/9/9
f 2901/1055/966 2900/1085/994 2930/5/5 1946/11/11
f 2915/1054/965 2914/1053/964 1954/9/9 1955/13/13
f 2902/1056/967 2901/1055/966 1946/11/11 2931/15/15
f 2916/1057/968 2915/1054/965 1955/13/13 2936/17/17
f 2903/1058/969 2902/1056/967 2931/15/15 2932/19/19
f 2917/1059/970 2916/1057/968 2936/17/17 1956/21/21
f 2904/1060/971 2903/1058/969 2932/19/19 1947/23/23
f 2918/1061/972 2917/1059/970 1956/21/21 1957/25/25
f 2905/1062/973 2904/1060/971 1947/23/23 1948/27/27
f 2919/1063/974 2918/1061/972 1957/25/25 1958/29/29
f 2906/1064/975 2905/1062/973 1948/27/27 1949/31/31
f 2893/1066/976 2458/1086/34 2924/33/33
f 2920/1067/977 2919/1063/974 1958/29/29 2937/36/36
f 2907/1068/978 2906/1064/975 1949/31/31 1950/38/38
f 2894/1069/979 2893/1066/976 2924/33/33 2925/40/40
f 2921/1070/980 2920/1067/977 2937/36/36 2938/42/42
f 2908/1071/981 2907/1068/978 1950/38/38 2933/44/44
f 2895/1072/982 2894/1069/979 2925/40/40 2926/46/46
f 2922/1073/983 2921/1070/980 2938/42/42 1959/48/48
f 2909/1074/984 2908/1071/981 2933/44/44 1951/50/50
f 2896/1075/985 2895/1072/982 2926/46/46 2927/52/52
f 2923/1076/986 2922/1073/983 1959/48/48 1960/54/54
f 2910/1077/987 2909/1074/984 1951/50/50 1952/56/56
f 2897/1078/988 2896/1075/985 2927/52/52 2928/58/58
f 2457/1087/60 2923/1076/986 1960/54/54
f 2911/1080/989 2910/1077/987 1952/56/56 2934/61/61
f 2898/1081/990 2897/1078/988 2928/58/58 2929/63/63
f 2912/1082/991 2911/1080/989 2934/61/61 2935/2/2
f 2899/1083/992 2898/1081/990 2929/63/63 1945/6/6
f 2913/1084/993 2912/1082/991 2935/2/2 1953/1/1
f 2900/1085/994 2899/1083/992 1945/6/6 2930/5/5
f 1280/1088/995 2962/1088/1126 2963/1088/996 1281/1088/996
f 1281/1088/996 2963/1088/996 2950/1088/997 1282/1088/997
f 1282/1088/997 2950/1088/997 2951/1088/999 1283/1088/999
f 1283/1088/999 2951/1088/999 2952/1088/1001 2939/1088/1001
f 2939/1088/1001 2952/1088/1001 2953/1088/1002 1284/1088/1002
f 1284/1088/1002 2953/1088/1002 2954/1088/1003 2940/1088/1003
f 2940/1088/1003 2954/1088/1003 2964/1088/1004 2941/1088/1018
f 2941/1088/1018 2964/1088/1004 2955/1088/1005 2942/1088/1005
f 2942/1088/1005 2955/1088/1005 2965/1088/1022 2943/1088/1022
f 2943/1088/1022 2965/1088/1022 2956/1088/1008 2944/1088/1008
f 2944/1088/1008 2956/1088/1008 2957/1088/1020 2945/1088/1009
f 2945/1088/1009 2957/1088/1020 2958/1088/1010 2946/1088/1010
f 2946/1088/1010 2958/1088/1010 2959/1088/1011 2947/1088/1011
f 2947/1088/1011 2959/1088/1011 2960/1088/1012 2948/1088/1012
f 2948/1088/1012 2960/1088/1012 2966/1088/1013 2949/1088/1013
f 2949/1088/1013 2966/1088/1013 2961/1088/1014 1285/1088/1014
f 1285/1088/1014 2961/1088/1014 2967/1088/1015 1286/1088/1015
f 1286/1088/1015 2967/1088/1015 2968/1088/1017 1287/1088/1017
f 1287/1088/1017 2968/1088/1017 2962/1088/1126 1280/1088/995
f 2962/1088/1126 2977/1088/995 2978/1088/996 2963/1088/996
f 2963/1088/996 2978/1088/996 2979/1088/997 2950/1088/997
f 2950/1088/997 2979/1088/997 2980/1088/999 2951/1088/999
f 2951/1088/999 2980/1088/999 2981/1088/1001 2952/1088/1001
f 2952/1088/1001 2981/1088/1001 2982/1088/1002 2953/1088/1002
f 2953/1088/1002 2982/1088/1002 2983/1088/1003 2954/1088/1003
f 2954/1088/1003 2983/1088/1003 2984/1088/1018 2964/1088/1004
f 2964/1088/1004 2984/1088/1018 2985/1088/1005 2955/1088/1005
f 2955/1088/1005 2985/1088/1005 2969/1088/1022 2965/1088/1022
f 2965/1088/1022 2969/1088/1022 2986/1088/1008 2956/1088/1008
f 2956/1088/1008 2986/1088/1008 2987/1088/1020 2957/1088/1020
f 2957/1088/1020 2987/1088/1020 2970/1088/1010 2958/1088/1010
f 2958/1088/1010 2970/1088/1010 2971/1088/1011 2959/1088/1011
f 2959/1088/1011 2971/1088/1011 2972/1088/1012 2960/1088/1012
f 2960/1088/1012 2972/1088/1012 2973/1088/1013 2966/1088/1013
f 2966/1088/1013 2973/1088/1013 2974/1088/1014 2961/1088/1014
f 2961/1088/1014 2974/1088/1014 2975/1088/1015 2967/1088/1015
f 2967/1088/1015 2975/1088/1015 2976/1088/1017 2968/1088/1017
f 2968/1088/1017 2976/1088/1017 2977/1088/995 2962/1088/1126
f 2977/1088/995 2988/1088/995 2989/1088/996 2978/1088/996
f 2978/1088/996 2989/1088/996 2990/1088/997 2979/1088/997
f 2979/1088/997 2990/1088/997 2995/1088/999 2980/1088/999
f 2980/1088/999 2995/1088/999 2991/1088/1001 2981/1088/1001
f 2981/1088/1001 2991/1088/1001 2992/1088/1002 2982/1088/1002
f 2982/1088/1002 2992/1088/1002 2996/1088/1003 2983/1088/1003
f 2983/1088/1003 2996/1088/1003 2993/1088/1004 2984/1088/1018
f 2984/1088/1018 2993/1088/1004 2997/1088/1005 2985/1088/1005
f 2985/1088/1005 2997/1088/1005 2998/1088/1127 2969/1088/1022
f 2969/1088/1022 2998/1088/1127 2999/1088/1008 2986/1088/1008
f 2986/1088/1008 2999/1088/1008 3000/1088/1009 2987/1088/1020
f 2987/1088/1020 3000/1088/1009 3001/1088/1010 2970/1088/1010
f 2970/1088/1010 3001/1088/1010 3002/1088/1011 2971/1088/1011
f 2971/1088/1011 3002/1088/1011 3003/1088/1012 2972/1088/1012
f 2972/1088/1012 3003/1088/1012 3004/1088/1013 2973/1088/1013
f 2973/1088/1013 3004/1088/1013 3005/1088/1014 2974/1088/1014
f 2974/1088/1014 3005/1088/1014 3006/1088/1015 2975/1088/1015
f 2975/1088/1015 3006/1088/1015 2994/1088/1017 2976/1088/1017
f 2976/1088/1017 2994/1088/1017 2988/1088/995 2977/1088/995
f 2988/1088/995 3007/1088/1126 3008/1088/996 2989/1088/996
f 2989/1088/996 3008/1088/996 3009/1088/997 2990/1088/997
f 2990/1088/997 3009/1088/997 3010/1088/999 2995/1088/999
f 2995/1088/999 3010/1088/999 3011/1088/1001 2991/1088/1001
f 2991/1088/1001 3011/1088/1001 3012/1088/1002 2992/1088/1002
f 2992/1088/1002 3012/1088/1002 3013/1088/1003 2996/1088/1003
f 2996/1088/1003 3013/1088/1003 3014/1088/1004 2993/1088/1004
f 2993/1088/1004 3014/1088/1004 3018/1088/1005 2997/1088/1005
f 2997/1088/1005 3018/1088/1005 3019/1088/1006 2998/1088/1127
f 2998/1088/1127 3019/1088/1006 3015/1088/1019 2999/1088/1008
f 2999/1088/1008 3015/1088/1019 3020/1088/1020 3000/1088/1009
f 3000/1088/1009 3020/1088/1020 3021/1088/1010 3001/1088/1010
f 3001/1088/1010 3021/1088/1010 3022/1088/1011 3002/1088/1011
f 3002/1088/1011 3022/1088/1011 3023/1088/1012 3003/1088/1012
f 3003/1088/1012 3023/1088/1012 3024/1088/1013 3004/1088/1013
f 3004/1088/1013 3024/1088/1013 3025/1088/1014 3005/1088/1014
f 3005/1088/1014 3025/1088/1014 3016/1088/1015 3006/1088/1015
f 3006/1088/1015 3016/1088/1015 3017/1088/1017 2994/1088/1017
f 2994/1088/1017 3017/1088/1017 3007/1088/1126 2988/1088/995
f 3007/1088/1126 3026/1088/995 3034/1088/996 3008/1088/996
f 3008/1088/996 3034/1088/996 3035/1088/997 3009/1088/997
f 3009/1088/997 3035/1088/997 3036/1088/999 3010/1088/999
f 3010/1088/999 3036/1088/999 3027/1088/1001 3011/1088/1001
f 3011/1088/1001 3027/1088/1001 3028/1088/1002 3012/1088/1002
f 3012/1088/1002 3028/1088/1002 3029/1088/1003 3013/1088/1003
f 3013/1088/1003 3029/1088/1003 3037/1088/1018 3014/1088/1004
f 3014/1088/1004 3037/1088/1018 3030/1088/1023 3018/1088/1005
f 3018/1088/1005 3030/1088/1023 3038/1088/1022 3019/1088/1006
f 3019/1088/1006 3038/1088/1022 3039/1088/1008 3015/1088/1019
f 3015/1088/1019 3039/1088/1008 3040/1088/1020 3020/1088/1020
f 3020/1088/1020 3040/1088/1020 3041/1088/1010 3021/1088/1010
f 3021/1088/1010 3041/1088/1010 3042/1088/1011 3022/1088/1011
f 3022/1088/1011 3042/1088/1011 3043/1088/1012 3023/1088/1012
f 3023/1088/1012 3043/1088/1012 3031/1088/1013 3024/1088/1013
f 3024/1088/1013 3031/1088/1013 3044/1088/1014 3025/1088/1014
f 3025/1088/1014 3044/1088/1014 3032/1088/1015 3016/1088/1015
f 3016/1088/1015 3032/1088/1015 3033/1088/1017 3017/1088/1017
f 3017/1088/1017 3033/1088/1017 3026/1088/995 3007/1088/1126
f 3026/1088/995 3054/1088/995 3055/1088/996 3034/1088/996
f 3034/1088/996 3055/1088/996 3056/1088/997 3035/1088/997
f 3035/1088/997 3056/1088/997 3057/1088/999 3036/1088/999
f 3036/1088/999 3057/1088/999 3058/1088/1001 3027/1088/1001
f 3027/1088/1001 3058/1088/1001 3045/1088/1002 3028/1088/1002
f 3028/1088/1002 3045/1088/1002 3059/1088/1003 3029/1088/1003
f 3029/1088/1003 3059/1088/1003 3046/1088/1004 3037/1088/1018
f 3037/1088/1018 3046/1088/1004 3060/1088/1005 3030/1088/1023
f 3030/1088/1023 3060/1088/1005 3047/1088/1006 3038/1088/1022
f 3038/1088/1022 3047/1088/1006 3061/1088/1008 3039/1088/1008
f 3039/1088/1008 3061/1088/1008 3048/1088/1009 3040/1088/1020
f 3040/1088/1020 3048/1088/1009 3049/1088/1010 3041/1088/1010
f 3041/1088/1010 3049/1088/1010 3050/1088/1011 3042/1088/1011
f 3042/1088/1011 3050/1088/1011 3051/1088/1012 3043/1088/1012
f 3043/1088/1012 3051/1088/1012 3052/1088/1013 3031/1088/1013
f 3031/1088/1013 3052/1088/1013 3053/1088/1014 3044/1088/1014
f 3044/1088/1014 3053/1088/1014 3062/1088/1015 3032/1088/1015
f 3032/1088/1015 3062/1088/1015 3063/1088/1017 3033/1088/1017
f 3033/1088/1017 3063/1088/1017 3054/1088/995 3026/1088/995
f 3054/1088/995 3064/1088/1126 3065/1088/996 3055/1088/996
f 3055/1088/996 3065/1088/996 3066/1088/997 3056/1088/997
f 3056/1088/997 3066/1088/997 3067/1088/999 3057/1088/999
f 3057/1088/999 3067/1088/999 3068/1088/1001 3058/1088/1001
f 3058/1088/1001 3068/1088/1001 3069/1088/1002 3045/1088/1002
f 3045/1088/1002 3069/1088/1002 3070/1088/1003 3059/1088/1003
f 3059/1088/1003 3070/1088/1003 3071/1088/1018 3046/1088/1004
f 3046/1088/1004 3071/1088/1018 3077/1088/1005 3060/1088/1005
f 3060/1088/1005 3077/1088/1005 3072/1088/1022 3047/1088/1006
f 3047/1088/1006 3072/1088/1022 3078/1088/1019 3061/1088/1008
f 3061/1088/1008 3078/1088/1019 3073/1088/1020 3048/1088/1009
f 3048/1088/1009 3073/1088/1020 3074/1088/1010 3049/1088/1010
f 3049/1088/1010 3074/1088/1010 3079/1088/1011 3050/1088/1011
f 3050/1088/1011 3079/1088/1011 3080/1088/1012 3051/1088/1012
f 3051/1088/1012 3080/1088/1012 3081/1088/1013 3052/1088/1013
f 3052/1088/1013 3081/1088/1013 3082/1088/1014 3053/1088/1014
f 3053/1088/1014 3082/1088/1014 3075/1088/1015 3062/1088/1015
f 3062/1088/1015 3075/1088/1015 3076/1088/1017 3063/1088/1017
f 3063/1088/1017 3076/1088/1017 3064/1088/1126 3054/1088/995
f 3064/1088/1126 3083/1088/995 3094/1088/996 3065/1088/996
f 3065/1088/996 3094/1088/996 3095/1088/997 3066/1088/997
f 3066/1088/997 3095/1088/997 3096/1088/999 3067/1088/999
f 3067/1088/999 3096/1088/999 3097/1088/1001 3068/1088/1001
f 3068/1088/1001 3097/1088/1001 3084/1088/1002 3069/1088/1002
f 3069/1088/1002 3084/1088/1002 3098/1088/1003 3070/1088/1003
f 3070/1088/1003 3098/1088/1003 3099/1088/1004 3071/1088/1018
f 3071/1088/1018 3099/1088/1004 3085/1088/1023 3077/1088/1005
f 3077/1088/1005 3085/1088/1023 3086/1088/1022 3072/1088/1022
f 3072/1088/1022 3086/1088/1022 3087/1088/1008 3078/1088/1019
f 3078/1088/1019 3087/1088/1008 3088/1088/1009 3073/1088/1020
f 3073/1088/1020 3088/1088/1009 3089/1088/1010 3074/1088/1010
f 3074/1088/1010 3089/1088/1010 3090/1088/1011 3079/1088/1011
f 3079/1088/1011 3090/1088/1011 3091/1088/1012 3080/1088/1012
f 3080/1088/1012 3091/1088/1012 3092/1088/1013 3081/1088/1013
f 3081/1088/1013 3092/1088/1013 3093/1088/1014 3082/1088/1014
f 3082/1088/1014 3093/1088/1014 3100/1088/1015 3075/1088/1015
f 3075/1088/1015 3100/1088/1015 3101/1088/1016 3076/1088/1017
f 3076/1088/1017 3101/1088/1016 3083/1088/995 3064/1088/1126
f 3083/1088/995 3102/1088/995 3113/1088/996 3094/1088/996
f 3094/1088/996 3113/1088/996 3114/1088/997 3095/1088/997
f 3095/1088/997 3114/1088/997 3115/1088/999 3096/1088/999
f 3096/1088/999 3115/1088/999 3116/1088/1001 3097/1088/1001
f 3097/1088/1001 3116/1088/1001 3117/1088/1002 3084/1088/1002
f 3084/1088/1002 3117/1088/1002 3118/1088/1003 3098/1088/1003
f 3098/1088/1003 3118/1088/1003 3119/1088/1018 3099/1088/1004
f 3099/1088/1004 3119/1088/1018 3103/1088/1023 3085/1088/1023
f 3085/1088/1023 3103/1088/1023 3104/1088/1127 3086/1088/1022
f 3086/1088/1022 3104/1088/1127 3120/1088/1008 3087/1088/1008
f 3087/1088/1008 3120/1088/1008 3105/1088/1009 3088/1088/1009
f 3088/1088/1009 3105/1088/1009 3106/1088/1010 3089/1088/1010
f 3089/1088/1010 3106/1088/1010 3107/1088/1011 3090/1088/1011
f 3090/1088/1011 3107/1088/1011 3108/1088/1012 3091/1088/1012
f 3091/1088/1012 3108/1088/1012 3109/1088/1013 3092/1088/1013
f 3092/1088/1013 3109/1088/1013 3110/1088/1014 3093/1088/1014
f 3093/1088/1014 3110/1088/1014 3111/1088/1015 3100/1088/1015
f 3100/1088/1015 3111/1088/1015 3112/1088/1017 3101/1088/1016
f 3101/1088/1016 3112/1088/1017 3102/1088/995 3083/1088/995
f 3102/1088/995 3121/1088/995 3122/1088/996 3113/1088/996
f 3113/1088/996 3122/1088/996 3123/1088/997 3114/1088/997
f 3114/1088/997 3123/1088/997 3124/1088/999 3115/1088/999
f 3115/1088/999 3124/1088/999 3125/1088/1001 3116/1088/1001
f 3116/1088/1001 3125/1088/1001 3126/1088/1002 3117/1088/1002
f 3117/1088/1002 3126/1088/1002 3133/1088/1003 3118/1088/1003
f 3118/1088/1003 3133/1088/1003 3134/1088/1004 3119/1088/1018
f 3119/1088/1018 3134/1088/1004 3127/1088/1005 3103/1088/1023
f 3103/1088/1023 3127/1088/1005 3128/1088/1022 3104/1088/1127
f 3104/1088/1127 3128/1088/1022 3135/1088/1019 3120/1088/1008
f 3120/1088/1008 3135/1088/1019 3129/1088/1020 3105/1088/1009
f 3105/1088/1009 3129/1088/1020 3130/1088/1010 3106/1088/1010
f 3106/1088/1010 3130/1088/1010 3136/1088/1011 3107/1088/1011
f 3107/1088/1011 3136/1088/1011 3137/1088/1012 3108/1088/1012
f 3108/1088/1012 3137/1088/1012 3138/1088/1013 3109/1088/1013
f 3109/1088/1013 3138/1088/1013 3139/1088/1014 3110/1088/1014
f 3110/1088/1014 3139/1088/1014 3131/1088/1015 3111/1088/1015
f 3111/1088/1015 3131/1088/1015 3132/1088/1016 3112/1088/1017
f 3112/1088/1017 3132/1088/1016 3121/1088/995 3102/1088/995
f 3121/1088/995 3140/1088/1126 3150/1088/996 3122/1088/996
f 3122/1088/996 3150/1088/996 3151/1088/997 3123/1088/997
f 3123/1088/997 3151/1088/997 3141/1088/999 3124/1088/999
f 3124/1088/999 3141/1088/999 3152/1088/1001 3125/1088/1001
f 3125/1088/1001 3152/1088/1001 3153/1088/1002 3126/1088/1002
f 3126/1088/1002 3153/1088/1002 3154/1088/1003 3133/1088/1003
f 3133/1088/1003 3154/1088/1003 3142/1088/1018 3134/1088/1004
f 3134/1088/1004 3142/1088/1018 3143/1088/1023 3127/1088/1005
f 3127/1088/1005 3143/1088/1023 3144/1088/1022 3128/1088/1022
f 3128/1088/1022 3144/1088/1022 3145/1088/1019 3135/1088/1019
f 3135/1088/1019 3145/1088/1019 3146/1088/1020 3129/1088/1020
f 3129/1088/1020 3146/1088/1020 3147/1088/1010 3130/1088/1010
f 3130/1088/1010 3147/1088/1010 3148/1088/1011 3136/1088/1011
f 3136/1088/1011 3148/1088/1011 3155/1088/1012 3137/1088/1012
f 3137/1088/1012 3155/1088/1012 3149/1088/1013 3138/1088/1013
f 3138/1088/1013 3149/1088/1013 3156/1088/1014 3139/1088/1014
f 3139/1088/1014 3156/1088/1014 3157/1088/1015 3131/1088/1015
f 3131/1088/1015 3157/1088/1015 3158/1088/1016 3132/1088/1016
f 3132/1088/1016 3158/1088/1016 3140/1088/1126 3121/1088/995
f 3140/1088/1126 3159/1088/995 3170/1088/996 3150/1088/996
f 3150/1088/996 3170/1088/996 3171/1088/997 3151/1088/997
f 3151/1088/997 3171/1088/997 3172/1088/999 3141/1088/999
f 3141/1088/999 3172/1088/999 3173/1088/1001 3152/1088/1001
f 3152/1088/1001 3173/1088/1001 3174/1088/1002 3153/1088/1002
f 3153/1088/1002 3174/1088/1002 3175/1088/1003 3154/1088/1003
f 3154/1088/1003 3175/1088/1003 3160/1088/1004 3142/1088/1018
f 3142/1088/1018 3160/1088/1004 3161/1088/1023 3143/1088/1023
f 3143/1088/1023 3161/1088/1023 3162/1088/1127 3144/1088/1022
f 3144/1088/1022 3162/1088/1127 3176/1088/1008 3145/1088/1019
f 3145/1088/1019 3176/1088/1008 3163/1088/1009 3146/1088/1020
f 3146/1088/1020 3163/1088/1009 3164/1088/1010 3147/1088/1010
f 3147/1088/1010 3164/1088/1010 3165/1088/1011 3148/1088/1011
f 3148/1088/1011 3165/1088/1011 3166/1088/1012 3155/1088/1012
f 3155/1088/1012 3166/1088/1012 3167/1088/1013 3149/1088/1013
f 3149/1088/1013 3167/1088/1013 3168/1088/1014 3156/1088/1014
f 3156/1088/1014 3168/1088/1014 3169/1088/1015 3157/1088/1015
f 3157/1088/1015 3169/1088/1015 3177/1088/1017 3158/1088/1016
f 3158/1088/1016 3177/1088/1017 3159/1088/995 3140/1088/1126
f 3159/1088/995 3181/1088/1126 3182/1088/996 3170/1088/996
f 3170/1088/996 3182/1088/996 3183/1088/997 3171/1088/997
f 3171/1088/997 3183/1088/997 3184/1088/999 3172/1088/999
f 3172/1088/999 3184/1088/999 3185/1088/1001 3173/1088/1001
f 3173/1088/1001 3185/1088/1001 3186/1088/1002 3174/1088/1002
f 3174/1088/1002 3186/1088/1002 3187/1088/1003 3175/1088/1003
f 3175/1088/1003 3187/1088/1003 3188/1088/1018 3160/1088/1004
f 3160/1088/1004 3188/1088/1018 3189/1088/1023 3161/1088/1023
f 3161/1088/1023 3189/1088/1023 3178/1088/1007 3162/1088/1127
f 3162/1088/1127 3178/1088/1007 3190/1088/1008 3176/1088/1008
f 3176/1088/1008 3190/1088/1008 3191/1088/1009 3163/1088/1009
f 3163/1088/1009 3191/1088/1009 3192/1088/1010 3164/1088/1010
f 3164/1088/1010 3192/1088/1010 3193/1088/1011 3165/1088/1011
f 3165/1088/1011 3193/1088/1011 3194/1088/1012 3166/1088/1012
f 3166/1088/1012 3194/1088/1012 3195/1088/1013 3167/1088/1013
f 3167/1088/1013 3195/1088/1013 3179/1088/1014 3168/1088/1014
f 3168/1088/1014 3179/1088/1014 3196/1088/1015 3169/1088/1015
f 3169/1088/1015 3196/1088/1015 3180/1088/1016 3177/1088/1017
f 3177/1088/1017 3180/1088/1016 3181/1088/1126 3159/1088/995
f 3181/1088/1126 3205/1088/995 3206/1088/996 3182/1088/996
f 3182/1088/996 3206/1088/996 3207/1088/998 3183/1088/997
f 3183/1088/997 3207/1088/998 3208/1088/1000 3184/1088/999
f 3184/1088/999 3208/1088/1000 3209/1088/1001 3185/1088/1001
f 3185/1088/1001 3209/1088/1001 3210/1088/1002 3186/1088/1002
f 3186/1088/1002 3210/1088/1002 3211/1088/1003 3187/1088/1003
f 3187/1088/1003 3211/1088/1003 3212/1088/1018 3188/1088/1018
f 3188/1088/1018 3212/1088/1018 3197/1088/1023 3189/1088/1023
f 3189/1088/1023 3197/1088/1023 3198/1088/1127 3178/1088/1007
f 3178/1088/1007 3198/1088/1127 3199/1088/1008 3190/1088/1008
f 3190/1088/1008 3199/1088/1008 3213/1088/1009 3191/1088/1009
f 3191/1088/1009 3213/1088/1009 3200/1088/1010 3192/1088/1010
f 3192/1088/1010 3200/1088/1010 3201/1088/1011 3193/1088/1011
f 3193/1088/1011 3201/1088/1011 3202/1088/1012 3194/1088/1012
f 3194/1088/1012 3202/1088/1012 3203/1088/1013 3195/1088/1013
f 3195/1088/1013 3203/1088/1013 3204/1088/1014 3179/1088/1014
f 3179/1088/1014 3204/1088/1014 3214/1088/1015 3196/1088/1015
f 3196/1088/1015 3214/1088/1015 3215/1088/1017 3180/1088/1016
f 3180/1088/1016 3215/1088/1017 3205/1088/995 3181/1088/1126
f 3205/1088/995 3216/1088/995 3217/1088/996 3206/1088/996
f 3206/1088/996 3217/1088/996 3218/1088/998 3207/1088/998
f 3207/1088/998 3218/1088/998 3219/1088/1000 3208/1088/1000
f 3208/1088/1000 3219/1088/1000 3220/1088/1128 3209/1088/1001
f 3209/1088/1001 3220/1088/1128 3221/1088/1129 3210/1088/1002
f 3210/1088/1002 3221/1088/1129 3222/1088/1003 3211/1088/1003
f 3211/1088/1003 3222/1088/1003 3223/1088/1018 3212/1088/1018
f 3212/1088/1018 3223/1088/1018 3224/1088/1023 3197/1088/1023
f 3197/1088/1023 3224/1088/1023 3225/1088/1127 3198/1088/1127
f 3198/1088/1127 3225/1088/1127 3226/1088/1008 3199/1088/1008
f 3199/1088/1008 3226/1088/1008 3227/1088/1009 3213/1088/1009
f 3213/1088/1009 3227/1088/1009 3228/1088/1130 3200/1088/1010
f 3200/1088/1010 3228/1088/1130 3229/1088/1011 3201/1088/1011
f 3201/1088/1011 3229/1088/1011 3230/1088/1012 3202/1088/1012
f 3202/1088/1012 3230/1088/1012 3231/1088/1013 3203/1088/1013
f 3203/1088/1013 3231/1088/1013 3232/1088/1014 3204/1088/1014
f 3204/1088/1014 3232/1088/1014 3233/1088/1015 3214/1088/1015
f 3214/1088/1015 3233/1088/1015 3234/1088/1017 3215/1088/1017
f 3215/1088/1017 3234/1088/1017 3216/1088/995 3205/1088/995
f 3235/1088/1131 3264/1088/1131 3254/1088/1132 3236/1088/1132
f 3236/1088/1132 3254/1088/1132 3255/1088/1133 3237/1088/1133
f 3237/1088/1133 3255/1088/1133 3256/1088/1134 3238/1088/1134
f 3238/1088/1134 3256/1088/1134 3257/1088/1135 3239/1088/1135
f 3239/1088/1135 3257/1088/1135 3258/1088/1136 3240/1088/1136
f 3240/1088/1136 3258/1088/1136 3259/1088/1137 3241/1088/1137
f 3241/1088/1137 3259/1088/1137 3260/1088/1138 3242/1088/1138
f 3242/1088/1138 3260/1088/1138 3261/1088/1139 3243/1088/1139
f 3243/1088/1139 3261/1088/1139 3265/1088/1140 3244/1088/1140
f 3244/1088/1140 3265/1088/1140 3266/1088/1141 3245/1088/1141
f 3245/1088/1141 3266/1088/1141 3267/1088/1142 3246/1088/1142
f 3246/1088/1142 3267/1088/1142 3268/1088/1143 3247/1088/1143
f 3247/1088/1143 3268/1088/1143 3269/1088/1144 3248/1088/1144
f 3248/1088/1144 3269/1088/1144 3270/1088/1145 3249/1088/1145
f 3249/1088/1145 3270/1088/1145 3271/1088/1146 3250/1088/1146
f 3250/1088/1146 3271/1088/1146 3272/1088/1147 3251/1088/1147
f 3251/1088/1147 3272/1088/1147 3262/1088/1148 3252/1088/1148
f 3252/1088/1148 3262/1088/1148 3263/1088/1149 3253/1088/1149
f 3253/1088/1149 3263/1088/1149 3264/1088/1131 3235/1088/1131
f 3264/1088/1131 3273/1088/1131 3284/1088/1132 3254/1088/1132
f 3254/1088/1132 3284/1088/1132 3285/1088/1133 3255/1088/1133
f 3255/1088/1133 3285/1088/1133 3286/1088/1134 3256/1088/1134
f 3256/1088/1134 3286/1088/1134 3287/1088/1135 3257/1088/1135
f 3257/1088/1135 3287/1088/1135 3288/1088/1136 3258/1088/1136
f 3258/1088/1136 3288/1088/1136 3289/1088/1137 3259/1088/1137
f 3259/1088/1137 3289/1088/1137 3274/1088/1138 3260/1088/1138
f 3260/1088/1138 3274/1088/1138 3275/1088/1139 3261/1088/1139
f 3261/1088/1139 3275/1088/1139 3290/1088/1140 3265/1088/1140
f 3265/1088/1140 3290/1088/1140 3276/1088/1141 3266/1088/1141
f 3266/1088/1141 3276/1088/1141 3277/1088/1142 3267/1088/1142
f 3267/1088/1142 3277/1088/1142 3278/1088/1143 3268/1088/1143
f 3268/1088/1143 3278/1088/1143 3279/1088/1144 3269/1088/1144
f 3269/1088/1144 3279/1088/1144 3280/1088/1145 3270/1088/1145
f 3270/1088/1145 3280/1088/1145 3281/1088/1146 3271/1088/1146
f 3271/1088/1146 3281/1088/1146 3282/1088/1147 3272/1088/1147
f 3272/1088/1147 3282/1088/1147 3283/1088/1148 3262/1088/1148
f 3262/1088/1148 3283/1088/1148 3291/1088/1149 3263/1088/1149
f 3263/1088/1149 3291/1088/1149 3273/1088/1131 3264/1088/1131
f 3273/1088/1131 3298/1088/1131 3299/1088/1132 3284/1088/1132
f 3284/1088/1132 3299/1088/1132 3300/1088/1133 3285/1088/1133
f 3285/1088/1133 3300/1088/1133 3301/1088/1134 3286/1088/1134
f 3286/1088/1134 3301/1088/1134 3302/1088/1135 3287/1088/1135
f 3287/1088/1135 3302/1088/1135 3292/1088/1136 3288/1088/1136
f 3288/1088/1136 3292/1088/1136 3303/1088/1137 3289/1088/1137
f 3289/1088/1137 3303/1088/1137 3304/1088/1138 3274/1088/1138
f 3274/1088/1138 3304/1088/1138 3305/1088/1139 3275/1088/1139
f 3275/1088/1139 3305/1088/1139 3306/1088/1140 3290/1088/1140
f 3290/1088/1140 3306/1088/1140 3307/1088/1141 3276/1088/1141
f 3276/1088/1141 3307/1088/1141 3293/1088/1142 3277/1088/1142
f 3277/1088/1142 3293/1088/1142 3294/1088/1143 3278/1088/1143
f 3278/1088/1143 3294/1088/1143 3308/1088/1144 3279/1088/1144
f 3279/1088/1144 3308/1088/1144 3295/1088/1145 3280/1088/1145
f 3280/1088/1145 3295/1088/1145 3296/1088/1146 3281/1088/1146
f 3281/1088/1146 3296/1088/1146 3309/1088/1147 3282/1088/1147
f 3282/1088/1147 3309/1088/1147 3297/1088/1148 3283/1088/1148
f 3283/1088/1148 3297/1088/1148 3310/1088/1149 3291/1088/1149
f 3291/1088/1149 3310/1088/1149 3298/1088/1131 3273/1088/1131
f 3298/1088/1131 3311/1088/1131 3312/1088/1132 3299/1088/1132
f 3299/1088/1132 3312/1088/1132 3313/1088/1133 3300/1088/1133
f 3300/1088/1133 3313/1088/1133 3314/1088/1134 3301/1088/1134
f 3301/1088/1134 3314/1088/1134 3315/1088/1135 3302/1088/1135
f 3302/1088/1135 3315/1088/1135 3316/1088/1136 3292/1088/1136
f 3292/1088/1136 3316/1088/1136 3317/1088/1137 3303/1088/1137
f 3303/1088/1137 3317/1088/1137 3320/1088/1138 3304/1088/1138
f 3304/1088/1138 3320/1088/1138 3321/1088/1139 3305/1088/1139
f 3305/1088/1139 3321/1088/1139 3322/1088/1140 3306/1088/1140
f 3306/1088/1140 3322/1088/1140 3323/1088/1141 3307/1088/1141
f 3307/1088/1141 3323/1088/1141 3324/1088/1142 3293/1088/1142
f 3293/1088/1142 3324/1088/1142 3325/1088/1143 3294/1088/1143
f 3294/1088/1143 3325/1088/1143 3326/1088/1144 3308/1088/1144
f 3308/1088/1144 3326/1088/1144 3327/1088/1145 3295/1088/1145
f 3295/1088/1145 3327/1088/1145 3328/1088/1146 3296/1088/1146
f 3296/1088/1146 3328/1088/1146 3329/1088/1147 3309/1088/1147
f 3309/1088/1147 3329/1088/1147 3318/1088/1148 3297/1088/1148
f 3297/1088/1148 3318/1088/1148 3319/1088/1149 3310/1088/1149
f 3310/1088/1149 3319/1088/1149 3311/1088/1131 3298/1088/1131
f 3311/1088/1131 3341/1088/1131 3342/1088/1132 3312/1088/1132
f 3312/1088/1132 3342/1088/1132 3343/1088/1133 3313/1088/1133
f 3313/1088/1133 3343/1088/1133 3344/1088/1134 3314/1088/1134
f 3314/1088/1134 3344/1088/1134 3345/1088/1135 3315/1088/1135
f 3315/1088/1135 3345/1088/1135 3346/1088/1136 3316/1088/1136
f 3316/1088/1136 3346/1088/1136 3347/1088/1137 3317/1088/1137
f 3317/1088/1137 3347/1088/1137 3330/1088/1138 3320/1088/1138
f 3320/1088/1138 3330/1088/1138 3331/1088/1139 3321/1088/1139
f 3321/1088/1139 3331/1088/1139 3332/1088/1140 3322/1088/1140
f 3322/1088/1140 3332/1088/1140 3333/1088/1141 3323/1088/1141
f 3323/1088/1141 3333/1088/1141 3334/1088/1142 3324/1088/1142
f 3324/1088/1142 3334/1088/1142 3335/1088/1143 3325/1088/1143
f 3325/1088/1143 3335/1088/1143 3336/1088/1144 3326/1088/1144
f 3326/1088/1144 3336/1088/1144 3337/1088/1145 3327/1088/1145
f 3327/1088/1145 3337/1088/1145 3338/1088/1146 3328/1088/1146
f 3328/1088/1146 3338/1088/1146 3339/1088/1147 3329/1088/1147
f 3329/1088/1147 3339/1088/1147 3340/1088/1148 3318/1088/1148
f 3318/1088/1148 3340/1088/1148 3348/1088/1149 3319/1088/1149
f 3319/1088/1149 3348/1088/1149 3341/1088/1131 3311/1088/1131
f 3341/1088/1131 3354/1088/1131 3355/1088/1132 3342/1088/1132
f 3342/1088/1132 3355/1088/1132 3356/1088/1133 3343/1088/1133
f 3343/1088/1133 3356/1088/1133 3349/1088/1134 3344/1088/1134
f 3344/1088/1134 3349/1088/1134 3357/1088/1135 3345/1088/1135
f 3345/1088/1135 3357/1088/1135 3350/1088/1136 3346/1088/1136
f 3346/1088/1136 3350/1088/1136 3358/1088/1137 3347/1088/1137
f 3347/1088/1137 3358/1088/1137 3351/1088/1138 3330/1088/1138
f 3330/1088/1138 3351/1088/1138 3359/1088/1139 3331/1088/1139
f 3331/1088/1139 3359/1088/1139 3360/1088/1140 3332/1088/1140
f 3332/1088/1140 3360/1088/1140 3361/1088/1141 3333/1088/1141
f 3333/1088/1141 3361/1088/1141 3362/1088/1142 3334/1088/1142
f 3334/1088/1142 3362/1088/1142 3363/1088/1143 3335/1088/1143
f 3335/1088/1143 3363/1088/1143 3364/1088/1144 3336/1088/1144
f 3336/1088/1144 3364/1088/1144 3365/1088/1145 3337/1088/1145
f 3337/1088/1145 3365/1088/1145 3366/1088/1146 3338/1088/1146
f 3338/1088/1146 3366/1088/1146 3367/1088/1147 3339/1088/1147
f 3339/1088/1147 3367/1088/1147 3352/1088/1148 3340/1088/1148
f 3340/1088/1148 3352/1088/1148 3353/1088/1149 3348/1088/1149
f 3348/1088/1149 3353/1088/1149 3354/1088/1131 3341/1088/1131
f 3354/1088/1131 3368/1088/1131 3376/1088/1132 3355/1088/1132
f 3355/1088/1132 3376/1088/1132 3377/1088/1133 3356/1088/1133
f 3356/1088/1133 3377/1088/1133 3378/1088/1134 3349/1088/1134
f 3349/1088/1134 3378/1088/1134 3379/1088/1135 3357/1088/1135
f 3357/1088/1135 3379/1088/1135 3380/1088/1136 3350/1088/1136
f 3350/1088/1136 3380/1088/1136 3369/1088/1137 3358/1088/1137
f 3358/1088/1137 3369/1088/1137 3381/1088/1138 3351/1088/1138
f 3351/1088/1138 3381/1088/1138 3370/1088/1139 3359/1088/1139
f 3359/1088/1139 3370/1088/1139 3371/1088/1140 3360/1088/1140
f 3360/1088/1140 3371/1088/1140 3372/1088/1141 3361/1088/1141
f 3361/1088/1141 3372/1088/1141 3382/1088/1142 3362/1088/1142
f 3362/1088/1142 3382/1088/1142 3383/1088/1143 3363/1088/1143
f 3363/1088/1143 3383/1088/1143 3373/1088/1144 3364/1088/1144
f 3364/1088/1144 3373/1088/1144 3374/1088/1145 3365/1088/1145
f 3365/1088/1145 3374/1088/1145 3375/1088/1146 3366/1088/1146
f 3366/1088/1146 3375/1088/1146 3384/1088/1147 3367/1088/1147
f 3367/1088/1147 3384/1088/1147 3385/1088/1148 3352/1088/1148
f 3352/1088/1148 3385/1088/1148 3386/1088/1149 3353/1088/1149
f 3353/1088/1149 3386/1088/1149 3368/1088/1131 3354/1088/1131
f 3368/1088/1131 3397/1088/1131 3387/1088/1132 3376/1088/1132
f 3376/1088/1132 3387/1088/1132 3388/1088/1133 3377/1088/1133
f 3377/1088/1133 3388/1088/1133 3389/1088/1134 3378/1088/1134
f 3378/1088/1134 3389/1088/1134 3390/1088/1135 3379/1088/1135
f 3379/1088/1135 3390/1088/1135 3391/1088/1136 3380/1088/1136
f 3380/1088/1136 3391/1088/1136 3392/1088/1137 3369/1088/1137
f 3369/1088/1137 3392/1088/1137 3393/1088/1138 3381/1088/1138
f 3381/1088/1138 3393/1088/1138 3394/1088/1139 3370/1088/1139
f 3370/1088/1139 3394/1088/1139 3395/1088/1140 3371/1088/1140
f 3371/1088/1140 3395/1088/1140 3396/1088/1141 3372/1088/1141
f 3372/1088/1141 3396/1088/1141 3398/1088/1142 3382/1088/1142
f 3382/1088/1142 3398/1088/1142 3399/1088/1143 3383/1088/1143
f 3383/1088/1143 3399/1088/1143 3400/1088/1144 3373/1088/1144
f 3373/1088/1144 3400/1088/1144 3401/1088/1145 3374/1088/1145
f 3374/1088/1145 3401/1088/1145 3402/1088/1146 3375/1088/1146
f 3375/1088/1146 3402/1088/1146 3403/1088/1147 3384/1088/1147
f 3384/1088/1147 3403/1088/1147 3404/1088/1148 3385/1088/1148
f 3385/1088/1148 3404/1088/1148 3405/1088/1149 3386/1088/1149
f 3386/1088/1149 3405/1088/1149 3397/1088/1131 3368/1088/1131
f 3397/1088/1131 3406/1088/1131 3416/1088/1132 3387/1088/1132
f 3387/1088/1132 3416/1088/1132 3417/1088/1133 3388/1088/1133
f 3388/1088/1133 3417/1088/1133 3418/1088/1134 3389/1088/1134
f 3389/1088/1134 3418/1088/1134 3419/1088/1135 3390/1088/1135
f 3390/1088/1135 3419/1088/1135 3420/1088/1136 3391/1088/1136
f 3391/1088/1136 3420/1088/1136 3421/1088/1137 3392/1088/1137
f 3392/1088/1137 3421/1088/1137 3407/1088/1138 3393/1088/1138
f 3393/1088/1138 3407/1088/1138 3408/1088/1139 3394/1088/1139
f 3394/1088/1139 3408/1088/1139 3409/1088/1140 3395/1088/1140
f 3395/1088/1140 3409/1088/1140 3422/1088/1141 3396/1088/1141
f 3396/1088/1141 3422/1088/1141 3410/1088/1142 3398/1088/1142
f 3398/1088/1142 3410/1088/1142 3411/1088/1143 3399/1088/1143
f 3399/1088/1143 3411/1088/1143 3412/1088/1144 3400/1088/1144
f 3400/1088/1144 3412/1088/1144 3413/1088/1145 3401/1088/1145
f 3401/1088/1145 3413/1088/1145 3414/1088/1146 3402/1088/1146
f 3402/1088/1146 3414/1088/1146 3415/1088/1147 3403/1088/1147
f 3403/1088/1147 3415/1088/1147 3423/1088/1148 3404/1088/1148
f 3404/1088/1148 3423/1088/1148 3424/1088/1149 3405/1088/1149
f 3405/1088/1149 3424/1088/1149 3406/1088/1131 3397/1088/1131
f 3406/1088/1131 8063/1088/1131 8064/1088/1132 3416/1088/1132
f 3416/1088/1132 8064/1088/1132 8065/1088/1133 3417/1088/1133
f 3417/1088/1133 8065/1088/1133 8066/1088/1134 3418/1088/1134
f 3418/1088/1134 8066/1088/1134 8067/1088/1135 3419/1088/1135
f 3419/1088/1135 8067/1088/1135 8068/1088/1136 3420/1088/1136
f 3420/1088/1136 8068/1088/1136 8069/1088/1137 3421/1088/1137
f 3421/1088/1137 8069/1088/1137 8070/1088/1138 3407/1088/1138
f 3407/1088/1138 8070/1088/1138 3425/1088/1139 3408/1088/1139
f 3408/1088/1139 3425/1088/1139 3426/1088/1140 3409/1088/1140
f 3409/1088/1140 3426/1088/1140 3427/1088/1141 3422/1088/1141
f 3422/1088/1141 3427/1088/1141 3428/1088/1142 3410/1088/1142
f 3410/1088/1142 3428/1088/1142 8071/1088/1143 3411/1088/1143
f 3411/1088/1143 8071/1088/1143 3429/1088/1144 3412/1088/1144
f 3412/1088/1144 3429/1088/1144 3430/1088/1145 3413/1088/1145
f 3413/1088/1145 3430/1088/1145 3431/1088/1146 3414/1088/1146
f 3414/1088/1146 3431/1088/1146 3432/1088/1147 3415/1088/1147
f 3415/1088/1147 3432/1088/1147 8072/1088/1148 3423/1088/1148
f 3423/1088/1148 8072/1088/1148 8073/1088/1149 3424/1088/1149
f 3424/1088/1149 8073/1088/1149 8063/1088/1131 3406/1088/1131
usemtl Hydrogen
f 4423/2/2 4422/61/61 3467/62/62 3468/3/3
f 3433/6/6 4417/63/63 3454/64/64 3455/7/7
f 3441/1/1 4423/2/2 3468/3/3 3469/4/4
f 4418/5/5 3433/6/6 3455/7/7 3456/8/8
f 3442/9/9 3441/1/1 3469/4/4 3470/10/10
f 3434/11/11 4418/5/5 3456/8/8 3457/12/12
f 3443/13/13 3442/9/9 3470/10/10 3471/14/14
f 4419/15/1150 3434/11/11 3457/12/12 3458/16/1151
f 4424/17/17 3443/13/13 3471/14/14 3472/18/18
f 4420/19/19 4419/15/1150 3458/16/1151 3459/20/20
f 3444/21/21 4424/17/17 3472/18/18 3473/22/22
f 3435/23/23 4420/19/19 3459/20/20 3460/24/24
f 3445/25/25 3444/21/21 3473/22/22 3474/26/26
f 3436/27/27 3435/23/23 3460/24/24 3461/28/28
f 3446/29/29 3445/25/25 3474/26/26 3475/30/30
f 3437/31/31 3436/27/27 3461/28/28 3462/32/32
f 4412/33/33 3946/34/34 3449/35/35
f 4425/36/36 3446/29/29 3475/30/30 3476/37/37
f 3438/38/38 3437/31/31 3462/32/32 3463/39/39
f 4413/40/40 4412/33/33 3449/35/35 3450/41/41
f 4426/42/42 4425/36/36 3476/37/37 3477/43/43
f 4421/44/44 3438/38/38 3463/39/39 3464/45/45
f 4414/46/46 4413/40/40 3450/41/41 3451/47/47
f 3447/48/48 4426/42/42 3477/43/43 3478/49/49
f 3439/50/50 4421/44/44 3464/45/45 3465/51/51
f 4415/52/52 4414/46/46 3451/47/47 3452/53/53
f 3448/54/1152 3447/48/48 3478/49/49 3479/55/55
f 3440/56/56 3439/50/50 3465/51/51 3466/57/57
f 4416/58/58 4415/52/52 3452/53/53 3453/59/59
f 3945/60/60 3448/54/1152 3479/55/55
f 4422/61/61 3440/56/56 3466/57/57 3467/62/62
f 4417/63/63 4416/58/58 3453/59/59 3454/64/64
f 3463/39/39 3462/32/32 3493/96/95 3494/69/69
f 3450/41/41 3449/35/35 3480/65/65 3481/66/66
f 3477/43/43 3476/37/37 3507/67/1153 3508/68/68
f 3464/45/45 3463/39/39 3494/69/69 3495/70/70
f 3451/47/47 3450/41/41 3481/66/66 3482/71/71
f 3478/49/49 3477/43/43 3508/68/68 3509/72/72
f 3465/51/51 3464/45/45 3495/70/70 3496/73/73
f 3452/53/53 3451/47/47 3482/71/71 3483/74/74
f 3479/55/55 3478/49/49 3509/72/72 3510/75/75
f 3466/57/57 3465/51/51 3496/73/73 3497/76/76
f 3453/59/59 3452/53/53 3483/74/74 3484/77/77
f 3945/78/60 3479/55/55 3510/75/75
f 3467/62/62 3466/57/57 3497/76/76 3498/79/78
f 3454/64/64 3453/59/59 3484/77/77 3485/80/79
f 3468/3/3 3467/62/62 3498/79/78 3499/81/80
f 3455/7/7 3454/64/64 3485/80/79 3486/82/81
f 3469/4/4 3468/3/3 3499/81/80 3500/83/82
f 3456/8/8 3455/7/7 3486/82/81 3487/84/83
f 3470/10/10 3469/4/4 3500/83/82 3501/85/1154
f 3457/12/12 3456/8/8 3487/84/83 3488/86/85
f 3471/14/14 3470/10/10 3501/85/1154 3502/87/86
f 3458/16/1151 3457/12/12 3488/86/85 3489/88/1155
f 3472/18/18 3471/14/14 3502/87/86 3503/89/88
f 3459/20/20 3458/16/1151 3489/88/1155 3490/90/89
f 3473/22/22 3472/18/18 3503/89/88 3504/91/90
f 3460/24/24 3459/20/20 3490/90/89 3491/92/91
f 3474/26/26 3473/22/22 3504/91/90 3505/93/92
f 3461/28/28 3460/24/24 3491/92/91 3492/94/93
f 3475/30/30 3474/26/26 3505/93/92 3506/95/94
f 3462/32/32 3461/28/28 3492/94/93 3493/96/95
f 3449/35/35 3946/97/34 3480/65/65
f 3476/37/37 3475/30/30 3506/95/94 3507/67/1153
f 3496/73/73 3495/70/70 3526/130/126 3527/102/100
f 3483/74/74 3482/71/71 3513/98/96 3514/99/97
f 3510/75/75 3509/72/72 3540/100/98 3541/101/99
f 3497/76/76 3496/73/73 3527/102/100 3528/103/101
f 3484/77/77 3483/74/74 3514/99/97 3515/104/102
f 3945/105/60 3510/75/75 3541/101/99
f 3498/79/78 3497/76/76 3528/103/101 3529/106/103
f 3485/80/79 3484/77/77 3515/104/102 3516/107/104
f 3499/81/80 3498/79/78 3529/106/103 3530/108/105
f 3486/82/81 3485/80/79 3516/107/104 3517/109/1156
f 3500/83/82 3499/81/80 3530/108/105 3531/110/1157
f 3487/84/83 3486/82/81 3517/109/1156 3518/111/108
f 3501/85/1154 3500/83/82 3531/110/1157 3532/112/109
f 3488/86/85 3487/84/83 3518/111/108 3519/113/110
f 3502/87/86 3501/85/1154 3532/112/109 3533/114/111
f 3489/88/1155 3488/86/85 3519/113/110 3520/115/1158
f 3503/89/88 3502/87/86 3533/114/111 3534/116/113
f 3490/90/89 3489/88/1155 3520/115/1158 3521/117/114
f 3504/91/90 3503/89/88 3534/116/113 3535/118/115
f 3491/92/91 3490/90/89 3521/117/114 3522/119/116
f 3505/93/92 3504/91/90 3535/118/115 3536/120/117
f 3492/94/93 3491/92/91 3522/119/116 3523/121/118
f 3506/95/94 3505/93/92 3536/120/117 3537/122/119
f 3493/96/95 3492/94/93 3523/121/118 3524/123/120
f 3480/65/65 3946/124/34 3511/125/121
f 3507/67/1153 3506/95/94 3537/122/119 3538/126/1159
f 3494/69/69 3493/96/95 3524/123/120 3525/127/123
f 3481/66/66 3480/65/65 3511/125/121 3512/128/124
f 3508/68/68 3507/67/1153 3538/126/1159 3539/129/125
f 3495/70/70 3494/69/69 3525/127/123 3526/130/126
f 3482/71/71 3481/66/66 3512/128/124 3513/98/96
f 3509/72/72 3508/68/68 3539/129/125 3540/100/98
f 3529/106/103 3528/103/101 3559/162/157 3560/133/129
f 3516/107/104 3515/104/102 3546/131/127 3547/132/128
f 3530/108/105 3529/106/103 3560/133/129 3561/134/130
f 3517/109/1156 3516/107/104 3547/132/128 3548/135/131
f 3531/110/1157 3530/108/105 3561/134/130 3562/136/132
f 3518/111/108 3517/109/1156 3548/135/131 3549/137/133
f 3532/112/109 3531/110/1157 3562/136/132 3563/138/134
f 3519/113/110 3518/111/108 3549/137/133 3550/139/135
f 3533/114/111 3532/112/109 3563/138/134 3564/140/136
f 3520/115/1158 3519/113/110 3550/139/135 3551/141/137
f 3534/116/113 3533/114/111 3564/140/136 3565/142/138
f 3521/117/114 3520/115/1158 3551/141/137 3552/143/139
f 3535/118/115 3534/116/113 3565/142/138 3566/144/140
f 3522/119/116 3521/117/114 3552/143/139 3553/145/141
f 3536/120/117 3535/118/115 3566/144/140 3567/146/142
f 3523/121/118 3522/119/116 3553/145/141 3554/147/143
f 3537/122/119 3536/120/117 3567/146/142 3568/148/144
f 3524/123/120 3523/121/118 3554/147/143 3555/149/145
f 3511/125/121 3946/150/34 3542/151/146
f 3538/126/1159 3537/122/119 3568/148/144 3569/152/147
f 3525/127/123 3524/123/120 3555/149/145 3556/153/148
f 3512/128/124 3511/125/121 3542/151/146 3543/154/149
f 3539/129/125 3538/126/1159 3569/152/147 3570/155/150
f 3526/130/126 3525/127/123 3556/153/148 3557/156/151
f 3513/98/96 3512/128/124 3543/154/149 3544/157/1160
f 3540/100/98 3539/129/125 3570/155/150 3571/158/153
f 3527/102/100 3526/130/126 3557/156/151 3558/159/154
f 3514/99/97 3513/98/96 3544/157/1160 3545/160/155
f 3541/101/99 3540/100/98 3571/158/153 3572/161/1161
f 3528/103/101 3527/102/100 3558/159/154 3559/162/157
f 3515/104/102 3514/99/97 3545/160/155 3546/131/127
f 3945/163/60 3541/101/99 3572/161/1161
f 3562/136/132 3561/134/130 3592/196/188 3593/166/160
f 3549/137/133 3548/135/131 3579/164/158 3580/165/159
f 3563/138/134 3562/136/132 3593/166/160 3594/167/161
f 3550/139/135 3549/137/133 3580/165/159 3581/168/162
f 3564/140/136 3563/138/134 3594/167/161 3595/169/163
f 3551/141/137 3550/139/135 3581/168/162 3582/170/164
f 3565/142/138 3564/140/136 3595/169/163 3596/171/165
f 3552/143/139 3551/141/137 3582/170/164 3583/172/166
f 3566/144/140 3565/142/138 3596/171/165 3597/173/167
f 3553/145/141 3552/143/139 3583/172/166 3584/174/168
f 3567/146/142 3566/144/140 3597/173/167 3598/175/169
f 3554/147/143 3553/145/141 3584/174/168 3585/176/170
f 3568/148/144 3567/146/142 3598/175/169 3599/177/171
f 3555/149/145 3554/147/143 3585/176/170 3586/178/172
f 3542/151/146 3946/179/34 3573/180/173
f 3569/152/147 3568/148/144 3599/177/171 3600/181/1162
f 3556/153/148 3555/149/145 3586/178/172 3587/182/175
f 3543/154/149 3542/151/146 3573/180/173 3574/183/176
f 3570/155/150 3569/152/147 3600/181/1162 3601/184/177
f 3557/156/151 3556/153/148 3587/182/175 3588/185/178
f 3544/157/1160 3543/154/149 3574/183/176 3575/186/179
f 3571/158/153 3570/155/150 3601/184/177 3602/187/180
f 3558/159/154 3557/156/151 3588/185/178 3589/188/181
f 3545/160/155 3544/157/1160 3575/186/179 3576/189/182
f 3572/161/1161 3571/158/153 3602/187/180 3603/190/183
f 3559/162/157 3558/159/154 3589/188/181 3590/191/184
f 3546/131/127 3545/160/155 3576/189/182 3577/192/185
f 3945/193/60 3572/161/1161 3603/190/183
f 3560/133/129 3559/162/157 3590/191/184 3591/194/186
f 3547/132/128 3546/131/127 3577/192/185 3578/195/187
f 3561/134/130 3560/133/129 3591/194/186 3592/196/188
f 3548/135/131 3547/132/128 3578/195/187 3579/164/158
f 3595/169/163 3594/167/161 3625/229/219 3626/199/191
f 3582/170/164 3581/168/162 3612/197/189 3613/198/1163
f 3596/171/165 3595/169/163 3626/199/191 3627/200/192
f 3583/172/166 3582/170/164 3613/198/1163 3614/201/193
f 3597/173/167 3596/171/165 3627/200/192 3628/202/194
f 3584/174/168 3583/172/166 3614/201/193 3615/203/195
f 3598/175/169 3597/173/167 3628/202/194 3629/204/196
f 3585/176/170 3584/174/168 3615/203/195 3616/205/197
f 3599/177/171 3598/175/169 3629/204/196 3630/206/198
f 3586/178/172 3585/176/170 3616/205/197 3617/207/199
f 3573/180/173 3946/208/34 3604/209/200
f 3600/181/1162 3599/177/171 3630/206/198 3631/210/1164
f 3587/182/175 3586/178/172 3617/207/199 3618/211/202
f 3574/183/176 3573/180/173 3604/209/200 3605/212/203
f 3601/184/177 3600/181/1162 3631/210/1164 3632/213/204
f 3588/185/178 3587/182/175 3618/211/202 3619/214/205
f 3575/186/179 3574/183/176 3605/212/203 3606/215/206
f 3602/187/180 3601/184/177 3632/213/204 3633/216/207
f 3589/188/181 3588/185/178 3619/214/205 3620/217/208
f 3576/189/182 3575/186/179 3606/215/206 3607/218/209
f 3603/190/183 3602/187/180 3633/216/207 3634/219/210
f 3590/191/184 3589/188/181 3620/217/208 3621/220/211
f 3577/192/185 3576/189/182 3607/218/209 3608/221/212
f 3945/222/60 3603/190/183 3634/219/210
f 3591/194/186 3590/191/184 3621/220/211 3622/223/213
f 3578/195/187 3577/192/185 3608/221/212 3609/224/214
f 3592/196/188 3591/194/186 3622/223/213 3623/225/215
f 3579/164/158 3578/195/187 3609/224/214 3610/226/216
f 3593/166/160 3592/196/188 3623/225/215 3624/227/217
f 3580/165/159 3579/164/158 3610/226/216 3611/228/218
f 3594/167/161 3593/166/160 3624/227/217 3625/229/219
f 3581/168/162 3580/165/159 3611/228/218 3612/197/189
f 3628/202/194 3627/200/192 3658/262/250 3659/232/222
f 3615/203/195 3614/201/193 3645/230/220 3646/231/221
f 3629/204/196 3628/202/194 3659/232/222 3660/233/223
f 3616/205/197 3615/203/195 3646/231/221 3647/234/224
f 3630/206/198 3629/204/196 3660/233/223 3661/235/225
f 3617/207/199 3616/205/197 3647/234/224 3648/236/226
f 3604/209/200 3946/237/34 3635/238/227
f 3631/210/1164 3630/206/198 3661/235/225 3662/239/228
f 3618/211/202 3617/207/199 3648/236/226 3649/240/229
f 3605/212/203 3604/209/200 3635/238/227 3636/241/230
f 3632/213/204 3631/210/1164 3662/239/228 3663/242/231
f 3619/214/205 3618/211/202 3649/240/229 3650/243/232
f 3606/215/206 3605/212/203 3636/241/230 3637/244/233
f 3633/216/207 3632/213/204 3663/242/231 3664/245/234
f 3620/217/208 3619/214/205 3650/243/232 3651/246/235
f 3607/218/209 3606/215/206 3637/244/233 3638/247/236
f 3634/219/210 3633/216/207 3664/245/234 3665/248/237
f 3621/220/211 3620/217/208 3651/246/235 3652/249/238
f 3608/221/212 3607/218/209 3638/247/236 3639/250/239
f 3945/251/60 3634/219/210 3665/248/237
f 3622/223/213 3621/220/211 3652/249/238 3653/252/240
f 3609/224/214 3608/221/212 3639/250/239 3640/253/241
f 3623/225/215 3622/223/213 3653/252/240 3654/254/242
f 3610/226/216 3609/224/214 3640/253/241 3641/255/243
f 3624/227/217 3623/225/215 3654/254/242 3655/256/244
f 3611/228/218 3610/226/216 3641/255/243 3642/257/245
f 3625/229/219 3624/227/217 3655/256/244 3656/258/246
f 3612/197/189 3611/228/218 3642/257/245 3643/259/247
f 3626/199/191 3625/229/219 3656/258/246 3657/260/248
f 3613/198/1163 3612/197/189 3643/259/247 3644/261/249
f 3627/200/192 3626/199/191 3657/260/248 3658/262/250
f 3614/201/193 3613/198/1163 3644/261/249 3645/230/220
f 3661/235/225 3660/233/223 3691/295/281 3692/267/254
f 3648/236/226 3647/234/224 3678/263/251 3679/264/252
f 3635/238/227 3946/265/34 3666/266/253
f 3662/239/228 3661/235/225 3692/267/254 3693/268/255
f 3649/240/229 3648/236/226 3679/264/252 3680/269/256
f 3636/241/230 3635/238/227 3666/266/253 3667/270/257
f 3663/242/231 3662/239/228 3693/268/255 3694/271/258
f 3650/243/232 3649/240/229 3680/269/256 3681/272/259
f 3637/244/233 3636/241/230 3667/270/257 3668/273/260
f 3664/245/234 3663/242/231 3694/271/258 3695/274/261
f 3651/246/235 3650/243/232 3681/272/259 3682/275/262
f 3638/247/236 3637/244/233 3668/273/260 3669/276/263
f 3665/248/237 3664/245/234 3695/274/261 3696/277/1165
f 3652/249/238 3651/246/235 3682/275/262 3683/278/265
f 3639/250/239 3638/247/236 3669/276/263 3670/279/266
f 3945/280/60 3665/248/237 3696/277/1165
f 3653/252/240 3652/249/238 3683/278/265 3684/281/267
f 3640/253/241 3639/250/239 3670/279/266 3671/282/268
f 3654/254/242 3653/252/240 3684/281/267 3685/283/269
f 3641/255/243 3640/253/241 3671/282/268 3672/284/270
f 3655/256/244 3654/254/242 3685/283/269 3686/285/271
f 3642/257/245 3641/255/243 3672/284/270 3673/286/272
f 3656/258/246 3655/256/244 3686/285/271 3687/287/273
f 3643/259/247 3642/257/245 3673/286/272 3674/288/274
f 3657/260/248 3656/258/246 3687/287/273 3688/289/275
f 3644/261/249 3643/259/247 3674/288/274 3675/290/276
f 3658/262/250 3657/260/248 3688/289/275 3689/291/277
f 3645/230/220 3644/261/249 3675/290/276 3676/292/278
f 3659/232/222 3658/262/250 3689/291/277 3690/293/279
f 3646/231/221 3645/230/220 3676/292/278 3677/294/280
f 3660/233/223 3659/232/222 3690/293/279 3691/295/281
f 3647/234/224 3646/231/221 3677/294/280 3678/263/251
f 3667/270/257 3666/266/253 3697/327/311 3698/298/284
f 3694/271/258 3693/268/255 3724/328/312 3725/300/286
f 3681/272/259 3680/269/256 3711/296/282 3712/297/283
f 3668/273/260 3667/270/257 3698/298/284 3699/299/285
f 3695/274/261 3694/271/258 3725/300/286 3726/301/287
f 3682/275/262 3681/272/259 3712/297/283 3713/302/288
f 3669/276/263 3668/273/260 3699/299/285 3700/303/289
f 3696/277/1165 3695/274/261 3726/301/287 3727/304/290
f 3683/278/265 3682/275/262 3713/302/288 3714/305/291
f 3670/279/266 3669/276/263 3700/303/289 3701/306/292
f 3945/307/60 3696/277/1165 3727/304/290
f 3684/281/267 3683/278/265 3714/305/291 3715/308/293
f 3671/282/268 3670/279/266 3701/306/292 3702/309/294
f 3685/283/269 3684/281/267 3715/308/293 3716/310/295
f 3672/284/270 3671/282/268 3702/309/294 3703/311/296
f 3686/285/271 3685/283/269 3716/310/295 3717/312/297
f 3673/286/272 3672/284/270 3703/311/296 3704/313/298
f 3687/287/273 3686/285/271 3717/312/297 3718/314/299
f 3674/288/274 3673/286/272 3704/313/298 3705/315/300
f 3688/289/275 3687/287/273 3718/314/299 3719/316/301
f 3675/290/276 3674/288/274 3705/315/300 3706/317/302
f 3689/291/277 3688/289/275 3719/316/301 3720/318/303
f 3676/292/278 3675/290/276 3706/317/302 3707/319/304
f 3690/293/279 3689/291/277 3720/318/303 3721/320/305
f 3677/294/280 3676/292/278 3707/319/304 3708/321/306
f 3691/295/281 3690/293/279 3721/320/305 3722/322/307
f 3678/263/251 3677/294/280 3708/321/306 3709/323/308
f 3692/267/254 3691/295/281 3722/322/307 3723/324/309
f 3679/264/252 3678/263/251 3709/323/308 3710/325/310
f 3666/266/253 3946/326/34 3697/327/311
f 3693/268/255 3692/267/254 3723/324/309 3724/328/312
f 3680/269/256 3679/264/252 3710/325/310 3711/296/282
f 3700/303/289 3699/299/285 3730/360/342 3731/331/315
f 3727/304/290 3726/301/287 3757/361/343 3758/334/1166
f 3714/305/291 3713/302/288 3744/329/313 3745/330/314
f 3701/306/292 3700/303/289 3731/331/315 3732/332/316
f 3945/333/60 3727/304/290 3758/334/1166
f 3715/308/293 3714/305/291 3745/330/314 3746/335/318
f 3702/309/294 3701/306/292 3732/332/316 3733/336/319
f 3716/310/295 3715/308/293 3746/335/318 3747/337/320
f 3703/311/296 3702/309/294 3733/336/319 3734/338/321
f 3717/312/297 3716/310/295 3747/337/320 3748/339/322
f 3704/313/298 3703/311/296 3734/338/321 3735/340/323
f 3718/314/299 3717/312/297 3748/339/322 3749/341/324
f 3705/315/300 3704/313/298 3735/340/323 3736/342/325
f 3719/316/301 3718/314/299 3749/341/324 3750/343/326
f 3706/317/302 3705/315/300 3736/342/325 3737/344/1167
f 3720/318/303 3719/316/301 3750/343/326 3751/345/328
f 3707/319/304 3706/317/302 3737/344/1167 3738/346/329
f 3721/320/305 3720/318/303 3751/345/328 3752/347/330
f 3708/321/306 3707/319/304 3738/346/329 3739/348/331
f 3722/322/307 3721/320/305 3752/347/330 3753/349/332
f 3709/323/308 3708/321/306 3739/348/331 3740/350/333
f 3723/324/309 3722/322/307 3753/349/332 3754/351/334
f 3710/325/310 3709/323/308 3740/350/333 3741/352/335
f 3697/327/311 3946/353/34 3728/354/336
f 3724/328/312 3723/324/309 3754/351/334 3755/355/337
f 3711/296/282 3710/325/310 3741/352/335 3742/356/338
f 3698/298/284 3697/327/311 3728/354/336 3729/357/339
f 3725/300/286 3724/328/312 3755/355/337 3756/358/340
f 3712/297/283 3711/296/282 3742/356/338 3743/359/341
f 3699/299/285 3698/298/284 3729/357/339 3730/360/342
f 3726/301/287 3725/300/286 3756/358/340 3757/361/343
f 3713/302/288 3712/297/283 3743/359/341 3744/329/313
f 3733/336/319 3732/332/316 3763/393/374 3764/364/346
f 3747/337/320 3746/335/318 3777/362/344 3778/363/345
f 3734/338/321 3733/336/319 3764/364/346 3765/365/347
f 3748/339/322 3747/337/320 3778/363/345 3779/366/348
f 3735/340/323 3734/338/321 3765/365/347 3766/367/349
f 3749/341/324 3748/339/322 3779/366/348 3780/368/350
f 3736/342/325 3735/340/323 3766/367/349 3767/369/351
f 3750/343/326 3749/341/324 3780/368/350 3781/370/352
f 3737/344/1167 3736/342/325 3767/369/351 3768/371/353
f 3751/345/328 3750/343/326 3781/370/352 3782/372/354
f 3738/346/329 3737/344/1167 3768/371/353 3769/373/355
f 3752/347/330 3751/345/328 3782/372/354 3783/374/356
f 3739/348/331 3738/346/329 3769/373/355 3770/375/357
f 3753/349/332 3752/347/330 3783/374/356 3784/376/358
f 3740/350/333 3739/348/331 3770/375/357 3771/377/359
f 3754/351/334 3753/349/332 3784/376/358 3785/378/360
f 3741/352/335 3740/350/333 3771/377/359 3772/379/361
f 3728/354/336 3946/380/34 3759/381/362
f 3755/355/337 3754/351/334 3785/378/360 3786/382/1168
f 3742/356/338 3741/352/335 3772/379/361 3773/383/364
f 3729/357/339 3728/354/336 3759/381/362 3760/384/365
f 3756/358/340 3755/355/337 3786/382/1168 3787/385/366
f 3743/359/341 3742/356/338 3773/383/364 3774/386/367
f 3730/360/342 3729/357/339 3760/384/365 3761/387/368
f 3757/361/343 3756/358/340 3787/385/366 3788/388/369
f 3744/329/313 3743/359/341 3774/386/367 3775/389/370
f 3731/331/315 3730/360/342 3761/387/368 3762/390/371
f 3758/334/1166 3757/361/343 3788/388/369 3789/391/372
f 3745/330/314 3744/329/313 3775/389/370 3776/392/373
f 3732/332/316 3731/331/315 3762/390/371 3763/393/374
f 3945/394/60 3758/334/1166 3789/391/372
f 3746/335/318 3745/330/314 3776/392/373 3777/362/344
f 3766/367/349 3765/365/347 3796/427/405 3797/397/377
f 3780/368/350 3779/366/348 3810/395/375 3811/396/376
f 3767/369/351 3766/367/349 3797/397/377 3798/398/378
f 3781/370/352 3780/368/350 3811/396/376 3812/399/379
f 3768/371/353 3767/369/351 3798/398/378 3799/400/380
f 3782/372/354 3781/370/352 3812/399/379 3813/401/381
f 3769/373/355 3768/371/353 3799/400/380 3800/402/382
f 3783/374/356 3782/372/354 3813/401/381 3814/403/383
f 3770/375/357 3769/373/355 3800/402/382 3801/404/384
f 3784/376/358 3783/374/356 3814/403/383 3815/405/385
f 3771/377/359 3770/375/357 3801/404/384 3802/406/386
f 3785/378/360 3784/376/358 3815/405/385 3816/407/387
f 3772/379/361 3771/377/359 3802/406/386 3803/408/388
f 3759/381/362 3946/409/34 3790/410/389
f 3786/382/1168 3785/378/360 3816/407/387 3817/411/390
f 3773/383/364 3772/379/361 3803/408/388 3804/412/391
f 3760/384/365 3759/381/362 3790/410/389 3791/413/392
f 3787/385/366 3786/382/1168 3817/411/390 3818/414/393
f 3774/386/367 3773/383/364 3804/412/391 3805/415/394
f 3761/387/368 3760/384/365 3791/413/392 3792/416/395
f 3788/388/369 3787/385/366 3818/414/393 3819/417/396
f 3775/389/370 3774/386/367 3805/415/394 3806/418/397
f 3762/390/371 3761/387/368 3792/416/395 3793/419/398
f 3789/391/372 3788/388/369 3819/417/396 3820/420/1169
f 3776/392/373 3775/389/370 3806/418/397 3807/421/400
f 3763/393/374 3762/390/371 3793/419/398 3794/422/401
f 3945/423/60 3789/391/372 3820/420/1169
f 3777/362/344 3776/392/373 3807/421/400 3808/424/402
f 3764/364/346 3763/393/374 3794/422/401 3795/425/403
f 3778/363/345 3777/362/344 3808/424/402 3809/426/404
f 3765/365/347 3764/364/346 3795/425/403 3796/427/405
f 3779/366/348 3778/363/345 3809/426/404 3810/395/375
f 3799/400/380 3798/398/378 3829/460/436 3830/430/408
f 3813/401/381 3812/399/379 3843/428/406 3844/429/407
f 3800/402/382 3799/400/380 3830/430/408 3831/431/409
f 3814/403/383 3813/401/381 3844/429/407 3845/432/410
f 3801/404/384 3800/402/382 3831/431/409 3832/433/411
f 3815/405/385 3814/403/383 3845/432/410 3846/434/412
f 3802/406/386 3801/404/384 3832/433/411 3833/435/413
f 3816/407/387 3815/405/385 3846/434/412 3847/436/414
f 3803/408/388 3802/406/386 3833/435/413 3834/437/415
f 3790/410/389 3946/438/34 3821/439/416
f 3817/411/390 3816/407/387 3847/436/414 3848/440/1170
f 3804/412/391 3803/408/388 3834/437/415 3835/441/418
f 3791/413/392 3790/410/389 3821/439/416 3822/442/419
f 3818/414/393 3817/411/390 3848/440/1170 3849/443/420
f 3805/415/394 3804/412/391 3835/441/418 3836/444/421
f 3792/416/395 3791/413/392 3822/442/419 3823/445/422
f 3819/417/396 3818/414/393 3849/443/420 3850/446/423
f 3806/418/397 3805/415/394 3836/444/421 3837/447/424
f 3793/419/398 3792/416/395 3823/445/422 3824/448/425
f 3820/420/1169 3819/417/396 3850/446/423 3851/449/426
f 3807/421/400 3806/418/397 3837/447/424 3838/450/427
f 3794/422/401 3793/419/398 3824/448/425 3825/451/428
f 3945/452/60 3820/420/1169 3851/449/426
f 3808/424/402 3807/421/400 3838/450/427 3839/453/429
f 3795/425/403 3794/422/401 3825/451/428 3826/454/430
f 3809/426/404 3808/424/402 3839/453/429 3840/455/431
f 3796/427/405 3795/425/403 3826/454/430 3827/456/432
f 3810/395/375 3809/426/404 3840/455/431 3841/457/1171
f 3797/397/377 3796/427/405 3827/456/432 3828/458/434
f 3811/396/376 3810/395/375 3841/457/1171 3842/459/435
f 3798/398/378 3797/397/377 3828/458/434 3829/460/436
f 3812/399/379 3811/396/376 3842/459/435 3843/428/406
f 3832/433/411 3831/431/409 3862/493/467 3863/463/439
f 3846/434/412 3845/432/410 3876/461/437 3877/462/438
f 3833/435/413 3832/433/411 3863/463/439 3864/464/440
f 3847/436/414 3846/434/412 3877/462/438 3878/465/441
f 3834/437/415 3833/435/413 3864/464/440 3865/466/442
f 3821/439/416 3946/467/34 3852/468/443
f 3848/440/1170 3847/436/414 3878/465/441 3879/469/1172
f 3835/441/418 3834/437/415 3865/466/442 3866/470/1173
f 3822/442/419 3821/439/416 3852/468/443 3853/471/446
f 3849/443/420 3848/440/1170 3879/469/1172 3880/472/447
f 3836/444/421 3835/441/418 3866/470/1173 3867/473/448
f 3823/445/422 3822/442/419 3853/471/446 3854/474/449
f 3850/446/423 3849/443/420 3880/472/447 3881/475/450
f 3837/447/424 3836/444/421 3867/473/448 3868/476/1174
f 3824/448/425 3823/445/422 3854/474/449 3855/477/452
f 3851/449/426 3850/446/423 3881/475/450 3882/478/453
f 3838/450/427 3837/447/424 3868/476/1174 3869/479/454
f 3825/451/428 3824/448/425 3855/477/452 3856/480/455
f 3945/481/60 3851/449/426 3882/478/453
f 3839/453/429 3838/450/427 3869/479/454 3870/482/456
f 3826/454/430 3825/451/428 3856/480/455 3857/483/457
f 3840/455/431 3839/453/429 3870/482/456 3871/484/458
f 3827/456/432 3826/454/430 3857/483/457 3858/485/459
f 3841/457/1171 3840/455/431 3871/484/458 3872/486/460
f 3828/458/434 3827/456/432 3858/485/459 3859/487/461
f 3842/459/435 3841/457/1171 3872/486/460 3873/488/462
f 3829/460/436 3828/458/434 3859/487/461 3860/489/463
f 3843/428/406 3842/459/435 3873/488/462 3874/490/464
f 3830/430/408 3829/460/436 3860/489/463 3861/491/465
f 3844/429/407 3843/428/406 3874/490/464 3875/492/466
f 3831/431/409 3830/430/408 3861/491/465 3862/493/467
f 3845/432/410 3844/429/407 3875/492/466 3876/461/437
f 3865/466/442 3864/464/440 3895/525/498 3896/496/470
f 3852/468/443 3946/526/34 3883/498/472
f 3879/469/1172 3878/465/441 3909/494/468 3910/495/469
f 3866/470/1173 3865/466/442 3896/496/470 3897/497/471
f 3853/471/446 3852/468/443 3883/498/472 3884/499/473
f 3880/472/447 3879/469/1172 3910/495/469 3911/500/474
f 3867/473/448 3866/470/1173 3897/497/471 3898/501/475
f 3854/474/449 3853/471/446 3884/499/473 3885/502/476
f 3881/475/450 3880/472/447 3911/500/474 3912/503/477
f 3868/476/1174 3867/473/448 3898/501/475 3899/504/478
f 3855/477/452 3854/474/449 3885/502/476 3886/505/479
f 3882/478/453 3881/475/450 3912/503/477 3913/506/480
f 3869/479/454 3868/476/1174 3899/504/478 3900/507/481
f 3856/480/455 3855/477/452 3886/505/479 3887/508/482
f 3945/509/60 3882/478/453 3913/506/480
f 3870/482/456 3869/479/454 3900/507/481 3901/510/483
f 3857/483/457 3856/480/455 3887/508/482 3888/511/484
f 3871/484/458 3870/482/456 3901/510/483 3902/512/485
f 3858/485/459 3857/483/457 3888/511/484 3889/513/486
f 3872/486/460 3871/484/458 3902/512/485 3903/514/487
f 3859/487/461 3858/485/459 3889/513/486 3890/515/488
f 3873/488/462 3872/486/460 3903/514/487 3904/516/489
f 3860/489/463 3859/487/461 3890/515/488 3891/517/490
f 3874/490/464 3873/488/462 3904/516/489 3905/518/491
f 3861/491/465 3860/489/463 3891/517/490 3892/519/492
f 3875/492/466 3874/490/464 3905/518/491 3906/520/493
f 3862/493/467 3861/491/465 3892/519/492 3893/521/494
f 3876/461/437 3875/492/466 3906/520/493 3907/522/495
f 3863/463/439 3862/493/467 3893/521/494 3894/523/496
f 3877/462/438 3876/461/437 3907/522/495 3908/524/497
f 3864/464/440 3863/463/439 3894/523/496 3895/525/498
f 3878/465/441 3877/462/438 3908/524/497 3909/494/468
f 3898/501/475 3897/497/471 3928/558/528 3929/529/501
f 3885/502/476 3884/499/473 3915/559/529 3916/531/503
f 3912/503/477 3911/500/474 3942/527/499 3943/528/500
f 3899/504/478 3898/501/475 3929/529/501 3930/530/502
f 3886/505/479 3885/502/476 3916/531/503 3917/532/504
f 3913/506/480 3912/503/477 3943/528/500 3944/533/505
f 3900/507/481 3899/504/478 3930/530/502 3931/534/506
f 3887/508/482 3886/505/479 3917/532/504 3918/535/507
f 3945/536/60 3913/506/480 3944/533/505
f 3901/510/483 3900/507/481 3931/534/506 3932/537/508
f 3888/511/484 3887/508/482 3918/535/507 3919/538/509
f 3902/512/485 3901/510/483 3932/537/508 3933/539/510
f 3889/513/486 3888/511/484 3919/538/509 3920/540/511
f 3903/514/487 3902/512/485 3933/539/510 3934/541/512
f 3890/515/488 3889/513/486 3920/540/511 3921/542/513
f 3904/516/489 3903/514/487 3934/541/512 3935/543/514
f 3891/517/490 3890/515/488 3921/542/513 3922/544/515
f 3905/518/491 3904/516/489 3935/543/514 3936/545/516
f 3892/519/492 3891/517/490 3922/544/515 3923/546/517
f 3906/520/493 3905/518/491 3936/545/516 3937/547/518
f 3893/521/494 3892/519/492 3923/546/517 3924/548/519
f 3907/522/495 3906/520/493 3937/547/518 3938/549/520
f 3894/523/496 3893/521/494 3924/548/519 3925/550/521
f 3908/524/497 3907/522/495 3938/549/520 3939/551/522
f 3895/525/498 3894/523/496 3925/550/521 3926/552/523
f 3909/494/468 3908/524/497 3939/551/522 3940/553/524
f 3896/496/470 3895/525/498 3926/552/523 3927/554/525
f 3883/498/472 3946/555/34 3914/556/526
f 3910/495/469 3909/494/468 3940/553/524 3941/557/527
f 3897/497/471 3896/496/470 3927/554/525 3928/558/528
f 3884/499/473 3883/498/472 3914/556/526 3915/559/529
f 3911/500/474 3910/495/469 3941/557/527 3942/527/499
f 3931/534/506 3930/530/502 3963/591/559 3964/562/531
f 3918/535/507 3917/532/504 3950/592/560 3951/564/533
f 3945/560/60 3944/533/505 3977/561/530
f 3932/537/508 3931/534/506 3964/562/531 3965/563/532
f 3919/538/509 3918/535/507 3951/564/533 3952/565/534
f 3933/539/510 3932/537/508 3965/563/532 3966/566/535
f 3920/540/511 3919/538/509 3952/565/534 3953/567/536
f 3934/541/512 3933/539/510 3966/566/535 3967/568/537
f 3921/542/513 3920/540/511 3953/567/536 3954/569/538
f 3935/543/514 3934/541/512 3967/568/537 3968/570/539
f 3922/544/515 3921/542/513 3954/569/538 3955/571/540
f 3936/545/516 3935/543/514 3968/570/539 3969/572/541
f 3923/546/517 3922/544/515 3955/571/540 3956/573/542
f 3937/547/518 3936/545/516 3969/572/541 3970/574/1175
f 3924/548/519 3923/546/517 3956/573/542 3957/575/544
f 3938/549/520 3937/547/518 3970/574/1175 3971/576/545
f 3925/550/521 3924/548/519 3957/575/544 3958/577/546
f 3939/551/522 3938/549/520 3971/576/545 3972/578/547
f 3926/552/523 3925/550/521 3958/577/546 3959/579/548
f 3940/553/524 3939/551/522 3972/578/547 3973/580/549
f 3927/554/525 3926/552/523 3959/579/548 3960/581/550
f 3914/556/526 3946/582/34 3947/583/551
f 3941/557/527 3940/553/524 3973/580/549 3974/584/552
f 3928/558/528 3927/554/525 3960/581/550 3961/585/553
f 3915/559/529 3914/556/526 3947/583/551 3948/586/554
f 3942/527/499 3941/557/527 3974/584/552 3975/587/555
f 3929/529/501 3928/558/528 3961/585/553 3962/588/556
f 3916/531/503 3915/559/529 3948/586/554 3949/589/557
f 3943/528/500 3942/527/499 3975/587/555 3976/590/558
f 3930/530/502 3929/529/501 3962/588/556 3963/591/559
f 3917/532/504 3916/531/503 3949/589/557 3950/592/560
f 3944/533/505 3943/528/500 3976/590/558 3977/561/530
f 3966/566/535 3965/563/532 3996/624/590 3997/593/561
f 3953/567/536 3952/565/534 3983/625/591 3984/595/563
f 3967/568/537 3966/566/535 3997/593/561 3998/594/562
f 3954/569/538 3953/567/536 3984/595/563 3985/596/564
f 3968/570/539 3967/568/537 3998/594/562 3999/597/565
f 3955/571/540 3954/569/538 3985/596/564 3986/598/566
f 3969/572/541 3968/570/539 3999/597/565 4000/599/567
f 3956/573/542 3955/571/540 3986/598/566 3987/600/568
f 3970/574/1175 3969/572/541 4000/599/567 4001/601/569
f 3957/575/544 3956/573/542 3987/600/568 3988/602/570
f 3971/576/545 3970/574/1175 4001/601/569 4002/603/571
f 3958/577/546 3957/575/544 3988/602/570 3989/604/572
f 3972/578/547 3971/576/545 4002/603/571 4003/605/573
f 3959/579/548 3958/577/546 3989/604/572 3990/606/574
f 3973/580/549 3972/578/547 4003/605/573 4004/607/575
f 3960/581/550 3959/579/548 3990/606/574 3991/608/576
f 3947/583/551 3946/609/34 3978/610/577
f 3974/584/552 3973/580/549 4004/607/575 4005/611/578
f 3961/585/553 3960/581/550 3991/608/576 3992/612/579
f 3948/586/554 3947/583/551 3978/610/577 3979/613/580
f 3975/587/555 3974/584/552 4005/611/578 4006/614/581
f 3962/588/556 3961/585/553 3992/612/579 3993/615/582
f 3949/589/557 3948/586/554 3979/613/580 3980/616/583
f 3976/590/558 3975/587/555 4006/614/581 4007/617/584
f 3963/591/559 3962/588/556 3993/615/582 3994/618/585
f 3950/592/560 3949/589/557 3980/616/583 3981/619/586
f 3977/561/530 3976/590/558 4007/617/584 4008/620/1176
f 3964/562/531 3963/591/559 3994/618/585 3995/621/588
f 3951/564/533 3950/592/560 3981/619/586 3982/622/589
f 3945/623/60 3977/561/530 4008/620/1176
f 3965/563/532 3964/562/531 3995/621/588 3996/624/590
f 3952/565/534 3951/564/533 3982/622/589 3983/625/591
f 3999/597/565 3998/594/562 4029/657/1112 4030/626/592
f 3986/598/566 3985/596/564 4016/658/622 4017/628/594
f 4000/599/567 3999/597/565 4030/626/592 4031/627/593
f 3987/600/568 3986/598/566 4017/628/594 4018/629/595
f 4001/601/569 4000/599/567 4031/627/593 4032/630/596
f 3988/602/570 3987/600/568 4018/629/595 4019/631/1177
f 4002/603/571 4001/601/569 4032/630/596 4033/632/598
f 3989/604/572 3988/602/570 4019/631/1177 4020/633/599
f 4003/605/573 4002/603/571 4033/632/598 4034/634/600
f 3990/606/574 3989/604/572 4020/633/599 4021/635/601
f 4004/607/575 4003/605/573 4034/634/600 4035/636/602
f 3991/608/576 3990/606/574 4021/635/601 4022/637/603
f 3978/610/577 3946/638/34 4009/639/604
f 4005/611/578 4004/607/575 4035/636/602 4036/640/1178
f 3992/612/579 3991/608/576 4022/637/603 4023/641/606
f 3979/613/580 3978/610/577 4009/639/604 4010/642/607
f 4006/614/581 4005/611/578 4036/640/1178 4037/643/608
f 3993/615/582 3992/612/579 4023/641/606 4024/644/609
f 3980/616/583 3979/613/580 4010/642/607 4011/645/610
f 4007/617/584 4006/614/581 4037/643/608 4038/646/611
f 3994/618/585 3993/615/582 4024/644/609 4025/647/612
f 3981/619/586 3980/616/583 4011/645/610 4012/648/613
f 4008/620/1176 4007/617/584 4038/646/611 4039/649/614
f 3995/621/588 3994/618/585 4025/647/612 4026/650/615
f 3982/622/589 3981/619/586 4012/648/613 4013/651/616
f 3945/652/60 4008/620/1176 4039/649/614
f 3996/624/590 3995/621/588 4026/650/615 4027/653/617
f 3983/625/591 3982/622/589 4013/651/616 4014/654/618
f 3997/593/561 3996/624/590 4027/653/617 4028/655/619
f 3984/595/563 3983/625/591 4014/654/618 4015/656/620
f 3998/594/562 3997/593/561 4028/655/619 4029/657/1112
f 3985/596/564 3984/595/563 4015/656/620 4016/658/622
f 4032/630/596 4031/627/593 4062/690/652 4063/659/623
f 4019/631/1177 4018/629/595 4049/691/653 4050/661/625
f 4033/632/598 4032/630/596 4063/659/623 4064/660/624
f 4020/633/599 4019/631/1177 4050/661/625 4051/662/626
f 4034/634/600 4033/632/598 4064/660/624 4065/663/627
f 4021/635/601 4020/633/599 4051/662/626 4052/664/1179
f 4035/636/602 4034/634/600 4065/663/627 4066/665/629
f 4022/637/603 4021/635/601 4052/664/1179 4053/666/630
f 4009/639/604 3946/667/34 4040/668/631
f 4036/640/1178 4035/636/602 4066/665/629 4067/669/632
f 4023/641/606 4022/637/603 4053/666/630 4054/670/633
f 4010/642/607 4009/639/604 4040/668/631 4041/671/634
f 4037/643/608 4036/640/1178 4067/669/632 4068/672/635
f 4024/644/609 4023/641/606 4054/670/633 4055/673/636
f 4011/645/610 4010/642/607 4041/671/634 4042/674/637
f 4038/646/611 4037/643/608 4068/672/635 4069/675/638
f 4025/647/612 4024/644/609 4055/673/636 4056/676/639
f 4012/648/613 4011/645/610 4042/674/637 4043/677/1180
f 4039/649/614 4038/646/611 4069/675/638 4070/678/1181
f 4026/650/615 4025/647/612 4056/676/639 4057/679/642
f 4013/651/616 4012/648/613 4043/677/1180 4044/680/643
f 3945/681/60 4039/649/614 4070/678/1181
f 4027/653/617 4026/650/615 4057/679/642 4058/682/644
f 4014/654/618 4013/651/616 4044/680/643 4045/683/645
f 4028/655/619 4027/653/617 4058/682/644 4059/684/646
f 4015/656/620 4014/654/618 4045/683/645 4046/685/647
f 4029/657/1112 4028/655/619 4059/684/646 4060/686/648
f 4016/658/622 4015/656/620 4046/685/647 4047/687/649
f 4030/626/592 4029/657/1112 4060/686/648 4061/688/650
f 4017/628/594 4016/658/622 4047/687/649 4048/689/651
f 4031/627/593 4030/626/592 4061/688/650 4062/690/652
f 4018/629/595 4017/628/594 4048/689/651 4049/691/653
f 4065/663/627 4064/660/624 4095/723/683 4096/692/654
f 4052/664/1179 4051/662/626 4082/724/684 4083/694/656
f 4066/665/629 4065/663/627 4096/692/654 4097/693/655
f 4053/666/630 4052/664/1179 4083/694/656 4084/695/657
f 4040/668/631 3946/696/34 4071/697/658
f 4067/669/632 4066/665/629 4097/693/655 4098/698/1182
f 4054/670/633 4053/666/630 4084/695/657 4085/699/660
f 4041/671/634 4040/668/631 4071/697/658 4072/700/661
f 4068/672/635 4067/669/632 4098/698/1182 4099/701/662
f 4055/673/636 4054/670/633 4085/699/660 4086/702/663
f 4042/674/637 4041/671/634 4072/700/661 4073/703/664
f 4069/675/638 4068/672/635 4099/701/662 4100/704/665
f 4056/676/639 4055/673/636 4086/702/663 4087/705/666
f 4043/677/1180 4042/674/637 4073/703/664 4074/706/667
f 4070/678/1181 4069/675/638 4100/704/665 4101/707/668
f 4057/679/642 4056/676/639 4087/705/666 4088/708/669
f 4044/680/643 4043/677/1180 4074/706/667 4075/709/670
f 3945/710/60 4070/678/1181 4101/707/668
f 4058/682/644 4057/679/642 4088/708/669 4089/711/671
f 4045/683/645 4044/680/643 4075/709/670 4076/712/672
f 4059/684/646 4058/682/644 4089/711/671 4090/713/673
f 4046/685/647 4045/683/645 4076/712/672 4077/714/674
f 4060/686/648 4059/684/646 4090/713/673 4091/715/675
f 4047/687/649 4046/685/647 4077/714/674 4078/716/676
f 4061/688/650 4060/686/648 4091/715/675 4092/717/677
f 4048/689/651 4047/687/649 4078/716/676 4079/718/1183
f 4062/690/652 4061/688/650 4092/717/677 4093/719/679
f 4049/691/653 4048/689/651 4079/718/1183 4080/720/1184
f 4063/659/623 4062/690/652 4093/719/679 4094/721/681
f 4050/661/625 4049/691/653 4080/720/1184 4081/722/1185
f 4064/660/624 4063/659/623 4094/721/681 4095/723/683
f 4051/662/626 4050/661/625 4081/722/1185 4082/724/684
f 4098/698/1182 4097/693/655 4128/755/714 4129/727/687
f 4085/699/660 4084/695/657 4115/756/715 4116/729/689
f 4072/700/661 4071/697/658 4102/725/685 4103/726/686
f 4099/701/662 4098/698/1182 4129/727/687 4130/728/688
f 4086/702/663 4085/699/660 4116/729/689 4117/730/690
f 4073/703/664 4072/700/661 4103/726/686 4104/731/691
f 4100/704/665 4099/701/662 4130/728/688 4131/732/692
f 4087/705/666 4086/702/663 4117/730/690 4118/733/693
f 4074/706/667 4073/703/664 4104/731/691 4105/734/694
f 4101/707/668 4100/704/665 4131/732/692 4132/735/695
f 4088/708/669 4087/705/666 4118/733/693 4119/736/696
f 4075/709/670 4074/706/667 4105/734/694 4106/737/697
f 3945/738/60 4101/707/668 4132/735/695
f 4089/711/671 4088/708/669 4119/736/696 4120/739/698
f 4076/712/672 4075/709/670 4106/737/697 4107/740/699
f 4090/713/673 4089/711/671 4120/739/698 4121/741/700
f 4077/714/674 4076/712/672 4107/740/699 4108/742/701
f 4091/715/675 4090/713/673 4121/741/700 4122/743/702
f 4078/716/676 4077/714/674 4108/742/701 4109/744/703
f 4092/717/677 4091/715/675 4122/743/702 4123/745/1118
f 4079/718/1183 4078/716/676 4109/744/703 4110/746/705
f 4093/719/679 4092/717/677 4123/745/1118 4124/747/706
f 4080/720/1184 4079/718/1183 4110/746/705 4111/748/1186
f 4094/721/681 4093/719/679 4124/747/706 4125/749/708
f 4081/722/1185 4080/720/1184 4111/748/1186 4112/750/709
f 4095/723/683 4094/721/681 4125/749/708 4126/751/710
f 4082/724/684 4081/722/1185 4112/750/709 4113/752/711
f 4096/692/654 4095/723/683 4126/751/710 4127/753/712
f 4083/694/656 4082/724/684 4113/752/711 4114/754/713
f 4097/693/655 4096/692/654 4127/753/712 4128/755/714
f 4084/695/657 4083/694/656 4114/754/713 4115/756/715
f 4071/697/658 3946/757/34 4102/725/685
f 4131/732/692 4130/728/688 4161/789/745 4162/760/718
f 4118/733/693 4117/730/690 4148/790/746 4149/762/720
f 4105/734/694 4104/731/691 4135/758/716 4136/759/717
f 4132/735/695 4131/732/692 4162/760/718 4163/761/719
f 4119/736/696 4118/733/693 4149/762/720 4150/763/721
f 4106/737/697 4105/734/694 4136/759/717 4137/764/722
f 3945/765/60 4132/735/695 4163/761/719
f 4120/739/698 4119/736/696 4150/763/721 4151/766/723
f 4107/740/699 4106/737/697 4137/764/722 4138/767/724
f 4121/741/700 4120/739/698 4151/766/723 4152/768/725
f 4108/742/701 4107/740/699 4138/767/724 4139/769/726
f 4122/743/702 4121/741/700 4152/768/725 4153/770/727
f 4109/744/703 4108/742/701 4139/769/726 4140/771/728
f 4123/745/1118 4122/743/702 4153/770/727 4154/772/729
f 4110/746/705 4109/744/703 4140/771/728 4141/773/730
f 4124/747/706 4123/745/1118 4154/772/729 4155/774/731
f 4111/748/1186 4110/746/705 4141/773/730 4142/775/732
f 4125/749/708 4124/747/706 4155/774/731 4156/776/1187
f 4112/750/709 4111/748/1186 4142/775/732 4143/777/734
f 4126/751/710 4125/749/708 4156/776/1187 4157/778/735
f 4113/752/711 4112/750/709 4143/777/734 4144/779/736
f 4127/753/712 4126/751/710 4157/778/735 4158/780/737
f 4114/754/713 4113/752/711 4144/779/736 4145/781/738
f 4128/755/714 4127/753/712 4158/780/737 4159/782/739
f 4115/756/715 4114/754/713 4145/781/738 4146/783/740
f 4102/725/685 3946/784/34 4133/785/741
f 4129/727/687 4128/755/714 4159/782/739 4160/786/742
f 4116/729/689 4115/756/715 4146/783/740 4147/787/743
f 4103/726/686 4102/725/685 4133/785/741 4134/788/744
f 4130/728/688 4129/727/687 4160/786/742 4161/789/745
f 4117/730/690 4116/729/689 4147/787/743 4148/790/746
f 4104/731/691 4103/726/686 4134/788/744 4135/758/716
f 3945/823/60 4163/761/719 4194/821/776
f 4151/766/723 4150/763/721 4181/822/777 4182/793/749
f 4138/767/724 4137/764/722 4168/791/747 4169/792/748
f 4152/768/725 4151/766/723 4182/793/749 4183/794/750
f 4139/769/726 4138/767/724 4169/792/748 4170/795/751
f 4153/770/727 4152/768/725 4183/794/750 4184/796/752
f 4140/771/728 4139/769/726 4170/795/751 4171/797/753
f 4154/772/729 4153/770/727 4184/796/752 4185/798/754
f 4141/773/730 4140/771/728 4171/797/753 4172/799/755
f 4155/774/731 4154/772/729 4185/798/754 4186/800/756
f 4142/775/732 4141/773/730 4172/799/755 4173/801/757
f 4156/776/1187 4155/774/731 4186/800/756 4187/802/758
f 4143/777/734 4142/775/732 4173/801/757 4174/803/759
f 4157/778/735 4156/776/1187 4187/802/758 4188/804/760
f 4144/779/736 4143/777/734 4174/803/759 4175/805/761
f 4158/780/737 4157/778/735 4188/804/760 4189/806/762
f 4145/781/738 4144/779/736 4175/805/761 4176/807/763
f 4159/782/739 4158/780/737 4189/806/762 4190/808/764
f 4146/783/740 4145/781/738 4176/807/763 4177/809/765
f 4133/785/741 3946/810/34 4164/811/766
f 4160/786/742 4159/782/739 4190/808/764 4191/812/767
f 4147/787/743 4146/783/740 4177/809/765 4178/813/768
f 4134/788/744 4133/785/741 4164/811/766 4165/814/769
f 4161/789/745 4160/786/742 4191/812/767 4192/815/770
f 4148/790/746 4147/787/743 4178/813/768 4179/816/771
f 4135/758/716 4134/788/744 4165/814/769 4166/817/772
f 4162/760/718 4161/789/745 4192/815/770 4193/818/773
f 4149/762/720 4148/790/746 4179/816/771 4180/819/774
f 4136/759/717 4135/758/716 4166/817/772 4167/820/775
f 4163/761/719 4162/760/718 4193/818/773 4194/821/776
f 4150/763/721 4149/762/720 4180/819/774 4181/822/777
f 4137/764/722 4136/759/717 4167/820/775 4168/791/747
f 4184/829/752 4183/886/750 4214/887/808 4215/830/780
f 4171/824/753 4170/825/751 4201/826/778 4202/827/779
f 4185/828/754 4184/829/752 4215/830/780 4216/831/781
f 4172/832/755 4171/824/753 4202/827/779 4203/833/782
f 4186/834/756 4185/828/754 4216/831/781 4217/835/783
f 4173/836/757 4172/832/755 4203/833/782 4204/837/784
f 4187/838/758 4186/834/756 4217/835/783 4218/839/1188
f 4174/840/759 4173/836/757 4204/837/784 4205/841/786
f 4188/842/760 4187/838/758 4218/839/1188 4219/843/787
f 4175/844/761 4174/840/759 4205/841/786 4206/845/788
f 4189/846/762 4188/842/760 4219/843/787 4220/847/789
f 4176/848/763 4175/844/761 4206/845/788 4207/849/790
f 4190/850/764 4189/846/762 4220/847/789 4221/851/791
f 4177/852/765 4176/848/763 4207/849/790 4208/853/792
f 4164/854/766 3946/855/34 4195/856/793
f 4191/857/767 4190/850/764 4221/851/791 4222/858/794
f 4178/859/768 4177/852/765 4208/853/792 4209/860/795
f 4165/861/769 4164/854/766 4195/856/793 4196/862/796
f 4192/863/770 4191/857/767 4222/858/794 4223/864/797
f 4179/865/771 4178/859/768 4209/860/795 4210/866/798
f 4166/867/772 4165/861/769 4196/862/796 4197/868/799
f 4193/869/773 4192/863/770 4223/864/797 4224/870/800
f 4180/871/774 4179/865/771 4210/866/798 4211/872/801
f 4167/873/775 4166/867/772 4197/868/799 4198/874/802
f 4194/875/776 4193/869/773 4224/870/800 4225/876/803
f 4181/877/777 4180/871/774 4211/872/801 4212/878/804
f 4168/879/747 4167/873/775 4198/874/802 4199/880/805
f 3945/881/60 4194/875/776 4225/876/803
f 4182/882/749 4181/877/777 4212/878/804 4213/883/806
f 4169/884/748 4168/879/747 4199/880/805 4200/885/807
f 4183/886/750 4182/882/749 4213/883/806 4214/887/808
f 4170/825/751 4169/884/748 4200/885/807 4201/826/778
f 4217/835/783 4216/831/781 4247/920/1122 4248/890/811
f 4204/837/784 4203/833/782 4234/888/809 4235/889/1189
f 4218/839/1188 4217/835/783 4248/890/811 4249/891/812
f 4205/841/786 4204/837/784 4235/889/1189 4236/892/813
f 4219/843/787 4218/839/1188 4249/891/812 4250/893/814
f 4206/845/788 4205/841/786 4236/892/813 4237/894/815
f 4220/847/789 4219/843/787 4250/893/814 4251/895/816
f 4207/849/790 4206/845/788 4237/894/815 4238/896/817
f 4221/851/791 4220/847/789 4251/895/816 4252/897/818
f 4208/853/792 4207/849/790 4238/896/817 4239/898/819
f 4195/856/793 3946/899/34 4226/900/820
f 4222/858/794 4221/851/791 4252/897/818 4253/901/821
f 4209/860/795 4208/853/792 4239/898/819 4240/902/822
f 4196/862/796 4195/856/793 4226/900/820 4227/903/823
f 4223/864/797 4222/858/794 4253/901/821 4254/904/824
f 4210/866/798 4209/860/795 4240/902/822 4241/905/825
f 4197/868/799 4196/862/796 4227/903/823 4228/906/826
f 4224/870/800 4223/864/797 4254/904/824 4255/907/827
f 4211/872/801 4210/866/798 4241/905/825 4242/908/828
f 4198/874/802 4197/868/799 4228/906/826 4229/909/829
f 4225/876/803 4224/870/800 4255/907/827 4256/910/830
f 4212/878/804 4211/872/801 4242/908/828 4243/911/831
f 4199/880/805 4198/874/802 4229/909/829 4230/912/832
f 3945/913/60 4225/876/803 4256/910/830
f 4213/883/806 4212/878/804 4243/911/831 4244/914/833
f 4200/885/807 4199/880/805 4230/912/832 4231/915/834
f 4214/887/808 4213/883/806 4244/914/833 4245/916/835
f 4201/826/778 4200/885/807 4231/915/834 4232/917/836
f 4215/830/780 4214/887/808 4245/916/835 4246/918/837
f 4202/827/779 4201/826/778 4232/917/836 4233/919/838
f 4216/831/781 4215/830/780 4246/918/837 4247/920/1122
f 4203/833/782 4202/827/779 4233/919/838 4234/888/809
f 4239/898/819 4238/896/817 4269/952/870 4270/923/842
f 4226/900/820 3946/953/34 4257/925/844
f 4253/901/821 4252/897/818 4283/921/840 4284/922/1190
f 4240/902/822 4239/898/819 4270/923/842 4271/924/843
f 4227/903/823 4226/900/820 4257/925/844 4258/926/845
f 4254/904/824 4253/901/821 4284/922/1190 4285/927/846
f 4241/905/825 4240/902/822 4271/924/843 4272/928/847
f 4228/906/826 4227/903/823 4258/926/845 4259/929/848
f 4255/907/827 4254/904/824 4285/927/846 4286/930/849
f 4242/908/828 4241/905/825 4272/928/847 4273/931/850
f 4229/909/829 4228/906/826 4259/929/848 4260/932/851
f 4256/910/830 4255/907/827 4286/930/849 4287/933/852
f 4243/911/831 4242/908/828 4273/931/850 4274/934/853
f 4230/912/832 4229/909/829 4260/932/851 4261/935/854
f 3945/936/60 4256/910/830 4287/933/852
f 4244/914/833 4243/911/831 4274/934/853 4275/937/855
f 4231/915/834 4230/912/832 4261/935/854 4262/938/856
f 4245/916/835 4244/914/833 4275/937/855 4276/939/857
f 4232/917/836 4231/915/834 4262/938/856 4263/940/858
f 4246/918/837 4245/916/835 4276/939/857 4277/941/859
f 4233/919/838 4232/917/836 4263/940/858 4264/942/860
f 4247/920/1122 4246/918/837 4277/941/859 4278/943/861
f 4234/888/809 4233/919/838 4264/942/860 4265/944/862
f 4248/890/811 4247/920/1122 4278/943/861 4279/945/863
f 4235/889/1189 4234/888/809 4265/944/862 4266/946/864
f 4249/891/812 4248/890/811 4279/945/863 4280/947/865
f 4236/892/813 4235/889/1189 4266/946/864 4267/948/1191
f 4250/893/814 4249/891/812 4280/947/865 4281/949/867
f 4237/894/815 4236/892/813 4267/948/1191 4268/950/868
f 4251/895/816 4250/893/814 4281/949/867 4282/951/869
f 4238/896/817 4237/894/815 4268/950/868 4269/952/870
f 4252/897/818 4251/895/816 4282/951/869 4283/921/840
f 4272/928/847 4271/924/843 4302/985/900 4303/956/873
f 4259/929/848 4258/926/845 4289/986/901 4290/958/875
f 4286/930/849 4285/927/846 4316/954/871 4317/955/872
f 4273/931/850 4272/928/847 4303/956/873 4304/957/874
f 4260/932/851 4259/929/848 4290/958/875 4291/959/876
f 4287/933/852 4286/930/849 4317/955/872 4318/960/1192
f 4274/934/853 4273/931/850 4304/957/874 4305/961/878
f 4261/935/854 4260/932/851 4291/959/876 4292/962/879
f 3945/963/60 4287/933/852 4318/960/1192
f 4275/937/855 4274/934/853 4305/961/878 4306/964/880
f 4262/938/856 4261/935/854 4292/962/879 4293/965/881
f 4276/939/857 4275/937/855 4306/964/880 4307/966/882
f 4263/940/858 4262/938/856 4293/965/881 4294/967/883
f 4277/941/859 4276/939/857 4307/966/882 4308/968/884
f 4264/942/860 4263/940/858 4294/967/883 4295/969/885
f 4278/943/861 4277/941/859 4308/968/884 4309/970/886
f 4265/944/862 4264/942/860 4295/969/885 4296/971/887
f 4279/945/863 4278/943/861 4309/970/886 4310/972/888
f 4266/946/864 4265/944/862 4296/971/887 4297/973/1193
f 4280/947/865 4279/945/863 4310/972/888 4311/974/890
f 4267/948/1191 4266/946/864 4297/973/1193 4298/975/891
f 4281/949/867 4280/947/865 4311/974/890 4312/976/892
f 4268/950/868 4267/948/1191 4298/975/891 4299/977/893
f 4282/951/869 4281/949/867 4312/976/892 4313/978/894
f 4269/952/870 4268/950/868 4299/977/893 4300/979/895
f 4283/921/840 4282/951/869 4313/978/894 4314/980/896
f 4270/923/842 4269/952/870 4300/979/895 4301/981/897
f 4257/925/844 3946/982/34 4288/983/898
f 4284/922/1190 4283/921/840 4314/980/896 4315/984/899
f 4271/924/843 4270/923/842 4301/981/897 4302/985/900
f 4258/926/845 4257/925/844 4288/983/898 4289/986/901
f 4285/927/846 4284/922/1190 4315/984/899 4316/954/871
f 4305/961/878 4304/957/874 4335/1018/931 4336/989/903
f 4292/962/879 4291/959/876 4322/1019/932 4323/991/905
f 3945/987/60 4318/960/1192 4349/988/902
f 4306/964/880 4305/961/878 4336/989/903 4337/990/904
f 4293/965/881 4292/962/879 4323/991/905 4324/992/906
f 4307/966/882 4306/964/880 4337/990/904 4338/993/907
f 4294/967/883 4293/965/881 4324/992/906 4325/994/908
f 4308/968/884 4307/966/882 4338/993/907 4339/995/909
f 4295/969/885 4294/967/883 4325/994/908 4326/996/910
f 4309/970/886 4308/968/884 4339/995/909 4340/997/911
f 4296/971/887 4295/969/885 4326/996/910 4327/998/912
f 4310/972/888 4309/970/886 4340/997/911 4341/999/913
f 4297/973/1193 4296/971/887 4327/998/912 4328/1000/1194
f 4311/974/890 4310/972/888 4341/999/913 4342/1001/915
f 4298/975/891 4297/973/1193 4328/1000/1194 4329/1002/1125
f 4312/976/892 4311/974/890 4342/1001/915 4343/1003/917
f 4299/977/893 4298/975/891 4329/1002/1125 4330/1004/918
f 4313/978/894 4312/976/892 4343/1003/917 4344/1005/919
f 4300/979/895 4299/977/893 4330/1004/918 4331/1006/920
f 4314/980/896 4313/978/894 4344/1005/919 4345/1007/921
f 4301/981/897 4300/979/895 4331/1006/920 4332/1008/922
f 4288/983/898 3946/1009/34 4319/1010/923
f 4315/984/899 4314/980/896 4345/1007/921 4346/1011/1195
f 4302/985/900 4301/981/897 4332/1008/922 4333/1012/925
f 4289/986/901 4288/983/898 4319/1010/923 4320/1013/926
f 4316/954/871 4315/984/899 4346/1011/1195 4347/1014/927
f 4303/956/873 4302/985/900 4333/1012/925 4334/1015/928
f 4290/958/875 4289/986/901 4320/1013/926 4321/1016/929
f 4317/955/872 4316/954/871 4347/1014/927 4348/1017/930
f 4304/957/874 4303/956/873 4334/1015/928 4335/1018/931
f 4291/959/876 4290/958/875 4321/1016/929 4322/1019/932
f 4318/960/1192 4317/955/872 4348/1017/930 4349/988/902
f 4338/993/907 4337/990/904 4368/1051/962 4369/1020/933
f 4325/994/908 4324/992/906 4355/1052/963 4356/1022/935
f 4339/995/909 4338/993/907 4369/1020/933 4370/1021/934
f 4326/996/910 4325/994/908 4356/1022/935 4357/1023/936
f 4340/997/911 4339/995/909 4370/1021/934 4371/1024/1196
f 4327/998/912 4326/996/910 4357/1023/936 4358/1025/938
f 4341/999/913 4340/997/911 4371/1024/1196 4372/1026/939
f 4328/1000/1194 4327/998/912 4358/1025/938 4359/1027/1197
f 4342/1001/915 4341/999/913 4372/1026/939 4373/1028/941
f 4329/1002/1125 4328/1000/1194 4359/1027/1197 4360/1029/942
f 4343/1003/917 4342/1001/915 4373/1028/941 4374/1030/943
f 4330/1004/918 4329/1002/1125 4360/1029/942 4361/1031/944
f 4344/1005/919 4343/1003/917 4374/1030/943 4375/1032/945
f 4331/1006/920 4330/1004/918 4361/1031/944 4362/1033/946
f 4345/1007/921 4344/1005/919 4375/1032/945 4376/1034/947
f 4332/1008/922 4331/1006/920 4362/1033/946 4363/1035/948
f 4319/1010/923 3946/1036/34 4350/1037/1198
f 4346/1011/1195 4345/1007/921 4376/1034/947 4377/1038/950
f 4333/1012/925 4332/1008/922 4363/1035/948 4364/1039/1199
f 4320/1013/926 4319/1010/923 4350/1037/1198 4351/1040/952
f 4347/1014/927 4346/1011/1195 4377/1038/950 4378/1041/953
f 4334/1015/928 4333/1012/925 4364/1039/1199 4365/1042/954
f 4321/1016/929 4320/1013/926 4351/1040/952 4352/1043/955
f 4348/1017/930 4347/1014/927 4378/1041/953 4379/1044/956
f 4335/1018/931 4334/1015/928 4365/1042/954 4366/1045/1200
f 4322/1019/932 4321/1016/929 4352/1043/955 4353/1046/1201
f 4349/988/902 4348/1017/930 4379/1044/956 4380/1047/1202
f 4336/989/903 4335/1018/931 4366/1045/1200 4367/1048/960
f 4323/991/905 4322/1019/932 4353/1046/1201 4354/1049/961
f 3945/1050/60 4349/988/902 4380/1047/1202
f 4337/990/904 4336/989/903 4367/1048/960 4368/1051/962
f 4324/992/906 4323/991/905 4354/1049/961 4355/1052/963
f 4371/1024/1196 4370/1021/934 4401/1084/993 4402/1053/964
f 4358/1025/938 4357/1023/936 4388/1085/994 4389/1055/966
f 4372/1026/939 4371/1024/1196 4402/1053/964 4403/1054/965
f 4359/1027/1197 4358/1025/938 4389/1055/966 4390/1056/1203
f 4373/1028/941 4372/1026/939 4403/1054/965 4404/1057/968
f 4360/1029/942 4359/1027/1197 4390/1056/1203 4391/1058/969
f 4374/1030/943 4373/1028/941 4404/1057/968 4405/1059/970
f 4361/1031/944 4360/1029/942 4391/1058/969 4392/1060/971
f 4375/1032/945 4374/1030/943 4405/1059/970 4406/1061/972
f 4362/1033/946 4361/1031/944 4392/1060/971 4393/1062/973
f 4376/1034/947 4375/1032/945 4406/1061/972 4407/1063/974
f 4363/1035/948 4362/1033/946 4393/1062/973 4394/1064/975
f 4350/1037/1198 3946/1065/34 4381/1066/976
f 4377/1038/950 4376/1034/947 4407/1063/974 4408/1067/977
f 4364/1039/1199 4363/1035/948 4394/1064/975 4395/1068/978
f 4351/1040/952 4350/1037/1198 4381/1066/976 4382/1069/979
f 4378/1041/953 4377/1038/950 4408/1067/977 4409/1070/980
f 4365/1042/954 4364/1039/1199 4395/1068/978 4396/1071/981
f 4352/1043/955 4351/1040/952 4382/1069/979 4383/1072/982
f 4379/1044/956 4378/1041/953 4409/1070/980 4410/1073/983
f 4366/1045/1200 4365/1042/954 4396/1071/981 4397/1074/984
f 4353/1046/1201 4352/1043/955 4383/1072/982 4384/1075/985
f 4380/1047/1202 4379/1044/956 4410/1073/983 4411/1076/986
f 4367/1048/960 4366/1045/1200 4397/1074/984 4398/1077/987
f 4354/1049/961 4353/1046/1201 4384/1075/985 4385/1078/988
f 3945/1079/60 4380/1047/1202 4411/1076/986
f 4368/1051/962 4367/1048/960 4398/1077/987 4399/1080/989
f 4355/1052/963 4354/1049/961 4385/1078/988 4386/1081/990
f 4369/1020/933 4368/1051/962 4399/1080/989 4400/1082/991
f 4356/1022/935 4355/1052/963 4386/1081/990 4387/1083/992
f 4370/1021/934 4369/1020/933 4400/1082/991 4401/1084/993
f 4357/1023/936 4356/1022/935 4387/1083/992 4388/1085/994
f 4404/1057/968 4403/1054/965 3443/13/13 4424/17/17
f 4391/1058/969 4390/1056/1203 4419/15/1150 4420/19/19
f 4405/1059/970 4404/1057/968 4424/17/17 3444/21/21
f 4392/1060/971 4391/1058/969 4420/19/19 3435/23/23
f 4406/1061/972 4405/1059/970 3444/21/21 3445/25/25
f 4393/1062/973 4392/1060/971 3435/23/23 3436/27/27
f 4407/1063/974 4406/1061/972 3445/25/25 3446/29/29
f 4394/1064/975 4393/1062/973 3436/27/27 3437/31/31
f 4381/1066/976 3946/1086/34 4412/33/33
f 4408/1067/977 4407/1063/974 3446/29/29 4425/36/36
f 4395/1068/978 4394/1064/975 3437/31/31 3438/38/38
f 4382/1069/979 4381/1066/976 4412/33/33 4413/40/40
f 4409/1070/980 4408/1067/977 4425/36/36 4426/42/42
f 4396/1071/981 4395/1068/978 3438/38/38 4421/44/44
f 4383/1072/982 4382/1069/979 4413/40/40 4414/46/46
f 4410/1073/983 4409/1070/980 4426/42/42 3447/48/48
f 4397/1074/984 4396/1071/981 4421/44/44 3439/50/50
f 4384/1075/985 4383/1072/982 4414/46/46 4415/52/52
f 4411/1076/986 4410/1073/983 3447/48/48 3448/54/1152
f 4398/1077/987 4397/1074/984 3439/50/50 3440/56/56
f 4385/1078/988 4384/1075/985 4415/52/52 4416/58/58
f 3945/1087/60 4411/1076/986 3448/54/1152
f 4399/1080/989 4398/1077/987 3440/56/56 4422/61/61
f 4386/1081/990 4385/1078/988 4416/58/58 4417/63/63
f 4400/1082/991 4399/1080/989 4422/61/61 4423/2/2
f 4387/1083/992 4386/1081/990 4417/63/63 3433/6/6
f 4401/1084/993 4400/1082/991 4423/2/2 3441/1/1
f 4388/1085/994 4387/1083/992 3433/6/6 4418/5/5
f 4402/1053/964 4401/1084/993 3441/1/1 3442/9/9
f 4389/1055/966 4388/1085/994 4418/5/5 3434/11/11
f 4403/1054/965 4402/1053/964 3442/9/9 3443/13/13
f 4390/1056/1203 4389/1055/966 3434/11/11 4419/15/1150
f 5417/2/2 5416/61/61 4461/62/62 4462/3/3
f 4427/6/6 5411/63/63 4448/64/64 4449/7/7
f 4435/1/1 5417/2/2 4462/3/3 4463/4/4
f 5412/5/5 4427/6/6 4449/7/7 4450/8/8
f 4436/9/9 4435/1/1 4463/4/4 4464/10/10
f 4428/11/11 5412/5/5 4450/8/8 4451/12/12
f 4437/13/13 4436/9/9 4464/10/10 4465/14/14
f 5413/15/15 4428/11/11 4451/12/12 4452/16/16
f 5418/17/17 4437/13/13 4465/14/14 4466/18/18
f 5414/19/19 5413/15/15 4452/16/16 4453/20/20
f 4438/21/21 5418/17/17 4466/18/18 4467/22/22
f 4429/23/23 5414/19/19 4453/20/20 4454/24/24
f 4439/25/25 4438/21/21 4467/22/22 4468/26/26
f 4430/27/27 4429/23/23 4454/24/24 4455/28/28
f 4440/29/29 4439/25/25 4468/26/26 4469/30/30
f 4431/31/31 4430/27/27 4455/28/28 4456/32/32
f 5406/33/1204 4940/34/34 4443/35/35
f 5419/36/36 4440/29/29 4469/30/30 4470/37/37
f 4432/38/38 4431/31/31 4456/32/32 4457/39/39
f 5407/40/40 5406/33/1204 4443/35/35 4444/41/41
f 5420/42/42 5419/36/36 4470/37/37 4471/43/43
f 5415/44/44 4432/38/38 4457/39/39 4458/45/45
f 5408/46/46 5407/40/40 4444/41/41 4445/47/47
f 4441/48/48 5420/42/42 4471/43/43 4472/49/49
f 4433/50/50 5415/44/44 4458/45/45 4459/51/51
f 5409/52/52 5408/46/46 4445/47/47 4446/53/53
f 4442/54/54 4441/48/48 4472/49/49 4473/55/55
f 4434/56/56 4433/50/50 4459/51/51 4460/57/57
f 5410/58/58 5409/52/52 4446/53/53 4447/59/59
f 4939/60/60 4442/54/54 4473/55/55
f 5416/61/61 4434/56/56 4460/57/57 4461/62/62
f 5411/63/63 5410/58/58 4447/59/59 4448/64/64
f 4457/39/39 4456/32/32 4487/96/95 4488/69/69
f 4444/41/41 4443/35/35 4474/65/65 4475/66/1205
f 4471/43/43 4470/37/37 4501/67/67 4502/68/68
f 4458/45/45 4457/39/39 4488/69/69 4489/70/70
f 4445/47/47 4444/41/41 4475/66/1205 4476/71/71
f 4472/49/49 4471/43/43 4502/68/68 4503/72/72
f 4459/51/51 4458/45/45 4489/70/70 4490/73/73
f 4446/53/53 4445/47/47 4476/71/71 4477/74/1206
f 4473/55/55 4472/49/49 4503/72/72 4504/75/75
f 4460/57/57 4459/51/51 4490/73/73 4491/76/76
f 4447/59/59 4446/53/53 4477/74/1206 4478/77/77
f 4939/78/60 4473/55/55 4504/75/75
f 4461/62/62 4460/57/57 4491/76/76 4492/79/78
f 4448/64/64 4447/59/59 4478/77/77 4479/80/79
f 4462/3/3 4461/62/62 4492/79/78 4493/81/80
f 4449/7/7 4448/64/64 4479/80/79 4480/82/81
f 4463/4/4 4462/3/3 4493/81/80 4494/83/82
f 4450/8/8 4449/7/7 4480/82/81 4481/84/83
f 4464/10/10 4463/4/4 4494/83/82 4495/85/1207
f 4451/12/12 4450/8/8 4481/84/83 4482/86/85
f 4465/14/14 4464/10/10 4495/85/1207 4496/87/86
f 4452/16/16 4451/12/12 4482/86/85 4483/88/1208
f 4466/18/18 4465/14/14 4496/87/86 4497/89/88
f 4453/20/20 4452/16/16 4483/88/1208 4484/90/89
f 4467/22/22 4466/18/18 4497/89/88 4498/91/90
f 4454/24/24 4453/20/20 4484/90/89 4485/92/91
f 4468/26/26 4467/22/22 4498/91/90 4499/93/92
f 4455/28/28 4454/24/24 4485/92/91 4486/94/93
f 4469/30/30 4468/26/26 4499/93/92 4500/95/94
f 4456/32/32 4455/28/28 4486/94/93 4487/96/95
f 4443/35/35 4940/97/34 4474/65/65
f 4470/37/37 4469/30/30 4500/95/94 4501/67/67
f 4490/73/73 4489/70/70 4520/130/126 4521/102/100
f 4477/74/1206 4476/71/71 4507/98/96 4508/99/97
f 4504/75/75 4503/72/72 4534/100/98 4535/101/99
f 4491/76/76 4490/73/73 4521/102/100 4522/103/101
f 4478/77/77 4477/74/1206 4508/99/97 4509/104/102
f 4939/105/60 4504/75/75 4535/101/99
f 4492/79/78 4491/76/76 4522/103/101 4523/106/103
f 4479/80/79 4478/77/77 4509/104/102 4510/107/104
f 4493/81/80 4492/79/78 4523/106/103 4524/108/105
f 4480/82/81 4479/80/79 4510/107/104 4511/109/106
f 4494/83/82 4493/81/80 4524/108/105 4525/110/107
f 4481/84/83 4480/82/81 4511/109/106 4512/111/108
f 4495/85/1207 4494/83/82 4525/110/107 4526/112/1209
f 4482/86/85 4481/84/83 4512/111/108 4513/113/110
f 4496/87/86 4495/85/1207 4526/112/1209 4527/114/111
f 4483/88/1208 4482/86/85 4513/113/110 4514/115/112
f 4497/89/88 4496/87/86 4527/114/111 4528/116/113
f 4484/90/89 4483/88/1208 4514/115/112 4515/117/1210
f 4498/91/90 4497/89/88 4528/116/113 4529/118/1211
f 4485/92/91 4484/90/89 4515/117/1210 4516/119/116
f 4499/93/92 4498/91/90 4529/118/1211 4530/120/117
f 4486/94/93 4485/92/91 4516/119/116 4517/121/118
f 4500/95/94 4499/93/92 4530/120/117 4531/122/119
f 4487/96/95 4486/94/93 4517/121/118 4518/123/120
f 4474/65/65 4940/124/34 4505/125/121
f 4501/67/67 4500/95/94 4531/122/119 4532/126/122
f 4488/69/69 4487/96/95 4518/123/120 4519/127/123
f 4475/66/1205 4474/65/65 4505/125/121 4506/128/1212
f 4502/68/68 4501/67/67 4532/126/122 4533/129/125
f 4489/70/70 4488/69/69 4519/127/123 4520/130/126
f 4476/71/71 4475/66/1205 4506/128/1212 4507/98/96
f 4503/72/72 4502/68/68 4533/129/125 4534/100/98
f 4523/106/103 4522/103/101 4553/162/157 4554/133/129
f 4510/107/104 4509/104/102 4540/131/127 4541/132/128
f 4524/108/105 4523/106/103 4554/133/129 4555/134/130
f 4511/109/106 4510/107/104 4541/132/128 4542/135/131
f 4525/110/107 4524/108/105 4555/134/130 4556/136/132
f 4512/111/108 4511/109/106 4542/135/131 4543/137/133
f 4526/112/1209 4525/110/107 4556/136/132 4557/138/134
f 4513/113/110 4512/111/108 4543/137/133 4544/139/135
f 4527/114/111 4526/112/1209 4557/138/134 4558/140/136
f 4514/115/112 4513/113/110 4544/139/135 4545/141/137
f 4528/116/113 4527/114/111 4558/140/136 4559/142/138
f 4515/117/1210 4514/115/112 4545/141/137 4546/143/139
f 4529/118/1211 4528/116/113 4559/142/138 4560/144/140
f 4516/119/116 4515/117/1210 4546/143/139 4547/145/141
f 4530/120/117 4529/118/1211 4560/144/140 4561/146/142
f 4517/121/118 4516/119/116 4547/145/141 4548/147/143
f 4531/122/119 4530/120/117 4561/146/142 4562/148/144
f 4518/123/120 4517/121/118 4548/147/143 4549/149/145
f 4505/125/121 4940/150/34 4536/151/146
f 4532/126/122 4531/122/119 4562/148/144 4563/152/147
f 4519/127/123 4518/123/120 4549/149/145 4550/153/148
f 4506/128/1212 4505/125/121 4536/151/146 4537/154/149
f 4533/129/125 4532/126/122 4563/152/147 4564/155/1213
f 4520/130/126 4519/127/123 4550/153/148 4551/156/151
f 4507/98/96 4506/128/1212 4537/154/149 4538/157/152
f 4534/100/98 4533/129/125 4564/155/1213 4565/158/153
f 4521/102/100 4520/130/126 4551/156/151 4552/159/154
f 4508/99/97 4507/98/96 4538/157/152 4539/160/155
f 4535/101/99 4534/100/98 4565/158/153 4566/161/156
f 4522/103/101 4521/102/100 4552/159/154 4553/162/157
f 4509/104/102 4508/99/97 4539/160/155 4540/131/127
f 4939/163/60 4535/101/99 4566/161/156
f 4556/136/132 4555/134/130 4586/196/188 4587/166/160
f 4543/137/133 4542/135/131 4573/164/158 4574/165/159
f 4557/138/134 4556/136/132 4587/166/160 4588/167/161
f 4544/139/135 4543/137/133 4574/165/159 4575/168/162
f 4558/140/136 4557/138/134 4588/167/161 4589/169/163
f 4545/141/137 4544/139/135 4575/168/162 4576/170/164
f 4559/142/138 4558/140/136 4589/169/163 4590/171/165
f 4546/143/139 4545/141/137 4576/170/164 4577/172/166
f 4560/144/140 4559/142/138 4590/171/165 4591/173/167
f 4547/145/141 4546/143/139 4577/172/166 4578/174/168
f 4561/146/142 4560/144/140 4591/173/167 4592/175/169
f 4548/147/143 4547/145/141 4578/174/168 4579/176/170
f 4562/148/144 4561/146/142 4592/175/169 4593/177/171
f 4549/149/145 4548/147/143 4579/176/170 4580/178/172
f 4536/151/146 4940/179/34 4567/180/173
f 4563/152/147 4562/148/144 4593/177/171 4594/181/174
f 4550/153/148 4549/149/145 4580/178/172 4581/182/175
f 4537/154/149 4536/151/146 4567/180/173 4568/183/1214
f 4564/155/1213 4563/152/147 4594/181/174 4595/184/177
f 4551/156/151 4550/153/148 4581/182/175 4582/185/178
f 4538/157/152 4537/154/149 4568/183/1214 4569/186/179
f 4565/158/153 4564/155/1213 4595/184/177 4596/187/180
f 4552/159/154 4551/156/151 4582/185/178 4583/188/181
f 4539/160/155 4538/157/152 4569/186/179 4570/189/182
f 4566/161/156 4565/158/153 4596/187/180 4597/190/183
f 4553/162/157 4552/159/154 4583/188/181 4584/191/184
f 4540/131/127 4539/160/155 4570/189/182 4571/192/185
f 4939/193/60 4566/161/156 4597/190/183
f 4554/133/129 4553/162/157 4584/191/184 4585/194/186
f 4541/132/128 4540/131/127 4571/192/185 4572/195/187
f 4555/134/130 4554/133/129 4585/194/186 4586/196/188
f 4542/135/131 4541/132/128 4572/195/187 4573/164/158
f 4589/169/163 4588/167/161 4619/229/1215 4620/199/191
f 4576/170/164 4575/168/162 4606/197/189 4607/198/190
f 4590/171/165 4589/169/163 4620/199/191 4621/200/192
f 4577/172/166 4576/170/164 4607/198/190 4608/201/193
f 4591/173/167 4590/171/165 4621/200/192 4622/202/194
f 4578/174/168 4577/172/166 4608/201/193 4609/203/195
f 4592/175/169 4591/173/167 4622/202/194 4623/204/196
f 4579/176/170 4578/174/168 4609/203/195 4610/205/197
f 4593/177/171 4592/175/169 4623/204/196 4624/206/198
f 4580/178/172 4579/176/170 4610/205/197 4611/207/199
f 4567/180/173 4940/208/34 4598/209/200
f 4594/181/174 4593/177/171 4624/206/198 4625/210/201
f 4581/182/175 4580/178/172 4611/207/199 4612/211/202
f 4568/183/1214 4567/180/173 4598/209/200 4599/212/1216
f 4595/184/177 4594/181/174 4625/210/201 4626/213/204
f 4582/185/178 4581/182/175 4612/211/202 4613/214/205
f 4569/186/179 4568/183/1214 4599/212/1216 4600/215/206
f 4596/187/180 4595/184/177 4626/213/204 4627/216/207
f 4583/188/181 4582/185/178 4613/214/205 4614/217/208
f 4570/189/182 4569/186/179 4600/215/206 4601/218/209
f 4597/190/183 4596/187/180 4627/216/207 4628/219/210
f 4584/191/184 4583/188/181 4614/217/208 4615/220/211
f 4571/192/185 4570/189/182 4601/218/209 4602/221/212
f 4939/222/60 4597/190/183 4628/219/210
f 4585/194/186 4584/191/184 4615/220/211 4616/223/213
f 4572/195/187 4571/192/185 4602/221/212 4603/224/214
f 4586/196/188 4585/194/186 4616/223/213 4617/225/215
f 4573/164/158 4572/195/187 4603/224/214 4604/226/216
f 4587/166/160 4586/196/188 4617/225/215 4618/227/217
f 4574/165/159 4573/164/158 4604/226/216 4605/228/218
f 4588/167/161 4587/166/160 4618/227/217 4619/229/1215
f 4575/168/162 4574/165/159 4605/228/218 4606/197/189
f 4622/202/194 4621/200/192 4652/262/250 4653/232/222
f 4609/203/195 4608/201/193 4639/230/220 4640/231/221
f 4623/204/196 4622/202/194 4653/232/222 4654/233/223
f 4610/205/197 4609/203/195 4640/231/221 4641/234/224
f 4624/206/198 4623/204/196 4654/233/223 4655/235/225
f 4611/207/199 4610/205/197 4641/234/224 4642/236/226
f 4598/209/200 4940/237/34 4629/238/227
f 4625/210/201 4624/206/198 4655/235/225 4656/239/228
f 4612/211/202 4611/207/199 4642/236/226 4643/240/229
f 4599/212/1216 4598/209/200 4629/238/227 4630/241/230
f 4626/213/204 4625/210/201 4656/239/228 4657/242/231
f 4613/214/205 4612/211/202 4643/240/229 4644/243/232
f 4600/215/206 4599/212/1216 4630/241/230 4631/244/233
f 4627/216/207 4626/213/204 4657/242/231 4658/245/234
f 4614/217/208 4613/214/205 4644/243/232 4645/246/235
f 4601/218/209 4600/215/206 4631/244/233 4632/247/236
f 4628/219/210 4627/216/207 4658/245/234 4659/248/237
f 4615/220/211 4614/217/208 4645/246/235 4646/249/238
f 4602/221/212 4601/218/209 4632/247/236 4633/250/239
f 4939/251/60 4628/219/210 4659/248/237
f 4616/223/213 4615/220/211 4646/249/238 4647/252/240
f 4603/224/214 4602/221/212 4633/250/239 4634/253/241
f 4617/225/215 4616/223/213 4647/252/240 4648/254/242
f 4604/226/216 4603/224/214 4634/253/241 4635/255/243
f 4618/227/217 4617/225/215 4648/254/242 4649/256/244
f 4605/228/218 4604/226/216 4635/255/243 4636/257/245
f 4619/229/1215 4618/227/217 4649/256/244 4650/258/246
f 4606/197/189 4605/228/218 4636/257/245 4637/259/247
f 4620/199/191 4619/229/1215 4650/258/246 4651/260/248
f 4607/198/190 4606/197/189 4637/259/247 4638/261/249
f 4621/200/192 4620/199/191 4651/260/248 4652/262/250
f 4608/201/193 4607/198/190 4638/261/249 4639/230/220
f 4655/235/225 4654/233/223 4685/295/281 4686/267/254
f 4642/236/226 4641/234/224 4672/263/251 4673/264/252
f 4629/238/227 4940/265/34 4660/266/1217
f 4656/239/228 4655/235/225 4686/267/254 4687/268/255
f 4643/240/229 4642/236/226 4673/264/252 4674/269/256
f 4630/241/230 4629/238/227 4660/266/1217 4661/270/257
f 4657/242/231 4656/239/228 4687/268/255 4688/271/258
f 4644/243/232 4643/240/229 4674/269/256 4675/272/259
f 4631/244/233 4630/241/230 4661/270/257 4662/273/260
f 4658/245/234 4657/242/231 4688/271/258 4689/274/261
f 4645/246/235 4644/243/232 4675/272/259 4676/275/262
f 4632/247/236 4631/244/233 4662/273/260 4663/276/263
f 4659/248/237 4658/245/234 4689/274/261 4690/277/264
f 4646/249/238 4645/246/235 4676/275/262 4677/278/265
f 4633/250/239 4632/247/236 4663/276/263 4664/279/266
f 4939/280/60 4659/248/237 4690/277/264
f 4647/252/240 4646/249/238 4677/278/265 4678/281/267
f 4634/253/241 4633/250/239 4664/279/266 4665/282/268
f 4648/254/242 4647/252/240 4678/281/267 4679/283/269
f 4635/255/243 4634/253/241 4665/282/268 4666/284/270
f 4649/256/244 4648/254/242 4679/283/269 4680/285/271
f 4636/257/245 4635/255/243 4666/284/270 4667/286/272
f 4650/258/246 4649/256/244 4680/285/271 4681/287/273
f 4637/259/247 4636/257/245 4667/286/272 4668/288/274
f 4651/260/248 4650/258/246 4681/287/273 4682/289/275
f 4638/261/249 4637/259/247 4668/288/274 4669/290/276
f 4652/262/250 4651/260/248 4682/289/275 4683/291/277
f 4639/230/220 4638/261/249 4669/290/276 4670/292/278
f 4653/232/222 4652/262/250 4683/291/277 4684/293/279
f 4640/231/221 4639/230/220 4670/292/278 4671/294/280
f 4654/233/223 4653/232/222 4684/293/279 4685/295/281
f 4641/234/224 4640/231/221 4671/294/280 4672/263/251
f 4661/270/257 4660/266/1217 4691/327/311 4692/298/284
f 4688/271/258 4687/268/255 4718/328/312 4719/300/286
f 4675/272/259 4674/269/256 4705/296/282 4706/297/283
f 4662/273/260 4661/270/257 4692/298/284 4693/299/285
f 4689/274/261 4688/271/258 4719/300/286 4720/301/287
f 4676/275/262 4675/272/259 4706/297/283 4707/302/288
f 4663/276/263 4662/273/260 4693/299/285 4694/303/289
f 4690/277/264 4689/274/261 4720/301/287 4721/304/290
f 4677/278/265 4676/275/262 4707/302/288 4708/305/291
f 4664/279/266 4663/276/263 4694/303/289 4695/306/292
f 4939/307/60 4690/277/264 4721/304/290
f 4678/281/267 4677/278/265 4708/305/291 4709/308/293
f 4665/282/268 4664/279/266 4695/306/292 4696/309/294
f 4679/283/269 4678/281/267 4709/308/293 4710/310/295
f 4666/284/270 4665/282/268 4696/309/294 4697/311/296
f 4680/285/271 4679/283/269 4710/310/295 4711/312/297
f 4667/286/272 4666/284/270 4697/311/296 4698/313/298
f 4681/287/273 4680/285/271 4711/312/297 4712/314/299
f 4668/288/274 4667/286/272 4698/313/298 4699/315/300
f 4682/289/275 4681/287/273 4712/314/299 4713/316/301
f 4669/290/276 4668/288/274 4699/315/300 4700/317/302
f 4683/291/277 4682/289/275 4713/316/301 4714/318/303
f 4670/292/278 4669/290/276 4700/317/302 4701/319/304
f 4684/293/279 4683/291/277 4714/318/303 4715/320/305
f 4671/294/280 4670/292/278 4701/319/304 4702/321/306
f 4685/295/281 4684/293/279 4715/320/305 4716/322/307
f 4672/263/251 4671/294/280 4702/321/306 4703/323/308
f 4686/267/254 4685/295/281 4716/322/307 4717/324/309
f 4673/264/252 4672/263/251 4703/323/308 4704/325/310
f 4660/266/1217 4940/326/34 4691/327/311
f 4687/268/255 4686/267/254 4717/324/309 4718/328/312
f 4674/269/256 4673/264/252 4704/325/310 4705/296/282
f 4694/303/289 4693/299/285 4724/360/342 4725/331/315
f 4721/304/290 4720/301/287 4751/361/343 4752/334/317
f 4708/305/291 4707/302/288 4738/329/313 4739/330/314
f 4695/306/292 4694/303/289 4725/331/315 4726/332/316
f 4939/333/60 4721/304/290 4752/334/317
f 4709/308/293 4708/305/291 4739/330/314 4740/335/318
f 4696/309/294 4695/306/292 4726/332/316 4727/336/319
f 4710/310/295 4709/308/293 4740/335/318 4741/337/320
f 4697/311/296 4696/309/294 4727/336/319 4728/338/321
f 4711/312/297 4710/310/295 4741/337/320 4742/339/322
f 4698/313/298 4697/311/296 4728/338/321 4729/340/323
f 4712/314/299 4711/312/297 4742/339/322 4743/341/1218
f 4699/315/300 4698/313/298 4729/340/323 4730/342/325
f 4713/316/301 4712/314/299 4743/341/1218 4744/343/326
f 4700/317/302 4699/315/300 4730/342/325 4731/344/327
f 4714/318/303 4713/316/301 4744/343/326 4745/345/328
f 4701/319/304 4700/317/302 4731/344/327 4732/346/329
f 4715/320/305 4714/318/303 4745/345/328 4746/347/330
f 4702/321/306 4701/319/304 4732/346/329 4733/348/331
f 4716/322/307 4715/320/305 4746/347/330 4747/349/332
f 4703/323/308 4702/321/306 4733/348/331 4734/350/333
f 4717/324/309 4716/322/307 4747/349/332 4748/351/334
f 4704/325/310 4703/323/308 4734/350/333 4735/352/335
f 4691/327/311 4940/353/34 4722/354/1219
f 4718/328/312 4717/324/309 4748/351/334 4749/355/337
f 4705/296/282 4704/325/310 4735/352/335 4736/356/338
f 4692/298/284 4691/327/311 4722/354/1219 4723/357/1220
f 4719/300/286 4718/328/312 4749/355/337 4750/358/340
f 4706/297/283 4705/296/282 4736/356/338 4737/359/341
f 4693/299/285 4692/298/284 4723/357/1220 4724/360/342
f 4720/301/287 4719/300/286 4750/358/340 4751/361/343
f 4707/302/288 4706/297/283 4737/359/341 4738/329/313
f 4727/336/319 4726/332/316 4757/393/374 4758/364/346
f 4741/337/320 4740/335/318 4771/362/344 4772/363/345
f 4728/338/321 4727/336/319 4758/364/346 4759/365/347
f 4742/339/322 4741/337/320 4772/363/345 4773/366/348
f 4729/340/323 4728/338/321 4759/365/347 4760/367/349
f 4743/341/1218 4742/339/322 4773/366/348 4774/368/350
f 4730/342/325 4729/340/323 4760/367/349 4761/369/351
f 4744/343/326 4743/341/1218 4774/368/350 4775/370/352
f 4731/344/327 4730/342/325 4761/369/351 4762/371/353
f 4745/345/328 4744/343/326 4775/370/352 4776/372/354
f 4732/346/329 4731/344/327 4762/371/353 4763/373/355
f 4746/347/330 4745/345/328 4776/372/354 4777/374/356
f 4733/348/331 4732/346/329 4763/373/355 4764/375/357
f 4747/349/332 4746/347/330 4777/374/356 4778/376/358
f 4734/350/333 4733/348/331 4764/375/357 4765/377/359
f 4748/351/334 4747/349/332 4778/376/358 4779/378/360
f 4735/352/335 4734/350/333 4765/377/359 4766/379/361
f 4722/354/1219 4940/380/34 4753/381/362
f 4749/355/337 4748/351/334 4779/378/360 4780/382/363
f 4736/356/338 4735/352/335 4766/379/361 4767/383/364
f 4723/357/1220 4722/354/1219 4753/381/362 4754/384/1221
f 4750/358/340 4749/355/337 4780/382/363 4781/385/366
f 4737/359/341 4736/356/338 4767/383/364 4768/386/367
f 4724/360/342 4723/357/1220 4754/384/1221 4755/387/368
f 4751/361/343 4750/358/340 4781/385/366 4782/388/369
f 4738/329/313 4737/359/341 4768/386/367 4769/389/370
f 4725/331/315 4724/360/342 4755/387/368 4756/390/371
f 4752/334/317 4751/361/343 4782/388/369 4783/391/372
f 4739/330/314 4738/329/313 4769/389/370 4770/392/373
f 4726/332/316 4725/331/315 4756/390/371 4757/393/374
f 4939/394/60 4752/334/317 4783/391/372
f 4740/335/318 4739/330/314 4770/392/373 4771/362/344
f 4760/367/349 4759/365/347 4790/427/405 4791/397/377
f 4774/368/350 4773/366/348 4804/395/375 4805/396/376
f 4761/369/351 4760/367/349 4791/397/377 4792/398/378
f 4775/370/352 4774/368/350 4805/396/376 4806/399/379
f 4762/371/353 4761/369/351 4792/398/378 4793/400/380
f 4776/372/354 4775/370/352 4806/399/379 4807/401/381
f 4763/373/355 4762/371/353 4793/400/380 4794/402/382
f 4777/374/356 4776/372/354 4807/401/381 4808/403/383
f 4764/375/357 4763/373/355 4794/402/382 4795/404/384
f 4778/376/358 4777/374/356 4808/403/383 4809/405/385
f 4765/377/359 4764/375/357 4795/404/384 4796/406/386
f 4779/378/360 4778/376/358 4809/405/385 4810/407/387
f 4766/379/361 4765/377/359 4796/406/386 4797/408/388
f 4753/381/362 4940/409/34 4784/410/1222
f 4780/382/363 4779/378/360 4810/407/387 4811/411/1223
f 4767/383/364 4766/379/361 4797/408/388 4798/412/391
f 4754/384/1221 4753/381/362 4784/410/1222 4785/413/392
f 4781/385/366 4780/382/363 4811/411/1223 4812/414/393
f 4768/386/367 4767/383/364 4798/412/391 4799/415/394
f 4755/387/368 4754/384/1221 4785/413/392 4786/416/395
f 4782/388/369 4781/385/366 4812/414/393 4813/417/396
f 4769/389/370 4768/386/367 4799/415/394 4800/418/397
f 4756/390/371 4755/387/368 4786/416/395 4787/419/398
f 4783/391/372 4782/388/369 4813/417/396 4814/420/399
f 4770/392/373 4769/389/370 4800/418/397 4801/421/400
f 4757/393/374 4756/390/371 4787/419/398 4788/422/401
f 4939/423/60 4783/391/372 4814/420/399
f 4771/362/344 4770/392/373 4801/421/400 4802/424/402
f 4758/364/346 4757/393/374 4788/422/401 4789/425/403
f 4772/363/345 4771/362/344 4802/424/402 4803/426/404
f 4759/365/347 4758/364/346 4789/425/403 4790/427/405
f 4773/366/348 4772/363/345 4803/426/404 4804/395/375
f 4793/400/380 4792/398/378 4823/460/436 4824/430/408
f 4807/401/381 4806/399/379 4837/428/406 4838/429/407
f 4794/402/382 4793/400/380 4824/430/408 4825/431/1224
f 4808/403/383 4807/401/381 4838/429/407 4839/432/410
f 4795/404/384 4794/402/382 4825/431/1224 4826/433/411
f 4809/405/385 4808/403/383 4839/432/410 4840/434/412
f 4796/406/386 4795/404/384 4826/433/411 4827/435/413
f 4810/407/387 4809/405/385 4840/434/412 4841/436/414
f 4797/408/388 4796/406/386 4827/435/413 4828/437/415
f 4784/410/1222 4940/438/34 4815/439/416
f 4811/411/1223 4810/407/387 4841/436/414 4842/440/417
f 4798/412/391 4797/408/388 4828/437/415 4829/441/418
f 4785/413/392 4784/410/1222 4815/439/416 4816/442/1225
f 4812/414/393 4811/411/1223 4842/440/417 4843/443/420
f 4799/415/394 4798/412/391 4829/441/418 4830/444/421
f 4786/416/395 4785/413/392 4816/442/1225 4817/445/422
f 4813/417/396 4812/414/393 4843/443/420 4844/446/423
f 4800/418/397 4799/415/394 4830/444/421 4831/447/424
f 4787/419/398 4786/416/395 4817/445/422 4818/448/425
f 4814/420/399 4813/417/396 4844/446/423 4845/449/426
f 4801/421/400 4800/418/397 4831/447/424 4832/450/427
f 4788/422/401 4787/419/398 4818/448/425 4819/451/428
f 4939/452/60 4814/420/399 4845/449/426
f 4802/424/402 4801/421/400 4832/450/427 4833/453/429
f 4789/425/403 4788/422/401 4819/451/428 4820/454/430
f 4803/426/404 4802/424/402 4833/453/429 4834/455/431
f 4790/427/405 4789/425/403 4820/454/430 4821/456/432
f 4804/395/375 4803/426/404 4834/455/431 4835/457/433
f 4791/397/377 4790/427/405 4821/456/432 4822/458/434
f 4805/396/376 4804/395/375 4835/457/433 4836/459/435
f 4792/398/378 4791/397/377 4822/458/434 4823/460/436
f 4806/399/379 4805/396/376 4836/459/435 4837/428/406
f 4826/433/411 4825/431/1224 4856/493/467 4857/463/439
f 4840/434/412 4839/432/410 4870/461/437 4871/462/438
f 4827/435/413 4826/433/411 4857/463/439 4858/464/440
f 4841/436/414 4840/434/412 4871/462/438 4872/465/441
f 4828/437/415 4827/435/413 4858/464/440 4859/466/442
f 4815/439/416 4940/467/34 4846/468/443
f 4842/440/417 4841/436/414 4872/465/441 4873/469/444
f 4829/441/418 4828/437/415 4859/466/442 4860/470/1173
f 4816/442/1225 4815/439/416 4846/468/443 4847/471/1226
f 4843/443/420 4842/440/417 4873/469/444 4874/472/447
f 4830/444/421 4829/441/418 4860/470/1173 4861/473/448
f 4817/445/422 4816/442/1225 4847/471/1226 4848/474/449
f 4844/446/423 4843/443/420 4874/472/447 4875/475/450
f 4831/447/424 4830/444/421 4861/473/448 4862/476/1174
f 4818/448/425 4817/445/422 4848/474/449 4849/477/452
f 4845/449/426 4844/446/423 4875/475/450 4876/478/453
f 4832/450/427 4831/447/424 4862/476/1174 4863/479/454
f 4819/451/428 4818/448/425 4849/477/452 4850/480/455
f 4939/481/60 4845/449/426 4876/478/453
f 4833/453/429 4832/450/427 4863/479/454 4864/482/456
f 4820/454/430 4819/451/428 4850/480/455 4851/483/457
f 4834/455/431 4833/453/429 4864/482/456 4865/484/458
f 4821/456/432 4820/454/430 4851/483/457 4852/485/459
f 4835/457/433 4834/455/431 4865/484/458 4866/486/460
f 4822/458/434 4821/456/432 4852/485/459 4853/487/461
f 4836/459/435 4835/457/433 4866/486/460 4867/488/462
f 4823/460/436 4822/458/434 4853/487/461 4854/489/463
f 4837/428/406 4836/459/435 4867/488/462 4868/490/464
f 4824/430/408 4823/460/436 4854/489/463 4855/491/465
f 4838/429/407 4837/428/406 4868/490/464 4869/492/466
f 4825/431/1224 4824/430/408 4855/491/465 4856/493/467
f 4839/432/410 4838/429/407 4869/492/466 4870/461/437
f 4859/466/442 4858/464/440 4889/525/498 4890/496/470
f 4846/468/443 4940/526/34 4877/498/472
f 4873/469/444 4872/465/441 4903/494/468 4904/495/469
f 4860/470/1173 4859/466/442 4890/496/470 4891/497/471
f 4847/471/1226 4846/468/443 4877/498/472 4878/499/473
f 4874/472/447 4873/469/444 4904/495/469 4905/500/474
f 4861/473/448 4860/470/1173 4891/497/471 4892/501/475
f 4848/474/449 4847/471/1226 4878/499/473 4879/502/476
f 4875/475/450 4874/472/447 4905/500/474 4906/503/477
f 4862/476/1174 4861/473/448 4892/501/475 4893/504/478
f 4849/477/452 4848/474/449 4879/502/476 4880/505/479
f 4876/478/453 4875/475/450 4906/503/477 4907/506/480
f 4863/479/454 4862/476/1174 4893/504/478 4894/507/481
f 4850/480/455 4849/477/452 4880/505/479 4881/508/482
f 4939/509/60 4876/478/453 4907/506/480
f 4864/482/456 4863/479/454 4894/507/481 4895/510/483
f 4851/483/457 4850/480/455 4881/508/482 4882/511/484
f 4865/484/458 4864/482/456 4895/510/483 4896/512/485
f 4852/485/459 4851/483/457 4882/511/484 4883/513/486
f 4866/486/460 4865/484/458 4896/512/485 4897/514/487
f 4853/487/461 4852/485/459 4883/513/486 4884/515/488
f 4867/488/462 4866/486/460 4897/514/487 4898/516/489
f 4854/489/463 4853/487/461 4884/515/488 4885/517/490
f 4868/490/464 4867/488/462 4898/516/489 4899/518/491
f 4855/491/465 4854/489/463 4885/517/490 4886/519/492
f 4869/492/466 4868/490/464 4899/518/491 4900/520/493
f 4856/493/467 4855/491/465 4886/519/492 4887/521/494
f 4870/461/437 4869/492/466 4900/520/493 4901/522/495
f 4857/463/439 4856/493/467 4887/521/494 4888/523/496
f 4871/462/438 4870/461/437 4901/522/495 4902/524/497
f 4858/464/440 4857/463/439 4888/523/496 4889/525/498
f 4872/465/441 4871/462/438 4902/524/497 4903/494/468
f 4892/501/475 4891/497/471 4922/558/528 4923/529/501
f 4879/502/476 4878/499/473 4909/559/529 4910/531/503
f 4906/503/477 4905/500/474 4936/527/499 4937/528/500
f 4893/504/478 4892/501/475 4923/529/501 4924/530/502
f 4880/505/479 4879/502/476 4910/531/503 4911/532/504
f 4907/506/480 4906/503/477 4937/528/500 4938/533/505
f 4894/507/481 4893/504/478 4924/530/502 4925/534/506
f 4881/508/482 4880/505/479 4911/532/504 4912/535/507
f 4939/536/60 4907/506/480 4938/533/505
f 4895/510/483 4894/507/481 4925/534/506 4926/537/508
f 4882/511/484 4881/508/482 4912/535/507 4913/538/509
f 4896/512/485 4895/510/483 4926/537/508 4927/539/510
f 4883/513/486 4882/511/484 4913/538/509 4914/540/511
f 4897/514/487 4896/512/485 4927/539/510 4928/541/512
f 4884/515/488 4883/513/486 4914/540/511 4915/542/513
f 4898/516/489 4897/514/487 4928/541/512 4929/543/514
f 4885/517/490 4884/515/488 4915/542/513 4916/544/515
f 4899/518/491 4898/516/489 4929/543/514 4930/545/516
f 4886/519/492 4885/517/490 4916/544/515 4917/546/517
f 4900/520/493 4899/518/491 4930/545/516 4931/547/518
f 4887/521/494 4886/519/492 4917/546/517 4918/548/519
f 4901/522/495 4900/520/493 4931/547/518 4932/549/520
f 4888/523/496 4887/521/494 4918/548/519 4919/550/521
f 4902/524/497 4901/522/495 4932/549/520 4933/551/522
f 4889/525/498 4888/523/496 4919/550/521 4920/552/523
f 4903/494/468 4902/524/497 4933/551/522 4934/553/524
f 4890/496/470 4889/525/498 4920/552/523 4921/554/525
f 4877/498/472 4940/555/34 4908/556/526
f 4904/495/469 4903/494/468 4934/553/524 4935/557/527
f 4891/497/471 4890/496/470 4921/554/525 4922/558/528
f 4878/499/473 4877/498/472 4908/556/526 4909/559/529
f 4905/500/474 4904/495/469 4935/557/527 4936/527/499
f 4925/534/506 4924/530/502 4957/591/559 4958/562/531
f 4912/535/507 4911/532/504 4944/592/560 4945/564/533
f 4939/560/60 4938/533/505 4971/561/530
f 4926/537/508 4925/534/506 4958/562/531 4959/563/532
f 4913/538/509 4912/535/507 4945/564/533 4946/565/534
f 4927/539/510 4926/537/508 4959/563/532 4960/566/535
f 4914/540/511 4913/538/509 4946/565/534 4947/567/536
f 4928/541/512 4927/539/510 4960/566/535 4961/568/537
f 4915/542/513 4914/540/511 4947/567/536 4948/569/1227
f 4929/543/514 4928/541/512 4961/568/537 4962/570/539
f 4916/544/515 4915/542/513 4948/569/1227 4949/571/540
f 4930/545/516 4929/543/514 4962/570/539 4963/572/541
f 4917/546/517 4916/544/515 4949/571/540 4950/573/542
f 4931/547/518 4930/545/516 4963/572/541 4964/574/543
f 4918/548/519 4917/546/517 4950/573/542 4951/575/544
f 4932/549/520 4931/547/518 4964/574/543 4965/576/545
f 4919/550/521 4918/548/519 4951/575/544 4952/577/546
f 4933/551/522 4932/549/520 4965/576/545 4966/578/547
f 4920/552/523 4919/550/521 4952/577/546 4953/579/548
f 4934/553/524 4933/551/522 4966/578/547 4967/580/549
f 4921/554/525 4920/552/523 4953/579/548 4954/581/550
f 4908/556/526 4940/582/34 4941/583/551
f 4935/557/527 4934/553/524 4967/580/549 4968/584/552
f 4922/558/528 4921/554/525 4954/581/550 4955/585/553
f 4909/559/529 4908/556/526 4941/583/551 4942/586/554
f 4936/527/499 4935/557/527 4968/584/552 4969/587/555
f 4923/529/501 4922/558/528 4955/585/553 4956/588/556
f 4910/531/503 4909/559/529 4942/586/554 4943/589/557
f 4937/528/500 4936/527/499 4969/587/555 4970/590/558
f 4924/530/502 4923/529/501 4956/588/556 4957/591/559
f 4911/532/504 4910/531/503 4943/589/557 4944/592/560
f 4938/533/505 4937/528/500 4970/590/558 4971/561/530
f 4960/566/535 4959/563/532 4990/624/590 4991/593/561
f 4947/567/536 4946/565/534 4977/625/591 4978/595/563
f 4961/568/537 4960/566/535 4991/593/561 4992/594/562
f 4948/569/1227 4947/567/536 4978/595/563 4979/596/564
f 4962/570/539 4961/568/537 4992/594/562 4993/597/565
f 4949/571/540 4948/569/1227 4979/596/564 4980/598/566
f 4963/572/541 4962/570/539 4993/597/565 4994/599/567
f 4950/573/542 4949/571/540 4980/598/566 4981/600/568
f 4964/574/543 4963/572/541 4994/599/567 4995/601/569
f 4951/575/544 4950/573/542 4981/600/568 4982/602/570
f 4965/576/545 4964/574/543 4995/601/569 4996/603/571
f 4952/577/546 4951/575/544 4982/602/570 4983/604/572
f 4966/578/547 4965/576/545 4996/603/571 4997/605/573
f 4953/579/548 4952/577/546 4983/604/572 4984/606/574
f 4967/580/549 4966/578/547 4997/605/573 4998/607/575
f 4954/581/550 4953/579/548 4984/606/574 4985/608/576
f 4941/583/551 4940/609/34 4972/610/577
f 4968/584/552 4967/580/549 4998/607/575 4999/611/578
f 4955/585/553 4954/581/550 4985/608/576 4986/612/579
f 4942/586/554 4941/583/551 4972/610/577 4973/613/1228
f 4969/587/555 4968/584/552 4999/611/578 5000/614/581
f 4956/588/556 4955/585/553 4986/612/579 4987/615/582
f 4943/589/557 4942/586/554 4973/613/1228 4974/616/583
f 4970/590/558 4969/587/555 5000/614/581 5001/617/584
f 4957/591/559 4956/588/556 4987/615/582 4988/618/585
f 4944/592/560 4943/589/557 4974/616/583 4975/619/586
f 4971/561/530 4970/590/558 5001/617/584 5002/620/587
f 4958/562/531 4957/591/559 4988/618/585 4989/621/588
f 4945/564/533 4944/592/560 4975/619/586 4976/622/589
f 4939/623/60 4971/561/530 5002/620/587
f 4959/563/532 4958/562/531 4989/621/588 4990/624/590
f 4946/565/534 4945/564/533 4976/622/589 4977/625/591
f 4993/597/565 4992/594/562 5023/657/1229 5024/626/592
f 4980/598/566 4979/596/564 5010/658/622 5011/628/594
f 4994/599/567 4993/597/565 5024/626/592 5025/627/593
f 4981/600/568 4980/598/566 5011/628/594 5012/629/595
f 4995/601/569 4994/599/567 5025/627/593 5026/630/596
f 4982/602/570 4981/600/568 5012/629/595 5013/631/597
f 4996/603/571 4995/601/569 5026/630/596 5027/632/598
f 4983/604/572 4982/602/570 5013/631/597 5014/633/599
f 4997/605/573 4996/603/571 5027/632/598 5028/634/600
f 4984/606/574 4983/604/572 5014/633/599 5015/635/601
f 4998/607/575 4997/605/573 5028/634/600 5029/636/602
f 4985/608/576 4984/606/574 5015/635/601 5016/637/603
f 4972/610/577 4940/638/34 5003/639/604
f 4999/611/578 4998/607/575 5029/636/602 5030/640/605
f 4986/612/579 4985/608/576 5016/637/603 5017/641/606
f 4973/613/1228 4972/610/577 5003/639/604 5004/642/1230
f 5000/614/581 4999/611/578 5030/640/605 5031/643/608
f 4987/615/582 4986/612/579 5017/641/606 5018/644/609
f 4974/616/583 4973/613/1228 5004/642/1230 5005/645/610
f 5001/617/584 5000/614/581 5031/643/608 5032/646/611
f 4988/618/585 4987/615/582 5018/644/609 5019/647/612
f 4975/619/586 4974/616/583 5005/645/610 5006/648/613
f 5002/620/587 5001/617/584 5032/646/611 5033/649/614
f 4989/621/588 4988/618/585 5019/647/612 5020/650/615
f 4976/622/589 4975/619/586 5006/648/613 5007/651/616
f 4939/652/60 5002/620/587 5033/649/614
f 4990/624/590 4989/621/588 5020/650/615 5021/653/617
f 4977/625/591 4976/622/589 5007/651/616 5008/654/618
f 4991/593/561 4990/624/590 5021/653/617 5022/655/619
f 4978/595/563 4977/625/591 5008/654/618 5009/656/620
f 4992/594/562 4991/593/561 5022/655/619 5023/657/1229
f 4979/596/564 4978/595/563 5009/656/620 5010/658/622
f 5026/630/596 5025/627/593 5056/690/652 5057/659/623
f 5013/631/597 5012/629/595 5043/691/653 5044/661/625
f 5027/632/598 5026/630/596 5057/659/623 5058/660/624
f 5014/633/599 5013/631/597 5044/661/625 5045/662/626
f 5028/634/600 5027/632/598 5058/660/624 5059/663/627
f 5015/635/601 5014/633/599 5045/662/626 5046/664/628
f 5029/636/602 5028/634/600 5059/663/627 5060/665/629
f 5016/637/603 5015/635/601 5046/664/628 5047/666/630
f 5003/639/604 4940/667/34 5034/668/1231
f 5030/640/605 5029/636/602 5060/665/629 5061/669/1232
f 5017/641/606 5016/637/603 5047/666/630 5048/670/633
f 5004/642/1230 5003/639/604 5034/668/1231 5035/671/634
f 5031/643/608 5030/640/605 5061/669/1232 5062/672/635
f 5018/644/609 5017/641/606 5048/670/633 5049/673/636
f 5005/645/610 5004/642/1230 5035/671/634 5036/674/637
f 5032/646/611 5031/643/608 5062/672/635 5063/675/638
f 5019/647/612 5018/644/609 5049/673/636 5050/676/639
f 5006/648/613 5005/645/610 5036/674/637 5037/677/1233
f 5033/649/614 5032/646/611 5063/675/638 5064/678/641
f 5020/650/615 5019/647/612 5050/676/639 5051/679/642
f 5007/651/616 5006/648/613 5037/677/1233 5038/680/643
f 4939/681/60 5033/649/614 5064/678/641
f 5021/653/617 5020/650/615 5051/679/642 5052/682/1234
f 5008/654/618 5007/651/616 5038/680/643 5039/683/645
f 5022/655/619 5021/653/617 5052/682/1234 5053/684/646
f 5009/656/620 5008/654/618 5039/683/645 5040/685/647
f 5023/657/1229 5022/655/619 5053/684/646 5054/686/648
f 5010/658/622 5009/656/620 5040/685/647 5041/687/649
f 5024/626/592 5023/657/1229 5054/686/648 5055/688/1235
f 5011/628/594 5010/658/622 5041/687/649 5042/689/651
f 5025/627/593 5024/626/592 5055/688/1235 5056/690/652
f 5012/629/595 5011/628/594 5042/689/651 5043/691/653
f 5059/663/627 5058/660/624 5089/723/683 5090/692/654
f 5046/664/628 5045/662/626 5076/724/684 5077/694/656
f 5060/665/629 5059/663/627 5090/692/654 5091/693/655
f 5047/666/630 5046/664/628 5077/694/656 5078/695/657
f 5034/668/1231 4940/696/34 5065/697/658
f 5061/669/1232 5060/665/629 5091/693/655 5092/698/659
f 5048/670/633 5047/666/630 5078/695/657 5079/699/660
f 5035/671/634 5034/668/1231 5065/697/658 5066/700/1236
f 5062/672/635 5061/669/1232 5092/698/659 5093/701/662
f 5049/673/636 5048/670/633 5079/699/660 5080/702/663
f 5036/674/637 5035/671/634 5066/700/1236 5067/703/664
f 5063/675/638 5062/672/635 5093/701/662 5094/704/665
f 5050/676/639 5049/673/636 5080/702/663 5081/705/666
f 5037/677/1233 5036/674/637 5067/703/664 5068/706/667
f 5064/678/641 5063/675/638 5094/704/665 5095/707/668
f 5051/679/642 5050/676/639 5081/705/666 5082/708/669
f 5038/680/643 5037/677/1233 5068/706/667 5069/709/670
f 4939/710/60 5064/678/641 5095/707/668
f 5052/682/1234 5051/679/642 5082/708/669 5083/711/671
f 5039/683/645 5038/680/643 5069/709/670 5070/712/672
f 5053/684/646 5052/682/1234 5083/711/671 5084/713/673
f 5040/685/647 5039/683/645 5070/712/672 5071/714/674
f 5054/686/648 5053/684/646 5084/713/673 5085/715/1237
f 5041/687/649 5040/685/647 5071/714/674 5072/716/676
f 5055/688/1235 5054/686/648 5085/715/1237 5086/717/1238
f 5042/689/651 5041/687/649 5072/716/676 5073/718/678
f 5056/690/652 5055/688/1235 5086/717/1238 5087/719/1239
f 5043/691/653 5042/689/651 5073/718/678 5074/720/680
f 5057/659/623 5056/690/652 5087/719/1239 5088/721/681
f 5044/661/625 5043/691/653 5074/720/680 5075/722/1116
f 5058/660/624 5057/659/623 5088/721/681 5089/723/683
f 5045/662/626 5044/661/625 5075/722/1116 5076/724/684
f 5092/698/659 5091/693/655 5122/755/714 5123/727/687
f 5079/699/660 5078/695/657 5109/756/715 5110/729/689
f 5066/700/1236 5065/697/658 5096/725/685 5097/726/1240
f 5093/701/662 5092/698/659 5123/727/687 5124/728/688
f 5080/702/663 5079/699/660 5110/729/689 5111/730/690
f 5067/703/664 5066/700/1236 5097/726/1240 5098/731/691
f 5094/704/665 5093/701/662 5124/728/688 5125/732/692
f 5081/705/666 5080/702/663 5111/730/690 5112/733/693
f 5068/706/667 5067/703/664 5098/731/691 5099/734/694
f 5095/707/668 5094/704/665 5125/732/692 5126/735/695
f 5082/708/669 5081/705/666 5112/733/693 5113/736/696
f 5069/709/670 5068/706/667 5099/734/694 5100/737/697
f 4939/738/60 5095/707/668 5126/735/695
f 5083/711/671 5082/708/669 5113/736/696 5114/739/698
f 5070/712/672 5069/709/670 5100/737/697 5101/740/699
f 5084/713/673 5083/711/671 5114/739/698 5115/741/700
f 5071/714/674 5070/712/672 5101/740/699 5102/742/701
f 5085/715/1237 5084/713/673 5115/741/700 5116/743/702
f 5072/716/676 5071/714/674 5102/742/701 5103/744/703
f 5086/717/1238 5085/715/1237 5116/743/702 5117/745/1241
f 5073/718/678 5072/716/676 5103/744/703 5104/746/705
f 5087/719/1239 5086/717/1238 5117/745/1241 5118/747/706
f 5074/720/680 5073/718/678 5104/746/705 5105/748/1119
f 5088/721/681 5087/719/1239 5118/747/706 5119/749/708
f 5075/722/1116 5074/720/680 5105/748/1119 5106/750/709
f 5089/723/683 5088/721/681 5119/749/708 5120/751/710
f 5076/724/684 5075/722/1116 5106/750/709 5107/752/711
f 5090/692/654 5089/723/683 5120/751/710 5121/753/712
f 5077/694/656 5076/724/684 5107/752/711 5108/754/713
f 5091/693/655 5090/692/654 5121/753/712 5122/755/714
f 5078/695/657 5077/694/656 5108/754/713 5109/756/715
f 5065/697/658 4940/757/34 5096/725/685
f 5125/732/692 5124/728/688 5155/789/745 5156/760/718
f 5112/733/693 5111/730/690 5142/790/746 5143/762/720
f 5099/734/694 5098/731/691 5129/758/716 5130/759/717
f 5126/735/695 5125/732/692 5156/760/718 5157/761/719
f 5113/736/696 5112/733/693 5143/762/720 5144/763/721
f 5100/737/697 5099/734/694 5130/759/717 5131/764/722
f 4939/765/60 5126/735/695 5157/761/719
f 5114/739/698 5113/736/696 5144/763/721 5145/766/723
f 5101/740/699 5100/737/697 5131/764/722 5132/767/724
f 5115/741/700 5114/739/698 5145/766/723 5146/768/725
f 5102/742/701 5101/740/699 5132/767/724 5133/769/726
f 5116/743/702 5115/741/700 5146/768/725 5147/770/727
f 5103/744/703 5102/742/701 5133/769/726 5134/771/1242
f 5117/745/1241 5116/743/702 5147/770/727 5148/772/729
f 5104/746/705 5103/744/703 5134/771/1242 5135/773/730
f 5118/747/706 5117/745/1241 5148/772/729 5149/774/731
f 5105/748/1119 5104/746/705 5135/773/730 5136/775/732
f 5119/749/708 5118/747/706 5149/774/731 5150/776/733
f 5106/750/709 5105/748/1119 5136/775/732 5137/777/734
f 5120/751/710 5119/749/708 5150/776/733 5151/778/735
f 5107/752/711 5106/750/709 5137/777/734 5138/779/736
f 5121/753/712 5120/751/710 5151/778/735 5152/780/737
f 5108/754/713 5107/752/711 5138/779/736 5139/781/738
f 5122/755/714 5121/753/712 5152/780/737 5153/782/739
f 5109/756/715 5108/754/713 5139/781/738 5140/783/740
f 5096/725/685 4940/784/34 5127/785/741
f 5123/727/687 5122/755/714 5153/782/739 5154/786/742
f 5110/729/689 5109/756/715 5140/783/740 5141/787/743
f 5097/726/1240 5096/725/685 5127/785/741 5128/788/744
f 5124/728/688 5123/727/687 5154/786/742 5155/789/745
f 5111/730/690 5110/729/689 5141/787/743 5142/790/746
f 5098/731/691 5097/726/1240 5128/788/744 5129/758/716
f 4939/823/60 5157/761/719 5188/821/776
f 5145/766/723 5144/763/721 5175/822/777 5176/793/749
f 5132/767/724 5131/764/722 5162/791/747 5163/792/748
f 5146/768/725 5145/766/723 5176/793/749 5177/794/750
f 5133/769/726 5132/767/724 5163/792/748 5164/795/751
f 5147/770/727 5146/768/725 5177/794/750 5178/796/752
f 5134/771/1242 5133/769/726 5164/795/751 5165/797/753
f 5148/772/729 5147/770/727 5178/796/752 5179/798/754
f 5135/773/730 5134/771/1242 5165/797/753 5166/799/755
f 5149/774/731 5148/772/729 5179/798/754 5180/800/756
f 5136/775/732 5135/773/730 5166/799/755 5167/801/757
f 5150/776/733 5149/774/731 5180/800/756 5181/802/758
f 5137/777/734 5136/775/732 5167/801/757 5168/803/759
f 5151/778/735 5150/776/733 5181/802/758 5182/804/760
f 5138/779/736 5137/777/734 5168/803/759 5169/805/761
f 5152/780/737 5151/778/735 5182/804/760 5183/806/762
f 5139/781/738 5138/779/736 5169/805/761 5170/807/763
f 5153/782/739 5152/780/737 5183/806/762 5184/808/764
f 5140/783/740 5139/781/738 5170/807/763 5171/809/765
f 5127/785/741 4940/810/34 5158/811/766
f 5154/786/742 5153/782/739 5184/808/764 5185/812/767
f 5141/787/743 5140/783/740 5171/809/765 5172/813/768
f 5128/788/744 5127/785/741 5158/811/766 5159/814/769
f 5155/789/745 5154/786/742 5185/812/767 5186/815/770
f 5142/790/746 5141/787/743 5172/813/768 5173/816/771
f 5129/758/716 5128/788/744 5159/814/769 5160/817/772
f 5156/760/718 5155/789/745 5186/815/770 5187/818/773
f 5143/762/720 5142/790/746 5173/816/771 5174/819/774
f 5130/759/717 5129/758/716 5160/817/772 5161/820/775
f 5157/761/719 5156/760/718 5187/818/773 5188/821/776
f 5144/763/721 5143/762/720 5174/819/774 5175/822/777
f 5131/764/722 5130/759/717 5161/820/775 5162/791/747
f 5178/829/752 5177/886/750 5208/887/808 5209/830/780
f 5165/824/753 5164/825/751 5195/826/778 5196/827/1243
f 5179/828/754 5178/829/752 5209/830/780 5210/831/781
f 5166/832/755 5165/824/753 5196/827/1243 5197/833/782
f 5180/834/756 5179/828/754 5210/831/781 5211/835/783
f 5167/836/757 5166/832/755 5197/833/782 5198/837/784
f 5181/838/758 5180/834/756 5211/835/783 5212/839/1188
f 5168/840/759 5167/836/757 5198/837/784 5199/841/786
f 5182/842/760 5181/838/758 5212/839/1188 5213/843/787
f 5169/844/761 5168/840/759 5199/841/786 5200/845/788
f 5183/846/762 5182/842/760 5213/843/787 5214/847/789
f 5170/848/763 5169/844/761 5200/845/788 5201/849/790
f 5184/850/764 5183/846/762 5214/847/789 5215/851/791
f 5171/852/765 5170/848/763 5201/849/790 5202/853/792
f 5158/854/766 4940/855/34 5189/856/793
f 5185/857/767 5184/850/764 5215/851/791 5216/858/794
f 5172/859/768 5171/852/765 5202/853/792 5203/860/795
f 5159/861/769 5158/854/766 5189/856/793 5190/862/796
f 5186/863/770 5185/857/767 5216/858/794 5217/864/797
f 5173/865/771 5172/859/768 5203/860/795 5204/866/798
f 5160/867/772 5159/861/769 5190/862/796 5191/868/799
f 5187/869/773 5186/863/770 5217/864/797 5218/870/800
f 5174/871/774 5173/865/771 5204/866/798 5205/872/801
f 5161/873/775 5160/867/772 5191/868/799 5192/874/802
f 5188/875/776 5187/869/773 5218/870/800 5219/876/803
f 5175/877/777 5174/871/774 5205/872/801 5206/878/804
f 5162/879/747 5161/873/775 5192/874/802 5193/880/805
f 4939/881/60 5188/875/776 5219/876/803
f 5176/882/749 5175/877/777 5206/878/804 5207/883/806
f 5163/884/748 5162/879/747 5193/880/805 5194/885/807
f 5177/886/750 5176/882/749 5207/883/806 5208/887/808
f 5164/825/751 5163/884/748 5194/885/807 5195/826/778
f 5211/835/783 5210/831/781 5241/920/1244 5242/890/811
f 5198/837/784 5197/833/782 5228/888/809 5229/889/1123
f 5212/839/1188 5211/835/783 5242/890/811 5243/891/812
f 5199/841/786 5198/837/784 5229/889/1123 5230/892/813
f 5213/843/787 5212/839/1188 5243/891/812 5244/893/814
f 5200/845/788 5199/841/786 5230/892/813 5231/894/815
f 5214/847/789 5213/843/787 5244/893/814 5245/895/816
f 5201/849/790 5200/845/788 5231/894/815 5232/896/817
f 5215/851/791 5214/847/789 5245/895/816 5246/897/818
f 5202/853/792 5201/849/790 5232/896/817 5233/898/819
f 5189/856/793 4940/899/34 5220/900/820
f 5216/858/794 5215/851/791 5246/897/818 5247/901/821
f 5203/860/795 5202/853/792 5233/898/819 5234/902/822
f 5190/862/796 5189/856/793 5220/900/820 5221/903/1245
f 5217/864/797 5216/858/794 5247/901/821 5248/904/824
f 5204/866/798 5203/860/795 5234/902/822 5235/905/825
f 5191/868/799 5190/862/796 5221/903/1245 5222/906/826
f 5218/870/800 5217/864/797 5248/904/824 5249/907/827
f 5205/872/801 5204/866/798 5235/905/825 5236/908/828
f 5192/874/802 5191/868/799 5222/906/826 5223/909/829
f 5219/876/803 5218/870/800 5249/907/827 5250/910/830
f 5206/878/804 5205/872/801 5236/908/828 5237/911/831
f 5193/880/805 5192/874/802 5223/909/829 5224/912/832
f 4939/913/60 5219/876/803 5250/910/830
f 5207/883/806 5206/878/804 5237/911/831 5238/914/833
f 5194/885/807 5193/880/805 5224/912/832 5225/915/834
f 5208/887/808 5207/883/806 5238/914/833 5239/916/835
f 5195/826/778 5194/885/807 5225/915/834 5226/917/836
f 5209/830/780 5208/887/808 5239/916/835 5240/918/837
f 5196/827/1243 5195/826/778 5226/917/836 5227/919/838
f 5210/831/781 5209/830/780 5240/918/837 5241/920/1244
f 5197/833/782 5196/827/1243 5227/919/838 5228/888/809
f 5233/898/819 5232/896/817 5263/952/870 5264/923/842
f 5220/900/820 4940/953/34 5251/925/844
f 5247/901/821 5246/897/818 5277/921/840 5278/922/841
f 5234/902/822 5233/898/819 5264/923/842 5265/924/843
f 5221/903/1245 5220/900/820 5251/925/844 5252/926/1246
f 5248/904/824 5247/901/821 5278/922/841 5279/927/846
f 5235/905/825 5234/902/822 5265/924/843 5266/928/847
f 5222/906/826 5221/903/1245 5252/926/1246 5253/929/848
f 5249/907/827 5248/904/824 5279/927/846 5280/930/849
f 5236/908/828 5235/905/825 5266/928/847 5267/931/850
f 5223/909/829 5222/906/826 5253/929/848 5254/932/851
f 5250/910/830 5249/907/827 5280/930/849 5281/933/852
f 5237/911/831 5236/908/828 5267/931/850 5268/934/853
f 5224/912/832 5223/909/829 5254/932/851 5255/935/854
f 4939/936/60 5250/910/830 5281/933/852
f 5238/914/833 5237/911/831 5268/934/853 5269/937/855
f 5225/915/834 5224/912/832 5255/935/854 5256/938/856
f 5239/916/835 5238/914/833 5269/937/855 5270/939/857
f 5226/917/836 5225/915/834 5256/938/856 5257/940/858
f 5240/918/837 5239/916/835 5270/939/857 5271/941/1247
f 5227/919/838 5226/917/836 5257/940/858 5258/942/860
f 5241/920/1244 5240/918/837 5271/941/1247 5272/943/861
f 5228/888/809 5227/919/838 5258/942/860 5259/944/862
f 5242/890/811 5241/920/1244 5272/943/861 5273/945/863
f 5229/889/1123 5228/888/809 5259/944/862 5260/946/864
f 5243/891/812 5242/890/811 5273/945/863 5274/947/865
f 5230/892/813 5229/889/1123 5260/946/864 5261/948/866
f 5244/893/814 5243/891/812 5274/947/865 5275/949/867
f 5231/894/815 5230/892/813 5261/948/866 5262/950/868
f 5245/895/816 5244/893/814 5275/949/867 5276/951/869
f 5232/896/817 5231/894/815 5262/950/868 5263/952/870
f 5246/897/818 5245/895/816 5276/951/869 5277/921/840
f 5266/928/847 5265/924/843 5296/985/900 5297/956/873
f 5253/929/848 5252/926/1246 5283/986/901 5284/958/875
f 5280/930/849 5279/927/846 5310/954/871 5311/955/872
f 5267/931/850 5266/928/847 5297/956/873 5298/957/874
f 5254/932/851 5253/929/848 5284/958/875 5285/959/876
f 5281/933/852 5280/930/849 5311/955/872 5312/960/1248
f 5268/934/853 5267/931/850 5298/957/874 5299/961/878
f 5255/935/854 5254/932/851 5285/959/876 5286/962/879
f 4939/963/60 5281/933/852 5312/960/1248
f 5269/937/855 5268/934/853 5299/961/878 5300/964/880
f 5256/938/856 5255/935/854 5286/962/879 5287/965/881
f 5270/939/857 5269/937/855 5300/964/880 5301/966/882
f 5257/940/858 5256/938/856 5287/965/881 5288/967/883
f 5271/941/1247 5270/939/857 5301/966/882 5302/968/884
f 5258/942/860 5257/940/858 5288/967/883 5289/969/885
f 5272/943/861 5271/941/1247 5302/968/884 5303/970/1249
f 5259/944/862 5258/942/860 5289/969/885 5290/971/887
f 5273/945/863 5272/943/861 5303/970/1249 5304/972/888
f 5260/946/864 5259/944/862 5290/971/887 5291/973/889
f 5274/947/865 5273/945/863 5304/972/888 5305/974/890
f 5261/948/866 5260/946/864 5291/973/889 5292/975/891
f 5275/949/867 5274/947/865 5305/974/890 5306/976/892
f 5262/950/868 5261/948/866 5292/975/891 5293/977/893
f 5276/951/869 5275/949/867 5306/976/892 5307/978/894
f 5263/952/870 5262/950/868 5293/977/893 5294/979/895
f 5277/921/840 5276/951/869 5307/978/894 5308/980/896
f 5264/923/842 5263/952/870 5294/979/895 5295/981/897
f 5251/925/844 4940/982/34 5282/983/1250
f 5278/922/841 5277/921/840 5308/980/896 5309/984/899
f 5265/924/843 5264/923/842 5295/981/897 5296/985/900
f 5252/926/1246 5251/925/844 5282/983/1250 5283/986/901
f 5279/927/846 5278/922/841 5309/984/899 5310/954/871
f 5299/961/878 5298/957/874 5329/1018/931 5330/989/903
f 5286/962/879 5285/959/876 5316/1019/932 5317/991/905
f 4939/987/60 5312/960/1248 5343/988/902
f 5300/964/880 5299/961/878 5330/989/903 5331/990/904
f 5287/965/881 5286/962/879 5317/991/905 5318/992/906
f 5301/966/882 5300/964/880 5331/990/904 5332/993/907
f 5288/967/883 5287/965/881 5318/992/906 5319/994/908
f 5302/968/884 5301/966/882 5332/993/907 5333/995/1124
f 5289/969/885 5288/967/883 5319/994/908 5320/996/910
f 5303/970/1249 5302/968/884 5333/995/1124 5334/997/1251
f 5290/971/887 5289/969/885 5320/996/910 5321/998/912
f 5304/972/888 5303/970/1249 5334/997/1251 5335/999/913
f 5291/973/889 5290/971/887 5321/998/912 5322/1000/914
f 5305/974/890 5304/972/888 5335/999/913 5336/1001/915
f 5292/975/891 5291/973/889 5322/1000/914 5323/1002/916
f 5306/976/892 5305/974/890 5336/1001/915 5337/1003/917
f 5293/977/893 5292/975/891 5323/1002/916 5324/1004/918
f 5307/978/894 5306/976/892 5337/1003/917 5338/1005/919
f 5294/979/895 5293/977/893 5324/1004/918 5325/1006/920
f 5308/980/896 5307/978/894 5338/1005/919 5339/1007/921
f 5295/981/897 5294/979/895 5325/1006/920 5326/1008/922
f 5282/983/1250 4940/1009/34 5313/1010/923
f 5309/984/899 5308/980/896 5339/1007/921 5340/1011/924
f 5296/985/900 5295/981/897 5326/1008/922 5327/1012/925
f 5283/986/901 5282/983/1250 5313/1010/923 5314/1013/1252
f 5310/954/871 5309/984/899 5340/1011/924 5341/1014/927
f 5297/956/873 5296/985/900 5327/1012/925 5328/1015/928
f 5284/958/875 5283/986/901 5314/1013/1252 5315/1016/929
f 5311/955/872 5310/954/871 5341/1014/927 5342/1017/930
f 5298/957/874 5297/956/873 5328/1015/928 5329/1018/931
f 5285/959/876 5284/958/875 5315/1016/929 5316/1019/932
f 5312/960/1248 5311/955/872 5342/1017/930 5343/988/902
f 5332/993/907 5331/990/904 5362/1051/962 5363/1020/933
f 5319/994/908 5318/992/906 5349/1052/963 5350/1022/935
f 5333/995/1124 5332/993/907 5363/1020/933 5364/1021/934
f 5320/996/910 5319/994/908 5350/1022/935 5351/1023/936
f 5334/997/1251 5333/995/1124 5364/1021/934 5365/1024/1253
f 5321/998/912 5320/996/910 5351/1023/936 5352/1025/938
f 5335/999/913 5334/997/1251 5365/1024/1253 5366/1026/939
f 5322/1000/914 5321/998/912 5352/1025/938 5353/1027/1254
f 5336/1001/915 5335/999/913 5366/1026/939 5367/1028/941
f 5323/1002/916 5322/1000/914 5353/1027/1254 5354/1029/942
f 5337/1003/917 5336/1001/915 5367/1028/941 5368/1030/943
f 5324/1004/918 5323/1002/916 5354/1029/942 5355/1031/944
f 5338/1005/919 5337/1003/917 5368/1030/943 5369/1032/945
f 5325/1006/920 5324/1004/918 5355/1031/944 5356/1033/946
f 5339/1007/921 5338/1005/919 5369/1032/945 5370/1034/947
f 5326/1008/922 5325/1006/920 5356/1033/946 5357/1035/948
f 5313/1010/923 4940/1036/34 5344/1037/1198
f 5340/1011/924 5339/1007/921 5370/1034/947 5371/1038/1255
f 5327/1012/925 5326/1008/922 5357/1035/948 5358/1039/1199
f 5314/1013/1252 5313/1010/923 5344/1037/1198 5345/1040/1256
f 5341/1014/927 5340/1011/924 5371/1038/1255 5372/1041/953
f 5328/1015/928 5327/1012/925 5358/1039/1199 5359/1042/954
f 5315/1016/929 5314/1013/1252 5345/1040/1256 5346/1043/955
f 5342/1017/930 5341/1014/927 5372/1041/953 5373/1044/956
f 5329/1018/931 5328/1015/928 5359/1042/954 5360/1045/1200
f 5316/1019/932 5315/1016/929 5346/1043/955 5347/1046/1201
f 5343/988/902 5342/1017/930 5373/1044/956 5374/1047/959
f 5330/989/903 5329/1018/931 5360/1045/1200 5361/1048/960
f 5317/991/905 5316/1019/932 5347/1046/1201 5348/1049/961
f 4939/1050/60 5343/988/902 5374/1047/959
f 5331/990/904 5330/989/903 5361/1048/960 5362/1051/962
f 5318/992/906 5317/991/905 5348/1049/961 5349/1052/963
f 5365/1024/1253 5364/1021/934 5395/1084/993 5396/1053/964
f 5352/1025/938 5351/1023/936 5382/1085/994 5383/1055/966
f 5366/1026/939 5365/1024/1253 5396/1053/964 5397/1054/965
f 5353/1027/1254 5352/1025/938 5383/1055/966 5384/1056/967
f 5367/1028/941 5366/1026/939 5397/1054/965 5398/1057/968
f 5354/1029/942 5353/1027/1254 5384/1056/967 5385/1058/969
f 5368/1030/943 5367/1028/941 5398/1057/968 5399/1059/970
f 5355/1031/944 5354/1029/942 5385/1058/969 5386/1060/971
f 5369/1032/945 5368/1030/943 5399/1059/970 5400/1061/972
f 5356/1033/946 5355/1031/944 5386/1060/971 5387/1062/973
f 5370/1034/947 5369/1032/945 5400/1061/972 5401/1063/974
f 5357/1035/948 5356/1033/946 5387/1062/973 5388/1064/975
f 5344/1037/1198 4940/1065/34 5375/1066/976
f 5371/1038/1255 5370/1034/947 5401/1063/974 5402/1067/977
f 5358/1039/1199 5357/1035/948 5388/1064/975 5389/1068/978
f 5345/1040/1256 5344/1037/1198 5375/1066/976 5376/1069/979
f 5372/1041/953 5371/1038/1255 5402/1067/977 5403/1070/980
f 5359/1042/954 5358/1039/1199 5389/1068/978 5390/1071/981
f 5346/1043/955 5345/1040/1256 5376/1069/979 5377/1072/982
f 5373/1044/956 5372/1041/953 5403/1070/980 5404/1073/983
f 5360/1045/1200 5359/1042/954 5390/1071/981 5391/1074/984
f 5347/1046/1201 5346/1043/955 5377/1072/982 5378/1075/985
f 5374/1047/959 5373/1044/956 5404/1073/983 5405/1076/986
f 5361/1048/960 5360/1045/1200 5391/1074/984 5392/1077/987
f 5348/1049/961 5347/1046/1201 5378/1075/985 5379/1078/988
f 4939/1079/60 5374/1047/959 5405/1076/986
f 5362/1051/962 5361/1048/960 5392/1077/987 5393/1080/989
f 5349/1052/963 5348/1049/961 5379/1078/988 5380/1081/990
f 5363/1020/933 5362/1051/962 5393/1080/989 5394/1082/991
f 5350/1022/935 5349/1052/963 5380/1081/990 5381/1083/992
f 5364/1021/934 5363/1020/933 5394/1082/991 5395/1084/993
f 5351/1023/936 5350/1022/935 5381/1083/992 5382/1085/994
f 5398/1057/968 5397/1054/965 4437/13/13 5418/17/17
f 5385/1058/969 5384/1056/967 5413/15/15 5414/19/19
f 5399/1059/970 5398/1057/968 5418/17/17 4438/21/21
f 5386/1060/971 5385/1058/969 5414/19/19 4429/23/23
f 5400/1061/972 5399/1059/970 4438/21/21 4439/25/25
f 5387/1062/973 5386/1060/971 4429/23/23 4430/27/27
f 5401/1063/974 5400/1061/972 4439/25/25 4440/29/29
f 5388/1064/975 5387/1062/973 4430/27/27 4431/31/31
f 5375/1066/976 4940/1086/34 5406/33/1204
f 5402/1067/977 5401/1063/974 4440/29/29 5419/36/36
f 5389/1068/978 5388/1064/975 4431/31/31 4432/38/38
f 5376/1069/979 5375/1066/976 5406/33/1204 5407/40/40
f 5403/1070/980 5402/1067/977 5419/36/36 5420/42/42
f 5390/1071/981 5389/1068/978 4432/38/38 5415/44/44
f 5377/1072/982 5376/1069/979 5407/40/40 5408/46/46
f 5404/1073/983 5403/1070/980 5420/42/42 4441/48/48
f 5391/1074/984 5390/1071/981 5415/44/44 4433/50/50
f 5378/1075/985 5377/1072/982 5408/46/46 5409/52/52
f 5405/1076/986 5404/1073/983 4441/48/48 4442/54/54
f 5392/1077/987 5391/1074/984 4433/50/50 4434/56/56
f 5379/1078/988 5378/1075/985 5409/52/52 5410/58/58
f 4939/1087/60 5405/1076/986 4442/54/54
f 5393/1080/989 5392/1077/987 4434/56/56 5416/61/61
f 5380/1081/990 5379/1078/988 5410/58/58 5411/63/63
f 5394/1082/991 5393/1080/989 5416/61/61 5417/2/2
f 5381/1083/992 5380/1081/990 5411/63/63 4427/6/6
f 5395/1084/993 5394/1082/991 5417/2/2 4435/1/1
f 5382/1085/994 5381/1083/992 4427/6/6 5412/5/5
f 5396/1053/964 5395/1084/993 4435/1/1 4436/9/9
f 5383/1055/966 5382/1085/994 5412/5/5 4428/11/11
f 5397/1054/965 5396/1053/964 4436/9/9 4437/13/13
f 5384/1056/967 5383/1055/966 4428/11/11 5413/15/15
f 6411/2/2 6410/61/61 5455/62/62 5456/3/3
f 5421/6/6 6405/63/63 5442/64/64 5443/7/7
f 5429/1/1 6411/2/2 5456/3/3 5457/4/4
f 6406/5/5 5421/6/6 5443/7/7 5444/8/8
f 5430/9/9 5429/1/1 5457/4/4 5458/10/10
f 5422/11/11 6406/5/5 5444/8/8 5445/12/12
f 5431/13/13 5430/9/9 5458/10/10 5459/14/1257
f 6407/15/15 5422/11/11 5445/12/12 5446/16/16
f 6412/17/17 5431/13/13 5459/14/1257 5460/18/18
f 6408/19/19 6407/15/15 5446/16/16 5447/20/20
f 5432/21/21 6412/17/17 5460/18/18 5461/22/22
f 5423/23/23 6408/19/19 5447/20/20 5448/24/24
f 5433/25/25 5432/21/21 5461/22/22 5462/26/26
f 5424/27/27 5423/23/23 5448/24/24 5449/28/28
f 5434/29/29 5433/25/25 5462/26/26 5463/30/30
f 5425/31/31 5424/27/27 5449/28/28 5450/32/32
f 6400/33/1204 5934/34/34 5437/35/35
f 6413/36/36 5434/29/29 5463/30/30 5464/37/37
f 5426/38/38 5425/31/31 5450/32/32 5451/39/39
f 6401/40/40 6400/33/1204 5437/35/35 5438/41/41
f 6414/42/42 6413/36/36 5464/37/37 5465/43/43
f 6409/44/44 5426/38/38 5451/39/39 5452/45/45
f 6402/46/46 6401/40/40 5438/41/41 5439/47/47
f 5435/48/48 6414/42/42 5465/43/43 5466/49/49
f 5427/50/50 6409/44/44 5452/45/45 5453/51/51
f 6403/52/52 6402/46/46 5439/47/47 5440/53/53
f 5436/54/54 5435/48/48 5466/49/49 5467/55/55
f 5428/56/56 5427/50/50 5453/51/51 5454/57/57
f 6404/58/58 6403/52/52 5440/53/53 5441/59/59
f 5933/60/60 5436/54/54 5467/55/55
f 6410/61/61 5428/56/56 5454/57/57 5455/62/62
f 6405/63/63 6404/58/58 5441/59/59 5442/64/64
f 5451/39/39 5450/32/32 5481/96/95 5482/69/69
f 5438/41/41 5437/35/35 5468/65/65 5469/66/1205
f 5465/43/43 5464/37/37 5495/67/67 5496/68/68
f 5452/45/45 5451/39/39 5482/69/69 5483/70/70
f 5439/47/47 5438/41/41 5469/66/1205 5470/71/71
f 5466/49/49 5465/43/43 5496/68/68 5497/72/72
f 5453/51/51 5452/45/45 5483/70/70 5484/73/73
f 5440/53/53 5439/47/47 5470/71/71 5471/74/74
f 5467/55/55 5466/49/49 5497/72/72 5498/75/75
f 5454/57/57 5453/51/51 5484/73/73 5485/76/76
f 5441/59/59 5440/53/53 5471/74/74 5472/77/77
f 5933/78/60 5467/55/55 5498/75/75
f 5455/62/62 5454/57/57 5485/76/76 5486/79/78
f 5442/64/64 5441/59/59 5472/77/77 5473/80/79
f 5456/3/3 5455/62/62 5486/79/78 5487/81/80
f 5443/7/7 5442/64/64 5473/80/79 5474/82/81
f 5457/4/4 5456/3/3 5487/81/80 5488/83/82
f 5444/8/8 5443/7/7 5474/82/81 5475/84/83
f 5458/10/10 5457/4/4 5488/83/82 5489/85/84
f 5445/12/12 5444/8/8 5475/84/83 5476/86/85
f 5459/14/1257 5458/10/10 5489/85/84 5490/87/86
f 5446/16/16 5445/12/12 5476/86/85 5477/88/87
f 5460/18/18 5459/14/1257 5490/87/86 5491/89/88
f 5447/20/20 5446/16/16 5477/88/87 5478/90/89
f 5461/22/22 5460/18/18 5491/89/88 5492/91/90
f 5448/24/24 5447/20/20 5478/90/89 5479/92/91
f 5462/26/26 5461/22/22 5492/91/90 5493/93/92
f 5449/28/28 5448/24/24 5479/92/91 5480/94/93
f 5463/30/30 5462/26/26 5493/93/92 5494/95/94
f 5450/32/32 5449/28/28 5480/94/93 5481/96/95
f 5437/35/35 5934/97/34 5468/65/65
f 5464/37/37 5463/30/30 5494/95/94 5495/67/67
f 5484/73/73 5483/70/70 5514/130/126 5515/102/100
f 5471/74/74 5470/71/71 5501/98/96 5502/99/97
f 5498/75/75 5497/72/72 5528/100/98 5529/101/99
f 5485/76/76 5484/73/73 5515/102/100 5516/103/101
f 5472/77/77 5471/74/74 5502/99/97 5503/104/102
f 5933/105/60 5498/75/75 5529/101/99
f 5486/79/78 5485/76/76 5516/103/101 5517/106/103
f 5473/80/79 5472/77/77 5503/104/102 5504/107/104
f 5487/81/80 5486/79/78 5517/106/103 5518/108/1258
f 5474/82/81 5473/80/79 5504/107/104 5505/109/106
f 5488/83/82 5487/81/80 5518/108/1258 5519/110/107
f 5475/84/83 5474/82/81 5505/109/106 5506/111/108
f 5489/85/84 5488/83/82 5519/110/107 5520/112/109
f 5476/86/85 5475/84/83 5506/111/108 5507/113/110
f 5490/87/86 5489/85/84 5520/112/109 5521/114/111
f 5477/88/87 5476/86/85 5507/113/110 5508/115/112
f 5491/89/88 5490/87/86 5521/114/111 5522/116/113
f 5478/90/89 5477/88/87 5508/115/112 5509/117/114
f 5492/91/90 5491/89/88 5522/116/113 5523/118/115
f 5479/92/91 5478/90/89 5509/117/114 5510/119/1259
f 5493/93/92 5492/91/90 5523/118/115 5524/120/117
f 5480/94/93 5479/92/91 5510/119/1259 5511/121/118
f 5494/95/94 5493/93/92 5524/120/117 5525/122/119
f 5481/96/95 5480/94/93 5511/121/118 5512/123/120
f 5468/65/65 5934/124/34 5499/125/121
f 5495/67/67 5494/95/94 5525/122/119 5526/126/122
f 5482/69/69 5481/96/95 5512/123/120 5513/127/123
f 5469/66/1205 5468/65/65 5499/125/121 5500/128/1212
f 5496/68/68 5495/67/67 5526/126/122 5527/129/125
f 5483/70/70 5482/69/69 5513/127/123 5514/130/126
f 5470/71/71 5469/66/1205 5500/128/1212 5501/98/96
f 5497/72/72 5496/68/68 5527/129/125 5528/100/98
f 5517/106/103 5516/103/101 5547/162/157 5548/133/129
f 5504/107/104 5503/104/102 5534/131/127 5535/132/128
f 5518/108/1258 5517/106/103 5548/133/129 5549/134/130
f 5505/109/106 5504/107/104 5535/132/128 5536/135/131
f 5519/110/107 5518/108/1258 5549/134/130 5550/136/132
f 5506/111/108 5505/109/106 5536/135/131 5537/137/133
f 5520/112/109 5519/110/107 5550/136/132 5551/138/134
f 5507/113/110 5506/111/108 5537/137/133 5538/139/135
f 5521/114/111 5520/112/109 5551/138/134 5552/140/136
f 5508/115/112 5507/113/110 5538/139/135 5539/141/137
f 5522/116/113 5521/114/111 5552/140/136 5553/142/138
f 5509/117/114 5508/115/112 5539/141/137 5540/143/139
f 5523/118/115 5522/116/113 5553/142/138 5554/144/140
f 5510/119/1259 5509/117/114 5540/143/139 5541/145/141
f 5524/120/117 5523/118/115 5554/144/140 5555/146/142
f 5511/121/118 5510/119/1259 5541/145/141 5542/147/143
f 5525/122/119 5524/120/117 5555/146/142 5556/148/144
f 5512/123/120 5511/121/118 5542/147/143 5543/149/145
f 5499/125/121 5934/150/34 5530/151/146
f 5526/126/122 5525/122/119 5556/148/144 5557/152/147
f 5513/127/123 5512/123/120 5543/149/145 5544/153/148
f 5500/128/1212 5499/125/121 5530/151/146 5531/154/149
f 5527/129/125 5526/126/122 5557/152/147 5558/155/150
f 5514/130/126 5513/127/123 5544/153/148 5545/156/151
f 5501/98/96 5500/128/1212 5531/154/149 5532/157/152
f 5528/100/98 5527/129/125 5558/155/150 5559/158/153
f 5515/102/100 5514/130/126 5545/156/151 5546/159/154
f 5502/99/97 5501/98/96 5532/157/152 5533/160/155
f 5529/101/99 5528/100/98 5559/158/153 5560/161/156
f 5516/103/101 5515/102/100 5546/159/154 5547/162/157
f 5503/104/102 5502/99/97 5533/160/155 5534/131/127
f 5933/163/60 5529/101/99 5560/161/156
f 5550/136/132 5549/134/130 5580/196/188 5581/166/160
f 5537/137/133 5536/135/131 5567/164/1260 5568/165/159
f 5551/138/134 5550/136/132 5581/166/160 5582/167/161
f 5538/139/135 5537/137/133 5568/165/159 5569/168/162
f 5552/140/136 5551/138/134 5582/167/161 5583/169/163
f 5539/141/137 5538/139/135 5569/168/162 5570/170/164
f 5553/142/138 5552/140/136 5583/169/163 5584/171/165
f 5540/143/139 5539/141/137 5570/170/164 5571/172/166
f 5554/144/140 5553/142/138 5584/171/165 5585/173/1261
f 5541/145/141 5540/143/139 5571/172/166 5572/174/168
f 5555/146/142 5554/144/140 5585/173/1261 5586/175/169
f 5542/147/143 5541/145/141 5572/174/168 5573/176/170
f 5556/148/144 5555/146/142 5586/175/169 5587/177/171
f 5543/149/145 5542/147/143 5573/176/170 5574/178/172
f 5530/151/146 5934/179/34 5561/180/173
f 5557/152/147 5556/148/144 5587/177/171 5588/181/174
f 5544/153/148 5543/149/145 5574/178/172 5575/182/175
f 5531/154/149 5530/151/146 5561/180/173 5562/183/1214
f 5558/155/150 5557/152/147 5588/181/174 5589/184/177
f 5545/156/151 5544/153/148 5575/182/175 5576/185/178
f 5532/157/152 5531/154/149 5562/183/1214 5563/186/179
f 5559/158/153 5558/155/150 5589/184/177 5590/187/180
f 5546/159/154 5545/156/151 5576/185/178 5577/188/181
f 5533/160/155 5532/157/152 5563/186/179 5564/189/182
f 5560/161/156 5559/158/153 5590/187/180 5591/190/183
f 5547/162/157 5546/159/154 5577/188/181 5578/191/184
f 5534/131/127 5533/160/155 5564/189/182 5565/192/185
f 5933/193/60 5560/161/156 5591/190/183
f 5548/133/129 5547/162/157 5578/191/184 5579/194/186
f 5535/132/128 5534/131/127 5565/192/185 5566/195/187
f 5549/134/130 5548/133/129 5579/194/186 5580/196/188
f 5536/135/131 5535/132/128 5566/195/187 5567/164/1260
f 5583/169/163 5582/167/161 5613/229/1215 5614/199/191
f 5570/170/164 5569/168/162 5600/197/189 5601/198/1163
f 5584/171/165 5583/169/163 5614/199/191 5615/200/192
f 5571/172/166 5570/170/164 5601/198/1163 5602/201/193
f 5585/173/1261 5584/171/165 5615/200/192 5616/202/194
f 5572/174/168 5571/172/166 5602/201/193 5603/203/195
f 5586/175/169 5585/173/1261 5616/202/194 5617/204/196
f 5573/176/170 5572/174/168 5603/203/195 5604/205/197
f 5587/177/171 5586/175/169 5617/204/196 5618/206/198
f 5574/178/172 5573/176/170 5604/205/197 5605/207/199
f 5561/180/173 5934/208/34 5592/209/200
f 5588/181/174 5587/177/171 5618/206/198 5619/210/1262
f 5575/182/175 5574/178/172 5605/207/199 5606/211/202
f 5562/183/1214 5561/180/173 5592/209/200 5593/212/1216
f 5589/184/177 5588/181/174 5619/210/1262 5620/213/204
f 5576/185/178 5575/182/175 5606/211/202 5607/214/205
f 5563/186/179 5562/183/1214 5593/212/1216 5594/215/206
f 5590/187/180 5589/184/177 5620/213/204 5621/216/207
f 5577/188/181 5576/185/178 5607/214/205 5608/217/208
f 5564/189/182 5563/186/179 5594/215/206 5595/218/1263
f 5591/190/183 5590/187/180 5621/216/207 5622/219/210
f 5578/191/184 5577/188/181 5608/217/208 5609/220/211
f 5565/192/185 5564/189/182 5595/218/1263 5596/221/212
f 5933/222/60 5591/190/183 5622/219/210
f 5579/194/186 5578/191/184 5609/220/211 5610/223/213
f 5566/195/187 5565/192/185 5596/221/212 5597/224/214
f 5580/196/188 5579/194/186 5610/223/213 5611/225/215
f 5567/164/1260 5566/195/187 5597/224/214 5598/226/216
f 5581/166/160 5580/196/188 5611/225/215 5612/227/217
f 5568/165/159 5567/164/1260 5598/226/216 5599/228/218
f 5582/167/161 5581/166/160 5612/227/217 5613/229/1215
f 5569/168/162 5568/165/159 5599/228/218 5600/197/189
f 5616/202/194 5615/200/192 5646/262/250 5647/232/222
f 5603/203/195 5602/201/193 5633/230/220 5634/231/221
f 5617/204/196 5616/202/194 5647/232/222 5648/233/223
f 5604/205/197 5603/203/195 5634/231/221 5635/234/224
f 5618/206/198 5617/204/196 5648/233/223 5649/235/225
f 5605/207/199 5604/205/197 5635/234/224 5636/236/226
f 5592/209/200 5934/237/34 5623/238/227
f 5619/210/1262 5618/206/198 5649/235/225 5650/239/228
f 5606/211/202 5605/207/199 5636/236/226 5637/240/229
f 5593/212/1216 5592/209/200 5623/238/227 5624/241/230
f 5620/213/204 5619/210/1262 5650/239/228 5651/242/231
f 5607/214/205 5606/211/202 5637/240/229 5638/243/232
f 5594/215/206 5593/212/1216 5624/241/230 5625/244/233
f 5621/216/207 5620/213/204 5651/242/231 5652/245/234
f 5608/217/208 5607/214/205 5638/243/232 5639/246/235
f 5595/218/1263 5594/215/206 5625/244/233 5626/247/236
f 5622/219/210 5621/216/207 5652/245/234 5653/248/237
f 5609/220/211 5608/217/208 5639/246/235 5640/249/238
f 5596/221/212 5595/218/1263 5626/247/236 5627/250/239
f 5933/251/60 5622/219/210 5653/248/237
f 5610/223/213 5609/220/211 5640/249/238 5641/252/240
f 5597/224/214 5596/221/212 5627/250/239 5628/253/241
f 5611/225/215 5610/223/213 5641/252/240 5642/254/242
f 5598/226/216 5597/224/214 5628/253/241 5629/255/243
f 5612/227/217 5611/225/215 5642/254/242 5643/256/244
f 5599/228/218 5598/226/216 5629/255/243 5630/257/245
f 5613/229/1215 5612/227/217 5643/256/244 5644/258/246
f 5600/197/189 5599/228/218 5630/257/245 5631/259/1264
f 5614/199/191 5613/229/1215 5644/258/246 5645/260/248
f 5601/198/1163 5600/197/189 5631/259/1264 5632/261/249
f 5615/200/192 5614/199/191 5645/260/248 5646/262/250
f 5602/201/193 5601/198/1163 5632/261/249 5633/230/220
f 5649/235/225 5648/233/223 5679/295/281 5680/267/254
f 5636/236/226 5635/234/224 5666/263/251 5667/264/252
f 5623/238/227 5934/265/34 5654/266/1217
f 5650/239/228 5649/235/225 5680/267/254 5681/268/255
f 5637/240/229 5636/236/226 5667/264/252 5668/269/256
f 5624/241/230 5623/238/227 5654/266/1217 5655/270/257
f 5651/242/231 5650/239/228 5681/268/255 5682/271/258
f 5638/243/232 5637/240/229 5668/269/256 5669/272/259
f 5625/244/233 5624/241/230 5655/270/257 5656/273/260
f 5652/245/234 5651/242/231 5682/271/258 5683/274/261
f 5639/246/235 5638/243/232 5669/272/259 5670/275/262
f 5626/247/236 5625/244/233 5656/273/260 5657/276/263
f 5653/248/237 5652/245/234 5683/274/261 5684/277/1165
f 5640/249/238 5639/246/235 5670/275/262 5671/278/265
f 5627/250/239 5626/247/236 5657/276/263 5658/279/266
f 5933/280/60 5653/248/237 5684/277/1165
f 5641/252/240 5640/249/238 5671/278/265 5672/281/267
f 5628/253/241 5627/250/239 5658/279/266 5659/282/268
f 5642/254/242 5641/252/240 5672/281/267 5673/283/269
f 5629/255/243 5628/253/241 5659/282/268 5660/284/270
f 5643/256/244 5642/254/242 5673/283/269 5674/285/271
f 5630/257/245 5629/255/243 5660/284/270 5661/286/272
f 5644/258/246 5643/256/244 5674/285/271 5675/287/273
f 5631/259/1264 5630/257/245 5661/286/272 5662/288/274
f 5645/260/248 5644/258/246 5675/287/273 5676/289/275
f 5632/261/249 5631/259/1264 5662/288/274 5663/290/276
f 5646/262/250 5645/260/248 5676/289/275 5677/291/277
f 5633/230/220 5632/261/249 5663/290/276 5664/292/278
f 5647/232/222 5646/262/250 5677/291/277 5678/293/279
f 5634/231/221 5633/230/220 5664/292/278 5665/294/280
f 5648/233/223 5647/232/222 5678/293/279 5679/295/281
f 5635/234/224 5634/231/221 5665/294/280 5666/263/251
f 5655/270/257 5654/266/1217 5685/327/311 5686/298/284
f 5682/271/258 5681/268/255 5712/328/312 5713/300/286
f 5669/272/259 5668/269/256 5699/296/282 5700/297/283
f 5656/273/260 5655/270/257 5686/298/284 5687/299/285
f 5683/274/261 5682/271/258 5713/300/286 5714/301/287
f 5670/275/262 5669/272/259 5700/297/283 5701/302/288
f 5657/276/263 5656/273/260 5687/299/285 5688/303/289
f 5684/277/1165 5683/274/261 5714/301/287 5715/304/290
f 5671/278/265 5670/275/262 5701/302/288 5702/305/291
f 5658/279/266 5657/276/263 5688/303/289 5689/306/292
f 5933/307/60 5684/277/1165 5715/304/290
f 5672/281/267 5671/278/265 5702/305/291 5703/308/293
f 5659/282/268 5658/279/266 5689/306/292 5690/309/294
f 5673/283/269 5672/281/267 5703/308/293 5704/310/295
f 5660/284/270 5659/282/268 5690/309/294 5691/311/296
f 5674/285/271 5673/283/269 5704/310/295 5705/312/297
f 5661/286/272 5660/284/270 5691/311/296 5692/313/298
f 5675/287/273 5674/285/271 5705/312/297 5706/314/299
f 5662/288/274 5661/286/272 5692/313/298 5693/315/300
f 5676/289/275 5675/287/273 5706/314/299 5707/316/301
f 5663/290/276 5662/288/274 5693/315/300 5694/317/302
f 5677/291/277 5676/289/275 5707/316/301 5708/318/303
f 5664/292/278 5663/290/276 5694/317/302 5695/319/304
f 5678/293/279 5677/291/277 5708/318/303 5709/320/305
f 5665/294/280 5664/292/278 5695/319/304 5696/321/306
f 5679/295/281 5678/293/279 5709/320/305 5710/322/307
f 5666/263/251 5665/294/280 5696/321/306 5697/323/308
f 5680/267/254 5679/295/281 5710/322/307 5711/324/309
f 5667/264/252 5666/263/251 5697/323/308 5698/325/310
f 5654/266/1217 5934/326/34 5685/327/311
f 5681/268/255 5680/267/254 5711/324/309 5712/328/312
f 5668/269/256 5667/264/252 5698/325/310 5699/296/282
f 5688/303/289 5687/299/285 5718/360/342 5719/331/1265
f 5715/304/290 5714/301/287 5745/361/343 5746/334/317
f 5702/305/291 5701/302/288 5732/329/313 5733/330/314
f 5689/306/292 5688/303/289 5719/331/1265 5720/332/316
f 5933/333/60 5715/304/290 5746/334/317
f 5703/308/293 5702/305/291 5733/330/314 5734/335/318
f 5690/309/294 5689/306/292 5720/332/316 5721/336/319
f 5704/310/295 5703/308/293 5734/335/318 5735/337/320
f 5691/311/296 5690/309/294 5721/336/319 5722/338/321
f 5705/312/297 5704/310/295 5735/337/320 5736/339/322
f 5692/313/298 5691/311/296 5722/338/321 5723/340/323
f 5706/314/299 5705/312/297 5736/339/322 5737/341/1266
f 5693/315/300 5692/313/298 5723/340/323 5724/342/325
f 5707/316/301 5706/314/299 5737/341/1266 5738/343/326
f 5694/317/302 5693/315/300 5724/342/325 5725/344/1267
f 5708/318/303 5707/316/301 5738/343/326 5739/345/328
f 5695/319/304 5694/317/302 5725/344/1267 5726/346/329
f 5709/320/305 5708/318/303 5739/345/328 5740/347/330
f 5696/321/306 5695/319/304 5726/346/329 5727/348/331
f 5710/322/307 5709/320/305 5740/347/330 5741/349/332
f 5697/323/308 5696/321/306 5727/348/331 5728/350/333
f 5711/324/309 5710/322/307 5741/349/332 5742/351/334
f 5698/325/310 5697/323/308 5728/350/333 5729/352/335
f 5685/327/311 5934/353/34 5716/354/1219
f 5712/328/312 5711/324/309 5742/351/334 5743/355/1268
f 5699/296/282 5698/325/310 5729/352/335 5730/356/338
f 5686/298/284 5685/327/311 5716/354/1219 5717/357/1220
f 5713/300/286 5712/328/312 5743/355/1268 5744/358/340
f 5700/297/283 5699/296/282 5730/356/338 5731/359/341
f 5687/299/285 5686/298/284 5717/357/1220 5718/360/342
f 5714/301/287 5713/300/286 5744/358/340 5745/361/343
f 5701/302/288 5700/297/283 5731/359/341 5732/329/313
f 5721/336/319 5720/332/316 5751/393/374 5752/364/346
f 5735/337/320 5734/335/318 5765/362/344 5766/363/345
f 5722/338/321 5721/336/319 5752/364/346 5753/365/347
f 5736/339/322 5735/337/320 5766/363/345 5767/366/348
f 5723/340/323 5722/338/321 5753/365/347 5754/367/349
f 5737/341/1266 5736/339/322 5767/366/348 5768/368/350
f 5724/342/325 5723/340/323 5754/367/349 5755/369/351
f 5738/343/326 5737/341/1266 5768/368/350 5769/370/352
f 5725/344/1267 5724/342/325 5755/369/351 5756/371/353
f 5739/345/328 5738/343/326 5769/370/352 5770/372/354
f 5726/346/329 5725/344/1267 5756/371/353 5757/373/355
f 5740/347/330 5739/345/328 5770/372/354 5771/374/356
f 5727/348/331 5726/346/329 5757/373/355 5758/375/357
f 5741/349/332 5740/347/330 5771/374/356 5772/376/358
f 5728/350/333 5727/348/331 5758/375/357 5759/377/359
f 5742/351/334 5741/349/332 5772/376/358 5773/378/360
f 5729/352/335 5728/350/333 5759/377/359 5760/379/361
f 5716/354/1219 5934/380/34 5747/381/362
f 5743/355/1268 5742/351/334 5773/378/360 5774/382/363
f 5730/356/338 5729/352/335 5760/379/361 5761/383/364
f 5717/357/1220 5716/354/1219 5747/381/362 5748/384/1221
f 5744/358/340 5743/355/1268 5774/382/363 5775/385/366
f 5731/359/341 5730/356/338 5761/383/364 5762/386/367
f 5718/360/342 5717/357/1220 5748/384/1221 5749/387/368
f 5745/361/343 5744/358/340 5775/385/366 5776/388/369
f 5732/329/313 5731/359/341 5762/386/367 5763/389/370
f 5719/331/1265 5718/360/342 5749/387/368 5750/390/371
f 5746/334/317 5745/361/343 5776/388/369 5777/391/372
f 5733/330/314 5732/329/313 5763/389/370 5764/392/373
f 5720/332/316 5719/331/1265 5750/390/371 5751/393/374
f 5933/394/60 5746/334/317 5777/391/372
f 5734/335/318 5733/330/314 5764/392/373 5765/362/344
f 5754/367/349 5753/365/347 5784/427/405 5785/397/377
f 5768/368/350 5767/366/348 5798/395/375 5799/396/376
f 5755/369/351 5754/367/349 5785/397/377 5786/398/378
f 5769/370/352 5768/368/350 5799/396/376 5800/399/379
f 5756/371/353 5755/369/351 5786/398/378 5787/400/380
f 5770/372/354 5769/370/352 5800/399/379 5801/401/381
f 5757/373/355 5756/371/353 5787/400/380 5788/402/382
f 5771/374/356 5770/372/354 5801/401/381 5802/403/383
f 5758/375/357 5757/373/355 5788/402/382 5789/404/384
f 5772/376/358 5771/374/356 5802/403/383 5803/405/385
f 5759/377/359 5758/375/357 5789/404/384 5790/406/386
f 5773/378/360 5772/376/358 5803/405/385 5804/407/387
f 5760/379/361 5759/377/359 5790/406/386 5791/408/388
f 5747/381/362 5934/409/34 5778/410/1222
f 5774/382/363 5773/378/360 5804/407/387 5805/411/390
f 5761/383/364 5760/379/361 5791/408/388 5792/412/391
f 5748/384/1221 5747/381/362 5778/410/1222 5779/413/392
f 5775/385/366 5774/382/363 5805/411/390 5806/414/393
f 5762/386/367 5761/383/364 5792/412/391 5793/415/394
f 5749/387/368 5748/384/1221 5779/413/392 5780/416/395
f 5776/388/369 5775/385/366 5806/414/393 5807/417/396
f 5763/389/370 5762/386/367 5793/415/394 5794/418/397
f 5750/390/371 5749/387/368 5780/416/395 5781/419/398
f 5777/391/372 5776/388/369 5807/417/396 5808/420/399
f 5764/392/373 5763/389/370 5794/418/397 5795/421/400
f 5751/393/374 5750/390/371 5781/419/398 5782/422/401
f 5933/423/60 5777/391/372 5808/420/399
f 5765/362/344 5764/392/373 5795/421/400 5796/424/402
f 5752/364/346 5751/393/374 5782/422/401 5783/425/403
f 5766/363/345 5765/362/344 5796/424/402 5797/426/404
f 5753/365/347 5752/364/346 5783/425/403 5784/427/405
f 5767/366/348 5766/363/345 5797/426/404 5798/395/375
f 5787/400/380 5786/398/378 5817/460/436 5818/430/408
f 5801/401/381 5800/399/379 5831/428/406 5832/429/407
f 5788/402/382 5787/400/380 5818/430/408 5819/431/409
f 5802/403/383 5801/401/381 5832/429/407 5833/432/410
f 5789/404/384 5788/402/382 5819/431/409 5820/433/411
f 5803/405/385 5802/403/383 5833/432/410 5834/434/412
f 5790/406/386 5789/404/384 5820/433/411 5821/435/413
f 5804/407/387 5803/405/385 5834/434/412 5835/436/414
f 5791/408/388 5790/406/386 5821/435/413 5822/437/415
f 5778/410/1222 5934/438/34 5809/439/416
f 5805/411/390 5804/407/387 5835/436/414 5836/440/417
f 5792/412/391 5791/408/388 5822/437/415 5823/441/418
f 5779/413/392 5778/410/1222 5809/439/416 5810/442/1225
f 5806/414/393 5805/411/390 5836/440/417 5837/443/420
f 5793/415/394 5792/412/391 5823/441/418 5824/444/421
f 5780/416/395 5779/413/392 5810/442/1225 5811/445/422
f 5807/417/396 5806/414/393 5837/443/420 5838/446/423
f 5794/418/397 5793/415/394 5824/444/421 5825/447/424
f 5781/419/398 5780/416/395 5811/445/422 5812/448/425
f 5808/420/399 5807/417/396 5838/446/423 5839/449/426
f 5795/421/400 5794/418/397 5825/447/424 5826/450/427
f 5782/422/401 5781/419/398 5812/448/425 5813/451/428
f 5933/452/60 5808/420/399 5839/449/426
f 5796/424/402 5795/421/400 5826/450/427 5827/453/429
f 5783/425/403 5782/422/401 5813/451/428 5814/454/430
f 5797/426/404 5796/424/402 5827/453/429 5828/455/431
f 5784/427/405 5783/425/403 5814/454/430 5815/456/432
f 5798/395/375 5797/426/404 5828/455/431 5829/457/433
f 5785/397/377 5784/427/405 5815/456/432 5816/458/434
f 5799/396/376 5798/395/375 5829/457/433 5830/459/435
f 5786/398/378 5785/397/377 5816/458/434 5817/460/436
f 5800/399/379 5799/396/376 5830/459/435 5831/428/406
f 5820/433/411 5819/431/409 5850/493/467 5851/463/439
f 5834/434/412 5833/432/410 5864/461/437 5865/462/438
f 5821/435/413 5820/433/411 5851/463/439 5852/464/440
f 5835/436/414 5834/434/412 5865/462/438 5866/465/441
f 5822/437/415 5821/435/413 5852/464/440 5853/466/442
f 5809/439/416 5934/467/34 5840/468/443
f 5836/440/417 5835/436/414 5866/465/441 5867/469/444
f 5823/441/418 5822/437/415 5853/466/442 5854/470/445
f 5810/442/1225 5809/439/416 5840/468/443 5841/471/1226
f 5837/443/420 5836/440/417 5867/469/444 5868/472/447
f 5824/444/421 5823/441/418 5854/470/445 5855/473/448
f 5811/445/422 5810/442/1225 5841/471/1226 5842/474/449
f 5838/446/423 5837/443/420 5868/472/447 5869/475/450
f 5825/447/424 5824/444/421 5855/473/448 5856/476/451
f 5812/448/425 5811/445/422 5842/474/449 5843/477/452
f 5839/449/426 5838/446/423 5869/475/450 5870/478/453
f 5826/450/427 5825/447/424 5856/476/451 5857/479/454
f 5813/451/428 5812/448/425 5843/477/452 5844/480/455
f 5933/481/60 5839/449/426 5870/478/453
f 5827/453/429 5826/450/427 5857/479/454 5858/482/456
f 5814/454/430 5813/451/428 5844/480/455 5845/483/457
f 5828/455/431 5827/453/429 5858/482/456 5859/484/458
f 5815/456/432 5814/454/430 5845/483/457 5846/485/459
f 5829/457/433 5828/455/431 5859/484/458 5860/486/460
f 5816/458/434 5815/456/432 5846/485/459 5847/487/461
f 5830/459/435 5829/457/433 5860/486/460 5861/488/1269
f 5817/460/436 5816/458/434 5847/487/461 5848/489/463
f 5831/428/406 5830/459/435 5861/488/1269 5862/490/464
f 5818/430/408 5817/460/436 5848/489/463 5849/491/1270
f 5832/429/407 5831/428/406 5862/490/464 5863/492/466
f 5819/431/409 5818/430/408 5849/491/1270 5850/493/467
f 5833/432/410 5832/429/407 5863/492/466 5864/461/437
f 5853/466/442 5852/464/440 5883/525/498 5884/496/470
f 5840/468/443 5934/526/34 5871/498/472
f 5867/469/444 5866/465/441 5897/494/468 5898/495/469
f 5854/470/445 5853/466/442 5884/496/470 5885/497/471
f 5841/471/1226 5840/468/443 5871/498/472 5872/499/473
f 5868/472/447 5867/469/444 5898/495/469 5899/500/474
f 5855/473/448 5854/470/445 5885/497/471 5886/501/475
f 5842/474/449 5841/471/1226 5872/499/473 5873/502/476
f 5869/475/450 5868/472/447 5899/500/474 5900/503/477
f 5856/476/451 5855/473/448 5886/501/475 5887/504/478
f 5843/477/452 5842/474/449 5873/502/476 5874/505/479
f 5870/478/453 5869/475/450 5900/503/477 5901/506/480
f 5857/479/454 5856/476/451 5887/504/478 5888/507/481
f 5844/480/455 5843/477/452 5874/505/479 5875/508/482
f 5933/509/60 5870/478/453 5901/506/480
f 5858/482/456 5857/479/454 5888/507/481 5889/510/483
f 5845/483/457 5844/480/455 5875/508/482 5876/511/484
f 5859/484/458 5858/482/456 5889/510/483 5890/512/485
f 5846/485/459 5845/483/457 5876/511/484 5877/513/486
f 5860/486/460 5859/484/458 5890/512/485 5891/514/487
f 5847/487/461 5846/485/459 5877/513/486 5878/515/488
f 5861/488/1269 5860/486/460 5891/514/487 5892/516/1271
f 5848/489/463 5847/487/461 5878/515/488 5879/517/490
f 5862/490/464 5861/488/1269 5892/516/1271 5893/518/491
f 5849/491/1270 5848/489/463 5879/517/490 5880/519/1272
f 5863/492/466 5862/490/464 5893/518/491 5894/520/493
f 5850/493/467 5849/491/1270 5880/519/1272 5881/521/494
f 5864/461/437 5863/492/466 5894/520/493 5895/522/495
f 5851/463/439 5850/493/467 5881/521/494 5882/523/496
f 5865/462/438 5864/461/437 5895/522/495 5896/524/497
f 5852/464/440 5851/463/439 5882/523/496 5883/525/498
f 5866/465/441 5865/462/438 5896/524/497 5897/494/468
f 5886/501/475 5885/497/471 5916/558/528 5917/529/501
f 5873/502/476 5872/499/473 5903/559/529 5904/531/503
f 5900/503/477 5899/500/474 5930/527/499 5931/528/500
f 5887/504/478 5886/501/475 5917/529/501 5918/530/502
f 5874/505/479 5873/502/476 5904/531/503 5905/532/504
f 5901/506/480 5900/503/477 5931/528/500 5932/533/1105
f 5888/507/481 5887/504/478 5918/530/502 5919/534/506
f 5875/508/482 5874/505/479 5905/532/504 5906/535/507
f 5933/536/60 5901/506/480 5932/533/1105
f 5889/510/483 5888/507/481 5919/534/506 5920/537/508
f 5876/511/484 5875/508/482 5906/535/507 5907/538/509
f 5890/512/485 5889/510/483 5920/537/508 5921/539/510
f 5877/513/486 5876/511/484 5907/538/509 5908/540/511
f 5891/514/487 5890/512/485 5921/539/510 5922/541/512
f 5878/515/488 5877/513/486 5908/540/511 5909/542/513
f 5892/516/1271 5891/514/487 5922/541/512 5923/543/1273
f 5879/517/490 5878/515/488 5909/542/513 5910/544/515
f 5893/518/491 5892/516/1271 5923/543/1273 5924/545/516
f 5880/519/1272 5879/517/490 5910/544/515 5911/546/1274
f 5894/520/493 5893/518/491 5924/545/516 5925/547/518
f 5881/521/494 5880/519/1272 5911/546/1274 5912/548/519
f 5895/522/495 5894/520/493 5925/547/518 5926/549/520
f 5882/523/496 5881/521/494 5912/548/519 5913/550/521
f 5896/524/497 5895/522/495 5926/549/520 5927/551/522
f 5883/525/498 5882/523/496 5913/550/521 5914/552/523
f 5897/494/468 5896/524/497 5927/551/522 5928/553/524
f 5884/496/470 5883/525/498 5914/552/523 5915/554/525
f 5871/498/472 5934/555/34 5902/556/526
f 5898/495/469 5897/494/468 5928/553/524 5929/557/527
f 5885/497/471 5884/496/470 5915/554/525 5916/558/528
f 5872/499/473 5871/498/472 5902/556/526 5903/559/529
f 5899/500/474 5898/495/469 5929/557/527 5930/527/499
f 5919/534/506 5918/530/502 5951/591/559 5952/562/531
f 5906/535/507 5905/532/504 5938/592/560 5939/564/533
f 5933/560/60 5932/533/1105 5965/561/530
f 5920/537/508 5919/534/506 5952/562/531 5953/563/532
f 5907/538/509 5906/535/507 5939/564/533 5940/565/534
f 5921/539/510 5920/537/508 5953/563/532 5954/566/535
f 5908/540/511 5907/538/509 5940/565/534 5941/567/536
f 5922/541/512 5921/539/510 5954/566/535 5955/568/537
f 5909/542/513 5908/540/511 5941/567/536 5942/569/538
f 5923/543/1273 5922/541/512 5955/568/537 5956/570/539
f 5910/544/515 5909/542/513 5942/569/538 5943/571/540
f 5924/545/516 5923/543/1273 5956/570/539 5957/572/541
f 5911/546/1274 5910/544/515 5943/571/540 5944/573/542
f 5925/547/518 5924/545/516 5957/572/541 5958/574/543
f 5912/548/519 5911/546/1274 5944/573/542 5945/575/544
f 5926/549/520 5925/547/518 5958/574/543 5959/576/545
f 5913/550/521 5912/548/519 5945/575/544 5946/577/546
f 5927/551/522 5926/549/520 5959/576/545 5960/578/547
f 5914/552/523 5913/550/521 5946/577/546 5947/579/548
f 5928/553/524 5927/551/522 5960/578/547 5961/580/549
f 5915/554/525 5914/552/523 5947/579/548 5948/581/550
f 5902/556/526 5934/582/34 5935/583/551
f 5929/557/527 5928/553/524 5961/580/549 5962/584/552
f 5916/558/528 5915/554/525 5948/581/550 5949/585/553
f 5903/559/529 5902/556/526 5935/583/551 5936/586/554
f 5930/527/499 5929/557/527 5962/584/552 5963/587/555
f 5917/529/501 5916/558/528 5949/585/553 5950/588/556
f 5904/531/503 5903/559/529 5936/586/554 5937/589/557
f 5931/528/500 5930/527/499 5963/587/555 5964/590/558
f 5918/530/502 5917/529/501 5950/588/556 5951/591/559
f 5905/532/504 5904/531/503 5937/589/557 5938/592/560
f 5932/533/1105 5931/528/500 5964/590/558 5965/561/530
f 5954/566/535 5953/563/532 5984/624/590 5985/593/561
f 5941/567/536 5940/565/534 5971/625/591 5972/595/563
f 5955/568/537 5954/566/535 5985/593/561 5986/594/562
f 5942/569/538 5941/567/536 5972/595/563 5973/596/564
f 5956/570/539 5955/568/537 5986/594/562 5987/597/565
f 5943/571/540 5942/569/538 5973/596/564 5974/598/566
f 5957/572/541 5956/570/539 5987/597/565 5988/599/567
f 5944/573/542 5943/571/540 5974/598/566 5975/600/568
f 5958/574/543 5957/572/541 5988/599/567 5989/601/569
f 5945/575/544 5944/573/542 5975/600/568 5976/602/570
f 5959/576/545 5958/574/543 5989/601/569 5990/603/571
f 5946/577/546 5945/575/544 5976/602/570 5977/604/572
f 5960/578/547 5959/576/545 5990/603/571 5991/605/573
f 5947/579/548 5946/577/546 5977/604/572 5978/606/1275
f 5961/580/549 5960/578/547 5991/605/573 5992/607/575
f 5948/581/550 5947/579/548 5978/606/1275 5979/608/576
f 5935/583/551 5934/609/34 5966/610/577
f 5962/584/552 5961/580/549 5992/607/575 5993/611/578
f 5949/585/553 5948/581/550 5979/608/576 5980/612/579
f 5936/586/554 5935/583/551 5966/610/577 5967/613/1228
f 5963/587/555 5962/584/552 5993/611/578 5994/614/581
f 5950/588/556 5949/585/553 5980/612/579 5981/615/582
f 5937/589/557 5936/586/554 5967/613/1228 5968/616/583
f 5964/590/558 5963/587/555 5994/614/581 5995/617/584
f 5951/591/559 5950/588/556 5981/615/582 5982/618/585
f 5938/592/560 5937/589/557 5968/616/583 5969/619/586
f 5965/561/530 5964/590/558 5995/617/584 5996/620/587
f 5952/562/531 5951/591/559 5982/618/585 5983/621/588
f 5939/564/533 5938/592/560 5969/619/586 5970/622/589
f 5933/623/60 5965/561/530 5996/620/587
f 5953/563/532 5952/562/531 5983/621/588 5984/624/590
f 5940/565/534 5939/564/533 5970/622/589 5971/625/591
f 5987/597/565 5986/594/562 6017/657/1229 6018/626/592
f 5974/598/566 5973/596/564 6004/658/622 6005/628/594
f 5988/599/567 5987/597/565 6018/626/592 6019/627/593
f 5975/600/568 5974/598/566 6005/628/594 6006/629/595
f 5989/601/569 5988/599/567 6019/627/593 6020/630/596
f 5976/602/570 5975/600/568 6006/629/595 6007/631/1177
f 5990/603/571 5989/601/569 6020/630/596 6021/632/598
f 5977/604/572 5976/602/570 6007/631/1177 6008/633/599
f 5991/605/573 5990/603/571 6021/632/598 6022/634/600
f 5978/606/1275 5977/604/572 6008/633/599 6009/635/601
f 5992/607/575 5991/605/573 6022/634/600 6023/636/602
f 5979/608/576 5978/606/1275 6009/635/601 6010/637/603
f 5966/610/577 5934/638/34 5997/639/604
f 5993/611/578 5992/607/575 6023/636/602 6024/640/605
f 5980/612/579 5979/608/576 6010/637/603 6011/641/606
f 5967/613/1228 5966/610/577 5997/639/604 5998/642/1230
f 5994/614/581 5993/611/578 6024/640/605 6025/643/608
f 5981/615/582 5980/612/579 6011/641/606 6012/644/609
f 5968/616/583 5967/613/1228 5998/642/1230 5999/645/610
f 5995/617/584 5994/614/581 6025/643/608 6026/646/611
f 5982/618/585 5981/615/582 6012/644/609 6013/647/612
f 5969/619/586 5968/616/583 5999/645/610 6000/648/613
f 5996/620/587 5995/617/584 6026/646/611 6027/649/614
f 5983/621/588 5982/618/585 6013/647/612 6014/650/615
f 5970/622/589 5969/619/586 6000/648/613 6001/651/616
f 5933/652/60 5996/620/587 6027/649/614
f 5984/624/590 5983/621/588 6014/650/615 6015/653/617
f 5971/625/591 5970/622/589 6001/651/616 6002/654/618
f 5985/593/561 5984/624/590 6015/653/617 6016/655/619
f 5972/595/563 5971/625/591 6002/654/618 6003/656/620
f 5986/594/562 5985/593/561 6016/655/619 6017/657/1229
f 5973/596/564 5972/595/563 6003/656/620 6004/658/622
f 6020/630/596 6019/627/593 6050/690/652 6051/659/623
f 6007/631/1177 6006/629/595 6037/691/1276 6038/661/625
f 6021/632/598 6020/630/596 6051/659/623 6052/660/624
f 6008/633/599 6007/631/1177 6038/661/625 6039/662/626
f 6022/634/600 6021/632/598 6052/660/624 6053/663/627
f 6009/635/601 6008/633/599 6039/662/626 6040/664/628
f 6023/636/602 6022/634/600 6053/663/627 6054/665/629
f 6010/637/603 6009/635/601 6040/664/628 6041/666/630
f 5997/639/604 5934/667/34 6028/668/1277
f 6024/640/605 6023/636/602 6054/665/629 6055/669/1278
f 6011/641/606 6010/637/603 6041/666/630 6042/670/633
f 5998/642/1230 5997/639/604 6028/668/1277 6029/671/634
f 6025/643/608 6024/640/605 6055/669/1278 6056/672/635
f 6012/644/609 6011/641/606 6042/670/633 6043/673/636
f 5999/645/610 5998/642/1230 6029/671/634 6030/674/637
f 6026/646/611 6025/643/608 6056/672/635 6057/675/638
f 6013/647/612 6012/644/609 6043/673/636 6044/676/639
f 6000/648/613 5999/645/610 6030/674/637 6031/677/1233
f 6027/649/614 6026/646/611 6057/675/638 6058/678/641
f 6014/650/615 6013/647/612 6044/676/639 6045/679/642
f 6001/651/616 6000/648/613 6031/677/1233 6032/680/643
f 5933/681/60 6027/649/614 6058/678/641
f 6015/653/617 6014/650/615 6045/679/642 6046/682/644
f 6002/654/618 6001/651/616 6032/680/643 6033/683/645
f 6016/655/619 6015/653/617 6046/682/644 6047/684/646
f 6003/656/620 6002/654/618 6033/683/645 6034/685/647
f 6017/657/1229 6016/655/619 6047/684/646 6048/686/648
f 6004/658/622 6003/656/620 6034/685/647 6035/687/649
f 6018/626/592 6017/657/1229 6048/686/648 6049/688/1235
f 6005/628/594 6004/658/622 6035/687/649 6036/689/651
f 6019/627/593 6018/626/592 6049/688/1235 6050/690/652
f 6006/629/595 6005/628/594 6036/689/651 6037/691/1276
f 6053/663/627 6052/660/624 6083/723/683 6084/692/654
f 6040/664/628 6039/662/626 6070/724/684 6071/694/656
f 6054/665/629 6053/663/627 6084/692/654 6085/693/655
f 6041/666/630 6040/664/628 6071/694/656 6072/695/657
f 6028/668/1277 5934/696/34 6059/697/658
f 6055/669/1278 6054/665/629 6085/693/655 6086/698/659
f 6042/670/633 6041/666/630 6072/695/657 6073/699/660
f 6029/671/634 6028/668/1277 6059/697/658 6060/700/1236
f 6056/672/635 6055/669/1278 6086/698/659 6087/701/662
f 6043/673/636 6042/670/633 6073/699/660 6074/702/663
f 6030/674/637 6029/671/634 6060/700/1236 6061/703/664
f 6057/675/638 6056/672/635 6087/701/662 6088/704/665
f 6044/676/639 6043/673/636 6074/702/663 6075/705/666
f 6031/677/1233 6030/674/637 6061/703/664 6062/706/667
f 6058/678/641 6057/675/638 6088/704/665 6089/707/668
f 6045/679/642 6044/676/639 6075/705/666 6076/708/669
f 6032/680/643 6031/677/1233 6062/706/667 6063/709/670
f 5933/710/60 6058/678/641 6089/707/668
f 6046/682/644 6045/679/642 6076/708/669 6077/711/671
f 6033/683/645 6032/680/643 6063/709/670 6064/712/672
f 6047/684/646 6046/682/644 6077/711/671 6078/713/673
f 6034/685/647 6033/683/645 6064/712/672 6065/714/674
f 6048/686/648 6047/684/646 6078/713/673 6079/715/1237
f 6035/687/649 6034/685/647 6065/714/674 6066/716/676
f 6049/688/1235 6048/686/648 6079/715/1237 6080/717/677
f 6036/689/651 6035/687/649 6066/716/676 6067/718/678
f 6050/690/652 6049/688/1235 6080/717/677 6081/719/679
f 6037/691/1276 6036/689/651 6067/718/678 6068/720/680
f 6051/659/623 6050/690/652 6081/719/679 6082/721/681
f 6038/661/625 6037/691/1276 6068/720/680 6069/722/1185
f 6052/660/624 6051/659/623 6082/721/681 6083/723/683
f 6039/662/626 6038/661/625 6069/722/1185 6070/724/684
f 6086/698/659 6085/693/655 6116/755/714 6117/727/687
f 6073/699/660 6072/695/657 6103/756/715 6104/729/689
f 6060/700/1236 6059/697/658 6090/725/685 6091/726/1240
f 6087/701/662 6086/698/659 6117/727/687 6118/728/688
f 6074/702/663 6073/699/660 6104/729/689 6105/730/690
f 6061/703/664 6060/700/1236 6091/726/1240 6092/731/691
f 6088/704/665 6087/701/662 6118/728/688 6119/732/692
f 6075/705/666 6074/702/663 6105/730/690 6106/733/693
f 6062/706/667 6061/703/664 6092/731/691 6093/734/694
f 6089/707/668 6088/704/665 6119/732/692 6120/735/695
f 6076/708/669 6075/705/666 6106/733/693 6107/736/696
f 6063/709/670 6062/706/667 6093/734/694 6094/737/697
f 5933/738/60 6089/707/668 6120/735/695
f 6077/711/671 6076/708/669 6107/736/696 6108/739/698
f 6064/712/672 6063/709/670 6094/737/697 6095/740/699
f 6078/713/673 6077/711/671 6108/739/698 6109/741/700
f 6065/714/674 6064/712/672 6095/740/699 6096/742/701
f 6079/715/1237 6078/713/673 6109/741/700 6110/743/702
f 6066/716/676 6065/714/674 6096/742/701 6097/744/703
f 6080/717/677 6079/715/1237 6110/743/702 6111/745/1241
f 6067/718/678 6066/716/676 6097/744/703 6098/746/705
f 6081/719/679 6080/717/677 6111/745/1241 6112/747/706
f 6068/720/680 6067/718/678 6098/746/705 6099/748/707
f 6082/721/681 6081/719/679 6112/747/706 6113/749/708
f 6069/722/1185 6068/720/680 6099/748/707 6100/750/709
f 6083/723/683 6082/721/681 6113/749/708 6114/751/710
f 6070/724/684 6069/722/1185 6100/750/709 6101/752/711
f 6084/692/654 6083/723/683 6114/751/710 6115/753/712
f 6071/694/656 6070/724/684 6101/752/711 6102/754/713
f 6085/693/655 6084/692/654 6115/753/712 6116/755/714
f 6072/695/657 6071/694/656 6102/754/713 6103/756/715
f 6059/697/658 5934/757/34 6090/725/685
f 6119/732/692 6118/728/688 6149/789/745 6150/760/718
f 6106/733/693 6105/730/690 6136/790/746 6137/762/720
f 6093/734/694 6092/731/691 6123/758/716 6124/759/717
f 6120/735/695 6119/732/692 6150/760/718 6151/761/719
f 6107/736/696 6106/733/693 6137/762/720 6138/763/721
f 6094/737/697 6093/734/694 6124/759/717 6125/764/722
f 5933/765/60 6120/735/695 6151/761/719
f 6108/739/698 6107/736/696 6138/763/721 6139/766/723
f 6095/740/699 6094/737/697 6125/764/722 6126/767/724
f 6109/741/700 6108/739/698 6139/766/723 6140/768/725
f 6096/742/701 6095/740/699 6126/767/724 6127/769/726
f 6110/743/702 6109/741/700 6140/768/725 6141/770/727
f 6097/744/703 6096/742/701 6127/769/726 6128/771/728
f 6111/745/1241 6110/743/702 6141/770/727 6142/772/729
f 6098/746/705 6097/744/703 6128/771/728 6129/773/730
f 6112/747/706 6111/745/1241 6142/772/729 6143/774/731
f 6099/748/707 6098/746/705 6129/773/730 6130/775/732
f 6113/749/708 6112/747/706 6143/774/731 6144/776/1187
f 6100/750/709 6099/748/707 6130/775/732 6131/777/734
f 6114/751/710 6113/749/708 6144/776/1187 6145/778/735
f 6101/752/711 6100/750/709 6131/777/734 6132/779/736
f 6115/753/712 6114/751/710 6145/778/735 6146/780/737
f 6102/754/713 6101/752/711 6132/779/736 6133/781/738
f 6116/755/714 6115/753/712 6146/780/737 6147/782/739
f 6103/756/715 6102/754/713 6133/781/738 6134/783/740
f 6090/725/685 5934/784/34 6121/785/741
f 6117/727/687 6116/755/714 6147/782/739 6148/786/742
f 6104/729/689 6103/756/715 6134/783/740 6135/787/743
f 6091/726/1240 6090/725/685 6121/785/741 6122/788/744
f 6118/728/688 6117/727/687 6148/786/742 6149/789/745
f 6105/730/690 6104/729/689 6135/787/743 6136/790/746
f 6092/731/691 6091/726/1240 6122/788/744 6123/758/716
f 5933/823/60 6151/761/719 6182/821/776
f 6139/766/723 6138/763/721 6169/822/777 6170/793/749
f 6126/767/724 6125/764/722 6156/791/747 6157/792/748
f 6140/768/725 6139/766/723 6170/793/749 6171/794/750
f 6127/769/726 6126/767/724 6157/792/748 6158/795/751
f 6141/770/727 6140/768/725 6171/794/750 6172/796/752
f 6128/771/728 6127/769/726 6158/795/751 6159/797/753
f 6142/772/729 6141/770/727 6172/796/752 6173/798/754
f 6129/773/730 6128/771/728 6159/797/753 6160/799/755
f 6143/774/731 6142/772/729 6173/798/754 6174/800/756
f 6130/775/732 6129/773/730 6160/799/755 6161/801/757
f 6144/776/1187 6143/774/731 6174/800/756 6175/802/758
f 6131/777/734 6130/775/732 6161/801/757 6162/803/759
f 6145/778/735 6144/776/1187 6175/802/758 6176/804/760
f 6132/779/736 6131/777/734 6162/803/759 6163/805/761
f 6146/780/737 6145/778/735 6176/804/760 6177/806/762
f 6133/781/738 6132/779/736 6163/805/761 6164/807/763
f 6147/782/739 6146/780/737 6177/806/762 6178/808/764
f 6134/783/740 6133/781/738 6164/807/763 6165/809/765
f 6121/785/741 5934/810/34 6152/811/766
f 6148/786/742 6147/782/739 6178/808/764 6179/812/767
f 6135/787/743 6134/783/740 6165/809/765 6166/813/768
f 6122/788/744 6121/785/741 6152/811/766 6153/814/769
f 6149/789/745 6148/786/742 6179/812/767 6180/815/770
f 6136/790/746 6135/787/743 6166/813/768 6167/816/771
f 6123/758/716 6122/788/744 6153/814/769 6154/817/772
f 6150/760/718 6149/789/745 6180/815/770 6181/818/773
f 6137/762/720 6136/790/746 6167/816/771 6168/819/774
f 6124/759/717 6123/758/716 6154/817/772 6155/820/775
f 6151/761/719 6150/760/718 6181/818/773 6182/821/776
f 6138/763/721 6137/762/720 6168/819/774 6169/822/777
f 6125/764/722 6124/759/717 6155/820/775 6156/791/747
f 6172/829/752 6171/886/750 6202/887/808 6203/830/780
f 6159/824/753 6158/825/751 6189/826/778 6190/827/779
f 6173/828/754 6172/829/752 6203/830/780 6204/831/781
f 6160/832/755 6159/824/753 6190/827/779 6191/833/782
f 6174/834/756 6173/828/754 6204/831/781 6205/835/783
f 6161/836/757 6160/832/755 6191/833/782 6192/837/784
f 6175/838/758 6174/834/756 6205/835/783 6206/839/785
f 6162/840/759 6161/836/757 6192/837/784 6193/841/786
f 6176/842/760 6175/838/758 6206/839/785 6207/843/787
f 6163/844/761 6162/840/759 6193/841/786 6194/845/788
f 6177/846/762 6176/842/760 6207/843/787 6208/847/789
f 6164/848/763 6163/844/761 6194/845/788 6195/849/790
f 6178/850/764 6177/846/762 6208/847/789 6209/851/791
f 6165/852/765 6164/848/763 6195/849/790 6196/853/792
f 6152/854/766 5934/855/34 6183/856/793
f 6179/857/767 6178/850/764 6209/851/791 6210/858/794
f 6166/859/768 6165/852/765 6196/853/792 6197/860/795
f 6153/861/769 6152/854/766 6183/856/793 6184/862/796
f 6180/863/770 6179/857/767 6210/858/794 6211/864/797
f 6167/865/771 6166/859/768 6197/860/795 6198/866/798
f 6154/867/772 6153/861/769 6184/862/796 6185/868/799
f 6181/869/773 6180/863/770 6211/864/797 6212/870/800
f 6168/871/774 6167/865/771 6198/866/798 6199/872/801
f 6155/873/775 6154/867/772 6185/868/799 6186/874/802
f 6182/875/776 6181/869/773 6212/870/800 6213/876/803
f 6169/877/777 6168/871/774 6199/872/801 6200/878/804
f 6156/879/747 6155/873/775 6186/874/802 6187/880/805
f 5933/881/60 6182/875/776 6213/876/803
f 6170/882/749 6169/877/777 6200/878/804 6201/883/806
f 6157/884/748 6156/879/747 6187/880/805 6188/885/807
f 6171/886/750 6170/882/749 6201/883/806 6202/887/808
f 6158/825/751 6157/884/748 6188/885/807 6189/826/778
f 6205/835/783 6204/831/781 6235/920/1244 6236/890/811
f 6192/837/784 6191/833/782 6222/888/809 6223/889/1189
f 6206/839/785 6205/835/783 6236/890/811 6237/891/812
f 6193/841/786 6192/837/784 6223/889/1189 6224/892/813
f 6207/843/787 6206/839/785 6237/891/812 6238/893/814
f 6194/845/788 6193/841/786 6224/892/813 6225/894/815
f 6208/847/789 6207/843/787 6238/893/814 6239/895/816
f 6195/849/790 6194/845/788 6225/894/815 6226/896/817
f 6209/851/791 6208/847/789 6239/895/816 6240/897/818
f 6196/853/792 6195/849/790 6226/896/817 6227/898/819
f 6183/856/793 5934/899/34 6214/900/820
f 6210/858/794 6209/851/791 6240/897/818 6241/901/821
f 6197/860/795 6196/853/792 6227/898/819 6228/902/1279
f 6184/862/796 6183/856/793 6214/900/820 6215/903/1245
f 6211/864/797 6210/858/794 6241/901/821 6242/904/824
f 6198/866/798 6197/860/795 6228/902/1279 6229/905/825
f 6185/868/799 6184/862/796 6215/903/1245 6216/906/826
f 6212/870/800 6211/864/797 6242/904/824 6243/907/827
f 6199/872/801 6198/866/798 6229/905/825 6230/908/1280
f 6186/874/802 6185/868/799 6216/906/826 6217/909/829
f 6213/876/803 6212/870/800 6243/907/827 6244/910/830
f 6200/878/804 6199/872/801 6230/908/1280 6231/911/831
f 6187/880/805 6186/874/802 6217/909/829 6218/912/832
f 5933/913/60 6213/876/803 6244/910/830
f 6201/883/806 6200/878/804 6231/911/831 6232/914/833
f 6188/885/807 6187/880/805 6218/912/832 6219/915/834
f 6202/887/808 6201/883/806 6232/914/833 6233/916/835
f 6189/826/778 6188/885/807 6219/915/834 6220/917/836
f 6203/830/780 6202/887/808 6233/916/835 6234/918/837
f 6190/827/779 6189/826/778 6220/917/836 6221/919/838
f 6204/831/781 6203/830/780 6234/918/837 6235/920/1244
f 6191/833/782 6190/827/779 6221/919/838 6222/888/809
f 6227/898/819 6226/896/817 6257/952/870 6258/923/842
f 6214/900/820 5934/953/34 6245/925/844
f 6241/901/821 6240/897/818 6271/921/840 6272/922/841
f 6228/902/1279 6227/898/819 6258/923/842 6259/924/843
f 6215/903/1245 6214/900/820 6245/925/844 6246/926/1246
f 6242/904/824 6241/901/821 6272/922/841 6273/927/846
f 6229/905/825 6228/902/1279 6259/924/843 6260/928/847
f 6216/906/826 6215/903/1245 6246/926/1246 6247/929/848
f 6243/907/827 6242/904/824 6273/927/846 6274/930/849
f 6230/908/1280 6229/905/825 6260/928/847 6261/931/850
f 6217/909/829 6216/906/826 6247/929/848 6248/932/851
f 6244/910/830 6243/907/827 6274/930/849 6275/933/852
f 6231/911/831 6230/908/1280 6261/931/850 6262/934/853
f 6218/912/832 6217/909/829 6248/932/851 6249/935/854
f 5933/936/60 6244/910/830 6275/933/852
f 6232/914/833 6231/911/831 6262/934/853 6263/937/855
f 6219/915/834 6218/912/832 6249/935/854 6250/938/856
f 6233/916/835 6232/914/833 6263/937/855 6264/939/857
f 6220/917/836 6219/915/834 6250/938/856 6251/940/858
f 6234/918/837 6233/916/835 6264/939/857 6265/941/859
f 6221/919/838 6220/917/836 6251/940/858 6252/942/860
f 6235/920/1244 6234/918/837 6265/941/859 6266/943/861
f 6222/888/809 6221/919/838 6252/942/860 6253/944/862
f 6236/890/811 6235/920/1244 6266/943/861 6267/945/863
f 6223/889/1189 6222/888/809 6253/944/862 6254/946/864
f 6237/891/812 6236/890/811 6267/945/863 6268/947/865
f 6224/892/813 6223/889/1189 6254/946/864 6255/948/866
f 6238/893/814 6237/891/812 6268/947/865 6269/949/867
f 6225/894/815 6224/892/813 6255/948/866 6256/950/868
f 6239/895/816 6238/893/814 6269/949/867 6270/951/869
f 6226/896/817 6225/894/815 6256/950/868 6257/952/870
f 6240/897/818 6239/895/816 6270/951/869 6271/921/840
f 6260/928/847 6259/924/843 6290/985/900 6291/956/873
f 6247/929/848 6246/926/1246 6277/986/901 6278/958/875
f 6274/930/849 6273/927/846 6304/954/871 6305/955/872
f 6261/931/850 6260/928/847 6291/956/873 6292/957/874
f 6248/932/851 6247/929/848 6278/958/875 6279/959/1281
f 6275/933/852 6274/930/849 6305/955/872 6306/960/877
f 6262/934/853 6261/931/850 6292/957/874 6293/961/878
f 6249/935/854 6248/932/851 6279/959/1281 6280/962/879
f 5933/963/60 6275/933/852 6306/960/877
f 6263/937/855 6262/934/853 6293/961/878 6294/964/880
f 6250/938/856 6249/935/854 6280/962/879 6281/965/881
f 6264/939/857 6263/937/855 6294/964/880 6295/966/882
f 6251/940/858 6250/938/856 6281/965/881 6282/967/883
f 6265/941/859 6264/939/857 6295/966/882 6296/968/884
f 6252/942/860 6251/940/858 6282/967/883 6283/969/885
f 6266/943/861 6265/941/859 6296/968/884 6297/970/1249
f 6253/944/862 6252/942/860 6283/969/885 6284/971/887
f 6267/945/863 6266/943/861 6297/970/1249 6298/972/888
f 6254/946/864 6253/944/862 6284/971/887 6285/973/1193
f 6268/947/865 6267/945/863 6298/972/888 6299/974/890
f 6255/948/866 6254/946/864 6285/973/1193 6286/975/891
f 6269/949/867 6268/947/865 6299/974/890 6300/976/892
f 6256/950/868 6255/948/866 6286/975/891 6287/977/893
f 6270/951/869 6269/949/867 6300/976/892 6301/978/894
f 6257/952/870 6256/950/868 6287/977/893 6288/979/895
f 6271/921/840 6270/951/869 6301/978/894 6302/980/896
f 6258/923/842 6257/952/870 6288/979/895 6289/981/897
f 6245/925/844 5934/982/34 6276/983/898
f 6272/922/841 6271/921/840 6302/980/896 6303/984/1282
f 6259/924/843 6258/923/842 6289/981/897 6290/985/900
f 6246/926/1246 6245/925/844 6276/983/898 6277/986/901
f 6273/927/846 6272/922/841 6303/984/1282 6304/954/871
f 6293/961/878 6292/957/874 6323/1018/931 6324/989/903
f 6280/962/879 6279/959/1281 6310/1019/932 6311/991/905
f 5933/987/60 6306/960/877 6337/988/902
f 6294/964/880 6293/961/878 6324/989/903 6325/990/904
f 6281/965/881 6280/962/879 6311/991/905 6312/992/906
f 6295/966/882 6294/964/880 6325/990/904 6326/993/907
f 6282/967/883 6281/965/881 6312/992/906 6313/994/908
f 6296/968/884 6295/966/882 6326/993/907 6327/995/1124
f 6283/969/885 6282/967/883 6313/994/908 6314/996/910
f 6297/970/1249 6296/968/884 6327/995/1124 6328/997/1251
f 6284/971/887 6283/969/885 6314/996/910 6315/998/912
f 6298/972/888 6297/970/1249 6328/997/1251 6329/999/913
f 6285/973/1193 6284/971/887 6315/998/912 6316/1000/1194
f 6299/974/890 6298/972/888 6329/999/913 6330/1001/915
f 6286/975/891 6285/973/1193 6316/1000/1194 6317/1002/1125
f 6300/976/892 6299/974/890 6330/1001/915 6331/1003/917
f 6287/977/893 6286/975/891 6317/1002/1125 6318/1004/918
f 6301/978/894 6300/976/892 6331/1003/917 6332/1005/919
f 6288/979/895 6287/977/893 6318/1004/918 6319/1006/920
f 6302/980/896 6301/978/894 6332/1005/919 6333/1007/921
f 6289/981/897 6288/979/895 6319/1006/920 6320/1008/922
f 6276/983/898 5934/1009/34 6307/1010/923
f 6303/984/1282 6302/980/896 6333/1007/921 6334/1011/924
f 6290/985/900 6289/981/897 6320/1008/922 6321/1012/925
f 6277/986/901 6276/983/898 6307/1010/923 6308/1013/1252
f 6304/954/871 6303/984/1282 6334/1011/924 6335/1014/927
f 6291/956/873 6290/985/900 6321/1012/925 6322/1015/928
f 6278/958/875 6277/986/901 6308/1013/1252 6309/1016/929
f 6305/955/872 6304/954/871 6335/1014/927 6336/1017/930
f 6292/957/874 6291/956/873 6322/1015/928 6323/1018/931
f 6279/959/1281 6278/958/875 6309/1016/929 6310/1019/932
f 6306/960/877 6305/955/872 6336/1017/930 6337/988/902
f 6326/993/907 6325/990/904 6356/1051/962 6357/1020/933
f 6313/994/908 6312/992/906 6343/1052/963 6344/1022/935
f 6327/995/1124 6326/993/907 6357/1020/933 6358/1021/934
f 6314/996/910 6313/994/908 6344/1022/935 6345/1023/936
f 6328/997/1251 6327/995/1124 6358/1021/934 6359/1024/1253
f 6315/998/912 6314/996/910 6345/1023/936 6346/1025/938
f 6329/999/913 6328/997/1251 6359/1024/1253 6360/1026/939
f 6316/1000/1194 6315/998/912 6346/1025/938 6347/1027/1197
f 6330/1001/915 6329/999/913 6360/1026/939 6361/1028/941
f 6317/1002/1125 6316/1000/1194 6347/1027/1197 6348/1029/942
f 6331/1003/917 6330/1001/915 6361/1028/941 6362/1030/943
f 6318/1004/918 6317/1002/1125 6348/1029/942 6349/1031/944
f 6332/1005/919 6331/1003/917 6362/1030/943 6363/1032/945
f 6319/1006/920 6318/1004/918 6349/1031/944 6350/1033/946
f 6333/1007/921 6332/1005/919 6363/1032/945 6364/1034/947
f 6320/1008/922 6319/1006/920 6350/1033/946 6351/1035/948
f 6307/1010/923 5934/1036/34 6338/1037/1198
f 6334/1011/924 6333/1007/921 6364/1034/947 6365/1038/1255
f 6321/1012/925 6320/1008/922 6351/1035/948 6352/1039/951
f 6308/1013/1252 6307/1010/923 6338/1037/1198 6339/1040/1256
f 6335/1014/927 6334/1011/924 6365/1038/1255 6366/1041/953
f 6322/1015/928 6321/1012/925 6352/1039/951 6353/1042/954
f 6309/1016/929 6308/1013/1252 6339/1040/1256 6340/1043/955
f 6336/1017/930 6335/1014/927 6366/1041/953 6367/1044/956
f 6323/1018/931 6322/1015/928 6353/1042/954 6354/1045/957
f 6310/1019/932 6309/1016/929 6340/1043/955 6341/1046/1201
f 6337/988/902 6336/1017/930 6367/1044/956 6368/1047/959
f 6324/989/903 6323/1018/931 6354/1045/957 6355/1048/960
f 6311/991/905 6310/1019/932 6341/1046/1201 6342/1049/961
f 5933/1050/60 6337/988/902 6368/1047/959
f 6325/990/904 6324/989/903 6355/1048/960 6356/1051/962
f 6312/992/906 6311/991/905 6342/1049/961 6343/1052/963
f 6359/1024/1253 6358/1021/934 6389/1084/993 6390/1053/964
f 6346/1025/938 6345/1023/936 6376/1085/994 6377/1055/966
f 6360/1026/939 6359/1024/1253 6390/1053/964 6391/1054/965
f 6347/1027/1197 6346/1025/938 6377/1055/966 6378/1056/967
f 6361/1028/941 6360/1026/939 6391/1054/965 6392/1057/968
f 6348/1029/942 6347/1027/1197 6378/1056/967 6379/1058/969
f 6362/1030/943 6361/1028/941 6392/1057/968 6393/1059/970
f 6349/1031/944 6348/1029/942 6379/1058/969 6380/1060/971
f 6363/1032/945 6362/1030/943 6393/1059/970 6394/1061/972
f 6350/1033/946 6349/1031/944 6380/1060/971 6381/1062/973
f 6364/1034/947 6363/1032/945 6394/1061/972 6395/1063/974
f 6351/1035/948 6350/1033/946 6381/1062/973 6382/1064/975
f 6338/1037/1198 5934/1065/34 6369/1066/976
f 6365/1038/1255 6364/1034/947 6395/1063/974 6396/1067/977
f 6352/1039/951 6351/1035/948 6382/1064/975 6383/1068/978
f 6339/1040/1256 6338/1037/1198 6369/1066/976 6370/1069/979
f 6366/1041/953 6365/1038/1255 6396/1067/977 6397/1070/980
f 6353/1042/954 6352/1039/951 6383/1068/978 6384/1071/981
f 6340/1043/955 6339/1040/1256 6370/1069/979 6371/1072/982
f 6367/1044/956 6366/1041/953 6397/1070/980 6398/1073/983
f 6354/1045/957 6353/1042/954 6384/1071/981 6385/1074/984
f 6341/1046/1201 6340/1043/955 6371/1072/982 6372/1075/985
f 6368/1047/959 6367/1044/956 6398/1073/983 6399/1076/986
f 6355/1048/960 6354/1045/957 6385/1074/984 6386/1077/987
f 6342/1049/961 6341/1046/1201 6372/1075/985 6373/1078/988
f 5933/1079/60 6368/1047/959 6399/1076/986
f 6356/1051/962 6355/1048/960 6386/1077/987 6387/1080/989
f 6343/1052/963 6342/1049/961 6373/1078/988 6374/1081/990
f 6357/1020/933 6356/1051/962 6387/1080/989 6388/1082/991
f 6344/1022/935 6343/1052/963 6374/1081/990 6375/1083/992
f 6358/1021/934 6357/1020/933 6388/1082/991 6389/1084/993
f 6345/1023/936 6344/1022/935 6375/1083/992 6376/1085/994
f 6392/1057/968 6391/1054/965 5431/13/13 6412/17/17
f 6379/1058/969 6378/1056/967 6407/15/15 6408/19/19
f 6393/1059/970 6392/1057/968 6412/17/17 5432/21/21
f 6380/1060/971 6379/1058/969 6408/19/19 5423/23/23
f 6394/1061/972 6393/1059/970 5432/21/21 5433/25/25
f 6381/1062/973 6380/1060/971 5423/23/23 5424/27/27
f 6395/1063/974 6394/1061/972 5433/25/25 5434/29/29
f 6382/1064/975 6381/1062/973 5424/27/27 5425/31/31
f 6369/1066/976 5934/1086/34 6400/33/1204
f 6396/1067/977 6395/1063/974 5434/29/29 6413/36/36
f 6383/1068/978 6382/1064/975 5425/31/31 5426/38/38
f 6370/1069/979 6369/1066/976 6400/33/1204 6401/40/40
f 6397/1070/980 6396/1067/977 6413/36/36 6414/42/42
f 6384/1071/981 6383/1068/978 5426/38/38 6409/44/44
f 6371/1072/982 6370/1069/979 6401/40/40 6402/46/46
f 6398/1073/983 6397/1070/980 6414/42/42 5435/48/48
f 6385/1074/984 6384/1071/981 6409/44/44 5427/50/50
f 6372/1075/985 6371/1072/982 6402/46/46 6403/52/52
f 6399/1076/986 6398/1073/983 5435/48/48 5436/54/54
f 6386/1077/987 6385/1074/984 5427/50/50 5428/56/56
f 6373/1078/988 6372/1075/985 6403/52/52 6404/58/58
f 5933/1087/60 6399/1076/986 5436/54/54
f 6387/1080/989 6386/1077/987 5428/56/56 6410/61/61
f 6374/1081/990 6373/1078/988 6404/58/58 6405/63/63
f 6388/1082/991 6387/1080/989 6410/61/61 6411/2/2
f 6375/1083/992 6374/1081/990 6405/63/63 5421/6/6
f 6389/1084/993 6388/1082/991 6411/2/2 5429/1/1
f 6376/1085/994 6375/1083/992 5421/6/6 6406/5/5
f 6390/1053/964 6389/1084/993 5429/1/1 5430/9/9
f 6377/1055/966 6376/1085/994 6406/5/5 5422/11/11
f 6391/1054/965 6390/1053/964 5430/9/9 5431/13/13
f 6378/1056/967 6377/1055/966 5422/11/11 6407/15/15
f 7405/2/2 7404/61/61 6449/62/62 6450/3/3
f 6415/6/6 7399/63/63 6436/64/64 6437/7/7
f 6423/1/1 7405/2/2 6450/3/3 6451/4/4
f 7400/5/5 6415/6/6 6437/7/7 6438/8/8
f 6424/9/1283 6423/1/1 6451/4/4 6452/10/10
f 6416/11/11 7400/5/5 6438/8/8 6439/12/12
f 6425/13/13 6424/9/1283 6452/10/10 6453/14/14
f 7401/15/1150 6416/11/11 6439/12/12 6440/16/16
f 7406/17/17 6425/13/13 6453/14/14 6454/18/18
f 7402/19/19 7401/15/1150 6440/16/16 6441/20/20
f 6426/21/21 7406/17/17 6454/18/18 6455/22/22
f 6417/23/23 7402/19/19 6441/20/20 6442/24/24
f 6427/25/25 6426/21/21 6455/22/22 6456/26/26
f 6418/27/27 6417/23/23 6442/24/24 6443/28/28
f 6428/29/29 6427/25/25 6456/26/26 6457/30/30
f 6419/31/31 6418/27/27 6443/28/28 6444/32/32
f 7394/33/1204 6928/34/34 6431/35/35
f 7407/36/36 6428/29/29 6457/30/30 6458/37/37
f 6420/38/38 6419/31/31 6444/32/32 6445/39/39
f 7395/40/40 7394/33/1204 6431/35/35 6432/41/41
f 7408/42/42 7407/36/36 6458/37/37 6459/43/43
f 7403/44/44 6420/38/38 6445/39/39 6446/45/45
f 7396/46/46 7395/40/40 6432/41/41 6433/47/47
f 6429/48/48 7408/42/42 6459/43/43 6460/49/49
f 6421/50/50 7403/44/44 6446/45/45 6447/51/51
f 7397/52/52 7396/46/46 6433/47/47 6434/53/53
f 6430/54/54 6429/48/48 6460/49/49 6461/55/55
f 6422/56/56 6421/50/50 6447/51/51 6448/57/57
f 7398/58/58 7397/52/52 6434/53/53 6435/59/59
f 6927/60/60 6430/54/54 6461/55/55
f 7404/61/61 6422/56/56 6448/57/57 6449/62/62
f 7399/63/63 7398/58/58 6435/59/59 6436/64/64
f 6445/39/39 6444/32/32 6475/96/95 6476/69/69
f 6432/41/41 6431/35/35 6462/65/1284 6463/66/1205
f 6459/43/43 6458/37/37 6489/67/1285 6490/68/68
f 6446/45/45 6445/39/39 6476/69/69 6477/70/70
f 6433/47/47 6432/41/41 6463/66/1205 6464/71/71
f 6460/49/49 6459/43/43 6490/68/68 6491/72/72
f 6447/51/51 6446/45/45 6477/70/70 6478/73/73
f 6434/53/53 6433/47/47 6464/71/71 6465/74/1206
f 6461/55/55 6460/49/49 6491/72/72 6492/75/75
f 6448/57/57 6447/51/51 6478/73/73 6479/76/76
f 6435/59/59 6434/53/53 6465/74/1206 6466/77/77
f 6927/78/60 6461/55/55 6492/75/75
f 6449/62/62 6448/57/57 6479/76/76 6480/79/78
f 6436/64/64 6435/59/59 6466/77/77 6467/80/79
f 6450/3/3 6449/62/62 6480/79/78 6481/81/80
f 6437/7/7 6436/64/64 6467/80/79 6468/82/81
f 6451/4/4 6450/3/3 6481/81/80 6482/83/82
f 6438/8/8 6437/7/7 6468/82/81 6469/84/83
f 6452/10/10 6451/4/4 6482/83/82 6483/85/1286
f 6439/12/12 6438/8/8 6469/84/83 6470/86/85
f 6453/14/14 6452/10/10 6483/85/1286 6484/87/86
f 6440/16/16 6439/12/12 6470/86/85 6471/88/1287
f 6454/18/18 6453/14/14 6484/87/86 6485/89/88
f 6441/20/20 6440/16/16 6471/88/1287 6472/90/89
f 6455/22/22 6454/18/18 6485/89/88 6486/91/90
f 6442/24/24 6441/20/20 6472/90/89 6473/92/91
f 6456/26/26 6455/22/22 6486/91/90 6487/93/92
f 6443/28/28 6442/24/24 6473/92/91 6474/94/93
f 6457/30/30 6456/26/26 6487/93/92 6488/95/94
f 6444/32/32 6443/28/28 6474/94/93 6475/96/95
f 6431/35/35 6928/97/34 6462/65/1284
f 6458/37/37 6457/30/30 6488/95/94 6489/67/1285
f 6478/73/73 6477/70/70 6508/130/126 6509/102/100
f 6465/74/1206 6464/71/71 6495/98/96 6496/99/97
f 6492/75/75 6491/72/72 6522/100/98 6523/101/99
f 6479/76/76 6478/73/73 6509/102/100 6510/103/101
f 6466/77/77 6465/74/1206 6496/99/97 6497/104/102
f 6927/105/60 6492/75/75 6523/101/99
f 6480/79/78 6479/76/76 6510/103/101 6511/106/103
f 6467/80/79 6466/77/77 6497/104/102 6498/107/104
f 6481/81/80 6480/79/78 6511/106/103 6512/108/105
f 6468/82/81 6467/80/79 6498/107/104 6499/109/106
f 6482/83/82 6481/81/80 6512/108/105 6513/110/107
f 6469/84/83 6468/82/81 6499/109/106 6500/111/108
f 6483/85/1286 6482/83/82 6513/110/107 6514/112/1209
f 6470/86/85 6469/84/83 6500/111/108 6501/113/110
f 6484/87/86 6483/85/1286 6514/112/1209 6515/114/111
f 6471/88/1287 6470/86/85 6501/113/110 6502/115/1158
f 6485/89/88 6484/87/86 6515/114/111 6516/116/113
f 6472/90/89 6471/88/1287 6502/115/1158 6503/117/114
f 6486/91/90 6485/89/88 6516/116/113 6517/118/115
f 6473/92/91 6472/90/89 6503/117/114 6504/119/116
f 6487/93/92 6486/91/90 6517/118/115 6518/120/117
f 6474/94/93 6473/92/91 6504/119/116 6505/121/118
f 6488/95/94 6487/93/92 6518/120/117 6519/122/119
f 6475/96/95 6474/94/93 6505/121/118 6506/123/120
f 6462/65/1284 6928/124/34 6493/125/121
f 6489/67/1285 6488/95/94 6519/122/119 6520/126/122
f 6476/69/69 6475/96/95 6506/123/120 6507/127/123
f 6463/66/1205 6462/65/1284 6493/125/121 6494/128/1212
f 6490/68/68 6489/67/1285 6520/126/122 6521/129/125
f 6477/70/70 6476/69/69 6507/127/123 6508/130/126
f 6464/71/71 6463/66/1205 6494/128/1212 6495/98/96
f 6491/72/72 6490/68/68 6521/129/125 6522/100/98
f 6511/106/103 6510/103/101 6541/162/157 6542/133/129
f 6498/107/104 6497/104/102 6528/131/127 6529/132/128
f 6512/108/105 6511/106/103 6542/133/129 6543/134/130
f 6499/109/106 6498/107/104 6529/132/128 6530/135/131
f 6513/110/107 6512/108/105 6543/134/130 6544/136/132
f 6500/111/108 6499/109/106 6530/135/131 6531/137/133
f 6514/112/1209 6513/110/107 6544/136/132 6545/138/1288
f 6501/113/110 6500/111/108 6531/137/133 6532/139/135
f 6515/114/111 6514/112/1209 6545/138/1288 6546/140/136
f 6502/115/1158 6501/113/110 6532/139/135 6533/141/1289
f 6516/116/113 6515/114/111 6546/140/136 6547/142/138
f 6503/117/114 6502/115/1158 6533/141/1289 6534/143/139
f 6517/118/115 6516/116/113 6547/142/138 6548/144/140
f 6504/119/116 6503/117/114 6534/143/139 6535/145/141
f 6518/120/117 6517/118/115 6548/144/140 6549/146/142
f 6505/121/118 6504/119/116 6535/145/141 6536/147/143
f 6519/122/119 6518/120/117 6549/146/142 6550/148/144
f 6506/123/120 6505/121/118 6536/147/143 6537/149/145
f 6493/125/121 6928/150/34 6524/151/1290
f 6520/126/122 6519/122/119 6550/148/144 6551/152/1291
f 6507/127/123 6506/123/120 6537/149/145 6538/153/148
f 6494/128/1212 6493/125/121 6524/151/1290 6525/154/149
f 6521/129/125 6520/126/122 6551/152/1291 6552/155/150
f 6508/130/126 6507/127/123 6538/153/148 6539/156/151
f 6495/98/96 6494/128/1212 6525/154/149 6526/157/152
f 6522/100/98 6521/129/125 6552/155/150 6553/158/153
f 6509/102/100 6508/130/126 6539/156/151 6540/159/154
f 6496/99/97 6495/98/96 6526/157/152 6527/160/1292
f 6523/101/99 6522/100/98 6553/158/153 6554/161/1293
f 6510/103/101 6509/102/100 6540/159/154 6541/162/157
f 6497/104/102 6496/99/97 6527/160/1292 6528/131/127
f 6927/163/60 6523/101/99 6554/161/1293
f 6544/136/132 6543/134/130 6574/196/188 6575/166/1294
f 6531/137/133 6530/135/131 6561/164/158 6562/165/159
f 6545/138/1288 6544/136/132 6575/166/1294 6576/167/161
f 6532/139/135 6531/137/133 6562/165/159 6563/168/162
f 6546/140/136 6545/138/1288 6576/167/161 6577/169/163
f 6533/141/1289 6532/139/135 6563/168/162 6564/170/164
f 6547/142/138 6546/140/136 6577/169/163 6578/171/165
f 6534/143/139 6533/141/1289 6564/170/164 6565/172/1295
f 6548/144/140 6547/142/138 6578/171/165 6579/173/167
f 6535/145/141 6534/143/139 6565/172/1295 6566/174/168
f 6549/146/142 6548/144/140 6579/173/167 6580/175/169
f 6536/147/143 6535/145/141 6566/174/168 6567/176/170
f 6550/148/144 6549/146/142 6580/175/169 6581/177/171
f 6537/149/145 6536/147/143 6567/176/170 6568/178/172
f 6524/151/1290 6928/179/34 6555/180/173
f 6551/152/1291 6550/148/144 6581/177/171 6582/181/174
f 6538/153/148 6537/149/145 6568/178/172 6569/182/175
f 6525/154/149 6524/151/1290 6555/180/173 6556/183/1214
f 6552/155/150 6551/152/1291 6582/181/174 6583/184/177
f 6539/156/151 6538/153/148 6569/182/175 6570/185/178
f 6526/157/152 6525/154/149 6556/183/1214 6557/186/179
f 6553/158/153 6552/155/150 6583/184/177 6584/187/180
f 6540/159/154 6539/156/151 6570/185/178 6571/188/181
f 6527/160/1292 6526/157/152 6557/186/179 6558/189/182
f 6554/161/1293 6553/158/153 6584/187/180 6585/190/183
f 6541/162/157 6540/159/154 6571/188/181 6572/191/184
f 6528/131/127 6527/160/1292 6558/189/182 6559/192/185
f 6927/193/60 6554/161/1293 6585/190/183
f 6542/133/129 6541/162/157 6572/191/184 6573/194/186
f 6529/132/128 6528/131/127 6559/192/185 6560/195/187
f 6543/134/130 6542/133/129 6573/194/186 6574/196/188
f 6530/135/131 6529/132/128 6560/195/187 6561/164/158
f 6577/169/163 6576/167/161 6607/229/1096 6608/199/191
f 6564/170/164 6563/168/162 6594/197/189 6595/198/1097
f 6578/171/165 6577/169/163 6608/199/191 6609/200/192
f 6565/172/1295 6564/170/164 6595/198/1097 6596/201/193
f 6579/173/167 6578/171/165 6609/200/192 6610/202/194
f 6566/174/168 6565/172/1295 6596/201/193 6597/203/195
f 6580/175/169 6579/173/167 6610/202/194 6611/204/196
f 6567/176/170 6566/174/168 6597/203/195 6598/205/1296
f 6581/177/171 6580/175/169 6611/204/196 6612/206/198
f 6568/178/172 6567/176/170 6598/205/1296 6599/207/199
f 6555/180/173 6928/208/34 6586/209/200
f 6582/181/174 6581/177/171 6612/206/198 6613/210/201
f 6569/182/175 6568/178/172 6599/207/199 6600/211/202
f 6556/183/1214 6555/180/173 6586/209/200 6587/212/1216
f 6583/184/177 6582/181/174 6613/210/201 6614/213/204
f 6570/185/178 6569/182/175 6600/211/202 6601/214/205
f 6557/186/179 6556/183/1214 6587/212/1216 6588/215/206
f 6584/187/180 6583/184/177 6614/213/204 6615/216/207
f 6571/188/181 6570/185/178 6601/214/205 6602/217/208
f 6558/189/182 6557/186/179 6588/215/206 6589/218/209
f 6585/190/183 6584/187/180 6615/216/207 6616/219/210
f 6572/191/184 6571/188/181 6602/217/208 6603/220/211
f 6559/192/185 6558/189/182 6589/218/209 6590/221/212
f 6927/222/60 6585/190/183 6616/219/210
f 6573/194/186 6572/191/184 6603/220/211 6604/223/213
f 6560/195/187 6559/192/185 6590/221/212 6591/224/214
f 6574/196/188 6573/194/186 6604/223/213 6605/225/215
f 6561/164/158 6560/195/187 6591/224/214 6592/226/216
f 6575/166/1294 6574/196/188 6605/225/215 6606/227/217
f 6562/165/159 6561/164/158 6592/226/216 6593/228/218
f 6576/167/161 6575/166/1294 6606/227/217 6607/229/1096
f 6563/168/162 6562/165/159 6593/228/218 6594/197/189
f 6610/202/194 6609/200/192 6640/262/1297 6641/232/222
f 6597/203/195 6596/201/193 6627/230/220 6628/231/221
f 6611/204/196 6610/202/194 6641/232/222 6642/233/223
f 6598/205/1296 6597/203/195 6628/231/221 6629/234/224
f 6612/206/198 6611/204/196 6642/233/223 6643/235/225
f 6599/207/199 6598/205/1296 6629/234/224 6630/236/226
f 6586/209/200 6928/237/34 6617/238/227
f 6613/210/201 6612/206/198 6643/235/225 6644/239/228
f 6600/211/202 6599/207/199 6630/236/226 6631/240/229
f 6587/212/1216 6586/209/200 6617/238/227 6618/241/230
f 6614/213/204 6613/210/201 6644/239/228 6645/242/231
f 6601/214/205 6600/211/202 6631/240/229 6632/243/232
f 6588/215/206 6587/212/1216 6618/241/230 6619/244/233
f 6615/216/207 6614/213/204 6645/242/231 6646/245/234
f 6602/217/208 6601/214/205 6632/243/232 6633/246/235
f 6589/218/209 6588/215/206 6619/244/233 6620/247/236
f 6616/219/210 6615/216/207 6646/245/234 6647/248/237
f 6603/220/211 6602/217/208 6633/246/235 6634/249/238
f 6590/221/212 6589/218/209 6620/247/236 6621/250/239
f 6927/251/60 6616/219/210 6647/248/237
f 6604/223/213 6603/220/211 6634/249/238 6635/252/240
f 6591/224/214 6590/221/212 6621/250/239 6622/253/241
f 6605/225/215 6604/223/213 6635/252/240 6636/254/242
f 6592/226/216 6591/224/214 6622/253/241 6623/255/243
f 6606/227/217 6605/225/215 6636/254/242 6637/256/244
f 6593/228/218 6592/226/216 6623/255/243 6624/257/1298
f 6607/229/1096 6606/227/217 6637/256/244 6638/258/246
f 6594/197/189 6593/228/218 6624/257/1298 6625/259/247
f 6608/199/191 6607/229/1096 6638/258/246 6639/260/248
f 6595/198/1097 6594/197/189 6625/259/247 6626/261/249
f 6609/200/192 6608/199/191 6639/260/248 6640/262/1297
f 6596/201/193 6595/198/1097 6626/261/249 6627/230/220
f 6643/235/225 6642/233/223 6673/295/281 6674/267/254
f 6630/236/226 6629/234/224 6660/263/251 6661/264/252
f 6617/238/227 6928/265/34 6648/266/1217
f 6644/239/228 6643/235/225 6674/267/254 6675/268/255
f 6631/240/229 6630/236/226 6661/264/252 6662/269/256
f 6618/241/230 6617/238/227 6648/266/1217 6649/270/257
f 6645/242/231 6644/239/228 6675/268/255 6676/271/258
f 6632/243/232 6631/240/229 6662/269/256 6663/272/259
f 6619/244/233 6618/241/230 6649/270/257 6650/273/260
f 6646/245/234 6645/242/231 6676/271/258 6677/274/261
f 6633/246/235 6632/243/232 6663/272/259 6664/275/262
f 6620/247/236 6619/244/233 6650/273/260 6651/276/263
f 6647/248/237 6646/245/234 6677/274/261 6678/277/1165
f 6634/249/238 6633/246/235 6664/275/262 6665/278/265
f 6621/250/239 6620/247/236 6651/276/263 6652/279/266
f 6927/280/60 6647/248/237 6678/277/1165
f 6635/252/240 6634/249/238 6665/278/265 6666/281/267
f 6622/253/241 6621/250/239 6652/279/266 6653/282/268
f 6636/254/242 6635/252/240 6666/281/267 6667/283/269
f 6623/255/243 6622/253/241 6653/282/268 6654/284/270
f 6637/256/244 6636/254/242 6667/283/269 6668/285/271
f 6624/257/1298 6623/255/243 6654/284/270 6655/286/272
f 6638/258/246 6637/256/244 6668/285/271 6669/287/273
f 6625/259/247 6624/257/1298 6655/286/272 6656/288/274
f 6639/260/248 6638/258/246 6669/287/273 6670/289/275
f 6626/261/249 6625/259/247 6656/288/274 6657/290/276
f 6640/262/1297 6639/260/248 6670/289/275 6671/291/277
f 6627/230/220 6626/261/249 6657/290/276 6658/292/278
f 6641/232/222 6640/262/1297 6671/291/277 6672/293/279
f 6628/231/221 6627/230/220 6658/292/278 6659/294/280
f 6642/233/223 6641/232/222 6672/293/279 6673/295/281
f 6629/234/224 6628/231/221 6659/294/280 6660/263/251
f 6649/270/257 6648/266/1217 6679/327/311 6680/298/284
f 6676/271/258 6675/268/255 6706/328/312 6707/300/286
f 6663/272/259 6662/269/256 6693/296/282 6694/297/283
f 6650/273/260 6649/270/257 6680/298/284 6681/299/285
f 6677/274/261 6676/271/258 6707/300/286 6708/301/287
f 6664/275/262 6663/272/259 6694/297/283 6695/302/288
f 6651/276/263 6650/273/260 6681/299/285 6682/303/289
f 6678/277/1165 6677/274/261 6708/301/287 6709/304/290
f 6665/278/265 6664/275/262 6695/302/288 6696/305/291
f 6652/279/266 6651/276/263 6682/303/289 6683/306/292
f 6927/307/60 6678/277/1165 6709/304/290
f 6666/281/267 6665/278/265 6696/305/291 6697/308/293
f 6653/282/268 6652/279/266 6683/306/292 6684/309/294
f 6667/283/269 6666/281/267 6697/308/293 6698/310/295
f 6654/284/270 6653/282/268 6684/309/294 6685/311/296
f 6668/285/271 6667/283/269 6698/310/295 6699/312/297
f 6655/286/272 6654/284/270 6685/311/296 6686/313/298
f 6669/287/273 6668/285/271 6699/312/297 6700/314/299
f 6656/288/274 6655/286/272 6686/313/298 6687/315/300
f 6670/289/275 6669/287/273 6700/314/299 6701/316/301
f 6657/290/276 6656/288/274 6687/315/300 6688/317/302
f 6671/291/277 6670/289/275 6701/316/301 6702/318/303
f 6658/292/278 6657/290/276 6688/317/302 6689/319/304
f 6672/293/279 6671/291/277 6702/318/303 6703/320/305
f 6659/294/280 6658/292/278 6689/319/304 6690/321/306
f 6673/295/281 6672/293/279 6703/320/305 6704/322/307
f 6660/263/251 6659/294/280 6690/321/306 6691/323/308
f 6674/267/254 6673/295/281 6704/322/307 6705/324/309
f 6661/264/252 6660/263/251 6691/323/308 6692/325/310
f 6648/266/1217 6928/326/34 6679/327/311
f 6675/268/255 6674/267/254 6705/324/309 6706/328/312
f 6662/269/256 6661/264/252 6692/325/310 6693/296/282
f 6682/303/289 6681/299/285 6712/360/342 6713/331/315
f 6709/304/290 6708/301/287 6739/361/343 6740/334/317
f 6696/305/291 6695/302/288 6726/329/313 6727/330/314
f 6683/306/292 6682/303/289 6713/331/315 6714/332/316
f 6927/333/60 6709/304/290 6740/334/317
f 6697/308/293 6696/305/291 6727/330/314 6728/335/1299
f 6684/309/294 6683/306/292 6714/332/316 6715/336/319
f 6698/310/295 6697/308/293 6728/335/1299 6729/337/320
f 6685/311/296 6684/309/294 6715/336/319 6716/338/321
f 6699/312/297 6698/310/295 6729/337/320 6730/339/322
f 6686/313/298 6685/311/296 6716/338/321 6717/340/323
f 6700/314/299 6699/312/297 6730/339/322 6731/341/1300
f 6687/315/300 6686/313/298 6717/340/323 6718/342/325
f 6701/316/301 6700/314/299 6731/341/1300 6732/343/326
f 6688/317/302 6687/315/300 6718/342/325 6719/344/1301
f 6702/318/303 6701/316/301 6732/343/326 6733/345/328
f 6689/319/304 6688/317/302 6719/344/1301 6720/346/329
f 6703/320/305 6702/318/303 6733/345/328 6734/347/330
f 6690/321/306 6689/319/304 6720/346/329 6721/348/331
f 6704/322/307 6703/320/305 6734/347/330 6735/349/332
f 6691/323/308 6690/321/306 6721/348/331 6722/350/1302
f 6705/324/309 6704/322/307 6735/349/332 6736/351/334
f 6692/325/310 6691/323/308 6722/350/1302 6723/352/335
f 6679/327/311 6928/353/34 6710/354/336
f 6706/328/312 6705/324/309 6736/351/334 6737/355/337
f 6693/296/282 6692/325/310 6723/352/335 6724/356/338
f 6680/298/284 6679/327/311 6710/354/336 6711/357/1220
f 6707/300/286 6706/328/312 6737/355/337 6738/358/340
f 6694/297/283 6693/296/282 6724/356/338 6725/359/341
f 6681/299/285 6680/298/284 6711/357/1220 6712/360/342
f 6708/301/287 6707/300/286 6738/358/340 6739/361/343
f 6695/302/288 6694/297/283 6725/359/341 6726/329/313
f 6715/336/319 6714/332/316 6745/393/374 6746/364/346
f 6729/337/320 6728/335/1299 6759/362/344 6760/363/345
f 6716/338/321 6715/336/319 6746/364/346 6747/365/347
f 6730/339/322 6729/337/320 6760/363/345 6761/366/348
f 6717/340/323 6716/338/321 6747/365/347 6748/367/349
f 6731/341/1300 6730/339/322 6761/366/348 6762/368/350
f 6718/342/325 6717/340/323 6748/367/349 6749/369/351
f 6732/343/326 6731/341/1300 6762/368/350 6763/370/352
f 6719/344/1301 6718/342/325 6749/369/351 6750/371/353
f 6733/345/328 6732/343/326 6763/370/352 6764/372/354
f 6720/346/329 6719/344/1301 6750/371/353 6751/373/355
f 6734/347/330 6733/345/328 6764/372/354 6765/374/356
f 6721/348/331 6720/346/329 6751/373/355 6752/375/357
f 6735/349/332 6734/347/330 6765/374/356 6766/376/358
f 6722/350/1302 6721/348/331 6752/375/357 6753/377/359
f 6736/351/334 6735/349/332 6766/376/358 6767/378/360
f 6723/352/335 6722/350/1302 6753/377/359 6754/379/361
f 6710/354/336 6928/380/34 6741/381/362
f 6737/355/337 6736/351/334 6767/378/360 6768/382/363
f 6724/356/338 6723/352/335 6754/379/361 6755/383/364
f 6711/357/1220 6710/354/336 6741/381/362 6742/384/1221
f 6738/358/340 6737/355/337 6768/382/363 6769/385/366
f 6725/359/341 6724/356/338 6755/383/364 6756/386/367
f 6712/360/342 6711/357/1220 6742/384/1221 6743/387/368
f 6739/361/343 6738/358/340 6769/385/366 6770/388/369
f 6726/329/313 6725/359/341 6756/386/367 6757/389/370
f 6713/331/315 6712/360/342 6743/387/368 6744/390/371
f 6740/334/317 6739/361/343 6770/388/369 6771/391/372
f 6727/330/314 6726/329/313 6757/389/370 6758/392/373
f 6714/332/316 6713/331/315 6744/390/371 6745/393/374
f 6927/394/60 6740/334/317 6771/391/372
f 6728/335/1299 6727/330/314 6758/392/373 6759/362/344
f 6748/367/349 6747/365/347 6778/427/405 6779/397/377
f 6762/368/350 6761/366/348 6792/395/375 6793/396/1303
f 6749/369/351 6748/367/349 6779/397/377 6780/398/378
f 6763/370/352 6762/368/350 6793/396/1303 6794/399/379
f 6750/371/353 6749/369/351 6780/398/378 6781/400/1304
f 6764/372/354 6763/370/352 6794/399/379 6795/401/381
f 6751/373/355 6750/371/353 6781/400/1304 6782/402/382
f 6765/374/356 6764/372/354 6795/401/381 6796/403/383
f 6752/375/357 6751/373/355 6782/402/382 6783/404/384
f 6766/376/358 6765/374/356 6796/403/383 6797/405/385
f 6753/377/359 6752/375/357 6783/404/384 6784/406/386
f 6767/378/360 6766/376/358 6797/405/385 6798/407/387
f 6754/379/361 6753/377/359 6784/406/386 6785/408/388
f 6741/381/362 6928/409/34 6772/410/1305
f 6768/382/363 6767/378/360 6798/407/387 6799/411/1306
f 6755/383/364 6754/379/361 6785/408/388 6786/412/391
f 6742/384/1221 6741/381/362 6772/410/1305 6773/413/392
f 6769/385/366 6768/382/363 6799/411/1306 6800/414/393
f 6756/386/367 6755/383/364 6786/412/391 6787/415/394
f 6743/387/368 6742/384/1221 6773/413/392 6774/416/395
f 6770/388/369 6769/385/366 6800/414/393 6801/417/396
f 6757/389/370 6756/386/367 6787/415/394 6788/418/397
f 6744/390/371 6743/387/368 6774/416/395 6775/419/1307
f 6771/391/372 6770/388/369 6801/417/396 6802/420/1308
f 6758/392/373 6757/389/370 6788/418/397 6789/421/400
f 6745/393/374 6744/390/371 6775/419/1307 6776/422/401
f 6927/423/60 6771/391/372 6802/420/1308
f 6759/362/344 6758/392/373 6789/421/400 6790/424/402
f 6746/364/346 6745/393/374 6776/422/401 6777/425/403
f 6760/363/345 6759/362/344 6790/424/402 6791/426/404
f 6747/365/347 6746/364/346 6777/425/403 6778/427/405
f 6761/366/348 6760/363/345 6791/426/404 6792/395/375
f 6781/400/1304 6780/398/378 6811/460/436 6812/430/1309
f 6795/401/381 6794/399/379 6825/428/406 6826/429/407
f 6782/402/382 6781/400/1304 6812/430/1309 6813/431/409
f 6796/403/383 6795/401/381 6826/429/407 6827/432/410
f 6783/404/384 6782/402/382 6813/431/409 6814/433/411
f 6797/405/385 6796/403/383 6827/432/410 6828/434/412
f 6784/406/386 6783/404/384 6814/433/411 6815/435/413
f 6798/407/387 6797/405/385 6828/434/412 6829/436/414
f 6785/408/388 6784/406/386 6815/435/413 6816/437/415
f 6772/410/1305 6928/438/34 6803/439/416
f 6799/411/1306 6798/407/387 6829/436/414 6830/440/417
f 6786/412/391 6785/408/388 6816/437/415 6817/441/418
f 6773/413/392 6772/410/1305 6803/439/416 6804/442/1225
f 6800/414/393 6799/411/1306 6830/440/417 6831/443/420
f 6787/415/394 6786/412/391 6817/441/418 6818/444/421
f 6774/416/395 6773/413/392 6804/442/1225 6805/445/422
f 6801/417/396 6800/414/393 6831/443/420 6832/446/423
f 6788/418/397 6787/415/394 6818/444/421 6819/447/424
f 6775/419/1307 6774/416/395 6805/445/422 6806/448/425
f 6802/420/1308 6801/417/396 6832/446/423 6833/449/426
f 6789/421/400 6788/418/397 6819/447/424 6820/450/427
f 6776/422/401 6775/419/1307 6806/448/425 6807/451/428
f 6927/452/60 6802/420/1308 6833/449/426
f 6790/424/402 6789/421/400 6820/450/427 6821/453/429
f 6777/425/403 6776/422/401 6807/451/428 6808/454/430
f 6791/426/404 6790/424/402 6821/453/429 6822/455/431
f 6778/427/405 6777/425/403 6808/454/430 6809/456/432
f 6792/395/375 6791/426/404 6822/455/431 6823/457/433
f 6779/397/377 6778/427/405 6809/456/432 6810/458/434
f 6793/396/1303 6792/395/375 6823/457/433 6824/459/1310
f 6780/398/378 6779/397/377 6810/458/434 6811/460/436
f 6794/399/379 6793/396/1303 6824/459/1310 6825/428/406
f 6814/433/411 6813/431/409 6844/493/467 6845/463/439
f 6828/434/412 6827/432/410 6858/461/437 6859/462/438
f 6815/435/413 6814/433/411 6845/463/439 6846/464/440
f 6829/436/414 6828/434/412 6859/462/438 6860/465/441
f 6816/437/415 6815/435/413 6846/464/440 6847/466/442
f 6803/439/416 6928/467/34 6834/468/1311
f 6830/440/417 6829/436/414 6860/465/441 6861/469/1312
f 6817/441/418 6816/437/415 6847/466/442 6848/470/1173
f 6804/442/1225 6803/439/416 6834/468/1311 6835/471/1226
f 6831/443/420 6830/440/417 6861/469/1312 6862/472/447
f 6818/444/421 6817/441/418 6848/470/1173 6849/473/448
f 6805/445/422 6804/442/1225 6835/471/1226 6836/474/449
f 6832/446/423 6831/443/420 6862/472/447 6863/475/450
f 6819/447/424 6818/444/421 6849/473/448 6850/476/1174
f 6806/448/425 6805/445/422 6836/474/449 6837/477/1313
f 6833/449/426 6832/446/423 6863/475/450 6864/478/453
f 6820/450/427 6819/447/424 6850/476/1174 6851/479/454
f 6807/451/428 6806/448/425 6837/477/1313 6838/480/455
f 6927/481/60 6833/449/426 6864/478/453
f 6821/453/429 6820/450/427 6851/479/454 6852/482/456
f 6808/454/430 6807/451/428 6838/480/455 6839/483/457
f 6822/455/431 6821/453/429 6852/482/456 6853/484/458
f 6809/456/432 6808/454/430 6839/483/457 6840/485/459
f 6823/457/433 6822/455/431 6853/484/458 6854/486/460
f 6810/458/434 6809/456/432 6840/485/459 6841/487/461
f 6824/459/1310 6823/457/433 6854/486/460 6855/488/1314
f 6811/460/436 6810/458/434 6841/487/461 6842/489/463
f 6825/428/406 6824/459/1310 6855/488/1314 6856/490/464
f 6812/430/1309 6811/460/436 6842/489/463 6843/491/1315
f 6826/429/407 6825/428/406 6856/490/464 6857/492/466
f 6813/431/409 6812/430/1309 6843/491/1315 6844/493/467
f 6827/432/410 6826/429/407 6857/492/466 6858/461/437
f 6847/466/442 6846/464/440 6877/525/498 6878/496/470
f 6834/468/1311 6928/526/34 6865/498/472
f 6861/469/1312 6860/465/441 6891/494/468 6892/495/469
f 6848/470/1173 6847/466/442 6878/496/470 6879/497/471
f 6835/471/1226 6834/468/1311 6865/498/472 6866/499/473
f 6862/472/447 6861/469/1312 6892/495/469 6893/500/474
f 6849/473/448 6848/470/1173 6879/497/471 6880/501/475
f 6836/474/449 6835/471/1226 6866/499/473 6867/502/476
f 6863/475/450 6862/472/447 6893/500/474 6894/503/477
f 6850/476/1174 6849/473/448 6880/501/475 6881/504/478
f 6837/477/1313 6836/474/449 6867/502/476 6868/505/479
f 6864/478/453 6863/475/450 6894/503/477 6895/506/480
f 6851/479/454 6850/476/1174 6881/504/478 6882/507/481
f 6838/480/455 6837/477/1313 6868/505/479 6869/508/482
f 6927/509/60 6864/478/453 6895/506/480
f 6852/482/456 6851/479/454 6882/507/481 6883/510/483
f 6839/483/457 6838/480/455 6869/508/482 6870/511/484
f 6853/484/458 6852/482/456 6883/510/483 6884/512/485
f 6840/485/459 6839/483/457 6870/511/484 6871/513/486
f 6854/486/460 6853/484/458 6884/512/485 6885/514/487
f 6841/487/461 6840/485/459 6871/513/486 6872/515/488
f 6855/488/1314 6854/486/460 6885/514/487 6886/516/489
f 6842/489/463 6841/487/461 6872/515/488 6873/517/490
f 6856/490/464 6855/488/1314 6886/516/489 6887/518/491
f 6843/491/1315 6842/489/463 6873/517/490 6874/519/492
f 6857/492/466 6856/490/464 6887/518/491 6888/520/493
f 6844/493/467 6843/491/1315 6874/519/492 6875/521/494
f 6858/461/437 6857/492/466 6888/520/493 6889/522/495
f 6845/463/439 6844/493/467 6875/521/494 6876/523/496
f 6859/462/438 6858/461/437 6889/522/495 6890/524/497
f 6846/464/440 6845/463/439 6876/523/496 6877/525/498
f 6860/465/441 6859/462/438 6890/524/497 6891/494/468
f 6880/501/475 6879/497/471 6910/558/528 6911/529/501
f 6867/502/476 6866/499/473 6897/559/529 6898/531/503
f 6894/503/477 6893/500/474 6924/527/499 6925/528/500
f 6881/504/478 6880/501/475 6911/529/501 6912/530/502
f 6868/505/479 6867/502/476 6898/531/503 6899/532/504
f 6895/506/480 6894/503/477 6925/528/500 6926/533/505
f 6882/507/481 6881/504/478 6912/530/502 6913/534/506
f 6869/508/482 6868/505/479 6899/532/504 6900/535/507
f 6927/536/60 6895/506/480 6926/533/505
f 6883/510/483 6882/507/481 6913/534/506 6914/537/508
f 6870/511/484 6869/508/482 6900/535/507 6901/538/509
f 6884/512/485 6883/510/483 6914/537/508 6915/539/510
f 6871/513/486 6870/511/484 6901/538/509 6902/540/511
f 6885/514/487 6884/512/485 6915/539/510 6916/541/512
f 6872/515/488 6871/513/486 6902/540/511 6903/542/513
f 6886/516/489 6885/514/487 6916/541/512 6917/543/514
f 6873/517/490 6872/515/488 6903/542/513 6904/544/515
f 6887/518/491 6886/516/489 6917/543/514 6918/545/516
f 6874/519/492 6873/517/490 6904/544/515 6905/546/517
f 6888/520/493 6887/518/491 6918/545/516 6919/547/518
f 6875/521/494 6874/519/492 6905/546/517 6906/548/519
f 6889/522/495 6888/520/493 6919/547/518 6920/549/520
f 6876/523/496 6875/521/494 6906/548/519 6907/550/521
f 6890/524/497 6889/522/495 6920/549/520 6921/551/522
f 6877/525/498 6876/523/496 6907/550/521 6908/552/523
f 6891/494/468 6890/524/497 6921/551/522 6922/553/524
f 6878/496/470 6877/525/498 6908/552/523 6909/554/525
f 6865/498/472 6928/555/34 6896/556/526
f 6892/495/469 6891/494/468 6922/553/524 6923/557/527
f 6879/497/471 6878/496/470 6909/554/525 6910/558/528
f 6866/499/473 6865/498/472 6896/556/526 6897/559/529
f 6893/500/474 6892/495/469 6923/557/527 6924/527/499
f 6913/534/506 6912/530/502 6945/591/559 6946/562/531
f 6900/535/507 6899/532/504 6932/592/560 6933/564/533
f 6927/560/60 6926/533/505 6959/561/530
f 6914/537/508 6913/534/506 6946/562/531 6947/563/532
f 6901/538/509 6900/535/507 6933/564/533 6934/565/534
f 6915/539/510 6914/537/508 6947/563/532 6948/566/535
f 6902/540/511 6901/538/509 6934/565/534 6935/567/536
f 6916/541/512 6915/539/510 6948/566/535 6949/568/537
f 6903/542/513 6902/540/511 6935/567/536 6936/569/538
f 6917/543/514 6916/541/512 6949/568/537 6950/570/539
f 6904/544/515 6903/542/513 6936/569/538 6937/571/540
f 6918/545/516 6917/543/514 6950/570/539 6951/572/541
f 6905/546/517 6904/544/515 6937/571/540 6938/573/542
f 6919/547/518 6918/545/516 6951/572/541 6952/574/543
f 6906/548/519 6905/546/517 6938/573/542 6939/575/544
f 6920/549/520 6919/547/518 6952/574/543 6953/576/545
f 6907/550/521 6906/548/519 6939/575/544 6940/577/546
f 6921/551/522 6920/549/520 6953/576/545 6954/578/547
f 6908/552/523 6907/550/521 6940/577/546 6941/579/548
f 6922/553/524 6921/551/522 6954/578/547 6955/580/549
f 6909/554/525 6908/552/523 6941/579/548 6942/581/550
f 6896/556/526 6928/582/34 6929/583/551
f 6923/557/527 6922/553/524 6955/580/549 6956/584/552
f 6910/558/528 6909/554/525 6942/581/550 6943/585/553
f 6897/559/529 6896/556/526 6929/583/551 6930/586/554
f 6924/527/499 6923/557/527 6956/584/552 6957/587/555
f 6911/529/501 6910/558/528 6943/585/553 6944/588/556
f 6898/531/503 6897/559/529 6930/586/554 6931/589/557
f 6925/528/500 6924/527/499 6957/587/555 6958/590/558
f 6912/530/502 6911/529/501 6944/588/556 6945/591/559
f 6899/532/504 6898/531/503 6931/589/557 6932/592/560
f 6926/533/505 6925/528/500 6958/590/558 6959/561/530
f 6948/566/535 6947/563/532 6978/624/590 6979/593/561
f 6935/567/536 6934/565/534 6965/625/591 6966/595/563
f 6949/568/537 6948/566/535 6979/593/561 6980/594/562
f 6936/569/538 6935/567/536 6966/595/563 6967/596/564
f 6950/570/539 6949/568/537 6980/594/562 6981/597/1316
f 6937/571/540 6936/569/538 6967/596/564 6968/598/566
f 6951/572/541 6950/570/539 6981/597/1316 6982/599/567
f 6938/573/542 6937/571/540 6968/598/566 6969/600/1317
f 6952/574/543 6951/572/541 6982/599/567 6983/601/569
f 6939/575/544 6938/573/542 6969/600/1317 6970/602/570
f 6953/576/545 6952/574/543 6983/601/569 6984/603/571
f 6940/577/546 6939/575/544 6970/602/570 6971/604/572
f 6954/578/547 6953/576/545 6984/603/571 6985/605/573
f 6941/579/548 6940/577/546 6971/604/572 6972/606/574
f 6955/580/549 6954/578/547 6985/605/573 6986/607/575
f 6942/581/550 6941/579/548 6972/606/574 6973/608/576
f 6929/583/551 6928/609/34 6960/610/577
f 6956/584/552 6955/580/549 6986/607/575 6987/611/1318
f 6943/585/553 6942/581/550 6973/608/576 6974/612/1319
f 6930/586/554 6929/583/551 6960/610/577 6961/613/1228
f 6957/587/555 6956/584/552 6987/611/1318 6988/614/581
f 6944/588/556 6943/585/553 6974/612/1319 6975/615/582
f 6931/589/557 6930/586/554 6961/613/1228 6962/616/583
f 6958/590/558 6957/587/555 6988/614/581 6989/617/584
f 6945/591/559 6944/588/556 6975/615/582 6976/618/1320
f 6932/592/560 6931/589/557 6962/616/583 6963/619/1321
f 6959/561/530 6958/590/558 6989/617/584 6990/620/587
f 6946/562/531 6945/591/559 6976/618/1320 6977/621/588
f 6933/564/533 6932/592/560 6963/619/1321 6964/622/589
f 6927/623/60 6959/561/530 6990/620/587
f 6947/563/532 6946/562/531 6977/621/588 6978/624/590
f 6934/565/534 6933/564/533 6964/622/589 6965/625/591
f 6981/597/1316 6980/594/562 7011/657/621 7012/626/1322
f 6968/598/566 6967/596/564 6998/658/622 6999/628/1323
f 6982/599/567 6981/597/1316 7012/626/1322 7013/627/1324
f 6969/600/1317 6968/598/566 6999/628/1323 7000/629/1325
f 6983/601/569 6982/599/567 7013/627/1324 7014/630/596
f 6970/602/570 6969/600/1317 7000/629/1325 7001/631/597
f 6984/603/571 6983/601/569 7014/630/596 7015/632/598
f 6971/604/572 6970/602/570 7001/631/597 7002/633/599
f 6985/605/573 6984/603/571 7015/632/598 7016/634/600
f 6972/606/574 6971/604/572 7002/633/599 7003/635/601
f 6986/607/575 6985/605/573 7016/634/600 7017/636/602
f 6973/608/576 6972/606/574 7003/635/601 7004/637/603
f 6960/610/577 6928/638/34 6991/639/604
f 6987/611/1318 6986/607/575 7017/636/602 7018/640/605
f 6974/612/1319 6973/608/576 7004/637/603 7005/641/606
f 6961/613/1228 6960/610/577 6991/639/604 6992/642/1230
f 6988/614/581 6987/611/1318 7018/640/605 7019/643/608
f 6975/615/582 6974/612/1319 7005/641/606 7006/644/609
f 6962/616/583 6961/613/1228 6992/642/1230 6993/645/610
f 6989/617/584 6988/614/581 7019/643/608 7020/646/611
f 6976/618/1320 6975/615/582 7006/644/609 7007/647/612
f 6963/619/1321 6962/616/583 6993/645/610 6994/648/613
f 6990/620/587 6989/617/584 7020/646/611 7021/649/614
f 6977/621/588 6976/618/1320 7007/647/612 7008/650/615
f 6964/622/589 6963/619/1321 6994/648/613 6995/651/616
f 6927/652/60 6990/620/587 7021/649/614
f 6978/624/590 6977/621/588 7008/650/615 7009/653/617
f 6965/625/591 6964/622/589 6995/651/616 6996/654/618
f 6979/593/561 6978/624/590 7009/653/617 7010/655/619
f 6966/595/563 6965/625/591 6996/654/618 6997/656/620
f 6980/594/562 6979/593/561 7010/655/619 7011/657/621
f 6967/596/564 6966/595/563 6997/656/620 6998/658/622
f 7014/630/596 7013/627/1324 7044/690/652 7045/659/623
f 7001/631/597 7000/629/1325 7031/691/1276 7032/661/625
f 7015/632/598 7014/630/596 7045/659/623 7046/660/624
f 7002/633/599 7001/631/597 7032/661/625 7033/662/626
f 7016/634/600 7015/632/598 7046/660/624 7047/663/627
f 7003/635/601 7002/633/599 7033/662/626 7034/664/628
f 7017/636/602 7016/634/600 7047/663/627 7048/665/629
f 7004/637/603 7003/635/601 7034/664/628 7035/666/630
f 6991/639/604 6928/667/34 7022/668/631
f 7018/640/605 7017/636/602 7048/665/629 7049/669/1232
f 7005/641/606 7004/637/603 7035/666/630 7036/670/633
f 6992/642/1230 6991/639/604 7022/668/631 7023/671/634
f 7019/643/608 7018/640/605 7049/669/1232 7050/672/635
f 7006/644/609 7005/641/606 7036/670/633 7037/673/636
f 6993/645/610 6992/642/1230 7023/671/634 7024/674/637
f 7020/646/611 7019/643/608 7050/672/635 7051/675/638
f 7007/647/612 7006/644/609 7037/673/636 7038/676/639
f 6994/648/613 6993/645/610 7024/674/637 7025/677/1180
f 7021/649/614 7020/646/611 7051/675/638 7052/678/641
f 7008/650/615 7007/647/612 7038/676/639 7039/679/642
f 6995/651/616 6994/648/613 7025/677/1180 7026/680/643
f 6927/681/60 7021/649/614 7052/678/641
f 7009/653/617 7008/650/615 7039/679/642 7040/682/644
f 6996/654/618 6995/651/616 7026/680/643 7027/683/645
f 7010/655/619 7009/653/617 7040/682/644 7041/684/646
f 6997/656/620 6996/654/618 7027/683/645 7028/685/647
f 7011/657/621 7010/655/619 7041/684/646 7042/686/648
f 6998/658/622 6997/656/620 7028/685/647 7029/687/649
f 7012/626/1322 7011/657/621 7042/686/648 7043/688/1235
f 6999/628/1323 6998/658/622 7029/687/649 7030/689/651
f 7013/627/1324 7012/626/1322 7043/688/1235 7044/690/652
f 7000/629/1325 6999/628/1323 7030/689/651 7031/691/1276
f 7047/663/627 7046/660/624 7077/723/683 7078/692/654
f 7034/664/628 7033/662/626 7064/724/684 7065/694/656
f 7048/665/629 7047/663/627 7078/692/654 7079/693/655
f 7035/666/630 7034/664/628 7065/694/656 7066/695/657
f 7022/668/631 6928/696/34 7053/697/658
f 7049/669/1232 7048/665/629 7079/693/655 7080/698/659
f 7036/670/633 7035/666/630 7066/695/657 7067/699/660
f 7023/671/634 7022/668/631 7053/697/658 7054/700/1236
f 7050/672/635 7049/669/1232 7080/698/659 7081/701/662
f 7037/673/636 7036/670/633 7067/699/660 7068/702/663
f 7024/674/637 7023/671/634 7054/700/1236 7055/703/664
f 7051/675/638 7050/672/635 7081/701/662 7082/704/665
f 7038/676/639 7037/673/636 7068/702/663 7069/705/666
f 7025/677/1180 7024/674/637 7055/703/664 7056/706/667
f 7052/678/641 7051/675/638 7082/704/665 7083/707/668
f 7039/679/642 7038/676/639 7069/705/666 7070/708/669
f 7026/680/643 7025/677/1180 7056/706/667 7057/709/670
f 6927/710/60 7052/678/641 7083/707/668
f 7040/682/644 7039/679/642 7070/708/669 7071/711/671
f 7027/683/645 7026/680/643 7057/709/670 7058/712/672
f 7041/684/646 7040/682/644 7071/711/671 7072/713/673
f 7028/685/647 7027/683/645 7058/712/672 7059/714/674
f 7042/686/648 7041/684/646 7072/713/673 7073/715/675
f 7029/687/649 7028/685/647 7059/714/674 7060/716/676
f 7043/688/1235 7042/686/648 7073/715/675 7074/717/677
f 7030/689/651 7029/687/649 7060/716/676 7061/718/678
f 7044/690/652 7043/688/1235 7074/717/677 7075/719/679
f 7031/691/1276 7030/689/651 7061/718/678 7062/720/1184
f 7045/659/623 7044/690/652 7075/719/679 7076/721/681
f 7032/661/625 7031/691/1276 7062/720/1184 7063/722/1116
f 7046/660/624 7045/659/623 7076/721/681 7077/723/683
f 7033/662/626 7032/661/625 7063/722/1116 7064/724/684
f 7080/698/659 7079/693/655 7110/755/714 7111/727/1326
f 7067/699/660 7066/695/657 7097/756/715 7098/729/689
f 7054/700/1236 7053/697/658 7084/725/685 7085/726/1240
f 7081/701/662 7080/698/659 7111/727/1326 7112/728/688
f 7068/702/663 7067/699/660 7098/729/689 7099/730/690
f 7055/703/664 7054/700/1236 7085/726/1240 7086/731/691
f 7082/704/665 7081/701/662 7112/728/688 7113/732/692
f 7069/705/666 7068/702/663 7099/730/690 7100/733/693
f 7056/706/667 7055/703/664 7086/731/691 7087/734/1327
f 7083/707/668 7082/704/665 7113/732/692 7114/735/695
f 7070/708/669 7069/705/666 7100/733/693 7101/736/696
f 7057/709/670 7056/706/667 7087/734/1327 7088/737/697
f 6927/738/60 7083/707/668 7114/735/695
f 7071/711/671 7070/708/669 7101/736/696 7102/739/698
f 7058/712/672 7057/709/670 7088/737/697 7089/740/699
f 7072/713/673 7071/711/671 7102/739/698 7103/741/700
f 7059/714/674 7058/712/672 7089/740/699 7090/742/701
f 7073/715/675 7072/713/673 7103/741/700 7104/743/702
f 7060/716/676 7059/714/674 7090/742/701 7091/744/703
f 7074/717/677 7073/715/675 7104/743/702 7105/745/1328
f 7061/718/678 7060/716/676 7091/744/703 7092/746/705
f 7075/719/679 7074/717/677 7105/745/1328 7106/747/706
f 7062/720/1184 7061/718/678 7092/746/705 7093/748/1329
f 7076/721/681 7075/719/679 7106/747/706 7107/749/708
f 7063/722/1116 7062/720/1184 7093/748/1329 7094/750/709
f 7077/723/683 7076/721/681 7107/749/708 7108/751/710
f 7064/724/684 7063/722/1116 7094/750/709 7095/752/711
f 7078/692/654 7077/723/683 7108/751/710 7109/753/712
f 7065/694/656 7064/724/684 7095/752/711 7096/754/713
f 7079/693/655 7078/692/654 7109/753/712 7110/755/714
f 7066/695/657 7065/694/656 7096/754/713 7097/756/715
f 7053/697/658 6928/757/34 7084/725/685
f 7113/732/692 7112/728/688 7143/789/745 7144/760/718
f 7100/733/693 7099/730/690 7130/790/746 7131/762/720
f 7087/734/1327 7086/731/691 7117/758/716 7118/759/717
f 7114/735/695 7113/732/692 7144/760/718 7145/761/719
f 7101/736/696 7100/733/693 7131/762/720 7132/763/721
f 7088/737/697 7087/734/1327 7118/759/717 7119/764/722
f 6927/765/60 7114/735/695 7145/761/719
f 7102/739/698 7101/736/696 7132/763/721 7133/766/723
f 7089/740/699 7088/737/697 7119/764/722 7120/767/724
f 7103/741/700 7102/739/698 7133/766/723 7134/768/725
f 7090/742/701 7089/740/699 7120/767/724 7121/769/726
f 7104/743/702 7103/741/700 7134/768/725 7135/770/727
f 7091/744/703 7090/742/701 7121/769/726 7122/771/728
f 7105/745/1328 7104/743/702 7135/770/727 7136/772/1330
f 7092/746/705 7091/744/703 7122/771/728 7123/773/730
f 7106/747/706 7105/745/1328 7136/772/1330 7137/774/731
f 7093/748/1329 7092/746/705 7123/773/730 7124/775/1331
f 7107/749/708 7106/747/706 7137/774/731 7138/776/733
f 7094/750/709 7093/748/1329 7124/775/1331 7125/777/734
f 7108/751/710 7107/749/708 7138/776/733 7139/778/735
f 7095/752/711 7094/750/709 7125/777/734 7126/779/736
f 7109/753/712 7108/751/710 7139/778/735 7140/780/737
f 7096/754/713 7095/752/711 7126/779/736 7127/781/738
f 7110/755/714 7109/753/712 7140/780/737 7141/782/739
f 7097/756/715 7096/754/713 7127/781/738 7128/783/740
f 7084/725/685 6928/784/34 7115/785/741
f 7111/727/1326 7110/755/714 7141/782/739 7142/786/742
f 7098/729/689 7097/756/715 7128/783/740 7129/787/743
f 7085/726/1240 7084/725/685 7115/785/741 7116/788/744
f 7112/728/688 7111/727/1326 7142/786/742 7143/789/745
f 7099/730/690 7098/729/689 7129/787/743 7130/790/746
f 7086/731/691 7085/726/1240 7116/788/744 7117/758/716
f 6927/823/60 7145/761/719 7176/821/1121
f 7133/766/723 7132/763/721 7163/822/777 7164/793/749
f 7120/767/724 7119/764/722 7150/791/747 7151/792/748
f 7134/768/725 7133/766/723 7164/793/749 7165/794/750
f 7121/769/726 7120/767/724 7151/792/748 7152/795/751
f 7135/770/727 7134/768/725 7165/794/750 7166/796/752
f 7122/771/728 7121/769/726 7152/795/751 7153/797/753
f 7136/772/1330 7135/770/727 7166/796/752 7167/798/1332
f 7123/773/730 7122/771/728 7153/797/753 7154/799/755
f 7137/774/731 7136/772/1330 7167/798/1332 7168/800/756
f 7124/775/1331 7123/773/730 7154/799/755 7155/801/1333
f 7138/776/733 7137/774/731 7168/800/756 7169/802/758
f 7125/777/734 7124/775/1331 7155/801/1333 7156/803/759
f 7139/778/735 7138/776/733 7169/802/758 7170/804/760
f 7126/779/736 7125/777/734 7156/803/759 7157/805/761
f 7140/780/737 7139/778/735 7170/804/760 7171/806/762
f 7127/781/738 7126/779/736 7157/805/761 7158/807/763
f 7141/782/739 7140/780/737 7171/806/762 7172/808/764
f 7128/783/740 7127/781/738 7158/807/763 7159/809/765
f 7115/785/741 6928/810/34 7146/811/766
f 7142/786/742 7141/782/739 7172/808/764 7173/812/767
f 7129/787/743 7128/783/740 7159/809/765 7160/813/768
f 7116/788/744 7115/785/741 7146/811/766 7147/814/769
f 7143/789/745 7142/786/742 7173/812/767 7174/815/770
f 7130/790/746 7129/787/743 7160/813/768 7161/816/771
f 7117/758/716 7116/788/744 7147/814/769 7148/817/772
f 7144/760/718 7143/789/745 7174/815/770 7175/818/773
f 7131/762/720 7130/790/746 7161/816/771 7162/819/774
f 7118/759/717 7117/758/716 7148/817/772 7149/820/775
f 7145/761/719 7144/760/718 7175/818/773 7176/821/1121
f 7132/763/721 7131/762/720 7162/819/774 7163/822/777
f 7119/764/722 7118/759/717 7149/820/775 7150/791/747
f 7166/829/752 7165/886/750 7196/887/808 7197/830/780
f 7153/824/753 7152/825/751 7183/826/778 7184/827/779
f 7167/828/1332 7166/829/752 7197/830/780 7198/831/1334
f 7154/832/755 7153/824/753 7184/827/779 7185/833/782
f 7168/834/756 7167/828/1332 7198/831/1334 7199/835/783
f 7155/836/1333 7154/832/755 7185/833/782 7186/837/1335
f 7169/838/758 7168/834/756 7199/835/783 7200/839/785
f 7156/840/759 7155/836/1333 7186/837/1335 7187/841/786
f 7170/842/760 7169/838/758 7200/839/785 7201/843/787
f 7157/844/761 7156/840/759 7187/841/786 7188/845/788
f 7171/846/762 7170/842/760 7201/843/787 7202/847/789
f 7158/848/763 7157/844/761 7188/845/788 7189/849/790
f 7172/850/764 7171/846/762 7202/847/789 7203/851/791
f 7159/852/765 7158/848/763 7189/849/790 7190/853/792
f 7146/854/766 6928/855/34 7177/856/793
f 7173/857/767 7172/850/764 7203/851/791 7204/858/794
f 7160/859/768 7159/852/765 7190/853/792 7191/860/795
f 7147/861/769 7146/854/766 7177/856/793 7178/862/796
f 7174/863/770 7173/857/767 7204/858/794 7205/864/797
f 7161/865/771 7160/859/768 7191/860/795 7192/866/798
f 7148/867/772 7147/861/769 7178/862/796 7179/868/799
f 7175/869/773 7174/863/770 7205/864/797 7206/870/800
f 7162/871/774 7161/865/771 7192/866/798 7193/872/801
f 7149/873/775 7148/867/772 7179/868/799 7180/874/802
f 7176/875/1121 7175/869/773 7206/870/800 7207/876/803
f 7163/877/777 7162/871/774 7193/872/801 7194/878/804
f 7150/879/747 7149/873/775 7180/874/802 7181/880/805
f 6927/881/60 7176/875/1121 7207/876/803
f 7164/882/749 7163/877/777 7194/878/804 7195/883/806
f 7151/884/748 7150/879/747 7181/880/805 7182/885/807
f 7165/886/750 7164/882/749 7195/883/806 7196/887/808
f 7152/825/751 7151/884/748 7182/885/807 7183/826/778
f 7199/835/783 7198/831/1334 7229/920/1336 7230/890/811
f 7186/837/1335 7185/833/782 7216/888/809 7217/889/1337
f 7200/839/785 7199/835/783 7230/890/811 7231/891/812
f 7187/841/786 7186/837/1335 7217/889/1337 7218/892/813
f 7201/843/787 7200/839/785 7231/891/812 7232/893/814
f 7188/845/788 7187/841/786 7218/892/813 7219/894/815
f 7202/847/789 7201/843/787 7232/893/814 7233/895/816
f 7189/849/790 7188/845/788 7219/894/815 7220/896/817
f 7203/851/791 7202/847/789 7233/895/816 7234/897/818
f 7190/853/792 7189/849/790 7220/896/817 7221/898/819
f 7177/856/793 6928/899/34 7208/900/820
f 7204/858/794 7203/851/791 7234/897/818 7235/901/1338
f 7191/860/795 7190/853/792 7221/898/819 7222/902/1279
f 7178/862/796 7177/856/793 7208/900/820 7209/903/1245
f 7205/864/797 7204/858/794 7235/901/1338 7236/904/824
f 7192/866/798 7191/860/795 7222/902/1279 7223/905/825
f 7179/868/799 7178/862/796 7209/903/1245 7210/906/826
f 7206/870/800 7205/864/797 7236/904/824 7237/907/827
f 7193/872/801 7192/866/798 7223/905/825 7224/908/1280
f 7180/874/802 7179/868/799 7210/906/826 7211/909/1339
f 7207/876/803 7206/870/800 7237/907/827 7238/910/830
f 7194/878/804 7193/872/801 7224/908/1280 7225/911/831
f 7181/880/805 7180/874/802 7211/909/1339 7212/912/832
f 6927/913/60 7207/876/803 7238/910/830
f 7195/883/806 7194/878/804 7225/911/831 7226/914/833
f 7182/885/807 7181/880/805 7212/912/832 7213/915/834
f 7196/887/808 7195/883/806 7226/914/833 7227/916/835
f 7183/826/778 7182/885/807 7213/915/834 7214/917/836
f 7197/830/780 7196/887/808 7227/916/835 7228/918/837
f 7184/827/779 7183/826/778 7214/917/836 7215/919/838
f 7198/831/1334 7197/830/780 7228/918/837 7229/920/1336
f 7185/833/782 7184/827/779 7215/919/838 7216/888/809
f 7221/898/819 7220/896/817 7251/952/870 7252/923/842
f 7208/900/820 6928/953/34 7239/925/844
f 7235/901/1338 7234/897/818 7265/921/840 7266/922/841
f 7222/902/1279 7221/898/819 7252/923/842 7253/924/843
f 7209/903/1245 7208/900/820 7239/925/844 7240/926/1246
f 7236/904/824 7235/901/1338 7266/922/841 7267/927/846
f 7223/905/825 7222/902/1279 7253/924/843 7254/928/847
f 7210/906/826 7209/903/1245 7240/926/1246 7241/929/848
f 7237/907/827 7236/904/824 7267/927/846 7268/930/849
f 7224/908/1280 7223/905/825 7254/928/847 7255/931/850
f 7211/909/1339 7210/906/826 7241/929/848 7242/932/851
f 7238/910/830 7237/907/827 7268/930/849 7269/933/852
f 7225/911/831 7224/908/1280 7255/931/850 7256/934/853
f 7212/912/832 7211/909/1339 7242/932/851 7243/935/854
f 6927/936/60 7238/910/830 7269/933/852
f 7226/914/833 7225/911/831 7256/934/853 7257/937/855
f 7213/915/834 7212/912/832 7243/935/854 7244/938/856
f 7227/916/835 7226/914/833 7257/937/855 7258/939/857
f 7214/917/836 7213/915/834 7244/938/856 7245/940/858
f 7228/918/837 7227/916/835 7258/939/857 7259/941/859
f 7215/919/838 7214/917/836 7245/940/858 7246/942/860
f 7229/920/1336 7228/918/837 7259/941/859 7260/943/1340
f 7216/888/809 7215/919/838 7246/942/860 7247/944/862
f 7230/890/811 7229/920/1336 7260/943/1340 7261/945/863
f 7217/889/1337 7216/888/809 7247/944/862 7248/946/1341
f 7231/891/812 7230/890/811 7261/945/863 7262/947/865
f 7218/892/813 7217/889/1337 7248/946/1341 7249/948/866
f 7232/893/814 7231/891/812 7262/947/865 7263/949/867
f 7219/894/815 7218/892/813 7249/948/866 7250/950/868
f 7233/895/816 7232/893/814 7263/949/867 7264/951/869
f 7220/896/817 7219/894/815 7250/950/868 7251/952/870
f 7234/897/818 7233/895/816 7264/951/869 7265/921/840
f 7254/928/847 7253/924/843 7284/985/900 7285/956/873
f 7241/929/848 7240/926/1246 7271/986/901 7272/958/875
f 7268/930/849 7267/927/846 7298/954/871 7299/955/872
f 7255/931/850 7254/928/847 7285/956/873 7286/957/874
f 7242/932/851 7241/929/848 7272/958/875 7273/959/1342
f 7269/933/852 7268/930/849 7299/955/872 7300/960/877
f 7256/934/853 7255/931/850 7286/957/874 7287/961/878
f 7243/935/854 7242/932/851 7273/959/1342 7274/962/879
f 6927/963/60 7269/933/852 7300/960/877
f 7257/937/855 7256/934/853 7287/961/878 7288/964/880
f 7244/938/856 7243/935/854 7274/962/879 7275/965/881
f 7258/939/857 7257/937/855 7288/964/880 7289/966/882
f 7245/940/858 7244/938/856 7275/965/881 7276/967/883
f 7259/941/859 7258/939/857 7289/966/882 7290/968/884
f 7246/942/860 7245/940/858 7276/967/883 7277/969/885
f 7260/943/1340 7259/941/859 7290/968/884 7291/970/1249
f 7247/944/862 7246/942/860 7277/969/885 7278/971/887
f 7261/945/863 7260/943/1340 7291/970/1249 7292/972/888
f 7248/946/1341 7247/944/862 7278/971/887 7279/973/1193
f 7262/947/865 7261/945/863 7292/972/888 7293/974/890
f 7249/948/866 7248/946/1341 7279/973/1193 7280/975/891
f 7263/949/867 7262/947/865 7293/974/890 7294/976/892
f 7250/950/868 7249/948/866 7280/975/891 7281/977/893
f 7264/951/869 7263/949/867 7294/976/892 7295/978/894
f 7251/952/870 7250/950/868 7281/977/893 7282/979/895
f 7265/921/840 7264/951/869 7295/978/894 7296/980/896
f 7252/923/842 7251/952/870 7282/979/895 7283/981/897
f 7239/925/844 6928/982/34 7270/983/1343
f 7266/922/841 7265/921/840 7296/980/896 7297/984/1344
f 7253/924/843 7252/923/842 7283/981/897 7284/985/900
f 7240/926/1246 7239/925/844 7270/983/1343 7271/986/901
f 7267/927/846 7266/922/841 7297/984/1344 7298/954/871
f 7287/961/878 7286/957/874 7317/1018/931 7318/989/903
f 7274/962/879 7273/959/1342 7304/1019/932 7305/991/905
f 6927/987/60 7300/960/877 7331/988/902
f 7288/964/880 7287/961/878 7318/989/903 7319/990/904
f 7275/965/881 7274/962/879 7305/991/905 7306/992/906
f 7289/966/882 7288/964/880 7319/990/904 7320/993/907
f 7276/967/883 7275/965/881 7306/992/906 7307/994/908
f 7290/968/884 7289/966/882 7320/993/907 7321/995/909
f 7277/969/885 7276/967/883 7307/994/908 7308/996/910
f 7291/970/1249 7290/968/884 7321/995/909 7322/997/1251
f 7278/971/887 7277/969/885 7308/996/910 7309/998/912
f 7292/972/888 7291/970/1249 7322/997/1251 7323/999/913
f 7279/973/1193 7278/971/887 7309/998/912 7310/1000/1194
f 7293/974/890 7292/972/888 7323/999/913 7324/1001/915
f 7280/975/891 7279/973/1193 7310/1000/1194 7311/1002/916
f 7294/976/892 7293/974/890 7324/1001/915 7325/1003/917
f 7281/977/893 7280/975/891 7311/1002/916 7312/1004/918
f 7295/978/894 7294/976/892 7325/1003/917 7326/1005/919
f 7282/979/895 7281/977/893 7312/1004/918 7313/1006/920
f 7296/980/896 7295/978/894 7326/1005/919 7327/1007/921
f 7283/981/897 7282/979/895 7313/1006/920 7314/1008/922
f 7270/983/1343 6928/1009/34 7301/1010/923
f 7297/984/1344 7296/980/896 7327/1007/921 7328/1011/924
f 7284/985/900 7283/981/897 7314/1008/922 7315/1012/925
f 7271/986/901 7270/983/1343 7301/1010/923 7302/1013/1252
f 7298/954/871 7297/984/1344 7328/1011/924 7329/1014/927
f 7285/956/873 7284/985/900 7315/1012/925 7316/1015/928
f 7272/958/875 7271/986/901 7302/1013/1252 7303/1016/929
f 7299/955/872 7298/954/871 7329/1014/927 7330/1017/930
f 7286/957/874 7285/956/873 7316/1015/928 7317/1018/931
f 7273/959/1342 7272/958/875 7303/1016/929 7304/1019/932
f 7300/960/877 7299/955/872 7330/1017/930 7331/988/902
f 7320/993/907 7319/990/904 7350/1051/962 7351/1020/933
f 7307/994/908 7306/992/906 7337/1052/963 7338/1022/935
f 7321/995/909 7320/993/907 7351/1020/933 7352/1021/934
f 7308/996/910 7307/994/908 7338/1022/935 7339/1023/936
f 7322/997/1251 7321/995/909 7352/1021/934 7353/1024/1345
f 7309/998/912 7308/996/910 7339/1023/936 7340/1025/938
f 7323/999/913 7322/997/1251 7353/1024/1345 7354/1026/939
f 7310/1000/1194 7309/998/912 7340/1025/938 7341/1027/1346
f 7324/1001/915 7323/999/913 7354/1026/939 7355/1028/941
f 7311/1002/916 7310/1000/1194 7341/1027/1346 7342/1029/942
f 7325/1003/917 7324/1001/915 7355/1028/941 7356/1030/943
f 7312/1004/918 7311/1002/916 7342/1029/942 7343/1031/944
f 7326/1005/919 7325/1003/917 7356/1030/943 7357/1032/945
f 7313/1006/920 7312/1004/918 7343/1031/944 7344/1033/946
f 7327/1007/921 7326/1005/919 7357/1032/945 7358/1034/947
f 7314/1008/922 7313/1006/920 7344/1033/946 7345/1035/948
f 7301/1010/923 6928/1036/34 7332/1037/949
f 7328/1011/924 7327/1007/921 7358/1034/947 7359/1038/1255
f 7315/1012/925 7314/1008/922 7345/1035/948 7346/1039/1199
f 7302/1013/1252 7301/1010/923 7332/1037/949 7333/1040/1256
f 7329/1014/927 7328/1011/924 7359/1038/1255 7360/1041/953
f 7316/1015/928 7315/1012/925 7346/1039/1199 7347/1042/954
f 7303/1016/929 7302/1013/1252 7333/1040/1256 7334/1043/955
f 7330/1017/930 7329/1014/927 7360/1041/953 7361/1044/956
f 7317/1018/931 7316/1015/928 7347/1042/954 7348/1045/1200
f 7304/1019/932 7303/1016/929 7334/1043/955 7335/1046/1201
f 7331/988/902 7330/1017/930 7361/1044/956 7362/1047/959
f 7318/989/903 7317/1018/931 7348/1045/1200 7349/1048/960
f 7305/991/905 7304/1019/932 7335/1046/1201 7336/1049/961
f 6927/1050/60 7331/988/902 7362/1047/959
f 7319/990/904 7318/989/903 7349/1048/960 7350/1051/962
f 7306/992/906 7305/991/905 7336/1049/961 7337/1052/963
f 7353/1024/1345 7352/1021/934 7383/1084/993 7384/1053/1347
f 7340/1025/938 7339/1023/936 7370/1085/994 7371/1055/966
f 7354/1026/939 7353/1024/1345 7384/1053/1347 7385/1054/965
f 7341/1027/1346 7340/1025/938 7371/1055/966 7372/1056/1203
f 7355/1028/941 7354/1026/939 7385/1054/965 7386/1057/968
f 7342/1029/942 7341/1027/1346 7372/1056/1203 7373/1058/969
f 7356/1030/943 7355/1028/941 7386/1057/968 7387/1059/970
f 7343/1031/944 7342/1029/942 7373/1058/969 7374/1060/971
f 7357/1032/945 7356/1030/943 7387/1059/970 7388/1061/972
f 7344/1033/946 7343/1031/944 7374/1060/971 7375/1062/973
f 7358/1034/947 7357/1032/945 7388/1061/972 7389/1063/974
f 7345/1035/948 7344/1033/946 7375/1062/973 7376/1064/975
f 7332/1037/949 6928/1065/34 7363/1066/976
f 7359/1038/1255 7358/1034/947 7389/1063/974 7390/1067/977
f 7346/1039/1199 7345/1035/948 7376/1064/975 7377/1068/978
f 7333/1040/1256 7332/1037/949 7363/1066/976 7364/1069/979
f 7360/1041/953 7359/1038/1255 7390/1067/977 7391/1070/980
f 7347/1042/954 7346/1039/1199 7377/1068/978 7378/1071/981
f 7334/1043/955 7333/1040/1256 7364/1069/979 7365/1072/982
f 7361/1044/956 7360/1041/953 7391/1070/980 7392/1073/983
f 7348/1045/1200 7347/1042/954 7378/1071/981 7379/1074/984
f 7335/1046/1201 7334/1043/955 7365/1072/982 7366/1075/985
f 7362/1047/959 7361/1044/956 7392/1073/983 7393/1076/986
f 7349/1048/960 7348/1045/1200 7379/1074/984 7380/1077/987
f 7336/1049/961 7335/1046/1201 7366/1075/985 7367/1078/988
f 6927/1079/60 7362/1047/959 7393/1076/986
f 7350/1051/962 7349/1048/960 7380/1077/987 7381/1080/989
f 7337/1052/963 7336/1049/961 7367/1078/988 7368/1081/990
f 7351/1020/933 7350/1051/962 7381/1080/989 7382/1082/991
f 7338/1022/935 7337/1052/963 7368/1081/990 7369/1083/992
f 7352/1021/934 7351/1020/933 7382/1082/991 7383/1084/993
f 7339/1023/936 7338/1022/935 7369/1083/992 7370/1085/994
f 7386/1057/968 7385/1054/965 6425/13/13 7406/17/17
f 7373/1058/969 7372/1056/1203 7401/15/1150 7402/19/19
f 7387/1059/970 7386/1057/968 7406/17/17 6426/21/21
f 7374/1060/971 7373/1058/969 7402/19/19 6417/23/23
f 7388/1061/972 7387/1059/970 6426/21/21 6427/25/25
f 7375/1062/973 7374/1060/971 6417/23/23 6418/27/27
f 7389/1063/974 7388/1061/972 6427/25/25 6428/29/29
f 7376/1064/975 7375/1062/973 6418/27/27 6419/31/31
f 7363/1066/976 6928/1086/34 7394/33/1204
f 7390/1067/977 7389/1063/974 6428/29/29 7407/36/36
f 7377/1068/978 7376/1064/975 6419/31/31 6420/38/38
f 7364/1069/979 7363/1066/976 7394/33/1204 7395/40/40
f 7391/1070/980 7390/1067/977 7407/36/36 7408/42/42
f 7378/1071/981 7377/1068/978 6420/38/38 7403/44/44
f 7365/1072/982 7364/1069/979 7395/40/40 7396/46/46
f 7392/1073/983 7391/1070/980 7408/42/42 6429/48/48
f 7379/1074/984 7378/1071/981 7403/44/44 6421/50/50
f 7366/1075/985 7365/1072/982 7396/46/46 7397/52/52
f 7393/1076/986 7392/1073/983 6429/48/48 6430/54/54
f 7380/1077/987 7379/1074/984 6421/50/50 6422/56/56
f 7367/1078/988 7366/1075/985 7397/52/52 7398/58/58
f 6927/1087/60 7393/1076/986 6430/54/54
f 7381/1080/989 7380/1077/987 6422/56/56 7404/61/61
f 7368/1081/990 7367/1078/988 7398/58/58 7399/63/63
f 7382/1082/991 7381/1080/989 7404/61/61 7405/2/2
f 7369/1083/992 7368/1081/990 7399/63/63 6415/6/6
f 7383/1084/993 7382/1082/991 7405/2/2 6423/1/1
f 7370/1085/994 7369/1083/992 6415/6/6 7400/5/5
f 7384/1053/1347 7383/1084/993 6423/1/1 6424/9/1283
f 7371/1055/966 7370/1085/994 7400/5/5 6416/11/11
f 7385/1054/965 7384/1053/1347 6424/9/1283 6425/13/13
f 7372/1056/1203 7371/1055/966 6416/11/11 7401/15/1150
f 1497/1088/1024 7422/1088/1024 7423/1088/1025 1498/1088/1025
f 1498/1088/1025 7423/1088/1025 7413/1088/1026 1499/1088/1046
f 1499/1088/1046 7413/1088/1026 7424/1088/1027 1500/1088/1027
f 1500/1088/1027 7424/1088/1027 7414/1088/1028 1501/1088/1028
f 1501/1088/1028 7414/1088/1028 7415/1088/1029 1502/1088/1029
f 1502/1088/1029 7415/1088/1029 7416/1088/1030 1503/1088/1030
f 1503/1088/1030 7416/1088/1030 7417/1088/1031 7409/1088/1031
f 7409/1088/1031 7417/1088/1031 7418/1088/1032 1504/1088/1032
f 1504/1088/1032 7418/1088/1032 7419/1088/1044 1505/1088/1044
f 1505/1088/1044 7419/1088/1044 7420/1088/1034 7410/1088/1034
f 7410/1088/1034 7420/1088/1034 7425/1088/1035 7411/1088/1035
f 7411/1088/1035 7425/1088/1035 7426/1088/1045 1506/1088/1045
f 1506/1088/1045 7426/1088/1045 7427/1088/1038 1507/1088/1038
f 1507/1088/1038 7427/1088/1038 7421/1088/1039 7412/1088/1039
f 7412/1088/1039 7421/1088/1039 7428/1088/1040 1508/1088/1040
f 1508/1088/1040 7428/1088/1040 7429/1088/1041 1509/1088/1041
f 1509/1088/1041 7429/1088/1041 7430/1088/1042 1510/1088/1042
f 1510/1088/1042 7430/1088/1042 7431/1088/1043 1511/1088/1043
f 1511/1088/1043 7431/1088/1043 7422/1088/1024 1497/1088/1024
f 7422/1088/1024 7441/1088/1024 7442/1088/1025 7423/1088/1025
f 7423/1088/1025 7442/1088/1025 7443/1088/1046 7413/1088/1026
f 7413/1088/1026 7443/1088/1046 7444/1088/1027 7424/1088/1027
f 7424/1088/1027 7444/1088/1027 7445/1088/1028 7414/1088/1028
f 7414/1088/1028 7445/1088/1028 7446/1088/1029 7415/1088/1029
f 7415/1088/1029 7446/1088/1029 7447/1088/1030 7416/1088/1030
f 7416/1088/1030 7447/1088/1030 7432/1088/1031 7417/1088/1031
f 7417/1088/1031 7432/1088/1031 7433/1088/1032 7418/1088/1032
f 7418/1088/1032 7433/1088/1032 7434/1088/1044 7419/1088/1044
f 7419/1088/1044 7434/1088/1044 7448/1088/1034 7420/1088/1034
f 7420/1088/1034 7448/1088/1034 7449/1088/1035 7425/1088/1035
f 7425/1088/1035 7449/1088/1035 7435/1088/1045 7426/1088/1045
f 7426/1088/1045 7435/1088/1045 7436/1088/1038 7427/1088/1038
f 7427/1088/1038 7436/1088/1038 7450/1088/1039 7421/1088/1039
f 7421/1088/1039 7450/1088/1039 7437/1088/1040 7428/1088/1040
f 7428/1088/1040 7437/1088/1040 7438/1088/1041 7429/1088/1041
f 7429/1088/1041 7438/1088/1041 7439/1088/1042 7430/1088/1042
f 7430/1088/1042 7439/1088/1042 7440/1088/1043 7431/1088/1043
f 7431/1088/1043 7440/1088/1043 7441/1088/1024 7422/1088/1024
f 7441/1088/1024 7451/1088/1024 7452/1088/1025 7442/1088/1025
f 7442/1088/1025 7452/1088/1025 7462/1088/1026 7443/1088/1046
f 7443/1088/1046 7462/1088/1026 7463/1088/1027 7444/1088/1027
f 7444/1088/1027 7463/1088/1027 7453/1088/1028 7445/1088/1028
f 7445/1088/1028 7453/1088/1028 7454/1088/1029 7446/1088/1029
f 7446/1088/1029 7454/1088/1029 7464/1088/1030 7447/1088/1030
f 7447/1088/1030 7464/1088/1030 7455/1088/1031 7432/1088/1031
f 7432/1088/1031 7455/1088/1031 7465/1088/1032 7433/1088/1032
f 7433/1088/1032 7465/1088/1032 7456/1088/1348 7434/1088/1044
f 7434/1088/1044 7456/1088/1348 7457/1088/1034 7448/1088/1034
f 7448/1088/1034 7457/1088/1034 7466/1088/1035 7449/1088/1035
f 7449/1088/1035 7466/1088/1035 7458/1088/1045 7435/1088/1045
f 7435/1088/1045 7458/1088/1045 7467/1088/1038 7436/1088/1038
f 7436/1088/1038 7467/1088/1038 7468/1088/1039 7450/1088/1039
f 7450/1088/1039 7468/1088/1039 7459/1088/1040 7437/1088/1040
f 7437/1088/1040 7459/1088/1040 7460/1088/1041 7438/1088/1041
f 7438/1088/1041 7460/1088/1041 7461/1088/1042 7439/1088/1042
f 7439/1088/1042 7461/1088/1042 7469/1088/1043 7440/1088/1043
f 7440/1088/1043 7469/1088/1043 7451/1088/1024 7441/1088/1024
f 7451/1088/1024 7470/1088/1024 7481/1088/1025 7452/1088/1025
f 7452/1088/1025 7481/1088/1025 7482/1088/1026 7462/1088/1026
f 7462/1088/1026 7482/1088/1026 7483/1088/1027 7463/1088/1027
f 7463/1088/1027 7483/1088/1027 7471/1088/1028 7453/1088/1028
f 7453/1088/1028 7471/1088/1028 7472/1088/1029 7454/1088/1029
f 7454/1088/1029 7472/1088/1029 7473/1088/1030 7464/1088/1030
f 7464/1088/1030 7473/1088/1030 7484/1088/1031 7455/1088/1031
f 7455/1088/1031 7484/1088/1031 7474/1088/1032 7465/1088/1032
f 7465/1088/1032 7474/1088/1032 7475/1088/1044 7456/1088/1348
f 7456/1088/1348 7475/1088/1044 7476/1088/1034 7457/1088/1034
f 7457/1088/1034 7476/1088/1034 7477/1088/1035 7466/1088/1035
f 7466/1088/1035 7477/1088/1035 7478/1088/1045 7458/1088/1045
f 7458/1088/1045 7478/1088/1045 7485/1088/1038 7467/1088/1038
f 7467/1088/1038 7485/1088/1038 7479/1088/1039 7468/1088/1039
f 7468/1088/1039 7479/1088/1039 7480/1088/1040 7459/1088/1040
f 7459/1088/1040 7480/1088/1040 7486/1088/1041 7460/1088/1041
f 7460/1088/1041 7486/1088/1041 7487/1088/1042 7461/1088/1042
f 7461/1088/1042 7487/1088/1042 7488/1088/1043 7469/1088/1043
f 7469/1088/1043 7488/1088/1043 7470/1088/1024 7451/1088/1024
f 7470/1088/1024 7496/1088/1349 7497/1088/1025 7481/1088/1025
f 7481/1088/1025 7497/1088/1025 7498/1088/1026 7482/1088/1026
f 7482/1088/1026 7498/1088/1026 7499/1088/1027 7483/1088/1027
f 7483/1088/1027 7499/1088/1027 7500/1088/1028 7471/1088/1028
f 7471/1088/1028 7500/1088/1028 7501/1088/1029 7472/1088/1029
f 7472/1088/1029 7501/1088/1029 7489/1088/1047 7473/1088/1030
f 7473/1088/1030 7489/1088/1047 7502/1088/1031 7484/1088/1031
f 7484/1088/1031 7502/1088/1031 7490/1088/1032 7474/1088/1032
f 7474/1088/1032 7490/1088/1032 7491/1088/1044 7475/1088/1044
f 7475/1088/1044 7491/1088/1044 7503/1088/1034 7476/1088/1034
f 7476/1088/1034 7503/1088/1034 7492/1088/1035 7477/1088/1035
f 7477/1088/1035 7492/1088/1035 7504/1088/1045 7478/1088/1045
f 7478/1088/1045 7504/1088/1045 7493/1088/1038 7485/1088/1038
f 7485/1088/1038 7493/1088/1038 7505/1088/1039 7479/1088/1039
f 7479/1088/1039 7505/1088/1039 7494/1088/1040 7480/1088/1040
f 7480/1088/1040 7494/1088/1040 7506/1088/1041 7486/1088/1041
f 7486/1088/1041 7506/1088/1041 7495/1088/1042 7487/1088/1042
f 7487/1088/1042 7495/1088/1042 7507/1088/1043 7488/1088/1043
f 7488/1088/1043 7507/1088/1043 7496/1088/1349 7470/1088/1024
f 7496/1088/1349 7508/1088/1024 7520/1088/1025 7497/1088/1025
f 7497/1088/1025 7520/1088/1025 7521/1088/1046 7498/1088/1026
f 7498/1088/1026 7521/1088/1046 7522/1088/1027 7499/1088/1027
f 7499/1088/1027 7522/1088/1027 7509/1088/1028 7500/1088/1028
f 7500/1088/1028 7509/1088/1028 7523/1088/1029 7501/1088/1029
f 7501/1088/1029 7523/1088/1029 7524/1088/1030 7489/1088/1047
f 7489/1088/1047 7524/1088/1030 7510/1088/1031 7502/1088/1031
f 7502/1088/1031 7510/1088/1031 7525/1088/1032 7490/1088/1032
f 7490/1088/1032 7525/1088/1032 7511/1088/1044 7491/1088/1044
f 7491/1088/1044 7511/1088/1044 7526/1088/1034 7503/1088/1034
f 7503/1088/1034 7526/1088/1034 7512/1088/1035 7492/1088/1035
f 7492/1088/1035 7512/1088/1035 7513/1088/1045 7504/1088/1045
f 7504/1088/1045 7513/1088/1045 7514/1088/1038 7493/1088/1038
f 7493/1088/1038 7514/1088/1038 7515/1088/1039 7505/1088/1039
f 7505/1088/1039 7515/1088/1039 7516/1088/1040 7494/1088/1040
f 7494/1088/1040 7516/1088/1040 7517/1088/1041 7506/1088/1041
f 7506/1088/1041 7517/1088/1041 7518/1088/1042 7495/1088/1042
f 7495/1088/1042 7518/1088/1042 7519/1088/1043 7507/1088/1043
f 7507/1088/1043 7519/1088/1043 7508/1088/1024 7496/1088/1349
f 7508/1088/1024 7527/1088/1024 7528/1088/1025 7520/1088/1025
f 7520/1088/1025 7528/1088/1025 7529/1088/1026 7521/1088/1046
f 7521/1088/1046 7529/1088/1026 7530/1088/1027 7522/1088/1027
f 7522/1088/1027 7530/1088/1027 7531/1088/1028 7509/1088/1028
f 7509/1088/1028 7531/1088/1028 7532/1088/1029 7523/1088/1029
f 7523/1088/1029 7532/1088/1029 7533/1088/1030 7524/1088/1030
f 7524/1088/1030 7533/1088/1030 7534/1088/1031 7510/1088/1031
f 7510/1088/1031 7534/1088/1031 7535/1088/1032 7525/1088/1032
f 7525/1088/1032 7535/1088/1032 7537/1088/1033 7511/1088/1044
f 7511/1088/1044 7537/1088/1033 7538/1088/1034 7526/1088/1034
f 7526/1088/1034 7538/1088/1034 7539/1088/1036 7512/1088/1035
f 7512/1088/1035 7539/1088/1036 7540/1088/1045 7513/1088/1045
f 7513/1088/1045 7540/1088/1045 7541/1088/1038 7514/1088/1038
f 7514/1088/1038 7541/1088/1038 7542/1088/1039 7515/1088/1039
f 7515/1088/1039 7542/1088/1039 7543/1088/1040 7516/1088/1040
f 7516/1088/1040 7543/1088/1040 7544/1088/1041 7517/1088/1041
f 7517/1088/1041 7544/1088/1041 7536/1088/1042 7518/1088/1042
f 7518/1088/1042 7536/1088/1042 7545/1088/1043 7519/1088/1043
f 7519/1088/1043 7545/1088/1043 7527/1088/1024 7508/1088/1024
f 7527/1088/1024 7558/1088/1024 7559/1088/1025 7528/1088/1025
f 7528/1088/1025 7559/1088/1025 7560/1088/1026 7529/1088/1026
f 7529/1088/1026 7560/1088/1026 7561/1088/1027 7530/1088/1027
f 7530/1088/1027 7561/1088/1027 7546/1088/1028 7531/1088/1028
f 7531/1088/1028 7546/1088/1028 7547/1088/1029 7532/1088/1029
f 7532/1088/1029 7547/1088/1029 7562/1088/1030 7533/1088/1030
f 7533/1088/1030 7562/1088/1030 7548/1088/1031 7534/1088/1031
f 7534/1088/1031 7548/1088/1031 7549/1088/1032 7535/1088/1032
f 7535/1088/1032 7549/1088/1032 7550/1088/1044 7537/1088/1033
f 7537/1088/1033 7550/1088/1044 7551/1088/1350 7538/1088/1034
f 7538/1088/1034 7551/1088/1350 7552/1088/1035 7539/1088/1036
f 7539/1088/1036 7552/1088/1035 7553/1088/1037 7540/1088/1045
f 7540/1088/1045 7553/1088/1037 7554/1088/1038 7541/1088/1038
f 7541/1088/1038 7554/1088/1038 7555/1088/1039 7542/1088/1039
f 7542/1088/1039 7555/1088/1039 7556/1088/1040 7543/1088/1040
f 7543/1088/1040 7556/1088/1040 7563/1088/1041 7544/1088/1041
f 7544/1088/1041 7563/1088/1041 7557/1088/1042 7536/1088/1042
f 7536/1088/1042 7557/1088/1042 7564/1088/1043 7545/1088/1043
f 7545/1088/1043 7564/1088/1043 7558/1088/1024 7527/1088/1024
f 7558/1088/1024 7575/1088/1024 7565/1088/1025 7559/1088/1025
f 7559/1088/1025 7565/1088/1025 7576/1088/1046 7560/1088/1026
f 7560/1088/1026 7576/1088/1046 7566/1088/1027 7561/1088/1027
f 7561/1088/1027 7566/1088/1027 7567/1088/1028 7546/1088/1028
f 7546/1088/1028 7567/1088/1028 7568/1088/1029 7547/1088/1029
f 7547/1088/1029 7568/1088/1029 7569/1088/1030 7562/1088/1030
f 7562/1088/1030 7569/1088/1030 7570/1088/1031 7548/1088/1031
f 7548/1088/1031 7570/1088/1031 7571/1088/1032 7549/1088/1032
f 7549/1088/1032 7571/1088/1032 7572/1088/1044 7550/1088/1044
f 7550/1088/1044 7572/1088/1044 7573/1088/1034 7551/1088/1350
f 7551/1088/1350 7573/1088/1034 7574/1088/1035 7552/1088/1035
f 7552/1088/1035 7574/1088/1035 7577/1088/1045 7553/1088/1037
f 7553/1088/1037 7577/1088/1045 7578/1088/1038 7554/1088/1038
f 7554/1088/1038 7578/1088/1038 7579/1088/1039 7555/1088/1039
f 7555/1088/1039 7579/1088/1039 7580/1088/1040 7556/1088/1040
f 7556/1088/1040 7580/1088/1040 7581/1088/1041 7563/1088/1041
f 7563/1088/1041 7581/1088/1041 7582/1088/1042 7557/1088/1042
f 7557/1088/1042 7582/1088/1042 7583/1088/1043 7564/1088/1043
f 7564/1088/1043 7583/1088/1043 7575/1088/1024 7558/1088/1024
f 7575/1088/1024 7595/1088/1024 7584/1088/1025 7565/1088/1025
f 7565/1088/1025 7584/1088/1025 7596/1088/1026 7576/1088/1046
f 7576/1088/1046 7596/1088/1026 7597/1088/1027 7566/1088/1027
f 7566/1088/1027 7597/1088/1027 7598/1088/1028 7567/1088/1028
f 7567/1088/1028 7598/1088/1028 7599/1088/1029 7568/1088/1029
f 7568/1088/1029 7599/1088/1029 7600/1088/1030 7569/1088/1030
f 7569/1088/1030 7600/1088/1030 7585/1088/1031 7570/1088/1031
f 7570/1088/1031 7585/1088/1031 7601/1088/1032 7571/1088/1032
f 7571/1088/1032 7601/1088/1032 7586/1088/1033 7572/1088/1044
f 7572/1088/1044 7586/1088/1033 7587/1088/1034 7573/1088/1034
f 7573/1088/1034 7587/1088/1034 7602/1088/1036 7574/1088/1035
f 7574/1088/1035 7602/1088/1036 7588/1088/1045 7577/1088/1045
f 7577/1088/1045 7588/1088/1045 7589/1088/1038 7578/1088/1038
f 7578/1088/1038 7589/1088/1038 7590/1088/1039 7579/1088/1039
f 7579/1088/1039 7590/1088/1039 7591/1088/1040 7580/1088/1040
f 7580/1088/1040 7591/1088/1040 7592/1088/1041 7581/1088/1041
f 7581/1088/1041 7592/1088/1041 7593/1088/1042 7582/1088/1042
f 7582/1088/1042 7593/1088/1042 7594/1088/1043 7583/1088/1043
f 7583/1088/1043 7594/1088/1043 7595/1088/1024 7575/1088/1024
f 7595/1088/1024 7603/1088/1024 7604/1088/1025 7584/1088/1025
f 7584/1088/1025 7604/1088/1025 7605/1088/1046 7596/1088/1026
f 7596/1088/1026 7605/1088/1046 7606/1088/1027 7597/1088/1027
f 7597/1088/1027 7606/1088/1027 7607/1088/1028 7598/1088/1028
f 7598/1088/1028 7607/1088/1028 7608/1088/1029 7599/1088/1029
f 7599/1088/1029 7608/1088/1029 7609/1088/1030 7600/1088/1030
f 7600/1088/1030 7609/1088/1030 7610/1088/1351 7585/1088/1031
f 7585/1088/1031 7610/1088/1351 7611/1088/1032 7601/1088/1032
f 7601/1088/1032 7611/1088/1032 7612/1088/1033 7586/1088/1033
f 7586/1088/1033 7612/1088/1033 7613/1088/1034 7587/1088/1034
f 7587/1088/1034 7613/1088/1034 7614/1088/1035 7602/1088/1036
f 7602/1088/1036 7614/1088/1035 7615/1088/1352 7588/1088/1045
f 7588/1088/1045 7615/1088/1352 7616/1088/1038 7589/1088/1038
f 7589/1088/1038 7616/1088/1038 7617/1088/1039 7590/1088/1039
f 7590/1088/1039 7617/1088/1039 7618/1088/1353 7591/1088/1040
f 7591/1088/1040 7618/1088/1353 7619/1088/1041 7592/1088/1041
f 7592/1088/1041 7619/1088/1041 7620/1088/1042 7593/1088/1042
f 7593/1088/1042 7620/1088/1042 7621/1088/1043 7594/1088/1043
f 7594/1088/1043 7621/1088/1043 7603/1088/1024 7595/1088/1024
f 7622/1088/1048 7636/1088/1048 7637/1088/1049 1721/1088/1049
f 1721/1088/1049 7637/1088/1049 7638/1088/1068 7623/1088/1070
f 7623/1088/1070 7638/1088/1068 7639/1088/1051 7624/1088/1051
f 7624/1088/1051 7639/1088/1051 7632/1088/1052 7625/1088/1052
f 7625/1088/1052 7632/1088/1052 7640/1088/1053 7626/1088/1053
f 7626/1088/1053 7640/1088/1053 7641/1088/1354 1722/1088/1054
f 1722/1088/1054 7641/1088/1354 7642/1088/1055 7627/1088/1055
f 7627/1088/1055 7642/1088/1055 7633/1088/1056 7628/1088/1056
f 7628/1088/1056 7633/1088/1056 7634/1088/1057 1723/1088/1057
f 1723/1088/1057 7634/1088/1057 7643/1088/1058 1724/1088/1058
f 1724/1088/1058 7643/1088/1058 7644/1088/1059 1725/1088/1059
f 1725/1088/1059 7644/1088/1059 7645/1088/1060 7629/1088/1060
f 7629/1088/1060 7645/1088/1060 7646/1088/1062 1726/1088/1062
f 1726/1088/1062 7646/1088/1062 7647/1088/1063 7630/1088/1063
f 7630/1088/1063 7647/1088/1063 7648/1088/1064 1727/1088/1064
f 1727/1088/1064 7648/1088/1064 7649/1088/1065 1728/1088/1065
f 1728/1088/1065 7649/1088/1065 7635/1088/1066 7631/1088/1066
f 7631/1088/1066 7635/1088/1066 7650/1088/1067 1729/1088/1067
f 1729/1088/1067 7650/1088/1067 7636/1088/1048 7622/1088/1048
f 7636/1088/1048 7656/1088/1048 7651/1088/1049 7637/1088/1049
f 7637/1088/1049 7651/1088/1049 7652/1088/1068 7638/1088/1068
f 7638/1088/1068 7652/1088/1068 7653/1088/1051 7639/1088/1051
f 7639/1088/1051 7653/1088/1051 7657/1088/1052 7632/1088/1052
f 7632/1088/1052 7657/1088/1052 7658/1088/1053 7640/1088/1053
f 7640/1088/1053 7658/1088/1053 7659/1088/1354 7641/1088/1354
f 7641/1088/1354 7659/1088/1354 7660/1088/1055 7642/1088/1055
f 7642/1088/1055 7660/1088/1055 7661/1088/1056 7633/1088/1056
f 7633/1088/1056 7661/1088/1056 7662/1088/1057 7634/1088/1057
f 7634/1088/1057 7662/1088/1057 7663/1088/1058 7643/1088/1058
f 7643/1088/1058 7663/1088/1058 7664/1088/1059 7644/1088/1059
f 7644/1088/1059 7664/1088/1059 7654/1088/1060 7645/1088/1060
f 7645/1088/1060 7654/1088/1060 7665/1088/1062 7646/1088/1062
f 7646/1088/1062 7665/1088/1062 7655/1088/1063 7647/1088/1063
f 7647/1088/1063 7655/1088/1063 7666/1088/1064 7648/1088/1064
f 7648/1088/1064 7666/1088/1064 7667/1088/1065 7649/1088/1065
f 7649/1088/1065 7667/1088/1065 7668/1088/1066 7635/1088/1066
f 7635/1088/1066 7668/1088/1066 7669/1088/1067 7650/1088/1067
f 7650/1088/1067 7669/1088/1067 7656/1088/1048 7636/1088/1048
f 7656/1088/1048 7670/1088/1048 7671/1088/1049 7651/1088/1049
f 7651/1088/1049 7671/1088/1049 7684/1088/1050 7652/1088/1068
f 7652/1088/1068 7684/1088/1050 7685/1088/1051 7653/1088/1051
f 7653/1088/1051 7685/1088/1051 7672/1088/1052 7657/1088/1052
f 7657/1088/1052 7672/1088/1052 7686/1088/1053 7658/1088/1053
f 7658/1088/1053 7686/1088/1053 7673/1088/1054 7659/1088/1354
f 7659/1088/1354 7673/1088/1054 7687/1088/1055 7660/1088/1055
f 7660/1088/1055 7687/1088/1055 7688/1088/1056 7661/1088/1056
f 7661/1088/1056 7688/1088/1056 7674/1088/1057 7662/1088/1057
f 7662/1088/1057 7674/1088/1057 7675/1088/1058 7663/1088/1058
f 7663/1088/1058 7675/1088/1058 7676/1088/1059 7664/1088/1059
f 7664/1088/1059 7676/1088/1059 7677/1088/1060 7654/1088/1060
f 7654/1088/1060 7677/1088/1060 7678/1088/1062 7665/1088/1062
f 7665/1088/1062 7678/1088/1062 7679/1088/1063 7655/1088/1063
f 7655/1088/1063 7679/1088/1063 7680/1088/1064 7666/1088/1064
f 7666/1088/1064 7680/1088/1064 7681/1088/1069 7667/1088/1065
f 7667/1088/1065 7681/1088/1069 7682/1088/1066 7668/1088/1066
f 7668/1088/1066 7682/1088/1066 7683/1088/1067 7669/1088/1067
f 7669/1088/1067 7683/1088/1067 7670/1088/1048 7656/1088/1048
f 7670/1088/1048 7689/1088/1048 7700/1088/1049 7671/1088/1049
f 7671/1088/1049 7700/1088/1049 7690/1088/1068 7684/1088/1050
f 7684/1088/1050 7690/1088/1068 7691/1088/1051 7685/1088/1051
f 7685/1088/1051 7691/1088/1051 7692/1088/1052 7672/1088/1052
f 7672/1088/1052 7692/1088/1052 7693/1088/1053 7686/1088/1053
f 7686/1088/1053 7693/1088/1053 7694/1088/1054 7673/1088/1054
f 7673/1088/1054 7694/1088/1054 7695/1088/1055 7687/1088/1055
f 7687/1088/1055 7695/1088/1055 7701/1088/1056 7688/1088/1056
f 7688/1088/1056 7701/1088/1056 7702/1088/1057 7674/1088/1057
f 7674/1088/1057 7702/1088/1057 7696/1088/1058 7675/1088/1058
f 7675/1088/1058 7696/1088/1058 7703/1088/1059 7676/1088/1059
f 7676/1088/1059 7703/1088/1059 7697/1088/1060 7677/1088/1060
f 7677/1088/1060 7697/1088/1060 7704/1088/1062 7678/1088/1062
f 7678/1088/1062 7704/1088/1062 7698/1088/1063 7679/1088/1063
f 7679/1088/1063 7698/1088/1063 7705/1088/1064 7680/1088/1064
f 7680/1088/1064 7705/1088/1064 7706/1088/1065 7681/1088/1069
f 7681/1088/1069 7706/1088/1065 7699/1088/1066 7682/1088/1066
f 7682/1088/1066 7699/1088/1066 7707/1088/1067 7683/1088/1067
f 7683/1088/1067 7707/1088/1067 7689/1088/1048 7670/1088/1048
f 7689/1088/1048 7712/1088/1355 7713/1088/1049 7700/1088/1049
f 7700/1088/1049 7713/1088/1049 7714/1088/1068 7690/1088/1068
f 7690/1088/1068 7714/1088/1068 7715/1088/1051 7691/1088/1051
f 7691/1088/1051 7715/1088/1051 7716/1088/1052 7692/1088/1052
f 7692/1088/1052 7716/1088/1052 7717/1088/1053 7693/1088/1053
f 7693/1088/1053 7717/1088/1053 7718/1088/1354 7694/1088/1054
f 7694/1088/1054 7718/1088/1354 7719/1088/1055 7695/1088/1055
f 7695/1088/1055 7719/1088/1055 7720/1088/1056 7701/1088/1056
f 7701/1088/1056 7720/1088/1056 7708/1088/1356 7702/1088/1057
f 7702/1088/1057 7708/1088/1356 7709/1088/1058 7696/1088/1058
f 7696/1088/1058 7709/1088/1058 7721/1088/1059 7703/1088/1059
f 7703/1088/1059 7721/1088/1059 7710/1088/1060 7697/1088/1060
f 7697/1088/1060 7710/1088/1060 7722/1088/1062 7704/1088/1062
f 7704/1088/1062 7722/1088/1062 7711/1088/1063 7698/1088/1063
f 7698/1088/1063 7711/1088/1063 7723/1088/1064 7705/1088/1064
f 7705/1088/1064 7723/1088/1064 7724/1088/1065 7706/1088/1065
f 7706/1088/1065 7724/1088/1065 7725/1088/1066 7699/1088/1066
f 7699/1088/1066 7725/1088/1066 7726/1088/1067 7707/1088/1067
f 7707/1088/1067 7726/1088/1067 7712/1088/1355 7689/1088/1048
f 7712/1088/1355 7727/1088/1048 7728/1088/1049 7713/1088/1049
f 7713/1088/1049 7728/1088/1049 7729/1088/1050 7714/1088/1068
f 7714/1088/1068 7729/1088/1050 7730/1088/1051 7715/1088/1051
f 7715/1088/1051 7730/1088/1051 7738/1088/1052 7716/1088/1052
f 7716/1088/1052 7738/1088/1052 7731/1088/1053 7717/1088/1053
f 7717/1088/1053 7731/1088/1053 7739/1088/1054 7718/1088/1354
f 7718/1088/1354 7739/1088/1054 7740/1088/1055 7719/1088/1055
f 7719/1088/1055 7740/1088/1055 7741/1088/1056 7720/1088/1056
f 7720/1088/1056 7741/1088/1056 7732/1088/1057 7708/1088/1356
f 7708/1088/1356 7732/1088/1057 7733/1088/1058 7709/1088/1058
f 7709/1088/1058 7733/1088/1058 7742/1088/1059 7721/1088/1059
f 7721/1088/1059 7742/1088/1059 7734/1088/1060 7710/1088/1060
f 7710/1088/1060 7734/1088/1060 7743/1088/1062 7722/1088/1062
f 7722/1088/1062 7743/1088/1062 7735/1088/1063 7711/1088/1063
f 7711/1088/1063 7735/1088/1063 7736/1088/1064 7723/1088/1064
f 7723/1088/1064 7736/1088/1064 7744/1088/1065 7724/1088/1065
f 7724/1088/1065 7744/1088/1065 7737/1088/1066 7725/1088/1066
f 7725/1088/1066 7737/1088/1066 7745/1088/1067 7726/1088/1067
f 7726/1088/1067 7745/1088/1067 7727/1088/1048 7712/1088/1355
f 7727/1088/1048 7746/1088/1048 7753/1088/1049 7728/1088/1049
f 7728/1088/1049 7753/1088/1049 7754/1088/1068 7729/1088/1050
f 7729/1088/1050 7754/1088/1068 7747/1088/1051 7730/1088/1051
f 7730/1088/1051 7747/1088/1051 7755/1088/1052 7738/1088/1052
f 7738/1088/1052 7755/1088/1052 7756/1088/1053 7731/1088/1053
f 7731/1088/1053 7756/1088/1053 7757/1088/1054 7739/1088/1054
f 7739/1088/1054 7757/1088/1054 7748/1088/1055 7740/1088/1055
f 7740/1088/1055 7748/1088/1055 7749/1088/1056 7741/1088/1056
f 7741/1088/1056 7749/1088/1056 7758/1088/1357 7732/1088/1057
f 7732/1088/1057 7758/1088/1357 7759/1088/1058 7733/1088/1058
f 7733/1088/1058 7759/1088/1058 7760/1088/1059 7742/1088/1059
f 7742/1088/1059 7760/1088/1059 7761/1088/1060 7734/1088/1060
f 7734/1088/1060 7761/1088/1060 7762/1088/1062 7743/1088/1062
f 7743/1088/1062 7762/1088/1062 7750/1088/1063 7735/1088/1063
f 7735/1088/1063 7750/1088/1063 7751/1088/1064 7736/1088/1064
f 7736/1088/1064 7751/1088/1064 7752/1088/1065 7744/1088/1065
f 7744/1088/1065 7752/1088/1065 7763/1088/1066 7737/1088/1066
f 7737/1088/1066 7763/1088/1066 7764/1088/1358 7745/1088/1067
f 7745/1088/1067 7764/1088/1358 7746/1088/1048 7727/1088/1048
f 7746/1088/1048 7765/1088/1048 7766/1088/1049 7753/1088/1049
f 7753/1088/1049 7766/1088/1049 7767/1088/1050 7754/1088/1068
f 7754/1088/1068 7767/1088/1050 7768/1088/1051 7747/1088/1051
f 7747/1088/1051 7768/1088/1051 7769/1088/1052 7755/1088/1052
f 7755/1088/1052 7769/1088/1052 7770/1088/1053 7756/1088/1053
f 7756/1088/1053 7770/1088/1053 7771/1088/1054 7757/1088/1054
f 7757/1088/1054 7771/1088/1054 7772/1088/1055 7748/1088/1055
f 7748/1088/1055 7772/1088/1055 7773/1088/1056 7749/1088/1056
f 7749/1088/1056 7773/1088/1056 7775/1088/1357 7758/1088/1357
f 7758/1088/1357 7775/1088/1357 7776/1088/1058 7759/1088/1058
f 7759/1088/1058 7776/1088/1058 7777/1088/1059 7760/1088/1059
f 7760/1088/1059 7777/1088/1059 7778/1088/1060 7761/1088/1060
f 7761/1088/1060 7778/1088/1060 7779/1088/1062 7762/1088/1062
f 7762/1088/1062 7779/1088/1062 7780/1088/1063 7750/1088/1063
f 7750/1088/1063 7780/1088/1063 7781/1088/1064 7751/1088/1064
f 7751/1088/1064 7781/1088/1064 7782/1088/1065 7752/1088/1065
f 7752/1088/1065 7782/1088/1065 7783/1088/1066 7763/1088/1066
f 7763/1088/1066 7783/1088/1066 7774/1088/1358 7764/1088/1358
f 7764/1088/1358 7774/1088/1358 7765/1088/1048 7746/1088/1048
f 7765/1088/1048 7794/1088/1048 7795/1088/1049 7766/1088/1049
f 7766/1088/1049 7795/1088/1049 7796/1088/1068 7767/1088/1050
f 7767/1088/1050 7796/1088/1068 7784/1088/1051 7768/1088/1051
f 7768/1088/1051 7784/1088/1051 7797/1088/1052 7769/1088/1052
f 7769/1088/1052 7797/1088/1052 7785/1088/1053 7770/1088/1053
f 7770/1088/1053 7785/1088/1053 7798/1088/1354 7771/1088/1054
f 7771/1088/1054 7798/1088/1354 7799/1088/1055 7772/1088/1055
f 7772/1088/1055 7799/1088/1055 7800/1088/1056 7773/1088/1056
f 7773/1088/1056 7800/1088/1056 7786/1088/1359 7775/1088/1357
f 7775/1088/1357 7786/1088/1359 7787/1088/1058 7776/1088/1058
f 7776/1088/1058 7787/1088/1058 7788/1088/1059 7777/1088/1059
f 7777/1088/1059 7788/1088/1059 7789/1088/1060 7778/1088/1060
f 7778/1088/1060 7789/1088/1060 7801/1088/1062 7779/1088/1062
f 7779/1088/1062 7801/1088/1062 7790/1088/1063 7780/1088/1063
f 7780/1088/1063 7790/1088/1063 7802/1088/1064 7781/1088/1064
f 7781/1088/1064 7802/1088/1064 7791/1088/1065 7782/1088/1065
f 7782/1088/1065 7791/1088/1065 7792/1088/1066 7783/1088/1066
f 7783/1088/1066 7792/1088/1066 7793/1088/1067 7774/1088/1358
f 7774/1088/1358 7793/1088/1067 7794/1088/1048 7765/1088/1048
f 7794/1088/1048 7812/1088/1048 7813/1088/1049 7795/1088/1049
f 7795/1088/1049 7813/1088/1049 7803/1088/1068 7796/1088/1068
f 7796/1088/1068 7803/1088/1068 7814/1088/1051 7784/1088/1051
f 7784/1088/1051 7814/1088/1051 7815/1088/1052 7797/1088/1052
f 7797/1088/1052 7815/1088/1052 7816/1088/1053 7785/1088/1053
f 7785/1088/1053 7816/1088/1053 7804/1088/1354 7798/1088/1354
f 7798/1088/1354 7804/1088/1354 7805/1088/1055 7799/1088/1055
f 7799/1088/1055 7805/1088/1055 7817/1088/1056 7800/1088/1056
f 7800/1088/1056 7817/1088/1056 7818/1088/1057 7786/1088/1359
f 7786/1088/1359 7818/1088/1057 7806/1088/1058 7787/1088/1058
f 7787/1088/1058 7806/1088/1058 7807/1088/1360 7788/1088/1059
f 7788/1088/1059 7807/1088/1360 7819/1088/1060 7789/1088/1060
f 7789/1088/1060 7819/1088/1060 7820/1088/1062 7801/1088/1062
f 7801/1088/1062 7820/1088/1062 7821/1088/1063 7790/1088/1063
f 7790/1088/1063 7821/1088/1063 7808/1088/1064 7802/1088/1064
f 7802/1088/1064 7808/1088/1064 7809/1088/1065 7791/1088/1065
f 7791/1088/1065 7809/1088/1065 7810/1088/1066 7792/1088/1066
f 7792/1088/1066 7810/1088/1066 7811/1088/1067 7793/1088/1067
f 7793/1088/1067 7811/1088/1067 7812/1088/1048 7794/1088/1048
f 7812/1088/1048 7822/1088/1048 7823/1088/1049 7813/1088/1049
f 7813/1088/1049 7823/1088/1049 7824/1088/1070 7803/1088/1068
f 7803/1088/1068 7824/1088/1070 7825/1088/1051 7814/1088/1051
f 7814/1088/1051 7825/1088/1051 7826/1088/1052 7815/1088/1052
f 7815/1088/1052 7826/1088/1052 7827/1088/1053 7816/1088/1053
f 7816/1088/1053 7827/1088/1053 7828/1088/1054 7804/1088/1354
f 7804/1088/1354 7828/1088/1054 7829/1088/1055 7805/1088/1055
f 7805/1088/1055 7829/1088/1055 7830/1088/1361 7817/1088/1056
f 7817/1088/1056 7830/1088/1361 7831/1088/1357 7818/1088/1057
f 7818/1088/1057 7831/1088/1357 7832/1088/1058 7806/1088/1058
f 7806/1088/1058 7832/1088/1058 7833/1088/1059 7807/1088/1360
f 7807/1088/1360 7833/1088/1059 7834/1088/1060 7819/1088/1060
f 7819/1088/1060 7834/1088/1060 7835/1088/1062 7820/1088/1062
f 7820/1088/1062 7835/1088/1062 7836/1088/1362 7821/1088/1063
f 7821/1088/1063 7836/1088/1362 7837/1088/1064 7808/1088/1064
f 7808/1088/1064 7837/1088/1064 7838/1088/1069 7809/1088/1065
f 7809/1088/1065 7838/1088/1069 7839/1088/1066 7810/1088/1066
f 7810/1088/1066 7839/1088/1066 7840/1088/1358 7811/1088/1067
f 7811/1088/1067 7840/1088/1358 7822/1088/1048 7812/1088/1048
f 7841/1088/1071 7854/1088/1071 7855/1088/1072 1939/1088/1072
f 1939/1088/1072 7855/1088/1072 7856/1088/1073 7842/1088/1073
f 7842/1088/1073 7856/1088/1073 7857/1088/1074 7843/1088/1074
f 7843/1088/1074 7857/1088/1074 7858/1088/1075 7844/1088/1075
f 7844/1088/1075 7858/1088/1075 7859/1088/1076 7845/1088/1076
f 7845/1088/1076 7859/1088/1076 7860/1088/1077 7846/1088/1077
f 7846/1088/1077 7860/1088/1077 7861/1088/1078 7847/1088/1078
f 7847/1088/1078 7861/1088/1078 7865/1088/1079 1940/1088/1079
f 1940/1088/1079 7865/1088/1079 7866/1088/1091 7848/1088/1091
f 7848/1088/1091 7866/1088/1091 7867/1088/1081 7849/1088/1081
f 7849/1088/1081 7867/1088/1081 7868/1088/1082 7850/1088/1082
f 7850/1088/1082 7868/1088/1082 7869/1088/1083 1941/1088/1083
f 1941/1088/1083 7869/1088/1083 7870/1088/1084 7851/1088/1084
f 7851/1088/1084 7870/1088/1084 7862/1088/1085 7852/1088/1085
f 7852/1088/1085 7862/1088/1085 7863/1088/1086 1942/1088/1086
f 1942/1088/1086 7863/1088/1086 7871/1088/1087 7853/1088/1087
f 7853/1088/1087 7871/1088/1087 7872/1088/1092 1943/1088/1092
f 1943/1088/1092 7872/1088/1092 7864/1088/1089 1944/1088/1089
f 1944/1088/1089 7864/1088/1089 7854/1088/1071 7841/1088/1071
f 7854/1088/1071 7873/1088/1071 7882/1088/1072 7855/1088/1072
f 7855/1088/1072 7882/1088/1072 7883/1088/1073 7856/1088/1073
f 7856/1088/1073 7883/1088/1073 7874/1088/1074 7857/1088/1074
f 7857/1088/1074 7874/1088/1074 7884/1088/1075 7858/1088/1075
f 7858/1088/1075 7884/1088/1075 7885/1088/1076 7859/1088/1076
f 7859/1088/1076 7885/1088/1076 7886/1088/1077 7860/1088/1077
f 7860/1088/1077 7886/1088/1077 7887/1088/1078 7861/1088/1078
f 7861/1088/1078 7887/1088/1078 7875/1088/1079 7865/1088/1079
f 7865/1088/1079 7875/1088/1079 7876/1088/1091 7866/1088/1091
f 7866/1088/1091 7876/1088/1091 7888/1088/1081 7867/1088/1081
f 7867/1088/1081 7888/1088/1081 7877/1088/1082 7868/1088/1082
f 7868/1088/1082 7877/1088/1082 7878/1088/1083 7869/1088/1083
f 7869/1088/1083 7878/1088/1083 7879/1088/1084 7870/1088/1084
f 7870/1088/1084 7879/1088/1084 7889/1088/1085 7862/1088/1085
f 7862/1088/1085 7889/1088/1085 7880/1088/1086 7863/1088/1086
f 7863/1088/1086 7880/1088/1086 7890/1088/1090 7871/1088/1087
f 7871/1088/1087 7890/1088/1090 7891/1088/1092 7872/1088/1092
f 7872/1088/1092 7891/1088/1092 7881/1088/1089 7864/1088/1089
f 7864/1088/1089 7881/1088/1089 7873/1088/1071 7854/1088/1071
f 7873/1088/1071 7899/1088/1071 7900/1088/1072 7882/1088/1072
f 7882/1088/1072 7900/1088/1072 7901/1088/1073 7883/1088/1073
f 7883/1088/1073 7901/1088/1073 7902/1088/1074 7874/1088/1074
f 7874/1088/1074 7902/1088/1074 7903/1088/1075 7884/1088/1075
f 7884/1088/1075 7903/1088/1075 7904/1088/1076 7885/1088/1076
f 7885/1088/1076 7904/1088/1076 7905/1088/1077 7886/1088/1077
f 7886/1088/1077 7905/1088/1077 7906/1088/1078 7887/1088/1078
f 7887/1088/1078 7906/1088/1078 7892/1088/1079 7875/1088/1079
f 7875/1088/1079 7892/1088/1079 7907/1088/1091 7876/1088/1091
f 7876/1088/1091 7907/1088/1091 7893/1088/1081 7888/1088/1081
f 7888/1088/1081 7893/1088/1081 7894/1088/1082 7877/1088/1082
f 7877/1088/1082 7894/1088/1082 7895/1088/1083 7878/1088/1083
f 7878/1088/1083 7895/1088/1083 7908/1088/1084 7879/1088/1084
f 7879/1088/1084 7908/1088/1084 7896/1088/1085 7889/1088/1085
f 7889/1088/1085 7896/1088/1085 7897/1088/1086 7880/1088/1086
f 7880/1088/1086 7897/1088/1086 7898/1088/1087 7890/1088/1090
f 7890/1088/1090 7898/1088/1087 7909/1088/1092 7891/1088/1092
f 7891/1088/1092 7909/1088/1092 7910/1088/1089 7881/1088/1089
f 7881/1088/1089 7910/1088/1089 7899/1088/1071 7873/1088/1071
f 7899/1088/1071 7911/1088/1071 7912/1088/1072 7900/1088/1072
f 7900/1088/1072 7912/1088/1072 7913/1088/1073 7901/1088/1073
f 7901/1088/1073 7913/1088/1073 7914/1088/1074 7902/1088/1074
f 7902/1088/1074 7914/1088/1074 7918/1088/1075 7903/1088/1075
f 7903/1088/1075 7918/1088/1075 7919/1088/1076 7904/1088/1076
f 7904/1088/1076 7919/1088/1076 7920/1088/1077 7905/1088/1077
f 7905/1088/1077 7920/1088/1077 7915/1088/1078 7906/1088/1078
f 7906/1088/1078 7915/1088/1078 7921/1088/1079 7892/1088/1079
f 7892/1088/1079 7921/1088/1079 7922/1088/1091 7907/1088/1091
f 7907/1088/1091 7922/1088/1091 7923/1088/1081 7893/1088/1081
f 7893/1088/1081 7923/1088/1081 7924/1088/1082 7894/1088/1082
f 7894/1088/1082 7924/1088/1082 7925/1088/1083 7895/1088/1083
f 7895/1088/1083 7925/1088/1083 7926/1088/1084 7908/1088/1084
f 7908/1088/1084 7926/1088/1084 7927/1088/1085 7896/1088/1085
f 7896/1088/1085 7927/1088/1085 7928/1088/1086 7897/1088/1086
f 7897/1088/1086 7928/1088/1086 7929/1088/1090 7898/1088/1087
f 7898/1088/1087 7929/1088/1090 7916/1088/1092 7909/1088/1092
f 7909/1088/1092 7916/1088/1092 7917/1088/1089 7910/1088/1089
f 7910/1088/1089 7917/1088/1089 7911/1088/1071 7899/1088/1071
f 7911/1088/1071 7930/1088/1071 7931/1088/1072 7912/1088/1072
f 7912/1088/1072 7931/1088/1072 7943/1088/1073 7913/1088/1073
f 7913/1088/1073 7943/1088/1073 7944/1088/1074 7914/1088/1074
f 7914/1088/1074 7944/1088/1074 7945/1088/1075 7918/1088/1075
f 7918/1088/1075 7945/1088/1075 7946/1088/1076 7919/1088/1076
f 7919/1088/1076 7946/1088/1076 7947/1088/1077 7920/1088/1077
f 7920/1088/1077 7947/1088/1077 7948/1088/1078 7915/1088/1078
f 7915/1088/1078 7948/1088/1078 7932/1088/1079 7921/1088/1079
f 7921/1088/1079 7932/1088/1079 7933/1088/1091 7922/1088/1091
f 7922/1088/1091 7933/1088/1091 7934/1088/1081 7923/1088/1081
f 7923/1088/1081 7934/1088/1081 7935/1088/1082 7924/1088/1082
f 7924/1088/1082 7935/1088/1082 7936/1088/1083 7925/1088/1083
f 7925/1088/1083 7936/1088/1083 7937/1088/1084 7926/1088/1084
f 7926/1088/1084 7937/1088/1084 7938/1088/1085 7927/1088/1085
f 7927/1088/1085 7938/1088/1085 7939/1088/1363 7928/1088/1086
f 7928/1088/1086 7939/1088/1363 7940/1088/1090 7929/1088/1090
f 7929/1088/1090 7940/1088/1090 7941/1088/1092 7916/1088/1092
f 7916/1088/1092 7941/1088/1092 7942/1088/1089 7917/1088/1089
f 7917/1088/1089 7942/1088/1089 7930/1088/1071 7911/1088/1071
f 7930/1088/1071 7958/1088/1364 7949/1088/1072 7931/1088/1072
f 7931/1088/1072 7949/1088/1072 7959/1088/1073 7943/1088/1073
f 7943/1088/1073 7959/1088/1073 7960/1088/1074 7944/1088/1074
f 7944/1088/1074 7960/1088/1074 7961/1088/1075 7945/1088/1075
f 7945/1088/1075 7961/1088/1075 7950/1088/1076 7946/1088/1076
f 7946/1088/1076 7950/1088/1076 7962/1088/1077 7947/1088/1077
f 7947/1088/1077 7962/1088/1077 7963/1088/1078 7948/1088/1078
f 7948/1088/1078 7963/1088/1078 7951/1088/1079 7932/1088/1079
f 7932/1088/1079 7951/1088/1079 7952/1088/1091 7933/1088/1091
f 7933/1088/1091 7952/1088/1091 7953/1088/1081 7934/1088/1081
f 7934/1088/1081 7953/1088/1081 7954/1088/1082 7935/1088/1082
f 7935/1088/1082 7954/1088/1082 7955/1088/1083 7936/1088/1083
f 7936/1088/1083 7955/1088/1083 7964/1088/1084 7937/1088/1084
f 7937/1088/1084 7964/1088/1084 7956/1088/1085 7938/1088/1085
f 7938/1088/1085 7956/1088/1085 7957/1088/1086 7939/1088/1363
f 7939/1088/1363 7957/1088/1086 7965/1088/1087 7940/1088/1090
f 7940/1088/1090 7965/1088/1087 7966/1088/1092 7941/1088/1092
f 7941/1088/1092 7966/1088/1092 7967/1088/1089 7942/1088/1089
f 7942/1088/1089 7967/1088/1089 7958/1088/1364 7930/1088/1071
f 7958/1088/1364 7968/1088/1364 7979/1088/1072 7949/1088/1072
f 7949/1088/1072 7979/1088/1072 7969/1088/1073 7959/1088/1073
f 7959/1088/1073 7969/1088/1073 7970/1088/1074 7960/1088/1074
f 7960/1088/1074 7970/1088/1074 7971/1088/1075 7961/1088/1075
f 7961/1088/1075 7971/1088/1075 7972/1088/1076 7950/1088/1076
f 7950/1088/1076 7972/1088/1076 7980/1088/1077 7962/1088/1077
f 7962/1088/1077 7980/1088/1077 7973/1088/1078 7963/1088/1078
f 7963/1088/1078 7973/1088/1078 7981/1088/1079 7951/1088/1079
f 7951/1088/1079 7981/1088/1079 7974/1088/1091 7952/1088/1091
f 7952/1088/1091 7974/1088/1091 7982/1088/1081 7953/1088/1081
f 7953/1088/1081 7982/1088/1081 7983/1088/1082 7954/1088/1082
f 7954/1088/1082 7983/1088/1082 7984/1088/1083 7955/1088/1083
f 7955/1088/1083 7984/1088/1083 7985/1088/1084 7964/1088/1084
f 7964/1088/1084 7985/1088/1084 7975/1088/1085 7956/1088/1085
f 7956/1088/1085 7975/1088/1085 7986/1088/1086 7957/1088/1086
f 7957/1088/1086 7986/1088/1086 7976/1088/1090 7965/1088/1087
f 7965/1088/1087 7976/1088/1090 7977/1088/1092 7966/1088/1092
f 7966/1088/1092 7977/1088/1092 7978/1088/1089 7967/1088/1089
f 7967/1088/1089 7978/1088/1089 7968/1088/1364 7958/1088/1364
f 7968/1088/1364 7998/1088/1071 7999/1088/1072 7979/1088/1072
f 7979/1088/1072 7999/1088/1072 7987/1088/1073 7969/1088/1073
f 7969/1088/1073 7987/1088/1073 8000/1088/1074 7970/1088/1074
f 7970/1088/1074 8000/1088/1074 7988/1088/1075 7971/1088/1075
f 7971/1088/1075 7988/1088/1075 7989/1088/1076 7972/1088/1076
f 7972/1088/1076 7989/1088/1076 7990/1088/1077 7980/1088/1077
f 7980/1088/1077 7990/1088/1077 8001/1088/1078 7973/1088/1078
f 7973/1088/1078 8001/1088/1078 7991/1088/1079 7981/1088/1079
f 7981/1088/1079 7991/1088/1079 7992/1088/1080 7974/1088/1091
f 7974/1088/1091 7992/1088/1080 8002/1088/1081 7982/1088/1081
f 7982/1088/1081 8002/1088/1081 7993/1088/1082 7983/1088/1082
f 7983/1088/1082 7993/1088/1082 8003/1088/1083 7984/1088/1083
f 7984/1088/1083 8003/1088/1083 7994/1088/1084 7985/1088/1084
f 7985/1088/1084 7994/1088/1084 7995/1088/1085 7975/1088/1085
f 7975/1088/1085 7995/1088/1085 7996/1088/1086 7986/1088/1086
f 7986/1088/1086 7996/1088/1086 7997/1088/1090 7976/1088/1090
f 7976/1088/1090 7997/1088/1090 8004/1088/1092 7977/1088/1092
f 7977/1088/1092 8004/1088/1092 8005/1088/1089 7978/1088/1089
f 7978/1088/1089 8005/1088/1089 7998/1088/1071 7968/1088/1364
f 7998/1088/1071 8006/1088/1071 8007/1088/1072 7999/1088/1072
f 7999/1088/1072 8007/1088/1072 8012/1088/1073 7987/1088/1073
f 7987/1088/1073 8012/1088/1073 8008/1088/1074 8000/1088/1074
f 8000/1088/1074 8008/1088/1074 8013/1088/1075 7988/1088/1075
f 7988/1088/1075 8013/1088/1075 8014/1088/1076 7989/1088/1076
f 7989/1088/1076 8014/1088/1076 8015/1088/1077 7990/1088/1077
f 7990/1088/1077 8015/1088/1077 8016/1088/1078 8001/1088/1078
f 8001/1088/1078 8016/1088/1078 8017/1088/1079 7991/1088/1079
f 7991/1088/1079 8017/1088/1079 8018/1088/1080 7992/1088/1080
f 7992/1088/1080 8018/1088/1080 8019/1088/1081 8002/1088/1081
f 8002/1088/1081 8019/1088/1081 8020/1088/1365 7993/1088/1082
f 7993/1088/1082 8020/1088/1365 8009/1088/1083 8003/1088/1083
f 8003/1088/1083 8009/1088/1083 8010/1088/1084 7994/1088/1084
f 7994/1088/1084 8010/1088/1084 8021/1088/1085 7995/1088/1085
f 7995/1088/1085 8021/1088/1085 8022/1088/1086 7996/1088/1086
f 7996/1088/1086 8022/1088/1086 8023/1088/1087 7997/1088/1090
f 7997/1088/1090 8023/1088/1087 8011/1088/1092 8004/1088/1092
f 8004/1088/1092 8011/1088/1092 8024/1088/1089 8005/1088/1089
f 8005/1088/1089 8024/1088/1089 8006/1088/1071 7998/1088/1071
f 8006/1088/1071 8033/1088/1071 8025/1088/1072 8007/1088/1072
f 8007/1088/1072 8025/1088/1072 8026/1088/1073 8012/1088/1073
f 8012/1088/1073 8026/1088/1073 8027/1088/1074 8008/1088/1074
f 8008/1088/1074 8027/1088/1074 8028/1088/1075 8013/1088/1075
f 8013/1088/1075 8028/1088/1075 8029/1088/1076 8014/1088/1076
f 8014/1088/1076 8029/1088/1076 8030/1088/1077 8015/1088/1077
f 8015/1088/1077 8030/1088/1077 8034/1088/1078 8016/1088/1078
f 8016/1088/1078 8034/1088/1078 8031/1088/1079 8017/1088/1079
f 8017/1088/1079 8031/1088/1079 8032/1088/1080 8018/1088/1080
f 8018/1088/1080 8032/1088/1080 8035/1088/1081 8019/1088/1081
f 8019/1088/1081 8035/1088/1081 8036/1088/1082 8020/1088/1365
f 8020/1088/1365 8036/1088/1082 8037/1088/1083 8009/1088/1083
f 8009/1088/1083 8037/1088/1083 8038/1088/1084 8010/1088/1084
f 8010/1088/1084 8038/1088/1084 8039/1088/1085 8021/1088/1085
f 8021/1088/1085 8039/1088/1085 8040/1088/1086 8022/1088/1086
f 8022/1088/1086 8040/1088/1086 8041/1088/1090 8023/1088/1087
f 8023/1088/1087 8041/1088/1090 8042/1088/1088 8011/1088/1092
f 8011/1088/1092 8042/1088/1088 8043/1088/1089 8024/1088/1089
f 8024/1088/1089 8043/1088/1089 8033/1088/1071 8006/1088/1071
f 8033/1088/1071 8044/1088/1366 8045/1088/1072 8025/1088/1072
f 8025/1088/1072 8045/1088/1072 8046/1088/1073 8026/1088/1073
f 8026/1088/1073 8046/1088/1073 8047/1088/1074 8027/1088/1074
f 8027/1088/1074 8047/1088/1074 8048/1088/1367 8028/1088/1075
f 8028/1088/1075 8048/1088/1367 8049/1088/1076 8029/1088/1076
f 8029/1088/1076 8049/1088/1076 8050/1088/1077 8030/1088/1077
f 8030/1088/1077 8050/1088/1077 8051/1088/1078 8034/1088/1078
f 8034/1088/1078 8051/1088/1078 8052/1088/1079 8031/1088/1079
f 8031/1088/1079 8052/1088/1079 8053/1088/1080 8032/1088/1080
f 8032/1088/1080 8053/1088/1080 8054/1088/1081 8035/1088/1081
f 8035/1088/1081 8054/1088/1081 8055/1088/1082 8036/1088/1082
f 8036/1088/1082 8055/1088/1082 8056/1088/1368 8037/1088/1083
f 8037/1088/1083 8056/1088/1368 8057/1088/1084 8038/1088/1084
f 8038/1088/1084 8057/1088/1084 8058/1088/1369 8039/1088/1085
f 8039/1088/1085 8058/1088/1369 8059/1088/1086 8040/1088/1086
f 8040/1088/1086 8059/1088/1086 8060/1088/1090 8041/1088/1090
f 8041/1088/1090 8060/1088/1090 8061/1088/1088 8042/1088/1088
f 8042/1088/1088 8061/1088/1088 8062/1088/1370 8043/1088/1089
f 8043/1088/1089 8062/1088/1370 8044/1088/1366 8033/1088/1071
f 8063/1088/1131 8081/1088/1131 8074/1088/1132 8064/1088/1132
f 8064/1088/1132 8074/1088/1132 8082/1088/1133 8065/1088/1133
f 8065/1088/1133 8082/1088/1133 8075/1088/1134 8066/1088/1134
f 8066/1088/1134 8075/1088/1134 8076/1088/1135 8067/1088/1135
f 8067/1088/1135 8076/1088/1135 8083/1088/1136 8068/1088/1136
f 8068/1088/1136 8083/1088/1136 8084/1088/1137 8069/1088/1137
f 8069/1088/1137 8084/1088/1137 8077/1088/1138 8070/1088/1138
f 8070/1088/1138 8077/1088/1138 8085/1088/1139 3425/1088/1139
f 3425/1088/1139 8085/1088/1139 8086/1088/1140 3426/1088/1140
f 3426/1088/1140 8086/1088/1140 8087/1088/1141 3427/1088/1141
f 3427/1088/1141 8087/1088/1141 8088/1088/1142 3428/1088/1142
f 3428/1088/1142 8088/1088/1142 8089/1088/1143 8071/1088/1143
f 8071/1088/1143 8089/1088/1143 8078/1088/1144 3429/1088/1144
f 3429/1088/1144 8078/1088/1144 8079/1088/1145 3430/1088/1145
f 3430/1088/1145 8079/1088/1145 8090/1088/1146 3431/1088/1146
f 3431/1088/1146 8090/1088/1146 8091/1088/1147 3432/1088/1147
f 3432/1088/1147 8091/1088/1147 8080/1088/1148 8072/1088/1148
f 8072/1088/1148 8080/1088/1148 8092/1088/1149 8073/1088/1149
f 8073/1088/1149 8092/1088/1149 8081/1088/1131 8063/1088/1131
f 8081/1088/1131 8093/1088/1131 8094/1088/1132 8074/1088/1132
f 8074/1088/1132 8094/1088/1132 8095/1088/1133 8082/1088/1133
f 8082/1088/1133 8095/1088/1133 8096/1088/1134 8075/1088/1134
f 8075/1088/1134 8096/1088/1134 8097/1088/1135 8076/1088/1135
f 8076/1088/1135 8097/1088/1135 8103/1088/1371 8083/1088/1136
f 8083/1088/1136 8103/1088/1371 8098/1088/1137 8084/1088/1137
f 8084/1088/1137 8098/1088/1137 8099/1088/1138 8077/1088/1138
f 8077/1088/1138 8099/1088/1138 8104/1088/1139 8085/1088/1139
f 8085/1088/1139 8104/1088/1139 8105/1088/1140 8086/1088/1140
f 8086/1088/1140 8105/1088/1140 8106/1088/1141 8087/1088/1141
f 8087/1088/1141 8106/1088/1141 8107/1088/1142 8088/1088/1142
f 8088/1088/1142 8107/1088/1142 8108/1088/1143 8089/1088/1143
f 8089/1088/1143 8108/1088/1143 8109/1088/1144 8078/1088/1144
f 8078/1088/1144 8109/1088/1144 8110/1088/1145 8079/1088/1145
f 8079/1088/1145 8110/1088/1145 8111/1088/1146 8090/1088/1146
f 8090/1088/1146 8111/1088/1146 8100/1088/1147 8091/1088/1147
f 8091/1088/1147 8100/1088/1147 8101/1088/1148 8080/1088/1148
f 8080/1088/1148 8101/1088/1148 8102/1088/1149 8092/1088/1149
f 8092/1088/1149 8102/1088/1149 8093/1088/1131 8081/1088/1131
f 8093/1088/1131 8121/1088/1131 8122/1088/1132 8094/1088/1132
f 8094/1088/1132 8122/1088/1132 8123/1088/1133 8095/1088/1133
f 8095/1088/1133 8123/1088/1133 8124/1088/1134 8096/1088/1134
f 8096/1088/1134 8124/1088/1134 8125/1088/1135 8097/1088/1135
f 8097/1088/1135 8125/1088/1135 8126/1088/1136 8103/1088/1371
f 8103/1088/1371 8126/1088/1136 8127/1088/1137 8098/1088/1137
f 8098/1088/1137 8127/1088/1137 8128/1088/1138 8099/1088/1138
f 8099/1088/1138 8128/1088/1138 8112/1088/1139 8104/1088/1139
f 8104/1088/1139 8112/1088/1139 8113/1088/1140 8105/1088/1140
f 8105/1088/1140 8113/1088/1140 8114/1088/1141 8106/1088/1141
f 8106/1088/1141 8114/1088/1141 8115/1088/1142 8107/1088/1142
f 8107/1088/1142 8115/1088/1142 8116/1088/1143 8108/1088/1143
f 8108/1088/1143 8116/1088/1143 8117/1088/1144 8109/1088/1144
f 8109/1088/1144 8117/1088/1144 8118/1088/1145 8110/1088/1145
f 8110/1088/1145 8118/1088/1145 8119/1088/1146 8111/1088/1146
f 8111/1088/1146 8119/1088/1146 8120/1088/1147 8100/1088/1147
f 8100/1088/1147 8120/1088/1147 8129/1088/1148 8101/1088/1148
f 8101/1088/1148 8129/1088/1148 8130/1088/1149 8102/1088/1149
f 8102/1088/1149 8130/1088/1149 8121/1088/1131 8093/1088/1131
f 8121/1088/1131 8131/1088/1131 8136/1088/1132 8122/1088/1132
f 8122/1088/1132 8136/1088/1132 8137/1088/1133 8123/1088/1133
f 8123/1088/1133 8137/1088/1133 8138/1088/1134 8124/1088/1134
f 8124/1088/1134 8138/1088/1134 8139/1088/1135 8125/1088/1135
f 8125/1088/1135 8139/1088/1135 8140/1088/1136 8126/1088/1136
f 8126/1088/1136 8140/1088/1136 8141/1088/1137 8127/1088/1137
f 8127/1088/1137 8141/1088/1137 8142/1088/1138 8128/1088/1138
f 8128/1088/1138 8142/1088/1138 8143/1088/1139 8112/1088/1139
f 8112/1088/1139 8143/1088/1139 8132/1088/1140 8113/1088/1140
f 8113/1088/1140 8132/1088/1140 8133/1088/1141 8114/1088/1141
f 8114/1088/1141 8133/1088/1141 8144/1088/1142 8115/1088/1142
f 8115/1088/1142 8144/1088/1142 8134/1088/1143 8116/1088/1143
f 8116/1088/1143 8134/1088/1143 8145/1088/1144 8117/1088/1144
f 8117/1088/1144 8145/1088/1144 8146/1088/1145 8118/1088/1145
f 8118/1088/1145 8146/1088/1145 8147/1088/1146 8119/1088/1146
f 8119/1088/1146 8147/1088/1146 8135/1088/1147 8120/1088/1147
f 8120/1088/1147 8135/1088/1147 8148/1088/1148 8129/1088/1148
f 8129/1088/1148 8148/1088/1148 8149/1088/1149 8130/1088/1149
f 8130/1088/1149 8149/1088/1149 8131/1088/1131 8121/1088/1131
f 8131/1088/1131 8155/1088/1131 8156/1088/1132 8136/1088/1132
f 8136/1088/1132 8156/1088/1132 8150/1088/1133 8137/1088/1133
f 8137/1088/1133 8150/1088/1133 8151/1088/1134 8138/1088/1134
f 8138/1088/1134 8151/1088/1134 8157/1088/1135 8139/1088/1135
f 8139/1088/1135 8157/1088/1135 8158/1088/1136 8140/1088/1136
f 8140/1088/1136 8158/1088/1136 8152/1088/1137 8141/1088/1137
f 8141/1088/1137 8152/1088/1137 8153/1088/1138 8142/1088/1138
f 8142/1088/1138 8153/1088/1138 8159/1088/1139 8143/1088/1139
f 8143/1088/1139 8159/1088/1139 8160/1088/1140 8132/1088/1140
f 8132/1088/1140 8160/1088/1140 8161/1088/1141 8133/1088/1141
f 8133/1088/1141 8161/1088/1141 8162/1088/1142 8144/1088/1142
f 8144/1088/1142 8162/1088/1142 8163/1088/1143 8134/1088/1143
f 8134/1088/1143 8163/1088/1143 8164/1088/1144 8145/1088/1144
f 8145/1088/1144 8164/1088/1144 8165/1088/1145 8146/1088/1145
f 8146/1088/1145 8165/1088/1145 8166/1088/1146 8147/1088/1146
f 8147/1088/1146 8166/1088/1146 8167/1088/1147 8135/1088/1147
f 8135/1088/1147 8167/1088/1147 8154/1088/1148 8148/1088/1148
f 8148/1088/1148 8154/1088/1148 8168/1088/1149 8149/1088/1149
f 8149/1088/1149 8168/1088/1149 8155/1088/1131 8131/1088/1131
f 8155/1088/1131 8174/1088/1131 8175/1088/1132 8156/1088/1132
f 8156/1088/1132 8175/1088/1132 8176/1088/1133 8150/1088/1133
f 8150/1088/1133 8176/1088/1133 8177/1088/1134 8151/1088/1134
f 8151/1088/1134 8177/1088/1134 8169/1088/1135 8157/1088/1135
f 8157/1088/1135 8169/1088/1135 8178/1088/1136 8158/1088/1136
f 8158/1088/1136 8178/1088/1136 8179/1088/1137 8152/1088/1137
f 8152/1088/1137 8179/1088/1137 8170/1088/1138 8153/1088/1138
f 8153/1088/1138 8170/1088/1138 8171/1088/1139 8159/1088/1139
f 8159/1088/1139 8171/1088/1139 8180/1088/1140 8160/1088/1140
f 8160/1088/1140 8180/1088/1140 8181/1088/1141 8161/1088/1141
f 8161/1088/1141 8181/1088/1141 8182/1088/1142 8162/1088/1142
f 8162/1088/1142 8182/1088/1142 8183/1088/1143 8163/1088/1143
f 8163/1088/1143 8183/1088/1143 8184/1088/1144 8164/1088/1144
f 8164/1088/1144 8184/1088/1144 8172/1088/1145 8165/1088/1145
f 8165/1088/1145 8172/1088/1145 8185/1088/1146 8166/1088/1146
f 8166/1088/1146 8185/1088/1146 8173/1088/1147 8167/1088/1147
f 8167/1088/1147 8173/1088/1147 8186/1088/1148 8154/1088/1148
f 8154/1088/1148 8186/1088/1148 8187/1088/1149 8168/1088/1149
f 8168/1088/1149 8187/1088/1149 8174/1088/1131 8155/1088/1131
f 8174/1088/1131 8193/1088/1131 8188/1088/1132 8175/1088/1132
f 8175/1088/1132 8188/1088/1132 8194/1088/1133 8176/1088/1133
f 8176/1088/1133 8194/1088/1133 8195/1088/1134 8177/1088/1134
f 8177/1088/1134 8195/1088/1134 8196/1088/1135 8169/1088/1135
f 8169/1088/1135 8196/1088/1135 8189/1088/1136 8178/1088/1136
f 8178/1088/1136 8189/1088/1136 8190/1088/1137 8179/1088/1137
f 8179/1088/1137 8190/1088/1137 8191/1088/1138 8170/1088/1138
f 8170/1088/1138 8191/1088/1138 8197/1088/1139 8171/1088/1139
f 8171/1088/1139 8197/1088/1139 8198/1088/1140 8180/1088/1140
f 8180/1088/1140 8198/1088/1140 8199/1088/1141 8181/1088/1141
f 8181/1088/1141 8199/1088/1141 8200/1088/1142 8182/1088/1142
f 8182/1088/1142 8200/1088/1142 8201/1088/1143 8183/1088/1143
f 8183/1088/1143 8201/1088/1143 8202/1088/1144 8184/1088/1144
f 8184/1088/1144 8202/1088/1144 8203/1088/1145 8172/1088/1145
f 8172/1088/1145 8203/1088/1145 8204/1088/1146 8185/1088/1146
f 8185/1088/1146 8204/1088/1146 8205/1088/1147 8173/1088/1147
f 8173/1088/1147 8205/1088/1147 8192/1088/1148 8186/1088/1148
f 8186/1088/1148 8192/1088/1148 8206/1088/1149 8187/1088/1149
f 8187/1088/1149 8206/1088/1149 8193/1088/1131 8174/1088/1131
f 8193/1088/1131 8207/1088/1131 8211/1088/1132 8188/1088/1132
f 8188/1088/1132 8211/1088/1132 8212/1088/1133 8194/1088/1133
f 8194/1088/1133 8212/1088/1133 8213/1088/1134 8195/1088/1134
f 8195/1088/1134 8213/1088/1134 8214/1088/1135 8196/1088/1135
f 8196/1088/1135 8214/1088/1135 8215/1088/1136 8189/1088/1136
f 8189/1088/1136 8215/1088/1136 8216/1088/1137 8190/1088/1137
f 8190/1088/1137 8216/1088/1137 8217/1088/1138 8191/1088/1138
f 8191/1088/1138 8217/1088/1138 8218/1088/1139 8197/1088/1139
f 8197/1088/1139 8218/1088/1139 8219/1088/1140 8198/1088/1140
f 8198/1088/1140 8219/1088/1140 8220/1088/1141 8199/1088/1141
f 8199/1088/1141 8220/1088/1141 8208/1088/1142 8200/1088/1142
f 8200/1088/1142 8208/1088/1142 8209/1088/1143 8201/1088/1143
f 8201/1088/1143 8209/1088/1143 8221/1088/1144 8202/1088/1144
f 8202/1088/1144 8221/1088/1144 8222/1088/1145 8203/1088/1145
f 8203/1088/1145 8222/1088/1145 8210/1088/1146 8204/1088/1146
f 8204/1088/1146 8210/1088/1146 8223/1088/1147 8205/1088/1147
f 8205/1088/1147 8223/1088/1147 8224/1088/1148 8192/1088/1148
f 8192/1088/1148 8224/1088/1148 8225/1088/1149 8206/1088/1149
f 8206/1088/1149 8225/1088/1149 8207/1088/1131 8193/1088/1131
f 8207/1088/1131 8233/1088/1131 8234/1088/1132 8211/1088/1132
f 8211/1088/1132 8234/1088/1132 8235/1088/1133 8212/1088/1133
f 8212/1088/1133 8235/1088/1133 8236/1088/1134 8213/1088/1134
f 8213/1088/1134 8236/1088/1134 8226/1088/1135 8214/1088/1135
f 8214/1088/1135 8226/1088/1135 8237/1088/1136 8215/1088/1136
f 8215/1088/1136 8237/1088/1136 8238/1088/1137 8216/1088/1137
f 8216/1088/1137 8238/1088/1137 8239/1088/1138 8217/1088/1138
f 8217/1088/1138 8239/1088/1138 8227/1088/1139 8218/1088/1139
f 8218/1088/1139 8227/1088/1139 8228/1088/1140 8219/1088/1140
f 8219/1088/1140 8228/1088/1140 8229/1088/1141 8220/1088/1141
f 8220/1088/1141 8229/1088/1141 8240/1088/1142 8208/1088/1142
f 8208/1088/1142 8240/1088/1142 8241/1088/1143 8209/1088/1143
f 8209/1088/1143 8241/1088/1143 8230/1088/1144 8221/1088/1144
f 8221/1088/1144 8230/1088/1144 8242/1088/1145 8222/1088/1145
f 8222/1088/1145 8242/1088/1145 8231/1088/1146 8210/1088/1146
f 8210/1088/1146 8231/1088/1146 8243/1088/1147 8223/1088/1147
f 8223/1088/1147 8243/1088/1147 8232/1088/1148 8224/1088/1148
f 8224/1088/1148 8232/1088/1148 8244/1088/1149 8225/1088/1149
f 8225/1088/1149 8244/1088/1149 8233/1088/1131 8207/1088/1131
f 8233/1088/1131 8245/1088/1131 8246/1088/1132 8234/1088/1132
f 8234/1088/1132 8246/1088/1132 8247/1088/1133 8235/1088/1133
f 8235/1088/1133 8247/1088/1133 8248/1088/1134 8236/1088/1134
f 8236/1088/1134 8248/1088/1134 8249/1088/1135 8226/1088/1135
f 8226/1088/1135 8249/1088/1135 8250/1088/1136 8237/1088/1136
f 8237/1088/1136 8250/1088/1136 8251/1088/1137 8238/1088/1137
f 8238/1088/1137 8251/1088/1137 8252/1088/1138 8239/1088/1138
f 8239/1088/1138 8252/1088/1138 8253/1088/1139 8227/1088/1139
f 8227/1088/1139 8253/1088/1139 8254/1088/1140 8228/1088/1140
f 8228/1088/1140 8254/1088/1140 8255/1088/1141 8229/1088/1141
f 8229/1088/1141 8255/1088/1141 8256/1088/1142 8240/1088/1142
f 8240/1088/1142 8256/1088/1142 8257/1088/1143 8241/1088/1143
f 8241/1088/1143 8257/1088/1143 8258/1088/1144 8230/1088/1144
f 8230/1088/1144 8258/1088/1144 8259/1088/1145 8242/1088/1145
f 8242/1088/1145 8259/1088/1145 8260/1088/1146 8231/1088/1146
f 8231/1088/1146 8260/1088/1146 8261/1088/1147 8243/1088/1147
f 8243/1088/1147 8261/1088/1147 8262/1088/1148 8232/1088/1148
f 8232/1088/1148 8262/1088/1148 8263/1088/1149 8244/1088/1149
f 8244/1088/1149 8263/1088/1149 8245/1088/1131 8233/1088/1131
